row_id,age,fnlwgt,educational-num,capital-gain,capital-loss,hours-per-week,income
0,25,226802,7,0,0,40,0
4,18,103497,10,0,0,30,0
8,24,369667,10,0,0,40,0
9,55,104996,4,0,0,10,0
11,36,212465,13,0,0,40,0
13,58,299831,9,0,0,35,0
16,20,444554,10,0,0,25,0
17,43,128354,9,0,0,30,0
18,37,60548,9,0,0,20,0
19,40,85019,16,0,0,45,1
20,34,107914,13,0,0,47,1
21,34,238588,10,0,0,35,0
23,25,220931,13,0,0,43,0
25,45,432824,9,7298,0,90,1
26,22,236427,9,0,0,20,0
27,23,134446,9,0,0,54,0
28,54,99516,9,0,0,35,0
31,56,186651,7,0,0,50,0
32,24,188274,13,0,0,50,0
34,26,43311,9,0,0,40,0
35,65,191846,9,0,0,40,0
36,36,403681,13,0,0,40,1
38,17,269430,6,0,0,40,0
39,20,257509,9,0,0,40,0
40,65,136384,14,0,0,50,1
41,44,120277,11,0,0,45,1
42,36,465326,9,0,0,40,0
44,20,138371,10,0,0,32,0
45,28,242832,11,0,0,36,1
47,54,186272,10,3908,0,50,0
50,18,54440,10,0,0,20,0
58,42,170721,9,5178,0,50,1
61,39,118429,10,0,0,40,0
63,33,281384,9,0,0,40,0
65,41,109912,13,0,0,40,0
66,41,445382,12,15024,0,60,1
70,55,323887,10,15024,0,45,1
71,46,175622,11,0,0,40,0
73,21,388946,10,0,0,40,0
75,17,165361,6,0,0,40,0
78,50,312477,9,0,0,40,0
82,24,83141,10,0,1876,40,0
84,31,113752,10,0,0,50,0
86,20,244689,7,0,0,10,0
87,55,160631,9,0,0,56,1
89,41,38434,14,7688,0,10,1
91,49,77443,4,0,0,20,0
92,33,176410,14,5178,0,10,1
94,34,198751,14,0,0,40,0
96,25,235218,13,0,0,40,0
100,51,189762,10,0,0,18,0
103,58,301568,5,0,0,40,0
106,41,201520,9,0,0,40,0
107,28,154236,9,2597,0,40,0
109,18,217439,9,0,0,28,0
110,18,179020,9,0,0,48,0
111,28,149624,10,0,0,40,0
112,29,337266,11,0,0,40,1
115,26,206721,9,0,0,40,0
118,44,180019,9,0,0,40,0
119,43,179866,13,0,0,40,1
122,19,248730,10,0,0,30,0
123,41,110732,10,0,0,40,0
125,69,183791,9,0,0,25,0
126,48,42972,16,0,0,40,1
129,41,239296,14,0,2415,50,1
130,41,428420,10,0,0,40,0
131,24,247846,9,0,0,40,0
134,57,244478,9,0,0,48,0
135,30,142921,12,0,0,40,0
136,36,182863,9,0,0,60,1
140,46,83822,14,0,0,40,0
144,34,159303,14,0,0,30,0
145,47,174995,9,0,0,30,0
147,33,177727,9,0,0,40,1
148,55,124771,13,15024,0,50,1
151,27,221561,7,0,0,32,0
154,40,67874,13,0,1887,45,1
157,22,537222,13,0,0,25,0
159,38,93225,13,0,0,40,0
160,55,43064,7,0,0,30,0
161,32,136921,9,0,0,40,0
164,46,56841,14,0,0,45,1
165,31,156493,10,0,0,40,1
167,42,190910,9,0,0,45,0
168,18,41879,9,0,0,25,0
169,58,137249,9,0,0,33,0
170,54,236157,9,0,1887,40,1
172,26,239877,13,0,0,40,0
173,61,21175,8,0,0,60,0
175,36,236391,10,0,0,45,1
177,40,83411,10,0,0,37,0
182,28,168524,9,0,0,38,1
185,64,201368,10,0,0,8,0
187,23,52753,9,0,0,50,0
189,22,199266,9,0,0,45,0
190,33,196385,13,0,1977,40,1
191,39,163205,13,0,0,50,1
193,79,48574,4,0,0,40,0
195,31,56964,10,0,0,40,0
198,19,355313,9,0,0,40,0
200,51,174861,10,0,0,40,1
201,28,142443,13,0,0,50,0
205,34,34848,13,0,0,54,0
206,45,411273,4,0,0,40,0
207,73,143437,9,0,0,20,0
208,34,357145,13,0,0,50,1
209,31,236861,10,0,0,55,1
210,19,53355,7,0,0,12,0
215,49,37306,9,0,0,40,0
216,33,137814,9,0,0,32,0
219,23,42251,13,0,0,45,0
221,25,77698,9,0,0,40,0
224,63,65479,5,7688,0,40,1
226,46,312088,13,15024,0,38,1
231,38,237943,15,0,0,50,0
232,55,119751,14,0,0,50,0
233,34,236861,9,0,0,40,1
236,52,152373,10,5013,0,40,0
239,31,103435,9,0,0,40,0
241,55,105239,9,0,2057,60,0
243,62,177493,10,0,0,32,0
245,39,110342,9,0,0,50,0
247,28,107189,9,0,0,40,0
248,47,212944,9,0,0,70,1
254,28,193868,13,0,0,50,0
257,39,281768,9,0,0,40,0
259,72,243769,15,0,1429,20,0
260,50,109937,10,0,0,50,0
262,29,100293,10,0,0,40,0
263,26,132179,13,0,0,40,0
264,27,116372,14,0,0,40,0
265,29,255412,10,3103,0,40,1
268,21,65481,10,0,0,30,0
269,31,169085,7,0,0,20,0
271,58,65325,6,0,0,40,1
273,46,149337,14,0,0,38,0
274,53,237868,9,0,0,35,1
276,42,226388,9,0,0,52,0
280,35,413930,9,0,0,40,1
281,32,174201,9,0,0,38,1
282,23,145917,9,0,0,25,0
283,31,241797,10,0,0,40,0
287,46,157857,10,0,0,40,1
290,42,171615,9,0,0,55,1
291,63,214071,6,0,0,40,0
292,26,172421,10,0,0,40,0
295,25,236267,9,0,1590,40,0
296,30,236543,5,0,0,32,1
301,30,169269,7,0,1721,38,0
303,26,98114,9,0,0,40,0
304,20,109667,10,0,0,16,0
306,33,147430,9,0,0,40,0
307,24,224238,13,0,0,40,0
308,42,212894,13,0,0,60,1
312,52,182796,10,0,0,60,0
316,20,318865,10,0,0,40,0
320,22,102258,10,0,0,40,0
322,37,243409,9,0,0,40,0
323,52,55608,2,0,0,40,0
324,26,248057,9,0,0,40,0
325,33,95530,14,0,0,50,0
326,45,54038,14,0,0,42,0
328,43,388725,10,0,0,60,1
329,64,71807,16,15024,0,50,1
331,20,303121,10,0,0,45,0
332,57,78020,9,0,0,40,1
334,34,87218,14,0,1887,50,1
336,44,196234,5,0,0,55,0
337,56,197875,6,0,0,40,0
338,36,48063,9,0,0,80,0
339,48,253596,13,0,0,48,0
340,29,39257,9,0,0,40,1
343,39,252445,14,0,0,45,1
344,66,275918,9,10605,0,40,1
345,27,106562,13,0,0,50,1
346,39,198654,9,99999,0,40,1
348,26,181896,9,0,0,40,0
349,31,106014,11,0,0,40,0
350,45,319993,9,0,0,40,0
352,36,173542,9,0,0,40,0
354,32,224462,9,0,0,84,1
360,37,149898,7,0,0,40,0
361,44,292985,10,0,0,60,0
365,43,209547,15,0,0,25,1
367,45,355978,10,0,0,60,1
370,23,278390,10,0,0,68,0
371,41,203217,4,0,0,40,0
372,24,279175,9,0,0,40,0
373,47,194590,13,0,0,44,0
375,40,187294,9,0,0,40,1
379,23,100345,9,0,0,15,0
382,58,112076,16,0,1485,35,1
386,49,220618,9,0,0,37,0
387,40,210493,7,0,0,40,0
391,31,224234,9,0,0,40,0
394,41,155041,9,3418,0,40,0
395,37,79586,9,0,0,60,0
398,36,116358,14,0,0,45,0
399,45,59287,13,0,0,40,0
403,27,500068,9,0,0,36,0
404,43,51494,9,0,0,65,0
405,35,179481,9,0,0,55,0
406,38,365907,13,0,0,40,0
409,38,272476,13,0,0,24,1
410,36,175130,7,0,0,40,0
411,33,118941,9,0,0,40,1
418,54,159219,15,99999,0,40,1
421,33,150309,9,0,0,40,0
422,25,122999,10,0,0,40,0
424,26,210982,11,114,0,40,0
425,39,177140,9,0,0,40,1
428,47,104301,7,0,0,45,0
430,64,115931,9,0,0,50,0
431,21,147280,9,0,0,20,0
433,26,599057,9,0,0,37,0
435,62,71467,14,0,0,40,0
436,32,183977,13,0,0,55,1
438,45,196858,9,0,0,60,0
439,31,160594,13,0,1887,50,1
441,24,102258,13,0,0,40,0
443,41,233150,9,0,0,60,0
444,18,42857,10,0,0,20,0
446,40,169262,10,3411,0,50,0
451,65,178878,9,0,0,48,0
452,43,157237,14,0,0,40,1
453,45,155664,9,0,0,44,0
456,19,223326,10,0,1721,35,0
457,37,20308,13,0,0,65,1
465,32,479179,7,0,0,40,0
467,50,44728,9,0,0,40,0
468,32,33117,11,0,0,40,0
469,19,264876,9,0,0,40,0
475,73,151255,10,0,0,75,0
477,25,238673,10,0,0,40,0
478,31,137991,10,0,0,20,0
480,39,85783,13,0,0,28,0
483,46,176026,13,27828,0,50,1
485,41,311101,9,0,0,40,0
486,20,273989,9,0,0,40,0
488,24,194630,13,0,0,35,0
492,33,175856,7,0,0,60,0
493,33,75435,9,0,0,40,0
496,19,124464,10,0,0,40,0
497,35,98776,9,0,0,60,0
502,36,237713,10,0,0,40,0
508,20,163205,11,0,0,36,0
509,35,455379,9,0,0,65,1
516,20,38455,9,0,0,40,0
517,31,213339,9,0,0,40,0
519,64,107732,2,0,0,45,0
520,32,312403,13,0,0,40,0
521,30,176992,9,0,0,50,1
523,22,143062,10,0,0,12,0
527,41,240900,7,0,0,40,0
532,60,209844,10,0,0,40,0
534,27,214974,9,0,0,60,0
535,30,113453,14,0,0,30,0
537,44,98779,10,5178,0,40,1
540,55,353881,4,0,0,50,0
541,35,251396,13,0,0,50,1
545,38,203717,13,0,0,60,0
549,37,191342,9,0,0,60,1
551,26,113587,6,0,0,35,0
555,32,33945,13,0,0,40,1
558,54,53833,13,0,0,50,0
559,21,151158,10,0,0,25,0
561,32,242323,10,0,0,40,0
564,26,341672,10,0,0,60,0
565,35,116369,9,0,0,40,0
567,25,121285,13,0,0,40,0
569,32,182274,9,0,0,37,0
572,53,317313,9,0,0,48,0
574,55,139834,13,0,0,40,1
575,29,118478,10,7298,0,50,1
577,44,201734,9,0,0,45,0
579,26,141876,11,3103,0,45,1
582,23,152328,13,13550,0,50,1
585,21,448026,10,2907,0,30,0
586,36,300333,7,0,0,40,0
588,23,202084,9,0,0,40,0
589,26,29515,9,0,0,40,0
590,32,247328,3,0,0,40,0
592,50,105788,9,6497,0,35,0
593,18,352640,10,0,0,20,0
594,49,132576,13,0,0,50,1
596,38,93140,9,0,0,28,0
600,54,174806,9,0,0,40,1
601,37,32207,9,0,0,40,0
602,31,43607,13,0,0,60,0
604,43,180318,7,0,0,40,0
605,21,311376,10,0,0,40,0
606,30,101562,9,0,0,40,0
609,33,217304,13,0,0,40,0
610,37,410034,9,0,0,56,0
611,29,293073,15,7298,0,48,1
616,18,366154,9,0,0,30,0
617,52,163051,8,0,1628,40,0
619,45,323798,13,7298,0,53,1
621,21,200318,12,0,0,35,0
623,39,130007,10,0,0,40,0
625,43,203554,13,0,1902,50,1
626,64,192715,13,0,1672,10,0
633,24,206827,10,0,0,30,0
638,54,201127,14,0,0,42,1
641,30,126402,7,0,0,40,0
644,32,394708,9,0,0,40,0
645,22,119474,9,1055,0,25,0
649,26,197897,9,0,0,20,0
655,18,90860,10,0,0,20,0
657,22,228686,10,0,1602,25,0
660,45,54038,10,0,1902,20,1
661,63,281025,5,0,0,32,0
663,24,131220,9,0,0,40,0
664,65,190454,7,0,0,29,0
666,47,265097,9,0,0,40,0
668,27,169557,9,6849,0,40,0
670,19,181652,10,0,0,24,0
674,28,226089,6,0,0,40,0
675,17,190941,6,0,0,20,0
676,21,160261,10,2463,0,50,0
678,49,112761,9,0,0,40,0
682,40,231348,9,0,0,40,0
685,38,318912,11,0,0,52,0
686,58,237546,10,0,0,70,1
687,20,346341,10,0,0,40,0
690,24,321435,13,0,0,35,1
692,41,191547,14,99999,0,55,1
693,37,171482,10,0,0,30,0
694,56,225927,5,2580,0,40,0
696,29,168526,9,0,0,25,0
702,43,125831,13,99999,0,60,1
703,20,239805,10,0,0,16,0
710,24,83774,9,2885,0,45,0
713,44,211517,8,0,0,40,0
716,33,54318,9,0,0,40,1
718,56,174564,14,0,0,60,1
721,35,186819,13,0,0,48,0
722,47,60087,10,0,0,60,0
732,38,116975,10,0,1887,50,1
733,32,205950,9,0,0,40,0
734,20,190968,4,0,0,20,0
737,51,85382,9,0,0,55,1
738,41,129793,9,0,0,30,0
739,37,270181,12,0,0,50,0
740,23,243723,9,0,0,40,0
741,40,168113,9,0,0,40,0
745,40,111336,9,0,0,28,0
751,52,266138,11,0,0,35,0
752,23,32732,10,0,0,50,0
754,25,77661,13,0,2444,40,1
755,44,60087,9,0,0,45,1
756,31,197550,9,0,0,33,0
761,48,224752,9,0,0,40,1
762,36,102568,13,0,0,40,1
765,17,143331,7,0,0,40,0
766,19,192162,9,0,0,40,0
767,26,201635,9,0,0,40,0
768,20,55263,10,0,0,40,0
769,56,133728,10,0,0,35,1
770,45,347025,4,0,0,21,0
773,30,127875,7,0,0,8,0
774,42,167534,9,5013,0,35,0
776,37,265144,13,0,0,50,1
779,64,86837,1,0,0,40,0
782,37,169469,10,0,0,40,0
784,49,139571,9,4064,0,40,0
785,36,111545,13,0,1902,40,1
792,57,111385,6,0,0,40,0
793,23,145744,9,0,0,40,0
796,41,34895,13,0,0,43,0
797,44,166740,11,0,0,45,0
798,25,143062,13,2463,0,30,0
800,24,109456,13,0,0,25,0
802,27,157449,9,0,0,50,1
804,36,191754,9,0,0,40,0
805,40,320071,10,0,1408,48,0
806,24,164574,9,0,0,40,0
808,44,165745,9,0,0,38,0
810,46,199378,15,0,0,90,0
812,21,152200,10,0,0,40,0
813,61,198231,9,0,0,40,1
816,27,108926,10,0,0,5,0
820,27,194515,12,0,0,37,0
821,32,28984,10,0,2001,25,0
822,47,125892,9,0,0,40,0
823,22,37932,12,0,0,35,0
824,56,249751,9,0,0,40,0
825,20,191948,9,0,0,40,0
826,30,97306,10,0,0,40,0
827,22,176178,10,0,0,25,0
828,28,142764,11,7688,0,45,1
829,50,148431,14,0,0,55,1
830,66,148380,9,1424,0,10,0
836,26,186463,10,0,0,40,0
837,37,50380,7,0,0,40,0
839,52,192445,7,0,0,40,0
840,70,142851,5,0,0,18,0
843,37,98644,13,0,0,16,1
844,37,173963,7,0,0,40,0
849,20,123007,9,0,2001,30,0
850,26,264012,13,0,0,40,0
853,48,138069,3,0,2042,50,0
854,22,33551,10,0,0,40,0
855,37,89083,12,0,0,35,0
859,37,115429,9,0,0,25,0
860,46,96652,11,0,0,40,0
862,41,54422,9,0,0,40,0
865,27,102142,12,0,0,40,0
868,35,207973,16,0,0,55,0
870,73,252431,10,0,0,1,0
871,36,251730,10,0,0,50,0
875,37,106043,9,0,0,40,1
879,45,276157,13,0,0,40,1
880,33,207668,13,0,0,40,0
881,31,142921,13,0,0,40,0
882,44,217039,15,99999,0,60,1
883,19,259169,10,0,0,30,0
884,54,409173,9,0,0,50,1
887,36,151764,10,5178,0,40,1
891,45,370261,13,0,0,40,0
892,70,573446,9,1455,0,40,0
893,27,189775,8,0,0,44,0
894,36,312206,9,0,0,60,1
895,23,86939,9,0,0,40,0
896,25,221757,13,0,0,50,0
897,45,213140,10,7688,0,45,1
900,50,69345,9,0,1902,44,1
906,50,145714,9,0,0,60,1
907,45,285570,9,0,0,80,0
908,54,399705,10,0,0,55,1
910,38,172918,9,0,0,40,0
912,43,307767,9,0,0,40,0
913,19,208630,9,0,0,30,0
920,45,167159,13,0,0,40,0
922,38,105161,13,0,0,30,0
923,34,263908,10,0,0,50,0
926,79,27457,14,0,0,23,0
927,35,240988,12,0,0,55,0
929,73,214498,4,0,0,12,0
933,19,165416,10,0,0,40,0
934,54,226497,9,0,0,40,0
935,53,99516,13,0,0,40,0
940,38,217926,9,0,0,40,0
942,24,126822,9,0,0,45,0
947,20,115085,10,0,0,40,0
955,21,67244,9,0,0,40,0
956,59,75785,7,0,0,40,0
959,59,109567,9,0,0,55,0
960,21,132053,10,0,0,35,0
964,49,186256,15,0,0,40,1
965,19,260265,9,0,0,50,0
966,50,131819,9,0,0,40,0
969,66,22502,4,0,0,40,0
972,40,173651,10,0,0,45,0
973,38,191137,6,0,0,40,0
978,44,110028,9,27828,0,60,1
979,53,174102,15,25236,0,60,1
980,66,183249,13,0,0,20,1
981,18,240183,9,0,0,45,0
983,38,210438,9,0,0,40,1
985,36,295706,9,3674,0,42,0
986,38,273457,10,0,0,40,1
988,26,142152,7,0,0,35,0
989,23,189203,10,0,0,25,0
991,44,53956,13,3137,0,40,0
992,59,77816,15,99999,0,40,1
993,36,74593,10,0,0,40,0
994,42,196158,10,8614,0,52,1
995,17,28544,7,0,0,20,0
997,22,152328,10,0,0,40,0
999,36,180278,13,0,0,40,0
1000,19,426589,9,0,0,15,0
1004,48,226696,9,0,0,40,0
1006,33,172237,12,0,0,46,0
1008,41,171589,14,0,0,50,1
1011,52,134190,6,0,0,40,0
1012,45,181964,10,0,1887,47,1
1014,48,242406,9,0,0,40,0
1016,29,127892,13,0,0,45,0
1022,41,280005,10,0,0,50,0
1026,37,159383,9,0,0,40,0
1027,28,192010,13,0,0,35,0
1031,25,203561,11,0,0,56,1
1032,63,170815,10,0,0,38,0
1033,65,200565,10,0,0,18,0
1035,32,234195,9,0,0,40,0
1036,40,98466,9,0,0,40,1
1039,24,134181,14,0,0,40,0
1043,25,257006,7,0,0,40,0
1046,62,171995,6,2829,0,40,0
1049,32,189838,10,0,0,40,0
1050,25,629900,13,0,0,40,1
1053,40,103614,6,0,0,40,0
1054,38,303092,9,0,0,40,0
1056,21,220857,10,0,0,20,0
1060,42,13769,11,0,0,40,0
1061,23,283969,6,0,0,40,0
1062,18,185522,9,0,0,33,0
1063,65,173309,4,401,0,12,0
1068,55,243929,14,0,0,60,0
1069,63,201700,13,7298,0,40,1
1070,53,208402,10,4865,0,45,0
1073,62,499971,7,0,0,40,0
1074,56,227972,14,15024,0,48,1
1075,58,299680,14,15024,0,43,1
1076,33,231822,6,0,0,38,0
1078,44,90582,13,0,0,50,1
1079,81,184615,4,1264,0,40,0
1082,43,315037,13,0,0,45,1
1083,51,175122,9,0,0,40,0
1086,45,61885,13,15024,0,48,1
1091,38,34378,4,0,0,40,0
1095,30,296538,5,0,0,30,0
1096,35,391937,10,0,0,40,0
1097,54,175339,13,0,2415,40,1
1098,26,60726,14,6849,0,50,0
1099,39,191103,9,0,0,54,0
1103,17,310885,4,0,0,36,0
1108,52,88073,13,0,0,50,0
1111,39,107164,9,0,0,40,1
1114,61,131117,9,0,0,40,0
1116,20,403965,10,0,0,35,0
1117,33,177083,13,0,0,40,0
1120,26,102400,9,0,0,40,0
1121,31,378426,15,0,0,99,0
1122,42,210857,13,7688,0,50,1
1123,63,165775,9,0,0,21,0
1125,34,238944,6,0,0,40,1
1127,67,106175,13,0,0,20,1
1129,28,134771,13,0,0,55,0
1130,51,295538,10,0,0,40,0
1132,27,82393,9,0,0,40,1
1133,49,146121,3,0,0,20,0
1134,34,162544,4,0,0,30,0
1139,39,319962,9,0,0,40,0
1140,50,115284,14,0,0,40,1
1143,44,204361,14,0,0,40,0
1144,58,218312,9,0,0,40,0
1146,23,127876,10,0,0,35,0
1148,46,292549,10,0,0,45,0
1149,21,203178,9,0,0,35,0
1152,27,95465,10,0,0,55,0
1161,38,258339,11,0,0,70,0
1163,27,301302,16,0,0,20,0
1164,50,369367,9,0,0,40,0
1168,46,153536,8,0,0,40,0
1169,65,91262,9,0,0,48,1
1173,51,194995,9,0,0,50,0
1174,74,168782,4,0,0,35,0
1175,32,287229,9,0,0,35,0
1177,58,230586,6,0,0,40,0
1178,47,115358,9,0,0,40,0
1180,64,168854,10,0,0,25,0
1181,44,222011,14,0,0,25,1
1183,34,203814,9,0,0,35,0
1185,33,292603,10,0,0,30,0
1186,44,172364,2,3908,0,60,0
1188,30,157990,9,0,0,40,0
1191,24,174845,9,0,0,40,0
1192,23,180475,10,0,0,40,0
1193,51,152652,7,0,0,40,0
1194,24,172941,13,0,0,20,0
1195,39,450770,9,0,0,40,0
1197,22,204935,9,0,0,40,0
1204,35,225172,9,0,0,60,1
1209,21,172047,10,0,0,20,0
1211,37,347491,12,0,0,40,1
1212,45,208049,12,0,1590,40,0
1217,28,150025,9,0,0,40,0
1218,50,176215,9,7688,0,56,1
1219,38,166062,9,0,0,50,0
1220,34,28568,9,0,0,40,0
1221,53,53833,10,0,0,32,1
1223,50,309017,10,0,0,45,0
1227,43,185413,13,0,1977,50,1
1231,35,51700,9,0,0,40,0
1232,25,199224,10,0,0,30,0
1234,38,183683,6,0,0,45,0
1235,64,45868,4,0,0,35,0
1245,71,172652,13,0,0,30,0
1246,29,204796,6,0,0,40,0
1247,23,186634,13,0,0,16,0
1248,28,106672,13,0,0,2,0
1253,35,252217,8,0,0,40,0
1254,42,202466,13,0,0,45,1
1256,30,226296,14,0,0,40,0
1265,27,72443,9,0,0,40,0
1267,50,143353,9,0,0,12,0
1268,63,172433,10,0,1887,40,1
1270,38,415578,6,0,0,40,1
1273,44,193882,15,0,0,50,1
1276,42,83953,10,0,0,70,0
1279,37,420040,2,0,0,40,0
1286,36,166193,9,0,0,30,0
1287,22,240229,9,0,0,40,0
1293,30,242739,13,0,0,40,0
1294,52,279344,14,15024,0,60,1
1297,33,31740,9,0,0,40,0
1299,54,195015,9,0,0,40,0
1300,41,187431,9,0,0,40,0
1301,45,259087,14,0,0,45,0
1304,29,245402,13,0,0,40,0
1306,18,36779,7,0,0,20,0
1307,62,177028,9,0,0,40,0
1308,19,106306,10,0,0,20,0
1311,34,377850,10,0,0,50,0
1312,62,207443,7,0,0,50,0
1314,37,112497,13,4934,0,50,1
1316,21,114292,7,0,0,40,0
1319,37,52870,13,0,0,40,0
1320,40,174947,9,0,0,45,1
1324,53,117932,9,0,0,40,0
1325,64,135527,11,0,0,40,0
1328,45,28171,14,0,0,40,0
1329,33,150324,11,0,0,40,0
1330,29,109494,13,5178,0,45,1
1332,19,328167,9,0,0,35,0
1333,26,157617,13,0,0,40,0
1334,63,180955,3,0,0,25,0
1336,38,245090,13,0,0,50,1
1338,20,228649,10,0,0,30,0
1339,35,190297,4,0,0,40,0
1340,38,44780,13,0,0,8,1
1341,52,32372,10,0,0,40,0
1342,32,137184,10,0,0,40,0
1343,67,366425,16,99999,0,60,1
1347,25,173212,13,0,0,40,0
1353,34,97614,9,0,0,40,0
1355,37,486194,10,0,0,50,0
1358,39,52401,14,0,0,50,0
1359,41,195821,16,0,1902,40,1
1361,29,187981,10,0,0,40,0
1365,18,52098,7,0,0,30,0
1372,26,391074,6,0,0,40,0
1373,78,135692,10,0,0,40,0
1375,51,117700,10,0,0,40,0
1376,33,83413,10,0,0,50,1
1380,28,632733,14,0,0,60,1
1382,30,41210,11,0,0,45,0
1384,46,135339,11,0,0,40,1
1389,69,264722,12,0,0,40,1
1391,47,216586,7,0,0,40,0
1392,33,504725,7,3464,0,40,0
1395,65,101427,13,2653,0,30,0
1398,82,220667,4,0,0,40,0
1399,36,188800,9,0,0,40,1
1405,66,73522,10,0,0,40,0
1406,37,222450,3,0,0,40,0
1408,41,239061,14,0,0,20,0
1409,43,122473,14,0,1977,50,1
1413,45,72896,11,0,0,40,1
1415,43,221550,13,0,0,35,0
1417,34,370209,9,0,0,40,0
1418,55,298449,16,0,2179,60,0
1423,23,64520,6,0,0,40,0
1425,45,117310,9,0,0,50,1
1429,40,234397,13,0,0,40,1
1430,28,132686,14,0,0,40,0
1431,33,196963,10,0,0,60,0
1436,61,142245,9,0,0,40,0
1437,42,178074,14,0,1902,40,1
1443,30,134639,13,8614,0,45,1
1446,32,227282,10,0,0,50,0
1457,40,194924,10,0,0,60,0
1458,39,73471,9,0,1573,45,0
1459,51,250423,14,0,0,55,1
1463,74,68326,11,0,0,40,0
1464,36,382859,12,0,0,43,1
1465,23,211968,10,0,0,23,0
1466,48,132368,3,0,0,40,0
1471,48,26502,9,0,0,40,0
1472,47,204698,14,0,0,40,0
1473,55,118057,9,0,0,51,0
1474,22,199266,10,0,0,17,0
1477,42,188738,13,7688,0,40,1
1479,67,197816,9,0,0,24,0
1480,27,60726,13,0,0,45,0
1481,59,211678,14,0,0,15,0
1482,66,304957,9,0,0,25,0
1486,39,560313,14,0,0,45,1
1491,24,320615,9,0,2205,40,0
1492,48,164954,9,0,0,42,0
1496,32,113838,13,0,0,40,1
1497,49,28171,14,15024,0,78,1
1502,25,188767,12,0,0,45,0
1506,47,127678,10,0,0,48,1
1507,53,110747,9,0,0,40,0
1509,32,128829,9,0,0,40,0
1514,36,166549,9,0,0,40,0
1516,44,651702,9,0,0,72,0
1522,19,91278,10,0,0,25,0
1524,19,291692,10,0,0,28,0
1527,18,178310,10,0,0,20,0
1529,22,535852,6,0,0,40,0
1533,40,222504,11,0,0,36,0
1535,20,121389,10,0,0,32,0
1536,41,228847,10,0,0,40,1
1537,27,118598,9,0,0,35,0
1539,38,452353,10,0,0,40,0
1540,40,285000,13,0,0,40,0
1542,28,132675,11,0,0,40,0
1543,35,175232,10,0,0,40,0
1544,18,257421,8,0,0,40,0
1545,29,196227,13,0,0,40,0
1548,19,196857,7,594,0,15,0
1550,22,212803,9,0,0,40,0
1551,70,118902,13,0,0,40,0
1554,23,47218,10,0,0,40,0
1555,46,73541,9,0,0,40,0
1557,36,207824,13,7298,0,40,1
1561,60,129193,10,0,0,40,0
1565,37,269323,13,0,0,55,1
1567,48,71376,14,0,0,40,0
1568,22,268707,7,0,0,42,0
1570,32,158438,9,0,0,40,0
1572,22,121076,13,0,0,40,0
1573,34,97933,5,0,0,38,0
1574,25,177423,9,4416,0,45,0
1575,39,185520,10,0,0,40,0
1578,48,328581,7,0,0,40,0
1580,36,148903,10,0,0,60,0
1583,21,238899,13,0,0,30,0
1586,26,192944,13,0,0,40,0
1590,58,206814,13,7688,0,50,1
1593,54,120781,16,0,0,20,0
1597,20,162282,10,0,0,60,0
1600,33,208855,15,0,0,60,1
1601,30,381030,10,0,0,40,0
1609,34,398874,13,0,0,42,0
1614,49,149337,9,0,0,40,0
1615,64,146674,9,0,0,40,1
1616,65,173483,13,0,0,35,0
1617,19,223669,7,0,0,20,0
1620,55,150917,10,0,1977,45,1
1621,61,39128,9,0,0,35,0
1622,47,103540,13,0,0,50,1
1623,64,110212,9,0,0,40,0
1624,37,222450,9,0,2339,40,0
1626,40,253717,7,0,0,16,0
1627,25,306908,9,0,0,40,0
1630,21,174063,11,0,0,20,0
1633,21,154235,10,0,0,35,0
1634,32,210448,10,0,0,40,0
1635,32,337908,10,0,0,30,0
1636,26,205333,13,0,0,10,0
1639,29,149988,10,0,0,40,0
1641,23,194096,10,0,0,30,0
1645,34,303129,9,0,0,40,0
1648,36,20469,9,0,0,40,0
1655,30,156015,10,0,0,45,1
1656,35,308945,10,0,0,50,1
1657,60,119575,9,0,0,50,0
1660,19,50941,10,0,0,15,0
1662,18,56613,10,0,0,20,0
1663,44,162372,5,0,0,45,0
1665,36,157278,10,0,0,40,0
1668,19,130431,3,0,0,36,0
1669,40,23037,10,0,0,84,0
1673,47,382532,10,0,1887,40,1
1675,49,139268,10,0,0,70,1
1676,37,200352,13,0,0,50,1
1677,67,267915,9,0,0,40,0
1679,39,153047,9,0,0,50,1
1680,29,154236,9,4386,0,58,1
1681,22,261881,7,0,0,15,0
1683,33,100580,10,0,0,10,0
1685,37,272471,10,0,0,40,0
1687,41,112656,9,0,0,40,0
1690,24,314440,9,0,0,40,0
1692,33,301251,9,0,0,60,1
1695,67,169435,5,0,0,40,0
1701,47,245724,13,0,0,40,0
1702,45,194134,11,0,0,40,0
1703,23,140764,13,0,1590,40,0
1704,41,189941,13,0,0,40,0
1706,57,237546,14,0,0,60,1
1711,46,183610,14,0,0,40,0
1716,55,377113,13,15024,0,60,1
1717,24,176389,13,0,0,40,0
1718,65,71075,10,0,0,20,0
1720,42,392167,13,0,0,40,1
1723,24,345420,4,0,0,50,0
1725,28,236834,5,0,0,35,0
1727,25,330850,9,0,0,70,0
1733,18,142043,7,0,0,15,0
1734,58,105239,9,0,0,40,0
1736,66,219220,9,2653,0,40,0
1738,29,175639,10,0,0,28,0
1742,27,62082,13,0,0,38,0
1744,29,74784,9,0,0,70,0
1755,38,161141,10,0,0,55,0
1762,55,169276,9,0,0,40,0
1763,38,364803,10,0,0,65,0
1764,45,302677,10,0,1340,50,0
1766,21,91189,10,0,0,60,0
1769,48,241854,14,0,0,55,1
1770,41,213351,9,0,0,40,0
1772,56,128696,7,0,0,40,0
1775,45,176947,4,0,0,20,0
1782,41,175883,9,0,0,60,0
1783,48,154430,13,0,0,35,0
1784,71,258126,5,0,0,39,0
1785,26,337575,13,0,0,40,1
1786,47,308241,9,0,0,40,0
1787,21,162165,10,0,0,43,0
1789,65,270935,9,0,0,55,0
1791,19,341631,9,0,0,25,0
1793,32,366876,9,0,0,40,0
1794,36,183279,9,0,0,38,0
1795,41,29606,10,0,0,40,1
1796,24,137300,9,0,0,20,0
1798,48,188610,12,0,0,48,1
1799,20,41356,10,0,0,25,0
1800,51,145409,10,0,0,50,1
1804,49,140782,13,0,2415,3,1
1811,34,121640,10,0,0,44,0
1816,48,158685,9,0,0,16,0
1821,29,160510,13,0,0,50,1
1822,58,223214,9,0,0,40,1
1823,40,79488,9,0,0,40,0
1827,32,80145,9,0,0,40,0
1833,56,338242,11,0,0,40,0
1834,83,29702,4,0,0,20,0
1836,30,215182,13,0,0,40,0
1837,41,133456,12,0,0,50,0
1838,32,79586,13,0,0,40,1
1840,35,123809,13,15024,0,35,1
1843,42,303725,9,0,0,40,0
1844,35,194404,13,0,0,40,1
1845,20,224229,10,0,0,35,0
1850,28,165218,13,0,0,55,0
1851,20,34506,10,0,0,20,0
1852,30,79190,13,0,0,40,0
1853,48,79001,12,0,0,40,0
1854,22,137876,10,0,0,20,0
1858,67,272587,4,1086,0,15,0
1861,29,185386,3,0,0,42,0
1864,30,100734,13,0,0,40,0
1866,23,172232,10,0,0,40,0
1871,25,167835,11,0,0,35,0
1872,22,266780,9,0,0,24,0
1874,44,40024,13,0,0,52,1
1879,43,412379,10,0,0,28,0
1880,23,121568,10,0,1504,40,0
1887,35,266645,9,0,0,40,0
1888,39,154897,9,0,0,50,0
1889,44,112507,10,0,0,40,0
1890,45,110884,13,0,0,45,1
1893,22,185357,10,0,0,50,0
1894,47,139701,3,0,0,40,0
1895,36,50707,13,0,0,40,0
1903,20,228686,10,0,0,30,0
1907,47,172155,10,0,0,37,1
1911,51,179479,9,3325,0,40,0
1912,32,193565,9,0,0,40,0
1913,20,314539,9,0,0,40,0
1915,41,375526,13,0,0,40,1
1918,56,331569,9,0,0,36,0
1920,59,147098,9,0,0,40,1
1921,31,137076,13,0,0,40,0
1922,20,223811,9,0,0,23,0
1923,69,172354,11,1848,0,50,0
1925,58,277203,9,0,0,38,0
1927,60,95680,9,0,0,45,1
1932,55,134042,14,0,0,40,1
1933,29,253003,10,0,2258,45,1
1935,37,117528,9,0,0,40,0
1939,18,90636,10,594,0,40,0
1943,44,231793,9,0,0,52,0
1944,20,228326,10,0,0,60,0
1945,36,125933,10,5178,0,50,1
1946,29,211032,12,0,0,72,1
1949,53,158993,6,0,0,40,0
1951,42,201343,9,2885,0,40,0
1955,27,119851,10,0,0,40,0
1964,26,122920,9,0,0,56,0
1966,21,227220,9,0,0,33,0
1967,43,344519,16,0,0,40,1
1970,62,194276,14,7688,0,40,1
1973,43,405601,10,0,0,60,0
1975,47,202606,12,0,0,40,0
1976,58,220896,9,0,0,40,1
1979,51,99064,14,0,0,35,0
1980,53,203967,15,0,1887,40,1
1982,68,110931,9,0,0,32,0
1989,27,247102,6,0,0,40,0
1992,27,213921,10,0,0,30,0
1993,30,94235,7,0,0,40,0
1995,35,237943,13,0,0,40,0
1998,42,172307,10,0,0,45,0
2002,65,146159,4,0,1668,31,0
2007,24,112137,13,0,0,50,0
2008,39,188069,14,15024,0,50,1
2009,52,102828,13,0,0,40,1
2012,28,146949,6,0,0,80,0
2013,41,150011,13,0,0,40,0
2015,43,207392,10,3103,0,70,1
2019,21,185279,9,0,0,20,0
2020,60,194980,9,0,0,20,0
2022,32,38158,11,7298,0,70,1
2024,51,143822,9,0,0,40,0
2025,48,300851,7,0,0,56,0
2034,74,282553,4,0,0,40,0
2039,25,274228,9,0,0,65,0
2040,33,156383,13,0,0,40,0
2043,33,94041,13,0,1974,30,0
2050,55,335276,10,0,0,40,0
2051,37,284616,10,0,0,48,0
2053,25,60358,9,0,0,45,0
2055,20,369907,10,0,0,20,0
2056,26,171636,13,0,0,72,0
2061,25,171472,11,0,0,42,0
2063,38,212252,15,0,0,50,1
2064,69,119907,14,0,0,40,0
2070,40,199668,9,0,0,25,0
2073,60,170278,3,0,0,40,0
2074,28,90787,9,0,0,40,0
2079,36,326352,14,0,0,45,0
2084,29,42881,13,0,0,40,1
2086,19,37688,9,0,0,25,0
2087,39,189922,9,0,0,60,1
2089,41,341638,12,0,0,92,0
2090,50,114758,9,0,0,40,1
2091,54,288557,9,0,0,46,0
2092,18,191817,7,0,0,20,0
2093,18,222851,7,0,0,10,0
2094,54,93605,9,0,0,40,0
2097,22,384787,5,0,0,40,0
2100,37,490871,7,0,0,25,0
2101,31,173473,14,0,0,45,1
2102,31,24504,9,0,0,50,0
2105,65,56924,9,0,0,10,0
2106,33,207723,14,0,0,40,0
2107,32,327902,9,0,0,40,0
2108,36,197860,9,0,0,40,0
2112,60,73069,10,0,0,38,0
2114,36,196123,14,0,0,43,1
2115,20,24008,10,0,0,40,0
2116,39,67433,9,0,0,40,0
2118,29,292120,9,0,0,30,0
2119,52,198362,13,0,0,25,0
2123,40,232820,11,0,0,40,0
2126,69,104827,9,0,0,8,0
2127,28,197222,10,0,0,38,0
2132,39,76417,9,0,0,40,0
2133,39,190964,9,3137,0,42,0
2134,57,239486,10,7688,0,45,1
2137,44,60722,9,0,0,40,0
2138,28,257405,3,0,0,40,0
2139,61,32209,5,0,2051,40,0
2140,45,431245,10,0,0,40,0
2142,57,220986,9,0,0,40,1
2143,40,87771,9,0,0,40,0
2148,46,169711,10,0,0,40,1
2151,53,177063,10,0,0,40,1
2153,35,129573,13,15024,0,45,1
2155,38,247506,9,0,0,40,0
2159,51,88020,13,0,0,40,0
2161,33,102270,9,0,0,30,0
2163,23,205690,11,0,0,40,0
2164,35,37314,11,0,0,40,0
2166,43,451019,13,0,0,35,0
2167,49,125892,15,0,0,40,1
2169,49,207540,13,0,0,40,1
2170,38,110167,14,0,0,40,0
2172,39,210610,15,0,0,31,1
2174,17,138507,6,0,0,12,0
2175,26,345157,9,0,0,40,0
2178,34,54608,10,0,0,40,0
2179,35,433602,9,0,0,38,0
2180,36,350103,9,0,0,40,0
2181,39,166193,9,0,0,40,1
2182,41,56236,9,1506,0,40,0
2184,36,26698,9,0,0,50,0
2185,43,75993,9,0,0,35,0
2186,39,312271,10,0,0,50,1
2187,35,70282,9,0,0,40,0
2189,45,192360,14,0,1902,50,1
2190,33,373432,10,0,0,60,0
2193,30,48520,9,0,0,80,0
2194,47,237525,9,0,0,40,0
2195,45,202746,13,0,0,40,0
2199,27,239130,9,0,2444,40,1
2200,42,233366,3,3103,0,40,1
2201,36,137492,9,0,0,40,0
2204,33,238246,9,0,0,40,0
2205,23,215616,9,0,0,45,0
2206,40,148316,9,0,0,40,0
2209,23,33016,9,0,0,40,0
2210,30,267281,13,0,0,50,0
2213,28,110145,5,0,0,40,0
2214,42,162884,9,0,0,60,0
2215,43,145166,10,0,0,84,0
2218,49,196360,10,0,0,46,1
2220,36,398931,13,0,1902,40,1
2222,61,103575,15,99999,0,40,1
2223,25,222800,10,0,0,40,0
2225,36,321274,10,0,0,40,1
2229,45,123219,3,0,0,40,0
2232,39,27408,9,7298,0,50,1
2233,33,110592,13,0,0,50,1
2234,28,175409,10,0,0,40,0
2237,26,106491,10,0,0,40,0
2240,45,196707,14,0,0,50,1
2241,22,216129,10,0,0,40,0
2242,52,100480,9,0,0,44,0
2244,38,297767,14,0,0,40,0
2246,52,251908,14,0,2547,40,1
2248,21,48121,10,0,0,40,0
2250,17,408012,8,0,0,15,0
2252,30,181212,10,0,0,40,0
2255,45,69596,6,0,0,40,0
2259,24,211968,13,0,0,40,0
2261,21,188923,9,0,0,25,0
2264,37,119929,9,0,0,47,0
2265,24,130442,11,0,0,30,0
2267,61,328881,13,0,1902,40,1
2270,28,205903,12,0,0,45,1
2271,24,197496,13,0,0,20,0
2272,29,226941,10,0,0,55,0
2274,38,187870,13,0,0,40,1
2277,24,166827,9,0,0,30,0
2278,35,207819,13,15024,0,50,1
2279,31,37939,10,0,0,43,0
2281,35,29075,7,0,0,6,0
2287,36,161547,13,0,0,40,0
2288,34,77218,9,0,0,40,0
2289,35,241126,9,0,0,60,0
2291,71,45741,13,20051,0,30,1
2292,23,256356,9,0,0,40,0
2293,39,105803,14,0,0,48,1
2295,20,107882,10,0,0,20,0
2300,36,292570,9,3325,0,40,0
2301,36,409189,7,0,0,40,0
2304,37,117166,14,0,0,40,0
2305,42,228320,13,5178,0,45,1
2306,38,236391,9,0,0,45,1
2307,48,193451,6,0,0,40,0
2309,37,33001,9,0,0,50,0
2310,38,173858,13,7688,0,35,1
2312,26,160264,7,0,0,40,0
2317,23,191878,10,0,0,38,0
2318,67,54269,6,0,0,12,0
2319,37,205997,9,0,0,40,0
2320,48,47343,15,0,1977,70,1
2322,48,232149,13,0,0,40,0
2323,50,339547,10,0,0,50,0
2327,18,244571,7,0,0,10,0
2330,24,209417,10,7298,0,60,1
2332,27,240172,10,0,0,40,0
2335,19,264527,10,0,0,25,0
2338,31,271173,10,4650,0,40,0
2339,30,203034,11,0,0,40,0
2340,30,100734,13,0,0,40,1
2341,33,169269,13,15024,0,40,1
2342,59,24244,10,0,0,40,0
2345,34,223212,13,0,0,45,0
2346,27,284859,10,0,0,50,0
2348,41,92968,14,0,0,40,0
2349,36,181553,9,0,0,40,0
2356,59,249814,9,0,0,37,0
2363,47,171807,10,0,0,40,0
2364,21,436431,1,0,0,40,0
2365,17,162205,6,0,0,15,0
2370,45,188998,14,0,0,38,0
2372,66,37170,9,0,0,42,1
2374,33,180624,9,0,0,40,0
2375,47,186311,13,0,0,50,0
2376,35,106471,13,0,0,35,0
2377,27,37302,12,0,0,40,0
2380,25,335376,12,0,0,38,0
2384,42,191196,12,0,0,40,0
2385,28,209109,13,0,0,40,0
2387,65,42488,15,2653,0,8,0
2388,19,63574,10,0,0,40,0
2389,22,227943,10,0,0,40,0
2393,57,110199,9,0,0,20,0
2398,34,113751,7,0,0,37,0
2399,72,128793,3,0,0,36,0
2400,23,97472,9,0,0,40,0
2403,22,326283,10,0,0,20,0
2404,40,61287,10,0,0,40,0
2407,51,914061,10,0,0,44,1
2408,24,186648,12,0,0,25,0
2409,49,350759,13,0,0,60,1
2410,76,197988,3,0,0,8,0
2411,37,188571,9,0,0,40,0
2413,21,100345,9,0,0,53,0
2414,49,291783,13,0,0,40,0
2416,38,295166,9,0,0,40,0
2419,54,338089,14,0,0,40,0
2422,41,73070,14,0,0,40,0
2426,35,194490,9,0,0,40,0
2427,32,358655,14,0,0,50,1
2429,55,401473,14,0,0,40,1
2430,26,197967,9,0,0,40,0
2435,35,209629,9,0,0,40,0
2436,20,143964,9,0,0,40,0
2438,64,285742,6,0,0,50,1
2441,43,67243,13,0,0,45,1
2443,21,122048,10,0,0,29,0
2446,28,25955,11,0,0,40,0
2448,45,305474,6,0,0,40,0
2450,33,120460,9,0,0,40,0
2451,25,31657,11,0,0,34,0
2453,42,234633,7,0,0,47,0
2459,43,138471,10,0,0,40,0
2463,22,218215,10,0,0,35,0
2465,24,403107,1,0,0,40,0
2467,26,624006,9,0,0,40,0
2468,27,344094,9,0,0,40,0
2471,47,91972,9,0,0,35,1
2474,35,158592,11,3103,0,50,1
2475,48,278303,9,0,0,55,0
2477,37,160192,12,6849,0,80,0
2478,29,148429,9,0,0,60,0
2479,24,210474,14,0,0,40,0
2481,21,328906,9,4865,0,35,0
2485,38,218490,9,0,0,40,0
2486,19,44047,9,0,0,40,0
2490,22,114357,10,0,0,35,0
2491,33,219619,14,15024,0,40,1
2492,22,33016,10,0,0,40,0
2496,50,141340,13,0,0,50,0
2497,35,189703,5,0,0,32,0
2498,41,307589,13,0,0,5,0
2501,44,327573,14,0,0,40,0
2507,41,193537,12,0,0,10,0
2508,24,307267,13,0,0,40,0
2509,52,249196,12,0,0,55,1
2512,32,255004,9,0,0,50,0
2513,34,100145,10,0,0,20,0
2514,18,183274,7,594,0,30,0
2516,24,354351,13,0,0,40,0
2517,43,346189,10,0,0,40,1
2518,49,304864,10,0,0,35,0
2522,18,103339,6,0,1719,16,0
2525,34,233729,12,0,0,50,1
2526,41,265932,9,0,0,45,0
2535,48,180010,10,0,0,40,0
2539,61,29059,9,0,0,12,0
2543,51,152810,11,0,0,40,1
2548,46,155654,14,0,0,40,0
2550,18,115725,7,0,0,12,0
2552,33,234976,13,0,0,40,1
2554,36,187411,14,0,0,50,1
2555,31,193285,9,0,0,40,0
2557,20,117767,10,0,0,40,0
2558,45,81534,9,0,0,40,0
2559,22,202125,9,0,0,50,0
2561,25,203279,13,0,0,20,0
2562,40,151960,10,0,0,38,0
2563,48,368561,13,0,1902,37,1
2564,30,202046,9,0,0,20,0
2567,22,380899,10,0,0,40,0
2569,26,111058,13,0,0,50,0
2573,56,229116,10,0,0,32,0
2574,43,159549,13,0,1902,40,1
2575,29,195760,9,0,0,35,0
2578,24,236601,10,0,2339,43,0
2581,35,160728,14,0,0,45,1
2586,38,77792,9,0,0,56,0
2594,27,299536,10,0,0,55,0
2595,36,238802,9,0,0,48,1
2599,43,383670,9,0,1902,40,1
2601,35,259727,10,0,0,55,0
2602,52,277772,10,0,0,40,0
2603,51,67198,12,0,0,50,0
2604,41,22419,5,0,0,84,0
2605,42,99373,9,0,0,40,0
2610,29,66172,10,0,0,40,0
2614,33,114639,7,0,0,40,0
2615,72,104090,13,0,0,40,0
2617,23,123586,10,0,0,25,0
2618,45,293628,10,0,0,50,1
2619,37,239409,9,0,0,40,1
2621,36,30269,10,7298,0,32,1
2622,31,48456,10,0,0,40,0
2624,24,182117,13,0,0,28,0
2625,29,231148,13,0,0,50,1
2631,33,143485,9,0,0,40,0
2633,47,146516,10,0,0,48,0
2634,19,180395,10,0,0,36,0
2635,32,108256,8,0,0,60,1
2636,25,211392,9,0,0,48,0
2637,26,271243,8,0,0,40,0
2640,30,30101,10,0,0,40,1
2642,29,212588,13,0,0,53,0
2643,35,306156,9,0,0,45,0
2644,30,70985,9,0,0,75,0
2647,42,347653,13,0,0,60,0
2649,46,272792,13,0,0,40,0
2650,27,95708,7,0,0,40,0
2651,71,111712,10,0,0,16,0
2652,32,132767,13,0,0,50,1
2656,22,193385,9,0,0,40,0
2658,32,162370,14,0,0,35,0
2659,38,340763,9,0,2339,47,0
2661,62,147393,4,0,0,40,1
2662,33,187203,13,0,0,50,0
2663,40,147206,11,0,0,35,0
2668,45,117849,7,0,0,40,0
2670,38,98360,16,0,0,50,1
2671,37,226500,9,0,0,50,0
2681,28,128055,9,0,0,60,0
2683,38,91857,9,0,0,40,0
2686,22,209646,13,0,0,6,0
2687,28,90872,10,0,0,40,0
2694,35,166497,15,0,1902,60,1
2695,50,155433,13,0,0,50,0
2696,45,164593,13,0,0,40,0
2698,24,162688,9,0,0,40,0
2700,50,154153,6,0,0,50,0
2701,58,166258,10,0,0,50,0
2704,61,313170,9,0,0,40,0
2708,36,171393,13,0,1887,40,1
2709,31,268282,4,0,0,35,0
2710,23,219519,10,0,0,30,0
2712,21,195571,10,0,0,25,0
2716,66,147766,9,0,0,40,1
2718,52,156882,10,0,0,40,0
2719,21,131404,9,0,0,30,0
2720,32,233727,13,7688,0,60,1
2721,21,216867,10,0,0,40,0
2726,30,175413,9,0,0,35,0
2727,33,149902,10,0,0,40,0
2729,39,107302,13,0,0,35,1
2732,59,136819,14,0,0,8,1
2734,62,291904,9,0,0,20,0
2735,21,225442,9,0,0,40,0
2736,57,170108,13,0,1902,40,1
2737,19,193859,10,2176,0,35,0
2738,38,326701,12,0,0,40,1
2739,38,196373,13,0,0,20,0
2740,20,258730,9,0,0,40,0
2743,24,300275,9,0,0,40,0
2746,27,96219,9,3418,0,32,0
2747,38,186845,13,0,0,40,0
2748,24,99697,9,0,0,40,0
2750,53,117674,10,7298,0,40,1
2752,37,29660,12,0,0,40,0
2753,45,202560,12,0,0,40,1
2755,34,100734,9,0,0,40,0
2757,69,144056,10,0,0,40,1
2759,19,143816,10,0,0,30,0
2760,23,164732,10,0,0,10,0
2763,53,418901,9,0,0,40,0
2764,22,169188,9,0,0,40,0
2765,47,70554,10,0,0,40,1
2766,28,31801,13,0,1887,50,1
2767,25,195000,10,0,0,40,0
2769,33,97723,9,0,0,40,0
2771,19,218956,8,0,0,40,0
2772,41,171003,4,0,0,30,0
2773,20,154782,9,0,0,20,0
2776,53,816750,13,0,0,72,1
2777,67,92943,9,0,0,21,0
2778,47,104489,6,0,0,45,0
2782,37,106347,14,0,0,65,0
2788,25,199143,9,0,0,40,0
2789,24,110371,9,0,0,40,0
2790,33,250782,10,0,0,40,0
2796,22,41763,9,0,0,42,0
2797,27,176683,10,0,1719,40,0
2799,23,145964,10,0,0,20,0
2800,61,33460,9,0,0,40,0
2805,33,147201,13,0,0,35,0
2806,60,491214,9,0,0,30,0
2807,36,102729,9,0,0,45,1
2814,63,160473,9,0,0,40,0
2815,51,150999,10,7298,0,40,1
2816,41,230961,9,0,0,40,0
2817,71,169114,10,0,1429,40,0
2819,23,163687,10,0,0,50,0
2827,27,144063,6,0,0,75,0
2828,29,446724,13,0,0,35,0
2835,38,308798,9,0,0,40,0
2836,24,199005,9,0,0,25,0
2837,29,108432,14,0,0,40,0
2839,26,552529,9,0,0,40,0
2843,41,386236,3,0,0,30,0
2844,20,196388,10,0,0,25,0
2845,32,162675,11,0,0,35,0
2848,75,27663,4,0,0,50,0
2849,27,180271,9,0,0,43,0
2850,35,215503,13,0,0,40,0
2853,25,355124,9,0,2001,40,0
2859,27,187746,13,3325,0,25,0
2861,25,54298,9,0,0,30,0
2865,46,168191,9,0,0,2,0
2866,25,132327,10,0,0,40,0
2868,61,224638,9,0,0,40,0
2869,23,128487,13,0,0,20,0
2873,31,114691,13,0,0,48,0
2876,45,54098,9,0,0,45,1
2878,34,174789,9,0,0,45,1
2879,70,227515,6,0,0,40,0
2881,23,83315,6,0,0,10,0
2882,22,213310,10,0,0,35,0
2883,47,127303,10,0,0,40,0
2889,58,168887,9,0,0,40,1
2890,55,254711,13,0,0,20,1
2891,23,196678,10,0,0,20,0
2895,20,185706,10,0,0,20,0
2896,22,201615,12,0,0,37,0
2901,44,339346,14,10520,0,60,1
2902,21,234838,10,0,0,30,0
2910,59,175827,6,0,0,40,0
2913,55,237428,10,0,1504,40,0
2914,40,200766,9,14344,0,40,1
2916,35,107164,13,0,0,50,1
2921,21,309348,10,0,0,18,0
2922,31,206046,13,0,0,45,1
2924,46,135339,9,0,0,45,1
2928,35,212607,10,0,0,44,0
2929,53,162381,15,15024,0,45,1
2930,34,195890,10,0,0,40,1
2932,28,136077,11,0,0,40,0
2933,43,119297,9,0,0,40,0
2935,49,32825,9,0,0,70,0
2937,61,119684,9,0,0,50,0
2939,45,30690,4,0,0,10,0
2940,24,113631,13,0,0,40,0
2942,40,393962,11,0,0,50,0
2943,48,165484,13,0,0,65,1
2945,34,379798,13,0,0,60,1
2946,29,190911,14,0,0,40,0
2951,56,270859,13,0,1902,48,1
2957,19,43627,9,0,0,10,0
2968,36,144524,9,0,0,40,0
2972,35,151835,14,99999,0,50,1
2974,27,328119,5,0,0,30,0
2975,55,125147,9,0,0,45,1
2976,52,62834,9,0,0,20,1
2978,41,348059,14,0,0,40,1
2979,34,425622,3,0,0,40,0
2980,25,336320,13,0,0,40,0
2982,80,216073,3,0,0,32,0
2983,27,267912,3,0,0,52,0
2984,28,108706,9,0,0,40,1
2987,46,189123,12,7298,0,40,1
2991,55,272723,4,0,0,40,0
2994,25,120268,9,0,1741,40,0
2998,25,52921,12,0,0,45,0
2999,19,210364,7,0,0,20,0
3000,34,87310,9,2174,0,40,0
3004,36,177974,7,0,0,40,0
3005,51,292110,9,0,0,35,0
3008,38,186815,9,0,0,43,0
3009,21,22149,9,0,0,30,0
3010,22,228724,11,0,0,40,0
3011,29,187392,9,0,0,40,0
3012,25,105930,9,0,0,40,0
3013,53,182907,9,0,0,40,0
3015,21,263886,10,0,0,20,0
3016,34,362775,6,0,0,30,0
3017,53,96062,11,0,0,40,1
3019,32,159322,10,0,1980,80,0
3020,33,163867,9,0,0,8,0
3024,32,161309,15,15024,0,50,1
3028,59,222081,13,0,0,35,0
3031,25,25497,10,4101,0,40,0
3032,45,353824,10,0,0,40,1
3034,61,385583,10,0,0,40,0
3040,36,278553,15,15024,0,75,1
3042,31,55104,9,0,0,25,0
3043,65,179411,9,0,0,35,0
3046,70,113401,6,0,0,40,0
3048,43,190020,15,0,0,60,0
3050,42,256448,10,0,0,15,0
3052,77,133728,4,0,0,40,0
3055,59,378585,13,0,0,44,1
3060,43,132633,10,0,0,40,0
3061,42,230438,10,0,1887,40,1
3062,26,175540,9,0,0,40,0
3067,34,144194,11,0,0,35,0
3072,29,312845,9,0,0,30,0
3073,21,33884,10,0,0,40,0
3082,62,117292,14,8614,0,45,1
3084,54,175339,9,0,0,50,0
3085,22,333197,9,0,2205,45,0
3088,52,228500,9,0,0,40,0
3090,52,88073,13,0,0,40,0
3091,35,420040,9,0,0,40,0
3092,41,126517,10,0,0,20,0
3093,31,238002,13,0,0,55,0
3094,53,21412,10,0,0,40,0
3097,36,126675,13,0,0,45,1
3101,26,167350,10,3137,0,50,0
3107,17,355850,7,0,1602,15,0
3109,45,30219,10,0,0,40,1
3110,41,350387,14,0,0,60,1
3113,48,131762,9,0,0,30,0
3116,41,287581,13,7688,0,45,1
3118,63,50120,9,0,1573,25,0
3122,18,260977,8,0,0,20,0
3127,34,193172,9,0,0,35,0
3128,18,164134,9,0,0,10,0
3130,51,81169,9,0,0,38,0
3131,39,92143,11,7688,0,55,1
3133,56,102791,9,0,0,35,0
3134,46,364548,14,0,1977,42,1
3135,21,153516,10,0,0,40,0
3137,66,154171,10,0,0,20,0
3139,57,278763,11,0,0,47,0
3140,28,253581,10,0,0,40,0
3145,36,325802,9,0,0,40,0
3155,25,284061,10,0,0,45,0
3158,52,302661,12,13550,0,40,1
3159,52,148509,6,0,0,45,0
3160,48,211239,14,0,2415,60,1
3162,41,316820,13,0,0,40,1
3167,31,339738,9,0,0,40,0
3170,73,110102,9,0,1668,77,0
3173,57,212303,14,0,0,40,1
3178,45,205816,9,0,0,40,1
3182,32,195744,9,0,0,40,0
3184,50,77521,7,0,0,40,0
3187,32,80945,9,0,0,40,1
3188,21,33016,6,0,0,25,0
3189,42,388725,14,0,0,50,1
3190,37,347136,10,0,0,44,0
3191,53,158294,11,99999,0,75,1
3194,55,322691,14,0,0,62,1
3197,26,189027,9,0,0,40,0
3198,51,98719,9,0,0,40,0
3199,58,172238,9,0,0,50,0
3200,23,170456,10,0,0,5,0
3202,17,247580,8,0,0,18,0
3203,29,204516,13,0,0,52,0
3205,31,336543,9,0,0,45,1
3206,29,143938,9,0,0,40,0
3207,22,272591,6,0,0,30,0
3208,28,312372,9,0,0,40,0
3209,28,172270,10,0,0,45,0
3210,20,342414,10,0,0,24,0
3214,32,331539,9,0,0,40,0
3218,21,96178,9,0,0,40,0
3219,20,37932,10,0,0,30,0
3220,49,198126,4,0,0,40,0
3225,39,131239,14,0,0,40,0
3227,53,427320,13,3325,0,40,0
3230,40,259757,10,0,0,50,0
3234,32,262024,9,0,0,38,0
3237,58,365410,10,0,0,99,0
3241,43,120277,13,0,0,45,0
3245,21,120998,10,0,0,20,0
3246,36,37522,13,15024,0,50,1
3247,44,96321,10,0,0,40,1
3248,18,217302,9,0,0,30,0
3250,40,227823,12,0,0,70,0
3251,37,22149,9,0,0,18,0
3253,57,154368,13,0,0,50,1
3255,23,193537,9,0,0,20,0
3258,44,271807,14,0,0,16,0
3260,31,128065,9,0,0,50,0
3261,24,176486,13,0,0,40,0
3262,54,191072,13,0,0,35,0
3263,28,34452,11,0,0,50,0
3265,42,113461,9,0,0,40,0
3267,32,30433,13,0,0,72,0
3272,17,292285,7,0,0,25,0
3273,61,91726,14,0,0,40,1
3274,56,178282,9,0,0,40,0
3276,32,183470,11,0,0,42,0
3277,41,275446,10,0,0,40,0
3279,19,382688,6,0,0,20,0
3281,25,175537,13,0,0,40,0
3283,34,161153,13,0,0,40,1
3284,31,48189,5,0,0,65,0
3285,36,186531,9,0,0,60,0
3286,19,96866,10,0,0,30,0
3287,35,117555,12,0,0,45,0
3289,39,101782,9,0,0,40,0
3290,30,234753,11,0,0,34,1
3291,59,59469,13,0,0,50,1
3293,47,203505,16,0,0,23,0
3294,27,128365,13,0,0,40,0
3298,56,176079,9,15024,0,24,1
3299,40,266047,13,0,0,65,1
3301,24,70261,9,0,0,40,0
3302,23,214236,9,0,0,40,0
3303,36,143385,9,0,0,60,0
3305,23,292264,10,0,0,40,0
3306,39,110861,13,0,0,50,1
3307,32,225064,9,0,0,40,0
3309,17,34465,7,0,0,32,0
3310,29,89598,13,0,2057,35,0
3312,37,189382,12,0,1504,40,0
3314,48,44216,14,0,0,20,0
3318,29,352451,9,0,0,40,0
3321,42,260496,9,0,0,40,0
3322,36,154410,13,0,1902,40,1
3324,60,178312,7,0,1902,70,1
3326,30,123291,10,0,0,40,0
3327,22,313817,9,0,0,50,0
3329,43,212027,13,0,0,38,0
3334,26,191765,13,0,0,40,0
3335,59,188877,9,0,0,50,1
3337,21,161051,10,0,0,4,0
3339,36,232142,10,0,0,80,0
3340,43,311534,10,0,0,44,1
3345,44,160919,9,0,0,30,0
3348,35,408318,4,0,0,25,0
3349,61,194956,9,0,0,40,1
3350,52,21764,10,0,0,60,1
3352,57,104455,10,0,0,90,1
3353,30,117584,14,0,0,20,0
3357,64,344014,10,0,1741,40,0
3360,20,174436,9,0,0,60,0
3361,29,194869,10,0,0,35,0
3363,62,72886,13,0,0,40,0
3365,42,196514,13,0,0,40,0
3368,61,206339,6,0,0,40,0
3369,27,445365,13,0,0,40,0
3370,40,227466,9,0,0,50,0
3371,49,96854,9,0,0,40,0
3374,24,95984,11,0,0,55,0
3376,46,60751,11,0,0,40,1
3380,34,174789,9,0,0,60,0
3381,39,301628,10,0,0,40,1
3382,29,27436,9,0,0,35,0
3385,28,258231,10,0,0,40,0
3386,25,136309,7,0,0,40,0
3387,50,266433,10,0,0,40,0
3388,59,140363,9,0,0,42,1
3394,40,60949,11,0,0,40,0
3395,57,139095,9,0,0,40,0
3396,46,233493,9,0,1579,40,0
3399,32,49593,9,0,0,40,0
3400,24,240160,9,0,0,35,0
3405,52,27539,10,7688,0,72,1
3410,24,203182,13,2174,0,40,0
3411,38,111128,10,0,0,40,0
3412,42,112451,9,0,0,40,0
3413,44,177461,10,0,0,50,0
3416,54,199392,3,0,0,40,0
3420,30,198660,9,0,0,40,0
3421,26,228457,7,0,0,40,0
3423,22,249046,10,0,0,35,0
3427,31,137978,13,0,0,40,0
3431,47,97075,9,0,0,40,0
3433,25,262818,13,0,0,35,0
3434,47,138342,9,0,0,50,0
3435,50,123374,13,0,0,50,1
3437,54,180522,9,0,0,70,0
3440,29,140927,13,0,0,40,0
3442,46,114222,11,0,0,40,0
3449,21,376393,9,0,0,25,0
3450,53,185283,9,0,0,45,1
3452,50,243115,9,0,0,40,0
3453,74,147558,10,7262,0,30,1
3457,38,282951,10,0,0,40,0
3458,46,105253,14,0,1977,50,1
3462,50,44942,9,0,1848,48,1
3467,52,101113,9,0,0,66,1
3468,40,117523,13,0,0,40,0
3469,29,183523,14,0,1977,40,1
3470,46,311231,9,0,0,40,0
3474,32,200246,10,0,0,40,1
3478,26,182380,9,0,0,40,0
3480,49,123807,9,0,0,40,0
3482,20,38455,10,0,0,10,0
3488,26,391349,13,0,0,45,0
3491,54,68015,14,0,0,45,1
3492,20,285208,10,0,0,30,0
3495,47,198223,9,0,0,40,1
3499,33,227325,12,0,0,60,0
3501,26,193050,10,0,0,18,0
3502,33,204557,9,0,0,40,0
3503,39,165743,5,0,0,40,0
3504,34,48935,10,0,0,30,0
3505,70,177906,10,6514,0,40,1
3506,18,93985,10,0,0,30,0
3507,20,148351,4,0,0,40,0
3508,65,172646,5,0,0,40,0
3509,52,145409,6,0,0,48,0
3512,21,320425,10,0,0,30,0
3513,25,158734,9,0,0,45,0
3516,34,205072,9,0,0,50,0
3517,44,210525,13,0,0,40,0
3520,61,87032,9,0,0,40,0
3522,42,52131,10,0,0,40,0
3523,40,266439,11,0,0,15,0
3531,48,77404,10,0,0,60,1
3532,43,153132,10,0,0,40,1
3535,25,87487,13,0,0,50,0
3539,29,214385,14,0,0,35,0
3542,29,210945,7,0,0,40,0
3545,37,329980,13,15024,0,50,1
3547,25,48317,13,0,0,30,0
3548,42,84661,10,0,0,30,0
3549,47,121622,13,0,0,40,1
3550,21,37514,10,0,0,30,0
3551,72,174993,10,0,0,35,0
3552,56,159472,4,0,0,40,0
3558,60,113443,9,0,0,45,0
3561,34,182926,9,0,0,40,0
3567,29,260645,10,0,0,40,0
3568,56,116878,3,0,0,40,1
3570,29,199411,11,0,0,40,1
3572,47,177087,9,0,2444,50,1
3575,47,216999,13,0,0,50,0
3577,42,122215,9,0,0,48,1
3578,26,37898,11,0,0,65,0
3579,38,61343,5,0,0,40,0
3583,41,155293,11,0,0,45,0
3584,40,101593,9,0,0,40,0
3586,54,139023,10,0,0,40,0
3587,44,429832,10,0,0,40,1
3590,61,205711,9,0,0,30,1
3592,59,101626,9,0,0,45,1
3593,29,245226,9,0,0,40,0
3596,49,289707,9,0,0,60,0
3598,33,118786,13,0,1590,40,0
3605,36,240191,9,41310,0,90,0
3607,34,127651,9,0,0,45,1
3608,57,222477,10,15024,0,8,1
3609,23,345734,10,0,0,40,0
3613,38,94529,9,3103,0,50,1
3615,52,181132,9,0,1887,40,1
3616,32,140092,13,0,0,55,0
3617,29,131913,10,0,0,40,0
3618,74,175945,9,0,0,28,0
3620,17,226203,8,0,0,45,0
3622,22,200109,13,0,0,15,0
3623,53,175029,9,0,0,50,1
3625,39,36989,11,0,0,70,1
3628,34,180607,9,0,0,45,0
3629,39,48063,8,0,0,32,0
3636,25,205337,13,0,0,50,1
3638,30,331237,9,0,0,20,0
3639,22,177526,9,2907,0,30,0
3640,27,113882,6,4508,0,40,0
3645,50,306985,14,0,2415,50,1
3646,72,181494,9,0,0,25,0
3650,19,132717,9,0,0,15,0
3652,36,359001,11,0,0,40,0
3653,50,260052,13,15020,0,40,1
3654,20,63633,10,0,0,25,0
3658,30,205916,9,0,0,40,0
3661,38,32899,9,0,0,40,0
3664,46,23074,9,0,0,40,0
3666,18,83451,9,0,0,25,0
3667,23,219122,10,0,0,40,0
3668,81,176500,8,0,0,30,0
3670,35,38468,9,0,0,21,0
3672,19,194608,5,0,0,40,0
3680,37,426350,13,15024,0,40,1
3681,26,121789,11,0,0,40,0
3683,24,91189,9,0,0,40,0
3686,66,74263,9,0,0,86,1
3688,25,213383,10,0,0,40,0
3689,23,345577,10,0,0,26,0
3691,46,158825,9,14344,0,40,1
3692,64,51286,14,6418,0,65,1
3695,23,114939,10,0,0,30,0
3696,61,221534,9,0,0,40,0
3697,35,149455,10,0,0,40,0
3699,30,328734,6,0,0,40,0
3700,21,112906,11,0,0,44,0
3701,27,155038,10,0,0,40,0
3703,26,177048,10,0,0,40,0
3706,20,186213,10,0,0,38,0
3708,48,41411,10,0,0,50,0
3711,37,358753,7,5013,0,40,0
3712,37,156897,15,0,1564,55,1
3715,34,179877,9,0,0,40,0
3716,29,266583,9,2829,0,38,0
3723,30,323833,3,0,0,40,0
3727,50,392668,16,0,0,40,1
3728,61,132529,6,0,0,40,0
3730,17,194717,7,0,0,15,0
3731,43,307767,9,0,0,40,1
3732,61,90051,4,3456,0,44,0
3736,30,55912,13,0,0,50,0
3741,40,192878,9,0,0,40,0
3744,66,28367,9,0,0,40,0
3746,21,231286,10,0,0,25,0
3748,31,253456,10,0,0,40,1
3749,54,140592,9,0,0,40,0
3750,46,171335,10,0,0,40,0
3751,29,73928,13,0,0,15,0
3755,45,160599,12,0,0,40,0
3759,36,106471,13,0,0,40,1
3760,35,341643,10,0,0,40,0
3761,25,97952,13,0,0,40,0
3763,43,201764,15,0,0,40,1
3766,42,194636,13,0,0,40,0
3769,60,96099,13,4101,0,60,0
3773,17,98209,7,0,0,10,0
3774,33,92003,9,0,0,40,0
3775,43,103759,9,0,0,40,0
3779,34,260560,13,0,0,50,1
3780,40,214781,10,7298,0,65,1
3784,60,69955,11,4064,0,40,0
3785,25,124111,13,0,0,36,0
3788,19,138917,10,0,0,20,0
3789,31,97405,9,0,0,40,0
3790,28,196674,9,0,0,45,0
3792,49,186256,10,0,0,40,0
3793,44,120277,9,0,0,45,0
3796,54,32454,9,0,0,60,1
3797,39,346478,9,0,0,40,1
3799,42,208470,9,0,0,40,0
3801,23,275357,10,0,0,35,0
3802,23,304871,10,0,0,40,0
3804,23,115085,9,0,0,45,0
3806,46,123681,16,0,0,40,0
3810,37,32528,13,0,0,50,0
3811,18,245199,6,0,0,40,0
3812,36,72375,13,0,0,45,0
3815,64,113570,12,0,0,40,0
3817,24,232328,5,0,0,35,0
3819,48,138342,9,0,1485,55,1
3820,42,197810,10,0,0,40,0
3821,28,102142,10,0,0,40,0
3822,31,104223,13,0,0,40,0
3823,34,132835,9,0,0,40,0
3824,31,109195,13,0,0,70,0
3825,33,203463,10,0,0,40,0
3827,27,187450,13,0,0,50,0
3833,27,131310,10,0,0,40,0
3839,42,262243,7,0,0,35,1
3840,32,64658,9,0,0,40,0
3845,55,119344,9,0,0,40,0
3850,34,217652,8,0,0,40,0
3855,26,228457,7,0,0,40,0
3856,45,247053,9,0,0,40,0
3861,45,39986,9,0,1740,56,0
3863,62,101375,6,0,0,40,0
3864,31,256680,12,0,0,40,0
3865,46,136878,13,0,0,40,0
3867,38,242221,9,0,0,38,0
3868,38,101387,9,0,0,43,0
3872,46,103540,10,0,0,40,0
3875,24,196943,11,0,0,40,1
3879,56,373593,14,0,1977,60,1
3880,27,206199,9,0,0,40,0
3881,32,93283,11,0,0,40,0
3885,42,150568,10,0,0,45,0
3890,19,81961,10,0,0,20,0
3892,21,348092,9,0,0,40,0
3894,63,74991,9,0,0,60,0
3895,25,106552,13,0,0,20,0
3896,51,27539,10,0,0,60,0
3899,53,288216,10,0,0,40,0
3900,18,378036,8,0,0,10,0
3904,41,178510,13,0,0,45,0
3905,29,53147,9,0,0,37,0
3910,33,112305,11,0,0,10,0
3912,27,215423,13,0,0,16,0
3919,41,144144,9,0,0,30,0
3920,75,222789,9,0,0,9,0
3921,22,227594,13,0,0,40,0
3923,46,180532,13,0,0,50,1
3926,47,377401,14,0,0,40,1
3928,42,144594,9,0,0,40,1
3930,28,424340,10,0,0,40,0
3935,54,180881,14,0,0,50,1
3936,18,102690,7,0,0,40,0
3938,44,167333,9,0,0,40,0
3939,50,447144,14,0,0,40,1
3943,34,59469,7,0,0,72,0
3944,31,74501,13,0,0,40,0
3946,33,281685,11,0,0,40,0
3951,42,188331,10,15024,0,40,1
3954,23,60783,11,0,0,40,0
3955,32,186269,9,2907,0,35,0
3956,30,398019,2,0,0,30,0
3958,19,93762,10,0,0,40,0
3960,45,203264,9,0,0,40,0
3963,18,167875,10,0,0,16,0
3964,64,130525,9,0,0,40,1
3965,58,71283,9,0,0,38,1
3967,27,136077,13,0,0,50,0
3970,27,225746,13,0,0,35,0
3971,54,240358,14,0,0,40,0
3972,25,139863,2,0,0,40,0
3973,39,278632,9,0,0,40,0
3974,51,71046,13,0,0,60,1
3975,29,312985,10,0,2129,50,0
3976,49,276309,10,0,0,40,0
3977,29,199116,9,2407,0,40,0
3978,39,52870,9,0,0,30,0
3982,23,234108,13,0,0,35,0
3988,35,178649,13,0,0,36,0
3989,41,338740,13,0,0,50,1
3997,68,150250,14,0,1510,30,0
4000,31,227864,9,0,0,40,0
4001,31,173858,9,0,1902,40,0
4008,61,181028,14,0,0,18,0
4010,21,97212,9,0,2001,25,0
4014,23,126613,13,0,0,30,0
4015,52,149508,11,0,0,48,1
4018,25,140669,13,0,0,40,0
4020,39,225707,11,0,0,40,0
4021,64,56588,10,0,0,70,0
4027,23,142566,9,0,0,40,0
4028,41,220821,14,0,0,70,1
4031,29,195446,9,0,0,40,0
4040,37,186934,14,0,0,50,1
4041,29,100368,5,0,0,27,0
4045,47,189680,4,0,0,40,1
4047,37,195843,9,5013,0,40,0
4049,19,42069,9,0,0,40,0
4053,67,312052,4,0,0,40,0
4062,47,202395,4,0,0,40,0
4064,58,21838,16,7688,0,50,1
4065,50,68898,16,7688,0,60,1
4066,34,226702,10,0,0,40,0
4068,42,173628,13,0,0,45,0
4069,20,164529,7,0,0,40,0
4074,37,224700,11,0,0,40,0
4075,63,141962,6,0,0,20,0
4078,40,421837,10,0,0,40,0
4084,56,21626,9,0,0,43,0
4085,38,143909,12,0,0,40,1
4087,45,94809,10,0,0,24,0
4090,32,144949,13,0,0,70,1
4091,26,195562,9,0,0,40,0
4093,55,36314,4,0,0,72,0
4094,51,329980,10,0,0,8,1
4095,62,103344,9,0,0,40,0
4096,34,169708,13,0,0,40,1
4097,54,249949,10,0,0,40,0
4101,22,91733,10,0,0,35,0
4104,57,196126,11,0,0,40,1
4108,50,199301,11,0,0,16,0
4109,33,49027,9,0,0,40,0
4110,18,192022,10,0,0,20,0
4113,25,207621,9,0,0,40,0
4116,34,242704,9,0,0,40,0
4122,31,409172,10,0,0,40,0
4123,63,223637,9,0,0,50,0
4126,60,49921,5,0,0,40,0
4127,23,335067,13,0,0,30,0
4128,47,209460,10,4386,0,40,1
4129,20,355236,10,0,0,16,0
4130,50,240374,14,0,0,50,1
4132,37,356250,9,0,0,40,0
4139,24,221480,10,0,0,40,0
4140,29,433624,10,0,0,40,0
4142,21,136208,10,0,0,48,0
4143,64,159715,9,10566,0,40,0
4145,35,152307,7,0,0,40,0
4146,51,256908,9,0,0,50,0
4148,75,33673,14,0,0,26,0
4150,64,96076,14,0,0,40,1
4151,32,201314,9,0,0,50,0
4152,17,153021,8,0,0,20,0
4154,37,160192,9,0,0,40,1
4156,47,323212,10,0,0,50,0
4157,45,179030,13,0,0,35,0
4158,23,129345,6,0,0,50,0
4160,62,164616,16,15024,0,45,1
4162,36,300373,6,0,0,40,0
4166,54,192226,13,0,0,55,1
4167,38,166416,9,0,0,40,0
4168,27,211215,9,0,0,50,0
4169,26,157617,13,0,0,45,0
4171,26,224045,12,0,0,36,0
4173,37,114719,15,15024,0,60,1
4176,19,232060,9,0,0,40,0
4177,44,195258,14,0,0,50,0
4178,23,285775,9,0,0,42,0
4179,27,146687,10,0,0,40,0
4180,53,76128,9,0,0,60,0
4181,28,241607,9,0,0,40,0
4182,22,273675,9,0,0,35,0
4183,29,210867,7,0,0,40,0
4184,41,144752,10,0,0,40,1
4186,42,252518,13,0,0,70,0
4189,37,638116,13,0,0,32,0
4190,46,269045,7,0,0,40,0
4192,30,195447,13,0,0,50,1
4193,27,173944,13,0,0,50,0
4195,21,173534,10,0,0,40,0
4196,23,198368,12,0,0,40,0
4200,25,264136,13,0,0,60,0
4202,50,165001,14,0,0,40,1
4205,50,235307,12,0,0,48,1
4210,58,100303,12,0,0,42,1
4211,41,58447,16,7688,0,50,1
4212,43,317185,11,0,0,36,0
4220,48,65584,10,0,0,40,0
4228,57,133201,4,0,1408,40,0
4230,46,96154,10,0,0,15,0
4231,64,143880,13,0,0,40,1
4235,37,334291,13,0,0,50,0
4236,33,183017,9,0,0,32,0
4239,37,80303,10,0,0,40,1
4241,37,48915,9,0,0,35,0
4244,76,25319,9,0,0,8,0
4247,43,79529,9,0,0,35,0
4249,33,184178,12,0,0,35,0
4252,21,472861,7,0,0,40,0
4254,22,104164,11,0,0,35,0
4256,28,300915,13,0,1902,43,1
4257,38,308171,10,0,0,50,0
4258,56,320833,9,0,0,40,0
4259,42,167710,10,0,0,18,0
4261,48,221464,7,0,0,30,1
4262,31,213307,6,0,0,28,0
4265,23,116934,6,0,0,40,0
4267,63,134960,9,0,0,40,0
4268,24,449101,7,0,0,40,0
4271,32,19513,14,0,0,40,0
4274,65,193365,10,0,0,50,0
4287,57,146103,9,15024,0,30,1
4289,72,76206,5,0,0,16,0
4290,23,340543,9,0,0,40,0
4292,38,218015,10,0,0,48,1
4293,49,178160,12,0,0,40,0
4294,25,169905,9,0,0,40,0
4295,33,226629,10,0,0,40,0
4297,18,236276,10,0,0,20,0
4300,49,371886,11,0,0,56,1
4301,65,282779,14,0,0,40,1
4304,32,373231,10,0,0,40,0
4307,64,186731,9,0,0,40,0
4310,39,175232,13,0,0,40,0
4311,35,338948,9,0,0,40,0
4312,22,95647,7,0,0,40,0
4318,41,304605,11,0,0,45,1
4320,45,230685,16,0,0,40,1
4321,18,184502,7,0,0,30,0
4322,37,116736,9,0,0,40,0
4325,22,163519,10,0,0,25,0
4327,22,119742,9,0,0,40,0
4331,74,148003,13,0,0,6,1
4333,39,172571,10,0,0,40,0
4338,44,205033,8,0,0,55,1
4342,33,107417,14,0,0,40,1
4344,51,57637,9,0,0,32,0
4348,45,239058,13,0,0,45,0
4349,19,286419,10,0,0,20,0
4350,52,50934,12,0,0,20,1
4351,21,283969,9,0,0,40,0
4355,51,126528,9,0,0,60,0
4358,46,132919,9,0,0,12,1
4359,68,58547,10,0,1735,48,0
4365,24,234108,10,0,0,40,0
4368,35,107662,9,0,0,5,0
4370,46,88564,10,0,0,40,0
4371,44,144778,10,0,0,50,1
4372,17,179861,6,0,0,10,0
4373,30,166671,9,0,0,40,0
4379,44,374423,14,0,1902,40,1
4381,28,213236,9,0,0,40,0
4383,36,124111,9,0,0,35,0
4384,32,176185,9,4787,0,40,1
4389,44,67779,9,0,0,40,0
4391,57,367334,9,0,0,40,0
4393,46,301124,14,0,1564,45,1
4394,37,184117,13,0,0,40,0
4395,22,233923,11,0,0,40,0
4397,33,111817,13,0,0,40,0
4408,61,185584,13,0,0,40,0
4409,44,324311,3,0,0,32,0
4412,35,135289,11,0,0,50,0
4414,30,185590,13,0,0,40,0
4417,26,413846,13,0,0,40,0
4418,38,203836,11,0,0,48,1
4419,44,110028,10,0,0,40,0
4422,50,169112,10,0,0,25,0
4423,37,154410,9,0,0,60,1
4424,26,63234,13,4508,0,12,0
4428,28,115438,9,0,0,50,1
4430,33,160261,13,0,0,40,0
4433,77,184046,13,0,0,20,0
4436,38,302604,7,0,0,44,0
4437,30,225243,14,0,0,47,1
4442,51,351416,10,0,0,40,0
4443,47,117310,9,0,1876,48,0
4444,36,324231,5,0,0,40,0
4448,39,46395,13,0,0,40,0
4451,23,203182,13,0,0,40,0
4453,33,180656,3,0,0,40,0
4454,58,187485,9,0,0,24,0
4463,59,70857,9,0,0,40,1
4466,44,283174,13,0,0,40,1
4469,36,73023,9,2202,0,40,0
4472,29,80179,9,0,0,50,0
4475,19,116385,12,0,0,18,0
4476,37,172425,9,0,0,40,0
4477,22,106615,13,0,0,15,0
4478,42,261929,13,0,0,45,1
4479,22,163870,10,0,0,20,0
4480,35,242080,13,7298,0,45,1
4482,43,207578,16,0,0,42,1
4483,22,140001,9,0,0,40,0
4484,18,217942,7,0,0,24,0
4488,49,204377,7,0,0,60,0
4490,21,100345,9,0,0,40,0
4491,22,163687,6,0,0,15,0
4492,34,174215,14,7688,0,35,1
4494,33,84154,10,0,0,20,0
4495,41,116493,10,0,0,52,0
4496,38,259972,9,0,0,40,0
4498,44,99212,10,0,0,35,0
4500,35,393673,10,0,0,40,0
4502,44,133986,10,0,0,40,0
4504,43,212888,13,0,0,38,0
4505,51,304955,9,7688,0,50,1
4508,18,182701,9,0,0,12,0
4510,24,274424,9,1831,0,40,0
4511,57,176904,6,0,0,40,0
4512,28,217530,10,0,0,35,0
4513,59,318450,13,0,0,50,1
4514,39,210945,9,0,0,48,0
4515,26,181838,9,0,0,50,0
4519,72,305145,13,0,0,4,0
4521,47,94342,9,0,0,16,0
4522,43,215624,10,0,0,40,0
4523,46,112485,9,0,0,40,0
4525,26,186454,13,4650,0,40,0
4527,57,358628,11,0,0,40,0
4530,48,81497,10,0,0,65,0
4531,30,143078,13,0,2444,55,1
4535,26,252563,13,0,0,40,0
4536,41,170785,8,0,0,40,0
4540,30,19302,9,4386,0,70,1
4542,43,172256,13,0,0,50,0
4544,25,156163,10,0,0,40,0
4545,31,155914,10,0,0,40,0
4547,29,282389,11,0,0,70,0
4548,40,117915,9,0,0,45,0
4550,45,287436,7,0,0,40,0
4552,28,136643,14,0,0,50,0
4553,43,180572,13,0,0,40,1
4554,40,148805,13,0,0,40,0
4556,18,226956,9,0,0,24,0
4557,36,157184,9,0,0,40,1
4558,21,315470,9,0,0,30,0
4560,53,138022,13,0,0,60,0
4563,35,139770,9,0,0,29,0
4564,41,209899,9,0,0,40,0
4567,18,126913,10,0,0,12,0
4568,42,101950,13,0,0,38,0
4572,32,185820,13,0,0,40,0
4573,35,176837,9,0,0,40,0
4574,44,271282,13,0,0,56,0
4577,28,266855,13,0,0,50,1
4579,40,21189,13,0,0,32,0
4580,37,110013,11,0,0,40,0
4581,18,350400,7,0,0,20,0
4583,42,169948,10,0,0,80,1
4584,41,298161,11,0,0,40,0
4585,45,120131,9,0,0,25,0
4590,36,261012,9,0,0,50,0
4594,33,236481,13,0,0,10,0
4595,50,213041,9,0,0,40,0
4596,55,105127,9,0,0,40,0
4599,40,163512,3,0,0,8,0
4600,36,170376,9,0,1887,40,1
4601,50,132465,2,0,0,40,0
4607,29,154571,10,0,0,40,0
4611,31,176711,9,0,0,40,0
4612,29,359155,9,0,0,30,0
4613,30,103651,13,0,0,40,0
4615,50,180195,16,99999,0,50,1
4616,37,175979,13,0,0,60,0
4617,59,53612,14,0,0,35,0
4618,18,28357,9,0,0,40,0
4619,25,460322,13,0,0,43,0
4620,36,182954,10,0,0,52,0
4621,17,242871,6,594,0,12,0
4622,55,30636,9,4386,0,40,1
4623,47,274657,9,3908,0,40,0
4625,18,230215,10,0,0,30,0
4628,61,143837,9,0,0,40,0
4632,32,50753,9,0,0,40,0
4637,33,203488,13,15024,0,50,1
4638,29,125791,12,0,0,38,0
4640,58,169590,10,0,0,40,0
4642,37,474568,10,0,0,45,1
4646,81,143732,2,0,0,30,0
4647,52,65624,12,0,0,40,0
4648,48,352614,9,7688,0,40,1
4649,34,301251,13,0,0,50,1
4650,47,98524,3,0,0,40,0
4651,37,112512,11,0,0,48,1
4653,42,244668,9,8614,0,40,1
4662,50,313445,9,0,0,40,0
4663,35,289148,9,0,0,40,0
4665,31,206857,9,0,0,40,0
4667,52,155759,10,0,0,40,0
4673,22,190137,9,0,0,40,0
4674,37,174308,13,0,0,45,0
4676,56,146391,9,0,0,40,0
4679,41,120277,13,0,0,35,1
4685,52,92469,10,0,0,32,0
4687,37,235070,9,0,0,35,0
4689,50,258819,10,0,0,40,0
4691,24,452640,9,0,0,40,0
4692,57,112772,9,0,0,60,0
4695,20,197767,10,0,0,36,0
4697,56,329654,13,7688,0,50,1
4700,43,336042,9,0,0,35,0
4701,41,56019,15,99999,0,50,1
4702,45,86505,10,0,0,40,0
4703,36,274106,9,0,0,45,0
4705,19,136848,9,0,0,6,0
4707,19,215493,9,0,0,20,0
4708,20,197583,9,0,0,40,0
4711,53,202420,4,0,0,40,0
4714,55,70439,14,0,0,25,1
4718,28,228043,13,0,0,48,0
4720,35,187711,9,0,0,40,0
4721,39,282489,9,0,0,25,0
4723,21,87169,9,0,0,35,0
4724,35,251091,14,0,0,38,0
4726,28,163265,5,0,0,30,0
4727,57,250040,4,0,0,20,0
4729,50,176773,1,0,0,40,0
4732,46,97176,10,0,0,50,0
4734,32,227321,10,0,0,38,0
4737,36,103925,13,0,0,45,0
4740,30,119197,14,0,0,50,0
4745,17,256496,6,0,0,35,0
4746,49,133351,9,0,0,40,0
4747,37,151835,13,0,0,40,1
4750,24,138719,7,0,0,20,0
4752,31,401069,10,0,0,39,0
4755,33,330715,9,0,0,55,0
4757,37,393673,8,0,0,45,0
4758,31,206609,6,0,2205,60,0
4760,21,224632,13,0,0,38,0
4761,18,227529,10,0,0,10,0
4766,35,223749,11,7298,0,48,1
4768,47,358382,9,0,0,40,0
4769,25,155275,12,0,0,40,0
4773,50,83311,14,0,0,40,1
4774,61,217125,2,0,0,40,0
4777,27,123147,10,0,0,25,0
4778,51,184529,9,0,1977,50,1
4779,37,224566,10,0,0,39,0
4781,38,186376,13,0,0,42,1
4783,66,78375,9,0,0,50,0
4785,37,207066,14,0,0,70,0
4786,26,339423,13,0,0,40,0
4787,39,172186,10,0,0,40,1
4792,35,213008,10,0,0,50,0
4794,22,197050,9,0,0,20,0
4795,36,166855,4,0,0,40,0
4796,19,163072,10,0,0,34,0
4797,36,191807,9,0,0,75,0
4798,29,48634,13,0,0,40,0
4800,31,162623,9,0,0,40,0
4807,24,254547,9,0,0,20,0
4808,42,211940,10,0,0,40,0
4812,60,137344,10,0,0,40,0
4813,24,174413,11,0,0,40,0
4814,33,186993,13,0,0,51,0
4815,67,176388,10,0,0,50,1
4816,34,49469,9,0,0,50,0
4818,38,194809,10,0,0,40,0
4819,50,194397,13,0,0,40,0
4820,45,181363,10,0,0,46,0
4822,18,176136,9,0,0,35,0
4826,35,66304,6,0,0,45,0
4827,22,64292,10,2176,0,25,0
4828,33,41610,9,0,0,40,0
4829,42,198028,10,0,0,40,1
4830,36,228652,10,0,0,40,0
4832,39,238255,9,0,0,40,0
4834,52,279543,10,0,0,60,1
4840,17,141445,5,0,0,5,0
4841,37,224512,11,0,0,45,0
4842,52,98642,9,0,0,50,1
4844,44,765214,14,0,2559,40,1
4845,24,224785,13,0,1876,65,0
4846,19,285177,10,0,0,18,0
4848,42,201495,10,0,0,40,1
4851,26,92795,15,0,0,80,0
4852,39,54022,10,0,0,40,0
4854,39,123983,13,0,0,40,1
4859,49,390746,13,0,1672,45,0
4860,26,200318,6,0,0,38,0
4862,44,221172,3,0,0,45,0
4865,22,199915,10,0,0,10,0
4866,64,207658,12,0,0,40,1
4867,22,124810,9,0,0,20,0
4868,40,253060,13,0,0,55,1
4870,20,38455,9,0,0,40,0
4871,49,41294,10,0,0,40,0
4872,42,205195,9,0,0,40,1
4877,36,138088,9,0,0,45,0
4878,53,132304,10,0,0,40,0
4880,48,259873,10,0,0,50,0
4882,24,190015,13,0,0,40,0
4886,28,192932,13,0,0,40,0
4887,30,264025,9,1506,0,80,0
4891,47,187308,9,0,0,55,1
4892,43,150519,10,0,0,40,1
4893,39,32587,10,0,1485,40,1
4895,23,316793,9,0,0,35,0
4896,41,106068,9,0,0,40,0
4899,39,181983,16,0,2559,60,1
4900,65,113293,9,0,0,50,1
4902,20,460356,8,0,0,30,0
4903,37,184474,9,2977,0,55,0
4905,27,183148,9,0,0,40,0
4910,23,48343,9,0,0,27,0
4911,19,1047822,7,0,0,25,0
4912,55,200448,10,0,0,40,0
4914,27,95725,7,0,1740,40,0
4925,50,154043,9,0,0,40,0
4927,68,294420,13,0,0,2,0
4929,20,267706,10,0,0,20,0
4930,18,70240,9,0,0,40,0
4933,23,273010,9,0,0,40,0
4934,45,177775,11,0,0,32,0
4936,23,345577,13,0,0,46,0
4939,36,292380,10,0,0,10,0
4940,29,121040,11,0,0,40,0
4943,53,41021,14,0,0,46,1
4945,56,436651,9,0,0,20,0
4946,20,256504,10,0,0,30,0
4952,32,231263,10,0,0,60,1
4954,21,194102,12,0,0,40,0
4958,49,201127,7,0,1902,70,0
4959,57,172667,10,0,0,32,0
4960,49,175958,7,0,0,40,0
4962,46,212944,7,0,0,32,0
4965,59,280519,6,0,0,40,0
4966,24,155172,12,0,0,40,0
4968,41,397346,10,0,0,50,0
4969,27,253814,9,0,0,38,0
4971,19,176806,5,0,0,40,0
4972,39,107038,9,0,0,40,0
4974,28,180928,9,0,0,40,0
4976,28,183523,12,0,0,35,0
4978,38,190759,9,0,0,42,0
4980,29,166320,13,0,0,50,1
4984,27,135046,10,0,0,40,0
4987,27,115438,10,0,0,40,0
4990,63,149756,6,0,1740,40,0
4991,39,192251,10,0,0,50,1
4993,20,200421,9,0,0,35,0
4998,50,28765,14,0,0,40,1
5001,47,122194,9,0,0,40,0
5002,32,110171,10,0,1902,40,1
5004,20,42279,10,0,0,30,0
5006,23,254025,10,0,0,45,0
5007,50,410114,15,15024,0,50,1
5010,37,224406,10,0,0,40,0
5011,57,211678,6,0,0,64,0
5013,48,106232,15,99999,0,48,1
5016,41,37618,12,0,0,60,1
5018,51,123011,9,0,0,50,0
5021,55,129786,9,0,0,55,0
5023,24,192711,13,0,0,41,0
5025,29,370675,14,0,0,50,0
5026,39,34066,10,0,0,50,1
5029,41,43556,11,0,0,40,0
5032,32,188108,9,0,0,55,0
5033,35,187022,9,0,0,40,0
5034,59,173422,4,5013,0,38,0
5035,61,103575,10,0,0,40,0
5037,58,219504,8,0,0,45,1
5038,48,102102,7,0,0,55,0
5039,26,129661,13,0,0,40,0
5040,28,189346,10,0,0,40,0
5042,45,256866,9,0,0,45,1
5045,31,118941,10,0,0,40,1
5046,19,171868,9,0,0,20,0
5048,22,238917,9,0,0,40,0
5052,21,156780,10,0,0,15,0
5054,52,172511,14,0,0,36,0
5056,22,196280,12,0,0,40,0
5059,27,315640,14,0,0,20,0
5060,34,617917,13,0,1887,40,1
5061,20,35448,10,0,0,12,0
5062,22,124483,13,0,2339,40,0
5066,62,352156,9,0,0,40,0
5067,28,166634,9,0,0,40,0
5074,33,91666,9,0,0,40,0
5077,39,197150,9,0,0,50,0
5079,29,53448,8,0,0,50,0
5080,44,255543,3,0,0,84,1
5081,51,367209,16,0,0,70,1
5082,37,226500,13,0,0,55,1
5083,56,292710,9,0,0,40,1
5084,19,235732,7,0,0,15,0
5086,18,261714,10,0,0,15,0
5088,28,266316,4,3464,0,35,0
5089,40,189941,13,3103,0,60,1
5091,31,234537,9,0,0,60,0
5096,42,184527,10,0,0,45,0
5098,23,149574,10,0,0,45,0
5099,41,34037,9,0,0,99,0
5102,33,109920,13,0,0,40,0
5105,67,94809,10,2346,0,33,0
5108,22,190290,10,0,0,65,0
5110,24,198349,7,0,0,30,0
5111,44,113597,9,0,0,40,0
5112,22,280567,10,0,0,4,0
5115,74,89852,8,0,0,11,0
5119,71,155093,11,0,0,20,0
5120,33,312923,6,0,0,80,0
5125,42,173938,13,0,0,40,0
5127,52,204226,13,0,0,40,0
5130,43,61287,13,0,0,60,0
5131,68,146011,9,3273,0,42,0
5133,44,54651,14,0,0,40,1
5135,23,131230,13,0,0,50,0
5136,69,271312,9,0,0,40,0
5139,45,37718,13,0,0,40,1
5140,43,245975,5,0,0,84,0
5142,35,97554,12,0,0,50,1
5143,43,109762,13,0,0,20,1
5144,47,138342,7,0,0,40,0
5145,29,429696,10,0,0,14,0
5146,77,309955,12,0,1411,2,0
5148,40,52849,13,0,0,50,1
5150,51,277471,9,0,0,40,1
5151,43,171754,12,0,0,40,0
5153,24,249956,13,0,0,40,0
5154,39,170502,14,0,0,70,1
5160,51,171924,9,7688,0,50,1
5165,27,68729,9,0,0,40,1
5166,21,37783,10,0,0,38,0
5167,55,183580,14,0,0,45,0
5168,31,106637,10,0,0,20,0
5169,57,411604,5,0,0,45,0
5171,26,201663,14,0,0,40,0
5179,49,406518,9,0,0,16,0
5180,34,372793,13,0,0,21,0
5182,51,145105,10,0,0,30,0
5183,72,171181,9,2329,0,20,0
5186,21,153542,6,0,0,30,0
5187,49,27802,10,0,1887,40,1
5188,46,275792,13,0,0,40,0
5190,51,197600,13,0,0,50,1
5193,71,148003,13,0,1911,38,1
5195,51,133069,6,0,0,40,0
5196,36,177154,11,0,0,40,1
5197,41,29324,9,0,0,45,0
5202,21,140001,10,0,0,10,0
5204,43,99185,13,0,0,40,0
5207,63,388594,15,15024,0,50,1
5215,36,263574,11,0,0,40,0
5217,46,245724,13,3818,0,44,0
5219,30,366876,7,0,0,40,0
5220,30,203488,13,0,0,60,0
5223,64,182158,15,99999,0,60,1
5225,28,101618,13,0,0,42,1
5226,46,132576,9,0,1887,45,1
5227,51,123429,9,0,0,40,0
5228,55,147098,9,0,2444,60,1
5231,58,158864,9,0,0,55,1
5233,52,317625,14,0,0,40,0
5234,30,80933,10,0,0,40,0
5235,49,107373,6,0,0,99,1
5238,63,210350,3,0,0,32,0
5239,60,194589,13,7688,0,40,1
5241,77,101575,8,0,0,12,0
5242,55,201232,14,0,0,55,1
5243,51,168553,9,0,0,35,0
5246,33,106014,13,0,0,40,0
5253,40,293485,9,0,0,32,0
5259,44,204314,9,0,0,38,1
5260,60,108969,6,0,0,50,0
5261,44,103397,9,0,0,40,0
5266,40,146906,14,0,0,50,1
5267,40,339814,10,0,0,40,1
5270,45,59380,13,0,0,40,0
5272,31,180656,9,0,0,35,0
5274,24,56820,13,0,0,40,0
5276,28,160731,13,0,0,50,0
5278,19,230238,9,0,0,46,0
5279,39,372130,14,5013,0,56,0
5280,27,167501,13,0,0,40,0
5281,39,141029,9,0,0,40,1
5282,45,135525,14,0,0,40,0
5284,67,162009,6,0,0,16,0
5285,28,365745,5,0,0,40,0
5288,24,138513,13,0,0,20,0
5289,66,188686,13,0,0,4,0
5292,21,183747,9,0,0,40,0
5295,40,222596,13,0,0,60,1
5297,38,189092,11,0,0,43,0
5298,33,152109,12,0,0,45,0
5302,52,266433,10,0,0,40,0
5309,22,437161,9,0,0,40,0
5316,38,29874,13,0,0,48,1
5318,34,260560,9,0,0,55,1
5319,27,217848,8,0,0,40,1
5320,20,283731,9,0,0,40,0
5325,41,154374,13,0,1887,50,1
5326,35,126738,12,0,0,50,0
5328,32,195447,13,0,0,55,1
5329,23,113301,7,0,0,35,0
5332,58,195878,9,0,0,24,0
5333,58,163150,9,0,0,28,0
5334,19,139278,9,0,0,20,0
5336,25,303704,12,0,0,40,0
5338,18,106943,7,0,0,12,0
5339,23,220993,10,0,0,35,0
5347,50,139793,10,3418,0,38,0
5351,29,108574,9,0,0,30,0
5352,31,163845,9,0,0,40,0
5353,25,344804,3,0,0,40,0
5355,56,114231,6,0,0,25,0
5356,42,111895,10,0,1887,40,1
5358,37,168941,14,0,0,55,1
5360,32,251120,10,0,0,40,0
5362,37,180667,9,0,0,40,0
5364,33,309590,9,0,0,40,0
5366,44,103759,13,0,0,40,1
5367,34,137900,13,0,0,48,1
5368,60,223911,10,0,0,40,0
5369,48,55720,10,2407,0,40,0
5370,39,123535,7,0,0,40,0
5372,65,263125,4,2290,0,27,0
5373,63,174817,9,0,0,32,0
5374,28,134890,9,0,0,40,1
5376,28,55360,9,0,0,40,0
5380,28,113635,8,0,0,40,0
5381,23,52262,11,0,0,40,0
5382,25,202300,10,0,0,40,0
5384,48,324655,13,0,0,40,0
5388,53,42740,10,0,0,39,0
5390,53,202069,10,0,0,30,0
5393,42,340885,9,0,0,50,0
5395,27,222506,13,0,0,60,0
5398,28,216757,16,0,0,30,0
5399,48,57534,10,0,0,40,0
5400,43,96321,9,0,0,40,1
5403,46,285570,9,0,0,40,0
5404,35,187625,10,0,0,40,1
5407,42,175943,13,0,0,35,0
5408,27,211208,7,0,0,40,0
5410,49,205694,9,0,0,40,0
5412,28,142264,11,0,0,40,0
5415,19,300679,10,0,0,40,0
5416,18,112626,10,0,0,15,0
5418,48,103648,11,0,0,41,0
5419,26,162487,13,0,0,20,0
5420,49,331650,14,9562,0,32,1
5422,47,178319,15,0,1902,42,1
5423,30,217460,13,0,0,40,0
5426,47,459189,9,0,0,40,1
5427,52,87858,9,0,0,40,1
5428,32,125279,9,0,0,99,0
5430,47,363418,13,0,0,45,1
5432,33,104620,14,0,0,15,0
5433,29,176137,9,0,0,40,0
5435,40,191814,13,0,1902,40,1
5436,42,150533,14,7688,0,35,1
5437,28,115677,10,0,1902,40,1
5440,71,139031,9,0,0,40,0
5441,53,141340,9,0,0,40,1
5443,44,241506,14,0,0,50,0
5446,51,144284,9,0,0,40,0
5448,55,209962,9,0,0,35,0
5451,20,196337,10,0,0,35,0
5452,25,238605,9,0,0,25,0
5453,40,106501,9,2829,0,50,0
5454,24,172169,9,0,0,50,0
5459,22,70160,10,0,0,40,0
5461,25,236421,8,0,0,40,0
5462,36,196662,10,0,0,50,0
5464,22,200819,9,0,0,40,0
5465,19,222866,6,0,0,40,0
5468,32,123157,13,0,0,30,0
5469,28,219863,12,0,0,40,0
5472,52,163948,5,0,0,60,1
5473,19,255117,10,0,0,30,0
5474,39,100032,9,0,0,15,1
5476,24,324469,10,0,0,38,0
5478,18,151747,7,0,0,40,0
5479,31,85057,10,0,0,40,1
5482,26,250261,2,0,0,55,0
5483,32,97359,9,0,0,40,0
5486,34,165295,4,0,0,40,0
5489,30,197886,9,0,0,40,0
5493,45,87490,15,0,1977,50,1
5497,77,120408,10,0,0,20,0
5501,43,115511,10,0,2002,40,0
5504,25,457070,4,0,0,45,0
5506,41,153078,9,0,1887,70,1
5508,31,203181,6,0,0,35,0
5511,41,92717,10,0,1504,40,0
5512,27,257033,9,0,0,60,0
5514,38,20308,9,0,0,40,1
5516,27,38353,9,0,0,40,0
5517,25,133373,13,0,0,40,1
5518,60,167978,9,0,0,40,0
5519,20,166302,9,0,0,20,0
5520,17,333304,9,0,0,40,0
5521,31,265706,13,4650,0,40,0
5522,65,111916,15,0,0,10,1
5524,39,276559,14,0,2444,45,1
5525,36,36989,10,0,0,40,0
5526,59,181566,9,4508,0,40,0
5527,23,202920,11,0,0,40,0
5529,22,137320,9,0,0,40,0
5531,28,160510,10,0,0,50,1
5534,54,276005,15,0,0,40,1
5535,36,192251,10,0,1902,15,1
5537,50,274528,9,0,0,40,0
5538,17,23856,7,0,0,20,0
5539,53,175220,13,7688,0,48,1
5540,41,233150,11,0,0,55,0
5544,30,157911,10,0,0,40,1
5549,38,103323,9,0,0,40,0
5550,30,96480,14,0,0,60,1
5551,47,154117,9,0,0,40,0
5554,29,199118,10,0,0,40,0
5557,35,185084,9,0,0,48,1
5560,39,185366,12,0,0,35,1
5562,45,160428,12,0,0,43,0
5567,31,219117,10,5455,0,60,0
5570,28,351731,9,0,0,50,0
5572,34,205152,9,0,0,40,0
5576,32,347112,13,0,0,45,0
5577,37,106297,9,0,0,40,0
5580,29,324505,10,0,0,40,0
5582,24,174413,13,0,1974,40,0
5587,65,369902,9,0,0,8,0
5588,56,42166,13,0,0,40,0
5591,29,306420,9,0,0,45,1
5597,23,370057,9,0,0,40,0
5602,42,138872,9,0,0,99,0
5603,56,97213,13,0,0,60,0
5605,38,200904,6,0,0,40,0
5610,38,233571,10,0,1902,40,1
5611,26,131913,13,0,0,40,0
5612,26,31558,13,0,0,90,1
5618,22,177475,13,0,0,40,0
5619,40,203761,7,0,0,40,0
5620,40,36104,10,0,0,40,0
5621,33,179708,10,0,0,40,0
5622,51,77392,6,0,0,60,1
5625,20,119665,9,0,0,40,0
5627,51,326005,9,0,0,40,1
5628,24,203203,13,0,0,25,0
5630,21,169188,9,0,0,35,0
5633,29,115677,7,0,0,42,0
5635,66,59056,6,0,0,40,0
5637,39,282461,11,0,0,40,1
5640,63,458609,9,3674,0,30,0
5641,58,104476,10,0,1092,40,0
5643,58,170608,6,0,0,40,0
5645,37,118358,10,0,0,40,1
5646,21,520231,10,0,0,40,0
5647,61,198017,9,0,0,50,0
5648,29,131045,11,0,0,40,0
5650,30,110083,11,0,0,40,0
5651,32,335569,9,0,0,40,0
5655,57,174662,9,0,0,40,0
5662,46,142222,10,1151,0,60,0
5666,33,589155,10,0,0,50,0
5669,28,228346,13,0,0,50,0
5670,21,415755,10,0,0,40,0
5671,38,289653,13,0,0,45,1
5673,19,322866,9,0,0,40,0
5674,45,244813,15,0,0,38,1
5675,27,538193,7,0,0,50,0
5677,46,95864,10,0,0,40,0
5679,39,126569,9,0,0,40,0
5681,18,323584,10,0,0,10,0
5683,26,246156,6,0,0,24,0
5686,49,151267,11,0,0,40,0
5687,41,249039,9,0,0,40,0
5688,52,157454,9,0,0,40,0
5693,22,268525,13,0,0,50,0
5694,24,396099,10,0,0,35,0
5695,24,221442,10,0,0,36,0
5696,55,115198,5,0,0,48,0
5702,39,31709,10,0,0,20,1
5703,45,192053,13,0,0,50,0
5704,21,95918,10,0,0,43,0
5706,28,64940,9,0,0,40,0
5709,31,393965,9,0,0,8,0
5714,76,32995,4,0,0,5,0
5716,43,145784,9,0,0,40,0
5721,36,428251,13,0,0,40,0
5723,42,348059,16,0,0,60,0
5728,61,200427,16,0,0,40,1
5731,44,85019,13,0,0,40,1
5734,40,34739,10,0,0,36,0
5738,57,275943,9,0,0,40,0
5744,63,199275,9,8614,0,38,1
5746,72,314567,10,0,0,8,0
5748,27,103524,9,0,0,35,0
5749,47,114222,12,0,0,25,0
5750,28,246933,9,0,0,40,0
5754,33,30612,10,0,0,40,0
5756,57,113090,9,0,0,40,1
5758,31,49469,14,0,0,55,1
5759,24,172169,10,0,0,30,0
5760,36,151029,4,0,0,55,0
5762,38,87282,11,0,0,40,0
5763,19,84250,10,0,0,15,0
5766,32,220333,9,7298,0,46,1
5767,58,105363,9,0,0,40,0
5768,19,198668,8,0,0,47,0
5770,20,126568,9,0,0,40,0
5773,42,34218,15,99999,0,80,1
5774,62,155915,6,0,0,40,0
5775,37,139684,9,0,0,45,0
5776,34,23778,13,0,0,40,0
5779,43,229148,13,0,0,50,0
5781,39,455399,9,15024,0,40,1
5785,44,156642,9,0,0,39,0
5789,31,144990,9,0,0,40,0
5790,37,198841,13,0,0,50,1
5791,43,223881,13,7298,0,40,1
5792,18,264017,10,0,0,16,0
5793,23,26842,11,0,0,30,0
5795,22,267412,1,594,0,20,0
5796,61,190610,13,0,0,45,1
5797,63,281237,10,0,0,40,0
5798,59,254593,13,0,0,55,1
5801,38,140854,9,0,0,40,1
5802,52,242517,9,7688,0,40,1
5808,39,368586,9,0,0,37,0
5815,32,253890,9,0,0,40,0
5817,37,220696,9,0,0,40,0
5818,51,194097,10,0,0,30,1
5822,22,81145,9,0,0,40,0
5823,32,250853,11,0,0,40,0
5825,32,257863,13,0,0,50,0
5826,27,203697,14,0,0,50,0
5830,46,93557,13,3103,0,50,1
5831,39,107991,10,0,0,45,1
5833,26,73988,10,0,0,40,0
5834,53,136080,9,0,0,50,0
5837,18,166224,9,0,0,20,0
5841,42,86912,13,0,0,40,0
5846,45,274869,9,0,0,40,0
5850,27,138269,9,0,0,45,1
5854,50,91103,9,0,0,51,1
5855,57,388225,10,0,0,40,1
5856,76,42162,9,0,0,2,0
5857,52,417227,9,0,0,70,0
5858,36,180220,9,0,0,50,0
5859,30,187560,10,0,0,50,0
5860,39,127573,9,2202,0,45,0
5861,51,68898,10,0,0,40,1
5862,31,78662,9,0,0,40,0
5865,38,328301,10,0,0,40,0
5866,49,213897,13,0,0,50,1
5868,23,381679,10,0,0,40,0
5869,44,360884,14,0,0,40,0
5870,36,256992,13,0,0,40,1
5871,31,112115,9,0,0,40,0
5872,24,113577,10,0,0,40,0
5873,35,189382,10,0,0,38,0
5876,57,201232,9,0,0,30,0
5877,20,332194,9,0,0,20,0
5878,30,216864,5,0,0,40,0
5886,48,341762,10,0,0,50,1
5887,41,236483,9,0,0,40,0
5890,44,79521,13,15024,0,55,1
5891,36,327435,10,0,0,40,0
5893,26,124483,13,0,0,25,0
5894,58,218764,11,0,0,45,0
5896,19,197057,10,0,0,30,0
5897,39,191161,9,0,0,55,0
5898,65,266828,9,1848,0,40,0
5899,29,251526,10,0,0,20,0
5900,22,145964,9,0,0,40,0
5901,23,307149,13,0,0,25,0
5902,36,37238,13,0,0,42,0
5903,32,129020,13,0,0,40,0
5908,31,176025,9,0,0,40,0
5909,66,44712,9,0,0,15,0
5910,35,190759,10,0,0,40,0
5913,31,282173,10,0,0,40,0
5916,59,185410,10,0,0,70,0
5918,42,449578,10,0,0,48,1
5920,32,155293,8,0,1762,45,0
5922,36,216845,2,0,0,40,0
5925,38,218188,12,0,0,25,0
5927,33,182511,11,0,0,40,0
5930,29,87632,7,0,0,40,0
5931,22,228394,10,0,0,36,0
5934,27,106179,13,0,0,50,0
5938,53,190319,13,0,1485,40,1
5940,54,181246,10,0,0,40,0
5942,18,180725,7,0,0,16,0
5945,40,76487,13,0,0,50,0
5950,66,97847,11,0,0,38,0
5951,30,387521,13,7298,0,40,1
5953,20,325033,8,0,0,35,1
5954,37,285637,9,0,0,50,0
5955,20,186014,9,0,0,38,0
5957,20,190290,10,0,0,35,0
5959,53,290882,4,0,0,40,0
5960,54,133403,5,0,1902,35,0
5961,33,150154,13,0,0,40,0
5963,39,158592,10,0,0,40,0
5964,23,215115,10,0,0,25,0
5965,20,117476,10,0,0,40,0
5968,32,226296,14,0,0,50,1
5969,38,103886,10,0,0,40,0
5970,34,148508,10,0,0,40,0
5971,39,79586,10,0,0,35,1
5972,40,95049,11,0,0,40,0
5973,45,192835,13,0,0,45,1
5976,44,76487,9,0,0,40,0
5978,42,225193,13,0,0,40,0
5979,49,102092,7,2174,0,40,0
5981,20,38238,7,0,0,25,0
5983,25,173593,10,0,0,75,0
5984,27,132718,9,0,0,40,0
5987,22,38444,13,0,0,10,0
5994,31,307375,10,0,0,40,0
5995,17,93511,7,0,0,15,0
5996,23,32950,10,0,0,40,0
5999,55,132145,5,0,0,45,0
6000,37,377798,10,0,0,50,0
6001,48,198000,13,0,0,38,1
6003,72,117030,10,0,0,40,0
6004,31,275369,10,0,0,40,0
6008,61,362068,12,0,0,50,1
6014,47,205100,10,0,0,45,1
6015,38,127493,12,0,0,35,0
6018,37,216473,6,0,0,30,0
6020,50,162868,9,0,0,45,0
6023,52,182856,14,10520,0,45,1
6026,51,59840,9,2174,0,40,0
6028,32,86150,13,0,1977,40,1
6029,51,147876,10,0,0,40,0
6031,46,28497,10,0,0,8,0
6033,29,320451,13,0,0,40,0
6035,30,38268,9,0,0,40,1
6039,20,129024,10,0,0,35,0
6042,27,29261,12,0,0,42,0
6043,19,366109,6,0,0,40,0
6044,29,212091,10,0,0,40,0
6048,21,60552,9,0,0,40,0
6051,37,254202,14,27828,0,50,1
6057,49,330535,16,0,0,40,1
6058,38,202937,14,0,0,40,1
6060,40,355856,13,0,0,40,0
6061,48,275100,9,0,0,70,1
6062,30,136997,9,0,0,40,0
6067,28,251905,14,0,0,42,0
6069,25,116915,10,0,0,40,0
6073,44,142968,9,0,0,40,0
6074,18,115258,6,0,0,40,0
6075,45,190822,9,0,0,31,0
6077,17,151999,8,0,0,16,0
6079,38,29075,10,5013,0,40,0
6084,46,188386,9,0,0,40,0
6087,23,358434,13,0,0,40,0
6088,57,36091,9,0,0,40,0
6089,48,250648,14,0,0,35,1
6092,41,161880,9,0,0,50,0
6093,45,123681,9,0,0,40,0
6096,50,237258,14,27828,0,48,1
6100,22,27881,9,0,0,45,0
6101,28,79874,11,0,0,40,0
6104,37,175185,7,0,0,40,0
6108,38,162551,9,0,0,35,0
6110,25,100125,13,0,0,40,0
6112,45,184441,4,0,0,42,0
6113,28,167737,14,5178,0,40,1
6115,44,177851,15,0,0,60,0
6116,35,106961,9,0,0,60,0
6118,40,208875,14,0,0,50,0
6119,24,373628,13,0,1504,40,0
6124,17,89160,8,0,0,18,0
6126,35,87757,13,0,0,40,0
6130,71,46836,4,0,0,15,0
6131,34,117186,9,0,0,40,1
6133,39,128483,10,0,0,60,0
6135,20,358355,5,0,0,40,0
6137,26,93017,11,0,0,40,0
6138,49,101320,13,0,1564,40,1
6141,19,111836,9,0,0,35,0
6142,58,96840,9,0,0,37,0
6144,41,193553,10,0,0,64,1
6148,58,478354,13,99999,0,50,1
6151,32,321313,9,0,0,40,0
6152,19,264228,10,0,0,12,0
6154,56,32855,10,0,0,50,0
6157,29,275110,10,0,0,40,0
6159,33,110171,13,0,1092,40,0
6161,51,91506,9,7688,0,40,1
6162,52,180949,10,0,0,30,0
6165,38,99065,13,0,0,50,1
6166,30,201122,13,0,0,40,1
6167,67,323636,9,0,0,15,0
6169,55,243367,9,0,0,37,0
6170,25,149248,10,0,0,40,0
6172,31,242616,13,0,0,40,0
6175,53,403121,9,0,0,30,0
6178,67,75140,9,0,0,25,0
6181,42,324421,9,0,0,20,0
6182,41,344624,13,7688,0,50,1
6185,55,107157,9,0,0,40,0
6187,49,175958,10,0,0,20,0
6188,62,252134,4,0,0,40,0
6189,30,95923,12,0,0,45,0
6191,37,296212,9,0,0,48,0
6192,22,333838,10,0,0,40,0
6193,56,345730,9,0,0,40,0
6196,51,171914,5,0,0,30,0
6198,34,196385,9,0,0,50,0
6203,53,162796,9,0,0,40,0
6204,52,197189,10,0,0,44,1
6205,33,25806,16,0,0,20,0
6206,28,89813,9,0,0,40,0
6207,45,142167,14,0,0,40,0
6208,40,171589,13,0,0,40,1
6210,24,394191,8,0,0,55,0
6212,44,39581,13,0,0,40,0
6213,19,305834,9,0,0,40,0
6216,52,190333,6,0,0,50,0
6217,51,155983,9,0,0,50,0
6221,17,165069,6,0,1721,40,0
6222,20,249385,10,0,0,20,0
6225,48,48553,10,0,0,72,0
6230,48,136455,10,0,0,60,0
6233,37,126675,10,0,0,40,0
6240,25,167495,10,0,0,40,0
6242,32,182323,9,7688,0,40,1
6244,32,181091,13,13550,0,35,1
6246,32,210926,9,0,0,38,1
6248,39,116546,10,0,0,50,1
6253,45,79646,10,0,0,70,0
6254,42,103089,10,1506,0,40,0
6256,20,117210,10,0,0,40,0
6257,26,379246,10,0,0,40,0
6258,25,130018,7,0,0,40,0
6260,54,339518,12,0,0,40,0
6264,31,361497,4,0,0,60,0
6266,22,340217,10,0,0,20,0
6267,32,63516,9,0,0,45,0
6270,56,179127,6,0,0,35,0
6272,25,215188,9,0,0,40,0
6275,35,289890,7,0,0,40,0
6277,48,195416,9,0,0,35,0
6279,39,103734,13,0,0,43,1
6281,27,190303,9,0,0,40,0
6289,51,43705,10,0,0,40,0
6293,33,132565,7,0,0,40,0
6294,55,256796,9,0,0,40,1
6295,62,191520,16,99999,0,80,1
6298,25,74389,13,0,0,40,0
6299,34,201874,9,0,0,40,0
6300,50,143804,9,0,0,55,0
6301,29,95471,13,0,0,55,0
6304,34,260782,10,0,0,52,1
6306,38,99156,9,0,0,46,0
6308,41,94210,9,0,0,48,0
6309,31,116508,9,0,0,48,0
6310,31,176711,9,0,0,40,0
6311,50,118058,13,15024,0,55,1
6313,52,91093,10,0,0,40,0
6315,32,162041,10,0,0,30,0
6319,55,147653,9,0,0,24,0
6320,58,32521,7,0,0,20,0
6322,34,127651,14,0,0,55,1
6324,50,50048,14,0,0,52,1
6328,57,132145,14,7298,0,45,1
6332,29,76978,10,0,0,50,0
6336,65,266828,13,0,0,24,1
6338,46,188950,13,0,0,50,1
6339,35,226528,16,0,0,60,1
6340,38,268893,11,0,0,70,0
6341,36,165473,13,0,0,40,0
6345,26,395206,10,0,0,40,0
6347,23,117767,9,0,0,36,0
6348,40,170482,13,14344,0,45,1
6349,29,309778,9,7298,0,40,1
6350,28,289991,9,0,0,40,1
6353,37,318168,9,1055,0,20,0
6356,55,451603,9,0,0,40,0
6358,33,209768,16,0,0,40,0
6359,55,27385,11,0,0,40,0
6360,33,226296,9,0,0,40,0
6361,47,285335,10,0,0,50,1
6364,62,96460,9,0,0,40,0
6365,49,188141,10,0,0,60,0
6367,63,85420,10,5013,0,15,0
6369,65,224357,9,0,0,40,0
6374,36,416745,7,0,0,40,0
6375,19,292136,10,0,0,30,0
6376,60,176731,9,0,0,40,0
6378,35,203482,5,0,0,40,0
6379,28,360224,9,0,0,50,0
6381,31,195891,9,0,0,40,0
6384,24,95862,9,0,0,40,0
6386,40,132633,10,0,1741,40,0
6387,35,182074,9,0,0,42,0
6388,19,136848,10,0,0,8,0
6390,57,243033,10,0,0,40,0
6393,38,122240,9,0,0,55,1
6394,38,193945,9,0,0,40,0
6396,58,32365,10,0,0,50,0
6401,60,164599,10,7298,0,40,1
6403,46,411595,3,0,0,40,0
6408,26,48853,14,0,0,40,0
6410,31,127651,12,0,1902,38,1
6413,53,195904,9,0,0,45,0
6414,41,153095,9,0,0,50,0
6421,31,49469,15,0,0,50,0
6422,35,210830,9,0,0,40,0
6423,37,188612,14,0,0,50,1
6424,27,104017,10,0,1902,30,1
6425,23,154785,10,0,0,40,0
6426,20,39477,10,0,0,20,0
6430,45,109598,9,0,0,40,0
6431,24,266971,13,0,0,40,0
6432,22,334593,10,0,0,40,0
6435,44,117012,14,0,1887,40,1
6436,30,192002,10,0,0,40,0
6437,64,137135,9,0,0,48,0
6439,70,117464,9,0,0,16,0
6441,22,290044,13,0,0,35,0
6443,51,61127,9,0,0,50,1
6444,30,236379,7,0,0,30,0
6446,50,288630,14,0,0,50,1
6450,32,453983,9,0,0,44,0
6451,32,106014,10,0,0,50,0
6452,37,218955,9,0,0,35,0
6453,62,115771,11,0,0,33,0
6457,64,152537,13,0,0,45,0
6461,20,330836,7,0,0,40,0
6462,33,323985,13,0,0,5,1
6465,38,314007,10,5178,0,40,1
6466,51,124963,12,0,0,45,0
6468,53,222381,14,0,0,40,1
6469,33,656488,11,0,0,50,0
6470,38,98776,10,0,0,40,1
6473,21,154964,9,0,0,40,0
6474,41,163847,13,0,0,45,1
6475,28,282398,10,0,0,35,0
6477,38,203988,16,99999,0,55,1
6478,54,111130,10,0,0,50,1
6486,24,42100,10,0,0,20,0
6489,17,295120,7,0,0,20,0
6490,20,85021,9,0,0,40,0
6491,54,191659,3,0,0,40,0
6503,57,87317,6,0,0,8,0
6505,32,197505,9,0,0,40,0
6508,38,320811,10,0,0,40,0
6509,46,247053,14,0,0,40,1
6512,40,113732,9,0,0,40,0
6516,43,53956,9,0,0,55,1
6517,38,71009,13,7298,0,40,1
6519,27,107236,14,0,0,50,0
6520,47,231284,9,0,0,40,0
6521,31,203488,10,0,0,40,0
6522,20,41721,10,0,0,40,0
6523,48,205100,13,99999,0,80,1
6525,28,105598,7,0,1762,40,0
6528,28,194759,10,0,1669,90,0
6530,29,130010,14,0,0,40,1
6532,46,120080,13,0,0,40,1
6533,77,183781,9,0,0,5,0
6534,31,422836,3,0,0,40,0
6540,52,123989,13,0,0,40,1
6543,31,33731,9,7688,0,40,1
6546,40,219164,14,5178,0,40,1
6549,34,192900,10,0,0,40,0
6550,44,56651,9,0,0,40,0
6552,37,141584,12,0,0,47,0
6553,18,421350,7,0,0,20,0
6556,21,117583,9,0,0,40,0
6558,22,135716,9,0,0,40,0
6559,40,27766,14,0,0,40,0
6569,18,168514,6,0,0,25,0
6570,17,354493,7,0,0,6,0
6574,37,397752,9,0,0,12,0
6575,52,120173,4,0,0,40,0
6581,61,213700,13,0,0,32,1
6583,19,120361,9,0,0,40,0
6585,32,262092,13,7298,0,50,1
6586,24,143436,13,0,0,10,0
6587,43,147099,13,0,0,30,1
6588,55,138594,16,0,0,56,1
6590,25,350850,4,0,0,50,1
6592,44,229148,10,0,0,40,0
6595,19,366088,5,0,0,40,0
6597,22,442478,10,0,0,20,0
6598,25,181814,7,0,0,40,0
6599,49,175109,9,5178,0,40,1
6600,34,152109,9,0,0,40,0
6601,47,246891,13,15024,0,45,1
6602,30,164802,13,8614,0,40,1
6603,21,57711,9,0,0,40,0
6604,22,117789,10,0,0,20,0
6609,48,149337,10,0,0,40,1
6611,65,76131,9,0,0,40,0
6612,40,352971,14,0,0,60,1
6618,32,179415,6,0,0,40,0
6621,53,31909,11,0,0,45,1
6623,35,127306,10,0,0,40,0
6625,39,140169,6,0,0,40,0
6633,59,33725,5,0,0,40,1
6636,20,230574,4,0,0,40,0
6637,32,178109,13,0,0,36,0
6638,58,282023,13,0,0,50,1
6643,38,91670,10,0,0,40,0
6645,23,138513,9,0,0,40,0
6649,58,102791,9,0,0,40,0
6650,42,416506,12,14084,0,36,1
6651,20,245611,10,0,0,20,0
6652,47,655066,13,0,0,40,1
6655,49,40690,13,0,0,60,1
6659,47,176917,10,0,0,48,1
6662,24,308239,13,0,0,4,0
6663,34,163581,9,10520,0,40,1
6664,34,211239,13,6497,0,40,0
6666,23,120172,9,0,0,48,0
6669,32,426431,10,0,0,40,0
6670,44,226027,10,0,0,60,0
6671,28,278736,8,0,0,40,0
6672,48,168462,9,0,0,40,0
6673,18,379070,10,0,0,40,0
6674,43,214541,14,0,0,40,0
6675,52,29887,15,0,0,60,1
6676,53,138022,7,0,0,60,0
6678,45,126876,9,0,0,40,0
6679,45,182703,14,0,0,36,0
6681,44,168443,9,0,0,60,0
6682,25,335522,5,0,0,40,0
6684,28,162312,10,0,0,40,0
6686,61,161472,9,0,0,40,1
6690,55,140063,9,0,0,40,0
6692,51,122533,13,0,0,40,1
6694,45,103331,10,0,0,40,0
6700,29,270421,14,0,0,50,0
6701,33,203488,13,0,1672,40,0
6704,37,319831,9,0,0,55,1
6705,28,70240,14,0,0,36,0
6707,22,168997,11,0,0,40,0
6708,23,231929,8,0,0,20,0
6710,68,192656,10,0,0,10,0
6713,64,188659,14,0,0,20,1
6715,26,55860,14,0,0,40,0
6718,46,218890,9,0,0,60,0
6719,35,211154,9,0,0,45,0
6721,34,737315,15,0,0,65,1
6725,27,178778,13,0,1340,40,0
6726,28,436198,10,0,0,30,0
6727,37,82521,10,4064,0,46,0
6730,28,162501,9,0,0,40,0
6736,24,161092,13,0,0,40,0
6737,28,159109,7,0,0,40,0
6739,49,240629,9,0,0,38,0
6740,17,227960,7,0,0,10,0
6741,54,151580,13,0,0,40,1
6744,18,32059,7,0,0,23,0
6747,49,33300,9,0,0,84,0
6748,57,199713,9,0,0,55,0
6749,43,401134,12,0,2238,40,0
6750,37,132702,13,0,0,40,0
6751,28,306693,10,0,0,20,0
6753,57,123515,11,0,0,40,0
6757,81,36147,15,10605,0,2,1
6759,43,143809,9,0,0,40,0
6760,39,334366,13,0,0,50,1
6761,41,347653,14,0,0,40,1
6763,48,202322,2,0,0,40,0
6764,50,594521,5,0,0,40,0
6765,26,174267,10,0,0,64,0
6766,18,169542,8,0,0,30,0
6768,59,99131,9,0,0,40,0
6770,53,287317,9,0,0,40,0
6771,42,46091,13,0,0,40,0
6772,53,170050,10,0,0,40,0
6775,28,217545,9,0,0,40,0
6779,31,310429,9,0,0,70,0
6781,46,124356,12,0,0,40,1
6785,28,258862,11,0,0,18,0
6793,23,334105,12,0,0,40,0
6794,41,115323,10,0,0,40,1
6795,31,157289,13,0,0,52,0
6799,48,103406,13,0,0,35,1
6801,18,23940,10,0,0,40,0
6802,46,45857,9,0,0,33,0
6803,29,195557,12,0,0,40,0
6804,44,229148,9,0,0,35,0
6805,21,152328,13,0,0,40,0
6809,61,182163,10,0,1902,40,1
6810,34,442656,7,0,0,65,0
6811,30,111363,10,0,0,40,0
6813,45,156065,13,0,0,40,0
6814,45,243743,13,0,0,60,1
6816,37,86308,13,0,0,40,1
6817,35,216068,12,0,0,40,0
6821,44,122749,9,0,0,35,0
6822,44,254303,14,0,0,40,1
6825,33,214288,9,0,1848,48,1
6827,35,412017,6,0,0,38,0
6828,41,236900,9,0,0,40,0
6829,33,289442,9,0,0,40,0
6830,33,237298,10,0,0,40,0
6831,36,47072,9,0,0,8,0
6832,25,197036,10,0,0,50,0
6834,53,350131,13,0,0,48,1
6835,35,150057,9,4386,0,48,0
6836,40,190650,13,0,0,45,1
6839,47,191776,10,0,0,8,0
6841,28,197288,7,0,0,30,0
6842,36,239409,9,0,0,50,0
6843,48,195554,4,0,0,40,0
6846,76,224058,6,0,0,20,0
6847,23,232799,9,2977,0,55,0
6848,29,174163,14,0,0,40,0
6850,62,97950,13,0,0,6,0
6851,26,342765,9,0,0,50,0
6856,33,124161,9,0,0,50,0
6857,48,105357,9,0,0,40,0
6862,52,297906,16,0,0,40,1
6863,25,189663,14,0,0,40,0
6864,39,339029,13,0,0,50,0
6865,39,87076,9,0,0,45,1
6868,26,176756,9,0,0,75,1
6869,69,214923,15,0,0,35,1
6870,21,191789,10,0,0,10,0
6871,19,238383,6,0,0,40,0
6874,49,174274,9,0,0,80,0
6876,40,30201,11,0,0,35,0
6884,36,112660,9,0,0,40,0
6885,61,294466,10,0,0,40,0
6886,58,201011,4,0,0,24,0
6887,47,27624,9,0,0,65,1
6888,31,385959,13,0,0,50,0
6891,62,242341,10,0,0,40,0
6892,23,195016,10,0,0,35,0
6893,47,174794,14,0,0,40,1
6895,17,166360,6,0,0,30,0
6898,45,149169,10,0,0,50,0
6905,40,305348,5,0,0,40,0
6907,45,247379,10,0,0,50,0
6913,46,324550,9,0,0,40,0
6919,21,162688,9,0,0,40,0
6922,40,68111,9,0,0,45,0
6924,21,479296,9,0,0,40,0
6925,39,323385,10,0,0,70,0
6926,63,162772,9,0,0,35,1
6927,53,27166,9,10520,0,40,1
6928,55,142642,9,0,0,40,0
6931,52,234286,10,0,0,84,0
6933,35,32528,10,0,0,40,0
6934,45,132847,13,0,0,50,0
6935,46,279724,9,0,0,45,0
6938,39,112264,9,0,0,40,0
6939,51,93690,9,0,0,40,1
6940,52,178983,9,0,0,40,0
6942,48,283037,13,0,0,40,0
6944,30,202450,9,0,0,40,0
6945,29,272569,6,0,0,40,0
6946,53,231865,8,0,0,40,1
6951,22,160369,10,0,0,20,0
6952,29,303440,11,0,0,40,0
6953,44,263871,9,0,0,40,0
6954,55,28338,11,0,0,40,0
6960,59,304779,13,0,0,35,0
6961,58,143266,9,0,0,40,0
6963,34,257128,9,0,0,40,0
6964,45,78507,11,0,0,40,1
6965,28,490332,13,3103,0,40,1
6967,44,95298,16,0,0,70,1
6969,33,107142,8,0,0,40,0
6971,26,201579,10,0,0,40,0
6974,53,161691,14,4865,0,40,0
6975,41,223410,13,7688,0,40,1
6976,90,250832,9,2414,0,40,0
6984,51,73493,10,0,0,60,0
6985,54,320012,10,0,0,40,0
6990,40,171424,14,0,0,50,0
6993,25,80220,8,0,0,40,0
6994,19,216413,10,0,0,20,0
6996,30,178835,10,0,0,55,0
6998,35,167482,13,0,0,60,0
6999,32,26543,10,0,2231,40,1
7001,46,87018,13,0,0,40,0
7002,24,251603,9,0,0,40,0
7003,44,366180,13,0,0,50,0
7004,42,186916,14,0,2415,55,1
7007,48,199058,13,0,0,35,1
7010,65,132340,9,0,0,3,0
7013,20,298871,9,0,0,10,0
7014,26,142760,11,0,0,50,0
7015,30,200700,10,0,0,40,0
7019,18,416541,5,0,0,16,0
7021,30,180317,11,0,0,40,0
7026,64,189634,10,0,0,50,0
7028,42,445382,12,0,0,40,0
7031,26,152452,9,0,0,40,0
7033,28,153813,10,0,0,38,0
7035,47,51664,7,0,0,60,0
7036,46,334421,13,0,0,40,0
7037,35,239415,9,0,0,42,0
7040,54,108739,7,0,0,40,0
7041,34,340917,9,2174,0,45,0
7042,54,160636,9,0,0,40,0
7045,18,347829,7,0,0,4,0
7047,37,347189,9,0,0,55,1
7049,43,43533,3,0,0,40,0
7051,36,367216,10,0,0,28,0
7052,23,408988,10,0,0,38,0
7053,48,175662,9,0,0,24,0
7055,26,311743,9,0,0,39,0
7058,25,201481,13,0,0,40,0
7063,31,108322,10,0,0,28,0
7065,24,160122,13,0,0,20,0
7070,33,44623,9,0,0,45,0
7071,22,199005,12,0,0,40,0
7075,23,196508,10,0,0,24,0
7077,37,143774,9,0,0,50,0
7080,53,171058,10,0,0,40,0
7081,40,335400,10,0,0,40,0
7086,50,240989,2,0,0,40,0
7087,47,216093,9,15024,0,40,1
7088,42,111483,13,0,0,60,1
7089,24,214810,11,0,0,35,0
7092,18,173923,10,0,0,10,0
7094,18,113814,9,0,0,40,0
7095,41,118768,12,0,0,48,0
7096,62,34916,10,0,0,40,1
7098,46,179869,9,0,0,40,0
7099,48,259131,10,5455,0,40,0
7101,53,448862,9,0,0,40,0
7102,31,150553,12,0,0,40,0
7105,19,134252,9,0,0,35,0
7107,35,185621,13,0,0,40,0
7108,24,278391,12,0,0,30,0
7109,22,174907,10,0,0,15,0
7112,34,183557,9,0,0,20,0
7114,20,169188,10,0,0,30,0
7115,46,203785,10,0,0,40,1
7116,49,196707,13,0,0,45,1
7117,37,190297,13,0,0,45,1
7118,18,255595,7,0,0,5,0
7122,43,212490,11,0,0,40,0
7123,61,215766,13,0,0,50,1
7124,46,261688,9,0,0,40,0
7125,39,123417,13,0,0,60,0
7127,58,32954,10,0,0,40,0
7128,47,224752,10,0,0,40,0
7130,37,176159,13,0,0,40,1
7131,28,189407,9,0,0,55,0
7136,40,37848,9,0,0,40,0
7137,37,54595,9,0,0,40,0
7141,40,299197,9,0,0,23,0
7143,28,70034,5,0,0,40,0
7150,51,22743,9,0,1740,40,0
7152,19,181242,10,0,0,40,0
7154,22,99199,10,0,0,50,0
7159,58,52090,15,0,0,40,1
7160,83,107338,10,0,0,12,0
7161,45,32356,13,0,0,55,1
7162,47,50092,13,0,1138,40,0
7163,28,311446,9,0,0,40,0
7164,29,128553,11,0,0,40,0
7165,23,203203,13,0,0,40,0
7168,30,170449,14,0,0,40,1
7169,57,221417,13,0,0,40,1
7170,80,156942,2,0,0,15,0
7175,36,152307,9,7298,0,55,1
7176,61,53777,15,0,0,50,0
7177,23,60668,10,0,0,55,0
7178,34,132544,10,0,0,99,0
7179,53,277772,9,0,0,40,0
7187,47,189498,9,0,0,65,1
7191,25,164488,12,0,0,45,0
7198,26,102476,10,0,0,40,0
7200,30,202450,9,0,0,40,0
7201,45,72393,9,0,0,35,0
7203,29,337944,7,0,0,60,0
7206,60,772919,13,0,0,25,0
7207,26,143062,10,0,0,40,0
7208,31,32593,13,0,0,40,0
7211,50,123429,9,0,0,40,1
7213,37,318891,10,0,0,40,0
7214,20,259788,9,0,0,40,0
7216,63,334418,2,0,0,40,0
7217,38,166497,15,0,0,60,1
7219,35,107477,10,0,0,40,0
7220,20,37932,9,0,0,45,0
7222,38,157473,11,0,0,48,0
7224,27,186733,9,0,0,50,0
7226,31,187689,13,0,0,40,0
7228,53,270655,8,0,0,45,1
7233,57,247337,9,0,0,72,0
7236,55,72812,9,0,0,36,0
7237,26,192549,10,0,0,40,0
7238,43,54310,13,0,0,50,0
7240,30,233433,9,0,0,45,0
7241,24,106373,9,0,0,40,0
7244,40,69495,9,0,0,40,0
7247,50,181498,9,0,0,40,0
7249,23,120601,11,0,0,40,0
7251,59,259673,10,0,0,40,0
7252,48,126441,2,0,0,45,0
7254,43,33658,10,0,3004,40,1
7255,36,234901,10,0,0,40,0
7257,75,124660,9,0,0,40,1
7260,17,172548,5,0,0,8,0
7262,58,127539,6,2407,0,25,0
7263,25,180246,13,0,1408,40,0
7264,34,377017,14,0,0,40,0
7265,41,144925,10,0,0,40,0
7267,19,153019,9,0,0,40,0
7268,47,32825,10,0,0,60,0
7269,46,114120,10,0,0,38,0
7270,36,92440,10,0,0,40,0
7272,51,165953,9,0,0,45,0
7274,50,106422,9,0,1485,37,1
7275,49,167281,9,0,0,40,0
7276,21,137895,10,0,0,40,0
7277,52,177487,9,0,0,40,0
7279,66,51415,11,4931,0,98,0
7280,36,134367,13,0,0,32,1
7283,20,206008,9,0,0,40,0
7284,22,149342,10,0,0,35,0
7290,19,39026,9,0,0,40,0
7294,34,392518,9,0,0,40,0
7295,24,229826,13,0,0,20,0
7296,62,185503,14,0,0,50,1
7298,45,168232,9,0,0,56,1
7301,39,31964,9,0,0,80,1
7304,36,305319,14,0,0,50,1
7309,38,179481,9,0,0,40,0
7310,27,199118,10,0,0,40,0
7312,53,185407,9,0,0,40,1
7315,25,104830,13,0,0,15,0
7317,71,216601,7,0,0,40,0
7318,28,91670,13,0,0,40,0
7320,57,122562,6,0,0,60,1
7321,35,109133,9,3674,0,52,0
7322,35,196123,12,0,0,40,1
7323,55,123436,11,0,0,40,1
7325,44,297248,9,0,0,40,0
7326,23,117363,13,0,0,35,0
7327,41,79864,11,0,0,40,0
7329,46,155509,13,0,0,32,0
7331,35,153832,11,0,0,35,0
7332,53,147629,12,0,0,80,1
7333,33,488720,3,0,0,40,0
7336,37,229647,9,0,0,42,0
7337,57,321456,9,0,0,20,0
7339,32,226010,9,0,0,60,0
7341,33,130057,12,0,0,45,0
7343,32,155193,9,0,0,55,0
7345,51,299353,10,0,0,56,0
7347,65,190160,13,99999,0,40,1
7348,67,283416,14,0,0,40,0
7352,34,346736,12,0,0,50,0
7353,26,264055,10,0,0,55,0
7354,22,309620,9,0,0,45,0
7355,39,224541,12,0,0,40,1
7363,47,207120,9,0,0,44,0
7366,45,200471,10,0,2415,40,1
7370,45,174127,10,0,0,40,0
7371,26,110103,9,0,1762,40,0
7373,32,211239,10,0,0,40,1
7375,35,90406,9,0,0,60,0
7376,27,199998,9,0,0,32,0
7377,73,132350,4,0,0,18,0
7382,27,34254,13,0,0,40,0
7383,51,178693,13,0,0,50,1
7384,47,168262,10,0,0,60,1
7387,39,122353,13,7688,0,50,1
7388,18,37315,10,0,0,50,0
7390,21,55465,12,0,0,15,0
7394,27,171356,12,0,0,40,0
7395,53,197189,9,0,0,72,1
7396,47,112362,6,0,0,40,0
7397,21,228326,9,0,0,40,0
7401,34,33117,9,0,0,40,0
7402,64,217380,15,0,2559,60,1
7403,36,157954,9,0,0,40,0
7405,61,224981,6,0,0,18,0
7409,22,21154,9,0,1590,32,0
7416,51,197189,9,0,0,40,0
7417,30,182191,13,2202,0,38,0
7418,47,242559,10,0,1408,40,0
7419,90,122348,15,20051,0,45,1
7420,44,40024,9,0,0,40,0
7429,21,280081,10,0,0,40,0
7431,39,111000,14,0,0,35,0
7432,26,135521,11,0,0,28,0
7434,35,295127,10,0,0,50,0
7435,60,102310,12,0,0,45,0
7436,48,240175,7,0,0,22,0
7438,61,243019,1,0,0,40,0
7439,33,215596,5,0,0,40,0
7444,51,29937,9,0,0,20,0
7447,55,256984,10,0,0,40,0
7451,24,195770,10,0,0,40,0
7452,49,102737,11,0,0,40,0
7453,35,191779,10,0,0,40,1
7455,62,196891,13,0,0,40,1
7458,21,140001,10,0,0,30,0
7460,53,172962,15,0,0,40,1
7461,37,88215,14,0,0,40,0
7462,18,110142,7,0,0,15,0
7463,41,136986,10,0,0,40,0
7467,38,143123,9,0,0,40,0
7468,36,60269,13,0,0,40,1
7469,33,82623,9,4386,0,48,1
7470,40,99666,9,0,0,55,0
7474,17,311288,7,0,0,24,0
7477,34,117963,14,0,0,43,1
7483,41,43501,10,0,0,40,1
7484,24,83774,9,0,0,40,0
7485,37,216845,1,0,0,40,0
7489,55,194371,9,0,0,40,1
7491,22,444554,13,0,0,50,0
7493,27,604045,13,27828,0,40,1
7494,36,241126,10,0,0,40,0
7496,48,158451,13,914,0,40,0
7498,36,33157,10,0,0,50,1
7500,33,26252,12,0,0,40,0
7504,40,199513,14,0,1408,50,0
7507,54,137069,15,0,0,40,0
7509,47,193960,10,7298,0,45,1
7510,33,170651,13,0,1977,38,1
7515,34,140011,9,0,0,45,0
7516,53,411700,9,7298,0,40,1
7517,26,179633,10,0,0,40,0
7518,57,317690,14,7688,0,60,1
7520,41,165304,10,0,0,50,0
7521,57,192325,9,0,0,42,0
7522,53,385183,10,0,0,60,0
7529,65,106161,12,0,0,40,0
7530,36,48160,13,0,0,40,0
7531,30,55176,9,0,0,30,0
7533,55,250149,10,0,0,40,1
7534,62,221064,10,0,0,40,0
7535,27,87745,11,0,0,70,0
7538,18,295607,6,0,0,40,0
7539,84,163443,4,0,0,3,0
7540,78,213136,9,0,0,24,0
7541,23,107882,13,0,0,50,0
7542,35,214378,9,0,0,40,0
7543,24,236427,10,0,0,40,1
7545,33,204780,10,15024,0,40,1
7549,27,211259,14,0,0,40,1
7550,45,35136,13,0,0,40,1
7552,48,93449,15,99999,0,40,1
7554,60,180632,8,0,0,40,0
7558,49,312552,9,0,2002,70,0
7559,39,226947,4,0,0,40,0
7560,40,29393,9,0,0,40,0
7562,52,146574,15,0,0,40,1
7564,26,316688,10,0,0,40,0
7566,41,188436,9,0,0,20,0
7567,41,80666,10,0,0,50,1
7569,31,192039,12,0,0,40,0
7570,34,181091,10,0,0,50,0
7574,35,348771,9,0,0,40,0
7576,77,213136,16,0,0,40,0
7578,47,95155,13,0,0,43,1
7583,61,179791,9,0,0,40,0
7584,25,110010,9,0,0,40,0
7588,53,163815,7,0,2179,41,0
7590,33,96245,9,0,0,99,0
7594,27,194759,12,0,0,50,0
7595,61,260062,6,4416,0,38,0
7597,42,46743,10,0,0,25,0
7598,20,112387,6,0,0,40,0
7599,22,324685,5,0,0,32,0
7601,45,187510,14,0,0,40,1
7602,26,188703,14,0,0,40,0
7603,38,127961,13,7688,0,40,1
7604,34,200117,9,0,0,40,0
7607,27,239130,15,0,0,40,0
7608,24,165475,9,0,0,25,0
7609,46,328216,15,0,1902,45,1
7611,42,206066,14,0,0,45,0
7613,28,104870,11,0,0,48,0
7617,49,140782,6,0,0,40,0
7618,37,216129,9,0,0,45,0
7619,65,65757,9,0,0,40,0
7620,35,264758,10,0,0,40,0
7622,48,216689,9,0,0,40,0
7623,19,139517,7,0,0,25,0
7624,65,188903,9,6418,0,45,1
7625,18,170094,9,0,0,20,0
7627,27,189565,9,0,0,40,0
7628,46,347993,2,0,0,40,0
7631,25,165457,13,2463,0,40,0
7632,49,175428,10,0,0,40,1
7633,78,143574,10,0,0,5,0
7634,34,349148,15,0,0,40,1
7637,21,464484,9,0,0,40,0
7639,30,348592,9,0,0,40,0
7641,32,152156,9,0,0,53,0
7642,55,141807,9,0,0,40,0
7644,43,203233,9,0,0,50,1
7645,51,28978,10,0,0,40,0
7646,53,116211,10,0,0,40,0
7648,19,283945,9,0,0,35,0
7649,43,115178,13,0,0,43,1
7650,48,77102,16,0,0,45,1
7652,53,129301,10,0,0,45,1
7655,36,206951,10,0,0,40,0
7656,27,587310,12,0,0,40,0
7657,76,328227,13,5556,0,13,1
7658,35,100634,10,0,0,40,0
7659,49,274200,9,0,0,72,0
7662,22,138513,13,0,0,15,0
7663,37,219137,4,0,0,44,0
7664,23,265148,13,0,0,55,0
7666,18,197600,7,0,0,20,0
7667,36,167415,9,0,0,40,0
7668,44,13769,10,0,0,40,1
7669,26,109390,9,0,0,40,0
7673,22,200973,12,0,0,12,0
7677,46,212162,3,0,0,40,0
7680,45,165267,5,0,0,40,0
7681,28,122037,13,0,0,55,1
7683,21,262634,4,0,0,36,0
7686,37,130200,9,0,0,70,1
7688,47,308857,13,0,0,50,0
7690,64,210464,14,0,0,40,0
7692,27,192140,9,0,0,20,0
7698,42,159911,9,0,0,24,0
7699,25,389456,10,0,0,30,0
7706,19,218956,10,0,0,20,0
7707,27,37359,13,0,0,40,0
7711,39,193026,16,0,0,55,1
7712,72,336423,3,0,0,40,0
7714,30,153876,12,0,0,53,0
7715,22,269687,10,0,0,35,0
7717,43,151504,9,0,0,40,0
7719,59,164970,9,0,0,60,0
7723,54,55139,13,0,0,43,0
7725,41,222813,12,0,0,45,1
7727,54,386773,10,0,0,60,0
7731,34,320027,9,0,0,50,0
7736,30,90308,1,0,0,28,0
7738,49,241688,9,0,0,60,0
7739,22,467759,9,0,0,48,0
7741,56,47392,11,0,0,40,1
7742,37,97925,9,0,0,40,0
7743,18,243240,10,0,0,15,0
7746,43,212206,11,0,0,40,1
7752,35,22494,13,0,0,50,1
7753,36,219745,9,0,0,40,0
7757,51,106365,12,0,0,40,0
7759,37,73199,9,0,0,40,1
7760,49,362679,11,0,0,9,1
7763,42,37997,13,0,0,40,0
7764,47,162067,14,0,0,40,0
7765,35,133839,10,0,0,40,1
7766,33,398874,13,0,0,40,0
7767,26,289224,13,0,0,40,0
7771,66,115880,9,0,0,24,0
7774,35,277347,9,0,0,55,0
7775,43,220445,9,0,0,40,0
7776,29,231507,9,0,0,35,0
7777,28,184477,11,0,0,60,0
7780,46,274689,12,0,0,40,0
7781,24,148315,9,0,0,45,0
7782,24,99844,14,0,0,60,0
7787,33,183125,9,0,0,45,0
7788,28,269317,9,0,0,42,0
7789,46,107682,9,0,0,38,0
7791,50,46401,13,0,0,20,0
7795,22,242138,9,0,0,40,0
7796,39,203070,10,0,0,40,1
7797,39,266960,10,0,0,25,0
7799,65,244749,9,0,0,20,0
7801,25,207258,5,0,0,40,0
7803,50,233149,11,0,0,50,1
7808,38,259846,9,0,0,60,1
7810,23,185948,9,0,0,40,0
7811,67,187553,4,0,0,40,0
7816,43,183674,8,0,0,25,0
7817,34,538243,10,0,0,40,0
7818,38,108947,9,2174,0,40,0
7819,35,128516,9,0,0,45,0
7826,27,210020,9,0,0,40,0
7828,59,441227,14,7298,0,50,1
7829,38,341943,9,0,0,40,0
7830,64,38274,4,0,0,40,0
7831,35,327435,10,0,0,45,1
7832,27,175262,10,0,0,40,0
7837,37,196373,9,0,0,40,1
7840,37,198492,9,0,0,40,0
7844,18,39222,7,0,0,30,0
7846,53,261207,9,0,0,40,0
7847,36,131192,9,0,0,40,1
7848,75,148214,9,0,0,25,0
7849,54,155965,9,0,0,56,0
7851,47,97883,9,0,0,48,0
7852,52,177942,9,0,0,40,1
7856,19,205953,9,0,0,20,0
7860,30,378009,9,0,0,40,0
7861,48,233511,9,0,0,40,1
7868,41,274158,10,0,0,30,0
7871,19,257421,10,0,0,15,0
7879,43,248094,9,0,0,44,1
7881,46,173938,14,15024,0,50,1
7883,31,145439,9,0,0,40,0
7884,24,324445,9,0,0,40,0
7885,32,176410,9,0,0,38,0
7888,51,76044,14,4787,0,35,1
7889,28,87632,10,0,0,43,0
7891,46,37718,12,0,1977,50,1
7893,45,277434,13,0,0,50,0
7894,28,209205,10,0,0,44,0
7895,75,34235,9,2964,0,14,0
7896,41,141186,9,0,0,40,0
7898,31,174215,9,0,0,35,0
7900,64,109108,9,0,0,20,0
7902,51,250054,10,0,0,40,0
7906,28,238859,9,0,0,20,0
7907,26,239303,13,3942,0,7,0
7908,33,310655,14,0,0,45,0
7910,30,94235,13,0,1977,50,1
7911,45,135339,10,0,0,45,0
7913,36,52532,9,0,0,40,0
7915,29,229124,9,0,0,48,1
7918,31,48520,9,0,0,30,0
7919,66,439777,6,0,0,25,0
7920,49,191389,9,0,0,40,0
7926,21,211013,10,0,0,40,0
7930,46,265097,9,0,0,40,0
7932,61,142988,10,0,0,40,0
7936,36,181705,10,0,0,40,0
7943,31,92179,6,0,0,40,0
7944,66,50408,8,0,0,20,0
7945,50,191013,9,0,0,40,0
7948,49,80026,4,0,0,50,0
7949,33,93056,9,0,0,40,0
7950,38,414791,9,0,0,40,1
7951,20,37894,10,0,1719,30,0
7952,31,164243,9,0,0,55,1
7954,22,26248,9,0,0,50,0
7955,41,244522,9,7688,0,42,1
7956,39,183279,13,7298,0,40,1
7958,25,220220,9,0,0,47,0
7960,26,238787,13,0,0,20,0
7963,43,136986,13,7298,0,50,1
7964,47,61062,16,2354,0,45,0
7968,25,128699,13,0,0,45,0
7969,59,171328,13,2202,0,37,0
7971,42,97688,9,7298,0,40,1
7973,25,67240,13,0,0,35,0
7974,27,1490400,10,0,0,40,0
7976,40,180206,12,0,0,40,1
7978,36,314373,9,0,0,50,0
7980,44,209093,13,0,0,40,0
7982,43,163434,9,0,0,40,1
7983,43,326701,3,0,0,40,0
7986,31,408208,9,0,0,30,0
7989,37,201141,9,0,0,40,0
7993,24,72887,9,0,0,40,0
7994,49,56551,5,5455,0,45,0
7995,22,227603,10,0,0,30,0
8001,37,52630,10,0,0,40,0
8013,29,190539,14,0,0,55,1
8015,47,59987,9,0,2002,42,0
8016,33,111746,9,0,0,48,0
8017,24,162958,12,0,1980,50,0
8020,25,301634,12,0,0,40,0
8023,19,768659,10,0,0,60,0
8025,30,188798,9,0,0,40,0
8027,21,223515,10,0,0,40,0
8030,34,764638,15,4787,0,47,1
8034,40,157403,10,0,0,38,0
8035,31,124483,14,0,0,60,1
8036,32,26803,9,0,0,50,1
8038,37,119992,3,0,2603,60,0
8042,61,29797,9,0,0,40,0
8043,28,54670,12,0,0,40,0
8044,47,192713,9,0,0,50,1
8052,30,195602,8,0,0,44,0
8054,51,192588,13,0,0,35,0
8055,44,160837,3,0,0,40,0
8056,54,128378,14,0,0,40,0
8059,31,151763,10,0,0,40,0
8062,44,240900,13,0,0,40,1
8065,30,437458,10,0,0,40,1
8068,58,270131,3,0,0,70,0
8069,48,216414,13,0,1977,70,1
8071,45,144086,9,0,0,40,1
8078,60,40856,9,0,1741,40,0
8081,34,190151,9,0,0,32,0
8093,41,118544,10,0,0,12,0
8095,34,56460,13,0,0,41,0
8097,17,154337,7,0,0,13,0
8099,47,175847,3,0,0,40,1
8100,34,229731,9,0,0,35,0
8102,58,215900,9,0,0,40,0
8103,75,186792,9,0,0,16,0
8105,45,122002,10,0,0,40,0
8107,34,349148,10,0,0,63,0
8112,41,175398,9,0,0,45,0
8113,30,175455,9,0,0,40,0
8114,17,194946,7,0,0,20,0
8118,44,196797,13,0,0,36,1
8120,42,27085,10,0,0,40,0
8122,25,168358,9,0,0,40,0
8123,40,167725,9,0,0,40,0
8124,20,91819,10,0,0,20,0
8126,59,201159,8,0,0,48,0
8127,18,137363,10,0,0,20,0
8128,27,164725,9,3464,0,35,0
8131,33,35306,5,0,0,44,0
8132,63,198206,10,0,0,30,0
8134,30,143078,15,0,0,40,0
8137,49,164495,12,0,0,35,0
8139,49,105959,10,0,0,41,1
8141,28,159623,9,0,0,40,0
8143,57,47621,5,0,0,38,0
8145,66,48034,9,0,0,16,0
8147,57,104724,9,0,0,40,1
8148,25,129806,9,0,0,48,0
8149,35,170174,10,0,0,40,0
8150,23,265148,13,0,0,40,0
8151,29,192237,10,0,0,40,0
8155,30,140612,9,0,2051,40,0
8156,26,191573,12,0,0,40,1
8157,52,203635,9,0,0,40,1
8160,34,31752,9,0,0,40,0
8162,26,135848,13,0,0,10,0
8164,47,275163,9,0,0,45,0
8169,58,193720,9,0,0,20,0
8171,22,54560,9,0,0,60,0
8172,34,214288,9,3411,0,80,0
8173,45,88500,13,7298,0,40,1
8175,40,225263,10,0,0,45,1
8178,44,228516,9,0,0,20,0
8182,40,153799,13,0,0,72,1
8183,67,101761,10,0,0,40,1
8186,17,157111,6,0,0,40,0
8187,51,85877,9,99999,0,60,1
8188,72,32819,14,0,0,30,0
8192,21,60668,9,0,0,50,0
8194,29,190756,7,0,0,44,0
8197,67,121395,13,0,0,12,0
8199,35,302239,10,0,0,40,0
8200,41,718736,10,0,0,40,0
8202,29,158096,13,0,0,40,0
8204,23,325596,13,0,0,40,0
8205,31,120461,10,0,0,50,0
8207,22,125010,13,0,0,30,0
8209,46,36020,13,0,0,40,0
8211,32,349148,12,0,0,40,1
8212,44,148805,9,0,0,33,0
8213,24,285775,13,0,0,40,0
8216,24,117222,9,0,0,40,0
8218,59,172667,9,0,0,40,0
8220,33,292317,5,0,0,40,0
8221,34,182918,13,7298,0,46,1
8223,41,119207,9,0,0,40,0
8225,47,284907,9,0,0,40,0
8226,65,190160,10,0,1944,20,0
8228,45,169324,5,0,0,40,0
8229,22,191460,6,0,0,40,0
8230,36,219155,10,0,0,50,1
8231,66,52654,7,0,0,32,0
8232,64,198466,9,0,0,70,0
8233,47,255965,15,15024,0,50,1
8236,44,206927,13,7688,0,40,1
8240,17,102446,8,0,0,35,0
8247,68,159643,9,0,0,15,0
8248,51,22743,9,0,0,50,0
8251,36,163380,6,0,0,40,0
8253,32,153353,9,0,0,40,1
8254,75,134414,10,0,0,50,0
8255,25,39212,13,0,0,40,0
8256,42,344060,9,7298,0,40,1
8257,17,140240,7,0,0,20,0
8259,32,285946,13,0,0,50,0
8260,34,216645,9,0,0,40,1
8261,54,54065,4,0,0,40,0
8262,24,44159,8,0,0,40,0
8264,44,296982,9,0,0,48,0
8265,56,277203,13,0,0,40,1
8266,39,153949,9,0,0,30,0
8267,46,269890,13,0,0,40,0
8269,39,176050,10,0,1848,47,1
8271,18,477083,7,0,0,30,0
8272,50,221532,9,0,0,40,1
8275,26,248776,10,0,0,40,0
8277,42,191149,9,0,0,40,1
8279,20,281743,10,0,0,50,0
8280,27,212041,13,0,0,50,0
8282,54,117198,9,0,0,40,0
8283,38,202937,12,0,0,40,1
8284,53,201062,9,0,0,2,0
8287,54,76268,9,0,0,80,0
8292,34,201292,11,0,0,50,0
8293,39,360814,8,0,0,50,0
8297,38,184456,9,0,0,55,1
8300,60,359988,10,0,0,12,0
8306,32,219553,7,0,0,60,0
8307,23,308924,9,0,0,40,0
8309,55,164970,9,0,0,38,0
8311,33,250804,13,0,0,50,0
8312,30,85374,10,0,0,45,0
8316,54,155737,13,8614,0,40,1
8321,32,291414,16,0,0,35,1
8323,45,324655,13,0,0,40,0
8325,30,184435,9,0,0,40,0
8328,21,225311,9,0,0,40,0
8329,40,33474,14,0,0,60,0
8330,42,126319,9,0,0,35,0
8332,50,85815,11,0,0,38,1
8336,31,114691,7,0,0,40,0
8337,22,227943,10,0,0,44,0
8346,47,80451,4,0,0,40,0
8348,29,189702,13,10520,0,50,1
8351,42,53956,9,0,0,40,0
8353,44,151933,10,0,1485,40,1
8354,47,100931,14,0,0,45,0
8356,24,153082,9,0,0,35,0
8357,46,182414,16,0,0,55,1
8359,36,176536,10,0,0,42,0
8360,37,237943,11,0,0,50,0
8361,20,117789,10,0,0,10,0
8364,36,122493,9,0,0,40,0
8365,57,110820,9,0,0,40,1
8367,43,215896,10,0,0,50,0
8369,50,169078,9,4386,0,40,1
8370,69,227906,9,3456,0,30,0
8371,57,61298,3,0,0,40,0
8373,48,64156,10,0,0,45,0
8374,61,56248,2,0,0,60,1
8376,41,123490,11,0,0,40,1
8377,60,420842,12,0,0,40,0
8382,24,200153,11,0,0,40,0
8383,70,187972,9,0,0,40,0
8386,36,359131,10,0,0,50,0
8390,40,145246,10,0,0,40,0
8391,51,185490,9,0,0,40,0
8392,29,217424,14,0,0,50,1
8398,49,393691,10,0,0,40,1
8401,22,190457,6,0,0,35,0
8403,39,166697,9,0,0,35,0
8404,24,310355,13,0,0,20,0
8405,31,300828,9,0,0,30,0
8409,42,102988,14,0,0,55,1
8410,67,330144,11,0,0,18,0
8412,35,179481,13,0,0,60,1
8414,32,172402,10,0,0,40,0
8415,44,54611,9,0,0,40,0
8423,46,111410,7,0,0,40,0
8425,24,51985,9,0,0,40,0
8426,45,302584,13,0,0,40,0
8430,29,372149,9,0,0,35,0
8431,53,203967,9,0,0,40,0
8433,45,139268,13,0,0,60,1
8434,38,349198,12,0,0,21,1
8436,53,196395,13,0,0,40,1
8438,44,347653,11,0,0,50,0
8446,23,34431,9,0,0,40,0
8447,21,180690,9,0,0,40,0
8451,27,81648,13,0,0,40,0
8453,31,184570,9,0,0,40,0
8456,37,182148,13,0,0,39,0
8459,43,265604,9,0,0,40,0
8461,34,320077,13,0,0,50,1
8462,56,201817,9,0,0,40,0
8468,66,30740,10,0,0,20,0
8470,65,237024,2,0,0,35,0
8472,18,127388,7,0,0,20,0
8473,45,72393,13,0,0,38,0
8474,55,160813,9,0,0,60,0
8482,63,252457,9,0,0,40,0
8483,60,142769,10,0,0,40,1
8484,32,49539,10,3674,0,40,0
8485,33,249438,9,0,0,40,0
8487,68,198884,9,0,0,25,0
8488,53,229259,12,0,0,45,1
8489,36,289223,10,0,1848,40,1
8490,23,42401,13,0,0,50,0
8492,42,214781,13,0,1876,38,0
8493,20,95552,9,0,0,40,0
8495,36,185394,9,0,0,40,0
8497,35,195946,12,0,0,40,0
8500,22,169022,9,0,0,48,0
8501,28,209301,9,0,1848,40,1
8507,50,200618,14,0,0,60,1
8508,58,177368,9,3137,0,16,0
8511,28,134890,13,0,1974,50,0
8512,38,179579,16,0,0,60,1
8514,76,99328,13,6514,0,40,1
8515,41,224799,14,0,0,55,1
8516,57,231781,14,0,0,50,1
8517,22,41763,10,0,0,40,0
8522,22,150683,9,0,0,20,0
8523,40,188615,7,15024,0,20,1
8524,73,159007,13,0,0,12,0
8525,23,130959,13,2407,0,6,0
8528,46,193188,14,0,0,40,0
8529,29,136277,9,0,0,16,0
8530,34,137991,13,0,0,35,0
8533,30,185384,9,0,0,50,0
8535,40,111779,7,0,0,36,0
8542,23,141427,13,0,0,40,0
8544,33,114764,10,0,0,40,0
8545,50,151143,9,0,0,40,0
8546,37,176357,10,0,0,40,0
8547,29,190303,13,2463,0,15,0
8560,38,179671,9,0,0,48,0
8564,31,326104,13,0,0,45,0
8565,51,126850,9,0,0,65,0
8568,20,353696,10,0,0,28,0
8569,36,238342,10,0,0,40,0
8570,22,882849,13,0,0,35,0
8573,31,111567,13,0,0,40,0
8574,43,279996,9,0,0,20,0
8576,53,30846,9,0,0,40,0
8578,35,140564,10,5013,0,40,0
8579,37,243177,10,0,0,40,0
8582,47,247379,9,0,0,45,0
8590,30,172830,13,3325,0,40,0
8594,52,164473,9,0,0,38,0
8595,40,144778,13,0,0,40,1
8603,45,265477,14,0,0,40,1
8606,35,397877,9,0,0,40,0
8608,34,283921,9,0,0,40,0
8613,32,124420,9,0,0,40,0
8614,34,289228,14,15024,0,45,1
8619,48,365516,9,0,0,35,0
8621,33,235124,10,0,0,40,0
8622,28,160731,9,0,0,40,0
8623,17,230999,7,0,0,16,0
8624,38,453663,9,0,0,44,0
8625,28,250967,9,2105,0,40,0
8629,36,34378,4,0,0,60,0
8632,55,293104,10,0,0,40,0
8633,55,380357,13,0,0,60,1
8634,36,101318,10,0,0,40,1
8638,43,71738,10,0,0,40,1
8642,38,81232,13,0,0,40,1
8644,21,117476,10,0,0,40,0
8645,28,198201,9,0,0,40,0
8646,57,167483,11,0,0,50,0
8647,19,150384,9,0,0,40,0
8649,34,33678,13,4508,0,35,0
8652,33,207561,13,0,0,40,0
8654,41,443508,16,99999,0,60,1
8662,20,262877,9,0,0,55,0
8665,46,24367,6,0,0,99,1
8667,63,205110,6,0,0,40,0
8669,37,264700,9,0,0,35,0
8671,58,153551,9,0,0,23,0
8672,43,186077,9,0,0,40,0
8674,45,216999,9,0,0,40,0
8675,48,107231,13,0,0,55,1
8678,29,90956,9,0,0,40,0
8680,57,37394,13,0,0,50,1
8681,25,30840,10,0,0,40,0
8684,20,176262,12,0,0,20,0
8686,51,373448,10,0,2002,40,0
8691,35,132879,9,0,0,40,0
8696,18,211344,9,0,0,40,0
8697,35,162302,10,0,0,32,0
8698,51,229225,14,0,0,18,1
8699,49,77404,10,0,0,44,1
8700,51,202044,13,0,0,55,0
8704,50,322840,11,0,0,40,1
8705,47,746660,13,0,1887,40,1
8706,54,84587,9,0,0,38,0
8709,52,210377,6,0,0,40,0
8711,33,327112,14,0,0,60,1
8713,62,189098,10,0,0,15,0
8714,27,26326,11,0,0,40,0
8716,45,255456,14,0,0,50,1
8718,32,167476,9,0,0,45,0
8720,36,186934,10,0,0,55,0
8723,51,250423,10,0,0,40,0
8724,29,334032,10,0,0,40,0
8727,33,212980,9,0,0,40,0
8729,35,167482,9,0,1980,40,0
8730,23,42251,13,0,0,40,0
8731,56,52822,10,0,0,70,0
8736,38,166549,9,0,0,50,0
8737,42,36296,9,0,0,40,0
8738,45,272442,14,0,0,50,1
8740,30,127651,13,15024,0,65,1
8747,53,186303,9,0,0,40,0
8748,26,488459,10,0,0,40,0
8749,66,423883,9,0,0,40,0
8750,34,117963,5,0,0,45,0
8751,57,38430,4,0,0,40,0
8753,18,116839,10,0,0,20,0
8755,35,110075,14,15024,0,50,1
8756,40,183096,13,0,0,40,0
8758,28,216178,9,0,0,40,0
8759,35,188391,13,0,0,55,1
8760,17,27251,7,0,0,40,0
8761,51,40230,9,0,0,60,0
8762,47,100009,10,0,0,30,0
8765,52,161482,10,0,0,40,0
8766,20,83141,9,4416,0,53,0
8767,68,31661,9,0,0,65,0
8769,53,99682,14,2174,0,40,0
8772,21,178363,10,0,0,20,0
8773,52,95872,14,0,0,55,0
8781,52,231865,9,0,0,46,0
8787,51,457357,9,0,0,45,0
8788,43,253811,15,0,2415,55,1
8789,48,501671,9,0,0,48,0
8790,35,227128,9,0,0,40,0
8791,40,39137,14,0,0,40,0
8794,29,99297,9,0,0,40,0
8799,39,370549,10,0,0,30,1
8800,44,234767,14,0,0,30,1
8801,40,104196,13,0,0,60,1
8802,22,52262,13,0,0,20,0
8803,22,285775,13,0,0,40,0
8804,60,235336,10,0,0,70,0
8807,24,292816,11,0,0,40,0
8808,26,66692,10,0,0,40,0
8809,55,120910,9,0,0,40,0
8810,36,116133,9,0,0,41,0
8814,64,169604,9,0,0,30,1
8816,23,73968,10,0,0,50,0
8818,31,258406,9,0,0,50,0
8822,19,149823,10,0,0,20,0
8823,20,60639,10,0,0,40,0
8827,58,204678,13,0,0,40,1
8828,48,218676,9,0,0,40,0
8829,35,95455,13,0,0,55,0
8830,53,335655,9,0,0,30,0
8835,23,291854,10,0,0,40,0
8837,77,153113,15,1455,0,25,0
8838,38,80680,6,0,0,40,0
8841,29,319998,5,0,0,40,0
8844,28,123983,14,0,0,54,0
8848,32,292217,9,2829,0,40,0
8849,44,198452,9,0,0,40,0
8852,37,216924,9,0,0,60,0
8853,26,206721,13,0,0,50,0
8856,46,91608,15,0,0,40,0
8858,42,70037,14,0,0,50,0
8861,44,320451,13,15024,0,40,1
8865,44,786418,9,0,0,60,0
8867,48,193188,11,0,0,40,1
8869,78,317311,9,0,0,40,0
8871,47,326048,9,0,0,40,0
8873,47,348986,9,0,0,28,0
8876,38,150057,14,0,0,50,0
8877,39,113725,14,8614,0,40,1
8884,61,349434,13,0,0,40,0
8888,40,77313,13,0,0,60,1
8892,39,102865,9,0,0,40,0
8893,47,209146,14,27828,0,40,1
8894,40,173001,10,0,1902,40,1
8895,40,277256,13,0,2559,55,1
8896,46,20534,14,0,0,20,0
8898,19,176936,9,0,0,30,0
8899,42,49255,14,4386,0,40,1
8903,64,209291,9,0,0,60,1
8906,22,361608,9,0,0,40,0
8907,43,257028,12,0,0,40,0
8909,21,176486,10,0,0,30,0
8911,34,198953,10,0,0,40,0
8916,19,466458,10,0,0,45,0
8917,30,90446,4,0,0,40,0
8919,25,120596,13,0,0,44,0
8920,36,345310,10,0,0,30,0
8921,20,94746,10,0,0,40,0
8926,33,158800,13,0,0,40,1
8931,52,161599,9,0,0,40,0
8933,40,231832,14,0,0,40,0
8937,53,241141,10,0,0,40,0
8938,70,127463,9,0,0,40,0
8939,58,175017,7,0,1672,40,0
8940,54,56741,9,0,0,40,0
8941,44,107683,11,4386,0,40,1
8942,42,270324,9,0,0,40,0
8944,34,167049,13,0,0,20,1
8948,57,75785,9,0,0,70,0
8949,71,137723,9,1455,0,3,0
8951,21,132247,10,0,0,35,0
8953,21,177144,10,0,0,22,0
8956,53,350510,3,0,0,40,0
8958,53,183668,9,3464,0,34,0
8959,46,168262,13,0,0,40,1
8961,36,189703,9,0,0,60,1
8963,23,173670,13,0,0,45,0
8965,39,33223,9,0,0,40,1
8967,57,50990,10,0,0,40,0
8970,45,377622,10,0,0,40,0
8971,64,217802,9,0,0,40,0
8972,19,39477,9,0,0,40,0
8981,23,175431,9,2174,0,40,0
8985,34,151733,11,0,0,55,0
8986,44,172026,9,0,0,40,1
8987,17,323164,6,0,0,35,0
8988,67,129824,4,0,0,6,0
8989,21,203715,9,0,0,40,0
8997,52,106728,12,0,0,40,0
9002,38,33975,13,0,0,45,0
9003,34,112115,13,0,0,40,1
9005,47,175958,10,0,0,21,0
9006,58,125317,16,0,0,60,1
9009,46,186256,10,0,1902,55,1
9010,35,126569,9,0,0,40,0
9011,27,89813,13,0,0,40,0
9012,41,149576,10,0,0,40,1
9013,22,220426,13,0,0,40,0
9015,32,94939,10,0,0,48,0
9016,29,104917,10,0,0,44,0
9017,23,314645,12,0,0,15,0
9018,81,108604,6,0,0,45,0
9021,19,450200,10,0,0,30,0
9023,42,242619,10,0,0,45,0
9024,18,357223,6,0,0,16,0
9032,23,24008,10,0,1719,40,0
9033,52,172962,10,0,0,40,1
9036,40,165858,12,0,0,80,1
9037,33,110592,8,0,0,40,0
9038,81,164416,15,0,0,45,1
9043,56,285832,14,0,0,70,0
9044,18,338717,7,0,0,25,0
9050,44,322044,10,0,0,40,0
9051,38,149347,10,0,0,48,0
9055,61,167840,9,0,2002,38,0
9056,31,180656,13,0,0,40,0
9057,41,197176,9,0,0,50,0
9059,34,23940,10,0,0,40,0
9070,56,71075,12,0,0,30,0
9071,18,233740,7,0,0,18,0
9072,65,185455,10,0,0,40,1
9074,27,131712,13,0,1485,50,1
9075,23,210338,13,0,0,30,0
9076,39,465334,7,0,0,1,0
9077,46,168069,9,0,0,45,0
9078,32,80557,9,0,0,70,0
9080,26,40255,11,0,0,40,0
9081,80,402748,9,0,0,14,0
9083,19,39477,10,0,0,40,0
9084,31,152351,11,0,0,48,0
9086,23,131230,9,0,0,20,0
9087,48,182211,10,0,0,45,0
9089,29,225654,9,0,0,40,0
9091,48,155509,7,0,0,10,0
9093,28,101774,10,0,1848,50,1
9095,20,171156,10,0,0,35,0
9096,45,145637,11,14344,0,48,1
9098,72,188528,11,0,0,45,1
9101,23,347873,12,0,0,30,0
9103,49,53482,10,0,0,40,0
9105,41,366483,9,0,0,36,0
9111,36,201519,10,0,0,40,0
9112,48,121124,13,0,0,55,1
9119,33,188246,13,0,1590,60,0
9120,48,185859,13,0,0,38,1
9121,29,227879,11,0,0,40,0
9122,59,75541,9,0,0,40,0
9125,23,82067,11,0,0,40,0
9129,39,365430,9,0,0,40,1
9130,50,163678,10,0,0,40,0
9135,20,156916,10,0,0,40,0
9139,24,206974,13,0,0,40,0
9140,23,482096,12,0,0,20,0
9141,23,267843,13,0,0,32,0
9142,27,173927,10,0,0,32,0
9143,25,225865,9,0,0,50,0
9145,68,180082,9,0,0,23,0
9146,45,115187,11,0,0,40,0
9147,55,451603,10,0,0,40,0
9148,46,145041,13,0,2258,50,0
9151,40,197033,10,0,0,50,0
9152,23,307267,14,0,0,10,0
9155,55,153484,10,0,0,50,0
9159,59,198435,9,0,0,50,0
9161,47,237914,9,0,0,40,0
9164,20,465725,9,0,0,25,0
9165,43,343121,10,0,0,30,0
9167,40,255824,14,0,0,40,1
9168,23,255252,10,0,0,20,0
9172,25,55048,9,0,0,36,0
9173,30,104052,9,0,0,42,0
9174,19,41163,9,0,0,38,0
9175,23,502633,13,0,0,40,0
9176,65,176279,11,0,0,35,0
9177,25,279833,13,0,1590,44,0
9181,24,180954,10,0,0,40,0
9184,58,100303,8,0,0,40,0
9187,29,163708,13,0,0,45,1
9188,61,52765,9,0,0,99,0
9190,38,181705,11,0,0,40,0
9192,36,167691,10,0,0,40,1
9194,62,200834,14,0,0,55,0
9195,46,76075,11,0,0,20,0
9199,37,177907,13,0,0,40,1
9201,45,182541,10,0,0,40,0
9206,32,236861,12,0,0,45,1
9209,24,138892,9,0,0,40,0
9211,64,220258,9,0,0,24,0
9215,35,155611,9,114,0,40,0
9216,39,109351,13,0,0,30,1
9217,38,206520,9,0,0,40,0
9218,40,156526,13,0,0,40,0
9220,32,181665,9,0,0,50,0
9227,41,135056,14,8614,0,50,1
9230,38,22245,9,0,0,50,0
9232,62,342049,9,0,0,40,0
9235,41,175883,9,0,0,40,0
9237,45,107231,12,0,0,45,0
9238,24,155818,13,0,0,60,0
9239,60,282421,9,0,0,40,0
9243,37,361951,13,0,0,48,0
9247,23,305423,13,0,0,40,0
9250,34,106761,10,0,0,40,0
9251,72,235014,11,0,2465,40,0
9252,29,249932,7,0,0,40,0
9253,45,382242,13,0,0,30,0
9255,37,26898,12,0,0,40,0
9256,42,435356,12,0,0,44,1
9257,70,103963,9,0,0,6,0
9259,63,188999,9,0,0,48,0
9260,64,108654,10,0,1421,35,0
9262,24,130620,10,0,0,40,0
9264,30,392518,12,0,0,40,0
9265,66,198766,9,0,0,40,0
9268,22,111697,13,0,0,30,0
9269,31,141288,10,0,0,40,0
9270,29,296450,4,0,0,40,0
9273,40,217826,9,0,0,40,0
9275,64,46366,10,0,0,60,0
9277,74,214514,4,0,0,40,0
9280,28,329426,13,0,0,50,1
9282,68,176468,9,0,0,24,0
9283,51,187686,9,0,0,38,0
9289,34,167558,4,0,0,40,0
9291,56,169560,9,0,0,40,0
9292,50,185283,10,0,0,40,0
9293,40,224793,9,0,1719,40,0
9296,28,175710,9,0,0,40,0
9299,56,237546,10,0,0,99,0
9302,36,131039,9,0,0,35,0
9304,55,329797,6,0,0,40,0
9306,35,52738,9,0,0,40,0
9307,51,25932,11,0,0,99,1
9311,46,260782,14,0,0,40,0
9312,32,340580,9,0,0,45,0
9313,46,45564,15,0,0,40,1
9314,26,209051,10,0,0,25,0
9318,35,327164,12,0,0,40,1
9320,52,136175,10,0,0,35,0
9321,21,232591,10,0,0,8,0
9322,33,29144,11,0,0,40,0
9323,38,64875,11,0,0,50,0
9324,44,184011,9,0,0,60,0
9325,29,244246,13,8614,0,50,1
9327,32,203181,9,0,0,60,0
9329,28,198493,12,0,0,35,0
9331,38,91039,13,5178,0,48,1
9332,23,34918,13,0,0,15,0
9333,44,97159,13,0,0,40,1
9337,58,156873,7,0,0,35,0
9341,33,317660,10,0,0,40,1
9342,38,85492,9,0,0,50,0
9344,30,183801,9,0,0,40,0
9345,28,132686,14,0,0,40,0
9350,41,176155,11,0,0,40,0
9352,40,356934,15,0,0,50,1
9354,36,194809,13,0,0,50,0
9355,62,138157,9,0,0,40,0
9356,31,437825,2,0,0,40,0
9357,31,165503,7,0,0,40,0
9360,30,576645,13,0,0,40,0
9363,19,66619,9,0,0,37,0
9364,22,126613,10,0,0,40,0
9368,18,260387,9,0,0,40,0
9370,28,77009,10,0,0,40,0
9375,38,179481,9,0,0,50,1
9377,64,275034,10,0,0,35,0
9378,33,127651,13,8614,0,40,1
9380,18,274445,9,0,1602,20,0
9383,51,181179,13,0,0,25,0
9389,42,167357,10,0,213,40,0
9391,41,145175,10,3103,0,40,1
9394,63,125954,4,0,0,44,1
9396,35,139364,13,0,0,45,0
9397,62,265007,9,0,0,60,0
9401,43,173326,9,0,0,35,0
9402,44,318046,10,0,0,35,1
9403,56,204021,9,0,0,40,1
9404,54,236157,14,0,0,40,1
9408,24,228649,9,0,0,40,0
9410,21,113106,9,0,0,19,0
9415,26,168251,9,0,0,40,0
9416,38,143059,13,0,0,45,0
9418,54,266598,13,0,0,40,1
9419,20,181796,9,0,0,40,0
9421,40,219869,9,99999,0,75,1
9422,23,211968,10,0,0,20,0
9423,22,38707,10,0,0,20,0
9425,24,160261,14,0,0,20,0
9428,27,100079,9,0,0,60,0
9430,43,149102,13,0,0,40,1
9433,58,21383,9,0,0,40,0
9435,63,181153,9,0,0,50,1
9437,21,33087,10,0,0,50,0
9438,21,253190,10,0,0,48,0
9439,51,165278,11,0,0,46,1
9442,47,274883,9,0,0,65,1
9447,65,538099,13,0,0,30,0
9454,48,186256,9,0,0,40,0
9455,37,110861,10,0,0,40,0
9457,31,271933,10,0,0,40,0
9459,54,117674,13,0,0,40,1
9463,40,343068,14,0,0,55,0
9464,32,204052,13,0,0,45,1
9466,31,207537,10,2174,0,52,0
9469,47,101204,10,4064,0,40,0
9473,56,51916,9,0,0,50,1
9474,34,159008,11,0,0,36,1
9475,27,153475,12,0,0,45,0
9476,19,118549,9,0,0,15,0
9477,58,315081,12,0,0,42,1
9478,20,122622,10,0,0,40,0
9483,34,49325,13,0,0,40,1
9484,38,425502,5,0,0,40,1
9485,25,55360,9,0,0,40,0
9487,48,155781,13,0,2231,30,1
9488,37,216473,9,0,0,48,1
9489,36,185366,10,0,0,40,0
9491,70,210673,6,0,0,20,0
9493,26,217300,10,0,0,36,0
9497,23,353542,13,0,0,8,0
9498,40,114200,9,0,0,40,0
9500,29,212895,12,0,0,35,0
9502,23,271486,9,0,0,40,0
9504,56,288530,9,0,0,37,1
9505,64,47589,10,15024,0,50,1
9512,66,244749,3,0,0,50,0
9513,36,166115,10,0,0,56,0
9514,26,213383,9,0,0,40,0
9515,45,107231,9,0,0,55,0
9517,27,221977,2,0,0,40,0
9521,33,317809,13,0,0,40,1
9522,22,190290,13,0,0,10,0
9524,72,144461,12,0,0,16,1
9527,40,50524,8,0,0,40,0
9534,23,179241,11,0,0,40,0
9535,32,154981,9,0,0,65,0
9537,26,130018,9,0,0,40,0
9539,29,377414,12,0,0,40,0
9540,51,177927,16,0,0,60,1
9544,60,119684,10,3103,0,40,1
9547,31,75755,13,0,0,50,1
9552,51,230767,12,0,0,38,0
9555,47,174533,9,0,0,40,0
9556,73,53114,10,2538,0,20,0
9558,20,228709,10,0,0,40,0
9559,36,172571,9,0,0,45,0
9563,59,102058,2,0,0,45,0
9564,41,104813,13,0,0,40,1
9567,21,121468,10,0,0,40,0
9571,49,142287,10,0,0,40,0
9572,54,259323,10,0,0,40,1
9573,18,238281,7,0,0,30,0
9576,62,93997,16,99999,0,40,1
9578,52,224198,9,0,0,51,0
9579,54,221336,9,0,0,40,0
9580,28,128012,10,0,0,40,0
9583,24,132320,9,0,0,50,0
9585,55,177557,9,0,0,40,0
9586,47,148549,13,0,0,50,0
9588,23,113106,12,0,0,35,0
9593,34,132565,8,0,0,40,0
9594,41,539019,10,0,0,40,0
9595,24,114292,10,0,0,40,0
9597,21,185554,10,0,0,11,0
9598,46,181372,13,0,0,40,0
9601,43,220647,13,0,2377,50,0
9602,18,30246,7,0,0,45,0
9607,20,49819,10,0,0,40,0
9609,21,256356,10,0,0,25,0
9610,25,318644,13,0,0,40,0
9616,32,154950,13,0,1977,44,1
9617,25,148298,13,0,0,40,0
9622,61,153264,9,0,0,40,0
9625,22,208946,9,0,0,40,0
9626,33,321709,12,0,0,15,1
9633,51,421132,10,0,0,40,0
9636,17,34505,7,0,0,50,0
9640,32,312055,13,0,0,45,0
9641,64,353479,10,0,0,45,1
9642,21,321426,10,0,0,49,0
9644,46,281647,13,0,0,40,0
9647,47,234994,4,0,0,40,0
9649,40,216116,9,0,0,40,0
9650,36,109204,10,0,0,40,0
9652,39,200863,12,0,0,55,0
9654,32,360761,9,0,0,60,1
9656,40,149102,9,0,0,40,0
9657,37,117381,9,0,0,40,0
9658,46,306993,3,0,0,40,0
9659,32,232475,13,0,0,50,0
9662,59,110457,13,0,0,50,1
9664,37,109472,5,0,0,40,0
9665,18,418176,10,0,0,40,0
9666,28,380390,13,0,0,50,0
9667,18,36064,8,0,0,20,0
9669,25,250770,9,0,0,40,0
9675,64,187793,7,0,0,40,0
9676,46,205816,11,0,0,40,1
9678,59,42959,9,0,0,36,0
9681,49,294671,13,0,0,50,0
9683,65,64667,10,0,0,15,0
9684,27,416946,9,0,0,40,0
9685,52,208570,11,0,0,40,0
9687,78,87052,9,0,0,5,0
9688,46,102869,9,0,0,40,1
9692,57,257200,5,0,0,40,1
9695,38,298539,9,0,0,50,0
9699,66,117162,6,0,0,32,0
9700,46,173461,10,0,0,40,1
9704,38,320811,9,0,0,50,1
9710,21,162869,10,0,0,40,0
9711,23,179241,10,0,0,30,0
9713,40,121012,15,0,1977,50,1
9716,34,454076,11,0,0,40,1
9717,21,155818,10,0,0,25,0
9718,40,434081,9,0,0,40,0
9719,48,265386,12,0,0,40,0
9721,63,190296,7,0,1902,40,1
9722,33,198827,9,0,0,40,0
9724,28,109857,11,0,0,40,0
9726,51,75235,13,0,0,60,0
9728,33,318982,13,0,0,38,0
9730,46,233802,9,0,0,40,1
9731,45,28119,13,0,0,65,0
9732,66,198363,4,2964,0,40,0
9735,71,78786,4,0,2149,24,0
9738,19,35245,9,0,0,25,0
9741,22,50610,10,0,0,40,0
9742,64,349826,10,0,0,40,0
9743,38,35890,9,0,0,40,0
9744,56,174209,3,0,0,40,0
9745,47,63225,2,0,0,15,0
9749,49,452402,13,7688,0,35,1
9750,19,318056,10,0,0,40,0
9752,19,194404,10,0,0,32,0
9754,42,177142,13,0,0,40,0
9756,62,394645,9,0,0,40,0
9758,32,292465,10,0,0,35,1
9760,55,160631,9,4508,0,8,0
9764,50,213279,9,0,0,50,0
9767,62,139391,4,0,0,40,1
9771,36,199288,6,0,0,70,0
9774,22,282579,9,0,0,40,0
9776,27,446947,13,0,0,55,0
9780,46,200727,14,0,0,50,1
9781,32,33404,9,10520,0,50,1
9782,63,31115,10,15024,0,40,1
9783,21,301915,7,0,0,30,0
9784,44,201908,9,5013,0,40,0
9786,32,347623,9,0,0,40,0
9787,39,35890,13,0,0,50,1
9789,23,161532,9,0,0,40,0
9791,31,263561,13,0,0,40,1
9794,28,193125,10,0,0,40,1
9796,52,186826,15,0,1564,40,1
9797,32,156192,9,0,0,20,0
9799,26,472411,10,0,0,40,0
9800,17,147069,7,0,0,16,0
9802,75,91417,11,0,0,20,0
9804,32,258406,13,0,0,40,0
9805,27,87239,10,0,0,45,0
9806,25,294406,11,0,0,30,0
9815,33,96480,11,7688,0,40,1
9816,58,200316,9,0,0,40,0
9820,24,117606,13,0,0,35,0
9821,33,122749,11,0,0,40,1
9823,46,269890,9,0,0,40,0
9825,25,112835,13,0,0,40,0
9828,20,275421,10,0,0,20,0
9829,37,165883,9,0,0,40,0
9832,30,685955,13,0,0,50,0
9834,34,135304,10,0,0,45,0
9836,23,126540,6,0,0,40,0
9839,71,401203,13,0,0,34,1
9846,24,193416,12,0,0,3,0
9847,35,103323,14,0,0,45,0
9851,50,110327,9,0,0,50,1
9852,28,179498,13,0,0,40,0
9860,50,168212,10,0,0,40,0
9861,45,98320,10,914,0,40,0
9868,51,253357,9,0,0,40,0
9874,51,335997,9,0,1902,40,1
9875,18,354236,6,0,0,30,0
9877,54,312631,15,0,1887,50,1
9878,67,31924,10,2964,0,41,0
9881,52,111722,10,0,0,72,0
9883,51,257126,6,0,0,40,0
9884,27,101597,9,0,0,40,0
9887,25,66935,9,0,0,30,0
9889,35,95639,7,0,0,4,0
9890,40,223881,15,0,0,60,1
9891,33,223105,9,0,0,40,0
9892,33,192644,16,0,1977,90,1
9893,45,58683,13,5178,0,48,1
9899,42,193882,9,0,0,50,1
9908,58,129786,9,0,0,50,0
9910,34,143526,9,0,0,40,0
9912,47,172753,9,0,0,85,1
9913,37,139770,9,0,0,35,0
9918,64,110110,7,0,0,40,0
9919,31,174201,13,0,0,40,1
9920,40,137421,14,0,0,35,1
9921,34,153927,13,0,0,40,1
9922,28,187649,9,0,0,40,0
9925,52,311569,14,0,0,50,1
9930,38,339442,10,0,0,40,0
9932,59,47534,14,0,0,45,1
9934,25,121789,10,0,0,38,0
9935,29,143139,6,0,0,40,0
9936,18,187790,9,0,0,40,0
9938,17,184025,7,0,0,16,0
9941,21,145917,10,0,0,20,0
9943,51,135388,8,0,1564,40,1
9947,24,199694,12,0,0,30,0
9948,43,301007,14,7298,0,50,1
9949,64,253759,10,0,1977,50,1
9953,30,362873,13,0,0,40,0
9957,39,144169,9,0,0,40,0
9958,28,264076,9,0,0,40,0
9961,24,228395,13,0,0,40,0
9963,69,30951,11,0,0,20,0
9965,57,50791,11,0,0,20,0
9966,58,248739,9,0,0,40,0
9968,17,79464,7,0,0,12,0
9969,36,321247,7,0,0,40,0
9971,39,129573,12,0,0,45,0
9972,41,222142,10,3464,0,40,0
9974,54,145548,9,0,0,40,0
9977,27,173944,9,0,0,40,1
9979,32,266345,10,0,0,40,0
9980,30,278006,9,0,0,40,0
9981,50,82578,13,0,0,40,1
9983,25,250038,9,0,0,40,1
9984,48,175468,9,0,0,16,0
9985,23,435835,13,0,0,7,0
9986,70,135601,13,20051,0,35,1
9987,20,162945,10,0,0,40,0
9991,27,278736,8,0,0,40,0
9996,35,187167,9,0,0,40,0
9998,31,247328,7,0,0,40,0
9999,75,157778,11,15831,0,50,1
10004,46,118889,9,0,0,68,1
10006,63,156127,10,0,0,45,0
10012,38,131827,13,0,0,70,0
10013,26,158734,14,0,0,40,0
10022,56,182062,9,0,0,48,1
10023,33,111696,10,0,0,45,0
10025,42,314369,9,0,0,45,0
10029,62,171757,4,0,0,40,0
10031,20,38772,7,0,0,40,0
10032,36,72338,13,0,0,40,1
10033,67,132626,9,0,0,70,0
10034,50,176240,10,0,0,50,1
10036,18,70021,7,0,0,15,0
10037,55,181242,9,0,0,20,0
10038,48,196707,11,0,0,40,1
10039,80,81534,2,1086,0,20,0
10041,24,253190,9,0,0,45,0
10044,35,193026,10,0,0,60,0
10047,27,190653,11,0,0,40,1
10049,49,181717,13,0,0,7,1
10052,41,344624,10,0,0,60,1
10054,22,221406,10,0,0,20,0
10057,33,227026,13,0,0,40,0
10058,38,187847,14,0,0,50,1
10071,33,204374,14,0,0,38,0
10075,39,360494,9,0,0,40,0
10076,21,187581,10,0,0,40,0
10077,53,98659,5,0,0,44,0
10082,44,245317,9,0,0,40,0
10084,32,236396,9,0,0,40,0
10087,38,43712,9,0,0,55,0
10089,50,137299,12,0,0,40,0
10096,53,95864,16,15024,0,50,1
10097,71,37435,13,0,0,3,0
10098,39,151835,6,0,0,40,0
10100,20,224238,10,0,0,6,0
10101,56,359972,14,0,0,60,1
10104,46,211020,13,15024,0,60,1
10107,31,328734,9,0,2238,40,0
10108,34,41210,9,0,0,60,0
10110,32,13862,9,0,0,38,0
10111,32,43959,13,0,0,40,1
10113,24,157332,11,0,0,40,0
10114,48,163706,13,15024,0,70,1
10115,43,211517,10,0,1669,45,0
10116,69,92852,9,0,0,5,0
10117,39,192626,9,0,0,50,0
10118,55,115439,10,0,0,40,1
10122,30,339388,10,0,0,72,1
10126,37,356231,6,0,2129,65,0
10128,60,96660,9,0,0,8,1
10130,45,298950,9,0,0,40,0
10131,37,238802,9,0,0,40,0
10132,58,242670,10,0,0,20,0
10134,18,34125,7,0,0,10,0
10136,35,203883,10,0,0,40,0
10137,61,248160,6,7688,0,40,1
10138,54,548361,10,0,0,98,0
10142,56,208640,14,0,0,40,1
10144,36,161141,9,0,0,40,0
10146,35,210866,9,0,0,40,0
10149,60,157588,9,0,0,99,0
10150,55,200734,9,0,0,40,0
10151,21,212213,12,0,0,40,0
10152,38,248941,10,0,0,40,1
10153,41,291831,14,0,0,35,0
10156,46,331498,16,0,0,40,0
10158,35,187167,10,0,0,50,0
10159,24,299528,10,0,0,50,0
10161,36,306361,9,0,0,40,0
10163,23,85139,9,0,0,40,0
10166,36,355856,3,0,0,40,0
10167,51,39264,10,0,0,40,1
10168,30,117028,9,0,0,50,0
10173,48,136455,10,0,0,16,0
10174,53,153486,13,0,0,40,1
10175,31,105479,13,0,0,50,1
10176,40,409902,9,0,0,40,0
10177,21,133515,12,594,0,40,0
10178,38,89202,9,0,0,40,0
10179,37,185692,6,0,0,84,0
10181,53,230936,13,0,0,40,1
10182,21,57298,10,0,0,35,0
10183,26,82488,14,0,0,40,1
10184,29,606111,13,0,0,40,0
10187,43,145175,13,0,0,42,1
10190,67,192995,9,0,0,35,0
10192,30,207172,7,0,0,35,0
10194,44,121718,13,15024,0,48,1
10196,22,100235,9,0,0,40,0
10197,31,161153,9,0,0,45,0
10198,44,303619,7,0,0,40,0
10201,31,190772,13,0,1590,35,0
10203,30,318912,13,0,0,55,0
10208,44,146659,16,0,0,50,0
10209,18,294720,7,0,0,12,0
10211,29,128091,9,0,0,40,0
10212,23,153643,9,0,0,40,0
10213,36,173968,10,0,0,40,1
10214,29,168479,13,0,0,40,0
10215,34,303177,6,0,0,45,0
10218,24,131230,9,0,0,40,0
10219,54,138852,10,0,0,60,0
10222,28,278736,10,0,0,40,0
10224,54,283725,14,0,0,40,0
10226,43,185015,3,0,0,40,0
10227,43,47902,9,3908,0,40,0
10228,38,272017,9,0,0,40,0
10229,46,224559,9,0,0,35,0
10230,65,138247,10,0,0,22,0
10231,39,365465,9,0,0,40,0
10233,30,203488,13,0,0,60,0
10234,39,57691,9,7298,0,40,1
10239,27,126060,15,0,0,40,0
10240,31,187560,10,0,0,40,0
10241,77,331863,10,0,0,2,0
10244,37,215618,11,0,0,80,1
10246,30,213714,10,0,0,40,0
10248,36,143774,9,0,0,40,0
10249,30,277488,9,0,0,60,0
10251,43,197609,10,0,0,30,0
10253,42,219155,11,0,0,45,1
10254,38,130277,10,0,1726,40,0
10257,21,209955,10,0,0,20,0
10258,35,23892,9,0,0,40,1
10259,40,206927,9,0,1887,40,1
10260,35,60135,6,0,0,40,0
10263,36,127740,9,0,0,99,0
10268,32,393376,13,0,0,48,0
10269,51,321494,9,0,0,40,0
10271,38,331395,13,0,0,38,0
10272,19,199609,10,0,0,20,0
10273,52,178596,14,0,0,45,1
10274,21,198996,10,0,0,30,0
10276,18,293510,8,0,0,20,0
10277,32,176185,13,7298,0,40,1
10279,45,167381,9,0,0,32,0
10283,54,183668,3,0,0,55,0
10285,20,120820,10,0,0,30,0
10289,47,148738,4,0,0,72,1
10290,35,214738,9,0,0,48,0
10291,20,196758,12,0,0,20,0
10293,50,221495,13,0,0,40,0
10296,33,298785,5,0,0,50,0
10297,37,459192,13,0,0,44,0
10299,25,46015,9,0,0,50,0
10302,66,592029,9,0,0,24,0
10305,56,176613,13,0,0,40,0
10307,65,200408,9,0,0,40,0
10309,17,174466,7,0,0,18,0
10310,27,339921,10,0,0,38,0
10313,39,275300,9,0,0,40,0
10314,36,178322,9,0,0,40,0
10315,49,209482,9,0,0,40,0
10318,71,144461,13,3456,0,16,0
10320,46,321764,15,0,0,50,1
10325,28,52199,13,0,0,50,0
10331,24,269799,11,0,0,40,0
10332,48,127738,5,0,0,40,0
10333,24,330724,13,0,0,16,0
10334,47,138999,5,4386,0,48,1
10335,33,152744,10,0,0,40,0
10337,43,222596,13,15024,0,50,1
10339,33,513977,10,0,0,40,0
10347,45,270079,13,0,0,50,1
10352,43,188331,7,0,0,40,0
10353,36,158363,8,0,0,40,0
10358,23,197286,10,0,0,8,0
10359,55,228595,3,0,0,40,0
10360,51,81534,7,0,0,35,0
10362,28,209109,9,0,0,50,0
10364,66,249043,7,0,0,40,1
10367,28,267912,10,0,0,40,0
10368,39,370032,14,0,0,45,0
10369,34,191957,9,0,0,40,1
10370,53,361405,9,0,0,40,1
10374,41,94113,9,99999,0,60,1
10381,35,170425,12,0,0,40,0
10382,49,148437,13,0,0,60,0
10383,43,24264,10,0,0,40,1
10384,50,78923,9,0,1485,40,1
10385,49,106169,10,0,0,40,0
10387,49,250821,15,0,0,48,0
10390,32,215912,9,0,0,40,0
10391,51,182211,10,0,0,70,0
10392,33,206392,9,0,0,40,0
10394,38,105044,9,0,0,40,0
10395,45,168195,9,0,0,42,0
10396,18,54377,9,0,0,50,0
10409,38,48093,9,0,0,40,0
10412,20,162164,10,0,0,45,0
10415,35,77792,9,0,0,45,1
10419,29,162298,13,0,0,55,1
10420,21,170273,10,0,0,40,0
10423,34,159442,9,0,0,37,1
10424,33,303942,5,0,0,40,0
10426,45,193407,11,0,0,44,0
10427,22,51985,10,1055,0,15,0
10429,25,152246,10,0,0,40,0
10431,18,209735,10,0,0,30,0
10433,42,174295,4,0,0,99,0
10435,26,566066,13,0,0,40,0
10437,20,143604,9,0,0,40,0
10438,18,294605,10,0,0,12,0
10440,76,104443,9,0,1668,40,0
10441,34,208116,9,0,0,25,0
10444,35,210945,9,7298,0,38,1
10445,26,169100,9,0,0,40,0
10451,40,199031,9,0,0,40,0
10452,29,187750,12,0,0,40,1
10455,52,392502,13,0,0,60,0
10457,59,76860,3,99999,0,40,1
10458,19,376683,9,0,0,35,0
10462,62,175032,9,0,0,42,0
10463,68,338432,9,0,0,50,0
10464,64,30725,9,0,0,50,0
10468,60,276213,10,0,0,40,0
10470,33,399531,13,0,0,40,0
10473,43,358677,11,0,0,40,0
10474,36,127424,13,0,0,50,1
10481,22,211049,10,0,0,12,0
10483,35,190759,7,0,0,40,0
10484,42,209301,9,0,0,50,0
10490,35,250988,13,0,0,40,1
10493,54,188446,9,0,0,40,0
10494,19,206017,10,0,0,15,0
10497,52,38973,6,0,0,40,0
10499,64,271559,9,0,0,30,0
10500,66,171331,10,0,0,40,1
10503,37,202683,10,0,0,35,0
10504,17,103851,7,0,0,4,0
10512,51,103063,13,7298,0,40,1
10515,31,198452,10,0,0,18,0
10517,21,34568,9,0,0,50,0
10519,31,404062,6,0,0,55,1
10520,39,80479,13,0,0,55,0
10522,56,368797,14,0,0,40,1
10524,24,193130,10,0,0,40,0
10525,33,91667,9,0,0,44,0
10526,36,153078,14,15024,0,40,1
10527,31,179673,9,0,0,40,1
10528,39,236648,10,0,1848,42,1
10529,41,77357,13,0,0,45,0
10533,34,203051,9,0,0,50,1
10534,38,167440,9,0,0,40,0
10536,25,334267,9,0,0,45,0
10537,49,172246,7,0,0,40,0
10540,60,304074,10,0,0,28,0
10543,61,176671,14,0,0,30,0
10544,24,175778,13,0,0,40,0
10546,64,237581,4,0,0,48,1
10547,47,246891,14,0,0,45,1
10551,43,210013,10,0,0,50,1
10552,47,120131,9,0,0,50,0
10555,36,89625,6,0,0,40,0
10565,27,192936,13,0,0,30,0
10566,50,247425,9,0,0,40,0
10567,41,198196,15,15024,0,50,1
10568,20,260254,9,0,0,40,0
10569,60,176360,13,0,0,40,1
10571,23,107564,9,0,0,24,0
10573,62,190610,13,0,0,50,1
10575,42,294431,13,0,0,60,1
10580,27,135296,14,0,0,40,0
10581,27,491607,10,0,0,32,0
10582,61,170278,15,0,0,30,0
10589,20,239577,10,0,0,40,0
10590,36,110013,14,0,0,40,0
10592,27,203558,10,0,0,40,1
10593,51,222883,13,0,0,55,0
10595,45,246891,11,0,1902,40,1
10600,44,270495,10,0,0,50,0
10604,43,52131,15,0,1902,50,1
10605,38,134635,9,0,0,45,0
10606,41,197033,10,0,0,35,0
10607,36,112576,13,0,0,40,0
10608,32,134737,9,0,0,42,0
10611,25,179599,5,0,0,38,0
10617,40,174090,11,4687,0,50,1
10620,18,326640,9,0,0,20,0
10622,29,365328,10,0,0,40,0
10623,19,53220,10,0,1602,20,0
10624,22,369084,10,0,0,40,0
10627,27,165014,10,0,0,11,0
10628,40,284086,14,7688,0,40,1
10631,39,189404,13,0,0,40,1
10634,44,271756,9,0,0,40,1
10637,27,41281,14,0,0,65,0
10640,30,177675,9,0,0,40,0
10644,51,256466,13,0,0,50,0
10645,40,126701,11,13550,0,50,1
10646,25,64671,2,0,0,40,0
10648,26,167350,9,0,0,45,0
10649,62,160062,9,0,0,44,0
10650,34,35683,10,0,0,40,0
10658,37,32719,13,0,0,50,1
10659,37,224566,9,0,0,40,0
10662,45,328610,10,0,0,55,1
10663,20,221533,7,0,0,40,0
10666,71,158437,3,0,0,40,0
10667,37,180714,9,0,0,48,0
10674,53,139157,3,0,0,40,0
10679,40,279914,15,0,2415,40,1
10681,30,226525,6,0,0,40,0
10687,50,156877,9,0,0,35,0
10689,31,33117,10,0,0,45,1
10690,38,212437,12,0,0,30,0
10692,62,142139,9,0,0,30,0
10693,54,165001,9,0,0,48,1
10694,56,294623,3,0,0,40,0
10695,24,244413,9,0,0,35,0
10697,53,197014,9,0,0,35,0
10698,56,169528,9,0,0,40,0
10699,60,162397,10,0,0,2,0
10700,38,154641,9,0,0,50,0
10702,28,46322,12,0,0,38,0
10705,24,229005,10,0,0,40,0
10708,64,104973,9,0,0,45,1
10710,38,135162,2,0,0,40,0
10713,19,206546,10,0,0,24,0
10715,41,207685,14,0,0,61,1
10718,28,118089,9,4386,0,45,1
10719,34,236391,7,0,0,30,0
10721,47,98044,1,0,0,25,0
10724,17,158762,6,0,0,16,0
10725,22,87569,11,0,1762,40,0
10729,37,22494,10,0,0,41,0
10733,18,294263,9,0,0,9,0
10734,23,204226,10,0,0,40,0
10735,90,188242,9,11678,0,40,1
10736,47,20956,9,0,0,40,1
10737,40,55567,13,0,0,40,1
10738,23,251325,10,0,0,8,0
10740,36,185556,13,0,0,35,1
10745,35,285000,13,0,0,45,0
10746,54,91882,9,0,0,43,0
10747,37,196434,10,0,0,40,1
10749,42,222756,13,7430,0,40,1
10753,36,193026,9,0,0,60,0
10756,70,98979,10,0,0,20,1
10757,29,191177,9,0,0,18,0
10758,27,420351,9,0,0,45,0
10759,53,159849,10,0,0,35,0
10769,23,607118,9,0,0,36,0
10770,42,230592,13,0,0,50,0
10773,36,240755,5,0,0,60,0
10775,70,165586,9,0,0,40,0
10777,53,308082,1,0,0,15,0
10778,31,402812,9,7298,0,45,1
10779,25,136357,9,0,0,40,0
10780,17,117549,7,0,0,35,0
10781,41,482677,6,0,0,30,0
10782,72,112658,9,2653,0,42,0
10788,20,420973,10,0,0,20,0
10789,30,176471,9,0,0,38,0
10790,31,113708,9,0,0,40,0
10791,21,82497,10,0,0,20,0
10792,32,169512,13,0,0,60,1
10793,44,157765,9,0,0,40,0
10799,44,248476,10,0,0,45,1
10800,43,409902,9,0,0,96,0
10801,19,187161,9,0,0,20,0
10803,21,303187,10,0,0,40,0
10804,38,285890,13,0,0,55,1
10809,56,89698,9,0,0,40,0
10812,22,245866,10,0,0,40,0
10813,37,406328,13,0,0,50,1
10814,72,203523,15,0,0,10,0
10816,30,182271,9,0,0,40,0
10822,38,179731,10,0,0,52,0
10824,38,139473,9,0,0,50,0
10825,26,130302,13,0,0,40,0
10830,78,163140,9,0,0,12,0
10831,26,243786,13,0,0,38,0
10833,20,33860,10,0,0,28,0
10839,27,58124,13,0,0,40,0
10842,26,152924,10,0,0,40,0
10847,38,298871,9,0,0,40,0
10849,45,166879,7,0,0,40,0
10850,22,125040,10,0,0,40,0
10851,27,198493,9,0,0,60,0
10853,40,249039,9,0,0,40,0
10856,24,146343,9,0,0,40,0
10857,35,102976,9,0,0,50,0
10859,54,162745,9,0,0,55,1
10860,55,128045,9,0,0,40,0
10862,34,426431,10,0,0,48,1
10863,41,409902,6,0,0,33,0
10864,43,580591,2,0,0,28,0
10865,76,130585,10,0,0,12,0
10870,23,224716,10,0,0,35,0
10872,43,169076,9,0,0,40,0
10873,39,141584,10,0,0,50,0
10875,27,203776,10,0,0,45,0
10876,54,449172,13,0,0,40,0
10890,40,438427,12,0,0,55,0
10891,62,144026,9,0,0,40,0
10892,21,105997,9,0,0,20,0
10894,19,162954,9,0,0,30,0
10897,38,135020,10,0,0,60,0
10899,22,225531,9,0,2205,40,0
10901,21,131230,10,0,0,30,0
10904,37,262278,11,15024,0,45,1
10906,47,150211,16,0,0,40,1
10907,47,188694,14,15024,0,45,1
10908,53,59840,10,0,0,60,0
10912,28,364946,14,0,0,50,0
10913,40,133986,6,0,0,70,0
10914,21,201418,10,0,0,30,0
10915,31,236543,3,0,0,40,0
10917,50,96062,14,0,0,70,1
10920,62,243733,14,7298,0,70,1
10928,50,82566,14,0,0,45,1
10929,22,145964,13,0,0,15,0
10934,56,191330,10,0,0,40,1
10935,50,193720,9,0,0,70,1
10938,30,186145,13,0,0,40,0
10940,20,180052,10,0,0,22,0
10941,24,61791,5,0,0,40,0
10942,44,52505,10,0,0,99,0
10943,36,48976,13,0,0,40,1
10944,37,281012,9,0,0,40,1
10947,44,296858,14,0,0,40,1
10955,61,48549,10,0,0,38,1
10956,45,384627,14,2580,0,18,0
10958,26,208117,13,0,0,38,0
10959,23,315476,9,0,0,30,0
10961,60,169204,9,0,0,50,0
10963,32,80356,13,0,0,50,0
10969,37,446390,10,0,0,40,1
10971,31,61898,10,0,0,40,1
10975,29,176727,10,0,0,38,0
10977,36,135293,14,0,0,50,0
10978,39,105044,9,7298,0,40,1
10979,48,98010,14,0,0,16,1
10982,28,115677,13,7688,0,40,1
10984,64,134912,9,0,0,12,0
10985,31,35985,9,0,0,40,0
10986,44,245317,9,0,0,40,0
10987,34,35743,13,0,0,40,1
10989,51,237295,10,0,0,40,0
10990,38,43311,3,0,0,40,0
10996,48,195554,10,7298,0,40,1
11000,42,223566,15,0,0,15,0
11001,22,95552,9,0,0,40,0
11003,19,80978,9,0,0,25,0
11004,48,70584,9,0,0,40,0
11011,50,38540,9,0,0,40,0
11013,19,231492,9,0,0,60,0
11021,61,119563,9,0,0,25,0
11025,31,177596,10,0,0,40,0
11027,35,241306,10,0,0,50,0
11029,48,195104,9,0,0,60,0
11033,49,191821,10,0,0,32,0
11034,49,228372,13,0,1977,60,1
11039,42,33895,13,0,0,40,0
11040,20,178390,10,0,0,30,0
11041,63,114011,7,0,0,40,0
11043,30,97355,10,0,0,40,0
11044,40,369781,9,15024,0,45,1
11045,22,225515,13,0,0,40,0
11047,72,138248,7,0,0,20,0
11048,28,149141,10,0,0,45,1
11049,36,233955,13,0,0,40,0
11052,22,188779,10,0,0,16,0
11056,32,107142,11,5013,0,50,0
11062,36,276276,10,0,0,40,0
11068,21,290504,10,0,0,40,0
11069,49,162264,9,0,0,40,0
11070,38,253716,9,0,0,40,0
11072,29,283227,13,0,0,40,0
11073,31,375221,7,0,0,35,0
11076,30,224462,7,0,0,50,0
11078,27,221166,13,0,0,45,0
11080,32,247156,9,3103,0,38,1
11081,23,61777,13,2580,0,40,0
11087,22,215917,9,0,0,40,0
11089,63,286990,10,0,0,50,1
11090,73,366204,4,1264,0,10,0
11093,39,108140,9,0,0,40,0
11095,52,216558,10,0,0,40,0
11099,46,409443,3,0,0,25,0
11101,33,166543,4,0,0,40,0
11106,30,255424,15,0,0,55,0
11107,21,97214,9,0,0,35,0
11108,29,158703,10,0,0,40,0
11109,43,478972,9,0,0,50,0
11112,51,231230,9,0,0,45,0
11116,23,410446,9,0,0,40,0
11117,28,120475,9,0,0,35,0
11120,34,233727,13,0,0,50,1
11121,62,210064,10,0,0,20,0
11122,53,77462,10,0,0,60,0
11126,31,147270,10,0,0,35,0
11127,44,118212,6,0,0,40,0
11128,49,189792,14,0,0,60,0
11130,38,248445,3,0,0,40,0
11135,19,389942,9,0,0,40,0
11138,50,107581,9,0,0,50,0
11139,38,176458,9,0,0,35,0
11140,19,70505,10,0,0,20,0
11142,40,235743,12,0,0,45,0
11144,28,103432,9,0,0,45,1
11146,51,275924,13,99999,0,50,1
11147,34,162113,10,0,0,48,1
11149,33,37232,11,10520,0,80,1
11151,30,285855,5,0,0,40,0
11152,49,103123,13,0,0,40,1
11153,46,207076,14,0,0,60,0
11154,38,36270,9,0,0,60,0
11156,32,236415,9,0,0,40,0
11157,26,108035,9,0,0,40,0
11160,36,338033,10,0,0,40,0
11162,56,337065,4,0,0,40,0
11164,49,102096,5,3781,0,40,0
11165,47,31141,14,0,0,40,1
11167,42,270147,14,0,0,40,0
11168,41,97279,9,0,0,50,0
11169,31,247328,3,0,0,30,0
11171,32,220066,10,0,0,40,0
11172,19,159269,9,0,0,53,0
11173,47,155107,9,0,0,40,0
11174,24,354351,9,0,0,60,1
11177,49,192323,9,0,0,40,1
11178,31,176244,9,0,0,35,0
11179,23,223019,10,0,0,40,0
11180,32,243243,9,0,0,77,0
11181,22,194630,10,0,0,10,0
11182,51,98980,9,0,0,99,1
11183,39,223792,9,0,0,72,0
11186,68,113718,7,0,1258,40,0
11187,37,152587,10,0,0,40,0
11191,32,239662,9,0,1579,36,0
11193,36,25806,16,0,0,40,0
11196,51,108037,16,0,0,40,0
11197,50,129311,9,0,0,40,0
11198,47,149218,9,0,0,65,0
11199,42,337276,10,0,0,40,1
11201,61,149855,4,0,2057,70,0
11202,35,49020,12,0,0,35,0
11203,36,165007,9,0,0,40,0
11205,45,103331,10,15024,0,44,1
11206,56,142689,7,0,0,50,0
11209,37,53703,13,0,0,40,0
11210,38,274907,12,0,0,35,0
11211,34,226525,9,0,0,40,0
11214,52,111192,10,0,0,40,0
11216,43,115932,13,0,0,40,1
11218,63,123157,9,0,0,40,0
11222,37,112264,9,0,0,40,0
11225,57,340591,9,0,0,45,0
11227,41,316820,15,0,0,45,1
11230,66,143417,11,0,0,45,0
11231,29,264166,10,0,0,60,0
11232,44,112656,9,0,0,20,0
11234,27,146760,10,0,0,40,0
11235,36,225516,13,0,0,40,1
11236,36,114366,12,0,0,50,0
11238,18,299347,9,0,0,20,0
11242,63,89451,15,0,0,40,1
11245,17,34943,6,0,0,15,0
11246,46,40666,9,15024,0,40,1
11248,26,122999,13,0,0,45,0
11250,47,205068,15,0,1977,60,1
11252,21,143184,10,0,0,40,0
11253,55,90290,9,0,0,40,0
11254,37,175232,13,0,0,40,1
11257,47,247869,10,0,0,50,1
11259,36,239755,11,0,0,40,0
11260,29,198210,9,0,0,40,0
11263,27,110073,13,0,0,40,1
11264,19,163885,9,0,0,40,0
11267,54,200450,10,0,0,35,0
11271,26,345779,13,0,0,43,0
11273,41,164647,9,0,0,40,0
11275,38,105803,14,0,0,40,1
11276,26,195067,13,0,0,40,0
11279,43,303211,9,0,0,40,0
11280,22,37932,10,0,0,25,0
11281,73,268832,9,0,0,45,0
11284,36,635913,9,0,0,40,0
11287,54,164757,11,0,0,16,0
11288,33,236013,12,0,0,55,1
11290,48,85384,13,7688,0,40,1
11293,25,161027,9,0,0,40,0
11295,47,115971,10,0,0,40,1
11296,21,88373,9,0,0,16,0
11297,45,211399,14,7298,0,40,1
11298,22,273989,13,0,0,40,0
11300,51,263439,13,0,0,40,0
11301,56,19896,10,0,0,60,1
11303,59,169611,10,7298,0,12,1
11304,36,220237,14,0,0,50,1
11307,47,168330,9,2829,0,40,0
11309,34,199539,11,0,0,48,1
11310,26,210521,9,0,0,42,1
11313,56,183580,13,0,0,30,0
11321,48,206357,9,0,0,44,0
11324,72,131699,10,0,0,6,0
11325,30,157778,9,0,0,40,0
11326,31,302679,9,0,0,40,0
11330,42,43909,14,0,0,32,0
11332,20,87467,10,0,0,18,0
11335,44,342434,13,0,0,50,1
11336,62,234372,14,0,0,40,0
11337,66,107627,9,0,0,60,1
11341,43,316820,12,7688,0,40,1
11343,64,265786,3,0,0,40,0
11347,41,173981,9,0,0,40,0
11348,52,165050,9,0,0,48,1
11349,19,303652,9,0,0,30,0
11351,57,121912,13,0,0,50,1
11352,30,351770,5,0,0,38,0
11356,31,137385,10,0,0,50,0
11357,39,86643,13,27828,0,55,1
11359,26,219199,9,0,0,50,1
11360,36,142711,9,0,0,40,0
11361,29,626493,13,0,0,40,0
11363,28,181776,13,0,1876,70,0
11364,36,257250,9,0,0,35,0
11366,18,24688,9,0,0,40,0
11367,34,33731,10,0,0,40,1
11369,39,140854,9,0,1902,60,1
11374,19,391403,10,0,0,30,0
11377,45,71145,13,0,0,45,1
11380,24,433580,10,0,0,40,0
11382,59,139611,15,0,1977,40,1
11383,31,187802,10,0,0,40,0
11384,28,241431,8,0,0,40,0
11387,22,493034,9,0,0,40,0
11389,50,100109,7,0,0,40,0
11392,19,323054,9,0,0,30,0
11394,21,191324,10,0,0,25,0
11397,20,258509,9,0,0,40,0
11399,65,220788,14,0,0,60,0
11400,55,376548,9,0,0,40,0
11404,21,23813,6,0,0,40,0
11405,47,195688,9,0,0,40,0
11412,39,222530,10,0,1590,40,0
11413,49,140644,13,5013,0,45,0
11417,25,296394,9,0,0,45,0
11418,50,66544,14,0,0,65,0
11419,41,165815,9,0,0,40,0
11423,37,258827,13,0,0,50,1
11425,22,97212,9,0,0,15,0
11428,20,97212,10,0,0,30,0
11429,52,72036,11,0,0,25,0
11430,35,174938,9,0,0,40,0
11431,29,201404,9,0,0,56,0
11434,17,147411,3,0,0,30,0
11435,36,127388,12,0,0,40,0
11439,19,158343,10,0,0,12,0
11444,42,557349,13,0,0,70,0
11447,39,172571,14,0,0,45,1
11448,21,230229,9,0,0,40,0
11449,30,183017,9,0,0,40,0
11453,46,190482,9,0,0,40,0
11455,46,246891,15,0,0,99,1
11456,50,193081,1,0,0,40,0
11457,50,284477,3,0,0,40,0
11459,32,197325,9,0,0,40,0
11461,37,66304,5,0,0,16,0
11464,39,388252,13,0,0,40,0
11466,25,307643,12,3103,0,45,1
11469,65,172348,9,0,0,20,0
11470,72,138790,9,0,0,30,0
11471,25,117393,13,0,0,38,0
11472,22,227220,10,0,0,40,0
11475,33,182714,13,0,0,40,0
11479,26,322585,9,0,0,40,0
11480,38,277347,10,0,0,40,0
11482,38,149347,9,0,0,40,1
11483,75,207116,9,0,0,40,0
11486,23,255252,7,0,0,40,0
11489,43,282678,9,0,0,60,0
11490,53,164195,10,4386,0,40,1
11491,21,143436,9,0,0,40,0
11492,33,202046,9,0,0,40,0
11495,23,307267,13,0,0,10,0
11500,33,123291,9,0,0,50,0
11502,20,151888,10,0,0,40,0
11504,31,263796,6,0,0,50,0
11505,35,111499,9,0,0,40,0
11506,28,202222,13,0,0,40,0
11508,36,37778,9,0,0,48,0
11510,27,220931,9,0,0,32,0
11514,41,159131,10,0,0,40,0
11516,20,350824,10,0,0,20,0
11518,39,183081,14,0,0,60,1
11519,37,177974,9,3942,0,99,0
11522,21,137320,10,0,0,20,0
11523,34,251521,14,0,0,40,1
11524,17,329791,8,0,0,25,0
11525,32,261319,10,0,0,50,1
11527,28,53271,9,0,0,38,0
11531,27,150861,10,0,0,40,0
11532,44,112763,14,0,0,38,0
11533,25,116358,9,0,0,40,0
11534,38,331374,7,0,0,60,0
11535,52,152811,6,0,0,40,0
11539,36,953588,7,0,0,40,0
11540,35,225544,13,0,0,48,0
11545,47,331650,9,0,0,40,1
11547,19,277708,9,0,0,40,0
11548,36,64874,7,0,0,40,0
11552,51,250423,13,0,0,50,1
11553,48,27802,14,0,1876,50,0
11554,50,137192,13,0,0,20,0
11555,28,200068,13,0,0,40,0
11559,32,329432,14,0,0,40,0
11560,37,139180,7,0,0,40,0
11561,24,263612,9,0,0,40,0
11563,25,256545,10,0,0,45,0
11564,31,246439,9,0,0,38,0
11565,20,182615,9,0,0,40,0
11566,26,131401,13,0,0,40,0
11567,26,259138,7,2407,0,36,0
11569,61,205482,9,0,0,60,0
11573,42,190044,11,7298,0,52,1
11575,18,118983,9,0,0,30,0
11582,28,98590,10,0,0,40,1
11587,17,237399,7,0,0,20,0
11591,21,249271,10,0,0,40,0
11592,66,257562,7,0,0,40,0
11593,59,115842,9,0,0,40,0
11594,21,341368,9,0,0,20,0
11598,53,164198,9,0,0,40,1
11599,64,190228,9,0,0,35,1
11600,19,179707,10,0,0,30,0
11601,59,132559,16,0,1977,55,1
11604,20,112854,10,0,0,32,0
11606,34,298995,10,0,0,50,0
11607,20,273905,9,0,0,35,0
11610,24,375698,10,0,0,40,0
11611,42,355756,10,0,0,40,0
11614,34,215857,9,0,0,40,0
11616,26,242150,9,0,0,40,0
11617,30,295010,10,0,0,40,1
11618,67,268781,13,0,0,20,1
11619,46,360593,14,4650,0,44,0
11621,42,377018,7,0,0,40,0
11623,18,457710,7,0,0,16,0
11625,21,159879,10,0,0,40,0
11626,49,204629,13,0,0,40,1
11630,28,175537,10,0,0,37,0
11635,35,222450,9,0,0,40,0
11636,36,558344,9,0,0,48,0
11637,18,131825,7,0,0,21,0
11638,45,166181,9,0,0,25,0
11639,22,179392,9,0,0,20,0
11641,23,96748,13,0,0,40,0
11643,23,207066,6,0,0,30,0
11645,23,216129,10,0,0,40,0
11646,67,401273,10,0,0,5,0
11647,51,245356,10,7298,0,55,1
11649,47,216414,13,0,0,40,0
11650,47,361390,6,4064,0,40,0
11651,29,255364,10,594,0,24,0
11652,19,197377,10,0,0,20,0
11653,66,197816,13,0,0,17,1
11654,38,194140,10,0,0,50,0
11656,33,102130,11,0,0,50,0
11658,30,176064,9,0,0,55,0
11659,43,38946,13,0,0,50,1
11661,38,175665,10,0,0,40,0
11663,56,165867,16,0,0,40,1
11666,50,125417,13,7298,0,65,1
11669,18,68073,7,0,0,20,0
11672,37,109996,5,0,0,40,0
11674,22,140001,10,0,0,40,0
11675,61,347445,14,0,0,40,1
11677,47,235431,1,0,0,40,0
11679,26,172013,9,0,0,40,0
11682,30,139838,6,0,0,40,0
11685,32,101266,9,0,0,40,0
11690,49,220978,9,0,0,44,0
11692,41,242804,9,0,0,40,0
11695,41,174196,10,0,0,40,0
11700,58,75867,9,0,0,40,0
11702,34,111567,10,0,0,40,1
11703,58,112945,11,0,0,40,0
11710,31,103573,10,0,0,45,0
11711,28,264735,14,0,0,50,0
11712,58,281792,10,0,0,60,0
11713,52,184081,4,0,0,40,0
11714,22,381741,9,0,0,40,0
11715,58,98630,14,0,0,40,1
11716,25,161631,10,0,0,40,0
11717,33,152591,10,0,0,40,0
11719,18,278141,7,0,0,35,0
11722,43,421871,13,6849,0,50,0
11724,33,189265,10,0,0,5,0
11727,50,174655,13,0,1887,40,1
11728,30,327203,9,0,0,40,0
11729,25,51148,9,0,0,40,0
11732,41,122857,9,0,0,40,0
11733,28,259609,9,0,0,50,0
11735,51,203435,9,0,0,40,0
11736,27,148429,9,0,0,60,0
11738,19,87402,10,0,0,40,0
11739,32,265638,10,0,0,60,0
11740,27,430710,9,0,0,40,0
11741,50,193116,9,0,0,40,1
11742,29,94880,10,0,0,40,0
11743,67,186427,13,0,0,45,0
11747,30,156464,9,0,0,40,0
11748,40,202508,15,7688,0,48,1
11750,41,99679,6,0,0,40,0
11753,44,104719,12,0,0,38,0
11754,72,207889,4,0,0,50,0
11755,24,215890,9,0,0,40,0
11756,34,341239,9,0,0,40,0
11757,66,58326,7,0,0,40,1
11758,35,176544,10,0,1741,50,0
11759,37,216149,7,0,0,45,0
11762,52,287575,9,0,0,40,0
11767,18,153302,9,0,0,40,0
11769,33,41210,13,0,0,75,0
11771,28,114072,9,0,0,40,1
11773,18,110230,7,0,0,5,0
11778,29,184224,9,0,0,40,0
11781,28,61523,9,0,0,55,0
11782,60,54614,11,0,0,40,0
11786,35,73471,9,0,0,40,0
11787,41,33487,10,0,0,38,0
11788,23,201179,10,0,0,40,0
11791,49,172246,13,99999,0,40,1
11794,33,343519,10,0,0,25,0
11798,26,224567,7,0,0,45,0
11799,40,24038,13,0,0,55,0
11800,35,210945,14,0,0,60,1
11802,32,78374,13,0,0,1,0
11806,33,196480,9,0,0,40,0
11809,33,342458,9,0,0,40,0
11812,67,127605,13,0,2174,40,1
11815,42,177937,14,0,0,45,0
11817,64,287277,5,0,0,40,0
11818,29,173113,13,0,0,40,0
11819,51,169785,13,0,0,60,1
11822,47,165229,8,0,0,40,0
11825,64,132519,9,0,0,40,0
11827,42,261899,14,0,0,50,1
11828,46,119939,7,0,0,40,0
11831,33,195770,9,0,0,40,0
11833,21,247115,9,0,0,60,0
11834,48,50459,9,0,0,40,0
11835,22,260617,8,0,0,60,0
11836,20,155066,9,0,0,60,0
11839,35,111128,13,15024,0,65,1
11842,45,174386,9,0,0,30,0
11843,34,21755,9,0,0,63,0
11844,35,261646,9,0,0,40,0
11846,36,679853,9,0,0,40,0
11847,40,144928,10,7298,0,40,1
11849,27,110663,9,0,0,50,0
11851,45,160703,14,0,0,55,0
11853,30,131425,9,0,0,40,0
11857,38,100079,16,27828,0,60,1
11858,30,95639,7,0,0,40,0
11860,59,49893,9,0,0,24,0
11862,43,137232,13,0,0,42,0
11866,47,189143,9,0,0,40,0
11867,57,115422,9,3137,0,40,0
11870,39,106838,10,4386,0,45,1
11871,90,50746,6,0,0,7,0
11875,40,170721,6,0,0,50,1
11877,53,152810,13,0,0,40,1
11879,50,392668,10,4386,0,40,0
11880,28,192257,13,0,0,40,0
11883,44,174325,10,0,0,40,0
11884,41,307767,9,0,0,40,0
11887,18,218100,7,0,0,25,0
11889,20,123173,10,0,0,15,0
11890,33,241697,10,0,1602,40,0
11894,54,88528,14,0,0,37,0
11897,27,106276,9,0,0,40,0
11898,48,185039,10,0,0,40,0
11900,27,150767,10,0,0,48,0
11901,72,31327,13,0,0,20,1
11902,27,30237,9,0,0,45,0
11904,29,148069,11,0,0,40,0
11907,54,108233,12,0,0,20,0
11908,25,66692,13,0,0,40,0
11913,34,190151,10,0,0,42,0
11918,64,208862,7,0,0,15,0
11919,50,69477,6,0,0,45,0
11920,34,443546,9,0,0,40,0
11923,75,220618,10,0,0,10,0
11926,20,162151,9,0,0,20,0
11927,53,314871,10,0,0,40,0
11929,33,198103,9,0,0,40,0
11930,47,106466,10,0,0,40,0
11932,54,254152,9,0,0,40,0
11933,51,249449,13,0,0,55,1
11938,24,188073,10,0,0,40,0
11940,79,121552,4,0,0,5,0
11943,25,210794,10,0,0,40,0
11944,47,149366,13,0,0,40,0
11947,24,43535,10,0,0,30,0
11948,47,158924,13,0,0,40,1
11955,46,104575,11,0,0,40,0
11957,48,178313,9,0,0,60,0
11960,33,186977,9,0,0,40,0
11961,22,208893,10,0,0,10,0
11964,64,113061,9,0,0,40,0
11967,40,77975,9,0,0,40,0
11968,28,241580,9,0,0,55,0
11969,40,165599,9,4064,0,40,0
11970,31,85374,9,0,0,42,0
11976,21,231511,10,0,0,20,0
11978,56,108496,9,0,0,40,0
11980,29,116372,13,0,0,50,1
11983,31,117659,7,0,0,40,1
11984,23,372898,9,0,0,40,0
11987,64,186535,13,3103,0,3,0
11989,48,369522,10,0,0,60,0
11990,35,28572,7,0,0,40,0
11994,59,239405,9,0,0,35,0
11996,28,408417,10,0,0,40,0
11997,50,43705,13,0,0,50,0
12000,44,207685,14,8614,0,33,1
12001,26,157708,10,0,0,40,0
12004,45,174426,14,0,0,43,0
12007,54,155496,10,2176,0,40,0
12009,40,140915,13,0,0,40,1
12010,19,187161,10,0,0,18,0
12011,24,181820,10,0,0,45,0
12015,22,289448,12,0,2205,30,0
12018,74,70234,9,0,0,26,0
12026,20,301408,10,0,1602,30,0
12027,33,97723,9,0,1672,40,0
12028,51,318351,12,0,0,30,1
12031,31,265426,13,0,0,30,0
12032,39,66687,10,0,0,45,0
12033,31,107417,10,0,0,40,0
12037,67,40021,16,0,0,40,0
12039,40,114714,16,0,0,40,1
12040,17,188758,7,0,0,20,0
12043,47,333052,13,0,0,5,0
12045,24,125012,13,0,0,20,0
12046,28,135296,10,0,0,40,0
12047,30,31171,10,0,1590,40,0
12048,31,103860,6,0,0,45,0
12062,28,183151,9,0,0,40,1
12063,58,228614,4,0,0,35,0
12067,40,235786,9,0,0,40,0
12069,35,168817,9,0,0,40,0
12070,34,24361,13,0,0,40,0
12071,25,321223,10,0,0,20,0
12075,43,331649,13,0,0,45,0
12081,33,113364,9,0,0,40,0
12085,51,196395,9,0,0,60,1
12086,47,138069,10,0,0,40,0
12087,45,358259,10,0,0,50,0
12090,23,122244,10,0,0,40,0
12091,36,116546,9,0,0,40,0
12092,44,213934,9,2829,0,42,0
12093,27,24988,11,0,1564,72,1
12102,27,203776,7,0,0,40,0
12106,62,199021,9,0,0,54,0
12108,44,173682,9,0,0,40,0
12114,37,119992,9,0,0,99,0
12116,34,55849,9,7298,0,50,1
12118,36,131239,9,0,0,40,0
12119,50,139157,14,0,0,60,1
12120,39,305541,9,0,0,55,0
12121,50,151159,11,0,0,55,0
12122,23,84726,12,0,0,45,0
12126,23,197613,13,0,0,40,0
12127,44,171615,15,0,0,55,1
12129,47,250745,9,0,0,32,0
12132,43,178983,14,6497,0,50,0
12133,47,101299,13,0,0,50,1
12137,20,97295,10,0,0,25,0
12138,48,169515,13,0,0,43,1
12139,49,121253,9,0,1564,40,1
12140,52,35546,9,0,0,40,0
12141,35,111635,9,0,0,40,0
12142,51,207419,9,0,0,60,0
12145,41,170685,10,0,0,46,0
12148,23,370548,9,0,0,27,0
12149,43,245525,13,0,0,38,0
12150,41,408229,10,0,0,15,0
12151,29,181434,13,7298,0,40,1
12152,27,213225,13,7298,0,45,1
12153,24,199915,13,0,0,35,0
12154,44,143104,10,0,0,38,1
12158,43,193882,10,0,0,50,0
12162,21,148294,10,0,0,40,0
12163,26,128777,10,0,0,40,0
12165,47,233511,9,0,0,40,0
12167,61,43904,9,0,0,40,0
12168,45,239864,9,0,0,40,0
12169,47,159075,9,0,0,40,0
12171,21,90896,9,0,0,40,0
12174,28,35864,10,0,0,70,1
12175,18,394954,10,0,0,40,0
12177,34,38223,11,0,0,40,0
12179,53,291096,2,0,0,40,0
12180,63,144391,13,0,0,20,0
12181,62,44013,9,0,0,40,0
12182,28,134890,9,0,0,40,0
12184,28,195520,10,0,0,20,0
12189,70,30140,5,0,0,40,0
12190,27,125791,13,0,0,15,0
12191,31,337505,15,0,0,40,0
12192,61,258775,9,4386,0,40,1
12193,32,153152,6,0,2051,38,0
12194,21,120998,10,0,0,40,0
12196,39,342768,10,0,0,40,1
12198,52,279440,9,5178,0,40,1
12202,29,133937,9,0,0,30,0
12203,32,31714,10,4865,0,40,0
12204,32,347623,9,0,0,40,0
12205,58,174848,8,0,0,40,0
12207,37,49687,13,0,1980,40,0
12210,46,131939,9,0,0,40,0
12216,34,198068,9,0,0,40,0
12217,37,116960,9,0,0,40,1
12220,33,251990,9,0,0,37,0
12224,44,201495,12,0,1977,50,1
12226,40,77391,9,0,0,40,0
12230,40,200671,9,0,0,40,0
12233,42,171351,9,0,0,40,0
12234,29,119793,4,0,0,40,1
12235,40,38876,9,0,0,48,0
12237,19,292774,9,0,0,40,0
12240,35,139854,12,0,0,15,0
12241,52,145072,14,0,0,40,0
12243,23,72055,9,0,0,40,0
12245,41,49156,16,0,0,30,0
12252,50,243322,9,0,0,45,0
12255,38,200352,13,0,0,50,0
12257,30,247328,11,0,0,40,0
12262,30,97723,9,0,0,35,1
12263,19,143404,9,0,0,30,0
12264,56,127264,10,0,0,34,0
12267,34,410615,12,0,0,60,1
12268,43,224998,13,0,1977,40,1
12270,43,225165,10,0,0,40,0
12272,42,33155,9,0,0,85,0
12273,32,450141,10,0,1408,40,0
12274,31,441949,10,0,0,40,1
12275,25,131341,9,0,0,36,0
12278,26,143756,10,0,0,40,0
12280,35,173586,9,0,0,45,1
12282,39,178877,9,0,0,40,1
12283,22,285580,13,0,0,45,0
12286,39,185405,6,0,0,40,0
12287,41,240124,10,0,0,50,0
12288,26,96130,9,0,0,40,0
12290,27,147280,7,0,0,40,0
12291,34,197252,13,0,0,45,1
12292,43,118544,14,0,0,50,1
12296,29,438429,9,0,0,40,0
12298,37,506830,13,0,0,40,0
12299,42,56072,12,0,0,45,1
12300,51,164300,9,0,0,40,0
12304,27,478277,13,0,0,40,0
12308,18,87135,7,0,0,15,0
12310,40,179069,13,0,0,30,0
12313,67,350525,10,0,0,15,1
12314,53,276369,9,0,0,99,0
12318,45,306122,13,0,0,44,1
12321,35,179579,9,0,0,45,0
12324,31,356823,13,10520,0,40,1
12325,39,312271,10,0,0,60,0
12329,23,216867,9,0,0,40,0
12331,42,256179,10,0,0,48,1
12332,65,51063,6,0,0,64,0
12335,48,115358,4,0,0,15,0
12337,44,152908,9,0,0,40,0
12338,58,217802,14,7688,0,45,1
12339,70,380498,13,0,0,30,0
12340,28,257124,14,0,0,55,0
12341,46,313635,15,4650,0,40,0
12344,18,190325,7,0,0,40,0
12350,34,61308,9,0,0,45,0
12354,44,188615,9,0,0,60,1
12355,30,62932,9,0,0,60,0
12357,60,155977,10,0,0,54,0
12362,34,87535,16,0,0,40,0
12366,50,163576,14,0,0,50,1
12371,62,111563,5,0,0,21,0
12372,75,124256,10,0,2149,35,0
12373,21,227521,10,0,0,15,0
12376,19,348867,9,0,0,15,0
12378,36,110622,13,0,0,8,0
12380,62,84784,9,0,1741,40,0
12381,25,266600,9,3137,0,40,0
12382,28,106935,13,0,0,50,1
12387,33,374833,2,0,0,40,0
12388,38,210198,9,0,0,30,0
12390,20,206869,10,0,0,30,0
12393,37,110331,15,0,0,60,1
12394,54,353787,10,0,0,40,1
12395,48,142909,9,0,0,40,0
12397,36,339116,11,0,0,40,0
12401,52,142757,10,0,0,56,1
12404,59,129762,10,0,0,40,0
12409,40,109217,7,0,0,45,0
12412,46,200947,9,0,0,35,0
12413,21,402136,10,0,0,20,0
12415,47,136258,10,0,0,30,0
12416,53,35459,10,0,0,47,1
12418,39,181384,12,0,0,20,0
12419,50,81253,9,0,0,30,0
12421,17,387063,6,0,0,20,0
12423,39,106964,14,0,1977,55,1
12425,20,218068,10,0,0,23,0
12427,74,160009,12,0,0,30,1
12432,31,128065,7,0,0,55,1
12433,48,101016,14,0,0,40,0
12437,53,169112,13,0,0,40,1
12439,19,124906,10,0,1719,25,0
12443,23,224632,13,0,0,38,0
12444,26,159732,13,0,2205,43,0
12445,56,221801,10,0,0,40,0
12449,52,137815,5,0,0,40,0
12450,43,594194,9,0,0,40,1
12452,39,202662,10,0,0,40,0
12460,51,108435,13,0,0,40,1
12463,29,197565,9,0,1902,35,1
12466,52,203953,9,0,0,40,1
12469,71,132057,13,9386,0,50,1
12470,33,40142,9,0,0,56,0
12472,67,221252,14,0,0,40,0
12475,35,171393,9,0,0,50,0
12480,27,267912,6,0,0,40,0
12482,25,141876,13,0,0,40,0
12483,33,185177,9,0,0,40,0
12485,39,114942,10,0,0,43,1
12487,50,195844,16,13550,0,50,1
12488,39,184659,9,0,0,40,0
12489,39,224466,10,0,0,24,0
12490,46,149551,9,5013,0,50,0
12492,68,116993,15,0,0,60,1
12494,42,167948,16,0,0,40,1
12497,20,240517,10,0,0,20,0
12499,21,211385,7,0,0,25,0
12500,33,109282,4,0,0,40,0
12501,32,367904,6,0,0,40,0
12503,67,221281,9,0,0,15,0
12504,39,179671,6,0,0,40,0
12510,17,186575,7,0,0,10,0
12512,39,289430,3,0,0,50,0
12518,52,385183,13,0,0,40,1
12520,31,290964,11,0,0,38,1
12521,26,52839,10,0,0,40,0
12522,33,134737,9,2829,0,70,0
12531,64,212513,13,0,0,40,0
12532,56,147653,10,0,0,50,0
12534,42,212760,10,0,0,60,1
12535,53,101238,10,0,0,40,1
12536,37,306868,9,0,0,38,0
12540,44,136986,16,0,0,50,1
12541,50,201984,4,0,0,40,0
12543,46,174928,9,0,0,40,0
12544,29,445480,8,0,0,40,0
12546,33,377107,10,0,0,35,0
12547,42,347890,13,0,1902,50,1
12548,24,199336,9,0,0,45,0
12549,17,111593,7,0,0,8,0
12551,37,39207,9,0,0,40,1
12553,27,309463,5,0,0,10,0
12554,38,215419,14,0,0,55,0
12556,42,251239,5,0,0,40,0
12557,40,134307,13,0,1741,40,0
12559,36,140676,13,0,0,50,0
12560,46,143542,7,0,0,20,0
12563,29,118503,9,0,0,50,0
12565,46,203653,13,0,0,40,0
12566,31,181751,9,0,0,40,0
12572,44,268039,10,0,0,40,0
12575,36,214008,10,0,0,40,1
12576,29,147755,9,0,0,32,0
12579,25,48029,10,0,0,40,1
12582,55,109075,7,5013,0,48,0
12586,18,200290,9,0,0,35,0
12588,22,157541,9,0,0,50,0
12589,61,192085,9,0,0,15,0
12590,40,33795,11,0,0,40,0
12596,45,317846,12,0,0,47,0
12600,46,278322,16,0,0,40,1
12602,58,498267,9,0,0,40,0
12604,26,50053,13,0,0,37,0
12607,45,154174,9,0,0,50,0
12613,66,95644,13,0,0,40,0
12614,34,198183,13,0,0,50,0
12618,55,27227,10,0,1977,35,1
12619,43,117022,11,0,1726,40,0
12620,66,133884,9,0,0,40,0
12621,42,602513,13,0,0,45,1
12625,18,323810,9,0,0,40,0
12627,38,322092,9,0,0,40,0
12628,46,209739,9,0,0,46,0
12640,40,179717,9,7298,0,50,1
12641,17,260978,7,0,0,14,0
12642,36,280570,10,0,0,45,0
12644,26,79089,13,0,0,20,0
12647,49,259087,7,0,0,40,0
12648,20,361138,9,0,0,45,0
12649,40,309311,9,0,0,40,0
12653,40,103759,9,0,0,40,0
12655,42,180096,9,0,0,60,0
12656,49,157991,10,0,0,40,0
12657,26,164170,10,0,0,35,0
12659,57,201159,12,0,0,40,0
12660,35,61343,9,0,0,40,0
12661,21,130534,6,0,0,50,0
12663,32,169768,13,0,0,40,0
12665,59,66440,9,0,0,40,0
12666,50,338836,13,0,1887,36,1
12668,36,145704,9,0,0,40,0
12669,35,88215,13,0,0,40,1
12670,24,114873,9,0,0,40,0
12671,22,240063,9,0,0,40,0
12672,67,167015,13,0,0,30,0
12673,44,354230,10,0,0,40,0
12675,24,225739,10,0,0,40,0
12678,41,112763,9,2597,0,40,0
12679,66,242589,9,0,0,34,0
12680,21,366929,9,0,0,38,0
12682,31,274222,2,0,0,40,0
12683,51,166459,14,0,0,40,1
12684,33,36222,16,0,0,45,1
12687,31,203488,13,0,1977,45,1
12688,54,96062,9,0,0,40,0
12690,59,162580,9,0,0,35,0
12691,76,413699,4,0,0,28,0
12694,70,217801,13,0,0,15,0
12696,46,110171,9,0,0,40,0
12697,36,89625,9,0,0,40,0
12700,32,195891,9,0,0,40,0
12702,56,93211,9,0,0,40,0
12703,38,181661,12,0,0,56,1
12704,74,146365,9,0,0,28,0
12708,32,137421,9,0,0,40,0
12712,27,282313,9,0,0,40,0
12713,56,157786,13,0,1902,55,1
12717,36,187089,13,0,0,40,0
12718,47,167625,14,0,0,40,1
12719,61,190955,13,7688,0,40,1
12720,50,185846,9,3103,0,40,1
12722,69,164110,13,10605,0,50,1
12723,32,117444,13,0,0,50,0
12724,38,164593,13,0,0,30,0
12725,45,22610,10,0,0,40,0
12729,36,69481,15,0,0,55,1
12731,24,255252,9,0,0,40,0
12740,22,193190,9,0,0,40,0
12743,23,209955,10,0,0,25,0
12750,22,125010,13,0,0,20,0
12751,18,201871,8,0,0,7,0
12752,28,203171,10,0,0,40,0
12753,40,53774,9,4064,0,12,0
12756,23,82067,10,0,0,30,0
12757,45,224559,6,0,0,40,0
12760,48,259412,15,0,0,20,0
12761,25,166977,13,0,1887,40,1
12762,63,546118,10,0,0,35,1
12763,42,110318,9,0,0,40,0
12765,30,156763,9,0,0,40,0
12767,24,44493,11,0,0,40,0
12771,44,183850,13,0,0,56,0
12772,27,84433,10,0,0,50,0
12773,62,296485,11,0,0,10,0
12780,43,120277,10,0,0,55,0
12781,56,146554,9,0,0,40,0
12783,52,182907,9,0,0,55,0
12784,50,341797,12,0,0,40,1
12786,23,48988,10,0,0,50,0
12787,32,252646,11,0,0,40,1
12788,27,214695,13,0,0,30,0
12789,23,189194,10,0,0,40,0
12790,28,68021,13,0,0,40,0
12791,32,117369,9,0,0,48,0
12792,19,340094,10,0,0,20,0
12795,49,110669,6,0,0,32,0
12800,25,272167,13,0,0,30,0
12802,62,176965,4,0,0,40,0
12803,61,101701,13,0,0,20,0
12810,33,344073,13,0,1408,50,0
12812,20,143604,10,0,0,2,0
12813,26,174592,13,0,0,15,0
12815,23,358355,3,0,0,40,0
12817,28,229656,14,0,1485,40,1
12818,40,115516,14,0,0,40,0
12819,62,189665,14,15024,0,40,1
12823,44,89172,14,0,0,40,0
12824,25,281627,13,0,1564,30,1
12826,39,108293,9,0,0,40,0
12828,40,38389,11,0,0,40,0
12831,35,301911,13,0,0,50,1
12833,37,96483,12,5178,0,38,1
12836,51,250807,10,0,0,40,0
12837,18,391257,10,0,0,16,0
12838,26,135521,9,0,0,50,0
12840,42,179533,9,0,0,40,1
12841,64,250117,13,0,1902,50,1
12842,34,101562,9,0,0,40,0
12845,52,168035,10,0,0,45,0
12846,25,175382,9,0,0,45,0
12856,24,184975,9,0,0,25,0
12857,18,336508,7,0,0,15,0
12860,28,258364,10,0,0,40,0
12861,26,214215,7,0,0,50,0
12862,41,49448,9,99999,0,40,1
12865,26,218993,13,0,0,30,0
12875,49,178341,9,7688,0,50,1
12880,62,104849,14,0,0,40,1
12881,27,225768,9,0,0,20,0
12882,24,186666,10,0,0,50,0
12883,23,69510,13,0,0,50,0
12884,59,171242,13,0,0,45,0
12886,48,224087,6,0,0,40,0
12888,43,175943,10,0,0,14,0
12891,32,233838,9,0,0,50,0
12892,51,117847,9,0,0,99,0
12894,39,171524,6,0,0,40,0
12896,51,34067,9,0,0,40,0
12897,43,25005,10,0,0,40,0
12901,41,33331,14,0,1902,40,1
12902,48,29128,9,0,0,20,0
12904,21,227411,11,0,0,40,0
12907,31,118551,9,0,0,40,0
12908,23,47541,9,0,0,50,0
12909,45,92374,10,13550,0,60,1
12912,42,183319,9,0,0,43,1
12915,28,292120,10,0,0,42,0
12919,28,179008,11,0,0,50,0
12921,26,193945,14,0,0,60,0
12924,42,23157,13,0,0,50,1
12925,72,47203,9,4931,0,70,0
12928,24,188569,14,4787,0,60,1
12931,45,165346,10,0,0,64,0
12938,30,119411,9,0,0,40,0
12941,48,191681,9,0,0,40,1
12943,57,161662,9,4650,0,40,0
12945,27,247711,13,0,2258,55,0
12950,31,101266,12,0,0,40,0
12952,19,206751,10,0,0,30,0
12954,47,301431,10,0,0,40,0
12955,17,347000,8,0,0,12,0
12956,39,25806,14,0,0,48,0
12959,25,190107,9,0,0,40,1
12960,39,30269,13,0,0,44,1
12962,44,406734,14,0,0,40,0
12963,23,236696,12,0,0,20,0
12965,53,199720,9,0,0,40,1
12966,24,31606,13,0,0,20,1
12968,55,323639,10,0,0,74,1
12970,64,144391,14,0,0,40,0
12976,25,409815,11,0,0,40,0
12977,38,212143,10,0,0,35,1
12978,33,33404,9,0,0,48,0
12982,37,107302,10,15024,0,45,1
12985,32,68879,13,0,0,50,1
12986,53,206288,13,0,0,35,0
12987,32,187936,6,0,0,50,0
12989,49,414448,4,0,0,40,0
12990,34,79190,13,0,0,50,0
12994,35,148334,10,0,0,40,0
12996,62,285692,14,0,0,20,0
12998,35,104329,9,0,0,40,0
12999,34,37284,10,0,0,40,0
13000,40,154374,15,0,0,60,1
13002,18,227529,9,0,0,40,0
13006,57,207604,4,0,0,40,0
13008,20,147523,5,0,0,40,0
13009,52,193116,4,0,0,20,0
13011,52,262579,9,0,0,45,0
13012,42,244910,13,0,0,40,1
13015,18,65098,9,0,0,30,0
13017,47,209739,9,0,0,40,0
13018,29,72338,9,0,0,26,0
13020,31,32289,9,0,0,40,0
13021,54,209464,10,0,0,40,0
13023,40,271665,10,0,0,50,0
13026,48,121424,13,0,0,50,0
13027,53,33795,9,0,0,40,0
13032,45,168556,10,0,0,40,0
13033,54,186224,14,0,0,40,1
13038,55,210318,9,0,0,40,0
13040,21,162667,9,0,0,40,0
13046,68,69249,9,0,0,10,1
13048,20,163665,12,0,0,15,0
13049,20,165097,10,0,2001,40,0
13054,40,266803,14,15024,0,50,1
13055,20,230482,5,0,0,40,0
13057,30,172830,14,0,0,40,0
13058,50,144084,9,0,0,55,0
13060,34,207685,13,0,0,39,0
13061,55,161423,14,0,0,52,1
13063,45,215892,14,0,2824,50,1
13068,33,158438,9,0,0,55,1
13069,33,154950,13,0,0,50,0
13070,38,200445,10,0,0,48,1
13071,65,224357,10,2290,0,4,0
13074,51,200046,13,0,2824,40,1
13078,25,221078,9,0,0,35,0
13083,45,235431,9,0,0,40,0
13084,57,153788,13,99999,0,45,1
13086,50,158352,14,0,0,25,0
13087,25,109972,13,0,0,45,0
13088,32,278940,9,0,0,40,0
13090,50,141592,6,0,0,40,0
13094,27,105189,9,0,0,40,0
13100,30,284629,9,0,0,40,0
13103,57,191873,9,0,0,40,0
13104,25,125082,9,0,0,40,0
13110,47,95661,10,0,0,45,0
13111,55,79011,9,0,0,70,0
13122,56,52822,13,0,0,30,0
13125,42,216411,12,0,0,35,1
13126,37,122493,9,0,0,55,1
13129,39,30056,10,0,0,40,0
13131,46,178768,9,0,0,20,0
13134,35,160728,9,0,0,50,0
13135,62,198170,14,0,0,4,0
13136,20,200967,9,0,0,30,0
13138,64,117349,9,0,0,24,0
13142,51,177487,9,0,0,45,0
13143,26,151971,10,0,0,35,0
13145,59,108929,16,0,0,50,0
13148,45,216414,14,0,0,50,1
13149,38,324053,13,0,0,40,1
13150,55,197399,14,0,0,40,0
13158,52,73117,9,0,0,38,0
13159,45,166863,6,0,0,40,0
13162,44,282192,12,0,0,60,0
13166,40,104196,8,0,0,40,0
13169,65,183544,5,0,0,38,0
13172,30,176862,11,0,0,40,0
13174,42,186689,9,0,0,60,0
13175,31,177675,13,0,0,40,1
13176,38,337505,10,0,0,40,1
13179,62,159474,9,0,0,50,0
13186,40,161475,9,0,0,75,0
13189,27,286352,13,0,0,35,0
13193,42,396758,10,0,0,40,0
13194,37,21798,9,0,0,45,1
13195,21,278130,10,0,0,40,0
13196,17,192173,5,0,0,40,0
13197,40,43546,10,0,0,48,0
13198,20,87546,10,0,0,40,0
13201,21,33432,10,0,0,8,0
13207,24,123226,13,0,0,40,0
13212,45,278303,12,0,0,40,0
13217,50,34067,10,0,0,60,1
13219,28,105422,10,0,0,50,0
13222,24,165107,11,0,0,40,0
13223,20,112706,7,0,0,39,0
13224,56,28297,5,0,0,40,0
13225,53,104748,6,0,0,45,0
13226,21,129137,9,1055,0,35,0
13227,30,298871,14,0,1887,45,1
13228,30,229716,10,0,0,40,0
13229,31,113752,9,0,0,40,1
13230,32,198739,9,0,0,40,0
13232,31,114937,9,0,0,40,0
13234,19,197861,8,0,0,15,0
13238,41,51494,10,0,0,40,0
13240,20,116773,10,0,0,40,0
13241,33,252340,10,0,0,40,0
13242,25,213799,11,0,0,35,0
13246,33,369258,13,0,0,40,0
13249,40,243580,13,0,0,44,1
13251,41,390369,15,0,0,58,1
13252,25,403788,9,0,0,36,0
13253,26,68346,14,0,0,10,0
13258,18,156056,9,0,0,12,0
13259,20,194102,10,0,0,12,0
13262,40,356934,9,0,1902,45,1
13263,28,72514,10,0,0,72,0
13265,31,324386,7,0,0,40,0
13266,56,159544,14,0,0,60,0
13267,34,114691,16,0,0,50,1
13271,44,321824,16,0,0,20,0
13273,30,329425,10,0,0,40,0
13276,30,143766,13,0,0,40,1
13277,56,49647,11,0,0,70,0
13278,50,233363,7,0,0,40,0
13281,27,360527,9,0,0,40,0
13282,46,135803,13,0,0,40,0
13283,60,608441,9,0,0,40,0
13284,42,720428,10,0,0,40,1
13293,44,32000,13,0,0,45,1
13299,24,170800,13,0,0,37,0
13300,32,37232,10,0,0,40,0
13301,41,373403,13,0,0,40,1
13304,36,322770,10,0,1887,40,1
13306,34,302570,9,0,0,36,0
13307,35,103710,14,0,0,40,0
13311,30,154548,14,0,0,65,0
13313,37,156266,9,0,0,40,0
13318,32,177695,13,0,0,45,0
13321,38,31848,9,0,0,50,0
13326,67,194456,14,0,0,10,0
13327,52,284648,9,0,0,99,1
13328,52,73134,13,0,0,40,1
13330,61,244856,13,4386,0,40,1
13331,25,184303,4,0,0,40,0
13332,25,154610,13,0,1719,15,0
13333,33,260560,9,0,0,40,0
13335,24,315877,10,0,0,25,0
13336,58,128258,9,0,0,24,0
13338,20,168165,10,0,0,40,0
13339,55,109015,13,0,1876,40,0
13343,19,240841,10,0,0,50,0
13347,25,108838,13,0,0,40,0
13348,21,259351,9,0,0,40,0
13349,42,159449,9,0,0,40,0
13351,38,179481,13,0,0,50,0
13353,51,123429,9,0,0,40,0
13354,36,116580,11,0,0,45,1
13357,52,164519,9,0,0,40,0
13358,33,141118,15,0,0,55,1
13361,45,68896,9,0,0,48,0
13364,30,170772,9,0,0,40,0
13367,48,50567,10,0,0,40,0
13368,42,203233,15,99999,0,99,1
13371,39,127573,13,0,0,30,1
13372,27,50316,10,0,0,40,0
13373,41,169473,9,0,0,30,0
13375,44,106900,14,0,0,50,1
13376,43,157473,9,0,0,48,1
13381,38,436361,14,0,1977,20,1
13382,38,184456,10,0,0,50,0
13388,26,297991,13,0,1977,75,1
13390,23,113511,9,0,0,40,0
13396,33,350106,10,0,0,34,0
13397,30,197947,9,0,0,40,0
13400,29,206889,9,0,0,40,0
13401,45,151399,8,0,0,40,0
13404,47,165517,14,0,0,40,1
13405,59,43103,10,0,0,40,0
13406,21,123983,10,0,0,20,0
13408,30,192644,14,0,0,50,1
13413,43,170721,10,0,0,40,1
13418,20,205895,10,0,0,10,0
13421,38,372525,14,15024,0,45,1
13423,47,273767,13,0,0,50,0
13424,61,227266,9,0,0,40,0
13425,49,89334,13,0,0,40,0
13426,44,199202,14,0,0,50,0
13427,23,326587,9,0,0,40,0
13429,56,119254,9,0,0,40,0
13430,62,193881,14,0,0,35,0
13432,17,74685,6,0,0,20,0
13433,34,123291,6,0,0,40,0
13434,33,557359,9,0,0,40,0
13436,33,184245,5,0,0,50,0
13440,45,212120,13,15024,0,40,1
13441,35,351772,13,15024,0,45,1
13442,33,309582,10,7298,0,50,1
13445,64,167877,9,0,0,60,1
13447,28,125531,9,0,0,30,0
13451,46,431515,13,0,0,40,0
13454,76,174839,15,9386,0,25,1
13456,50,273534,9,0,0,30,0
13457,26,383885,12,5013,0,50,0
13459,35,95653,9,0,0,56,0
13461,41,221172,13,0,0,40,0
13463,32,200401,9,0,0,40,0
13465,38,170174,9,0,0,60,0
13466,58,26947,13,0,0,40,0
13470,34,113183,14,0,0,40,0
13471,23,39551,12,0,0,12,0
13476,46,315671,4,0,0,30,0
13477,23,180339,9,0,0,40,0
13478,28,119545,13,0,0,42,0
13479,23,195508,13,0,0,45,0
13480,31,364657,10,0,0,45,1
13481,49,168598,9,0,0,40,1
13482,33,178683,10,5013,0,40,0
13483,27,123116,10,0,2057,49,0
13484,33,251117,3,0,0,40,0
13487,31,249869,9,0,0,40,0
13488,55,116219,10,0,0,40,0
13489,33,168981,9,0,0,40,0
13490,67,137894,13,0,0,16,1
13491,19,139091,10,0,0,35,0
13492,25,219199,7,0,0,40,0
13493,38,191455,9,0,0,10,0
13496,43,149871,9,0,0,40,0
13497,30,342730,9,0,0,35,0
13499,60,193864,9,0,0,40,0
13501,20,253612,9,0,0,30,0
13510,42,221581,9,0,0,40,0
13511,63,382882,4,0,0,40,0
13516,37,191841,13,0,0,48,0
13517,28,37805,13,0,0,40,1
13519,51,202752,8,0,0,40,0
13525,35,76878,4,0,0,40,0
13526,44,210492,10,0,0,40,0
13529,27,364986,10,0,0,38,0
13530,56,169278,10,0,0,35,0
13532,27,234135,13,0,0,40,0
13538,55,300670,13,0,0,40,1
13540,43,173590,13,0,0,40,1
13546,28,93021,3,0,0,40,0
13550,48,182715,9,0,0,48,0
13556,41,413365,9,0,0,40,0
13558,43,186245,4,0,0,40,0
13559,33,279231,13,0,1977,40,1
13561,32,127651,9,0,0,46,1
13563,29,130856,11,0,0,40,0
13567,33,358655,13,0,0,10,0
13572,25,68302,9,0,0,40,0
13574,34,195891,13,0,0,50,1
13577,70,262502,10,0,1844,24,0
13578,41,118921,9,0,0,60,0
13582,43,245056,1,0,0,40,0
13584,29,336624,13,8614,0,40,1
13586,37,207066,10,0,0,40,0
13593,47,171751,9,0,0,40,0
13594,37,61518,9,0,0,50,0
13598,33,160594,10,7298,0,40,1
13601,33,156602,13,3325,0,43,0
13602,31,122116,11,0,0,40,0
13603,75,73433,9,0,2467,40,0
13605,36,203828,9,0,0,40,0
13611,57,124318,9,0,0,45,0
13613,29,194402,14,0,0,42,0
13617,35,213076,13,0,0,40,0
13618,36,161132,10,0,0,56,0
13620,39,115618,9,0,0,50,0
13621,25,158033,9,0,0,65,0
13623,26,430195,7,0,0,40,0
13632,54,182855,4,0,0,40,0
13633,29,189346,9,0,0,40,0
13634,39,82726,10,0,0,40,0
13635,38,179481,10,0,0,45,1
13637,22,182117,10,0,0,40,0
13639,39,421633,12,0,0,40,0
13641,26,132749,10,0,0,40,0
13642,22,254351,9,0,0,45,0
13645,53,222405,9,0,0,40,0
13647,33,91163,9,0,0,40,0
13650,33,348152,10,0,0,40,0
13653,31,238816,11,0,0,40,0
13656,34,275880,13,0,0,38,0
13661,20,354351,10,0,0,35,0
13663,62,128230,14,0,0,48,1
13666,19,86143,9,0,0,20,0
13667,40,353687,9,0,0,40,1
13669,60,154589,9,3103,0,35,1
13670,42,183765,10,0,0,50,0
13671,28,186672,9,0,0,40,0
13674,25,144516,9,0,0,40,0
13675,53,124993,9,0,0,43,1
13676,24,111376,9,0,0,40,0
13677,40,300838,2,0,0,40,0
13678,28,359049,9,0,1092,60,0
13680,46,366089,13,0,0,60,1
13681,19,110998,10,0,0,40,0
13682,23,60409,10,0,0,40,0
13684,48,219967,5,0,0,40,0
13685,45,171540,9,0,0,40,0
13687,36,294760,11,0,0,50,0
13689,31,208881,9,0,0,50,1
13692,51,161599,13,0,0,40,0
13693,20,428299,9,0,0,40,0
13704,26,250038,5,0,0,40,0
13705,59,165695,13,0,0,20,1
13706,48,225594,9,0,0,40,0
13709,37,199739,10,0,0,40,0
13711,28,110169,11,0,0,3,0
13715,37,68899,9,0,0,60,1
13717,39,191503,13,0,1887,40,1
13718,34,113364,12,0,0,35,0
13720,21,163870,10,0,0,40,0
13721,53,208122,10,0,0,60,1
13722,46,174361,14,0,0,40,1
13726,32,178449,9,0,0,50,0
13728,53,187830,14,7688,0,35,1
13730,42,219155,13,15024,0,50,1
13731,38,99146,9,0,0,65,0
13734,36,154410,13,0,0,40,1
13736,41,195096,13,0,0,50,1
13739,22,305874,9,0,0,60,0
13741,21,391312,9,0,0,30,0
13742,32,234976,10,0,0,55,0
13743,19,199495,10,0,0,40,0
13746,17,188996,5,0,0,30,0
13751,18,115815,7,0,0,20,0
13753,45,324550,14,7688,0,40,1
13758,19,151806,10,0,0,40,0
13759,45,363253,10,0,0,50,1
13763,49,169092,9,0,0,40,0
13765,46,116906,14,0,2258,35,0
13769,67,24968,5,0,0,40,0
13770,24,118514,9,0,0,40,0
13771,19,116834,10,0,0,25,0
13773,32,121769,10,0,0,40,0
13774,59,160271,4,0,0,40,0
13775,34,123429,10,0,0,60,0
13776,24,744929,9,0,0,40,0
13778,36,284582,10,0,0,40,0
13780,53,161482,13,0,0,50,1
13784,42,169980,10,0,0,50,1
13789,40,98466,7,0,0,50,0
13790,39,170174,11,14344,0,40,1
13792,24,511231,9,0,0,40,0
13794,40,208751,13,0,0,40,0
13795,36,383566,13,15024,0,55,1
13799,38,366618,9,0,0,40,0
13804,48,183610,11,0,0,40,0
13806,58,138130,9,0,0,40,0
13808,49,118520,9,0,0,45,0
13809,34,207284,8,0,0,40,0
13810,43,598995,13,3103,0,40,1
13811,50,141608,9,0,0,30,0
13813,31,309170,9,0,0,40,0
13815,33,266674,10,7298,0,56,1
13816,52,93127,7,0,0,32,0
13817,43,27444,13,99999,0,40,1
13822,35,109204,13,0,0,40,0
13825,19,183408,9,0,0,40,0
13829,46,525848,7,0,0,48,0
13833,70,30772,4,0,0,40,0
13834,22,49414,10,0,0,40,0
13837,21,171156,10,0,0,40,0
13840,47,209968,13,7298,0,40,1
13842,52,133403,9,0,0,40,1
13843,50,75763,11,0,0,65,0
13845,45,55272,11,0,0,40,0
13851,38,66687,9,5178,0,50,1
13852,27,115705,11,7298,0,50,1
13853,17,197732,7,0,0,20,0
13855,23,210474,13,0,0,40,0
13856,26,123472,9,0,0,40,0
13859,57,181242,13,0,0,40,1
13860,40,187164,13,0,0,40,0
13861,32,308365,9,0,0,38,0
13863,23,442359,9,8614,0,15,1
13864,54,166368,13,0,0,25,0
13865,21,116968,10,2597,0,40,0
13866,26,57593,7,0,0,40,0
13868,38,213512,10,0,0,50,0
13870,28,147719,10,0,0,48,0
13872,21,285830,9,0,0,20,0
13873,37,386461,3,0,0,45,0
13874,41,154714,11,0,0,40,1
13875,47,281401,3,0,0,32,0
13876,35,189251,9,0,0,40,0
13879,29,168479,14,0,0,40,0
13880,54,249352,13,0,0,40,0
13881,24,300008,9,0,0,40,0
13885,63,130968,5,0,0,50,0
13886,25,288440,13,0,0,40,0
13887,36,208358,10,0,0,40,1
13889,23,37894,9,0,0,40,0
13892,53,402016,9,0,0,52,1
13893,60,258869,16,0,0,30,0
13894,35,114087,9,5013,0,40,0
13895,33,116294,13,0,0,40,1
13896,21,241523,9,0,0,40,0
13900,37,293475,12,0,0,40,0
13901,60,169015,10,0,0,40,0
13905,30,163867,9,0,0,40,0
13906,29,204663,9,3325,0,40,0
13907,18,233136,7,0,0,15,0
13911,29,254450,11,0,0,40,0
13912,28,29974,11,10520,0,45,1
13913,53,40641,13,0,0,40,1
13915,25,203833,6,0,0,35,0
13916,30,277455,9,0,0,40,0
13917,38,176335,10,0,0,40,1
13918,51,394690,9,0,0,40,0
13919,23,71996,13,0,0,52,0
13921,37,157641,10,0,0,30,0
13923,30,173792,10,0,0,40,0
13924,23,163595,13,0,0,40,0
13925,27,132412,6,0,0,40,0
13926,22,193089,9,0,0,43,0
13927,28,190525,13,0,0,50,1
13929,21,161902,7,0,0,40,0
13932,31,344200,10,0,0,40,0
13933,29,62345,9,0,0,40,0
13934,35,85799,9,0,0,40,0
13935,27,26754,13,0,0,10,0
13939,39,98975,13,8614,0,50,1
13940,71,150943,13,0,0,40,0
13941,22,131573,10,0,0,25,0
13944,48,167159,9,0,0,40,0
13946,55,87584,9,0,0,10,0
13947,33,56121,9,0,0,60,0
13948,35,284358,9,0,0,50,1
13949,22,224969,9,0,0,40,0
13951,33,177733,4,0,0,30,0
13952,19,57366,10,0,0,30,0
13954,29,191177,9,0,0,55,0
13955,75,199826,10,0,0,36,1
13956,54,94323,5,0,2163,15,0
13957,60,380268,15,0,0,40,1
13958,90,272752,10,0,0,10,0
13961,24,335439,9,0,0,38,0
13962,24,250630,13,0,0,45,0
13963,45,272182,10,5013,0,40,0
13964,29,108574,14,0,0,40,1
13965,47,185400,9,0,0,40,1
13967,29,103634,9,0,0,35,0
13969,66,199374,14,0,0,20,0
13970,41,405172,12,0,0,40,1
13971,32,147654,9,0,1902,40,1
13975,39,457453,9,0,0,40,0
13976,65,187493,14,20051,0,40,1
13979,60,290754,9,0,0,40,0
13980,46,114396,14,0,0,40,1
13982,47,318360,12,0,0,55,1
13984,32,913447,9,0,0,40,0
13985,30,293931,9,0,0,65,0
13988,62,584259,9,0,0,44,0
13989,44,208726,9,0,0,40,0
13994,27,147839,10,0,0,38,0
13995,51,54465,11,0,0,48,0
13997,34,222130,9,0,0,40,0
14001,28,181597,9,0,0,40,0
14004,44,223881,9,0,0,50,1
14005,40,158796,9,0,0,40,0
14010,62,82906,13,4064,0,35,0
14011,45,153682,10,0,0,40,1
14013,26,216819,9,0,0,40,0
14015,41,147099,14,0,0,40,0
14018,65,104454,13,0,0,40,0
14019,50,91475,9,0,0,40,0
14020,32,151868,9,5013,0,65,0
14021,19,118306,9,0,0,40,0
14028,38,339677,14,0,0,40,1
14029,37,123586,13,0,1902,73,1
14030,19,150073,10,0,0,25,0
14033,87,97295,9,0,0,3,0
14035,46,118714,9,7298,0,40,1
14036,33,230883,10,0,2824,48,1
14037,45,149224,9,0,0,50,0
14041,41,303521,13,4650,0,45,0
14042,40,226027,9,0,0,20,0
14045,20,162688,9,0,0,35,0
14046,30,45737,10,0,0,40,0
14049,26,96645,16,0,0,20,0
14051,45,101825,10,5721,0,45,0
14052,45,102318,11,0,0,45,1
14058,33,304833,13,0,0,45,1
14059,31,341632,12,0,0,46,0
14060,21,140001,10,0,0,40,0
14064,53,67198,4,0,0,80,0
14066,45,182689,9,7688,0,40,1
14075,21,93977,9,0,0,40,0
14077,50,166423,9,0,0,40,1
14080,38,170783,11,0,0,25,0
14084,44,86750,10,4508,0,72,0
14085,25,176981,9,0,0,40,0
14086,59,134153,13,7298,0,38,1
14088,26,168236,9,0,0,40,0
14091,30,155914,9,0,0,55,0
14093,50,82783,14,0,0,45,1
14094,30,207301,13,0,0,50,0
14095,41,606347,4,0,0,40,0
14098,33,437566,14,0,0,50,1
14099,33,243266,14,0,0,40,1
14100,31,203408,10,0,0,45,0
14101,43,297510,15,0,0,60,1
14105,42,342634,11,0,0,40,0
14106,49,38819,9,0,0,60,1
14108,36,122353,10,0,0,68,0
14109,26,192652,10,0,0,15,0
14111,32,116539,10,0,0,40,1
14120,59,118479,13,0,0,40,0
14121,45,189123,9,0,0,40,0
14122,60,495366,9,0,0,38,0
14123,31,53776,9,0,0,40,0
14125,61,185152,7,0,0,40,0
14126,52,230095,10,0,0,40,0
14127,22,349198,4,0,0,16,0
14128,41,59916,11,0,0,63,0
14129,32,214150,9,0,0,50,1
14130,29,255187,10,0,0,40,0
14131,28,129624,10,0,0,40,0
14133,51,257756,9,0,0,50,1
14135,75,186808,7,6418,0,50,1
14136,46,147519,10,0,0,80,0
14137,53,173630,9,0,0,40,1
14139,41,163287,13,0,0,48,0
14140,25,150804,9,0,0,40,0
14143,53,177727,10,0,0,50,1
14147,30,288419,3,0,0,40,0
14151,35,148906,10,0,0,40,0
14152,64,262645,9,0,0,50,1
14153,21,243368,1,0,0,50,0
14155,22,186365,10,0,0,40,0
14156,39,304001,10,3325,0,40,0
14157,38,125645,10,0,0,50,1
14159,32,136331,13,0,1887,40,1
14162,29,177562,9,3781,0,35,0
14167,34,75454,8,0,0,40,0
14174,46,274200,10,0,0,40,1
14175,35,130540,14,0,1564,40,1
14176,22,117789,13,0,0,40,0
14178,20,229826,10,0,0,25,0
14179,36,176837,10,7298,0,45,1
14180,34,234096,5,0,0,40,0
14184,36,230329,16,7298,0,40,1
14185,48,164984,9,0,0,40,1
14192,36,164866,13,0,0,40,0
14193,35,33001,15,15024,0,60,1
14196,46,146305,10,0,0,48,0
14197,36,167482,9,0,0,65,0
14200,40,171234,11,0,0,24,0
14202,18,112137,10,0,0,20,0
14203,18,116167,9,0,0,16,0
14208,18,348533,9,0,0,3,0
14209,31,197886,13,0,0,50,1
14212,42,116197,9,0,0,40,0
14213,42,236503,10,0,0,40,0
14215,25,248990,7,0,0,40,0
14216,18,190776,10,0,0,30,0
14217,47,179048,9,0,0,40,0
14218,28,213842,13,0,0,40,0
14219,24,188274,12,0,0,40,0
14220,22,86849,10,0,0,20,0
14221,41,67671,9,0,0,50,1
14222,21,243890,9,0,0,40,0
14228,49,70209,16,14084,0,60,1
14229,47,251588,13,0,0,40,1
14238,19,232261,5,0,0,40,0
14242,60,166789,10,0,1408,50,0
14244,22,117767,10,0,0,18,0
14245,41,219155,4,0,0,40,0
14246,20,34616,9,0,0,40,0
14249,53,239990,9,0,0,40,1
14252,43,157999,13,0,0,40,1
14256,32,431551,6,0,0,35,0
14259,36,295706,14,0,0,70,1
14261,30,352426,10,0,0,60,0
14262,39,126569,13,0,0,40,0
14263,81,106390,3,0,0,6,0
14265,65,95644,12,0,0,40,0
14267,44,367819,13,0,0,40,1
14268,30,162370,13,0,0,35,0
14272,51,169182,4,0,0,40,0
14274,29,461929,10,3103,0,40,1
14275,25,114483,9,0,0,65,0
14281,26,264300,12,0,0,40,0
14282,34,159187,9,0,0,45,0
14284,33,393702,11,0,0,40,0
14285,19,177923,10,0,0,25,0
14287,22,215074,10,0,0,40,0
14288,19,30597,9,0,0,35,0
14290,35,188069,13,0,0,60,1
14295,23,255252,9,0,0,40,0
14296,26,178037,13,0,0,40,0
14300,42,234508,13,0,0,40,1
14301,50,195372,4,0,0,36,0
14302,48,265295,10,0,0,70,0
14304,47,185400,7,0,0,70,0
14306,39,200598,13,0,0,55,0
14307,38,227615,10,0,0,40,1
14309,44,259674,14,5178,0,60,1
14310,41,182217,10,0,0,30,0
14313,57,130957,16,0,1887,70,1
14317,71,533660,4,0,0,40,1
14318,39,205997,10,0,0,21,0
14319,34,253616,10,0,0,60,1
14320,49,148549,13,0,0,55,1
14321,54,113649,10,0,0,40,0
14322,37,233322,10,0,0,40,0
14324,30,94235,13,0,0,60,0
14325,47,336274,9,0,0,40,0
14326,43,147510,13,0,0,40,0
14330,23,122797,9,0,0,40,0
14332,21,249282,10,0,0,40,0
14333,27,227332,13,0,0,50,0
14338,56,131608,9,0,0,40,1
14345,50,289572,10,0,0,40,1
14346,44,445382,10,7688,0,40,1
14350,41,117585,9,0,1977,50,1
14354,25,216741,13,0,0,45,0
14355,75,254167,6,0,0,60,0
14356,52,102444,4,0,0,40,0
14357,33,38848,13,0,0,40,0
14361,52,154728,9,0,0,40,0
14362,22,184756,13,0,0,40,0
14373,17,124661,7,0,0,35,0
14376,52,172962,13,0,0,40,0
14378,72,132753,10,0,0,15,0
14379,43,67339,13,0,0,15,0
14383,43,88787,10,0,0,45,1
14386,19,242965,10,0,0,24,0
14388,60,180512,5,0,0,45,1
14389,30,97723,13,0,0,30,0
14390,60,208915,9,0,0,40,0
14391,40,189189,13,0,0,20,0
14392,49,327258,10,0,1977,60,1
14393,31,254494,10,0,0,40,0
14394,23,105577,10,0,0,26,0
14397,35,274158,13,3103,0,40,1
14398,19,318822,9,0,0,40,0
14399,32,171889,9,0,0,68,0
14401,17,73820,8,0,0,8,0
14406,40,269168,9,0,0,40,0
14407,43,126847,14,7430,0,60,1
14411,59,186479,11,0,0,50,0
14416,47,349151,11,0,0,45,1
14417,31,111883,9,0,0,50,1
14418,32,46691,9,0,0,40,0
14421,24,219262,9,0,0,40,0
14422,60,160079,14,0,0,25,0
14425,19,410632,10,0,0,40,0
14430,19,258664,10,0,0,40,0
14432,39,65624,4,0,0,48,0
14433,43,326232,10,0,0,40,1
14435,35,51700,10,0,0,40,0
14445,27,182637,15,0,0,45,1
14447,60,231770,9,0,0,65,1
14448,60,116746,6,0,0,40,0
14449,30,189759,9,0,0,45,0
14450,40,46221,16,99999,0,55,1
14453,44,259307,13,0,0,40,1
14456,37,198097,9,0,0,60,0
14457,21,224640,12,0,0,40,0
14459,47,85982,14,0,0,60,0
14460,39,230467,13,0,0,40,0
14464,24,99829,10,0,0,40,0
14467,25,211531,8,0,0,40,0
14469,47,284871,15,0,0,35,1
14471,61,173866,6,0,0,45,1
14473,30,259425,11,0,0,40,0
14474,48,59159,9,0,0,40,0
14479,56,70857,9,0,0,40,0
14480,48,183000,10,0,0,40,1
14482,21,254620,10,0,0,16,0
14483,33,156464,14,0,0,40,0
14486,33,169886,8,0,0,50,0
14487,31,228873,9,0,0,40,0
14491,65,151287,14,0,0,20,0
14494,24,251603,10,0,0,20,0
14497,22,192289,10,0,0,30,0
14501,48,75619,9,0,0,60,0
14502,60,247483,10,0,0,40,0
14507,38,108293,11,0,0,38,0
14508,60,178249,10,0,1887,40,1
14511,59,124318,9,0,0,45,0
14514,28,143582,9,0,0,40,0
14517,24,109813,9,3137,0,40,0
14518,45,175600,14,0,0,60,0
14519,26,389856,9,0,0,40,0
14521,43,179228,10,0,0,65,0
14522,23,214542,13,0,0,42,0
14523,31,1210504,6,0,0,40,0
14524,55,426263,9,0,0,40,0
14526,36,240810,8,0,0,40,0
14531,55,199919,9,0,0,15,0
14533,42,208347,7,0,0,40,0
14536,51,251585,10,0,0,40,0
14541,23,299047,13,0,0,40,0
14544,37,160916,4,0,0,40,0
14546,32,246282,16,2961,0,99,0
14547,20,147031,10,0,0,15,0
14550,26,122485,9,4416,0,40,0
14552,67,116502,9,0,0,30,0
14554,18,211413,7,0,0,15,0
14557,24,214542,10,0,0,60,0
14562,34,168931,13,0,0,40,1
14563,27,397962,6,0,0,30,0
14564,28,113922,9,0,0,17,0
14565,17,318025,9,0,0,20,0
14566,24,287357,7,0,0,40,0
14567,40,33219,12,0,0,60,0
14569,47,51664,10,3908,0,40,0
14571,24,255575,10,0,0,30,0
14572,31,200835,13,0,0,40,0
14573,22,140414,10,0,0,40,0
14575,37,38948,9,0,0,40,1
14576,35,184685,10,0,0,40,0
14577,23,86939,9,0,0,50,0
14581,68,289349,12,9386,0,70,1
14584,45,179048,8,0,0,35,1
14588,39,172186,9,5013,0,40,0
14591,80,120796,9,0,0,40,0
14592,55,190091,14,0,0,50,1
14593,23,197286,10,0,0,40,0
14596,45,172822,9,3411,0,40,0
14597,34,107417,9,0,0,40,0
14599,21,86557,10,0,0,30,0
14602,39,286730,9,0,0,40,0
14606,31,144949,13,0,0,40,0
14607,48,33084,13,0,0,50,1
14610,32,341954,13,0,1741,45,0
14613,56,90017,4,0,0,40,0
14614,59,192671,7,7298,0,40,1
14617,17,99568,6,0,0,10,0
14619,39,31053,10,0,0,40,0
14621,55,221801,3,0,0,40,0
14623,64,286732,9,0,0,17,0
14626,61,224699,13,0,0,30,1
14629,44,64506,11,0,0,20,0
14630,47,139388,10,0,0,40,0
14631,29,425830,12,0,0,40,0
14634,21,37482,10,0,0,20,0
14640,47,187581,13,0,0,48,1
14642,30,101345,13,0,0,40,0
14644,33,93213,9,0,0,45,0
14645,57,257046,9,0,0,40,0
14646,40,421837,9,0,0,50,1
14648,42,122215,9,0,0,40,1
14650,24,190591,13,0,0,50,0
14651,30,78374,9,0,0,40,0
14653,31,280927,13,0,0,40,1
14654,25,202480,13,0,0,40,1
14655,47,110088,2,0,0,40,0
14660,46,198759,13,0,0,50,1
14666,54,205337,9,0,0,45,0
14668,40,33895,9,0,0,40,0
14669,20,447210,10,0,0,20,0
14674,24,350917,9,0,0,30,0
14676,65,399296,3,0,0,20,0
14677,47,201595,9,0,0,40,0
14682,23,236769,10,0,0,40,0
14684,59,144962,9,0,0,40,0
14686,46,186539,9,0,0,48,1
14688,47,398397,14,0,0,40,0
14689,24,196280,11,0,0,38,0
14694,24,151818,9,0,0,35,0
14695,40,304530,4,0,0,40,0
14698,44,179666,10,0,0,35,0
14699,45,142909,9,0,0,40,1
14700,24,231261,8,0,0,50,0
14703,54,217850,9,0,0,40,1
14705,19,167087,10,0,0,20,0
14707,35,172252,10,0,0,40,0
14715,39,266347,10,0,0,40,0
14716,62,68268,6,0,0,40,0
14717,59,145574,11,0,0,40,1
14718,29,128666,9,0,0,40,0
14719,31,119411,9,0,0,40,1
14720,38,276552,10,0,0,50,0
14722,38,104236,12,1471,0,40,0
14724,71,139889,7,0,0,75,1
14727,47,83407,9,0,0,84,1
14728,22,118910,10,0,0,43,0
14729,41,99254,14,0,0,30,0
14731,20,191832,8,0,0,40,0
14737,62,181782,9,0,0,15,0
14742,37,339772,9,0,0,40,0
14751,34,139753,10,2174,0,50,0
14756,32,29254,10,0,0,50,1
14757,25,182810,10,0,1564,37,1
14761,26,138685,10,0,0,40,0
14762,37,164193,11,0,0,40,0
14763,73,109651,9,0,0,30,0
14765,31,328199,9,2354,0,40,0
14769,48,56482,6,0,0,40,0
14771,62,200916,13,0,0,40,1
14774,22,249727,10,0,0,40,1
14775,35,106448,14,0,0,45,0
14777,33,213722,9,0,0,35,0
14778,29,120645,12,0,0,40,0
14781,23,132053,10,0,0,40,0
14783,30,187203,13,0,0,40,0
14784,76,201240,9,0,0,40,0
14785,51,150999,9,0,0,40,1
14787,36,152021,7,0,0,30,0
14790,38,65291,13,0,0,24,0
14791,71,283889,9,0,1816,40,0
14794,52,267583,6,0,0,40,0
14795,50,313297,3,0,0,40,0
14796,66,290578,4,0,0,40,0
14797,32,246038,13,0,0,40,1
14800,59,205718,10,0,0,24,0
14801,37,241153,13,15024,0,50,1
14802,49,186706,9,7688,0,40,1
14804,46,49570,9,0,0,40,0
14806,44,191268,9,0,0,43,0
14809,35,180131,13,0,0,50,1
14811,22,415755,4,0,0,40,0
14812,22,228254,10,0,0,37,0
14817,49,61885,13,0,0,45,1
14822,39,187385,14,0,0,28,1
14825,45,151817,14,0,0,36,0
14827,27,67187,9,0,0,33,0
14828,48,194526,10,0,0,40,0
14832,38,188069,13,15024,0,40,1
14833,27,198587,9,0,0,60,0
14834,21,33423,10,0,0,35,0
14836,47,195963,4,0,0,48,0
14837,24,345066,9,0,0,50,0
14840,56,78707,5,4508,0,28,0
14846,19,234476,10,0,0,7,0
14848,40,223881,10,0,0,50,0
14849,21,284651,10,0,0,20,0
14852,59,70796,9,0,0,15,0
14855,23,490645,10,2829,0,42,0
14857,33,145437,9,0,0,43,0
14858,36,21798,13,15024,0,40,1
14863,46,59174,9,0,0,33,0
14864,49,123713,13,0,0,45,0
14869,45,363418,13,0,0,40,1
14871,27,163320,12,0,0,40,0
14872,34,118710,9,0,0,40,0
14873,56,170066,9,0,0,40,0
14875,24,361278,10,0,0,40,0
14877,33,300497,10,0,0,40,0
14878,49,255928,9,0,0,40,0
14881,43,265434,7,0,0,40,0
14884,30,119562,9,3942,0,40,0
14885,29,115549,9,2635,0,40,0
14886,50,39590,9,0,0,48,1
14887,24,97676,10,0,0,40,0
14889,52,312446,9,0,0,40,0
14890,42,88909,13,0,0,40,1
14891,36,117381,13,0,0,55,1
14901,36,191754,9,0,0,50,0
14908,27,207631,3,0,0,52,0
14909,35,203988,9,0,0,60,0
14913,28,183523,9,0,0,35,0
14914,46,98881,14,0,0,45,0
14915,18,184101,7,0,0,6,0
14916,43,135056,9,0,0,35,0
14918,55,96459,6,0,1887,70,1
14922,27,96219,9,0,0,40,0
14923,44,152744,14,0,0,40,0
14927,47,263984,9,0,0,40,0
14928,42,118261,11,0,0,50,0
14929,63,106141,4,0,0,45,0
14932,41,118915,13,0,0,40,0
14941,21,208117,6,0,0,30,0
14942,64,268965,9,0,0,22,0
14943,32,41210,9,0,0,40,0
14944,47,128378,11,0,0,40,0
14946,35,187046,13,0,0,45,0
14951,20,375931,10,0,0,15,0
14955,32,70377,15,0,0,40,0
14957,32,72967,15,0,0,25,1
14958,41,174373,9,0,0,30,1
14959,42,145178,9,0,0,40,0
14963,41,43711,9,0,0,30,0
14969,45,110243,14,0,0,50,1
14972,30,553405,9,0,0,40,1
14973,59,137506,5,0,0,40,0
14974,22,313730,12,0,0,40,0
14975,23,102684,10,0,0,60,0
14981,37,253006,10,0,0,45,0
14982,34,258425,11,2597,0,45,0
14983,49,168837,11,0,0,20,0
14986,19,108551,9,0,0,20,0
14991,59,39398,9,0,0,42,0
14994,29,152461,13,0,0,40,0
14995,33,171892,12,0,0,42,0
14996,45,128141,7,0,0,40,0
14998,33,189145,13,0,0,20,0
14999,49,218835,15,0,0,60,1
15000,46,132994,10,7688,0,40,1
15003,25,177812,13,0,0,40,0
15005,56,169086,16,0,0,55,1
15008,35,187589,13,0,0,7,0
15009,36,112271,13,0,1902,40,1
15011,46,178642,9,0,0,40,1
15012,34,113708,8,0,0,59,1
15015,49,209739,11,7688,0,60,1
15017,30,119422,11,0,0,40,0
15018,46,326292,14,0,0,40,1
15019,35,212512,9,0,0,50,1
15020,37,33440,9,0,0,40,0
15021,38,185180,15,7688,0,40,1
15022,46,504941,11,0,0,40,1
15025,59,220896,15,27828,0,60,1
15026,22,189832,10,0,0,25,0
15030,19,253529,8,0,0,9,0
15031,47,210557,9,0,0,40,0
15034,37,115360,14,0,0,40,0
15037,41,200479,9,0,0,40,0
15040,37,50096,11,0,0,30,0
15042,52,224198,9,0,0,45,0
15045,20,34242,10,0,0,20,0
15046,58,100054,13,0,1902,70,1
15049,66,194480,7,0,2377,2,1
15051,42,152629,10,0,0,45,1
15053,34,205581,9,0,0,40,0
15054,50,155434,9,0,0,40,1
15055,30,415922,9,0,0,32,0
15056,42,221581,9,0,0,40,0
15057,37,135089,10,0,0,56,0
15058,47,117774,9,0,0,40,0
15060,30,315640,14,0,0,45,1
15065,35,126569,14,0,0,40,0
15066,31,209954,10,0,0,40,0
15067,50,46401,10,0,0,40,0
15070,22,382199,13,0,0,40,0
15074,20,265434,10,0,0,10,0
15076,33,172579,9,0,0,40,0
15080,44,195212,14,0,0,52,0
15081,20,315135,10,0,0,15,0
15082,44,248406,12,0,0,40,1
15085,71,126807,14,0,1411,70,0
15086,31,198513,10,0,0,40,0
15088,90,197613,9,0,0,40,1
15089,49,184098,13,0,0,50,1
15093,43,390369,2,0,0,70,0
15102,38,98080,10,0,0,40,0
15105,31,226443,15,0,1977,70,1
15107,25,136277,13,0,0,40,0
15111,41,227065,9,0,0,40,0
15113,29,260346,9,0,0,25,0
15117,35,138441,9,0,0,40,0
15118,23,149704,6,0,0,40,0
15120,27,104017,13,0,1628,50,0
15121,46,165468,10,0,0,50,1
15122,22,181557,10,0,0,35,0
15128,21,53306,9,0,0,40,0
15129,33,418645,9,0,0,50,0
15132,20,38455,9,0,0,10,0
15133,37,53553,9,0,0,75,0
15134,18,117857,7,0,0,40,0
15136,31,191932,14,0,2258,40,0
15137,33,234067,9,0,0,40,1
15139,46,142490,10,0,0,40,0
15141,22,176178,9,0,0,36,0
15143,59,188047,9,0,0,40,0
15144,36,258102,11,0,0,40,0
15147,40,235523,9,0,0,40,0
15148,35,100375,12,0,1887,45,1
15151,41,187795,10,0,1977,60,1
15152,26,161007,9,0,0,40,0
15154,41,33474,13,0,0,55,1
15156,38,222532,15,0,0,45,0
15159,35,179151,13,0,0,20,0
15160,42,192589,12,0,0,70,0
15161,24,236149,9,0,0,50,0
15163,22,113464,9,0,0,40,0
15167,22,195532,13,0,0,20,0
15172,57,262681,10,0,0,60,0
15174,40,158958,9,0,0,40,0
15175,23,47039,11,0,0,40,0
15179,44,136986,10,0,0,25,0
15180,36,342480,7,0,0,40,0
15181,30,335124,10,0,0,36,0
15183,36,191146,10,0,0,38,0
15186,36,397877,9,5013,0,30,0
15189,67,132586,9,0,0,15,0
15190,48,328610,14,0,0,50,1
15191,59,264048,9,0,0,35,1
15192,74,98867,3,0,0,32,0
15195,24,59948,9,0,0,40,0
15196,41,231793,9,0,0,40,0
15197,43,487770,6,0,0,40,0
15199,48,250736,9,0,0,99,0
15206,48,187563,14,0,0,54,1
15207,61,108398,7,0,0,9,0
15209,72,174032,10,0,0,40,0
15215,29,443858,9,0,0,40,0
15217,30,103860,11,0,0,40,0
15222,49,74984,6,0,0,40,0
15225,55,197749,9,0,1573,44,0
15227,39,233117,15,0,0,40,1
15229,36,172706,9,0,0,40,0
15231,38,101426,9,0,0,40,0
15232,75,185603,6,0,0,32,0
15239,60,124648,9,0,0,38,0
15240,30,175761,7,2580,0,40,0
15243,55,277203,10,0,0,40,0
15246,35,181353,10,0,0,50,0
15248,17,132962,8,0,0,30,0
15249,45,155478,10,0,0,40,0
15250,38,46706,14,0,0,20,0
15251,59,142326,11,0,0,40,0
15254,23,362623,6,0,1573,30,0
15258,19,181118,9,0,0,20,0
15259,19,214087,9,0,0,40,0
15263,53,394765,14,0,0,40,0
15265,23,133712,9,0,0,45,0
15267,31,140092,13,0,0,40,1
15268,37,53232,15,0,0,55,1
15269,57,178154,6,0,0,40,0
15272,47,106207,7,0,0,50,0
15273,23,103064,13,0,0,40,0
15278,44,150098,10,0,0,50,1
15285,29,42623,9,0,0,32,0
15286,37,145064,12,0,0,32,0
15288,48,250733,10,0,0,50,0
15289,36,372525,10,0,0,48,0
15293,29,199118,10,0,0,40,0
15294,59,104455,10,0,0,40,0
15297,31,375833,13,0,0,55,1
15300,31,176185,9,0,0,40,0
15302,47,239321,11,0,0,45,1
15305,34,93394,9,0,0,65,0
15306,34,143078,11,0,0,40,0
15308,37,194668,10,0,0,45,1
15309,27,170301,14,0,0,45,0
15310,31,162442,14,27828,0,40,1
15312,28,337424,15,0,0,80,0
15313,27,160291,10,0,0,40,0
15318,17,160029,7,0,0,14,0
15319,70,152066,9,0,0,50,0
15324,18,65249,8,0,0,30,0
15325,47,267879,9,3103,0,50,1
15326,54,150999,10,0,0,44,0
15328,23,180795,10,0,0,40,0
15330,40,196344,3,0,1672,30,0
15331,32,155151,9,0,0,55,0
15335,23,181659,10,0,0,40,0
15336,47,215620,9,0,0,12,0
15337,29,169104,9,0,0,75,0
15340,24,376474,13,0,0,35,0
15341,44,112494,10,0,0,40,0
15342,33,212491,9,0,0,40,0
15345,19,426589,9,0,0,35,0
15348,62,123749,10,0,0,90,0
15350,32,226443,9,0,0,40,1
15352,27,257124,10,0,0,25,0
15353,36,127865,13,4650,0,25,0
15358,22,93131,10,1055,0,20,0
15359,46,191821,9,0,0,40,0
15361,37,334291,10,0,2258,40,0
15363,17,102456,7,0,0,20,0
15364,35,102268,10,0,0,35,0
15366,35,111377,13,0,0,50,0
15367,36,187847,9,0,0,40,1
15376,40,174112,9,0,0,50,0
15379,48,366089,16,0,0,45,1
15380,32,162160,10,0,0,40,0
15381,32,114937,13,6849,0,40,0
15384,32,154210,14,0,1902,45,1
15386,57,157749,10,0,0,40,0
15389,26,305129,7,0,0,45,0
15390,63,253556,9,0,0,40,0
15397,52,145409,9,0,0,40,0
15401,32,210973,10,0,0,40,0
15403,69,29087,4,0,0,6,0
15407,26,102875,12,0,0,40,0
15408,89,29106,6,0,0,20,0
15410,35,135020,10,0,0,75,1
15416,25,307294,13,0,0,40,0
15418,59,199033,5,0,0,32,0
15419,61,57408,13,0,0,35,0
15420,41,210922,10,0,0,55,0
15421,20,138994,9,0,0,40,0
15422,22,416103,9,0,0,50,0
15428,38,85566,10,0,0,65,0
15430,55,376548,9,0,0,50,0
15431,20,398166,7,0,0,40,0
15435,30,226535,9,4865,0,40,0
15438,28,336951,9,0,0,40,0
15439,44,101603,13,0,0,40,1
15440,32,205931,9,0,0,37,0
15443,17,132859,6,0,0,35,0
15444,57,137031,10,0,0,50,0
15446,47,165539,9,4101,0,40,0
15447,26,48099,13,0,0,40,0
15448,42,47012,10,7688,0,40,1
15449,60,195409,14,15024,0,52,1
15452,47,276087,9,0,0,65,0
15454,48,102359,13,7688,0,40,1
15456,20,203914,8,0,0,25,0
15459,62,49424,13,5178,0,40,1
15461,55,340171,9,0,0,40,0
15463,28,157437,13,4650,0,48,0
15465,35,189794,9,0,0,40,0
15470,26,296372,9,0,0,40,0
15471,54,190333,9,0,0,40,0
15475,49,181970,13,0,0,40,0
15476,47,110901,15,0,2415,55,1
15479,45,83601,8,0,0,70,0
15480,47,164682,14,0,0,50,0
15482,24,176566,12,3103,0,40,1
15490,41,225978,11,0,0,40,0
15494,18,100863,8,0,0,15,0
15497,20,177287,9,0,0,30,0
15505,41,34266,6,0,0,50,0
15507,38,435638,10,0,1876,40,0
15509,40,109800,9,0,0,40,0
15510,41,260761,10,0,0,40,0
15512,35,272944,13,0,0,40,0
15514,25,176864,13,0,0,40,0
15516,55,205759,16,0,0,40,0
15517,63,271075,9,0,0,29,0
15518,19,239995,7,0,0,16,0
15519,27,65663,9,0,0,40,0
15520,20,259865,10,0,0,25,0
15521,42,34722,9,0,0,60,0
15522,37,225821,12,0,1485,40,1
15524,46,110243,14,0,1977,20,1
15525,30,227429,9,0,0,45,0
15527,27,209085,11,0,0,44,1
15528,54,192386,10,7298,0,38,1
15530,28,320862,10,0,0,40,0
15533,46,195727,9,0,0,42,0
15534,49,163229,3,0,0,35,0
15536,49,173503,8,0,0,45,0
15537,17,29078,7,0,0,15,0
15538,35,360743,13,0,0,55,0
15540,26,464552,3,0,0,40,0
15541,59,47444,10,0,0,74,1
15542,37,24721,10,0,0,25,0
15543,53,187492,13,0,0,40,0
15544,50,229318,9,0,0,50,0
15546,60,119832,13,0,0,40,0
15548,35,147638,9,0,0,40,0
15549,26,33016,11,0,0,55,0
15550,20,386962,6,0,0,40,0
15552,69,232683,10,0,0,15,1
15553,31,55912,5,0,0,47,0
15555,65,150095,9,0,0,40,0
15559,48,86009,11,0,0,40,1
15560,35,316582,9,7298,0,40,1
15561,50,165219,15,0,0,35,1
15562,21,99829,10,0,0,25,0
15563,47,275095,5,0,0,50,0
15564,42,167650,10,0,0,35,0
15565,52,141820,6,0,0,27,0
15571,38,49115,9,0,0,55,0
15572,35,186488,9,0,0,50,0
15575,27,76978,9,0,0,40,0
15583,18,48597,7,0,0,20,0
15586,61,222966,5,0,0,40,0
15587,39,272671,13,0,0,50,1
15588,26,235520,13,0,0,40,1
15589,30,232766,9,0,0,40,0
15590,40,309990,9,8614,0,60,1
15593,51,133963,9,0,0,35,0
15594,45,240786,13,0,0,40,1
15595,44,141186,14,8614,0,35,1
15598,49,189762,10,0,0,40,0
15599,18,40190,8,0,0,40,0
15608,41,109762,9,0,0,45,0
15612,51,152652,12,0,0,45,0
15617,54,168621,9,0,0,40,0
15619,29,167610,9,0,0,40,0
15622,27,232388,9,4386,0,40,1
15626,36,167284,11,0,0,40,0
15627,22,320615,4,0,0,35,0
15628,27,47284,9,0,0,40,0
15631,28,236418,10,0,0,40,0
15632,21,311478,9,0,0,45,0
15633,50,256908,16,0,0,50,1
15636,23,244413,8,0,0,30,0
15637,66,52728,13,0,0,10,0
15638,23,223019,10,0,0,35,0
15642,38,169872,9,3887,0,45,0
15643,46,116338,14,0,0,40,0
15644,29,109989,9,0,0,40,0
15645,35,144401,13,0,0,40,1
15646,23,199555,9,0,1590,40,0
15649,52,155278,9,0,0,40,0
15650,28,371408,13,0,0,47,0
15656,23,197756,10,0,0,35,0
15657,69,216269,12,0,0,40,0
15658,50,33931,9,0,0,40,0
15659,46,151584,13,0,0,30,1
15662,35,280966,13,0,0,40,0
15663,30,221178,9,0,0,28,0
15665,21,103031,10,0,0,20,0
15667,23,112137,13,0,0,40,0
15668,26,138537,7,0,0,50,0
15669,72,135378,4,0,0,20,0
15671,26,182194,12,0,0,40,0
15674,53,439263,13,0,0,40,1
15680,46,96260,13,0,0,20,0
15681,47,62143,14,15024,0,40,1
15685,60,140516,10,0,0,40,0
15686,51,155963,5,0,0,40,0
15689,41,425444,13,15024,0,50,1
15693,52,295494,11,0,0,40,0
15696,36,214031,6,0,0,80,0
15698,29,238073,10,0,0,40,0
15700,39,139770,14,0,0,30,1
15702,62,99470,9,0,0,45,1
15703,61,359367,10,0,0,40,0
15711,24,127159,10,0,0,24,0
15713,55,127677,10,0,0,60,0
15714,42,119941,9,0,0,40,0
15716,46,196649,9,0,0,40,0
15717,18,332763,9,0,0,40,0
15718,36,158363,9,0,0,50,0
15719,38,249039,12,3103,0,40,1
15720,39,454585,3,0,0,54,0
15721,31,121321,9,0,0,40,0
15723,18,221284,9,0,0,64,0
15735,29,66095,10,0,0,50,0
15736,46,129232,13,0,0,55,1
15740,39,176900,9,0,0,50,1
15741,50,155574,12,0,0,55,1
15742,41,76625,12,0,0,40,1
15744,35,238802,9,0,0,20,0
15746,18,397606,9,0,0,40,0
15747,23,370057,10,0,0,40,0
15748,62,190873,13,0,0,40,0
15750,52,618130,9,0,0,40,0
15751,24,542762,13,0,0,50,0
15752,31,144124,10,0,0,40,0
15755,48,129974,13,0,0,40,0
15756,62,254890,9,0,0,40,0
15759,51,27804,10,0,0,35,0
15760,57,771836,12,0,0,40,0
15761,29,101108,9,0,0,15,0
15764,53,271918,5,0,0,40,0
15768,20,117210,10,0,0,40,0
15770,64,181530,15,0,0,40,1
15773,41,381510,10,0,0,50,0
15778,39,260084,10,0,0,24,0
15779,44,160369,9,0,0,60,0
15780,22,164901,7,0,0,40,0
15782,56,124566,3,0,0,40,0
15783,30,473133,10,0,0,50,0
15784,44,335223,9,0,0,40,1
15786,32,198265,2,0,0,21,0
15787,33,32207,9,0,0,75,0
15788,60,288684,3,0,0,40,0
15789,35,302604,11,0,0,40,1
15791,53,195398,10,0,1887,48,1
15792,54,256923,10,0,0,40,1
15796,63,316627,6,0,0,10,0
15798,26,108822,9,0,0,40,0
15799,28,208608,9,0,0,30,0
15801,24,250978,10,0,0,75,0
15802,46,224559,9,0,0,40,1
15804,37,175614,6,0,0,40,0
15806,39,122493,9,7298,0,40,1
15807,53,182677,13,0,0,50,0
15809,36,210458,9,0,0,60,0
15812,21,183945,10,0,0,35,0
15815,23,233280,13,8614,0,70,1
15816,22,100188,10,0,0,20,0
15817,29,85572,13,0,0,40,0
15818,50,61735,10,0,0,25,1
15821,38,172016,13,0,0,40,0
15823,31,183855,7,0,0,20,0
15826,52,357596,9,0,0,40,0
15828,20,180339,9,0,0,35,0
15829,43,355431,10,0,0,40,0
15830,33,223212,10,0,0,40,0
15832,41,199018,10,0,1504,40,0
15834,61,345697,9,3103,0,40,1
15838,23,437161,10,0,0,40,0
15839,72,94268,9,0,0,8,0
15845,23,349156,9,0,0,45,0
15848,26,220678,3,0,0,40,0
15849,41,462964,9,2174,0,50,0
15851,26,167261,9,0,0,15,0
15853,59,167027,10,0,0,40,0
15855,47,145636,11,0,0,48,1
15859,37,22245,10,0,0,40,0
15866,41,230959,13,0,0,40,0
15867,42,191342,14,0,0,40,1
15869,25,207369,10,0,0,40,0
15871,41,33474,13,0,0,50,0
15874,36,174242,15,7298,0,50,1
15877,25,81993,13,0,0,46,0
15878,47,311395,10,0,0,40,0
15879,18,149017,8,0,0,10,0
15881,44,53470,13,0,0,40,0
15886,27,38353,14,0,0,40,0
15892,28,366533,10,0,0,40,0
15893,38,336326,7,1151,0,40,0
15897,18,618808,10,0,0,40,0
15900,39,126569,10,0,0,40,1
15903,19,260275,7,0,0,40,0
15906,41,253189,10,0,0,40,0
15908,24,109667,14,0,0,15,0
15909,41,173651,12,0,0,99,0
15910,34,432204,12,0,0,80,0
15913,19,191889,9,0,0,25,0
15915,36,224531,9,0,0,40,1
15917,46,346783,15,15024,0,35,1
15919,37,171393,9,0,1740,40,0
15920,27,294931,9,0,0,40,0
15929,25,330774,5,0,0,40,0
15937,44,231853,9,0,1902,40,1
15939,37,328301,10,4934,0,60,1
15940,30,36340,7,0,0,35,0
15942,51,113045,14,15020,0,40,1
15947,39,206888,10,0,0,40,0
15950,52,113843,10,0,0,45,0
15952,58,226078,7,0,0,32,0
15953,30,177828,13,0,0,40,0
15954,44,137304,9,0,0,40,0
15958,29,145182,9,0,0,20,0
15961,19,118535,10,0,0,20,0
15962,19,239057,9,0,0,40,0
15964,61,194804,1,14344,0,40,1
15966,27,165412,9,0,0,20,0
15967,26,211199,6,0,0,40,0
15968,50,172962,9,0,0,40,0
15971,28,112917,11,0,0,40,0
15972,34,299383,9,0,0,40,0
15973,36,22245,9,0,0,40,1
15978,39,226894,9,0,0,40,0
15982,36,168747,13,0,0,40,0
15986,49,182541,6,0,1485,40,1
15990,29,29261,11,0,0,50,0
15991,19,205977,10,0,0,20,0
15994,49,32184,9,0,0,36,0
15995,23,138037,13,0,1590,50,0
15998,49,193998,10,0,0,40,0
15999,47,187901,15,0,0,50,1
16001,18,20057,10,0,0,16,0
16003,80,29441,4,0,0,15,0
16007,22,191954,11,0,0,45,0
16014,28,141702,9,0,0,60,0
16021,61,151369,14,99999,0,30,1
16024,18,310175,8,0,0,12,0
16025,44,216116,9,0,0,40,0
16027,44,212894,6,0,0,40,0
16028,49,120121,16,7688,0,45,1
16030,36,224566,13,99999,0,45,1
16031,30,235847,13,0,0,24,0
16033,27,193807,9,0,1741,40,0
16034,69,215926,4,0,0,35,0
16035,19,455665,9,0,0,44,0
16037,42,32878,13,99999,0,42,1
16040,40,36296,13,0,0,50,1
16044,40,13492,9,0,0,84,0
16045,65,119769,9,0,0,20,0
16046,38,313914,13,0,0,45,0
16050,34,356882,9,0,0,40,0
16053,28,425127,5,0,0,35,0
16060,46,131091,14,0,0,50,1
16063,22,171041,13,0,0,40,0
16064,42,140915,9,0,0,60,0
16069,58,314482,9,0,0,40,1
16071,29,145490,7,0,0,40,0
16072,61,181200,9,0,1564,40,1
16073,29,152951,15,0,0,50,1
16074,40,85668,4,0,0,60,0
16075,30,316606,13,0,2339,50,0
16076,38,220694,14,0,0,50,1
16078,42,36699,10,0,0,40,0
16079,50,104280,10,0,0,40,1
16080,29,97254,7,4101,0,40,0
16081,35,186420,13,0,0,55,0
16082,44,112482,14,0,0,55,1
16084,56,235136,4,0,0,40,0
16089,32,74501,14,0,0,50,0
16091,69,179130,9,0,0,38,0
16092,23,386568,10,0,0,20,0
16093,22,413110,9,0,0,15,0
16096,47,321851,11,0,0,40,0
16100,47,263215,13,0,0,80,0
16103,48,38819,14,0,0,75,0
16110,34,103642,9,0,1651,40,0
16117,21,187937,10,0,0,52,0
16118,34,177437,6,0,0,60,0
16123,55,56915,9,0,0,8,0
16127,39,105813,9,3908,0,72,0
16129,44,105896,13,0,0,36,0
16130,35,135020,13,0,0,40,0
16133,43,73333,10,2174,0,40,0
16135,26,320465,9,0,0,40,0
16136,23,237811,10,0,0,40,0
16138,33,348326,9,0,0,50,0
16142,39,263690,14,3137,0,40,0
16145,22,87546,9,0,0,40,0
16146,23,145112,13,0,0,43,0
16148,79,132668,9,0,0,15,0
16150,51,176608,9,0,0,40,0
16151,37,217054,9,0,0,40,0
16155,56,174864,13,0,0,45,1
16156,45,121676,10,0,0,36,1
16157,38,108140,9,0,0,50,1
16161,41,242804,9,0,0,40,1
16163,55,103948,11,0,0,60,0
16164,28,249720,10,0,0,40,0
16168,23,166517,9,0,0,40,0
16170,48,236197,8,0,0,40,0
16171,39,357118,13,0,1974,40,0
16177,23,228724,10,0,0,20,0
16179,37,422933,14,0,0,40,1
16181,35,54363,12,0,0,50,1
16183,45,159080,9,0,0,15,0
16185,31,162572,13,15024,0,60,1
16187,58,126104,6,0,0,65,0
16192,27,202062,13,0,0,40,0
16193,34,31341,9,0,0,40,0
16196,33,202153,10,2829,0,40,0
16201,43,241055,14,0,0,45,0
16204,57,106910,11,0,0,40,0
16205,57,127728,4,0,0,44,1
16208,21,212661,10,0,0,30,0
16209,29,288229,9,4386,0,45,1
16210,24,205883,9,0,0,40,0
16212,23,113735,10,0,0,20,0
16214,52,137984,9,0,0,40,0
16217,32,244268,7,0,1672,48,0
16221,60,127084,4,0,0,60,0
16227,28,109001,9,0,0,40,0
16228,35,297322,10,0,0,40,1
16230,50,174964,4,0,0,40,0
16233,29,170482,9,0,2057,40,0
16234,34,113688,10,0,0,34,0
16235,27,133770,13,2202,0,52,0
16236,57,161964,8,0,0,40,0
16238,21,198259,9,0,0,30,0
16240,57,161944,10,7688,0,60,1
16241,51,29887,13,0,1590,40,0
16242,37,238980,14,0,0,42,0
16244,32,24529,11,5178,0,60,1
16247,24,374763,7,0,0,40,0
16248,25,242136,9,0,0,40,0
16250,49,77132,9,0,0,40,1
16251,81,26711,11,2936,0,20,0
16253,39,229647,13,0,1669,40,0
16255,43,23157,14,0,1902,50,1
16256,23,93977,9,0,0,40,0
16257,73,159691,10,0,0,40,0
16260,27,430340,10,0,0,45,0
16262,51,82720,9,0,0,40,0
16263,22,269623,10,0,0,40,0
16264,64,136405,9,0,0,32,0
16269,32,173449,9,0,0,40,0
16270,48,285570,9,0,0,40,0
16272,31,440129,9,0,0,40,0
16273,25,350977,9,0,0,40,0
16274,48,349230,14,0,0,40,0
16277,64,321403,9,0,0,40,0
16278,38,374983,13,0,0,50,0
16279,44,83891,13,5455,0,40,0
16282,50,83311,13,0,0,13,0
16285,28,338409,13,0,0,40,0
16286,37,284582,14,0,0,40,0
16288,52,209642,9,0,0,45,1
16289,31,45781,14,14084,0,50,1
16290,42,159449,13,5178,0,40,1
16295,40,121772,11,0,0,40,1
16296,34,245487,4,0,0,45,0
16297,25,176756,9,0,0,35,0
16298,32,186824,9,0,0,40,0
16299,38,28887,7,0,0,50,0
16300,43,292175,14,0,0,45,1
16303,35,76845,5,0,0,40,0
16304,43,117037,7,0,2042,40,0
16305,59,109015,9,0,0,40,0
16306,56,216851,13,0,0,40,1
16309,39,367260,9,0,0,80,0
16312,20,266015,10,0,0,44,0
16314,30,59951,10,0,0,40,0
16315,22,311512,10,0,0,15,0
16319,31,84154,10,0,0,38,1
16325,25,289980,9,0,0,35,0
16326,57,337895,13,0,0,40,1
16327,53,144361,9,0,0,38,0
16328,44,128354,14,0,0,40,0
16329,41,101603,11,0,0,40,0
16332,18,226956,9,0,0,30,0
16333,47,51835,15,0,1902,60,1
16334,50,251585,13,0,0,55,1
16338,35,56352,11,0,0,40,0
16342,32,293936,4,0,0,40,0
16346,36,155537,9,0,0,40,0
16347,28,183175,10,0,0,40,0
16348,53,169846,9,0,0,40,1
16349,49,191681,10,0,0,50,1
16350,25,200681,10,0,0,40,0
16353,29,162298,13,0,0,70,1
16354,23,211678,10,0,0,40,0
16355,79,124744,10,0,0,20,0
16359,18,309634,7,0,0,22,0
16364,59,159937,9,0,0,48,0
16365,44,343591,9,14344,0,40,1
16367,49,268234,9,0,0,40,1
16368,33,202051,14,0,0,50,0
16369,30,54334,5,0,0,40,0
16372,37,286730,10,0,0,40,0
16374,30,117747,9,0,1573,35,0
16375,34,226296,13,0,0,40,1
16376,29,115585,10,0,0,50,0
16378,37,202683,10,0,0,48,1
16380,32,249409,9,0,0,40,0
16383,47,149116,14,0,0,50,0
16384,20,188300,10,0,0,40,0
16385,29,103432,9,0,0,40,0
16388,30,194901,7,0,0,40,0
16392,38,65324,15,0,0,40,1
16394,28,377869,10,4064,0,25,0
16397,56,303090,10,0,0,50,0
16401,21,199915,10,0,0,40,0
16404,29,267989,13,0,0,50,1
16405,19,301606,10,0,0,35,0
16409,35,129305,9,0,0,40,0
16411,28,69621,12,0,0,60,0
16413,38,120985,9,4386,0,35,0
16415,46,146195,12,0,0,36,0
16417,43,56920,9,0,0,60,0
16420,49,81973,10,0,0,40,1
16423,19,316868,10,0,0,30,0
16426,31,185814,9,0,0,30,0
16429,64,181232,7,0,2179,40,0
16431,47,186009,10,0,0,38,0
16435,52,252903,9,0,0,45,1
16437,23,214542,13,0,0,40,0
16451,27,124953,9,0,1980,40,0
16455,28,149624,13,0,0,40,1
16456,27,253814,9,0,0,25,0
16457,21,312956,9,0,0,40,0
16458,34,483777,9,0,0,40,0
16460,33,37274,13,0,0,65,0
16464,40,286370,4,0,0,40,1
16465,37,29054,10,0,0,42,1
16466,34,304030,9,0,0,40,0
16467,41,143129,13,0,0,40,0
16468,53,135105,13,0,0,50,0
16470,58,109567,16,0,0,1,1
16473,41,523910,13,0,0,40,0
16474,47,120939,10,0,0,45,0
16476,23,197387,3,0,0,40,0
16482,19,170653,9,0,0,40,0
16483,51,259323,13,0,0,50,1
16485,37,48211,9,0,0,35,0
16488,35,36270,9,0,0,60,0
16490,17,65368,7,0,0,12,0
16492,37,208358,9,0,0,40,1
16494,60,85815,9,0,0,40,0
16495,54,125417,4,0,0,40,1
16499,45,109434,13,0,0,55,0
16502,64,187656,2,0,0,40,0
16506,18,243313,9,0,0,40,0
16507,60,24215,6,0,0,10,0
16508,66,167687,9,1409,0,50,0
16509,75,314209,11,0,0,20,0
16511,35,538583,7,3674,0,40,0
16514,33,110978,10,0,0,40,0
16515,28,76714,15,0,0,55,1
16516,59,268700,9,0,0,40,0
16518,41,180138,13,0,0,50,1
16525,38,179488,10,0,1741,40,0
16526,56,203580,9,0,0,35,0
16528,32,183916,9,0,0,34,0
16532,42,390781,13,0,0,40,0
16534,19,27382,10,0,0,40,0
16535,58,259014,10,0,0,20,0
16536,42,303044,9,0,0,40,1
16538,32,172579,9,0,0,30,0
16540,50,204518,4,0,0,40,0
16541,36,150042,13,0,0,40,0
16544,59,146013,10,4064,0,40,0
16545,26,378322,7,0,0,40,0
16549,33,185480,13,0,0,45,0
16550,33,222205,9,0,0,40,1
16553,50,30653,14,2407,0,98,0
16555,30,70377,9,0,0,40,0
16556,43,477983,9,0,0,40,0
16557,44,170924,10,7298,0,40,1
16558,35,190174,10,0,0,40,0
16561,22,34918,13,0,0,15,0
16562,42,97688,10,5178,0,40,1
16565,21,205759,9,0,0,40,0
16569,25,371987,13,0,0,40,0
16571,36,200352,13,0,0,45,0
16574,21,231931,10,0,0,45,0
16575,27,248402,13,0,0,40,0
16576,65,111095,9,0,0,16,0
16577,37,57424,13,0,0,60,0
16578,39,157443,14,3464,0,40,0
16581,48,146268,13,7688,0,40,1
16582,21,153718,10,0,0,25,0
16586,43,173321,9,0,0,40,0
16587,26,193945,12,0,0,45,0
16589,35,193815,12,0,0,40,1
16590,41,34987,10,0,0,54,1
16592,34,142897,14,7298,0,35,1
16594,36,205607,13,0,0,40,1
16597,77,138714,10,0,0,40,0
16600,62,159841,9,0,0,24,0
16601,39,174308,9,0,0,40,0
16604,29,200381,7,0,0,40,0
16605,76,174309,14,0,0,10,0
16606,63,78383,9,0,0,45,0
16608,43,187728,10,0,1887,50,1
16610,66,127921,9,2050,0,55,0
16614,55,98545,6,0,0,40,0
16616,17,270942,3,0,0,48,0
16617,30,94235,9,0,0,40,0
16618,49,71195,14,0,0,60,0
16620,45,261192,9,0,0,40,0
16624,33,85043,9,0,0,20,0
16625,22,293364,10,0,0,40,0
16626,43,241895,13,0,0,42,0
16628,30,151989,11,0,0,40,0
16629,56,101128,12,0,0,25,0
16632,26,192262,9,0,0,40,0
16633,33,111363,13,0,0,40,1
16634,46,329752,7,0,0,30,0
16635,59,372020,13,0,0,40,1
16639,42,111949,9,0,0,35,0
16640,26,117125,5,0,0,40,0
16644,43,174575,13,0,1564,45,1
16650,39,481060,9,0,0,40,0
16656,20,350845,10,0,0,10,0
16658,23,35633,10,0,0,40,0
16660,38,172927,9,0,0,50,0
16661,54,174319,9,0,0,40,0
16663,25,344991,10,0,0,40,0
16664,46,108699,10,0,0,40,0
16666,23,396099,9,0,0,25,0
16667,29,134152,9,0,0,40,0
16668,44,162028,10,0,2415,6,1
16675,34,196164,9,0,0,35,0
16677,45,96975,10,0,0,40,0
16678,20,137300,9,0,0,35,0
16680,52,132178,13,0,0,50,1
16681,20,416103,10,0,0,40,0
16684,34,227689,11,0,0,64,0
16687,28,110145,9,0,0,40,0
16693,33,118500,10,0,0,40,0
16695,31,1033222,10,0,0,40,0
16702,17,175024,7,2176,0,18,0
16703,32,92003,13,0,0,40,1
16705,33,228528,6,0,0,35,0
16707,36,255191,14,0,1408,40,0
16710,47,287480,14,0,0,40,0
16718,34,117018,10,0,0,40,0
16719,23,81281,10,0,0,40,0
16720,42,340148,10,0,0,40,0
16721,29,363425,13,0,0,40,0
16723,24,191073,9,0,0,40,0
16724,44,116632,10,0,0,40,1
16727,44,290521,9,0,0,40,0
16729,20,146538,9,0,0,40,0
16731,19,206399,9,0,0,40,0
16732,45,197332,10,0,0,55,1
16734,42,197583,12,0,0,40,1
16735,44,234885,9,0,0,40,1
16736,40,72887,11,0,0,40,1
16742,54,288825,9,0,0,40,0
16746,37,126708,9,0,0,60,0
16748,38,33983,10,0,0,40,0
16749,49,192776,14,0,1977,45,1
16752,22,139883,10,0,0,40,0
16753,35,285020,9,0,0,40,0
16754,30,303990,9,0,0,60,0
16756,46,279196,13,0,0,40,0
16758,22,281432,10,0,0,30,0
16759,27,161155,6,0,0,40,0
16760,23,197904,9,0,0,35,0
16761,33,111746,12,0,0,45,0
16762,43,170721,10,0,0,20,0
16764,41,193626,9,0,0,40,0
16767,63,401531,2,0,0,35,0
16768,59,286967,9,0,0,45,0
16769,45,164427,13,0,0,40,0
16771,40,347934,9,0,0,35,0
16772,46,371373,9,0,0,40,0
16774,34,187251,9,0,0,25,0
16775,33,178107,13,0,0,20,0
16777,20,262749,10,0,0,40,0
16780,72,303588,9,0,0,20,0
16782,62,114060,9,0,0,40,0
16784,58,180980,10,0,0,42,0
16785,25,181054,13,0,0,40,0
16787,19,249609,10,0,0,8,0
16788,43,112131,10,0,0,40,0
16790,39,91996,9,0,0,40,0
16792,53,251804,3,0,0,30,0
16793,32,37070,11,0,0,45,0
16794,34,337587,10,0,0,50,1
16797,25,267044,10,0,0,20,0
16799,21,204226,10,0,0,35,0
16803,24,248344,10,0,0,50,0
16806,28,85812,10,0,0,40,0
16807,42,221172,13,0,0,40,1
16810,44,202692,14,0,0,40,0
16812,26,108658,9,0,0,40,0
16816,39,207853,8,0,0,50,0
16817,57,190942,2,0,0,30,0
16819,31,41493,13,0,0,45,0
16820,34,190027,9,0,0,40,0
16830,28,184831,10,0,0,40,0
16832,36,27053,9,0,0,40,0
16833,72,205343,7,0,0,40,0
16840,30,152453,7,0,0,40,0
16841,28,114053,13,0,0,55,0
16843,47,264052,10,0,0,50,1
16849,29,110663,9,0,0,35,0
16850,47,87490,14,0,0,42,0
16852,51,95469,9,0,0,40,0
16854,37,22463,11,0,1977,40,1
16858,36,28738,12,0,0,35,0
16860,26,86646,10,0,0,45,0
16862,57,69884,9,0,0,40,1
16863,59,199713,9,0,0,40,0
16864,27,181659,9,0,0,40,0
16870,57,103948,13,0,0,80,0
16871,42,137390,9,0,0,40,0
16874,31,168387,13,7688,0,40,1
16878,42,214242,15,0,1902,50,1
16879,25,200408,10,2174,0,40,0
16881,32,239824,13,0,0,40,0
16883,60,51290,4,0,0,40,0
16884,42,175674,5,0,0,40,0
16886,48,45612,9,0,0,37,0
16888,29,182521,9,0,0,40,0
16893,24,249909,9,0,0,50,0
16894,26,208122,13,1055,0,40,0
16898,50,114117,9,0,0,32,0
16904,29,34383,11,0,0,55,0
16905,47,241832,5,0,0,40,0
16906,30,124187,9,0,0,60,0
16907,34,153614,9,0,0,45,1
16909,33,205469,10,0,0,40,1
16911,47,165039,10,0,0,40,0
16913,43,154374,10,15024,0,60,1
16914,30,103649,13,0,0,40,1
16916,19,262601,9,0,0,14,0
16917,21,226181,13,0,0,40,0
16918,33,175697,13,15024,0,60,1
16921,26,75654,9,0,0,55,0
16922,60,199378,9,0,0,40,0
16923,21,160968,10,0,0,40,0
16925,31,55849,10,0,0,45,0
16926,50,195322,16,0,0,40,1
16927,31,402089,9,0,0,40,0
16931,20,130959,10,0,0,20,0
16933,35,292472,16,0,0,40,1
16936,29,71592,10,0,0,40,0
16937,70,167358,5,1111,0,15,0
16938,34,106742,9,0,0,45,0
16940,43,174524,9,0,0,40,1
16942,35,261293,14,0,0,60,0
16943,27,111900,10,0,0,40,0
16944,43,194360,14,0,0,38,0
16947,27,249362,10,3411,0,40,0
16951,48,110457,10,0,0,40,0
16954,33,182556,13,0,0,40,1
16959,31,125457,9,0,0,45,0
16961,29,92262,9,0,0,48,0
16963,34,190290,9,0,0,40,1
16965,18,59342,7,0,0,5,0
16967,66,149422,4,0,0,4,0
16969,41,195124,14,0,0,35,0
16970,26,167350,9,0,0,30,0
16973,42,262425,10,0,0,50,0
16975,23,335453,13,0,0,20,0
16979,30,189620,13,0,0,40,0
16982,31,243605,13,0,1380,40,0
16986,44,63042,13,0,0,50,1
16989,60,177665,9,0,0,35,0
16991,28,296450,13,0,0,40,0
16992,36,70282,10,0,0,40,0
16994,40,144995,11,4386,0,40,0
16995,36,382635,13,0,0,35,0
16998,19,378418,9,0,0,40,0
17000,34,217460,13,0,0,45,1
17001,33,182556,9,0,0,40,0
17002,41,125831,9,0,2051,60,0
17003,29,271328,13,4650,0,40,0
17008,20,299047,10,0,0,20,0
17012,55,173093,10,0,0,40,0
17013,26,181655,11,0,2377,45,0
17014,25,332702,11,0,0,15,0
17016,35,234901,10,2407,0,40,0
17019,56,156052,9,594,0,20,0
17020,42,279914,13,0,0,40,1
17025,17,316929,8,0,0,20,0
17026,42,126319,13,0,0,40,1
17034,23,145111,9,0,0,50,0
17041,36,101460,9,0,0,18,0
17042,59,420537,9,0,0,38,1
17044,53,128272,16,0,0,70,1
17048,22,151790,10,0,0,30,0
17052,37,327323,3,0,0,32,0
17059,43,226902,13,0,0,50,1
17060,54,279129,10,0,0,40,0
17065,40,237601,13,0,0,55,1
17066,42,169628,10,0,0,38,0
17070,21,149704,9,1055,0,40,0
17071,48,102102,11,0,0,50,1
17074,23,211046,9,2463,0,40,0
17075,60,31577,9,0,0,60,1
17077,61,128831,9,0,0,40,0
17079,46,90758,14,0,0,35,1
17081,43,154538,12,0,0,40,0
17084,31,51471,9,0,0,38,0
17085,17,193830,7,0,0,20,0
17087,50,23780,14,0,0,40,0
17089,64,270333,13,0,0,40,1
17091,30,191571,9,0,0,36,0
17094,22,137510,10,0,0,40,0
17097,41,254440,11,0,0,60,0
17098,56,186556,10,0,0,50,1
17101,48,167159,11,0,0,40,0
17102,31,171871,14,0,0,46,0
17103,29,154411,11,0,0,40,0
17107,62,174355,9,0,0,40,0
17108,39,680390,9,0,0,24,0
17110,24,165474,13,0,0,40,0
17111,42,257780,7,0,0,15,0
17112,53,194259,10,4386,0,40,1
17115,72,28929,7,0,0,24,0
17117,25,499233,9,0,0,40,0
17118,41,180572,13,0,0,50,1
17119,24,321435,13,0,0,50,0
17120,63,86108,9,0,0,6,0
17122,35,135162,10,0,0,50,0
17125,55,387569,9,4386,0,40,1
17127,40,33274,9,0,0,50,0
17128,37,86551,13,0,0,45,1
17130,31,118966,9,0,0,18,0
17132,26,90980,11,0,0,55,0
17133,46,177407,9,0,0,50,0
17135,48,327886,16,0,0,50,1
17138,59,142182,9,0,0,40,1
17139,34,188798,13,0,0,40,0
17140,49,38563,13,0,0,56,1
17142,43,191547,9,0,0,40,0
17144,28,142712,10,0,0,70,0
17145,33,80945,9,0,0,40,0
17146,24,309055,10,0,0,15,0
17149,39,176186,10,0,0,50,1
17152,24,121313,10,0,0,50,0
17153,71,143437,14,10605,0,40,1
17154,51,160724,13,0,2415,40,1
17155,55,282753,3,0,0,25,0
17159,39,117683,9,0,0,40,1
17160,19,376540,9,0,0,30,0
17162,32,270335,13,0,0,40,1
17163,27,96226,9,0,0,70,0
17164,38,95336,13,0,0,50,1
17165,33,258498,10,0,0,60,0
17166,63,149698,10,0,0,15,0
17167,23,205865,13,0,0,28,0
17168,33,155781,10,0,0,60,0
17169,54,406468,9,0,0,40,0
17171,48,144397,10,0,0,30,0
17172,35,372525,13,0,0,40,0
17173,28,164170,11,0,0,40,0
17175,42,177307,15,0,0,65,1
17179,30,87418,13,0,0,45,1
17181,63,28856,4,0,0,55,0
17182,51,175897,5,0,0,20,0
17183,22,99697,9,0,0,40,0
17187,37,211154,10,0,0,52,0
17189,37,168496,9,0,0,10,0
17191,27,93235,9,0,0,30,0
17196,39,202027,13,15024,0,45,1
17198,67,76860,9,0,0,40,1
17199,81,136063,9,0,0,30,0
17200,21,186648,10,0,0,20,0
17202,25,98155,10,0,0,40,0
17203,42,274198,3,0,0,38,0
17205,64,29825,9,0,0,5,0
17208,51,138022,14,0,0,60,1
17212,19,52114,10,0,0,10,0
17213,51,241843,1,0,0,40,0
17218,41,132222,15,0,2415,40,1
17223,38,196373,9,0,0,40,1
17224,18,293227,9,0,0,45,0
17225,20,241752,9,0,0,40,0
17227,40,184682,10,0,0,40,0
17230,44,325159,10,0,0,40,0
17231,44,174675,9,0,0,40,1
17240,42,176286,12,0,0,40,1
17241,25,150062,10,0,0,45,0
17243,32,288273,13,0,0,70,0
17248,55,189721,9,0,0,20,0
17249,48,164966,13,0,0,40,1
17250,36,94954,11,0,0,20,0
17254,37,200153,9,0,0,40,0
17255,44,32185,9,0,0,70,0
17256,25,178326,10,0,0,40,0
17258,40,188693,14,0,0,35,1
17266,63,254907,11,0,0,20,0
17267,41,349221,9,0,0,35,0
17270,51,122159,10,3325,0,40,0
17271,46,187370,13,0,1504,40,0
17274,47,192835,9,0,0,50,1
17277,45,89325,14,0,0,45,0
17280,39,329980,13,15024,0,50,1
17281,20,148294,10,0,0,40,0
17282,50,168212,16,0,1902,65,1
17284,23,115244,13,0,0,60,0
17287,66,271567,9,0,0,40,0
17288,39,180804,9,0,0,40,1
17290,26,109186,10,0,0,50,0
17293,50,767403,9,3103,0,40,1
17297,33,26973,11,0,0,40,1
17298,51,191965,9,0,0,32,0
17299,22,122346,9,0,0,40,0
17300,19,117201,9,0,0,30,0
17301,41,198316,10,0,0,50,0
17303,42,209370,9,0,0,30,0
17304,34,33117,10,0,0,40,0
17306,56,169133,9,0,0,50,0
17309,48,207848,6,0,0,40,0
17310,48,138370,14,0,0,50,0
17311,31,93106,11,0,0,40,0
17312,20,223515,12,0,1719,20,0
17315,76,431192,4,0,0,2,0
17316,19,241616,9,0,2001,40,0
17317,66,150726,5,1409,0,1,0
17319,34,289984,9,0,0,30,0
17320,34,164309,7,0,0,8,0
17321,90,137018,9,0,0,40,0
17323,43,341204,10,0,0,40,0
17324,44,167005,13,7688,0,60,1
17325,24,34446,10,0,0,37,0
17326,28,187160,15,0,0,55,0
17327,64,196288,12,0,0,20,0
17334,52,44728,10,0,0,55,1
17335,38,193026,10,0,0,40,0
17336,32,87643,13,0,0,40,0
17337,30,106742,8,0,0,75,0
17338,41,302122,11,0,0,40,0
17339,49,193960,14,0,1902,40,1
17343,54,377701,9,0,0,32,0
17349,30,181651,13,0,0,50,0
17354,48,55863,16,0,1902,46,1
17355,17,220384,7,0,0,15,0
17356,19,36012,10,0,0,20,0
17360,43,227910,11,0,0,40,1
17363,58,81642,9,0,0,60,0
17364,41,195258,10,0,0,40,1
17366,30,241259,11,0,0,40,0
17367,32,118161,9,0,0,40,0
17368,29,201954,13,0,0,35,0
17370,38,412296,9,0,0,28,0
17372,44,120539,13,0,0,50,1
17374,34,107793,9,0,0,40,0
17375,21,163870,10,0,0,40,0
17380,43,182254,10,0,0,40,0
17382,45,149865,13,0,0,60,1
17383,39,218184,5,0,1651,40,0
17385,34,196791,12,0,0,25,1
17389,41,118212,13,3103,0,40,1
17391,35,289430,14,0,0,45,1
17394,69,168139,9,0,0,40,0
17396,60,226355,11,0,2415,70,1
17397,36,51100,10,0,0,40,0
17401,29,140863,10,0,0,40,0
17403,34,50178,10,0,0,38,0
17406,20,117606,11,0,0,40,0
17408,63,124244,9,0,0,40,0
17409,41,154374,10,0,0,45,0
17411,30,347132,10,0,0,40,0
17412,34,181934,9,0,0,40,0
17414,37,189382,11,0,0,38,0
17421,19,194608,10,0,0,20,0
17422,20,230891,10,0,0,45,0
17427,30,205733,10,0,0,60,0
17428,46,185041,9,0,0,50,0
17430,50,293196,9,7298,0,40,1
17432,40,520586,10,0,0,39,0
17434,51,302847,9,0,0,54,0
17435,43,165309,9,0,0,40,0
17440,20,275691,9,0,0,28,0
17441,44,193459,11,3411,0,40,0
17442,51,284329,9,0,0,40,0
17444,54,96062,12,0,0,40,1
17445,50,133963,13,0,1977,40,1
17449,88,206291,15,0,0,40,0
17455,47,183013,9,0,0,40,0
17456,58,169982,10,0,0,40,1
17458,50,356619,9,0,0,48,1
17462,40,216237,13,0,0,45,1
17467,59,43280,10,0,0,40,0
17468,65,118779,9,0,0,30,0
17470,27,247507,13,0,0,35,0
17472,48,182862,10,0,0,40,1
17475,19,187161,10,0,0,25,0
17477,51,176813,12,0,0,60,0
17478,59,151616,14,0,0,55,0
17479,18,240747,9,0,0,40,0
17483,37,166497,13,0,0,35,0
17488,38,79619,13,0,0,42,1
17489,22,42004,10,0,0,30,0
17492,37,203070,10,0,0,62,0
17493,31,32406,10,0,0,20,0
17494,54,99185,16,15024,0,45,1
17496,63,150389,13,0,0,40,1
17497,48,243631,10,7688,0,40,1
17499,31,231263,13,4650,0,45,0
17502,48,349151,9,0,0,40,0
17503,53,22154,10,0,0,40,0
17504,55,176317,9,0,0,40,0
17505,38,22245,14,0,0,72,1
17506,29,236436,9,0,0,40,0
17507,36,354078,13,0,0,60,1
17508,42,166813,10,0,0,60,0
17509,50,358740,9,0,0,40,0
17524,65,167414,9,0,0,59,1
17525,38,165799,10,0,0,12,0
17526,62,192866,10,0,0,20,0
17528,49,148995,9,0,0,40,0
17529,34,190040,9,0,0,40,0
17530,32,209432,9,0,0,40,0
17531,51,229465,14,15024,0,50,1
17536,29,128604,9,0,0,40,0
17537,38,65466,13,0,0,50,0
17539,43,369468,13,0,0,40,1
17541,30,236770,9,0,0,40,0
17542,53,89534,9,0,0,48,1
17545,22,153516,10,0,0,35,0
17546,31,163594,9,0,0,45,0
17548,50,343748,10,0,0,35,0
17549,37,387430,10,0,0,37,0
17551,47,200734,13,0,0,45,0
17552,27,115831,10,0,0,40,0
17553,28,150296,12,0,0,80,0
17556,51,152754,13,0,0,40,1
17557,46,129007,13,0,1977,40,1
17559,47,386136,9,0,0,35,0
17565,50,88926,9,5178,0,40,1
17566,46,188861,10,0,0,40,0
17568,57,182062,6,0,0,40,0
17569,37,37238,13,0,0,45,0
17573,39,278403,9,0,0,65,0
17574,46,279661,14,0,0,35,0
17578,41,265266,12,0,0,40,0
17579,44,34935,10,0,0,40,0
17582,29,419721,9,0,0,40,0
17583,58,186791,10,0,0,40,1
17586,37,32668,13,0,0,43,1
17592,28,192932,13,0,0,40,0
17593,20,244689,10,0,0,25,0
17596,24,96279,9,0,0,40,0
17599,41,144928,13,0,0,40,1
17600,48,55237,13,0,0,45,1
17602,20,114874,10,0,0,30,0
17606,17,138507,6,0,0,20,0
17607,47,256522,9,0,0,40,0
17609,24,293579,9,0,0,20,0
17610,29,285290,7,0,0,40,0
17611,25,188488,9,0,0,40,0
17615,51,146767,11,0,0,40,1
17622,57,89392,14,0,0,40,0
17623,47,46857,10,0,0,40,0
17625,26,195105,9,0,0,40,0
17627,61,134768,13,0,0,50,1
17631,34,467108,10,0,0,50,1
17633,42,173938,9,0,0,40,0
17638,31,42900,13,0,0,37,0
17639,36,191161,9,0,0,50,0
17644,51,203435,10,0,0,40,0
17646,49,257764,9,0,0,40,0
17648,53,225339,10,0,0,40,0
17650,20,444554,6,0,0,40,0
17651,26,403788,12,0,0,40,0
17653,43,221550,14,0,0,30,0
17654,46,98929,13,0,0,52,0
17655,43,169203,11,0,0,35,0
17659,65,198766,14,20051,0,40,1
17661,25,208999,10,0,0,40,0
17662,23,37072,13,0,0,50,0
17663,25,163101,13,0,0,45,0
17664,19,119075,10,0,0,50,0
17668,40,266324,10,0,1564,70,1
17670,17,46496,7,0,0,5,0
17672,40,289403,4,0,1887,40,1
17673,59,226922,9,0,1762,30,0
17677,54,398212,9,5013,0,40,0
17682,55,325007,12,0,0,25,0
17683,50,113176,9,0,0,40,0
17686,24,241523,9,0,0,45,1
17688,39,352628,12,0,0,50,1
17689,37,143912,9,0,0,50,0
17692,43,196945,9,0,0,78,0
17693,39,24342,13,0,0,40,1
17697,32,86723,9,0,0,52,0
17698,31,179186,13,0,0,90,1
17702,40,256202,11,0,0,40,0
17704,41,184102,7,0,0,40,0
17708,39,297847,5,3411,0,34,0
17709,19,213644,9,0,0,40,0
17712,59,296253,9,0,0,40,0
17713,32,180871,11,0,0,50,1
17716,58,183870,6,0,0,40,0
17719,41,141327,14,0,0,35,0
17721,50,175339,9,0,1672,60,0
17724,38,27997,11,0,0,40,0
17728,44,120837,9,0,0,66,0
17730,44,229466,10,0,0,50,1
17732,60,185749,7,0,0,40,0
17735,46,563883,9,0,0,60,1
17737,25,221757,9,3325,0,45,0
17738,22,310152,10,0,0,40,0
17741,48,192945,9,7688,0,40,1
17742,46,161508,6,0,0,40,0
17743,30,177675,10,0,0,40,1
17745,40,100584,6,0,0,40,0
17747,35,67728,10,0,2051,45,0
17748,49,101320,14,0,0,75,0
17749,24,42706,11,0,0,60,0
17752,25,98283,13,0,0,40,0
17754,69,208869,14,0,0,11,0
17755,22,207940,10,0,0,36,0
17757,38,83727,9,0,0,48,0
17760,33,235271,10,0,0,35,0
17761,43,35236,9,0,0,40,0
17762,58,255822,11,0,0,40,1
17763,53,263925,9,99999,0,40,1
17765,43,293535,13,0,0,40,1
17766,31,209448,6,2105,0,40,0
17769,57,278763,9,0,0,40,0
17773,45,103538,9,0,0,40,1
17774,53,156877,9,15024,0,35,1
17775,27,23940,9,0,0,40,0
17776,28,210295,7,0,0,50,1
17777,32,80058,7,0,0,43,1
17779,36,105021,10,0,0,55,1
17781,37,395831,13,0,0,80,1
17782,49,50282,10,3325,0,45,0
17784,64,179436,13,15024,0,55,1
17788,42,245317,9,0,0,50,0
17791,25,224943,10,0,0,40,0
17798,59,284834,13,2885,0,30,0
17799,25,212495,13,0,1340,40,0
17800,17,32124,5,0,0,9,0
17802,47,141483,5,0,0,40,0
17803,30,31985,10,0,0,40,0
17804,20,170800,10,0,0,40,0
17809,52,118025,13,99999,0,50,1
17810,37,26898,9,0,0,12,0
17813,48,125421,14,0,0,40,1
17814,49,245305,6,0,0,42,1
17815,50,73493,10,0,0,40,0
17818,43,75742,9,0,0,40,0
17819,22,214731,6,0,0,40,0
17820,35,265954,9,0,0,40,0
17821,26,197156,9,0,0,30,0
17822,62,162245,15,0,1628,70,0
17828,38,180342,13,0,0,40,0
17830,27,148069,6,0,0,40,0
17837,23,315877,13,0,0,30,0
17839,25,352057,9,0,0,65,0
17840,21,236684,10,0,0,8,0
17841,18,208447,8,0,0,6,0
17843,75,111177,13,25124,0,16,1
17846,47,111797,10,0,0,35,0
17851,19,62534,13,0,0,40,0
17852,44,216907,12,0,1848,40,1
17853,24,198148,10,0,0,30,0
17854,19,124265,10,0,0,40,0
17855,49,261059,6,2176,0,40,0
17857,38,257250,9,0,0,52,0
17858,24,147253,10,0,0,50,0
17860,72,213255,9,0,0,8,0
17861,26,266912,9,0,0,50,1
17864,39,128715,9,10520,0,40,1
17867,51,71046,10,0,0,45,0
17871,65,207281,10,0,0,16,0
17874,55,98361,14,15024,0,50,1
17876,33,149184,9,0,0,60,1
17877,33,119829,9,0,0,60,0
17878,37,910398,13,0,0,40,0
17879,19,176570,7,0,0,60,0
17880,24,216129,13,0,0,50,0
17882,57,68830,9,0,0,50,0
17887,35,451940,9,0,0,40,0
17888,47,102318,9,0,0,40,0
17894,54,53833,9,0,0,40,1
17895,26,161007,13,0,0,30,0
17896,60,53707,9,0,0,40,1
17897,46,370119,15,99999,0,60,1
17899,32,375833,7,0,0,40,0
17901,48,58683,10,0,0,70,1
17902,44,179557,9,0,1977,45,1
17906,61,163174,15,0,0,35,1
17907,51,126010,9,0,0,40,0
17908,52,147876,13,15024,0,60,1
17912,67,258973,9,0,0,24,0
17915,37,405723,2,0,0,40,0
17921,52,158993,9,0,0,38,0
17926,71,133821,9,0,0,20,1
17928,30,39054,9,0,0,40,0
17929,35,119272,13,0,0,55,1
17930,59,143372,6,0,0,40,0
17932,36,136028,5,0,0,30,0
17934,34,202729,9,0,0,40,0
17937,26,211798,9,0,0,40,0
17941,49,107231,9,0,2002,40,0
17944,62,273454,4,0,0,40,0
17947,50,160151,10,0,0,60,1
17950,46,99835,15,0,0,60,1
17952,43,83756,10,0,0,50,0
17954,20,180052,10,0,0,20,0
17956,43,37937,14,0,0,50,0
17957,64,168340,9,0,0,40,1
17959,27,128059,10,0,0,50,0
17961,37,166744,9,0,0,12,0
17963,43,176270,13,99999,0,60,1
17964,50,140592,9,0,0,40,0
17966,37,188540,9,0,1902,45,1
17967,43,39581,9,0,0,45,0
17968,37,171150,9,0,1887,50,1
17969,53,117496,5,0,0,36,0
17976,51,415287,9,0,1902,40,1
17978,35,123606,10,0,0,40,0
17979,44,202565,9,0,0,45,0
17982,18,46247,10,0,0,15,0
17983,24,266926,10,0,0,40,0
17988,32,158784,4,0,0,40,0
17990,43,201723,14,0,1902,40,1
17994,38,156728,13,0,0,40,1
17996,39,19914,10,0,0,40,0
17997,42,190767,13,0,0,40,0
18000,38,187069,9,0,0,45,0
18003,38,86551,13,0,0,48,1
18007,55,199067,9,0,0,40,1
18008,29,247445,9,0,0,45,0
18009,49,186078,14,0,0,50,1
18011,24,180060,14,6849,0,90,0
18014,35,239755,13,0,0,38,0
18023,50,196963,4,0,0,30,0
18024,38,166988,13,0,0,40,0
18026,42,182342,10,0,0,55,0
18027,32,496743,13,0,0,40,0
18028,20,154781,9,0,0,40,0
18029,27,219371,9,0,0,35,0
18030,45,99179,7,0,0,40,0
18037,47,162924,13,0,0,60,0
18039,51,167651,9,0,0,40,0
18040,19,197384,10,0,0,10,0
18042,65,266081,9,0,0,40,0
18044,28,215873,6,0,0,45,0
18046,49,159816,13,99999,0,20,1
18049,71,105200,9,6767,0,20,0
18051,29,52199,9,0,0,40,0
18053,51,120173,11,3103,0,50,1
18055,49,169818,9,0,0,40,1
18058,59,147707,9,0,2339,40,0
18061,38,31033,13,7298,0,40,1
18062,37,272950,9,0,0,40,0
18063,29,183523,6,0,0,40,0
18065,31,19302,12,2202,0,38,0
18068,39,79331,14,15024,0,40,1
18069,40,135056,12,0,0,40,0
18076,33,155343,9,3103,0,40,1
18077,32,35595,13,0,0,40,0
18079,50,159670,9,0,0,40,1
18082,38,204640,10,0,0,40,0
18084,38,112847,15,0,0,40,1
18086,50,211319,14,0,0,38,0
18087,59,183606,7,0,0,40,0
18088,32,205390,9,0,0,49,0
18089,73,232871,4,2228,0,10,0
18090,52,101017,9,0,0,38,0
18093,51,163921,13,0,0,56,1
18096,22,267174,9,0,0,40,0
18098,48,199739,9,0,0,40,0
18099,52,185407,9,0,0,40,0
18101,25,282063,4,0,0,40,0
18102,31,332379,4,0,0,40,0
18105,51,158948,9,0,0,84,1
18106,51,221532,13,0,0,40,1
18107,22,202920,9,99999,0,40,1
18109,19,286469,10,0,0,30,0
18110,45,191914,9,0,0,55,0
18111,21,142766,10,0,0,10,0
18112,52,198744,9,0,0,40,0
18119,30,246439,10,0,0,40,0
18120,45,338105,13,0,0,40,0
18121,23,228243,10,0,0,44,0
18122,34,62463,10,0,1579,40,0
18126,45,273194,9,3325,0,40,0
18128,21,538319,10,0,0,40,0
18135,29,229842,9,0,0,45,0
18140,47,171095,12,0,0,35,1
18142,46,138999,10,0,0,40,0
18145,38,72338,9,0,0,54,1
18151,40,173607,6,0,0,40,0
18155,21,126314,10,0,0,10,0
18156,63,174018,10,0,0,40,1
18159,23,22966,13,0,0,35,0
18165,27,263431,10,0,0,40,0
18166,22,235733,9,0,0,45,0
18167,68,107910,9,0,0,40,0
18169,22,143062,9,0,0,40,0
18172,62,149617,10,0,0,16,0
18174,34,192002,14,0,0,55,1
18175,68,67791,10,0,0,40,0
18177,45,112283,13,0,0,55,0
18183,31,91666,9,0,0,50,0
18184,26,270276,9,0,0,40,0
18185,39,179271,10,0,0,50,1
18186,44,161819,9,0,0,40,1
18187,45,339681,14,1506,0,45,0
18188,26,219897,14,0,0,50,0
18190,36,188834,5,0,0,50,0
18192,39,191807,9,0,0,48,0
18193,52,179951,15,0,0,40,0
18195,41,66632,10,0,0,40,0
18197,47,162034,13,0,0,70,0
18200,35,225330,13,0,0,40,0
18201,32,120426,9,0,0,40,0
18204,21,124242,10,0,0,40,0
18205,27,278581,13,0,0,40,0
18206,30,230224,13,0,0,55,1
18208,45,188386,9,0,1628,45,0
18209,20,164922,9,0,0,40,0
18210,57,195176,14,0,0,80,0
18211,43,166740,10,0,0,48,0
18213,28,162551,4,0,0,48,0
18215,25,169990,9,0,0,40,0
18222,56,31782,6,0,0,40,0
18223,24,249101,9,0,0,40,0
18225,18,153405,7,0,0,25,0
18226,37,329980,14,0,2415,60,1
18227,57,176079,14,0,0,40,0
18232,77,144608,9,0,0,6,0
18233,30,226013,13,0,0,40,0
18234,21,165475,9,0,0,40,0
18237,68,213720,9,0,0,40,0
18238,64,170483,9,0,0,38,0
18241,32,242150,9,0,0,38,0
18248,28,291374,9,0,0,40,0
18252,31,672412,7,0,0,40,0
18254,30,111415,9,0,0,55,0
18259,48,104790,7,0,0,50,1
18260,39,473547,6,0,0,40,0
18263,31,348491,13,0,0,40,0
18266,29,421065,9,0,0,48,0
18268,28,169631,12,0,0,3,0
18274,50,112351,9,0,0,38,0
18275,30,204704,13,0,0,45,1
18277,49,128132,9,0,0,60,1
18278,75,30599,14,0,0,50,0
18280,51,196504,9,0,0,38,0
18282,28,104024,10,0,0,40,0
18285,39,192337,13,0,0,50,0
18294,27,113545,13,0,0,40,0
18297,34,173806,14,4865,0,60,0
18298,57,370890,9,0,2258,40,0
18299,39,505119,14,0,0,40,1
18302,36,103110,16,0,0,40,0
18303,32,160362,10,0,0,40,0
18304,35,204621,12,0,0,40,0
18305,36,35309,13,0,0,40,0
18308,35,154410,9,0,0,40,0
18311,32,211699,12,0,1485,40,1
18312,63,167501,10,20051,0,10,1
18316,23,460046,9,0,0,42,0
18317,19,33487,10,0,0,40,0
18323,41,113597,10,0,0,16,0
18324,27,208406,13,0,0,60,1
18325,53,274528,13,0,0,70,0
18329,28,303954,9,0,1848,42,1
18330,24,99386,13,0,0,40,0
18334,24,233777,10,0,0,50,0
18336,30,261319,4,0,0,40,0
18337,37,367237,11,8614,0,40,1
18338,34,126838,9,0,0,40,0
18344,42,111252,14,0,1977,40,1
18345,60,156889,10,0,0,40,0
18347,46,29696,9,0,0,40,1
18349,37,86150,13,0,0,30,1
18350,34,204991,10,0,0,44,0
18352,35,103605,7,0,0,40,0
18355,36,126569,10,0,0,40,1
18356,25,144259,9,0,0,40,0
18357,51,161482,9,0,0,38,0
18362,34,157747,13,0,0,40,1
18363,40,297396,10,0,0,60,0
18366,37,49115,14,0,0,60,1
18368,25,304032,9,0,0,36,0
18369,31,207301,9,0,0,40,1
18371,42,33521,12,0,0,45,1
18372,29,410351,13,0,0,40,0
18373,35,410034,10,0,0,50,0
18377,26,125680,13,0,0,16,0
18378,56,160829,9,0,0,46,0
18379,52,266529,10,0,0,45,1
18383,30,343699,9,0,0,40,0
18384,43,172826,10,99999,0,55,1
18389,58,160586,9,0,0,40,0
18390,66,146454,10,5556,0,40,1
18391,30,203277,9,0,0,60,1
18392,46,309895,10,0,0,40,0
18394,57,103809,9,0,0,40,0
18397,37,35330,9,0,1669,55,0
18398,45,135776,14,0,0,30,0
18399,61,188172,16,0,0,5,0
18401,42,193626,9,0,0,53,0
18403,23,199070,9,0,0,16,0
18407,20,81853,10,0,0,15,0
18409,44,145178,9,0,0,38,1
18410,47,30575,10,0,0,50,0
18412,41,22155,14,0,0,60,0
18413,31,106437,9,0,0,40,0
18414,27,79787,14,0,0,25,0
18417,61,120933,10,0,0,40,0
18418,42,153143,10,0,0,40,0
18420,46,105444,13,0,0,50,1
18423,56,242670,10,0,0,40,0
18424,52,54933,14,0,0,40,0
18426,25,282631,9,0,0,40,0
18427,18,98044,7,0,0,40,0
18428,58,187487,9,0,0,40,0
18430,29,75648,10,0,0,55,0
18432,30,19302,10,0,0,48,0
18433,21,300812,10,0,0,30,0
18434,44,146659,14,0,1887,35,1
18437,26,60726,10,0,0,40,0
18438,33,201763,13,0,0,50,1
18439,57,119253,14,15024,0,65,1
18442,21,60639,10,0,0,37,0
18445,47,331650,9,0,0,8,1
18447,47,298130,9,0,0,40,0
18449,32,197867,11,0,0,50,0
18451,38,277347,9,0,0,50,0
18463,41,438696,14,0,0,5,1
18465,63,54052,14,0,0,68,1
18468,24,353010,13,0,0,65,0
18470,74,39890,10,0,0,18,0
18475,32,157287,13,0,0,40,0
18476,39,184659,9,0,0,40,0
18479,50,137253,13,0,0,40,1
18480,44,373050,9,0,0,40,0
18482,28,183151,12,0,0,60,0
18484,49,34021,13,0,0,50,0
18488,35,47707,9,0,0,40,0
18490,49,52590,9,0,0,40,0
18491,39,179352,10,0,0,35,0
18492,27,158156,9,0,0,42,0
18493,42,70055,9,0,0,40,0
18497,23,175183,10,0,0,40,0
18498,45,142287,14,0,0,50,1
18502,57,39380,9,0,0,35,0
18504,23,336360,4,0,0,40,0
18505,31,257644,7,0,0,40,0
18506,23,235853,13,0,0,22,0
18507,30,270577,9,0,0,40,0
18508,32,222900,13,0,0,50,1
18520,36,184659,10,0,0,52,0
18521,38,338320,15,0,1977,50,1
18522,54,101017,4,0,0,40,0
18523,51,204322,11,0,0,40,1
18525,63,217994,10,0,0,40,0
18527,58,164065,14,0,0,18,0
18528,64,78866,9,0,0,40,0
18529,20,236769,10,0,0,40,0
18531,39,34028,13,0,0,48,0
18532,45,207847,10,0,0,40,0
18533,44,175935,16,0,0,55,1
18537,42,220647,13,0,0,45,0
18540,38,123983,13,0,1741,40,0
18543,46,169180,11,0,0,40,0
18544,31,54929,10,0,0,60,0
18546,43,159549,10,0,0,50,1
18547,23,482082,8,0,0,21,0
18548,32,286101,9,0,0,37,0
18551,38,105017,9,0,0,40,0
18552,23,27776,11,0,0,40,0
18554,41,118853,10,0,0,40,0
18557,47,275361,12,0,0,35,0
18558,42,225193,9,0,0,40,0
18561,21,258490,10,0,0,20,0
18562,18,120243,7,0,0,27,0
18563,31,219509,9,0,0,40,1
18566,23,87528,13,0,0,45,0
18569,34,268051,10,0,0,25,0
18570,42,121718,9,0,0,24,0
18571,18,201901,9,0,1719,15,0
18572,46,109089,9,0,0,37,0
18576,21,212619,11,0,0,40,0
18577,22,199011,9,0,0,20,0
18581,43,349341,13,0,0,60,0
18584,90,52386,10,0,0,35,0
18585,45,246891,13,0,1902,40,1
18588,20,217807,10,0,0,35,0
18589,53,149784,13,7688,0,40,1
18590,64,201293,9,0,0,38,0
18591,56,128764,4,0,0,20,0
18593,26,62438,13,0,0,40,1
18594,31,151726,12,0,0,40,0
18595,40,29841,13,0,0,40,0
18597,41,110562,13,0,0,40,0
18599,62,33142,14,0,0,60,1
18601,40,234633,10,0,0,40,0
18604,23,243190,10,0,0,20,0
18606,39,77146,13,0,1887,50,1
18616,19,43285,10,0,0,20,0
18617,41,160837,7,0,0,40,0
18619,23,176178,9,0,0,40,0
18624,21,191460,7,0,0,40,0
18626,29,214858,13,0,0,40,1
18627,36,64875,11,0,0,60,0
18630,25,207342,10,0,0,40,0
18631,34,64830,12,0,0,45,0
18632,31,220066,13,14344,0,50,1
18636,28,111900,12,0,0,30,0
18641,34,158420,13,0,0,70,0
18643,36,183892,10,7298,0,44,1
18645,22,181773,9,0,0,40,0
18648,34,215382,14,4787,0,40,1
18662,17,317681,7,0,0,10,0
18666,56,211804,13,15024,0,50,1
18667,33,312055,13,0,0,45,1
18668,37,65390,13,0,0,50,0
18676,25,302465,8,0,1741,40,0
18677,53,156843,14,0,1564,54,1
18681,32,117927,10,0,0,40,0
18686,34,134737,11,0,0,40,0
18691,51,41474,6,0,0,40,0
18692,36,318972,10,0,0,65,0
18693,33,86143,10,0,0,40,0
18694,50,181139,10,0,0,40,0
18698,24,127139,10,0,0,40,0
18699,35,136343,9,0,0,40,0
18702,68,166149,9,0,2206,30,0
18705,61,83045,5,0,0,40,0
18706,34,160449,9,0,0,44,1
18708,20,287681,10,0,0,36,0
18709,41,154194,9,0,0,40,0
18710,36,295127,9,0,0,84,0
18711,60,240521,9,7298,0,40,1
18714,42,293791,13,0,0,50,1
18720,32,111746,10,0,0,40,0
18721,32,171091,9,0,0,40,0
18722,61,355645,5,0,0,20,0
18723,54,137678,10,0,0,40,0
18724,23,70894,12,0,0,40,0
18725,19,171306,9,0,0,3,0
18730,25,345121,6,0,0,25,0
18733,20,171398,6,0,0,40,0
18735,48,207058,9,0,0,37,0
18745,69,183958,9,0,0,8,0
18746,39,127772,9,3103,0,44,1
18747,48,80651,9,0,0,55,0
18748,46,62793,9,0,0,40,0
18752,24,311376,13,0,0,40,0
18753,30,432565,11,0,0,40,1
18754,39,329980,13,0,2415,60,1
18755,29,125190,9,0,0,40,0
18757,21,219835,11,0,0,40,0
18758,32,123429,6,0,0,40,0
18761,41,195897,10,0,0,50,0
18763,18,230875,7,0,0,40,0
18764,74,92298,13,0,0,10,0
18765,40,185145,16,0,0,40,1
18766,27,297296,9,0,0,40,0
18767,75,164849,5,1409,0,5,0
18768,55,145214,9,0,0,40,0
18769,52,242341,4,0,0,40,0
18770,54,240542,10,0,0,48,0
18772,76,152802,10,0,0,8,0
18777,19,356717,10,0,0,25,0
18779,57,206206,13,0,0,40,1
18781,27,253814,10,0,0,40,0
18782,31,161745,13,0,1980,60,0
18783,60,162947,3,0,0,40,0
18788,59,104216,15,0,0,25,0
18790,31,133770,12,0,0,50,1
18794,47,174525,9,3942,0,40,0
18795,29,490332,10,0,0,45,1
18797,25,374918,8,0,0,40,0
18800,35,174597,13,0,0,40,0
18802,54,169785,14,0,0,40,0
18803,46,133169,11,0,0,40,0
18805,65,174056,4,0,0,40,0
18808,34,271933,13,0,1741,45,0
18809,47,102359,13,0,0,30,0
18811,21,294789,10,0,0,25,0
18816,38,264627,10,0,0,40,0
18817,24,213427,9,0,0,40,0
18820,27,188343,9,0,0,40,0
18821,63,158609,11,0,0,8,0
18822,34,193036,10,0,0,40,1
18823,25,198632,10,0,0,50,0
18826,35,101387,9,0,0,50,0
18831,20,174063,10,0,0,40,0
18833,51,249741,10,0,0,40,0
18835,36,49626,9,0,0,40,0
18837,55,320835,13,0,0,50,1
18838,22,123727,10,0,0,21,0
18839,58,110517,16,4064,0,40,0
18840,43,149670,10,4064,0,15,0
18841,39,172425,11,0,0,20,1
18843,46,174209,9,0,0,45,0
18846,24,121313,9,0,0,40,0
18847,53,181317,9,0,0,40,0
18848,24,166851,14,0,0,13,0
18849,29,29616,9,0,0,65,0
18853,34,230246,5,0,0,40,0
18855,34,203408,13,7688,0,50,1
18856,19,446219,6,0,0,40,0
18859,67,45537,14,0,0,40,1
18861,52,147629,9,0,0,60,1
18862,40,153799,2,0,0,40,0
18863,28,203776,6,0,0,50,0
18871,50,221336,9,0,0,40,0
18872,33,180656,10,0,0,40,0
18875,67,150516,9,0,0,3,0
18876,35,325802,12,0,0,24,0
18881,32,195891,13,0,0,55,0
18885,18,80616,6,0,0,27,0
18887,21,34443,10,0,0,50,0
18889,23,203240,10,0,0,40,0
18890,45,102308,10,0,0,40,0
18891,18,40829,7,0,0,25,0
18892,25,60726,9,0,0,30,0
18895,41,304906,13,0,0,40,1
18896,74,101590,15,0,0,20,0
18898,23,241185,9,0,0,40,0
18899,31,124827,11,0,0,40,1
18900,40,76625,9,0,0,40,0
18901,41,263339,9,0,0,40,1
18902,25,135645,14,0,0,20,0
18905,42,235786,12,0,0,50,1
18907,52,30731,9,7298,0,40,1
18910,54,182854,9,0,0,45,0
18911,42,296798,7,0,1340,40,0
18912,32,194426,13,15024,0,40,1
18916,52,71344,14,0,0,40,0
18917,21,341410,10,0,0,15,0
18918,33,118941,13,0,0,40,1
18919,52,159755,11,0,0,50,1
18920,28,128509,3,0,0,40,0
18922,42,142756,13,0,0,50,0
18924,47,213140,11,7688,0,40,1
18926,46,138626,10,0,0,40,0
18930,28,185957,9,0,0,40,0
18933,34,213226,13,0,0,40,1
18934,19,115248,10,0,0,40,0
18935,37,185061,10,0,0,55,0
18936,27,147638,13,0,0,40,0
18937,18,280298,9,0,0,24,0
18938,31,163516,10,0,0,40,0
18943,41,176069,9,0,0,40,0
18944,48,183486,11,0,0,56,1
18949,37,243587,10,0,0,40,0
18954,18,423460,7,0,0,36,0
18955,23,287681,4,0,0,25,0
18957,62,139391,10,0,0,24,0
18961,26,336969,13,0,0,28,0
18962,55,255364,10,0,0,40,0
18964,37,211494,9,0,0,40,1
18965,78,136198,13,0,0,15,0
18966,27,409815,10,0,0,40,0
18975,27,358636,10,2829,0,70,0
18980,40,229364,14,0,0,45,0
18981,56,157486,6,0,0,40,0
18982,34,92682,9,4865,0,40,0
18983,56,101338,13,0,0,40,0
18985,21,34616,10,0,0,25,0
18986,40,218903,9,0,0,40,0
18987,27,204098,9,0,0,50,0
18992,19,280071,10,0,0,50,0
18998,42,153132,13,0,0,45,0
19002,34,89644,10,0,0,55,1
19003,19,275889,7,0,0,40,0
19008,32,185410,9,0,0,40,0
19010,21,286853,9,0,0,35,0
19013,25,186925,10,2597,0,48,0
19015,32,94235,9,0,0,40,1
19018,58,205896,9,0,0,40,0
19020,41,194710,9,0,0,40,0
19022,47,189123,9,0,0,40,0
19025,43,128170,10,7688,0,40,1
19032,55,205527,9,0,0,20,0
19033,53,174102,4,4386,0,50,1
19035,80,184335,4,0,0,30,0
19036,24,211345,10,0,0,40,0
19039,40,225978,10,0,0,40,0
19041,56,656036,9,0,0,25,0
19043,51,234057,9,0,0,45,1
19044,24,306515,9,0,0,40,0
19045,19,116562,9,0,0,40,0
19048,41,443508,13,0,0,48,1
19050,22,238831,10,0,0,40,0
19051,32,566117,10,0,0,40,0
19054,31,300687,9,0,0,40,0
19060,40,174395,9,0,0,60,0
19061,59,90290,10,0,0,34,0
19062,61,183735,10,0,0,45,1
19063,31,123273,9,0,0,40,0
19065,61,43554,3,0,2339,40,0
19069,27,194773,14,0,0,50,0
19070,44,133060,10,0,0,60,0
19071,64,258006,10,0,0,40,0
19072,55,92215,9,0,0,40,0
19073,34,33945,9,6849,0,55,0
19074,61,153048,9,0,0,35,0
19076,34,355571,9,0,0,40,0
19077,47,139268,15,0,1977,60,1
19079,35,25955,7,0,0,40,0
19080,36,209609,13,0,0,38,0
19087,47,188386,14,0,0,38,0
19090,30,272451,13,0,0,40,0
19092,53,104413,9,0,0,20,0
19094,24,379066,10,0,2205,24,0
19095,27,214858,13,0,0,40,0
19097,36,158592,7,0,0,50,0
19101,32,454508,13,0,0,40,0
19102,22,130356,10,0,0,48,0
19103,22,427686,6,0,0,40,0
19108,23,325596,10,0,0,40,0
19109,54,175804,13,0,0,40,1
19112,39,401832,10,0,0,48,0
19113,57,353808,10,0,0,60,1
19115,29,161478,13,0,0,40,0
19116,17,400225,7,0,0,20,0
19119,28,270366,6,0,0,40,0
19121,44,75227,15,14084,0,40,1
19122,45,132563,15,0,1726,40,0
19123,33,79580,13,0,0,40,0
19124,41,344624,10,0,1485,40,1
19125,37,186359,9,7688,0,60,1
19128,26,188343,9,0,0,40,0
19130,21,85088,10,0,0,37,0
19131,37,545483,12,0,0,40,0
19133,54,32778,9,0,0,30,0
19136,33,149220,11,0,0,40,0
19138,28,157813,7,0,0,58,0
19139,17,179715,6,0,0,40,0
19145,29,277788,10,0,0,25,0
19150,28,335357,9,0,0,40,0
19155,38,115433,12,7688,0,33,1
19156,29,227890,9,0,0,40,0
19159,31,407930,4,0,0,40,0
19161,31,159322,9,0,0,40,0
19162,28,334368,10,0,0,40,0
19164,45,270842,14,0,0,50,1
19165,71,235079,1,0,0,10,0
19168,19,30559,9,0,0,40,0
19172,90,171956,10,0,0,40,0
19175,48,186172,13,0,0,45,1
19176,45,348854,10,0,0,27,0
19184,42,200574,10,0,0,40,0
19185,31,59083,10,0,1672,50,0
19188,33,262042,9,0,1138,40,0
19189,17,206010,8,0,0,8,0
19190,55,183869,15,0,0,50,1
19192,24,155818,10,0,0,40,0
19193,40,96055,9,0,0,45,0
19197,38,37028,10,0,0,38,0
19202,23,238917,4,0,0,36,0
19203,56,170148,9,0,0,40,0
19205,40,220460,9,0,0,40,0
19206,49,101320,12,0,1902,40,1
19216,50,177705,10,0,1740,48,0
19218,19,89397,9,0,0,40,0
19220,37,36989,10,0,0,40,0
19221,25,76978,9,0,0,35,0
19222,75,200068,10,0,0,35,1
19231,27,169662,13,0,0,42,1
19235,26,240842,9,0,0,40,0
19237,60,232618,13,0,0,35,1
19238,49,288548,14,0,0,50,0
19239,40,220609,10,0,0,40,0
19246,38,183279,10,0,0,44,1
19247,27,163942,9,0,0,35,0
19248,75,188612,9,0,0,40,0
19249,49,102771,13,0,0,52,1
19250,27,85625,10,0,0,20,0
19251,36,245090,13,0,0,50,0
19252,36,131239,13,3103,0,45,1
19253,35,182074,9,0,0,35,0
19258,61,716416,10,0,0,44,1
19259,29,190562,9,0,0,56,0
19260,40,141583,10,0,0,35,0
19266,23,161708,13,0,0,30,0
19267,64,244903,7,0,0,40,1
19270,44,178385,14,0,0,48,0
19274,29,100405,6,0,0,40,0
19277,39,202950,13,0,0,45,0
19280,72,177226,9,0,0,8,0
19282,55,189528,4,0,0,60,0
19283,38,34996,10,0,0,40,0
19286,19,145234,10,0,0,30,0
19287,37,267086,11,0,0,52,0
19289,26,96130,9,0,0,40,0
19291,44,168845,9,0,0,60,0
19294,64,194894,16,4787,0,40,1
19295,28,132686,9,0,0,40,1
19297,40,184378,13,0,0,40,0
19299,21,231866,9,0,0,65,0
19300,49,36032,10,0,0,40,0
19302,57,98350,15,0,1902,40,1
19305,24,85088,9,0,1762,32,0
19306,45,94962,9,0,0,40,0
19309,22,52262,10,0,0,40,0
19311,60,175273,9,0,0,40,0
19312,31,327825,9,0,2238,40,0
19313,47,125892,10,0,0,75,1
19315,30,398827,9,0,0,60,0
19317,71,365996,13,0,0,6,0
19319,44,33068,8,0,0,55,0
19320,46,254291,10,0,0,60,1
19323,40,273425,11,0,0,15,0
19324,21,194723,10,0,0,40,0
19325,25,195118,9,0,0,35,0
19331,57,172654,15,15024,0,50,1
19333,30,107793,10,0,0,56,1
19334,35,237943,9,0,0,60,0
19335,42,64632,9,0,0,50,0
19337,59,361494,9,0,0,40,1
19338,69,122850,6,0,0,20,0
19339,29,173652,10,0,0,40,0
19340,40,164663,9,0,0,40,0
19342,40,245529,12,0,0,40,0
19343,43,55294,10,0,0,40,0
19349,34,232475,10,0,0,50,0
19352,35,376455,10,15024,0,60,1
19359,23,110128,10,0,0,40,0
19364,28,169069,9,0,0,40,0
19365,23,113601,10,0,0,30,0
19368,46,102076,9,0,0,25,0
19371,40,190122,10,0,0,40,0
19373,60,170114,5,0,1672,84,0
19374,48,193188,13,0,0,40,1
19375,46,267588,13,0,0,70,0
19376,48,200471,13,0,0,40,1
19377,22,175586,9,0,0,35,0
19383,22,221745,10,0,0,40,0
19389,28,119545,10,7688,0,50,1
19390,18,179203,10,0,0,20,0
19394,44,198316,13,15024,0,50,1
19396,35,356838,10,2829,0,55,0
19399,19,130431,3,0,0,36,0
19401,54,197481,10,0,0,40,0
19402,21,155066,10,0,0,40,0
19403,26,31290,9,0,0,40,1
19405,19,181546,10,0,0,40,0
19406,55,153484,14,0,1977,50,1
19407,44,351228,9,0,0,40,0
19409,26,200639,10,0,0,40,0
19410,64,267546,12,0,0,40,1
19414,45,67716,9,10520,0,48,1
19417,45,32172,10,0,0,50,0
19418,51,252903,6,0,1977,40,1
19419,37,334314,9,0,0,40,0
19421,44,160574,9,0,0,65,1
19424,32,295589,14,0,1977,40,1
19426,41,247752,9,0,0,40,0
19429,47,95680,10,0,0,40,0
19430,55,189933,9,0,0,45,0
19433,64,150121,16,0,0,25,1
19435,41,119079,9,0,0,49,1
19436,33,220939,9,7298,0,45,1
19439,59,62020,9,0,0,40,0
19440,58,235624,11,0,0,40,1
19441,43,247514,14,0,0,40,0
19442,21,275726,9,0,0,40,0
19449,31,111567,13,0,0,70,1
19450,41,179533,9,0,0,35,0
19452,43,198096,14,0,0,60,0
19453,41,355756,10,0,0,40,0
19455,41,242586,10,0,0,40,0
19456,36,208358,15,99999,0,45,1
19463,29,100219,12,0,0,45,0
19465,54,93415,13,0,0,40,1
19466,35,191502,13,0,0,60,1
19469,59,374924,9,0,0,40,0
19471,39,338320,6,0,0,60,1
19477,20,221955,3,0,0,40,0
19478,51,180195,9,0,0,50,0
19483,23,128604,9,0,0,48,0
19484,39,277886,13,0,0,30,0
19485,50,100029,13,0,0,65,1
19487,45,160472,13,0,1977,50,1
19488,23,123983,13,0,0,40,0
19489,47,297884,6,0,0,40,0
19492,82,29441,4,0,0,5,0
19494,74,181508,9,0,0,17,0
19495,22,190625,10,0,0,35,0
19504,44,248973,13,0,0,65,0
19506,42,157562,13,0,1902,80,1
19507,58,310085,6,0,0,40,0
19510,45,204205,4,0,0,48,0
19512,52,134447,10,0,0,50,0
19516,36,367020,4,0,0,35,0
19520,17,110998,10,0,0,40,0
19522,41,223062,10,0,0,40,0
19525,42,147510,13,0,0,40,0
19526,48,235646,10,3103,0,40,1
19527,26,187577,11,0,0,55,0
19528,64,132832,9,20051,0,40,1
19532,23,145651,10,0,0,20,0
19534,30,91145,9,0,0,55,0
19539,19,417657,9,0,0,50,0
19542,26,108658,9,0,0,40,0
19545,36,164866,12,0,0,50,0
19547,30,186269,13,0,0,40,0
19548,37,286026,9,0,0,40,1
19549,30,403433,13,0,0,50,1
19550,21,224209,9,0,0,30,0
19551,73,123160,6,0,0,10,0
19554,33,231043,9,0,0,50,1
19557,34,220066,14,0,0,50,0
19558,35,180342,9,0,0,40,0
19566,19,383637,9,0,0,20,0
19569,32,159537,12,0,0,40,0
19572,74,29866,4,0,0,2,0
19575,43,220589,9,0,0,40,0
19576,22,51136,10,0,0,60,0
19578,76,28221,9,0,0,40,1
19586,50,391016,13,0,0,30,0
19588,58,111169,9,0,0,40,0
19589,43,334946,9,0,0,40,0
19591,36,173804,10,0,0,35,0
19592,56,155449,13,0,0,50,0
19593,26,73689,9,0,0,55,0
19594,23,227594,13,0,0,38,0
19595,47,161676,7,0,0,40,0
19603,37,409189,10,0,0,45,0
19604,43,111252,10,0,0,42,0
19605,59,294395,14,0,0,40,0
19608,63,111963,10,0,0,16,0
19609,45,247869,13,0,0,60,1
19611,36,356838,8,0,0,35,0
19614,41,231689,9,0,0,40,1
19615,26,209942,9,0,0,40,0
19617,33,262439,9,0,0,35,1
19618,46,283037,13,0,0,50,1
19619,79,144533,9,0,0,30,0
19620,31,83446,9,0,0,40,0
19623,40,181015,9,0,0,47,0
19625,20,195770,10,0,0,26,0
19628,36,252327,3,0,0,40,0
19629,30,116508,9,0,0,40,0
19630,36,166988,13,0,0,40,1
19631,25,374163,9,0,0,40,0
19634,49,186172,9,7688,0,45,1
19637,29,129856,11,0,0,40,0
19639,41,314322,9,0,0,40,1
19644,36,284616,10,0,0,40,0
19645,20,185554,10,0,0,25,0
19647,39,33487,7,0,0,40,0
19648,36,84306,13,5013,0,50,0
19649,40,223881,15,99999,0,70,1
19650,61,149653,9,0,0,50,0
19653,21,34506,9,0,0,35,0
19656,21,305874,10,0,0,54,0
19657,35,462890,6,0,0,50,0
19660,30,179446,9,0,0,40,0
19661,28,208965,5,0,0,40,0
19662,32,40142,13,0,0,40,1
19663,46,57452,11,0,0,40,1
19666,44,265266,6,0,0,40,0
19670,51,293196,16,15024,0,60,1
19671,45,214627,16,15020,0,40,1
19674,33,161745,11,0,0,45,0
19677,50,198103,13,0,0,40,0
19678,47,55377,9,0,0,40,0
19681,39,174330,10,0,0,40,0
19682,58,78141,9,0,0,40,1
19683,66,190324,9,0,0,18,0
19684,26,31350,7,0,0,50,0
19689,29,169815,12,0,0,50,1
19693,41,187821,9,2885,0,40,0
19698,19,25429,10,0,0,25,0
19700,39,346478,10,0,0,45,0
19703,40,168936,11,0,0,32,0
19704,43,218558,13,3325,0,40,0
19707,39,357173,12,0,0,59,0
19708,54,457237,14,0,0,40,0
19711,50,363405,13,0,0,50,1
19713,36,203482,9,0,0,40,0
19717,38,220585,9,0,0,40,0
19720,40,162108,13,0,0,50,0
19723,46,207940,10,0,0,40,1
19724,28,259351,6,0,0,40,0
19727,33,239781,1,0,0,40,0
19728,56,174351,8,0,0,40,0
19729,50,44368,9,15024,0,55,1
19731,41,50122,11,0,0,50,0
19735,49,249289,13,0,0,40,0
19739,35,465326,13,0,0,40,0
19741,38,364782,9,0,0,40,1
19742,55,198385,4,0,0,20,0
19744,17,254859,7,0,0,20,0
19745,31,203488,13,7298,0,50,1
19746,25,222800,13,0,0,40,0
19748,50,170050,4,0,0,40,0
19749,38,116580,13,0,0,20,1
19753,23,210443,13,0,0,40,0
19755,43,108945,13,0,0,48,0
19758,46,503923,9,4386,0,40,1
19759,35,340428,13,0,0,40,1
19760,46,106705,14,0,0,38,0
19762,31,235389,4,0,0,30,0
19763,27,39665,9,0,0,37,0
19767,34,197688,9,0,0,40,0
19768,44,54507,9,0,0,40,0
19769,26,117833,13,0,1669,50,0
19770,36,163396,11,0,0,40,1
19771,69,88566,5,1424,0,35,0
19772,33,323619,10,0,0,40,0
19775,25,40915,13,0,0,40,1
19777,18,131033,7,0,0,15,0
19779,20,121568,9,0,0,50,0
19780,26,139098,14,5013,0,40,0
19781,46,357338,13,0,0,40,0
19782,31,283268,13,0,0,36,0
19783,40,572751,15,5178,0,40,1
19785,31,120461,13,0,0,40,0
19786,32,65278,16,0,0,40,0
19787,23,208503,10,0,0,40,0
19789,37,265038,10,0,0,50,0
19790,18,89478,10,0,0,20,0
19792,52,366232,5,0,0,40,0
19794,37,205339,10,0,0,40,1
19799,51,199688,13,0,0,40,1
19800,55,52953,9,0,0,40,0
19801,30,221043,9,0,0,35,0
19803,45,204205,6,0,0,65,0
19809,17,263746,6,0,0,24,0
19810,47,115358,9,0,0,40,0
19812,32,282622,9,0,0,28,0
19814,63,230823,8,0,0,40,0
19818,81,137018,9,0,0,20,0
19819,36,213008,12,0,0,40,1
19821,36,165799,14,0,0,50,1
19823,46,97883,13,0,0,35,0
19825,39,57424,13,0,0,35,0
19827,23,129583,9,0,0,16,0
19829,38,182416,9,0,0,42,0
19834,39,74163,8,0,0,40,0
19835,23,60847,11,0,0,60,0
19838,41,82393,13,0,0,50,0
19842,47,214169,9,15024,0,40,1
19843,56,56331,9,0,0,32,0
19844,51,35576,9,0,0,38,0
19848,57,257200,9,0,0,40,0
19849,38,283122,9,0,0,40,1
19850,23,580248,9,0,0,40,0
19854,19,365871,4,0,0,40,0
19855,68,235882,16,0,2377,60,1
19856,43,336513,10,0,1902,40,1
19857,17,115551,7,0,0,20,0
19858,53,50048,16,7688,0,50,1
19862,31,332379,10,0,0,50,0
19872,19,100999,13,0,0,30,0
19873,39,362685,1,0,0,20,0
19877,19,182355,10,0,0,20,0
19879,25,44216,9,0,0,35,0
19881,53,209022,7,0,0,37,0
19884,61,159046,4,0,0,40,0
19887,73,247355,9,0,0,16,0
19889,23,244771,10,0,0,20,0
19890,23,215616,9,0,0,40,0
19892,45,177543,9,0,0,50,0
19895,23,373550,11,0,0,40,0
19896,30,19847,10,0,0,40,0
19897,26,189590,13,0,0,40,0
19898,37,58343,9,0,0,56,0
19899,17,354201,9,0,0,40,0
19900,31,119422,9,0,0,40,0
19904,31,247328,5,3137,0,40,0
19906,35,236910,13,0,0,60,0
19912,60,191024,9,0,0,40,0
19913,25,197728,10,0,0,40,0
19914,76,316185,4,0,0,12,0
19915,41,89226,9,0,0,40,0
19918,32,180296,10,0,0,40,0
19921,63,231777,13,0,0,40,0
19922,23,189832,12,0,0,40,0
19924,31,33308,11,0,0,40,0
19926,33,170651,9,1055,0,40,0
19927,39,343403,9,0,0,36,0
19928,53,166386,13,0,0,40,0
19931,18,104704,9,0,0,40,0
19932,34,30497,13,15024,0,60,1
19937,43,245842,9,0,0,44,0
19938,33,274222,13,7688,0,38,1
19941,55,234213,9,0,0,60,0
19944,32,344129,9,0,0,40,1
19945,62,171315,13,0,0,60,1
19947,51,255412,13,0,0,50,1
19949,45,199590,3,0,0,38,0
19950,47,84726,10,0,0,40,0
19953,43,102025,14,0,0,50,0
19957,44,100584,9,0,0,40,0
19959,40,150528,13,0,0,40,0
19960,18,107277,7,0,0,20,0
19961,33,247205,13,0,0,40,0
19962,20,291979,9,0,0,40,0
19964,48,62605,9,0,0,35,0
19967,35,267776,9,0,0,30,0
19969,30,306383,10,0,0,50,0
19971,26,291968,9,0,0,44,0
19975,37,31023,10,0,0,40,0
19977,23,407684,5,0,0,40,0
19979,44,158555,10,0,0,50,1
19980,58,140363,9,3325,0,30,0
19982,23,40060,10,0,0,40,0
19983,26,290286,9,0,0,40,0
19986,43,76487,7,0,0,40,0
19987,22,437994,10,0,0,20,0
19989,36,160120,9,0,0,40,0
19990,41,343079,13,0,1740,20,0
19992,42,37618,10,0,0,60,0
19993,27,114158,11,0,0,35,0
19995,32,353994,13,0,0,40,1
19999,19,206599,10,0,0,22,0
20007,50,217083,9,0,0,40,1
20010,28,25864,9,0,0,35,0
20011,26,109419,11,0,0,45,0
20013,32,107843,9,5178,0,50,1
20017,36,53606,11,3908,0,8,0
20019,27,588905,9,0,0,40,0
20022,37,185359,9,0,0,40,0
20023,30,173647,10,0,0,40,0
20026,25,189027,9,0,0,30,0
20027,38,296125,9,0,0,30,0
20028,32,640383,13,0,0,40,0
20033,47,142719,9,0,0,40,0
20034,23,162593,13,0,0,40,0
20035,46,236852,13,0,0,45,1
20036,28,154863,9,0,1876,40,0
20037,39,168894,13,0,0,20,0
20040,68,196782,4,0,0,30,0
20043,22,369549,10,0,0,30,0
20044,24,23438,11,0,0,30,1
20046,55,171780,12,0,0,30,0
20048,37,244341,10,0,0,40,0
20050,27,187392,9,0,0,40,0
20053,52,101752,11,0,0,56,0
20056,20,29810,10,0,0,40,0
20058,80,87518,10,0,1816,60,0
20060,63,96299,9,0,0,45,1
20062,23,200973,9,0,0,40,0
20063,66,212456,9,0,0,20,0
20068,26,78172,10,0,0,40,0
20070,33,171216,13,0,0,50,1
20075,26,95806,10,3325,0,40,0
20081,54,135840,6,0,0,45,0
20084,25,220098,9,0,0,30,0
20086,19,423863,10,0,0,35,0
20088,23,194096,13,0,0,40,0
20091,46,253116,13,0,0,40,0
20094,46,201217,9,0,0,40,0
20096,20,196745,10,594,0,16,0
20099,40,181265,10,0,0,52,0
20106,21,177711,9,0,0,40,0
20108,23,27776,10,0,0,24,0
20110,40,71738,14,0,0,46,1
20112,48,202467,13,0,1485,40,1
20115,32,169886,13,0,0,20,0
20116,40,130571,9,0,0,40,0
20117,52,90363,15,99999,0,35,1
20118,49,83444,9,0,0,40,0
20124,20,34862,10,0,0,72,0
20127,29,57596,10,0,0,40,0
20129,28,282398,10,0,0,40,1
20137,22,129934,10,0,0,40,0
20138,51,179010,10,0,0,60,0
20143,41,121718,11,0,1848,48,1
20144,62,94931,11,3411,0,40,0
20146,46,142828,9,0,0,40,1
20148,68,76371,9,0,0,45,1
20149,23,216129,12,0,0,30,0
20150,49,107425,14,0,0,35,0
20151,24,611029,6,0,0,40,0
20152,30,363032,9,0,0,40,0
20154,34,137900,9,0,0,35,0
20155,22,322674,10,0,0,40,0
20156,30,23778,4,0,0,40,0
20157,61,147845,4,0,0,31,0
20159,51,166459,11,0,0,40,0
20160,43,128212,3,0,0,40,1
20161,54,127455,10,0,0,48,1
20162,63,134699,9,0,0,25,0
20164,63,159715,6,0,0,40,0
20165,51,116286,14,0,0,60,1
20167,35,361888,12,0,0,40,1
20170,53,225768,11,0,0,40,1
20174,50,176969,9,0,1590,40,0
20175,54,33863,9,0,0,40,1
20176,62,182687,10,0,0,45,1
20177,57,141459,10,0,0,40,0
20183,22,131230,10,0,0,40,0
20185,69,185691,7,0,0,20,0
20188,28,247445,9,0,0,40,0
20189,28,199566,13,0,0,40,0
20192,61,166124,9,0,0,40,1
20193,49,82649,13,5013,0,45,0
20195,32,408328,4,0,0,40,0
20196,51,186338,9,0,0,40,1
20198,19,251579,10,0,0,14,0
20201,72,53684,10,0,0,40,0
20202,29,183627,7,0,0,40,0
20204,57,108426,9,0,0,48,0
20205,50,116287,12,0,0,60,0
20207,52,326156,10,0,0,40,1
20209,36,250791,9,0,0,48,0
20212,75,95985,3,0,0,10,0
20213,32,127651,9,0,0,40,1
20216,17,200199,7,0,0,35,0
20217,46,295791,11,0,0,38,0
20218,39,191841,12,0,0,30,0
20219,38,82622,10,0,0,40,0
20220,36,160728,9,0,0,60,0
20221,63,109849,13,0,0,21,0
20225,43,421837,10,0,0,40,0
20227,39,117381,9,0,0,62,0
20228,42,240027,9,0,0,40,0
20230,45,28359,9,0,0,10,0
20231,29,315026,9,0,0,40,0
20232,24,314525,13,0,1741,45,0
20234,44,286750,10,0,0,40,0
20235,40,163985,9,0,0,24,0
20236,30,219318,9,0,0,35,0
20238,52,103794,11,0,0,35,0
20240,39,153976,10,0,0,52,1
20247,49,101825,14,0,1977,40,1
20248,25,109009,7,0,0,40,0
20250,59,117751,12,0,0,8,0
20252,36,208358,5,4650,0,56,0
20258,24,228649,13,0,0,38,0
20259,50,386397,13,0,0,60,0
20264,64,550848,6,0,0,40,1
20267,30,159442,9,0,0,40,0
20272,19,73009,10,0,0,15,0
20273,52,177858,9,0,0,55,1
20274,42,163003,13,0,0,40,0
20275,35,95551,9,0,0,36,0
20278,37,295949,9,0,1628,40,0
20281,63,171635,13,0,0,40,0
20282,19,376240,9,0,0,42,0
20283,28,157391,13,0,0,40,0
20285,44,178134,15,0,0,40,1
20290,59,236426,12,0,0,50,0
20293,35,227571,4,0,0,40,0
20295,35,190226,9,0,0,40,0
20296,28,356555,10,0,0,48,0
20297,28,66473,9,0,0,40,0
20298,37,172256,10,0,0,20,0
20299,72,118902,16,0,2392,6,1
20301,37,89559,9,0,0,40,0
20304,41,192712,9,0,0,40,0
20305,31,381153,6,0,0,40,1
20306,44,222434,9,0,0,40,0
20308,57,47857,10,0,0,50,0
20309,26,195216,9,0,0,12,0
20310,44,103643,9,5013,0,60,0
20313,40,184105,11,0,0,40,1
20315,21,61777,10,0,0,70,0
20319,35,168675,9,0,0,50,0
20321,38,220421,13,0,0,40,0
20323,39,99065,13,0,0,40,1
20325,19,246652,10,0,0,40,0
20326,29,57423,11,0,0,48,0
20329,51,240358,10,0,0,20,0
20330,28,25955,11,0,0,40,0
20334,27,228472,13,0,0,45,1
20340,39,63910,10,0,0,40,0
20341,40,510072,13,0,0,55,1
20342,28,210867,7,0,0,40,0
20344,51,306785,9,0,0,40,0
20346,66,340734,9,0,0,40,0
20348,38,241765,7,0,0,60,0
20353,34,146589,9,0,0,40,0
20354,33,131776,13,914,0,40,0
20355,33,254221,9,0,0,40,0
20358,59,160362,9,0,0,60,0
20359,19,387215,10,0,1719,16,0
20364,59,80467,9,0,0,24,0
20369,34,146161,13,0,0,60,1
20370,23,449432,10,0,0,40,0
20377,59,67841,9,0,0,40,1
20382,57,188330,9,0,0,78,0
20383,51,146181,5,0,0,40,0
20384,21,177125,10,0,0,20,0
20391,25,186294,9,0,0,50,0
20392,43,188786,10,0,0,45,0
20393,38,31352,10,0,0,40,1
20394,22,197613,11,0,0,30,0
20395,33,161942,13,1055,0,40,0
20398,50,144968,9,0,0,15,0
20399,29,190539,13,6849,0,48,0
20403,44,242619,10,0,0,40,0
20405,25,511331,13,0,0,38,0
20406,65,221026,9,0,0,20,0
20407,56,222182,9,0,0,45,0
20408,39,126569,15,15024,0,60,1
20413,40,37997,10,0,0,50,0
20416,23,195411,9,0,0,40,0
20418,45,120131,10,0,1887,40,1
20419,20,186014,10,0,0,12,0
20420,29,205903,9,0,0,40,0
20421,43,125405,9,0,0,40,0
20423,28,19395,10,0,0,38,0
20428,66,299616,10,0,0,40,0
20433,20,174714,10,0,0,20,0
20435,33,144064,16,0,0,55,1
20436,66,107112,4,0,0,30,0
20442,31,226624,5,0,0,60,0
20444,22,22966,10,0,0,20,0
20445,52,379682,11,0,0,20,1
20446,29,446559,12,0,0,50,0
20447,18,41794,7,0,0,20,0
20449,23,125491,10,0,0,35,0
20454,24,122272,13,0,0,40,0
20457,54,137691,9,0,0,40,1
20461,23,348092,9,0,0,40,0
20462,63,154526,10,0,0,40,0
20463,67,288371,9,0,0,40,1
20466,66,102423,11,0,0,30,0
20467,25,259688,7,0,0,50,0
20468,30,98733,10,0,0,20,0
20473,34,260560,9,0,0,40,0
20474,21,370990,10,0,0,40,0
20478,51,45334,10,0,0,70,0
20479,26,229523,9,0,0,56,0
20480,18,127388,8,0,0,25,0
20481,18,395567,7,0,0,40,0
20483,59,193895,9,0,0,40,0
20484,55,163083,13,14084,0,45,1
20486,25,73895,9,0,0,10,0
20488,64,321166,13,0,0,5,0
20489,47,154940,14,0,0,45,1
20491,36,63509,12,0,0,48,1
20494,30,58597,9,0,0,44,0
20495,41,190290,9,0,0,40,0
20499,24,280134,6,0,0,49,0
20500,26,118736,13,0,0,20,0
20501,25,171114,9,0,0,48,0
20502,35,169638,10,0,0,36,0
20503,41,125461,10,0,0,40,1
20504,33,145434,7,0,0,40,0
20505,18,152182,10,0,0,25,0
20506,27,233724,9,0,0,38,0
20508,51,88120,9,0,0,40,0
20511,26,182178,10,2829,0,40,0
20513,54,174865,5,0,0,45,1
20518,29,237865,14,0,0,40,0
20527,39,113253,13,0,0,50,1
20528,20,138768,9,0,0,40,0
20529,51,302146,7,0,0,40,0
20530,68,253866,13,0,0,30,0
20531,28,214858,9,0,0,48,0
20535,41,57233,13,0,0,40,0
20536,44,228320,9,0,0,45,1
20538,46,185041,9,0,0,75,1
20539,27,37302,12,7688,0,70,1
20550,22,275385,10,0,0,25,0
20552,42,385591,9,0,0,50,1
20559,59,656036,13,0,0,60,0
20562,64,199298,4,0,0,30,0
20565,45,88265,9,0,0,40,0
20566,59,168569,9,0,1887,40,1
20567,32,175413,9,0,0,40,0
20568,43,161226,13,0,0,40,0
20570,23,208598,10,0,0,45,0
20572,32,256609,8,0,0,40,0
20573,49,176684,11,0,0,40,0
20574,33,206512,10,0,0,40,0
20581,21,434710,10,0,0,15,0
20582,25,204338,9,0,0,30,0
20583,46,241844,5,0,0,40,0
20586,44,111483,9,0,1504,50,0
20587,30,65278,9,0,0,40,1
20588,54,133403,10,0,0,40,0
20591,21,221480,10,0,0,25,0
20593,35,278403,15,0,0,80,1
20596,56,275943,10,0,0,40,0
20599,26,269060,9,0,0,40,0
20600,45,449354,10,0,0,40,0
20602,32,80058,9,0,0,40,0
20604,22,123440,10,0,0,48,0
20607,64,164204,2,0,0,53,0
20609,30,195750,9,0,0,27,0
20610,63,149756,12,0,0,40,1
20613,36,356838,16,0,0,50,0
20614,28,115705,10,0,0,50,0
20620,46,162187,13,0,0,40,1
20621,28,98010,10,0,0,40,0
20623,18,80163,10,0,0,20,0
20624,33,43959,14,7688,0,50,1
20626,56,115422,9,0,0,35,0
20629,40,20109,10,0,0,84,0
20631,22,100345,9,0,0,35,0
20634,63,127363,10,0,0,12,0
20636,37,143058,6,0,0,50,0
20637,50,36489,10,0,0,40,0
20638,22,141698,9,0,0,40,0
20647,42,201785,14,0,0,50,1
20648,33,256211,9,0,0,40,0
20649,27,146764,10,0,0,40,1
20651,29,200515,10,0,0,38,0
20655,31,348038,13,0,1902,50,1
20656,33,93930,9,0,0,50,0
20657,67,397831,10,0,1539,40,0
20658,46,33794,10,0,0,10,0
20659,45,178215,5,0,0,40,1
20661,35,340110,13,0,1848,70,1
20664,20,133515,10,0,0,40,0
20667,53,174040,10,0,0,40,0
20668,52,117700,9,0,0,40,0
20670,32,46807,9,99999,0,40,1
20672,30,425627,10,0,0,40,0
20673,34,82623,9,0,0,20,0
20677,17,160118,8,0,0,10,0
20684,31,27494,10,0,0,50,0
20685,47,368561,10,0,0,40,1
20688,52,100506,10,15024,0,50,1
20689,52,29658,9,0,0,40,0
20690,19,20469,9,0,0,12,0
20691,60,181953,9,0,0,28,0
20692,43,304175,14,0,0,50,1
20694,20,193416,10,0,0,40,0
20695,51,194908,9,0,0,40,0
20696,38,357962,5,0,0,40,0
20697,21,214716,10,0,0,10,0
20700,35,341643,13,0,0,50,0
20703,56,128900,10,0,0,40,0
20705,43,336763,10,0,880,42,0
20707,29,120986,9,0,0,65,0
20713,40,230478,12,0,0,30,0
20714,52,149650,16,0,0,40,1
20715,38,149419,11,0,0,50,0
20716,40,341539,10,0,0,30,0
20718,56,132930,14,0,0,50,1
20719,68,128472,16,0,0,55,1
20723,38,296999,13,0,0,70,0
20725,18,232024,7,0,0,55,0
20726,57,52267,14,0,0,50,1
20732,19,246226,9,0,0,40,0
20737,33,37070,14,0,0,60,0
20739,26,213258,9,0,0,65,0
20740,37,46814,13,0,0,38,0
20742,20,284737,10,0,0,20,0
20743,28,309620,10,0,0,60,0
20744,49,197418,9,0,0,20,0
20745,73,132737,6,0,0,4,0
20747,51,159604,10,0,0,40,1
20749,24,275421,11,0,0,40,0
20750,18,167147,8,0,0,24,0
20755,50,146603,15,0,0,40,1
20758,22,48121,10,0,0,25,0
20759,37,234807,13,7430,0,45,1
20767,55,120970,6,0,0,40,1
20769,25,34541,11,0,0,36,0
20772,60,121832,7,0,0,40,1
20773,37,233825,13,15024,0,50,1
20776,50,103063,13,0,0,40,1
20781,35,296738,7,6849,0,60,0
20783,49,149337,13,0,0,40,1
20784,29,36601,13,0,0,50,0
20788,52,165998,10,0,0,40,0
20789,25,218136,10,0,0,40,0
20791,46,39363,10,0,0,10,0
20795,37,207887,13,0,0,50,0
20798,47,197836,9,0,0,45,0
20802,60,146674,6,0,0,40,0
20804,57,148509,13,0,0,35,0
20805,56,136413,2,0,0,40,0
20811,63,147440,10,0,0,35,0
20814,35,225399,9,8614,0,40,1
20815,20,174391,9,0,0,40,0
20816,48,377757,6,0,0,70,0
20817,30,364310,13,0,0,40,0
20818,31,110643,13,0,0,40,1
20821,41,95047,11,7688,0,44,1
20823,27,367329,11,0,0,40,0
20826,50,125417,12,0,0,40,1
20828,37,31023,9,0,0,51,0
20829,40,397346,12,0,0,40,0
20833,51,55507,9,0,0,40,0
20834,22,291407,8,0,0,40,0
20835,18,353358,10,0,0,16,0
20836,41,67339,7,7688,0,40,1
20840,47,145290,9,0,2415,50,1
20841,24,403671,10,0,0,40,0
20844,25,267012,11,0,0,45,0
20845,33,191856,10,0,0,40,0
20850,36,274809,9,0,0,50,0
20852,34,299635,14,0,1902,50,1
20856,37,148015,13,15024,0,40,1
20857,43,122975,9,0,0,21,0
20859,48,229846,11,0,0,40,0
20860,43,108945,10,0,0,38,0
20862,57,188872,3,6497,0,40,0
20863,37,324019,12,0,0,40,0
20865,54,206964,10,0,0,40,1
20868,65,143554,10,0,0,38,0
20869,30,126242,10,0,0,40,0
20871,26,164018,13,4064,0,50,0
20872,25,210184,7,0,0,40,0
20873,35,117528,11,0,0,40,1
20876,42,220049,9,0,0,40,1
20877,39,247975,10,0,0,30,0
20880,46,219962,13,7298,0,40,1
20881,53,79324,9,0,0,40,1
20882,44,129100,7,0,0,60,0
20884,48,189462,10,7688,0,40,1
20887,35,200426,9,0,0,12,0
20888,20,24395,10,0,0,20,0
20896,20,120601,9,0,0,40,0
20897,36,130926,13,3674,0,40,0
20898,32,72338,11,0,0,40,0
20899,27,129624,13,0,0,40,1
20900,25,328697,10,0,0,45,0
20903,49,110243,13,0,0,45,1
20906,47,345493,15,99999,0,55,1
20907,24,277700,10,0,0,45,0
20911,30,142675,8,0,0,50,0
20912,19,299050,10,0,0,20,0
20914,47,121958,4,0,0,30,0
20915,41,282948,10,3137,0,40,0
20916,28,176683,12,0,0,40,0
20917,46,34377,12,0,0,40,1
20920,30,125159,13,14084,0,45,1
20926,45,186272,5,5178,0,40,1
20928,33,343925,9,0,0,40,0
20929,26,195994,10,0,0,15,0
20930,48,398843,10,0,0,35,0
20931,31,73514,9,0,0,40,0
20934,30,155343,9,5013,0,40,0
20935,33,401104,9,0,0,50,1
20936,19,124884,5,0,0,25,0
20937,37,287306,12,99999,0,40,1
20938,53,113995,13,0,0,45,1
20939,18,146378,10,0,0,40,0
20942,45,162187,13,0,0,52,1
20943,33,147654,11,0,0,60,0
20946,35,332588,9,0,0,30,0
20947,45,26781,9,0,0,8,0
20948,17,48610,7,0,0,45,0
20952,46,179048,9,0,0,35,0
20954,64,102470,9,0,0,40,0
20955,62,123170,10,0,0,10,0
20956,32,164243,9,0,0,60,1
20960,21,123727,9,0,0,40,0
20962,35,120301,10,0,0,45,0
20965,20,36235,12,0,0,40,0
20966,34,317219,10,0,0,20,1
20971,29,376680,9,0,0,40,0
20972,56,231232,13,0,0,30,0
20973,55,168625,10,0,0,12,1
20975,46,155659,10,15024,0,45,1
20976,32,190228,9,0,0,40,0
20978,27,587310,4,0,0,35,0
20979,23,155919,5,0,0,40,0
20980,59,227386,6,0,0,40,0
20985,60,88570,11,0,0,15,1
20988,27,131298,6,0,0,48,0
20989,19,386378,10,0,0,20,0
20990,38,179668,13,0,0,50,1
20993,20,215247,10,0,0,20,0
20995,22,74631,10,0,0,13,0
21000,39,245361,13,0,0,25,0
21001,79,158319,9,0,0,24,0
21003,24,314823,9,0,0,40,0
21005,37,73199,13,3137,0,77,0
21012,43,212894,9,0,0,40,0
21015,22,239806,11,0,0,40,0
21017,25,163620,9,7298,0,84,1
21019,25,129200,10,0,0,40,0
21023,30,226443,14,0,1887,45,1
21027,28,78870,13,8614,0,40,1
21029,51,183611,12,0,0,55,0
21035,50,174855,9,0,0,40,0
21036,70,173736,13,0,0,6,0
21037,32,39369,13,0,0,40,0
21040,76,97077,6,0,0,12,0
21042,32,127651,13,0,0,40,1
21043,31,315128,10,0,0,52,0
21044,31,206823,13,0,0,50,1
21050,26,109193,10,0,0,40,0
21052,34,43959,9,0,0,50,0
21054,44,27242,10,0,0,60,0
21056,36,206520,13,0,0,40,0
21057,31,164190,10,0,0,50,1
21062,39,363418,13,0,0,35,0
21063,67,182378,13,9386,0,60,1
21064,19,278870,10,0,0,16,0
21067,24,184400,9,0,0,30,0
21069,37,117381,14,0,0,45,0
21070,41,83411,9,0,0,40,0
21072,44,421449,9,0,0,40,0
21074,58,188982,9,0,0,20,1
21075,48,175925,9,0,0,48,0
21076,34,164190,13,0,0,40,0
21078,46,120121,13,0,0,50,1
21080,59,161944,13,0,0,38,0
21082,50,22428,14,0,0,40,0
21087,36,183892,9,8614,0,45,1
21088,42,195124,7,7430,0,50,1
21091,40,179717,13,0,1564,60,1
21094,59,252714,9,0,0,30,0
21095,30,205204,9,0,0,40,0
21097,30,112115,13,0,0,50,1
21099,20,202994,10,0,0,16,0
21102,47,216734,13,0,0,50,0
21103,51,182187,13,0,0,35,0
21107,20,147171,10,0,0,40,0
21111,52,188644,3,0,0,40,0
21118,34,117983,9,0,0,40,0
21119,31,345497,6,0,0,40,0
21120,24,64167,11,0,0,40,0
21121,20,315877,9,0,2001,40,0
21126,36,67317,9,0,0,40,0
21128,34,253438,10,0,0,60,1
21129,31,150309,13,0,0,70,0
21131,60,376973,9,0,0,42,1
21132,75,311184,13,0,0,24,0
21133,43,159449,10,0,0,40,0
21134,18,168288,9,0,0,40,0
21135,25,74883,13,0,1092,40,0
21137,32,189838,9,0,0,50,0
21142,48,145041,9,0,0,40,0
21143,35,46385,9,5178,0,90,1
21146,32,182556,13,0,1887,45,1
21149,22,162869,10,0,0,65,0
21152,25,366416,9,0,0,40,0
21155,50,184424,10,0,1902,38,1
21158,47,99549,10,0,0,40,0
21160,42,55764,12,0,0,40,0
21163,29,206351,6,5013,0,40,0
21164,26,282304,10,0,0,45,0
21166,45,142719,13,0,0,40,1
21170,28,196564,9,0,0,45,0
21172,21,169699,10,0,0,35,0
21176,38,257250,9,0,0,50,0
21177,20,194630,9,0,0,40,0
21178,36,398931,13,0,1485,50,1
21179,37,362062,15,99999,0,50,1
21180,44,101593,14,0,1876,42,0
21184,54,86837,9,0,1902,40,1
21186,43,116852,9,0,0,36,1
21189,44,188808,11,0,0,40,1
21191,41,187322,9,0,0,48,0
21195,35,360799,9,7298,0,40,1
21196,18,188476,7,0,0,20,0
21200,23,244408,10,0,0,24,0
21204,42,201732,10,0,0,40,1
21205,35,246829,9,0,0,40,0
21211,34,303867,5,0,0,40,0
21216,47,68493,9,0,0,40,1
21217,46,340718,7,0,0,40,0
21220,28,286310,9,0,0,40,0
21223,17,139183,6,0,0,15,0
21224,41,160785,11,0,0,40,1
21225,46,117849,10,15024,0,40,1
21228,49,164799,9,0,0,40,1
21230,44,160785,13,0,0,60,1
21231,63,272425,11,0,0,40,1
21232,40,168538,9,0,0,60,1
21234,49,142287,10,0,1902,50,1
21236,65,205024,9,0,0,8,0
21240,60,227332,11,0,0,40,0
21241,17,246308,7,0,0,20,0
21242,28,51331,12,0,0,16,1
21243,31,153078,12,0,0,50,0
21244,47,169180,14,0,0,35,0
21245,45,193451,10,0,0,45,0
21246,51,305147,13,0,0,40,0
21247,23,138892,9,0,0,40,0
21250,19,29250,10,0,0,10,0
21251,51,203953,9,0,0,40,1
21253,30,315640,16,0,1977,40,1
21255,56,282023,15,0,0,45,1
21263,22,99543,10,0,0,20,0
21264,34,117963,15,0,0,50,1
21265,27,194652,9,0,0,40,0
21266,29,299705,10,0,0,37,0
21268,47,39986,13,0,0,40,0
21271,33,118267,12,0,0,60,0
21272,29,266043,5,0,0,40,0
21274,23,74568,10,0,0,40,0
21275,39,214816,13,0,0,60,0
21277,31,259425,9,0,0,40,1
21278,47,212120,9,0,0,40,1
21281,47,79627,15,27828,0,50,1
21282,55,151474,13,0,1590,38,0
21283,26,132661,9,5013,0,40,0
21286,40,227236,9,0,0,50,0
21291,23,305498,11,0,0,40,0
21292,38,203836,3,0,0,40,0
21294,48,142719,14,0,0,40,1
21297,44,202872,10,0,0,25,0
21299,33,129707,10,0,0,50,0
21301,18,30246,10,0,0,20,0
21303,42,108506,9,0,0,60,0
21305,45,181970,9,0,1672,40,0
21306,57,282913,9,0,0,40,0
21307,59,196013,13,0,0,40,1
21309,52,416164,9,0,0,49,0
21310,17,121037,8,0,0,15,0
21312,63,147589,13,0,0,30,1
21316,55,84774,9,0,0,30,0
21319,55,211678,11,0,0,45,0
21320,44,44822,10,0,0,40,0
21322,23,119156,9,0,0,40,0
21323,25,371987,9,0,0,40,0
21326,48,121124,10,0,0,35,1
21327,46,58126,9,0,0,40,0
21328,26,318518,10,0,0,40,0
21330,32,473133,14,0,0,40,1
21332,52,99185,9,7298,0,50,1
21333,39,56648,9,0,0,47,0
21334,57,118481,13,0,1902,40,1
21335,21,321666,9,594,0,40,0
21336,22,119838,10,0,0,10,0
21337,26,330695,10,0,0,40,0
21338,26,58039,10,0,0,40,0
21339,44,313022,11,0,0,40,1
21340,42,178134,10,0,0,30,0
21342,22,216181,7,0,0,45,0
21343,62,178745,9,0,0,45,1
21345,18,163788,10,0,0,40,0
21346,33,295591,2,0,0,40,0
21347,45,123075,9,0,0,50,0
21352,68,450580,9,0,0,20,0
21356,36,20333,9,7688,0,40,1
21357,32,128714,9,0,0,32,0
21358,35,170797,13,0,0,40,0
21360,53,127671,4,0,0,40,0
21362,37,163392,9,0,0,40,0
21363,40,201495,13,0,0,45,0
21366,52,195462,9,0,0,98,1
21367,33,170769,9,0,0,40,0
21370,53,121441,10,0,0,55,0
21373,38,172571,10,0,0,58,0
21375,33,279524,9,0,0,40,0
21376,24,165201,10,0,0,45,0
21377,65,323006,9,0,0,25,0
21380,46,216414,10,0,0,40,1
21381,37,34378,4,2580,0,60,0
21382,47,80914,14,0,0,47,1
21385,90,52386,10,0,0,35,0
21389,44,187720,10,0,0,50,1
21390,52,236180,13,0,0,50,0
21391,21,118693,10,0,0,40,0
21394,59,243612,9,0,0,40,0
21396,49,234320,4,0,0,45,0
21399,32,209184,13,0,0,40,0
21402,50,71417,9,3103,0,40,1
21403,34,45522,9,0,0,40,0
21411,40,217120,6,0,0,50,0
21414,57,44273,9,0,0,40,0
21416,42,219288,4,0,0,40,0
21420,40,270324,11,0,0,30,0
21421,38,33001,13,0,0,55,1
21422,58,204021,9,0,0,40,0
21424,57,372967,6,0,0,70,0
21426,42,195821,9,0,0,40,0
21427,28,56179,10,2174,0,55,0
21429,39,124090,5,0,0,40,0
21431,42,255847,9,4386,0,48,1
21433,27,167336,10,0,0,39,0
21434,41,59938,9,0,0,43,0
21435,28,263728,13,0,0,40,0
21439,47,190139,14,0,0,40,1
21442,32,194987,9,0,0,40,0
21443,32,87310,9,0,0,41,0
21444,27,133937,14,0,0,40,0
21445,29,207064,9,0,0,40,1
21448,49,194895,10,7298,0,40,1
21449,58,49884,9,0,0,50,0
21452,21,64520,9,0,0,55,0
21454,37,305379,13,0,0,50,1
21456,42,99185,10,0,0,40,1
21458,67,197865,10,0,0,40,0
21459,41,175149,9,0,0,38,0
21460,49,349633,14,0,0,50,1
21461,36,135293,13,1506,0,45,0
21462,18,242893,7,0,0,35,0
21463,25,218667,3,0,0,40,0
21465,38,146091,16,99999,0,36,1
21472,17,156501,8,0,0,16,0
21473,32,207668,13,15024,0,45,1
21478,63,275034,13,0,1740,35,0
21484,17,137042,6,0,0,20,0
21485,30,33308,9,0,0,40,0
21487,22,41763,10,0,0,25,0
21488,53,220640,13,0,0,20,0
21489,28,149734,9,0,0,52,0
21490,25,262245,11,3418,0,40,0
21491,24,349691,10,0,0,40,0
21492,47,185385,6,0,0,40,1
21495,63,445168,13,0,0,56,0
21498,36,214816,9,0,0,40,0
21499,24,229773,13,0,0,40,0
21500,51,166386,13,0,0,35,0
21502,18,300379,8,0,0,12,0
21507,51,162944,9,0,0,40,0
21511,20,161978,10,0,0,20,0
21513,57,323309,4,0,0,40,0
21516,22,271274,7,0,0,40,0
21518,21,209483,10,0,0,20,0
21519,39,99146,13,0,1887,60,1
21524,50,202296,11,0,0,40,0
21525,58,142182,9,0,0,25,0
21527,30,41493,10,0,0,35,0
21530,52,41496,10,0,0,45,0
21532,36,196529,14,0,0,40,1
21533,24,157332,10,0,0,42,0
21534,30,154935,12,0,0,40,0
21536,35,253860,9,0,0,20,0
21538,28,94880,10,0,0,43,0
21540,18,130389,7,0,0,20,0
21543,42,179557,10,0,0,40,0
21544,21,105577,10,0,0,30,0
21546,27,47907,13,0,0,40,0
21549,22,186569,13,0,0,12,0
21550,59,43221,5,0,0,60,1
21552,20,203003,9,0,0,40,0
21553,90,141758,5,0,0,40,0
21556,45,214068,16,0,0,50,1
21558,23,240160,12,0,0,40,0
21559,34,516337,7,0,0,40,0
21560,23,284651,13,0,0,43,0
21561,39,141420,10,0,0,40,0
21564,40,167265,14,0,0,43,0
21566,31,236415,10,0,0,20,1
21567,25,312966,5,0,0,40,0
21568,33,118941,13,0,0,32,1
21569,32,198068,9,0,0,60,0
21570,36,373952,6,0,0,40,0
21574,35,319831,10,0,0,60,0
21575,77,132728,14,0,0,45,0
21576,30,137606,9,5013,0,40,0
21577,35,61343,9,0,0,40,0
21581,41,323790,9,0,0,55,0
21583,21,180339,10,0,0,25,0
21584,19,125591,10,0,0,40,0
21588,38,204668,11,0,0,25,0
21589,26,273792,10,0,0,20,0
21592,36,177907,16,0,0,40,1
21598,37,227128,3,0,0,40,0
21601,28,230704,9,0,0,40,0
21602,24,267955,5,0,0,20,0
21607,59,194290,9,0,0,48,0
21608,52,145548,12,0,0,40,1
21609,27,175262,13,0,0,40,0
21610,45,37306,13,0,0,45,1
21612,53,276515,13,0,0,40,0
21614,35,215310,7,0,0,40,0
21617,25,391591,8,0,0,40,0
21618,47,169092,14,0,0,50,1
21621,74,204840,3,0,0,56,0
21622,19,169853,9,0,0,24,0
21623,28,212091,9,2580,0,40,0
21624,31,202822,10,0,0,40,0
21626,30,140011,11,0,0,53,0
21627,20,432376,10,0,0,40,0
21628,35,90273,4,0,0,40,1
21629,23,224424,13,0,0,40,0
21630,25,168943,13,0,0,30,1
21637,38,204756,9,0,0,40,0
21639,33,163392,9,0,0,48,1
21640,54,138845,10,0,0,40,0
21643,60,224097,9,0,0,40,0
21644,28,160786,9,0,0,40,0
21645,43,190044,9,0,0,40,0
21646,49,145290,3,0,0,40,0
21647,25,120268,13,0,0,70,0
21649,41,218302,13,0,0,60,1
21650,30,1184622,10,0,0,35,0
21652,25,206343,9,0,0,40,0
21655,55,157079,10,0,0,40,1
21659,46,163229,4,0,0,40,0
21660,59,179594,9,0,0,40,0
21668,24,119704,9,0,0,40,0
21671,31,147215,8,0,0,21,0
21673,63,216413,13,0,0,25,0
21677,17,265657,7,0,0,25,0
21678,23,258298,13,0,2231,40,1
21682,25,233777,9,0,0,40,0
21684,32,340940,13,0,0,40,0
21685,29,88432,11,0,0,50,0
21687,90,51744,14,0,0,50,1
21690,60,227266,9,0,0,33,0
21691,21,146499,11,0,1579,40,0
21692,71,337064,14,0,0,40,0
21694,50,117791,9,0,0,40,0
21695,37,172846,10,0,0,45,1
21697,74,211075,9,0,0,30,0
21698,67,197816,10,0,1844,70,0
21699,59,43221,10,0,0,43,1
21700,28,183780,9,0,1740,40,0
21708,29,95423,14,0,0,36,0
21711,46,328669,11,0,0,42,0
21712,51,143741,10,0,0,40,1
21716,52,310045,5,0,0,30,0
21719,37,61299,10,0,0,45,0
21720,33,113364,9,0,0,40,0
21723,35,48123,8,0,0,50,0
21725,48,115585,13,0,0,40,0
21727,18,23233,6,0,0,40,0
21728,20,89991,10,0,0,32,0
21730,19,237455,9,0,0,25,0
21731,21,206492,9,0,0,40,0
21733,28,153475,13,0,0,16,0
21734,45,275517,9,0,0,40,0
21735,32,128002,11,0,0,45,0
21736,44,175485,13,0,0,12,0
21737,55,189664,9,0,0,40,1
21739,33,176992,14,0,0,40,1
21742,28,375482,13,0,0,40,0
21743,39,102953,13,7298,0,55,1
21745,47,184005,9,3325,0,45,0
21746,49,30751,11,0,0,60,0
21747,22,145477,9,0,0,40,0
21749,44,49249,10,0,0,80,0
21753,23,319842,10,0,0,25,0
21754,44,332401,15,99999,0,65,1
21756,23,205939,9,0,0,38,0
21759,51,254211,13,0,0,20,1
21760,41,151504,13,7688,0,50,1
21761,61,85548,10,15024,0,18,1
21763,22,131230,13,0,0,40,0
21765,49,227800,4,0,0,32,0
21767,38,104094,10,0,0,40,0
21771,62,200577,14,0,0,45,1
21773,55,193895,9,0,0,40,0
21774,25,272428,9,4416,0,42,0
21777,43,266439,9,0,0,45,0
21781,25,277444,13,0,0,50,0
21784,21,221955,9,0,0,40,0
21785,40,197923,13,2977,0,40,0
21787,20,205970,10,0,0,25,0
21789,18,201901,7,0,0,10,0
21792,48,94461,9,0,0,16,0
21800,19,227491,9,0,0,40,0
21802,44,193494,10,0,0,72,1
21803,27,29261,12,0,0,40,0
21805,69,108196,6,0,0,40,0
21808,37,130277,3,0,0,40,0
21809,43,98130,13,0,0,39,0
21811,34,595000,14,0,0,40,1
21812,31,349148,10,0,0,48,0
21814,26,164583,9,0,0,30,0
21816,25,49092,13,0,0,40,0
21817,54,186884,10,0,0,30,0
21819,34,34104,14,7688,0,38,1
21822,33,158416,9,0,0,40,0
21826,21,38771,10,0,0,40,0
21828,43,111483,10,7298,0,40,1
21830,51,33863,14,0,0,45,0
21834,18,703067,7,0,0,20,0
21839,38,114079,9,0,0,44,0
21841,27,292472,10,0,0,40,1
21842,64,286732,4,0,0,40,0
21843,38,134444,10,0,0,72,0
21845,46,191357,13,0,0,40,0
21847,60,389254,9,0,0,40,1
21848,30,303867,9,0,0,44,0
21849,47,164113,10,7688,0,40,1
21850,39,111499,13,0,0,40,0
21852,27,61580,10,0,0,40,0
21855,54,205337,13,0,0,50,1
21858,59,116442,10,0,0,50,0
21863,33,172664,10,0,0,70,1
21864,27,329005,9,0,0,40,0
21866,55,81865,11,0,0,40,0
21869,57,159028,15,99999,0,60,1
21871,78,363134,9,0,0,1,0
21872,28,308709,13,0,0,48,0
21874,29,168479,14,0,0,40,1
21875,66,142501,9,0,0,3,0
21879,24,200997,9,0,0,45,0
21880,29,176683,13,0,0,50,1
21881,44,376072,9,0,0,45,1
21883,59,348430,13,0,1902,43,1
21885,23,38151,7,0,0,40,0
21887,39,151029,9,0,0,40,1
21888,39,484475,7,0,0,40,0
21890,35,148903,9,0,0,40,0
21892,47,176319,9,0,0,38,1
21897,28,224964,9,0,0,25,0
21898,26,306225,13,0,0,40,0
21900,32,94041,9,0,0,25,0
21901,49,187563,10,0,0,50,1
21906,54,105010,13,0,0,40,1
21910,46,199316,10,0,0,40,0
21912,56,174744,9,0,0,40,0
21913,45,189564,14,0,0,1,0
21915,51,146574,14,0,0,50,1
21918,19,63363,10,0,0,30,0
21921,35,176756,8,0,0,40,0
21923,57,138892,7,0,0,15,0
21926,34,249948,10,0,0,34,0
21927,46,31141,10,0,0,40,0
21931,35,199753,9,0,0,48,0
21936,41,140590,10,0,0,33,0
21938,33,260782,10,0,0,41,1
21939,38,169926,12,0,1902,40,1
21943,31,86958,5,0,0,40,0
21945,33,192644,9,0,0,35,0
21946,72,284080,2,0,0,40,0
21949,51,306108,16,0,0,40,1
21950,30,220148,9,0,1848,50,1
21951,30,381645,13,0,0,50,0
21957,19,129620,6,0,0,30,0
21965,24,152189,9,0,0,40,0
21968,71,250263,10,3432,0,30,0
21970,32,131379,9,0,0,40,0
21973,31,79190,9,0,0,35,0
21974,40,342164,9,0,0,37,0
21976,63,339473,10,0,0,60,0
21977,31,381153,10,15024,0,56,1
21980,23,149224,9,0,0,40,0
21983,39,305597,9,0,0,40,1
21985,30,188798,9,0,0,40,0
21987,31,459465,10,0,0,50,0
21990,37,129573,16,0,0,72,1
21993,47,55272,10,0,0,40,1
21994,38,164526,15,0,2824,45,1
21996,19,165289,10,0,0,40,0
21998,24,317175,13,0,0,45,1
21999,39,163237,10,0,0,65,0
22007,20,161978,9,0,0,40,0
22008,45,543922,14,14344,0,48,1
22009,46,109089,15,0,0,40,1
22012,47,118506,13,0,0,60,0
22015,49,200471,2,0,0,40,0
22018,30,174704,7,0,0,40,0
22019,23,179413,9,0,0,40,0
22021,31,273818,10,0,0,55,0
22024,60,282660,4,0,0,40,0
22025,30,72630,13,0,0,50,0
22027,20,203240,5,0,0,32,0
22037,50,69345,11,3103,0,55,1
22040,46,318259,11,0,0,36,0
22041,21,117606,10,0,0,40,0
22044,20,190457,9,0,0,30,0
22047,62,97231,10,0,0,1,0
22049,49,420282,10,0,0,40,0
22050,48,498325,12,0,0,50,0
22059,18,120029,10,0,0,20,0
22061,41,342164,10,0,0,15,0
22063,23,133239,11,0,0,40,0
22064,26,169101,10,0,0,40,0
22065,33,159442,13,0,0,40,0
22066,24,174461,10,0,0,45,0
22067,43,361280,6,0,0,42,0
22072,35,212465,9,0,0,40,1
22073,45,170871,9,15024,0,55,1
22074,43,233865,9,0,0,40,1
22075,51,163052,9,0,0,40,1
22077,47,34845,13,0,0,45,1
22083,42,202466,12,0,0,45,0
22084,27,224421,10,0,0,40,0
22085,23,236804,10,0,0,35,0
22088,17,221403,8,0,0,18,0
22098,35,241126,14,0,0,40,1
22099,36,176544,10,0,0,48,0
22100,45,169180,10,0,0,45,0
22102,53,157069,12,0,0,40,1
22107,24,220426,9,0,0,40,0
22108,54,115912,10,0,0,40,0
22114,26,128553,10,0,0,40,0
22117,41,93793,14,0,0,38,1
22118,30,133602,13,0,0,40,0
22119,19,391329,10,0,0,30,0
22121,22,203894,10,0,0,24,0
22122,50,196193,14,0,0,60,0
22124,18,50879,6,0,0,6,0
22125,21,186849,9,0,0,40,0
22126,47,201127,10,0,0,50,0
22127,33,110998,9,0,0,36,0
22134,25,394820,10,0,0,20,0
22135,40,37618,10,0,0,40,0
22136,73,29306,9,0,0,40,0
22139,20,482732,6,0,0,40,0
22140,20,206215,9,0,0,40,0
22141,27,101364,9,0,0,40,0
22142,66,185369,6,0,0,30,0
22143,66,216856,14,0,0,50,0
22144,64,256019,14,0,0,35,0
22147,51,25932,9,0,0,60,0
22150,50,86373,9,0,0,50,0
22152,34,190290,13,0,0,38,1
22154,30,45796,10,0,0,40,0
22158,37,323155,2,0,0,85,0
22160,19,414871,9,0,0,40,0
22161,28,161607,10,0,0,45,0
22166,43,133060,9,0,0,40,0
22167,29,35032,9,0,0,40,0
22169,64,50442,5,0,0,40,0
22170,39,146091,13,0,0,20,1
22171,26,267431,13,0,0,20,0
22173,21,192572,9,0,0,45,0
22174,32,211028,10,0,0,40,0
22175,30,346122,12,5013,0,45,0
22177,20,159297,10,0,0,15,0
22178,19,310158,10,0,0,30,0
22180,23,200089,10,0,0,40,0
22182,42,76280,9,0,0,40,0
22183,30,243665,9,0,0,50,0
22187,48,186203,9,0,0,50,0
22188,25,257910,13,0,0,50,0
22190,55,124975,9,27828,0,55,1
22191,32,227669,10,0,0,40,0
22192,22,117210,10,0,0,25,0
22194,18,98667,7,0,0,16,0
22195,24,155818,10,0,0,44,0
22196,29,283760,13,0,0,40,0
22198,39,186183,9,0,0,40,1
22203,33,126950,9,0,0,60,0
22207,42,259643,14,4650,0,40,0
22209,21,134746,10,0,0,35,0
22210,42,120539,13,0,0,50,1
22212,41,63596,10,0,0,32,1
22215,44,206686,10,0,0,40,0
22217,52,218550,10,14084,0,16,1
22218,71,163385,10,0,0,35,1
22221,53,152373,10,0,0,48,1
22222,37,161226,9,0,0,30,1
22223,26,213799,6,0,0,40,0
22230,24,301199,10,0,0,20,0
22232,23,203924,13,0,0,50,0
22233,27,192236,13,0,0,45,0
22238,31,106753,11,0,1740,40,0
22243,38,107164,10,0,0,40,0
22244,36,189674,9,0,0,28,0
22247,45,242552,8,0,0,35,0
22248,21,90935,11,0,0,40,0
22249,64,165667,16,7688,0,60,1
22250,32,162604,9,0,0,40,0
22254,32,165226,9,0,0,40,0
22255,49,115784,9,0,0,40,0
22257,28,53063,13,0,0,45,0
22258,29,134566,16,0,0,50,1
22260,37,107164,6,0,2559,50,1
22261,38,180303,13,0,0,50,1
22262,44,236321,9,0,0,25,0
22263,19,141868,9,0,0,40,0
22264,22,367655,10,0,0,40,0
22266,58,119558,9,0,0,50,1
22267,56,108276,13,0,0,40,0
22269,43,162003,10,0,0,40,0
22276,26,150361,10,0,0,40,0
22277,20,293091,7,0,0,60,0
22278,24,200089,9,0,0,60,1
22281,79,84616,7,0,0,7,0
22283,51,44000,14,99999,0,50,1
22287,33,93206,3,0,0,40,0
22289,51,114927,11,7298,0,40,1
22294,31,133861,11,0,0,40,0
22296,67,183374,9,2329,0,15,0
22298,39,140752,9,0,0,50,1
22301,57,190554,6,0,0,60,1
22304,34,297094,9,0,0,40,0
22305,52,170562,9,0,0,60,1
22306,29,240738,9,0,0,40,1
22308,25,169905,10,0,0,40,0
22309,21,149637,10,0,0,40,0
22310,38,182526,13,0,0,40,0
22314,41,286970,13,0,0,40,0
22315,27,223529,11,0,0,43,0
22316,78,316261,13,99999,0,20,1
22318,26,224361,4,0,0,75,0
22323,43,150533,9,0,0,68,1
22324,25,144478,10,0,0,40,0
22325,22,254547,10,0,0,30,0
22326,52,313243,9,0,0,55,1
22329,21,306967,11,0,0,40,0
22330,44,192976,9,0,0,40,0
22332,56,131608,9,0,0,10,0
22334,22,203240,6,0,0,40,0
22338,37,410913,9,0,0,40,0
22339,56,193818,5,0,0,40,0
22340,35,163582,6,0,0,16,0
22342,31,34572,13,0,0,55,0
22347,47,56482,10,7688,0,50,1
22350,37,259284,9,0,0,50,0
22354,58,44246,5,0,0,40,0
22356,52,133403,10,0,0,55,0
22364,25,60485,10,0,0,30,0
22366,56,229525,5,0,0,40,0
22368,19,112432,10,0,0,10,0
22369,20,105312,10,0,0,18,0
22371,34,304872,5,0,0,40,0
22373,55,176012,5,0,0,23,0
22374,31,213750,10,0,0,45,0
22376,31,351187,9,0,0,40,0
22378,59,50223,9,0,0,40,0
22379,58,117477,9,0,0,36,0
22380,40,194360,5,0,0,40,0
22382,25,90730,13,0,1977,40,1
22386,37,168475,9,0,0,40,1
22387,46,174386,9,0,0,24,0
22389,19,375114,9,0,0,40,0
22390,41,373469,12,0,0,40,0
22392,39,91711,14,0,0,40,1
22393,41,82049,9,0,0,40,1
22394,26,236242,15,0,0,30,0
22396,33,34080,10,0,0,40,1
22397,56,204816,10,0,0,40,1
22400,58,175127,8,0,0,40,0
22403,18,71792,9,0,0,40,0
22404,56,87584,9,0,0,40,0
22405,48,136878,9,0,0,60,1
22406,40,287983,13,0,2258,48,0
22410,63,88653,10,0,0,40,0
22412,22,291547,3,0,0,40,0
22413,44,45093,9,0,0,70,0
22415,64,211222,13,0,0,40,0
22416,32,295117,13,0,0,40,1
22419,21,29810,9,0,0,50,0
22420,30,108023,10,0,0,40,0
22424,28,191177,14,0,0,20,1
22425,57,562558,9,0,0,40,0
22428,58,204816,10,0,0,60,1
22430,39,167482,12,0,0,50,1
22433,46,236827,5,0,0,40,0
22437,20,308239,10,0,0,16,0
22438,55,183884,9,0,0,45,0
22443,28,179512,9,0,0,50,0
22444,25,391192,10,0,0,24,0
22445,31,87054,9,0,0,50,0
22446,51,30008,9,0,0,60,0
22447,24,113466,13,0,0,40,0
22449,23,182117,10,0,0,40,0
22452,47,170850,9,4064,0,60,0
22453,56,435022,10,0,0,50,0
22454,79,120707,16,20051,0,35,1
22455,20,170800,10,0,0,15,0
22457,27,269354,13,0,0,25,0
22459,60,153072,9,0,0,5,0
22460,58,177368,9,0,0,40,1
22464,33,207267,6,3418,0,35,0
22466,33,176711,12,0,0,50,0
22468,33,394727,6,0,0,40,0
22470,32,443546,9,0,0,45,0
22473,38,258888,10,0,0,35,1
22476,21,337766,10,0,0,40,0
22477,42,210525,10,0,0,20,1
22480,32,251243,10,0,0,50,1
22482,28,119793,13,0,0,40,0
22483,37,181705,11,0,0,40,0
22484,50,182360,9,0,0,60,0
22485,49,61885,7,0,0,40,0
22487,40,323790,10,0,0,40,0
22491,24,88126,9,0,0,40,0
22492,41,143046,14,0,0,40,0
22494,36,283122,9,0,1902,60,1
22495,84,155057,13,0,0,20,0
22496,23,260254,9,0,0,40,0
22497,41,152292,13,0,0,50,1
22500,46,175262,12,0,0,40,0
22503,54,163815,14,0,0,60,0
22505,52,74784,14,0,0,40,1
22506,36,383518,10,99999,0,40,1
22509,24,336088,9,0,0,50,0
22510,36,190350,9,0,0,40,0
22512,66,31362,10,0,0,20,0
22513,90,155981,13,10566,0,50,0
22516,47,26994,10,0,0,35,0
22517,32,116539,13,0,1887,55,1
22519,32,101283,9,0,0,35,0
22520,48,113598,10,0,0,40,0
22529,56,83196,9,0,0,50,0
22530,24,325596,13,0,0,35,0
22532,23,193949,13,0,0,60,0
22534,42,113324,9,0,0,40,0
22536,53,152810,6,0,0,40,0
22540,24,150084,10,0,0,60,0
22541,42,341204,9,0,0,40,0
22543,23,204209,10,0,0,10,0
22544,42,206066,14,0,0,65,0
22547,31,56026,9,0,0,40,0
22550,24,86745,13,0,0,40,0
22551,55,234327,10,0,0,40,0
22559,52,305053,9,0,2051,40,0
22561,53,320510,6,0,0,40,0
22565,41,149385,9,0,0,30,0
22566,19,169324,10,0,0,10,0
22568,25,557082,9,0,0,38,0
22571,35,317153,9,0,0,40,0
22572,50,95469,9,7298,0,45,1
22579,70,176285,9,0,0,23,0
22585,58,194068,14,0,1977,50,1
22586,22,250647,10,0,0,12,0
22587,33,477106,9,0,0,40,0
22588,27,104329,7,0,0,40,0
22589,35,224566,10,0,0,60,0
22590,32,169841,10,0,0,55,0
22593,17,132755,7,0,0,15,0
22594,50,279129,13,0,0,55,1
22595,31,86143,9,0,0,40,0
22600,38,189404,9,0,0,35,0
22606,48,102112,12,0,0,50,1
22607,41,226505,9,0,0,40,0
22608,24,211527,13,0,0,30,0
22609,20,175069,10,0,0,40,0
22614,34,41809,10,0,0,40,0
22615,36,297449,13,14084,0,40,1
22616,46,141483,9,0,0,40,0
22622,31,269654,13,0,0,48,0
22623,70,293076,10,0,0,30,0
22625,46,80057,9,0,0,40,1
22627,21,223811,11,0,0,40,0
22629,23,189461,9,0,0,55,0
22632,19,263224,7,0,0,30,0
22633,44,280362,12,0,0,40,1
22634,29,301031,9,0,0,40,0
22636,36,254493,10,0,0,44,0
22637,49,204241,13,0,0,45,0
22640,75,113868,16,0,0,20,1
22643,51,86373,13,0,0,25,0
22644,61,176753,9,0,0,48,0
22645,33,164707,12,2174,0,55,0
22646,50,370733,9,0,0,40,0
22647,59,216851,9,0,0,40,0
22652,35,63509,11,0,0,50,0
22656,50,105010,9,0,2051,20,0
22660,61,230568,13,0,0,40,1
22662,40,71305,9,0,0,40,0
22663,58,189933,10,0,0,65,1
22668,64,149044,14,0,2057,60,0
22671,44,315406,7,0,0,88,0
22673,33,208785,10,10520,0,40,1
22674,37,196338,5,0,0,16,0
22675,34,269243,10,0,0,40,0
22680,20,132320,9,0,0,45,0
22681,22,471452,13,0,0,8,0
22685,20,95997,9,0,0,70,0
22686,40,247245,5,0,0,40,0
22688,54,95329,10,0,0,50,0
22689,24,107882,9,0,0,40,0
22692,49,233059,9,0,0,60,0
22693,17,226980,8,0,0,17,0
22694,34,181087,11,0,0,45,0
22696,49,311671,10,0,0,40,1
22697,74,129879,9,15831,0,40,1
22699,20,115824,7,0,1573,40,0
22701,34,50276,13,27828,0,40,1
22702,30,177216,15,0,1740,40,0
22703,44,228057,9,0,0,40,0
22709,19,121972,9,0,0,40,0
22715,54,199307,10,0,0,48,0
22716,40,205175,9,0,0,37,0
22718,17,191260,7,594,0,10,0
22720,80,249983,4,0,0,24,0
22722,28,338376,13,0,0,40,0
22723,55,334308,9,0,0,30,1
22724,21,133471,10,0,0,40,0
22725,51,129177,9,0,0,38,0
22726,19,178811,9,0,0,40,0
22727,42,178537,9,0,0,24,0
22729,20,298155,10,0,0,40,0
22732,37,191779,10,0,0,40,0
22734,42,170230,14,14084,0,60,1
22737,33,403552,9,0,0,32,0
22738,62,218009,9,0,1977,60,1
22739,47,179313,6,0,0,30,0
22741,59,426001,9,0,0,20,0
22742,70,176493,10,0,0,17,0
22743,26,124068,10,0,0,20,0
22744,47,108510,6,0,0,65,0
22746,52,173754,15,15024,0,60,1
22751,22,117363,13,0,0,35,0
22753,54,108933,9,0,0,35,0
22757,41,210259,14,0,0,40,0
22759,43,303051,11,15024,0,40,1
22761,26,192262,13,0,0,45,0
22762,49,192349,14,4650,0,40,0
22765,54,51048,9,0,0,40,1
22766,53,246562,3,0,0,40,1
22767,57,215175,14,0,0,60,0
22768,28,114967,13,0,0,40,1
22770,21,451996,9,0,0,40,0
22771,51,138852,9,0,0,40,0
22773,50,321822,15,0,0,75,1
22774,50,324506,9,0,0,48,0
22781,39,194404,14,7688,0,40,1
22785,23,33105,10,0,0,40,0
22786,37,147638,13,0,0,36,0
22793,37,188774,13,0,0,55,1
22795,45,202496,13,0,0,37,0
22796,61,134768,10,0,0,40,0
22798,24,194748,9,0,0,49,0
22799,49,61307,4,0,0,38,0
22801,34,325658,9,0,0,40,0
22803,20,505980,10,0,0,40,0
22804,30,185336,10,0,0,37,0
22805,49,362795,14,99999,0,80,1
22806,26,126829,10,0,0,40,0
22812,31,128220,4,0,0,35,0
22816,25,169905,11,27828,0,40,1
22817,34,157289,9,0,0,40,0
22819,44,171424,10,0,2205,35,0
22822,55,177484,7,0,1672,40,0
22823,17,454614,7,0,0,8,0
22824,75,242108,9,2346,0,15,0
22828,48,246891,10,0,0,50,1
22830,30,203834,13,0,0,50,0
22832,25,240676,10,0,0,40,0
22833,37,192939,9,0,0,40,0
22836,34,144949,6,0,0,45,1
22838,31,357954,12,0,0,20,0
22841,26,203279,15,2463,0,50,0
22844,49,144844,9,0,0,52,1
22846,26,55743,9,0,0,30,0
22851,28,123983,10,0,0,63,0
22853,64,183513,9,0,0,25,0
22854,42,119281,13,0,0,60,1
22857,39,211440,13,0,0,50,1
22858,41,359259,9,0,0,40,0
22859,51,125796,7,0,0,40,0
22861,33,111567,14,0,1902,45,1
22862,23,44064,10,0,2559,40,1
22863,35,120066,10,0,0,60,0
22866,41,166813,10,0,0,55,0
22867,33,40444,10,0,0,40,0
22871,77,72931,4,0,0,20,1
22872,33,234542,11,0,0,40,0
22873,66,284021,9,0,0,40,0
22874,19,277974,10,0,0,35,0
22875,44,111275,9,0,0,38,0
22876,45,191776,14,25236,0,42,1
22877,28,125527,10,0,0,50,0
22882,44,216116,9,0,0,40,0
22885,41,406603,9,0,0,6,0
22887,48,240629,9,0,0,40,1
22890,45,127111,14,0,0,55,1
22891,29,178272,9,0,0,40,0
22892,66,75134,9,0,0,25,0
22894,23,221955,5,0,0,39,0
22896,39,182828,14,0,0,45,0
22897,33,270889,9,0,0,60,0
22898,43,183096,10,0,0,10,0
22899,27,336951,9,0,0,99,0
22904,38,190776,12,0,0,40,0
22906,72,473748,10,0,0,25,1
22907,20,163003,9,0,0,15,0
22911,20,227554,10,0,0,18,0
22913,46,214955,12,0,0,40,0
22917,54,152652,9,0,0,65,0
22919,31,114639,11,0,0,50,0
22921,18,128538,10,0,0,6,0
22925,58,178644,9,0,0,40,0
22931,28,265628,11,0,0,40,0
22932,34,173495,9,0,0,40,0
22933,29,177413,9,0,0,40,1
22934,39,31670,9,0,0,65,0
22942,51,306784,9,4386,0,40,1
22943,21,434102,10,0,0,40,0
22945,31,181824,13,0,1902,35,1
22947,58,87329,7,0,0,48,0
22950,31,37546,13,0,1902,35,1
22951,19,27433,7,0,0,40,0
22952,38,393945,11,0,0,36,0
22953,26,173927,11,0,0,60,0
22954,38,343403,12,0,0,16,0
22956,40,193882,9,0,0,45,1
22959,33,113364,9,0,0,45,0
22962,34,115488,9,0,0,40,0
22964,25,279667,6,0,0,45,0
22968,26,391349,13,0,0,40,0
22972,28,61487,9,0,0,40,0
22973,19,120251,9,0,0,14,0
22975,36,358373,9,0,0,36,0
22977,22,234880,10,0,0,25,0
22979,36,96452,13,0,0,45,0
22981,57,375868,14,0,0,40,0
22982,56,413373,4,0,0,36,0
22983,24,537222,9,0,0,50,0
22985,51,162327,7,0,0,40,0
22987,36,300829,12,0,0,42,0
22989,46,214627,16,0,0,60,1
22990,42,129684,9,5455,0,50,0
22991,25,120041,13,0,0,40,0
22992,22,361138,9,0,0,50,0
22993,37,76893,9,0,0,40,0
22995,61,176839,13,15024,0,50,1
22996,40,229148,8,0,0,40,0
22997,58,154537,9,0,0,20,1
23002,63,66634,5,0,0,16,0
23003,38,180220,9,0,0,60,0
23004,31,291052,10,0,2051,40,0
23007,28,32291,13,2174,0,40,0
23008,31,345122,15,14084,0,50,1
23014,21,152328,10,0,0,20,0
23015,33,177824,9,0,0,40,0
23019,36,218490,12,0,0,35,0
23021,61,213321,10,0,1672,40,0
23025,34,24961,9,0,0,80,0
23026,21,182117,10,0,0,15,0
23032,54,269068,15,99999,0,50,1
23034,61,198542,13,0,0,40,0
23037,20,221661,9,0,0,40,0
23039,47,121124,13,0,0,40,1
23041,41,48087,4,0,1590,40,0
23042,53,240138,9,0,0,60,0
23044,44,104196,14,0,0,45,1
23045,37,230035,9,0,0,46,1
23046,28,38918,10,0,0,50,1
23047,71,205011,10,0,0,10,0
23048,57,176079,9,0,0,40,0
23050,33,173005,13,0,1848,45,1
23052,20,233624,9,0,0,40,0
23053,28,192591,13,0,0,45,0
23055,20,247564,9,0,0,35,0
23056,34,238912,9,0,0,40,0
23058,29,293287,10,0,0,40,0
23060,39,250217,9,0,0,70,0
23062,22,137510,9,0,0,40,0
23063,59,163047,10,0,0,38,0
23065,22,221533,9,0,0,20,0
23066,42,255675,10,0,0,40,1
23067,39,114079,12,0,0,40,0
23071,67,217028,14,0,0,40,0
23072,17,110723,7,0,0,25,0
23073,47,191858,12,0,0,40,1
23074,23,179423,13,0,0,5,0
23075,20,339588,9,0,0,40,0
23078,49,235683,10,0,0,40,1
23081,52,424012,10,0,0,40,0
23085,59,325732,9,0,1902,52,1
23087,18,118376,10,0,0,15,0
23090,40,190621,10,0,0,55,0
23093,40,264663,13,0,0,60,0
23094,22,234731,9,0,0,40,0
23096,45,205644,9,0,0,26,0
23097,47,321851,13,0,0,50,1
23098,56,206399,9,0,0,40,0
23101,17,130795,6,0,0,20,0
23103,32,319280,12,0,0,80,0
23104,35,125933,13,0,0,60,1
23107,68,284763,7,0,0,70,0
23108,20,112668,10,0,0,20,0
23109,33,376483,10,0,0,40,0
23111,48,36177,9,0,0,45,0
23115,60,112821,10,0,0,35,1
23117,23,70261,10,0,0,30,0
23127,67,431426,9,0,0,2,0
23130,24,252024,10,0,0,72,1
23131,43,43945,10,0,0,40,1
23134,36,228157,10,0,0,40,0
23135,43,199191,10,0,0,50,0
23143,51,69328,11,0,0,50,1
23144,26,292803,10,0,0,24,0
23146,22,190483,10,0,0,48,0
23147,19,235849,9,0,0,35,0
23149,32,128016,9,0,0,20,0
23150,46,360096,13,15024,0,60,1
23151,30,170154,13,0,0,40,1
23154,73,143833,8,0,0,18,0
23155,17,365613,6,0,0,10,0
23160,41,564135,14,0,0,40,1
23161,49,198759,12,15024,0,60,1
23162,52,303462,10,0,0,40,0
23164,57,250201,7,0,0,52,0
23167,56,53366,4,0,0,40,0
23171,39,202027,15,0,0,45,1
23175,27,386040,11,0,0,40,0
23178,44,152629,13,3103,0,40,1
23183,34,223678,9,0,0,32,0
23184,54,197184,13,0,0,38,0
23186,60,160625,9,5013,0,40,0
23188,48,85341,13,0,0,45,0
23195,67,407618,5,2050,0,40,0
23198,24,284317,13,0,0,30,0
23199,24,73514,10,0,0,50,0
23201,43,134782,12,0,0,30,0
23207,45,187730,13,0,0,40,0
23208,55,109015,10,0,0,38,0
23217,25,34402,13,0,1590,60,0
23218,33,245378,6,0,0,40,0
23219,44,179136,9,0,0,40,0
23220,21,116788,9,0,0,40,0
23221,21,129699,9,0,0,40,0
23222,46,39606,14,0,0,40,1
23224,63,102479,13,0,0,40,0
23226,31,229636,10,0,0,45,0
23227,26,53833,10,0,0,42,0
23229,60,124487,10,0,0,40,1
23233,46,283004,11,0,0,63,0
23234,24,33616,9,0,0,35,0
23236,27,188189,10,0,0,30,0
23237,46,106255,10,0,0,40,0
23243,36,334291,9,0,0,40,1
23246,32,187560,15,3908,0,40,0
23250,46,150499,12,0,0,40,0
23251,40,96554,9,0,0,40,0
23254,54,124963,13,0,0,40,1
23256,47,126204,10,0,0,40,0
23260,63,108097,10,10566,0,45,0
23262,64,92115,10,0,0,40,0
23265,36,168276,6,0,0,40,0
23267,37,254973,9,0,0,40,1
23268,37,95336,6,0,0,65,0
23271,19,138153,10,0,0,10,0
23272,57,174132,14,0,1977,40,1
23273,31,182237,12,4386,0,45,1
23274,20,111252,10,0,0,30,0
23275,58,217775,9,7298,0,40,1
23279,18,125441,7,1055,0,20,0
23282,45,55377,13,0,0,40,0
23283,35,49352,10,0,0,38,0
23286,26,208122,13,0,0,15,0
23287,56,176118,9,3103,0,40,1
23290,40,99434,9,0,0,12,0
23292,23,113700,13,0,0,50,0
23294,27,168827,9,0,0,40,0
23296,49,182211,5,0,0,45,0
23297,41,82393,10,0,0,40,0
23303,41,34178,13,0,0,40,0
23304,50,400630,15,0,0,36,1
23307,38,199256,9,0,0,40,0
23310,52,145409,10,15024,0,60,1
23311,24,39615,13,0,0,45,0
23314,61,503675,10,0,0,60,1
23317,49,50748,10,0,0,55,0
23320,21,83141,9,0,0,53,0
23321,56,444089,7,0,0,40,0
23322,35,141896,8,0,0,40,0
23323,37,33487,10,0,0,20,0
23326,35,343403,16,0,0,20,0
23328,59,107287,6,0,2559,50,1
23329,55,199067,7,0,0,32,0
23330,22,182771,11,0,0,20,0
23333,24,117583,13,0,0,48,0
23335,23,203003,4,0,0,25,0
23336,50,133963,9,0,0,35,0
23337,38,227794,13,0,0,40,0
23338,20,112137,10,0,0,20,0
23340,45,281565,9,0,0,50,0
23341,46,297906,13,0,0,50,1
23342,19,151506,9,0,0,30,0
23343,31,139455,13,0,0,40,0
23346,24,161092,13,0,0,40,0
23348,28,188928,9,0,0,40,0
23351,30,193598,1,0,0,40,0
23357,30,280927,13,0,0,40,0
23358,24,222993,9,0,0,40,0
23359,42,25240,11,0,0,40,0
23360,31,204052,9,0,0,40,1
23366,55,227856,13,0,2415,50,1
23367,19,183041,9,0,0,20,0
23368,45,107682,14,0,0,40,1
23370,53,182186,5,0,0,40,0
23372,45,112305,10,0,0,40,0
23373,21,212661,6,0,0,39,0
23377,46,170850,13,0,1590,40,0
23378,45,40666,11,0,0,60,0
23382,37,120045,9,0,0,56,0
23386,46,182128,14,6497,0,50,0
23387,36,176458,9,0,0,28,0
23388,33,101562,14,0,0,40,0
23391,34,177675,10,0,0,50,1
23393,36,357619,13,0,0,60,0
23394,23,435835,9,0,1669,55,0
23395,39,165799,9,0,0,40,0
23397,19,229745,9,0,0,20,0
23404,58,314153,9,0,0,40,1
23407,20,42706,10,0,0,25,0
23409,25,108001,5,0,0,15,0
23410,36,112497,13,0,1876,44,0
23411,69,128206,9,0,0,30,0
23412,28,224634,13,0,0,45,1
23413,20,362999,10,0,0,20,0
23415,37,175759,13,0,0,40,1
23417,25,219987,12,0,0,13,0
23420,33,224185,9,0,0,40,0
23423,48,38950,9,0,0,89,0
23424,42,277256,16,0,1977,60,1
23428,41,174395,14,0,0,40,1
23429,45,138626,10,0,1876,50,0
23433,24,33016,10,0,0,40,0
23434,20,197496,10,0,0,30,0
23435,32,153588,9,0,0,40,0
23437,36,284166,9,0,0,60,1
23439,27,188519,9,0,0,40,0
23441,52,174421,12,0,0,32,0
23443,42,284403,9,0,0,40,0
23444,39,85319,15,7688,0,60,1
23449,35,170617,9,0,0,48,0
23450,54,94055,13,0,0,40,0
23462,24,81145,10,0,0,75,0
23465,42,168103,13,0,0,40,1
23466,41,208174,14,0,0,55,0
23467,19,188815,9,34095,0,20,0
23469,20,212668,10,0,0,30,0
23471,46,239439,9,0,0,40,0
23473,44,239876,13,0,0,40,0
23474,65,221881,7,0,0,40,0
23476,27,206889,10,0,0,50,0
23478,30,211028,9,0,0,45,0
23479,64,202984,9,3137,0,40,0
23481,35,194690,4,0,0,40,0
23485,33,345360,10,0,0,40,0
23489,30,151773,10,0,0,40,1
23491,63,135339,9,2105,0,40,0
23495,39,343646,13,0,0,40,1
23502,22,64292,9,0,0,40,0
23504,52,78012,9,0,1762,40,0
23505,32,210562,11,0,0,46,0
23506,23,350181,9,0,0,40,0
23507,27,233421,10,0,0,20,0
23509,18,260801,9,0,0,20,0
23510,41,173370,13,0,0,30,0
23512,30,121308,10,0,0,40,0
23513,41,444743,9,0,0,40,0
23516,45,271962,13,0,0,40,0
23521,26,49092,9,0,0,40,0
23522,23,148709,9,0,0,40,0
23525,22,216129,9,0,0,40,0
23527,54,197189,13,0,0,40,0
23528,36,33001,9,0,0,50,0
23531,49,259087,10,0,0,40,0
23532,18,236262,7,0,0,12,0
23536,35,98776,9,0,0,40,0
23537,40,135056,9,0,0,45,0
23540,30,231263,9,0,0,40,0
23543,31,191001,9,0,0,40,0
23544,50,69345,12,0,0,60,0
23545,38,204556,9,0,0,40,0
23546,35,192626,10,0,0,50,1
23549,41,227890,10,0,0,46,1
23550,33,101352,15,0,0,50,1
23551,49,82572,10,0,0,60,0
23552,28,132686,10,0,0,40,1
23555,47,483596,9,2885,0,32,0
23556,42,104663,16,0,0,40,1
23559,37,333305,16,0,0,35,0
23560,51,155408,9,0,0,38,0
23561,27,246372,9,0,0,40,0
23563,45,347321,9,0,0,40,0
23565,40,163215,13,0,0,40,0
23567,47,116927,9,0,0,42,1
23568,35,164526,9,0,0,40,1
23569,33,31573,9,0,0,40,0
23570,28,125159,10,0,0,40,0
23576,21,174714,12,0,0,35,0
23577,31,75755,16,7298,0,55,1
23580,59,109638,9,0,0,40,1
23582,66,376028,9,0,0,20,0
23584,31,183778,13,0,0,45,0
23590,38,33975,9,0,0,40,1
23593,60,232769,7,0,0,20,0
23594,25,36984,13,0,0,50,0
23595,21,292264,9,0,0,35,0
23596,26,303973,9,0,1602,15,0
23597,23,287988,10,0,0,20,0
23599,24,191948,9,0,0,30,0
23600,46,324601,2,0,0,40,0
23601,38,200289,16,0,0,40,0
23603,28,194087,10,0,0,40,0
23605,58,175127,9,0,0,40,0
23609,45,112929,4,0,0,35,0
23610,33,132832,9,0,0,50,0
23612,35,114605,9,0,0,25,0
23614,21,68358,10,0,0,20,0
23617,40,220589,10,0,0,40,1
23619,27,423250,10,0,0,60,0
23626,20,285295,10,0,0,40,0
23627,43,265266,9,0,0,40,0
23631,36,217414,10,0,0,55,0
23636,37,99452,10,0,0,55,1
23637,44,254134,12,0,0,40,0
23638,32,90446,6,0,0,40,0
23641,17,95909,7,0,0,12,0
23642,41,82319,8,0,0,10,0
23647,19,104830,4,0,0,25,0
23648,49,110373,10,0,0,40,1
23652,47,213668,15,0,1977,50,1
23655,37,31023,9,0,0,45,0
23659,23,103277,10,0,0,24,0
23661,36,191161,10,0,0,57,1
23663,36,128382,10,0,0,45,0
23665,37,172538,9,0,0,40,0
23666,25,102476,13,27828,0,50,1
23667,39,46028,10,0,0,60,0
23668,32,198452,9,0,0,40,0
23674,48,194772,12,0,1902,40,1
23676,50,36480,6,0,0,45,0
23678,60,52152,14,0,0,50,0
23680,42,227065,14,0,0,22,0
23681,49,84013,9,0,0,35,0
23682,35,82051,10,0,0,40,0
23684,59,115414,10,0,0,40,1
23688,39,98941,9,0,0,40,0
23689,48,141483,10,0,0,40,0
23690,44,172479,13,7688,0,40,1
23696,23,162282,10,0,0,25,0
23697,46,219021,9,15024,0,44,1
23699,47,332355,14,15024,0,50,1
23702,22,292933,13,0,0,10,0
23703,18,135924,9,0,0,20,0
23706,30,299507,12,0,0,40,0
23707,62,102631,10,0,0,50,0
23709,34,434292,9,0,0,30,0
23711,56,219426,6,0,0,40,0
23713,46,114032,10,0,1887,45,1
23715,33,376483,13,0,0,30,0
23720,37,328301,13,0,0,36,0
23722,36,199739,9,7298,0,60,1
23724,26,121040,12,0,0,40,0
23727,33,180551,9,0,0,40,0
23730,26,263200,10,0,0,38,0
23733,53,238481,11,0,1485,40,0
23735,34,181311,7,0,0,40,0
23737,39,272950,13,0,0,45,1
23740,40,48612,9,0,0,35,0
23741,54,31533,14,7298,0,40,1
23742,32,148138,13,0,2002,40,0
23743,29,30069,9,2635,0,40,0
23746,54,174102,10,0,0,40,1
23748,38,241153,14,0,0,48,1
23749,54,155433,9,0,0,35,0
23753,21,138575,9,0,0,60,0
23759,35,268620,9,0,0,45,0
23762,83,195507,9,0,0,55,0
23763,59,192983,9,0,0,40,0
23764,18,120544,5,0,0,15,0
23765,31,59083,9,0,0,40,0
23767,24,184678,13,0,0,40,0
23768,33,278736,11,0,0,50,0
23769,48,39464,14,0,0,52,0
23772,25,255647,9,0,0,25,0
23773,53,123011,9,0,0,40,1
23777,22,227626,9,0,0,40,0
23778,47,173783,13,15024,0,60,1
23779,74,211075,9,0,0,40,1
23782,51,32372,13,0,1672,70,0
23786,53,394474,12,0,0,40,0
23790,22,102684,10,0,0,32,0
23794,46,149949,13,0,0,45,1
23799,50,200618,12,0,0,40,0
23800,22,216984,9,0,0,40,0
23801,40,212760,9,0,0,40,0
23802,28,150309,9,0,0,45,0
23803,54,174655,9,0,0,40,0
23810,64,256466,9,0,0,60,1
23811,23,169188,10,0,0,25,0
23815,31,108464,12,0,0,40,0
23816,36,75826,13,0,0,40,0
23818,25,104439,10,0,0,50,0
23819,27,56870,9,0,0,40,0
23823,24,33088,7,0,0,40,0
23825,29,177651,10,0,0,45,0
23828,20,141481,7,0,0,50,0
23829,37,433491,9,0,0,40,0
23837,34,23778,13,0,0,50,0
23840,64,205479,13,0,0,50,1
23841,19,47713,10,0,0,40,0
23843,61,202202,9,0,0,40,0
23844,45,168837,10,0,0,40,0
23845,36,112271,9,0,0,40,0
23846,34,52537,9,0,0,30,0
23848,22,141698,6,0,0,40,0
23849,26,28856,13,0,0,40,0
23855,20,125165,10,0,0,25,0
23858,25,53903,10,0,0,40,0
23859,40,179735,11,0,0,50,0
23863,32,170108,9,0,0,50,0
23866,19,164395,9,0,0,25,0
23868,39,178815,9,0,0,55,0
23871,38,100295,4,0,0,50,1
23877,23,148948,10,0,0,45,0
23879,46,428350,9,0,0,15,0
23890,40,248406,10,0,0,32,0
23892,22,32732,10,0,0,50,0
23893,20,95918,5,0,0,40,0
23899,35,33397,9,0,0,35,0
23900,30,446358,9,0,0,41,0
23901,25,151810,9,0,0,28,0
23907,50,305319,4,0,0,40,0
23910,38,167140,15,99999,0,70,1
23912,41,253759,9,0,0,40,0
23913,27,130067,10,0,0,65,0
23914,37,203828,5,0,0,40,0
23923,62,192515,9,0,0,40,0
23924,65,111483,10,0,2174,10,1
23925,17,221129,5,0,0,40,0
23927,31,196125,7,0,0,40,0
23931,43,112607,7,0,0,60,0
23933,18,183315,7,0,0,10,0
23935,38,122493,13,4064,0,40,0
23940,32,227214,13,0,0,40,0
23941,64,239450,10,0,0,40,0
23942,18,118847,8,0,0,20,0
23943,40,95226,13,0,0,50,0
23945,23,215395,9,0,0,40,0
23948,27,318639,6,0,0,60,0
23949,23,160398,10,0,0,40,0
23950,58,216824,9,0,0,30,0
23952,47,30840,14,0,0,40,1
23957,40,235786,10,0,0,44,1
23965,32,209103,10,3464,0,40,0
23966,27,183639,9,0,0,40,0
23967,35,107233,9,0,0,55,0
23968,27,175387,13,0,1876,40,0
23970,33,38223,9,0,0,70,0
23972,29,202182,10,0,0,50,0
23974,39,152587,9,0,0,40,0
23975,37,39089,10,3103,0,50,1
23978,53,290640,4,0,0,40,0
23980,29,134890,13,0,0,40,1
23981,33,452924,9,0,0,40,0
23982,57,245193,14,0,0,60,1
23986,49,168337,3,0,0,40,0
23988,70,77219,9,0,0,37,0
23990,37,361888,13,10520,0,40,1
23993,41,225193,9,0,0,40,0
23994,28,50814,9,0,0,40,0
23999,50,195298,10,0,0,50,1
24000,69,541737,10,2050,0,24,0
24001,84,241065,14,0,0,66,0
24003,19,374262,8,0,0,20,0
24006,53,30447,9,0,0,50,0
24007,58,49893,10,0,0,45,0
24008,22,197387,10,0,0,24,0
24009,36,111957,10,0,0,52,0
24012,37,210945,9,0,0,24,0
24014,42,190543,10,0,0,40,1
24019,28,82531,10,0,0,40,0
24025,22,64292,10,0,0,37,0
24026,33,198660,9,99999,0,56,1
24027,54,196975,9,0,0,45,0
24029,68,144137,10,0,0,30,0
24033,41,163258,13,0,0,40,0
24035,18,444822,7,0,0,8,0
24040,41,49654,9,0,0,52,0
24042,23,227943,12,0,0,30,0
24044,53,64322,4,0,0,40,0
24045,42,445940,5,0,0,40,0
24050,28,136077,6,0,0,40,0
24053,58,186991,9,0,0,40,0
24056,36,280169,10,3456,0,8,0
24057,27,109997,9,0,0,40,0
24059,25,102460,13,0,0,40,0
24067,49,186539,14,0,0,40,1
24073,37,213008,11,0,0,40,0
24074,21,38251,10,0,0,20,0
24075,33,125761,10,0,0,36,0
24079,32,192565,9,0,0,40,0
24080,28,183885,9,0,0,30,0
24081,47,243631,13,0,0,40,0
24082,37,191754,13,0,0,50,1
24083,26,261278,10,0,0,30,0
24088,54,98051,10,0,0,54,1
24090,53,192982,9,0,0,85,0
24095,26,89648,13,0,0,50,0
24096,33,190027,9,0,0,20,0
24098,42,57600,9,0,0,45,0
24102,21,275421,10,0,0,40,0
24104,33,157747,12,0,0,40,0
24105,51,182314,14,0,0,40,1
24110,35,20469,10,0,0,40,0
24111,31,154227,9,0,0,43,1
24114,23,189203,9,0,0,40,0
24115,41,116493,9,13550,0,44,1
24123,68,116903,11,0,2149,40,0
24125,35,107302,14,0,0,40,0
24126,36,156400,10,0,0,40,0
24128,22,58916,10,0,0,30,0
24130,24,283806,10,0,0,40,0
24131,57,140426,2,0,0,35,0
24132,36,61778,9,15024,0,40,1
24135,25,60828,10,0,0,50,0
24136,53,153486,10,0,0,50,0
24138,30,370990,14,0,0,40,0
24139,38,198867,7,0,0,40,0
24140,37,174924,10,0,0,48,0
24141,30,175856,14,0,0,38,0
24142,41,169628,9,0,0,40,0
24143,29,125159,10,0,0,36,0
24145,36,160035,9,3908,0,55,0
24152,28,299422,4,0,0,40,0
24155,32,33417,10,0,0,50,0
24158,24,357028,10,0,0,40,0
24159,37,51158,10,7298,0,36,1
24160,51,186303,13,0,0,40,1
24162,22,291386,10,0,0,40,0
24163,28,138054,12,0,0,40,0
24166,25,108658,9,0,0,45,0
24169,59,75867,14,0,0,60,0
24170,29,156819,12,0,0,35,0
24172,24,39827,10,0,0,40,0
24174,37,80324,9,0,0,60,1
24175,26,322614,1,0,1719,40,0
24180,46,28225,10,0,0,58,0
24187,39,283338,13,7298,0,40,1
24190,31,379046,9,0,0,40,0
24192,38,127961,10,0,0,45,1
24195,49,94754,14,0,0,40,1
24198,22,126822,13,0,0,60,0
24202,29,161444,9,0,0,40,0
24203,25,144483,9,0,0,40,0
24204,36,133655,9,0,0,40,0
24207,18,165754,10,0,0,30,0
24208,30,172822,11,0,0,40,0
24213,29,130620,10,0,0,26,0
24215,43,972354,10,0,0,48,0
24218,19,118352,10,0,0,16,0
24222,52,84451,11,0,0,32,0
24223,51,76437,10,0,0,40,0
24226,50,104729,9,0,0,48,0
24229,47,214702,9,0,0,37,0
24232,58,366324,10,0,0,30,0
24235,23,176486,11,0,0,36,0
24237,20,182661,10,0,0,20,0
24239,50,133963,13,0,0,40,1
24241,26,274724,10,0,0,40,0
24243,31,213002,8,4650,0,50,0
24246,35,148581,9,0,1740,40,0
24247,46,459189,10,0,1902,50,1
24248,28,214689,7,0,0,40,0
24249,58,289364,10,7688,0,45,1
24252,30,104965,5,0,0,30,0
24253,31,31600,13,0,0,40,0
24255,35,181705,9,3103,0,40,1
24256,33,238912,16,0,0,60,1
24257,34,134737,14,7688,0,55,1
24260,48,47343,14,0,0,40,1
24261,34,67083,13,1471,0,40,0
24263,55,175942,9,0,0,40,0
24266,33,142675,13,0,0,30,0
24269,41,166740,9,0,0,40,0
24272,37,118486,13,4934,0,32,1
24282,45,189802,10,0,0,40,0
24283,66,213149,10,0,1825,40,1
24284,35,179171,9,0,0,38,0
24285,32,77634,7,0,0,45,0
24288,44,174147,10,0,0,40,0
24292,19,318822,10,0,0,40,0
24294,45,205424,10,0,0,65,1
24295,40,173858,4,0,0,42,0
24298,33,180551,10,0,0,40,0
24302,48,85384,10,0,0,40,1
24304,42,69019,10,0,0,40,1
24305,22,112847,9,0,0,40,0
24308,45,59380,13,0,0,55,0
24309,47,114770,9,0,0,32,0
24311,34,176469,13,0,0,38,0
24313,39,410034,9,0,0,40,0
24314,29,93662,10,0,0,24,0
24321,51,142717,16,4787,0,60,1
24323,22,219233,9,0,1602,30,0
24324,24,228686,10,0,0,45,0
24326,47,117865,9,0,0,90,0
24327,64,106538,14,0,0,50,0
24328,62,153891,13,0,0,50,1
24331,42,89073,9,0,0,48,0
24333,55,259532,4,0,0,50,0
24338,36,216256,9,3464,0,30,0
24342,33,155198,5,0,0,35,0
24345,31,334346,13,0,0,40,1
24346,26,181597,10,0,0,40,0
24348,50,210217,13,0,0,40,0
24349,49,169711,11,0,0,40,1
24350,57,300104,3,7298,0,84,1
24352,18,51255,7,0,0,15,0
24358,43,230961,9,0,0,40,0
24360,47,120131,9,0,0,40,0
24361,21,243368,1,0,0,50,0
24362,30,171876,15,0,0,45,0
24363,19,136866,9,0,0,45,0
24365,55,185459,14,0,0,50,1
24366,67,81761,9,0,0,20,0
24368,30,220939,11,0,0,40,0
24369,54,148657,1,0,0,40,0
24370,51,40808,13,0,0,43,0
24372,59,108496,14,0,0,45,1
24374,29,132686,9,0,0,40,0
24375,17,117906,6,0,0,40,0
24378,39,165215,14,0,1902,18,1
24379,18,215463,8,0,0,25,0
24380,32,259719,10,0,0,40,0
24381,25,35829,10,0,0,50,0
24384,37,128054,10,0,0,40,0
24390,20,47791,8,0,0,10,0
24391,41,202980,9,0,0,4,0
24392,21,34918,9,0,0,30,0
24393,48,91251,4,0,0,30,0
24399,42,282964,13,0,0,40,0
24401,44,98779,6,4386,0,60,0
24403,25,182771,10,0,0,40,0
24404,23,199908,7,0,0,50,0
24406,53,35295,13,0,0,60,1
24408,27,332187,13,0,0,65,0
24409,57,255109,9,0,0,45,0
24410,17,111332,7,0,0,20,0
24413,30,110239,6,0,0,55,0
24416,23,82998,10,0,0,30,0
24417,19,164320,9,0,0,40,0
24419,52,162381,9,0,0,40,0
24420,39,229651,13,0,0,50,1
24425,34,195136,13,0,1887,40,1
24428,24,196388,12,0,0,12,0
24429,24,50341,13,0,0,40,0
24430,22,214134,6,0,0,84,0
24432,45,192053,9,0,0,60,1
24444,31,206046,9,0,0,40,0
24445,23,182494,4,0,0,40,0
24446,42,185057,9,0,0,35,0
24448,53,221722,14,14344,0,50,1
24449,20,388811,10,0,0,40,0
24452,29,382272,13,0,0,40,0
24455,63,137940,15,15024,0,50,1
24461,58,94741,8,0,0,24,0
24465,59,197148,9,0,0,24,1
24468,68,224338,11,0,0,40,0
24473,45,160962,10,0,0,35,0
24475,22,188950,10,0,0,40,0
24476,38,201328,13,0,0,50,1
24478,23,184255,9,0,0,40,0
24479,39,200968,10,0,0,45,1
24483,36,105021,13,0,0,55,0
24485,18,274057,7,0,0,8,0
24486,38,132879,13,0,0,40,1
24497,51,202956,11,0,0,40,0
24499,65,149811,9,0,2206,59,0
24501,48,125120,10,0,0,37,0
24502,20,190429,10,0,0,40,0
24505,29,208534,15,0,0,80,0
24506,36,343721,16,0,0,30,1
24514,37,103474,9,0,0,40,0
24517,42,52781,10,0,0,40,0
24520,27,251905,11,0,0,50,0
24521,76,225964,10,0,0,8,0
24526,22,40767,10,0,0,40,0
24532,49,185800,14,7430,0,40,1
24534,23,117618,10,0,0,35,0
24535,39,238008,9,0,0,40,0
24541,25,187540,10,0,0,40,0
24542,40,79372,9,0,0,40,0
24545,49,211005,10,0,0,60,0
24546,24,96178,13,0,0,40,0
24547,46,328216,13,15024,0,40,1
24548,39,110713,13,0,0,50,1
24549,45,225456,13,0,0,50,1
24550,62,159908,13,0,1258,38,0
24551,43,118308,13,0,1977,50,1
24554,48,273828,3,0,0,40,0
24558,43,209149,9,0,0,35,0
24559,26,84619,13,0,0,40,1
24560,36,447346,9,0,0,50,1
24563,43,143582,3,0,2129,72,0
24566,56,249368,9,0,0,70,0
24567,39,326400,14,0,0,40,0
24568,46,504725,3,0,0,50,0
24569,36,88967,7,0,0,65,0
24571,50,148953,9,0,0,50,1
24573,57,220871,4,0,0,40,0
24574,73,29675,9,0,0,12,0
24576,35,115215,10,0,0,45,0
24577,27,152231,10,0,0,45,0
24582,51,311350,13,0,0,40,1
24583,26,102106,6,0,0,40,0
24584,47,427055,10,0,0,45,0
24585,40,117860,9,0,0,40,0
24586,58,285885,5,0,0,40,0
24587,25,212800,10,0,0,40,0
24588,29,194864,9,0,0,18,0
24589,36,31438,7,0,0,43,0
24593,28,144521,9,0,0,40,0
24594,20,172232,9,0,0,48,0
24596,25,191921,10,0,0,40,0
24597,64,237379,9,3471,0,40,0
24599,53,68985,9,0,0,40,0
24601,57,163047,9,0,0,38,0
24603,20,124954,10,0,0,30,0
24605,25,166415,9,0,0,52,0
24608,43,33331,15,0,1977,70,1
24610,54,169182,9,0,0,38,0
24614,30,208043,13,0,0,55,1
24615,61,153790,9,0,0,40,0
24617,59,96840,9,0,0,40,0
24618,72,192732,9,0,0,20,0
24623,33,198211,9,0,0,40,0
24624,21,222490,10,0,0,40,0
24626,31,561334,9,0,0,40,0
24627,28,203710,13,0,0,40,0
24631,25,209428,10,0,0,25,0
24632,61,230292,10,7688,0,40,1
24635,35,100375,6,0,0,60,0
24636,33,42485,7,0,0,70,0
24638,39,134367,9,0,0,35,0
24639,42,147099,9,0,0,30,0
24641,45,119904,9,0,0,50,1
24642,47,105779,13,0,0,40,1
24646,34,241360,9,0,0,40,0
24649,31,162572,13,0,0,40,0
24654,45,192203,10,0,1485,40,1
24655,46,174370,10,0,0,55,0
24656,26,161007,11,0,0,80,0
24665,22,214399,10,0,0,30,0
24666,60,156616,9,0,0,40,0
24668,34,55921,9,0,0,40,0
24669,35,172475,13,2977,0,45,0
24672,21,276840,8,0,0,20,0
24674,50,119099,10,0,0,99,1
24677,45,337825,9,0,0,45,0
24679,28,189346,9,0,0,40,0
24685,43,233851,13,0,0,40,0
24689,28,157624,13,0,0,40,0
24690,51,146767,13,0,0,40,1
24691,45,118291,10,0,0,80,0
24693,31,87891,12,0,0,60,0
24694,31,226443,10,0,0,55,1
24698,36,179358,9,0,0,30,0
24704,32,302845,9,0,0,48,0
24713,40,139193,9,0,0,40,0
24714,28,791084,10,0,0,50,0
24717,67,154035,9,0,0,32,0
24721,20,33551,9,0,0,40,0
24722,40,169995,9,0,0,40,0
24725,39,114055,13,0,0,40,0
24731,52,122109,9,0,323,40,0
24733,72,195184,9,0,0,12,0
24738,23,118693,13,0,0,35,0
24742,38,108140,13,0,0,20,0
24745,30,156025,9,0,0,40,0
24746,38,149455,9,0,0,40,0
24747,25,359985,3,0,0,33,0
24749,43,115178,11,0,0,40,1
24750,21,149224,10,0,0,30,0
24751,41,352056,12,0,0,40,0
24755,52,135716,9,0,0,70,0
24756,47,44216,9,0,0,45,0
24760,30,154950,10,15024,0,60,1
24763,26,247025,9,0,0,44,0
24768,39,202937,10,0,0,40,0
24770,24,508548,9,0,0,50,0
24771,38,275223,13,7688,0,40,1
24773,29,246974,11,0,0,40,0
24775,36,146311,5,0,0,40,0
24776,47,159869,16,0,0,50,0
24777,21,204641,10,0,0,40,0
24779,38,227615,2,0,0,40,0
24780,66,107744,10,0,0,40,0
24783,18,141918,9,0,0,22,0
24785,49,128736,13,0,0,40,0
24786,33,511289,11,0,0,48,1
24788,34,101517,10,0,0,35,0
24790,24,189148,10,0,0,40,0
24791,44,103111,15,0,0,60,1
24792,48,51620,13,0,0,50,0
24793,23,31606,9,0,0,40,0
24795,21,107882,12,0,0,9,0
24796,18,39529,8,0,0,32,0
24797,18,135315,5,0,0,32,0
24798,29,107812,9,0,0,40,0
24802,61,202952,6,0,0,24,0
24804,34,114955,12,0,0,40,0
24807,29,207064,9,0,0,40,0
24808,23,193090,10,3674,0,40,0
24814,34,154246,13,4865,0,55,0
24816,49,104455,13,0,0,40,0
24817,77,192230,10,0,0,40,0
24820,22,51111,10,0,0,40,0
24822,42,188291,13,0,1902,40,1
24823,35,349066,9,0,0,40,0
24824,62,191188,9,0,0,40,0
24831,33,159247,13,0,0,40,1
24832,35,102471,9,0,0,80,0
24834,20,211968,11,0,0,20,0
24835,43,32016,14,0,0,40,1
24838,37,109133,9,0,0,40,0
24839,28,142712,10,0,0,40,0
24841,32,112176,10,0,0,30,0
24842,43,262233,13,0,0,40,1
24843,49,122066,9,0,0,30,0
24844,28,194690,4,0,0,60,0
24846,19,217769,10,594,0,10,0
24848,57,46699,9,0,0,40,0
24849,45,377757,5,0,0,40,0
24850,23,220993,9,0,1590,48,0
24853,35,139012,13,0,0,40,0
24858,59,32537,9,0,0,40,1
24860,21,202373,10,0,0,25,0
24861,29,151476,11,2174,0,40,0
24866,38,168407,10,5721,0,44,0
24867,23,148315,10,0,0,40,0
24868,20,270517,9,0,0,40,0
24869,40,53506,13,0,0,40,0
24872,20,164574,9,0,0,30,0
24873,37,185744,9,0,0,20,0
24876,38,233571,9,0,0,40,0
24880,62,159699,13,0,0,38,0
24881,31,295922,10,0,0,40,0
24883,24,216129,9,0,0,40,0
24884,62,407669,4,0,0,35,0
24886,21,285457,10,0,0,50,0
24888,22,246386,9,0,0,40,0
24890,59,283635,14,0,0,40,0
24892,49,76482,9,0,0,40,0
24893,19,431745,7,0,0,30,0
24894,48,141944,9,4386,0,40,1
24896,33,67006,6,0,0,45,0
24899,50,172046,10,0,0,40,1
24902,39,84954,10,2829,0,65,0
24903,21,115895,10,0,0,20,0
24912,37,69481,9,0,0,40,0
24913,60,148492,9,0,1485,50,1
24916,57,120302,9,0,0,40,0
24917,65,111916,9,0,0,40,0
24918,25,182227,10,0,0,30,0
24919,30,219110,9,0,0,46,0
24922,23,33551,13,0,0,38,0
24924,43,116632,10,0,0,45,1
24932,49,155489,10,0,0,65,0
24933,44,138077,13,0,0,32,0
24935,30,103596,9,0,0,99,0
24936,33,172304,6,0,0,40,0
24937,36,313853,13,0,0,45,1
24938,17,294485,6,0,0,30,0
24941,33,116539,9,0,0,40,0
24946,46,220269,10,0,0,40,1
24952,33,313729,14,0,0,60,0
24955,41,113324,11,0,0,70,1
24960,28,274679,14,0,0,50,0
24961,25,177499,13,0,1590,35,0
24963,37,221740,13,0,0,30,1
24966,33,171876,10,0,0,40,0
24967,59,157932,6,0,0,40,1
24969,38,354739,11,0,0,36,1
24971,31,326862,10,0,0,40,0
24972,48,189762,9,0,0,40,1
24974,45,226246,9,0,0,50,0
24975,80,29020,15,10605,0,10,1
24981,40,34218,9,0,0,40,0
24984,34,98656,10,0,0,40,0
24986,32,296466,14,0,0,60,0
24990,22,130724,10,0,0,25,0
24991,52,181855,15,99999,0,65,1
24992,67,127543,6,2414,0,80,0
24995,29,216479,9,0,0,40,0
25003,26,202033,13,0,0,40,1
25004,18,156874,8,0,0,27,0
25005,52,177727,6,4064,0,45,0
25006,48,334409,13,0,0,50,1
25007,36,311255,9,0,0,40,0
25009,41,115849,9,0,0,40,0
25011,53,31460,9,0,0,40,0
25013,22,310152,10,3325,0,40,0
25016,36,103323,12,2829,0,40,0
25017,46,174426,10,0,0,40,0
25020,43,48087,9,0,0,60,0
25022,41,253060,13,7688,0,45,1
25023,50,108435,14,99999,0,60,1
25024,37,210452,14,0,0,38,0
25026,51,45487,9,0,0,80,0
25027,47,183522,10,0,0,40,1
25030,23,134997,10,0,0,20,0
25031,30,44419,10,0,0,40,0
25032,27,442612,9,0,0,65,1
25033,31,158092,10,0,0,35,0
25037,27,207418,13,0,0,50,0
25038,22,335453,10,0,0,16,0
25044,26,247025,10,0,0,40,0
25045,53,29231,4,0,0,35,0
25048,36,118429,9,0,0,50,0
25051,27,124680,14,0,0,40,0
25053,39,114678,9,5455,0,40,0
25055,36,29702,9,7688,0,40,1
25060,36,79649,10,0,0,40,0
25061,39,203763,16,0,0,80,0
25063,21,494638,12,0,0,15,0
25064,48,162816,12,0,0,45,0
25067,57,217692,9,0,0,38,0
25069,18,276864,10,0,1602,20,0
25071,36,91037,9,0,0,40,1
25073,57,200453,9,15024,0,40,1
25075,33,198211,9,0,0,40,0
25079,31,273324,10,0,1721,16,0
25082,58,163113,9,0,0,35,1
25087,90,87372,15,20051,0,72,1
25088,49,173584,13,0,0,50,0
25089,47,80282,13,3137,0,40,0
25093,37,134088,12,0,0,40,0
25094,47,246396,9,0,0,40,0
25095,34,159255,9,0,0,60,1
25098,39,120130,10,0,0,40,0
25099,32,203849,4,0,0,19,0
25100,24,207940,9,0,0,30,0
25102,41,144594,4,0,2179,40,0
25103,69,171050,9,0,0,9,0
25104,32,459007,9,0,0,90,0
25106,47,172034,9,0,0,75,1
25108,35,338320,9,0,0,50,1
25112,22,103762,13,0,0,40,0
25113,36,47570,14,0,0,40,0
25116,35,180647,10,0,0,40,0
25121,53,118793,9,0,0,40,0
25123,29,256671,9,0,0,40,0
25124,46,231515,12,0,0,47,0
25125,24,100669,10,0,0,30,0
25129,36,308945,9,0,0,40,0
25130,38,100316,13,0,0,35,0
25133,45,188694,9,0,0,40,0
25134,68,29240,9,0,0,12,0
25135,37,186934,9,15024,0,60,1
25137,31,22201,9,0,0,40,1
25140,34,116677,10,0,0,40,0
25142,42,266710,10,0,0,41,0
25143,46,117849,14,0,0,55,1
25145,33,202729,13,0,0,40,1
25151,22,51262,9,0,0,40,0
25156,36,194630,10,0,0,40,0
25163,48,355978,14,0,0,40,0
25165,21,376929,3,0,0,40,0
25166,47,123219,14,0,0,38,1
25169,64,103021,4,0,0,40,0
25170,35,297767,10,0,0,40,0
25171,44,259479,9,0,0,50,0
25173,23,40021,10,0,0,70,0
25174,52,245275,6,0,0,35,0
25175,43,37402,14,0,0,25,0
25182,42,141186,10,0,0,40,0
25183,35,228190,9,0,0,40,0
25184,40,190290,13,0,0,40,1
25185,38,307404,10,0,0,40,0
25187,46,182541,9,0,1672,50,0
25188,39,282153,10,0,0,20,0
25191,36,190759,13,0,0,45,1
25193,57,173832,13,0,1902,40,1
25195,35,287548,10,0,0,55,1
25197,24,146706,10,0,0,30,0
25199,34,314375,10,0,0,60,1
25201,18,274746,9,0,0,20,0
25202,27,517000,13,0,0,35,0
25205,29,159479,9,0,0,55,0
25207,73,333676,9,0,0,50,0
25208,45,201699,11,0,0,40,1
25211,47,47496,9,0,0,42,0
25214,76,237624,4,0,0,10,0
25217,30,205950,10,0,0,40,1
25218,33,111985,10,0,0,58,0
25219,30,167476,10,0,0,50,0
25223,30,313038,9,0,0,40,0
25224,22,148431,9,0,0,40,0
25225,19,112432,9,0,0,58,0
25226,46,57914,9,0,0,40,0
25229,53,196278,10,0,0,40,0
25232,46,188027,10,0,0,45,0
25233,37,66686,9,0,0,40,1
25234,41,74775,13,0,0,30,0
25236,30,250499,10,0,0,55,1
25238,44,121352,10,0,0,50,0
25239,32,70985,9,4064,0,40,0
25245,22,199266,13,0,0,30,0
25247,43,99212,11,3103,0,48,1
25248,38,421446,13,0,0,50,1
25250,24,72310,10,0,0,43,0
25251,25,57512,10,0,0,45,0
25252,44,89413,11,0,0,40,0
25255,30,226943,9,0,0,35,0
25256,44,182402,9,0,0,40,1
25263,42,168071,9,0,0,43,1
25265,23,211049,10,4101,0,40,0
25266,28,196630,11,0,0,40,0
25272,29,44921,9,0,0,40,0
25273,24,154571,10,0,0,20,0
25275,29,188675,10,0,0,40,1
25279,53,548361,9,0,0,40,0
25283,25,187653,9,0,0,48,0
25284,38,235379,12,0,0,36,0
25285,41,188615,10,0,0,40,1
25286,58,322691,13,0,0,40,1
25288,50,144361,9,0,0,40,0
25290,31,117963,16,0,0,40,0
25292,37,248445,9,0,0,40,0
25294,46,119904,15,0,1564,55,1
25295,62,134768,9,0,0,40,1
25300,56,298695,4,0,0,48,0
25304,30,203488,10,0,0,40,1
25305,51,132341,9,0,0,45,1
25306,27,161683,7,0,0,42,0
25310,47,254367,10,0,0,50,1
25311,77,185426,9,0,0,15,0
25320,18,163332,9,0,0,22,0
25321,28,103802,13,0,1408,40,0
25322,50,34832,13,15024,0,40,1
25323,28,37933,9,0,0,48,0
25328,32,191777,11,0,0,35,0
25329,27,132686,8,0,0,50,0
25331,44,174283,9,0,0,40,1
25335,18,395567,9,0,0,40,0
25338,27,160731,13,0,0,40,0
25339,27,31935,10,0,0,80,0
25343,34,179673,15,7688,0,60,1
25346,41,230020,9,0,0,40,0
25347,29,134890,11,0,0,40,1
25349,51,103824,9,0,0,40,0
25350,34,61431,8,0,0,40,0
25351,58,197319,13,0,0,45,1
25353,37,268598,13,7298,0,50,1
25355,54,39493,11,0,0,20,0
25357,25,132661,11,0,0,60,0
25361,20,217404,6,0,0,40,0
25362,28,227778,11,0,0,40,0
25363,73,96262,9,0,0,40,0
25364,67,247566,9,0,0,24,0
25365,56,139616,13,0,0,45,1
25366,32,73585,11,0,0,40,0
25368,33,165814,9,0,0,40,0
25369,37,108913,9,0,0,40,0
25372,59,232672,14,0,0,40,1
25374,58,130454,10,0,0,50,1
25375,24,461678,6,0,0,40,0
25376,26,252284,10,0,0,40,0
25378,33,96480,14,0,0,40,0
25384,66,174788,10,0,0,20,0
25385,38,278924,13,0,0,40,0
25388,37,342768,9,0,0,40,0
25390,27,176727,13,0,0,40,0
25391,49,99179,13,0,0,40,0
25392,19,354104,10,0,0,10,0
25393,25,61956,10,0,0,50,0
25395,40,224658,10,0,0,40,0
25396,38,51100,13,3325,0,40,0
25398,25,362912,10,0,0,50,0
25399,23,218782,6,0,0,40,0
25401,29,308944,9,0,0,40,0
25404,52,416059,13,0,0,40,1
25406,19,169758,10,0,0,35,0
25407,68,193666,16,20051,0,55,1
25408,41,139907,6,0,0,50,0
25411,40,259307,14,0,0,50,1
25413,49,134797,10,0,0,40,0
25417,35,126569,10,4064,0,40,0
25418,66,166461,7,0,0,26,0
25419,27,61387,13,0,0,15,0
25421,77,28678,14,9386,0,6,1
25422,19,180976,6,0,0,35,0
25424,59,136413,4,0,0,48,0
25426,44,177240,15,10520,0,40,1
25429,21,80680,9,0,0,40,0
25432,20,91939,9,0,1721,30,0
25437,58,29928,10,0,0,36,0
25447,51,176751,13,0,1902,40,1
25449,38,127601,10,0,0,40,1
25450,37,227597,10,0,0,40,0
25454,34,207668,10,0,1887,40,1
25457,20,188612,10,0,0,38,0
25460,32,164197,13,0,0,60,1
25462,34,207383,14,0,0,40,0
25463,46,123598,10,0,0,48,1
25464,33,259931,7,0,0,30,0
25465,32,134737,13,99999,0,50,1
25475,39,99156,16,0,0,50,1
25477,46,153501,9,0,0,40,0
25478,47,149700,13,0,0,36,1
25479,47,189680,13,0,1977,40,1
25488,21,198431,9,0,0,40,0
25493,23,320294,9,0,0,40,0
25496,38,227154,13,0,0,40,0
25497,49,298659,9,0,0,15,0
25498,47,212120,13,0,0,45,1
25500,21,175800,9,0,0,55,0
25501,55,170169,9,0,0,40,0
25502,47,344157,7,0,0,40,0
25503,19,199441,9,0,0,40,0
25507,42,152568,9,0,0,40,0
25508,41,182108,14,27828,0,35,1
25509,46,273771,13,99999,0,40,1
25511,34,224358,6,0,0,40,0
25512,33,55176,4,0,0,40,0
25514,53,68684,9,0,0,40,0
25515,24,185452,13,0,0,50,0
25518,50,162327,13,0,1902,50,1
25521,26,262656,9,0,0,40,0
25529,38,745768,10,0,0,45,0
25533,41,289886,3,0,1579,40,0
25534,45,179135,9,0,0,40,0
25537,36,312206,9,0,0,40,0
25538,19,344858,9,0,0,20,0
25539,26,177035,7,0,0,40,0
25541,35,111095,9,0,0,50,0
25545,17,268276,8,0,0,12,0
25546,59,181070,9,0,0,40,1
25547,53,20676,9,0,0,48,0
25548,35,115803,7,0,0,40,0
25554,35,185325,13,0,0,50,1
25556,22,215395,10,0,1602,10,0
25558,24,29591,13,0,0,40,0
25562,38,210438,4,0,0,40,0
25564,46,73541,6,0,0,40,0
25567,27,401723,9,0,0,40,0
25568,42,179524,13,0,0,50,0
25569,33,296282,9,0,0,40,0
25571,59,191965,7,3908,0,28,0
25572,54,96792,9,0,0,32,0
25575,45,347834,9,0,0,40,0
25576,36,215373,13,0,0,70,0
25577,35,169426,12,0,0,40,0
25578,47,202856,10,0,0,36,0
25581,42,126098,9,0,0,40,0
25583,64,195366,13,0,0,40,0
25584,51,186845,13,0,0,8,0
25585,20,119156,9,0,0,20,0
25586,28,162343,9,0,0,40,0
25590,36,370767,9,0,2377,60,0
25591,43,352005,13,15024,0,45,1
25593,50,258819,9,0,0,40,1
25597,47,161558,6,0,0,45,0
25601,34,123429,9,0,0,60,0
25602,35,340110,10,0,0,50,1
25610,52,110977,16,0,0,40,1
25614,46,173613,9,0,0,30,0
25616,38,104089,11,0,0,40,0
25619,27,236246,12,0,0,40,0
25620,46,213408,10,0,0,40,0
25621,40,84232,9,0,0,4,0
25624,20,262749,10,0,0,35,0
25627,27,177761,10,0,0,50,0
25628,59,175689,10,0,0,14,1
25633,41,116520,16,0,0,40,1
25634,18,85154,8,0,0,24,0
25636,51,508891,9,0,0,40,0
25637,20,211345,10,0,0,20,0
25641,50,150941,9,0,0,44,0
25642,32,303942,9,0,0,40,0
25643,27,273929,9,0,0,40,0
25645,62,162825,9,0,0,40,1
25648,17,406920,6,0,0,40,0
25653,58,281792,13,0,0,40,1
25657,42,194636,9,0,0,40,0
25659,53,193720,10,0,1977,40,1
25660,25,218667,9,0,0,40,0
25662,20,174685,9,0,0,40,0
25663,32,168854,9,0,0,54,0
25664,28,133696,13,0,0,65,0
25670,31,144949,9,0,0,40,0
25673,46,155489,14,0,0,50,1
25674,38,290306,9,0,0,40,1
25675,18,182042,7,0,0,19,0
25677,54,234938,9,4064,0,55,0
25679,27,30244,9,0,0,80,0
25680,50,30008,13,0,0,45,1
25681,38,201328,4,0,0,56,0
25682,36,96468,14,0,0,40,0
25683,25,486332,9,0,0,40,0
25684,19,46162,9,0,0,25,0
25686,45,175958,5,0,0,40,0
25687,21,119309,10,0,1602,16,0
25688,42,175935,9,0,1980,46,0
25690,22,57827,10,0,0,40,0
25692,23,262744,10,0,0,40,0
25693,24,177287,10,0,0,30,0
25694,30,255004,12,0,0,52,0
25696,26,318644,15,0,0,20,0
25697,42,132125,13,0,0,52,1
25698,33,206051,9,0,0,40,0
25699,54,99185,16,0,0,50,1
25701,33,245777,9,0,0,40,0
25702,45,169092,9,0,0,55,0
25707,58,417419,4,0,0,40,0
25708,39,33975,9,0,0,50,0
25711,27,152683,9,3908,0,35,0
25714,55,257216,14,0,0,40,0
25715,46,167882,9,0,0,43,0
25716,45,179428,10,0,0,55,0
25717,26,57512,9,0,0,40,0
25720,58,222247,6,0,1887,40,1
25721,39,189092,13,0,0,45,0
25722,47,217509,9,0,0,45,0
25724,38,169672,9,0,0,40,0
25726,36,370156,9,0,0,38,0
25728,44,208277,9,0,0,45,0
25730,55,172666,10,0,0,40,1
25731,29,32280,9,0,0,45,0
25734,32,173730,13,7688,0,40,1
25736,23,274797,9,0,0,25,0
25737,31,359249,11,0,0,40,0
25739,59,188041,9,0,0,40,0
25741,49,354529,10,0,0,40,0
25742,22,249727,10,0,0,30,0
25746,47,303637,9,0,0,49,1
25747,44,242861,9,0,0,40,0
25748,27,37599,10,0,0,24,0
25751,20,256211,10,0,0,40,0
25754,37,161111,13,0,0,40,0
25756,47,166634,10,0,0,40,0
25758,19,369527,10,0,0,40,0
25763,52,246936,7,0,0,40,0
25766,33,252168,9,0,0,40,0
25767,25,92093,13,0,0,20,0
25768,62,88055,13,0,0,40,0
25769,38,129591,10,0,0,40,0
25771,18,264924,10,0,0,40,0
25773,38,115336,9,0,0,70,0
25774,52,190333,10,0,0,40,1
25780,19,217769,10,0,0,15,0
25781,27,180553,9,0,0,40,1
25782,61,56009,10,0,0,40,0
25784,46,328216,13,0,1902,42,1
25785,29,349154,6,0,0,40,0
25789,29,130856,10,0,0,60,0
25794,24,236696,10,0,0,30,0
25795,39,222572,14,0,0,43,0
25797,40,96129,9,0,0,72,1
25798,27,200492,13,0,0,40,0
25799,25,193820,14,0,0,40,0
25800,31,454508,7,0,2001,40,0
25802,33,101345,9,0,0,42,1
25803,40,140559,9,0,0,25,0
25804,40,64885,14,0,0,70,1
25806,33,143582,9,0,0,48,0
25807,49,185385,12,0,0,45,0
25808,24,112706,11,0,0,40,0
25811,20,205895,10,0,0,20,0
25812,65,273569,9,0,0,40,0
25814,48,167918,14,0,0,50,0
25816,27,146243,10,0,0,30,0
25817,52,105428,10,0,0,12,0
25818,26,149943,9,0,0,60,0
25821,19,244115,9,0,0,30,0
25823,47,145886,10,0,0,40,0
25828,28,405793,12,0,0,45,1
25829,47,53498,9,0,0,40,0
25830,69,476653,13,0,0,20,0
25832,37,277022,9,3887,0,40,0
25833,41,109762,14,0,0,40,0
25834,38,123031,9,0,0,48,0
25837,44,223308,14,0,0,48,0
25840,42,46221,16,27828,0,60,1
25843,32,324386,13,0,0,40,0
25844,24,126568,13,0,0,33,0
25846,36,219611,13,2174,0,50,0
25848,65,155261,9,0,0,40,1
25849,73,74040,4,0,0,40,0
25850,34,226296,7,0,0,40,0
25851,22,211968,13,0,0,40,0
25852,49,126446,10,0,0,30,0
25854,39,188069,5,0,0,25,0
25856,24,227070,6,0,0,40,0
25858,35,119006,9,0,0,38,0
25860,43,197810,14,0,0,40,0
25861,35,35309,13,0,0,28,0
25862,39,141802,10,0,0,40,0
25863,48,184513,13,0,0,80,1
25865,19,201743,10,0,0,26,0
25867,43,47261,10,0,0,50,0
25868,62,150693,9,0,0,42,0
25871,47,159550,9,0,0,40,0
25872,30,190823,10,0,0,40,0
25875,41,488706,10,0,0,40,0
25876,58,239405,3,0,0,40,0
25882,41,187881,10,3942,0,40,0
25884,36,272944,9,0,0,45,0
25885,23,129232,9,0,0,40,0
25889,40,103474,9,0,0,30,0
25895,28,274690,13,0,0,45,0
25898,60,128367,10,3325,0,42,0
25900,34,173730,9,0,0,50,0
25903,24,147147,13,0,0,20,0
25904,53,233780,11,2202,0,40,0
25906,34,188682,13,0,0,40,0
25908,41,277192,3,0,0,40,0
25910,43,220776,14,0,0,35,1
25911,31,189269,9,0,0,40,0
25914,62,161460,13,0,0,30,0
25919,57,361324,6,0,0,40,0
25921,33,276221,16,0,0,40,0
25922,42,121055,10,0,0,45,0
25923,62,118696,9,0,0,40,0
25924,64,289741,10,0,0,20,0
25926,43,262038,3,0,0,35,0
25929,43,252519,13,0,0,40,1
25930,39,43712,9,7298,0,40,1
25931,69,167826,13,0,0,40,0
25934,25,134113,13,0,0,30,0
25935,47,165822,10,0,0,40,0
25938,19,304643,10,0,0,20,0
25939,57,121821,2,0,0,40,0
25943,32,50178,10,0,0,35,0
25952,21,208503,10,0,0,10,0
25953,37,191841,13,8614,0,40,1
25955,64,202738,9,0,0,35,0
25956,37,144322,11,0,0,43,0
25959,29,190450,9,0,0,40,0
25961,29,115677,13,0,0,40,0
25964,58,198145,13,0,0,35,1
25965,60,113658,10,0,0,35,0
25966,20,32426,10,0,0,25,0
25967,51,98791,10,0,0,40,1
25970,56,125147,6,0,0,60,0
25971,26,247455,13,5178,0,42,1
25974,27,200802,10,0,0,40,0
25975,27,156266,9,0,0,20,0
25976,52,72257,10,0,0,50,0
25977,45,363087,9,0,0,40,0
25979,20,334633,9,0,0,40,0
25982,30,209900,13,0,0,40,0
25985,46,82946,9,0,0,40,0
25986,51,104651,13,0,0,50,0
25987,25,58441,13,0,0,40,0
25988,43,269733,9,0,0,40,0
25992,48,102938,13,0,0,40,0
25993,30,157289,7,0,0,40,0
25996,24,585203,13,7688,0,45,1
26000,36,153976,9,0,0,50,0
26001,47,247676,14,5455,0,45,0
26002,49,155372,14,0,0,40,0
26003,52,329733,10,0,0,40,0
26004,52,162576,12,0,0,40,1
26005,26,176520,9,0,0,53,0
26008,30,375827,9,0,0,40,0
26010,28,198813,9,0,0,40,0
26011,48,254291,13,7298,0,50,1
26013,49,40000,13,4064,0,44,0
26016,78,180239,14,0,0,40,0
26018,24,261561,13,0,0,40,0
26019,29,81057,10,0,0,40,0
26024,33,193246,9,0,0,55,0
26032,44,307468,15,0,0,29,1
26034,44,107845,12,0,0,56,1
26038,29,86613,2,0,0,20,0
26040,47,114754,9,0,0,40,0
26046,31,381153,10,0,0,60,0
26048,39,230467,13,0,1092,40,0
26049,36,218542,10,0,0,40,0
26057,36,41490,10,0,0,40,0
26059,67,243256,5,0,0,15,0
26061,49,105586,11,0,0,40,1
26062,58,51499,11,0,0,40,0
26067,30,54608,13,0,0,40,0
26069,36,285020,9,2885,0,40,0
26070,23,201145,9,0,0,65,0
26071,51,125796,10,0,0,35,0
26074,45,94754,14,0,0,40,0
26075,36,111128,13,0,0,48,1
26076,32,157887,9,0,0,40,0
26081,44,721161,10,0,0,40,0
26084,17,52967,6,0,0,6,0
26085,18,177578,9,0,0,38,0
26089,30,348802,9,0,0,40,0
26092,28,27956,15,0,0,99,0
26093,44,83286,14,0,0,40,1
26095,45,188950,14,0,0,50,1
26096,20,224217,9,0,0,40,0
26097,67,222899,11,0,0,40,0
26099,52,279337,9,0,0,40,0
26102,17,143034,6,0,0,4,0
26104,35,162651,13,0,0,40,0
26106,38,84570,10,0,0,40,0
26110,50,204447,10,0,0,40,0
26113,46,179869,9,0,0,40,0
26115,29,193125,9,0,0,40,0
26121,24,259865,9,0,0,30,0
26122,21,301694,9,0,0,35,0
26123,46,276934,13,0,0,70,1
26130,18,120691,10,0,0,35,0
26131,28,107389,9,0,0,32,0
26132,17,293440,7,0,0,15,0
26135,63,100099,9,0,0,40,0
26136,32,191856,14,0,0,45,1
26138,61,96073,15,0,0,50,1
26140,43,355856,13,0,0,50,0
26144,51,160703,9,0,0,40,0
26148,37,227545,10,0,0,44,1
26151,23,84648,10,0,0,25,0
26152,63,101996,14,0,0,40,1
26154,47,285060,14,0,1977,41,1
26155,55,209569,9,0,0,50,1
26157,27,279872,10,0,0,40,0
26158,58,150560,13,14084,0,40,1
26161,31,386331,9,0,0,50,0
26164,43,117022,9,0,0,40,0
26169,22,121471,7,0,0,40,0
26170,22,219086,10,0,0,55,0
26172,30,241583,10,0,0,40,0
26174,30,214993,9,0,0,40,0
26176,38,450924,8,3942,0,40,0
26183,32,211743,13,0,0,45,0
26184,37,251396,12,0,0,65,1
26187,44,193882,13,0,0,40,1
26188,68,117542,9,1409,0,15,0
26189,34,242460,13,7688,0,40,1
26191,53,191025,10,0,0,43,0
26192,24,154571,11,0,0,50,0
26193,31,208657,10,0,0,40,0
26194,25,29599,10,0,0,38,0
26195,36,423711,9,0,0,45,0
26197,37,148581,9,0,0,50,1
26198,42,222978,16,0,0,45,0
26199,30,149118,9,0,0,40,0
26200,32,218407,10,0,0,70,0
26202,44,85604,9,0,0,40,1
26206,69,122850,9,0,0,16,0
26207,73,90557,7,0,0,8,0
26209,33,361497,9,0,0,40,0
26210,22,399020,10,0,0,55,0
26211,33,345277,13,0,0,45,1
26213,28,200515,10,0,0,40,0
26215,27,176683,9,0,0,48,0
26216,22,309178,9,0,0,40,0
26217,67,40021,9,0,0,35,0
26218,31,49923,9,0,0,40,0
26220,43,325706,15,0,0,50,1
26221,33,124407,13,0,0,40,0
26222,37,301568,9,0,0,35,1
26225,33,198452,12,0,0,45,0
26233,30,137613,14,0,0,17,0
26234,67,354405,9,0,0,20,0
26235,32,130057,9,0,0,55,1
26238,39,149943,14,0,0,40,0
26239,40,99185,13,0,0,60,0
26240,40,294708,9,0,0,40,1
26241,19,228238,9,0,0,40,0
26244,20,289944,10,0,0,20,0
26247,40,273425,13,0,0,50,1
26248,61,231183,9,0,0,40,0
26250,26,114483,9,0,0,40,0
26251,43,162108,13,0,0,40,0
26255,46,111558,10,0,0,40,0
26257,37,291981,9,0,0,40,0
26258,26,102460,10,0,0,40,0
26260,47,287320,14,0,0,40,0
26261,29,115677,13,0,0,40,0
26264,20,186849,9,0,0,40,0
26267,41,170924,14,0,0,40,0
26271,18,192409,8,0,0,25,0
26272,55,337599,10,0,0,40,0
26273,44,195545,9,0,0,40,0
26276,38,80303,10,0,0,60,1
26277,25,419658,9,0,0,8,0
26281,34,120461,10,0,0,50,0
26282,23,268145,13,0,0,45,0
26283,54,257337,10,0,0,40,1
26286,51,124963,12,0,0,50,0
26288,27,553473,13,0,0,48,0
26293,24,19410,9,0,0,48,0
26295,24,185821,10,0,0,40,0
26296,74,272667,12,0,0,20,0
26297,23,194031,10,0,0,25,0
26298,41,144995,14,0,0,55,0
26301,21,232569,9,0,0,40,0
26303,18,123343,7,0,0,30,0
26305,49,181717,11,0,0,36,0
26306,45,102359,13,0,0,37,0
26307,27,72887,9,0,0,40,0
26311,35,110402,7,0,0,35,0
26313,33,121904,10,0,0,28,0
26314,28,34335,9,14084,0,40,1
26315,49,59380,10,0,0,40,0
26316,61,135285,9,0,2603,32,0
26318,22,217363,9,0,0,40,0
26320,22,184813,10,0,0,40,0
26321,18,178142,9,0,0,40,0
26323,33,281832,16,0,0,40,1
26324,28,96226,9,0,0,45,0
26328,32,339773,10,0,0,40,1
26329,31,210926,9,0,0,40,0
26333,61,193479,9,0,0,24,0
26334,43,225165,7,0,0,55,0
26335,35,346766,9,0,0,40,0
26336,39,152307,13,0,0,40,0
26338,42,170649,10,0,0,60,0
26340,32,229732,13,0,0,45,0
26344,50,237729,9,0,2444,72,1
26348,56,146660,9,0,0,60,0
26350,45,210875,9,0,0,40,0
26352,28,216965,10,0,0,40,0
26353,18,201554,10,0,0,15,0
26355,35,208378,8,0,0,40,0
26356,39,61343,6,0,0,60,0
26357,24,283872,10,0,0,20,0
26359,48,401333,9,0,0,40,0
26362,25,120238,9,0,0,40,0
26363,34,187215,13,15024,0,36,1
26365,38,238721,12,0,0,40,0
26367,34,152493,9,0,0,70,0
26368,50,92968,13,0,0,32,0
26369,50,136836,9,0,0,40,0
26372,29,309620,14,0,0,20,0
26374,42,85995,9,0,0,50,0
26379,51,203015,9,0,0,40,0
26381,27,120126,5,0,0,40,0
26384,20,312017,10,0,0,40,0
26389,24,32311,10,0,0,40,0
26392,29,184596,7,3942,0,50,0
26394,43,152420,10,0,0,50,0
26395,43,261929,16,25236,0,64,1
26400,45,198660,10,0,0,40,1
26401,20,122649,9,0,0,30,0
26402,28,421967,13,0,0,60,1
26403,50,259377,14,15024,0,40,1
26405,80,34340,4,0,0,35,0
26407,19,48393,10,0,0,84,0
26408,45,34248,9,0,0,50,0
26409,17,186677,7,0,0,12,0
26410,37,167851,9,0,0,50,0
26412,17,209650,8,0,0,16,0
26413,18,132986,9,0,0,40,0
26416,26,174592,14,0,0,40,0
26420,77,152900,3,0,0,20,0
26421,51,94081,9,0,0,40,1
26424,35,164866,6,0,0,99,0
26425,51,167793,13,15024,0,40,1
26426,28,138692,13,0,0,40,1
26427,37,173968,9,0,0,40,0
26430,42,156580,13,0,0,40,0
26431,58,210673,10,0,0,40,1
26433,29,29865,9,0,0,50,0
26435,28,308995,10,0,0,40,0
26437,28,362491,9,0,0,40,0
26439,20,320047,6,0,0,40,0
26444,29,178244,9,0,0,40,0
26452,36,237943,14,15024,0,50,1
26455,18,83492,4,0,0,40,0
26461,17,297246,7,0,0,9,0
26465,42,115323,16,0,0,7,0
26466,48,164582,10,7298,0,60,1
26467,56,295067,13,14084,0,45,1
26468,21,177265,12,0,0,30,0
26470,39,52870,9,0,0,40,1
26472,38,200153,12,0,0,40,0
26476,23,122048,9,0,0,40,0
26477,31,345277,13,0,0,40,0
26480,45,255014,10,0,0,55,1
26482,21,231053,9,0,0,30,0
26484,55,124137,10,0,0,40,1
26488,45,114396,13,0,0,35,0
26491,90,282095,10,0,0,40,0
26492,44,244974,13,0,0,44,1
26493,34,114691,9,0,0,40,1
26497,24,47791,9,0,0,32,0
26499,52,135339,10,0,0,40,1
26500,54,135803,13,15024,0,60,1
26501,31,128591,5,0,0,40,0
26502,44,133853,10,0,0,50,0
26504,27,243569,9,0,0,40,0
26505,24,119156,9,0,0,40,0
26509,25,117833,10,0,0,19,0
26510,39,294183,9,0,0,40,0
26516,29,214881,9,0,0,40,0
26520,24,197666,13,0,0,40,0
26522,31,263561,13,0,2246,45,1
26524,42,89942,10,0,0,40,0
26525,20,238685,10,0,0,30,0
26530,19,285263,9,0,0,40,0
26532,22,347530,9,0,0,35,0
26533,59,230039,9,0,625,38,0
26534,17,210547,6,0,0,40,0
26535,31,204752,8,0,0,32,0
26539,35,202027,10,0,0,60,0
26541,42,212847,9,0,0,85,0
26544,44,355728,10,0,1980,45,0
26545,52,177995,2,0,0,56,1
26552,27,131679,11,0,0,40,0
26553,52,132973,9,0,0,38,0
26554,22,154713,9,0,0,40,0
26556,30,255279,9,0,0,20,0
26558,25,123095,10,0,1590,40,0
26560,28,75695,10,0,0,60,0
26562,17,234780,9,0,0,40,0
26566,39,196673,9,5013,0,40,0
26568,67,139960,4,0,0,40,0
26569,41,397280,13,0,0,72,0
26573,18,27620,9,0,0,25,0
26574,19,187570,9,0,0,20,0
26581,23,278391,9,0,0,40,0
26582,27,157941,11,0,0,45,0
26584,69,370888,12,2964,0,6,0
26585,30,206512,13,0,0,44,0
26588,45,234652,3,0,0,40,0
26589,25,113436,10,0,0,15,0
26593,48,280422,10,0,0,25,0
26595,39,211154,13,0,0,50,0
26598,46,178829,14,0,0,70,1
26599,35,287658,10,0,0,40,1
26601,31,334744,9,0,0,40,0
26602,22,306967,10,0,0,25,0
26603,35,52187,10,0,0,30,0
26606,40,77357,15,0,0,40,1
26607,50,149770,14,0,0,40,0
26609,70,172652,14,0,0,8,0
26610,46,188293,9,0,0,40,0
26611,36,116608,9,0,0,38,0
26613,24,329530,5,0,0,45,0
26614,47,93476,13,0,0,70,0
26615,35,195744,9,0,0,50,0
26617,18,191117,7,0,0,20,0
26623,61,160625,13,4386,0,15,1
26626,28,261725,2,0,0,40,0
26627,22,239612,9,0,0,20,0
26628,31,226696,11,0,0,60,1
26631,73,192740,13,0,0,30,0
26632,44,201924,13,0,0,35,0
26635,27,43652,13,0,0,40,0
26638,33,287878,10,0,0,26,0
26640,32,183811,9,2829,0,40,0
26644,65,190568,9,0,810,36,0
26647,32,204567,13,99999,0,60,1
26649,49,186982,10,0,0,45,1
26650,38,133586,9,0,0,45,0
26651,38,165930,10,0,0,50,0
26654,27,115705,10,0,0,50,0
26655,25,150553,5,0,0,40,0
26657,46,201595,9,0,0,70,0
26658,44,165815,9,0,0,96,0
26659,26,102420,13,0,0,40,0
26662,38,212245,10,0,0,40,0
26665,50,304260,12,0,0,40,0
26669,27,410351,9,0,0,40,0
26670,34,36385,14,0,0,45,1
26671,64,110150,9,0,0,40,0
26672,43,198316,10,0,0,40,0
26673,39,127772,9,0,0,40,0
26676,25,334133,14,0,0,20,0
26677,60,97030,13,0,0,35,0
26679,43,397963,9,594,0,16,0
26685,39,299828,3,0,0,30,0
26687,31,103435,13,0,0,50,1
26690,39,286789,13,0,0,40,1
26691,28,211032,7,0,0,40,0
26692,67,192916,9,3818,0,11,0
26694,50,112873,13,0,0,40,0
26695,34,36069,9,3908,0,46,0
26700,20,234474,10,0,0,20,0
26702,38,234901,10,0,0,40,0
26705,51,249644,10,0,0,48,1
26706,60,230165,13,0,0,40,0
26707,29,351731,10,0,0,40,0
26709,42,349884,6,0,0,35,0
26710,28,204247,13,0,0,50,1
26712,50,37913,13,0,0,40,1
26717,25,117833,13,0,0,35,0
26719,24,142404,13,0,0,40,1
26723,20,528616,3,0,0,40,0
26725,63,80572,13,0,0,40,1
26728,29,157612,13,3325,0,45,0
26731,45,326064,10,6497,0,35,0
26733,31,213307,9,0,0,40,0
26734,48,209057,13,0,0,50,1
26735,41,340148,10,0,0,45,0
26737,27,94064,11,0,0,40,0
26738,39,119098,11,0,0,40,0
26740,49,181363,14,0,0,45,1
26742,36,206951,13,0,1902,45,1
26743,25,485496,9,0,0,40,0
26744,41,210259,10,0,0,37,0
26746,63,180911,7,4386,0,37,1
26748,63,298113,10,0,0,40,0
26749,44,277783,14,0,0,99,0
26751,51,171924,10,0,0,50,0
26757,56,157749,10,0,0,60,1
26759,46,332355,10,0,0,40,0
26760,39,204501,14,0,0,50,1
26761,56,305767,9,0,0,40,0
26762,31,129761,9,0,0,40,0
26764,53,102828,9,0,0,35,1
26768,27,285897,9,0,1848,45,1
26769,31,356689,13,0,0,40,0
26771,46,394860,9,0,0,40,0
26772,30,113129,10,0,0,24,0
26776,29,309463,5,0,0,40,0
26780,56,162130,3,0,1887,67,1
26782,21,306850,9,0,0,40,0
26783,29,135296,13,0,2258,45,1
26784,43,187322,9,0,0,45,0
26786,26,148298,9,0,0,50,0
26789,45,191858,9,0,0,45,1
26790,30,425528,9,0,0,70,0
26791,35,44780,10,7688,0,20,1
26797,46,24728,9,0,0,48,0
26798,36,177616,3,0,0,40,0
26800,25,199947,9,0,0,40,0
26803,56,196307,13,0,0,20,0
26804,37,177181,9,0,0,40,0
26805,26,324854,13,0,0,40,1
26806,23,188505,13,0,0,25,0
26808,41,26892,13,0,0,40,0
26809,55,102058,13,0,0,50,1
26811,67,233681,12,0,0,35,0
26813,54,101890,9,0,0,40,0
26818,20,197752,10,0,0,40,0
26820,22,289984,10,0,0,25,0
26821,51,125417,14,0,0,42,1
26822,19,278480,10,0,0,40,0
26826,90,175491,9,9386,0,50,1
26831,46,139268,14,0,0,45,1
26833,24,283613,13,0,0,40,0
26837,77,187656,10,0,0,20,0
26839,41,124639,10,0,0,40,0
26840,28,388112,2,0,0,77,0
26843,36,247750,9,0,0,45,0
26846,29,178551,9,0,0,40,0
26848,47,55377,13,0,0,40,1
26852,32,63910,9,0,0,40,0
26855,37,59313,10,0,0,40,0
26856,70,170428,13,0,0,20,0
26858,66,193132,5,0,0,30,0
26860,36,136629,10,0,0,40,1
26861,48,148995,13,0,0,60,1
26863,51,63424,14,0,0,40,1
26864,43,241895,13,0,0,50,1
26868,33,214129,10,0,0,40,0
26869,19,250818,10,0,0,40,0
26870,32,240979,10,0,0,60,1
26871,35,98283,15,0,0,40,1
26872,26,104746,9,5013,0,60,0
26878,35,80771,14,0,0,40,0
26884,20,279763,7,0,0,25,0
26887,50,158284,10,0,0,40,0
26888,25,204219,9,0,0,40,0
26892,38,372559,10,0,0,40,0
26895,39,189911,7,0,0,40,0
26896,69,61958,9,1424,0,6,0
26897,51,68898,11,0,2444,39,1
26898,42,204450,9,0,0,40,0
26901,37,359591,6,0,0,40,0
26902,38,132879,9,7298,0,50,1
26903,20,301199,10,0,0,24,0
26905,52,185407,11,0,0,48,1
26908,37,241463,9,0,1848,65,1
26909,47,216999,9,0,0,45,0
26911,33,122612,9,0,0,35,0
26913,41,197558,13,0,0,40,0
26914,32,351869,10,0,1485,45,1
26916,36,184556,13,0,0,40,0
26918,45,235646,13,0,0,40,1
26919,18,186909,10,0,0,16,0
26920,62,35783,10,0,0,60,0
26921,33,188861,9,0,0,40,0
26922,42,363591,9,0,0,40,0
26923,18,469921,10,0,0,40,0
26925,43,174325,4,0,0,40,0
26926,20,347530,9,0,0,25,0
26928,42,185129,16,0,0,43,1
26932,33,223046,9,0,0,40,0
26933,43,37937,12,0,0,43,0
26934,38,295127,10,0,0,40,0
26936,40,116218,10,0,0,45,0
26938,41,235951,15,0,0,50,1
26939,57,112840,10,0,0,50,1
26941,52,43705,10,0,0,50,0
26942,59,122283,15,99999,0,40,1
26944,48,101299,12,0,0,45,0
26945,45,96798,3,0,0,40,0
26946,24,194654,9,0,0,40,0
26947,27,206889,12,0,0,40,0
26955,37,188576,16,0,0,40,0
26960,18,340117,7,0,0,50,0
26961,34,219619,9,0,0,40,0
26965,64,239529,7,3674,0,35,0
26967,23,205653,13,0,0,30,0
26969,58,21626,11,2202,0,56,0
26973,38,116608,9,0,0,35,1
26975,25,157617,9,0,0,40,0
26976,54,21698,13,0,0,40,0
26977,31,77143,8,0,0,40,0
26980,26,146343,10,0,0,40,0
26983,22,215546,12,0,0,55,0
26984,50,173020,10,0,0,40,0
26985,24,247734,13,0,0,30,0
26986,44,252202,9,0,0,40,0
26988,34,426431,13,0,0,40,0
26989,45,162410,10,0,0,45,1
26990,77,143516,14,0,0,8,1
26993,46,110884,9,0,0,40,0
26994,26,187652,12,0,0,40,0
26998,28,189186,11,0,0,40,0
27000,36,607848,10,7688,0,45,1
27001,32,207301,9,0,0,40,0
27002,29,293073,13,0,0,50,1
27003,36,210452,13,0,0,45,0
27004,19,41400,9,0,0,30,0
27005,27,164170,13,0,0,20,0
27007,49,126268,13,0,0,50,0
27008,55,208311,14,0,1977,20,1
27013,32,134727,9,0,0,40,0
27014,37,208391,10,0,0,40,1
27018,55,185436,10,0,0,70,1
27020,33,80058,9,0,0,48,0
27023,37,231180,9,0,0,40,0
27024,28,119793,9,0,0,60,0
27028,48,232840,10,0,0,43,0
27029,35,33975,12,0,0,40,0
27030,39,256997,13,0,0,40,0
27031,64,298301,9,0,0,40,0
27032,22,310380,9,0,0,40,0
27033,45,182100,13,0,0,40,1
27034,27,501172,3,0,0,40,0
27036,23,85088,10,0,0,37,0
27037,25,282313,6,0,1602,40,0
27039,63,236338,9,0,0,35,0
27042,33,191385,13,0,0,40,0
27043,45,185497,13,0,0,70,0
27044,28,126129,10,0,0,40,0
27047,34,203488,10,0,0,40,0
27048,41,203233,9,0,0,40,1
27049,38,203836,10,0,0,50,1
27050,36,187847,13,7688,0,40,1
27053,43,89636,13,0,0,60,0
27058,53,88725,9,0,0,40,0
27059,24,142022,10,0,0,50,0
27061,55,212448,9,0,0,40,0
27063,26,227489,9,0,0,40,0
27065,28,223745,10,0,0,40,0
27066,45,242994,10,0,0,52,0
27067,30,196385,10,0,0,45,1
27068,76,116202,9,0,0,33,0
27069,47,140045,9,0,0,40,0
27071,40,226585,10,0,0,35,1
27072,24,85041,9,0,0,25,0
27073,30,162442,13,7688,0,50,1
27074,67,279980,10,10605,0,10,1
27077,29,263855,8,0,0,40,0
27078,40,124915,9,0,0,40,0
27079,61,178312,10,0,0,40,0
27080,45,215862,16,7688,0,45,1
27082,58,349910,9,7688,0,40,1
27086,25,34307,10,0,0,40,0
27087,46,331776,9,0,0,40,0
27088,54,111469,10,0,0,40,0
27092,65,242580,10,11678,0,50,1
27093,37,173128,9,0,0,40,0
27094,29,87905,9,10520,0,40,1
27095,44,173704,13,0,0,40,1
27099,32,133503,9,0,0,40,0
27101,39,201105,13,0,0,30,0
27106,47,145269,7,0,0,45,0
27108,35,149347,10,0,0,45,0
27112,35,189623,16,0,0,45,1
27113,24,341368,9,0,0,40,0
27114,21,201603,9,2176,0,40,0
27119,27,373499,3,0,0,60,0
27120,22,244773,9,0,0,15,0
27121,22,96862,10,0,0,40,0
27123,51,159755,11,0,0,38,1
27128,42,33002,9,0,0,48,0
27129,32,330715,9,99999,0,40,1
27130,45,146857,13,0,0,38,1
27133,34,154548,10,0,0,38,0
27138,34,349169,14,0,0,40,0
27139,25,158662,9,0,0,50,1
27140,23,23438,9,0,0,40,0
27141,38,107302,10,0,0,60,1
27142,43,174196,9,0,0,40,0
27143,49,226871,9,0,0,40,1
27145,57,214061,9,0,0,40,0
27148,34,234386,12,0,0,50,0
27150,29,244395,7,0,0,40,0
27151,35,30916,9,0,0,50,1
27152,48,219565,9,0,0,40,0
27159,34,183778,9,0,0,40,0
27160,51,123011,13,0,2559,50,1
27161,25,164938,9,4416,0,40,0
27162,28,147471,9,0,0,10,0
27165,45,189225,9,0,0,40,0
27166,23,141264,10,0,0,40,0
27173,20,146706,10,0,0,30,0
27175,71,124959,9,0,0,40,0
27176,22,121471,13,0,0,40,0
27184,39,370795,9,0,0,40,0
27185,39,209609,9,0,0,50,0
27186,74,209454,3,0,0,40,0
27188,25,88922,9,0,0,40,0
27189,64,86972,10,0,0,40,0
27190,47,165468,9,7298,0,40,1
27196,56,172364,9,0,0,40,0
27197,37,190105,9,0,0,55,0
27199,20,236592,8,0,0,35,0
27201,43,194636,13,0,0,48,1
27203,43,150528,9,0,0,30,0
27204,30,213722,9,0,0,40,0
27206,22,285775,11,0,0,40,0
27208,54,114520,10,0,0,40,0
27209,23,113466,9,0,0,40,0
27212,28,167094,6,0,0,50,0
27213,18,216508,8,0,0,25,0
27214,41,384236,11,0,0,40,0
27217,24,98287,9,0,0,50,0
27221,29,101597,10,0,0,54,0
27222,53,146378,3,0,0,40,0
27223,63,152163,9,0,0,40,0
27225,21,148211,9,3674,0,50,0
27227,29,135296,11,0,0,40,0
27228,72,144515,16,0,1258,40,0
27230,21,210165,5,0,0,40,0
27231,38,224584,10,0,0,40,0
27233,46,164733,14,0,0,41,0
27234,31,119411,13,0,0,60,1
27235,68,177596,6,0,0,90,0
27236,43,396116,9,0,0,40,0
27238,44,173590,13,0,0,3,0
27239,56,196307,16,0,0,40,1
27240,20,293091,9,0,0,12,0
27243,21,334618,10,99999,0,40,1
27244,52,152795,10,0,0,40,0
27248,29,244566,9,0,0,40,0
27249,36,75073,10,0,0,55,0
27250,29,179008,9,0,0,55,0
27254,50,99392,10,0,0,45,0
27255,30,392812,9,0,0,50,0
27256,29,262478,9,0,0,30,0
27262,24,182276,9,0,0,25,0
27264,30,292472,10,0,0,55,1
27265,19,73514,9,0,0,30,0
27266,26,199600,9,0,0,40,0
27267,38,111499,9,0,1977,99,1
27269,33,99309,10,0,0,50,0
27271,30,287986,10,0,0,40,0
27274,23,117583,9,0,0,40,0
27276,20,114357,10,0,0,40,0
27277,39,176949,12,0,0,52,0
27279,65,205309,9,0,0,24,0
27282,23,329174,10,0,0,40,0
27283,25,197036,6,0,0,40,0
27287,37,312766,9,0,0,40,0
27288,52,139671,10,0,1977,50,1
27289,66,38621,11,3273,0,40,0
27290,31,124827,9,0,0,40,0
27291,37,77820,13,0,0,50,1
27292,45,56904,13,5013,0,45,0
27295,32,42596,13,0,0,40,0
27296,35,143058,9,0,0,60,1
27297,53,102615,7,0,0,40,0
27299,43,240124,11,0,0,40,0
27302,52,96359,16,0,0,57,1
27303,20,165201,10,0,0,4,0
27304,60,165630,9,0,1977,40,1
27306,48,102359,13,7298,0,60,1
27307,28,37359,13,0,0,60,1
27309,48,115497,10,0,0,40,0
27311,27,41099,9,0,0,30,0
27312,38,472604,13,0,0,35,0
27314,43,135606,14,0,0,50,1
27315,36,248445,9,0,0,60,0
27318,22,303822,6,0,0,40,0
27320,55,487411,14,0,0,40,1
27321,46,43348,15,15024,0,55,1
27322,39,239409,9,0,0,50,0
27323,50,337606,9,0,1485,40,0
27326,46,234690,9,0,0,40,0
27332,39,142707,11,0,0,40,0
27333,39,53447,9,0,0,40,0
27336,20,194138,7,0,0,20,0
27337,49,558183,11,0,0,40,0
27338,33,150154,10,0,0,40,0
27343,62,416829,7,0,0,21,0
27344,21,350001,10,0,0,20,0
27346,27,114967,5,0,0,40,0
27351,29,103628,10,0,0,40,1
27352,58,430005,6,0,0,50,1
27353,45,106517,9,0,0,40,0
27354,47,162236,13,0,0,40,0
27355,53,92430,9,0,0,40,1
27356,52,40641,6,5013,0,40,0
27358,36,410034,13,0,1887,40,1
27360,35,150057,10,0,0,40,1
27361,49,148549,13,0,1902,50,1
27362,43,75742,10,0,0,45,0
27363,33,177675,13,0,0,50,1
27364,49,193249,12,0,0,40,0
27365,17,266072,6,0,0,20,0
27366,28,80165,10,0,0,30,0
27367,25,339324,13,0,0,40,0
27368,69,111238,5,0,0,20,0
27369,41,284086,11,0,0,60,0
27370,31,206051,13,0,0,40,1
27372,49,102583,10,0,1848,44,1
27378,17,232900,7,0,0,25,0
27380,79,165209,9,0,0,40,0
27382,67,195066,9,0,0,50,0
27390,17,174298,7,0,0,20,0
27392,28,263614,13,0,0,40,1
27394,55,220262,9,0,0,40,0
27399,36,58602,3,0,0,35,0
27401,41,185616,9,0,1980,40,0
27402,43,185832,10,0,0,48,1
27404,39,32312,13,0,0,60,0
27406,42,183205,9,0,0,45,0
27408,48,145886,13,0,0,60,0
27412,22,181313,11,0,0,30,0
27415,32,112137,1,4508,0,40,0
27417,46,224108,9,0,0,50,0
27418,51,174754,9,0,0,38,0
27419,28,219705,13,5013,0,55,0
27424,73,153127,10,0,0,10,0
27425,52,180881,13,0,0,40,0
27427,29,339002,11,0,0,40,1
27433,32,36467,12,0,0,45,1
27434,29,53181,14,0,0,55,1
27435,20,181032,10,0,0,40,0
27440,33,316663,10,0,0,50,0
27441,26,154966,10,0,0,40,0
27444,23,131275,9,0,0,40,0
27447,37,174503,13,0,0,50,0
27449,38,110713,12,0,0,50,1
27450,50,202044,13,0,0,45,0
27454,37,74593,9,0,0,70,0
27456,21,344492,10,0,0,30,0
27457,31,349148,9,0,0,40,1
27458,32,222221,11,7298,0,42,1
27460,20,243178,9,0,0,40,0
27462,47,318593,9,0,0,25,0
27464,40,187376,10,0,0,60,1
27465,41,75409,13,0,0,40,1
27467,49,266150,9,0,0,40,0
27468,65,271092,10,0,0,40,0
27470,59,46466,9,0,0,40,1
27471,18,130652,10,0,0,25,0
27472,47,114459,14,7688,0,45,1
27475,17,244589,7,0,0,40,0
27476,45,271901,9,0,0,32,1
27478,48,180446,6,0,0,40,0
27482,62,118725,9,20051,0,72,1
27483,26,187891,9,0,0,40,0
27485,46,102771,14,0,1977,40,1
27486,51,89652,9,4787,0,24,1
27488,65,330144,10,0,0,40,0
27489,29,251905,12,0,0,45,0
27490,37,218955,9,0,0,40,0
27491,36,188972,16,0,0,10,0
27492,60,25825,9,0,0,50,1
27493,33,202046,13,0,2001,40,0
27494,62,116104,9,0,0,20,0
27496,37,125550,9,14084,0,35,1
27497,66,116468,14,2936,0,20,0
27498,32,285131,12,0,0,20,0
27499,29,409201,10,0,0,40,0
27503,51,115851,9,0,0,40,0
27504,50,118058,10,0,0,50,0
27506,26,158810,13,0,0,70,0
27507,27,92431,10,0,2231,40,1
27508,58,165695,9,0,0,70,0
27509,30,97281,10,0,0,60,0
27510,32,244147,13,0,1876,50,0
27511,66,253741,9,0,1825,10,1
27512,23,170482,10,0,0,45,0
27513,35,241001,9,0,0,44,0
27514,50,165001,13,0,0,50,0
27516,35,340260,9,0,0,48,0
27517,31,96480,9,0,0,50,0
27518,30,185177,7,0,0,49,0
27519,84,172907,10,0,0,35,1
27520,35,308874,9,0,0,40,0
27521,45,54098,11,0,0,50,1
27522,46,288608,9,0,0,40,0
27524,37,111128,7,0,0,40,0
27528,22,152878,9,0,0,40,0
27531,38,127601,10,0,0,35,0
27532,29,357781,4,0,0,40,0
27534,34,110978,15,0,0,40,0
27536,30,84119,10,0,2051,40,0
27538,37,372525,14,0,0,48,0
27542,78,83511,4,0,0,40,0
27544,18,301867,9,0,0,20,0
27545,57,191983,10,0,0,50,0
27546,37,105803,9,0,0,40,0
27548,45,116255,9,0,0,40,0
27549,32,235109,10,0,0,40,0
27550,38,91716,9,0,0,40,0
27551,25,121102,12,0,2001,30,0
27552,70,235781,10,0,0,40,0
27553,40,136986,10,0,0,50,1
27555,20,53878,9,0,0,40,0
27557,24,173736,11,0,0,55,0
27559,58,102509,6,0,0,50,0
27564,39,241153,14,0,0,50,0
27566,45,229516,9,0,0,72,0
27568,24,247075,9,0,0,20,0
27569,22,315524,10,0,0,30,0
27570,23,126945,13,0,0,40,0
27571,39,29874,10,0,0,60,1
27572,28,115579,11,0,0,38,0
27573,51,29580,7,4386,0,30,1
27574,44,56483,13,0,0,37,0
27576,24,420779,9,0,0,35,0
27577,24,255474,7,0,0,40,0
27585,23,263899,10,0,0,20,0
27589,55,84564,15,0,0,39,0
27590,49,247294,9,0,0,45,1
27594,19,66838,10,0,0,9,0
27595,63,194682,16,0,1902,50,1
27599,60,80574,9,0,0,38,0
27600,19,198663,9,0,0,40,0
27602,75,205860,10,0,1735,40,0
27605,65,113323,12,3818,0,40,0
27607,26,259505,10,0,0,40,0
27608,45,171335,14,0,0,50,1
27614,48,78859,9,0,0,40,0
27616,50,189811,13,0,0,40,1
27617,41,518030,13,0,1590,40,0
27618,32,360593,9,0,0,30,0
27623,23,209483,13,0,0,50,0
27624,37,32239,9,27828,0,40,1
27626,28,84547,13,0,0,40,1
27627,50,260579,9,0,0,40,0
27630,21,129172,10,0,0,16,0
27631,45,222374,13,0,0,40,0
27634,41,114157,9,0,0,40,0
27635,48,148121,13,0,0,40,0
27637,34,96480,10,0,0,40,0
27638,24,179423,9,0,0,40,0
27642,40,226388,9,0,0,40,0
27646,18,28648,7,0,0,40,0
27647,37,34996,9,0,0,40,0
27649,22,214716,9,0,0,40,0
27651,51,112310,10,0,0,40,0
27655,44,155701,4,0,0,38,0
27661,24,102942,10,0,0,50,0
27663,36,68781,10,0,0,35,0
27664,29,108594,9,0,0,40,0
27666,39,56269,10,0,0,40,0
27668,38,206951,9,0,0,65,0
27672,58,147653,10,0,0,36,0
27674,59,114401,9,0,1504,19,0
27675,45,186272,9,7298,0,40,1
27676,46,182689,10,0,0,40,0
27680,37,84306,10,0,0,40,0
27682,22,88050,12,0,0,6,0
27683,22,305498,9,0,0,33,0
27684,17,295308,7,0,0,20,0
27689,41,384508,13,0,0,40,1
27692,21,254904,9,0,0,30,0
27693,33,98995,6,0,0,36,0
27694,17,237078,7,0,0,35,0
27696,19,205829,9,0,0,35,0
27698,24,37072,10,0,0,40,0
27699,38,275338,13,1151,0,40,0
27700,39,122353,13,0,0,45,1
27702,31,37030,12,0,0,25,0
27708,24,291355,10,0,0,60,0
27710,40,29762,10,0,0,60,0
27715,46,247043,9,0,0,40,1
27716,56,155238,9,0,0,40,1
27718,17,56986,8,0,0,18,0
27720,23,121650,3,0,0,30,0
27721,67,174603,9,0,0,35,0
27722,29,341846,14,0,0,50,0
27724,32,34437,9,0,0,40,0
27725,34,141058,10,0,0,62,0
27726,49,192323,9,0,0,40,0
27727,54,117674,10,0,0,40,0
27728,39,28572,9,0,0,40,0
27730,31,164309,10,0,0,38,0
27731,47,102771,16,0,0,40,1
27732,27,147951,9,0,0,1,0
27736,23,82889,10,0,0,16,0
27737,52,259363,9,0,0,50,1
27738,62,159165,9,0,0,36,0
27743,25,234057,9,0,0,40,0
27746,49,278322,9,0,0,40,1
27748,44,37618,9,0,0,40,1
27749,56,238582,10,0,0,41,1
27753,34,230420,13,0,0,40,1
27754,36,206521,9,0,0,40,0
27755,54,156877,9,0,0,20,0
27758,36,58337,6,0,0,35,0
27760,37,31670,9,0,0,60,0
27764,50,98350,10,0,0,40,1
27765,69,182668,9,0,0,45,1
27766,43,208613,15,99999,0,40,1
27767,42,334522,9,0,0,40,0
27768,54,187686,10,0,0,38,0
27769,27,365916,12,0,0,58,0
27771,27,218184,10,0,0,40,0
27772,30,222162,9,0,0,66,0
27773,30,148524,9,0,2057,40,0
27774,37,267085,10,0,0,40,0
27775,50,307555,13,0,0,60,1
27777,22,279041,10,0,0,10,0
27784,29,183639,9,0,0,97,0
27785,29,178551,9,0,0,40,0
27786,28,175343,13,0,0,40,0
27787,73,190078,10,0,0,35,0
27789,39,108419,10,0,0,40,0
27794,47,199058,13,0,0,60,1
27797,18,179484,8,0,0,40,0
27800,41,150533,9,2829,0,40,0
27802,43,403467,13,7688,0,40,1
27803,33,252168,10,0,0,40,0
27805,39,189623,13,0,0,60,0
27807,18,28357,10,0,0,20,0
27808,52,226084,9,0,0,40,0
27809,18,150817,9,0,0,20,0
27811,27,120126,13,0,1887,45,1
27819,47,151584,15,7688,0,60,1
27821,42,66460,10,0,0,45,0
27822,63,379940,13,0,0,40,1
27823,37,102936,13,0,0,55,0
27827,46,137547,9,0,0,40,0
27828,23,220168,9,0,0,25,0
27829,47,37672,13,0,0,45,0
27832,28,197484,9,0,0,40,0
27835,30,361497,13,0,0,72,1
27837,39,324231,9,0,0,40,0
27838,23,123490,7,0,0,35,0
27840,63,50349,9,0,0,34,0
27841,19,47176,10,0,0,15,0
27845,30,356882,16,0,0,20,0
27846,43,150533,12,0,0,50,0
27850,55,130957,9,0,0,45,0
27852,17,250541,6,0,0,20,0
27855,37,194630,9,0,0,50,0
27858,50,279337,13,0,0,55,1
27859,41,27187,11,0,2415,12,1
27860,31,87560,10,0,0,50,0
27863,51,143822,10,7298,0,40,1
27864,20,163205,10,0,0,30,0
27866,33,137616,14,0,0,35,0
27868,40,119101,10,5178,0,40,1
27869,45,117556,10,0,0,32,0
27871,33,24504,9,0,0,50,0
27872,27,157624,9,0,0,40,0
27874,42,55363,14,0,0,55,1
27877,52,221532,13,0,0,45,1
27879,30,381153,10,0,0,40,0
27880,22,300871,10,0,0,40,0
27881,47,33710,13,3103,0,60,1
27886,24,126613,13,0,0,8,0
27887,30,164190,11,5178,0,52,1
27889,50,98228,9,0,0,45,0
27890,41,129060,10,0,0,40,0
27898,37,126675,11,0,0,60,1
27899,52,82285,13,0,0,40,0
27900,51,177727,12,0,0,45,1
27903,68,156000,6,0,0,20,0
27905,49,184428,14,0,0,40,0
27906,35,102938,9,0,0,40,0
27909,47,274800,13,0,0,60,0
27910,31,129804,5,0,0,40,0
27911,22,65547,10,0,0,40,0
27912,20,107658,10,0,0,10,0
27913,57,161097,9,0,0,26,0
27916,39,120985,9,0,0,40,0
27917,37,215392,13,0,0,40,0
27919,48,131826,10,0,0,40,1
27920,39,211440,9,0,0,55,1
27921,35,31023,13,0,0,45,0
27922,40,145439,3,4064,0,40,0
27928,47,138342,7,3411,0,40,0
27930,25,60358,10,0,0,40,0
27935,22,349368,10,0,0,40,0
27937,69,140176,9,0,0,24,0
27938,50,128478,9,0,0,60,1
27939,19,318264,10,0,0,30,0
27941,45,155659,10,0,0,40,1
27944,64,171373,7,0,0,40,0
27945,29,228860,10,0,0,35,0
27946,29,196116,15,2174,0,72,0
27948,24,201680,9,0,0,60,0
27949,28,337378,9,0,0,40,0
27950,35,246449,9,3325,0,50,0
27951,48,227714,13,0,0,60,0
27952,36,177285,11,0,0,38,0
27954,49,30219,9,0,1669,40,0
27955,42,280167,14,0,0,40,1
27956,36,27408,11,0,0,60,0
27959,35,278557,9,0,0,30,0
27964,47,177457,10,0,0,40,0
27965,30,312767,9,0,0,40,0
27966,51,43354,7,0,0,40,1
27967,22,375422,13,0,0,40,0
27970,26,302097,9,3464,0,48,0
27971,35,248010,13,0,0,40,0
27972,37,87369,5,0,0,40,0
27977,32,175878,4,0,0,35,0
27983,44,222434,9,0,0,40,0
27986,45,367037,9,0,0,40,0
27987,38,304651,9,0,0,45,1
27988,62,97017,10,0,0,45,0
27989,20,146879,9,0,2001,40,0
27992,49,184428,13,0,0,40,0
27993,36,326886,9,0,0,40,1
27994,24,169624,9,0,0,37,0
27995,29,212102,9,0,0,30,0
28000,32,194981,9,0,0,36,0
28004,61,61040,10,7688,0,36,1
28009,30,170130,9,0,0,40,0
28010,19,158118,9,0,1719,40,0
28013,76,312500,3,0,0,40,0
28014,47,223342,9,0,1504,35,0
28015,65,293385,1,0,0,30,0
28018,47,274883,9,0,0,40,0
28019,27,123773,12,0,0,40,0
28020,42,70655,9,0,0,44,0
28022,37,200374,13,0,1902,40,1
28025,34,97723,15,0,0,40,1
28026,33,167309,13,0,0,40,0
28027,44,98106,10,0,0,40,0
28029,45,108993,9,0,0,40,0
28032,45,170092,10,0,0,50,0
28033,54,326156,10,0,0,40,1
28036,24,214014,9,0,0,40,0
28037,36,99872,9,0,0,40,0
28038,61,151459,6,0,0,38,0
28039,57,161662,13,7688,0,60,1
28041,35,86648,14,0,1977,45,1
28042,51,168539,13,0,0,50,1
28044,25,197651,10,0,0,43,0
28048,38,346766,9,0,0,40,0
28049,35,257250,9,0,0,40,0
28050,25,163396,10,0,0,40,0
28053,40,149102,9,2174,0,60,0
28056,33,79303,9,0,0,45,0
28057,35,272338,11,0,0,40,0
28063,48,328610,15,0,0,45,1
28072,23,227594,9,0,0,30,0
28073,32,44777,9,0,0,46,0
28074,54,133963,9,0,0,40,0
28075,36,279615,13,0,0,40,0
28078,41,204410,9,0,1485,44,1
28080,43,184625,9,0,0,40,1
28081,34,265917,9,0,0,40,1
28083,35,22055,10,0,0,60,0
28084,41,176716,9,0,0,60,0
28086,24,100321,10,0,0,48,0
28088,40,42703,10,0,0,40,1
28092,68,223486,9,0,0,7,0
28095,42,32185,13,0,0,60,1
28096,30,197886,10,0,0,45,1
28105,50,20795,10,0,0,40,1
28107,59,398626,16,25236,0,45,1
28110,44,323790,13,0,0,40,1
28111,28,331381,13,0,0,40,0
28117,49,586657,13,7298,0,40,1
28120,42,193882,10,0,0,40,1
28121,54,138026,9,0,0,40,0
28124,26,283715,9,0,0,40,0
28127,25,156334,6,0,0,40,0
28128,35,45607,14,0,0,60,1
28131,42,341638,13,0,0,40,1
28132,25,34161,8,0,0,30,0
28133,50,127151,14,0,0,40,1
28135,51,35211,14,0,0,40,0
28141,38,357173,9,0,0,40,0
28143,23,172047,9,0,0,40,0
28144,22,110677,10,0,0,40,0
28145,21,405684,9,0,0,35,0
28146,60,82388,10,0,0,38,0
28147,45,289230,13,0,0,48,1
28149,49,336509,6,0,0,40,0
28150,29,383402,10,0,0,35,0
28151,47,328216,10,7298,0,40,1
28153,34,212064,9,7443,0,35,0
28154,42,173704,14,0,0,40,0
28158,38,54816,11,0,0,40,1
28159,44,358199,10,0,0,45,1
28161,26,97698,14,0,0,32,0
28162,56,53366,9,0,0,40,0
28163,39,236136,11,0,0,40,0
28165,34,581071,9,0,0,48,1
28166,40,220589,12,0,0,40,0
28167,38,161463,10,0,0,40,0
28171,58,229498,10,0,0,20,1
28172,43,177083,10,0,0,30,0
28175,44,174051,10,0,0,35,0
28176,32,194901,9,0,0,40,0
28179,24,174907,9,0,0,30,0
28180,39,167140,14,0,0,40,0
28184,34,245211,9,2036,0,30,0
28186,71,200418,3,0,0,40,0
28187,45,167334,14,0,0,50,1
28188,54,146834,9,0,0,45,0
28189,26,78424,11,0,0,54,0
28190,37,182675,10,0,0,45,1
28191,28,38079,10,0,0,55,0
28192,42,115178,13,0,0,15,0
28194,37,167415,9,0,0,50,0
28205,55,258648,6,0,0,40,0
28207,43,186188,10,0,0,40,0
28209,45,249935,13,0,0,60,0
28212,32,185027,12,0,1887,40,1
28214,43,56063,13,0,0,60,0
28219,20,114969,9,0,0,40,0
28222,58,78104,9,0,0,45,0
28224,50,311551,14,7688,0,50,1
28225,42,201520,9,0,0,45,0
28226,25,124111,9,0,0,38,0
28229,25,361307,13,0,0,40,0
28231,35,276552,9,0,0,40,0
28234,27,277760,9,0,0,40,0
28237,52,165278,9,0,0,22,0
28238,49,182752,10,0,0,40,1
28241,27,164607,13,0,0,40,0
28247,55,83401,3,0,0,40,0
28249,25,201737,10,0,0,40,0
28251,33,143540,9,0,0,40,0
28252,46,28334,9,0,0,40,0
28253,51,245873,10,0,0,40,0
28259,42,184682,12,0,0,40,0
28261,31,225507,11,0,0,40,0
28265,46,125892,10,0,0,40,1
28268,23,107801,13,0,0,20,0
28269,50,95577,9,0,0,12,0
28273,21,234108,9,0,0,40,0
28277,90,40388,13,0,0,55,0
28279,20,169600,10,2176,0,12,0
28281,37,75050,11,0,0,55,0
28283,22,188274,9,0,0,40,0
28286,47,172246,14,0,0,60,1
28287,48,219962,11,0,0,40,0
28288,36,186815,14,0,0,50,0
28289,26,132749,13,0,0,80,0
28294,55,144084,6,0,0,40,0
28295,41,133692,13,0,0,40,0
28299,45,178319,16,7688,0,50,1
28300,22,235829,10,0,0,40,0
28301,22,196280,10,0,0,20,0
28302,42,54202,15,0,0,50,1
28303,37,220237,13,5178,0,40,1
28306,28,196621,9,0,0,37,0
28308,31,263000,11,0,0,38,0
28310,52,108211,4,0,0,40,0
28311,45,217654,10,0,0,40,1
28313,47,102771,4,0,0,40,0
28314,40,213019,9,0,0,30,0
28315,35,228493,10,0,0,48,0
28317,42,24364,10,0,0,30,0
28318,23,41432,13,0,0,15,0
28319,39,235259,10,0,0,40,0
28320,39,343476,9,0,0,30,0
28321,37,326886,9,0,0,40,0
28324,39,188540,9,0,0,45,0
28326,25,198870,13,0,0,35,0
28329,22,353039,9,0,0,36,0
28330,46,213140,14,0,1977,40,1
28331,54,188136,13,0,1408,38,0
28332,33,130057,12,0,0,45,0
28333,70,345339,13,0,0,40,0
28336,55,71630,9,0,1617,40,0
28337,17,159849,7,0,0,30,0
28341,36,592930,9,0,0,50,1
28343,39,77005,14,99999,0,40,1
28344,49,80914,3,0,0,45,0
28345,63,165667,9,0,0,40,0
28346,61,123991,10,0,0,20,0
28348,55,124137,9,0,0,40,0
28352,27,148153,9,0,0,40,0
28353,37,131463,6,0,0,33,0
28355,33,239018,16,0,0,60,0
28362,35,27408,9,0,0,50,0
28363,36,242713,9,0,0,40,0
28367,66,167711,9,0,0,40,1
28370,39,24721,10,0,0,35,0
28371,65,37092,11,0,0,25,0
28372,20,216563,10,0,0,20,0
28374,24,151153,10,99999,0,50,1
28376,18,423052,9,0,0,30,0
28377,49,169180,4,0,0,40,0
28378,21,104981,10,0,0,48,0
28379,35,120074,9,0,0,30,0
28380,38,269323,9,0,0,40,1
28383,34,173524,9,0,0,40,0
28385,38,60355,9,0,0,40,0
28387,33,174171,10,0,0,12,0
28388,32,504951,12,0,0,50,0
28389,34,294064,14,0,0,50,0
28391,48,199058,14,0,0,40,1
28393,48,88564,4,0,0,40,0
28396,25,178421,13,0,0,20,0
28397,43,484861,10,4064,0,38,0
28398,27,225291,12,0,0,40,0
28400,54,58898,10,0,1579,48,0
28402,60,184362,9,0,0,25,0
28406,31,126501,10,0,0,40,0
28409,45,281911,9,0,0,48,0
28410,33,70447,9,0,0,40,0
28411,55,449576,3,0,0,48,0
28412,29,327964,5,0,0,40,0
28415,53,77651,9,0,0,40,0
28416,40,119493,10,0,0,40,0
28418,69,177374,9,1848,0,12,0
28420,45,129336,14,0,0,45,1
28424,31,363130,10,0,0,40,1
28426,64,133166,9,0,0,5,0
28430,22,459463,8,0,0,50,0
28433,33,150570,13,3103,0,43,1
28437,28,163942,10,0,0,40,0
28441,25,66622,10,0,0,25,0
28442,20,40060,10,0,0,56,0
28446,39,230329,10,0,1564,12,1
28447,53,49715,9,0,0,40,0
28450,25,335005,13,0,0,35,0
28452,20,203240,12,0,0,30,0
28453,27,104457,13,0,0,40,0
28459,22,106843,6,0,0,30,0
28462,27,134152,9,0,0,45,0
28463,57,99364,5,0,0,40,0
28467,40,198692,10,5178,0,60,1
28468,60,178050,9,0,0,38,0
28472,27,141795,10,0,0,30,0
28477,32,151053,10,0,0,40,0
28481,57,222216,10,0,0,60,0
28486,61,180418,9,0,0,40,1
28488,33,144949,14,15024,0,40,1
28491,33,232475,9,0,0,40,1
28493,45,140644,13,0,0,40,1
28495,50,346014,4,0,0,20,0
28496,47,159726,9,0,0,40,1
28498,57,217886,9,0,0,36,0
28499,21,199915,10,0,0,35,0
28500,58,106546,9,2174,0,40,0
28501,50,220640,14,0,0,50,1
28506,57,201112,12,0,0,40,0
28507,57,123778,9,0,0,48,0
28509,40,190290,10,0,0,40,0
28513,32,137076,10,15024,0,60,1
28515,27,171655,9,0,0,42,0
28518,22,68678,9,0,0,40,0
28520,26,263444,9,0,0,45,0
28524,55,188917,9,0,0,40,0
28527,50,237819,9,0,0,40,1
28532,43,194726,15,15024,0,55,1
28539,50,89041,9,15024,0,50,1
28541,31,166343,9,0,0,50,0
28543,57,41762,9,0,0,40,1
28544,34,849857,9,0,0,40,0
28545,19,307496,10,0,0,16,0
28546,25,324372,9,0,0,40,0
28548,28,160731,9,0,0,40,1
28550,38,259019,9,0,0,44,0
28553,41,197919,9,0,0,60,0
28554,23,213719,12,0,0,36,0
28556,35,146042,10,0,0,40,0
28559,34,300687,9,0,0,40,0
28560,29,219906,13,0,0,25,1
28561,24,122234,10,0,0,20,0
28562,55,158641,9,0,0,40,0
28564,46,102308,9,0,0,40,0
28565,38,186934,9,0,0,40,0
28568,29,142760,9,0,0,40,0
28571,30,110594,9,0,0,40,0
28572,72,426562,7,0,0,35,0
28575,38,195744,13,0,0,48,0
28577,24,172047,12,0,0,40,0
28578,28,253814,9,0,0,35,0
28579,28,66473,9,0,0,40,0
28580,60,56248,9,0,1485,70,1
28581,42,271521,10,0,0,40,1
28586,30,149787,10,0,0,40,0
28587,68,124686,4,0,0,10,0
28589,26,175789,9,0,0,40,0
28593,52,145081,4,0,0,40,0
28595,26,287233,13,0,0,40,1
28596,52,201310,13,0,0,40,0
28597,46,197836,9,0,1672,50,0
28600,29,203697,13,0,0,75,0
28601,41,168730,10,0,0,50,1
28607,59,254765,10,0,0,40,1
28611,59,70623,4,0,0,85,0
28617,29,159788,14,0,0,80,0
28618,27,55743,13,0,0,45,1
28622,29,272913,9,0,0,30,0
28623,22,324445,9,0,0,40,0
28624,42,155469,12,0,0,24,0
28628,43,172401,9,0,0,40,1
28629,33,193285,13,0,0,38,1
28630,34,176244,4,0,0,40,0
28633,52,169182,5,0,0,25,0
28634,27,180758,12,0,0,40,0
28635,60,141637,14,0,0,40,1
28642,17,36218,7,0,0,20,0
28644,37,249392,11,0,0,40,1
28646,30,117944,9,0,0,25,0
28647,17,163836,6,0,0,12,0
28648,29,145592,9,0,0,40,0
28653,29,199116,9,0,0,40,0
28654,17,144114,6,0,0,40,0
28655,61,107438,4,0,1651,40,0
28656,70,405362,4,0,0,38,0
28657,32,175856,13,0,1902,40,1
28663,36,219483,10,0,0,40,0
28664,45,199058,14,7298,0,50,1
28667,28,356089,13,0,0,50,0
28669,18,36882,9,0,0,20,0
28670,39,203180,10,0,0,45,0
28671,34,183811,10,0,0,40,0
28675,50,289207,16,0,1902,45,1
28676,68,224019,10,0,0,30,0
28677,35,267966,7,0,0,50,0
28685,20,112847,9,0,0,40,0
28690,17,216137,7,0,0,8,0
28691,36,139743,10,0,0,40,0
28692,25,32276,13,0,0,40,0
28694,27,298871,13,0,0,40,0
28696,22,347867,9,0,1719,40,0
28697,57,279636,11,0,0,40,1
28699,31,297188,14,0,0,60,0
28700,24,182342,13,0,0,40,0
28701,41,229148,9,0,0,60,0
28705,32,390997,2,0,0,50,0
28706,55,102058,6,0,0,45,0
28716,59,117299,9,0,1887,40,1
28719,28,173800,13,0,0,10,0
28723,54,138847,9,0,0,45,1
28724,28,215014,9,0,0,50,0
28727,28,113870,13,0,0,60,1
28728,23,213955,9,0,2001,40,0
28729,29,114982,13,0,0,40,1
28730,35,205338,9,0,0,40,0
28734,20,281356,9,0,0,40,0
28735,42,30824,14,2354,0,16,0
28736,56,98809,4,5013,0,45,0
28737,31,38223,13,0,0,45,0
28738,23,172232,9,0,0,50,0
28740,28,221366,10,0,0,40,0
28741,32,180799,10,0,0,60,1
28742,36,111499,14,14084,0,40,1
28743,44,155930,13,0,0,60,0
28747,48,172709,9,0,0,40,0
28748,47,120131,9,0,0,50,1
28750,27,256764,12,0,0,40,0
28751,31,176185,13,4064,0,40,0
28753,24,201603,9,0,0,30,0
28754,25,138765,10,0,0,40,0
28755,36,133974,11,0,0,40,0
28757,57,103403,3,0,0,40,0
28762,44,190739,9,0,0,32,0
28763,34,299507,11,0,0,40,0
28767,59,530099,10,0,1887,55,1
28768,34,119153,7,0,0,50,0
28770,21,50341,10,0,0,38,0
28772,19,220517,10,0,0,15,0
28774,35,31964,13,0,0,50,1
28778,28,188278,13,0,0,55,0
28779,28,96219,13,0,0,5,0
28780,29,340534,9,0,0,44,0
28784,31,181091,9,0,0,50,1
28785,28,200515,10,0,0,35,1
28789,37,342084,10,0,0,60,1
28790,36,193855,9,0,0,40,0
28804,39,129764,9,0,0,40,0
28805,37,150993,7,0,0,45,0
28808,48,167967,9,0,0,40,0
28809,33,133278,9,0,0,40,0
28811,39,192251,9,0,0,40,1
28812,43,210844,13,0,0,40,1
28814,50,155118,9,99999,0,35,1
28815,24,232918,13,0,0,20,0
28817,35,45607,10,0,0,40,0
28823,39,143385,9,0,0,40,0
28824,43,200508,13,0,0,40,0
28827,39,113481,13,0,0,45,1
28828,30,235271,13,0,0,40,1
28829,32,349365,10,0,0,65,0
28833,51,193720,9,0,0,42,0
28836,46,122026,13,0,0,44,1
28837,40,114537,11,0,0,50,1
28838,34,191834,11,0,0,48,0
28840,47,160045,10,0,0,35,0
28842,45,190088,9,0,0,30,0
28844,52,63004,14,0,0,40,0
28845,64,391121,4,0,0,40,1
28848,41,116797,9,7298,0,50,1
28849,53,204447,14,0,0,43,1
28851,20,344278,7,0,0,40,0
28852,29,108574,11,0,0,40,0
28855,56,219762,9,0,0,35,0
28856,38,269318,10,7298,0,40,1
28860,24,69640,13,0,0,40,0
28875,44,154176,10,0,1590,40,0
28876,49,180899,14,0,1755,45,1
28878,57,180779,13,7298,0,40,1
28879,33,343021,10,0,0,65,0
28880,49,176814,13,5178,0,40,1
28882,48,248059,13,5013,0,45,0
28884,39,185053,9,0,0,40,0
28889,28,175431,5,0,0,40,0
28890,18,152641,6,0,0,40,0
28894,21,88926,10,0,0,10,0
28898,47,127678,10,0,0,80,0
28905,63,110890,14,0,0,70,1
28906,51,160724,16,0,0,99,0
28907,25,89625,9,0,0,40,0
28910,48,96854,10,0,0,30,0
28913,30,347166,9,0,0,40,0
28914,45,110311,14,0,0,40,0
28916,41,220694,13,0,0,37,0
28917,61,149405,9,0,0,40,0
28921,36,180859,11,0,0,38,0
28924,45,274657,7,0,0,40,0
28927,28,216814,9,0,0,40,0
28929,38,223433,9,0,0,40,0
28931,25,135603,9,0,0,40,1
28932,25,344719,9,0,0,4,0
28934,23,181820,10,0,0,45,0
28937,20,299399,10,0,0,20,0
28938,41,202508,9,0,0,48,0
28939,44,172025,10,0,0,38,0
28940,49,246891,13,0,0,40,1
28944,48,76017,9,0,0,25,0
28945,28,80158,9,0,0,40,0
28946,37,90881,10,8614,0,55,1
28948,20,230955,8,0,0,35,0
28950,36,342642,14,0,0,15,0
28951,77,253642,4,0,0,30,0
28952,21,219086,9,0,0,35,0
28953,24,162593,13,0,0,40,0
28954,30,87561,12,0,0,40,0
28956,22,154422,10,0,0,30,0
28957,23,169104,10,0,0,25,0
28963,19,357059,9,0,0,35,0
28965,23,98283,13,0,0,40,0
28967,63,187919,7,0,0,30,0
28970,41,193524,12,0,0,40,1
28971,35,152734,10,0,0,40,0
28973,48,102076,13,0,0,35,0
28978,47,181652,9,0,0,40,0
28979,26,120268,13,0,0,24,0
28980,39,196308,10,0,0,24,0
28982,49,228583,9,0,0,40,0
28984,69,209236,9,0,0,36,0
28989,28,230856,10,3325,0,50,0
28990,50,221532,12,0,0,40,1
28992,48,168216,10,0,0,40,1
28993,27,214702,15,0,0,42,1
28996,37,164526,16,14084,0,45,1
28999,41,208330,10,0,0,51,0
29002,28,192384,10,0,0,40,1
29008,20,258490,10,0,0,35,0
29012,37,166497,9,0,0,38,0
29014,29,338270,9,0,0,40,0
29015,18,282394,10,0,0,21,0
29018,50,196975,9,0,0,40,1
29022,36,361888,9,0,0,45,1
29025,60,243829,14,0,0,50,0
29026,39,306646,10,3103,0,50,1
29028,30,280069,10,0,0,48,0
29031,29,138597,12,0,0,40,0
29037,46,27802,12,0,0,38,1
29039,47,121836,14,7688,0,38,1
29040,43,315971,14,0,0,40,0
29045,31,26401,14,0,0,25,0
29048,20,94364,10,0,0,20,0
29049,44,174189,10,0,0,60,0
29051,41,146908,16,0,0,60,1
29052,38,126675,9,0,2205,40,0
29055,24,112459,14,0,0,45,0
29061,50,50178,10,4064,0,55,0
29062,68,351711,10,0,0,40,0
29063,31,190305,14,0,0,50,0
29064,22,464103,2,0,0,40,0
29067,28,354095,10,0,0,40,0
29070,20,369677,6,0,0,36,0
29072,44,239723,10,1506,0,45,0
29073,57,231232,4,0,0,40,0
29074,33,236396,13,0,1902,55,1
29075,24,119156,13,0,0,40,0
29080,52,286342,9,0,0,38,0
29081,50,152810,13,0,0,40,1
29082,26,176981,13,0,0,50,0
29086,28,182826,9,0,0,35,0
29087,51,136224,13,0,0,40,0
29089,48,272778,10,0,0,32,0
29091,47,110243,7,0,0,40,0
29095,40,197462,13,0,0,40,1
29096,23,238831,10,0,0,40,0
29097,31,182177,13,0,0,40,0
29099,48,125892,10,0,0,38,1
29103,18,243240,9,0,0,37,0
29106,26,144483,11,594,0,35,0
29108,53,30244,12,15024,0,40,1
29110,29,138332,10,0,0,6,0
29111,81,201398,14,0,0,60,0
29117,36,231052,9,0,0,35,0
29118,69,203072,16,0,0,50,1
29122,52,159670,12,0,0,40,0
29125,19,349620,6,0,0,40,0
29126,38,161066,9,0,0,50,0
29127,46,213611,4,0,1594,24,0
29128,21,548303,9,0,0,40,1
29129,29,150861,10,0,0,40,0
29131,26,133766,9,0,0,70,0
29132,28,200511,9,0,0,55,0
29134,37,148266,15,0,0,6,0
29137,57,21626,10,0,0,40,0
29141,51,118259,9,3137,0,60,0
29142,60,145493,10,0,0,40,0
29143,37,219546,13,3411,0,47,0
29144,44,399155,9,0,0,40,0
29147,50,231495,9,0,0,40,0
29150,18,183034,10,0,0,35,0
29155,30,340917,14,15024,0,60,1
29158,36,34744,12,0,0,37,0
29159,56,131608,10,0,0,40,1
29163,46,337050,14,0,1977,45,1
29165,61,199495,8,0,0,40,0
29169,33,203784,11,0,0,62,0
29174,49,79019,14,0,0,16,0
29182,30,182177,9,0,0,40,0
29185,54,206862,9,0,0,36,1
29186,37,168941,7,0,0,40,0
29187,59,201263,13,15024,0,55,1
29195,50,175804,9,0,0,48,0
29199,61,198686,12,0,0,2,1
29201,41,113491,10,0,0,40,1
29203,27,108431,10,0,0,40,0
29208,26,150062,9,0,0,50,0
29209,27,298510,9,0,0,40,0
29211,51,115025,9,0,0,40,0
29212,45,350440,9,0,0,40,1
29216,40,196234,9,0,0,40,0
29217,69,163595,9,0,0,20,0
29220,52,49069,10,0,0,40,1
29221,38,122952,9,0,0,35,0
29222,18,123856,7,0,0,49,0
29223,24,216181,11,0,0,40,0
29225,21,188535,9,0,0,44,0
29227,64,170421,10,0,0,8,0
29228,25,283087,10,0,0,40,0
29229,34,341051,14,0,0,50,1
29233,35,99146,9,0,0,50,1
29235,38,99156,9,0,0,35,0
29240,18,118376,10,0,0,16,0
29241,37,117760,11,4650,0,40,0
29242,37,117567,13,0,0,60,1
29243,39,189632,9,0,0,40,1
29249,28,60288,9,0,0,40,0
29250,23,241951,10,0,0,40,0
29252,17,218124,7,0,0,20,0
29259,29,39484,13,7298,0,42,1
29260,45,84298,11,0,1977,50,1
29261,43,269015,9,0,0,40,1
29263,49,125892,13,0,0,40,1
29265,60,261119,9,0,0,40,0
29268,19,184207,10,0,0,40,0
29269,28,191027,9,0,0,40,0
29270,22,207782,12,0,0,20,0
29273,19,187724,10,0,0,25,0
29274,28,66777,11,3137,0,40,0
29278,22,211798,10,0,0,40,0
29279,52,123011,15,0,0,50,1
29282,62,169204,9,0,0,40,0
29283,26,38232,13,0,0,50,0
29284,64,277657,9,0,0,24,0
29285,38,32271,10,0,0,40,0
29286,44,116825,15,15024,0,80,1
29288,19,28145,9,0,0,52,0
29289,39,140477,9,0,0,10,0
29291,39,202937,14,0,0,40,1
29292,36,316298,13,0,0,40,0
29295,28,176137,9,0,0,32,0
29298,27,506436,10,0,0,40,0
29299,32,226975,10,0,1876,60,0
29300,49,154493,9,0,0,44,0
29303,54,257765,4,0,0,40,0
29304,52,42924,8,0,0,45,0
29309,56,98418,9,0,0,30,0
29310,30,381153,9,0,0,40,0
29314,44,212760,13,0,0,60,1
29316,60,181200,8,0,0,40,0
29318,50,283281,4,0,0,40,0
29323,71,144872,10,6514,0,40,1
29326,23,24395,9,0,0,30,0
29328,40,171615,10,0,0,35,1
29331,19,202184,10,0,0,15,0
29339,45,273194,9,3137,0,35,0
29344,20,334113,10,0,0,40,0
29345,42,184837,9,7298,0,40,1
29346,49,228372,10,0,0,20,1
29347,47,211123,9,0,0,40,0
29353,18,87157,8,0,0,25,0
29356,20,155818,9,0,0,20,0
29361,19,198668,9,0,0,40,0
29364,53,35305,13,0,0,57,0
29370,30,226535,4,0,0,40,0
29371,51,136121,11,0,0,38,0
29373,46,215895,13,0,0,40,1
29374,50,24647,10,0,0,40,1
29377,41,192589,13,0,0,40,0
29380,47,109089,10,0,0,70,0
29381,50,274528,10,0,0,40,0
29382,77,142646,4,0,0,23,0
29384,47,188610,9,0,0,48,0
29387,34,188245,9,0,0,35,0
29389,37,52465,9,0,0,40,0
29394,46,183168,13,0,0,43,0
29398,36,544686,9,2907,0,40,0
29399,48,95661,10,0,0,43,0
29401,51,169112,14,0,0,40,1
29402,52,74024,14,0,0,45,1
29403,27,110622,3,0,0,20,0
29404,43,33331,14,0,0,40,1
29407,37,192251,6,2635,0,40,0
29409,42,174575,13,5178,0,40,1
29410,49,200949,6,0,0,38,0
29415,41,180272,14,0,0,35,0
29416,24,275421,10,0,0,40,0
29423,31,138416,3,0,0,56,0
29425,37,194004,7,0,0,25,0
29430,47,171807,9,0,0,45,0
29432,41,340682,9,0,0,40,0
29433,32,175052,9,0,0,40,0
29436,17,108402,6,0,0,20,0
29437,34,346275,7,0,0,43,0
29439,23,161708,12,0,0,20,0
29440,35,70447,10,4650,0,20,0
29442,65,137354,10,0,0,20,0
29447,53,202733,14,7688,0,70,1
29451,54,71344,14,0,0,50,1
29452,32,174215,10,0,0,40,0
29453,39,114366,13,0,0,35,0
29454,39,158962,10,0,0,40,0
29455,29,179498,9,0,0,40,0
29457,43,149909,9,0,0,42,1
29459,39,216552,14,0,0,40,0
29461,36,176050,10,0,0,40,0
29466,39,316211,9,0,0,60,1
29467,32,127610,13,0,1902,32,1
29468,45,556652,9,0,0,40,1
29470,43,347653,10,0,0,48,1
29472,43,170230,13,0,0,60,0
29475,37,167735,11,0,1887,40,1
29477,23,185554,13,0,0,40,0
29479,63,225102,9,0,0,40,0
29481,35,350247,15,0,0,50,1
29482,28,150025,5,0,0,50,1
29483,37,107737,13,0,0,55,1
29484,63,334741,9,0,0,20,0
29486,30,131584,11,0,0,60,0
29489,36,51089,13,0,0,50,1
29492,28,70240,9,0,0,40,0
29493,39,187693,9,0,0,72,1
29494,37,341672,13,0,0,40,0
29498,21,200973,10,0,0,20,0
29500,62,136684,9,0,0,30,0
29503,38,243872,13,0,0,70,1
29508,69,174474,6,0,0,28,0
29509,43,145441,13,0,0,50,1
29510,53,83434,13,0,0,21,1
29512,22,189203,13,0,0,50,0
29513,48,115784,5,0,0,44,0
29516,39,52978,10,0,1721,55,0
29517,57,169329,9,0,1887,40,1
29523,25,145434,10,0,0,25,0
29525,33,162312,9,0,0,45,0
29527,19,99246,7,0,0,25,0
29528,44,102085,10,0,0,40,0
29532,44,57233,9,0,0,50,0
29533,38,192337,13,7688,0,40,1
29535,29,369114,9,0,0,40,0
29538,49,50474,9,0,0,40,0
29540,41,29591,9,0,0,30,0
29541,33,334744,10,0,0,50,1
29542,22,269474,9,0,0,40,0
29543,41,287306,9,0,1902,40,1
29548,32,188246,10,0,0,40,1
29553,36,269722,13,0,0,55,1
29556,27,177351,13,0,0,45,0
29557,22,212114,13,0,0,15,0
29562,26,243560,10,0,0,40,0
29563,35,98360,13,0,0,40,0
29568,34,108247,15,0,0,55,1
29570,37,91711,13,0,0,60,1
29571,61,166855,13,0,0,10,0
29572,59,182062,13,5013,0,40,0
29573,32,252752,14,13550,0,60,1
29574,31,43953,13,0,0,35,0
29576,81,100675,2,0,0,15,0
29580,44,214838,9,0,0,45,1
29581,37,240810,12,0,0,45,0
29582,41,154076,10,0,0,50,1
29584,55,170287,10,0,0,40,1
29587,23,233626,13,0,0,25,0
29589,45,88500,10,0,0,44,1
29591,46,243743,13,0,0,40,1
29592,48,177211,7,0,0,40,0
29597,37,191137,12,0,0,25,0
29599,27,169815,13,0,0,40,0
29601,35,270059,10,0,0,30,0
29605,33,388741,10,0,0,38,0
29608,49,75673,9,0,0,40,0
29610,41,47902,10,0,0,35,1
29611,64,221343,2,0,0,12,0
29612,40,255675,10,0,0,40,1
29614,23,125106,13,0,0,40,0
29615,34,139890,10,0,0,40,0
29618,30,43953,9,0,1974,40,0
29619,36,163237,12,0,0,40,1
29621,47,255934,10,0,0,80,0
29624,56,208451,13,0,0,40,1
29625,20,206681,8,0,0,55,0
29630,56,146326,9,0,0,50,0
29632,26,97153,12,5178,0,40,1
29636,20,84726,10,0,0,40,0
29637,42,137907,9,0,0,35,0
29638,51,34361,10,0,0,20,1
29643,40,375603,9,0,0,40,0
29644,21,203076,9,0,0,35,0
29652,31,148607,10,0,0,40,0
29653,25,255849,9,0,0,40,0
29657,34,105493,14,0,0,40,0
29658,42,259757,13,0,653,50,1
29663,31,97933,10,0,0,40,0
29664,32,195447,13,0,0,45,0
29667,32,203408,9,0,0,44,0
29672,54,185407,10,0,0,40,0
29673,57,225927,6,0,0,40,0
29678,49,177114,14,0,0,60,0
29680,46,121370,9,0,0,30,0
29681,37,67125,9,0,0,60,0
29682,26,67240,9,0,0,40,0
29683,27,198346,13,0,0,35,0
29687,47,131002,13,0,0,50,1
29688,33,155151,10,0,1740,50,0
29691,25,203871,11,0,1887,40,1
29692,57,25045,13,2174,0,37,0
29693,36,112264,9,0,0,50,0
29696,39,291665,9,4508,0,24,0
29700,61,51385,13,0,0,50,1
29701,41,112763,9,0,0,40,0
29702,50,108926,10,0,0,40,0
29710,31,120461,10,0,0,40,0
29713,31,229946,9,0,0,40,0
29715,38,190895,13,7298,0,50,1
29718,42,203542,9,0,0,40,0
29720,38,223004,10,0,0,75,0
29725,46,471990,9,0,0,46,1
29726,44,138966,9,0,0,38,0
29729,60,103344,9,15024,0,40,1
29732,40,86912,16,0,0,50,1
29733,21,83033,10,2176,0,20,0
29736,42,187795,10,99999,0,55,1
29737,26,483822,4,0,0,40,0
29742,19,200136,10,0,0,20,0
29745,45,162915,10,0,0,50,0
29746,29,116662,13,0,0,40,0
29747,42,24763,16,15024,0,40,1
29748,65,225580,9,0,0,20,0
29751,61,93997,4,0,0,40,0
29753,23,274424,7,0,0,40,0
29754,34,188246,9,0,0,40,0
29759,33,122220,10,0,0,40,1
29761,44,175641,7,0,0,40,1
29762,21,173324,10,0,0,20,0
29765,43,176069,9,0,0,16,0
29768,26,180957,14,0,0,50,0
29772,21,185357,9,0,0,50,0
29773,28,134890,13,0,0,40,0
29774,64,193043,9,0,0,40,0
29775,35,153633,10,0,0,40,0
29776,65,115890,13,0,0,20,0
29777,34,394447,13,2463,0,50,0
29778,58,343957,13,0,0,50,0
29780,50,238959,13,99999,0,60,1
29781,59,159048,9,0,0,40,0
29784,28,31778,13,0,0,40,0
29788,34,236543,9,0,0,40,0
29790,41,303510,9,0,0,40,0
29791,57,171242,10,0,0,40,1
29793,62,197218,9,0,0,18,0
29795,38,374524,13,0,0,40,1
29798,37,186035,12,0,0,55,0
29800,49,151107,9,0,0,40,0
29801,24,500509,9,0,0,40,0
29804,27,153291,15,0,0,50,1
29808,43,55213,9,0,1977,52,1
29809,48,38950,13,15024,0,50,1
29811,39,174330,9,0,0,40,0
29812,50,35224,9,0,0,40,0
29813,52,175622,11,0,0,40,0
29814,44,164678,14,0,0,45,0
29815,50,87263,9,0,0,55,1
29818,33,177945,9,0,0,40,0
29820,39,190023,13,0,0,60,0
29821,33,168782,11,0,0,40,0
29822,59,175290,4,0,0,32,0
29826,31,487742,10,0,0,40,0
29831,49,135643,9,0,0,40,0
29833,19,117444,9,0,0,30,0
29834,38,202683,9,0,0,40,0
29837,32,227160,10,0,0,40,0
29838,57,158077,13,0,0,40,0
29839,38,191103,15,0,0,99,1
29840,25,193701,13,0,0,38,0
29841,40,143046,13,0,0,45,0
29845,21,203055,10,0,0,40,0
29848,22,177107,11,0,0,35,0
29849,64,113929,9,0,0,35,0
29851,40,222011,14,3325,0,40,0
29855,32,83253,10,0,0,60,0
29857,25,346159,9,0,0,40,0
29858,55,272656,13,0,0,55,1
29859,22,60552,10,0,0,40,0
29861,38,112158,9,0,0,99,0
29864,34,79586,13,0,0,60,0
29868,58,159021,5,0,0,40,0
29870,29,162312,10,0,0,45,0
29875,42,208875,10,0,0,40,1
29876,29,58744,12,0,0,60,0
29878,40,69333,13,0,0,40,0
29880,34,197886,13,0,0,60,1
29881,57,253914,2,0,0,35,0
29882,24,89154,5,0,0,40,0
29887,18,169652,7,0,0,12,0
29888,20,217467,10,0,0,40,0
29889,27,162104,5,0,0,40,0
29891,40,179533,9,0,0,75,1
29892,27,149624,10,0,0,30,0
29893,27,289147,9,0,0,40,0
29894,43,347720,13,0,0,50,0
29896,17,193199,7,0,0,12,0
29898,49,173115,6,4416,0,99,0
29902,33,104525,9,0,0,40,0
29903,25,104097,13,2829,0,60,0
29912,50,150999,14,0,1977,40,1
29913,31,157673,9,0,0,40,0
29918,31,31740,11,0,0,55,0
29919,39,498785,9,0,0,40,0
29920,36,35945,4,7298,0,45,1
29925,47,191957,13,0,0,40,1
29927,62,129246,9,0,0,40,0
29929,40,114580,9,0,0,40,0
29930,20,119215,10,0,0,40,0
29931,45,240554,13,0,0,40,1
29937,30,101345,9,0,0,26,0
29938,20,117618,10,0,0,40,0
29940,42,143046,9,0,0,40,0
29941,46,326857,14,0,2415,65,1
29942,43,203642,13,0,0,40,1
29944,21,240517,10,0,0,70,0
29949,64,223830,5,0,0,38,0
29950,42,154374,9,0,0,50,1
29955,45,60267,9,0,0,40,1
29957,24,137876,9,0,0,50,0
29961,57,31532,13,0,0,40,0
29962,37,30973,9,0,0,40,0
29964,32,295282,9,0,0,48,0
29965,42,190786,11,0,0,40,0
29968,36,186212,12,0,0,50,0
29971,39,82622,13,0,0,45,0
29973,38,318886,13,0,0,52,0
29974,18,256005,9,0,0,40,0
29977,82,240491,9,0,0,40,0
29978,33,154120,9,0,0,45,0
29984,47,131826,10,0,0,40,0
29985,48,79646,7,0,0,50,0
29988,50,114056,11,0,0,84,0
29989,57,110417,10,0,0,75,0
29990,60,33266,9,0,0,40,0
29991,39,154410,9,0,0,40,1
29992,56,154537,10,0,0,50,1
29996,20,314422,9,0,0,30,0
29997,29,273771,14,0,0,45,0
30001,51,74275,9,0,0,40,0
30003,45,225456,13,0,1977,40,1
30009,39,388023,9,0,0,38,0
30010,39,181553,13,0,0,55,0
30012,28,187479,10,0,0,55,0
30013,44,277720,10,0,0,35,0
30014,48,493862,9,7298,0,38,1
30015,27,220754,9,0,0,70,0
30016,34,209768,9,0,0,40,0
30017,35,93225,9,0,0,40,0
30019,25,236242,15,0,0,30,0
30022,63,111306,4,0,0,10,0
30023,18,198614,7,0,0,8,0
30026,19,172368,7,0,0,20,0
30027,23,60331,10,0,0,60,0
30028,38,154568,14,0,0,40,0
30029,36,192939,14,0,1977,60,1
30036,23,37783,10,0,0,40,0
30038,48,255439,10,0,0,40,0
30039,31,344275,9,0,0,44,0
30040,31,70568,2,0,0,25,0
30041,18,127827,8,0,0,25,0
30044,51,136322,9,0,1579,40,0
30046,72,177769,6,0,0,15,0
30048,42,424855,10,3908,0,40,0
30049,37,81853,9,0,0,40,0
30053,65,469602,13,0,0,15,0
30062,39,98941,13,0,0,40,1
30065,73,191394,15,0,0,40,0
30069,57,32694,16,0,0,40,1
30079,59,162136,10,0,0,56,0
30081,40,162098,9,0,0,30,0
30084,63,176696,9,0,0,40,1
30085,51,220019,12,0,0,40,0
30086,34,242984,13,0,0,50,0
30088,17,132636,7,0,0,15,0
30089,20,108887,10,0,0,25,0
30091,41,112181,13,0,0,12,1
30092,56,391926,9,0,0,40,0
30093,17,195505,6,0,0,5,0
30094,31,43819,13,7688,0,43,1
30095,23,145389,10,0,0,40,0
30100,28,213276,9,0,0,50,0
30106,54,205066,6,0,0,36,0
30107,26,56929,13,0,0,50,0
30108,34,25322,13,0,2339,40,0
30110,34,150154,9,0,0,40,0
30111,58,142076,9,4787,0,39,1
30112,30,112139,9,0,0,40,0
30118,33,428271,9,0,0,35,0
30120,47,168211,9,0,0,44,0
30121,34,277314,12,0,1902,50,1
30122,44,316120,15,0,0,40,1
30124,45,112453,9,0,0,4,0
30126,65,105017,13,0,0,40,0
30127,45,317360,13,0,0,50,0
30128,23,189017,13,0,0,55,0
30129,54,138179,9,0,0,40,0
30131,45,265083,3,0,0,35,0
30132,50,185846,9,0,0,40,0
30133,40,184655,12,0,0,25,0
30134,24,200295,10,0,0,40,0
30136,50,63000,10,0,0,60,1
30138,47,52795,10,0,0,46,0
30144,49,275845,10,0,0,60,0
30145,44,241851,11,4386,0,40,1
30146,72,89299,9,0,0,16,0
30150,40,170730,9,0,0,50,0
30152,55,51499,10,0,0,72,0
30153,28,195000,13,0,0,45,0
30155,37,184964,14,0,0,45,1
30160,57,327901,6,0,0,40,0
30161,53,215990,10,0,0,35,0
30163,33,322873,9,0,0,50,0
30165,70,26990,9,0,0,60,0
30167,50,189107,9,0,0,40,0
30170,33,155475,9,0,0,40,0
30171,47,135803,9,0,0,25,0
30175,48,174794,11,0,0,40,0
30176,37,204277,9,0,1848,48,1
30177,55,182460,9,15024,0,35,1
30180,43,106760,9,0,0,50,1
30182,55,222615,14,0,0,60,0
30186,47,162187,10,0,1887,40,1
30187,25,242729,13,0,0,20,0
30188,52,253784,7,0,0,20,0
30196,22,446140,9,0,0,55,0
30198,23,56774,9,0,0,40,0
30200,35,176279,10,0,0,30,0
30204,34,149943,9,0,0,40,0
30205,38,22245,16,0,0,45,1
30206,33,93056,4,0,0,40,0
30207,43,270522,9,0,0,26,0
30209,81,123959,13,0,1668,3,0
30212,46,154083,14,0,0,25,0
30215,29,50028,10,0,0,40,0
30218,36,44364,9,0,0,36,0
30221,28,56340,14,0,0,40,0
30222,33,156015,13,0,0,40,1
30225,38,187411,9,0,0,40,1
30226,47,155124,11,0,1669,40,0
30227,25,396633,10,0,0,56,1
30228,45,182313,13,7688,0,50,1
30230,66,260111,10,0,0,40,1
30234,49,94215,8,0,0,40,0
30235,41,151990,11,0,0,15,1
30236,48,188081,9,0,0,40,1
30242,35,202950,9,0,0,55,1
30244,66,197816,13,10605,0,40,1
30246,52,138497,13,0,0,45,1
30247,24,57711,14,0,0,35,1
30254,45,140664,12,0,0,55,0
30256,40,160369,14,0,2415,45,1
30261,40,165815,10,0,0,40,0
30266,44,134120,9,0,0,40,1
30270,76,203910,9,0,0,17,0
30273,31,49398,10,0,0,40,0
30274,33,159303,9,0,0,40,0
30276,29,190539,13,0,1590,50,0
30279,42,201495,13,0,0,40,0
30280,37,52221,7,0,0,40,0
30283,28,176027,9,0,0,28,0
30286,76,164835,9,0,0,25,0
30289,43,63503,13,0,0,40,1
30291,45,160647,13,4687,0,35,1
30292,38,363395,10,0,0,40,0
30299,17,331552,8,0,0,30,0
30305,20,263612,10,0,0,40,0
30308,34,35644,10,0,0,40,1
30314,37,259882,11,0,0,6,0
30315,36,217077,9,0,0,50,0
30319,42,70655,9,0,0,40,0
30320,35,64874,12,0,0,40,0
30321,40,219240,9,0,0,22,0
30325,57,195835,9,0,0,40,0
30328,71,162297,9,0,0,20,0
30329,47,169549,9,0,0,40,1
30332,33,529104,7,0,0,50,0
30334,39,180868,7,0,0,40,0
30338,24,52242,9,0,0,40,1
30339,28,224629,14,0,0,30,0
30340,20,197997,9,0,0,40,0
30341,34,46144,10,0,0,40,0
30343,25,212311,10,0,0,40,0
30344,36,232874,13,0,0,40,0
30347,57,299358,9,0,1719,25,0
30349,56,129836,9,0,0,10,0
30350,24,225515,13,0,0,40,0
30353,27,183523,10,0,0,40,1
30362,31,97453,9,0,0,40,0
30363,26,242464,9,3103,0,40,1
30364,54,155233,13,14084,0,40,1
30373,23,179413,9,0,0,40,0
30374,35,180137,10,0,0,60,0
30375,17,179319,6,0,0,30,0
30376,19,45766,10,0,0,45,0
30378,59,214052,3,0,0,40,0
30379,37,201141,9,0,0,37,0
30380,74,43599,9,0,0,20,0
30384,20,181370,10,0,0,40,0
30386,51,84399,9,0,0,40,0
30387,17,143331,6,0,0,15,0
30389,19,175495,9,0,0,24,0
30390,58,83542,9,0,0,40,0
30391,57,214619,10,0,0,40,0
30392,37,160035,10,0,0,40,0
30398,41,320984,15,99999,0,65,1
30401,40,105794,15,14084,0,50,1
30403,31,123037,10,0,0,13,0
30404,41,339682,3,0,0,40,0
30408,36,46706,9,0,0,40,0
30409,42,190290,12,0,0,40,1
30412,38,121602,9,0,0,40,0
30415,35,339772,9,0,0,40,0
30416,21,185582,10,0,0,43,0
30417,26,260614,9,0,0,40,0
30418,19,53220,9,0,0,40,0
30419,43,213844,9,0,0,42,1
30420,33,213226,9,0,0,60,0
30422,52,193116,6,0,0,45,0
30426,51,111939,13,0,0,50,1
30429,32,396745,13,0,2415,48,1
30432,33,98145,10,0,0,30,0
30438,17,270942,9,0,0,35,0
30439,56,193622,9,0,0,40,0
30441,27,160178,10,0,0,38,0
30442,38,680390,9,0,0,20,0
30443,33,96245,12,0,0,50,0
30444,26,34803,9,0,0,40,0
30447,55,23789,9,0,0,40,0
30449,66,169804,13,20051,0,40,1
30452,34,162814,9,0,0,45,0
30455,22,209131,12,0,0,20,0
30456,46,157117,9,0,0,40,0
30457,29,172865,9,0,0,50,0
30458,19,29798,8,0,0,20,0
30459,71,229424,9,0,0,40,0
30461,52,238959,14,0,0,32,1
30465,37,111128,10,0,0,50,1
30469,29,29974,9,0,0,40,0
30473,54,312897,16,0,0,46,1
30475,34,160261,9,14084,0,35,1
30476,32,116834,9,0,0,5,0
30477,23,203076,10,0,0,40,0
30478,66,201197,13,0,0,45,1
30480,55,156797,10,0,0,40,0
30481,24,283896,9,0,0,40,0
30486,25,86872,9,0,0,40,0
30487,49,167523,13,0,0,40,0
30488,58,154950,13,0,0,40,1
30489,40,171231,13,0,0,40,0
30490,62,244933,14,0,0,45,0
30491,54,256908,13,0,0,25,1
30495,32,167106,9,0,0,40,0
30496,22,50065,13,0,0,35,0
30498,53,199665,13,0,0,30,1
30499,47,343579,9,0,0,40,0
30505,25,77071,13,0,2339,35,0
30506,42,115085,9,0,0,50,0
30507,43,170525,13,14344,0,40,1
30509,57,34297,4,0,0,40,1
30510,40,180985,14,0,0,50,1
30511,62,33365,9,0,0,40,0
30512,20,197752,10,0,0,16,0
30518,46,367251,10,0,0,40,1
30519,72,172407,15,99999,0,50,1
30522,40,45093,9,0,0,45,0
30524,41,219591,9,0,0,40,0
30525,41,76625,9,0,0,40,0
30528,54,238257,13,0,0,50,0
30531,59,95165,16,0,0,40,0
30534,36,181382,11,3103,0,40,1
30535,21,207782,10,0,0,30,0
30536,68,103161,9,0,0,32,0
30538,26,201138,11,0,0,35,0
30541,21,176262,12,0,0,18,0
30542,22,264738,9,0,0,42,0
30548,23,192978,9,0,0,40,0
30551,20,115057,10,0,0,40,0
30552,28,139568,7,0,0,40,0
30553,52,138497,13,0,0,60,0
30554,40,182460,14,0,0,38,1
30555,22,253310,13,0,0,7,0
30556,29,130856,9,0,0,45,0
30557,31,389765,4,0,0,60,0
30558,42,52781,14,0,1902,40,1
30562,43,483450,5,0,0,40,0
30563,43,198316,13,0,0,50,1
30565,17,325171,6,0,0,35,0
30566,54,172898,15,5178,0,50,1
30567,45,186473,9,0,0,40,0
30568,55,286967,6,0,0,45,0
30569,51,111939,9,0,0,35,1
30570,65,325089,6,0,0,40,0
30571,21,143582,13,0,0,45,0
30572,40,308027,9,0,0,40,0
30574,53,39643,9,0,0,58,0
30575,39,186191,14,0,1848,50,1
30576,56,267763,9,0,0,40,0
30577,37,124293,10,0,0,50,0
30578,44,36271,13,0,0,40,0
30580,36,186376,10,0,0,50,1
30584,26,192302,10,0,0,25,0
30585,22,156822,6,0,1762,25,0
30586,25,214413,14,0,0,40,0
30588,41,223934,12,0,0,38,0
30590,43,137722,9,0,0,40,0
30591,30,261677,5,0,0,40,0
30592,33,136331,9,0,0,50,0
30593,34,329993,10,0,0,40,0
30598,47,236805,10,0,0,60,0
30599,27,74883,13,0,0,40,0
30601,43,150528,14,0,0,40,1
30602,36,43701,10,0,0,20,0
30603,37,419053,9,0,0,40,0
30605,24,390348,9,0,0,40,0
30609,43,33521,13,0,0,70,1
30612,36,356824,9,0,0,40,0
30613,53,158746,10,0,0,40,0
30614,22,153323,10,0,0,20,0
30617,45,362883,9,5013,0,40,0
30618,43,182757,9,0,0,40,1
30620,43,101709,10,0,0,40,0
30621,21,202570,8,0,0,48,0
30623,36,136343,13,0,0,40,1
30624,64,142166,13,0,0,45,0
30628,41,190368,13,0,0,70,0
30629,29,19793,10,0,0,8,0
30630,28,67661,10,0,0,40,0
30631,23,62278,10,0,0,45,0
30635,25,159603,9,0,0,34,0
30637,54,123011,9,0,0,40,1
30639,34,66309,9,0,0,35,0
30640,38,73471,10,0,0,50,0
30643,35,184655,9,0,0,62,0
30644,23,55492,11,0,0,30,0
30645,23,175266,10,0,0,40,0
30651,22,189203,12,0,0,15,0
30652,49,330874,10,0,0,70,1
30654,24,201179,9,0,0,40,0
30657,33,103860,10,0,0,50,0
30658,22,106700,12,0,0,27,0
30661,25,123083,13,0,0,40,0
30662,75,125197,9,0,0,26,0
30666,40,76487,9,0,0,40,0
30667,58,215245,13,0,0,37,0
30669,21,179720,9,0,0,30,0
30671,45,341995,11,0,1902,42,1
30673,34,344275,9,0,0,70,0
30674,23,150463,9,0,0,40,0
30678,52,77392,9,0,0,60,0
30680,56,357118,13,0,0,60,0
30682,37,352882,9,0,0,70,1
30685,34,400416,7,0,0,45,0
30687,41,106900,13,0,1902,42,1
30693,68,165017,9,0,0,40,1
30694,35,238342,9,0,0,40,0
30695,32,857532,9,0,0,40,0
30697,17,260797,6,0,0,23,0
30704,29,107160,9,0,0,40,0
30706,21,131230,9,0,0,37,0
30707,67,274451,6,0,0,16,0
30711,21,206681,7,0,0,40,0
30712,28,268726,9,0,0,46,0
30715,29,126822,9,0,0,35,0
30716,39,168355,9,0,0,70,0
30718,43,373403,11,0,0,40,0
30721,31,111567,5,0,0,43,1
30723,27,145784,10,0,0,45,0
30726,34,345360,13,0,0,40,0
30727,43,198096,9,7688,0,40,1
30729,21,206354,9,0,0,35,0
30731,21,26410,9,0,0,40,0
30734,20,38620,10,0,0,20,0
30735,36,89040,7,0,0,47,0
30738,21,131230,10,0,0,10,0
30743,26,142081,9,0,0,40,0
30745,41,47858,13,0,0,40,1
30748,38,184655,9,0,1740,48,0
30750,45,185399,14,0,0,55,0
30752,38,40077,9,0,0,50,1
30753,34,31740,9,0,0,40,0
30757,45,213646,13,7298,0,40,1
30759,47,80282,16,0,0,45,0
30761,61,60641,10,0,0,30,0
30762,33,124827,9,0,0,40,0
30763,67,105438,9,0,0,40,0
30772,61,136787,10,0,0,40,1
30773,22,107882,9,0,0,20,0
30774,34,172579,11,0,0,40,0
30776,35,38905,10,0,0,50,0
30780,28,196971,13,0,0,43,0
30783,27,283913,3,0,0,65,0
30784,36,147258,10,0,0,60,0
30785,27,139903,9,0,0,30,0
30786,52,112959,10,0,0,40,0
30787,57,264148,9,0,0,45,0
30788,23,256211,10,0,0,24,0
30792,50,204402,9,0,0,84,1
30794,51,199005,13,0,0,40,1
30799,59,140569,10,14084,0,60,1
30800,39,87556,14,6849,0,40,0
30806,32,206609,9,0,0,40,0
30809,65,87164,7,0,0,20,0
30810,57,146103,13,0,0,45,1
30811,48,169324,9,0,0,32,0
30812,46,138370,4,0,1651,40,0
30813,27,29523,6,0,0,40,0
30814,29,383745,10,0,1485,40,1
30817,51,175985,9,0,0,40,0
30818,35,189404,10,0,1740,40,0
30820,30,182926,10,15024,0,40,1
30821,65,243858,9,0,0,15,0
30824,41,204682,9,2174,0,40,0
30825,17,73145,5,0,0,16,0
30828,39,93319,9,0,0,4,0
30829,24,212300,9,0,0,38,0
30830,52,187356,6,0,0,41,0
30832,22,211361,13,0,0,30,0
30843,38,220237,11,0,0,40,1
30844,39,101073,12,0,0,24,0
30845,59,69884,15,0,0,50,0
30850,31,200117,9,0,0,40,0
30852,66,188842,13,0,0,24,0
30854,60,336188,15,0,2415,80,1
30857,25,197728,13,0,0,20,0
30859,26,133373,13,0,0,44,0
30863,35,187415,3,0,0,50,0
30865,56,98361,14,0,0,40,1
30867,46,316205,13,0,0,40,1
30868,33,226629,10,0,0,35,0
30869,26,180886,14,0,0,30,0
30873,19,223648,7,0,0,20,0
30874,27,179915,13,0,0,99,0
30877,43,421837,10,7298,0,50,1
30879,44,77313,9,0,0,40,0
30880,36,231948,9,0,0,64,1
30882,29,79387,13,0,0,50,1
30884,42,177937,13,0,0,45,0
30885,80,173488,10,0,0,20,0
30887,55,147989,10,5013,0,52,0
30889,23,62278,9,0,0,40,0
30891,24,295763,13,0,0,50,0
30894,39,227597,9,0,0,50,0
30895,22,117606,13,0,0,25,0
30896,67,44774,13,0,0,40,0
30898,38,172571,13,0,1848,54,1
30900,50,153931,9,0,0,40,0
30902,23,157127,10,0,0,20,0
30904,32,281030,9,0,0,40,0
30905,44,203761,13,10520,0,40,1
30906,27,167405,9,0,0,40,0
30907,40,188436,10,7298,0,40,1
30908,43,388849,12,0,0,60,0
30910,57,200316,10,0,0,40,1
30912,22,236684,11,0,0,36,0
30913,20,247794,11,0,0,35,0
30914,27,267325,9,3464,0,40,0
30915,39,279490,10,0,0,40,0
30916,27,280618,14,0,0,40,0
30918,31,226494,13,0,0,45,0
30920,25,108317,13,0,0,40,0
30921,29,147256,12,0,0,40,1
30923,62,114060,4,0,0,91,0
30926,32,402089,13,0,0,2,0
30927,19,425447,9,0,0,40,0
30928,20,137300,11,0,0,40,0
30931,37,112497,14,0,0,50,1
30934,28,137898,12,0,0,35,0
30935,33,153151,9,4416,0,40,0
30937,38,193815,14,0,0,45,1
30939,42,101593,13,0,0,60,1
30940,27,164924,9,0,0,40,0
30941,41,174201,9,0,0,40,0
30943,55,144071,7,0,0,45,0
30944,30,180859,10,0,0,8,0
30945,54,221915,10,0,0,50,0
30947,21,351084,9,0,0,40,0
30950,31,182539,10,0,0,45,0
30951,22,215395,9,0,0,37,0
30955,57,412952,10,0,0,40,0
30957,58,316000,9,0,0,40,1
30963,26,276075,10,0,0,40,0
30964,50,96657,13,0,0,40,0
30965,22,374313,9,0,0,50,1
30968,58,104613,12,0,0,50,1
30969,17,303317,7,0,0,40,0
30972,29,375078,4,0,0,40,0
30973,20,232799,9,0,0,25,0
30974,30,210851,10,0,0,40,0
30975,47,213745,10,0,0,45,0
30976,51,204447,10,0,0,45,1
30978,24,237386,10,0,0,42,0
30979,44,182629,14,0,0,24,0
30982,51,237630,9,7298,0,50,1
30986,54,284952,6,0,0,43,0
30988,45,198759,16,0,0,60,0
30989,30,227886,9,0,0,35,0
30990,32,391874,9,0,0,40,0
30991,23,184370,9,0,0,40,0
30992,84,135839,11,0,0,14,0
30993,46,194698,13,0,0,60,0
30994,67,342175,14,2009,0,40,0
30999,55,123382,9,0,2001,40,0
31001,17,99462,7,0,0,20,0
31002,60,170310,3,0,0,40,0
31003,31,199883,8,0,0,40,0
31005,31,393357,5,0,0,48,0
31011,39,257942,9,0,0,40,0
31012,37,269300,10,0,0,27,0
31013,47,137354,10,0,0,40,0
31016,30,164190,15,0,0,40,0
31017,49,153536,10,14084,0,44,1
31020,48,369522,13,0,0,25,1
31021,20,110998,10,0,0,30,0
31022,32,205152,9,3103,0,40,1
31027,25,47011,13,0,0,20,0
31028,49,149949,9,0,1876,40,0
31029,30,59496,10,0,0,40,0
31031,44,109912,16,15024,0,32,1
31035,38,242559,9,0,0,38,0
31038,52,22428,13,0,0,60,1
31039,32,239150,10,0,0,40,0
31040,37,170563,11,0,0,32,0
31042,39,286026,13,0,0,40,1
31045,40,165726,11,0,0,40,0
31046,42,70055,7,0,0,45,0
31047,35,184655,13,0,0,40,0
31048,39,139906,9,0,0,81,0
31050,22,146540,7,0,0,50,0
31051,53,132304,10,0,0,40,0
31054,44,755858,9,0,0,70,1
31055,52,127315,14,0,0,40,1
31057,34,184942,7,0,0,50,0
31059,37,188377,9,0,0,40,0
31062,48,140782,14,0,1902,38,1
31064,36,151094,11,0,0,48,0
31066,17,151141,7,0,0,15,0
31069,31,128016,13,0,0,40,0
31071,32,250354,6,0,0,45,0
31075,39,257175,13,0,625,40,0
31076,59,174864,9,0,1485,45,1
31077,42,196029,13,0,0,48,1
31081,50,221791,12,0,0,40,0
31082,56,197114,9,0,0,28,0
31084,58,274917,14,0,0,15,0
31085,32,348460,11,0,0,50,0
31089,48,345006,13,0,0,45,0
31090,55,195329,9,2202,0,35,0
31092,50,138022,10,0,0,40,0
31097,39,165235,13,0,0,40,1
31099,44,230684,13,7688,0,50,1
31101,33,248584,10,0,0,50,0
31102,55,436861,14,14084,0,40,1
31105,43,114043,10,0,0,40,0
31106,29,169544,11,0,0,40,0
31107,56,343849,10,0,0,40,0
31112,48,302612,14,0,0,40,0
31114,29,193152,9,0,1408,40,0
31116,44,119281,15,0,0,50,1
31119,32,161153,9,0,1902,55,1
31120,43,287008,14,0,0,35,1
31121,21,654141,9,0,0,32,0
31124,19,219742,10,0,0,15,0
31126,20,60639,10,0,0,28,0
31130,62,110586,10,0,0,40,0
31131,24,143062,9,0,0,30,0
31132,17,413557,5,0,0,40,0
31133,26,137658,10,0,0,45,0
31134,36,398931,9,0,0,40,0
31136,58,98725,16,0,0,50,1
31137,38,140854,13,0,0,40,1
31138,72,97304,9,2346,0,40,0
31140,45,27184,9,0,0,38,0
31141,72,237229,11,0,0,30,0
31142,60,142494,10,15024,0,40,1
31143,27,210313,9,0,0,50,0
31145,37,26698,10,0,1485,44,1
31147,38,107909,13,0,0,40,1
31152,40,93793,9,0,0,50,1
31153,26,247025,11,0,0,40,0
31155,29,221977,10,0,0,40,1
31156,25,339956,10,0,0,40,0
31157,29,161097,9,0,0,40,1
31158,60,223696,2,0,0,38,0
31159,31,234500,13,0,0,40,0
31162,36,174938,13,0,0,20,0
31168,58,158506,7,0,0,16,0
31169,36,201769,7,13550,0,40,1
31175,50,129673,13,0,0,50,1
31176,35,205584,3,0,0,40,0
31179,37,224886,9,0,0,42,0
31182,23,107452,10,0,0,40,0
31186,55,286230,7,0,0,20,0
31187,59,186308,14,0,0,50,0
31188,22,113062,13,0,0,40,0
31190,41,262038,3,0,0,35,0
31191,32,279231,11,0,0,40,0
31192,67,188903,4,2414,0,40,0
31193,45,183786,9,0,0,35,0
31194,61,339358,3,0,0,45,0
31195,34,287737,13,0,0,40,0
31196,43,99203,11,0,0,40,0
31198,35,113481,16,0,0,60,0
31199,65,204042,9,0,0,20,0
31203,42,99679,9,0,0,60,1
31208,40,137367,10,0,0,50,0
31210,47,280798,10,0,0,40,1
31211,32,203849,10,0,0,40,0
31212,46,62546,16,0,0,35,0
31218,40,173321,9,0,0,32,0
31222,58,104945,5,0,0,60,0
31223,51,85423,9,0,0,55,1
31224,31,214235,9,0,0,65,0
31226,23,27415,7,0,0,40,0
31228,21,277408,10,0,0,35,0
31229,39,336793,14,0,0,55,1
31231,51,74660,6,0,0,40,1
31234,56,121362,13,0,0,32,0
31236,63,268965,8,0,0,40,0
31237,61,136262,9,0,0,50,1
31239,52,108083,14,0,0,50,1
31240,19,82210,9,0,0,50,0
31243,35,187053,9,0,0,60,1
31245,23,413345,13,0,0,60,0
31247,20,223811,9,0,0,40,0
31248,19,159313,9,0,0,40,0
31250,59,135617,7,0,0,40,0
31251,38,187346,9,0,0,40,0
31252,36,108103,9,0,0,50,0
31253,27,255476,3,0,0,40,0
31256,22,264102,10,0,0,39,0
31257,37,167777,9,0,0,52,0
31260,55,199856,9,0,0,50,0
31261,29,189765,3,0,0,40,0
31262,32,193042,13,0,0,44,0
31263,66,222810,10,0,0,35,0
31265,23,208826,13,0,0,40,0
31266,50,120190,14,0,0,45,0
31267,40,27242,9,0,0,84,0
31271,52,254285,16,0,1887,70,1
31274,36,411797,13,0,0,35,1
31277,35,243409,10,0,0,40,0
31280,50,24185,13,0,0,38,1
31282,44,106900,14,0,0,44,1
31283,52,53497,11,0,0,40,0
31284,35,335704,12,0,0,60,0
31287,36,77146,13,15024,0,45,1
31288,39,67433,13,0,0,40,0
31290,26,190469,13,0,0,40,0
31293,70,336007,3,0,0,20,0
31294,26,167350,9,0,0,50,0
31296,48,125892,13,0,0,40,1
31298,48,175221,9,0,0,40,0
31299,52,180195,13,0,0,40,1
31305,19,43937,10,0,0,20,0
31306,37,210438,7,0,0,40,0
31307,23,176724,7,0,0,40,0
31310,28,197932,10,0,0,16,0
31311,32,193285,9,0,0,40,0
31312,49,223342,10,0,0,44,0
31313,35,49749,10,0,0,40,1
31322,37,162494,13,0,0,40,0
31324,28,375313,9,0,0,40,0
31326,32,127895,10,0,0,35,0
31333,37,42044,9,0,0,35,0
31335,32,163604,14,0,0,20,0
31336,52,224198,9,0,0,48,0
31337,50,338283,10,0,0,40,1
31338,23,242375,9,0,0,30,0
31339,25,81286,9,0,0,45,0
31344,47,184579,10,0,0,60,0
31349,30,181372,13,0,0,33,1
31354,22,147227,13,0,0,30,0
31357,20,184678,9,0,0,32,0
31359,31,98639,13,0,0,40,0
31360,30,174201,10,0,0,40,0
31361,52,123780,9,0,0,38,0
31365,40,242619,13,4650,0,40,0
31367,27,113635,9,0,0,35,0
31369,53,218311,9,0,0,35,0
31371,49,314773,11,0,0,40,0
31373,18,400616,10,0,0,40,0
31374,25,208117,13,0,0,40,0
31377,19,162621,10,0,0,14,0
31379,63,196994,13,0,0,15,0
31382,51,276456,12,3103,0,30,1
31383,76,169133,10,0,0,30,0
31385,45,120131,9,0,0,50,1
31388,42,125461,13,4650,0,35,0
31391,29,53642,11,0,0,40,0
31392,41,154668,10,0,0,40,0
31394,35,54595,6,0,1980,40,0
31398,49,149049,10,14344,0,45,1
31400,35,178322,13,0,0,40,1
31401,31,286911,10,0,0,38,0
31410,28,95725,11,0,0,45,0
31412,53,167410,13,0,0,40,0
31413,31,158162,13,13550,0,50,1
31415,25,406955,9,0,0,40,0
31422,33,196342,16,0,0,45,1
31425,26,250066,11,0,0,40,0
31427,50,124076,13,0,0,40,1
31428,30,242122,9,0,0,40,0
31431,29,213842,10,0,0,40,0
31433,32,62165,13,0,0,40,0
31434,34,134737,13,0,0,40,1
31435,32,515629,9,0,0,40,0
31436,47,119199,10,0,0,40,0
31438,26,28443,11,0,0,40,0
31440,54,315804,9,0,0,40,0
31441,53,135840,13,0,0,55,1
31442,38,81232,13,0,0,40,1
31445,39,164898,9,0,0,40,0
31446,57,170066,9,0,0,25,1
31450,32,241885,6,0,0,40,0
31451,25,234190,10,0,0,35,0
31454,28,222442,9,0,0,51,0
31457,74,292627,2,0,0,40,0
31461,25,356017,7,0,0,99,0
31463,20,157541,10,0,0,40,0
31465,38,272944,9,0,0,40,0
31467,40,222011,14,0,0,45,1
31468,43,191196,10,0,0,55,1
31470,19,146679,10,0,0,30,0
31475,18,109445,9,0,0,25,0
31477,35,172571,11,0,0,50,0
31485,28,606111,16,0,0,60,1
31489,20,153516,10,0,0,30,0
31490,25,260754,13,0,0,40,0
31491,28,155621,10,0,0,50,0
31494,24,270075,13,0,0,50,0
31501,62,232719,14,0,0,50,0
31503,45,81132,9,0,0,40,0
31504,31,323069,12,0,880,45,0
31505,34,242984,9,0,0,48,0
31506,65,172684,13,0,0,44,1
31508,27,431637,15,0,0,70,0
31511,54,28518,9,0,0,50,1
31513,59,175942,9,0,0,45,1
31515,23,120773,9,0,0,40,0
31516,28,96219,13,0,0,15,0
31518,22,190429,10,0,0,20,0
31520,47,228660,10,0,1977,40,1
31523,37,233571,11,0,0,37,1
31525,49,84298,10,7688,0,40,1
31526,44,254303,10,0,0,45,0
31531,55,377061,13,0,0,40,1
31535,21,347292,9,0,0,40,0
31537,74,29887,9,0,0,10,0
31538,53,341439,14,0,0,60,1
31541,59,230899,5,0,0,40,0
31542,37,271767,13,0,0,48,1
31543,47,20956,13,0,1740,40,0
31547,18,234648,7,0,0,15,0
31550,62,122033,9,0,0,38,0
31553,21,372636,9,0,0,40,0
31557,31,99844,9,0,0,45,0
31558,31,207685,9,0,0,34,0
31564,54,109413,13,0,0,50,0
31565,59,212600,10,0,0,40,1
31566,55,271710,10,0,0,45,0
31567,70,230816,11,0,0,30,0
31570,36,187167,12,0,0,40,0
31572,44,282062,4,0,0,40,0
31574,25,280093,7,0,0,40,0
31577,54,392286,12,0,0,50,1
31579,49,195554,9,0,0,44,0
31582,39,164712,10,0,0,40,0
31584,21,199444,9,0,0,44,0
31585,23,126346,5,0,0,30,0
31591,19,109938,7,0,0,40,0
31592,41,267252,10,0,1902,40,1
31595,18,200603,9,0,0,30,0
31601,53,82646,16,0,0,55,1
31602,24,162282,9,0,0,40,0
31604,29,214925,14,0,0,60,0
31605,23,194247,10,0,0,40,0
31607,32,223267,14,0,0,48,0
31609,41,188738,9,0,0,27,0
31616,52,146711,13,0,0,50,1
31619,42,224203,10,0,0,40,0
31624,46,144351,14,0,0,40,1
31626,57,103529,14,0,0,38,1
31627,25,199472,11,0,0,38,0
31631,17,634226,6,0,0,17,0
31632,43,159449,9,0,0,40,0
31633,56,110238,13,0,0,40,1
31634,19,458558,9,0,0,40,0
31636,42,155106,10,0,0,45,0
31637,90,90523,9,0,0,99,0
31638,25,122756,7,0,0,35,0
31640,48,299291,9,0,0,44,0
31642,27,122038,9,0,0,48,0
31643,46,160647,13,0,0,38,0
31644,32,106541,3,0,0,40,0
31649,28,315417,15,2176,0,40,0
31650,40,57233,9,0,0,60,1
31652,54,172991,9,0,0,40,0
31655,25,213385,10,0,0,80,0
31657,55,145574,9,34095,0,60,0
31658,39,147548,9,0,0,40,0
31660,28,77760,9,0,0,40,0
31661,35,167990,5,0,0,40,0
31662,44,167005,9,0,0,48,1
31664,55,56645,13,0,0,40,0
31667,45,220641,10,0,0,40,0
31668,45,101452,14,15024,0,60,1
31669,35,188888,13,0,0,40,1
31674,23,203715,9,0,0,40,0
31677,51,106151,7,0,0,40,0
31678,40,362482,11,0,0,50,0
31679,24,38151,10,0,0,12,0
31680,20,42706,10,0,0,72,0
31682,26,165510,9,0,0,40,0
31684,23,215624,10,0,0,40,0
31685,40,239708,9,0,0,50,0
31686,49,199378,9,0,0,40,0
31687,32,230420,9,0,0,45,0
31690,62,210142,11,0,0,50,1
31698,51,136836,12,0,0,30,0
31700,28,139903,13,0,0,40,0
31701,57,106103,10,0,0,60,1
31704,17,142912,6,0,0,40,0
31708,35,147258,10,0,1974,40,0
31710,36,149833,9,0,0,40,0
31712,33,287908,10,0,0,50,1
31713,36,166549,10,0,0,40,0
31714,31,25216,13,0,0,40,0
31718,34,82938,9,0,0,50,0
31720,33,118710,11,0,0,40,0
31721,59,243226,6,0,0,40,0
31722,67,268514,13,0,0,40,0
31726,24,283757,13,0,0,39,0
31733,64,119506,9,0,0,15,0
31737,19,194205,10,0,0,40,0
31738,22,141040,9,0,0,35,0
31739,56,346033,5,0,0,40,0
31740,22,177125,10,0,0,50,0
31741,37,241174,13,0,0,99,1
31745,22,244771,7,0,0,40,0
31746,38,48123,10,0,0,40,0
31750,56,33323,9,0,0,40,0
31751,42,175943,11,7298,0,35,1
31754,20,113511,7,0,0,40,0
31756,42,236021,9,0,0,40,1
31757,20,371089,9,0,0,40,0
31758,61,115023,10,0,0,50,1
31761,27,105598,9,0,0,40,0
31763,31,204829,9,0,0,40,0
31765,36,370585,9,0,0,40,0
31769,43,55395,10,0,0,40,0
31773,44,38876,9,0,0,40,0
31777,67,224984,9,15831,0,16,1
31778,61,423297,16,0,0,40,1
31781,35,39207,9,0,0,40,0
31785,23,238092,13,0,0,40,0
31790,29,568490,9,0,0,40,0
31791,21,129345,10,0,0,40,0
31793,24,314165,10,0,0,20,0
31794,39,382859,9,0,0,40,1
31796,47,149700,13,15024,0,40,1
31797,62,209844,10,0,0,30,0
31799,20,228686,7,0,0,40,0
31802,54,310774,13,0,0,40,0
31806,26,82246,13,0,1876,38,0
31812,47,265275,10,0,0,40,0
31813,54,410114,9,0,0,40,0
31815,29,167716,9,0,0,99,0
31822,48,238966,10,0,0,40,0
31825,23,161874,10,0,0,40,0
31827,50,240374,14,0,0,40,1
31829,53,223696,8,0,0,56,0
31831,38,186959,13,0,0,50,0
31835,22,448626,10,0,0,40,0
31839,40,104196,13,0,1887,40,1
31842,53,148532,13,0,0,60,1
31844,24,225724,13,0,0,20,0
31846,46,170850,9,0,0,50,1
31849,31,115488,9,0,0,40,0
31850,29,1268339,9,0,0,40,0
31854,39,177181,4,0,0,40,0
31856,40,230961,10,0,0,40,0
31857,75,309955,15,0,2174,50,1
31862,28,191088,13,0,0,40,1
31863,19,63814,10,0,0,18,0
31864,36,285865,12,0,0,32,0
31866,50,299831,10,0,880,40,0
31867,47,162741,12,15024,0,40,1
31872,45,159816,14,0,1977,35,1
31875,34,202822,14,0,0,40,0
31876,48,379883,14,0,0,40,1
31877,68,123464,9,0,0,45,0
31880,31,234387,9,0,0,40,0
31882,32,125856,12,0,0,60,1
31885,50,124963,13,99999,0,55,1
31888,21,195532,9,0,0,40,0
31889,28,190067,13,0,1564,40,1
31890,63,181828,9,0,0,48,0
31891,32,203674,12,0,880,36,0
31892,25,322585,9,0,0,45,0
31893,59,246262,10,0,0,40,1
31895,49,139268,10,0,0,40,0
31896,36,188540,13,0,0,40,0
31900,48,182566,13,0,0,40,1
31901,43,220109,10,0,1672,44,0
31904,36,233571,10,0,0,4,0
31906,66,36364,9,0,2267,40,0
31907,59,168569,15,0,0,50,0
31909,29,271579,6,0,0,40,0
31910,28,191355,13,0,0,45,1
31912,42,83411,9,0,0,40,1
31915,27,132326,10,0,0,40,0
31916,45,220213,9,0,0,40,0
31918,43,156745,10,0,0,40,0
31919,39,218916,15,0,0,50,0
31922,59,73411,15,0,0,30,0
31923,36,184659,9,0,0,40,1
31924,72,75890,10,0,0,4,0
31925,35,320451,14,0,0,65,1
31927,30,131588,9,0,0,45,0
31928,40,124520,11,0,0,50,1
31931,68,198554,10,0,0,20,0
31932,45,26502,13,0,0,72,1
31934,36,150042,9,0,0,40,0
31939,39,129573,10,0,0,50,0
31940,26,27834,13,0,0,40,0
31941,52,415037,10,0,0,65,1
31942,52,191529,13,0,0,40,0
31943,84,132806,9,0,0,13,0
31944,33,137059,10,0,0,10,0
31946,30,164309,9,0,0,35,0
31950,31,467579,13,0,1887,40,1
31953,60,146674,9,0,0,50,0
31954,27,242207,13,0,0,40,0
31957,25,267284,9,0,0,40,0
31958,48,130812,9,0,0,40,0
31964,44,101689,10,0,0,40,0
31966,21,107801,10,0,0,6,0
31968,30,342709,9,0,0,40,0
31972,48,109832,14,0,1902,40,1
31973,39,116358,13,7688,0,40,1
31979,32,31740,14,0,0,40,0
31980,56,35520,9,0,0,42,0
31982,34,199227,10,0,0,55,0
31987,56,50791,14,0,1876,60,0
31988,33,222162,9,0,0,40,0
31990,44,104196,9,0,0,84,0
31991,30,455995,7,0,0,45,1
31994,30,292465,13,0,0,40,0
31995,38,99388,12,0,0,40,0
31999,62,162825,9,0,0,40,1
32000,55,271795,9,0,0,40,0
32003,50,248619,9,0,0,40,0
32004,36,130200,9,0,0,40,0
32007,37,125933,12,7688,0,50,1
32009,27,617860,10,0,0,40,0
32010,29,122112,13,0,0,50,0
32013,38,140117,10,0,0,20,0
32017,33,615893,14,0,0,40,0
32020,43,196084,14,0,0,55,0
32022,52,291096,12,7298,0,40,1
32024,19,131982,10,0,0,40,0
32026,53,42924,16,14084,0,50,1
32027,31,181091,13,0,0,40,1
32028,30,200246,11,0,0,40,0
32029,56,282023,9,0,0,40,0
32030,49,128990,13,0,0,40,1
32032,19,144750,10,0,0,18,0
32036,58,197114,7,0,0,40,0
32038,59,176118,14,0,0,40,1
32040,42,322385,11,2407,0,40,0
32041,53,123011,14,0,0,60,1
32043,36,130620,9,0,0,40,1
32046,29,94892,10,0,0,40,0
32049,48,114561,13,0,0,36,1
32052,27,37088,5,0,0,30,0
32054,63,156799,9,0,0,4,0
32056,52,194995,13,15024,0,55,1
32058,48,155664,9,7688,0,70,1
32059,27,182386,7,0,0,35,0
32060,53,281074,9,0,1092,40,0
32063,18,171088,10,0,0,40,0
32064,43,211763,16,0,0,24,1
32066,47,370119,15,0,0,50,1
32068,41,174575,9,0,1887,45,1
32070,38,292307,13,0,0,40,0
32072,39,314007,11,0,0,40,0
32074,36,76845,9,0,0,35,0
32076,50,54261,9,0,0,84,0
32077,21,223352,9,1055,0,30,0
32079,40,209833,9,0,0,40,0
32081,38,143538,9,0,0,40,0
32082,34,242960,11,0,0,50,0
32084,20,151105,12,0,0,25,0
32086,49,46537,9,594,0,10,0
32089,34,186269,9,0,0,40,0
32090,58,143731,9,0,0,72,1
32093,38,266325,13,0,0,32,1
32095,45,183710,9,0,0,48,0
32097,35,119992,12,0,0,45,0
32099,55,368727,10,0,0,40,0
32100,23,353696,9,0,0,40,0
32103,24,169532,12,0,0,15,0
32104,21,285522,10,0,0,40,0
32107,64,146110,10,0,0,24,0
32109,61,195595,4,0,0,40,0
32110,44,92649,9,0,0,40,1
32113,60,234854,16,0,1902,40,1
32116,29,150861,9,0,0,40,0
32117,51,87205,13,0,0,55,0
32124,23,256628,4,0,0,32,0
32126,46,207301,9,0,0,37,0
32128,46,125457,14,0,0,38,1
32129,36,212856,7,0,0,23,0
32132,27,68037,10,0,0,45,0
32136,30,174543,12,0,0,40,0
32137,47,208407,13,0,2002,30,0
32139,39,108540,9,0,0,40,0
32140,22,202416,13,0,0,40,0
32143,21,265148,9,0,0,38,0
32144,34,220631,11,0,0,50,0
32148,40,150533,13,0,0,40,0
32149,26,85482,9,0,0,40,0
32153,49,194895,13,0,0,40,0
32157,42,167581,13,0,0,40,0
32158,37,79586,13,0,0,40,0
32163,42,42346,9,0,0,35,0
32167,22,32921,10,0,0,20,0
32170,43,155106,13,0,0,53,0
32172,73,26248,4,0,0,30,1
32174,62,125155,9,0,0,38,0
32175,28,218039,9,0,0,40,0
32176,45,53524,10,0,0,40,0
32184,26,138597,9,0,0,25,0
32185,42,180985,6,99999,0,40,1
32186,62,159939,9,0,0,35,0
32193,26,211596,9,0,0,40,0
32197,23,193586,10,0,0,25,0
32198,23,91189,10,0,0,40,0
32199,54,227832,10,0,0,40,0
32203,23,201680,8,0,0,40,0
32204,42,228320,10,0,0,50,1
32206,21,103205,9,0,0,40,0
32209,58,126104,14,0,1980,45,0
32215,33,34102,9,0,0,35,0
32217,27,289484,10,0,0,40,0
32218,34,287908,9,0,0,42,0
32222,58,244605,11,3908,0,40,0
32223,38,150601,6,0,3770,40,0
32224,26,199143,9,0,0,50,0
32226,28,346406,9,0,1672,50,0
32228,29,280344,10,0,0,40,0
32230,41,277488,4,0,0,36,0
32232,31,158545,9,0,0,27,0
32233,23,313573,13,0,0,25,0
32234,31,591711,10,0,0,40,0
32237,59,233312,10,0,0,40,1
32238,23,520231,10,0,0,45,0
32239,24,186831,10,0,0,45,0
32241,65,198019,9,0,0,35,0
32246,39,99357,14,1506,0,40,0
32247,24,82847,9,0,0,50,1
32249,38,275223,10,7298,0,40,1
32250,19,117595,9,0,0,24,0
32253,18,192583,10,0,0,30,0
32256,57,32365,10,0,0,40,0
32257,48,28497,9,0,0,40,0
32259,25,160261,10,0,0,40,0
32261,20,91733,10,0,0,8,0
32262,74,146929,9,0,0,55,0
32263,44,205706,9,0,0,40,0
32265,54,279452,9,0,0,40,0
32267,38,22494,10,7443,0,40,0
32268,18,210026,6,0,0,40,0
32269,32,190889,14,0,0,40,0
32271,19,285263,5,0,0,35,0
32276,63,188914,9,0,0,40,0
32279,41,371382,10,0,0,40,1
32280,21,199177,9,0,0,40,0
32281,27,221366,10,3103,0,50,1
32285,64,159938,9,8614,0,40,1
32289,35,172327,13,0,0,42,0
32290,48,118889,9,2885,0,15,0
32295,24,141113,4,2580,0,40,0
32298,41,207578,12,0,0,50,1
32301,69,159522,4,2964,0,40,0
32303,45,192835,9,3942,0,40,0
32304,33,206280,9,0,0,40,0
32305,57,308861,10,0,0,40,0
32306,38,93206,13,0,1902,65,1
32307,40,206066,9,0,0,50,0
32310,26,287420,13,0,0,60,0
32311,24,163595,9,0,0,40,0
32312,35,170092,9,0,0,20,0
32314,42,59474,9,0,0,40,0
32316,37,206888,9,0,0,50,0
32317,28,177119,14,0,0,80,0
32319,24,182163,7,0,0,40,0
32322,23,297152,10,0,0,25,0
32325,58,316235,9,0,0,32,0
32328,18,188241,7,0,0,16,0
32332,54,221915,15,0,0,65,0
32335,42,160369,9,0,0,40,1
32339,38,197365,9,0,0,50,0
32343,27,155057,10,0,0,50,1
32345,44,323627,13,0,0,5,0
32346,23,154921,3,0,0,50,0
32348,60,184242,9,0,0,20,0
32351,29,253003,9,0,0,16,0
32352,57,250976,9,0,0,40,0
32356,44,187322,13,0,0,40,0
32357,57,130714,2,0,0,22,0
32358,37,40955,13,0,0,30,0
32360,51,145714,14,99999,0,50,1
32362,41,293485,10,3103,0,40,1
32363,28,203260,13,0,0,8,0
32364,37,143368,16,0,0,60,0
32367,53,81794,8,0,0,40,0
32371,44,240043,6,0,0,30,0
32372,43,186188,10,0,0,45,0
32375,31,236599,13,0,0,45,1
32378,45,102076,10,0,0,32,0
32383,39,30673,10,0,0,50,1
32384,69,248248,2,0,0,34,0
32386,32,177216,13,0,0,40,0
32389,74,194312,5,0,0,10,0
32390,43,111895,13,0,0,50,1
32391,18,193290,10,0,1721,20,0
32395,60,187458,4,0,0,40,0
32397,41,207578,9,0,0,40,1
32398,62,55621,10,0,0,35,1
32400,30,188798,10,0,0,20,0
32403,34,241885,9,0,0,45,0
32405,51,194097,9,0,0,40,0
32408,43,207685,9,0,0,40,0
32411,20,369678,9,0,0,43,0
32413,47,344916,12,0,0,40,0
32415,71,180733,14,0,0,20,0
32419,57,142791,4,0,1602,3,0
32420,58,43221,10,0,2415,40,1
32421,34,188736,9,0,0,20,0
32428,41,152742,11,3325,0,40,0
32429,28,153291,9,0,0,35,0
32431,23,96635,10,0,0,30,0
32432,46,202560,9,0,0,40,1
32434,39,114844,13,0,1876,50,0
32438,33,309350,9,0,0,40,0
32444,30,232475,9,0,0,40,0
32445,57,244605,10,0,0,50,1
32446,50,150876,9,0,1887,55,1
32447,51,257337,9,0,0,50,0
32453,45,175625,9,0,0,38,0
32456,40,168071,11,3325,0,40,0
32457,39,202027,15,0,1977,50,1
32458,36,202662,14,0,0,40,1
32460,19,119234,10,0,0,15,0
32461,37,360743,10,0,0,40,1
32462,60,93272,9,0,0,40,0
32470,33,251521,7,0,0,35,0
32473,26,71009,13,0,0,40,0
32485,41,352834,13,7688,0,55,1
32489,41,190786,13,0,0,20,0
32492,23,309580,14,0,0,40,0
32496,48,39986,9,0,0,40,0
32501,36,175759,13,7298,0,50,1
32502,21,262062,10,0,0,40,0
32506,57,136107,5,0,0,40,1
32508,54,210736,9,0,0,40,1
32510,52,185283,14,0,0,40,0
32511,27,180553,9,0,0,40,0
32512,45,199058,13,0,0,48,0
32519,56,32446,10,0,0,40,1
32520,44,33121,10,0,0,72,0
32525,29,206250,9,0,0,45,0
32527,35,135436,15,0,0,50,1
32529,52,160703,9,0,0,48,0
32535,46,224202,10,0,0,50,0
32537,28,231197,6,0,0,40,0
32542,56,161662,13,0,0,42,1
32546,56,183169,14,0,0,40,0
32549,36,408427,15,0,0,60,1
32552,31,184306,11,0,1980,60,0
32553,63,172740,10,0,0,40,0
32554,41,205153,11,0,0,40,0
32556,45,162606,9,0,0,35,0
32558,34,103408,10,0,0,40,1
32560,26,57512,11,0,0,48,0
32561,27,187981,9,0,0,40,0
32562,55,393768,11,0,0,40,0
32563,38,108726,9,0,0,40,1
32565,51,176240,12,0,0,40,1
32566,56,70720,8,0,0,40,1
32567,39,35890,12,0,0,40,0
32570,44,408717,9,3674,0,50,0
32572,37,177974,10,0,0,70,0
32573,34,177304,6,0,0,40,0
32582,33,168981,14,14084,0,50,1
32583,83,213866,9,0,0,8,0
32584,34,55176,10,0,0,40,1
32586,33,119176,10,0,0,40,0
32587,27,169117,9,0,1887,40,1
32588,38,156550,9,0,0,60,0
32589,25,109609,10,0,0,25,0
32591,52,236497,13,0,0,48,1
32592,33,306309,14,0,0,50,0
32596,34,112820,9,2463,0,40,0
32597,25,148300,13,0,0,15,0
32598,17,133449,5,0,0,26,0
32600,22,276494,9,0,0,40,0
32602,58,317479,9,0,0,40,0
32603,39,151248,10,0,0,35,0
32605,61,160062,9,0,0,40,0
32606,32,299635,11,0,0,45,0
32610,20,243878,10,0,0,40,0
32612,44,201435,11,0,0,40,1
32614,50,220019,14,0,0,40,0
32615,53,71772,16,0,0,50,0
32619,38,37778,9,0,0,60,0
32624,43,188436,11,0,0,48,0
32628,46,394860,13,0,0,38,0
32629,57,262642,9,0,0,40,0
32632,29,131310,12,0,0,40,0
32636,30,166961,13,0,0,37,0
32637,39,315291,9,0,0,40,0
32639,50,166565,9,0,0,50,0
32641,25,189219,13,0,0,40,0
32642,24,210781,13,0,0,40,0
32646,61,122246,8,0,0,40,0
32647,42,190767,11,0,0,40,0
32648,28,278736,3,0,0,40,0
32651,34,246104,14,0,0,40,0
32652,41,171615,10,0,0,48,0
32653,67,264095,10,9386,0,24,1
32661,34,118584,13,0,0,40,0
32665,21,253190,9,0,0,40,0
32666,25,192273,13,0,0,40,0
32667,38,129573,9,0,0,41,0
32669,35,217893,9,0,0,30,0
32671,48,407495,12,0,0,56,1
32676,23,199915,13,0,0,35,0
32677,21,305781,9,0,0,45,0
32680,18,28311,7,0,0,35,0
32681,41,197069,10,4650,0,40,0
32682,19,177839,9,0,0,15,0
32685,51,172175,16,0,2824,40,1
32686,32,106742,9,0,0,40,0
32688,40,79531,13,0,0,75,1
32689,21,337766,10,0,0,20,0
32691,17,34088,8,0,0,25,0
32692,55,176904,6,0,0,50,0
32693,42,172148,10,0,0,40,0
32696,50,143664,13,0,0,40,0
32698,43,195212,13,0,0,40,0
32701,32,430175,9,0,0,50,0
32702,44,240628,12,2354,0,40,0
32703,50,158294,15,99999,0,80,1
32706,59,113203,9,0,0,40,0
32707,56,103948,7,0,0,40,0
32713,18,267965,7,0,0,15,0
32715,33,147700,9,0,0,40,0
32716,18,446771,10,0,0,25,0
32722,26,485117,12,0,0,40,0
32724,36,210830,14,0,0,30,0
32725,29,196420,9,0,0,45,0
32734,50,113290,9,0,0,15,0
32736,26,58098,10,0,1974,40,0
32741,43,145441,13,0,0,38,1
32748,25,278404,13,0,0,40,0
32755,54,83311,15,0,0,30,1
32757,57,190747,5,0,0,40,0
32759,31,156890,4,0,0,40,0
32762,26,311497,13,0,0,40,0
32764,31,152156,9,0,0,45,0
32769,33,119918,13,0,0,45,0
32771,72,173427,9,0,0,40,0
32777,51,221672,14,15024,0,50,1
32779,52,222107,10,0,0,50,0
32780,69,277588,9,0,0,10,0
32786,46,147640,3,0,1902,40,0
32789,51,105943,9,3908,0,40,0
32798,31,198069,9,0,0,24,0
32799,49,236586,9,0,0,40,1
32800,26,167261,13,0,0,40,0
32803,28,251854,10,0,0,40,0
32806,44,64632,16,0,0,60,0
32808,46,326048,10,0,0,40,1
32809,36,83471,9,0,0,20,0
32810,23,170070,8,0,0,38,0
32812,48,119722,10,0,0,8,0
32814,25,212522,9,0,0,40,0
32817,33,236396,9,0,0,35,0
32819,22,133833,10,0,0,40,0
32820,36,226947,13,0,0,40,1
32821,33,174201,9,0,0,40,0
32824,62,162347,15,0,0,15,1
32825,30,182833,10,0,0,40,0
32826,22,383603,10,0,0,40,0
32827,34,70466,11,0,0,40,0
32831,28,137296,12,0,0,40,0
32833,25,295108,9,0,0,25,0
32834,40,408717,9,0,0,40,1
32835,35,255635,5,0,0,40,0
32837,63,179400,9,2290,0,20,0
32839,36,410034,12,0,0,45,0
32840,39,180667,10,0,0,40,0
32841,24,196332,9,0,0,40,0
32842,32,159187,13,0,0,35,0
32843,46,225065,1,0,0,40,0
32844,19,178147,9,0,0,35,0
32845,30,272669,10,0,0,40,0
32848,33,75167,9,0,0,55,0
32849,25,133373,9,0,0,40,0
32850,64,84737,9,0,0,35,1
32852,59,368005,7,0,0,40,0
32853,45,36032,9,0,0,40,0
32854,30,174215,16,0,0,15,0
32856,22,242912,9,0,0,35,0
32858,35,166549,8,0,0,40,0
32861,35,29874,10,0,0,40,0
32864,21,162160,10,0,0,40,0
32866,44,192381,13,0,1848,40,1
32867,39,370585,9,0,0,40,0
32871,34,182401,12,0,0,40,0
32872,66,234743,10,0,0,50,0
32873,40,182140,9,0,0,40,0
32876,28,205562,14,0,0,40,0
32883,68,65730,9,0,0,25,0
32886,45,285335,4,0,0,10,0
32887,23,177087,7,0,0,35,0
32888,40,240504,13,0,0,45,1
32889,39,218490,13,0,1977,40,1
32891,51,189551,9,0,0,40,0
32892,53,194791,9,0,0,45,0
32894,53,177647,13,0,0,40,0
32895,49,51620,16,0,0,60,0
32897,37,180477,9,0,0,47,0
32898,40,391736,11,0,0,40,0
32901,35,276153,13,4650,0,40,0
32906,59,114678,9,0,0,60,0
32907,36,167440,10,0,0,44,0
32908,37,265266,15,0,0,40,1
32909,31,212235,10,0,0,45,0
32915,62,115176,9,0,0,65,0
32917,42,409902,9,0,0,25,0
32922,22,162343,10,0,0,22,0
32925,44,395078,9,0,0,40,0
32926,49,159641,13,0,625,40,0
32927,21,159567,9,0,0,50,0
32930,39,132879,13,0,1887,40,1
32935,21,283757,10,0,0,40,0
32937,51,171409,10,0,0,40,1
32939,22,203182,13,0,0,30,0
32940,20,211968,10,0,0,45,0
32943,41,156566,10,0,0,40,1
32946,65,420277,10,0,0,40,0
32947,31,123430,7,0,0,65,0
32948,45,151584,15,0,0,35,1
32950,47,168232,9,0,1887,45,1
32951,47,201699,12,0,0,50,1
32952,33,511517,9,0,0,40,0
32953,40,118001,6,0,0,40,0
32958,29,102345,10,0,0,52,0
32959,41,107584,10,0,0,35,0
32963,78,385242,13,9386,0,45,1
32976,38,162322,11,0,0,40,0
32979,38,143517,13,0,0,40,0
32981,53,254285,14,0,0,40,1
32982,37,238311,9,0,0,36,1
32984,30,75167,10,0,0,40,1
32986,59,199240,9,0,0,20,0
32987,43,145762,13,0,0,40,0
32994,43,148998,9,0,0,40,0
32995,42,143046,9,0,0,40,0
32996,41,183850,9,0,0,50,0
32997,55,248841,14,0,1977,40,1
33000,37,112497,14,0,0,40,1
33001,51,155963,10,0,0,55,0
33002,28,147560,10,0,1902,55,1
33003,24,376393,11,0,0,40,0
33004,21,151790,10,0,0,30,0
33005,21,438139,9,0,0,50,0
33009,44,90021,9,0,0,30,0
33010,45,77085,13,0,0,40,1
33024,17,181337,6,0,0,20,0
33025,51,74784,13,0,0,60,0
33026,33,44392,9,0,0,20,0
33028,52,89041,13,0,0,30,1
33029,36,139770,10,0,0,32,0
33032,64,178472,5,0,0,45,0
33034,29,168470,9,0,0,40,0
33036,38,181705,9,0,0,24,0
33040,28,70034,13,0,0,45,1
33041,18,266287,10,0,0,25,0
33042,44,128485,11,0,0,40,0
33044,55,106740,9,0,0,40,1
33048,39,179824,9,0,0,36,0
33056,18,362302,8,0,0,15,0
33057,54,87205,9,0,0,15,0
33058,45,191703,9,0,0,40,0
33060,23,185575,13,0,0,40,0
33066,44,157217,12,0,0,40,1
33067,22,204935,9,0,0,40,0
33069,64,59145,16,0,1902,60,1
33070,30,159773,13,0,0,45,1
33073,31,187901,10,0,1504,40,0
33075,18,256179,10,594,0,10,0
33079,51,146325,9,0,0,28,0
33080,29,198825,9,0,0,38,0
33082,56,111218,9,0,0,60,0
33083,26,221626,13,0,0,40,0
33087,45,168262,9,0,1887,40,1
33088,23,182615,10,0,0,40,0
33090,34,386370,10,0,0,50,0
33091,31,85077,13,0,1902,20,1
33092,46,180010,13,0,0,40,1
33093,46,142210,9,0,0,25,0
33094,33,415706,3,0,0,40,0
33096,26,343506,9,0,0,40,0
33097,49,116163,13,0,0,50,0
33099,55,153451,9,0,1887,40,1
33100,35,301862,9,0,0,40,0
33102,31,169583,9,0,0,40,0
33103,47,146497,10,0,0,16,0
33105,27,240809,10,0,0,56,0
33106,38,203763,9,0,0,40,0
33108,23,381741,12,0,1721,20,0
33114,42,192381,9,0,0,40,1
33116,73,84390,11,0,0,32,0
33117,44,277533,10,0,0,40,0
33118,47,72880,14,0,0,40,0
33119,28,149646,10,0,0,20,0
33120,49,209057,10,0,0,40,0
33121,17,108909,9,0,0,20,0
33122,42,74949,10,0,0,40,0
33123,30,235639,6,0,0,40,0
33124,36,137421,11,0,0,37,0
33125,53,122412,13,0,0,40,0
33126,23,434894,9,0,0,40,0
33130,40,32627,14,0,0,60,0
33136,21,190968,9,0,0,40,0
33137,71,196610,4,6097,0,40,1
33138,31,330715,9,0,0,40,0
33139,25,77698,10,0,0,40,0
33141,24,109053,9,0,0,25,0
33142,69,312653,10,0,0,25,0
33145,42,54202,13,10520,0,50,1
33149,53,178356,12,2407,0,99,0
33150,43,104196,10,0,0,40,0
33151,53,288353,13,0,0,40,1
33152,35,187693,9,0,0,40,0
33154,34,117392,14,0,0,40,0
33158,49,216734,15,0,0,40,0
33160,41,49156,9,0,0,40,0
33161,25,126133,10,0,0,40,0
33165,23,189072,13,0,0,45,0
33166,46,128047,10,0,0,42,0
33169,40,167081,14,3103,0,50,0
33172,36,33355,10,0,0,45,0
33174,54,178356,5,0,0,40,0
33176,58,40925,13,0,0,40,0
33177,17,270587,7,0,0,20,0
33179,27,114967,13,0,0,40,0
33181,22,369387,7,0,0,35,0
33183,52,137428,9,0,0,45,0
33185,48,139290,6,0,0,48,0
33186,62,199193,9,0,0,25,0
33188,21,123727,10,0,0,28,0
33189,58,208640,13,0,0,40,1
33192,25,120450,9,0,0,40,0
33193,26,152240,10,0,0,40,0
33194,50,200960,10,0,0,50,0
33197,59,21792,9,0,0,10,0
33198,36,182074,9,0,0,40,0
33199,37,221850,14,0,0,50,1
33201,34,318641,13,0,0,45,1
33202,27,140863,5,0,0,40,0
33203,39,129150,13,0,0,50,1
33205,34,198664,13,15024,0,70,1
33210,26,188626,9,0,0,48,0
33211,38,257250,10,7298,0,60,1
33214,41,119266,9,0,0,40,0
33216,25,69739,6,0,0,40,0
33218,23,217961,10,0,0,15,0
33219,40,163725,13,7688,0,40,1
33222,37,334291,13,0,0,50,0
33223,58,298601,5,3781,0,40,0
33224,36,200360,10,0,0,40,0
33225,36,203482,12,0,0,40,1
33230,23,87867,9,0,0,35,0
33232,42,175935,9,0,0,40,0
33234,44,184105,12,4386,0,40,1
33235,42,99554,10,0,0,40,0
33236,21,190227,9,0,0,40,0
33238,31,306459,2,0,0,35,0
33239,42,193995,10,0,0,38,0
33240,26,105059,5,0,0,20,0
33241,62,71751,10,0,1977,98,1
33242,28,176683,13,5178,0,50,1
33243,34,342709,14,0,0,40,0
33246,44,214242,10,0,0,50,1
33249,46,149949,4,0,0,40,0
33251,46,79874,13,0,0,53,1
33255,29,204984,9,0,0,40,1
33258,46,184883,5,0,0,40,0
33261,54,30908,4,0,0,60,0
33262,71,217971,5,0,0,13,0
33263,51,160703,8,0,0,45,0
33266,57,171242,7,0,0,40,0
33268,40,175935,13,14084,0,40,1
33270,50,104501,14,0,0,40,1
33272,37,593246,13,0,0,50,1
33273,19,121074,4,0,0,99,0
33276,37,136028,11,0,0,40,0
33277,32,216145,10,4650,0,45,0
33278,20,157894,10,0,0,20,0
33279,39,164593,16,4787,0,40,1
33280,18,252993,8,0,0,40,0
33281,42,145711,14,0,1902,50,1
33282,43,358199,10,3103,0,40,1
33287,77,155761,10,0,0,8,0
33288,25,195914,10,3418,0,30,0
33290,20,318036,9,0,0,40,0
33291,23,53306,9,0,0,30,0
33292,27,174645,9,0,0,40,0
33293,19,321817,7,0,0,40,0
33294,41,206948,13,0,0,40,1
33295,47,402975,10,0,0,40,0
33297,42,367049,14,4650,0,40,0
33298,36,143486,13,0,0,40,1
33299,42,27187,14,0,0,60,1
33300,24,187717,13,0,0,40,0
33301,22,378104,9,0,0,40,0
33302,29,113870,2,0,0,40,0
33303,42,252518,15,15024,0,40,1
33304,24,326334,13,0,0,20,0
33306,29,320451,9,0,0,40,0
33307,36,207853,9,0,0,40,0
33310,34,259705,10,0,0,40,0
33312,24,449432,8,0,0,40,0
33314,49,59612,10,0,0,44,0
33318,37,126675,9,0,0,40,0
33319,30,141118,11,0,0,40,0
33325,30,399522,7,0,0,40,0
33328,57,199572,7,0,0,40,0
33330,50,215990,9,0,0,40,1
33332,61,139391,10,0,1902,35,1
33335,60,205246,9,0,2559,50,1
33336,26,182308,10,0,0,40,0
33340,45,26781,10,0,0,40,0
33341,58,100960,5,0,0,40,0
33342,38,203761,11,2354,0,40,0
33344,49,124672,9,0,0,40,1
33349,40,84136,9,0,0,25,0
33354,43,72887,13,0,0,40,0
33355,17,176467,5,0,0,20,0
33358,54,108435,13,0,0,50,1
33359,24,172496,13,0,0,30,0
33361,48,245948,9,2174,0,40,0
33364,24,218215,11,0,0,20,0
33368,36,192664,7,0,0,40,0
33369,33,392812,13,0,0,45,1
33371,32,195000,9,0,0,40,0
33376,47,97419,9,0,0,40,0
33377,25,12285,10,0,0,20,0
33379,49,189885,9,0,0,40,0
33382,45,331482,12,0,0,40,0
33383,61,177189,13,0,0,42,0
33384,35,186886,9,0,0,55,0
33385,20,33221,10,0,0,25,0
33386,27,188171,6,0,0,60,0
33391,49,137192,13,0,1977,50,1
33394,67,134906,9,0,0,32,0
33397,44,201742,13,0,2415,50,1
33398,35,209609,9,0,0,60,0
33401,37,176967,10,0,0,50,1
33402,54,284129,10,0,0,45,1
33404,46,116666,9,0,0,40,0
33408,51,201127,9,0,0,45,0
33409,27,202239,9,0,0,40,0
33411,59,165922,13,15024,0,40,1
33412,24,133520,10,0,0,15,0
33414,31,176410,9,0,0,38,0
33418,43,151089,9,0,0,50,0
33419,21,244312,5,0,0,30,0
33424,42,326083,11,0,0,40,0
33427,66,140849,9,0,0,25,0
33429,45,125933,10,0,0,40,0
33435,41,204662,14,0,0,45,1
33436,32,291147,10,0,0,50,0
33440,39,111268,13,0,0,40,0
33442,19,271446,10,0,0,25,0
33451,40,179666,13,0,0,30,0
33452,18,99219,7,0,0,15,0
33454,54,219276,13,0,0,40,1
33456,20,231231,10,0,0,30,0
33457,40,182217,10,0,0,40,0
33458,29,277342,10,0,0,40,0
33461,45,223319,10,0,0,45,0
33462,52,235307,13,0,0,40,1
33464,51,156003,9,0,0,40,0
33468,58,298643,9,0,0,40,0
33469,61,191188,6,0,0,20,0
33470,30,96287,14,0,0,45,0
33471,23,104443,10,0,0,40,0
33476,23,50953,10,0,0,10,0
33478,58,239523,9,0,0,45,1
33482,44,135056,14,0,0,16,0
33483,25,178478,13,0,0,40,0
33484,33,23871,9,0,0,30,0
33485,22,362309,10,0,0,35,0
33486,21,257781,10,0,1719,30,0
33488,50,297906,10,0,0,50,1
33490,53,123011,9,0,0,40,1
33496,43,206878,9,0,0,60,0
33498,24,190709,10,0,0,65,0
33499,41,149102,9,0,0,40,0
33502,27,114158,13,0,0,40,0
33503,50,228057,9,0,0,40,0
33505,46,219967,13,0,0,40,1
33506,49,239865,7,0,0,40,0
33509,41,33068,14,0,1974,40,0
33513,43,70055,10,0,0,40,0
33514,25,352806,9,0,0,40,0
33519,50,198681,10,0,0,70,1
33520,33,351810,13,0,0,45,0
33521,52,180142,14,0,0,45,0
33523,30,224498,9,0,0,40,0
33524,39,154641,9,0,0,60,0
33528,19,32477,10,0,0,25,0
33529,65,101104,9,9386,0,10,1
33530,32,44677,13,0,0,40,0
33531,25,456618,4,0,0,40,0
33532,34,227282,10,0,0,40,0
33535,63,39181,16,0,2559,60,1
33536,48,377140,3,0,0,35,0
33538,28,181916,10,0,0,40,0
33539,23,237044,9,0,0,12,0
33541,64,269512,13,0,0,40,0
33542,28,44767,13,0,0,50,1
33548,18,212370,9,0,0,25,0
33555,41,185057,11,0,0,40,0
33556,55,106498,6,0,0,35,0
33558,36,223789,14,0,0,45,1
33559,26,184026,10,0,0,50,0
33565,29,138190,9,0,1138,40,0
33567,59,31359,14,15024,0,80,1
33568,58,147989,9,0,0,40,1
33571,31,132601,9,0,0,40,0
33575,41,111483,9,0,0,45,0
33578,30,187560,13,0,0,40,0
33580,75,36243,16,0,0,40,0
33581,41,88913,12,0,0,36,0
33582,19,73190,10,0,0,20,0
33583,60,132529,9,0,0,40,0
33595,76,84755,10,0,0,40,0
33596,57,198145,14,0,0,14,1
33598,19,451951,9,0,0,40,0
33600,27,209472,13,0,0,50,0
33602,26,431861,6,0,0,40,0
33604,39,290321,11,0,0,50,0
33605,49,206577,10,0,0,40,0
33607,33,49593,10,0,0,30,0
33609,28,181659,7,0,0,50,0
33612,39,184801,13,0,0,40,1
33613,37,176014,9,0,0,50,0
33615,37,239397,6,0,0,40,0
33617,55,236520,11,0,0,40,1
33621,32,154120,9,7298,0,40,1
33622,43,88913,10,1055,0,40,0
33623,19,517036,9,0,0,40,0
33624,38,436361,9,0,0,75,0
33625,38,231037,3,0,0,40,0
33627,70,143833,10,0,2246,40,1
33632,49,195437,12,0,0,60,1
33635,19,108147,10,0,0,15,0
33638,38,497788,9,0,0,50,0
33639,42,141558,14,0,0,60,0
33641,30,232356,13,0,0,40,1
33646,30,161572,9,0,0,45,0
33647,38,48779,10,0,0,40,1
33649,57,314153,13,0,1887,55,1
33650,30,168334,9,0,0,30,0
33651,42,267252,14,0,0,45,1
33653,32,207937,10,0,0,40,0
33656,32,154087,9,0,0,40,0
33658,51,205100,14,0,0,30,1
33659,36,177907,13,2176,0,20,0
33660,24,50400,10,0,0,40,0
33661,41,97064,11,0,0,44,0
33663,27,292472,10,0,1876,45,0
33664,17,225211,5,0,0,35,0
33667,21,83580,10,0,0,4,0
33668,29,133696,13,8614,0,45,1
33671,22,390817,3,0,0,40,0
33673,59,155976,9,0,0,40,0
33674,40,221172,14,0,0,65,1
33675,45,270842,10,0,0,40,0
33677,58,371064,9,0,0,20,0
33679,29,22641,9,0,0,45,0
33681,51,441637,9,0,0,40,0
33683,40,183096,13,0,0,35,0
33685,38,122493,6,0,1887,40,1
33689,32,174215,13,0,0,60,0
33690,36,183902,13,0,0,4,1
33691,43,247880,9,0,0,40,0
33692,37,256636,9,0,0,40,0
33694,28,22422,9,0,0,55,0
33699,35,224889,13,0,0,40,0
33700,29,178564,13,0,0,40,0
33702,41,92775,13,0,0,60,1
33705,44,244974,9,0,0,60,0
33706,20,526734,9,0,0,30,0
33709,24,234640,9,0,0,36,0
33711,32,223267,9,0,0,40,0
33712,21,99199,9,0,0,40,0
33714,41,115411,10,2174,0,45,0
33715,51,313146,9,0,0,40,0
33718,43,271807,10,0,0,40,0
33721,35,264627,7,0,0,84,0
33722,32,183801,9,0,0,40,0
33725,28,377095,13,0,0,40,0
33728,21,152246,10,0,0,40,0
33729,23,428299,9,0,0,40,0
33731,19,167859,9,0,0,40,0
33732,61,85194,10,0,0,25,0
33733,47,119471,4,0,0,40,0
33737,33,122116,9,0,0,45,0
33739,54,226497,10,0,0,50,0
33740,24,83783,13,0,0,40,0
33742,33,204742,10,0,0,44,0
33747,36,143774,10,0,0,12,1
33748,50,139296,7,0,0,40,0
33753,29,130045,4,0,0,40,0
33755,17,168203,4,0,0,40,0
33756,46,171807,10,0,0,40,0
33757,62,186696,9,0,0,40,0
33762,18,205894,10,0,0,25,0
33765,38,91857,10,0,0,41,0
33767,17,158704,6,0,0,20,0
33769,52,139176,9,0,0,8,0
33772,19,168693,9,0,0,25,0
33774,34,353927,10,0,0,40,1
33775,70,216390,5,2653,0,40,0
33777,43,117728,9,0,0,44,0
33779,59,193335,9,0,0,40,1
33780,21,203894,11,0,0,40,0
33781,53,100109,14,0,1977,40,1
33785,39,28572,9,0,0,48,0
33790,36,192614,9,0,0,56,0
33792,50,44116,9,0,0,40,0
33797,68,223851,9,0,0,24,0
33799,47,114459,9,0,0,40,1
33802,29,59231,10,0,0,42,0
33804,51,122288,10,0,0,36,0
33805,26,52322,13,0,0,60,0
33812,21,121694,4,0,0,40,0
33813,53,208302,6,0,0,34,0
33814,34,172664,9,0,0,40,0
33815,43,54611,9,0,0,60,0
33816,64,631947,6,0,0,40,0
33819,38,37683,15,99999,0,57,1
33821,48,143098,16,0,1902,40,1
33827,49,116143,9,0,0,40,0
33828,52,128272,9,0,0,14,0
33830,46,174995,9,0,0,45,0
33834,30,203488,10,0,0,44,0
33838,58,489085,13,0,0,40,0
33842,18,282609,3,0,0,30,0
33850,47,204692,9,0,0,40,0
33853,22,231912,11,0,0,37,0
33854,44,24982,10,0,0,40,1
33860,37,162164,9,0,0,40,0
33861,40,239708,7,0,0,55,0
33864,49,169042,9,0,625,40,0
33869,30,180283,9,0,0,40,0
33870,40,95639,9,0,0,40,0
33871,42,33155,9,0,0,45,0
33873,55,24694,10,0,0,40,0
33876,33,301867,10,0,0,35,0
33882,31,143653,11,0,0,50,0
33883,62,101475,12,0,0,40,0
33884,42,263871,9,0,0,8,0
33891,61,133164,4,0,0,48,0
33894,51,258735,9,0,0,81,0
33895,34,182926,9,0,0,43,1
33897,27,206125,6,0,0,60,0
33898,44,346594,9,0,0,40,0
33899,25,108301,9,0,0,20,0
33901,36,129150,10,0,0,20,1
33912,35,259846,9,0,0,55,0
33915,40,198953,12,0,0,2,0
33919,50,98980,13,7298,0,40,1
33921,63,122442,10,0,0,48,0
33922,63,154675,9,0,0,40,0
33923,40,116632,9,0,0,60,1
33924,20,238685,7,0,0,40,0
33930,20,126822,10,0,0,15,0
33931,28,51461,13,0,1887,40,1
33937,38,209609,10,0,0,40,1
33943,33,184306,13,0,0,45,0
33944,45,161954,13,0,0,40,0
33945,65,258561,13,0,0,20,0
33948,18,205004,10,0,0,26,0
33949,44,387844,8,0,0,40,0
33950,37,83880,10,0,0,40,0
33953,59,146477,15,0,0,40,1
33955,36,437890,9,0,0,90,0
33956,68,133736,10,20051,0,40,1
33959,46,175754,14,0,1876,60,0
33963,49,190115,9,0,1672,44,0
33968,26,132572,13,0,0,40,0
33969,47,103020,4,0,0,40,0
33974,56,202220,10,0,0,38,0
33975,50,50178,9,0,0,40,1
33976,17,207791,6,0,0,20,0
33978,50,321770,9,0,0,40,0
33979,49,202053,9,0,0,32,0
33981,32,115066,9,0,0,60,1
33983,62,354075,13,0,0,50,1
33985,24,390867,14,0,0,40,0
33987,36,279721,9,0,0,40,0
33990,39,76417,14,0,0,40,1
33991,48,184682,9,0,0,18,0
33993,39,201410,9,0,0,40,0
33997,29,214706,9,0,0,40,0
33998,30,33811,13,0,0,40,1
34000,22,237720,9,0,0,40,0
34001,25,185942,14,0,0,40,1
34003,17,140027,7,0,0,25,0
34004,18,115258,7,0,0,12,0
34006,65,117963,9,0,0,45,0
34007,28,158737,8,0,0,40,0
34010,38,137707,11,0,0,40,1
34011,33,108116,9,0,0,40,0
34012,26,366900,9,0,0,40,0
34018,44,248249,4,0,0,50,0
34019,36,460437,5,0,0,40,0
34020,42,187294,10,0,0,40,0
34021,44,115932,12,0,0,40,0
34023,21,27049,10,0,0,20,0
34025,41,150755,16,15024,0,50,1
34028,38,219546,13,0,0,40,1
34029,60,24872,10,0,0,30,0
34030,24,110371,8,0,0,40,0
34031,24,376474,9,0,0,40,0
34032,22,304602,9,0,0,40,0
34034,22,238917,2,0,0,24,0
34037,42,209752,15,0,0,55,1
34038,48,175653,12,14084,0,40,1
34041,37,180150,15,0,0,45,1
34045,52,89534,9,0,0,40,1
34046,23,291011,9,0,0,40,0
34049,37,178948,13,0,0,45,0
34051,39,160808,10,0,0,40,0
34053,46,318331,9,0,0,40,0
34055,33,87605,9,0,0,40,0
34059,39,387068,9,0,0,40,1
34060,23,250743,10,0,0,40,0
34062,42,31387,16,0,0,40,0
34064,24,604537,9,0,0,40,0
34071,44,109912,13,0,0,16,1
34075,26,106406,10,0,0,40,0
34076,67,172756,2,2062,0,34,0
34077,37,125167,10,0,0,60,1
34080,40,195394,12,7688,0,40,1
34083,43,336042,9,0,0,40,0
34086,60,313852,14,0,0,25,0
34087,38,30509,14,0,1669,55,0
34088,21,32639,10,0,0,20,0
34089,18,234953,10,0,0,25,0
34093,36,36423,9,0,0,25,1
34097,58,33350,9,0,0,35,0
34099,39,216129,12,0,0,35,0
34102,57,165881,15,0,0,40,0
34104,44,149943,15,0,0,60,1
34106,58,290661,9,0,0,40,0
34110,23,103064,13,0,0,40,0
34111,37,123833,10,0,0,60,0
34113,66,189834,4,0,0,20,0
34115,29,341672,9,0,1564,50,1
34117,25,194352,13,0,0,44,0
34118,62,54878,9,0,0,25,0
34122,49,34998,10,0,0,60,0
34123,57,51016,9,0,0,60,1
34124,57,132717,13,0,0,45,0
34126,37,196123,14,0,0,70,1
34127,43,304906,13,0,0,45,1
34130,39,107233,9,0,0,40,0
34133,31,409622,13,0,0,36,0
34138,24,170277,9,0,0,35,0
34140,28,33798,8,0,0,50,0
34141,22,197838,13,0,0,40,0
34142,31,223212,4,0,0,50,0
34143,33,125762,9,0,0,44,1
34146,49,118567,10,0,0,40,0
34147,21,147655,9,0,0,35,0
34148,45,82797,13,0,0,45,1
34154,30,123397,9,0,0,40,0
34164,36,293358,10,0,0,48,0
34165,44,146906,15,0,0,50,1
34167,20,213719,9,0,0,20,0
34168,18,101795,6,0,0,40,0
34170,49,130206,9,0,0,40,0
34171,34,324254,9,0,0,40,0
34172,22,223019,9,0,0,40,0
34177,55,139843,9,0,0,60,0
34179,54,346014,10,0,0,40,0
34183,67,63552,4,0,0,35,0
34185,27,177072,10,0,0,16,0
34187,41,167725,10,0,0,40,0
34189,58,275859,9,8614,0,52,1
34191,31,398988,10,0,0,40,0
34195,33,242150,11,0,0,50,0
34196,35,237873,9,0,0,40,0
34198,26,206600,13,0,0,40,0
34204,48,224870,9,0,0,38,0
34205,45,178341,14,0,0,50,0
34206,35,61343,10,0,0,45,0
34207,35,36989,9,0,0,40,0
34208,34,226296,9,0,0,51,0
34209,29,186624,9,0,0,40,0
34211,53,227392,10,0,0,60,0
34219,41,372682,10,0,0,40,1
34223,26,154604,9,0,0,40,0
34225,26,216522,13,0,0,42,0
34229,27,189530,10,0,0,35,0
34232,21,41183,10,0,0,20,0
34233,50,191062,9,0,0,40,0
34234,27,132963,9,0,0,40,0
34235,58,153551,13,0,0,60,0
34236,27,66473,13,0,0,50,0
34243,53,231919,9,0,0,45,0
34245,18,27920,7,0,0,25,0
34246,53,153052,9,0,0,40,1
34250,60,238913,13,0,0,46,1
34251,28,195607,9,0,0,40,0
34252,34,245173,9,0,1669,45,0
34253,37,138441,9,0,0,40,0
34258,47,140219,9,0,0,40,0
34259,18,298860,8,0,0,20,0
34261,36,199947,10,0,0,30,0
34262,59,32552,9,0,0,48,0
34264,33,181091,6,0,0,35,0
34267,55,181220,9,0,0,50,0
34272,43,102180,14,0,0,50,1
34273,44,121130,9,0,0,40,0
34275,43,98989,9,0,0,40,0
34276,26,126327,12,0,0,40,0
34284,30,49593,15,0,0,40,0
34289,71,128529,9,0,0,20,0
34292,44,387770,10,0,0,15,0
34293,42,115511,16,0,0,50,0
34295,36,220585,12,0,0,50,1
34299,24,142227,13,0,0,30,0
34305,22,233624,9,0,0,43,0
34306,27,42734,10,0,0,25,0
34307,33,233107,5,0,0,33,0
34308,64,143110,13,0,0,30,0
34309,50,195844,12,0,0,50,1
34311,31,303851,9,0,0,50,0
34316,27,155057,9,0,0,70,0
34318,80,132728,9,0,0,20,0
34319,31,195136,12,0,0,32,0
34320,40,377322,9,0,0,40,1
34321,53,293941,13,0,0,40,0
34322,58,182123,9,0,0,44,0
34325,48,378221,13,0,0,60,1
34327,31,119411,9,0,0,50,0
34328,52,240013,14,0,0,70,0
34329,24,95552,9,0,0,40,0
34333,54,53407,9,0,0,40,0
34335,40,175674,13,0,0,50,1
34337,21,278391,10,0,0,16,0
34339,36,487085,4,0,0,40,0
34344,17,181608,6,0,0,12,0
34346,32,154571,10,0,0,40,0
34349,39,30916,10,0,1902,50,1
34358,32,174789,9,0,0,40,0
34359,26,245628,10,0,0,40,0
34360,22,228752,9,0,0,40,0
34364,38,353263,14,0,0,50,1
34368,50,163998,13,0,0,44,1
34369,47,111961,9,0,0,30,0
34373,37,223020,11,0,0,32,0
34375,20,41035,10,0,0,20,0
34378,72,473748,9,0,0,30,0
34379,45,71823,10,0,0,20,0
34380,30,83066,9,0,0,40,0
34384,25,159909,11,0,0,40,0
34385,41,190885,9,0,0,40,0
34386,25,243786,13,0,0,37,0
34393,46,140664,10,0,0,48,1
34394,44,344920,13,0,1617,20,0
34395,44,169980,7,0,0,60,0
34396,28,155397,13,0,0,55,0
34399,39,280570,13,0,0,45,0
34402,45,192793,10,0,0,40,1
34403,31,243442,9,0,0,50,0
34404,36,106297,14,0,0,40,1
34408,36,484024,9,0,0,40,0
34410,44,172032,11,7298,0,51,1
34411,40,29927,9,0,0,45,0
34412,46,98012,11,0,0,40,0
34414,30,207301,9,0,1980,40,0
34417,35,42044,12,0,0,40,0
34420,44,445382,10,0,0,40,0
34422,79,84979,11,0,0,20,1
34424,44,136986,10,0,0,60,1
34427,46,131091,13,0,1902,40,1
34430,36,180667,9,0,1887,60,1
34432,41,108945,9,14344,0,40,1
34433,49,195949,9,0,0,40,0
34434,34,101345,13,0,0,40,1
34436,63,213095,13,0,0,50,1
34439,26,40915,13,0,0,25,0
34441,44,121781,10,0,0,37,0
34445,36,128640,10,0,0,25,0
34446,18,111476,7,0,0,40,0
34448,46,141944,13,0,0,38,1
34451,52,155233,10,0,0,40,0
34455,30,47085,6,0,0,40,0
34460,26,152452,13,0,0,50,0
34461,34,172928,9,0,0,65,0
34462,36,214896,5,0,0,40,0
34463,49,116338,9,0,653,60,0
34464,48,276664,16,0,1902,50,1
34465,22,59924,9,0,0,40,0
34468,46,292504,10,0,0,40,0
34473,35,180988,10,0,0,39,0
34474,52,110748,14,0,0,50,1
34475,59,556688,5,0,0,12,0
34476,36,22494,10,0,0,40,0
34478,67,256821,9,0,0,20,0
34480,31,62374,9,0,0,50,0
34482,72,114761,4,0,0,20,0
34484,58,165315,9,0,0,35,1
34487,37,198841,11,0,0,40,1
34488,44,271792,13,0,0,40,0
34489,26,64289,9,0,0,40,0
34491,31,240771,10,4386,0,50,1
34494,21,154422,10,0,0,40,0
34495,37,119098,13,0,0,50,1
34496,53,151580,11,4386,0,40,1
34497,54,118793,9,0,0,45,0
34500,30,271710,13,7298,0,50,1
34501,43,308498,9,0,0,40,0
34502,48,172695,11,0,0,40,0
34504,62,200332,9,0,0,40,0
34507,45,168038,13,0,0,32,0
34510,42,79036,13,0,0,65,0
34511,60,327474,9,0,0,70,0
34512,44,145160,9,0,0,58,0
34514,45,129387,12,0,0,40,0
34515,53,33304,15,0,0,38,1
34520,55,750972,4,0,0,41,0
34521,58,142924,14,0,0,24,1
34523,27,91189,9,0,0,40,0
34524,37,290609,9,0,0,40,0
34525,22,31102,10,0,0,4,0
34526,44,216921,6,0,0,70,0
34527,23,120046,12,0,0,40,0
34530,29,160279,9,0,0,40,0
34533,29,148431,12,7688,0,45,1
34534,22,160398,10,0,0,38,0
34536,30,252752,13,0,0,40,0
34537,20,58222,10,0,0,20,0
34539,45,114459,9,0,0,50,1
34540,19,46400,10,0,0,24,0
34541,42,223934,12,0,0,40,0
34542,34,84119,9,0,0,40,0
34544,23,195532,13,0,0,40,0
34547,57,162301,9,0,0,45,0
34549,24,92609,13,0,0,45,0
34551,27,229223,10,0,0,40,1
34553,80,86111,16,0,0,30,0
34554,23,35633,10,0,0,50,0
34562,37,454915,6,0,0,40,0
34565,46,393715,10,15024,0,50,1
34566,50,143953,9,0,0,65,1
34569,30,130021,4,2829,0,40,0
34571,28,410351,10,0,0,30,0
34573,55,157932,9,0,0,40,0
34577,39,63021,10,0,0,20,0
34578,43,186144,9,0,0,40,1
34579,33,27959,9,0,0,40,0
34583,32,316470,3,0,0,60,0
34585,41,32121,9,0,0,40,1
34586,21,315303,10,0,0,20,0
34588,33,419895,3,0,0,40,0
34590,27,160786,7,0,1902,40,1
34596,42,175642,13,99999,0,40,1
34597,24,183594,9,0,0,40,0
34598,26,341353,13,0,0,15,0
34599,43,247981,9,5455,0,50,0
34602,51,127149,7,0,0,45,1
34606,28,179949,9,0,0,20,0
34612,62,337721,9,0,0,8,0
34614,39,255407,9,0,0,40,0
34616,33,33308,10,0,0,70,0
34617,68,493363,13,0,0,20,0
34619,32,107218,13,0,0,40,0
34623,62,176753,9,0,0,40,0
34624,20,122346,9,0,0,40,0
34627,43,115005,9,0,0,40,0
34631,44,124692,14,0,0,35,1
34633,47,102569,13,0,0,40,1
34635,45,101825,9,0,0,45,0
34636,43,206833,9,0,0,45,0
34637,22,77873,5,0,0,30,0
34643,22,287988,10,0,0,15,0
34644,21,143604,9,0,0,40,0
34645,30,146161,9,0,1887,50,1
34646,37,196529,10,2354,0,40,0
34650,32,161478,13,0,0,46,0
34652,29,116751,11,0,0,56,0
34655,39,179668,10,0,0,70,0
34656,21,57951,10,0,0,30,0
34657,31,176711,9,0,0,38,0
34658,33,368675,10,0,0,40,0
34659,39,216149,15,0,0,70,1
34660,29,173851,9,0,0,40,0
34661,34,90705,10,0,1485,40,0
34662,52,216342,13,0,0,55,0
34663,35,140752,9,0,0,25,0
34664,33,116508,6,0,0,40,0
34666,43,180303,13,0,0,50,1
34676,47,97419,13,0,0,40,0
34680,39,222641,13,0,0,40,0
34682,42,138077,14,0,0,38,1
34684,45,36006,13,0,0,45,1
34686,46,369538,6,0,0,40,1
34688,32,257043,9,0,0,42,0
34689,47,181130,15,99999,0,50,1
34690,69,254834,13,10605,0,10,1
34691,43,38876,9,0,0,50,0
34693,43,156996,15,0,2415,55,1
34694,90,313749,13,0,0,10,0
34700,30,114691,13,0,0,40,0
34701,46,99385,13,0,0,40,0
34702,19,210308,10,0,1721,30,0
34706,65,264188,9,0,0,24,0
34709,24,204209,10,0,0,60,0
34713,37,118681,9,0,0,38,0
34715,58,116901,9,0,0,25,0
34717,33,293550,10,4064,0,40,0
34721,67,65475,9,0,0,40,1
34722,23,159709,9,0,0,40,0
34724,43,144778,13,0,0,55,1
34726,36,143385,9,0,0,40,0
34727,29,167544,12,0,0,13,0
34728,25,122175,9,0,0,40,0
34732,70,206232,6,0,0,50,0
34737,28,246974,9,0,0,40,0
34738,66,182470,15,0,0,25,1
34740,44,116358,13,0,0,50,1
34741,29,250819,10,0,0,40,0
34742,21,196508,10,0,0,40,0
34743,42,367533,6,0,0,43,1
34744,74,188709,15,99999,0,50,1
34749,34,209691,11,4386,0,50,1
34752,43,88233,10,0,0,60,0
34753,32,240888,12,0,0,40,0
34754,54,169719,13,3103,0,40,1
34757,34,236861,9,0,0,45,0
34759,32,215047,4,0,0,40,0
34760,40,115932,13,0,0,60,1
34761,28,55360,10,0,0,40,0
34763,29,376302,11,0,0,35,1
34764,28,183597,16,594,0,50,0
34767,27,69132,13,0,0,40,0
34768,34,207301,9,0,0,20,0
34771,19,327397,9,0,0,30,0
34772,60,200235,11,0,0,40,0
34773,54,108435,10,2829,0,30,0
34774,47,195978,9,0,0,40,1
34775,47,329144,10,0,0,48,1
34776,48,250674,11,0,0,60,0
34778,50,132716,10,0,0,50,1
34779,62,174201,5,0,0,25,0
34780,45,167617,10,0,0,40,0
34781,55,254949,9,0,0,40,0
34782,62,319582,9,0,0,32,0
34784,49,144396,7,0,0,38,0
34785,32,200469,10,3887,0,40,0
34786,25,55636,9,0,0,40,0
34787,39,185624,10,0,0,50,0
34791,21,34616,10,0,0,20,0
34792,33,235847,15,0,0,40,1
34793,33,174789,10,0,0,50,0
34798,20,173851,10,0,0,40,0
34799,19,372483,10,0,0,35,0
34800,71,422149,10,20051,0,40,1
34805,38,175232,9,0,0,45,0
34807,22,46645,13,0,0,9,0
34810,30,31510,12,0,0,50,0
34812,32,82393,13,0,0,56,1
34813,59,190514,7,0,0,20,0
34815,65,178931,9,3818,0,40,0
34816,31,226696,9,0,0,50,1
34819,36,123983,13,0,0,55,1
34822,63,222289,13,7688,0,54,1
34823,67,171564,9,20051,0,30,1
34829,24,151443,9,0,0,30,0
34831,54,230387,9,0,0,35,0
34832,44,127592,13,0,0,40,0
34833,18,210828,10,0,0,30,0
34837,26,147719,13,0,0,20,0
34840,48,178686,9,0,0,40,0
34842,26,155752,10,0,0,40,0
34846,42,50122,9,0,0,60,0
34850,73,77884,9,0,0,40,0
34851,32,390157,13,0,0,40,0
34852,53,89587,10,7298,0,45,1
34857,23,166527,10,0,0,40,0
34858,42,109912,12,0,0,40,0
34859,30,210906,9,0,0,40,0
34862,19,25429,8,0,0,20,0
34863,45,231672,9,0,0,40,0
34864,26,258550,13,0,0,40,0
34866,29,54411,9,0,0,50,0
34867,54,37289,14,0,0,55,1
34868,23,157951,10,0,0,50,0
34873,25,183575,7,0,0,40,0
34875,37,103925,9,0,0,68,0
34876,60,31577,11,0,0,40,0
34877,59,61298,13,0,0,40,0
34880,28,389857,9,0,0,16,0
34889,44,219441,6,0,0,35,0
34891,52,29623,8,0,0,40,0
34892,31,217460,9,0,0,45,0
34896,27,251854,13,0,0,35,1
34897,33,213308,11,0,0,50,0
34902,58,293399,7,0,0,40,0
34903,70,118630,11,0,0,35,0
34904,35,127306,11,14344,0,40,1
34908,62,24515,5,0,0,40,0
34909,41,283116,9,1506,0,50,0
34911,19,552354,8,0,0,40,0
34916,48,30289,6,0,0,30,0
34917,29,77572,12,0,0,40,0
34928,32,84119,9,0,0,40,0
34929,31,84130,10,0,0,50,1
34930,66,261062,14,0,0,40,0
34931,23,336010,13,0,0,32,0
34937,24,149457,10,0,0,40,0
34939,25,378322,9,0,2001,50,0
34940,29,196912,13,0,0,40,0
34941,56,116143,13,5178,0,44,1
34943,64,190660,9,0,0,40,1
34946,36,58343,13,3103,0,42,1
34948,31,126402,9,0,0,60,0
34949,23,148709,9,0,0,35,0
34952,45,274689,6,0,0,60,0
34956,30,166961,10,0,0,20,1
34960,22,50163,5,0,0,40,0
34965,59,169982,10,15024,0,60,1
34971,34,167474,9,0,0,50,0
34973,20,117244,9,0,0,45,0
34975,19,144911,10,0,0,20,0
34977,55,101338,6,0,0,40,0
34981,20,229414,9,0,0,30,0
34983,26,291968,15,0,1977,40,1
34984,73,127858,10,3273,0,40,0
34985,27,302406,14,0,0,55,0
34988,46,349230,11,0,1848,40,1
34989,36,101481,9,0,0,40,0
34990,54,46704,9,0,0,60,1
34991,49,233639,7,0,0,50,0
34994,30,293512,11,0,0,40,0
34995,28,375655,13,0,0,50,0
34997,25,203408,10,0,0,40,0
34998,26,162302,10,0,0,40,0
34999,40,163455,10,0,0,55,1
35000,32,100135,9,0,0,40,0
35002,18,102182,8,0,0,30,0
35003,36,414683,13,0,0,40,0
35004,26,194352,13,0,0,40,0
35005,24,194096,9,0,0,45,0
35007,20,215495,10,0,0,40,0
35013,36,178222,13,0,0,60,0
35014,45,56841,9,0,0,40,1
35016,69,197288,9,0,0,35,0
35025,46,195023,10,0,0,40,0
35027,43,171888,10,0,0,40,0
35032,35,96824,10,0,0,40,0
35034,18,127388,10,0,0,40,0
35038,36,301227,3,0,0,35,0
35042,41,126076,10,0,0,50,0
35043,31,156493,9,0,0,40,0
35045,52,561489,14,0,0,50,0
35047,18,36275,9,0,0,25,0
35049,34,143766,10,0,0,40,0
35050,30,76313,9,0,0,48,0
35057,44,225263,10,0,1408,46,0
35059,36,286115,9,0,0,40,1
35062,47,148576,15,0,0,35,0
35065,21,383603,6,0,0,35,0
35067,34,226629,9,0,0,40,0
35069,55,119762,6,0,0,50,0
35071,37,149297,9,0,0,30,0
35072,28,202558,10,0,0,40,0
35073,39,175232,10,0,0,50,0
35074,35,157473,9,0,0,40,0
35081,17,186890,6,0,0,30,0
35082,23,304386,9,0,0,40,0
35085,31,342730,12,0,0,45,0
35087,56,67841,9,0,0,40,0
35090,41,220821,13,7688,0,40,1
35091,26,190027,6,0,0,30,0
35092,41,343944,7,0,0,40,0
35093,46,110457,14,0,0,55,1
35095,43,193494,15,0,0,60,1
35097,44,274363,9,0,0,50,0
35098,58,113806,13,7688,0,30,1
35100,44,187720,11,0,0,40,0
35101,57,104996,10,0,0,42,0
35103,38,52963,13,0,0,50,0
35104,33,190511,4,2176,0,35,0
35105,25,75821,10,0,0,40,0
35107,50,226497,10,0,0,52,1
35108,35,282979,9,5178,0,50,1
35109,36,166549,13,0,0,55,1
35111,22,157145,11,0,0,50,0
35114,39,169249,9,0,0,40,0
35118,19,323810,6,0,0,40,0
35122,44,210534,3,0,0,40,0
35125,29,375655,13,0,0,40,0
35132,25,175540,9,0,0,50,0
35137,37,201259,7,0,0,65,0
35138,26,202286,13,0,0,40,0
35140,36,578377,14,0,0,40,0
35142,53,324021,10,0,0,40,0
35143,37,107737,9,0,0,45,0
35144,41,129865,9,0,0,40,0
35147,28,172891,9,0,0,50,0
35148,53,207449,6,0,0,40,0
35150,33,408813,13,0,0,50,0
35158,18,311795,8,0,0,20,0
35160,49,291783,13,0,0,40,1
35163,43,462180,15,99999,0,60,1
35164,31,308540,10,0,0,40,1
35165,27,34701,13,0,0,40,0
35168,37,140713,10,0,0,40,1
35169,53,216931,10,4386,0,40,1
35170,26,162312,10,0,0,20,0
35174,53,197054,14,0,0,40,1
35176,35,30565,9,0,0,40,1
35177,48,105138,9,0,0,40,0
35179,38,241998,8,7688,0,40,1
35183,68,336329,9,0,0,10,0
35184,26,337867,13,0,0,40,0
35185,26,104614,13,0,0,40,0
35188,48,64479,13,0,0,47,0
35189,55,284095,9,0,0,37,0
35190,50,221336,10,0,0,40,0
35193,24,412156,9,0,0,40,0
35195,54,129972,11,0,0,38,1
35197,31,203488,13,0,0,50,1
35200,46,314770,10,0,0,48,0
35201,45,135044,9,0,0,40,0
35202,39,319248,6,0,0,25,0
35204,48,151584,10,8614,0,60,1
35206,56,81220,10,0,0,40,0
35207,47,151087,9,0,0,40,0
35212,66,213477,4,0,0,10,0
35214,32,257068,10,0,0,37,0
35216,43,150533,11,0,0,50,1
35220,40,240698,9,0,0,60,0
35225,44,218062,10,0,0,40,0
35228,50,94391,11,0,0,50,1
35230,43,156771,6,0,0,40,0
35232,41,82161,9,0,0,40,0
35234,58,310014,13,0,0,25,0
35235,50,133014,11,0,0,40,0
35240,47,201865,9,0,0,40,0
35241,45,319122,13,14084,0,45,1
35242,34,155151,10,0,0,40,1
35243,39,24106,10,0,0,40,1
35245,19,28967,10,0,0,40,0
35247,45,152752,11,0,0,3,0
35248,34,154874,9,4416,0,30,0
35249,27,154210,7,0,0,35,0
35251,20,94744,9,0,0,20,0
35253,24,240137,2,0,0,55,0
35254,39,80004,9,0,0,40,0
35256,62,39610,10,0,0,80,0
35257,24,90046,13,0,0,40,0
35258,37,193855,9,0,0,45,0
35265,61,163393,9,0,0,20,0
35266,45,93535,14,0,0,40,0
35271,68,195868,13,20051,0,40,1
35273,25,39901,13,0,0,60,0
35275,55,419732,10,0,0,38,0
35276,46,171095,12,0,0,38,0
35280,24,145964,13,0,0,40,1
35284,17,198830,7,0,0,10,0
35285,21,267040,6,0,0,40,0
35286,45,167187,13,0,0,40,1
35290,31,186144,4,0,0,40,0
35291,20,178517,10,0,0,40,0
35292,65,131417,3,1797,0,21,0
35294,33,379798,9,0,0,40,0
35296,38,107302,9,0,0,50,0
35298,33,102884,13,0,0,20,0
35300,28,173611,9,0,0,40,0
35301,29,232666,9,0,0,40,0
35302,23,352207,11,0,0,20,0
35303,37,241998,13,0,0,5,1
35304,52,279129,10,0,0,37,1
35306,47,155659,10,7688,0,55,1
35308,41,19914,13,0,0,40,1
35313,34,227359,10,0,0,42,0
35315,44,118550,9,0,0,33,0
35316,26,285004,13,0,0,35,0
35318,39,144608,13,0,0,40,1
35319,52,76860,9,0,0,8,0
35322,60,141580,9,0,0,50,1
35323,31,226443,13,0,0,40,0
35324,30,366065,10,0,0,40,0
35325,23,225724,10,0,0,25,0
35326,81,132204,2,0,0,20,0
35327,39,258276,13,3137,0,40,0
35328,38,197711,6,0,0,40,0
35329,21,30619,10,0,0,38,0
35330,28,335015,9,0,0,40,0
35333,36,144169,9,0,0,50,0
35334,27,40295,9,0,0,99,0
35338,43,114351,9,0,0,35,0
35343,37,170174,9,0,0,46,1
35346,31,114937,13,0,0,35,0
35348,19,238474,10,0,0,25,0
35350,55,31728,10,0,0,40,1
35352,62,141308,10,0,0,40,0
35353,43,83411,10,0,0,50,1
35354,45,119835,4,0,0,48,0
35355,28,296537,9,0,0,45,0
35360,23,55465,10,0,0,40,0
35363,51,200450,9,0,0,48,0
35364,61,176731,9,0,0,40,0
35365,52,140985,13,99999,0,30,1
35371,18,214989,10,0,1602,24,0
35374,41,170924,10,0,0,7,0
35376,40,149466,9,0,0,35,0
35378,62,167889,16,0,0,40,0
35382,60,54800,9,0,0,40,0
35383,20,100605,9,0,0,40,0
35385,18,203301,9,0,0,40,0
35386,40,175696,10,0,0,45,1
35390,18,327612,6,0,0,20,0
35393,71,130436,2,0,0,28,0
35395,73,284680,9,0,0,20,0
35402,44,56651,10,7688,0,45,1
35405,66,107196,9,0,0,18,0
35408,46,164682,11,0,0,40,0
35410,59,261816,10,0,0,52,0
35411,58,280309,12,5178,0,60,1
35413,58,95835,10,0,0,36,0
35414,69,323016,13,99999,0,40,1
35415,17,280670,6,0,0,40,0
35417,28,65171,10,0,0,70,0
35418,37,25864,9,0,0,40,0
35421,45,172822,7,0,2824,76,1
35424,53,216691,16,10520,0,40,1
35425,37,133328,9,0,0,40,0
35426,26,164737,10,0,0,40,0
35429,27,208725,13,0,0,40,0
35430,22,138513,10,0,0,40,0
35434,34,133278,8,0,0,53,0
35435,32,212276,13,0,0,60,1
35436,32,440129,10,0,0,38,0
35437,47,98012,14,7688,0,40,1
35439,25,177147,10,0,0,40,0
35440,40,141537,6,0,0,40,0
35448,45,106910,9,0,0,40,0
35449,67,163726,3,0,0,49,0
35450,36,609935,13,0,0,48,0
35452,28,115945,16,0,0,18,0
35458,23,207415,12,0,0,25,0
35459,51,264457,7,0,0,40,0
35460,51,340588,2,0,0,54,0
35461,82,42435,6,0,0,20,0
35462,28,107411,9,0,0,45,0
35465,19,247679,9,0,0,45,0
35469,27,182540,7,0,0,40,0
35470,35,172694,9,0,0,40,0
35472,27,130438,9,0,0,40,0
35476,62,24050,9,0,0,15,0
35477,26,276967,10,0,0,40,0
35481,25,190650,13,0,0,40,0
35482,52,255927,10,0,0,24,0
35484,30,216811,9,0,0,40,0
35485,52,110563,10,0,0,40,1
35487,17,183066,6,0,0,25,0
35488,46,298786,10,0,0,40,0
35490,21,253612,10,1055,0,32,0
35492,17,148522,7,0,1721,15,0
35494,23,165474,10,0,0,40,0
35496,19,67929,10,0,0,50,0
35499,28,185127,10,0,0,54,0
35502,30,145692,10,0,1974,40,0
35503,48,210424,9,914,0,40,0
35504,73,198526,9,0,0,32,0
35506,33,100882,14,0,0,40,1
35507,36,124818,9,0,0,40,0
35508,28,190836,9,3411,0,40,0
35509,57,71367,9,0,0,40,0
35512,40,390781,9,0,0,48,0
35515,26,213081,9,0,0,40,0
35516,27,89718,10,0,0,40,0
35517,17,225106,6,0,1602,18,0
35519,18,78181,7,0,0,30,0
35520,20,158206,10,0,0,30,0
35521,69,337720,9,0,0,24,0
35522,18,391257,10,0,0,40,0
35523,56,134756,9,0,0,40,0
35531,54,172175,10,0,0,40,1
35534,17,198797,7,0,0,20,0
35536,22,117618,13,0,0,25,0
35545,60,227332,14,0,0,40,1
35548,23,309055,10,0,0,20,0
35550,36,32709,10,3325,0,45,0
35551,67,73559,9,9386,0,50,1
35552,31,117963,9,0,0,60,0
35554,18,308889,7,0,0,20,0
35558,53,29557,10,0,0,40,0
35559,27,210313,9,0,0,28,0
35565,41,344572,9,0,0,40,0
35567,32,178835,9,0,0,40,0
35571,21,154165,9,0,0,35,0
35573,44,145246,14,0,0,44,1
35574,51,280093,9,0,0,40,0
35575,42,373469,9,0,0,40,1
35581,32,116677,9,0,0,40,0
35582,30,59496,10,0,0,40,0
35587,49,173411,9,0,0,40,0
35589,35,195516,9,0,0,40,0
35591,42,160369,14,0,0,50,1
35592,21,415913,10,0,0,40,0
35593,23,147253,12,0,0,40,0
35594,35,199674,9,0,0,40,0
35596,23,377121,10,0,0,25,0
35597,21,400635,10,0,0,20,0
35600,38,82552,9,594,0,50,0
35604,45,266860,14,15024,0,50,1
35606,60,237317,11,4934,0,40,1
35607,38,110426,16,7688,0,40,1
35608,41,327606,8,0,0,40,0
35609,48,34845,9,0,0,40,0
35610,33,58582,9,0,0,40,0
35611,48,155659,11,0,0,40,0
35616,52,210736,10,3103,0,55,1
35617,46,111163,9,0,0,38,0
35618,72,76860,9,0,0,1,0
35622,40,360884,10,7298,0,40,1
35623,26,266022,10,0,0,50,0
35626,46,177305,11,0,0,35,1
35627,39,165106,13,0,1564,50,1
35629,59,189721,13,0,0,40,1
35630,37,34180,9,0,0,40,0
35631,38,183279,10,0,0,43,0
35632,33,35309,13,0,0,40,0
35633,23,259109,12,0,0,40,0
35634,67,148690,14,18481,0,2,1
35635,60,125019,13,8614,0,48,1
35637,32,410615,9,0,1887,60,1
35639,39,300760,9,0,0,50,0
35640,28,232782,10,0,0,40,0
35643,23,206861,10,0,0,25,0
35644,32,195602,13,0,1977,45,1
35645,33,422960,10,0,0,60,1
35652,22,107882,13,0,0,35,0
35654,27,203776,12,0,0,55,0
35656,44,29762,9,0,0,68,0
35659,40,99604,14,15024,0,24,1
35660,45,194772,10,0,0,55,0
35661,17,95446,6,0,0,15,0
35662,53,257126,8,0,0,45,0
35664,55,98361,9,0,0,35,0
35669,62,147627,5,1055,0,22,0
35670,31,149507,11,3464,0,38,0
35672,30,236861,9,0,1876,45,0
35675,58,318537,8,0,0,40,0
35676,30,183284,13,0,0,50,1
35677,28,334368,11,4650,0,40,0
35679,34,118551,13,0,0,40,0
35680,39,163057,10,0,0,99,0
35681,61,253101,10,0,0,20,0
35684,21,175374,9,0,0,40,0
35685,50,234037,9,0,0,58,0
35686,47,341762,9,0,0,33,0
35689,46,251786,2,0,0,40,0
35691,33,251120,13,7688,0,50,1
35693,43,105896,10,0,0,40,0
35696,25,185287,10,0,0,40,0
35700,35,406051,16,0,0,80,1
35705,33,168981,11,0,0,55,0
35707,31,139753,13,0,0,40,0
35711,19,445728,9,0,0,40,0
35713,24,235722,9,0,0,40,0
35717,35,103986,11,0,0,40,1
35720,22,116800,12,0,0,60,0
35727,35,61343,9,0,0,90,0
35729,23,162945,9,0,2377,40,0
35730,37,225504,14,0,0,50,0
35731,44,191712,14,0,2415,55,1
35733,36,198587,13,0,0,40,0
35734,26,34965,10,0,0,12,0
35743,64,211360,9,0,0,30,0
35744,55,191367,9,0,0,40,0
35745,48,148995,14,0,0,55,1
35747,50,117496,9,7298,0,30,1
35751,43,52498,9,0,0,40,1
35752,22,136767,9,0,0,30,0
35754,36,114059,13,0,0,45,0
35755,56,247337,13,0,0,50,1
35757,41,171546,13,0,0,45,1
35758,41,217455,9,0,0,40,0
35760,59,146391,16,0,0,50,1
35767,47,205730,9,0,0,56,1
35768,29,383745,9,0,1887,30,1
35769,32,328199,11,0,0,40,0
35773,76,191024,13,0,0,30,0
35775,44,225879,10,0,0,30,1
35776,81,247232,6,2936,0,28,0
35780,45,31339,13,0,0,45,1
35786,23,119665,9,0,0,60,0
35789,29,118337,9,0,0,60,0
35790,27,173800,14,0,0,20,0
35791,55,289257,10,0,0,40,0
35792,30,190912,7,0,1651,40,0
35794,50,174102,9,0,0,40,0
35795,22,316509,9,0,0,50,0
35797,30,187279,9,0,0,44,0
35798,20,259496,10,0,0,20,0
35799,29,181466,9,0,0,35,0
35801,63,188976,13,0,0,40,0
35803,38,142022,9,0,0,40,0
35805,21,216181,10,0,0,35,0
35806,47,178341,6,0,0,46,1
35807,25,244408,13,0,0,40,0
35808,31,198953,10,0,0,38,0
35809,28,173110,9,0,0,40,0
35810,38,66326,9,0,0,99,0
35811,30,181091,13,0,0,40,0
35813,27,133929,13,0,0,36,0
35814,26,86483,10,0,0,40,0
35815,47,167787,9,0,0,40,0
35816,27,208577,9,0,2258,50,0
35817,43,216697,10,0,0,32,0
35823,45,160724,9,0,0,40,0
35825,54,185936,5,0,0,15,0
35827,28,113635,7,0,0,30,0
35828,23,214542,10,0,0,40,0
35829,54,172991,9,0,0,40,0
35830,40,203761,9,0,0,40,1
35834,52,237868,10,0,0,5,0
35835,30,323069,13,0,0,40,0
35836,34,181091,9,7688,0,40,1
35839,43,40024,7,0,0,42,0
35841,24,184216,10,0,0,40,0
35843,55,205422,6,0,0,40,0
35846,28,389713,9,0,0,40,0
35847,54,82566,12,0,0,45,0
35850,47,76034,10,0,0,57,1
35852,60,92845,3,0,0,40,0
35854,22,234474,10,0,0,25,0
35857,53,145419,2,7688,0,67,1
35858,44,193425,14,4386,0,40,1
35859,28,188278,13,0,0,50,0
35860,30,303485,10,0,0,40,0
35861,39,67187,9,0,0,40,0
35862,43,114508,9,0,0,40,0
35863,24,204172,13,0,0,40,0
35866,41,89172,10,0,0,40,1
35867,28,163320,9,0,0,40,0
35868,61,128230,9,0,0,30,0
35871,20,117476,10,0,0,40,0
35872,41,315834,13,0,1876,40,0
35873,28,214881,9,0,0,40,0
35876,51,87205,13,7688,0,20,1
35877,40,164647,10,0,0,38,0
35878,19,129151,9,0,0,40,0
35883,51,102904,9,0,0,43,0
35885,35,331395,11,0,0,42,0
35886,40,171424,9,0,0,40,0
35887,46,35406,4,0,0,32,0
35892,39,70240,10,0,0,40,0
35894,43,253759,9,0,0,45,0
35895,46,194431,9,0,0,40,0
35896,63,137843,10,7298,0,48,1
35901,64,50171,9,0,0,10,0
35907,36,150601,15,0,0,50,0
35908,53,228500,9,0,0,40,1
35912,34,150324,13,0,0,40,1
35913,39,51264,7,0,0,40,0
35915,30,229895,6,0,0,40,0
35917,51,166934,9,0,0,40,1
35919,34,301591,9,0,0,35,0
35920,47,229646,9,0,0,40,0
35921,28,51461,9,0,0,40,0
35925,50,33304,9,0,0,40,1
35927,27,38918,9,0,1876,75,0
35933,26,557236,9,0,0,40,0
35935,31,161765,10,0,2051,57,0
35937,33,171215,14,0,0,40,0
35938,49,52590,9,0,0,40,0
35942,18,123714,7,0,0,40,0
35944,51,334273,9,0,0,40,0
35945,52,343440,10,0,0,40,0
35946,52,208302,9,0,0,30,0
35947,23,280164,9,0,0,32,0
35948,23,174714,6,0,0,60,0
35949,36,184655,9,0,0,48,0
35951,53,108815,9,0,0,60,0
35952,17,152652,7,0,0,25,0
35953,69,269499,9,0,0,8,0
35959,41,70092,10,0,0,38,0
35960,22,189888,9,0,0,45,0
35962,31,94235,13,0,0,46,0
35966,39,147258,6,0,0,40,0
35968,50,180607,9,0,0,40,0
35969,56,104996,9,0,0,40,0
35973,26,220656,13,0,0,38,0
35974,43,96483,9,0,0,40,0
35975,45,51744,13,0,0,42,0
35977,30,393965,12,0,0,25,0
35979,43,143046,10,0,0,20,0
35981,54,183248,9,0,0,40,0
35982,23,102942,13,0,2258,40,1
35983,33,427474,9,0,0,60,1
35991,60,44915,14,0,0,10,0
35993,61,171429,7,0,0,36,0
36002,37,335168,10,0,0,55,0
36003,38,86643,13,0,0,45,1
36004,27,180262,10,0,0,40,0
36005,38,127865,14,0,0,40,0
36007,49,102110,9,0,0,30,1
36008,38,152237,13,0,0,45,1
36014,58,244830,13,4787,0,40,1
36015,24,190457,10,0,0,40,0
36017,38,166585,9,0,0,40,0
36018,42,29962,9,0,0,40,0
36019,27,191129,10,0,0,40,0
36020,18,378707,6,0,0,20,0
36022,48,240629,9,0,0,65,0
36026,36,137314,10,0,0,60,1
36028,90,226968,4,0,0,40,0
36029,66,151793,4,0,0,10,0
36030,34,56460,9,0,2179,12,0
36032,35,261646,9,0,0,55,0
36033,32,178615,9,2407,0,40,0
36035,32,377836,11,0,0,40,0
36043,41,190591,9,0,0,20,0
36045,22,228480,9,0,0,20,0
36048,18,152171,7,0,0,10,0
36049,63,339755,13,0,0,50,1
36055,23,210781,13,0,0,15,0
36060,34,185408,10,0,0,40,0
36062,51,147200,9,0,0,40,0
36063,40,166327,10,0,0,35,0
36064,55,178644,5,0,0,55,0
36066,30,158420,13,0,0,25,0
36070,32,37232,15,7688,0,45,1
36073,50,177705,13,0,0,40,0
36076,60,114413,12,0,0,30,0
36077,53,189511,9,0,0,40,0
36078,58,111625,13,8614,0,40,1
36079,45,246431,13,0,0,30,0
36080,31,147654,9,0,0,40,0
36081,32,443546,9,0,0,40,0
36082,37,281751,10,0,0,30,0
36083,28,263128,10,0,0,60,0
36084,26,292692,8,0,0,40,0
36087,42,317078,9,0,0,40,0
36091,46,398986,16,0,1902,52,1
36093,49,407495,9,0,0,70,0
36096,45,287190,12,0,0,35,0
36097,31,111363,13,0,0,40,0
36101,20,117618,10,0,0,40,0
36103,29,389713,11,0,0,40,1
36104,23,174413,13,0,0,40,0
36106,54,198546,14,0,0,38,0
36107,21,82497,10,0,0,30,0
36110,55,208451,14,0,0,40,1
36113,37,434097,12,0,0,40,0
36114,47,192053,9,0,1590,40,0
36115,20,178628,10,0,0,40,0
36116,53,96827,13,0,0,40,0
36118,43,160246,10,0,0,40,0
36121,29,162312,11,0,0,40,0
36122,58,183893,10,0,0,40,0
36123,55,270228,12,7688,0,40,1
36125,43,175669,10,0,0,40,0
36126,25,104097,14,0,0,40,0
36128,34,202450,9,0,0,50,0
36129,26,109570,10,0,0,35,0
36131,39,236391,9,0,0,50,1
36134,33,240979,10,0,0,40,0
36135,26,248612,13,0,0,70,1
36137,29,236436,12,8614,0,40,1
36138,29,153167,10,0,0,40,0
36140,34,243165,13,0,0,30,1
36142,77,84979,16,20051,0,40,1
36143,34,87209,14,0,0,60,0
36144,53,168539,5,0,0,70,0
36149,57,35884,9,0,0,40,0
36150,32,182714,9,0,0,45,0
36151,77,344425,5,0,0,10,0
36152,37,177277,10,0,0,40,0
36153,51,70767,9,0,0,40,0
36157,30,312667,10,0,0,40,0
36160,31,259531,11,0,0,40,0
36161,28,186239,10,0,0,40,0
36163,27,249315,9,0,0,60,0
36164,21,308237,3,0,0,40,0
36165,24,103064,13,0,0,40,0
36166,46,185847,9,0,0,54,0
36169,21,353628,6,0,0,38,0
36170,38,273285,7,0,0,32,0
36171,31,272069,11,0,0,40,0
36172,26,22328,13,0,0,40,1
36173,46,309212,9,0,0,25,0
36176,53,55139,14,0,0,40,1
36177,42,212206,14,0,1887,48,1
36179,45,252079,10,0,0,50,1
36180,70,315868,13,0,0,40,0
36182,40,174283,16,0,1887,50,1
36183,17,126832,6,0,0,30,0
36185,34,265706,14,0,0,60,1
36186,41,282964,10,0,0,40,0
36190,56,136472,4,0,0,48,0
36193,62,143943,13,0,0,7,0
36195,25,366796,13,0,0,40,0
36197,21,33616,10,0,0,25,0
36200,58,190763,13,0,0,40,1
36202,54,156003,9,0,0,40,0
36203,33,55699,9,3908,0,40,0
36205,40,198790,7,0,0,30,0
36208,55,143266,9,0,0,25,0
36209,53,192386,9,0,0,45,0
36211,66,169435,9,0,0,16,0
36213,39,119272,6,0,0,40,0
36214,21,211601,10,0,0,40,0
36216,21,213041,9,0,0,40,0
36220,22,46561,11,0,0,40,0
36222,50,98215,9,0,0,40,0
36224,59,181242,6,0,0,40,0
36226,56,39380,10,27828,0,20,1
36227,28,315287,9,0,0,40,0
36229,63,34098,6,0,0,56,0
36231,41,356934,10,0,0,44,1
36232,26,276309,10,0,0,20,0
36233,47,175925,6,0,2179,52,0
36240,45,175262,5,0,0,40,0
36242,44,231793,16,0,0,38,0
36245,30,328242,13,0,0,40,1
36251,34,246439,9,0,0,45,0
36255,32,235847,10,0,0,50,0
36258,49,261688,9,5013,0,60,0
36260,37,143058,10,0,0,40,0
36262,44,230592,13,0,0,35,0
36267,19,385901,10,0,0,22,0
36272,20,117767,10,0,0,25,0
36273,43,184378,13,0,0,35,0
36274,21,232591,9,0,0,40,0
36278,72,268861,4,0,0,99,0
36279,54,343242,10,0,0,44,1
36281,63,205246,9,0,0,40,0
36284,72,201375,12,0,0,40,0
36285,55,194290,9,0,0,40,0
36286,44,191814,10,0,0,45,1
36288,20,137876,10,0,0,40,0
36290,71,108390,10,3432,0,20,0
36292,35,214891,9,0,0,40,0
36293,18,133654,9,0,0,40,0
36294,23,147548,9,0,0,30,0
36296,56,60166,2,0,0,65,0
36297,25,454934,10,0,0,35,0
36298,64,338355,11,0,0,15,0
36300,61,101500,11,0,0,40,0
36301,36,36397,13,0,0,55,0
36302,18,276540,8,0,0,15,0
36303,21,293968,10,0,0,20,0
36304,43,35523,12,0,0,35,0
36306,52,232132,8,0,0,45,1
36307,48,176917,9,0,0,55,0
36310,22,34506,10,0,0,25,0
36311,42,178074,9,0,0,40,0
36312,60,116961,4,0,0,20,0
36313,34,191930,10,0,0,40,0
36316,65,144822,5,0,0,45,0
36318,18,90934,10,0,0,28,0
36319,49,296892,9,0,0,40,0
36331,32,177566,10,0,0,50,0
36333,35,87556,14,0,0,45,1
36334,35,144322,12,0,0,50,0
36335,24,190015,9,0,0,40,0
36336,50,183173,9,99999,0,40,1
36337,38,151322,9,0,0,40,0
36338,57,47392,9,0,0,40,1
36340,49,265295,9,0,0,40,0
36342,56,147989,10,0,0,40,0
36345,23,191910,10,0,0,40,0
36346,33,216145,9,0,0,40,0
36347,42,202872,10,0,0,12,0
36348,62,39630,9,0,0,48,0
36356,43,223861,11,0,0,40,0
36357,43,163455,9,0,0,40,1
36361,45,387074,11,0,0,40,0
36366,26,255193,7,3411,0,40,0
36367,38,273640,9,0,0,40,0
36372,27,23740,9,0,0,38,1
36373,20,382153,10,0,0,25,0
36375,21,228424,6,0,0,40,0
36378,39,89419,11,0,0,40,0
36379,35,224512,14,0,0,55,1
36381,65,85787,4,0,0,40,0
36382,54,279881,11,0,0,40,0
36386,70,410980,10,0,0,10,1
36387,52,38795,9,0,0,40,1
36388,64,182979,9,0,0,40,0
36391,47,160647,9,0,0,40,0
36392,32,45796,8,0,0,40,0
36393,20,110597,10,0,0,30,0
36394,33,166961,10,0,0,38,0
36395,52,318975,9,0,0,40,0
36396,49,305657,4,0,0,40,0
36397,31,120857,9,0,0,18,0
36398,62,158712,9,0,0,6,0
36399,44,304530,10,0,0,55,0
36401,68,233954,14,0,0,40,1
36402,40,26880,10,0,0,40,0
36411,36,127772,13,0,0,40,0
36412,26,117217,13,0,0,45,0
36413,48,215389,9,0,0,40,1
36418,56,99894,6,0,0,30,1
36420,32,250585,13,0,0,50,0
36425,41,106982,10,0,0,40,1
36426,55,396878,10,0,0,25,0
36427,23,344278,10,0,0,25,0
36428,45,203653,9,7298,0,40,1
36432,36,143068,10,0,0,40,0
36433,52,114758,13,15024,0,50,1
36434,46,266337,11,0,0,40,0
36435,34,321787,10,0,0,40,0
36439,42,196626,4,0,0,40,0
36440,64,108082,10,0,0,40,0
36443,52,81436,15,0,0,40,1
36445,53,375134,10,0,0,60,1
36447,27,330466,13,0,0,40,0
36449,60,135285,14,0,0,40,0
36450,41,171615,12,0,0,45,1
36451,64,149698,15,0,0,40,1
36452,25,71351,2,0,0,25,0
36453,63,84737,4,0,0,40,0
36456,27,199314,13,0,0,40,0
36459,22,283499,9,0,0,35,0
36462,60,232618,9,0,0,40,0
36469,57,96346,9,0,0,57,0
36473,39,115076,10,0,0,40,0
36476,35,193241,10,0,0,38,0
36479,25,177017,9,0,1504,37,0
36480,25,253267,10,0,1902,36,1
36482,53,321865,15,0,0,60,1
36487,45,474617,9,5455,0,40,0
36489,33,144949,13,0,0,65,0
36492,40,178417,9,0,0,35,0
36495,22,117606,13,0,0,32,0
36497,45,81487,10,0,0,40,1
36500,24,35603,10,0,0,40,0
36503,43,174395,14,0,0,50,0
36505,37,189878,15,0,0,50,1
36506,17,224073,7,0,0,20,0
36507,48,159726,9,0,0,55,1
36509,26,456618,10,2597,0,40,0
36513,40,137304,13,0,0,40,0
36518,21,191444,7,0,0,40,0
36520,43,172577,10,0,0,44,0
36521,36,241998,13,0,0,50,1
36523,48,212120,9,0,0,40,1
36524,37,109133,14,27828,0,60,1
36525,20,224424,8,0,0,40,0
36528,39,149833,13,0,0,40,0
36529,41,253770,10,7298,0,40,1
36530,80,252466,11,0,0,24,0
36531,59,132717,6,0,0,40,0
36532,52,138944,7,0,0,40,1
36534,56,144380,10,0,0,50,0
36536,49,177211,13,0,0,50,1
36537,33,197424,9,5013,0,40,0
36538,28,31717,9,0,0,45,1
36541,42,106698,10,0,0,32,0
36546,28,140845,6,0,155,40,0
36547,25,335376,13,0,0,30,0
36548,17,170455,7,0,0,8,0
36551,24,404416,10,0,0,40,0
36553,65,143175,10,0,0,45,0
36556,43,235556,10,0,0,45,0
36558,48,195437,7,0,0,40,1
36561,36,47310,9,0,0,40,0
36565,34,263307,13,0,0,45,0
36567,39,232854,9,0,0,40,0
36570,40,283724,5,0,0,49,0
36572,21,228649,10,0,0,20,0
36574,47,249935,7,0,0,8,0
36575,19,533147,9,0,0,30,0
36577,20,249543,10,0,0,16,0
36580,17,147339,6,0,0,15,0
36582,28,111696,9,0,1974,40,0
36586,44,113597,10,0,0,55,1
36587,26,151626,9,0,0,40,0
36589,24,176189,9,0,0,40,0
36594,33,203488,10,0,0,45,0
36596,40,99373,6,0,0,40,0
36597,47,109705,9,0,0,40,0
36599,38,617898,13,0,0,50,0
36600,50,38310,4,0,0,40,0
36601,45,248993,9,0,0,40,0
36605,65,213477,14,0,0,28,0
36607,26,59367,13,0,0,40,0
36608,55,35551,9,0,0,40,0
36610,43,193755,13,0,0,40,0
36611,37,315291,13,0,0,40,0
36618,18,157131,7,0,0,10,0
36620,26,157617,9,0,0,40,0
36621,60,96099,10,0,0,40,1
36622,21,122322,10,0,0,60,0
36625,76,236878,9,0,0,30,0
36626,19,216647,10,0,0,30,0
36629,23,194723,13,0,0,40,0
36630,44,31251,4,0,0,40,0
36631,27,212506,10,0,0,40,0
36633,37,29054,9,0,0,50,0
36635,21,184678,10,0,0,35,0
36640,41,287037,10,0,0,40,0
36641,50,64667,9,0,0,60,0
36643,36,113337,10,0,0,42,1
36644,47,387468,10,0,0,40,1
36645,51,384248,10,0,0,50,0
36647,40,198873,15,15024,0,30,1
36648,32,317809,13,4064,0,50,0
36649,37,160910,13,7298,0,40,1
36657,42,199143,15,7430,0,44,1
36660,61,72442,7,0,0,40,1
36664,35,143589,13,0,0,40,0
36667,40,154374,14,7688,0,40,1
36670,50,30731,11,0,0,50,0
36674,55,35723,14,0,0,60,1
36675,46,358886,9,0,0,40,0
36678,30,30063,9,0,0,32,0
36682,42,343609,10,0,0,50,0
36683,26,216010,9,0,0,40,0
36684,37,164526,13,0,0,40,0
36688,60,151369,14,0,0,60,1
36690,46,219611,10,0,0,40,0
36692,48,246891,15,0,0,60,0
36696,41,190591,12,0,0,40,0
36699,28,122540,6,0,0,40,0
36700,65,212562,7,0,0,20,0
36701,35,112497,9,0,0,35,0
36706,42,306496,9,0,0,40,0
36709,22,113936,10,0,0,40,0
36710,43,316820,10,0,0,84,0
36714,37,66686,9,0,0,40,0
36716,57,199768,9,0,1902,30,1
36717,47,186805,9,0,0,35,0
36719,23,103064,9,0,0,40,0
36720,17,93235,8,0,1721,25,0
36721,63,440607,1,0,0,30,0
36725,44,151089,14,0,1887,60,1
36727,34,114639,10,0,0,20,0
36728,37,344480,10,0,0,65,0
36730,32,105938,9,0,0,40,0
36731,42,217826,9,0,0,25,0
36732,20,379525,10,0,0,10,0
36733,34,177331,10,4386,0,40,1
36734,37,127918,10,0,0,20,0
36735,47,27067,9,0,0,40,0
36736,25,250038,5,0,0,45,0
36738,60,308608,9,0,0,50,0
36739,64,213574,9,2635,0,10,0
36740,32,235109,13,0,0,40,0
36743,55,223716,10,0,0,40,0
36744,85,166027,9,0,0,50,0
36746,39,198654,15,0,2415,67,1
36750,30,390879,11,0,0,36,0
36753,28,44216,9,0,0,40,0
36755,40,253370,9,0,0,35,1
36757,24,321763,9,0,0,38,0
36761,55,316027,4,0,0,40,0
36762,26,213412,7,0,0,40,0
36766,43,81243,13,0,1876,40,0
36768,46,57929,9,0,0,25,0
36769,35,953588,9,0,0,40,1
36771,52,194788,14,4787,0,60,1
36772,43,155293,13,0,0,60,1
36775,37,355856,13,0,0,40,1
36777,32,425622,9,0,0,55,0
36778,65,145628,6,0,0,40,0
36779,28,115549,10,0,0,60,0
36780,37,245482,9,0,0,40,0
36781,40,142444,13,0,0,45,0
36782,40,134026,7,0,0,40,0
36788,47,355320,13,15024,0,40,1
36791,36,223433,11,0,0,53,1
36792,36,41624,6,0,0,70,0
36793,44,151089,13,0,1902,50,1
36796,28,212318,9,0,0,55,0
36797,57,173090,9,0,0,32,0
36801,25,164229,9,2597,0,40,0
36806,38,47707,9,0,0,40,0
36807,26,231638,10,0,0,40,0
36808,55,389479,14,0,0,50,1
36809,36,111128,9,0,0,40,0
36812,34,609789,9,0,0,30,0
36813,41,184466,7,0,0,55,0
36822,52,195635,9,0,2051,38,0
36824,31,136398,16,0,0,50,1
36825,21,305466,10,0,0,70,0
36829,23,216853,11,0,0,25,0
36831,18,212936,10,0,0,15,0
36832,21,213055,10,0,0,40,0
36834,30,73514,13,0,0,45,0
36835,21,307371,10,0,0,15,0
36838,33,192002,14,7298,0,60,1
36841,39,421633,10,0,0,30,0
36842,43,154210,9,2829,0,60,0
36848,22,137876,10,0,0,20,0
36850,26,222539,10,0,0,40,1
36851,24,233856,9,0,0,45,0
36854,22,203182,10,0,0,43,0
36855,28,221317,10,0,0,40,0
36856,38,186934,10,0,0,45,0
36863,54,192654,13,0,0,65,0
36867,67,116517,13,0,0,35,0
36869,33,256529,9,0,0,80,0
36870,25,227886,13,0,0,40,0
36875,18,216730,7,0,0,12,0
36877,30,609789,7,0,0,60,0
36879,41,58880,13,7688,0,10,1
36880,40,285787,12,0,0,40,1
36881,46,173243,10,5178,0,40,1
36882,39,160916,12,0,0,45,0
36885,23,189924,10,0,0,40,0
36887,42,120837,9,0,2042,48,0
36889,72,166253,9,0,0,2,0
36891,90,206667,14,0,0,40,1
36892,27,153546,13,0,0,40,0
36893,18,189041,9,0,0,40,0
36897,28,109001,9,0,0,40,0
36902,41,349703,12,0,0,40,0
36903,32,226883,9,0,0,40,0
36905,35,169672,7,0,0,65,0
36906,42,71458,10,0,0,50,0
36908,34,125279,9,0,0,40,0
36909,25,197303,13,0,0,40,0
36910,46,148995,13,4787,0,45,1
36911,34,69251,10,0,0,40,0
36914,25,323229,13,0,0,40,0
36915,45,138626,11,2174,0,50,0
36917,23,151888,9,4650,0,50,0
36919,39,99146,14,0,0,40,1
36920,38,185325,9,0,0,40,1
36923,37,380614,12,0,0,13,1
36926,44,320984,13,0,0,60,1
36927,19,117201,10,0,0,22,0
36928,38,81965,11,0,0,40,0
36929,42,182302,9,0,0,40,0
36933,32,115066,9,0,0,40,0
36944,31,109020,13,0,0,40,0
36946,25,130302,9,0,0,40,0
36947,38,156728,13,0,0,56,0
36949,51,217647,10,0,0,40,0
36951,40,241895,9,0,0,40,0
36952,20,38455,6,0,0,40,0
36953,41,81054,10,0,0,25,0
36954,44,163215,8,0,0,40,0
36956,35,127930,9,0,0,60,0
36957,46,227310,10,0,0,40,0
36958,24,96844,10,0,0,17,0
36961,58,186385,16,0,0,8,0
36966,48,102092,9,0,0,40,0
36967,42,32533,10,0,0,45,0
36968,45,278151,9,0,0,40,0
36970,37,34378,10,0,0,35,0
36973,60,276009,9,0,0,30,0
36977,33,37232,10,0,0,80,0
36978,19,56424,8,0,0,20,0
36990,24,147719,14,0,0,20,0
36991,31,414525,8,0,0,60,0
36992,38,289148,9,0,0,40,0
36993,40,176069,13,0,0,45,0
36995,49,297884,9,4064,0,50,0
36998,24,32950,13,0,0,35,0
36999,46,233511,13,0,0,48,0
37000,20,210781,10,0,0,20,0
37009,37,199265,10,0,0,50,0
37010,40,202872,10,0,0,24,0
37011,22,195075,10,0,0,38,0
37013,41,187802,10,0,0,50,0
37014,24,97212,12,0,0,40,0
37015,40,47902,9,0,0,40,0
37016,37,76767,15,0,0,39,1
37017,42,172297,14,0,1902,40,1
37018,56,274475,5,0,0,40,0
37019,20,105244,10,0,0,50,0
37020,55,165695,9,0,0,40,0
37024,26,242768,13,0,0,38,0
37025,49,201080,10,0,0,55,0
37026,18,159032,4,0,0,40,0
37029,24,155775,9,0,0,40,0
37032,36,177907,10,0,0,65,0
37033,40,309311,9,0,0,40,0
37037,50,234373,14,0,1485,40,0
37038,17,151141,6,0,0,30,0
37039,39,144688,9,0,0,50,0
37045,30,164552,13,0,1876,40,0
37046,55,223127,5,0,0,40,0
37047,55,190514,4,0,0,75,0
37050,30,105908,9,0,0,40,0
37051,33,232356,9,0,1672,55,0
37053,71,193530,7,0,0,75,0
37054,22,22966,10,0,0,6,0
37058,49,183013,9,0,0,40,0
37060,27,197380,12,0,0,40,0
37061,27,298635,14,0,0,40,1
37063,30,108464,10,0,0,40,0
37066,45,99385,9,0,0,40,0
37069,51,24344,12,0,0,40,0
37071,24,154432,13,0,0,35,0
37073,26,259585,10,0,0,24,0
37076,47,199512,13,0,0,40,1
37077,30,302438,9,0,0,40,0
37078,41,129155,7,0,0,40,0
37082,43,244945,13,0,0,60,0
37084,40,351161,14,0,0,60,1
37087,54,129432,13,15024,0,40,1
37088,55,184702,9,0,0,40,0
37090,20,258298,10,0,0,20,0
37093,20,103840,9,0,0,42,0
37095,56,156842,10,0,0,40,0
37096,39,101020,8,0,0,40,0
37097,44,68729,13,0,0,40,1
37099,54,168723,9,0,0,40,0
37101,34,213722,9,0,0,57,1
37104,34,199934,10,0,0,40,1
37105,23,272185,11,0,0,33,0
37106,27,190650,13,0,0,25,0
37107,81,147097,13,0,0,5,0
37109,57,96779,3,0,0,40,0
37113,53,198824,13,0,0,40,0
37114,27,68393,13,0,0,40,0
37116,42,45363,12,0,0,50,0
37120,19,198663,9,0,0,40,0
37122,51,29887,9,0,0,44,0
37124,53,126368,10,0,0,50,1
37126,36,220696,9,0,0,40,0
37128,30,191777,10,0,0,40,0
37133,26,345405,9,2885,0,40,0
37138,51,168660,9,0,0,50,0
37140,38,131461,5,0,0,24,0
37143,45,155489,10,0,0,60,1
37148,25,334267,10,0,0,40,1
37153,46,170092,14,0,0,43,0
37154,47,198223,10,0,0,40,0
37155,37,359796,10,0,0,40,0
37156,43,110556,9,0,0,40,0
37161,79,142171,4,1409,0,35,0
37164,22,157332,10,0,0,40,0
37165,47,192894,9,0,0,50,1
37167,25,204338,6,0,0,40,0
37170,51,115066,10,0,2547,40,1
37171,35,170174,9,7298,0,60,1
37172,59,171015,10,0,0,34,0
37174,45,127678,11,0,0,60,1
37176,22,129508,9,0,0,28,0
37177,41,192107,13,0,0,40,0
37184,23,211160,8,0,0,40,0
37186,25,161478,13,0,0,40,0
37187,59,144071,9,0,0,40,1
37188,44,167005,10,4386,0,55,0
37189,55,342121,10,0,0,40,0
37190,77,71676,10,0,1944,1,0
37191,42,124692,14,0,0,40,1
37192,47,147236,9,0,0,40,1
37193,42,145175,10,0,0,40,0
37194,45,259323,10,0,0,40,0
37195,23,154978,9,0,0,40,0
37199,49,192894,9,0,0,40,1
37200,20,194848,10,0,0,40,0
37202,23,177265,9,0,0,45,0
37204,45,241350,9,0,0,48,1
37205,30,154882,15,0,0,35,0
37207,22,142566,9,0,0,40,0
37209,52,186303,10,15024,0,55,1
37210,40,237671,10,0,0,40,1
37212,58,68624,9,0,0,45,0
37213,30,229504,9,0,0,50,0
37215,29,262208,10,0,0,30,0
37216,26,236008,11,0,0,40,0
37217,39,214284,13,0,0,10,0
37219,21,205940,10,0,0,40,0
37220,22,195179,10,0,0,24,0
37221,25,469697,10,0,0,40,0
37225,40,244172,9,0,0,40,0
37229,52,189216,9,0,0,65,0
37232,57,111224,13,0,0,39,0
37234,80,174995,9,0,0,8,0
37235,20,210781,10,0,0,35,0
37238,27,192936,9,0,0,40,0
37239,52,72743,9,0,0,50,0
37240,43,187861,9,0,0,44,0
37242,29,663394,9,0,0,40,0
37243,27,302422,10,0,0,40,0
37245,49,37353,14,0,0,40,1
37247,47,184402,9,0,0,32,0
37248,20,224640,10,0,0,40,0
37249,19,405526,9,0,0,40,0
37252,23,164231,7,0,0,35,0
37257,25,37379,13,0,0,50,0
37258,28,148645,9,0,0,40,0
37261,30,111415,13,0,0,45,1
37262,41,107327,11,0,0,40,0
37266,27,194690,5,0,0,50,0
37268,52,163998,9,99999,0,45,1
37269,50,128478,9,0,0,70,0
37273,54,33863,9,0,0,60,1
37274,32,40444,14,0,0,50,0
37275,61,54373,10,0,0,40,0
37278,36,305714,9,0,0,70,0
37280,59,291529,6,0,0,52,0
37281,43,243380,10,0,0,40,0
37282,19,38619,7,0,0,10,0
37283,42,230684,13,5013,0,40,0
37288,61,101265,10,0,0,43,0
37290,31,312667,5,0,0,40,0
37291,38,255503,7,0,0,55,0
37292,21,221955,5,0,0,40,0
37295,53,84278,13,0,0,48,1
37296,40,114580,9,0,0,24,1
37297,36,185405,9,0,0,50,1
37307,46,101430,7,0,0,40,0
37308,49,358668,16,0,0,45,1
37310,45,126141,13,0,0,40,1
37312,22,194031,10,0,0,15,0
37314,46,249686,15,0,0,50,1
37316,25,221757,9,0,0,40,0
37318,54,185407,13,0,0,60,1
37321,30,159187,13,0,1902,55,1
37322,21,100462,11,2174,0,60,0
37323,27,192936,13,0,0,40,0
37325,60,181196,10,0,0,40,1
37327,27,60288,14,0,0,40,0
37328,57,84231,10,0,0,48,0
37333,27,321896,9,0,0,40,0
37335,31,131425,13,0,0,40,0
37336,55,145214,10,4650,0,20,0
37337,64,142166,9,0,0,99,0
37338,20,494784,9,0,0,35,0
37341,41,26669,10,0,0,40,0
37342,38,191479,10,0,0,40,0
37343,21,86625,10,0,0,40,0
37345,42,242564,4,0,2205,40,0
37347,42,436107,12,0,0,50,0
37348,35,272476,12,0,0,35,1
37350,23,283796,8,0,0,30,0
37352,26,265230,13,0,0,40,0
37354,40,150471,12,0,0,40,0
37355,19,183041,7,0,0,24,0
37357,45,235891,12,0,0,40,0
37358,41,163287,9,7688,0,43,1
37360,46,324561,14,0,0,45,1
37363,29,543477,10,0,0,40,0
37365,59,105866,13,0,0,30,0
37367,43,154076,10,0,0,40,1
37368,70,280307,13,0,0,20,0
37371,76,259612,9,0,0,15,0
37373,39,347814,12,0,0,56,0
37378,54,167552,2,0,0,40,1
37381,24,51973,13,0,0,20,0
37383,35,169672,10,0,0,40,0
37384,23,240137,3,0,0,55,0
37392,39,148015,9,0,0,52,0
37395,24,67586,11,0,0,35,0
37399,20,378546,9,0,0,25,0
37400,53,186087,9,0,0,40,0
37405,54,179291,10,0,0,56,1
37407,52,92968,13,0,0,40,0
37408,25,209286,10,0,0,40,0
37411,49,176341,13,0,0,40,0
37412,58,247276,4,0,0,30,0
37414,67,257557,4,10566,0,40,0
37416,69,106395,9,0,0,40,1
37418,34,213887,10,0,0,40,0
37419,28,185647,10,0,0,45,0
37421,31,176862,10,0,0,40,0
37425,46,306183,9,0,0,37,0
37426,43,343061,4,4508,0,40,0
37430,19,106273,10,0,0,38,0
37432,63,110610,6,0,0,50,0
37436,36,224566,12,0,1669,45,0
37438,58,113398,9,0,0,25,0
37439,25,170428,13,0,0,28,0
37444,42,369131,12,0,0,55,1
37446,46,405309,9,0,0,40,0
37449,43,51506,8,0,0,40,0
37450,48,117251,9,0,0,32,0
37451,26,106705,9,0,0,28,0
37454,43,143368,9,0,0,40,0
37456,74,117017,10,0,0,16,0
37458,45,55720,13,0,0,40,1
37459,32,481096,3,0,0,10,0
37460,23,281668,6,0,0,40,0
37462,42,96524,13,0,0,40,1
37463,24,187397,10,1151,0,40,0
37471,42,213019,14,0,0,40,1
37472,45,207540,16,0,0,40,1
37474,40,107306,13,0,0,40,1
37476,55,196126,13,0,0,40,0
37478,27,197905,10,0,0,40,0
37479,71,118119,10,20051,0,50,1
37481,17,25051,6,0,0,16,0
37482,26,210714,9,0,0,52,1
37483,22,183083,10,0,0,35,0
37484,51,99185,13,0,0,60,1
37486,41,396467,12,0,0,50,1
37491,32,99309,9,0,0,40,1
37492,19,165505,10,0,0,20,0
37493,22,122272,13,0,0,35,0
37495,47,44257,13,0,0,60,1
37496,51,194995,10,0,0,45,1
37500,50,161438,9,0,0,50,1
37504,46,176319,9,7298,0,40,1
37505,58,258883,13,0,0,60,1
37506,62,26966,10,0,0,40,0
37508,59,35411,9,0,0,40,0
37509,41,190885,9,0,0,40,0
37512,64,213945,9,0,0,50,0
37513,51,135102,9,0,0,65,0
37515,68,225612,13,0,0,35,1
37518,37,305259,12,0,0,48,0
37519,29,140830,9,0,0,40,0
37521,46,203067,15,0,0,40,1
37524,65,404601,9,2414,0,30,0
37525,52,100226,13,0,0,40,1
37529,61,92178,7,0,0,40,0
37531,32,209900,13,0,0,65,1
37536,51,124963,14,0,0,40,1
37540,28,46868,14,0,0,40,0
37541,55,31365,13,0,0,40,1
37546,19,495982,10,0,0,10,0
37547,18,334026,7,0,0,25,0
37549,33,213813,10,0,0,40,0
37550,29,241667,14,0,0,45,0
37552,50,107265,9,0,0,50,1
37554,28,129460,6,0,2238,35,0
37557,47,270079,4,0,0,40,0
37559,19,194905,10,0,0,12,0
37560,47,183486,13,0,0,50,1
37565,35,167735,7,6849,0,40,0
37566,50,146310,5,0,0,40,0
37567,20,256504,10,0,0,6,0
37568,17,121425,7,0,0,16,0
37569,33,146440,10,0,1740,40,0
37573,62,134768,14,0,0,35,0
37574,35,556902,9,0,0,40,0
37580,24,192201,10,0,0,20,0
37585,32,184833,6,0,0,40,0
37587,20,151780,11,0,0,35,0
37589,18,137363,8,0,0,20,0
37592,36,37931,9,0,0,48,1
37593,61,97030,10,0,0,30,0
37594,30,54608,10,0,0,48,0
37597,45,421412,9,0,0,45,1
37600,29,46987,9,0,0,55,0
37606,43,397280,12,0,0,50,1
37607,20,38001,10,0,0,20,0
37608,27,101618,9,0,0,50,0
37614,29,85572,13,0,0,42,1
37616,43,194726,9,0,0,35,0
37617,23,322674,10,0,0,40,0
37618,40,34540,14,0,0,44,0
37619,35,211073,10,0,0,61,1
37630,34,146980,9,0,0,65,0
37631,18,112974,7,0,0,3,0
37632,40,175943,11,0,1977,15,1
37635,46,145290,10,0,0,40,0
37636,23,198992,9,0,0,35,0
37639,48,190072,10,0,0,50,1
37643,34,118605,12,0,0,55,0
37644,49,377622,12,0,0,50,0
37645,49,157272,9,0,0,50,0
37648,62,162678,13,0,0,40,0
37653,29,41013,15,0,0,55,0
37654,50,188186,14,0,1590,45,0
37655,44,320071,9,0,0,40,1
37657,62,167652,11,0,0,40,0
37658,57,173580,10,0,0,40,0
37660,26,195555,13,0,0,40,0
37661,60,186446,4,0,0,40,0
37663,62,41793,14,0,0,50,0
37664,26,183965,9,0,0,40,0
37666,44,198096,13,7688,0,40,1
37668,66,97847,13,0,0,50,0
37669,24,196678,1,0,0,30,0
37670,19,320014,10,0,0,25,0
37673,38,368140,13,0,0,50,1
37675,22,121070,10,0,0,35,0
37678,42,294431,14,0,0,40,0
37682,38,308686,13,0,0,70,1
37684,35,187711,9,0,0,40,0
37687,37,329980,10,0,0,40,0
37689,60,90915,7,0,0,40,1
37691,74,33114,6,1797,0,30,0
37695,40,191429,15,15024,0,40,1
37698,18,171088,10,0,0,10,0
37699,33,112820,11,0,0,40,0
37701,17,142964,7,0,0,20,0
37702,47,89146,9,0,0,40,1
37704,26,291968,13,0,0,40,0
37705,32,29235,10,0,0,40,1
37707,36,323726,10,0,0,40,0
37709,19,218471,9,0,1602,30,0
37715,55,169133,13,0,0,40,0
37718,19,124651,7,0,0,25,0
37719,30,60426,9,0,0,40,0
37720,47,98726,13,0,0,40,0
37721,31,133861,12,0,0,40,0
37722,32,180303,13,0,0,47,0
37724,31,325658,9,0,0,40,0
37728,41,48997,9,0,0,40,0
37730,34,162442,9,0,0,20,1
37733,45,182677,9,0,0,40,0
37736,24,256240,4,0,0,60,0
37737,42,210275,14,4687,0,35,1
37739,38,141584,9,0,0,55,0
37742,43,50197,6,0,0,40,0
37747,32,213389,10,0,1726,38,0
37750,58,143266,13,0,0,40,0
37752,40,287079,9,0,0,55,0
37753,33,223212,9,0,0,40,0
37760,29,40295,9,0,0,40,0
37761,28,112403,9,2354,0,40,0
37762,59,31137,9,0,0,40,1
37765,19,201743,10,0,0,20,0
37766,40,240027,10,0,0,45,0
37769,20,107658,10,0,0,10,0
37770,58,136841,13,99999,0,35,1
37772,75,35724,9,0,0,8,0
37773,24,42251,13,0,0,30,0
37776,41,33331,9,0,0,45,0
37779,33,53042,8,0,0,40,0
37780,34,174789,10,0,0,50,0
37781,47,203067,13,0,0,50,0
37782,81,177408,9,0,2377,26,1
37783,45,216626,9,0,0,40,0
37785,59,188003,13,0,0,50,1
37786,46,65535,13,0,0,48,1
37788,23,414545,10,0,0,40,0
37789,25,295919,12,0,0,40,0
37792,25,476334,9,0,0,48,0
37793,32,255424,13,0,0,60,1
37794,34,175856,10,0,0,40,0
37797,78,292019,4,0,0,20,0
37801,29,138537,11,0,0,40,0
37802,37,709445,9,0,0,40,0
37807,37,236328,6,0,0,48,0
37809,25,196627,7,0,0,40,0
37811,55,463072,13,0,0,60,1
37812,32,199655,10,0,1740,40,0
37813,25,98756,10,0,0,50,0
37814,50,161075,9,0,0,40,0
37817,23,117606,13,0,0,40,0
37818,51,177487,9,0,0,40,0
37820,37,60313,9,0,0,40,0
37822,27,169958,3,0,0,40,0
37826,17,241021,8,0,0,40,0
37829,55,117299,9,7688,0,40,1
37832,41,153132,13,0,0,38,1
37833,23,197552,10,0,0,35,0
37834,33,69748,9,0,0,40,0
37835,29,175738,13,0,0,45,1
37836,50,78649,10,0,0,40,0
37837,37,188774,7,0,0,60,0
37844,32,279173,13,0,0,45,0
37846,28,202239,4,0,0,55,0
37852,20,117210,9,0,0,40,0
37853,33,41610,13,0,0,40,0
37856,39,219155,9,0,0,43,0
37857,35,106347,9,0,0,45,0
37858,37,68899,9,0,2129,40,0
37859,44,163985,15,0,0,32,1
37860,28,270887,12,0,0,65,0
37862,23,218899,13,0,0,60,0
37863,35,186183,9,15024,0,80,1
37868,27,128730,11,10520,0,65,1
37870,44,226129,11,0,0,50,1
37871,34,175856,13,3103,0,55,1
37872,43,281138,9,0,0,40,0
37873,41,98061,9,0,0,40,0
37875,23,289909,10,0,0,45,0
37877,24,236769,12,0,0,40,0
37878,38,423616,9,0,0,24,1
37880,53,100029,16,0,0,40,1
37882,24,201680,9,0,0,40,0
37883,45,154308,14,0,0,40,1
37886,28,100829,13,0,0,50,1
37887,38,203169,11,0,0,50,1
37889,29,178778,10,0,0,40,0
37890,29,276345,9,0,0,50,0
37893,31,173350,9,0,0,30,0
37896,25,297531,13,0,0,40,0
37898,21,182614,10,0,0,40,0
37899,60,120067,5,0,0,45,0
37900,41,182370,12,0,0,40,0
37901,43,60949,9,0,0,40,0
37908,30,251120,12,0,0,40,0
37911,61,147393,15,0,0,20,0
37915,38,179668,9,0,0,40,0
37918,55,194065,12,0,0,40,0
37919,45,357540,13,0,2002,55,0
37920,33,185336,11,0,0,40,0
37922,52,167794,16,0,0,38,1
37926,47,32509,10,0,0,40,0
37927,46,125492,13,0,0,40,0
37929,69,168794,4,0,0,48,0
37936,24,117767,12,0,0,20,0
37937,37,301070,9,0,0,45,0
37938,69,204645,10,9386,0,72,1
37941,34,156292,9,0,0,40,0
37943,21,262819,10,0,0,20,0
37944,61,95500,9,0,0,40,0
37946,29,238680,10,0,0,55,0
37948,41,168071,9,0,0,45,0
37950,52,168001,14,0,0,40,1
37951,38,97759,8,0,0,17,0
37954,20,70076,10,0,0,40,0
37955,23,312017,10,0,0,40,0
37957,48,125892,13,0,0,40,0
37960,28,30771,10,0,0,40,0
37962,34,209101,13,5178,0,55,1
37965,32,178109,9,0,0,43,0
37967,65,123484,9,0,0,25,0
37973,33,290763,10,0,0,40,0
37975,19,97189,10,0,0,22,0
37976,42,195096,9,4064,0,40,0
37977,37,329088,9,0,0,40,0
37978,26,58371,9,0,0,40,0
37981,47,173271,9,0,0,40,0
37982,26,391349,13,0,0,40,1
37983,24,86153,10,0,0,40,0
37985,33,327902,9,0,0,45,0
37990,25,108542,13,0,0,35,0
37992,25,126974,9,0,0,40,0
37993,23,180060,13,0,0,50,0
37994,35,38948,10,0,0,50,0
37996,41,177305,12,0,0,60,1
37997,26,238367,9,0,0,40,0
37999,22,153805,9,0,0,20,0
38000,30,26543,13,0,0,40,0
38005,43,233851,9,0,0,40,1
38007,41,193524,9,0,1485,40,0
38009,23,38238,13,0,0,40,0
38011,17,202344,6,0,0,25,0
38015,49,247378,10,0,0,20,0
38018,21,102942,10,0,2001,40,0
38019,20,258430,10,0,0,19,0
38020,59,244554,7,0,0,35,0
38021,26,252565,6,0,0,55,0
38022,25,262778,14,0,0,37,0
38026,66,350498,10,0,0,28,0
38031,21,27049,10,0,0,12,0
38032,39,36376,10,0,0,60,0
38033,41,194360,9,0,1887,40,1
38036,24,268525,13,0,0,32,0
38038,26,223464,10,0,0,40,0
38040,23,174461,9,0,0,40,0
38042,60,210064,9,0,0,40,0
38044,77,177550,13,3818,0,14,0
38050,31,36069,9,0,0,35,0
38051,23,53245,13,0,0,40,0
38052,27,399904,9,0,0,50,0
38053,38,199346,10,0,0,45,0
38055,22,232742,10,0,0,40,0
38056,61,390472,9,0,0,40,0
38057,55,290124,3,0,0,40,0
38058,23,242912,10,4650,0,40,0
38059,39,70240,3,0,0,40,0
38060,38,286405,16,0,1887,50,1
38062,25,137367,13,0,0,44,0
38063,66,313255,10,0,0,24,0
38064,30,100734,10,0,0,40,0
38065,32,248584,9,0,0,40,0
38067,18,335065,4,0,0,30,0
38068,20,219262,7,0,0,60,0
38071,33,609789,12,0,0,40,0
38072,40,307767,9,0,0,60,0
38075,41,160893,1,0,0,30,0
38077,40,243636,13,0,0,50,1
38081,30,115040,9,0,0,25,0
38083,25,210794,13,0,0,40,0
38084,22,88126,10,0,0,40,0
38087,55,169482,9,0,0,40,1
38088,26,63577,10,0,0,30,0
38089,22,208946,10,0,0,40,0
38090,41,26598,9,0,0,40,0
38091,21,189203,11,0,0,40,0
38093,82,194590,11,0,0,8,0
38094,18,188616,7,0,0,15,0
38096,22,99199,10,0,0,20,0
38097,39,183620,10,0,0,40,1
38102,37,172694,10,0,0,50,0
38103,25,344804,9,0,0,50,0
38104,33,319422,10,0,0,60,0
38105,34,327902,13,0,0,55,0
38106,35,438176,11,0,0,65,0
38110,25,156848,10,0,0,40,0
38112,34,156464,13,0,0,85,1
38115,55,349910,9,0,0,45,1
38116,88,187097,15,0,0,40,0
38117,60,264314,10,0,0,35,0
38118,40,282678,14,0,0,20,0
38124,35,77820,10,0,0,60,0
38125,20,39477,10,0,0,40,0
38127,23,359759,9,0,0,40,0
38129,19,44797,10,0,0,15,0
38132,18,261276,10,0,1602,40,0
38133,31,36592,9,0,0,91,0
38134,33,280923,4,0,0,40,0
38135,33,29617,10,0,0,40,0
38137,35,189240,10,0,0,40,0
38139,36,181705,7,0,0,40,0
38141,51,306784,9,0,0,30,0
38142,45,260953,14,0,0,40,0
38143,45,190406,15,25236,0,36,1
38144,24,230229,3,0,0,40,0
38147,35,263081,9,0,0,60,1
38149,36,115834,11,7298,0,55,1
38151,49,148254,9,0,0,28,0
38158,28,250135,10,0,0,40,0
38160,65,23580,13,0,0,40,0
38162,30,43953,12,0,0,40,0
38165,57,141570,14,0,1977,40,1
38167,42,336891,10,0,0,40,0
38168,31,210164,9,0,0,40,1
38169,17,171080,8,0,0,20,0
38171,25,281627,14,0,0,40,0
38172,40,409922,10,7298,0,40,1
38173,65,224472,15,25124,0,80,1
38174,29,157262,14,0,0,45,0
38176,71,303860,14,2050,0,20,0
38178,25,195481,9,0,0,40,0
38181,40,147206,9,0,0,40,1
38182,18,173585,9,0,0,18,0
38183,38,187870,13,7298,0,50,1
38185,42,280410,9,0,0,40,0
38186,36,170861,9,0,0,32,0
38187,23,409230,2,0,0,40,0
38189,36,41017,10,0,0,52,1
38191,39,261504,8,0,0,40,0
38192,36,205555,15,0,0,40,0
38200,22,24008,10,0,0,72,0
38202,38,187934,9,0,0,20,0
38203,26,421561,7,0,0,25,0
38205,20,116830,9,0,0,40,0
38210,42,144002,9,0,0,50,0
38211,21,202214,9,0,0,40,0
38212,40,109762,10,0,0,40,0
38217,18,151150,6,0,0,27,0
38218,31,197689,9,0,0,38,0
38220,20,181761,9,0,0,40,0
38222,24,165474,9,0,0,39,0
38223,38,190174,9,0,0,40,0
38227,30,411560,9,0,0,40,0
38229,45,178922,5,0,0,15,0
38230,46,192963,13,0,2415,35,1
38234,23,636017,10,0,0,40,0
38236,22,136873,10,0,0,40,0
38238,27,346406,13,0,0,50,0
38240,44,19914,9,0,0,50,0
38241,55,255364,10,0,0,60,1
38242,31,703107,9,0,0,40,0
38246,21,136873,10,0,0,10,0
38247,35,388252,11,0,0,40,0
38248,28,47783,10,0,0,30,0
38251,34,434463,13,0,0,39,0
38252,32,317219,14,0,1590,40,0
38253,70,221603,10,0,0,34,0
38255,30,111567,9,0,0,48,0
38262,43,152159,13,0,0,40,0
38265,42,42907,9,0,0,48,0
38266,30,161815,10,0,0,35,0
38269,70,184176,9,0,0,28,0
38271,51,183709,11,0,0,40,0
38272,35,434114,9,0,0,40,0
38273,59,165315,13,99999,0,43,1
38274,57,190997,13,0,0,50,1
38277,19,272063,9,0,0,35,0
38278,34,169564,9,0,0,40,0
38280,25,69847,13,0,0,40,0
38281,46,198759,15,0,2415,80,1
38286,28,167336,9,0,0,45,1
38288,37,282951,9,0,0,40,0
38290,44,261899,10,0,0,44,0
38294,69,200560,13,0,0,20,0
38297,47,230136,9,0,0,60,1
38304,32,235862,10,0,0,45,0
38305,41,142579,13,0,0,50,0
38306,35,38294,9,0,0,40,0
38307,40,111483,14,0,0,50,1
38316,52,282674,9,0,0,40,1
38317,42,190403,10,0,0,60,0
38319,27,198258,13,0,0,35,0
38320,30,172748,4,0,0,40,0
38321,23,287988,13,10520,0,40,1
38324,18,170183,9,0,0,20,0
38328,35,30529,9,0,0,40,0
38329,31,301637,11,0,0,40,0
38331,43,214781,14,5178,0,40,1
38332,21,242912,9,0,0,35,0
38337,34,278378,9,0,0,40,0
38339,26,102476,13,0,0,25,0
38340,29,26451,9,0,0,40,0
38341,67,209137,13,0,0,40,0
38344,54,53833,3,0,0,40,1
38348,48,155509,10,0,0,40,0
38351,41,185057,9,0,0,40,0
38354,30,97453,9,0,0,54,0
38355,27,136094,9,0,0,40,0
38356,19,61855,9,0,0,30,0
38358,47,418961,11,0,0,25,0
38359,39,106961,9,0,0,40,1
38365,26,229613,9,0,0,40,0
38368,53,105728,9,0,0,28,1
38370,18,137363,9,0,0,40,0
38371,43,104892,9,0,0,45,0
38373,19,176634,9,0,0,40,0
38374,36,183279,9,0,0,40,0
38381,38,164898,9,0,0,40,0
38383,33,290614,9,0,0,40,0
38385,30,207668,10,0,0,30,0
38387,24,27939,10,0,0,24,0
38389,48,152915,10,0,0,40,0
38390,66,186030,4,0,0,32,0
38392,55,171242,9,0,0,60,1
38393,28,206088,13,0,0,40,0
38401,29,54932,10,0,0,35,1
38403,34,198634,11,0,0,40,0
38404,30,227146,13,0,0,40,1
38406,40,55508,4,0,0,40,0
38409,55,157486,14,7298,0,40,1
38410,49,329144,10,0,0,44,1
38412,49,102318,12,0,0,25,0
38415,29,114158,10,0,0,40,0
38416,33,124052,9,0,0,40,0
38418,28,176683,11,0,0,70,1
38419,23,234663,9,0,0,40,0
38420,39,178948,9,0,0,50,0
38422,39,202937,14,0,0,40,1
38424,26,212798,13,0,0,45,0
38425,57,192258,10,0,0,40,0
38426,36,112497,5,0,0,50,1
38431,43,330174,9,0,0,40,0
38433,30,39054,9,0,0,65,1
38434,57,170287,14,0,0,40,1
38438,28,27044,12,0,0,43,0
38441,29,385092,10,0,0,36,0
38443,30,167476,9,0,0,50,0
38445,59,182460,9,0,0,30,1
38446,21,102323,10,0,0,30,0
38448,39,341741,1,0,0,12,0
38450,48,344415,13,0,0,37,1
38453,23,140764,11,0,0,15,0
38455,41,22201,13,0,0,40,1
38456,35,187046,14,0,0,50,0
38458,53,274276,9,0,0,40,0
38459,42,341757,10,0,0,40,0
38462,27,221436,13,0,0,40,1
38464,59,158776,5,0,0,40,0
38467,31,397467,9,0,0,40,0
38469,39,78171,10,0,0,40,0
38470,46,55377,13,0,0,40,1
38471,31,258932,9,0,0,80,0
38474,46,156926,10,0,0,60,1
38475,55,160362,13,0,0,40,1
38476,48,192161,13,0,0,43,0
38479,43,151089,10,0,0,50,0
38484,18,152182,6,0,0,6,0
38485,34,55717,9,0,1848,50,1
38486,38,201454,10,0,0,40,0
38488,55,277034,10,0,0,40,0
38491,54,119565,13,0,0,40,1
38492,22,192017,9,0,0,40,0
38494,33,100154,6,0,0,40,0
38498,53,159876,9,3103,0,72,0
38499,46,160474,9,0,1590,43,0
38503,45,172960,10,0,0,70,0
38508,53,197184,14,0,0,70,1
38516,32,362259,13,0,0,40,0
38519,46,167915,9,0,0,40,0
38520,41,45156,9,2174,0,41,0
38521,37,98776,9,0,0,15,0
38523,38,183800,12,0,0,40,0
38532,50,97741,9,0,0,45,1
38535,59,182836,9,0,0,40,1
38541,31,204470,14,0,0,43,0
38542,45,353012,9,0,0,40,0
38544,20,57898,8,0,0,40,0
38546,42,269028,16,0,0,40,0
38549,69,125437,9,0,0,32,0
38550,42,246011,13,0,0,55,0
38552,56,66356,10,0,0,50,0
38554,61,197311,14,0,0,40,0
38558,35,32528,9,0,0,50,0
38559,27,177119,10,0,0,44,0
38565,54,147239,16,0,0,60,1
38566,38,159179,10,0,1902,50,1
38568,20,360457,10,0,0,30,0
38571,33,100734,9,0,0,55,0
38572,35,188972,9,0,0,30,0
38575,29,180758,14,0,0,40,0
38576,56,346635,14,0,2339,60,0
38579,17,134480,7,0,0,25,0
38583,42,227466,9,0,0,40,0
38584,19,68552,9,0,0,30,0
38588,47,171968,13,0,0,60,0
38593,37,138940,7,0,0,37,0
38595,25,190107,9,0,1719,16,0
38597,50,141875,9,0,0,40,0
38598,40,79586,15,99999,0,40,1
38600,37,184498,9,0,0,40,0
38603,47,23545,10,0,0,40,0
38608,30,251825,12,0,0,40,0
38609,54,202115,9,0,0,40,1
38613,36,152621,10,0,0,40,1
38618,28,149991,13,0,0,42,1
38619,31,189759,14,0,0,40,1
38620,32,339482,3,0,0,60,0
38622,29,354558,9,0,0,60,0
38623,38,162613,14,0,2258,60,0
38626,68,45508,3,0,0,22,0
38633,26,377754,9,0,0,40,0
38634,52,152373,9,2105,0,40,0
38635,31,193477,9,0,0,55,0
38636,29,277323,9,0,0,45,0
38637,19,69182,10,0,0,27,0
38641,40,201734,10,0,0,48,0
38642,43,58447,16,99999,0,55,1
38643,52,91689,10,0,0,40,0
38644,46,166546,10,0,0,24,0
38646,20,219262,5,0,0,50,0
38649,24,128487,13,0,0,40,0
38653,31,416415,9,0,0,45,0
38655,46,251243,10,0,0,40,0
38656,46,167159,10,0,0,70,1
38658,37,160035,9,0,0,40,0
38660,28,161290,10,0,0,40,0
38661,28,112403,13,0,0,40,0
38662,48,238726,9,0,0,40,0
38663,52,164530,7,0,0,20,0
38667,37,102953,9,0,0,40,0
38668,22,224238,10,0,0,2,0
38671,50,168212,14,0,1902,45,1
38672,38,331395,4,3942,0,84,0
38673,40,261497,9,0,0,35,0
38675,36,187999,9,0,0,40,1
38679,39,122011,14,5178,0,38,1
38681,26,375980,9,0,0,37,0
38689,34,422836,9,0,0,40,0
38690,27,230922,14,0,0,40,0
38691,40,195892,10,0,0,40,0
38693,51,82566,9,0,0,50,0
38698,42,23813,10,2885,0,30,0
38700,32,343789,9,5013,0,55,0
38703,71,52171,4,0,0,45,0
38705,37,67433,9,0,0,40,1
38706,26,39014,8,0,0,40,0
38707,17,51939,7,0,0,15,0
38708,34,100669,13,0,0,40,1
38709,46,155659,7,0,1902,40,1
38710,33,112847,9,0,0,40,0
38711,41,32185,14,0,0,40,1
38713,50,172281,9,7688,0,50,1
38715,45,168262,14,0,0,40,0
38716,27,85126,9,0,0,40,0
38718,32,197457,9,1471,0,38,0
38719,28,197905,9,0,0,50,0
38721,36,336367,12,0,0,50,0
38722,39,143123,11,0,2415,40,1
38723,23,209955,9,0,0,40,0
38725,37,224541,10,0,0,40,0
38726,36,275653,4,2977,0,40,0
38732,34,112115,15,0,1977,55,1
38733,51,355954,10,0,0,60,1
38734,24,379418,10,0,0,40,0
38735,67,286372,13,0,0,40,0
38736,40,48087,9,7298,0,45,1
38737,32,387270,9,0,0,40,1
38738,21,270043,10,0,0,16,0
38741,48,278039,9,0,0,60,0
38742,21,265434,10,0,0,30,0
38744,24,208882,9,0,0,40,0
38747,40,225193,9,0,0,63,0
38748,48,166809,13,0,0,50,1
38749,42,175674,9,0,0,60,0
38750,45,368947,13,0,0,40,0
38753,25,267431,13,0,0,55,0
38756,41,149102,13,0,0,35,1
38761,17,121287,5,0,0,40,0
38762,82,120408,10,0,0,20,0
38765,37,294919,10,0,0,40,0
38771,23,183789,9,0,0,40,0
38772,34,305619,9,0,0,40,1
38775,49,43479,10,0,0,40,0
38776,62,203126,5,0,0,40,0
38777,17,118792,7,0,0,9,0
38778,28,272913,6,0,0,30,0
38779,45,222011,13,0,0,40,0
38780,40,301007,13,0,0,60,0
38782,20,173736,5,0,0,40,0
38783,19,182590,6,0,0,38,0
38788,31,281030,9,0,0,45,0
38789,21,234108,10,0,0,40,0
38790,27,46868,13,0,0,15,0
38791,20,162667,9,0,0,40,0
38792,51,173291,9,0,0,40,0
38793,46,305160,2,0,0,40,0
38799,54,119570,12,0,0,50,1
38801,44,187720,9,0,0,41,0
38804,34,203488,9,0,0,40,0
38808,37,82576,15,14084,0,36,1
38809,30,329425,9,0,0,40,0
38810,22,185452,13,0,0,40,0
38815,21,121407,11,0,0,36,0
38816,52,373367,7,0,0,40,0
38818,45,165484,16,0,0,50,1
38819,30,156890,9,0,0,45,0
38820,31,156763,9,2829,0,40,0
38821,43,244172,9,0,0,35,0
38824,28,168524,14,7688,0,35,1
38828,47,60267,13,0,0,38,1
38829,43,388725,12,0,0,40,0
38831,44,171722,9,0,0,39,0
38834,29,146949,11,0,0,43,0
38835,21,322144,10,0,0,40,0
38838,55,95149,10,0,0,99,0
38839,42,68469,9,0,0,40,0
38840,63,27653,9,0,0,35,0
38841,21,410439,10,0,0,24,0
38846,53,48641,8,0,0,35,0
38854,46,97863,11,5178,0,40,1
38857,33,275369,4,0,0,35,0
38861,55,162205,9,5178,0,72,1
38863,17,198146,7,0,0,16,0
38866,53,221791,9,0,0,40,0
38867,61,187124,9,0,0,20,1
38868,58,280519,9,0,0,40,0
38875,30,48520,12,0,2002,40,0
38877,51,246820,9,7298,0,48,1
38881,51,207449,13,0,0,55,0
38882,60,189098,9,0,0,40,0
38885,29,179681,9,0,0,37,0
38886,42,136996,10,0,0,48,0
38888,19,243373,8,1055,0,40,0
38889,34,261799,11,0,0,45,1
38892,38,111499,15,0,0,50,1
38895,38,103408,14,0,0,40,0
38896,26,270151,13,0,0,40,0
38901,47,156926,13,0,0,45,1
38905,29,163167,9,0,0,40,0
38906,25,404951,13,0,0,38,0
38907,39,122032,11,0,0,40,0
38908,37,143582,11,4101,0,35,0
38909,38,108140,13,2202,0,45,0
38911,50,197054,15,0,0,50,1
38912,64,36960,9,0,0,40,1
38913,35,165930,10,0,0,40,0
38916,51,110458,13,0,0,40,0
38921,37,340614,14,0,0,50,1
38922,20,196678,8,0,0,40,0
38923,18,266489,10,0,0,50,0
38924,57,61474,10,7688,0,45,1
38929,48,97176,9,0,0,40,0
38930,40,145160,10,0,0,43,0
38933,32,288229,10,0,0,40,0
38934,39,509060,10,0,0,40,0
38936,38,103925,9,0,0,40,1
38941,19,220819,9,0,0,40,0
38942,31,281540,12,0,0,45,0
38944,28,141350,13,0,0,45,0
38950,36,116138,9,0,0,40,0
38951,18,193166,5,0,0,42,0
38953,50,81548,9,0,0,40,0
38955,19,67759,9,0,0,43,0
38956,53,200190,10,0,0,40,1
38957,49,403112,9,0,0,32,0
38958,40,214891,13,0,0,45,0
38959,31,142675,10,0,0,40,0
38960,47,88500,9,0,0,35,0
38963,43,260696,14,0,0,20,0
38966,76,178665,5,0,0,30,0
38968,19,111232,8,0,0,15,0
38970,26,212748,9,0,0,40,0
38972,49,139268,9,7298,0,40,1
38973,24,306779,10,0,0,65,0
38974,48,318331,9,0,0,40,0
38975,36,143385,10,0,0,40,0
38978,53,94081,13,0,0,44,1
38979,22,194723,13,0,0,10,0
38981,31,189759,12,0,0,40,0
38988,17,170916,6,0,1602,40,0
38991,29,90934,13,0,0,64,1
38992,34,253121,13,0,0,40,0
38994,61,162397,13,0,0,40,1
38997,40,224658,13,0,0,45,1
39002,17,173497,7,0,0,15,0
39003,46,375606,16,0,0,40,1
39004,34,203488,13,15024,0,40,1
39005,45,107231,13,0,0,45,0
39006,23,216811,9,0,0,16,0
39007,41,288679,9,0,0,40,0
39013,28,192384,13,0,0,40,1
39014,49,43348,14,0,0,40,1
39016,43,216070,14,0,0,50,1
39019,25,404616,13,0,0,40,1
39020,27,169460,13,0,0,40,0
39021,25,240081,9,0,0,40,0
39024,49,60751,9,0,0,40,0
39025,44,194636,9,3137,0,50,0
39030,65,105491,13,99999,0,40,1
39034,28,266070,10,0,0,40,0
39038,19,184308,10,0,0,30,0
39040,56,182273,9,0,0,40,0
39042,39,138192,13,0,0,40,1
39043,31,196791,15,0,0,45,1
39044,22,223019,9,0,0,20,0
39048,44,219155,10,0,0,50,1
39049,53,82783,9,0,0,40,0
39052,40,209344,9,0,0,15,0
39054,41,299813,5,0,0,70,0
39055,28,188064,9,0,0,35,0
39056,53,246117,9,0,0,40,0
39059,27,97490,10,0,0,40,0
39067,27,204074,9,0,0,40,0
39068,55,31965,10,0,0,40,0
39070,35,174308,10,0,0,40,0
39071,31,162551,8,0,0,50,0
39073,30,75167,13,0,0,55,0
39078,21,112137,10,0,0,20,0
39079,30,58798,4,0,0,44,0
39081,32,90969,11,0,0,45,1
39082,26,149734,9,0,1594,40,0
39085,48,199735,13,0,0,44,0
39087,46,403911,11,0,0,40,1
39089,36,210945,10,0,0,70,0
39092,33,134886,10,99999,0,30,1
39098,34,177596,11,0,0,40,1
39106,29,29361,9,0,0,38,0
39108,43,197069,13,0,0,40,1
39110,61,151369,15,0,0,50,1
39111,42,174112,14,0,0,40,0
39114,32,216908,9,0,0,24,0
39115,22,126613,10,0,0,20,0
39118,24,67804,9,0,0,40,0
39121,56,220187,10,0,0,45,1
39125,65,115498,13,3818,0,10,0
39126,57,317847,14,0,2824,50,1
39129,18,211177,8,0,0,20,0
39131,28,65078,9,0,0,40,1
39132,20,24896,9,0,0,20,0
39134,28,410450,13,0,0,48,1
39135,37,83893,11,0,0,40,0
39136,23,113309,10,0,0,40,0
39140,29,243875,11,0,0,40,0
39141,34,554206,9,0,0,20,0
39142,36,361888,10,0,0,40,1
39143,37,205359,10,0,0,15,0
39144,47,167281,13,0,0,40,0
39145,22,35663,9,0,0,40,0
39153,35,272019,7,0,2057,40,0
39155,49,199326,10,0,0,50,0
39158,26,109240,13,0,0,50,0
39159,35,128876,4,0,0,40,0
39162,32,206051,10,0,0,35,0
39165,31,252210,3,0,0,40,0
39166,20,129240,10,0,0,25,0
39167,28,398918,9,0,0,40,0
39168,50,240612,13,0,0,60,0
39169,22,429346,9,0,0,40,0
39170,19,123718,10,0,0,20,0
39176,88,68539,10,0,0,40,0
39178,24,186452,9,0,0,50,0
39180,48,165267,6,0,0,40,0
39182,31,149726,9,0,0,50,0
39183,58,41374,9,0,0,40,0
39186,36,185099,15,0,0,55,1
39187,47,126754,14,0,0,40,1
39188,57,122497,5,0,0,52,0
39192,30,84119,13,0,0,43,0
39194,41,150533,15,0,0,50,1
39195,52,443742,10,0,0,60,0
39196,27,104423,12,0,0,40,0
39197,59,169133,9,0,0,45,0
39198,21,185551,9,0,0,36,0
39201,24,196943,9,0,0,40,0
39207,51,138358,6,0,0,35,0
39211,74,392886,9,0,0,14,0
39213,23,520759,9,0,0,30,0
39216,37,201531,9,0,0,40,0
39217,46,123598,13,0,0,40,0
39223,41,421837,9,0,0,40,0
39224,30,404062,9,0,1977,15,1
39225,38,224566,11,0,0,50,0
39226,54,294991,6,0,0,40,0
39227,40,189610,9,0,0,52,0
39228,37,219141,7,7688,0,40,1
39230,38,70995,9,0,0,45,0
39232,71,178295,12,0,0,3,0
39234,62,98076,13,0,0,40,1
39235,34,351810,13,0,0,45,0
39237,30,137613,14,0,0,20,0
39240,35,98389,7,0,0,40,0
39241,21,184135,9,0,0,1,0
39245,36,415578,10,0,0,40,1
39249,47,96854,13,0,0,40,1
39252,53,95519,9,0,0,42,1
39253,47,112791,9,0,0,40,0
39254,20,291407,7,0,0,40,0
39255,32,239659,10,0,0,70,0
39262,56,83696,13,0,0,38,0
39263,21,204596,10,0,0,20,0
39264,56,32604,10,0,0,40,0
39265,56,193453,13,0,1902,65,1
39266,45,148995,13,15024,0,40,1
39267,20,85041,10,0,0,20,0
39269,24,196280,13,0,0,30,0
39270,52,38973,13,0,0,40,0
39275,41,294270,5,0,0,35,0
39276,59,195820,9,0,0,40,1
39277,27,329426,14,0,0,37,0
39280,27,206903,13,0,0,35,0
39285,48,109421,13,0,0,55,0
39290,31,283531,9,0,0,20,0
39292,47,186410,15,0,0,60,1
39293,64,307786,2,0,0,20,0
39295,38,147258,9,0,0,40,0
39296,42,212894,13,0,1887,40,1
39299,35,216473,10,0,0,50,1
39301,38,107303,9,0,0,40,0
39302,36,152744,13,0,0,40,0
39305,23,197613,10,0,0,40,0
39306,21,411068,10,0,0,35,0
39307,47,192984,10,0,0,40,0
39314,19,206777,9,0,0,40,0
39316,40,34722,10,0,0,48,1
39317,38,133299,12,0,0,40,0
39318,20,24967,9,0,0,47,0
39321,40,51290,14,0,0,50,1
39324,26,226288,13,0,0,40,0
39325,53,110445,10,0,0,60,0
39327,39,174242,9,0,0,40,0
39329,18,298860,7,0,0,20,0
39330,65,171584,13,0,0,40,0
39331,49,232664,13,0,0,40,0
39332,64,63676,6,0,0,40,0
39334,56,175964,10,0,0,40,0
39335,68,422013,9,0,3683,40,0
39336,35,105813,13,0,0,48,1
39337,50,306707,9,0,0,12,0
39339,43,320277,13,0,0,40,0
39340,39,129495,10,0,0,40,0
39341,37,257042,9,1506,0,40,0
39342,45,275995,13,0,0,50,1
39343,20,86318,10,0,0,10,0
39344,36,280440,12,0,0,45,0
39346,36,408229,13,0,0,32,0
39347,47,149337,13,0,0,60,0
39352,25,462869,9,0,0,40,0
39355,42,149823,10,0,0,40,0
39357,23,197387,9,0,0,37,0
39358,56,255406,9,0,0,40,0
39360,38,168322,9,0,0,60,0
39361,46,278322,11,0,0,40,1
39363,38,184456,9,3464,0,80,0
39365,48,101684,9,0,0,40,0
39367,40,349405,11,0,0,36,0
39369,75,165968,11,0,0,30,0
39371,46,268281,12,0,0,40,0
39375,32,213750,11,0,0,45,0
39376,45,77132,10,0,0,55,0
39377,21,109667,10,0,0,40,0
39378,36,162164,9,0,0,44,0
39379,40,219591,6,0,0,50,0
39380,20,327462,6,0,0,40,0
39382,40,89226,13,0,0,40,1
39383,20,124751,10,0,0,24,0
39384,48,144122,14,0,0,40,1
39385,27,98769,13,0,0,45,0
39387,54,162439,9,0,0,98,1
39388,47,22900,9,0,0,40,0
39389,30,102130,10,0,0,40,0
39390,17,215743,7,0,0,40,0
39393,20,243178,9,0,0,28,0
39394,38,177305,13,0,0,38,0
39395,19,167149,10,0,0,25,0
39399,21,145651,10,0,1602,12,0
39400,41,171351,10,0,0,40,0
39401,18,265099,7,0,0,16,0
39402,23,105617,5,0,0,40,0
39404,46,81136,11,0,0,30,0
39407,40,326232,10,0,0,40,1
39409,64,198728,10,0,0,40,0
39410,31,126501,11,0,0,40,0
39411,48,233802,14,0,0,45,0
39413,28,208249,10,0,0,24,0
39415,60,93272,4,0,0,60,0
39417,21,303588,10,0,0,30,0
39418,46,35136,6,0,0,40,0
39420,22,252355,9,0,0,27,0
39421,44,83812,13,0,0,60,0
39424,26,456618,9,0,0,40,0
39425,21,296158,6,0,0,25,0
39429,19,282721,10,0,0,12,0
39430,40,206049,10,0,0,40,0
39432,40,27821,11,2829,0,40,0
39438,72,259762,9,2290,0,10,0
39440,59,32954,11,0,0,36,0
39441,40,291808,9,0,0,40,0
39442,35,190728,9,0,0,40,0
39443,22,59184,12,0,0,45,0
39445,59,147989,10,0,0,50,1
39446,50,195784,8,0,0,40,0
39449,22,54825,9,0,0,40,0
39450,43,188905,3,0,0,40,0
39459,47,126500,4,0,0,40,0
39460,31,511289,9,2907,0,99,0
39461,33,159574,4,0,0,45,0
39464,39,89508,9,0,0,40,1
39465,29,370242,10,0,0,40,0
39466,26,67257,13,0,0,55,0
39467,24,62952,9,0,0,40,0
39469,30,29235,10,0,0,20,0
39472,30,159888,13,0,0,60,1
39475,37,160910,16,0,0,45,0
39476,25,257064,10,0,0,38,0
39477,49,181307,15,15024,0,65,1
39478,30,83253,9,0,0,55,0
39481,35,37778,11,3103,0,55,0
39487,25,32276,9,0,0,28,0
39488,50,163921,4,0,0,40,0
39492,37,267085,10,0,0,40,0
39493,50,266945,9,3137,0,40,0
39495,49,189123,9,5013,0,50,0
39496,55,104996,4,0,0,50,0
39497,61,101265,8,0,0,40,0
39499,23,246965,12,0,0,12,0
39501,39,301867,13,0,0,24,0
39502,21,185948,10,0,0,35,0
39507,51,88528,12,0,0,99,0
39508,47,24723,6,0,0,45,0
39510,45,184581,9,0,0,40,0
39511,48,100067,10,0,0,40,0
39515,72,158092,13,0,0,30,0
39516,19,104844,10,0,0,15,0
39517,54,304570,13,7688,0,40,1
39518,47,89806,10,0,0,35,0
39521,44,157236,10,0,0,40,0
39524,23,122272,9,0,0,40,0
39526,20,224238,8,0,0,40,0
39529,67,236627,13,0,0,2,0
39531,36,353524,9,1831,0,40,0
39533,23,134997,9,0,0,80,0
39537,63,383058,13,0,1848,40,1
39543,45,34419,10,7298,0,40,1
39545,18,249857,10,0,0,20,0
39549,36,175643,9,0,0,35,0
39552,29,326330,10,1831,0,40,0
39554,22,127768,10,0,0,32,1
39556,20,380544,12,0,0,20,0
39557,52,306108,9,0,0,40,0
39559,44,130126,15,0,0,45,1
39562,36,168223,13,0,0,40,0
39563,71,26109,15,0,0,28,0
39564,20,285671,9,0,0,25,0
39565,20,153583,10,0,0,40,0
39566,59,103948,9,0,0,60,1
39567,41,439919,3,3411,0,40,0
39571,45,90758,13,0,0,55,1
39573,19,219189,8,0,0,25,0
39578,31,150324,12,0,0,40,0
39579,21,83704,8,0,0,40,0
39580,23,176262,11,0,0,36,0
39582,45,168038,13,0,0,60,1
39583,59,108765,9,0,0,50,0
39584,58,146477,14,15024,0,40,1
39588,32,77723,13,0,0,40,0
39589,39,284166,13,0,1902,50,1
39590,57,133902,9,0,0,45,0
39592,50,67794,9,0,0,60,0
39593,44,357679,13,15024,0,65,1
39595,26,55929,14,0,0,48,0
39601,56,52953,16,0,1669,38,0
39602,23,216181,10,0,0,36,0
39603,23,391171,10,0,0,25,0
39606,45,38240,9,0,0,40,0
39607,21,148444,10,0,0,25,0
39609,31,101345,9,0,0,40,0
39613,20,162688,9,0,0,38,0
39614,17,48751,7,0,0,40,0
39615,44,184099,9,0,0,40,1
39617,71,176986,9,0,0,24,0
39618,23,267955,10,0,0,40,0
39626,19,185097,9,0,0,37,0
39628,34,187203,12,0,0,50,0
39630,30,289458,13,0,0,40,0
39632,24,172152,13,0,0,25,0
39636,19,213024,8,0,0,40,0
39642,40,30682,9,0,0,45,1
39646,64,180624,12,0,0,30,0
39647,53,200190,14,0,1977,55,1
39648,28,194472,10,0,0,40,0
39656,45,236612,7,0,0,40,0
39659,53,204397,9,0,0,60,0
39663,39,375452,15,15024,0,48,1
39664,30,94413,10,0,0,30,0
39670,39,177277,9,0,0,45,1
39672,45,260490,14,0,0,50,1
39673,32,237478,7,0,0,40,0
39677,25,274228,9,0,0,84,0
39687,35,220595,9,0,0,40,0
39688,25,29599,9,0,0,40,0
39689,21,299153,10,0,0,15,0
39690,46,75256,9,0,0,40,0
39692,31,207505,16,0,1977,70,1
39699,52,194259,4,0,0,50,0
39700,40,346189,16,0,0,40,1
39702,64,178556,6,0,0,56,1
39703,51,162943,15,0,0,40,1
39705,56,67662,14,0,0,39,0
39710,36,215392,11,0,0,40,1
39712,24,196816,10,0,0,50,0
39713,30,541343,6,0,0,40,0
39716,29,119848,13,0,0,40,0
39723,41,198965,9,0,0,40,0
39724,42,193537,4,0,0,35,0
39726,22,298227,9,0,0,35,0
39729,21,206891,4,0,0,38,0
39733,49,229376,9,0,0,40,1
39734,38,439592,10,0,0,40,0
39738,28,407672,13,0,0,40,0
39739,24,73928,11,0,0,20,0
39741,69,230417,16,0,0,40,1
39742,37,260093,9,0,0,40,0
39744,54,104421,10,0,0,40,0
39748,42,269733,14,99999,0,80,1
39750,29,169683,11,0,0,40,0
39751,27,271603,4,0,0,24,0
39754,38,43770,10,4650,0,72,0
39755,55,120781,16,0,0,40,1
39757,58,33309,9,0,0,80,0
39758,23,76432,10,0,0,40,0
39759,28,277635,10,0,0,50,0
39762,23,181820,9,0,0,53,0
39763,40,98985,9,0,0,50,0
39765,47,125120,13,0,0,50,0
39766,37,243409,9,0,0,50,0
39767,39,58972,12,1506,0,40,0
39768,43,62857,10,0,0,60,0
39772,48,187505,10,0,0,50,1
39773,37,61778,13,0,0,30,0
39774,19,223648,9,4101,0,48,0
39776,56,170324,3,0,0,40,0
39784,39,315565,9,0,0,40,0
39787,17,198606,7,0,0,16,0
39788,19,260333,9,0,0,20,0
39793,58,187067,13,0,0,62,0
39798,28,77009,4,0,0,50,0
39799,41,306405,10,0,0,40,0
39801,22,262819,10,0,0,40,0
39804,31,1033222,13,8614,0,40,1
39806,41,215479,10,0,0,43,0
39810,41,117721,10,0,0,65,0
39812,25,248851,13,0,0,40,0
39813,24,116968,13,0,0,45,0
39815,17,240143,7,0,0,30,0
39816,59,424468,13,0,0,40,1
39817,69,320280,10,1848,0,1,0
39820,29,247053,9,0,0,40,0
39821,43,180599,9,0,0,55,0
39822,29,190330,10,0,0,10,0
39823,29,199450,10,0,0,40,0
39824,32,199539,10,0,0,40,1
39826,50,29231,9,0,0,45,1
39829,32,212064,13,0,0,40,1
39830,54,166774,14,0,0,45,1
39832,18,379768,9,0,0,40,0
39833,70,247383,10,0,0,40,1
39834,53,229465,14,0,0,55,1
39835,37,135436,13,0,1977,60,1
39837,20,214387,9,0,0,40,0
39840,31,34374,15,0,0,50,0
39841,45,58683,10,0,0,40,0
39842,35,403037,9,0,0,40,0
39845,33,289886,9,0,0,40,0
39850,29,244721,13,0,0,35,1
39852,53,236873,14,0,0,40,1
39853,19,250249,10,0,0,10,0
39857,23,91842,13,0,0,30,0
39862,37,143547,13,0,0,40,0
39868,40,187702,10,0,0,50,1
39871,61,98350,16,0,0,40,1
39876,54,230919,9,0,0,40,0
39878,54,320196,10,0,0,40,0
39881,41,599629,10,0,0,40,1
39884,21,202373,11,0,0,40,0
39886,20,127185,10,0,0,15,0
39889,23,294701,9,0,0,40,0
39890,21,26842,10,0,0,20,0
39891,43,114537,11,0,0,40,0
39892,53,126386,9,0,0,40,0
39896,48,159854,2,0,0,40,0
39898,24,187551,10,0,0,20,0
39899,41,27305,14,0,0,40,1
39904,56,78090,10,0,0,48,0
39907,27,172091,9,0,0,40,0
39910,43,301638,8,0,1579,40,0
39912,53,242859,10,0,0,40,0
39913,18,132986,8,0,0,10,0
39914,38,254439,6,114,0,40,0
39915,41,187462,11,0,0,40,0
39919,47,47247,10,0,0,40,0
39923,50,45961,13,6849,0,40,0
39924,47,302711,7,0,0,40,0
39925,42,50356,9,0,0,40,0
39926,22,199336,10,0,0,25,0
39928,42,70240,10,0,0,40,0
39929,46,229394,9,0,0,40,0
39932,57,170411,13,0,0,40,1
39933,25,109532,8,0,0,40,0
39936,27,236472,13,0,0,40,0
39938,37,111499,10,0,0,40,0
39940,38,229009,9,0,0,45,0
39941,17,232713,6,594,0,30,0
39945,56,204816,9,0,0,55,1
39946,64,342494,9,0,0,40,0
39948,23,143062,9,0,0,40,0
39951,26,208994,10,0,0,12,0
39952,56,212864,9,0,0,40,1
39953,41,214242,13,0,1887,40,1
39954,47,191175,3,0,2179,50,0
39960,19,140985,10,0,0,25,0
39962,56,204049,10,0,1848,50,1
39965,24,249046,13,0,0,40,0
39966,41,213019,11,0,0,38,1
39971,36,117073,9,0,0,40,0
39972,41,325786,9,0,0,40,0
39976,42,29702,6,0,0,40,0
39977,29,307812,9,0,0,60,0
39980,34,184147,9,0,0,20,0
39983,33,200246,10,0,0,40,0
39984,38,166585,13,0,0,55,0
39988,32,113364,10,0,0,30,0
39990,58,200042,10,15024,0,40,1
39991,20,205975,9,0,0,20,0
39993,56,65325,13,0,0,50,0
39996,25,212793,12,0,0,50,1
39997,33,112941,9,0,0,40,1
40000,44,173682,10,0,0,40,0
40003,58,141807,3,0,0,40,0
40006,39,262841,9,0,0,50,1
40007,55,37438,11,0,0,40,1
40012,61,477209,4,0,0,54,0
40013,32,70985,11,0,0,40,0
40015,28,249541,10,0,0,40,0
40016,57,135339,13,0,0,40,1
40017,32,44675,16,0,0,65,1
40018,46,247992,4,0,0,40,0
40021,62,114045,9,0,0,35,0
40022,60,69251,14,0,0,38,1
40027,19,37332,9,0,0,20,0
40029,43,183891,9,0,0,40,0
40030,31,150309,16,0,0,90,0
40034,41,353541,9,0,0,40,0
40037,34,345705,13,0,1977,50,1
40040,39,281363,6,0,0,15,0
40041,51,110747,9,0,1887,40,1
40042,47,34458,9,0,0,40,0
40044,40,270147,14,0,0,40,1
40045,48,195491,9,0,0,30,0
40046,36,255454,13,0,0,40,0
40047,18,126125,9,0,0,20,0
40048,33,618191,9,0,0,40,0
40050,51,145409,10,3103,0,48,1
40051,39,235379,12,0,0,40,0
40053,67,181220,10,0,0,20,0
40055,59,98361,7,0,0,40,0
40062,49,348751,4,0,0,40,0
40064,60,116707,10,7298,0,40,1
40067,18,166889,10,0,1602,35,0
40068,24,117789,13,0,0,40,0
40078,30,260782,9,0,0,40,0
40079,51,203435,9,0,0,40,0
40081,56,356067,14,0,0,16,0
40083,41,264663,10,0,3900,40,0
40085,48,243631,9,0,0,30,0
40087,42,98061,11,0,0,50,0
40089,47,145868,7,0,0,40,0
40097,42,76487,9,0,0,45,0
40098,31,557853,13,0,0,47,0
40099,69,262352,10,0,0,32,0
40100,58,118253,9,0,0,70,0
40104,41,121130,9,0,0,40,0
40106,62,83439,4,0,0,40,0
40114,51,57101,5,0,0,40,0
40115,49,236913,9,0,0,45,0
40116,64,388625,6,0,0,10,1
40117,54,261207,4,0,0,45,0
40120,36,225516,12,10520,0,43,1
40121,26,68729,9,0,0,50,1
40122,37,126954,13,0,0,50,1
40123,38,85074,12,0,0,40,0
40125,50,128143,13,0,1887,50,1
40130,37,348739,13,0,0,45,1
40136,42,39239,14,0,0,70,0
40137,32,72744,9,0,0,40,0
40140,25,361493,13,3325,0,40,0
40141,65,157403,9,0,0,50,0
40145,51,314007,9,0,0,40,0
40146,67,200862,6,0,0,35,0
40149,77,83601,15,0,0,40,0
40151,26,112847,9,0,0,40,0
40153,57,183657,10,0,0,35,1
40154,40,130760,16,0,0,45,0
40157,54,332243,8,0,0,40,0
40158,51,195844,10,0,0,40,1
40159,51,387250,13,0,0,50,1
40161,68,40956,13,0,0,25,0
40162,17,178953,8,0,0,20,0
40163,32,398988,13,0,0,40,0
40164,29,535978,10,0,0,45,0
40165,42,296982,10,0,0,40,0
40168,22,201569,13,0,0,20,0
40169,58,193568,7,0,0,40,0
40170,61,97128,13,0,0,45,1
40171,42,203393,13,0,0,35,1
40172,49,138370,14,0,0,40,0
40173,41,120277,13,0,0,40,0
40174,43,91949,9,0,0,40,0
40175,46,228372,13,0,0,40,1
40176,28,132191,9,0,0,45,1
40177,39,274683,10,7688,0,50,1
40178,50,196307,10,7688,0,40,1
40179,57,195835,10,0,0,40,0
40182,40,140559,9,0,0,45,0
40184,35,668319,13,0,1740,80,0
40188,48,144844,9,0,0,40,0
40191,50,138358,6,0,0,47,0
40195,73,220019,5,0,0,9,0
40196,24,311949,9,0,0,45,0
40197,34,303867,13,0,0,40,1
40198,37,154210,10,0,0,40,0
40201,20,358783,10,0,0,35,0
40202,29,423024,3,0,0,40,0
40203,24,206671,11,0,0,40,0
40207,59,118358,9,0,0,40,1
40208,27,491421,3,0,0,50,0
40209,50,151580,12,0,0,45,0
40211,42,157425,13,0,0,45,0
40212,36,221650,10,0,0,40,0
40213,62,88055,10,0,0,60,1
40215,38,682947,13,0,0,55,1
40217,19,217194,6,0,0,30,0
40218,49,171540,10,0,0,60,0
40221,26,163747,13,0,0,55,0
40223,43,180096,11,0,0,50,1
40227,20,306710,9,0,0,40,0
40233,59,81929,16,0,2415,45,1
40234,22,298489,10,0,0,40,0
40236,31,144064,9,0,0,48,1
40237,59,195835,9,0,0,60,0
40239,56,265086,9,0,0,50,1
40240,19,235909,10,0,0,20,0
40241,37,42645,9,0,0,40,0
40245,38,58972,9,0,0,50,0
40248,46,191389,9,0,0,28,1
40249,42,183241,14,0,0,45,1
40251,42,52781,13,7688,0,40,1
40254,37,112271,7,0,0,40,1
40256,46,164379,13,0,0,35,1
40260,44,193524,10,0,0,40,0
40261,70,149040,9,2964,0,12,0
40262,60,313946,9,0,0,40,0
40265,21,116489,10,0,0,60,0
40270,41,195897,14,0,0,60,0
40275,43,184321,6,0,1887,40,1
40276,55,322691,14,3103,0,55,1
40277,42,192712,9,0,0,25,0
40279,55,321333,10,0,0,40,1
40281,19,294029,7,0,0,32,0
40285,51,134808,9,0,0,40,0
40286,49,64216,9,0,0,90,0
40287,29,214284,14,0,0,20,0
40288,25,469572,10,8614,0,40,1
40292,21,364685,7,0,0,35,0
40295,30,202051,13,0,0,42,1
40296,58,353244,13,27828,0,50,1
40297,19,574271,9,0,0,28,0
40299,52,104501,10,0,0,60,1
40300,17,394176,6,0,0,20,0
40301,27,85625,9,0,0,22,0
40303,24,149342,13,0,0,40,0
40305,34,143083,11,0,0,18,0
40307,49,98738,9,0,0,40,1
40309,49,309033,11,15024,0,60,1
40311,47,216096,10,0,0,35,0
40313,30,79303,11,0,0,60,0
40314,25,182380,9,0,0,40,0
40317,46,269652,10,4386,0,38,1
40319,28,141957,12,0,1887,70,1
40320,26,222637,6,0,0,55,0
40321,27,118230,10,0,0,40,0
40322,59,174040,10,0,0,40,0
40323,64,105748,9,0,0,40,0
40329,47,235646,14,0,0,40,1
40333,62,210935,9,0,0,20,0
40334,48,199763,10,0,0,20,0
40338,49,199763,10,0,0,35,0
40339,18,74539,6,0,0,20,0
40341,63,96930,12,0,0,40,1
40342,54,115602,9,0,0,40,0
40343,24,237341,10,0,0,40,1
40344,61,143800,6,0,0,50,1
40345,50,163921,9,0,0,48,1
40346,36,68273,13,0,0,40,1
40347,21,113163,10,0,0,50,0
40350,22,385077,9,2907,0,40,0
40351,33,192286,10,0,0,52,0
40353,42,106679,9,0,0,50,1
40355,42,46094,13,0,0,33,0
40358,23,210474,10,0,0,30,0
40360,34,115858,9,0,0,40,0
40362,67,364862,9,0,0,30,0
40365,60,120163,13,0,0,40,0
40368,40,341204,10,1831,0,30,0
40371,54,816750,9,0,2051,40,0
40372,25,167835,13,3325,0,40,0
40375,45,107682,9,0,0,40,0
40377,39,597843,14,0,0,50,0
40379,23,442274,8,0,0,40,0
40380,23,595461,4,0,0,40,0
40381,52,284329,11,15024,0,40,1
40383,35,196899,13,0,0,50,0
40384,58,212534,9,0,0,40,0
40388,59,100313,9,0,1887,40,1
40393,59,169639,12,0,0,40,0
40394,37,105803,9,3103,0,45,1
40396,18,294387,7,0,0,40,0
40401,38,37931,9,0,0,40,1
40403,43,152958,13,7298,0,40,1
40405,41,39581,10,0,0,24,0
40407,46,216934,13,0,0,40,0
40408,20,143062,10,0,0,40,0
40410,28,165030,10,0,0,50,0
40412,46,353012,16,0,1902,50,1
40422,41,222434,12,0,0,40,0
40424,40,34113,9,6849,0,43,0
40426,21,195248,10,0,0,20,0
40429,46,185291,7,0,0,45,1
40430,21,140012,10,0,0,20,0
40433,21,163870,6,3908,0,40,0
40438,34,106014,10,0,0,60,0
40439,21,25265,11,0,0,30,0
40441,41,94113,14,0,0,60,1
40442,51,208003,9,0,0,40,0
40445,42,277488,15,15024,0,65,1
40448,23,245147,10,0,0,40,0
40450,58,163047,13,0,0,40,0
40451,41,47902,13,0,0,50,1
40452,50,128798,13,0,0,40,1
40453,77,154205,9,0,0,10,0
40456,54,349340,1,0,0,40,0
40457,39,218249,10,0,0,37,0
40469,50,167886,10,0,0,40,1
40473,34,37210,9,0,0,50,0
40474,32,199416,13,0,0,40,0
40477,42,226902,13,0,0,45,1
40480,59,99131,14,0,0,40,1
40485,39,325374,10,0,0,40,0
40491,51,282549,9,3137,0,40,0
40495,20,316043,7,594,0,20,0
40496,58,319733,9,0,0,70,0
40498,28,204600,9,0,0,40,0
40499,40,173307,6,0,0,40,0
40500,45,34446,9,0,0,50,0
40501,40,237293,15,15024,0,40,1
40502,41,175642,10,0,0,40,0
40503,58,203735,9,0,0,40,0
40506,29,413297,12,0,0,45,0
40514,28,30912,9,0,0,40,0
40515,23,35448,10,0,0,25,0
40519,90,166343,2,0,0,40,0
40521,62,131117,4,0,0,38,0
40526,32,186784,13,5013,0,45,0
40531,37,128715,13,0,0,60,1
40537,31,202729,9,0,0,40,1
40539,36,189670,9,0,0,50,0
40541,43,171841,13,0,0,40,1
40542,38,78247,10,0,0,40,0
40543,26,68895,9,0,0,50,0
40544,27,56658,9,0,0,8,0
40547,56,238806,4,0,0,26,0
40548,36,111128,10,0,0,60,1
40549,29,119429,9,0,0,40,0
40555,67,123393,9,6418,0,58,1
40556,26,159732,9,0,0,40,0
40561,82,130329,4,0,0,50,0
40562,34,56964,16,0,0,50,1
40564,19,106306,10,0,0,40,0
40565,57,56480,9,0,0,1,0
40566,41,115932,10,99999,0,50,1
40568,27,404421,10,0,0,40,0
40575,30,101266,9,0,0,40,0
40576,31,100252,13,99999,0,70,1
40580,39,361838,13,0,0,6,1
40581,41,283917,11,0,0,35,1
40582,48,39530,9,0,0,40,0
40583,66,212185,4,0,0,48,0
40584,25,90752,13,0,0,50,0
40585,31,202450,9,0,1573,40,0
40589,22,210802,10,0,0,35,0
40590,31,340880,15,0,0,60,1
40592,42,134509,10,0,0,40,0
40594,40,145441,13,0,0,40,1
40596,53,31588,13,0,0,52,1
40600,44,186916,14,0,0,50,1
40601,49,213140,9,0,1902,60,1
40604,53,313243,10,0,2444,45,1
40605,41,169995,10,0,0,20,0
40607,27,66824,13,3325,0,43,0
40608,48,52240,11,0,0,25,1
40609,52,35305,4,0,0,7,0
40613,41,207685,10,0,0,21,0
40618,62,68268,9,0,0,40,0
40619,48,174533,9,0,0,40,0
40620,43,273230,10,0,0,50,1
40622,47,209320,9,0,0,40,0
40623,49,56841,13,0,0,70,0
40624,55,254627,9,0,0,40,0
40626,40,374137,9,0,0,40,0
40630,45,185437,12,0,0,55,0
40633,18,184693,10,0,0,20,0
40636,38,95654,9,0,0,60,0
40639,21,334113,9,0,0,40,0
40640,17,32763,6,0,0,15,0
40643,29,53271,13,0,0,40,1
40646,31,209103,10,3464,0,45,0
40647,26,211424,10,0,0,40,1
40649,40,151408,14,0,0,40,0
40656,18,165316,9,0,0,30,0
40657,22,233955,13,14344,0,40,1
40658,21,126613,9,0,0,40,0
40661,38,165472,13,0,0,40,1
40663,27,84977,9,0,0,40,0
40664,35,240458,7,0,0,40,0
40666,60,123218,10,0,0,40,0
40668,38,115289,9,0,0,40,0
40671,49,72619,10,0,0,50,0
40678,42,268183,13,0,1485,60,0
40679,46,213668,7,0,0,40,0
40681,44,104196,14,0,0,45,1
40682,60,176839,15,0,0,45,1
40683,30,99502,11,0,0,40,0
40684,24,183410,10,0,0,17,0
40687,31,188961,12,0,0,40,0
40689,39,121468,13,0,0,35,0
40691,38,146398,9,0,0,24,0
40696,54,137065,16,0,0,40,1
40699,23,111450,10,0,0,22,0
40701,43,129853,6,0,0,40,0
40703,58,227800,2,0,0,50,0
40704,55,111130,12,0,0,40,0
40709,27,140863,9,0,0,60,0
40712,25,196771,9,0,0,65,0
40714,40,196456,10,0,0,40,0
40716,52,174964,9,0,0,40,1
40717,46,91608,13,0,0,40,1
40719,33,112900,9,0,0,40,0
40727,39,22494,13,0,0,40,0
40730,27,167501,13,0,0,40,0
40731,35,77146,13,0,0,45,1
40732,47,82797,13,0,0,50,0
40734,40,218558,13,0,0,45,1
40736,26,196899,12,0,0,40,0
40739,60,232337,4,0,0,40,0
40745,39,175390,9,0,0,40,0
40746,42,187720,14,15024,0,50,1
40749,52,98752,5,0,0,40,0
40750,50,218382,10,0,0,40,0
40751,51,153486,9,0,0,45,1
40753,40,137142,9,0,0,40,1
40754,61,241013,4,0,0,40,0
40760,35,172186,10,0,0,40,0
40762,42,185129,15,0,1887,40,1
40765,69,76968,5,0,0,25,0
40766,63,310396,5,5178,0,40,1
40769,24,172496,13,0,0,55,0
40770,55,306164,9,0,0,40,0
40772,48,47686,7,0,0,40,0
40777,32,113838,10,0,0,40,0
40779,56,199713,5,0,0,40,0
40782,36,126946,10,0,0,40,0
40783,45,44791,13,0,0,40,0
40784,38,31964,5,0,0,40,0
40787,21,113106,10,0,0,30,0
40788,57,89182,9,0,0,40,0
40789,33,250782,9,0,0,48,0
40790,37,193855,9,0,1902,50,0
40793,28,177955,7,0,0,40,0
40795,30,207937,15,10520,0,50,1
40798,22,213902,9,0,0,40,0
40799,38,208379,13,0,0,8,0
40802,59,515712,4,0,0,40,0
40805,18,396270,9,0,0,25,0
40806,30,231620,13,0,0,40,0
40811,60,143932,9,0,0,40,0
40812,46,551962,9,0,0,50,0
40813,30,298577,9,0,0,30,0
40815,55,253062,10,0,0,40,1
40822,50,94885,13,0,0,45,1
40832,43,193672,9,0,0,40,0
40835,34,204461,14,0,0,50,1
40838,53,182855,6,0,0,48,0
40839,42,572751,1,0,0,40,0
40840,18,83451,9,0,0,30,0
40844,20,745817,10,0,0,15,0
40846,49,122066,14,0,0,45,1
40849,56,34626,10,0,1980,40,0
40850,35,150042,9,0,0,40,1
40858,45,473171,9,0,0,40,0
40863,30,85708,9,0,0,40,0
40866,29,271012,6,0,0,40,0
40868,17,321880,6,0,0,15,0
40869,52,177465,9,0,0,25,0
40870,24,127647,10,0,0,35,0
40873,32,209317,9,0,0,40,0
40878,46,121124,13,15024,0,40,1
40882,57,170603,10,0,0,40,1
40883,52,74275,10,7298,0,45,1
40886,49,126754,13,0,0,45,1
40887,47,267205,11,0,0,60,1
40889,30,398662,9,0,0,40,0
40890,32,202498,7,0,0,40,0
40892,46,191204,11,0,0,40,0
40893,22,56582,9,0,0,50,0
40894,47,51579,10,0,0,50,0
40897,41,55854,13,0,0,56,1
40901,36,180419,9,0,0,45,0
40904,23,186014,10,0,0,15,0
40910,52,145271,13,0,0,40,0
40914,33,58305,11,0,0,40,0
40915,39,341672,11,0,0,40,0
40916,34,176648,9,0,0,42,0
40917,24,32616,13,0,0,40,0
40924,53,23698,9,0,0,46,1
40925,34,268127,8,0,0,40,0
40929,31,150441,10,0,0,50,0
40930,37,189251,16,0,0,40,0
40931,64,260082,8,0,0,40,0
40933,27,50132,10,0,0,50,0
40935,36,77820,10,0,0,40,1
40939,22,175883,9,0,0,40,0
40941,19,269991,9,0,0,40,0
40942,20,305446,9,0,0,30,0
40943,47,120781,14,15024,0,40,1
40944,57,78707,9,0,0,40,0
40947,35,175769,9,0,0,65,1
40948,17,153021,8,0,0,20,0
40949,36,331902,10,0,0,35,0
40950,50,279461,10,0,0,40,1
40952,27,205499,16,0,0,77,0
40955,25,113099,9,0,0,40,0
40956,47,206947,12,0,0,67,0
40957,29,159782,14,0,0,45,1
40959,49,34446,10,0,0,40,0
40960,31,209101,15,0,0,25,1
40963,42,236323,9,0,0,40,0
40964,45,201127,10,0,0,56,1
40966,44,77313,10,0,0,38,0
40967,17,212125,6,0,0,20,0
40971,72,203289,10,0,0,35,0
40979,32,223212,1,0,0,40,0
40980,52,174752,9,0,0,40,0
40982,48,353824,9,0,0,72,1
40984,25,285367,9,0,0,50,0
40986,38,198170,11,0,0,40,0
40989,40,177810,13,0,0,30,0
40991,31,178506,10,0,0,40,0
40992,40,129298,9,0,0,45,0
40996,19,63434,8,0,0,30,0
40997,35,140854,9,0,0,60,0
40999,53,113176,9,2597,0,40,0
41001,20,196643,9,0,0,40,0
41004,34,108454,10,0,0,45,0
41005,32,171637,10,0,0,40,0
41008,34,179877,10,0,0,40,1
41009,32,168981,9,0,0,35,0
41015,33,55291,14,0,0,40,1
41020,17,165918,7,0,0,20,0
41023,24,197731,9,0,0,49,1
41028,18,89419,9,0,0,10,0
41031,34,182714,9,0,0,35,0
41032,39,172538,9,0,0,40,0
41037,54,35576,10,0,0,40,0
41038,34,203463,10,0,0,40,0
41042,54,220055,13,0,0,40,0
41043,54,231482,13,0,0,40,0
41045,33,279173,9,0,0,60,0
41046,37,89559,9,0,0,40,0
41047,47,161950,13,0,0,25,0
41048,51,131068,9,0,0,40,0
41049,45,219632,9,0,0,40,0
41050,19,175507,9,0,0,30,0
41052,27,287476,9,3325,0,40,0
41055,51,21698,9,0,0,40,0
41057,32,356689,9,3887,0,40,0
41059,45,420986,13,0,0,40,1
41061,54,288992,6,14344,0,68,1
41063,29,188909,13,0,0,42,0
41064,28,213081,7,0,0,40,0
41066,49,98010,13,0,0,50,0
41075,19,128346,9,0,0,40,0
41076,29,197288,9,0,0,40,0
41079,36,129591,9,0,0,40,0
41082,29,184710,9,0,0,40,0
41084,18,111256,9,0,0,20,0
41085,40,111483,13,0,0,40,0
41087,42,93853,10,0,0,45,0
41090,28,30237,10,0,0,40,0
41091,43,196545,13,0,1902,40,1
41092,47,144844,9,0,0,40,0
41094,73,135601,13,0,0,10,0
41096,50,23686,10,0,0,35,1
41097,19,229756,9,0,0,50,0
41098,32,95530,10,0,0,40,0
41103,34,100950,11,0,0,40,0
41105,18,186954,7,0,0,20,0
41107,39,183092,16,0,0,40,1
41108,26,273399,10,0,0,40,0
41111,49,31267,13,0,0,50,0
41114,25,283515,10,0,0,60,0
41115,30,54608,12,0,0,40,0
41117,30,175931,9,0,0,40,0
41122,31,259705,9,0,0,40,0
41123,57,24384,4,0,0,10,0
41125,41,49797,9,0,0,40,0
41127,47,266275,9,0,0,40,0
41129,26,177858,13,0,1876,38,0
41131,48,107231,15,99999,0,50,1
41135,27,172009,13,0,0,40,0
41137,45,246392,9,0,0,30,0
41140,41,37869,9,0,1902,40,1
41141,23,447488,5,0,0,35,0
41145,57,121362,10,0,2258,38,1
41146,21,24008,10,0,0,35,0
41147,44,165492,10,0,0,40,1
41149,46,250821,15,0,0,48,0
41150,37,154641,9,0,0,86,0
41151,35,198202,9,0,0,54,0
41152,27,170504,13,0,0,40,0
41155,63,344128,13,0,0,50,1
41156,69,148694,9,0,0,40,0
41157,69,180187,12,0,0,6,0
41158,36,168894,11,0,0,40,0
41159,20,203263,8,0,0,35,0
41161,58,97562,9,0,0,38,0
41163,39,139647,10,0,0,56,0
41164,38,160192,9,0,2051,44,0
41170,42,245565,13,0,0,12,0
41173,63,207385,10,0,0,30,0
41180,51,355551,9,0,0,45,0
41185,21,184543,9,0,0,40,0
41187,38,229015,13,0,0,50,1
41193,34,102858,9,0,0,40,0
41196,46,74895,12,0,1485,55,0
41199,31,113688,9,0,0,40,0
41202,56,76142,9,0,0,40,0
41205,69,203313,9,991,0,18,0
41209,45,359808,12,0,0,40,0
41210,29,231554,10,0,0,50,0
41211,33,34848,10,0,0,40,0
41218,44,192878,13,0,0,40,1
41219,48,70209,10,0,0,20,0
41221,53,135339,13,7688,0,20,1
41226,55,239404,6,0,0,45,0
41227,67,165082,9,0,0,38,0
41231,25,259300,13,0,0,16,0
41232,19,277695,5,0,0,16,0
41233,24,230248,4,0,0,40,0
41234,30,196342,10,0,0,25,0
41235,17,160968,7,0,0,16,0
41236,28,115438,13,0,0,40,0
41237,34,231043,11,3908,0,45,0
41238,35,129597,10,0,0,46,0
41241,20,107242,9,0,0,40,0
41243,22,229456,10,0,0,35,0
41244,20,230113,10,0,0,50,0
41245,44,106698,9,0,0,40,0
41252,35,183898,9,2354,0,40,0
41256,57,342906,5,0,0,55,1
41257,25,181598,7,0,0,40,0
41261,37,154571,10,0,0,40,0
41262,43,140988,13,0,0,45,0
41266,35,112158,6,0,0,40,0
41268,57,283635,10,0,0,40,0
41269,43,69758,12,0,0,40,0
41271,54,88019,10,0,0,55,0
41272,28,31935,10,0,0,40,0
41273,32,323055,9,0,0,40,0
41274,49,189498,9,0,0,50,1
41275,52,89041,9,0,0,40,0
41277,19,236940,9,0,0,40,0
41279,21,433330,10,0,0,40,0
41281,44,162028,7,0,0,44,0
41291,39,160120,10,0,0,40,0
41293,53,123011,14,0,0,45,1
41301,34,271933,9,0,0,40,0
41303,43,115932,13,0,0,60,1
41305,17,100828,7,0,0,20,0
41306,60,121319,4,3137,0,40,0
41308,42,213214,12,0,0,40,0
41310,33,275632,9,0,0,40,0
41313,30,214063,10,0,0,72,0
41314,37,122493,9,0,0,45,0
41315,33,211699,10,0,0,40,0
41318,35,258339,15,0,0,55,1
41319,27,119793,13,0,0,40,0
41320,33,133503,9,0,1977,45,1
41324,45,140644,9,0,0,40,0
41325,18,126154,10,0,0,40,0
41326,33,245659,10,0,0,38,0
41327,28,129624,9,0,0,40,0
41329,30,337908,12,0,0,20,0
41330,36,161141,12,0,0,40,0
41331,21,162228,9,0,0,30,0
41332,44,116391,13,0,0,40,0
41333,33,314310,9,0,0,20,0
41334,61,394534,9,0,0,6,0
41340,21,229826,10,0,0,20,0
41345,37,105266,10,0,0,40,0
41348,18,71076,9,0,0,40,0
41352,70,90245,9,0,0,5,0
41354,39,126494,9,0,0,40,0
41355,38,257735,5,0,0,40,0
41356,33,1161363,10,0,0,50,0
41358,28,221452,9,0,0,40,0
41361,35,80479,11,0,0,40,0
41362,35,108808,9,0,0,50,0
41363,41,175674,10,0,0,40,1
41365,29,160786,6,0,0,35,1
41368,40,209547,13,0,0,60,1
41371,31,91666,9,0,0,60,0
41375,27,191230,10,0,0,25,0
41376,28,56340,13,0,0,20,0
41377,21,221157,9,0,0,30,0
41378,57,143910,13,0,0,40,0
41379,56,435836,14,0,0,40,0
41380,22,61499,9,0,0,40,0
41381,48,209182,1,0,0,40,0
41382,36,107218,10,0,0,55,0
41384,39,357962,12,0,0,48,0
41385,43,200355,9,0,0,70,1
41386,38,320451,14,0,0,40,0
41387,51,184542,9,0,0,40,0
41396,25,295289,9,0,0,40,0
41398,30,339773,9,0,0,45,0
41399,57,399246,13,0,1485,40,0
41400,37,51264,11,0,0,40,1
41401,39,49020,13,3103,0,48,1
41402,37,178100,14,0,0,40,1
41406,61,130466,9,0,0,40,0
41408,28,142712,9,0,0,40,0
41409,24,176321,10,0,0,40,0
41412,49,215096,5,0,0,20,0
41414,33,123920,10,0,0,40,0
41420,50,185407,11,0,0,38,1
41421,31,86143,9,0,0,40,0
41426,52,270728,4,0,0,48,0
41427,44,75012,9,0,0,80,0
41433,28,34452,15,0,0,40,0
41435,35,78247,11,0,0,50,0
41439,55,171467,9,0,0,48,1
41440,30,341187,4,0,0,35,0
41443,17,342752,7,0,0,15,0
41444,79,76641,14,20051,0,40,1
41445,20,47541,10,0,0,30,0
41446,25,233461,12,0,0,30,0
41449,21,75763,10,0,0,40,0
41450,19,43003,10,0,0,20,0
41452,28,130856,6,0,0,36,0
41457,33,175509,9,0,0,40,0
41460,24,64520,4,0,0,40,0
41461,31,139822,9,0,0,40,1
41464,24,124963,9,0,0,30,0
41475,28,233275,13,0,0,45,0
41480,38,123833,10,0,1408,40,0
41481,38,171344,7,0,0,36,0
41482,39,153976,10,0,0,40,0
41486,22,258509,9,0,0,24,0
41487,47,108890,9,1831,0,38,0
41488,28,188236,10,0,0,40,0
41491,29,142555,14,0,0,42,0
41493,52,207841,10,0,0,40,0
41496,46,197332,14,7688,0,46,1
41497,21,175166,10,2176,0,40,0
41498,45,160187,9,0,0,40,0
41502,39,164515,9,0,0,40,0
41503,44,147206,10,7688,0,45,1
41508,23,240049,1,0,0,40,0
41511,33,319854,13,4650,0,35,0
41512,19,148955,10,0,0,35,0
41515,25,385646,9,0,0,40,0
41516,36,31438,9,0,0,43,0
41517,45,168598,8,3103,0,40,1
41518,32,97306,13,0,0,48,0
41520,18,29582,7,0,0,40,0
41521,25,220284,9,0,0,40,0
41522,29,110226,14,0,0,65,0
41524,33,115496,16,0,0,60,1
41526,24,330836,9,0,0,40,0
41528,23,33423,10,0,0,30,0
41530,36,185744,10,0,0,35,1
41532,44,196456,14,0,1669,40,0
41538,44,220230,9,0,0,48,0
41540,52,234286,9,15024,0,40,1
41541,46,364548,13,8614,0,40,1
41544,40,70761,12,0,0,40,0
41547,58,53481,13,0,0,70,0
41548,26,287797,10,0,0,45,0
41549,22,188274,12,0,0,40,0
41551,78,74795,12,0,0,4,0
41552,36,218490,13,0,0,45,1
41553,43,94937,13,0,0,28,0
41561,32,180284,6,0,0,40,1
41563,61,180382,3,3411,0,45,0
41564,56,143266,10,0,0,40,1
41567,37,186191,9,0,0,46,0
41568,51,197163,15,0,2559,50,1
41569,44,193524,14,0,1902,40,1
41570,33,181388,9,0,0,40,0
41577,56,267763,9,0,0,40,0
41578,69,143849,7,0,0,20,0
41579,41,97277,11,0,0,10,0
41581,57,124852,10,0,0,40,0
41582,26,50053,13,0,0,55,0
41584,90,175444,4,0,0,15,0
41585,39,337898,13,0,0,55,0
41588,51,280278,6,0,0,40,0
41589,17,241185,8,0,0,20,0
41590,42,202188,10,0,1741,50,0
41592,29,82242,15,27828,0,45,1
41594,47,185866,15,0,0,60,1
41595,43,212847,10,0,0,40,0
41597,40,321856,9,0,0,60,1
41599,31,144064,10,0,0,40,0
41600,60,139586,11,0,0,40,1
41604,40,205706,9,0,0,40,0
41606,18,54440,10,0,0,30,0
41610,28,300915,9,0,0,60,0
41611,44,185057,14,0,0,35,0
41612,37,42044,10,0,0,84,0
41613,35,166416,13,0,0,50,1
41614,42,212737,5,0,0,40,0
41618,54,145419,9,0,1672,50,0
41619,56,147202,10,0,0,45,0
41629,46,35969,13,0,0,51,0
41630,24,433330,9,0,0,40,0
41632,55,189528,3,0,0,50,0
41633,64,113324,9,0,0,40,0
41636,46,199925,13,0,0,40,0
41637,45,102308,14,15024,0,60,1
41641,34,366198,16,0,0,45,1
41642,35,180686,9,3137,0,40,0
41643,26,108019,9,3325,0,40,0
41644,24,153542,10,0,0,35,0
41645,45,210364,9,15024,0,80,1
41646,36,185394,6,0,0,34,0
41647,44,222703,4,0,0,40,0
41648,23,183945,10,0,0,60,0
41651,20,312427,9,0,0,30,0
41652,32,53373,10,0,0,36,0
41655,29,146719,9,0,0,45,0
41658,40,153489,9,3137,0,40,0
41660,45,127089,14,0,0,45,0
41661,76,329355,9,0,0,13,0
41666,47,298037,11,0,0,44,0
41667,26,98155,9,0,0,55,0
41671,20,275357,11,0,0,25,0
41672,31,33117,14,0,0,45,0
41674,39,184128,7,0,0,40,0
41675,36,337039,12,14344,0,40,1
41676,66,126511,10,0,0,45,0
41677,34,325792,10,0,0,40,0
41678,80,91901,9,0,0,25,0
41680,40,153238,13,0,1902,32,1
41684,42,195508,7,0,0,40,0
41686,63,20323,10,0,0,40,0
41692,47,175990,9,0,0,30,1
41693,47,316101,9,0,0,40,0
41697,53,99185,9,0,0,40,1
41699,39,120074,9,0,0,40,0
41700,52,77336,11,0,0,40,0
41706,41,157686,10,0,0,40,1
41707,45,277434,12,0,0,40,1
41708,54,184620,14,0,0,40,0
41711,20,41356,12,0,0,32,0
41713,48,148549,13,0,0,40,0
41714,24,254293,13,2174,0,45,0
41717,53,180439,13,0,0,40,1
41720,32,111567,9,0,0,49,1
41723,52,378045,9,0,0,45,0
41725,56,119891,10,0,1672,40,0
41728,30,63861,12,0,0,40,0
41731,28,452808,6,0,0,40,0
41733,45,100651,9,0,1980,40,0
41736,31,87891,10,0,0,40,0
41737,54,182314,16,0,1977,50,1
41738,55,136819,13,0,0,40,0
41739,26,181666,12,0,0,40,0
41744,41,96635,9,0,0,60,0
41745,24,165064,10,0,0,40,0
41748,31,209538,6,0,0,40,0
41753,40,193144,9,0,0,36,0
41757,59,110820,9,0,0,38,1
41759,43,147269,6,0,0,60,0
41760,53,123092,9,0,0,40,0
41761,26,165673,9,0,0,40,0
41766,20,228649,9,0,0,40,0
41767,22,147253,10,0,0,15,0
41768,33,160784,6,0,0,40,0
41769,26,163189,10,0,0,40,0
41776,30,427474,5,0,0,40,0
41780,27,163862,9,0,0,60,0
41781,29,212588,10,0,0,65,0
41785,52,135607,10,0,0,40,0
41786,28,168514,12,0,0,40,0
41787,18,88642,10,0,0,15,0
41795,55,217802,10,0,0,25,0
41798,27,204098,6,0,0,30,0
41799,43,193882,10,0,0,55,0
41801,48,49595,14,0,0,72,0
41802,34,228873,13,0,0,40,0
41804,29,176027,13,0,0,40,0
41805,43,405374,10,0,0,40,0
41806,37,39606,11,0,0,40,0
41807,56,178353,10,0,0,40,1
41808,58,160662,6,0,0,40,1
41810,45,20534,10,0,0,41,0
41812,26,360252,12,0,0,40,0
41814,33,422718,9,0,0,40,0
41815,45,118081,10,3103,0,42,0
41817,25,187577,9,0,0,40,0
41818,69,259323,15,0,0,5,0
41823,27,332249,9,0,0,40,0
41825,55,208019,3,0,0,40,0
41827,41,207779,9,0,0,40,0
41828,34,238376,2,0,0,40,0
41830,67,239705,16,0,0,12,0
41832,58,138285,12,0,1740,40,0
41833,23,152140,9,0,0,40,0
41834,45,287920,14,0,0,50,1
41836,43,78765,10,0,0,40,0
41838,36,224886,13,2407,0,40,0
41839,58,206532,9,0,0,50,0
41840,33,129529,9,0,0,40,0
41841,60,202473,11,0,0,40,0
41843,45,72844,9,0,0,46,0
41844,49,206947,9,0,0,40,0
41845,19,64112,8,0,0,40,0
41849,73,177773,9,0,0,15,0
41850,59,144071,3,2580,0,15,0
41855,21,215039,9,0,0,13,0
41858,41,173858,4,0,0,40,0
41860,43,334991,10,4934,0,51,1
41862,44,174283,13,0,0,50,1
41866,50,240612,9,0,0,10,0
41869,30,138744,9,0,0,40,0
41872,52,153751,5,0,0,30,0
41876,50,304955,13,0,0,60,1
41878,61,117387,7,0,0,20,0
41880,30,319280,10,0,0,40,0
41886,61,220342,4,0,0,30,0
41887,41,144002,13,0,0,60,1
41888,55,225365,9,0,0,30,0
41889,36,187983,13,0,0,40,0
41895,59,365390,10,0,0,40,0
41898,41,112797,14,0,0,60,0
41899,45,76008,13,0,0,50,1
41900,36,156780,9,0,0,40,0
41902,25,25497,13,0,0,40,0
41909,53,188067,10,0,0,40,0
41910,22,119592,12,0,2824,40,1
41912,60,205934,9,0,0,25,0
41913,46,186172,13,3103,0,40,1
41916,56,147653,9,0,0,32,0
41917,35,195946,10,0,0,40,1
41920,38,177154,9,0,0,40,0
41923,22,43535,10,0,0,40,0
41924,32,104509,9,0,0,25,0
41925,27,118230,13,0,0,40,0
41926,25,152046,13,0,0,40,0
41928,22,218886,8,0,0,40,0
41931,22,222993,9,0,0,54,0
41933,42,144995,1,0,0,25,0
41934,45,187969,11,0,0,38,0
41935,33,288398,13,0,0,45,0
41937,27,167737,8,0,0,45,0
41943,61,124242,9,0,0,40,0
41944,39,239119,14,0,0,40,0
41946,19,378114,9,0,0,25,0
41947,37,236990,10,3464,0,40,0
41949,69,37745,11,0,0,8,0
41952,24,100605,10,0,0,14,0
41956,27,210765,11,0,0,40,0
41958,35,193241,9,0,1651,40,0
41959,22,109053,8,0,0,40,0
41961,38,172855,13,0,1887,40,1
41962,27,68848,13,0,0,35,0
41966,36,205396,9,0,0,4,0
41968,70,195739,6,0,0,45,0
41969,50,36480,9,0,0,40,0
41971,34,293900,7,0,0,55,0
41972,57,165922,9,0,0,50,0
41973,39,65738,14,0,0,32,0
41974,49,175070,10,0,0,40,0
41975,43,339814,10,5178,0,40,1
41976,26,150132,9,0,0,45,0
41978,60,166153,10,0,0,50,0
41981,27,194243,15,0,0,40,0
41984,19,185619,10,0,0,20,0
41985,18,96445,10,0,0,24,0
41989,43,144371,9,0,0,42,1
41990,24,186213,10,0,0,50,1
41992,24,418405,9,0,0,40,0
41996,35,182570,12,0,0,40,1
41999,53,131258,15,0,0,50,1
42000,23,103632,9,0,0,40,0
42002,40,244945,9,0,0,40,0
42005,53,103995,13,0,1876,54,0
42008,18,57108,7,0,0,16,0
42013,64,98586,16,0,0,60,1
42015,23,434467,9,0,0,48,0
42020,35,79586,14,0,0,40,1
42028,23,173535,9,0,0,40,0
42030,49,280525,10,0,0,45,1
42034,32,258406,10,0,0,72,0
42035,20,107746,7,0,0,40,0
42037,22,229987,10,0,0,32,0
42039,58,225394,9,0,1902,40,0
42040,24,373718,10,0,0,20,0
42041,48,120131,9,8614,0,40,1
42042,20,472789,2,0,0,30,0
42043,60,27886,10,0,0,40,1
42047,46,187749,13,0,0,40,1
42049,19,236879,10,0,0,35,0
42051,30,373213,11,0,0,40,1
42052,44,187629,12,0,0,25,0
42056,17,239947,7,0,0,40,0
42057,21,349041,9,0,0,40,0
42058,67,105252,14,0,0,40,1
42060,29,166210,9,0,0,50,0
42063,35,454843,10,0,0,40,1
42065,36,112512,8,0,0,40,0
42067,62,265201,13,0,0,40,0
42069,18,170627,7,0,0,15,0
42071,37,259089,13,0,0,40,0
42074,29,77009,7,0,2754,42,0
42079,22,288132,10,0,0,35,0
42082,34,198091,9,0,0,72,0
42083,67,150264,16,0,0,20,1
42087,49,31478,4,0,0,99,0
42089,36,153066,10,0,0,50,1
42090,52,150393,13,0,0,40,1
42094,56,32855,9,0,0,40,0
42097,31,123983,10,0,0,40,0
42098,41,138975,13,7688,0,45,1
42103,39,249392,14,0,0,72,0
42104,31,87418,11,0,0,40,0
42105,35,190387,13,0,0,45,0
42106,54,176240,14,7688,0,60,1
42107,22,211013,10,0,0,40,0
42108,40,105862,13,5455,0,40,0
42109,55,185195,13,0,0,40,1
42110,31,173495,9,0,0,40,0
42111,58,78634,7,0,0,60,0
42114,38,154641,11,0,0,40,0
42115,22,39236,10,594,0,25,0
42116,17,64785,6,0,0,30,0
42120,53,227836,10,0,0,40,0
42125,29,367329,9,0,0,40,0
42128,58,170108,14,0,0,40,1
42129,42,82297,4,0,0,50,0
42130,62,180162,5,0,0,24,0
42133,36,67728,13,0,0,50,1
42135,42,102069,4,0,0,30,0
42136,47,149700,14,15024,0,35,1
42137,42,109273,10,0,0,40,0
42143,48,353012,9,0,1902,40,1
42145,29,209472,9,0,0,38,0
42147,55,182273,10,0,0,40,0
42149,51,263836,9,0,0,30,0
42150,35,178948,14,0,0,32,0
42152,64,253296,9,0,0,40,0
42158,70,133248,9,0,0,14,0
42159,45,246891,14,0,0,40,0
42160,20,30035,12,0,0,40,0
42163,40,64980,10,0,0,55,1
42165,52,192065,10,0,0,40,0
42166,28,227890,13,0,0,50,1
42167,62,162249,9,0,0,30,0
42168,31,165949,9,0,0,40,0
42171,53,163678,10,0,0,40,1
42173,26,289700,10,0,0,25,0
42174,51,163826,9,0,0,40,1
42175,49,185385,14,0,0,50,1
42177,42,54611,10,0,0,40,0
42180,50,169646,13,0,0,40,0
42181,35,186815,9,0,0,40,0
42182,37,103925,10,0,0,40,0
42183,53,150393,9,0,1504,35,0
42186,28,51672,9,0,0,35,0
42187,46,380162,9,0,0,40,1
42188,21,212114,10,0,0,8,0
42189,41,100800,14,7298,0,70,1
42190,30,162572,13,0,0,70,1
42193,74,236012,4,0,0,20,0
42195,51,172046,14,0,1977,50,1
42198,47,362835,13,0,0,50,1
42199,49,97883,13,0,0,40,0
42201,24,278130,11,0,0,40,0
42203,32,379412,10,0,0,40,0
42204,45,37987,10,0,0,45,0
42205,46,256909,9,3325,0,45,0
42206,37,482927,10,0,0,65,0
42207,48,44434,14,0,0,61,1
42209,28,303674,9,3103,0,20,0
42213,69,197080,9,0,0,8,0
42214,38,102945,13,0,0,52,1
42215,47,503454,8,0,0,40,0
42217,46,270693,9,3674,0,30,0
42218,27,252813,15,0,0,45,0
42219,19,574271,10,0,0,35,0
42220,18,184016,9,3103,0,40,0
42221,24,235071,7,0,0,50,1
42224,19,277695,1,0,0,36,0
42225,28,23324,10,0,0,40,0
42227,38,176657,10,0,0,60,0
42228,42,93770,9,0,0,40,1
42229,31,124569,10,0,0,40,1
42232,21,170456,12,0,0,15,0
42233,48,115971,9,0,0,50,0
42235,30,112383,9,0,0,45,0
42236,24,283092,9,0,0,40,0
42238,30,46712,9,0,0,40,0
42240,56,98630,4,0,0,40,0
42244,61,221884,10,0,0,50,1
42245,49,148475,11,0,0,40,0
42247,50,160107,14,0,0,55,1
42249,34,148226,9,0,0,48,0
42255,35,171327,9,0,0,40,0
42258,31,169589,14,0,0,30,0
42259,22,273734,9,0,0,20,0
42261,50,257117,5,0,0,50,0
42262,63,196725,9,0,0,24,0
42266,53,216931,4,0,0,38,0
42267,44,212665,10,0,0,99,0
42270,61,219886,10,0,0,40,1
42272,44,112262,13,5178,0,40,1
42275,45,338105,10,0,0,40,0
42276,69,58213,13,20051,0,45,1
42279,43,413760,10,0,0,40,0
42285,56,220187,10,0,0,45,1
42287,27,175821,9,0,0,34,0
42290,19,203319,7,0,0,30,0
42293,81,106765,10,0,0,4,0
42300,25,51498,8,0,0,40,0
42301,47,220124,9,0,0,40,0
42302,39,188503,13,0,0,60,1
42304,46,208872,11,0,0,40,1
42305,38,34180,10,0,0,35,0
42309,38,185203,9,0,0,20,0
42310,52,165278,11,0,0,40,0
42311,50,116933,9,0,0,33,0
42312,38,237608,13,0,2444,45,1
42313,35,84787,13,0,0,40,0
42317,38,127772,9,0,0,50,0
42319,65,344152,14,5556,0,50,1
42320,33,40681,12,0,0,40,0
42322,18,280603,7,0,0,30,0
42325,42,177989,9,0,0,40,0
42326,32,164190,9,0,0,30,0
42327,36,90897,12,0,0,40,0
42328,41,33126,13,0,0,40,1
42329,30,270886,10,0,0,40,0
42330,21,216129,9,0,0,35,0
42332,19,141418,10,0,0,15,0
42335,43,191765,9,0,0,35,0
42342,22,64520,8,0,0,30,0
42347,38,183585,9,0,0,40,0
42348,56,323639,14,0,0,25,0
42350,40,284303,10,7688,0,40,1
42353,24,180931,13,0,0,30,0
42355,47,120131,13,0,0,50,1
42357,34,226443,15,0,0,55,1
42359,19,208506,10,0,0,28,0
42360,32,46746,10,0,0,40,0
42361,49,246183,9,0,0,40,1
42365,59,167963,9,0,0,40,0
42366,32,273241,13,0,0,40,1
42371,17,174120,8,0,0,15,0
42373,41,132125,9,0,0,40,0
42374,62,68461,16,0,0,40,1
42375,19,227178,7,0,0,25,0
42376,41,165798,3,0,0,40,0
42377,39,129573,13,0,0,50,1
42381,40,173716,13,0,0,45,1
42382,38,244803,10,0,1485,60,1
42383,24,114230,9,0,0,40,0
42385,48,216093,13,0,0,40,0
42386,51,124963,13,0,0,40,1
42388,43,193490,4,0,0,45,0
42389,34,80058,15,0,0,50,0
42391,51,54342,15,27828,0,60,1
42393,20,117222,9,0,0,50,0
42394,61,171831,9,2829,0,45,0
42397,26,219760,9,0,0,16,0
42400,18,344742,6,0,0,40,0
42401,29,210869,10,0,0,80,0
42408,19,60688,10,0,0,35,0
42413,41,58930,13,0,0,40,0
42416,28,200775,14,0,0,40,0
42421,36,51089,13,0,0,60,0
42422,28,136985,9,0,0,35,0
42423,21,129350,10,0,0,40,0
42433,27,32519,10,0,0,55,0
42437,36,195385,9,0,0,40,0
42438,21,149809,9,0,0,24,0
42439,22,51985,10,0,0,30,0
42440,61,105384,13,0,0,40,0
42444,66,314347,9,0,0,40,0
42445,29,274010,10,0,0,45,0
42447,57,313929,10,0,0,40,0
42450,20,247115,10,0,0,35,0
42451,47,175958,15,0,0,45,1
42453,59,141326,11,0,0,50,1
42455,64,47462,10,0,0,35,0
42458,62,311495,10,0,0,40,0
42461,60,282923,10,7298,0,40,1
42462,46,501671,6,0,0,40,0
42463,44,29591,13,0,2258,40,1
42465,18,187240,7,0,0,18,0
42468,63,200474,2,0,0,40,0
42470,17,230789,5,0,0,22,0
42474,31,114691,9,0,0,40,1
42475,51,42017,10,0,0,40,0
42477,28,29444,9,0,0,40,0
42480,43,113324,13,0,0,40,1
42483,46,251474,13,0,0,60,1
42484,50,93730,6,0,0,60,0
42487,53,151411,13,0,0,45,1
42488,40,210648,13,0,0,44,1
42491,39,356838,9,0,0,12,0
42492,46,216164,9,0,0,40,0
42493,26,288781,13,0,0,42,0
42494,19,439779,10,0,0,15,0
42495,24,161638,9,0,0,40,0
42498,44,147265,10,0,0,40,1
42501,28,392100,9,0,0,40,0
42502,36,358682,13,0,0,50,0
42503,47,262244,13,0,0,60,1
42506,19,182609,9,0,0,25,0
42508,26,213258,9,0,0,40,0
42512,26,29957,14,0,0,25,0
42513,51,215854,13,0,0,50,0
42515,27,405765,9,0,0,40,1
42516,39,80680,10,0,0,40,0
42517,32,177792,13,0,0,48,1
42521,46,149640,4,0,0,45,0
42522,42,40151,11,0,0,30,0
42523,79,183686,13,0,0,20,1
42524,50,32801,13,0,0,40,1
42525,19,195282,9,0,0,20,0
42527,51,96678,14,0,0,60,0
42531,36,257250,11,0,0,99,0
42532,26,212800,12,0,0,36,0
42534,39,195253,15,0,0,45,1
42535,43,45156,10,0,0,60,0
42536,20,435469,9,0,0,40,0
42539,44,185057,13,3325,0,40,0
42541,60,165517,10,0,0,40,0
42547,49,379779,13,0,0,40,0
42550,43,198965,10,0,0,38,1
42551,41,70645,14,4650,0,55,0
42557,27,394927,13,0,0,55,0
42559,29,236938,12,0,0,38,0
42563,18,106780,10,0,0,12,0
42564,50,178596,9,0,1408,50,0
42565,37,329026,9,0,0,40,1
42567,50,338033,10,0,0,32,0
42568,74,169303,9,6767,0,6,0
42570,34,209449,10,0,0,40,1
42572,39,101260,9,0,0,40,0
42575,27,134566,9,0,0,40,0
42576,23,283806,5,0,0,35,0
42580,18,201871,8,0,0,20,0
42582,42,211517,7,0,0,40,0
42584,37,259846,11,3471,0,40,0
42585,57,98926,10,0,0,16,0
42595,38,252662,13,0,0,40,0
42597,18,205218,10,0,0,20,0
42598,35,241306,11,0,0,40,1
42600,46,175625,15,0,0,40,0
42601,45,206459,10,0,0,40,0
42604,60,106118,9,0,0,70,1
42606,19,162094,9,0,0,40,0
42607,24,216469,9,0,1579,50,0
42608,56,381965,13,15024,0,40,1
42609,28,145284,9,0,0,70,0
42612,27,280699,10,0,0,40,0
42614,18,156950,9,0,0,35,0
42615,53,215572,9,0,0,40,0
42616,26,173593,14,0,0,20,0
42618,45,334039,10,0,0,40,1
42624,41,222596,13,15024,0,45,1
42625,23,100345,13,0,0,20,0
42626,22,409230,8,0,0,40,0
42627,36,112497,15,25236,0,40,1
42628,65,115922,13,0,0,40,1
42630,25,243560,9,0,0,40,0
42634,49,175109,10,0,0,50,1
42640,33,188467,9,0,0,40,0
42641,51,351278,13,0,0,50,0
42642,31,182246,9,0,0,45,0
42643,32,79870,10,2597,0,40,0
42644,48,353824,10,0,0,40,1
42645,31,387116,10,0,0,36,0
42646,47,34248,11,0,0,40,1
42650,46,100067,7,0,0,35,1
42653,41,176452,9,0,0,40,0
42654,41,128700,9,0,0,40,0
42656,30,201196,7,0,0,40,0
42659,59,178660,12,0,0,40,0
42665,42,165916,13,0,0,45,0
42668,43,350387,9,0,0,60,0
42671,23,216472,10,0,0,20,0
42673,33,131934,9,0,0,45,0
42674,33,365908,9,2105,0,40,0
42675,46,359193,10,0,0,45,0
42676,35,261012,10,0,0,40,0
42679,35,218955,13,0,0,40,0
42680,30,115963,4,0,0,42,0
42684,25,200318,9,0,0,60,0
42686,64,388594,15,15024,0,45,1
42687,33,103435,11,0,0,45,0
42688,59,133201,3,0,0,40,0
42690,41,99870,13,0,0,55,0
42695,57,376230,14,99999,0,40,1
42696,36,145576,14,0,1977,40,1
42698,24,113936,13,0,0,40,0
42700,27,193898,13,0,0,45,1
42705,29,106153,9,0,0,50,0
42712,68,194746,16,0,0,40,0
42713,36,269042,9,0,0,40,0
42719,47,223342,9,2174,0,40,0
42721,32,132601,15,0,0,40,1
42722,58,205410,9,0,0,40,0
42723,64,185912,15,99999,0,35,1
42724,38,292570,10,0,0,50,0
42726,28,295163,8,0,0,40,0
42727,21,27255,10,0,0,40,0
42729,25,104993,5,2907,0,40,0
42730,41,322980,9,2354,0,40,0
42732,41,317539,10,0,0,40,0
42734,54,466502,4,0,0,30,0
42736,29,202878,4,0,2042,40,0
42740,34,173730,14,0,0,38,0
42741,32,178623,9,0,0,40,0
42743,60,224644,6,0,0,40,0
42744,39,191502,11,0,0,40,0
42745,59,61885,8,0,0,35,0
42748,54,145098,10,0,0,40,1
42749,48,123075,11,0,0,40,1
42750,19,216804,4,0,0,33,0
42752,25,33610,9,0,0,45,0
42754,34,349148,10,0,0,40,0
42756,43,211860,9,0,0,24,0
42758,36,52532,16,0,1887,50,1
42761,22,306779,10,0,0,50,0
42763,54,139347,9,0,0,40,0
42765,37,34173,13,0,0,40,0
42766,45,128378,9,0,0,40,0
42768,46,59287,10,0,0,40,0
42772,35,112077,9,5013,0,40,0
42775,31,309620,14,0,0,6,0
42776,39,336880,9,0,0,40,1
42778,25,193051,13,0,0,35,0
42780,49,62793,9,0,0,40,0
42781,53,264939,13,0,0,45,0
42788,19,95078,9,0,0,15,0
42793,66,170617,14,0,0,6,0
42794,63,170529,13,0,0,45,0
42800,31,167319,13,0,0,40,0
42801,33,43716,10,0,0,4,0
42805,41,136419,12,0,0,75,1
42807,41,189956,13,0,0,40,1
42808,44,403782,11,0,0,45,0
42809,47,456661,4,0,0,40,0
42811,38,65716,11,0,0,40,0
42819,28,328923,9,0,0,38,0
42820,59,159472,5,0,0,40,0
42821,42,138662,10,0,0,40,0
42822,54,286342,14,0,0,32,1
42823,39,181705,9,0,0,45,0
42824,41,193882,13,0,0,40,0
42825,43,216497,13,0,0,40,0
42826,32,124919,13,0,0,50,1
42827,62,109463,10,0,1617,33,0
42831,31,243142,9,0,0,40,0
42833,54,189607,13,0,0,36,0
42835,35,206951,10,0,0,40,1
42836,22,127647,9,0,0,36,0
42838,42,182302,9,0,0,40,0
42839,44,166597,14,0,0,40,1
42840,28,33363,9,0,0,70,1
42841,74,167537,10,0,0,35,1
42842,34,179378,9,0,0,40,0
42844,50,198362,11,0,0,40,0
42847,30,164940,9,0,0,25,0
42848,61,210488,9,0,0,50,1
42853,33,136331,9,0,0,40,0
42859,21,169699,9,0,0,40,0
42861,50,171852,13,0,0,40,0
42863,20,204641,9,0,0,20,0
42868,67,233022,7,0,0,20,0
42870,60,21101,9,0,0,50,0
42872,43,183273,14,15024,0,32,1
42873,49,36177,13,0,0,45,1
42875,38,102350,10,0,0,40,0
42876,38,165930,9,0,0,40,0
42877,35,297574,12,0,0,99,1
42878,40,120277,10,0,0,40,0
42881,40,155972,9,0,0,60,1
42885,24,322674,12,0,0,48,0
42887,54,175262,1,0,0,40,0
42888,23,201682,13,0,0,40,0
42892,45,33798,14,0,0,40,0
42894,28,90915,13,0,0,40,0
42895,36,337778,10,0,0,60,1
42896,31,187203,9,0,0,40,0
42901,42,272625,11,0,0,40,1
42906,67,152102,9,0,0,65,0
42908,30,127651,9,0,1887,48,1
42909,22,180060,13,0,0,40,0
42910,19,32477,10,0,0,20,0
42911,26,137658,13,0,0,45,0
42914,43,33310,9,0,0,40,0
42916,53,290290,10,0,0,45,0
42919,55,185195,13,0,0,99,0
42923,36,98360,9,0,0,40,0
42926,45,184285,13,0,0,45,0
42928,40,99679,15,0,0,60,1
42929,31,253354,13,0,0,50,0
42930,26,190650,13,0,0,40,0
42932,19,204389,9,0,0,25,0
42935,55,161662,14,0,0,55,1
42937,21,252024,9,0,0,20,0
42938,27,189702,4,0,0,40,0
42940,20,166527,10,0,0,20,0
42941,24,34918,11,0,0,38,0
42942,27,142712,14,0,0,40,0
42947,19,201743,10,0,0,15,0
42948,59,119344,6,0,0,36,0
42951,34,174789,13,0,2001,40,0
42953,30,206325,7,0,0,45,0
42957,29,84366,6,0,0,40,0
42958,60,139391,10,0,0,50,1
42959,53,124094,9,5013,0,35,0
42960,41,30759,4,0,0,60,0
42964,49,340755,14,0,0,40,1
42968,34,310525,9,0,0,10,0
42975,22,134746,6,0,0,40,0
42976,34,198613,9,0,2002,40,0
42979,36,273604,13,0,0,40,0
42982,48,234504,9,0,0,50,0
42983,35,468713,9,0,0,40,0
42986,21,34816,11,0,0,12,0
42987,28,211184,10,0,0,50,0
42989,65,179985,9,0,0,40,0
42991,50,134766,13,0,1902,50,1
42993,70,89787,9,0,0,20,0
42994,55,164857,10,0,0,40,0
42995,27,257124,13,0,0,35,0
42998,24,189749,7,0,0,40,0
43000,26,284250,9,0,0,40,0
43002,41,134130,9,0,0,60,0
43003,52,260938,14,0,0,40,0
43004,41,238184,9,0,0,40,0
43005,59,148626,6,0,0,40,0
43006,56,48102,10,0,1977,50,1
43007,58,234213,9,14344,0,48,1
43008,65,113323,13,0,0,40,1
43009,24,34246,13,0,0,40,0
43012,84,188328,9,0,0,16,0
43018,47,97176,10,0,0,40,0
43019,19,197714,9,0,0,35,0
43020,43,147099,10,0,0,36,0
43021,30,186346,13,0,0,50,0
43022,46,73434,14,0,0,45,0
43024,37,209214,3,0,0,40,0
43026,57,372020,10,5013,0,50,0
43027,46,176684,12,0,0,40,0
43028,23,210474,10,0,0,20,0
43029,26,293690,13,0,0,58,1
43031,20,323009,9,0,0,40,0
43033,38,172538,13,0,1977,40,1
43034,44,115411,10,0,0,40,0
43037,31,192565,14,0,0,90,1
43038,35,348771,7,0,0,36,0
43039,30,148959,10,0,0,35,0
43041,40,105936,9,0,0,38,0
43042,18,188076,7,0,0,20,0
43046,50,100480,14,0,0,60,1
43050,54,153486,9,0,0,56,1
43053,28,412149,6,0,0,35,0
43054,24,653574,9,0,0,40,0
43055,37,70562,2,0,0,48,0
43056,62,197514,9,0,0,16,0
43057,19,309284,10,0,0,40,0
43068,33,188246,9,0,0,40,0
43071,27,706026,7,0,0,40,0
43072,20,348148,7,0,0,40,0
43073,62,77884,3,0,0,40,0
43074,17,160758,6,0,0,30,0
43076,69,107850,14,6514,0,40,1
43079,20,373935,9,0,0,35,0
43080,64,341695,10,0,0,40,1
43085,44,33155,16,0,0,45,0
43086,37,187346,3,0,0,40,0
43091,49,207120,9,0,0,40,1
43097,54,35557,10,7298,0,50,1
43098,36,59313,10,0,0,40,0
43099,25,202033,13,0,0,40,0
43100,18,55658,6,0,0,25,0
43102,22,279901,9,0,0,40,0
43103,52,110954,9,0,0,45,1
43105,25,122489,13,0,1726,60,0
43106,49,43348,16,99999,0,70,1
43107,42,34278,10,0,0,50,1
43108,37,37778,11,0,0,54,0
43109,39,160623,12,0,0,40,0
43110,32,342458,13,0,0,40,0
43111,53,64322,9,0,0,40,0
43113,51,205884,10,0,0,40,1
43117,39,136081,9,0,2051,40,0
43118,37,197284,10,0,0,40,0
43119,27,204773,12,0,0,40,0
43120,41,206066,10,0,0,40,0
43122,25,299908,10,0,0,40,1
43125,30,154587,9,0,0,40,0
43126,29,244473,11,0,2051,40,0
43127,36,32334,11,0,0,50,1
43131,44,359259,9,0,0,60,0
43133,39,393480,9,0,0,40,0
43136,31,231569,13,0,0,50,0
43137,23,353010,7,0,0,35,0
43143,48,160724,13,0,0,40,0
43147,28,222005,9,0,0,40,0
43151,38,179488,12,0,0,40,0
43156,20,209131,10,0,0,40,0
43157,32,400132,13,0,0,40,1
43158,23,278155,13,0,0,40,0
43159,25,139012,13,2174,0,40,0
43163,29,190525,13,0,1848,60,1
43165,34,167832,6,0,0,40,0
43166,34,218164,9,0,0,44,0
43173,22,205970,6,0,0,35,0
43174,25,216583,13,0,0,43,0
43175,61,162432,10,0,0,40,0
43176,31,83671,10,0,0,40,0
43177,47,205100,9,0,0,38,0
43178,31,195750,2,0,0,45,0
43182,42,86185,10,0,0,40,0
43187,46,149388,13,0,0,40,1
43190,66,174486,16,20051,0,35,1
43191,23,160951,9,2597,0,40,0
43193,32,103078,13,0,0,40,0
43195,51,142835,7,0,0,40,0
43198,28,175987,9,0,0,40,0
43199,29,214385,7,0,0,20,0
43201,41,207685,13,0,0,40,1
43203,39,163392,9,0,0,26,0
43208,19,175083,9,0,0,8,0
43210,41,32878,13,0,0,45,1
43212,28,99478,9,0,0,40,0
43213,25,113035,10,0,0,40,0
43216,48,236858,7,0,0,31,0
43219,35,475324,13,0,0,40,1
43222,45,192835,10,0,0,40,0
43223,62,76720,13,0,0,40,0
43224,39,180686,14,0,1977,45,1
43225,33,133876,9,0,0,40,0
43226,22,123727,10,0,0,30,0
43229,44,317320,10,0,0,40,0
43230,26,86872,9,0,0,40,1
43231,31,100863,14,0,0,50,1
43233,49,122584,4,0,0,40,0
43235,46,162030,9,0,0,43,0
43236,33,199170,10,0,0,40,0
43237,25,470203,13,0,0,30,0
43238,40,266803,12,0,0,40,1
43239,72,188009,4,0,0,30,0
43240,32,513416,14,0,0,10,0
43247,17,120068,7,0,0,17,0
43248,49,101722,15,0,0,60,1
43250,19,144429,10,0,0,10,0
43251,17,271122,8,0,0,16,0
43252,38,255621,9,0,0,40,0
43257,19,164585,9,0,0,40,0
43261,54,421561,10,0,0,40,1
43266,38,103323,10,7688,0,40,1
43268,37,29145,13,0,0,50,1
43269,35,184659,9,0,1485,40,1
43271,23,311376,11,0,0,40,0
43272,27,122660,13,0,0,40,0
43273,19,137578,10,0,0,16,0
43275,29,144556,9,0,0,45,0
43276,33,228696,2,0,2603,32,0
43277,60,184183,9,4650,0,40,0
43278,22,243178,13,0,0,20,0
43280,60,190682,11,0,0,37,0
43281,35,233786,7,0,0,20,0
43282,45,102202,11,0,0,40,0
43285,32,169973,14,0,0,38,0
43286,35,144937,9,0,0,42,0
43294,26,417941,13,0,0,40,0
43295,36,196348,9,0,0,60,1
43297,47,173938,13,0,0,57,1
43300,61,203126,13,0,0,12,0
43301,67,174693,10,0,0,25,0
43302,49,357540,9,0,0,25,0
43305,61,280088,4,0,0,40,0
43309,43,266439,13,0,1887,40,1
43310,60,153356,9,2597,0,55,0
43316,35,328301,12,0,0,40,0
43317,17,182158,6,0,0,30,0
43319,22,330571,9,0,0,45,0
43320,28,535978,10,0,0,40,1
43321,42,29393,10,0,0,40,0
43323,26,369166,10,0,0,65,0
43324,45,257855,7,0,0,50,0
43334,46,102542,4,0,0,52,0
43338,32,52647,6,0,0,45,0
43345,32,321313,14,0,0,40,0
43349,41,67339,13,0,0,40,0
43351,44,208528,12,0,0,30,0
43352,35,160120,14,0,0,50,1
43356,40,26892,13,7298,0,50,1
43358,55,408537,5,99999,0,37,1
43362,62,138253,14,4650,0,40,0
43367,19,140590,8,0,0,30,0
43370,25,182227,12,0,0,55,0
43372,37,24342,10,0,0,38,0
43375,24,177526,11,0,0,40,0
43379,29,180758,12,0,0,60,0
43381,71,177906,13,0,0,10,1
43385,33,190027,10,0,0,18,0
43389,39,225504,14,0,0,40,0
43396,28,411587,10,0,0,40,0
43398,46,54190,9,0,0,60,0
43399,60,93997,13,15024,0,45,1
43400,50,24139,14,0,0,65,0
43407,47,93618,10,0,0,33,0
43410,24,239663,10,0,0,15,0
43411,22,167615,9,0,0,40,0
43412,24,442274,9,0,0,40,0
43413,42,149210,13,7298,0,45,1
43414,55,174533,13,0,0,72,0
43416,61,270056,9,0,0,40,0
43418,39,126336,9,0,0,40,0
43419,45,341117,10,0,0,50,0
43420,25,108505,9,0,0,45,0
43421,69,106566,16,0,0,50,1
43428,41,210094,9,0,0,40,0
43429,18,389147,9,0,0,30,0
43430,44,210648,13,0,0,40,1
43431,47,94809,11,0,0,45,1
43433,66,236879,1,0,0,40,0
43434,33,170148,9,0,0,45,0
43442,43,193882,9,0,0,40,1
43444,26,171928,11,0,0,50,0
43450,25,353795,10,3103,0,40,1
43451,47,334679,14,0,0,42,0
43452,23,235853,9,0,0,45,0
43453,51,353281,9,0,0,20,0
43455,33,62932,9,0,0,40,0
43457,52,99184,9,0,0,40,0
43458,36,189674,10,0,0,40,0
43460,26,109564,9,0,0,40,0
43461,26,66872,8,0,0,98,0
43462,35,268292,10,0,0,40,0
43463,58,139290,13,0,0,40,1
43465,23,203139,10,0,0,40,0
43467,20,386864,6,0,0,35,0
43468,17,369909,6,0,0,20,0
43474,54,292673,2,0,0,35,0
43475,51,134808,9,0,0,40,0
43478,21,222490,11,0,0,40,0
43479,44,29115,10,0,0,40,0
43480,26,66638,13,0,0,50,0
43485,45,114797,9,0,0,40,0
43488,23,13769,10,0,0,30,0
43490,19,149528,10,0,0,12,0
43491,37,132879,9,0,0,40,1
43493,56,156229,13,7688,0,40,1
43494,44,131650,12,0,0,54,1
43498,38,276559,9,7688,0,70,1
43500,57,135134,14,0,0,20,0
43502,48,107231,13,99999,0,50,1
43508,50,211116,6,0,0,40,0
43509,38,226311,9,0,0,25,0
43513,44,247880,11,8614,0,40,1
43515,23,163090,12,0,0,20,0
43517,30,370183,9,0,0,40,0
43525,33,200289,14,0,0,19,0
43526,43,289669,14,0,2547,40,1
43527,30,110622,13,0,0,40,0
43529,26,39212,9,0,0,45,0
43533,41,170214,9,0,2179,40,0
43534,20,151790,10,0,0,30,0
43536,37,117651,13,0,0,40,0
43537,18,157131,8,0,0,8,0
43538,61,225970,9,0,0,40,1
43544,28,66434,6,0,0,15,0
43546,25,230856,9,0,0,40,0
43547,46,192835,10,0,0,48,0
43550,26,37918,9,0,0,60,0
43551,40,111020,9,0,0,40,0
43554,61,243493,9,0,0,12,0
43556,25,104193,9,114,0,40,0
43561,25,114150,9,0,0,40,0
43562,39,194668,9,0,0,16,0
43566,48,83444,9,7298,0,40,1
43570,55,135803,13,0,1579,35,0
43578,25,208881,13,0,0,60,0
43583,33,215288,7,0,0,40,0
43584,31,58582,10,0,0,46,0
43585,49,199378,10,0,0,22,0
43586,34,114185,13,0,0,50,0
43587,40,137421,9,0,0,60,0
43589,50,196504,16,0,0,23,0
43590,38,357870,8,0,0,50,0
43592,49,168191,4,0,0,70,0
43593,40,215596,13,0,0,40,0
43597,30,144064,9,0,0,40,1
43598,70,54849,16,0,0,20,1
43599,40,141583,6,0,0,40,0
43600,43,180985,13,0,0,35,0
43602,22,174626,4,0,0,40,0
43605,32,147284,11,0,0,50,1
43607,21,222993,9,0,0,40,0
43610,29,162551,14,0,0,40,1
43611,49,122066,3,0,2603,40,0
43613,46,389843,13,0,0,50,1
43614,37,138940,7,0,0,40,0
43615,56,141877,13,0,0,40,1
43616,37,172722,10,0,0,40,0
43617,26,118523,9,0,0,40,0
43621,40,225823,10,0,0,60,0
43623,63,175777,6,0,0,40,0
43625,30,437825,13,0,0,20,0
43626,50,270194,13,0,0,60,0
43627,41,242089,14,0,0,45,0
43632,46,157991,11,0,625,40,0
43633,26,373553,10,0,0,42,0
43635,23,60331,10,0,0,50,0
43639,40,204235,14,99999,0,50,1
43641,47,178341,13,4064,0,60,0
43642,20,293297,10,0,0,35,0
43644,62,202056,13,14084,0,40,1
43645,32,61898,7,0,0,15,0
43646,42,1097453,13,0,0,60,1
43647,32,176992,6,0,0,40,0
43653,23,124259,10,0,0,40,0
43658,40,89413,9,0,1672,40,0
43659,64,31826,9,0,0,45,1
43662,50,222020,9,0,0,48,0
43665,32,204792,7,0,0,40,0
43666,42,384508,7,1506,0,50,0
43668,30,182714,10,0,0,40,0
43670,45,264052,9,0,0,40,0
43676,36,389850,9,0,0,50,0
43678,32,114733,13,0,0,35,0
43682,30,48014,14,0,0,40,0
43685,61,221447,9,0,0,40,0
43686,18,426836,3,0,0,40,0
43693,18,170544,7,0,0,20,0
43694,55,115439,15,99999,0,40,1
43696,21,209067,9,0,0,40,0
43698,60,27466,10,0,0,40,0
43702,64,316627,3,0,0,40,0
43704,27,38645,13,0,0,40,0
43706,41,29324,9,0,0,45,0
43707,18,348588,8,0,0,25,0
43708,40,124747,9,7298,0,40,1
43709,55,477867,13,0,0,40,1
43712,24,267945,13,0,0,40,0
43713,30,35724,15,0,0,45,1
43714,29,187188,14,0,0,60,0
43715,52,155983,13,0,0,40,1
43716,57,414994,10,0,0,40,1
43717,38,103474,13,0,0,45,0
43721,51,178241,9,0,0,40,1
43722,40,260761,13,0,0,40,0
43724,19,292590,10,0,0,20,0
43725,28,461929,4,0,0,40,0
43727,32,190577,13,0,0,40,0
43728,31,344200,9,0,0,40,1
43729,30,337494,12,0,0,48,0
43730,54,52634,10,0,0,40,0
43733,27,189399,10,0,0,40,0
43734,32,205072,9,0,0,48,0
43735,35,310290,9,0,0,40,0
43737,40,91959,13,0,0,46,1
43739,34,234096,12,0,0,40,1
43740,38,185330,10,0,0,25,0
43744,18,478380,7,0,0,25,0
43745,35,186845,13,5178,0,50,1
43751,43,219424,13,0,0,50,1
43755,30,108386,12,0,0,40,0
43756,67,125926,10,0,0,8,0
43757,35,177102,9,0,0,40,0
43758,26,190762,10,0,0,18,0
43759,61,180632,9,0,0,40,0
43764,36,160035,9,0,0,40,0
43769,27,419146,3,0,0,75,0
43771,36,184456,13,27828,0,55,1
43774,28,201861,10,0,0,45,0
43775,33,179509,13,0,0,40,0
43776,54,291755,13,0,0,45,1
43778,76,117169,4,0,0,30,0
43783,17,277583,7,0,0,15,0
43784,55,169071,10,0,0,20,0
43785,51,96190,10,0,0,40,0
43786,26,61603,3,0,0,40,0
43788,65,197883,6,0,0,70,0
43791,42,201723,9,0,0,40,0
43793,39,86143,3,0,0,40,0
43794,46,228620,7,0,0,40,0
43795,34,346034,13,0,0,40,0
43798,34,185063,10,0,0,45,1
43800,51,159755,9,0,0,20,0
43806,45,261278,13,5178,0,40,1
43807,23,71864,10,0,0,35,0
43811,50,146429,9,0,0,40,0
43813,28,285294,13,15024,0,45,1
43814,23,184665,9,0,0,50,0
43819,27,269444,9,0,0,40,0
43820,25,47353,6,0,0,40,0
43824,30,257849,4,0,0,48,0
43829,19,97261,8,0,0,40,0
43835,60,26721,10,0,0,40,0
43839,25,254613,9,0,0,40,0
43840,49,207677,4,0,0,70,0
43845,33,79923,10,0,0,20,0
43847,56,134286,10,0,0,45,0
43848,56,73746,10,0,0,50,1
43849,23,125525,13,0,0,42,0
43852,67,150516,4,0,0,24,0
43853,54,249096,11,0,0,40,0
43856,51,157043,7,0,0,40,0
43858,42,510072,9,0,0,40,1
43859,64,200017,9,0,0,20,0
43863,78,82815,10,0,0,3,1
43864,24,117210,9,0,0,50,0
43866,51,123429,14,0,0,50,1
43873,30,108247,13,0,0,40,1
43875,26,339324,9,0,0,96,0
43876,59,145574,12,0,0,35,1
43879,24,186314,10,0,0,54,0
43882,53,287317,9,0,0,32,0
43890,67,36876,9,0,0,55,0
43891,35,253006,10,7688,0,38,1
43892,39,50096,10,0,0,80,0
43899,49,304416,7,0,0,40,0
43901,23,229826,9,0,0,40,0
43902,19,159796,10,0,0,12,0
43907,48,180532,11,0,0,40,0
43909,44,419134,9,0,0,40,0
43910,55,170166,13,0,0,25,0
43912,18,423024,8,0,0,20,0
43913,24,72119,13,2202,0,30,0
43915,24,257621,13,0,0,20,0
43916,44,118212,13,99999,0,70,1
43919,26,159662,6,0,0,40,0
43920,34,379798,14,0,0,40,1
43921,38,227945,14,99999,0,65,1
43922,41,36999,14,0,0,75,1
43923,73,131982,13,0,0,5,0
43926,59,170104,13,0,1977,50,1
43927,44,96249,10,0,0,60,1
43931,23,117767,13,0,0,40,0
43933,61,79827,9,0,0,50,0
43937,42,196514,10,0,0,40,0
43946,30,103651,7,0,0,35,0
43947,44,162108,13,0,0,45,0
43948,24,217602,9,0,0,60,0
43951,61,80896,14,0,0,45,1
43952,30,168387,13,0,0,40,0
43959,52,153064,10,0,0,40,1
43961,38,105150,13,0,0,45,1
43962,19,238474,7,0,0,40,0
43963,24,1085515,9,0,0,30,0
43964,25,82560,12,0,0,43,0
43965,71,55965,4,0,0,10,0
43966,27,161087,9,0,0,40,0
43967,28,261278,11,0,0,40,0
43968,54,182187,11,15024,0,38,1
43972,57,250201,9,0,0,50,0
43976,41,108713,6,0,0,40,0
43979,50,222381,10,0,0,40,0
43980,24,145111,9,0,0,45,0
43982,38,108293,14,0,0,40,0
43983,61,167284,4,0,0,40,0
43987,42,287244,9,0,0,55,0
43989,48,278039,4,0,0,40,0
43991,52,317032,9,0,0,50,1
43993,41,240900,9,0,0,20,0
43996,19,72355,10,0,0,20,0
44004,60,88675,9,0,0,40,0
44007,24,190968,9,0,0,48,0
44009,42,257328,9,0,0,40,0
44010,34,127610,13,0,0,15,0
44011,22,139324,5,0,0,36,0
44014,30,56121,9,0,0,40,0
44016,31,157640,9,0,0,55,1
44017,44,222504,10,0,0,45,1
44018,34,261023,10,0,1651,38,0
44019,52,146567,9,14344,0,40,1
44020,34,116910,9,0,0,50,0
44023,22,500720,9,0,0,40,0
44026,36,239415,9,0,0,35,0
44027,38,179262,10,0,0,30,0
44031,55,143266,11,0,0,50,1
44032,30,285902,12,0,0,40,0
44033,52,113094,13,0,1092,40,0
44034,29,278637,13,3103,0,45,1
44036,29,188729,13,0,0,45,0
44038,46,328216,15,0,0,45,1
44039,44,165815,9,0,0,60,1
44046,19,298891,7,0,0,40,0
44047,30,193298,9,0,0,45,0
44050,27,305647,12,0,0,40,1
44051,66,182378,4,0,0,30,0
44055,19,307837,10,0,0,40,0
44057,54,136224,14,0,0,30,0
44058,21,231573,10,0,0,40,0
44063,41,222504,15,0,0,38,0
44064,20,41356,10,0,0,40,0
44065,28,59335,13,0,0,15,0
44068,37,162424,9,0,0,45,0
44071,23,250630,14,0,0,30,0
44072,46,233974,9,0,0,35,0
44074,50,195638,6,0,0,40,0
44076,84,388384,4,0,0,10,0
44077,48,219021,15,0,0,35,1
44084,37,174844,10,0,0,17,0
44085,28,82488,9,0,0,40,0
44088,24,217226,10,0,0,30,0
44089,22,177902,10,0,0,25,0
44096,39,225544,8,0,0,40,0
44098,23,230315,10,0,0,40,0
44100,37,179468,9,0,0,40,0
44101,71,99894,3,0,0,75,0
44102,30,270889,10,0,0,40,1
44105,42,274913,9,0,0,45,0
44106,44,35910,13,0,1902,56,1
44111,25,50103,9,0,0,40,0
44112,54,511668,16,0,1977,43,1
44116,32,174789,9,0,0,50,0
44119,56,119069,13,0,0,40,1
44120,40,277488,9,0,0,84,0
44123,24,227594,10,0,0,20,0
44125,61,175032,9,0,0,40,0
44129,45,380127,13,0,0,40,0
44130,22,210781,13,0,0,40,0
44131,31,189759,9,0,2001,40,0
44132,34,258675,9,0,0,40,0
44133,24,223367,7,0,0,40,0
44134,42,204817,5,0,0,35,0
44137,60,159049,15,0,0,70,1
44138,40,353142,10,0,0,40,0
44141,28,30912,9,0,0,43,0
44143,47,181363,14,0,0,40,1
44145,32,115989,7,0,0,60,0
44147,61,201273,10,0,0,40,0
44150,26,192208,9,0,0,32,0
44153,36,169426,9,7298,0,40,1
44155,55,119751,14,0,0,40,0
44156,55,202220,9,2407,0,35,0
44158,39,111275,9,0,0,40,0
44159,38,261241,10,0,0,45,1
44161,36,182013,10,0,0,40,0
44162,49,40666,10,0,0,50,0
44166,36,166697,13,0,0,40,0
44167,51,290856,9,0,0,40,1
44169,51,82783,9,0,0,40,0
44171,33,109959,10,0,0,25,0
44172,50,177927,9,0,0,40,0
44173,38,192337,8,0,0,40,1
44175,26,33610,9,0,0,40,0
44179,39,204756,10,0,0,20,0
44182,28,266070,15,0,0,50,0
44183,20,226978,9,0,0,35,0
44184,66,362165,13,0,2206,25,0
44188,52,259583,9,0,0,40,0
44193,25,38488,9,0,0,40,0
44195,38,193815,12,0,0,55,0
44199,59,264357,6,0,0,50,0
44203,17,143331,7,0,0,20,0
44205,42,198619,11,0,0,40,0
44207,55,238192,9,0,1887,40,1
44211,47,71221,9,0,0,60,0
44212,21,236769,4,0,0,40,0
44213,39,32146,10,0,0,40,0
44214,39,347491,7,0,1876,46,0
44216,57,188877,5,0,0,40,0
44219,25,248990,3,0,0,40,0
44222,19,278115,10,0,0,12,0
44223,27,190525,13,7298,0,55,1
44228,60,35649,13,0,0,40,0
44229,42,383493,10,15024,0,50,1
44230,47,204900,9,0,0,40,0
44232,34,148207,10,0,0,65,1
44233,21,200153,9,0,0,32,0
44236,34,366898,9,0,0,40,0
44240,30,207564,10,0,0,40,0
44244,65,180280,10,0,0,40,0
44247,30,27051,10,0,0,40,0
44249,37,183735,9,3137,0,30,0
44252,67,102693,9,1086,0,35,0
44258,35,197719,10,0,0,40,0
44259,55,197114,10,0,0,6,1
44260,54,109418,13,0,1977,35,1
44262,21,184543,11,0,0,40,0
44263,66,175558,4,0,0,20,0
44265,23,340543,13,0,0,38,0
44267,40,179508,9,0,0,55,0
44269,59,53304,13,0,0,50,1
44270,36,282602,11,0,0,40,0
44273,21,196467,9,0,0,35,0
44274,59,220783,6,0,0,40,0
44276,62,65868,9,0,0,43,0
44279,36,282092,12,0,0,40,0
44282,46,90042,10,0,0,40,1
44284,21,214387,10,0,0,64,0
44285,39,180667,9,0,0,40,0
44289,42,202565,2,0,0,40,0
44290,62,181063,6,0,0,30,0
44291,28,287268,10,0,0,35,0
44300,35,340428,12,0,0,35,0
44308,52,68982,13,0,0,50,1
44316,24,395297,10,0,0,35,0
44319,32,141490,11,0,0,50,0
44320,29,147889,12,0,0,40,0
44321,61,232808,6,0,0,24,0
44329,27,102889,10,0,0,40,0
44332,62,197918,9,0,0,40,0
44333,28,67386,9,0,0,40,0
44335,34,49469,13,99999,0,50,1
44336,37,119929,9,0,0,40,0
44339,55,101524,13,0,0,40,1
44340,40,202872,9,0,0,40,1
44343,37,263094,13,7298,0,40,1
44345,47,102628,10,0,0,40,1
44347,46,216414,11,0,0,40,0
44348,24,127753,8,0,0,40,0
44350,35,139364,9,0,1902,40,1
44351,36,312785,13,0,0,35,0
44354,30,104223,9,0,0,32,0
44358,34,133122,13,0,0,40,0
44359,58,103540,4,0,0,40,0
44362,31,323055,9,0,0,50,1
44365,32,116055,9,2977,0,35,0
44367,31,216827,9,0,0,40,0
44368,41,153132,15,15024,0,40,1
44369,48,307440,13,0,0,45,1
44371,45,122195,9,0,0,40,0
44373,17,36877,6,0,0,10,0
44374,25,131178,9,0,0,23,0
44376,33,73054,9,0,0,40,0
44377,21,96844,10,0,0,20,0
44381,58,81038,10,0,0,12,0
44383,24,278107,9,0,0,60,0
44389,21,518530,10,0,0,40,0
44392,48,141511,6,0,0,45,1
44393,61,158712,9,0,0,99,0
44394,21,252253,10,0,0,40,0
44395,20,200450,4,0,0,52,0
44396,30,343789,10,0,0,40,1
44397,44,277647,9,0,1902,40,1
44399,29,151382,9,0,0,60,0
44401,35,196178,9,0,0,40,0
44402,27,302422,9,0,0,40,0
44404,37,82540,5,0,0,70,1
44405,33,182926,13,0,0,40,0
44410,41,180096,13,0,0,35,0
44411,23,192812,13,0,0,40,0
44412,19,105908,9,0,0,70,0
44413,48,373366,2,3781,0,50,0
44415,32,260868,13,0,0,40,1
44418,49,209146,9,0,0,40,0
44422,41,122626,9,0,0,48,0
44423,27,113635,13,0,0,35,0
44427,40,30759,11,0,0,60,0
44428,46,105327,9,0,0,40,0
44429,55,376058,5,0,0,45,0
44432,51,78631,10,0,0,60,0
44433,19,210308,10,0,0,15,0
44434,67,190661,16,7896,0,50,1
44440,62,115763,14,0,0,40,1
44443,39,188335,9,0,0,40,0
44445,55,141807,9,13550,0,40,1
44448,17,452406,7,0,0,15,0
44451,43,167298,9,0,0,40,0
44456,19,39460,9,0,0,60,0
44457,79,62176,16,0,0,6,1
44459,41,151089,10,0,0,50,0
44460,21,331611,10,0,0,50,0
44467,35,238802,9,0,0,50,0
44470,38,114059,10,0,0,60,0
44472,47,185385,9,5013,0,24,0
44474,21,377931,10,0,2377,48,0
44476,28,226891,10,0,0,30,0
44477,32,201988,15,4508,0,40,0
44478,40,287008,15,15024,0,55,1
44479,23,151910,13,0,1719,40,0
44481,44,178510,10,0,2258,60,0
44484,33,148261,10,0,0,40,0
44487,32,377017,12,0,0,40,0
44488,78,184759,4,1797,0,15,0
44489,64,80333,9,0,0,40,1
44493,35,296478,10,0,0,40,0
44497,47,200808,8,0,0,35,0
44499,33,168981,2,0,0,24,0
44500,44,151780,10,0,0,40,0
44502,25,509866,9,0,0,78,0
44504,42,109462,13,2977,0,40,0
44505,53,250034,13,0,0,50,1
44506,39,249720,13,0,0,60,0
44508,43,64048,5,0,0,44,0
44510,37,193815,12,0,0,45,1
44514,29,229341,9,0,0,50,1
44515,50,128143,13,0,0,50,1
44516,33,175479,3,0,0,40,0
44519,32,205581,10,0,0,50,0
44520,45,340341,10,0,0,40,0
44523,23,259496,9,0,0,40,0
44524,34,190228,13,0,1902,48,1
44525,43,180599,13,8614,0,40,1
44526,44,116358,13,0,0,40,1
44527,47,180446,10,0,0,40,1
44528,47,264244,9,0,0,40,0
44531,51,313146,9,0,0,40,0
44533,37,340599,7,0,0,40,0
44535,25,44861,9,0,0,40,0
44538,47,128401,16,0,0,40,0
44542,45,315984,9,7688,0,50,1
44545,51,120781,15,99999,0,70,1
44547,64,47298,16,0,0,60,1
44548,44,125461,16,0,0,60,1
44552,44,91949,9,0,0,40,0
44553,44,136986,14,15024,0,35,1
44555,24,130741,13,0,0,40,0
44559,21,304302,9,0,0,40,0
44560,34,284703,10,0,0,52,0
44563,26,32276,9,0,0,40,0
44565,25,257310,9,0,0,40,0
44567,52,392668,11,0,0,40,1
44569,36,223433,14,7688,0,50,1
44570,37,87076,9,0,0,40,0
44572,25,193379,12,0,0,45,0
44574,42,116632,10,0,0,60,0
44576,44,90688,9,0,0,45,0
44577,61,229744,3,0,0,40,0
44580,24,90046,10,0,0,40,0
44583,50,301583,9,0,0,40,0
44585,49,315984,9,0,0,40,0
44587,41,131591,9,0,0,45,0
44588,70,207938,10,0,0,5,0
44589,51,53197,10,0,0,40,1
44590,24,121023,13,0,0,40,0
44594,28,204734,10,0,0,40,0
44595,45,220978,9,0,0,50,0
44598,38,283293,9,0,0,40,0
44600,19,263338,9,0,0,20,0
44601,36,504871,9,0,0,40,1
44603,28,173944,14,0,0,40,1
44608,36,191335,10,0,0,56,0
44609,21,247779,7,0,0,38,0
44610,25,262664,13,0,0,40,1
44611,37,95855,9,0,0,40,0
44613,43,245317,9,0,0,50,0
44618,44,343190,10,0,1887,55,1
44624,50,196193,13,0,0,40,0
44625,30,205418,9,0,0,20,0
44626,46,695411,9,0,0,44,0
44627,45,139268,9,0,0,50,1
44629,59,122390,10,0,1977,48,1
44630,65,184965,16,99999,0,40,1
44631,23,180837,9,0,0,40,0
44633,34,110554,9,0,0,35,0
44636,21,138768,10,0,0,40,0
44637,41,321824,9,0,0,8,0
44638,35,244803,9,0,0,40,0
44640,53,167651,9,0,0,40,1
44641,69,163689,10,0,0,16,0
44643,47,420986,13,0,0,40,1
44644,52,68015,10,0,0,90,1
44650,64,312498,13,0,0,40,0
44652,51,152810,9,0,0,40,1
44653,57,319122,13,0,0,40,0
44654,25,212304,9,0,0,40,0
44657,49,208978,9,0,0,16,0
44659,28,198197,13,0,0,55,1
44664,50,462966,6,0,0,8,0
44666,35,31269,9,0,0,40,0
44667,33,246291,13,0,0,46,0
44668,54,128378,13,0,0,40,0
44669,35,231180,9,0,0,45,0
44671,47,337050,10,0,0,40,0
44672,48,193075,9,0,0,20,0
44673,33,169652,11,0,1669,55,0
44674,35,35945,13,0,0,40,1
44677,30,128016,13,0,0,55,0
44683,53,181677,10,0,0,40,0
44685,41,157025,9,0,0,40,0
44687,66,28061,4,0,0,50,0
44688,53,95540,10,1471,0,40,0
44698,34,177437,10,15024,0,45,1
44702,38,99138,13,0,0,38,0
44706,75,125784,10,0,0,8,0
44708,41,117012,14,0,0,55,0
44711,38,314052,9,0,0,38,0
44712,43,38537,10,0,0,38,0
44714,42,198341,14,0,1902,55,1
44715,46,116635,13,0,0,36,0
44716,20,185452,9,0,0,40,0
44718,69,76939,9,0,0,40,0
44719,47,160646,11,0,0,35,0
44724,18,155021,7,0,0,6,0
44725,55,100569,9,0,0,55,0
44727,61,221943,10,9386,0,40,1
44729,30,248584,10,0,0,40,0
44733,53,70387,14,4386,0,40,1
44737,32,210926,7,0,0,40,0
44739,23,77581,13,0,0,40,0
44740,29,152461,13,14344,0,50,1
44748,35,187625,10,0,0,65,0
44750,54,135388,9,5178,0,40,1
44751,43,169383,13,0,0,45,1
44753,51,467611,5,0,0,40,0
44754,31,373185,10,0,0,42,0
44755,69,130060,9,2387,0,40,0
44756,57,199934,13,0,0,40,1
44760,25,169759,9,0,0,95,0
44762,52,95704,5,0,0,40,0
44763,23,237432,13,0,0,40,0
44764,32,226267,3,0,0,40,0
44766,30,203488,9,0,0,50,0
44767,24,403671,9,0,0,60,0
44768,45,192323,12,0,0,66,0
44770,52,145166,13,15024,0,55,1
44772,49,116789,9,0,0,40,0
44774,25,124111,13,0,0,40,0
44778,25,218184,13,0,0,40,0
44779,32,154087,9,0,0,40,0
44780,29,440647,10,0,0,40,0
44781,37,193952,9,0,0,40,0
44784,21,214635,10,0,0,24,0
44785,43,173316,12,0,0,40,0
44786,39,65390,10,0,0,40,0
44787,40,45054,10,0,0,40,1
44790,34,258666,11,0,1974,40,0
44793,26,192022,13,0,0,40,0
44794,55,99551,13,0,0,15,0
44797,31,196125,9,0,0,40,0
44799,38,23892,9,0,0,40,0
44800,39,376455,15,0,1887,50,1
44803,42,204235,10,0,0,40,1
44804,46,209057,14,0,0,50,1
44808,27,132805,6,0,1980,40,0
44809,38,99233,15,0,0,40,1
44810,19,224849,9,0,0,35,0
44811,60,101110,11,0,0,40,1
44814,36,181322,13,0,0,45,0
44816,28,37250,13,0,0,16,0
44817,38,140854,13,0,0,50,1
44818,47,158286,14,0,0,50,1
44825,63,145212,9,0,0,40,0
44826,36,185099,9,0,0,70,1
44827,42,142756,10,0,0,35,0
44829,68,186266,9,0,0,8,0
44830,38,219137,9,0,0,22,0
44834,25,154941,13,0,0,40,1
44841,64,180247,4,0,0,40,0
44845,65,90907,3,0,0,40,0
44848,33,184784,6,0,0,40,0
44850,63,167967,14,0,0,46,0
44852,45,170099,12,0,0,40,0
44853,17,228253,6,0,0,10,0
44854,26,205570,9,0,0,40,0
44855,38,506830,10,0,0,40,0
44856,29,412435,9,0,0,40,0
44862,19,96483,9,0,0,40,0
44865,32,99646,9,0,0,50,0
44869,63,30270,4,0,0,40,0
44872,32,330715,10,0,0,40,0
44875,26,189502,13,0,0,80,1
44876,35,61518,9,0,0,35,0
44877,31,574005,13,0,0,44,1
44879,40,138975,9,0,0,56,0
44885,52,30118,10,3137,0,42,0
44887,39,85566,13,0,0,40,0
44888,40,121874,12,7688,0,50,1
44891,38,73715,10,0,0,60,1
44893,37,236359,10,0,0,37,0
44894,37,19899,9,15024,0,45,1
44897,46,181363,12,0,0,40,1
44900,38,110013,10,0,0,43,0
44902,34,118551,13,0,0,35,0
44903,57,201991,13,0,0,40,0
44906,20,247794,9,0,0,84,0
44909,36,342719,16,0,0,45,1
44910,61,71467,9,3103,0,40,1
44911,17,271837,10,0,0,16,0
44916,46,268358,7,0,0,40,0
44917,55,176904,9,0,0,40,0
44920,36,266461,9,0,0,48,0
44921,51,312477,10,3908,0,40,0
44930,54,156877,9,0,0,40,0
44934,22,315974,10,0,0,40,0
44937,34,85374,9,0,0,40,0
44940,36,98037,11,0,0,40,0
44944,54,128378,10,0,0,50,0
44945,24,234460,5,0,0,40,0
44946,29,176760,15,0,0,55,0
44950,57,140426,16,0,1977,40,1
44951,32,191777,14,0,0,40,0
44956,49,119904,13,7688,0,30,1
44959,33,263561,10,0,0,60,1
44960,19,177945,10,0,0,25,0
44961,45,306889,13,0,0,40,1
44962,54,54377,14,0,0,40,0
44963,47,144351,9,0,625,40,0
44964,22,95566,10,0,0,22,0
44965,20,181675,9,0,0,40,0
44970,34,200689,13,0,0,40,0
44972,28,135567,13,4101,0,60,0
44975,35,153976,9,0,0,60,0
44976,51,96062,12,0,0,60,0
44979,48,254291,14,0,0,40,1
44981,40,125776,11,0,0,40,1
44984,25,176729,9,0,0,40,1
44985,66,174276,10,0,0,50,1
44986,59,48102,14,0,0,40,1
44987,42,79531,10,0,0,55,1
44988,24,306460,9,0,0,40,0
44989,19,55284,9,0,0,25,0
44990,26,172063,10,0,0,24,0
44991,22,141028,9,0,0,30,0
44996,57,202903,4,1173,0,45,0
44997,56,159770,9,0,0,40,0
44998,70,268832,11,0,0,24,1
45000,25,225193,13,0,0,40,0
45007,49,360491,9,0,0,40,0
45008,30,115040,9,0,0,40,0
45010,70,158437,15,0,0,35,1
45013,59,131916,9,0,0,40,1
45016,62,155256,9,0,0,45,1
45017,54,244770,9,0,0,40,0
45018,38,312108,9,0,0,40,0
45020,36,93225,7,0,0,40,0
45026,35,589809,10,13550,0,60,1
45030,50,99894,3,0,0,15,0
45031,19,369463,9,0,0,40,0
45032,51,79324,10,0,0,40,0
45033,39,61178,13,0,0,40,0
45035,17,183110,7,0,0,16,0
45036,42,96321,10,0,0,50,1
45037,25,167031,10,0,0,25,0
45038,36,108997,9,0,0,40,0
45040,32,134737,13,0,0,70,1
45042,32,131588,10,0,0,20,0
45044,41,351350,10,0,0,40,0
45045,44,260761,9,0,0,40,1
45046,72,156310,6,2414,0,12,0
45047,36,207789,9,0,0,52,0
45048,67,252842,9,1797,0,20,0
45049,28,294936,9,4064,0,45,0
45050,24,196269,7,0,0,40,0
45051,17,46402,4,0,0,8,0
45054,21,123983,10,0,0,10,0
45056,32,426467,2,3674,0,40,0
45057,39,269323,10,0,0,40,1
45058,18,42857,10,0,0,35,0
45060,24,211391,6,0,0,15,0
45061,21,193130,10,0,0,40,0
45065,49,343742,6,0,0,32,0
45067,33,207301,12,0,0,40,0
45068,18,135924,10,0,0,40,0
45073,39,126161,16,0,0,45,0
45076,29,55390,12,0,0,45,0
45078,45,166056,9,0,0,40,0
45079,30,116666,14,0,0,50,1
45084,45,117605,9,0,0,48,1
45085,20,410446,9,0,0,20,0
45086,63,38472,10,14084,0,60,1
45087,35,335704,10,0,0,40,0
45088,24,70261,13,0,0,50,0
45089,19,47577,10,0,0,50,0
45090,23,117767,9,0,0,35,0
45091,34,179641,13,0,0,45,0
45092,23,343553,7,0,0,40,0
45094,46,265097,9,0,0,5,0
45096,55,48055,8,0,0,40,0
45097,27,341672,10,0,0,40,0
45098,48,266764,10,0,0,45,1
45104,40,193494,9,0,0,46,0
45108,45,206459,14,0,0,35,0
45110,68,174695,10,0,0,25,0
45112,49,105614,6,0,0,50,0
45113,45,329603,16,0,0,40,1
45114,41,77373,10,0,1848,65,1
45116,46,149161,10,0,0,60,0
45123,52,94988,3,0,0,50,0
45125,20,227626,9,0,0,60,0
45129,35,289106,12,0,0,40,0
45135,37,107410,9,0,0,40,0
45137,32,86808,10,0,0,38,0
45138,48,149210,9,0,0,45,0
45145,29,251854,13,0,0,40,0
45155,68,144761,9,0,1668,20,0
45156,42,109912,10,0,0,40,1
45159,20,173724,10,0,0,20,0
45161,53,73134,9,15024,0,60,1
45162,45,236040,10,0,0,40,1
45163,39,74194,9,0,0,40,0
45164,31,102130,14,0,0,45,0
45167,38,34364,14,0,0,40,0
45169,18,391585,9,0,0,40,0
45173,26,248612,13,0,0,30,0
45179,27,210498,10,0,0,80,0
45180,35,206951,14,0,0,40,1
45182,59,279636,9,0,0,50,0
45183,42,29320,13,0,0,40,0
45184,50,271262,9,0,0,40,1
45185,27,29361,12,0,0,45,0
45188,43,226902,13,0,0,40,0
45193,57,165695,13,0,0,40,1
45195,45,96100,4,0,0,40,0
45198,46,254367,9,0,1590,48,0
45199,55,200235,9,0,0,50,1
45201,38,87282,11,0,0,40,0
45203,57,85815,9,0,0,20,0
45208,43,355728,9,0,0,40,0
45210,51,193720,9,0,0,56,1
45213,25,326370,10,0,0,38,0
45215,38,63509,11,0,0,50,0
45221,46,189498,13,0,1848,45,1
45224,23,86337,10,0,0,15,0
45227,56,282023,14,0,0,40,1
45229,81,129338,4,0,0,10,0
45230,22,99829,10,0,0,30,0
45231,43,182254,10,0,0,40,0
45232,31,109428,12,0,1740,40,0
45235,50,132716,9,0,0,40,1
45236,31,242984,10,0,0,40,0
45237,35,101509,10,0,0,40,0
45241,36,204590,13,0,213,40,0
45244,55,206487,10,0,0,40,1
45249,29,128777,4,0,0,55,0
45257,23,308498,10,0,0,15,0
45259,31,106437,15,0,0,60,1
45260,49,306289,9,0,0,40,1
45261,45,201699,16,0,0,60,1
45272,19,100999,10,0,0,20,0
45275,42,139126,9,0,0,40,0
45276,46,104632,9,0,0,40,1
45279,28,61435,9,0,0,45,0
45282,22,272615,7,0,0,40,0
45283,31,54318,13,0,0,50,1
45285,45,48495,13,0,0,42,1
45287,67,431426,12,20051,0,4,1
45288,75,256474,14,0,0,16,0
45291,47,235986,9,0,0,50,0
45294,52,145155,9,0,0,40,0
45303,38,192939,9,0,0,50,0
45305,29,222249,9,0,0,40,0
45306,56,201318,5,3411,0,50,0
45308,30,56004,10,0,0,40,0
45311,38,277248,14,0,0,60,1
45312,24,125031,9,0,0,40,0
45316,45,185397,12,0,0,40,0
45317,24,308285,9,0,0,40,0
45321,34,222548,10,0,0,4,0
45323,20,104981,9,0,0,40,0
45324,23,315065,10,0,0,35,0
45327,59,81973,14,0,0,40,1
45331,19,292511,10,0,0,25,0
45333,29,124953,13,0,0,50,0
45334,54,123011,10,0,0,40,1
45337,46,33794,13,3103,0,40,1
45342,37,319685,11,0,0,54,1
45345,25,288519,13,0,0,40,0
45347,26,195734,9,2354,0,40,0
45348,23,214120,9,0,0,40,0
45350,58,261230,10,0,0,40,0
45352,46,187715,10,0,0,50,0
45353,23,214238,4,0,0,40,0
45356,52,292110,3,0,0,40,0
45357,19,198320,9,0,0,45,0
45358,33,709798,13,0,0,60,1
45360,39,160402,10,0,0,38,0
45364,53,187356,10,0,0,66,0
45372,29,214702,9,0,1974,35,0
45373,64,75577,4,2580,0,50,0
45374,34,561334,10,0,0,50,1
45376,41,401134,13,0,0,40,0
45377,34,258170,9,0,0,38,0
45378,68,141181,5,0,0,2,0
45380,22,300871,10,0,0,40,0
45381,43,136721,8,0,0,40,0
45384,47,186534,9,0,0,55,1
45387,27,97165,10,0,0,40,0
45388,33,212918,10,0,0,70,0
45392,28,215211,9,0,0,50,0
45400,73,200878,9,0,0,15,0
45401,38,256864,11,0,0,40,0
45405,64,103643,9,0,0,15,1
45407,21,204425,10,0,0,20,0
45408,28,156257,10,0,0,60,1
45409,18,113185,7,0,0,25,0
45410,41,112262,9,0,0,50,0
45412,58,320102,16,0,0,50,1
45416,24,142528,10,0,0,20,0
45417,50,343014,10,0,0,40,0
45418,29,201017,14,0,0,55,0
45421,31,29662,10,0,0,60,0
45423,33,90668,9,0,0,40,0
45429,78,135566,9,2329,0,12,0
45431,19,570002,10,0,0,25,0
45434,25,239461,14,0,0,35,0
45435,34,101510,13,0,0,50,1
45438,38,207202,9,0,0,48,1
45439,67,137192,9,0,0,12,0
45440,35,222989,9,0,0,30,0
45441,75,36325,9,0,0,30,0
45446,32,101352,10,0,0,32,1
45447,54,340476,9,0,0,35,0
45449,39,273362,9,0,0,40,1
45451,35,85399,9,0,0,40,0
45460,20,284317,10,0,0,35,0
45461,20,237305,10,0,0,35,0
45462,67,111321,13,0,0,16,0
45464,42,39060,9,0,0,60,1
45465,29,205262,10,0,0,40,0
45466,48,198000,10,0,0,38,1
45469,48,121253,13,0,2472,70,1
45475,39,55568,13,0,0,50,0
45477,19,201178,9,0,0,30,0
45478,27,37250,10,0,1651,40,0
45481,32,159589,9,0,0,50,0
45485,27,55390,10,0,0,45,0
45486,23,314894,9,0,0,45,0
45489,37,97986,12,0,0,68,0
45490,31,210562,9,0,0,65,0
45492,53,164300,13,0,0,38,0
45494,25,263773,10,0,0,40,1
45495,59,96459,7,0,0,40,0
45498,22,305466,9,0,0,40,0
45500,25,129784,10,0,0,40,0
45501,27,367390,10,0,0,50,0
45502,20,235691,9,0,0,40,0
45503,63,166425,10,0,0,24,0
45507,17,217342,6,0,0,5,0
45508,40,141858,15,0,0,72,0
45509,50,213296,10,0,0,48,1
45513,24,200593,9,0,0,50,0
45514,23,32616,13,0,0,20,0
45516,45,271828,13,0,0,20,0
45520,48,440706,4,0,0,40,1
45521,31,191834,9,0,0,40,0
45522,33,149184,15,0,1977,50,1
45528,61,201965,9,0,0,40,0
45529,58,172333,9,7688,0,40,1
45532,28,303440,13,0,0,50,1
45541,28,314649,10,0,0,60,0
45543,60,206339,9,0,0,40,0
45544,41,230168,10,0,0,91,0
45549,26,72594,10,0,0,55,1
45557,35,397307,14,0,0,55,0
45559,64,114994,10,0,0,40,0
45561,49,151584,10,0,0,32,0
45563,36,179896,9,3137,0,40,0
45565,27,177955,3,2176,0,40,0
45569,19,100790,9,0,0,40,0
45570,30,331419,12,4787,0,50,1
45571,22,171419,11,0,0,40,0
45574,46,220124,9,0,0,37,0
45576,51,153908,14,0,0,40,0
45578,18,252046,9,0,0,30,0
45579,60,160062,9,0,0,25,0
45580,39,148443,9,0,0,60,0
45583,40,74949,10,0,0,40,0
45587,31,234537,10,0,0,60,0
45589,27,335421,14,0,0,40,0
45591,22,313786,9,0,0,40,0
45592,31,198751,13,0,0,40,0
45595,28,189765,10,0,0,50,0
45598,33,102821,8,0,0,40,0
45600,27,388998,13,13550,0,46,1
45602,36,309122,9,0,0,35,0
45606,20,133515,10,0,0,15,0
45608,38,176357,9,0,0,50,0
45610,20,54152,10,0,0,35,0
45611,37,212437,10,0,0,48,0
45618,21,181096,10,0,0,20,0
45619,45,217953,9,0,0,40,0
45620,44,222635,3,0,0,40,0
45621,52,121942,4,0,0,40,0
45623,31,184889,9,0,0,20,0
45627,48,498328,6,0,0,40,0
45630,27,357283,9,0,0,40,0
45631,18,280728,10,0,0,32,0
45632,69,185039,9,9386,0,12,1
45636,43,172364,9,0,0,48,0
45637,52,138611,9,7688,0,55,1
45638,50,176227,13,0,0,40,1
45639,35,139647,10,0,0,40,1
45641,73,123345,9,0,0,65,0
45643,58,205235,9,0,0,60,1
45645,40,163434,9,0,0,50,0
45646,25,264055,13,0,0,40,0
45651,56,157525,10,0,0,48,0
45653,42,22831,9,0,0,40,0
45655,23,212617,13,0,0,66,0
45657,35,336793,13,0,0,40,0
45661,25,410240,9,0,0,40,0
45663,26,294400,9,0,0,38,0
45664,46,65353,10,3325,0,55,0
45665,55,189719,13,0,0,45,1
45668,22,109815,10,0,0,40,0
45680,21,265356,10,0,0,40,0
45681,36,166880,9,0,0,70,0
45682,60,188650,3,0,0,40,1
45683,69,213249,11,0,0,25,0
45686,23,60409,9,0,0,40,0
45691,22,186573,9,0,0,46,0
45696,42,154076,9,7688,0,50,1
45697,52,145879,10,0,0,65,0
45699,33,231826,2,0,0,40,0
45700,30,178587,11,0,0,38,0
45702,35,139770,11,0,0,20,1
45703,27,153869,9,0,0,37,0
45709,47,192776,13,0,0,50,0
45710,64,192884,15,0,0,60,0
45713,33,178615,12,0,0,40,0
45718,43,557349,6,0,0,40,0
45719,30,89735,9,0,1504,40,0
45721,45,47314,10,0,1902,40,1
45724,56,271795,7,0,0,49,0
45725,28,31801,9,0,0,60,0
45726,23,196508,10,0,0,40,0
45730,22,150175,10,0,0,20,0
45731,43,155106,11,0,0,40,0
45734,18,324011,5,0,0,20,0
45741,45,40666,15,0,0,55,1
45745,52,236497,13,0,0,40,0
45746,18,312634,7,0,0,25,0
45748,30,24292,13,0,0,45,1
45752,37,348739,15,0,0,50,1
45753,49,194189,4,0,0,40,0
45754,19,329130,7,0,0,40,0
45755,22,205939,13,2202,0,4,0
45758,44,34722,10,0,0,55,0
45759,38,175972,10,0,0,40,0
45760,33,359428,9,0,0,60,0
45762,18,268952,8,0,0,20,0
45763,32,257978,11,0,0,40,0
45764,27,118799,9,0,0,40,0
45765,28,78356,14,0,0,40,0
45767,33,123157,9,0,0,38,0
45773,25,133373,13,0,0,80,0
45775,39,142897,11,0,0,50,0
45776,38,161016,10,0,0,32,0
45777,20,227491,9,0,0,25,0
45782,38,220585,9,0,0,55,1
45783,25,476599,13,0,0,40,0
45784,23,163665,10,0,0,15,0
45789,18,152044,6,0,0,3,0
45791,46,102318,10,0,1887,40,1
45795,35,290226,9,0,0,40,0
45797,22,73266,10,0,0,40,0
45799,70,187891,7,0,0,40,0
45802,25,148300,10,0,0,35,0
45804,50,123174,16,0,0,37,1
45806,37,188069,10,0,0,40,1
45807,51,138852,9,7298,0,40,1
45810,21,199419,10,0,0,40,0
45815,43,424094,16,0,0,40,0
45816,46,212120,11,0,0,40,1
45817,42,185764,10,0,0,60,0
45818,46,133969,14,0,0,40,0
45821,21,161210,9,0,0,50,0
45822,53,285621,14,0,0,40,1
45824,22,97508,9,0,0,50,0
45826,28,171133,11,0,0,40,0
45829,50,226497,10,0,0,45,1
45836,38,245372,13,7688,0,45,1
45843,25,363707,9,0,0,40,0
45848,45,285858,13,0,0,40,1
45849,27,193868,9,0,0,50,0
45850,18,232082,9,0,0,40,0
45852,45,247043,7,0,0,42,0
45857,45,102771,13,0,0,40,1
45859,32,108116,13,0,1902,60,1
45860,26,375499,6,0,0,20,0
45863,23,238087,10,0,0,30,0
45864,47,84790,10,0,0,40,0
45865,20,37482,10,0,0,40,0
45866,46,178686,13,0,0,38,1
45867,35,153926,9,0,0,40,0
45868,55,110748,13,0,1887,40,1
45870,21,108687,10,0,0,40,0
45872,29,195284,16,0,0,60,1
45874,37,140854,13,0,0,50,1
45875,81,193237,2,0,0,45,0
45876,41,46870,10,0,0,40,0
45877,29,351324,13,0,0,40,0
45878,30,189265,12,0,0,40,0
45881,30,374454,9,0,0,40,0
45887,21,241951,9,0,0,45,0
45888,53,130143,9,0,0,48,0
45889,41,114580,15,0,2415,55,1
45893,48,69586,10,0,0,40,0
45894,32,237903,13,0,0,40,0
45895,25,219897,14,0,0,35,0
45900,44,235786,10,7298,0,45,1
45902,34,81206,9,0,0,40,0
45910,39,706180,13,0,0,40,0
45912,31,173858,15,0,0,40,0
45915,62,174711,9,0,0,32,0
45917,30,77689,13,7688,0,50,1
45918,27,193898,13,0,0,52,0
45919,32,195000,13,7298,0,45,1
45921,35,188540,5,0,0,50,0
45922,46,158656,12,0,0,36,0
45923,45,204196,13,0,0,50,1
45925,46,148995,9,0,0,40,1
45927,37,173780,10,0,0,30,0
45930,33,425785,11,0,0,40,0
45931,46,197731,11,0,0,40,0
45935,50,109277,9,0,0,40,1
45936,48,36020,13,0,0,50,1
45937,45,45857,7,0,0,36,0
45938,55,184882,11,5178,0,50,1
45939,41,342834,10,0,0,40,0
45942,37,177895,10,5013,0,40,0
45943,63,257876,15,0,0,40,0
45944,61,86067,12,15024,0,40,1
45949,58,31732,10,0,0,45,1
45952,33,162623,14,0,0,50,0
45953,33,80933,9,0,0,60,0
45954,17,47425,7,0,0,15,0
45956,20,104443,10,0,0,20,0
45960,20,190772,12,0,0,40,0
45961,64,199298,3,0,0,45,0
45967,27,207611,13,0,0,40,0
45973,35,206253,5,0,0,40,0
45974,24,152140,9,0,0,40,0
45978,29,114158,13,3325,0,10,0
45980,35,65624,13,0,0,50,1
45984,34,199227,9,0,0,50,0
45986,25,231357,9,0,0,40,0
45987,31,113530,9,0,0,45,0
45989,30,36383,13,0,0,40,1
45992,34,48935,13,0,0,40,0
45993,46,101455,9,0,0,40,0
45995,26,90915,12,0,0,15,0
45996,28,315287,10,0,0,40,0
45997,47,106255,10,0,0,40,0
45998,49,215895,14,0,0,40,1
46001,30,195488,9,0,0,40,0
46003,60,187794,9,3103,0,60,1
46005,81,89391,15,0,0,24,1
46006,43,254817,10,0,0,40,0
46009,32,79586,13,0,0,40,0
46010,40,115331,9,0,0,35,0
46012,21,132053,10,0,1721,35,0
46015,25,69413,10,0,0,40,0
46017,27,176683,9,0,0,40,0
46018,62,144116,6,0,0,40,0
46022,50,22211,14,7688,0,50,1
46023,46,270565,11,0,0,60,0
46026,52,195638,9,0,0,45,0
46030,19,333953,8,0,0,30,0
46033,69,117525,12,0,0,1,0
46034,45,123681,13,0,0,30,0
46035,48,317360,10,0,0,50,0
46038,19,135162,10,0,0,10,0
46041,58,212864,9,3908,0,40,0
46045,17,151799,7,0,0,20,0
46046,29,181280,9,0,0,40,0
46048,33,226267,12,0,0,40,0
46049,38,240467,14,0,0,35,0
46055,39,177154,13,15024,0,50,1
46056,42,238188,9,0,0,96,0
46058,26,130620,12,0,0,40,0
46061,48,166634,13,7688,0,40,1
46062,31,221167,13,0,0,30,0
46065,34,157747,9,0,0,45,1
46067,41,169104,13,0,0,40,1
46069,34,37646,12,0,0,65,0
46074,48,200471,10,0,0,40,0
46075,47,358465,10,0,0,40,0
46076,17,78602,7,0,0,20,0
46079,32,119522,13,0,0,50,0
46084,35,109351,13,8614,0,45,1
46086,62,75478,13,0,0,40,0
46087,38,100375,15,99999,0,60,1
46088,19,28455,10,0,0,40,0
46091,17,206998,7,0,0,10,0
46092,58,183810,10,0,0,40,0
46094,34,155781,9,4064,0,50,0
46096,32,48520,10,0,0,40,0
46097,19,170125,9,0,0,40,0
46100,52,244214,9,0,0,35,0
46101,48,127921,13,0,0,40,0
46102,32,42617,10,0,0,30,0
46103,47,191389,9,0,0,35,0
46104,38,187983,15,0,0,40,0
46105,18,215110,9,0,0,40,0
46106,25,230292,9,0,0,40,0
46113,41,173682,11,0,0,43,1
46114,28,160981,10,0,0,52,0
46118,21,417668,10,0,0,20,0
46121,43,33729,13,0,0,45,1
46123,35,374716,5,0,0,35,0
46126,38,252947,10,0,0,40,0
46127,30,118500,10,0,0,40,0
46128,49,195612,10,7298,0,40,1
46129,41,174575,9,0,0,40,0
46130,27,190391,10,0,0,40,0
46132,41,142725,9,0,0,45,0
46136,61,248595,2,0,0,40,0
46137,52,90189,4,0,0,16,0
46138,40,205195,12,0,0,60,1
46139,20,148940,9,0,0,40,0
46141,50,154728,10,0,0,40,1
46142,49,166809,13,0,0,40,1
46150,19,121788,10,0,0,30,0
46153,54,36480,9,15024,0,50,1
46158,49,48495,9,0,0,45,0
46160,49,170846,14,0,0,40,0
46163,34,286675,9,0,0,40,0
46165,30,177304,10,0,0,44,0
46167,32,379412,11,0,0,40,0
46168,25,180778,9,0,0,75,0
46169,25,141876,14,0,0,45,0
46173,51,673764,14,27828,0,40,1
46175,34,81223,9,0,0,48,0
46185,20,66917,7,0,0,40,0
46187,20,391679,9,0,0,60,0
46189,33,218164,9,0,0,40,0
46190,43,101534,10,0,1902,15,1
46194,30,164493,10,0,0,10,0
46195,33,547886,13,0,0,40,0
46199,50,234143,14,0,0,45,1
46201,36,103886,10,0,0,50,0
46202,50,54709,9,0,0,46,0
46208,42,223548,4,0,0,30,0
46214,49,121602,13,0,0,40,0
46217,29,157308,7,2829,0,14,0
46221,17,99175,7,0,0,20,0
46225,38,207066,9,0,0,42,1
46226,37,160910,9,0,0,40,0
46228,38,430035,5,0,0,54,0
46229,37,74163,13,0,0,40,0
46231,23,386019,5,0,0,70,0
46232,17,112795,6,0,0,15,0
46237,68,108683,10,0,0,12,1
46238,35,241998,13,0,0,45,0
46240,43,69333,9,0,0,48,0
46243,45,43479,10,0,0,48,0
46244,34,199864,10,0,2057,40,0
46245,56,235197,9,0,0,38,0
46247,22,325179,10,0,0,50,0
46250,48,207817,9,0,0,32,0
46253,47,293623,7,0,0,40,0
46254,20,37783,10,0,0,25,0
46258,45,61885,14,0,0,37,1
46259,27,291196,13,0,0,40,0
46260,41,45366,9,0,0,72,1
46264,50,155574,9,0,0,40,1
46265,31,193565,14,0,0,40,0
46269,28,419740,13,0,0,52,0
46273,17,177629,7,0,0,20,0
46274,25,186370,9,0,0,40,0
46275,41,188307,9,0,0,40,0
46276,30,55481,14,0,0,45,0
46277,48,119471,11,0,0,56,1
46281,24,69640,10,0,0,40,0
46284,20,211968,10,0,0,15,0
46285,18,194561,10,0,0,12,0
46289,36,48972,10,0,0,40,0
46290,28,35032,13,0,0,50,0
46294,38,112497,13,0,0,60,0
46299,49,31807,10,0,0,40,0
46300,19,166153,9,0,0,30,0
46301,45,212954,10,0,0,50,0
46305,46,184632,11,0,0,50,0
46308,43,178780,10,0,0,49,1
46310,37,35309,9,0,0,40,0
46314,31,342019,12,0,0,40,0
46318,30,85708,9,0,0,40,0
46320,25,144259,9,0,0,50,0
46321,22,197583,13,0,0,20,0
46322,21,142766,10,0,0,40,0
46326,36,117381,9,0,0,40,0
46333,58,110213,9,0,0,40,1
46335,44,108438,6,0,0,40,0
46336,40,132222,9,0,0,40,0
46340,27,60726,9,0,0,40,0
46343,34,140571,11,0,0,40,0
46345,23,197666,10,0,0,24,0
46346,36,245090,10,3137,0,50,0
46347,42,192569,15,0,0,39,1
46348,31,158291,13,8614,0,40,1
46351,22,192455,9,0,0,40,0
46356,35,241469,5,2635,0,30,0
46358,42,261929,13,7688,0,40,1
46360,36,33394,13,0,1887,35,1
46362,39,89040,11,0,0,40,0
46364,51,182740,9,0,0,40,0
46367,26,340335,13,0,0,40,0
46368,26,293984,6,0,0,40,0
46370,21,170302,9,0,0,50,0
46371,45,481987,14,0,0,18,1
46373,68,261897,6,0,0,20,0
46374,60,250552,9,0,0,40,1
46375,65,88513,9,0,0,18,0
46376,41,168293,14,0,0,45,0
46377,34,283921,9,0,0,50,0
46379,40,63745,11,0,0,40,0
46381,37,241962,7,0,0,50,0
46387,56,125000,13,0,0,40,1
46388,32,286675,10,0,0,60,0
46390,48,349986,11,0,0,40,0
46392,41,219155,15,0,0,50,1
46393,33,183612,9,0,0,20,0
46396,46,320124,9,15024,0,40,1
46402,37,356824,9,0,0,40,0
46412,35,63021,10,0,0,35,0
46415,43,144928,9,0,0,60,0
46418,26,152035,9,0,0,40,0
46419,36,190023,9,0,0,60,1
46426,65,28367,9,0,0,55,0
46427,41,320744,9,3325,0,50,0
46428,31,243773,5,0,0,20,0
46429,56,151474,5,0,0,40,0
46430,50,135465,13,0,0,50,1
46432,36,359001,10,0,0,48,0
46435,35,283122,10,0,0,45,0
46436,37,326400,9,0,0,30,0
46438,56,158752,14,0,0,50,0
46443,54,137815,8,4101,0,40,0
46445,42,168515,11,0,0,40,0
46447,21,195199,9,0,0,30,0
46448,69,179813,6,0,0,10,0
46451,40,373050,8,0,0,40,0
46452,45,80430,9,0,0,40,0
46455,28,209205,13,0,0,60,1
46457,43,237670,11,0,0,25,0
46459,62,197353,9,0,1740,40,0
46460,21,74538,10,0,0,25,0
46461,37,89718,10,0,0,45,0
46462,34,93169,10,0,0,40,0
46464,43,328570,10,0,0,38,0
46465,25,312157,10,0,0,40,0
46467,23,236804,7,0,0,40,0
46469,51,172281,13,0,0,35,1
46471,35,331395,10,0,0,50,0
46472,69,92472,6,3273,0,45,0
46473,32,318647,13,0,0,48,1
46474,20,332931,10,0,0,40,0
46478,32,154950,15,0,0,40,0
46479,23,218343,12,0,0,40,0
46480,21,239577,10,0,0,40,0
46485,27,243569,7,3942,0,40,0
46487,20,289116,10,0,0,5,0
46492,56,140558,9,0,0,40,0
46493,59,303455,14,4787,0,60,1
46495,52,308764,10,0,0,40,0
46496,50,339905,10,0,0,40,1
46498,55,156430,13,0,0,40,1
46500,72,116640,10,3471,0,20,0
46502,28,184078,8,0,0,40,0
46508,52,111700,10,0,0,20,1
46515,58,72998,7,14084,0,40,1
46516,44,147265,14,0,0,40,1
46522,33,311194,7,0,0,17,0
46523,50,89737,10,0,0,48,0
46524,47,49298,9,0,0,50,0
46527,49,298445,15,0,1977,60,1
46529,51,154342,14,7688,0,45,1
46531,64,203783,9,0,0,8,0
46532,23,250037,10,0,0,50,0
46533,33,158688,10,0,0,40,0
46537,22,194630,13,0,0,45,0
46538,23,239375,13,0,0,40,0
46541,32,182926,14,0,0,40,0
46543,30,110643,10,0,0,52,0
46545,34,193285,9,0,0,40,0
46546,32,161075,9,0,0,40,0
46549,60,106282,5,0,0,40,0
46550,29,105694,9,0,0,42,0
46551,24,199883,10,0,0,60,0
46552,41,100800,14,0,0,35,0
46553,23,256278,4,0,0,30,0
46556,18,285013,9,0,0,10,0
46557,28,248911,10,0,0,40,0
46558,33,369386,10,5178,0,40,1
46561,25,169124,9,0,0,45,0
46562,31,183000,15,0,0,55,0
46563,34,28053,13,0,0,25,0
46564,34,242984,9,0,1887,45,1
46567,62,223975,4,0,0,20,0
46568,58,357788,9,0,0,40,0
46569,40,406811,9,0,0,40,0
46575,25,512771,5,0,0,45,0
46578,29,201022,13,0,0,50,1
46583,28,213152,13,0,0,40,1
46586,52,95128,10,0,0,50,0
46587,37,185567,9,0,0,40,1
46588,21,301408,10,0,1602,22,0
46589,35,216256,11,0,0,60,0
46590,45,182541,10,0,0,48,0
46594,26,264300,10,0,0,20,0
46599,39,58343,10,0,0,40,1
46600,18,101061,7,0,0,70,0
46602,24,174043,13,0,0,40,0
46605,22,313873,7,0,0,30,0
46607,56,255386,10,0,0,40,0
46611,28,263600,9,0,0,40,1
46612,62,257277,9,0,0,38,0
46615,20,162667,7,0,0,40,0
46616,18,466325,7,0,0,12,0
46617,54,142169,9,0,0,40,0
46619,33,119628,16,0,0,50,0
46621,57,70720,9,0,0,78,0
46623,45,257609,13,0,0,40,1
46625,23,268525,9,0,0,48,0
46626,23,250630,13,0,0,40,0
46633,62,211408,11,0,0,40,1
46636,21,440969,9,0,0,40,0
46637,21,164922,10,0,0,40,0
46638,41,134524,11,0,0,45,0
46642,36,422275,3,0,0,40,0
46644,69,197080,8,9386,0,60,1
46646,55,190257,9,0,0,53,1
46649,26,187248,9,0,0,40,0
46651,46,285750,9,4064,0,55,0
46653,48,216999,9,0,0,40,1
46655,42,121265,14,0,0,40,0
46656,41,184466,14,0,0,38,1
46657,45,297676,12,0,0,40,0
46658,52,114228,9,3325,0,40,0
46661,27,113054,9,0,0,43,0
46662,36,256636,9,0,0,40,0
46665,20,203353,10,0,0,40,0
46667,21,115420,9,0,0,50,0
46671,46,154405,6,0,0,45,0
46672,55,104917,14,0,0,40,1
46673,19,261422,10,0,0,40,0
46676,28,144833,10,0,0,40,0
46677,28,275116,6,0,0,40,0
46678,61,72886,9,0,0,38,1
46681,50,152810,10,0,0,70,0
46682,37,44694,14,0,0,45,1
46683,17,48703,7,0,0,30,0
46684,56,91905,9,0,0,4,0
46685,31,168906,13,0,0,50,1
46686,32,147215,13,0,0,55,1
46687,28,153546,7,0,0,40,0
46688,34,35595,11,0,0,40,0
46689,33,225507,6,0,0,25,0
46693,41,213416,3,0,0,32,0
46701,51,84278,13,0,0,55,1
46702,24,437666,9,2885,0,50,0
46704,23,129767,10,0,1721,40,0
46705,34,180284,10,0,0,40,1
46706,36,108320,9,4101,0,40,0
46709,45,188330,13,0,0,60,0
46714,29,163265,9,0,0,40,0
46715,35,128608,13,0,0,40,0
46716,47,107460,9,0,0,37,0
46718,28,403671,9,0,0,40,0
46719,58,159378,9,0,0,45,1
46720,24,170070,9,0,0,25,0
46721,46,192323,9,0,0,40,0
46722,57,135796,6,0,0,48,0
46723,22,232985,9,0,0,20,0
46725,17,371316,6,0,0,25,0
46726,23,236994,9,0,0,60,0
46727,19,208366,9,0,0,40,0
46729,38,111377,10,0,0,55,0
46731,39,86551,8,0,0,40,0
46734,22,408383,10,0,0,40,0
46735,36,255454,9,0,0,30,0
46738,43,125461,13,0,0,40,0
46739,51,97005,9,0,0,40,0
46741,32,167049,8,0,0,40,0
46744,38,165848,13,0,0,44,0
46747,34,112139,9,0,0,40,0
46750,27,259873,9,0,0,60,1
46752,29,201556,13,0,0,50,0
46753,40,176286,9,0,0,40,0
46754,46,192894,4,0,0,30,0
46755,37,172232,9,0,0,30,0
46756,38,163204,9,3411,0,25,0
46758,44,215304,13,0,0,45,1
46759,25,185952,14,0,0,30,0
46763,46,102359,10,0,0,50,1
46767,34,234537,12,0,0,40,0
46768,61,142922,9,0,0,40,0
46769,55,181641,10,0,0,37,0
46772,22,379778,9,0,0,40,0
46774,33,100228,10,0,0,40,0
46775,27,150296,9,0,0,32,0
46776,43,25005,14,5013,0,12,0
46779,20,653574,10,0,0,33,0
46780,38,175441,9,0,0,40,0
46781,30,333119,10,0,0,40,0
46785,36,180686,9,0,0,45,1
46789,38,96185,9,0,0,32,0
46793,28,340408,10,0,0,46,0
46796,49,175622,14,0,0,40,0
46797,37,389725,8,0,0,35,0
46798,23,182812,10,0,0,40,0
46799,38,245372,10,3137,0,50,0
46800,34,93886,13,0,0,46,1
46806,49,143482,10,0,0,65,1
46808,40,104892,13,0,0,40,0
46809,44,223194,9,0,1485,40,0
46810,37,272090,10,0,0,20,0
46811,57,204816,14,0,0,30,0
46812,56,230039,4,0,0,30,0
46817,28,163862,13,5178,0,40,1
46820,45,172274,16,0,3004,35,1
46823,27,246974,11,0,0,40,0
46824,22,180060,9,0,0,40,0
46825,24,118023,10,0,0,30,0
46827,47,45564,10,0,0,40,1
46829,18,237646,10,0,0,30,0
46830,31,189843,9,0,0,47,1
46831,43,118261,14,0,0,30,0
46833,39,106347,9,0,0,40,0
46836,30,182089,9,0,0,85,0
46837,36,186865,16,0,0,60,1
46838,20,158206,12,0,0,30,0
46841,59,50929,10,0,0,60,1
46843,43,260696,13,0,0,40,0
46844,35,231180,9,0,0,60,0
46846,20,279538,7,2961,0,35,0
46848,40,168071,12,0,0,50,0
46853,29,128516,12,0,0,40,1
46855,45,32186,13,0,0,40,0
46858,41,175537,10,0,0,38,0
46859,29,444304,13,0,0,40,1
46861,39,174343,5,0,0,40,0
46863,34,209213,9,0,0,40,0
46864,20,165097,9,0,0,40,0
46866,52,167651,11,0,0,40,1
46867,42,29075,12,0,0,40,0
46872,21,164991,9,0,0,38,0
46873,51,154891,9,0,0,52,0
46876,43,342567,13,0,0,40,0
46877,34,178841,13,0,0,40,1
46880,21,157893,9,0,0,40,0
46881,64,31993,4,0,0,10,0
46883,23,39615,10,0,0,10,0
46884,29,200511,9,0,0,50,0
46886,28,183155,13,0,0,55,0
46889,41,202872,6,0,0,40,0
46891,51,24790,10,0,0,99,1
46892,32,316769,7,0,0,40,0
46893,37,126569,9,0,0,40,0
46894,18,128538,7,0,0,25,0
46895,24,234640,11,0,0,35,0
46896,29,65372,10,0,0,40,0
46900,46,112320,13,0,0,50,0
46901,63,181929,9,0,0,50,1
46902,32,100135,13,0,0,35,1
46903,24,128061,9,594,0,15,0
46904,72,402306,10,0,0,32,0
46905,35,98389,10,0,0,10,0
46910,36,150548,9,0,0,30,0
46911,53,133219,9,4386,0,30,1
46916,42,66006,6,0,0,40,0
46917,25,176077,14,0,0,37,0
46918,32,218322,9,0,0,40,0
46919,25,181691,9,0,0,60,0
46926,56,170070,9,0,0,40,1
46927,52,231166,11,0,0,40,0
46929,29,118520,9,0,0,42,0
46930,45,155659,9,0,0,40,1
46945,54,77336,9,0,0,40,0
46946,42,96524,9,0,0,60,1
46948,48,121424,13,0,0,55,1
46950,41,177905,13,7688,0,70,1
46951,50,205100,4,0,0,35,0
46952,57,353881,9,0,0,45,0
46953,44,177937,16,0,0,36,1
46957,42,355728,11,0,0,44,0
46959,18,240330,8,0,0,18,0
46961,28,264498,13,0,0,40,0
46962,39,110426,12,15024,0,45,1
46964,41,347653,15,0,1977,50,1
46966,42,215219,7,0,0,30,0
46967,33,190772,9,0,1617,40,0
46969,47,162494,10,0,0,45,1
46970,27,85918,13,0,0,68,0
46971,39,91367,14,0,1848,45,1
46972,20,182342,10,0,0,40,0
46973,49,129640,9,0,0,40,0
46974,70,133536,9,0,0,28,0
46978,24,241752,9,0,0,40,0
46983,47,142061,10,0,0,40,0
46988,27,146651,9,0,0,15,0
46991,35,187167,9,0,0,35,0
46992,18,157131,9,0,0,12,0
46997,18,206008,10,2176,0,40,0
46999,36,745768,10,0,0,40,0
47003,48,200825,10,0,0,30,1
47004,34,362787,9,0,0,35,0
47009,65,170939,13,6723,0,40,0
47010,31,224234,9,0,0,40,0
47012,68,211162,9,0,0,40,0
47018,31,268482,5,0,0,40,0
47019,28,288731,13,0,0,20,0
47020,36,231082,13,0,0,50,0
47021,42,333530,10,0,0,40,1
47026,22,133833,10,0,0,25,0
47030,41,111772,12,0,1887,40,1
47036,50,308764,9,0,0,40,0
47047,42,39539,9,0,0,99,1
47053,24,206827,10,5060,0,30,0
47055,25,158751,11,0,0,55,0
47059,38,167482,10,0,0,52,1
47060,60,225014,9,0,0,40,0
47061,29,405083,9,0,0,40,0
47062,66,186061,10,0,4356,40,0
47065,57,137658,9,0,0,5,0
47068,29,206903,15,0,0,55,1
47069,67,191380,15,20051,0,25,1
47070,20,191910,9,0,0,40,0
47075,19,354104,9,0,0,35,0
47077,40,321187,13,0,0,45,0
47078,33,138142,10,0,0,25,0
47080,43,155106,12,0,2444,70,1
47081,41,174491,9,0,0,40,0
47083,33,25610,12,0,0,40,1
47084,47,187563,9,0,0,40,0
47085,41,196344,2,0,0,50,0
47089,29,229656,9,0,0,50,0
47090,46,97883,10,0,0,40,0
47091,28,131298,9,0,0,60,0
47097,22,291979,7,0,0,40,0
47100,18,39411,7,0,0,24,0
47103,21,105312,9,0,0,20,0
47108,57,50248,10,0,0,40,0
47110,22,34310,10,0,0,25,0
47112,36,747719,15,15024,0,50,1
47113,43,188280,14,914,0,40,0
47114,25,110978,12,0,0,37,1
47115,17,79682,6,0,0,30,0
47123,37,166744,9,0,0,20,0
47124,54,144586,10,0,0,40,1
47126,46,133616,10,0,0,40,0
47127,46,203039,13,0,0,48,0
47129,17,106733,7,594,0,40,0
47132,29,289960,9,0,0,48,0
47133,54,174102,13,0,0,40,1
47134,38,181716,8,0,0,48,0
47135,46,172822,9,0,0,40,0
47136,24,293091,9,0,0,40,0
47137,57,107443,2,0,0,40,0
47142,26,134945,9,0,0,40,0
47143,55,105582,14,2228,0,50,0
47147,24,143436,10,0,0,24,0
47148,32,143604,6,0,0,37,0
47152,26,160261,14,0,0,20,0
47155,38,89202,10,0,0,40,0
47158,27,360097,9,0,0,40,0
47162,20,333505,9,0,0,30,0
47163,60,149281,9,0,0,40,0
47165,57,66504,15,0,0,50,1
47167,37,170020,9,0,0,40,0
47169,43,145711,10,0,0,72,1
47173,52,222646,8,0,0,40,0
47174,18,182643,10,0,0,9,0
47175,20,303565,10,0,0,40,0
47176,34,140092,9,0,0,40,0
47178,18,267399,8,0,0,12,0
47179,17,192387,5,0,0,45,0
47180,30,127610,13,0,0,35,0
47182,30,225231,10,8614,0,50,1
47184,50,238187,13,0,0,37,0
47186,21,198822,9,0,0,35,0
47188,20,168187,10,4416,0,25,0
47193,55,141727,13,3464,0,40,0
47194,38,185848,14,99999,0,70,1
47197,26,135845,10,0,0,37,0
47198,41,310255,9,0,0,40,0
47202,50,175029,9,0,0,40,1
47204,26,247025,9,0,0,65,0
47208,17,108470,7,0,0,17,0
47210,23,189468,11,0,0,30,0
47214,25,27411,13,0,0,40,0
47215,22,147397,13,0,0,20,0
47216,39,242922,9,0,0,40,0
47217,54,154949,7,0,0,40,1
47219,43,195385,9,0,0,40,0
47220,19,100009,9,0,0,40,0
47226,49,193366,14,0,0,65,1
47227,31,57781,9,0,0,50,0
47230,24,136687,9,0,0,40,0
47232,63,294009,13,15024,0,45,1
47233,75,239038,10,0,0,16,0
47234,34,244064,9,0,0,40,0
47240,48,154033,9,0,0,52,0
47241,43,158528,9,0,0,40,1
47242,26,366219,9,0,1848,60,1
47245,48,120131,9,0,0,70,1
47246,54,127943,9,0,0,40,0
47248,21,156980,9,0,0,60,0
47249,28,124685,10,0,0,55,0
47250,51,305673,11,0,0,40,1
47252,41,33658,10,0,0,45,1
47253,21,211391,10,0,0,27,0
47254,26,402998,13,0,0,58,1
47255,66,78855,9,0,0,40,0
47257,48,49278,12,0,0,40,0
47259,41,242586,9,0,0,40,0
47265,30,67072,13,6849,0,60,0
47267,31,94991,9,0,0,40,0
47269,60,75726,9,0,1092,40,0
47270,29,60722,9,0,0,40,0
47271,33,59944,9,0,0,40,0
47274,57,142714,10,0,0,38,0
47277,26,130557,13,0,0,35,0
47282,65,107620,7,0,0,8,0
47285,28,269786,9,0,0,40,0
47288,63,86590,9,0,0,32,0
47290,31,184307,10,0,0,40,0
47292,29,57889,13,0,0,45,1
47293,59,157932,9,0,0,40,0
47295,49,251180,4,2407,0,50,0
47298,48,328606,9,0,0,40,0
47299,21,403860,10,0,0,40,0
47304,23,234302,9,0,0,40,0
47306,61,106330,9,0,0,40,0
47308,22,234641,9,0,0,40,0
47309,43,170730,13,0,1977,50,1
47311,90,47929,9,0,0,40,0
47317,22,199426,10,0,0,40,0
47324,72,117017,9,0,0,8,0
47327,50,143730,13,0,0,80,0
47328,45,191098,13,0,0,40,0
47333,20,190227,14,0,0,25,0
47336,54,222882,9,0,0,45,0
47337,31,44464,13,0,1564,60,1
47340,46,149949,10,0,0,40,0
47342,22,243190,10,0,0,40,0
47343,59,160662,9,2407,0,60,0
47344,57,175942,10,0,0,25,0
47346,52,153312,12,0,0,40,1
47349,19,117444,9,0,0,40,0
47350,26,226196,9,0,0,40,0
47353,39,82540,10,0,0,60,0
47354,17,41643,7,0,0,15,0
47355,26,197292,9,0,0,50,0
47356,26,76491,14,0,0,20,0
47359,18,141626,10,2176,0,20,0
47360,26,122575,13,0,0,60,0
47362,50,263200,3,0,0,34,0
47364,52,202115,9,0,0,25,0
47367,53,276369,9,0,0,45,0
47370,23,216672,13,0,0,30,0
47371,32,45796,10,0,0,60,0
47374,45,144351,14,0,0,40,1
47375,17,172145,6,0,0,40,0
47376,55,193130,13,0,0,40,1
47379,23,116830,8,0,0,50,0
47382,22,39803,10,0,0,40,0
47383,27,363053,5,0,0,24,0
47385,47,200471,9,5178,0,40,1
47386,38,54317,10,0,0,60,0
47388,27,159623,10,0,0,40,0
47389,25,161235,11,0,0,90,0
47395,28,194940,9,0,0,40,0
47399,65,231604,9,0,0,45,0
47400,28,273269,10,0,0,40,0
47406,56,200235,11,0,0,48,1
47408,19,166153,10,0,0,30,0
47414,30,134737,10,0,0,45,0
47415,18,56613,10,0,0,20,0
47418,35,185366,13,0,0,50,0
47420,27,215504,13,0,1848,55,1
47423,53,111939,13,0,0,35,0
47426,28,194200,9,0,0,70,0
47427,48,78529,14,0,0,60,0
47433,57,300908,12,0,0,75,0
47434,53,187830,11,0,0,40,0
47435,23,201138,10,0,0,8,0
47437,20,381357,5,0,0,28,0
47439,37,96330,10,0,0,40,0
47440,50,228238,9,0,0,40,1
47442,37,127772,13,0,0,50,1
47443,52,386397,13,0,0,45,1
47445,49,34545,10,0,1887,40,1
47451,55,266343,9,0,0,46,0
47453,31,236487,13,0,0,40,0
47455,23,197200,13,0,0,60,0
47458,50,128814,9,0,0,25,0
47460,21,51262,9,0,0,35,0
47462,29,82393,9,0,0,40,0
47463,47,57534,10,0,0,40,1
47464,20,218962,9,0,0,40,0
47465,33,204752,9,0,0,40,0
47468,23,60331,9,0,0,40,0
47471,21,119665,10,0,0,35,0
47473,31,128567,9,0,0,40,0
47474,19,230874,10,0,0,40,0
47477,50,74660,10,0,0,40,0
47480,28,37088,13,0,0,50,0
47484,18,89760,8,0,0,20,0
47485,44,165304,10,0,1485,40,1
47488,48,97863,13,0,0,45,1
47489,31,73585,11,0,0,45,0
47491,35,175232,9,0,0,40,0
47497,51,338260,15,15024,0,60,1
47498,46,165138,11,0,0,40,0
47500,27,193122,9,0,0,40,0
47501,56,425497,12,0,0,20,0
47507,37,298539,9,0,1902,55,1
47508,51,95435,9,0,0,60,1
47512,48,197683,10,0,0,40,1
47518,18,231562,9,0,0,33,0
47520,51,99987,6,0,0,40,0
47521,27,120126,10,0,0,40,0
47522,60,33717,7,0,0,50,0
47523,36,132879,2,0,0,40,0
47524,45,304570,13,0,0,60,1
47525,40,100292,9,0,0,52,1
47528,53,155233,8,0,0,40,0
47529,34,130369,9,1151,0,48,0
47532,22,255575,12,0,0,15,0
47536,27,69132,13,0,0,37,0
47538,29,236992,9,0,0,50,0
47540,42,180019,9,0,0,65,0
47542,24,222853,10,0,0,50,0
47543,22,344176,9,0,0,20,0
47545,28,110981,10,0,0,40,0
47549,43,306440,15,0,0,66,0
47552,74,54732,10,0,0,20,1
47553,39,271521,13,0,0,48,1
47555,49,543922,9,0,0,42,1
47557,65,52728,10,0,0,40,0
47558,39,284166,9,0,1564,50,1
47559,49,122206,11,0,0,25,0
47561,47,334039,13,7298,0,44,1
47562,46,225456,9,0,0,40,0
47566,44,121012,5,0,0,40,0
47567,37,126569,13,0,0,60,0
47569,51,290290,13,0,0,45,1
47573,26,133756,9,0,0,40,0
47574,54,215990,9,0,0,40,1
47575,38,461337,9,0,0,33,0
47576,39,344855,14,0,1977,20,1
47578,30,258170,9,0,0,40,0
47579,29,242147,9,0,0,45,0
47582,36,261241,9,0,0,50,1
47583,60,85995,14,0,0,50,1
47584,42,340885,9,0,0,44,0
47586,46,195023,9,0,0,40,0
47588,27,249463,11,0,0,20,0
47592,52,199995,14,7298,0,60,1
47595,44,267790,5,0,0,40,0
47596,27,217379,10,0,0,40,0
47597,50,421561,10,0,0,40,0
47598,23,50953,10,0,0,40,0
47603,39,104089,11,0,0,50,1
47604,23,149204,13,0,0,40,0
47606,25,137296,12,0,0,38,0
47610,28,138332,16,0,0,40,0
47613,29,123677,9,0,0,40,0
47615,53,251063,10,0,0,40,0
47616,33,51471,9,0,1902,40,1
47618,44,165599,9,0,0,48,0
47619,46,149640,13,0,0,45,1
47620,30,143526,13,0,0,40,0
47623,62,173631,10,0,0,70,0
47628,39,456922,13,0,0,40,0
47629,60,232242,9,0,0,40,0
47639,31,59732,9,0,0,40,0
47641,41,252127,10,0,0,20,0
47642,37,109633,13,0,0,16,1
47643,19,160811,9,0,0,38,0
47644,27,365110,13,0,0,20,0
47646,39,206074,13,0,0,45,1
47647,25,173062,13,0,0,40,0
47648,58,117273,10,0,0,40,1
47649,27,153805,10,0,0,50,1
47651,43,153132,14,15024,0,40,1
47652,46,166809,9,0,0,40,0
47654,50,231725,9,0,0,40,0
47655,20,63210,9,0,0,15,0
47656,35,108293,13,0,0,32,1
47657,57,116878,2,0,0,40,0
47658,40,110622,15,0,0,40,0
47660,67,112318,6,0,0,40,0
47663,26,73312,7,0,0,15,0
47666,24,236696,9,0,0,35,0
47667,48,28791,9,0,0,50,0
47668,34,118551,13,5178,0,25,1
47671,61,584259,14,0,0,2,1
47674,26,111243,9,0,0,35,0
47679,31,137290,13,0,0,55,1
47681,50,201882,14,0,0,30,0
47684,51,210736,9,0,0,40,0
47688,24,493034,13,0,0,40,0
47690,44,191814,10,0,0,45,0
47693,47,177087,10,0,0,50,1
47695,35,234271,10,0,0,40,0
47696,39,314822,10,0,0,40,0
47697,42,195584,12,0,0,40,0
47700,36,279485,9,0,0,38,0
47702,42,175935,9,0,0,40,0
47706,30,182771,14,0,0,40,1
47709,21,538822,9,0,0,40,0
47710,26,332008,10,0,0,37,0
47712,59,114760,10,0,0,20,1
47713,87,90338,9,0,0,2,0
47716,53,53197,14,3103,0,40,1
47717,32,542265,9,0,0,40,0
47718,38,193026,7,0,0,40,0
47719,21,25505,11,0,0,35,0
47720,17,375657,7,0,0,30,0
47721,44,201599,7,0,0,40,0
47728,60,163665,10,0,0,16,1
47730,39,293291,9,0,0,50,1
47731,55,70088,14,0,0,40,1
47732,36,199346,14,0,0,50,1
47733,55,143949,14,3103,0,45,1
47735,30,430283,9,7298,0,40,1
47736,40,293809,13,0,0,20,0
47738,40,226608,10,0,0,30,1
47739,24,314182,9,0,0,50,0
47740,18,170544,7,0,0,20,0
47741,18,94196,9,0,0,25,0
47742,49,193047,9,0,0,45,1
47743,42,112607,9,0,0,50,0
47744,28,146949,9,0,0,40,0
47746,48,191389,10,0,0,50,0
47748,73,46514,9,0,0,25,0
47751,19,188568,10,0,0,40,0
47752,27,215014,9,0,0,35,0
47753,27,184477,8,0,0,40,0
47754,41,204235,15,0,0,50,1
47756,64,272531,9,0,0,40,1
47757,45,358701,8,0,0,10,0
47758,47,217750,9,0,0,35,0
47759,22,200374,9,0,0,35,0
47762,40,57233,11,0,0,40,1
47764,47,33300,12,10520,0,45,1
47765,31,225779,9,0,0,40,0
47768,34,85355,13,0,0,40,0
47769,48,207120,10,0,0,40,0
47770,28,229223,11,7688,0,36,1
47771,20,224640,12,0,0,40,0
47775,20,105479,10,0,0,25,0
47776,41,197093,13,0,0,40,0
47780,22,388247,10,0,0,40,0
47781,23,208908,13,0,0,30,0
47783,42,69333,11,4386,0,80,1
47784,34,167893,10,0,0,64,1
47788,38,187748,13,0,0,40,1
47794,57,132704,14,10520,0,32,1
47795,46,327786,11,3325,0,42,0
47796,44,243636,11,0,0,40,1
47797,42,194417,10,0,0,40,1
47800,29,273051,13,0,0,52,1
47804,49,405309,11,0,0,40,1
47805,51,99185,12,0,0,40,1
47807,21,253583,9,0,0,40,0
47814,43,226902,9,0,0,80,1
47815,45,232586,10,0,0,50,1
47816,51,291755,4,0,0,42,0
47817,29,207032,9,0,0,42,0
47818,23,161478,10,0,0,40,0
47819,73,109833,13,0,0,30,0
47821,61,69285,9,0,0,37,0
47823,40,311534,9,0,0,40,1
47831,47,88564,3,0,0,20,0
47833,26,189185,9,0,0,40,0
47836,29,112403,3,0,0,40,0
47838,33,195891,10,0,0,45,0
47839,36,194905,13,0,0,44,0
47840,33,133503,9,7688,0,48,1
47841,40,31621,9,0,0,40,0
47842,57,413373,16,0,1902,40,1
47845,45,151267,13,0,0,40,1
47847,24,82777,9,0,0,40,0
47851,36,448337,9,0,0,40,0
47858,66,357750,7,0,0,40,0
47859,36,179488,13,7298,0,55,1
47861,55,308746,15,0,0,55,1
47864,29,164711,10,0,0,40,0
47865,40,208277,10,0,0,40,0
47868,29,286634,13,0,0,50,1
47869,28,142712,13,0,0,50,1
47874,37,171968,11,0,0,40,0
47875,56,119254,6,0,0,40,0
47877,39,72338,14,0,0,40,1
47880,28,190350,5,0,0,40,0
47881,25,176162,13,0,0,40,0
47882,18,37720,6,0,0,40,0
47883,25,421467,12,0,0,26,0
47885,52,146767,9,0,0,40,1
47886,20,369678,8,0,1602,40,0
47887,25,160445,9,0,0,40,0
47891,39,111129,9,0,0,40,0
47892,30,44566,13,0,0,40,0
47893,26,118497,9,0,0,60,0
47894,36,334291,10,0,1887,40,1
47896,34,136331,13,0,0,60,0
47897,28,187397,9,0,0,48,0
47901,54,229272,9,0,0,40,1
47907,61,260167,9,0,0,40,0
47910,57,79539,9,0,0,40,0
47914,26,370727,13,0,1977,40,1
47920,52,174752,9,0,0,60,1
47921,18,174202,9,0,0,60,0
47925,29,246933,9,0,0,40,0
47928,43,99185,9,0,0,58,0
47929,39,176186,10,0,0,40,1
47931,32,46691,13,0,0,40,0
47932,28,297735,15,0,0,90,0
47937,51,158508,10,0,0,36,0
47942,68,229016,9,0,0,25,0
47944,32,114288,9,0,0,40,0
47947,53,311269,9,0,0,40,0
47951,41,106900,14,7298,0,60,1
47953,27,380560,9,0,0,40,0
47957,34,154120,9,0,0,55,0
47958,43,105119,9,0,0,40,0
47959,61,181081,9,0,0,20,0
47961,34,102130,9,0,0,65,1
47966,60,389254,9,0,0,40,0
47970,28,191088,9,0,1741,52,0
47972,26,433906,12,0,0,40,0
47978,38,396595,10,0,0,40,1
47980,43,163108,10,0,0,99,0
47981,17,141590,7,0,0,12,0
47982,36,137421,8,0,0,45,0
47983,36,67728,9,5013,0,40,0
47984,30,345522,9,3103,0,70,1
47986,51,204322,9,0,0,50,0
47988,35,147258,11,0,0,65,0
47991,64,34100,10,0,0,4,0
47993,24,280960,9,0,0,24,0
48000,43,171438,11,0,0,45,0
48001,39,191524,9,0,0,40,0
48002,30,377017,10,0,0,32,0
48008,50,176157,14,0,0,50,1
48010,34,384150,13,0,0,40,1
48011,50,107665,10,0,0,40,1
48012,72,82635,7,0,0,40,0
48013,60,165827,16,0,0,55,0
48018,52,117674,13,0,0,38,0
48023,44,201723,13,15024,0,45,1
48026,57,62020,15,0,0,55,1
48028,42,170230,13,0,0,55,1
48029,43,341358,11,0,0,40,1
48031,44,89172,13,0,0,50,1
48033,37,140673,10,0,0,40,1
48035,26,326033,13,0,0,80,0
48037,28,171067,9,0,0,40,0
48038,34,143582,10,0,0,35,0
48041,25,182866,9,0,0,40,0
48043,61,668362,2,0,0,40,0
48044,39,132879,10,0,0,50,1
48047,22,120518,9,0,0,40,0
48050,20,157332,10,0,0,25,0
48051,37,213726,9,0,0,40,0
48052,26,31143,10,0,0,40,0
48054,26,184872,13,0,0,55,1
48056,61,101602,16,0,0,25,1
48057,64,60940,9,8614,0,50,1
48058,19,292590,9,0,0,25,0
48059,36,141420,13,0,0,30,0
48060,47,159389,12,0,0,40,0
48066,26,290213,10,0,0,40,0
48069,52,175339,13,0,0,40,1
48070,28,90547,9,0,0,23,0
48072,46,101722,10,3137,0,40,0
48079,31,77634,1,0,0,24,0
48083,30,341051,14,15024,0,60,1
48084,58,252419,7,0,0,50,0
48085,20,347935,10,0,0,40,0
48086,19,237848,10,0,0,3,0
48087,63,174826,9,0,0,40,0
48088,51,170086,13,0,0,45,1
48090,54,75235,9,5178,0,40,1
48091,35,35854,10,0,0,40,0
48097,43,346321,14,0,0,45,1
48099,27,153078,15,0,0,40,0
48100,42,176063,11,15024,0,55,1
48101,39,451059,5,0,0,40,0
48103,32,106437,9,0,0,40,0
48104,58,294313,10,0,0,55,0
48106,49,133669,10,0,0,40,1
48110,39,206520,9,0,0,45,0
48111,33,72338,15,0,0,65,1
48115,44,335248,10,0,0,40,0
48116,27,198197,13,0,0,45,0
48119,34,231826,9,0,0,40,0
48125,53,220786,10,0,0,60,0
48128,19,223669,10,0,0,30,0
48129,51,120270,11,0,0,40,1
48131,54,24108,10,0,0,40,0
48134,28,210765,9,0,0,40,0
48136,82,71438,9,0,0,20,0
48141,21,224640,10,0,0,40,0
48143,29,499935,11,0,0,40,0
48144,40,107762,13,0,0,45,0
48148,18,157273,6,0,0,15,0
48153,39,174242,13,15024,0,60,1
48155,30,30290,9,0,0,40,0
48156,60,240951,9,0,0,40,0
48162,52,76131,10,0,0,40,1
48163,42,262402,13,0,0,40,0
48173,55,92215,9,0,0,45,0
48174,49,78859,14,0,323,20,0
48175,59,187502,10,0,0,50,1
48176,38,242080,10,0,0,55,1
48178,28,291374,8,0,0,40,0
48181,37,271013,9,0,0,40,0
48188,48,379883,14,0,0,40,1
48190,27,189777,9,0,0,40,0
48196,38,175732,9,0,0,15,0
48199,26,154571,10,0,0,45,1
48200,44,228057,4,0,0,40,0
48201,32,173998,10,0,0,60,0
48207,29,228346,11,0,0,50,0
48208,60,180418,7,0,0,40,0
48209,45,44489,9,0,0,45,0
48210,43,277488,9,0,0,30,0
48214,24,186495,9,0,0,32,0
48215,47,205712,10,0,0,38,0
48216,18,217743,7,0,0,40,0
48217,50,52565,10,0,1485,40,0
48219,49,349986,13,0,0,60,1
48221,68,122094,9,0,0,15,0
48222,62,26857,4,0,0,35,0
48226,32,124187,5,0,0,40,0
48227,49,123681,14,0,0,43,1
48229,25,130513,12,0,0,40,0
48230,47,197038,13,0,0,50,0
48234,37,103121,13,0,1848,40,1
48235,34,111589,6,0,0,40,0
48236,46,267952,11,0,0,36,0
48238,26,473625,9,0,0,30,0
48241,36,102729,12,0,0,70,0
48243,27,215873,9,0,0,40,0
48244,32,152109,9,0,0,48,0
48245,24,175586,9,0,0,40,0
48250,29,358124,9,0,0,52,0
48251,47,222529,13,0,0,65,0
48252,37,338320,14,0,0,60,0
48253,43,62026,15,99999,0,40,1
48255,50,310774,13,0,0,35,0
48257,40,259307,10,0,0,50,0
48261,19,28790,10,0,0,40,0
48262,26,53209,9,0,0,40,0
48263,30,169020,13,0,0,40,0
48265,41,211731,10,0,0,40,0
48267,45,259463,11,0,0,40,1
48269,25,117827,10,0,0,40,0
48275,31,118399,7,0,0,40,0
48285,42,386175,10,0,0,50,1
48286,39,128392,9,0,1887,40,1
48287,24,223515,9,0,0,45,0
48291,31,60229,9,0,0,40,0
48292,28,66095,9,0,0,40,0
48293,31,130057,14,7688,0,60,1
48295,26,192022,13,0,0,40,0
48297,62,178764,9,0,0,40,1
48298,50,99476,14,0,0,35,0
48300,23,162228,13,0,0,48,0
48301,21,211968,10,0,1762,28,0
48302,46,211226,12,0,0,36,0
48305,53,36327,9,0,0,40,1
48307,26,107827,9,0,0,25,0
48310,36,114719,14,0,0,50,1
48312,35,195516,4,0,0,40,0
48314,70,174032,9,0,0,40,0
48315,57,226875,4,0,0,50,0
48316,40,566537,1,0,1672,40,0
48319,52,294991,13,0,0,40,1
48320,24,108495,9,0,0,40,0
48321,42,161532,13,0,0,60,0
48323,32,268147,11,0,0,60,0
48327,32,206609,13,0,0,60,1
48328,59,152968,10,3325,0,40,0
48329,21,213015,9,2176,0,40,0
48330,32,313835,14,0,0,40,1
48333,51,260938,10,0,0,50,1
48335,23,335067,13,0,0,50,0
48339,60,227468,10,0,0,40,0
48340,55,183580,10,0,0,38,0
48342,59,384246,16,0,0,50,0
48344,30,176410,11,7298,0,16,1
48349,21,145964,8,0,0,40,0
48352,37,180342,13,0,0,45,0
48358,32,229566,11,0,0,60,1
48360,40,111067,13,0,0,80,1
48366,42,169995,10,0,0,45,0
48367,53,141388,7,0,0,40,0
48374,62,263374,11,0,0,40,0
48375,30,190228,9,0,0,40,0
48376,27,126060,13,0,0,40,0
48377,25,391192,11,0,0,40,0
48378,26,214069,9,0,0,40,0
48379,45,170871,9,7298,0,60,1
48384,34,330301,4,0,0,40,0
48385,26,385278,9,0,0,60,0
48387,45,111679,10,0,0,30,0
48389,20,86143,10,0,0,30,0
48390,48,99835,12,0,0,50,1
48392,44,118536,5,0,0,40,0
48394,54,123374,4,0,0,40,0
48406,55,165881,9,0,0,40,1
48414,52,154521,9,0,0,44,1
48415,63,45912,9,0,0,40,0
48417,37,338033,14,0,0,40,0
48423,29,45554,10,0,0,40,0
48425,53,58985,10,0,0,24,0
48426,24,456367,9,0,0,40,0
48428,50,240922,12,0,1408,5,0
48432,23,267471,8,0,0,25,0
48436,23,142766,10,1055,0,20,0
48437,38,59660,13,7298,0,40,1
48443,59,91384,13,0,0,40,0
48445,35,207066,13,10520,0,45,1
48446,51,172493,10,0,0,12,0
48449,20,200153,9,0,0,38,0
48452,40,67852,9,0,0,35,0
48457,41,160785,9,0,0,40,0
48459,43,170230,14,0,0,40,0
48461,19,128363,10,0,0,30,0
48462,43,163434,13,0,0,55,1
48463,50,195690,9,0,0,45,0
48464,44,138991,10,0,0,50,1
48467,52,283079,9,0,0,50,0
48471,34,220362,13,0,0,40,0
48473,64,104361,10,0,0,65,0
48475,42,455553,9,0,0,40,0
48476,41,112283,9,0,0,60,1
48479,67,182581,10,20051,0,20,1
48482,49,113913,9,0,0,60,0
48483,28,55191,12,0,0,45,0
48484,51,223206,16,15024,0,40,1
48485,23,162551,13,0,0,35,0
48486,19,693066,8,0,0,15,0
48487,72,96867,3,0,0,40,0
48489,53,539864,10,0,0,20,0
48491,31,284395,13,0,0,40,0
48497,45,265097,9,0,1902,40,1
48498,22,193090,9,0,0,37,0
48499,37,186009,9,0,1672,60,0
48505,40,70645,1,0,0,20,0
48508,21,122348,10,0,0,35,0
48510,22,254547,10,0,0,40,0
48511,47,102308,15,0,2415,45,1
48513,30,215441,10,0,0,40,0
48514,44,197919,10,0,0,40,0
48515,41,206139,9,0,0,40,1
48516,47,117849,12,0,0,44,0
48520,36,127573,9,0,0,38,0
48521,21,180190,11,0,0,46,0
48522,45,231013,13,0,0,40,0
48526,31,188246,12,0,0,50,1
48528,44,38434,13,0,0,40,1
48531,43,409922,13,0,1977,50,1
48533,37,103925,13,0,0,50,0
48535,31,251659,10,0,1485,55,1
48536,19,57145,9,0,0,25,0
48538,51,213296,9,0,0,30,0
48539,51,28765,15,0,0,60,1
48540,63,37792,6,0,0,31,0
48544,27,176761,9,0,0,40,0
48545,32,260954,7,0,2042,30,0
48546,37,180342,13,0,0,40,1
48551,60,127084,9,0,2042,34,0
48552,42,201495,10,0,0,72,1
48553,38,447346,10,0,0,36,1
48556,20,99891,10,0,0,30,0
48557,29,169544,10,0,0,48,0
48558,90,313749,9,0,0,25,0
48559,55,89182,8,0,0,40,0
48563,17,311907,7,0,0,25,0
48564,54,171924,9,0,0,70,0
48568,54,34832,16,0,0,60,1
48569,21,67804,5,0,0,20,0
48571,31,47151,9,0,0,56,0
48573,41,318046,10,0,0,48,1
48574,29,363963,9,0,0,40,0
48580,49,242987,13,0,0,40,0
48581,61,232719,14,0,0,50,0
48583,45,162187,9,0,0,40,1
48585,30,176673,9,0,0,40,0
48586,34,356882,10,0,0,45,1
48587,24,427686,2,0,0,40,0
48589,37,377798,10,3103,0,40,1
48590,36,43712,6,0,0,40,0
48591,21,205939,10,0,0,40,0
48593,34,346034,8,0,0,35,0
48595,18,153663,10,0,0,4,0
48597,23,173851,9,0,0,8,0
48598,63,126540,10,0,0,5,0
48601,37,328466,9,0,0,72,0
48602,54,138852,9,0,0,40,0
48603,22,195532,10,0,0,43,0
48607,48,123075,16,0,0,45,1
48608,28,330466,13,0,0,40,0
48615,24,176580,3,0,0,40,0
48616,18,156608,7,0,0,25,0
48617,32,172415,9,0,0,40,0
48619,33,318921,9,0,0,35,0
48620,49,189462,9,0,0,40,0
48622,74,199136,13,15831,0,8,1
48624,66,93318,9,0,0,40,0
48625,34,121966,13,0,0,45,0
48629,44,187821,13,0,0,55,0
48632,60,36077,4,0,0,40,0
48635,35,162256,11,6849,0,40,0
48636,45,204405,11,0,0,20,0
48638,35,89559,10,0,0,55,0
48640,46,139514,1,0,0,75,0
48644,41,251305,10,0,0,40,0
48645,45,190482,11,0,0,76,0
48652,49,111959,13,0,0,60,1
48660,25,273792,9,0,0,37,0
48662,62,271431,5,0,0,42,0
48663,44,150171,9,0,0,40,0
48664,28,381789,13,0,0,50,0
48668,20,176321,10,0,0,20,0
48670,47,248059,10,0,0,47,1
48673,18,200047,8,0,0,35,0
48675,31,156033,9,0,0,35,0
48678,41,185660,9,0,0,40,0
48681,53,186303,10,0,1887,40,1
48682,52,143533,4,0,0,40,0
48687,20,234640,10,0,0,40,0
48688,33,232475,10,0,0,45,0
48690,31,112115,10,0,0,40,0
48691,29,183854,9,0,0,25,0
48692,26,164386,9,0,0,48,0
48693,61,149620,10,0,0,40,0
48697,33,191335,12,0,1902,50,1
48701,23,45834,13,0,0,50,0
48702,31,298995,9,0,0,35,0
48713,36,208068,1,0,0,72,0
48722,53,304504,10,0,1887,45,1
48724,18,41381,9,0,1602,20,0
48725,51,101432,9,0,0,40,0
48730,44,71556,14,0,0,50,1
48733,32,236318,10,0,0,32,0
48734,46,42251,10,0,0,45,1
48738,33,139057,14,0,0,50,1
48740,85,98611,13,0,0,3,0
48741,62,128092,9,0,0,32,0
48744,58,223214,9,0,0,40,0
48746,66,269665,9,0,0,25,0
48748,55,199713,5,0,0,48,0
48749,39,193689,9,0,0,65,0
48750,58,181974,16,0,0,99,0
48751,50,485710,16,0,0,50,0
48752,28,185647,10,0,0,50,0
48753,34,30673,14,0,0,55,0
48754,41,160467,14,1506,0,40,0
48756,22,67234,9,0,0,45,0
48758,49,114648,8,0,0,40,0
48759,21,182117,12,0,0,40,0
48761,41,201495,14,0,0,40,1
48762,52,301229,11,0,0,40,0
48764,27,155382,10,0,0,25,0
48767,24,216984,10,0,0,35,0
48769,32,164190,10,0,0,40,0
48772,33,63079,9,0,0,40,0
48774,24,381895,7,0,0,40,0
48775,82,403910,9,0,0,3,0
48779,57,153918,9,0,0,40,0
48780,25,403788,9,0,0,40,0
48781,34,60567,7,0,880,60,0
48784,47,312088,9,0,0,40,0
48787,38,32916,11,0,0,55,1
48789,45,155093,6,0,0,38,0
48791,39,107302,9,0,0,45,1
48792,25,514716,13,0,0,40,0
48795,40,142657,11,0,0,45,0
48796,66,47358,6,3471,0,40,0
48800,46,364548,10,0,0,48,1
48802,33,273243,9,0,0,40,0
48804,30,77266,9,0,0,55,0
48807,32,211349,6,0,0,40,0
48808,22,203715,10,0,0,40,0
48810,29,125976,9,0,0,35,0
48811,35,320084,13,0,0,55,1
48813,34,204461,16,0,0,60,1
48816,22,325033,8,0,0,35,0
48817,34,160216,13,0,0,55,1
48821,45,252208,9,0,0,40,0
48822,41,202822,9,0,0,32,0
48825,31,199655,14,0,0,30,0
48827,37,198216,12,0,0,40,0
48829,65,99359,15,1086,0,60,0
48831,43,27242,10,0,0,50,0
48832,32,34066,6,0,0,40,0
48833,43,84661,11,0,0,45,0
48835,53,321865,14,0,0,40,1
48838,40,154374,9,0,0,40,1
48840,22,201490,9,0,0,20,0
48841,52,287927,9,15024,0,40,1
