row_id,age,fnlwgt,educational-num,capital-gain,capital-loss,hours-per-week,income
1,38,89814,9,0,0,50,0
2,28,336951,12,0,0,40,1
3,44,160323,10,7688,0,40,1
5,34,198693,6,0,0,30,0
6,29,227026,9,0,0,40,0
7,63,104626,15,3103,0,32,1
12,26,82091,9,0,0,39,0
14,48,279724,9,3103,0,48,1
15,43,346189,14,0,0,50,1
22,72,132015,4,0,0,6,0
24,25,205947,13,0,0,40,0
30,46,106444,10,7688,0,38,1
37,22,248446,3,0,0,50,0
43,29,103634,7,0,0,40,0
48,52,201062,7,0,0,18,0
49,56,131916,9,0,0,50,0
51,39,280215,9,0,0,40,0
54,38,219446,5,0,0,54,0
56,63,145985,9,0,0,40,0
57,34,382078,13,3103,0,50,1
59,33,269705,9,0,0,40,0
64,47,171807,9,0,0,40,0
67,19,105460,10,0,0,20,0
68,46,170338,9,0,0,40,0
69,43,102606,9,0,0,48,0
72,30,229636,9,0,0,40,0
74,46,269034,10,0,0,40,0
76,41,75012,9,0,0,50,0
77,69,174379,9,0,0,30,0
80,45,67001,10,0,0,50,0
88,24,228724,10,0,0,40,0
90,59,292946,13,0,0,25,0
93,59,98984,13,0,0,40,0
95,20,479296,9,0,0,40,0
98,59,272087,9,0,0,40,1
99,20,169699,9,0,0,40,0
101,33,202191,10,0,0,35,0
102,22,212261,10,0,0,39,0
104,52,155233,9,0,0,28,0
105,36,75826,6,0,0,40,0
108,19,289227,10,0,0,16,0
113,20,30796,9,0,0,20,0
114,40,103541,10,0,0,40,0
116,46,96773,9,0,0,40,0
117,23,200967,7,0,0,24,0
120,31,198770,13,0,0,60,0
121,18,219256,10,0,0,25,0
124,41,181020,9,0,0,40,0
127,28,134813,9,0,0,40,0
132,20,334105,9,0,0,40,0
133,42,100793,16,0,0,41,1
137,49,171128,4,0,0,40,0
138,33,145402,9,0,0,35,0
139,23,306309,6,0,0,40,0
141,18,262118,10,0,0,22,0
142,40,155972,9,7688,0,55,1
143,43,214503,9,0,1887,45,1
146,44,26669,11,0,0,30,0
149,19,456736,9,2907,0,30,0
150,28,216604,10,0,0,14,0
153,22,315476,7,0,0,40,0
155,25,126110,10,0,0,40,0
156,26,102264,9,0,0,40,0
158,42,113732,10,0,625,40,0
162,22,388885,9,0,0,45,0
163,29,142249,13,0,0,40,0
166,58,159021,16,0,0,16,1
171,34,189759,14,0,0,40,0
174,48,67229,14,0,0,40,0
176,24,325596,11,0,0,45,0
178,33,154227,9,0,0,50,1
179,37,248010,10,0,1887,40,1
181,56,321529,10,15024,0,40,1
183,37,203079,13,0,0,55,0
186,54,59840,9,0,0,45,0
188,34,513100,13,0,0,40,0
192,47,411047,10,0,0,37,0
194,26,209440,9,0,0,55,0
196,44,299197,10,0,0,45,0
202,57,26716,13,0,0,45,0
203,45,185588,13,0,0,40,0
204,50,175029,11,0,0,40,1
211,25,29106,10,0,0,50,0
212,38,213274,11,6497,0,40,0
214,23,180497,13,0,0,32,0
217,21,447488,3,0,0,38,0
218,31,220915,11,0,0,40,0
220,34,162312,13,0,0,40,0
223,52,311259,9,0,0,40,1
225,41,277256,10,0,0,40,0
228,25,270276,5,1055,0,40,0
230,18,96869,8,0,0,40,0
234,80,201092,9,0,0,30,0
235,34,147215,11,0,0,60,0
237,42,227968,9,0,0,28,0
238,26,362617,10,0,0,40,0
240,25,281412,9,0,0,35,0
242,19,230165,10,0,0,12,0
244,22,104443,10,0,0,20,0
246,35,143385,9,0,0,40,0
249,44,138634,9,0,0,40,0
250,21,99970,10,0,0,15,0
251,35,203717,11,0,0,50,0
252,24,313956,13,0,0,40,1
255,21,250939,10,0,0,35,0
261,28,134890,14,0,0,40,0
266,61,195789,9,0,0,40,0
267,29,342400,6,0,0,25,0
270,25,177221,9,0,0,75,0
272,64,118944,10,0,0,40,1
275,19,106183,9,0,0,35,0
277,18,220754,7,0,0,24,0
278,58,204021,13,15024,0,50,1
279,20,347391,10,0,0,60,0
284,33,265168,13,0,0,55,0
285,41,171234,10,0,0,48,0
286,22,178452,9,0,0,40,0
289,30,296462,9,0,0,40,0
293,42,195488,6,0,0,40,0
294,23,316841,10,0,0,40,0
298,34,163756,11,27828,0,60,1
299,30,238186,9,0,2057,48,0
300,39,329980,10,0,0,40,1
302,38,34744,10,0,0,38,0
305,37,263690,13,0,0,40,0
309,51,136708,9,3103,0,84,0
310,56,38573,12,0,0,45,1
311,22,197200,10,0,0,40,0
313,44,184527,13,4934,0,45,1
314,34,145231,9,4064,0,35,0
317,19,355712,10,0,0,25,0
318,37,98776,13,0,0,40,1
319,68,257557,9,0,0,40,1
321,56,170287,13,0,0,40,0
330,18,228216,9,0,0,20,0
335,19,304299,9,0,0,40,0
341,33,56150,13,2174,0,40,0
342,31,179415,3,0,0,40,0
347,59,107318,4,5178,0,50,1
351,23,197997,9,0,0,30,0
353,34,207564,10,0,0,12,1
355,37,123361,13,0,0,50,1
356,33,90409,13,0,0,45,0
357,50,165001,15,99999,0,80,1
359,35,249456,13,0,0,40,0
362,57,50223,10,0,0,25,0
363,29,400074,10,0,0,40,0
364,55,197399,9,0,0,50,1
366,43,52433,10,0,0,70,0
368,33,48214,14,0,0,8,0
369,26,190873,6,0,0,40,0
374,34,198813,9,0,0,45,0
376,28,302903,13,0,1485,40,0
377,24,154835,9,0,0,40,0
381,26,142226,13,0,0,40,0
383,52,225339,9,0,0,35,0
384,29,211208,7,0,0,99,1
385,47,200808,7,0,0,35,0
388,62,369734,9,0,0,40,0
392,48,188741,14,0,0,50,0
393,24,183772,9,0,0,40,0
396,45,355781,13,0,0,45,1
400,41,138868,13,0,0,40,0
402,17,40299,7,0,0,25,0
407,26,284343,9,0,0,40,0
408,28,204862,10,0,0,40,0
412,19,164339,9,1055,0,70,0
413,22,213291,12,0,0,25,0
414,42,55457,6,0,0,40,0
416,30,446894,9,0,0,30,0
417,37,67083,10,0,0,40,0
419,52,168539,13,0,0,40,0
420,65,88145,2,0,0,40,0
423,24,302195,13,0,0,45,0
426,59,113838,9,0,0,40,0
427,29,97165,10,0,0,40,0
429,23,192028,10,0,0,35,0
434,19,50626,10,0,0,20,0
442,25,196947,13,0,0,40,0
445,44,118059,16,0,0,55,1
447,27,95108,13,0,0,40,0
448,23,161092,13,0,0,40,0
449,21,345253,10,2174,0,40,0
454,24,322658,13,0,0,40,0
455,24,208503,10,0,0,42,0
458,24,124751,9,0,0,35,0
459,34,113364,10,0,0,40,0
460,50,196900,9,0,0,39,0
461,36,168170,9,0,0,40,0
462,39,205338,13,0,0,60,0
463,44,98806,4,0,0,38,0
464,45,226452,9,0,0,40,0
466,47,471990,14,0,0,40,1
470,19,47235,10,0,0,20,0
473,39,149347,14,0,0,40,1
476,39,98886,4,4508,0,40,0
479,51,85942,10,0,0,32,0
481,31,174789,13,0,0,40,0
482,21,457162,10,0,0,17,0
484,73,88594,9,0,0,35,0
487,27,370242,12,0,0,30,0
490,39,195843,11,0,0,40,0
491,27,203160,13,0,0,28,0
494,36,291676,5,0,0,40,0
495,55,192869,10,0,0,36,0
498,34,107960,3,0,0,40,0
499,62,312286,15,0,0,35,0
500,33,48520,10,0,0,40,1
501,39,224541,5,4386,0,55,0
503,41,309990,13,0,0,33,0
504,39,37019,9,0,0,60,0
505,38,48976,9,0,1887,10,1
506,18,170183,9,0,0,10,0
507,61,142988,10,15024,0,45,1
510,27,104423,9,0,0,40,0
511,66,104936,6,0,0,38,0
513,20,208117,10,0,0,18,0
514,34,105141,10,0,0,40,0
515,63,156120,3,0,0,50,0
518,41,177989,16,0,2051,60,0
522,36,84294,13,0,0,72,0
524,53,139671,10,0,0,50,0
525,50,116814,9,0,0,40,0
526,36,37778,13,0,0,40,0
529,38,52187,13,15024,0,50,1
530,28,349751,13,2174,0,50,0
531,24,238384,13,0,0,37,0
533,54,333301,6,0,0,40,0
536,54,162238,9,0,0,45,0
539,18,78528,7,0,0,20,0
542,37,178100,13,0,0,40,1
543,22,416165,10,0,0,40,0
544,45,177536,13,0,0,45,1
546,48,107231,13,0,0,40,0
550,18,170194,7,0,0,25,0
552,48,72425,13,0,0,50,0
553,51,217480,10,8614,0,40,1
554,52,120914,10,0,0,40,0
556,39,199753,13,0,0,60,0
557,51,144284,13,0,0,40,1
560,43,125577,9,0,0,40,0
562,31,195181,14,0,0,35,1
563,73,145748,9,0,0,8,0
570,28,103548,13,0,0,40,0
571,41,38434,14,0,0,30,0
573,49,177543,9,0,0,35,0
578,41,198196,14,0,0,45,1
580,23,325179,9,0,0,40,1
581,37,143774,13,0,0,40,1
583,33,479600,10,0,0,40,0
584,44,180599,9,0,0,40,1
587,44,184105,13,5013,0,40,0
591,31,188246,10,0,0,40,1
595,59,128829,9,0,0,40,0
597,50,155965,10,0,0,55,0
603,67,168224,13,0,0,40,0
607,32,267859,10,0,0,50,0
608,36,86143,11,0,0,40,0
612,18,39493,10,0,0,30,0
613,26,247425,10,0,0,40,0
614,51,128338,4,0,0,40,0
615,39,189344,9,0,0,40,0
618,31,437200,10,0,0,40,0
622,33,48520,9,0,0,40,0
624,31,166248,9,0,0,40,0
628,49,39140,9,0,0,60,0
629,41,266439,9,0,0,40,0
630,55,126840,10,0,0,40,0
631,52,166419,10,0,0,37,0
632,42,287129,13,0,0,40,0
634,42,173888,9,0,0,52,0
635,41,253250,13,7298,0,40,1
636,35,337239,9,0,0,40,0
637,71,113445,3,0,0,10,0
639,24,403107,3,0,0,40,0
640,59,179078,9,0,0,40,0
642,57,223892,13,0,0,40,1
643,58,191318,14,15024,0,40,1
647,60,164730,13,0,0,40,0
648,51,190678,9,0,0,40,0
650,33,286675,7,0,0,40,0
651,19,191986,6,0,0,40,0
652,50,90525,9,15024,0,20,1
653,32,56150,9,0,0,40,0
654,51,248327,13,0,0,40,1
656,35,104858,14,0,0,50,1
658,46,196707,9,0,0,55,0
659,37,29430,9,0,0,45,0
662,53,258832,9,0,0,10,0
665,43,315971,12,0,0,32,1
667,41,185057,9,0,0,40,0
669,35,333636,9,0,0,75,0
671,47,34307,10,0,0,35,0
672,25,198813,13,0,1590,40,0
673,59,240030,15,0,0,40,1
677,31,208458,9,0,0,40,0
679,48,67716,14,7688,0,50,1
681,33,182556,8,0,0,40,0
683,42,55395,10,0,0,52,0
684,34,344073,9,5013,0,40,0
691,39,259716,9,0,0,40,0
695,21,256504,9,0,0,40,0
697,45,44489,11,0,0,10,0
698,44,159449,10,0,0,80,1
699,54,387540,14,0,0,45,1
701,40,34722,13,0,0,50,0
705,32,294121,11,0,0,40,0
706,31,83912,13,0,0,25,0
707,26,241626,9,0,0,40,0
708,50,137815,13,0,0,40,1
709,62,153891,11,3137,0,40,0
711,58,199067,13,0,0,65,1
712,44,57233,10,0,0,40,1
714,37,132879,10,0,0,50,1
715,65,72776,4,2964,0,40,0
719,35,179579,14,0,1977,48,1
720,33,187618,13,0,1741,40,0
724,56,187355,10,0,0,40,0
725,29,218555,14,0,0,40,0
727,42,204729,11,0,0,25,0
728,20,281668,10,0,0,40,0
729,24,236696,13,0,0,50,0
730,33,179747,9,0,0,40,0
731,42,187322,6,0,0,45,0
735,32,160458,9,0,0,50,0
742,47,652784,6,0,0,40,0
743,46,315984,9,0,0,50,0
747,41,186990,15,0,0,52,1
748,37,241633,13,0,0,45,1
749,49,252616,9,0,0,40,0
757,53,170701,13,0,0,40,0
758,62,159822,9,0,0,50,0
759,35,211494,13,0,1876,55,0
760,30,340899,13,0,0,40,0
763,32,220690,7,0,0,33,0
771,23,110998,10,0,0,40,0
775,27,152560,15,0,0,60,0
777,31,302679,9,0,0,60,0
778,33,290763,13,0,0,40,0
780,32,147118,9,0,0,40,0
781,62,103575,9,5178,0,40,1
783,25,189334,7,0,0,40,0
787,54,307973,9,0,0,40,1
788,45,211666,16,0,0,40,1
789,30,143766,10,0,0,40,0
790,39,112812,9,0,0,40,0
791,57,43290,6,0,0,20,0
794,49,126754,9,0,0,40,0
795,46,54260,13,0,0,10,1
803,67,53874,8,0,0,40,0
807,46,185870,13,0,1902,40,1
809,23,40323,10,0,0,40,1
811,31,289889,11,0,0,40,0
815,42,26915,13,0,0,40,1
817,21,204034,10,0,0,16,0
818,21,243368,1,0,0,25,0
819,28,191088,13,2354,0,60,0
831,38,314890,10,0,0,46,0
832,62,177493,8,0,0,30,0
833,36,327435,14,0,0,40,1
834,47,275967,6,0,0,35,0
835,25,176520,9,0,0,40,0
842,23,199011,7,0,0,3,0
845,45,284763,10,0,0,40,0
846,29,108775,13,0,0,50,1
847,56,233312,13,0,0,20,0
848,50,197826,14,0,0,40,0
851,41,214247,15,0,2415,60,1
852,21,200121,9,0,0,40,0
857,61,93997,13,0,0,40,0
861,42,103759,9,0,0,48,0
863,33,107215,5,0,0,40,0
864,24,194630,13,0,0,35,0
866,40,134638,13,0,0,39,0
867,56,46920,6,0,0,40,0
869,24,208946,11,0,0,40,0
874,36,197274,9,0,0,40,0
876,26,195636,13,0,0,55,0
877,20,237956,9,0,0,40,0
885,31,73161,14,0,1740,40,0
888,47,131726,10,0,1876,40,0
889,35,334291,13,0,0,45,0
890,42,67243,2,0,0,55,1
898,24,308673,9,0,0,30,0
901,37,112158,9,7688,0,99,1
902,31,386299,10,0,0,40,0
903,17,61838,7,0,0,40,0
904,26,290286,10,0,0,38,0
905,41,143069,16,0,0,60,0
909,54,186224,9,0,0,40,0
915,31,186369,5,0,0,40,0
917,48,197836,10,0,0,40,1
918,56,140136,10,0,0,35,1
919,21,402230,10,0,0,36,0
921,37,116409,15,0,0,40,1
925,24,224059,9,0,0,40,0
928,39,41017,6,0,0,70,0
930,57,186361,11,0,0,40,0
931,35,165799,13,0,0,50,0
932,60,266983,9,0,0,32,0
936,23,177287,10,0,0,40,0
937,57,27385,10,0,0,48,1
938,27,147452,6,0,0,48,0
939,25,144334,9,0,0,40,0
941,48,153312,10,0,0,60,1
943,67,51415,10,0,0,40,0
944,20,171886,9,0,0,35,0
945,38,216319,16,0,0,40,1
949,34,400943,13,0,0,44,0
951,80,138050,9,0,0,16,0
952,40,204585,9,0,0,40,0
954,35,198841,10,0,0,56,0
957,53,85423,10,0,0,40,1
961,52,157413,2,0,0,40,0
962,48,238567,3,0,0,40,0
963,24,153133,8,0,0,40,0
967,39,141584,12,0,0,60,1
968,25,245121,9,0,0,40,0
971,49,380922,14,15024,0,80,1
974,25,217006,7,0,0,40,0
975,51,22211,9,0,0,37,1
976,23,57711,13,0,0,40,0
982,44,49665,11,0,0,40,0
987,31,165949,13,0,0,45,0
990,58,179089,13,0,0,40,0
996,59,662460,6,0,0,15,0
998,40,120277,13,0,0,45,0
1001,49,111558,9,0,1977,25,1
1002,18,243203,10,0,0,40,0
1003,38,195686,9,0,0,25,0
1005,53,118058,9,0,0,40,1
1007,34,114074,11,0,0,40,0
1009,20,184271,12,594,0,20,0
1010,58,218724,9,0,0,40,0
1013,37,385330,4,0,0,40,0
1017,33,160261,11,0,0,10,0
1018,51,285200,9,2105,0,24,0
1019,48,153254,9,0,0,48,0
1021,31,145924,10,0,0,35,0
1023,29,66893,13,0,0,40,0
1025,53,36186,13,7298,0,40,1
1028,27,216479,13,0,0,40,0
1029,57,274680,1,0,0,40,0
1030,23,211345,10,0,0,40,0
1034,77,89655,9,0,0,40,0
1038,35,77792,9,0,0,40,0
1040,53,195690,16,0,1902,50,1
1041,37,94869,14,4787,0,40,1
1042,44,267464,10,0,0,40,0
1044,17,81010,7,0,0,20,0
1045,47,54260,11,0,1887,60,1
1047,39,245665,12,0,0,60,0
1048,18,35855,7,0,0,30,0
1051,30,84119,9,0,0,65,1
1052,47,47343,14,0,0,50,1
1055,41,124520,14,0,0,40,1
1058,54,283281,4,0,0,50,0
1059,31,25610,1,0,0,25,0
1064,37,144005,10,0,0,50,0
1065,53,205949,12,0,0,40,0
1066,50,158948,9,0,0,84,0
1067,64,240357,9,0,0,40,1
1071,18,120599,7,0,0,40,0
1072,33,231826,7,0,0,40,0
1077,58,185459,9,0,0,45,0
1081,28,132326,9,0,0,40,0
1084,23,239577,10,0,0,52,0
1085,48,96975,9,0,0,45,0
1087,48,185870,6,0,0,70,0
1089,34,334744,14,0,0,50,1
1090,63,201600,10,0,1902,60,1
1092,29,180271,9,0,0,40,0
1093,33,123833,5,0,0,40,0
1094,47,213304,3,0,0,40,0
1100,34,32174,9,0,0,40,0
1102,33,294434,11,0,0,76,1
1104,27,171133,6,0,0,38,0
1106,43,223934,10,0,0,40,0
1107,22,23940,9,0,0,40,0
1109,60,57371,4,0,0,40,0
1112,29,120126,13,0,1848,40,1
1113,41,54611,9,7298,0,50,1
1115,71,101676,6,0,0,40,0
1118,52,173987,9,0,0,40,1
1119,40,352080,10,0,0,40,1
1124,53,295896,7,0,0,45,0
1131,44,120277,15,99999,0,60,1
1135,27,216178,13,0,0,35,0
1136,38,248694,10,0,0,36,0
1137,24,219140,13,0,0,40,0
1138,29,360401,10,0,1719,48,0
1141,42,29702,9,0,0,42,1
1142,63,107085,9,0,0,7,0
1145,25,182332,10,0,0,50,0
1147,20,316702,10,0,0,40,0
1150,63,180099,6,0,0,40,0
1151,38,154541,12,4386,0,40,1
1153,41,171839,14,0,0,50,1
1154,43,115562,13,99999,0,50,1
1155,39,42478,13,0,0,40,0
1156,48,117054,3,0,0,99,0
1157,56,124137,15,99999,0,45,1
1158,44,107503,16,5013,0,60,0
1159,24,70261,10,0,0,40,0
1160,49,367037,12,4650,0,40,0
1162,36,269509,9,0,0,35,0
1165,46,224582,10,0,0,52,0
1166,41,343591,13,0,0,10,0
1167,45,53540,7,0,0,16,0
1170,44,238574,15,0,0,50,1
1171,35,247558,10,0,0,50,0
1179,32,78283,8,0,0,40,0
1184,54,74660,13,0,0,40,1
1187,31,305619,10,0,0,40,1
1190,56,296991,15,0,0,55,1
1196,49,166003,9,0,0,40,0
1198,42,60949,14,0,0,45,0
1199,51,181132,14,0,0,39,1
1200,20,408988,10,594,0,24,0
1203,41,208613,10,0,0,40,0
1205,20,125905,10,0,0,30,0
1206,35,165007,11,4386,0,42,1
1207,46,165346,14,0,0,8,0
1208,35,37655,9,0,0,60,0
1210,45,178530,8,0,0,40,0
1213,18,111019,6,0,0,24,0
1214,53,163826,10,0,0,45,1
1215,24,117023,13,0,0,40,0
1216,35,281982,9,0,0,40,0
1222,46,219967,12,15024,0,45,1
1224,45,353083,10,0,0,40,0
1225,29,257992,11,0,0,23,0
1228,29,207513,10,0,0,56,0
1229,53,56213,10,0,0,45,1
1230,24,100961,9,0,0,40,0
1233,43,70055,11,0,0,56,0
1236,37,94706,13,27828,0,40,1
1238,27,226976,9,0,0,50,1
1239,45,262678,13,0,0,40,0
1241,33,148380,13,3103,0,60,1
1242,42,270710,5,0,0,40,0
1243,29,166220,13,0,0,50,0
1244,29,229803,9,0,0,49,0
1249,55,135339,13,0,0,40,1
1250,47,287547,13,0,0,40,0
1251,21,197583,10,0,0,40,0
1255,33,123031,9,0,0,40,0
1257,37,232036,10,0,0,40,0
1258,19,233779,9,0,0,25,0
1260,46,481987,10,0,0,35,0
1261,42,107563,9,0,0,40,1
1262,28,184806,14,0,0,58,0
1263,36,188850,9,0,0,40,1
1264,39,127573,9,0,0,40,0
1266,57,142080,9,0,0,38,1
1269,44,67874,10,0,625,50,0
1271,30,370498,10,0,0,40,0
1274,24,289909,9,0,0,40,0
1275,26,284078,10,2354,0,40,0
1277,54,167380,9,0,0,40,1
1278,45,112761,10,0,0,45,0
1280,30,42900,13,0,0,40,0
1282,19,291181,5,0,0,50,0
1284,65,200764,9,0,0,40,0
1285,52,133336,6,0,0,25,0
1288,28,334032,11,0,0,50,0
1289,30,184901,13,0,0,40,1
1290,47,132912,10,0,0,55,1
1291,29,217290,10,0,0,40,0
1295,62,166691,9,0,0,40,0
1296,42,154374,14,0,0,55,1
1302,37,62428,10,0,0,15,0
1303,21,77572,9,0,0,34,0
1305,18,201117,9,0,0,40,0
1309,62,101582,4,0,0,35,0
1310,58,158357,13,0,0,40,0
1317,41,75171,13,0,0,40,0
1318,27,312939,7,0,0,40,0
1321,62,106069,4,0,0,40,0
1326,60,135158,10,15024,0,48,1
1327,47,54260,7,0,0,40,0
1345,58,170480,14,0,0,60,1
1346,48,224393,11,0,0,40,1
1348,25,86646,13,4865,0,48,0
1349,25,108683,10,0,0,50,0
1351,36,192939,9,0,0,60,0
1352,45,144086,7,0,0,50,0
1354,68,260198,13,0,0,40,1
1356,21,112225,10,0,0,15,0
1360,35,108140,14,0,0,50,1
1362,29,108126,5,0,0,40,0
1363,54,168212,13,7688,0,40,1
1364,32,198613,13,0,0,45,1
1366,30,509364,10,0,0,40,1
1367,66,128614,6,0,0,15,1
1369,36,317434,9,0,0,50,0
1370,34,158688,10,0,0,45,0
1371,39,267412,11,0,0,60,0
1374,28,78529,10,0,0,40,0
1377,44,210875,7,0,0,40,0
1378,34,108023,13,0,0,40,1
1379,33,103435,15,7688,0,50,1
1381,55,266019,5,0,0,4,0
1386,40,291300,7,0,0,40,0
1387,44,157473,14,0,0,50,1
1388,56,329948,9,0,0,40,0
1390,41,132853,2,0,0,40,0
1394,42,188789,4,0,0,35,0
1396,24,103277,11,0,0,40,0
1397,48,191013,13,0,0,40,0
1400,34,24361,15,10520,0,40,1
1401,28,82910,9,0,0,40,0
1402,65,105586,10,20051,0,40,1
1403,66,240294,10,0,0,60,0
1407,34,35595,13,0,0,40,0
1410,20,190290,9,0,0,45,0
1411,59,193375,14,0,0,10,0
1412,48,148576,9,0,0,40,1
1414,28,180299,9,0,0,48,0
1416,18,183011,10,0,0,15,0
1419,21,300812,9,0,0,40,0
1420,47,173938,13,0,0,40,0
1421,45,282172,12,0,0,40,0
1422,61,87300,9,0,0,40,0
1427,17,99695,6,0,0,15,0
1428,49,366089,13,0,0,50,1
1432,31,46492,11,0,0,40,0
1433,38,274245,12,0,0,40,0
1434,62,360032,6,0,0,35,0
1435,40,144778,9,0,0,40,0
1438,19,218171,10,0,0,2,0
1439,32,130242,13,0,0,45,0
1440,52,98980,9,0,0,40,0
1441,34,284629,9,0,0,40,0
1442,37,114591,12,0,0,50,1
1444,27,134890,11,0,0,40,0
1445,25,199545,9,0,0,35,0
1447,47,308241,13,0,0,60,1
1448,43,214781,10,0,0,38,1
1449,50,173630,14,0,0,36,1
1450,42,348059,12,0,0,40,1
1451,31,208785,7,0,0,30,0
1452,43,151809,9,0,0,30,0
1453,37,71592,9,0,0,17,0
1454,58,132704,13,3325,0,40,0
1455,32,250583,10,0,0,38,0
1456,35,114765,14,0,0,38,1
1460,42,145441,9,0,0,50,1
1461,27,86681,10,0,0,40,0
1462,69,188643,9,0,1429,30,0
1467,38,196123,10,0,0,40,0
1469,40,105936,15,0,0,40,0
1470,23,306639,5,0,0,40,0
1475,49,248145,9,0,0,40,0
1476,51,239284,9,0,0,40,0
1478,31,209101,13,0,0,50,1
1483,28,278552,11,0,0,60,1
1484,33,79303,10,0,0,50,0
1485,44,64632,13,0,0,55,0
1490,44,138471,10,0,0,50,0
1493,27,263728,9,3137,0,50,0
1494,44,103980,10,3325,0,35,0
1495,30,159442,9,0,0,35,0
1498,37,227253,1,0,0,30,0
1501,20,245182,10,0,0,10,0
1503,29,227890,10,0,0,40,0
1504,43,131650,10,0,0,40,1
1505,35,258725,12,0,0,40,0
1511,55,150917,4,0,0,80,0
1512,41,197372,6,0,0,70,0
1515,62,119684,13,2829,0,28,0
1517,69,199829,13,0,1258,40,0
1518,22,86745,10,0,0,40,0
1520,58,31137,9,3464,0,60,0
1521,32,104525,9,2407,0,40,0
1523,27,111361,10,0,0,35,0
1525,35,228881,9,0,0,40,0
1526,58,152731,13,0,0,40,1
1528,48,116360,11,0,0,10,0
1530,39,30828,9,0,0,40,0
1531,47,39518,13,0,0,60,0
1532,23,445758,3,0,0,40,0
1534,35,357619,11,0,0,40,0
1538,58,49893,14,0,0,50,1
1541,29,263300,9,0,0,55,0
1546,25,34965,10,0,0,40,0
1547,65,475775,9,0,0,22,0
1549,37,159917,5,0,0,25,0
1552,21,166827,10,0,0,32,0
1556,33,150688,16,0,0,50,1
1558,42,198282,13,0,0,60,1
1559,52,206359,11,0,0,40,0
1560,55,125659,9,0,0,6,1
1562,57,167457,4,0,0,40,0
1563,35,455469,13,0,0,40,1
1569,45,215620,9,0,0,40,0
1571,35,209629,13,0,0,40,0
1576,44,38321,9,0,0,40,1
1577,33,213307,2,0,0,40,0
1581,53,385520,9,0,0,55,0
1582,25,193716,10,0,0,50,0
1584,36,209993,3,0,0,40,0
1585,51,136060,9,0,0,40,0
1587,41,29927,11,0,0,40,0
1589,20,311376,10,0,0,25,0
1591,21,278391,9,0,0,25,0
1592,32,364657,13,0,0,50,1
1594,62,175080,9,0,0,40,0
1596,43,161240,11,0,0,60,0
1599,26,171114,13,0,0,40,0
1602,63,219337,4,3471,0,45,0
1604,39,189382,10,0,0,40,0
1605,26,121712,9,0,0,30,0
1606,28,192257,10,0,0,5,0
1607,20,68620,10,0,0,40,0
1610,33,191930,9,0,0,50,0
1611,26,269168,10,0,0,40,0
1612,20,123536,10,0,0,40,0
1618,47,182177,10,0,0,23,0
1619,24,109414,10,0,0,20,0
1625,21,113760,9,0,0,40,0
1629,40,55294,13,0,0,40,1
1632,47,275867,9,0,0,40,0
1638,27,153589,5,0,0,40,0
1642,39,44041,12,0,0,60,0
1643,22,208946,12,0,0,30,0
1644,47,202117,9,0,0,37,0
1646,35,215419,10,0,0,45,0
1647,20,175069,10,1055,0,30,0
1649,52,254680,9,0,0,99,0
1650,38,46385,9,0,0,40,0
1651,33,178463,9,0,0,40,0
1652,18,229296,9,0,0,35,0
1653,38,179352,12,0,0,40,0
1658,20,332689,3,0,0,40,0
1659,18,150817,8,0,0,45,0
1664,57,77927,3,0,0,37,0
1667,33,76493,13,0,0,50,1
1670,20,176321,10,0,0,40,0
1672,41,157217,9,0,0,40,0
1674,23,250918,10,0,0,30,0
1678,24,376474,9,0,0,40,0
1682,26,427744,9,0,0,40,0
1684,23,238179,9,0,2339,45,0
1686,30,259058,14,0,1726,40,0
1689,47,26145,12,0,0,40,0
1693,25,243410,9,0,0,40,0
1696,55,200327,9,0,0,18,0
1697,69,31501,11,0,0,40,0
1698,34,223327,9,0,1672,42,0
1699,52,191130,15,15024,0,40,1
1700,22,191561,10,0,0,30,0
1705,32,149368,13,0,0,40,1
1707,34,211051,13,0,0,40,0
1708,44,307468,11,0,0,50,1
1709,46,27847,9,0,0,48,1
1713,44,32627,14,0,1887,60,1
1714,43,42026,9,0,0,40,0
1715,48,72808,7,0,0,42,0
1719,51,110327,7,0,0,60,1
1721,36,130808,10,0,0,40,0
1726,42,153489,13,0,0,40,0
1728,53,337195,12,0,0,45,1
1729,35,214816,9,0,0,36,0
1730,20,92863,9,0,0,40,0
1731,38,226894,13,13550,0,40,1
1732,46,40666,13,0,0,40,0
1737,38,168223,10,0,0,40,0
1739,39,167482,10,0,0,40,0
1740,44,178417,9,0,0,40,1
1741,26,33604,9,0,0,25,0
1743,29,149902,16,0,0,80,0
1745,47,54260,10,0,0,45,0
1746,62,119986,13,0,0,60,1
1747,29,165218,13,0,0,55,0
1748,52,192853,9,0,0,40,1
1749,27,56299,7,0,0,40,0
1750,53,394690,10,0,0,5,0
1751,29,208406,12,0,0,40,0
1753,72,249559,9,0,0,25,0
1754,27,151382,9,0,0,40,0
1756,27,57092,9,0,0,45,0
1757,49,116927,14,0,0,60,0
1758,56,133876,13,0,0,40,1
1759,52,229259,15,0,0,40,1
1760,22,338162,9,0,0,40,0
1761,37,38948,13,0,0,40,0
1765,35,235485,13,0,0,40,1
1767,54,149596,13,0,0,45,0
1768,19,89211,9,0,0,40,0
1771,20,74631,5,0,0,40,0
1773,49,141069,9,0,0,40,0
1774,17,347248,6,0,0,20,0
1776,46,274200,9,0,0,50,0
1777,39,94036,9,0,0,40,0
1778,52,188431,9,0,0,45,0
1779,34,176802,7,0,0,40,0
1781,46,235646,9,0,0,40,0
1790,60,338833,9,0,0,38,0
1792,35,233786,9,0,0,40,0
1797,45,184070,9,0,0,40,0
1801,24,287413,9,0,0,60,0
1802,39,100011,12,0,0,38,0
1803,21,119673,10,0,0,30,0
1805,30,193246,9,0,0,40,0
1806,68,420526,14,0,0,5,0
1807,30,34574,14,0,0,50,0
1808,32,400061,15,15024,0,40,1
1809,49,107009,9,0,0,40,0
1812,40,179524,13,0,0,40,0
1813,23,473206,9,0,0,32,0
1817,56,76534,9,0,0,21,0
1818,42,218948,16,0,0,36,0
1819,37,175120,10,0,0,40,1
1820,32,100154,5,0,0,40,0
1825,33,202339,7,0,0,34,0
1826,58,205737,9,0,0,40,0
1828,22,303579,10,0,1602,8,0
1829,47,235108,10,5178,0,40,1
1830,41,201363,9,0,0,38,1
1831,41,244172,10,0,0,40,1
1832,73,99349,13,0,0,15,0
1835,22,146352,9,0,0,60,0
1839,27,181822,9,0,0,40,0
1841,37,35429,9,1506,0,40,0
1842,48,151584,9,0,0,46,0
1846,33,236396,13,15024,0,55,1
1847,25,40255,10,0,0,80,0
1849,47,332465,10,0,0,40,0
1855,57,40103,6,0,0,35,0
1856,24,145964,12,0,0,70,0
1857,32,268282,4,0,0,35,0
1859,22,220993,10,0,0,40,0
1860,20,88676,9,0,0,40,0
1862,37,177420,9,0,0,40,1
1863,20,203353,10,0,0,40,0
1865,32,181119,13,0,0,40,0
1867,31,243678,13,0,0,40,0
1868,39,170174,9,0,0,60,1
1869,48,102202,9,0,0,50,0
1870,38,249720,11,0,0,40,0
1873,17,173740,6,0,0,15,0
1875,28,193260,13,0,0,50,1
1876,18,175752,9,0,0,30,0
1877,37,202662,6,0,0,40,0
1878,26,167350,9,0,0,35,0
1881,43,56651,9,0,0,50,0
1883,34,144949,9,0,0,35,0
1884,42,234633,13,0,0,50,1
1886,38,247547,9,0,0,40,0
1891,25,151588,10,0,0,40,0
1892,54,217210,14,0,1887,38,1
1896,48,370119,13,0,2415,50,1
1899,25,149486,9,0,0,40,0
1901,51,22154,10,0,0,40,0
1902,30,144949,13,0,2559,40,1
1905,23,361278,10,0,0,20,0
1906,33,109509,9,0,0,35,0
1909,75,233362,6,0,0,40,0
1910,36,141609,10,0,0,50,1
1914,20,208908,10,0,0,40,0
1916,31,291494,14,0,0,40,1
1917,41,117747,13,0,0,40,0
1919,46,146786,6,0,0,50,0
1924,35,154410,13,0,1977,50,1
1926,21,97295,10,0,0,45,0
1929,29,75435,10,0,0,40,0
1930,53,116288,9,0,0,40,0
1931,43,136105,9,0,1848,40,1
1934,37,193106,13,0,0,30,0
1937,57,195820,9,0,0,40,1
1938,41,265671,9,0,0,40,0
1940,57,166107,9,0,0,40,0
1941,49,106207,13,0,0,40,0
1942,61,187135,10,0,0,56,0
1947,51,125796,7,0,0,40,0
1948,19,29526,9,0,0,32,0
1952,44,402718,2,0,0,40,0
1953,37,98360,8,0,0,40,0
1956,30,325509,9,0,0,35,0
1957,56,204745,10,3325,0,45,0
1958,58,152874,10,0,0,40,0
1960,36,141584,10,0,0,50,1
1961,26,156848,13,0,0,40,0
1962,42,40151,9,0,0,60,0
1963,24,50648,10,0,0,45,0
1965,19,91571,10,0,0,25,0
1968,20,133061,10,0,0,40,0
1969,47,219054,9,0,0,40,0
1972,54,220054,13,0,1902,40,1
1974,34,240979,9,0,0,80,0
1977,20,24274,9,0,0,35,0
1978,26,263444,11,14344,0,40,1
1981,53,94186,12,0,0,37,0
1983,46,66934,13,0,0,45,0
1984,32,196385,7,0,0,40,0
1985,42,47012,13,0,0,40,0
1986,28,216013,9,0,0,40,0
1987,67,98921,12,0,0,50,0
1988,23,320294,10,0,0,50,0
1991,22,120753,13,0,0,50,0
1994,44,84141,13,0,0,65,0
1996,27,225895,9,0,0,40,0
1997,36,126569,13,0,0,40,0
1999,32,111520,10,0,0,34,0
2000,53,283079,2,0,0,45,0
2001,41,109969,10,0,0,40,0
2003,22,247319,10,0,0,60,0
2004,65,200764,9,0,0,16,1
2006,28,137063,15,0,0,65,0
2011,62,343982,6,0,0,40,0
2014,28,107812,5,6849,0,35,0
2017,26,216842,14,0,0,10,0
2018,34,112115,13,0,0,40,0
2021,28,189530,9,0,0,35,0
2023,55,246219,4,2105,0,40,0
2026,37,184874,9,1151,0,40,0
2027,40,83827,10,0,0,40,0
2028,44,112847,4,0,0,40,0
2029,27,581128,10,0,0,40,0
2030,55,202652,11,0,0,30,0
2032,30,45427,13,0,0,70,0
2033,36,185848,9,0,0,40,0
2035,34,153614,12,0,0,40,0
2036,48,65353,11,0,0,42,0
2037,44,244172,3,0,0,40,0
2038,48,148995,9,14084,0,45,1
2041,49,47403,13,0,0,40,1
2042,75,226593,9,0,0,20,0
2044,29,271710,13,0,0,50,1
2045,47,231797,13,0,1977,55,1
2046,33,188403,9,0,0,44,0
2047,65,444725,15,0,0,48,1
2048,17,242605,6,0,0,15,0
2049,58,244605,13,0,0,40,1
2052,60,162151,9,0,0,45,0
2054,34,151693,9,0,0,40,0
2057,34,118901,9,0,0,40,0
2058,48,28419,13,0,0,40,0
2059,34,608881,9,0,0,40,0
2060,31,112564,10,0,0,40,0
2065,27,352797,9,0,0,40,0
2066,32,97281,10,0,0,40,0
2067,65,154351,9,2993,0,40,0
2068,22,117606,13,0,0,8,0
2069,25,222089,9,0,0,40,0
2071,29,194869,13,0,0,55,1
2072,33,283268,13,0,0,40,0
2075,28,110749,9,0,0,39,0
2076,72,173864,4,2290,0,45,0
2077,35,278442,13,7298,0,48,1
2078,33,162705,10,0,0,99,1
2080,18,105854,9,0,0,32,0
2082,48,182655,13,0,0,40,1
2083,22,213834,11,0,0,20,0
2085,81,240414,13,0,0,30,0
2088,20,323309,9,0,0,60,0
2095,47,263984,10,0,0,40,0
2096,21,190916,10,0,0,20,0
2098,19,43921,10,0,0,40,0
2099,37,183739,14,0,0,8,1
2103,60,113080,9,0,0,50,0
2104,43,197093,13,0,0,40,0
2109,53,95647,10,0,0,50,1
2110,50,98227,9,0,0,40,0
2111,23,430151,7,0,0,30,0
2117,35,224466,9,0,0,24,0
2121,28,216178,13,0,0,50,1
2122,52,91447,13,0,2205,8,0
2124,40,53956,13,0,0,50,0
2125,22,155913,9,0,0,18,0
2128,57,255406,9,0,1980,44,0
2129,54,278076,9,5178,0,40,1
2131,28,196286,9,0,0,40,0
2136,53,120914,7,0,0,40,0
2144,72,199233,15,0,2377,35,1
2145,23,133515,13,0,0,20,0
2146,46,117310,9,0,0,36,0
2147,51,163027,9,0,0,20,0
2149,43,91317,12,0,0,40,0
2150,42,106159,13,0,0,40,1
2152,31,175059,9,0,0,40,0
2154,59,169611,9,0,0,40,0
2156,19,37085,10,0,0,20,0
2158,26,179864,9,0,0,40,0
2160,28,243190,13,0,0,30,0
2162,25,81286,9,2174,0,40,0
2165,41,29213,10,0,0,45,0
2168,45,259412,15,99999,0,50,1
2171,39,430336,9,7688,0,45,1
2176,71,161342,9,0,0,3,0
2177,27,159109,10,0,0,42,0
2183,47,156926,13,0,0,40,1
2191,21,176998,9,0,0,40,0
2196,25,179255,10,0,0,25,0
2197,47,337825,10,0,0,45,1
2198,68,191517,10,0,0,40,0
2202,28,66893,13,0,1564,50,1
2203,61,266646,3,2290,0,40,0
2208,45,195918,9,0,0,60,0
2211,33,43608,10,0,0,40,0
2212,21,57827,9,0,0,40,0
2216,50,193720,13,7688,0,40,1
2219,28,370675,13,0,1408,50,0
2221,28,104329,10,0,0,50,0
2224,48,176239,5,0,0,40,0
2226,46,192713,9,0,0,45,0
2227,25,407714,9,0,0,40,0
2228,36,247547,9,0,0,40,0
2231,28,182509,10,0,0,35,0
2236,21,265361,9,0,0,50,0
2238,40,179557,13,0,0,40,0
2239,63,187919,14,5013,0,45,0
2243,57,69905,9,15024,0,40,1
2247,55,304695,15,0,0,55,0
2249,30,125228,9,0,0,50,0
2251,57,161642,9,0,0,45,1
2253,48,76482,10,0,0,50,0
2254,24,295073,9,0,0,50,0
2256,40,262461,9,0,0,40,0
2257,34,112680,9,0,0,20,0
2258,35,342642,14,0,0,40,0
2260,47,153536,14,0,0,37,1
2262,30,391114,12,0,0,40,0
2263,52,45599,9,0,0,50,0
2266,41,192602,10,0,0,40,1
2273,61,199193,12,0,0,40,0
2280,39,77146,10,0,0,55,1
2282,20,167868,9,0,0,35,0
2283,25,150132,9,0,0,40,0
2284,23,365881,13,0,0,25,0
2285,37,105044,13,0,0,40,1
2286,47,145636,9,0,0,40,1
2290,85,155981,13,0,0,40,1
2294,77,29702,9,0,0,35,1
2296,40,77572,10,0,0,40,0
2298,33,89360,9,5178,0,55,1
2299,34,227540,13,0,0,60,0
2302,32,194901,12,0,2057,70,0
2303,26,219796,13,0,0,43,0
2308,23,223367,10,0,0,40,0
2311,33,240441,10,0,0,45,0
2313,25,230403,13,0,0,40,0
2321,35,403489,9,0,0,40,0
2324,36,186819,12,0,0,40,1
2325,20,89991,10,0,0,35,0
2326,32,112139,9,0,0,30,0
2329,50,135102,14,0,0,55,1
2331,43,199689,13,0,0,20,0
2333,17,94492,6,0,0,30,0
2334,29,188564,13,0,1977,45,1
2336,38,189922,11,0,0,50,1
2343,40,132222,14,0,0,50,0
2344,27,199118,10,4865,0,40,0
2347,23,112854,10,0,0,35,0
2350,25,266668,10,0,0,20,0
2351,33,29144,13,0,0,55,1
2352,26,389856,13,0,0,60,0
2353,42,111589,11,0,0,40,0
2354,25,232938,10,0,0,40,0
2357,26,30776,13,0,0,40,1
2358,20,184779,10,0,0,40,0
2359,53,93449,15,0,0,40,1
2360,32,178107,9,0,0,40,0
2362,53,130143,13,0,0,45,0
2366,48,97470,10,0,0,40,1
2367,32,158603,11,0,0,7,0
2368,58,348430,9,0,0,40,1
2369,72,109385,2,0,0,36,0
2371,41,210591,9,0,0,40,0
2373,34,169583,14,0,0,50,1
2378,49,91608,10,0,0,40,0
2379,36,263896,9,0,0,40,0
2381,38,186531,9,0,0,40,0
2382,21,42706,10,0,0,30,0
2383,29,180115,9,0,0,45,0
2386,26,199224,10,0,0,30,0
2390,54,297551,10,7298,0,40,1
2391,46,343579,13,0,0,77,0
2392,34,230246,9,2202,0,99,0
2394,32,178691,13,0,0,45,0
2395,36,165855,13,0,0,40,0
2397,54,220115,9,0,1628,40,0
2402,57,190488,7,0,0,40,1
2405,31,214288,10,0,0,40,0
2412,29,112776,9,0,0,45,0
2415,69,156387,9,0,0,40,0
2417,44,132849,14,0,0,40,0
2418,31,300497,10,0,0,40,0
2421,40,112247,13,0,0,50,0
2424,51,289390,14,7298,0,40,1
2425,36,219546,10,0,0,60,1
2428,39,286026,13,0,0,52,0
2431,46,216647,6,0,0,20,0
2432,70,355536,9,0,0,24,0
2433,20,193130,10,0,0,30,0
2434,46,67725,13,0,0,10,0
2437,57,249072,10,99999,0,60,1
2439,63,130221,14,0,0,60,1
2440,21,201815,10,0,0,30,0
2442,35,202263,12,0,0,38,0
2444,23,231866,9,0,0,38,0
2445,35,211440,12,0,0,45,0
2447,61,274499,9,0,0,40,0
2452,19,327079,10,0,0,40,0
2454,27,203776,13,7688,0,45,1
2455,24,242138,13,0,0,20,0
2456,19,276937,10,0,0,25,0
2458,41,171351,9,0,0,50,1
2460,40,329341,14,0,0,35,1
2461,57,62539,9,0,1876,38,0
2462,58,265579,9,0,0,40,0
2464,39,116369,10,0,0,48,0
2466,29,103389,15,4787,0,40,1
2469,67,147377,9,0,0,45,0
2470,49,90579,9,5013,0,50,0
2472,59,275236,7,0,0,70,1
2473,23,340432,9,0,0,40,0
2476,33,300681,6,0,0,50,0
2480,41,510072,13,0,0,40,1
2482,26,247196,10,0,0,35,0
2483,54,178839,9,0,1848,40,1
2484,60,178764,9,0,0,25,0
2487,41,125268,13,0,0,40,0
2488,37,76845,14,0,0,40,0
2493,47,319205,10,0,0,40,0
2495,34,262118,11,0,0,40,0
2500,27,142621,13,0,0,40,0
2502,21,24896,10,0,0,35,0
2503,36,69251,9,0,0,40,0
2504,38,91716,7,0,0,40,0
2505,38,93717,11,0,0,45,0
2506,38,111499,15,0,0,32,0
2511,52,188644,10,0,0,30,0
2519,68,505365,13,0,0,70,0
2521,27,210295,13,0,0,40,0
2527,74,154347,9,0,0,10,0
2528,40,277507,9,0,1669,40,0
2529,53,172898,15,0,0,60,1
2532,30,181460,9,0,0,37,0
2533,38,149771,9,3325,0,40,0
2537,20,233198,9,0,0,40,0
2538,47,124974,10,0,0,25,0
2540,34,136331,9,0,0,60,0
2542,25,314464,9,0,0,40,0
2544,50,76728,10,0,0,39,0
2546,17,36801,6,0,0,18,0
2547,51,243631,9,2105,0,20,0
2551,21,154556,10,0,0,15,0
2553,27,122913,4,0,0,40,0
2565,61,197286,13,0,0,40,1
2566,49,285570,4,0,0,50,0
2570,27,162312,10,0,0,50,0
2572,33,97654,16,0,0,40,0
2576,44,277788,7,0,0,60,1
2579,65,94809,9,0,0,40,0
2580,38,219757,9,0,0,40,0
2583,47,185859,9,3103,0,60,1
2584,47,163748,14,0,0,35,0
2587,44,114753,10,0,0,38,0
2590,51,204567,11,0,0,45,0
2592,40,240698,13,0,0,50,1
2593,72,195181,9,0,0,32,0
2596,44,150519,9,0,0,40,0
2597,33,237903,10,0,0,40,0
2598,53,257940,4,0,0,40,0
2600,44,179666,12,0,0,40,0
2606,54,147629,14,7298,0,35,1
2607,31,145714,6,0,0,48,0
2609,21,214956,10,0,0,30,0
2611,37,136749,9,0,0,35,0
2613,19,43937,10,0,0,12,0
2616,21,137510,9,0,0,20,0
2620,37,593246,13,0,0,50,1
2627,40,29702,9,0,0,85,0
2628,40,276759,14,0,0,60,1
2629,36,179731,9,0,0,20,0
2630,64,234570,10,0,0,40,0
2632,20,143062,9,0,0,40,0
2638,25,197822,13,0,0,40,0
2639,40,167678,13,0,0,40,1
2645,58,185459,7,0,0,40,0
2646,17,91141,6,0,0,8,0
2653,62,162245,13,0,0,35,0
2654,78,152148,4,0,0,20,0
2655,54,186565,14,0,0,1,0
2657,31,185778,9,0,0,60,0
2660,77,148949,6,3818,0,30,0
2664,65,228182,13,0,0,40,1
2665,31,177426,13,0,0,40,0
2667,32,133530,14,0,0,20,0
2669,70,132670,14,9386,0,4,1
2673,34,49325,14,0,0,40,1
2675,54,207841,9,0,0,20,0
2676,32,269355,10,5178,0,50,1
2678,24,209034,9,0,0,50,0
2679,35,174571,9,0,0,40,0
2680,28,198583,9,0,0,35,0
2682,41,319271,10,0,0,50,0
2684,21,376416,10,0,0,40,0
2685,31,323829,9,0,0,45,0
2689,23,208946,13,0,0,40,0
2690,37,130805,12,0,0,99,1
2691,23,247090,5,0,0,55,0
2692,21,249150,9,0,0,24,0
2693,57,187138,9,0,0,40,0
2697,37,211168,10,0,0,35,0
2699,58,185072,13,0,0,40,1
2702,31,190650,14,0,0,40,0
2703,60,165792,14,0,0,8,0
2705,37,188279,9,0,0,40,0
2707,37,194820,9,0,0,42,0
2711,44,369131,9,0,0,40,1
2713,57,114686,11,2202,0,44,0
2714,24,356861,6,0,0,50,0
2715,26,156848,13,0,0,40,0
2717,60,134768,10,0,0,40,0
2722,48,168556,9,0,0,55,0
2723,63,60459,10,0,0,37,0
2724,42,212894,14,0,0,23,1
2725,17,41865,9,0,0,5,0
2728,55,180497,12,0,0,52,0
2730,33,93283,13,0,0,40,0
2731,34,264351,9,0,0,40,0
2733,32,295010,10,0,0,40,0
2741,24,190293,13,0,0,40,0
2742,39,170263,14,0,0,30,1
2745,51,166461,7,5455,0,40,0
2749,42,143069,9,0,0,60,1
2751,35,261504,9,0,0,40,0
2756,24,112009,9,0,0,35,0
2761,30,714597,10,0,0,45,0
2762,71,187703,11,11678,0,38,1
2768,38,215392,11,7298,0,45,1
2770,41,121012,7,0,0,50,0
2774,27,132372,9,0,0,40,0
2775,18,151404,7,0,0,15,0
2779,55,218456,14,0,0,50,0
2780,39,301614,9,0,0,40,0
2781,36,307134,13,0,0,42,0
2783,36,127961,13,0,0,50,1
2784,32,206297,13,0,0,60,0
2785,20,171156,10,0,0,25,0
2786,31,104729,2,0,0,35,0
2787,47,85109,10,13550,0,45,1
2791,45,281574,10,6849,0,43,0
2792,28,147889,6,0,0,40,0
2793,36,298753,10,0,0,60,0
2795,51,274948,10,0,0,60,0
2801,46,121586,13,0,0,40,0
2802,35,112008,10,0,0,40,0
2803,24,163053,7,0,0,36,0
2804,21,34446,10,0,0,35,0
2808,37,70282,9,0,0,40,0
2809,48,216214,10,3103,0,40,1
2811,53,235567,9,0,0,40,0
2812,31,356410,11,99999,0,40,1
2813,26,223558,9,0,0,40,0
2818,39,301070,13,0,0,70,1
2820,35,180419,9,0,0,40,0
2821,18,114828,8,0,0,4,0
2822,44,208606,10,0,0,40,1
2823,19,165977,10,0,0,25,0
2824,28,110408,9,0,0,40,0
2825,41,266047,13,0,0,40,1
2826,52,176124,9,0,0,40,1
2829,59,357118,13,0,0,40,0
2830,47,102388,9,0,0,60,0
2831,27,191515,14,0,0,45,0
2832,31,94413,9,3325,0,40,0
2834,37,218249,7,0,0,40,0
2838,47,149218,9,0,0,35,0
2840,43,222596,10,0,0,45,1
2841,31,168961,9,0,0,40,0
2842,37,206951,9,0,0,40,0
2846,38,187847,9,0,0,45,0
2847,39,186934,9,0,0,38,0
2851,40,110862,13,0,0,50,1
2852,28,197905,10,0,0,60,0
2854,29,109621,9,0,0,40,0
2855,50,194995,11,0,0,40,0
2856,42,137136,9,0,0,55,0
2857,47,67229,7,0,0,40,0
2858,44,197033,9,0,0,40,0
2862,48,49275,10,0,1485,50,0
2867,17,175109,7,0,0,25,0
2870,30,179747,9,0,0,45,1
2871,46,195416,13,0,0,44,1
2872,37,176949,4,0,0,50,0
2874,27,122540,10,0,0,40,0
2875,36,93461,9,0,0,30,0
2877,22,333838,9,0,0,40,0
2880,45,391585,13,7688,0,50,1
2884,29,255476,3,0,0,35,0
2885,40,320451,13,0,0,40,1
2886,33,454717,10,0,0,40,0
2887,23,374474,9,0,0,35,0
2888,19,78401,9,0,0,40,0
2892,53,217201,9,0,0,45,1
2893,24,160398,8,0,0,30,0
2897,48,157092,10,0,0,40,0
2898,45,130561,7,0,0,35,0
2899,33,202450,9,0,0,40,0
2900,32,303942,9,0,0,40,0
2903,42,38389,13,0,0,40,1
2904,35,147548,9,0,0,60,0
2905,62,116626,16,0,0,40,1
2906,46,110110,14,0,0,65,1
2907,44,230478,12,0,0,60,1
2908,28,398220,10,0,0,40,0
2911,37,211494,10,0,1980,55,0
2912,59,105745,11,0,0,45,1
2917,42,202083,11,0,0,40,0
2919,48,159577,6,0,0,40,0
2920,76,209674,4,0,0,7,0
2925,18,155503,7,0,0,20,0
2926,65,176835,14,7978,0,40,0
2931,33,49358,6,0,0,40,0
2934,52,48947,11,0,0,13,0
2936,21,82847,10,0,0,38,0
2938,54,264143,5,0,0,24,0
2944,40,90737,10,0,1887,40,1
2947,25,72887,7,0,0,40,1
2949,58,98361,9,0,0,40,0
2950,47,121253,16,0,0,29,0
2952,26,223705,9,0,0,40,0
2953,45,125892,14,0,1977,60,1
2954,37,202683,9,0,0,40,0
2955,58,99131,9,7298,0,40,1
2956,56,197577,9,0,0,40,0
2959,19,377405,10,0,0,20,0
2961,36,218729,10,0,0,30,1
2963,57,259010,10,0,0,84,0
2964,49,121124,9,0,0,50,0
2965,21,334593,10,0,0,40,0
2967,59,192845,9,0,0,40,1
2969,31,136402,12,0,0,40,0
2970,42,255847,4,0,0,40,0
2973,18,65098,9,0,0,15,0
2977,51,230095,9,0,0,38,0
2981,28,225809,10,0,0,40,0
2985,43,575172,11,3103,0,32,1
2988,42,95998,13,0,0,45,0
2989,50,177487,9,0,0,30,0
2992,58,84231,6,0,0,50,1
2993,41,475322,10,0,1617,35,0
2995,22,60331,10,0,0,10,0
2996,59,172618,10,0,0,56,0
2997,36,173273,14,0,0,40,0
3002,31,100333,7,0,0,36,0
3006,39,219137,12,0,0,40,0
3007,34,159589,9,0,2051,40,0
3014,68,322025,9,0,0,5,0
3021,34,136204,13,0,1902,32,1
3022,61,160431,9,0,0,40,0
3025,26,208881,13,0,0,42,0
3026,37,183127,9,0,0,40,0
3029,28,183627,10,0,0,50,0
3030,39,187921,9,0,0,99,0
3036,54,127704,4,0,0,40,0
3038,45,347993,4,0,0,44,0
3044,56,68452,9,0,0,40,0
3045,38,202027,13,0,0,40,1
3047,37,186934,13,0,0,40,1
3049,28,198493,12,0,0,40,0
3051,30,622192,10,0,0,6,0
3053,33,181824,9,0,0,20,0
3054,17,286422,6,0,0,25,0
3056,44,121012,13,5013,0,45,0
3057,33,164864,13,0,323,40,0
3058,17,74706,7,0,0,20,0
3059,22,185582,10,0,0,25,1
3063,47,115304,14,0,0,40,0
3064,28,340269,9,3137,0,45,0
3065,33,171889,8,0,0,35,0
3066,52,94873,9,0,0,19,0
3068,44,141131,8,0,0,40,0
3069,25,192735,9,0,0,70,0
3070,33,238186,10,0,0,98,0
3071,23,305609,12,0,0,52,0
3074,23,264874,11,0,0,40,0
3075,31,268832,9,0,0,37,0
3077,39,257597,12,0,0,42,0
3079,17,266497,5,0,0,40,0
3080,63,287972,13,0,0,20,0
3081,46,200569,9,0,0,40,0
3083,64,223075,13,0,0,8,0
3089,24,234663,9,0,0,60,0
3096,19,222445,10,0,0,10,0
3100,33,232356,7,0,0,45,1
3102,28,375703,9,0,1721,40,0
3103,33,252708,8,0,0,40,0
3104,33,186824,7,0,0,40,0
3105,36,176101,10,0,0,40,0
3106,21,175121,10,0,0,40,0
3108,45,180931,11,0,0,35,0
3111,24,194247,13,0,0,40,0
3115,33,218164,10,7298,0,55,1
3117,41,281725,3,0,0,40,0
3119,39,156667,9,0,0,18,0
3120,28,566066,10,0,0,45,0
3121,42,121352,13,0,0,80,1
3123,22,90860,10,0,0,40,0
3124,42,218302,9,0,0,55,0
3132,35,181099,6,0,0,40,0
3136,58,189528,9,0,0,84,0
3138,25,90752,13,0,0,30,0
3143,18,160984,7,0,0,6,0
3144,24,493732,2,0,0,40,0
3147,32,316589,14,0,0,40,1
3149,40,309990,10,0,0,40,0
3150,26,241852,8,0,0,40,0
3151,41,184105,9,0,0,55,1
3152,50,134680,9,0,0,40,0
3153,20,274545,10,0,0,10,0
3157,22,255575,9,0,0,35,0
3161,70,50468,9,0,3175,15,0
3163,21,145964,10,7298,0,60,1
3164,39,185084,10,0,0,55,0
3166,28,63042,9,0,0,35,0
3168,23,273049,4,0,0,20,0
3169,54,239256,10,0,0,40,0
3171,29,165764,13,0,0,35,0
3172,22,152744,10,0,0,10,0
3174,41,118544,9,0,0,32,0
3175,39,269548,2,0,0,70,0
3176,25,319303,10,0,2472,40,1
3177,74,216001,4,0,0,20,0
3179,18,427437,9,0,0,40,0
3180,24,198259,13,0,0,40,0
3181,45,54314,5,0,0,20,0
3183,53,294547,10,0,0,48,0
3186,24,125010,13,0,0,45,0
3192,34,362787,6,0,0,30,0
3193,29,39388,9,0,0,40,0
3195,29,31659,10,2202,0,45,0
3196,70,176940,10,0,0,16,0
3201,27,129009,13,0,0,55,0
3204,26,192652,13,0,0,20,0
3212,23,398130,9,0,0,96,0
3213,34,142989,13,0,0,40,0
3215,19,225156,5,0,0,45,0
3216,18,311863,9,0,0,40,0
3217,35,170682,7,0,0,32,0
3222,37,112497,13,0,0,60,0
3223,36,178487,9,0,1669,40,0
3226,36,104772,13,3908,0,40,0
3228,34,73296,7,0,0,40,0
3229,24,216853,9,0,0,37,0
3231,47,200734,9,0,0,50,0
3232,19,87515,9,0,0,44,0
3233,18,161245,7,0,0,8,0
3235,21,287681,9,0,0,40,0
3238,29,394356,9,0,0,40,0
3239,34,263150,10,0,0,45,1
3242,63,90393,10,0,0,48,0
3249,69,137109,6,0,0,16,0
3252,39,176900,9,0,0,60,1
3256,20,313873,9,0,0,30,0
3264,30,123253,13,0,0,45,0
3266,17,116267,8,0,0,15,0
3268,25,198512,13,0,0,40,0
3269,49,131826,15,99999,0,50,1
3270,35,129764,9,0,0,45,0
3271,32,49398,13,10520,0,40,1
3275,50,227458,9,0,0,51,0
3278,41,328013,14,0,0,65,0
3280,18,122988,9,0,0,20,0
3282,21,256278,9,0,0,35,0
3288,18,98549,9,0,1602,35,0
3295,56,36990,9,0,0,52,1
3296,18,303240,9,0,0,20,0
3297,76,217043,6,0,0,15,0
3300,39,285890,10,0,0,40,1
3304,55,150507,10,0,0,40,0
3308,32,154120,9,0,0,40,0
3311,54,183668,9,0,0,40,0
3315,17,150471,6,0,0,25,0
3316,41,32627,9,0,0,40,0
3317,43,153109,12,0,0,60,0
3319,43,176716,13,0,0,70,1
3320,46,171850,9,0,0,42,0
3323,31,23500,9,0,0,75,0
3325,50,62593,11,0,0,40,1
3328,57,229270,13,0,1579,37,0
3332,26,316337,10,0,0,40,0
3333,38,179123,10,0,0,50,1
3336,41,55395,10,0,0,40,0
3338,30,241844,9,0,0,40,0
3341,68,128986,4,0,0,30,0
3342,18,67019,9,0,0,30,0
3344,43,256813,14,0,1902,40,1
3346,43,107584,10,0,0,55,0
3351,37,277347,9,0,0,40,1
3354,38,131288,11,0,0,50,0
3355,46,99014,10,0,0,35,0
3358,45,175600,11,0,0,50,0
3359,31,240504,10,0,1902,50,1
3362,23,164901,10,0,0,20,0
3364,41,130126,10,0,0,60,1
3366,31,103651,13,0,0,45,1
3367,25,261419,13,0,0,50,0
3372,21,163595,10,0,0,45,0
3373,22,181096,13,0,0,20,0
3379,23,32732,10,0,0,40,0
3384,54,139127,9,0,0,40,0
3389,58,179715,13,0,0,47,1
3390,55,204816,10,0,0,40,1
3391,58,35520,10,7688,0,40,1
3392,46,101320,13,0,0,42,1
3393,40,210857,10,0,1902,50,1
3397,36,176249,9,0,1590,40,0
3398,29,187746,10,0,0,40,0
3402,23,65225,10,0,0,15,0
3403,36,225330,9,0,0,40,0
3404,31,101562,13,0,0,50,1
3406,60,227311,6,0,0,40,0
3407,29,51260,9,0,0,40,0
3408,31,256609,9,0,0,40,0
3409,35,123939,9,0,0,40,0
3415,42,178983,13,0,0,37,0
3417,19,311015,9,0,0,40,0
3418,20,126038,10,0,0,20,0
3422,34,223267,9,2829,0,78,0
3425,32,154785,10,0,0,40,0
3426,28,248404,10,0,0,60,0
3429,30,133250,10,0,0,50,0
3430,28,402771,11,0,0,23,0
3432,21,116234,10,0,0,44,0
3436,23,202373,9,0,0,20,0
3439,50,136898,11,0,0,55,0
3441,36,114055,11,3325,0,40,0
3444,46,37353,10,0,0,45,0
3445,36,379672,11,0,0,60,0
3446,64,130727,9,2174,0,37,0
3447,51,172046,13,0,0,45,1
3448,57,228764,11,0,0,40,0
3451,61,195789,14,0,0,30,0
3454,22,62865,10,0,0,8,0
3455,25,275197,9,0,0,40,0
3456,63,124015,14,0,0,40,1
3459,31,119164,9,0,0,40,0
3460,35,263081,10,0,0,84,0
3461,54,96062,13,0,0,40,0
3464,37,109633,9,0,0,40,0
3465,29,109404,13,0,0,50,0
3466,56,126677,9,3103,0,40,1
3471,49,459556,11,0,0,50,0
3472,37,95551,10,0,0,45,0
3473,36,126675,13,0,0,35,0
3475,53,108435,9,0,0,40,0
3476,18,141332,7,0,0,8,0
3479,64,226878,14,9386,0,50,1
3481,41,109539,9,0,0,40,0
3483,56,294209,9,0,0,48,0
3484,33,130215,10,0,0,35,0
3486,29,168221,9,0,0,40,0
3487,55,288907,9,4787,0,40,1
3489,32,170276,13,0,0,46,1
3490,33,117963,9,0,0,55,0
3493,33,181091,8,0,0,16,0
3497,26,201579,3,0,0,14,0
3498,44,137367,9,0,0,40,0
3500,28,129814,10,0,0,50,0
3510,48,548568,14,0,0,50,1
3511,47,117849,9,0,0,40,0
3514,59,168416,9,0,0,36,0
3515,63,33487,4,0,0,70,1
3518,45,32948,13,0,0,60,0
3519,48,196689,13,0,0,40,1
3521,44,325159,11,0,0,40,0
3526,25,225135,9,0,0,40,0
3529,29,214987,10,2174,0,40,0
3530,19,311974,9,0,0,40,0
3533,42,64631,13,0,0,40,1
3534,63,151364,9,0,0,25,0
3536,41,200479,11,0,0,65,0
3537,66,30740,9,0,0,15,0
3538,59,153484,10,0,0,40,1
3540,29,565769,1,0,0,40,0
3541,44,92162,9,0,0,40,0
3544,44,185602,11,0,0,40,0
3546,70,111712,9,0,0,22,0
3555,63,55946,9,0,0,40,0
3556,41,123306,10,0,0,40,0
3557,27,284250,10,0,0,40,0
3559,23,309178,9,0,0,40,0
3560,44,69236,10,0,0,40,0
3562,38,126675,13,0,0,40,1
3563,39,187693,11,0,0,45,1
3564,56,41100,14,0,0,40,1
3565,53,261839,10,0,0,40,0
3571,25,194813,9,0,0,50,0
3574,27,399123,9,0,1719,40,0
3576,47,47270,8,0,0,40,0
3580,40,32533,4,0,0,30,0
3581,30,296897,9,0,0,40,0
3585,46,104908,9,0,0,40,0
3589,64,29559,9,0,0,38,0
3591,49,160706,7,0,0,40,0
3594,39,118286,10,0,0,40,0
3595,22,187703,11,0,0,40,0
3597,32,68330,9,0,1485,40,0
3599,45,203785,5,0,0,40,0
3600,23,32732,10,0,0,25,0
3601,54,204567,9,0,0,40,0
3602,39,131808,10,7688,0,80,1
3604,55,117477,7,0,0,40,0
3610,30,111567,10,0,0,40,1
3611,38,108293,10,0,0,45,1
3612,34,424988,5,0,0,40,0
3614,42,163322,10,0,0,38,0
3619,48,247053,10,0,0,40,0
3624,20,55465,9,0,0,40,0
3626,23,255685,10,0,0,25,0
3627,30,180765,7,0,0,32,0
3630,37,159491,10,0,0,40,1
3631,28,167789,9,0,0,60,0
3632,23,124971,13,0,0,40,0
3633,19,61710,10,0,0,12,0
3634,32,127895,9,0,0,40,0
3635,23,390348,10,0,0,44,0
3637,52,260954,6,0,0,40,0
3641,32,29144,13,0,0,35,0
3642,39,124685,12,0,0,50,0
3643,18,88440,9,0,0,36,0
3644,28,265074,7,0,0,40,0
3647,76,138403,9,0,0,20,0
3648,35,216473,9,0,0,40,0
3651,23,389792,13,0,0,30,0
3656,53,237523,10,0,0,40,1
3659,31,131633,9,0,0,40,0
3660,43,33121,10,0,0,35,0
3663,46,127441,13,0,0,40,1
3665,42,91585,10,0,0,40,0
3669,40,246862,13,0,0,8,0
3673,30,269723,10,0,0,45,0
3674,24,165054,11,0,0,45,0
3675,24,127537,5,0,0,35,0
3676,24,326931,5,0,0,40,0
3677,24,307133,10,0,0,40,0
3679,50,160400,9,0,0,40,0
3682,18,218183,10,0,0,25,0
3684,18,232190,9,0,0,20,0
3685,38,233033,14,0,0,40,0
3687,33,205950,11,0,0,40,1
3693,36,82488,13,0,0,40,0
3694,31,40909,10,0,0,40,0
3698,68,353524,4,0,0,60,0
3702,26,100125,12,0,0,30,0
3704,43,72338,14,0,0,40,1
3705,20,254547,9,0,0,35,0
3707,39,270557,14,0,0,50,1
3709,36,116445,9,0,0,40,0
3710,34,247540,9,0,1974,30,0
3713,44,360879,10,0,1902,80,1
3714,51,256051,7,0,1628,40,0
3717,38,187711,10,0,0,43,1
3718,34,206707,10,0,0,60,0
3720,47,409464,9,0,0,40,0
3721,62,235997,8,0,0,37,0
3724,53,290290,10,0,1590,50,0
3726,77,189173,9,0,0,35,0
3733,77,267799,16,0,0,4,1
3735,26,334267,10,0,0,40,0
3738,35,240467,10,0,0,40,1
3739,23,186006,9,0,0,37,0
3740,38,65738,11,0,0,40,0
3742,27,413870,10,0,0,40,0
3743,45,176341,9,0,0,32,0
3745,24,117210,13,0,0,36,0
3747,42,188465,9,0,0,25,0
3752,24,161415,7,0,0,35,0
3753,24,395297,10,0,0,30,0
3754,40,385357,13,0,0,72,1
3756,35,222450,13,0,0,40,0
3757,61,38603,4,0,0,20,0
3758,50,178946,14,0,0,50,1
3762,31,111567,9,0,1848,50,1
3764,30,153549,13,0,0,48,0
3765,44,264016,13,0,0,40,0
3767,64,184271,16,0,0,50,1
3768,23,49296,10,0,0,40,0
3770,18,304699,6,0,0,40,0
3771,24,267181,10,0,0,35,0
3772,40,154076,9,0,0,45,0
3776,56,269681,9,0,0,35,0
3777,25,789600,9,0,0,40,0
3781,64,207188,13,0,0,40,0
3782,41,246258,10,0,0,40,0
3783,44,101563,14,7430,0,45,1
3791,25,405281,10,0,0,40,0
3794,33,161035,7,0,0,49,0
3798,43,196158,10,0,0,38,0
3800,23,215616,9,0,0,37,0
3803,54,99185,13,0,1977,40,1
3805,58,82050,10,0,0,60,1
3808,53,309466,9,0,0,40,0
3809,77,100883,4,0,0,8,0
3813,34,117963,9,0,0,45,0
3814,45,160440,9,0,0,55,1
3816,58,191830,9,0,0,55,0
3826,47,33114,7,0,0,50,0
3828,36,104213,10,0,0,40,0
3829,31,257849,9,0,0,40,0
3830,56,50490,9,0,0,40,0
3831,18,85508,8,0,0,12,0
3832,54,60449,13,0,0,60,0
3834,65,158177,14,10605,0,44,1
3835,65,115922,7,0,0,24,0
3836,21,403471,10,0,0,48,0
3837,22,176131,10,0,0,40,0
3841,21,127914,10,0,0,20,0
3842,49,182211,9,0,0,50,1
3843,30,48520,9,0,0,43,0
3844,20,403118,10,0,0,11,0
3846,46,334456,5,0,0,40,0
3847,31,263110,9,0,0,40,0
3848,31,279015,10,0,1887,40,1
3851,65,44807,10,0,0,48,1
3852,48,129777,9,0,0,40,0
3854,44,227466,10,0,0,40,1
3858,45,40666,13,0,0,40,0
3859,57,190514,5,0,0,40,0
3860,36,404661,10,0,0,40,1
3862,43,175133,10,0,0,35,0
3869,51,196828,10,0,0,38,1
3870,20,195075,10,0,0,30,0
3873,67,36876,9,0,0,40,0
3876,41,184583,10,0,0,59,0
3877,33,244817,9,0,0,40,0
3878,35,386726,13,0,0,40,0
3882,29,103628,13,0,0,4,0
3883,21,391936,10,0,0,25,0
3884,31,168740,9,0,0,40,1
3886,19,201178,9,0,0,25,0
3887,63,75813,15,99999,0,60,1
3888,34,398988,13,0,0,18,0
3889,38,158363,10,0,0,40,0
3891,34,170017,9,0,0,40,0
3893,27,54861,10,0,0,32,0
3898,63,199888,9,0,0,40,0
3903,19,332928,7,0,0,40,0
3906,66,115880,10,3818,0,40,0
3907,57,375502,13,0,0,55,1
3908,49,155659,3,0,0,40,1
3909,36,122240,10,0,0,40,0
3911,46,35136,7,0,0,40,0
3913,24,116358,9,0,2339,40,0
3914,17,171461,6,0,0,14,0
3915,32,131584,9,0,0,40,0
3916,40,29520,9,0,0,65,0
3917,35,246463,13,0,0,50,0
3918,22,32616,10,0,0,30,0
3922,45,375606,13,0,0,40,1
3924,50,54342,9,0,0,40,0
3925,31,208798,9,0,0,40,0
3927,36,110861,9,0,0,20,0
3929,23,129345,10,0,0,50,0
3931,44,187702,9,0,0,40,1
3932,47,293917,9,0,0,40,1
3933,61,160143,9,15024,0,45,1
3934,50,345450,4,0,0,40,0
3937,46,265371,10,0,0,40,0
3940,32,280077,9,0,0,60,0
3941,48,143920,14,0,0,25,0
3942,40,190507,9,0,0,60,1
3945,43,215458,16,99999,0,45,1
3947,62,78273,10,0,0,40,0
3948,44,105475,9,0,0,40,0
3950,42,149102,11,0,0,40,0
3952,23,864960,6,0,0,40,0
3953,63,154526,10,0,0,40,0
3957,50,237503,9,0,0,40,0
3959,40,59916,9,0,0,40,0
3961,51,299119,13,0,0,50,1
3962,29,114072,10,0,0,46,1
3966,43,85440,14,0,0,45,1
3968,40,222434,13,0,0,45,1
3969,25,138111,10,2174,0,40,0
3979,51,79324,16,0,0,30,0
3980,50,188882,7,0,0,40,0
3981,39,72338,10,0,0,40,1
3983,24,113936,13,0,0,55,0
3984,43,182521,15,15020,0,35,1
3985,60,124198,13,4386,0,84,1
3987,60,176360,13,0,0,50,1
3991,59,258883,11,0,0,40,0
3992,45,196638,9,0,0,45,0
3993,43,95246,15,0,0,5,1
3994,20,216672,10,0,0,30,0
3995,25,61956,13,4650,0,45,0
3998,37,112838,14,0,0,55,1
3999,31,158688,11,0,0,40,1
4002,51,30012,9,0,0,80,0
4003,20,50163,10,0,0,25,0
4004,50,143822,16,15024,0,40,1
4005,19,497414,4,0,0,35,0
4006,30,235109,11,0,0,40,0
4007,32,339196,9,0,0,40,0
4009,43,59460,13,0,0,40,0
4011,32,103642,11,0,0,50,1
4012,41,70447,10,0,0,60,0
4016,38,332154,13,0,0,60,1
4017,18,471876,9,0,0,15,0
4019,38,107164,10,0,0,55,1
4023,56,177368,10,7298,0,45,1
4024,40,218653,10,0,0,40,0
4025,39,191137,10,0,0,40,0
4026,50,181585,10,0,0,40,0
4029,37,280966,13,0,0,40,1
4032,62,77884,2,0,0,40,0
4033,41,99373,9,0,0,40,0
4036,22,198366,9,0,0,20,0
4037,42,238384,9,0,0,36,0
4038,27,214695,13,0,0,50,0
4039,33,120420,7,0,0,40,0
4042,49,723746,9,0,0,43,0
4043,67,427422,10,2414,0,16,0
4044,44,54271,9,0,0,40,0
4046,49,230796,9,0,0,40,0
4048,41,109912,9,15024,0,50,1
4050,22,335950,9,0,0,70,0
4051,45,163174,7,4386,0,40,1
4052,24,81145,10,0,0,25,0
4054,28,209934,10,0,0,40,0
4056,57,322691,11,0,0,40,1
4057,68,99849,9,0,0,28,0
4058,23,213004,10,0,1719,30,0
4059,49,182313,9,0,0,40,0
4060,42,201505,14,0,0,65,0
4061,61,227119,9,0,0,40,1
4063,22,170583,7,0,0,40,0
4067,59,168079,9,0,0,35,0
4070,27,301514,10,0,0,40,0
4072,63,165611,10,15024,0,40,1
4073,32,96480,10,0,0,40,0
4076,22,377815,10,0,0,20,0
4077,24,271379,10,0,0,25,0
4079,36,77953,9,0,0,40,0
4080,30,345122,10,0,0,50,0
4081,38,172855,7,0,0,20,0
4082,34,87131,6,0,0,40,0
4083,21,328906,10,0,0,30,0
4086,32,178835,12,2174,0,40,0
4088,64,172768,9,0,0,40,0
4098,35,186934,13,0,0,40,0
4099,28,692831,13,0,0,48,0
4100,17,154078,8,0,0,16,0
4102,67,325373,4,0,0,48,0
4103,43,160369,10,0,0,65,0
4106,19,204337,9,0,0,25,0
4112,32,334744,9,0,0,45,0
4114,29,194458,13,0,0,40,0
4117,21,278130,9,0,0,40,0
4118,23,251073,6,0,0,40,0
4119,21,153209,10,0,0,40,0
4120,42,360879,10,0,0,40,0
4124,36,161141,14,0,0,50,1
4125,34,535869,10,0,0,30,0
4131,29,221428,8,0,0,35,0
4133,20,356347,10,0,0,10,0
4134,50,245356,10,0,0,50,1
4135,31,247088,9,0,0,50,0
4138,38,109594,13,0,0,70,1
4141,27,179681,11,0,0,40,0
4144,33,164683,9,0,0,40,0
4147,23,227943,13,0,0,40,0
4149,26,116991,9,0,0,40,0
4161,34,121093,13,0,0,53,1
4163,35,95708,13,7688,0,60,1
4165,29,114158,13,0,0,40,0
4170,44,96170,4,0,0,20,0
4172,42,350550,10,0,0,45,0
4174,26,124111,13,0,0,35,0
4175,36,250224,9,0,0,40,0
4191,46,102852,4,0,0,40,0
4194,25,276728,9,0,0,43,0
4197,18,27620,9,0,0,30,0
4198,46,192235,7,0,0,40,0
4199,27,467936,10,0,0,48,0
4201,61,184009,13,0,2444,50,1
4204,26,123384,9,0,0,20,0
4206,41,238384,9,0,0,40,0
4207,43,171351,12,0,0,20,0
4208,38,162424,13,0,0,40,1
4209,20,333838,10,0,0,35,0
4213,39,103323,13,0,1669,40,0
4214,22,221694,10,0,0,60,0
4215,52,214091,9,0,0,40,0
4216,35,171062,13,0,0,40,0
4217,46,278200,9,0,0,40,0
4218,20,187592,10,0,0,40,0
4221,22,117789,10,0,0,40,0
4223,40,69730,9,0,0,40,0
4225,55,54566,9,0,0,40,0
4226,53,698039,13,0,0,28,0
4227,57,76571,6,0,0,40,0
4229,47,146786,11,0,0,40,0
4232,18,132397,8,0,0,18,0
4234,25,136226,9,0,0,40,0
4237,66,207917,4,1797,0,20,0
4240,19,210509,10,0,0,30,0
4242,41,91316,12,0,0,40,0
4243,41,205670,9,0,0,40,0
4245,52,264129,10,0,0,40,0
4248,32,164519,13,0,0,55,0
4250,33,427812,13,0,0,15,0
4251,59,172618,6,0,0,50,0
4253,40,114157,9,0,0,40,0
4255,45,180680,7,0,0,35,0
4264,37,248919,2,0,0,66,0
4266,60,285365,10,0,0,50,0
4269,42,46019,10,5178,0,50,1
4270,71,161027,14,0,0,8,1
4272,57,258121,13,0,0,50,0
4273,56,242782,9,0,0,44,0
4275,42,182402,9,0,1887,50,1
4276,24,254767,7,0,0,40,0
4277,31,112115,9,0,0,40,1
4278,58,117299,9,0,0,40,1
4279,44,214781,14,0,0,45,1
4281,24,234791,10,0,0,25,0
4282,34,126584,13,0,0,45,0
4283,72,28865,4,0,0,14,0
4284,61,163729,9,0,0,40,0
4285,33,218407,13,0,0,80,1
4286,58,95428,14,0,0,40,0
4288,25,150312,9,0,0,40,0
4291,40,125461,9,0,0,40,0
4296,28,180313,13,0,0,40,0
4298,71,124901,9,0,0,50,0
4299,63,214275,9,0,0,55,0
4302,22,218415,10,0,0,50,0
4303,45,105431,9,0,0,39,0
4305,29,59792,13,0,0,40,0
4306,44,75742,13,0,0,40,0
4308,22,310197,4,0,0,40,0
4309,64,73413,9,0,0,50,0
4313,43,677398,13,0,0,45,1
4314,26,263300,12,0,0,75,0
4316,37,156261,14,0,0,50,1
4319,39,245361,10,0,0,10,0
4323,30,178952,9,0,0,40,0
4324,34,156266,7,0,0,60,0
4326,18,296090,9,0,0,30,0
4328,55,269763,10,0,0,10,0
4329,56,287833,10,0,0,35,1
4330,19,190093,8,0,0,40,0
4332,18,131414,9,0,0,40,0
4334,33,184440,8,0,0,36,0
4335,28,216479,13,0,0,40,0
4336,38,293475,9,0,0,40,0
4337,53,109982,10,0,0,40,0
4339,32,56658,9,0,0,40,0
4340,58,159008,13,0,1887,40,1
4343,33,236379,11,0,0,45,1
4345,51,276214,9,0,0,40,0
4346,39,113749,5,0,0,40,0
4347,32,100837,9,0,2002,66,0
4352,76,152839,9,0,0,20,0
4353,46,32290,10,0,0,40,0
4354,27,204373,10,0,0,40,0
4356,19,245408,9,0,0,20,0
4357,30,127610,11,0,0,40,0
4360,36,251091,13,0,0,60,1
4361,71,149950,9,0,0,20,0
4362,32,464621,10,0,0,40,0
4363,43,170230,9,0,0,40,0
4364,33,100294,9,0,0,50,0
4366,38,33046,11,0,0,36,0
4367,76,84428,10,2062,0,37,0
4369,23,220874,13,0,0,40,0
4374,51,97180,9,0,0,15,0
4375,18,194091,7,0,0,24,0
4378,25,181814,10,0,0,40,0
4380,49,213668,14,0,0,40,1
4385,26,211231,13,0,0,40,1
4386,25,259715,9,0,0,50,0
4388,39,153997,9,0,1902,40,1
4390,32,236861,9,0,0,42,0
4396,30,348592,6,0,0,40,0
4398,32,170983,9,0,0,40,0
4399,23,121407,9,0,0,35,0
4400,40,210275,9,0,0,40,0
4401,21,116358,9,0,0,40,0
4402,48,189123,14,0,0,40,0
4405,30,370990,14,0,0,45,0
4407,38,34493,10,0,0,40,0
4413,44,128586,13,0,0,40,0
4415,28,107458,9,0,0,45,0
4416,57,151874,9,0,0,50,0
4420,35,57640,4,0,0,40,0
4421,40,67874,14,0,0,58,0
4426,30,408328,1,0,0,40,0
4427,29,269254,9,0,0,40,0
4431,24,167316,9,0,0,30,0
4432,26,291586,9,0,0,40,0
4434,25,178025,10,0,0,9,0
4435,53,104280,8,0,0,40,0
4438,39,327120,9,0,0,40,0
4439,51,43878,16,0,0,50,1
4440,25,40915,13,0,0,15,0
4441,49,83444,13,0,0,85,1
4445,62,161802,2,0,0,30,0
4446,40,184804,14,0,2205,45,0
4447,30,547931,10,0,0,40,0
4450,28,169069,9,0,0,40,0
4455,84,157778,10,0,0,6,0
4456,46,149337,10,0,0,55,0
4457,23,97054,9,0,0,55,0
4460,34,378723,6,0,0,45,0
4461,23,209955,10,0,0,40,0
4462,38,312766,13,0,0,40,1
4464,22,238917,7,0,0,40,0
4467,60,190497,4,0,0,40,0
4470,20,177896,9,0,0,40,0
4471,38,349951,9,4508,0,55,0
4473,32,308955,12,0,0,20,0
4474,36,126896,10,0,0,35,0
4481,21,30796,10,0,0,25,0
4485,28,301010,7,0,0,40,0
4486,20,222007,10,0,0,24,0
4487,32,72630,16,3325,0,45,0
4493,32,37646,10,0,0,45,0
4497,58,185338,13,0,0,40,1
4499,61,54780,13,0,0,40,1
4501,36,66687,9,0,0,50,0
4503,35,248694,9,0,0,40,0
4506,23,172232,9,0,0,53,0
4507,59,32446,9,0,0,40,0
4509,23,164920,10,0,0,15,0
4517,45,123681,15,0,0,40,1
4518,64,181628,9,0,0,20,0
4520,55,174533,14,0,0,40,0
4524,54,27484,9,0,0,40,1
4526,28,187746,13,0,1669,40,0
4529,61,127198,9,0,0,40,0
4533,30,210926,5,0,0,40,0
4534,34,195144,9,0,0,40,0
4537,19,111232,10,0,0,30,0
4539,48,148254,13,0,1902,40,1
4541,52,285224,9,0,0,32,0
4543,51,128260,13,0,0,40,1
4546,19,58471,9,0,0,40,0
4549,40,163628,11,0,0,40,0
4551,58,139736,9,0,1741,40,0
4555,55,497039,10,0,0,56,0
4559,45,252079,14,0,0,40,1
4561,33,48520,9,0,0,40,0
4562,35,346605,10,0,0,20,0
4565,44,55844,13,0,0,45,1
4566,61,215789,9,0,0,40,0
4569,28,451742,9,0,0,40,0
4570,53,173754,9,0,0,40,1
4571,51,350131,9,0,2339,40,0
4575,25,420081,12,0,0,20,0
4576,38,142282,13,0,0,40,0
4578,36,148143,9,0,0,40,0
4582,51,275507,10,0,0,50,0
4586,32,113129,13,0,0,38,1
4587,24,201680,10,0,0,40,0
4588,63,158609,6,0,0,20,0
4589,67,22313,10,20051,0,40,1
4592,32,50178,9,0,0,40,1
4593,38,65624,10,0,0,45,0
4597,47,127441,10,0,0,42,0
4598,30,210541,9,0,0,40,0
4602,45,253827,13,7688,0,40,1
4604,34,111985,9,0,0,50,1
4605,37,152909,10,0,0,60,0
4606,57,279340,4,0,0,29,0
4608,31,270889,9,0,0,40,0
4609,32,241731,10,0,0,40,0
4610,45,256649,13,0,0,45,1
4614,43,138872,9,0,0,50,0
4624,17,179807,6,0,0,16,0
4626,46,260549,10,0,0,80,1
4627,31,408208,9,0,0,40,0
4629,28,203784,1,0,0,38,0
4631,26,666014,13,0,0,50,0
4633,52,197515,9,0,0,40,0
4634,55,209476,14,0,0,40,0
4635,67,192995,9,6723,0,40,0
4636,25,39640,10,0,0,48,0
4639,20,167424,10,0,0,40,0
4641,56,174533,13,0,0,20,0
4643,36,414910,4,0,0,35,0
4654,23,148890,10,0,0,25,0
4655,37,149898,9,0,0,50,0
4656,45,240629,16,0,0,40,1
4657,28,19522,10,0,0,40,0
4658,89,152839,13,0,0,40,0
4659,54,105788,14,0,0,37,1
4664,37,166193,9,0,0,40,0
4666,24,150683,13,0,0,42,0
4669,35,191103,9,0,0,40,0
4670,51,88856,14,0,2415,40,1
4671,41,193882,9,15024,0,65,1
4672,57,222792,10,0,0,40,1
4675,74,172787,9,0,2282,35,1
4677,33,179708,9,0,0,48,0
4680,26,244906,13,0,0,40,0
4681,59,251890,6,0,0,25,0
4683,35,309131,9,0,0,40,0
4684,50,263200,11,0,0,40,0
4686,31,32406,10,0,0,40,0
4688,48,196571,10,0,0,40,0
4690,30,33945,9,0,0,40,0
4693,49,34845,11,0,0,48,0
4694,23,119051,13,0,0,40,0
4696,52,181578,9,0,0,40,1
4698,57,47534,14,0,0,60,1
4699,20,341294,10,0,0,40,0
4704,62,52765,5,0,0,40,0
4706,24,298227,10,0,0,50,0
4709,32,265190,13,0,0,40,0
4710,44,96921,10,0,0,45,0
4712,45,252616,4,0,0,36,0
4713,39,102976,14,0,0,50,1
4715,30,184290,13,0,0,55,0
4716,39,72887,10,0,0,40,1
4717,23,237498,9,0,0,45,0
4719,42,144056,11,0,0,40,1
4722,29,359155,13,0,0,20,0
4728,59,218764,9,0,0,45,0
4730,37,98941,15,7688,0,50,1
4731,20,217467,9,0,0,40,0
4733,28,230503,10,0,0,40,0
4735,20,199698,5,0,0,35,0
4736,38,347491,13,0,0,40,0
4738,30,124569,14,0,0,16,0
4739,35,80680,14,0,0,45,1
4741,56,147055,5,0,0,40,0
4742,30,316470,5,0,0,40,0
4743,64,260082,2,0,0,40,0
4744,21,228960,10,0,0,20,0
4748,52,224793,13,0,0,8,0
4749,55,101480,9,0,0,33,0
4751,23,129121,9,0,0,30,0
4753,17,188758,6,0,0,14,0
4754,50,191598,9,0,1980,38,0
4756,24,284317,13,0,0,40,0
4759,77,88545,10,0,0,8,0
4763,57,224174,11,0,0,40,0
4764,25,193787,10,0,0,60,0
4767,26,37650,10,5060,0,40,0
4770,33,180574,11,0,0,40,0
4771,28,101853,13,0,0,40,0
4772,42,34161,15,0,0,40,1
4775,50,166368,9,0,0,40,0
4776,23,44793,9,0,0,40,0
4780,25,195994,13,0,0,35,0
4782,60,38749,15,99999,0,60,1
4784,74,148867,10,6418,0,24,1
4788,19,138564,9,0,0,8,0
4789,35,208259,6,0,0,36,0
4790,43,203376,14,0,0,40,0
4791,31,243165,9,0,0,50,1
4793,30,159323,10,0,0,65,0
4801,27,104993,9,0,0,40,0
4803,17,298605,7,0,0,15,0
4805,43,183342,13,0,0,40,1
4806,46,115971,5,0,0,40,0
4809,55,136819,10,0,0,43,1
4810,61,186000,11,0,0,40,0
4811,20,289982,9,0,0,10,0
4817,34,83800,10,0,0,30,0
4821,55,227243,9,0,0,35,0
4823,26,102541,6,0,0,40,0
4824,40,166088,11,0,0,30,0
4833,63,65740,10,0,0,40,1
4835,36,114765,6,0,0,35,0
4836,27,279580,14,0,0,42,0
4837,19,73257,7,0,0,15,0
4838,66,80621,10,0,0,40,1
4839,74,193602,10,15831,0,40,1
4843,21,182288,10,0,0,40,0
4847,31,241880,11,0,0,45,0
4849,35,165215,13,0,0,15,1
4850,35,99146,11,0,0,55,0
4853,38,175268,13,0,0,50,0
4855,35,269323,13,0,1887,40,1
4856,40,32798,9,0,0,45,0
4857,64,101077,15,0,2444,40,1
4858,22,157332,10,0,0,40,0
4861,38,36425,10,0,0,25,0
4863,34,337995,13,15020,0,50,1
4864,54,64421,10,0,0,40,0
4869,36,76878,9,5178,0,40,1
4873,48,162236,13,0,0,50,1
4874,27,445480,8,0,0,40,0
4875,30,761800,7,0,0,40,0
4876,22,188300,9,0,0,28,0
4879,32,126173,9,0,0,40,0
4883,35,313132,15,0,0,40,1
4884,35,103323,10,0,0,40,1
4885,17,44789,10,0,0,15,0
4888,37,30269,13,2174,0,50,0
4890,17,125236,6,0,0,22,0
4897,22,191878,9,0,0,35,0
4898,30,159008,13,0,0,35,0
4901,61,224711,13,0,0,63,1
4904,39,289890,13,0,0,60,0
4906,32,178109,6,0,0,55,0
4907,54,351760,10,0,0,35,0
4908,39,176967,13,0,0,40,1
4909,17,67444,7,0,0,20,0
4913,36,34364,12,0,0,3,0
4915,23,124802,10,0,0,40,0
4916,38,196673,13,0,0,55,0
4917,22,196943,9,0,0,40,0
4919,53,173020,13,0,0,60,1
4922,29,201954,11,0,0,40,0
4924,22,53702,6,0,0,40,0
4926,41,64112,12,15024,0,50,1
4928,42,325159,13,0,0,50,1
4931,31,213307,4,0,0,20,0
4932,56,192845,10,0,1887,40,1
4935,22,393122,10,0,0,30,0
4937,54,72257,9,0,0,50,1
4938,34,113129,12,0,0,38,1
4941,67,142097,5,0,0,6,0
4942,48,34998,13,0,0,48,1
4944,42,152889,4,4386,0,50,1
4947,40,215479,9,0,0,40,0
4948,55,100285,13,10520,0,40,1
4949,61,373099,4,0,0,40,0
4950,35,99357,13,0,0,40,1
4951,42,67243,9,0,0,50,0
4955,39,141748,9,0,1887,40,1
4956,22,211013,9,0,0,40,0
4957,23,102652,9,0,0,35,0
4963,26,544319,10,0,0,40,0
4964,38,348960,9,0,0,41,0
4967,26,106856,11,0,0,40,0
4970,23,201490,9,0,0,35,0
4973,46,122194,10,7298,0,40,1
4975,62,143746,9,0,0,40,0
4977,35,179262,9,0,0,40,0
4979,53,200400,16,0,0,60,1
4981,17,205954,8,0,0,8,0
4983,20,166371,9,0,0,40,0
4985,59,170423,9,0,0,40,0
4986,37,393673,14,0,0,40,0
4988,29,173944,13,0,0,40,1
4989,26,292803,10,0,0,35,0
4992,20,163687,10,0,0,40,0
4994,53,368014,15,0,1977,60,1
4995,49,141483,6,0,0,40,0
4997,40,202466,9,0,0,60,0
5005,33,201122,9,0,0,40,0
5009,56,67153,16,0,0,60,1
5012,22,257017,11,0,0,52,0
5015,18,161245,8,0,0,50,0
5019,33,66278,14,0,0,45,0
5020,25,181054,13,0,0,32,0
5022,29,245402,7,0,0,70,0
5027,35,53553,10,7298,0,48,1
5028,20,319758,10,0,0,40,0
5030,26,97952,13,0,0,80,0
5031,44,244522,9,0,0,45,0
5036,20,116830,9,0,0,43,0
5041,48,113211,13,99999,0,40,1
5043,18,186408,9,1055,0,40,0
5044,23,50411,9,0,0,40,0
5047,35,99065,12,0,0,32,0
5049,32,220740,9,0,0,60,0
5050,69,192660,9,0,0,20,0
5051,39,56962,10,0,0,43,1
5053,22,122048,13,4416,0,40,0
5055,44,186790,14,0,0,48,0
5057,49,61885,12,0,0,45,1
5058,51,143822,9,0,0,50,1
5063,68,230904,7,0,1870,35,0
5064,31,164461,9,0,0,73,0
5065,22,450695,9,0,0,30,0
5068,46,151107,10,0,1977,60,1
5070,40,85604,14,0,0,55,0
5071,54,231482,9,0,0,40,0
5075,19,89734,10,0,0,42,0
5076,27,79661,9,4386,0,40,1
5078,29,41281,13,0,0,50,0
5085,37,301614,13,0,0,40,0
5087,35,35751,2,0,0,15,0
5092,57,181435,7,4650,0,50,0
5093,40,94210,13,0,0,50,1
5094,44,344060,13,27828,0,40,1
5095,40,301359,10,0,0,60,0
5097,41,333070,10,0,0,35,0
5100,41,123502,10,0,0,40,0
5101,29,267661,11,0,0,75,0
5104,18,192254,10,0,0,10,0
5106,21,183789,9,0,0,40,0
5107,36,86643,8,0,0,48,0
5109,64,228140,13,0,0,40,1
5113,60,298967,4,0,0,15,0
5117,29,159109,7,0,0,40,0
5121,56,202435,9,0,0,30,0
5122,24,49154,7,0,0,40,0
5123,37,184456,13,0,0,40,1
5124,52,95329,13,0,0,40,0
5128,56,222745,16,0,0,56,0
5129,54,106728,13,0,0,40,0
5132,38,166744,13,0,0,40,0
5134,32,42894,7,0,0,15,0
5138,24,230126,12,0,0,40,0
5141,59,115439,13,0,1977,40,1
5147,48,275154,9,0,0,40,0
5149,23,191165,10,0,0,15,0
5152,44,117936,9,0,0,40,0
5156,21,396722,10,0,0,25,0
5157,49,93557,9,0,0,48,1
5158,22,103805,10,0,0,36,0
5159,59,92141,9,0,0,40,0
5161,38,173804,13,0,0,38,0
5162,45,139571,9,0,0,50,1
5163,56,142076,10,0,0,60,0
5164,67,126514,10,0,0,4,0
5172,51,153064,9,5013,0,40,0
5173,35,212465,9,0,0,40,0
5175,46,141221,13,0,0,40,1
5176,38,289653,13,0,1628,48,0
5177,24,219835,4,0,0,24,0
5178,38,187119,14,0,0,50,1
5184,60,80927,4,0,0,50,1
5185,45,191357,11,0,0,40,0
5191,50,134247,10,0,0,50,1
5192,18,179597,9,0,0,20,0
5194,30,185177,9,0,0,22,0
5198,38,54911,10,0,0,10,0
5199,49,219611,13,0,0,75,1
5200,42,200294,13,0,0,40,0
5201,53,177063,10,0,0,45,1
5203,19,237433,9,4416,0,40,0
5205,47,52291,14,7688,0,45,1
5206,30,247328,9,0,0,40,1
5208,53,130730,9,0,0,35,0
5209,23,115458,10,0,0,40,0
5210,28,113866,9,0,0,40,0
5211,61,284710,15,0,1902,45,1
5212,60,168381,11,0,0,40,0
5213,32,167063,13,0,0,40,0
5214,47,33794,9,0,0,56,1
5218,59,152731,6,0,0,40,0
5221,38,30529,9,3411,0,40,0
5222,57,201159,9,0,0,30,0
5224,48,443377,14,0,0,60,0
5229,44,30424,12,0,1980,40,0
5230,50,68898,11,0,0,40,0
5232,27,180103,11,1151,0,40,0
5236,32,220148,9,0,0,40,0
5237,44,63503,13,0,0,60,1
5240,55,200453,10,0,0,40,0
5244,35,166606,10,0,0,40,0
5245,26,104756,9,0,1651,42,0
5247,34,100882,13,0,0,47,1
5249,50,271493,9,0,0,40,0
5250,48,204629,16,15024,0,45,1
5251,24,153078,13,0,0,40,0
5252,44,148316,12,0,0,40,0
5254,61,257105,10,0,0,40,0
5256,18,104704,7,0,0,25,0
5257,47,209057,10,0,0,40,1
5263,38,216572,9,0,0,40,0
5264,42,311920,13,0,1485,17,1
5265,45,363298,13,0,0,45,1
5268,60,169408,13,7298,0,40,1
5269,40,308296,9,0,0,40,0
5271,51,195634,14,10520,0,20,1
5273,19,144793,7,0,0,40,0
5275,51,41414,5,0,0,40,0
5277,31,175778,12,0,0,40,0
5283,21,522881,11,0,0,40,0
5286,28,68393,9,0,0,46,0
5290,23,39551,9,0,0,40,0
5293,30,136331,9,0,0,40,0
5294,53,81794,9,0,0,40,0
5296,39,108943,7,0,0,40,0
5299,36,195565,13,0,0,40,0
5300,53,255927,13,0,0,52,0
5301,32,100734,9,0,0,50,0
5303,31,158672,7,0,0,38,0
5304,35,102268,8,0,0,40,0
5306,28,298510,12,0,0,40,0
5308,43,228456,12,0,0,40,0
5311,40,174395,13,0,0,60,1
5312,29,221366,10,0,0,40,0
5313,21,421010,7,0,0,60,0
5314,44,245333,11,0,0,40,0
5317,29,77322,9,0,0,32,0
5321,35,190759,14,0,0,40,0
5322,59,109567,10,0,0,40,1
5323,19,209826,10,0,0,32,0
5324,27,232801,6,0,0,40,0
5331,21,223019,9,0,0,30,0
5335,29,196494,10,0,0,36,0
5337,29,304082,12,0,0,40,0
5340,52,83984,10,0,0,40,0
5341,23,340605,13,0,0,12,0
5342,18,379710,9,0,0,20,0
5343,39,145933,13,15024,0,55,1
5344,34,208068,5,0,0,40,0
5345,39,172718,10,0,0,40,0
5346,30,53285,11,0,0,40,0
5354,30,252818,10,0,0,40,0
5357,52,128814,10,0,0,50,0
5359,27,212578,10,0,1721,20,0
5365,40,34178,10,0,0,40,1
5371,24,479296,5,0,0,48,0
5377,34,113211,12,0,0,45,1
5378,25,224203,7,0,0,40,0
5379,74,132112,9,0,0,48,0
5383,19,307761,9,0,0,15,0
5385,60,23336,14,0,0,50,0
5386,26,206199,7,0,0,40,0
5387,38,365430,9,0,0,40,0
5389,30,160594,9,0,0,40,0
5391,22,142875,6,0,0,40,0
5392,41,60414,13,0,0,99,1
5394,22,194096,13,0,0,20,0
5396,44,55191,15,0,0,40,0
5397,58,88572,9,0,0,45,0
5401,41,201908,10,0,0,40,0
5402,50,237868,14,0,0,40,0
5405,24,376755,10,0,0,20,0
5406,56,137078,14,0,0,40,0
5409,35,105821,11,0,0,36,0
5411,39,148485,10,0,0,50,0
5413,45,125892,9,0,0,50,0
5417,47,153883,13,7688,0,45,1
5421,50,171338,14,15024,0,40,1
5424,44,182653,10,0,0,20,0
5425,70,152837,9,0,0,20,0
5431,42,198282,9,0,0,40,0
5434,27,168347,9,0,0,40,0
5438,19,182590,9,0,0,40,0
5439,30,239648,10,0,0,40,0
5442,64,170645,3,2105,0,40,0
5444,72,163921,10,0,0,20,0
5445,64,104958,4,0,0,70,0
5449,34,87218,13,0,0,45,1
5450,36,182189,10,0,0,40,0
5455,39,242922,9,0,0,35,0
5456,56,257555,14,0,0,40,1
5457,25,192302,13,0,0,60,0
5460,29,410351,12,0,0,43,0
5466,20,204160,10,0,0,12,0
5467,54,141707,14,0,0,40,1
5470,44,29841,9,0,0,50,0
5475,22,33087,9,0,0,45,0
5477,57,337001,14,0,0,45,1
5480,25,257910,13,0,0,45,0
5481,37,94331,8,0,0,40,0
5485,49,211020,16,15024,0,50,1
5487,65,116057,9,6723,0,40,0
5488,52,469005,13,0,0,40,0
5490,40,379917,11,0,0,32,0
5491,28,30912,12,0,0,40,0
5492,28,206889,9,0,0,40,0
5494,40,241851,15,0,0,50,1
5500,30,154843,14,0,0,40,0
5502,40,121492,10,0,0,48,0
5503,31,103596,9,0,0,55,1
5505,19,73461,9,0,0,40,0
5507,51,194788,6,0,0,30,0
5509,35,230279,9,0,0,40,0
5513,40,145166,9,4064,0,40,0
5515,34,203784,7,0,0,40,0
5523,62,213700,16,0,0,50,0
5528,32,24529,10,0,0,50,1
5530,66,106791,9,0,0,40,0
5532,34,112584,9,0,0,40,0
5533,19,233779,9,0,0,40,0
5536,70,308689,3,0,0,40,0
5545,33,243330,9,0,0,55,0
5547,48,45564,11,4650,0,50,0
5548,47,262043,13,0,0,40,0
5552,41,151856,9,0,0,40,0
5553,20,132053,9,0,1719,40,0
5555,36,119272,9,0,0,38,0
5556,18,209792,10,0,0,40,0
5558,41,230931,9,0,0,40,0
5559,23,162282,9,0,0,40,0
5563,53,159650,4,0,0,40,0
5564,54,137678,9,0,0,30,0
5565,48,56841,10,0,0,40,0
5568,43,208045,14,0,0,40,1
5569,43,128578,9,7688,0,60,1
5571,46,201694,12,0,0,40,0
5573,73,30713,9,0,0,10,0
5574,25,190107,13,0,0,35,0
5575,23,244480,10,0,0,15,0
5578,36,128516,9,0,0,20,0
5579,27,55950,10,0,0,40,0
5581,42,130760,10,0,0,40,0
5583,29,20877,10,0,0,35,0
5584,22,144238,7,0,0,38,0
5585,47,193047,16,0,0,60,0
5586,43,300099,10,0,0,40,0
5589,54,171924,9,0,0,50,1
5590,50,201984,9,0,0,40,0
5592,32,46746,10,0,0,65,0
5594,30,201697,13,0,0,40,0
5595,30,181372,13,0,0,40,1
5598,32,72591,9,0,0,40,0
5599,37,105803,14,0,0,40,1
5600,20,198478,9,0,0,40,0
5604,40,36556,16,0,0,55,0
5606,49,186256,10,5013,0,30,0
5607,18,115815,10,0,0,20,0
5608,42,308770,10,0,0,40,1
5609,25,187792,10,0,0,40,0
5613,33,255004,9,2354,0,61,0
5614,25,315287,10,0,0,40,0
5615,18,182545,9,0,0,40,0
5617,69,505365,10,6514,0,45,1
5623,73,86709,10,0,0,38,0
5624,59,173992,9,0,0,35,0
5631,45,385793,3,0,0,40,0
5632,25,390537,10,0,0,25,0
5634,22,230248,12,0,0,40,0
5636,72,108038,14,0,0,60,1
5639,65,182470,11,0,0,20,0
5642,27,200802,11,0,0,40,0
5644,52,197322,10,0,0,40,0
5652,47,167159,9,0,0,40,1
5653,50,170326,9,0,0,40,0
5654,39,319052,13,0,0,37,0
5657,27,409815,10,0,0,50,0
5658,28,79874,10,0,0,37,0
5659,49,116641,13,15024,0,35,1
5660,33,87209,9,0,0,45,0
5663,50,120521,10,0,0,50,1
5664,43,247752,14,0,0,60,0
5665,26,34161,10,0,0,40,0
5667,50,149784,10,0,0,40,0
5672,17,165018,6,0,0,10,0
5678,57,291167,10,0,0,40,0
5680,34,128016,13,99999,0,40,1
5682,65,115431,10,0,0,20,0
5684,44,346081,9,0,0,40,1
5685,38,156383,10,0,0,40,0
5689,30,143540,5,0,0,40,0
5690,72,120733,4,0,0,40,0
5692,32,149787,11,0,0,50,1
5697,48,102359,9,0,0,40,0
5699,34,93213,14,0,0,30,0
5700,40,130760,9,0,0,42,0
5701,29,236834,10,0,0,15,0
5708,22,210474,12,0,0,40,0
5710,23,117789,11,0,0,50,0
5711,35,134498,10,0,0,45,1
5712,28,212068,13,0,1980,40,0
5713,27,169544,10,0,0,50,0
5715,37,261241,10,0,1485,50,0
5717,33,252646,14,0,0,55,1
5718,56,161944,9,0,0,40,0
5719,50,249644,9,0,0,50,1
5720,35,195081,9,0,0,40,0
5722,59,198145,15,0,0,35,1
5724,21,43587,10,0,0,30,0
5725,24,318612,10,0,1504,40,0
5729,35,188243,9,0,0,48,0
5730,56,306633,11,0,0,40,0
5732,22,356286,9,0,0,10,0
5735,22,201959,9,0,0,40,0
5736,28,126743,3,2176,0,52,0
5741,21,116489,10,0,0,40,0
5745,39,34111,9,0,0,70,0
5747,40,102576,14,0,0,55,0
5751,27,107812,10,0,0,40,0
5752,26,109162,9,0,0,25,0
5755,35,105994,7,0,0,40,0
5757,30,26252,12,0,0,40,0
5761,46,134242,10,0,0,40,0
5769,43,157473,9,0,0,40,0
5771,56,220896,9,0,0,40,1
5772,57,236048,9,0,0,40,0
5777,24,236804,10,0,0,40,0
5778,78,454321,2,0,0,20,0
5782,21,301694,9,0,0,35,0
5783,64,155142,9,0,0,20,0
5784,27,259652,13,0,0,40,0
5786,37,94208,2,0,0,35,0
5788,27,100817,13,0,0,40,0
5794,40,477345,4,0,2057,40,0
5800,51,200450,9,0,0,40,1
5803,47,294671,9,0,0,55,1
5804,20,68358,10,0,0,10,0
5805,53,107096,13,0,1669,50,0
5806,43,244419,9,0,0,40,0
5807,26,195636,6,0,0,75,1
5809,30,215808,9,0,0,60,0
5810,45,165822,13,0,0,50,1
5811,25,193379,9,0,0,40,0
5812,45,120121,13,0,0,50,0
5813,25,311603,13,0,0,55,0
5814,48,323798,12,0,1902,38,1
5821,28,138976,9,0,0,48,0
5824,35,365739,10,0,0,40,0
5827,54,87205,9,0,0,45,0
5829,41,470486,2,0,1719,40,0
5832,51,63081,12,0,0,40,1
5835,38,49115,10,0,0,27,0
5836,30,314649,9,0,0,40,0
5838,44,118484,15,0,0,80,0
5839,56,291529,14,0,0,50,1
5840,41,252392,3,0,0,96,0
5843,33,83231,9,0,0,40,0
5844,43,325461,10,0,0,45,0
5845,21,36011,10,0,0,40,0
5847,38,178322,9,0,0,70,1
5848,38,67666,14,0,0,38,0
5849,33,153005,6,0,0,40,0
5851,33,265204,9,0,0,40,0
5852,43,437318,10,0,0,40,1
5853,38,208109,13,0,0,50,0
5863,56,158776,7,0,0,55,0
5864,28,164575,10,0,0,40,0
5874,45,201080,10,0,0,60,1
5875,46,344415,16,0,0,40,1
5879,60,290922,9,0,0,27,0
5881,25,109419,10,8614,0,45,1
5882,27,135296,13,0,0,40,1
5884,18,99497,8,0,0,30,0
5885,26,223665,9,0,0,84,0
5888,20,311570,9,0,0,32,0
5889,36,588739,13,0,0,40,0
5904,30,209432,9,0,0,40,0
5905,38,139364,13,0,0,40,1
5906,25,169124,10,0,0,40,0
5911,36,185692,4,0,0,35,0
5914,20,187158,9,0,0,40,0
5915,25,214468,13,0,0,40,0
5917,37,87757,12,0,0,45,0
5919,31,309028,13,0,0,40,0
5921,46,32825,9,0,0,60,0
5923,45,149640,13,0,0,38,1
5924,19,140985,10,0,0,20,0
5926,27,187327,9,0,0,45,0
5928,55,157639,5,0,0,58,0
5929,46,258498,14,0,0,40,0
5936,65,486436,10,0,0,45,1
5937,29,69757,13,0,0,50,0
5939,20,188409,10,0,0,60,0
5941,32,103573,10,0,0,40,0
5943,26,34862,10,0,0,38,0
5944,55,275236,11,0,0,48,1
5946,37,75073,12,0,0,42,0
5947,23,231929,9,0,0,40,0
5948,45,186410,10,0,0,38,0
5952,25,193511,13,0,0,35,0
5956,27,203160,9,0,0,40,0
5958,33,219553,12,0,0,50,0
5966,19,159269,10,0,0,18,0
5967,24,189924,11,0,0,60,0
5974,21,316184,9,0,0,40,0
5975,49,132476,16,7430,0,40,1
5977,18,302712,9,0,0,35,0
5980,51,173754,9,0,0,40,1
5982,41,212027,7,0,0,40,0
5985,23,103588,9,0,0,40,0
5986,37,75387,9,0,0,40,0
5988,21,35603,9,0,0,11,0
5989,24,588484,9,594,0,40,0
5990,62,191118,9,0,0,40,0
5991,70,88638,9,0,0,8,0
5992,61,27086,9,0,0,40,0
5993,63,184319,10,0,0,24,0
5997,40,313945,10,0,0,40,0
6002,67,166591,9,1848,0,99,0
6005,24,300584,10,0,0,45,0
6006,27,230997,13,0,0,45,0
6007,32,73199,8,0,0,40,0
6010,40,86143,11,0,0,40,0
6012,49,102308,15,15024,0,35,1
6013,57,199067,4,0,0,90,1
6016,77,34761,4,0,0,40,0
6017,20,221480,10,0,0,8,0
6019,43,147206,12,27828,0,45,1
6021,68,335701,4,0,0,40,0
6022,55,250322,9,0,0,40,0
6024,24,97743,9,0,0,37,0
6025,42,227065,13,0,0,60,0
6032,27,405177,9,0,0,35,0
6034,71,30661,4,6514,0,40,1
6036,42,199900,10,0,0,52,0
6037,39,172538,9,0,0,60,1
6038,17,194517,7,0,0,18,0
6040,37,203828,9,0,0,40,0
6047,41,289403,9,0,0,40,0
6049,46,188325,10,0,0,50,1
6053,50,102346,9,0,0,36,0
6054,34,226629,8,0,0,34,0
6055,47,219632,2,0,0,40,0
6056,21,449101,9,0,0,40,0
6059,43,269733,14,0,0,40,1
6063,38,136931,12,0,0,38,0
6064,31,346736,9,0,0,45,0
6068,57,180636,10,0,0,40,0
6070,40,182516,12,0,0,40,0
6071,49,199862,9,0,2179,40,0
6072,44,127482,10,7688,0,40,1
6076,50,68898,16,0,0,55,1
6078,28,236471,9,0,0,40,0
6080,43,186990,9,0,0,37,0
6081,48,210369,9,0,0,40,0
6085,28,120645,9,0,0,40,0
6086,58,303176,9,0,0,40,0
6090,49,131918,10,0,0,50,1
6091,40,151504,10,0,0,60,1
6095,22,129980,10,0,0,25,0
6097,65,147377,14,0,0,16,0
6098,36,253627,10,0,0,40,1
6102,18,156981,7,0,0,20,0
6103,46,195418,13,0,0,40,1
6105,46,273796,9,0,0,65,1
6109,24,166297,13,0,0,25,0
6111,30,175690,10,0,0,40,0
6114,58,186121,13,0,0,40,0
6117,54,419712,9,0,0,40,0
6120,26,331861,13,0,0,50,0
6121,29,249948,13,0,0,50,0
6122,50,99316,11,0,0,40,0
6123,22,252570,10,0,0,40,0
6125,25,49092,9,0,0,50,0
6127,42,806552,10,0,0,50,1
6128,45,70754,15,7298,0,60,1
6129,28,150437,9,0,0,60,0
6132,49,239625,14,0,0,40,1
6134,17,53367,8,0,0,25,0
6136,53,139522,9,0,1573,40,0
6139,57,105582,13,0,2415,40,1
6143,62,176839,14,0,0,10,0
6145,46,168232,9,0,0,40,0
6147,33,111567,13,0,0,40,0
6149,30,209768,11,0,0,40,1
6150,27,188909,9,0,0,40,0
6153,22,345066,6,0,0,40,0
6155,33,287372,10,0,0,50,1
6156,36,214807,9,0,0,40,0
6158,32,352089,9,0,0,38,0
6160,20,211391,10,0,0,25,0
6163,64,169072,6,0,0,50,0
6164,33,264554,13,0,0,45,1
6168,37,184112,16,0,0,40,1
6171,41,248748,13,0,0,40,0
6173,51,207246,10,0,1902,40,1
6174,75,343631,9,0,0,15,0
6176,36,184435,7,0,0,40,0
6177,47,181405,15,15024,0,40,1
6183,46,98735,13,0,0,50,0
6184,48,186172,12,0,0,40,1
6194,53,128141,13,0,0,40,0
6195,53,249347,11,0,0,40,1
6197,41,344519,9,13550,0,60,1
6200,40,85668,9,0,0,40,0
6201,23,126613,13,0,0,40,0
6202,28,239753,9,0,0,40,0
6209,60,203985,10,0,0,40,1
6211,50,155433,13,0,0,40,0
6214,36,200220,9,0,0,55,0
6215,33,229732,12,0,0,40,0
6219,19,505168,5,0,0,40,0
6220,49,256417,9,5013,0,40,0
6223,53,168723,12,0,0,40,1
6224,25,165866,11,0,0,20,0
6226,27,244751,9,0,0,40,0
6227,21,228230,10,0,0,15,0
6228,29,152951,9,0,0,40,0
6229,47,29023,16,0,0,40,1
6231,38,245372,10,0,0,75,1
6232,19,155863,10,0,1602,30,0
6235,39,33289,9,0,0,60,0
6236,35,111377,9,0,0,40,0
6238,56,53481,9,0,0,40,0
6239,23,238917,3,0,0,40,0
6241,47,114222,12,0,0,55,1
6243,24,137589,9,0,0,30,0
6245,41,156580,13,0,0,35,0
6247,37,255503,15,0,0,55,1
6249,66,34218,9,0,0,50,1
6250,18,305327,10,0,0,25,0
6251,23,107882,13,0,0,40,0
6252,44,858091,9,0,0,40,0
6255,40,145441,10,0,0,30,0
6259,40,121466,9,0,0,40,0
6261,33,388672,11,0,0,60,0
6262,56,190091,11,0,0,46,0
6263,27,197918,7,0,0,47,0
6265,61,451327,13,0,0,24,1
6268,29,269786,9,0,0,40,0
6269,34,63338,9,0,0,40,0
6271,35,124090,11,0,0,99,0
6273,22,482082,7,0,0,40,0
6274,19,234725,8,0,0,40,0
6276,35,232036,9,0,0,40,0
6278,52,22154,10,0,0,40,0
6280,32,32587,9,0,0,40,0
6282,34,270488,13,0,0,40,0
6283,31,104509,10,0,0,35,0
6285,37,112812,13,0,0,40,0
6288,45,207955,3,0,0,40,0
6290,24,116968,13,0,0,40,0
6291,59,182142,16,0,0,40,0
6292,27,74056,11,0,0,48,0
6296,37,33394,9,0,0,70,0
6297,45,45501,13,0,0,50,0
6302,32,267458,12,0,0,40,0
6303,48,70668,6,0,0,40,0
6305,50,299215,9,0,0,40,0
6312,23,89285,10,99999,0,40,1
6314,33,204577,9,0,0,40,0
6316,48,175615,10,0,0,40,0
6317,40,99679,14,3103,0,43,1
6318,22,263398,10,0,0,50,0
6321,43,198871,11,0,0,88,0
6323,19,143608,9,0,0,40,0
6325,73,378922,9,0,0,20,0
6326,27,292883,9,0,0,40,0
6327,62,190491,16,15024,0,45,1
6329,34,126853,14,0,0,40,1
6330,22,59184,9,0,0,30,0
6331,22,663291,10,2105,0,40,0
6334,17,103851,7,0,0,45,0
6335,35,241126,13,0,0,50,0
6342,49,447554,13,7688,0,40,1
6343,54,304955,9,0,0,30,0
6344,30,198265,13,0,0,40,1
6351,41,255543,10,0,0,40,1
6352,34,119079,7,0,0,40,0
6354,39,67317,10,0,0,40,0
6355,29,337953,9,0,0,40,1
6357,30,455995,10,0,0,50,1
6362,28,376700,13,6849,0,50,0
6363,33,150324,9,0,0,49,0
6366,42,163985,9,0,0,27,0
6368,21,416103,9,0,0,40,0
6371,51,194259,14,15024,0,55,1
6372,33,460408,13,0,0,40,0
6373,67,178878,4,0,0,12,0
6377,26,104097,13,0,0,40,0
6382,49,182862,10,7688,0,40,1
6383,64,148956,9,0,0,30,0
6385,19,48393,10,0,0,32,0
6389,53,197054,10,0,0,40,0
6392,47,59380,10,0,0,42,0
6397,56,94345,13,0,0,40,1
6398,24,166437,13,0,0,40,0
6400,57,157271,7,0,0,54,0
6402,81,104443,9,0,0,40,0
6405,42,115932,9,0,0,40,0
6406,26,158397,9,0,0,40,0
6411,28,185896,10,0,0,47,0
6412,34,92531,9,0,0,40,0
6415,34,581025,5,0,0,38,0
6416,61,202384,13,0,0,30,0
6417,46,122177,13,0,0,60,0
6419,67,212185,9,0,0,10,0
6428,61,255978,9,0,0,50,0
6429,41,98823,13,0,0,50,0
6433,20,41035,9,0,0,60,0
6434,35,238591,10,0,0,40,0
6438,69,150600,9,0,0,35,0
6442,17,197186,6,0,0,24,0
6445,31,207100,13,0,0,40,0
6447,30,203181,11,0,0,36,0
6448,43,146770,9,0,0,40,0
6449,22,191789,13,0,0,40,0
6454,36,305379,13,0,0,50,1
6456,19,139466,10,0,0,25,0
6458,32,400535,10,0,0,40,0
6459,30,330802,9,0,0,40,0
6463,50,282701,9,4386,0,48,1
6464,45,180695,14,0,1408,40,0
6467,47,380922,14,15024,0,50,1
6471,47,143050,14,0,0,50,0
6472,17,118792,7,0,0,24,0
6479,45,149388,10,0,0,48,1
6480,45,39464,9,0,0,40,0
6483,66,163726,9,0,0,10,0
6484,35,194496,13,0,0,55,0
6485,66,298045,13,0,0,30,0
6487,30,77143,10,0,0,25,0
6488,38,233197,10,0,0,40,0
6493,32,287229,10,0,0,30,0
6494,18,324046,6,0,0,12,0
6496,37,421633,11,0,0,40,0
6497,28,93235,10,0,0,40,0
6498,60,227232,9,0,0,40,0
6499,30,121775,11,0,0,30,0
6501,19,179422,9,0,0,35,0
6502,53,276868,10,0,0,40,1
6504,32,108247,10,3103,0,40,1
6506,35,127493,6,0,0,2,0
6507,51,75640,9,0,0,50,0
6511,29,157950,10,0,0,40,1
6513,52,224763,9,0,0,50,0
6514,42,40024,10,0,0,66,0
6515,42,296594,14,0,0,50,1
6518,34,191834,9,0,0,40,0
6524,57,75673,10,0,0,40,0
6526,63,177832,9,0,0,80,0
6527,24,478457,7,0,0,30,0
6529,64,30310,4,0,0,60,0
6535,46,266860,12,0,0,60,1
6536,25,393456,9,0,0,40,0
6537,20,318382,9,0,0,40,0
6538,35,354520,13,0,0,50,1
6539,47,123425,9,0,0,41,0
6541,31,175778,13,0,0,40,0
6542,28,73928,13,0,0,40,1
6544,41,557349,9,0,0,40,1
6545,23,255252,10,0,0,30,0
6547,21,129050,10,0,0,35,0
6548,61,111797,11,0,0,32,0
6560,41,323919,4,0,0,40,0
6561,73,114561,3,0,0,25,0
6562,17,216137,5,0,0,15,0
6563,49,165539,9,0,0,35,0
6565,35,89040,9,0,0,40,1
6566,45,264514,13,0,0,40,0
6567,50,24790,9,0,0,40,0
6568,38,181139,13,0,0,42,0
6572,43,230684,9,0,0,40,1
6573,43,192381,13,0,0,40,0
6577,83,186112,10,0,0,40,0
6578,21,272237,10,0,0,35,0
6584,47,169324,14,4386,0,35,1
6589,58,100606,9,0,0,50,0
6591,23,66432,10,0,0,35,0
6596,37,162164,9,0,0,40,0
6605,67,120900,4,0,0,12,0
6606,28,114673,14,0,0,40,0
6607,45,78529,9,0,0,50,0
6608,46,282165,9,0,0,40,0
6613,20,243981,9,0,0,40,0
6614,55,421228,14,0,0,40,1
6615,56,94156,9,0,0,50,0
6616,35,306868,10,0,0,65,0
6617,43,187164,9,0,0,50,0
6619,64,45776,9,0,1762,79,0
6620,62,256723,10,0,0,40,0
6622,68,90526,8,0,0,35,0
6624,24,179423,13,0,0,40,0
6626,29,37359,13,7298,0,40,1
6627,24,125813,9,0,0,45,0
6628,33,209415,6,0,0,32,0
6629,41,206619,9,0,0,40,0
6630,48,283737,14,0,0,40,0
6631,47,162187,13,0,0,45,1
6632,30,191571,10,0,0,40,1
6634,34,236543,10,0,1590,40,0
6635,26,73047,10,0,0,32,0
6639,31,101761,13,0,0,40,0
6641,22,287681,7,0,0,40,0
6644,30,61989,10,0,0,5,0
6646,27,95423,10,0,0,60,0
6647,31,30917,10,0,0,72,0
6648,20,316304,10,0,0,40,0
6653,57,87584,16,0,0,25,0
6654,47,304223,10,0,0,40,0
6656,18,348131,7,0,0,20,0
6658,29,115438,9,0,0,35,0
6660,40,104196,9,0,0,45,0
6661,28,202182,10,0,0,40,1
6667,20,190916,9,0,1721,20,0
6677,57,208018,9,0,0,40,1
6680,34,161153,6,0,0,35,0
6683,27,220104,13,0,1876,50,0
6687,52,91506,9,0,0,45,0
6688,19,186717,10,0,0,40,0
6689,53,77927,3,0,0,50,0
6691,37,317580,9,0,0,40,0
6693,29,57423,9,0,0,45,0
6696,56,253854,10,0,0,40,1
6697,56,106850,10,0,0,40,0
6698,38,314007,9,0,0,78,0
6699,23,494371,9,0,0,40,0
6703,25,198318,9,0,0,50,0
6706,67,227113,14,0,2457,40,0
6709,22,207969,10,0,0,35,0
6711,31,187215,9,0,0,40,0
6714,35,110013,13,0,0,40,0
6716,42,282069,9,0,0,40,0
6717,20,26585,9,0,0,25,0
6720,51,230095,6,0,0,40,0
6722,50,144084,13,0,0,40,0
6723,48,48384,13,0,0,60,0
6724,51,541755,9,0,0,40,0
6728,39,367020,13,0,0,40,0
6729,22,174461,13,0,0,40,0
6731,38,193026,9,0,0,40,0
6733,41,110318,14,0,0,30,0
6734,36,126675,7,0,1579,40,0
6735,24,116788,10,0,0,40,0
6738,28,213191,9,0,0,50,0
6742,41,160893,12,0,0,45,0
6743,35,184117,14,0,0,25,0
6745,42,361219,7,0,0,40,0
6746,60,334984,9,0,2231,40,1
6752,20,286166,9,0,0,60,0
6754,24,132053,12,0,0,35,0
6755,20,266400,10,0,0,40,0
6756,42,335248,11,0,0,36,0
6758,21,266467,9,0,2205,40,0
6762,32,386806,3,0,0,45,1
6767,54,227392,14,0,0,40,0
6769,38,225860,9,0,0,40,0
6774,56,225267,10,14084,0,60,1
6776,33,183778,9,0,0,40,1
6778,36,49115,12,7688,0,44,1
6780,33,114691,9,0,0,50,0
6782,31,51284,9,0,0,36,0
6783,47,294443,11,0,0,40,0
6784,41,200009,6,0,0,40,0
6786,35,37778,9,0,0,50,0
6787,28,402771,9,0,0,40,0
6788,42,201520,14,0,1902,43,1
6791,63,197189,13,4650,0,48,0
6796,52,320877,9,0,0,40,1
6798,62,195543,13,0,0,20,1
6806,47,186157,9,0,0,40,0
6807,60,127712,11,0,0,45,0
6808,24,254351,10,0,0,35,0
6812,36,491000,12,0,0,40,0
6815,47,173938,15,0,2258,20,0
6818,23,237432,8,0,0,60,0
6819,34,177216,9,0,0,40,0
6823,20,73679,9,0,0,35,0
6824,30,455995,9,0,0,40,0
6826,28,228075,3,0,0,40,0
6837,27,430672,13,0,0,55,0
6838,50,99316,9,0,0,50,0
6840,33,97723,9,0,1887,50,1
6844,48,76855,10,0,0,53,0
6845,43,281315,10,0,0,42,0
6854,43,170214,10,0,0,75,0
6855,28,145284,10,0,0,40,0
6858,32,355700,15,99999,0,60,1
6859,30,99928,13,0,0,40,0
6860,18,308739,9,0,0,20,0
6866,18,109928,9,0,0,40,0
6867,55,218456,9,0,0,40,0
6872,21,315476,10,0,0,25,0
6873,36,195148,13,0,0,40,0
6875,42,143208,4,0,0,40,0
6878,31,117028,7,0,0,30,0
6879,45,44489,9,0,0,65,0
6880,52,236222,9,0,0,40,0
6881,23,496856,12,0,0,35,0
6882,29,132675,7,0,0,40,0
6883,42,89226,11,0,0,45,1
6890,34,196253,10,0,0,40,0
6894,59,134470,9,2635,0,60,0
6896,40,26671,13,0,0,40,0
6897,38,589838,9,0,0,47,0
6899,46,287920,9,5013,0,40,0
6901,22,211798,11,0,0,10,0
6903,42,147110,13,0,0,40,0
6904,32,228873,7,7298,0,60,1
6906,50,189831,9,7298,0,50,1
6908,38,198841,10,0,0,40,0
6909,29,364986,13,0,1628,47,0
6910,31,203488,10,0,0,44,1
6911,31,141118,9,0,0,24,0
6912,49,155862,9,0,0,50,1
6914,55,174353,9,0,0,35,0
6916,45,168191,10,15024,0,37,1
6920,19,234406,8,0,0,30,0
6923,44,322799,9,0,0,40,0
6929,19,162954,10,0,0,40,0
6930,45,90533,13,0,0,45,0
6932,17,355559,8,0,0,18,0
6936,50,30827,13,0,0,45,1
6937,25,179772,9,0,0,40,0
6941,55,194740,6,0,0,45,0
6947,26,195693,9,0,0,40,0
6949,58,605504,9,0,0,40,1
6950,19,140985,9,0,0,40,0
6955,36,298624,10,0,0,30,1
6956,41,139126,10,0,1902,40,1
6957,57,197994,9,0,0,32,0
6958,34,241259,9,0,0,40,0
6959,80,248568,9,0,0,30,0
6962,51,169719,10,0,0,38,0
6966,32,244200,10,0,0,50,0
6968,23,329174,9,0,0,40,0
6970,39,33975,13,0,0,45,0
6972,39,122852,9,0,0,45,1
6973,35,272742,9,27828,0,60,1
6978,19,369164,9,0,0,40,0
6979,81,218521,4,0,0,21,0
6980,19,136405,11,0,0,20,0
6981,40,199018,13,0,0,40,1
6987,31,190027,10,0,0,40,0
6991,19,123807,9,0,0,40,0
6992,22,210802,10,0,0,24,0
6995,23,423453,9,0,0,16,0
7000,52,176409,13,0,0,40,0
7006,42,54102,10,0,0,40,0
7008,22,293324,9,0,0,40,0
7009,47,96798,13,0,0,40,1
7011,45,175925,13,0,0,40,0
7016,48,117310,13,0,0,60,0
7017,44,238188,12,0,0,40,0
7018,29,354496,14,0,0,40,0
7020,52,42902,5,0,0,40,0
7022,50,378581,8,0,0,40,0
7023,45,213620,13,0,0,50,1
7024,58,186905,9,99999,0,40,1
7027,25,170070,13,0,0,50,1
7029,46,168211,9,0,0,75,1
7030,22,341760,13,0,0,40,0
7034,54,81859,9,0,0,40,1
7038,57,62701,10,6849,0,40,0
7039,37,347491,10,0,0,50,1
7043,49,116927,13,0,0,60,0
7044,24,179423,13,0,0,20,0
7048,42,201520,10,0,0,50,0
7050,20,313786,9,0,0,40,0
7056,25,323229,13,0,0,40,0
7057,38,163204,9,0,1740,40,0
7060,36,247547,9,0,0,40,0
7061,51,254230,10,0,1977,58,1
7062,33,156464,13,0,0,50,1
7064,33,213179,10,0,0,40,1
7067,36,254202,15,0,0,24,0
7068,26,232914,10,0,0,40,0
7073,37,118577,9,0,0,25,1
7074,37,122889,16,7298,0,40,1
7076,26,40915,13,0,0,40,0
7078,22,173004,9,0,0,1,0
7079,49,353824,9,0,1887,40,1
7082,30,263650,13,0,0,17,0
7083,59,187025,9,0,0,40,0
7085,26,190916,9,0,0,40,0
7090,46,165402,9,5178,0,40,1
7091,50,36489,10,0,0,40,1
7093,20,273147,9,0,0,40,0
7097,36,73023,9,0,0,70,0
7100,52,257756,11,0,0,40,0
7103,30,205152,11,0,0,35,1
7104,26,220499,9,0,0,40,0
7106,20,175808,9,0,0,40,0
7111,24,216889,5,0,0,45,0
7113,24,196674,13,0,0,40,0
7120,21,176178,13,0,0,35,0
7121,35,181165,9,0,0,40,0
7126,29,108431,11,0,2415,40,1
7129,35,122353,7,0,0,40,0
7132,26,181772,10,0,0,40,0
7133,36,109133,9,0,0,40,0
7134,49,165229,11,0,0,40,0
7135,23,315449,10,0,0,20,0
7138,20,127914,10,0,0,40,0
7139,20,121596,10,2907,0,35,0
7140,38,95336,13,0,0,45,0
7142,58,299991,7,3674,0,40,0
7144,30,256970,14,0,0,35,1
7145,29,108706,10,0,0,40,0
7146,52,227832,13,0,0,50,1
7148,39,60070,9,0,0,24,0
7151,26,195994,13,0,0,40,0
7153,64,133169,7,0,0,40,0
7155,40,246949,9,0,0,40,0
7156,31,284889,13,0,0,41,0
7157,35,150309,10,0,1887,40,1
7158,24,201799,13,0,0,84,0
7166,30,429281,9,0,0,40,0
7167,31,192660,11,0,0,30,0
7171,21,177504,10,0,0,35,0
7172,24,378546,7,0,0,39,0
7173,39,33001,9,0,0,40,0
7174,30,213722,15,0,0,50,1
7181,51,136080,9,0,0,31,0
7183,22,180190,10,0,0,40,0
7185,55,154274,14,8614,0,40,1
7186,48,146497,9,0,0,37,0
7188,32,65942,9,0,0,56,0
7189,27,151382,9,0,0,40,0
7190,41,56651,9,0,0,45,0
7192,27,183061,9,0,0,60,0
7193,31,289228,9,0,0,35,0
7194,28,38918,13,0,0,50,0
7196,31,262848,9,0,0,40,0
7197,21,157595,9,0,0,35,0
7204,31,37939,10,0,0,40,0
7205,57,118993,5,0,0,40,0
7209,39,167882,8,0,0,48,0
7212,61,244261,9,0,0,40,0
7218,54,260833,10,0,0,45,1
7223,21,117222,10,0,0,40,0
7225,53,231472,14,15024,0,50,1
7227,32,323985,14,0,0,45,0
7229,36,301614,10,0,0,45,0
7231,23,35633,10,0,0,40,0
7232,30,112358,10,0,0,40,0
7234,40,115411,12,0,0,65,1
7235,42,884434,10,0,0,40,0
7239,58,33386,12,0,0,20,0
7243,39,184531,9,0,0,40,0
7245,63,22228,9,0,0,40,1
7246,38,55899,13,0,0,40,0
7248,31,203572,9,0,0,30,0
7259,27,373545,9,0,0,40,0
7266,51,156877,5,0,0,60,0
7273,21,96061,10,0,0,10,0
7278,32,344696,10,0,0,40,0
7281,40,289636,9,0,0,50,0
7282,30,165115,11,0,0,30,0
7285,48,90042,10,0,0,49,0
7286,22,495288,9,0,0,38,0
7287,22,234970,10,0,0,40,0
7288,51,123011,9,0,0,40,0
7289,36,260454,9,0,0,30,0
7291,22,278021,9,0,0,40,0
7292,47,159399,11,0,0,45,0
7293,34,340665,10,0,2057,35,0
7297,25,399117,3,0,0,40,0
7299,42,377322,11,0,0,40,0
7306,39,257250,9,0,0,60,0
7307,60,269485,1,0,0,40,0
7308,32,182177,9,0,0,40,0
7311,46,33084,9,0,0,40,0
7313,38,177907,9,0,0,40,0
7314,40,145441,9,0,1485,40,1
7316,27,247507,9,0,0,40,0
7319,58,106740,9,0,0,40,1
7324,56,42298,5,0,0,40,0
7328,51,190762,2,0,0,40,0
7330,45,163434,9,0,0,40,0
7334,49,169180,9,0,1876,35,0
7335,37,188763,13,0,0,45,1
7340,28,116298,4,0,0,45,0
7342,27,369188,13,0,0,90,1
7344,33,159574,6,0,0,40,0
7349,60,224277,13,0,0,40,1
7350,30,111567,9,0,0,48,0
7351,53,151411,9,0,0,40,1
7356,46,235334,14,99999,0,60,1
7357,22,296158,6,0,0,40,0
7358,25,153997,6,0,0,40,0
7361,56,91251,9,0,0,20,0
7362,47,192053,4,0,0,55,1
7364,46,125892,13,0,1977,60,1
7365,34,186824,13,0,0,40,0
7367,22,117779,13,0,0,50,0
7369,33,37646,13,0,0,60,0
7372,20,74631,10,0,0,40,0
7374,26,157008,9,0,0,40,0
7378,61,233427,13,0,0,30,0
7379,52,71489,9,0,1579,40,0
7380,34,119411,10,0,0,40,0
7381,35,351772,10,0,0,60,1
7385,58,34169,10,3103,0,25,1
7386,31,328118,10,0,0,20,0
7389,27,181916,10,0,0,40,0
7392,26,91683,10,0,0,40,0
7393,18,39302,8,0,0,12,0
7398,32,307353,9,0,0,40,0
7399,44,172160,7,0,0,40,0
7400,62,234738,13,5013,0,50,0
7404,53,164299,13,0,1887,65,1
7406,25,281209,9,0,0,40,0
7407,41,200479,9,0,0,48,0
7408,28,132750,9,0,0,20,0
7410,34,189843,10,0,0,40,0
7411,21,116657,9,0,0,40,0
7412,52,113522,9,0,0,45,1
7413,53,176185,9,0,0,40,0
7414,90,227796,12,6097,0,45,1
7415,24,194891,11,0,0,40,0
7421,43,225978,10,0,0,40,1
7422,18,407436,9,0,0,30,0
7423,60,119471,12,0,0,40,0
7424,33,249409,14,0,0,35,0
7426,48,148995,10,0,0,60,0
7427,50,200046,14,0,0,50,1
7428,37,215618,13,0,0,40,1
7430,46,340651,13,0,1977,60,1
7433,24,194102,13,0,0,40,0
7437,41,145441,9,0,0,40,1
7442,28,99838,13,0,0,38,0
7443,40,340797,10,0,0,40,0
7445,38,30056,10,0,0,40,0
7446,32,309903,6,0,0,25,0
7448,22,181723,10,0,0,30,0
7449,37,101020,13,4787,0,55,1
7450,44,106900,13,0,0,40,0
7454,56,99479,10,5013,0,46,0
7464,52,206775,9,0,0,40,0
7465,50,53497,9,0,0,40,0
7466,22,238534,10,0,0,20,0
7471,61,95680,10,0,0,40,1
7472,44,208163,11,0,0,40,0
7473,41,369781,9,0,0,55,0
7478,33,186884,9,0,0,40,0
7479,41,313830,9,0,0,40,0
7480,31,212529,10,0,0,40,0
7481,41,124330,10,0,0,30,0
7482,53,104501,13,0,0,42,0
7486,45,168191,9,0,0,40,0
7488,31,110083,9,0,0,40,0
7490,36,125933,13,0,2258,40,0
7492,34,190228,10,0,0,40,1
7495,38,168355,9,0,0,48,0
7497,50,141608,9,0,0,45,0
7499,45,187563,9,5013,0,45,0
7501,32,318647,9,0,0,36,0
7502,47,152572,9,0,0,40,0
7505,19,260327,10,0,0,18,0
7506,23,437940,9,0,0,40,0
7508,34,32587,10,0,0,40,0
7511,68,186163,2,0,0,40,0
7513,28,159724,13,0,0,50,0
7514,63,697806,9,0,0,60,0
7519,45,213334,14,0,0,45,0
7523,33,232650,13,0,0,40,1
7524,47,182474,9,0,0,36,0
7525,37,119992,6,0,0,40,0
7526,26,376016,9,0,0,30,0
7527,39,144638,14,0,0,45,1
7532,21,291232,10,0,0,40,0
7536,35,97136,10,0,0,37,0
7544,28,34292,9,0,0,40,0
7546,22,161508,10,0,0,40,0
7547,80,151959,9,0,0,15,0
7548,41,196001,9,0,0,20,0
7551,52,288353,13,99999,0,48,1
7556,22,336101,10,0,0,30,0
7557,34,235062,9,0,0,45,0
7561,38,115376,10,0,0,40,0
7563,28,175389,12,0,0,40,0
7568,59,381965,9,0,1740,80,0
7571,40,50191,5,5455,0,40,0
7573,42,104973,9,0,0,40,0
7575,55,96415,9,0,0,35,0
7577,59,155259,10,0,0,20,0
7579,56,178787,9,0,0,40,0
7580,34,361497,7,0,0,40,0
7582,36,296478,9,0,0,40,1
7585,35,89622,9,0,0,40,0
7586,56,118614,9,0,0,40,0
7587,30,35683,13,0,0,40,0
7589,49,175305,4,0,0,40,0
7591,27,201017,16,0,0,80,0
7592,48,95388,10,0,0,40,0
7596,36,166213,9,0,0,40,1
7600,34,87943,4,0,0,48,0
7605,40,142030,13,0,0,55,1
7606,30,226296,14,0,0,40,1
7610,21,118023,10,0,0,35,0
7612,29,141005,10,0,0,24,0
7614,44,253250,14,0,0,54,0
7615,39,497788,12,0,0,50,1
7616,42,128354,13,0,0,40,1
7621,23,245361,10,0,0,35,0
7629,49,187308,10,0,0,35,0
7635,72,103990,14,0,0,12,0
7638,41,190786,11,7298,0,40,1
7643,47,188537,14,0,0,60,1
7647,18,97683,9,0,0,15,0
7651,23,132220,9,0,0,40,0
7653,22,187592,10,0,0,30,0
7660,18,29582,7,0,0,50,0
7661,68,174812,9,0,0,15,0
7665,41,302606,9,0,0,40,0
7670,36,218188,9,0,0,32,0
7671,49,167159,10,0,0,40,0
7672,72,128529,9,0,0,28,0
7674,22,118235,9,0,0,55,0
7675,23,250165,13,594,0,40,0
7676,47,269620,10,0,0,40,0
7678,25,147638,13,0,0,40,0
7679,42,304605,10,0,0,40,0
7682,63,165611,13,0,0,35,0
7685,21,226668,11,0,0,40,0
7687,17,98005,7,0,0,20,0
7689,51,108914,9,0,0,40,0
7693,21,126568,9,0,0,40,0
7694,50,179339,9,0,0,45,0
7696,39,365009,13,0,0,40,0
7697,20,344698,10,0,0,30,0
7701,17,201412,6,594,0,5,0
7702,26,331861,13,0,0,60,1
7703,58,97541,14,0,0,46,1
7705,29,196564,9,0,0,40,0
7708,41,184630,13,4416,0,40,0
7709,17,161955,7,0,0,30,0
7710,24,200089,9,0,0,40,0
7713,52,184529,9,0,0,40,1
7716,27,153805,10,0,0,45,0
7720,23,239539,10,0,0,40,1
7721,55,50215,11,0,0,42,0
7722,51,80123,10,0,0,35,0
7724,44,276096,10,0,0,45,0
7726,24,172232,9,0,0,42,0
7728,38,87556,10,0,0,40,0
7730,41,104196,14,0,0,50,1
7732,59,116637,9,0,0,40,0
7733,33,307640,11,0,0,40,0
7735,25,269015,9,0,0,40,0
7737,41,39581,9,4101,0,40,0
7740,39,303677,10,0,0,15,0
7745,41,177054,9,0,0,40,0
7747,34,244147,9,0,0,40,1
7748,29,167336,10,0,0,50,0
7749,43,135060,14,0,0,50,1
7750,49,52184,9,0,0,40,0
7751,31,159187,10,0,0,25,0
7755,36,181099,16,0,0,40,0
7756,26,216741,9,0,0,40,0
7761,29,197222,13,0,0,40,0
7762,56,33115,9,0,0,40,0
7770,31,271162,7,0,0,40,0
7772,21,29810,10,0,0,40,0
7773,19,277695,1,0,0,50,0
7778,24,174714,10,0,0,45,0
7779,24,118792,10,0,0,12,0
7783,36,143437,13,0,0,40,0
7784,22,114357,10,0,0,55,0
7785,46,427055,10,0,0,40,1
7790,30,159589,13,0,1848,50,1
7792,69,164754,9,0,0,20,0
7793,63,109446,9,0,0,40,0
7794,33,314068,11,0,0,40,0
7798,29,239511,10,0,0,50,0
7802,61,111563,7,0,0,27,0
7804,61,166789,14,0,2246,50,1
7805,54,22743,13,99999,0,70,1
7806,41,180599,14,0,0,50,0
7809,24,158950,13,0,0,45,0
7812,49,169092,10,5178,0,40,1
7814,36,120204,9,0,0,40,0
7815,49,229337,9,0,0,40,0
7820,28,147560,10,0,0,40,0
7821,36,131808,9,4386,0,40,1
7823,46,165160,13,0,0,40,1
7825,26,143583,14,0,0,40,0
7834,38,171150,4,3781,0,78,0
7836,37,188391,12,0,0,60,1
7838,28,122913,9,0,0,40,1
7839,35,37314,16,0,0,55,0
7841,47,20946,13,0,0,40,0
7842,20,281608,10,0,0,50,0
7843,31,213643,14,0,1590,60,0
7854,45,45136,15,99999,0,60,1
7855,28,173483,13,5013,0,20,0
7857,41,169823,15,0,0,46,1
7859,42,32627,9,0,0,40,0
7863,45,162302,9,0,0,30,0
7864,24,192812,14,0,0,40,0
7865,65,217661,9,0,2246,40,1
7866,61,353031,9,0,0,60,0
7867,21,155483,10,0,0,40,0
7872,26,38257,9,0,0,20,0
7873,22,175586,9,0,0,20,0
7874,49,316323,9,0,0,48,1
7875,36,117802,11,0,0,40,0
7876,18,454950,10,0,0,40,0
7877,17,284277,7,1055,0,20,0
7878,32,90409,10,0,0,20,0
7880,29,138692,9,0,0,40,0
7886,25,129275,9,0,0,40,0
7887,28,399123,9,0,0,40,0
7890,33,269605,9,0,0,32,0
7892,70,162659,4,0,0,8,0
7897,48,123681,10,0,0,40,1
7899,17,96354,7,0,0,40,0
7901,37,107302,10,0,0,50,1
7903,51,50459,14,0,1740,40,0
7904,57,22975,14,0,0,40,1
7912,20,199703,9,0,0,28,0
7914,64,186376,13,5178,0,40,1
7916,18,152508,7,0,0,20,0
7922,22,34616,10,0,0,20,0
7923,29,199074,9,0,0,20,0
7925,22,199555,9,0,0,48,0
7927,46,107425,9,0,0,40,0
7929,41,110556,14,0,0,40,0
7931,41,215219,9,0,0,40,0
7933,64,239450,14,0,0,45,1
7937,80,138737,9,0,0,20,0
7938,24,332194,5,0,0,40,0
7939,20,291979,9,0,0,35,0
7940,64,162761,10,2354,0,35,0
7941,21,153643,9,0,0,70,0
7942,52,30908,9,0,0,60,0
7946,62,170969,10,0,0,40,1
7947,19,302229,9,0,0,10,0
7953,41,36651,10,0,0,45,1
7957,63,177063,9,0,0,40,0
7959,58,180779,9,0,0,40,0
7961,38,32086,10,0,0,52,0
7962,35,302149,10,0,0,40,1
7965,33,260782,4,0,0,40,0
7966,21,82061,3,0,0,32,0
7967,22,254351,9,0,0,40,0
7970,24,152719,10,0,0,15,0
7972,33,199248,10,0,0,40,0
7975,36,188503,14,0,0,60,1
7977,27,201872,13,0,0,40,0
7981,48,218357,9,0,0,25,0
7984,41,164612,13,0,1887,50,1
7987,54,105638,5,0,0,40,0
7988,36,81259,12,0,0,36,0
7990,27,394927,9,0,0,40,0
7991,52,165998,15,7298,0,50,1
7992,40,41888,10,0,2415,70,1
7996,28,203776,9,0,0,45,0
7997,61,202060,9,0,0,34,0
7998,59,178282,9,7688,0,40,1
7999,31,57151,10,0,0,40,0
8000,35,399455,9,0,0,52,0
8003,21,278254,10,0,0,40,0
8004,40,162098,9,0,0,40,0
8005,23,304143,10,0,0,10,0
8006,37,287031,14,0,0,50,1
8007,38,102478,9,0,0,40,0
8008,36,172425,9,0,0,40,1
8009,48,56664,9,0,0,40,0
8010,42,247514,10,0,0,40,1
8011,30,307353,9,0,0,35,0
8012,37,111129,11,0,0,39,0
8014,47,224314,13,0,0,45,0
8018,68,129802,9,0,0,12,0
8019,43,303155,13,0,0,50,1
8021,27,156294,9,0,0,40,0
8022,50,145033,15,0,2415,60,1
8026,41,122033,10,0,0,99,0
8028,32,235124,8,0,0,30,0
8029,47,341814,13,0,0,45,0
8031,47,303637,13,0,0,60,1
8032,31,307543,6,0,0,99,0
8037,40,131899,10,0,0,40,0
8039,31,198068,15,0,0,50,0
8045,55,79662,9,0,0,60,0
8046,35,190023,7,0,0,40,0
8047,31,301251,9,0,0,40,0
8048,36,115336,11,0,0,50,1
8049,58,98015,16,15024,0,32,1
8050,33,48189,13,0,0,50,0
8051,33,248754,13,0,0,45,0
8053,45,185797,10,3325,0,60,0
8057,42,335846,13,0,0,50,0
8058,19,179991,9,0,0,35,0
8060,34,127875,13,0,0,20,0
8061,27,132686,9,0,0,50,0
8064,46,165852,10,0,0,40,1
8066,63,261995,10,0,0,40,1
8067,37,342480,13,0,0,40,1
8070,30,259425,6,0,0,50,0
8072,63,246124,13,0,0,50,0
8073,53,321865,15,0,0,40,1
8074,42,32080,9,0,0,40,0
8075,31,201697,13,0,0,40,1
8076,32,300687,14,0,0,40,0
8077,27,307724,10,0,0,40,0
8080,37,202139,13,0,0,20,0
8082,40,208277,13,0,0,35,0
8083,19,107405,10,0,0,40,0
8084,21,194096,10,0,0,40,0
8085,36,162029,9,3325,0,40,0
8086,46,172155,13,0,0,40,0
8088,27,116298,9,0,0,40,0
8089,50,320510,10,7298,0,56,1
8090,31,158144,10,0,0,40,0
8091,34,181651,9,0,0,40,0
8094,54,85423,9,0,0,40,1
8098,22,125542,7,0,0,40,0
8101,45,40666,11,2885,0,60,0
8104,18,151552,7,0,0,15,0
8106,32,32174,9,0,0,40,0
8109,49,163021,9,0,0,40,0
8110,18,283342,6,0,0,40,0
8111,41,45186,10,0,0,40,0
8115,58,183869,9,3411,0,80,0
8116,19,167428,10,0,0,40,0
8117,35,227615,9,0,0,50,0
8121,45,235646,10,0,0,45,0
8130,67,131656,13,0,2392,24,1
8133,40,103513,14,0,0,40,0
8135,28,109494,10,0,1485,40,0
8136,28,52732,4,0,0,40,0
8138,20,105997,10,0,0,25,0
8140,18,216540,7,0,0,40,0
8142,45,87207,9,0,0,37,0
8144,35,190297,13,0,1977,65,1
8146,47,162236,13,0,0,35,1
8152,18,406491,10,0,0,40,0
8153,23,231866,10,0,0,40,0
8154,22,292055,11,0,0,37,0
8158,30,171483,9,0,0,38,0
8159,36,68798,9,0,0,30,0
8161,59,291856,9,0,0,40,0
8163,22,72887,10,0,0,24,0
8165,65,29276,9,2538,0,50,0
8166,50,224207,13,0,0,40,1
8167,50,237356,10,7298,0,40,1
8168,29,393829,9,0,0,50,1
8170,56,140729,9,0,0,45,0
8174,30,287092,9,2354,0,40,0
8176,52,140027,9,0,0,20,0
8177,44,32000,13,0,0,45,0
8179,27,157612,13,0,0,60,0
8181,28,89598,13,0,0,45,0
8185,36,348960,10,0,0,40,0
8190,59,103948,9,0,0,40,0
8191,32,96016,13,0,0,40,0
8193,29,270379,9,0,0,40,0
8195,59,221417,9,0,0,40,1
8201,31,178615,13,0,0,40,0
8203,19,317988,10,0,0,15,0
8206,80,30680,4,0,0,35,0
8208,67,268781,13,0,1510,8,0
8210,35,433682,13,0,0,40,0
8214,46,126524,13,0,1902,40,1
8215,52,270221,13,15024,0,44,1
8217,31,118941,9,0,0,35,0
8219,35,241306,9,5013,0,40,0
8222,76,106430,5,0,0,40,0
8224,33,377692,12,0,0,40,0
8234,38,54953,9,0,0,30,0
8239,64,211846,6,0,0,40,0
8241,26,114483,9,0,0,40,0
8242,43,199657,9,0,0,20,0
8244,43,346081,15,15024,0,50,1
8245,24,26668,13,0,0,40,0
8246,72,272425,9,3818,0,4,0
8249,21,142875,6,0,0,44,0
8250,18,256304,9,0,0,30,0
8252,48,162187,13,0,0,48,1
8258,70,210722,15,2538,0,45,0
8268,35,61518,9,0,0,60,0
8270,25,202700,9,0,0,35,0
8274,38,365307,9,0,0,32,0
8276,48,166863,14,0,0,40,1
8278,22,126822,6,0,0,30,0
8281,31,264351,4,0,0,40,0
8285,51,96062,9,0,0,40,0
8288,64,200517,9,0,0,39,0
8289,48,222478,9,0,0,20,0
8290,19,168471,10,0,0,15,0
8291,52,403027,9,0,0,50,0
8294,51,155574,9,0,0,40,1
8295,48,135525,10,0,0,40,1
8296,42,24763,13,0,0,65,0
8298,40,30412,13,0,0,40,0
8299,37,93225,12,0,0,45,0
8301,60,122314,9,0,0,65,0
8303,30,137991,11,0,0,41,0
8305,42,208068,13,7298,0,40,1
8308,27,169748,9,0,0,40,0
8314,41,84817,11,3887,0,40,0
8315,38,227615,7,0,0,40,0
8317,38,133935,9,0,0,41,1
8318,22,316438,9,0,0,35,0
8319,44,107433,10,0,0,55,1
8320,36,28572,10,0,0,38,0
8322,22,202153,10,0,0,40,0
8326,34,122749,10,0,0,32,0
8327,36,181146,14,0,0,40,0
8331,52,247806,14,15024,0,50,1
8333,48,204629,13,0,0,40,1
8334,63,195540,11,0,1408,40,0
8335,27,113866,9,0,0,30,0
8338,45,310260,10,0,0,60,1
8339,35,189922,11,0,0,52,1
8340,54,249949,10,0,0,40,0
8341,23,38455,10,0,0,11,0
8342,51,123429,9,15024,0,40,1
8343,71,99549,3,0,0,40,0
8344,50,98954,10,0,0,40,1
8345,36,49794,9,0,0,45,0
8349,59,78020,4,0,0,40,0
8350,27,182843,9,0,0,40,0
8352,31,223376,13,0,0,40,0
8355,23,442478,10,0,0,15,0
8358,35,217926,10,0,0,40,0
8362,59,113838,13,4650,0,37,0
8363,17,278414,7,0,0,15,0
8366,28,106141,9,99999,0,40,1
8368,49,547108,13,15024,0,40,1
8372,49,184285,9,0,0,40,1
8375,51,171275,4,0,0,40,0
8378,40,51233,13,0,0,38,0
8381,50,334421,15,0,1590,25,0
8384,29,360186,9,0,0,40,0
8385,20,368832,10,0,0,25,0
8387,35,295279,13,0,0,37,0
8389,18,150817,7,0,0,20,0
8393,24,190483,9,0,0,40,0
8394,50,391016,12,0,0,50,0
8396,28,267661,13,0,0,45,0
8397,57,197369,9,0,0,40,0
8399,46,168441,10,0,0,45,1
8400,47,85109,16,0,0,50,0
8402,37,289430,6,0,0,40,0
8406,20,188923,10,0,0,37,0
8407,36,167482,10,0,0,40,1
8408,29,114968,11,0,0,40,0
8411,47,362654,14,0,0,40,1
8413,42,204817,13,0,0,35,0
8416,42,179151,10,0,0,40,0
8417,17,30829,7,0,0,12,0
8418,50,474229,9,0,0,40,0
8419,46,246981,13,0,0,23,0
8420,39,271610,9,0,0,60,1
8421,25,179138,9,0,0,40,0
8422,19,268722,10,0,0,20,0
8424,37,125550,13,7688,0,40,1
8427,90,311184,14,0,0,99,0
8428,45,133969,13,0,0,40,0
8429,41,214242,10,0,1902,72,1
8432,21,147344,9,0,0,60,0
8435,43,222756,12,0,2002,44,0
8437,22,316304,10,0,0,50,0
8439,40,176063,13,0,1977,60,1
8440,67,176835,10,0,0,40,0
8441,58,144092,14,0,0,35,1
8442,23,148709,13,0,0,38,0
8443,31,194141,11,0,0,40,0
8444,28,215423,9,0,0,70,0
8445,52,128378,7,0,0,40,0
8450,36,358373,13,0,0,30,0
8452,56,244580,9,0,0,40,1
8454,39,210150,14,0,0,40,0
8455,22,212213,10,0,0,40,0
8457,29,55390,9,0,0,40,1
8458,58,66788,9,0,0,40,0
8463,43,142725,9,0,1887,80,1
8464,44,53956,10,0,0,45,0
8465,45,116892,12,0,0,40,0
8466,33,34572,9,0,0,40,0
8467,40,287008,9,0,0,40,0
8469,27,162104,4,0,0,30,0
8471,20,228306,9,0,0,32,0
8475,43,255586,9,0,0,40,0
8477,28,181466,9,0,0,40,0
8478,23,234108,12,0,0,40,0
8479,28,66414,13,0,0,40,0
8480,21,227307,9,0,0,43,1
8481,23,157145,9,0,0,40,0
8486,30,289293,8,3908,0,40,0
8491,26,295055,9,0,0,40,0
8494,53,308764,9,0,0,45,0
8496,47,358382,10,0,0,40,0
8498,32,296897,13,0,0,40,0
8499,41,230961,15,0,0,45,1
8502,42,252058,9,0,0,40,0
8503,51,30012,10,0,0,50,1
8504,33,202046,13,0,0,45,1
8505,22,52262,10,0,0,45,0
8506,60,96660,9,0,0,33,0
8509,22,311311,10,0,0,60,0
8510,47,142856,14,0,0,45,1
8513,67,173623,13,4931,0,30,0
8518,38,51240,13,0,0,45,0
8519,30,206923,12,0,1977,40,1
8520,30,132601,13,0,0,40,1
8521,27,357348,9,2202,0,40,0
8526,51,158746,13,0,1902,60,1
8531,38,187098,14,0,0,48,0
8537,56,59469,4,0,0,40,0
8538,63,164435,10,0,0,50,0
8539,25,259336,9,0,0,40,0
8540,40,277488,9,0,0,40,0
8541,53,104258,6,0,0,40,0
8543,32,267052,6,0,0,40,0
8548,28,220692,10,0,0,40,0
8550,42,263339,9,5178,0,40,1
8551,21,83704,5,0,0,30,0
8552,24,324960,12,0,0,30,0
8553,53,96062,5,0,0,50,0
8554,54,96678,9,0,0,45,0
8555,36,33435,11,0,0,40,0
8556,52,399008,9,5013,0,40,0
8557,71,159722,9,0,0,25,0
8558,36,225172,9,0,0,40,0
8559,52,135033,4,0,0,40,0
8561,56,182460,13,0,0,40,0
8562,52,231196,9,0,0,40,1
8563,55,181974,10,0,0,40,0
8566,23,33644,13,0,0,50,0
8567,40,92649,12,0,0,40,0
8575,48,103743,10,0,2002,70,0
8577,26,191393,9,0,1380,40,0
8580,55,104996,9,0,0,15,0
8581,27,191202,9,0,0,45,0
8584,47,58440,11,0,0,45,0
8585,24,125031,9,0,0,45,0
8586,23,183772,12,0,0,70,0
8588,32,121058,9,0,0,60,0
8589,43,84673,14,0,0,38,1
8592,21,327797,10,0,0,40,0
8593,40,108945,9,0,0,32,0
8596,54,69477,14,0,1902,60,1
8597,45,137946,13,0,0,50,0
8598,28,167737,13,0,1974,50,0
8599,30,195602,10,0,0,45,0
8600,31,140206,9,0,0,40,1
8601,42,272551,13,0,1564,60,1
8602,24,114939,11,0,0,40,0
8607,24,316438,3,0,0,40,0
8609,29,199903,9,0,0,20,0
8610,42,339814,13,0,0,40,1
8611,19,191140,10,0,0,20,0
8612,33,174215,13,0,0,55,1
8615,27,200610,9,2580,0,40,0
8616,36,140327,9,7298,0,35,1
8617,39,86643,10,0,0,48,0
8618,33,226624,9,0,0,40,0
8620,27,153288,10,0,0,40,0
8626,22,96844,10,0,1602,20,0
8627,41,149102,9,0,1980,40,0
8628,42,226452,5,0,0,40,0
8630,37,177277,14,0,0,40,1
8631,38,316470,13,0,0,40,1
8636,52,131662,13,0,0,45,0
8637,20,163333,9,0,0,20,0
8639,35,141276,9,0,0,40,0
8640,61,242552,3,0,0,37,0
8641,30,246439,12,0,0,60,0
8643,31,157568,10,0,0,40,0
8648,18,96244,10,0,0,45,0
8650,42,180985,11,0,0,52,0
8651,36,101192,9,0,0,40,1
8653,32,105749,15,0,0,40,1
8655,23,249087,13,0,0,40,0
8656,31,279231,11,0,0,40,0
8657,38,180477,6,0,0,40,0
8658,51,144522,9,0,0,40,0
8659,36,248263,9,0,0,40,0
8660,38,498411,10,0,0,40,0
8661,57,102442,10,0,0,40,0
8664,22,161638,9,0,0,40,0
8666,38,108140,14,7298,0,50,1
8668,43,504423,14,0,0,60,1
8670,22,335067,13,0,0,20,0
8673,55,85001,14,0,0,38,0
8676,36,52870,13,4386,0,50,1
8677,73,228899,4,0,0,99,0
8679,36,186934,9,0,0,50,1
8682,32,185177,11,0,1590,40,0
8683,34,312055,13,0,0,40,1
8685,51,161482,9,0,0,40,0
8687,45,277630,10,0,0,48,0
8689,73,187334,10,0,0,40,0
8690,18,328937,4,0,0,20,0
8692,58,49159,9,0,0,40,1
8693,38,133299,9,0,0,55,0
8694,62,268315,10,0,0,40,0
8701,28,94128,9,0,0,40,0
8708,29,247445,9,0,0,40,0
8710,19,239862,10,0,0,40,0
8712,37,188563,9,0,0,55,0
8715,46,145636,9,3103,0,50,1
8717,35,196373,9,0,1672,40,0
8721,62,188650,4,0,0,10,0
8722,33,373043,9,0,0,34,0
8725,29,89487,9,0,0,40,0
8732,41,229472,9,0,0,40,0
8733,33,93034,11,0,0,40,0
8734,35,415167,13,0,0,60,1
8735,76,161182,10,0,0,20,0
8739,22,366139,10,0,0,40,0
8742,33,154950,13,0,0,50,0
8743,30,197886,12,0,0,40,0
8745,26,214303,9,0,0,20,0
8746,34,154120,14,15024,0,60,1
8752,30,176969,9,0,0,40,0
8754,23,212407,13,0,0,25,0
8757,45,126754,14,0,0,45,1
8763,27,222442,10,0,0,25,0
8764,24,403471,10,0,0,48,0
8768,35,101073,10,0,0,45,1
8770,23,215395,10,0,0,40,0
8774,49,90907,10,0,0,40,1
8775,42,165309,9,0,0,50,0
8776,35,208358,13,0,0,37,1
8777,42,171069,13,15024,0,40,1
8778,46,53540,10,0,0,40,1
8779,48,29433,10,0,0,55,0
8782,51,266336,13,0,1902,50,1
8783,44,190290,10,0,0,80,0
8784,74,45319,8,1409,0,20,0
8785,17,131593,7,0,0,20,0
8786,24,177913,9,0,0,40,0
8792,52,121038,9,0,0,43,0
8793,53,119570,13,0,0,45,1
8795,28,169460,11,0,0,80,0
8796,33,261639,10,4064,0,40,0
8797,21,214542,10,0,0,22,0
8798,31,141410,10,0,0,40,0
8805,49,165539,10,0,0,90,0
8811,49,247043,10,0,0,40,0
8813,23,131415,9,0,0,35,0
8815,50,230858,14,0,0,50,1
8817,28,339897,13,0,0,40,1
8819,30,180574,10,0,0,40,0
8820,44,88808,8,0,0,40,0
8821,24,179627,9,0,0,40,0
8824,30,46492,13,0,1902,40,1
8825,36,48520,10,0,0,40,0
8826,28,306538,8,0,0,40,0
8832,24,152724,9,0,0,40,0
8833,28,242482,9,0,0,40,0
8839,20,211601,11,0,0,15,0
8840,31,264554,9,0,1977,40,1
8842,20,194228,10,0,0,40,0
8843,62,236247,9,0,0,20,0
8845,49,166215,5,0,0,40,0
8846,34,178623,13,0,0,35,0
8847,51,174102,13,0,0,8,0
8854,37,49105,9,0,0,25,0
8855,62,164021,14,0,0,40,1
8857,51,323963,9,0,0,60,1
8859,61,289950,13,0,0,44,1
8860,65,213149,9,0,0,40,0
8862,22,351952,10,0,0,38,0
8864,19,281704,10,0,0,8,0
8868,55,142020,9,0,0,80,0
8870,43,213416,10,0,0,40,0
8872,22,191265,10,0,0,30,0
8874,24,126613,13,0,0,50,0
8875,26,40032,13,0,0,40,0
8878,24,140500,6,0,0,40,0
8879,31,113364,9,0,0,40,1
8883,33,194336,9,5178,0,50,1
8885,55,142020,9,0,0,45,0
8887,29,226295,9,0,0,36,0
8889,36,305935,9,0,0,40,0
8890,23,287988,13,0,0,30,0
8891,49,49275,9,0,0,50,0
8897,35,60227,9,0,0,40,0
8900,64,232787,13,0,0,40,0
8901,49,235095,7,0,0,40,0
8902,44,190531,13,0,0,35,0
8904,23,109053,9,0,0,60,0
8905,22,183594,9,0,0,40,0
8910,21,565313,9,0,0,40,0
8912,68,99106,14,0,0,20,0
8914,33,66384,9,0,0,38,0
8915,41,483201,13,0,0,40,1
8918,69,165017,15,0,0,40,1
8922,38,338611,10,0,0,40,0
8925,36,359397,7,0,0,40,0
8927,31,31510,12,0,0,40,0
8928,51,358740,7,0,0,35,0
8929,31,257148,13,0,0,35,0
8930,48,174525,2,0,0,52,0
8932,41,193494,9,0,0,44,0
8934,53,146834,9,0,0,45,0
8935,24,63927,10,0,0,40,0
8936,38,278403,13,0,0,48,0
8943,47,304512,14,0,0,50,1
8947,21,73514,9,0,0,40,0
8950,28,220043,13,0,0,40,1
8954,47,358668,13,0,0,48,0
8955,85,188328,14,0,0,5,0
8957,54,72257,9,7688,0,40,1
8960,46,153536,10,3103,0,40,1
8962,73,147703,9,0,0,15,0
8964,42,231832,10,0,0,45,1
8966,34,130021,9,0,0,48,0
8969,20,254025,10,0,0,40,0
8974,17,35603,8,0,0,20,0
8975,67,142624,9,0,0,40,0
8976,22,92609,9,0,0,50,0
8977,41,111232,10,0,0,50,0
8978,22,203518,13,0,0,45,0
8980,40,45093,14,0,0,50,0
8982,90,225063,9,0,0,40,0
8983,18,391495,10,0,0,25,0
8984,31,162312,13,0,0,35,0
8990,57,156040,3,0,0,40,0
8994,35,103925,14,0,0,35,0
8995,46,118633,9,0,0,80,0
8996,48,207540,13,99999,0,60,1
8998,28,192237,10,0,0,35,0
8999,35,132879,11,15024,0,40,1
9001,47,326292,13,0,0,60,1
9004,36,129357,10,0,0,40,0
9007,46,424934,6,0,0,40,0
9008,28,204648,9,0,0,20,0
9019,17,153542,6,0,0,20,0
9020,40,226902,13,0,0,40,1
9022,50,279129,14,0,0,20,0
9026,67,70737,5,0,0,32,0
9027,55,200939,9,0,0,48,1
9028,46,192128,15,0,0,45,1
9029,31,188798,14,0,0,40,1
9030,23,202920,12,0,0,30,0
9034,63,83791,9,0,0,45,0
9039,71,345339,11,0,0,28,0
9041,51,205100,14,0,0,32,1
9045,43,187802,10,0,0,37,0
9046,46,215895,14,4787,0,60,1
9047,30,100135,13,0,0,40,0
9048,34,137616,5,0,0,35,0
9049,36,341672,9,0,0,60,0
9052,43,293809,15,0,0,20,0
9053,46,93639,13,0,0,40,0
9054,22,166297,10,0,0,20,0
9058,25,207965,13,0,0,60,0
9061,20,190916,9,0,0,40,0
9062,45,235892,10,0,0,32,0
9063,18,240767,9,0,0,30,0
9064,27,194515,10,0,0,37,0
9065,33,156464,6,0,0,40,0
9066,42,117728,9,0,0,50,0
9067,49,195727,9,0,0,40,0
9068,36,133454,13,0,0,40,0
9069,28,191177,11,0,1726,40,0
9082,61,97030,6,0,0,36,0
9085,56,229939,9,0,0,40,0
9088,73,57435,10,0,0,20,1
9090,28,252424,11,0,0,40,0
9092,41,29591,11,0,0,42,0
9097,34,172714,13,0,0,45,1
9099,54,89705,10,0,0,40,1
9100,24,165107,13,0,0,40,0
9102,21,298342,10,0,0,40,0
9104,45,162958,9,0,0,35,0
9107,40,197609,10,0,1340,40,0
9108,29,160731,14,0,0,50,0
9109,26,210848,5,2635,0,35,0
9110,59,196126,7,0,0,40,0
9113,22,203518,10,0,0,16,0
9114,52,254230,5,0,0,45,1
9115,39,136531,9,0,0,47,0
9116,25,108505,9,0,0,40,0
9117,37,31095,11,0,0,60,1
9118,37,149347,10,0,0,40,1
9123,48,99385,9,0,0,40,0
9124,49,403061,2,0,0,40,0
9127,34,159268,9,0,0,40,0
9128,20,162945,10,0,0,40,0
9132,37,112264,9,0,0,40,0
9133,34,192900,10,0,0,35,0
9134,23,355856,13,0,0,20,0
9136,37,172927,10,0,1741,70,0
9137,19,170125,10,0,0,25,0
9138,35,305379,13,0,1887,50,1
9149,31,132705,9,0,0,50,0
9153,39,341643,9,0,1669,50,0
9154,32,256362,9,0,0,40,1
9157,29,156266,12,0,0,25,0
9158,49,106634,14,27828,0,35,1
9162,58,186106,4,0,0,40,0
9163,58,236731,2,0,0,40,0
9169,61,184167,8,0,0,40,0
9170,54,145419,13,0,0,60,1
9171,32,87310,14,0,0,60,1
9178,21,254351,9,0,0,35,0
9180,23,188925,9,0,0,40,0
9182,30,108023,13,0,0,60,0
9183,31,197058,14,2597,0,45,0
9185,33,473133,16,15024,0,50,1
9186,32,27051,13,0,0,52,1
9189,43,84924,10,0,0,44,1
9193,45,182470,10,0,0,40,1
9196,42,200574,15,0,0,38,0
9197,31,29144,10,0,0,50,0
9198,42,34722,12,0,0,40,0
9200,51,238481,9,0,1902,42,1
9202,73,142426,9,25124,0,20,1
9204,29,30070,13,0,0,40,0
9207,46,114328,10,0,0,40,0
9210,41,271927,13,0,0,45,1
9212,28,212588,10,0,0,40,0
9213,57,477867,9,0,0,40,0
9214,29,394927,6,0,0,45,1
9221,40,60594,10,0,0,30,0
9223,36,176900,10,0,0,25,0
9224,47,64563,10,7688,0,42,1
9225,23,99408,10,0,0,40,0
9228,18,79077,8,0,0,22,0
9229,34,255830,12,7443,0,40,0
9233,66,99927,9,0,0,45,0
9234,18,191784,9,0,0,40,0
9240,39,241998,9,0,0,40,0
9241,44,55363,13,0,1887,40,1
9242,29,137240,10,0,0,45,0
9244,21,311311,9,0,0,12,0
9245,48,186299,13,0,0,40,1
9246,36,168055,13,5178,0,40,1
9249,29,36440,13,0,0,40,0
9254,29,213152,7,0,0,52,0
9258,43,185860,13,0,0,40,1
9261,38,54953,13,0,0,60,0
9263,29,273884,9,0,0,30,0
9266,25,66935,13,0,0,40,0
9267,39,135500,9,0,0,40,1
9271,52,94448,11,0,0,40,0
9272,51,138200,12,0,0,40,0
9274,57,182836,10,3103,0,40,1
9276,31,168275,9,0,0,28,0
9278,43,107439,10,0,0,30,0
9279,80,164909,14,99999,0,54,1
9281,77,181974,4,0,0,40,0
9284,21,229769,9,0,0,40,0
9285,43,45975,8,0,0,40,0
9286,42,187702,9,0,0,40,0
9287,48,102585,14,0,0,40,0
9288,30,327112,7,0,0,40,0
9290,32,296538,9,0,0,42,0
9295,54,104413,10,4101,0,40,0
9297,34,85632,10,0,0,40,1
9298,48,102359,16,0,0,60,1
9301,42,91453,13,0,0,50,0
9308,19,78374,10,0,0,40,0
9309,59,653215,7,0,0,40,0
9310,19,318061,10,0,0,80,0
9315,55,100821,9,0,0,36,0
9316,28,86268,9,0,0,40,0
9319,21,117210,10,0,0,40,0
9326,39,357173,9,0,0,40,0
9330,59,358747,10,0,0,55,1
9334,55,212600,14,0,0,40,1
9335,65,90113,13,0,0,60,1
9336,19,96705,10,0,0,14,0
9339,44,227065,13,99999,0,40,1
9340,44,193144,9,0,0,35,0
9343,37,203628,9,0,0,54,1
9346,27,50818,14,0,0,55,0
9347,49,160812,13,0,0,40,1
9349,61,77072,7,0,0,40,1
9351,20,219211,10,0,0,30,0
9358,68,152053,9,0,0,48,0
9359,18,211273,9,0,0,19,0
9362,38,38145,9,0,0,44,0
9365,46,135854,9,0,0,40,0
9366,57,132145,3,0,0,40,0
9367,65,194920,9,0,0,10,0
9369,67,176388,9,0,0,45,0
9371,30,385177,13,0,0,24,1
9372,20,510643,9,0,0,40,0
9374,35,297697,10,0,0,40,0
9376,23,134045,11,0,0,40,0
9379,24,237262,10,0,0,35,0
9381,40,141583,13,0,0,35,0
9382,27,294642,9,0,0,40,0
9384,27,184493,9,0,1594,25,0
9385,48,125892,14,0,0,40,1
9386,27,118235,10,0,0,40,0
9388,31,189843,9,0,0,45,0
9390,51,103803,9,0,0,50,0
9392,26,158846,13,0,0,44,0
9393,69,203313,4,0,0,40,0
9398,26,61996,9,0,0,62,0
9399,63,209790,9,0,0,40,1
9400,23,117779,8,0,0,45,0
9405,32,42900,13,0,0,50,0
9406,42,144002,9,0,0,50,1
9407,37,126954,9,0,0,40,1
9409,42,126094,9,0,0,40,0
9411,30,118941,10,0,0,40,0
9412,43,205675,10,0,0,75,1
9413,19,89295,10,0,0,35,0
9414,30,173858,9,2597,0,40,0
9417,74,41737,9,0,2149,30,0
9420,22,214731,10,0,0,15,0
9426,30,160594,13,0,0,50,0
9427,38,152307,13,0,0,41,1
9432,38,178678,6,0,1380,50,0
9434,17,86019,7,0,0,36,0
9436,36,223749,13,0,0,40,1
9440,51,279452,3,0,0,70,0
9443,68,35468,14,0,0,24,0
9444,18,195318,7,0,0,23,0
9448,19,186682,9,0,0,40,0
9449,59,156797,9,13550,0,60,1
9452,39,159168,11,0,3004,40,1
9453,64,172740,10,0,0,12,0
9456,26,128699,9,0,0,40,0
9458,30,102320,11,0,0,40,0
9460,62,190273,9,0,0,40,0
9461,59,217747,9,0,0,40,1
9462,44,99830,10,0,0,65,0
9465,28,267912,9,0,0,40,0
9468,39,306678,9,0,0,40,1
9471,27,371103,13,0,0,40,0
9472,46,316271,3,0,0,55,0
9479,23,81786,10,0,0,40,0
9481,48,208662,9,0,0,37,0
9482,28,173944,13,15024,0,65,1
9490,39,247515,9,0,0,45,0
9492,32,107435,9,0,0,40,0
9494,20,39803,10,0,0,40,0
9495,42,482211,9,0,0,40,0
9496,47,169549,13,7298,0,60,1
9499,33,245173,12,0,0,40,0
9501,49,95636,6,0,0,40,0
9506,31,295099,10,0,0,40,0
9509,23,142766,13,0,0,18,0
9510,31,72887,13,0,0,47,1
9511,35,102946,10,0,1669,45,0
9516,17,130969,5,0,0,20,0
9518,41,43467,13,0,0,99,0
9520,48,146497,13,0,0,50,1
9523,59,194573,8,0,0,40,1
9525,52,240638,14,0,0,50,1
9526,18,52776,9,0,0,25,0
9528,54,324023,9,0,0,40,0
9529,17,110916,7,0,0,10,0
9533,27,198708,14,0,0,37,0
9536,29,178811,11,0,0,40,0
9538,47,87504,13,0,0,50,0
9541,60,137490,3,0,0,40,0
9542,25,262617,13,0,0,55,1
9543,50,30682,4,0,0,50,0
9546,35,122353,9,0,0,40,1
9548,43,91316,14,0,0,60,1
9549,55,134789,9,0,0,20,0
9550,22,115892,7,0,0,40,0
9551,36,104457,13,0,0,40,0
9553,61,227332,13,0,0,40,0
9554,29,160264,10,0,0,40,0
9557,20,163870,9,0,0,40,0
9560,28,335542,9,0,1628,50,0
9561,63,241404,10,0,0,35,0
9562,50,197189,14,0,0,60,0
9565,62,261437,10,0,0,40,0
9566,35,366842,15,0,0,80,1
9568,48,214994,10,0,0,55,1
9569,67,229709,9,0,0,40,0
9570,43,249039,11,0,0,36,1
9574,60,156774,9,0,0,45,1
9575,27,86153,9,0,0,40,0
9577,39,91039,14,15024,0,45,1
9581,53,231166,9,0,0,40,0
9582,28,79702,10,0,0,40,0
9589,41,304175,13,0,0,55,1
9590,25,230200,13,0,0,40,0
9591,17,313444,8,0,0,20,0
9592,34,247328,9,0,0,40,0
9596,32,227608,11,0,0,40,0
9599,19,344592,9,0,0,35,0
9603,33,496743,9,0,0,88,0
9604,21,161508,9,0,0,40,0
9605,33,30494,9,0,0,40,0
9606,29,256764,13,0,1564,40,1
9608,42,338281,11,0,0,20,0
9613,55,127728,9,0,0,50,1
9614,49,123681,12,0,0,35,0
9615,48,168038,10,0,1564,50,1
9618,41,63042,9,0,0,20,0
9619,57,101444,14,0,0,40,1
9620,38,455379,14,0,0,60,1
9621,25,211097,3,0,0,20,0
9623,23,263220,10,0,0,15,0
9624,43,180138,9,0,0,40,1
9627,39,215981,10,0,0,40,1
9628,44,26880,16,0,1092,40,0
9629,30,90705,7,0,0,40,0
9630,37,185068,13,0,0,20,0
9631,37,268390,13,0,0,40,0
9634,25,191803,12,0,0,13,0
9635,60,181954,13,0,0,25,0
9638,63,355459,8,0,0,35,0
9643,53,228752,9,0,0,40,0
9645,29,161615,9,0,0,40,0
9646,44,187376,12,0,0,35,0
9648,58,169329,5,0,0,40,0
9651,57,88879,10,0,0,40,0
9655,33,166275,9,0,0,40,0
9660,56,165867,9,0,0,40,0
9661,46,268234,11,0,1902,40,1
9668,59,95835,11,0,0,55,1
9670,17,67603,5,0,0,10,0
9671,30,352045,14,99999,0,40,1
9672,21,196742,10,0,0,28,0
9673,31,303942,10,0,0,50,0
9677,60,182343,8,0,0,40,0
9680,19,183264,10,0,0,30,0
9682,24,88926,9,0,0,45,0
9686,42,116649,11,0,0,40,0
9689,60,123552,4,0,0,55,0
9690,28,157262,13,0,0,40,0
9691,17,146890,5,0,0,20,0
9693,48,452402,16,0,0,15,0
9694,39,531055,9,0,0,40,1
9696,20,95989,10,0,0,35,0
9701,48,349986,15,99999,0,50,1
9702,24,204244,5,0,0,37,0
9703,31,36222,9,0,0,65,0
9705,57,82676,9,0,0,48,0
9706,20,152189,9,0,0,40,0
9707,54,52565,4,0,0,70,0
9708,62,121319,9,0,0,40,0
9709,25,144301,10,0,0,30,0
9712,34,62327,13,0,0,40,0
9714,43,60001,10,0,0,45,0
9715,55,105582,9,0,0,35,0
9720,47,44671,9,0,0,38,0
9723,64,22228,10,0,0,10,1
9725,21,190968,9,0,0,25,0
9727,67,127605,14,20051,0,60,1
9729,31,229636,2,0,2042,40,0
9733,58,153914,9,0,0,30,0
9734,40,143582,14,0,0,50,0
9736,42,126333,9,0,0,40,0
9737,46,182689,10,3103,0,35,1
9740,37,400287,14,0,1887,15,1
9746,35,164519,9,0,0,40,0
9748,32,73514,11,0,0,50,0
9751,27,285897,9,0,1887,40,1
9753,20,434710,10,0,0,20,0
9755,35,182863,13,0,0,40,0
9757,46,110457,9,0,0,40,0
9759,35,238433,11,0,0,40,0
9762,24,236907,9,0,0,55,0
9763,19,378418,9,0,0,30,0
9765,38,105503,10,0,0,40,0
9766,24,79160,9,0,0,40,0
9768,33,190027,14,0,0,70,1
9769,79,160758,4,0,0,15,0
9770,33,361280,16,0,0,40,0
9772,46,204698,13,0,0,40,1
9773,17,213354,7,0,0,6,0
9775,39,99783,9,0,0,45,0
9777,57,186202,9,0,0,40,0
9778,26,177951,10,0,0,32,0
9779,28,258364,13,0,0,35,0
9785,40,168071,13,0,0,45,1
9793,30,161153,9,0,0,40,0
9798,35,193094,9,0,0,35,0
9801,40,300195,10,0,0,40,0
9803,23,182342,10,0,0,40,0
9807,18,41385,9,4508,0,40,0
9809,47,323212,9,0,0,40,0
9812,26,163189,10,0,0,40,0
9813,33,594187,13,0,1902,60,1
9814,39,269323,11,0,1485,38,1
9817,22,212780,9,0,0,30,0
9818,49,120121,13,0,0,50,1
9819,20,367240,10,0,0,20,0
9822,59,169560,6,0,0,40,0
9824,43,303426,9,5721,0,40,0
9826,17,226503,7,0,0,20,0
9827,46,207733,2,0,0,40,0
9830,56,236676,9,0,0,50,1
9831,19,171578,10,0,0,40,0
9833,32,72887,10,0,0,40,1
9835,27,218781,9,0,0,50,0
9837,33,261943,6,0,0,40,0
9840,56,117400,10,0,0,35,0
9841,61,113658,6,0,0,20,0
9842,40,166822,14,0,0,36,1
9843,35,151322,10,0,0,40,0
9844,21,102684,9,0,0,40,0
9845,54,152652,9,0,0,40,0
9848,37,33975,13,0,0,50,0
9849,20,163665,10,0,0,30,0
9850,59,187485,10,0,0,45,1
9853,37,197915,4,0,0,40,0
9854,51,103995,16,10520,0,60,1
9855,46,123807,9,0,0,15,0
9857,57,200316,4,0,0,50,0
9858,60,125832,9,0,0,72,0
9862,41,173307,9,0,0,43,0
9863,56,442116,10,0,0,54,1
9865,51,159015,9,0,0,60,0
9866,32,147921,15,0,0,35,0
9867,48,268022,12,7298,0,55,1
9869,50,339954,9,0,0,40,1
9870,32,347623,11,3411,0,40,0
9872,37,166213,9,0,0,40,0
9873,62,216765,13,0,0,40,1
9876,70,178120,9,0,0,8,0
9879,34,96483,12,0,0,60,1
9880,26,305304,7,0,0,40,0
9882,24,197554,9,0,0,40,0
9885,23,220115,9,0,0,40,0
9886,38,210844,10,0,2042,40,0
9888,81,192813,4,0,0,25,0
9894,22,162282,9,0,0,55,0
9895,38,239539,9,0,0,40,0
9896,46,117849,14,99999,0,50,1
9897,17,99237,7,0,0,30,0
9898,18,149343,9,0,0,3,0
9902,43,71269,10,0,0,45,0
9903,42,204598,11,3464,0,80,0
9904,19,98283,10,0,0,32,0
9905,45,188694,15,0,0,50,1
9906,41,201908,14,0,0,20,0
9907,38,191137,7,0,0,35,0
9909,37,302903,10,0,0,40,1
9911,23,182117,10,0,0,40,0
9914,47,215686,9,0,0,50,0
9915,31,181388,14,0,1902,45,1
9916,57,81973,13,15024,0,45,1
9917,44,328581,13,0,0,50,1
9923,72,149992,4,0,0,35,0
9924,21,234640,9,0,0,47,0
9926,44,182383,10,0,0,35,0
9928,35,280570,9,0,0,35,0
9931,28,168065,14,0,0,40,0
9933,54,116428,6,0,0,40,0
9937,31,140559,9,0,0,40,0
9939,47,257824,10,0,0,45,1
9940,42,89226,9,7688,0,40,1
9942,32,207301,10,0,0,40,0
9944,24,266467,11,0,0,40,0
9945,60,200047,14,0,0,40,0
9946,29,121040,9,0,0,40,0
9950,53,120839,10,0,0,40,0
9951,64,33342,10,0,0,40,0
9952,41,205195,12,0,0,40,0
9959,33,119164,14,0,0,50,0
9960,41,126845,10,0,0,40,0
9962,32,242654,10,0,1138,40,0
9964,36,48855,14,0,0,38,1
9967,26,165418,12,0,0,40,0
9973,24,126613,7,0,0,20,0
9975,26,331861,13,0,0,30,0
9976,39,156261,10,0,0,38,0
9978,25,69739,6,0,0,40,0
9982,66,154164,12,0,0,7,0
9988,18,244115,7,0,0,16,0
9992,44,138975,9,0,0,50,0
9993,32,165295,3,0,0,40,0
9994,49,93557,12,0,0,45,1
9995,66,176315,13,401,0,20,0
9997,24,241582,10,0,0,33,0
10000,66,67765,7,0,0,84,1
10002,46,192203,10,0,0,40,0
10003,31,93326,10,0,0,40,0
10005,29,237028,9,0,0,40,0
10007,46,151325,6,0,0,40,0
10008,52,311350,9,0,0,50,0
10009,44,273465,12,0,0,50,0
10010,66,172646,3,1173,0,12,0
10011,51,379797,6,0,0,40,0
10014,35,233533,13,0,0,42,0
10015,48,246367,10,0,0,50,0
10016,42,142049,10,0,0,32,0
10017,50,101119,6,0,0,40,0
10018,26,104830,14,594,0,35,0
10020,63,195338,13,15024,0,45,1
10021,18,64253,7,0,0,20,0
10024,41,168071,9,0,0,40,0
10026,37,178877,9,0,0,45,0
10028,18,192321,10,0,0,40,0
10030,29,157313,11,0,0,40,0
10035,40,202692,9,0,0,35,0
10042,46,233059,5,0,0,40,0
10045,62,271464,14,0,0,30,0
10046,40,199689,9,0,0,40,0
10051,21,274398,11,0,0,40,0
10056,73,185939,13,0,0,40,0
10059,19,238144,10,0,0,20,0
10060,29,243660,10,0,0,45,0
10061,26,102476,13,0,0,40,1
10062,56,238405,9,0,0,40,0
10063,29,187479,10,0,0,50,0
10064,40,168294,9,0,0,40,0
10065,52,129893,9,0,1579,30,0
10066,55,172642,9,0,0,40,0
10067,19,208066,10,0,0,20,0
10068,39,247558,10,0,0,41,0
10069,36,99233,10,0,1887,40,1
10072,30,136832,5,0,0,40,0
10073,54,151135,13,0,0,40,1
10074,17,95875,5,0,0,12,0
10080,47,199083,14,0,2258,50,1
10081,38,222573,9,0,0,40,0
10083,45,216414,13,7688,0,50,1
10085,24,311826,10,0,0,18,0
10086,38,172538,9,0,0,55,0
10088,33,272669,12,0,0,30,0
10090,40,171305,13,0,0,60,1
10091,33,190027,9,0,0,40,0
10092,20,376416,9,0,0,40,0
10093,17,236831,8,0,0,15,0
10094,27,170148,13,0,0,28,0
10095,66,366425,9,0,0,40,0
10102,60,23063,4,0,0,40,0
10103,43,198282,9,0,0,40,1
10105,42,104196,9,0,0,40,0
10106,56,133819,9,0,0,40,0
10109,38,225399,9,0,0,40,0
10112,44,83827,9,0,0,50,0
10119,27,98769,11,0,0,40,1
10120,29,66473,10,0,0,50,0
10121,41,138077,14,0,0,10,1
10124,68,204680,9,0,0,37,0
10125,55,184948,9,0,0,40,0
10127,55,204334,15,0,1977,55,1
10129,44,184871,14,0,0,40,0
10133,47,183186,13,0,0,60,1
10135,23,158996,10,0,0,38,0
10139,21,203914,9,0,0,19,0
10140,53,91121,14,0,0,40,0
10141,46,139397,6,0,0,15,0
10143,46,183013,13,0,0,50,0
10145,54,343333,13,0,0,80,1
10147,26,359854,13,0,0,35,0
10154,43,114191,10,0,0,40,0
10155,54,151580,13,0,0,40,1
10157,20,139989,10,0,0,40,0
10160,41,226608,2,0,0,40,0
10162,40,213416,3,0,0,10,0
10164,37,48779,9,0,0,50,0
10165,71,146365,10,0,0,24,0
10169,40,266631,9,0,0,40,0
10170,26,152263,9,0,0,45,0
10171,49,387074,10,0,0,40,0
10172,30,245211,9,0,2002,43,0
10180,34,157024,6,0,0,20,0
10188,39,186719,10,0,0,25,0
10191,31,103596,9,0,0,65,0
10193,53,237729,9,3411,0,65,0
10195,43,196344,3,0,0,40,0
10199,88,141646,4,0,0,5,0
10200,21,293726,9,0,0,60,0
10202,35,91124,13,0,0,40,0
10204,48,355978,9,0,0,40,0
10205,68,81468,9,0,0,16,0
10206,64,183672,11,0,0,50,0
10207,49,140826,14,99999,0,50,1
10210,34,284629,9,0,0,40,0
10216,27,189030,13,0,0,40,0
10217,57,261584,10,0,0,40,0
10220,18,137532,10,0,0,20,0
10221,25,67222,10,0,0,40,0
10223,87,143574,9,0,0,16,0
10232,60,69887,10,0,0,50,1
10235,35,193815,13,0,1977,48,1
10236,31,37284,10,0,0,40,0
10237,39,317434,9,0,0,40,0
10238,33,198613,9,0,0,40,0
10245,39,150057,6,0,0,40,0
10250,39,240468,9,0,0,42,0
10252,25,72294,9,0,0,40,0
10255,67,100718,9,0,0,30,0
10256,57,151474,9,0,0,40,0
10261,74,95630,5,0,0,10,0
10264,39,252662,16,0,2824,50,1
10265,17,171080,8,0,0,40,0
10266,47,118358,9,0,0,50,0
10267,32,160594,13,0,1564,50,1
10270,48,289517,10,0,0,35,0
10275,33,222654,9,0,0,40,0
10280,21,300445,9,0,0,40,0
10281,24,339602,10,0,0,40,0
10282,53,329222,13,0,1740,40,0
10284,28,30014,10,0,0,40,0
10286,23,33021,9,0,0,40,0
10287,33,295662,13,0,0,40,0
10288,45,183168,10,0,0,40,0
10292,35,105527,9,0,0,40,0
10294,40,211938,6,0,0,40,0
10300,17,219199,6,0,0,15,0
10301,49,285858,9,0,0,50,0
10303,24,132247,9,0,0,24,0
10304,50,330543,1,0,0,40,0
10306,68,174895,9,0,0,40,0
10308,67,219687,10,0,0,18,0
10312,40,151504,9,0,0,50,0
10316,59,157831,9,0,0,16,0
10317,46,224314,13,0,0,20,0
10319,42,114580,14,0,0,70,0
10321,41,197907,9,0,0,40,0
10322,20,199884,10,0,0,10,0
10323,30,332975,7,0,0,55,0
10324,29,37599,10,0,0,36,0
10326,61,45795,9,0,0,36,0
10327,30,154120,13,0,1977,60,1
10328,27,217530,10,0,0,40,0
10329,58,426263,10,0,0,32,0
10330,37,406664,4,0,0,45,0
10336,26,155459,13,0,0,45,0
10338,29,209173,12,0,0,40,0
10340,45,186410,9,0,0,40,1
10341,44,230684,9,0,0,40,0
10342,44,136986,10,0,0,40,0
10343,34,647591,9,0,0,40,0
10344,25,264300,11,0,0,36,0
10346,33,187802,13,0,1887,40,1
10349,18,176653,9,0,0,26,0
10350,35,176900,11,0,0,40,0
10351,55,200217,6,0,0,40,1
10354,42,247422,13,0,0,45,1
10355,45,247120,9,0,0,50,0
10356,20,37932,10,0,0,40,0
10357,27,32280,9,0,0,40,0
10363,31,141817,13,0,0,40,0
10365,61,185640,9,0,0,30,1
10371,54,103580,13,0,0,40,0
10372,44,116632,13,0,0,35,1
10375,26,75654,9,0,0,40,0
10376,38,104727,14,0,0,40,0
10377,28,302406,15,0,0,45,0
10378,63,116993,9,0,0,40,1
10379,51,274528,10,0,0,40,0
10380,53,218382,12,0,0,40,1
10386,43,211860,9,0,0,40,1
10388,29,202558,11,0,0,40,0
10389,30,96480,11,0,0,32,0
10393,38,150057,13,0,0,50,0
10397,69,118174,12,20051,0,15,1
10398,54,229375,10,0,0,40,0
10399,44,109414,13,0,1977,40,1
10400,40,158275,9,0,625,40,0
10402,20,228452,10,0,0,50,0
10403,36,170174,9,15024,0,56,1
10404,39,162370,13,0,0,40,1
10405,18,260253,7,0,0,40,0
10406,42,252392,9,0,0,40,0
10407,27,99897,10,0,0,50,0
10408,22,52596,10,0,0,15,1
10410,24,275244,10,0,0,35,0
10411,41,173316,9,0,0,40,0
10413,62,166425,7,0,0,40,0
10414,31,203463,14,99999,0,40,1
10416,58,120384,9,0,0,40,1
10417,20,257470,10,0,0,20,0
10418,38,171482,9,0,1672,50,0
10421,27,384774,4,0,0,50,0
10422,48,120131,13,0,0,40,0
10425,29,33436,9,0,0,42,0
10428,31,127651,10,0,0,40,0
10430,59,124137,9,2202,0,40,0
10432,18,241552,7,0,1719,20,0
10434,42,165815,13,0,0,52,1
10436,18,269373,8,0,0,20,0
10439,44,122381,10,0,0,40,0
10442,60,328011,10,0,0,20,0
10443,19,375079,10,0,0,35,0
10446,41,30126,13,0,0,45,1
10447,29,165737,13,0,0,1,0
10448,24,200295,10,0,0,35,0
10449,39,553588,9,0,1848,40,1
10456,40,73883,9,0,0,40,0
10460,32,190385,11,0,0,35,0
10461,34,154874,11,0,0,40,0
10465,33,319280,10,0,0,40,0
10466,64,280957,10,0,0,20,0
10467,42,256813,10,0,0,40,1
10469,35,161496,10,0,0,50,0
10472,38,108140,10,0,0,30,0
10475,45,163559,13,0,0,48,0
10476,45,390746,9,0,0,40,1
10477,28,187981,9,0,0,40,0
10478,48,187715,12,0,1848,46,1
10479,25,192449,9,0,0,40,0
10480,42,381581,9,0,0,40,0
10485,56,118614,14,0,0,36,0
10486,22,124971,13,0,0,30,0
10487,29,198704,11,0,0,40,0
10488,38,32587,13,0,0,50,1
10489,51,227261,10,0,0,40,0
10491,42,147206,11,0,0,40,1
10492,21,25265,10,0,0,18,0
10496,62,223163,10,0,0,40,1
10498,45,370274,8,0,0,40,0
10501,53,201127,9,0,0,40,0
10502,36,64874,14,0,0,60,1
10508,18,193889,10,0,0,20,0
10509,28,177036,10,0,0,15,0
10510,32,135304,9,3942,0,32,0
10511,17,25982,8,0,0,30,0
10513,41,328239,10,0,0,40,0
10514,58,142724,9,0,0,43,0
10516,28,285897,13,0,0,40,0
10518,44,136986,15,0,1977,50,1
10521,30,433325,6,0,0,40,0
10523,41,157473,14,0,0,50,1
10531,57,335276,12,0,0,35,0
10535,21,186087,13,0,0,40,1
10538,34,117963,13,0,0,40,1
10539,22,374116,9,0,0,36,0
10541,35,212195,9,0,0,35,1
10542,42,52781,13,0,0,40,1
10545,26,340126,9,0,0,50,0
10548,23,181659,7,0,0,60,0
10550,47,151826,6,0,0,38,0
10553,57,366421,9,0,0,40,0
10554,19,137578,10,0,0,10,0
10556,72,298945,13,0,0,40,1
10557,34,108247,10,0,0,45,1
10558,31,103642,9,0,0,45,1
10559,25,181528,9,0,0,25,0
10560,23,131699,10,0,0,14,0
10561,18,154089,7,0,0,20,0
10562,41,247081,10,0,0,40,1
10563,45,276839,10,0,0,40,0
10564,37,166115,6,0,0,50,1
10570,21,214731,10,0,0,40,0
10572,32,29312,9,0,0,40,0
10574,40,296858,10,5178,0,40,1
10576,34,259818,9,0,0,40,0
10577,37,161111,9,0,0,10,0
10578,42,85995,9,0,0,52,0
10579,18,108501,10,0,0,25,0
10583,41,309932,7,0,0,40,0
10584,46,117310,13,0,0,21,1
10585,46,234289,14,0,0,60,0
10586,45,199925,11,0,0,48,0
10587,70,31540,9,0,0,20,0
10588,46,202606,9,0,0,30,0
10591,38,230054,10,0,0,40,0
10596,51,194995,14,0,0,50,1
10598,39,128715,9,0,0,45,1
10599,30,180168,13,0,0,38,0
10601,44,191196,10,0,0,35,1
10602,28,624572,9,0,0,40,0
10603,43,488706,2,0,0,45,0
10609,45,154237,9,0,0,40,0
10613,21,138580,8,0,0,40,0
10614,43,187034,10,0,0,40,0
10615,19,263568,6,594,0,35,0
10616,21,142332,8,0,0,25,0
10619,24,108670,11,0,0,32,0
10621,54,99185,14,0,0,40,1
10625,48,55377,9,0,0,55,1
10626,64,271094,13,0,0,20,0
10629,47,186256,12,15024,0,40,1
10630,19,84250,10,0,0,22,0
10632,34,152667,8,0,0,25,0
10633,36,239755,13,0,0,50,1
10635,23,332657,10,0,0,25,0
10636,36,141029,9,0,0,40,0
10638,41,27444,10,0,0,40,1
10639,20,267945,10,0,0,15,0
10641,20,135716,9,0,0,44,0
10642,40,91355,9,0,0,40,0
10643,47,53292,12,0,0,35,0
10651,28,146565,9,0,0,35,0
10652,37,168166,10,0,0,40,0
10655,26,262413,9,0,0,40,0
10657,29,35314,10,0,0,20,0
10660,20,190290,10,0,1602,40,0
10664,35,350169,9,0,0,38,0
10665,29,125131,9,0,0,40,1
10668,40,284086,5,0,0,30,0
10669,33,119422,9,0,0,40,0
10670,22,327060,9,0,0,8,0
10671,32,171813,13,0,0,40,0
10673,17,45037,6,0,0,25,0
10675,33,228931,13,7298,0,40,1
10676,60,220729,4,0,0,50,0
10680,62,142769,10,0,0,40,0
10682,18,178759,10,0,0,15,0
10684,57,194161,9,0,0,42,1
10688,24,271354,9,0,0,40,0
10691,37,121228,9,0,1726,50,0
10696,29,146014,9,0,0,50,0
10701,52,251585,6,0,0,55,0
10703,46,197042,10,0,0,50,0
10704,43,111829,11,0,0,40,0
10706,64,298546,9,0,0,70,0
10707,43,111483,11,3103,0,40,1
10709,40,383300,9,0,0,40,0
10711,36,87520,9,0,0,40,0
10712,19,183258,9,0,0,40,0
10714,55,199212,10,5178,0,40,1
10716,36,213277,10,0,0,50,0
10717,23,129980,10,0,0,40,0
10720,49,209057,13,0,0,60,1
10722,21,154192,9,0,0,40,0
10723,36,48268,9,0,0,40,0
10726,33,274800,9,0,0,40,0
10727,42,230684,12,0,1579,40,0
10730,42,200610,9,0,1740,60,0
10731,48,54985,13,0,0,40,0
10742,31,323985,9,0,0,40,1
10743,52,198186,6,0,0,40,0
10750,34,66384,10,0,0,35,0
10751,46,165937,9,0,0,40,1
10752,56,243076,10,0,0,40,0
10754,39,126894,16,0,0,30,0
10755,24,214399,13,0,0,55,0
10760,36,128392,13,4787,0,40,1
10762,48,59380,10,0,0,45,0
10763,59,130532,13,0,0,45,0
10764,29,535740,9,0,0,40,0
10765,21,186452,10,0,0,35,0
10766,29,276418,9,0,2051,32,0
10767,19,383715,10,0,0,25,0
10768,32,418617,13,0,0,55,0
10771,68,212932,6,0,0,20,0
10772,51,321865,10,0,0,99,0
10774,25,167571,10,0,0,25,0
10776,29,132267,12,0,0,60,0
10784,48,83444,14,7298,0,55,1
10785,34,93699,9,0,0,50,0
10786,45,174794,10,0,0,29,0
10794,48,277946,9,0,0,40,0
10795,21,195808,7,0,0,15,0
10796,50,57852,16,0,0,55,1
10797,46,99699,13,0,1876,40,0
10798,32,296466,11,0,0,40,1
10802,36,220237,13,0,1977,40,1
10805,38,63322,13,0,0,60,0
10806,56,159937,9,0,0,30,1
10807,28,208725,15,0,0,50,1
10808,41,325159,13,0,0,50,0
10810,32,399088,13,0,0,45,0
10811,35,134922,9,0,0,50,0
10817,50,193746,9,0,0,60,0
10818,49,203505,9,0,0,30,0
10819,41,118484,10,0,0,40,0
10821,29,30069,10,0,0,50,0
10823,34,128016,14,2202,0,40,0
10826,23,250630,13,0,0,40,0
10828,19,198700,10,0,0,20,0
10829,23,394191,9,0,0,40,0
10832,42,248406,14,0,0,38,1
10834,45,138342,9,0,0,84,0
10835,41,115254,10,0,0,40,0
10836,55,173504,10,0,0,50,1
10838,30,152940,14,0,0,40,0
10843,31,115963,7,0,0,40,0
10844,29,375313,10,0,0,45,0
10845,46,126754,13,0,0,50,1
10846,35,223725,12,0,0,65,0
10848,25,306352,9,0,1902,40,1
10852,44,86298,13,0,0,45,0
10855,30,145139,9,0,0,45,0
10858,50,24013,14,0,0,55,1
10861,43,245937,10,0,0,65,0
10866,24,201145,9,0,0,65,0
10867,51,196107,10,0,0,60,0
10868,55,178353,5,10520,0,60,1
10869,23,195508,10,0,0,20,0
10871,18,280901,9,0,0,15,0
10874,57,253267,3,0,0,35,0
10877,37,174329,10,0,0,20,0
10878,44,91674,14,0,0,50,1
10879,62,202958,10,0,0,40,0
10880,40,205680,14,0,0,50,0
10881,29,193932,9,0,0,40,0
10882,26,177635,8,0,0,40,0
10883,65,180422,12,6723,0,38,0
10884,18,231335,9,0,0,40,0
10888,23,64292,10,0,0,40,0
10893,47,154430,14,0,0,40,1
10895,21,94826,3,0,0,40,0
10896,27,54897,9,0,0,40,0
10898,40,367819,13,0,1977,40,1
10900,49,165937,9,0,0,40,0
10902,38,95647,9,0,0,30,0
10903,66,115880,13,10605,0,40,1
10905,38,126755,4,0,0,45,0
10909,36,144752,9,0,0,48,0
10910,63,192042,9,0,0,40,0
10911,46,230806,10,0,0,40,0
10916,45,238386,11,0,0,40,1
10918,41,202565,9,0,0,40,1
10919,46,194063,7,0,0,40,0
10921,20,403519,9,0,1719,33,0
10922,48,104353,9,0,0,40,1
10923,23,239539,9,0,0,40,0
10924,36,104089,11,0,0,40,0
10925,33,93585,14,0,0,40,0
10926,43,139277,9,0,0,40,0
10927,22,124971,9,0,0,45,0
10930,32,177855,9,0,0,55,1
10931,18,263656,7,0,0,25,0
10932,40,199191,14,0,0,50,1
10933,39,212840,13,0,0,40,0
10936,39,172927,12,15024,0,50,1
10937,33,51185,10,0,0,40,0
10945,33,156464,9,0,0,40,0
10946,71,94358,9,0,0,6,0
10948,46,84790,9,0,0,40,1
10949,43,177054,9,0,0,60,0
10950,38,131239,9,0,0,20,0
10951,30,49398,13,0,0,40,1
10952,44,27242,12,0,0,40,0
10953,41,113324,12,0,0,40,0
10957,25,266062,15,0,0,65,0
10960,35,20308,10,0,0,40,0
10962,35,319831,9,0,0,60,0
10964,26,313473,10,0,0,30,0
10966,24,214956,7,0,0,45,0
10967,31,557853,13,5013,0,32,0
10968,49,78529,13,0,0,60,0
10970,43,256253,13,0,0,55,1
10972,34,181152,9,0,0,35,0
10973,34,90409,10,0,0,40,0
10976,26,285367,11,4416,0,28,0
10980,56,162301,9,0,0,40,0
10981,65,103824,14,0,0,40,1
10983,48,319079,13,0,0,30,0
10988,54,231004,10,0,0,37,0
10991,18,154583,7,0,0,16,0
10992,64,278515,9,0,0,40,0
10994,36,172425,13,0,0,25,1
10995,46,102388,12,0,0,60,0
10997,32,265368,13,0,1902,44,1
10998,19,100669,11,0,0,20,0
10999,45,233511,12,0,0,40,1
11005,29,153475,7,0,0,40,0
11006,47,104489,13,0,0,40,1
11007,54,146325,13,0,0,40,1
11008,39,246900,13,0,0,60,0
11009,35,187589,11,0,0,40,0
11010,46,65535,13,0,0,60,0
11012,46,191389,3,0,0,40,0
11014,32,130007,6,0,0,35,0
11015,64,487751,13,0,0,50,0
11016,33,52240,10,0,0,40,0
11017,65,172906,12,0,0,50,1
11018,47,158685,8,0,0,48,0
11019,33,307693,9,0,0,30,0
11020,40,202922,10,0,0,40,0
11022,30,161444,11,0,0,38,0
11023,27,82242,13,0,0,45,0
11024,68,357233,9,0,0,10,0
11026,27,209085,9,0,0,45,0
11028,32,19447,9,0,0,40,0
11030,22,109456,10,0,0,32,0
11031,68,34887,9,0,0,6,0
11032,55,202435,13,0,0,40,0
11035,37,78374,9,0,0,38,0
11036,58,129786,9,0,0,40,0
11037,23,410439,9,0,0,20,0
11038,35,152307,9,0,1485,40,0
11042,23,157839,12,0,0,35,0
11046,21,138513,10,0,0,25,0
11050,40,150533,13,0,1977,40,1
11051,53,233369,9,0,0,40,0
11053,53,287927,9,0,0,60,0
11055,39,165215,13,0,0,15,0
11057,48,82008,9,0,0,50,0
11058,25,116044,9,0,0,40,0
11059,58,160101,9,0,0,55,0
11060,41,356934,10,0,0,45,1
11063,28,110408,9,0,0,45,0
11064,37,187022,13,0,0,40,0
11065,35,117528,13,0,0,40,0
11066,50,180439,10,0,0,33,0
11067,47,185870,13,0,0,60,0
11071,28,190525,14,0,0,50,0
11074,30,194971,9,0,0,52,0
11075,30,198091,9,0,0,44,0
11077,38,198751,9,0,0,40,0
11079,54,277777,13,3103,0,40,1
11082,62,67928,2,0,0,40,0
11083,20,204596,10,0,0,32,0
11084,23,27881,10,0,0,66,0
11085,48,332884,12,0,0,40,0
11086,60,178551,10,0,0,26,0
11088,56,284701,13,0,0,40,1
11091,22,163519,13,0,0,40,0
11092,51,123780,9,0,0,40,0
11094,31,469263,9,0,0,50,0
11096,46,149218,13,0,0,40,1
11097,32,113453,13,0,0,24,1
11100,29,152744,14,1506,0,40,0
11103,41,244522,9,0,0,55,0
11104,50,148121,10,0,0,40,0
11105,69,295425,12,0,0,24,0
11110,44,180383,10,0,0,60,0
11111,33,159123,10,0,0,40,1
11113,25,134232,13,0,0,20,0
11114,23,90729,7,0,0,40,0
11118,39,127048,10,0,0,40,0
11119,60,113544,13,0,0,50,1
11123,25,108001,10,0,0,45,0
11125,29,51461,12,0,0,45,0
11131,39,218490,15,15024,0,60,1
11132,22,379883,10,0,0,40,0
11133,38,312232,13,0,0,55,1
11134,47,234470,12,0,0,40,0
11136,38,79483,9,0,0,45,0
11137,39,389279,11,0,0,40,0
11141,51,259646,14,0,0,40,0
11143,35,177449,13,0,1887,52,1
11148,17,147497,3,0,0,20,0
11150,33,441949,10,0,0,24,0
11155,43,206927,13,15024,0,50,1
11158,21,225395,10,0,0,24,0
11159,28,140239,9,0,0,11,0
11161,55,314164,15,0,0,40,1
11163,33,340899,16,0,0,45,1
11166,62,312818,13,0,1902,1,1
11170,48,31267,9,3411,0,70,0
11175,18,129053,7,0,0,28,0
11176,58,255822,4,0,0,40,0
11184,31,415706,6,0,0,40,0
11188,25,120268,10,0,0,50,1
11189,37,52870,13,0,0,40,0
11190,55,193895,9,0,0,38,0
11192,51,201040,14,0,0,40,1
11194,46,130667,9,0,0,40,0
11195,55,141807,16,0,0,40,1
11200,48,24366,11,0,0,40,0
11204,31,83413,9,0,0,40,0
11207,36,398575,10,0,0,40,0
11208,26,166301,13,0,0,40,0
11212,29,36440,13,0,0,40,0
11213,37,81965,10,0,0,25,0
11215,20,214238,7,0,0,32,0
11219,67,220283,9,0,0,20,0
11220,24,155066,11,0,0,40,0
11221,29,244246,10,0,0,40,0
11223,54,200450,10,0,0,60,0
11224,66,128609,9,0,0,40,1
11226,36,43712,11,0,0,50,0
11228,48,44142,10,0,0,45,0
11229,24,311311,13,0,0,65,0
11233,45,123844,9,0,0,60,0
11239,39,74194,11,0,1721,45,0
11240,25,244408,9,0,0,40,0
11241,26,198289,8,0,0,40,0
11243,50,149433,9,0,0,45,0
11244,47,236999,2,0,0,40,0
11247,34,329170,10,6849,0,70,0
11249,48,118972,6,0,0,40,0
11251,40,195124,9,0,0,40,0
11255,41,319366,10,0,0,40,1
11258,39,204158,10,5178,0,60,1
11261,46,190961,9,0,0,40,0
11262,77,171193,11,0,1668,30,0
11265,38,99783,11,0,1902,40,0
11269,45,214690,10,0,0,40,0
11272,26,58350,13,0,0,50,0
11274,21,142809,9,0,0,40,0
11277,49,289964,10,0,0,50,0
11278,26,194813,10,0,0,40,0
11283,25,189897,9,0,0,40,0
11285,25,296228,10,0,0,42,0
11286,42,138162,13,0,0,45,0
11289,79,149912,13,0,0,40,0
11291,52,30008,14,0,0,45,0
11292,23,209744,9,0,0,38,0
11294,54,131662,10,0,0,40,0
11302,31,229732,9,0,0,50,0
11305,46,130779,11,0,0,48,1
11306,24,152540,13,0,0,40,0
11308,29,485944,13,0,0,40,0
11311,19,244175,7,0,0,25,0
11312,42,223763,14,0,0,40,1
11314,42,63596,9,0,0,30,0
11315,35,108540,9,3137,0,40,0
11316,43,116632,11,0,1887,45,1
11318,38,290624,11,0,0,40,0
11319,33,557805,11,0,0,40,0
11320,20,19410,9,0,0,40,0
11322,38,216385,9,0,1740,40,0
11323,46,120131,13,3103,0,40,1
11327,29,133292,10,0,0,40,0
11328,83,243567,7,0,0,20,0
11329,61,72442,9,0,0,40,1
11334,27,37274,9,0,0,20,0
11338,22,377725,13,0,0,23,0
11339,32,30271,9,0,0,45,0
11340,30,368570,9,0,0,50,0
11342,56,176538,12,0,0,45,0
11344,31,82393,10,0,0,30,0
11345,46,318259,10,0,0,55,0
11350,34,393376,9,0,0,40,0
11354,41,139160,13,0,0,40,0
11355,21,214810,10,0,0,25,0
11362,24,177125,10,0,0,60,0
11368,27,209443,13,0,0,40,0
11370,50,330142,10,0,0,44,0
11372,52,279129,14,0,0,60,1
11375,36,334365,7,0,0,60,0
11376,28,171356,10,0,0,55,0
11381,55,50197,5,0,0,30,0
11385,30,121775,13,0,0,40,0
11386,19,136758,10,0,0,10,0
11388,20,132139,6,0,0,30,0
11390,23,198861,13,0,1669,40,0
11395,53,92565,14,0,0,40,1
11398,42,178897,14,1151,0,40,0
11401,18,228592,9,0,0,18,0
11402,33,177216,9,0,0,40,0
11403,33,211743,9,0,0,21,0
11406,26,124953,9,0,0,40,0
11407,34,129775,9,0,0,40,0
11408,22,339644,9,0,0,40,0
11409,61,149648,7,0,0,40,0
11410,79,187492,9,0,0,7,0
11411,18,336523,8,0,0,20,0
11414,31,265201,9,0,0,40,0
11416,36,89202,11,0,0,50,1
11421,38,187046,9,0,0,40,1
11422,38,397877,13,15024,0,50,1
11426,19,47235,10,0,0,75,0
11432,23,234791,10,0,0,36,0
11433,33,85632,10,0,0,40,0
11436,21,116657,9,0,0,40,0
11438,28,108706,7,0,0,20,0
11440,51,914061,9,0,0,50,0
11441,38,190174,10,0,0,30,0
11442,19,456736,10,0,0,35,0
11443,46,167882,11,8614,0,70,1
11445,19,310483,8,0,0,25,0
11450,38,230329,9,0,0,48,0
11451,47,46537,9,0,0,40,0
11452,34,409622,3,0,0,40,0
11454,20,113588,9,0,0,24,0
11458,35,141420,9,0,0,40,0
11462,25,180783,9,0,0,10,0
11463,38,218763,14,0,0,40,0
11467,18,33241,10,0,0,40,0
11468,25,58065,13,0,0,50,0
11473,36,241306,10,0,0,40,1
11474,27,189565,10,0,0,40,0
11477,30,92531,13,0,0,40,1
11484,35,174077,10,0,0,32,0
11485,50,22418,9,0,0,40,0
11487,74,159138,9,0,0,12,0
11488,38,414991,9,0,0,40,1
11493,21,202214,10,0,1721,40,0
11494,55,236731,2,0,0,40,0
11496,49,144514,9,0,0,40,0
11497,62,155913,12,0,0,40,1
11498,17,206383,7,0,0,17,0
11499,25,233994,9,0,0,50,0
11501,34,195602,9,0,0,55,0
11503,52,103995,9,0,0,40,0
11507,31,230246,13,0,0,40,0
11509,17,144752,6,0,0,20,0
11511,38,68840,10,0,0,40,1
11512,38,205339,5,0,0,40,0
11513,44,172837,9,0,0,52,1
11515,30,207284,9,0,0,40,0
11517,70,116080,16,0,0,2,1
11521,18,169882,7,0,0,12,0
11526,37,343052,9,0,0,40,0
11528,20,129024,10,0,0,25,0
11529,29,179768,10,0,0,50,0
11530,32,144949,9,0,0,40,1
11536,68,202699,15,6418,0,35,1
11538,41,137142,9,0,0,50,0
11541,62,116289,13,0,0,45,0
11542,32,279912,10,0,0,40,0
11543,57,256630,13,0,0,60,1
11544,42,259727,13,25236,0,20,1
11550,57,125000,10,0,0,40,1
11551,43,390369,12,0,0,40,1
11556,26,220656,9,0,0,40,0
11557,35,199501,12,0,0,50,0
11558,26,181613,9,0,0,40,0
11562,73,402363,14,0,0,16,1
11571,43,395997,9,0,0,55,0
11572,33,158438,10,0,0,50,1
11574,42,184378,10,0,0,40,0
11576,48,99127,11,0,0,40,0
11577,41,106982,13,0,0,52,0
11578,47,213668,10,8614,0,65,1
11579,50,159689,10,0,0,35,0
11580,57,354923,13,0,0,45,0
11581,21,200207,9,0,0,40,0
11583,42,221947,14,0,0,45,1
11585,53,179237,5,0,0,40,0
11586,39,97771,11,0,0,45,0
11588,35,276559,13,7298,0,45,1
11589,50,178251,14,0,0,40,1
11595,20,172232,10,0,0,60,0
11596,25,67151,13,0,0,60,0
11597,21,228649,9,0,0,40,0
11602,36,473547,9,0,0,30,0
11603,55,284526,3,0,0,40,0
11608,41,172712,13,0,0,40,1
11609,33,205249,14,0,0,55,0
11612,28,147951,11,0,0,42,0
11613,58,156493,9,0,0,35,0
11615,22,88824,10,0,0,40,0
11622,24,131230,10,0,0,40,0
11624,34,229732,12,0,0,40,0
11627,48,46580,9,0,0,40,0
11628,25,471768,9,0,0,32,0
11629,38,117802,14,7688,0,60,1
11631,22,247734,9,0,0,40,0
11633,49,117849,9,0,0,40,1
11634,54,103794,14,5721,0,35,0
11640,47,232149,14,0,0,45,0
11642,36,177895,14,0,0,40,0
11644,53,127749,9,0,0,40,1
11648,52,30846,10,0,0,40,0
11655,67,110122,9,0,0,32,1
11657,51,85815,13,0,0,40,1
11660,29,249463,9,0,0,50,0
11662,58,111385,9,0,0,40,0
11664,41,347890,9,0,0,40,0
11665,43,49249,12,0,0,50,1
11667,73,30958,10,0,0,25,0
11668,45,191001,13,7688,0,40,1
11670,33,233149,8,0,0,40,0
11671,20,204596,8,0,0,20,0
11673,29,251170,9,0,0,40,0
11676,27,229126,13,0,0,30,0
11678,56,209280,9,0,0,16,0
11680,30,133876,9,0,0,45,0
11681,60,152727,10,0,1902,40,1
11683,28,153885,10,0,0,45,0
11684,64,21174,9,0,0,20,0
11686,32,99548,10,0,0,40,0
11689,32,112115,8,0,0,70,1
11691,40,121012,9,0,0,40,0
11693,51,192654,13,0,0,50,0
11694,45,111706,2,0,0,40,0
11696,54,312500,10,0,0,40,0
11697,19,39623,10,0,0,25,0
11699,45,62726,10,0,0,40,0
11701,60,76449,9,0,0,40,0
11704,53,191389,9,0,0,40,0
11705,42,208584,12,0,0,40,0
11706,49,99340,3,0,0,40,0
11707,54,308087,14,0,0,30,0
11709,62,122433,6,0,0,35,0
11720,48,229328,8,0,0,40,0
11721,26,278916,10,0,0,20,0
11723,35,164193,10,0,0,40,0
11725,52,384959,10,0,0,36,1
11726,62,67320,9,0,0,40,0
11730,19,287380,10,0,0,27,0
11731,58,131608,13,0,0,55,1
11734,33,104509,13,0,0,40,0
11737,26,106950,10,0,0,40,0
11744,53,348287,9,0,0,40,0
11745,58,77498,9,0,0,60,0
11746,47,199058,10,0,0,40,1
11749,45,131309,13,0,0,32,0
11751,26,136309,12,0,0,50,0
11752,27,294451,7,0,0,40,0
11760,65,274637,5,0,0,16,0
11761,23,163870,9,0,0,40,0
11763,35,268292,11,0,0,65,0
11764,43,343061,10,0,0,50,0
11766,17,181129,6,0,0,10,0
11768,48,235891,9,0,0,40,0
11770,31,152109,10,0,0,30,0
11772,30,83066,9,0,0,30,0
11774,33,137421,9,0,0,45,0
11775,46,222829,14,0,0,60,1
11776,50,89652,14,0,0,60,0
11777,43,375807,13,0,1977,60,1
11779,18,54639,9,0,0,40,0
11783,34,188246,9,0,0,40,0
11784,25,267594,10,0,0,40,0
11785,19,140499,9,0,0,40,0
11789,69,165814,10,0,0,35,0
11790,44,46221,16,0,0,45,1
11792,31,148207,9,0,0,53,0
11793,36,389725,13,7298,0,40,1
11796,53,257728,9,0,0,50,1
11797,32,264554,10,0,0,40,1
11803,18,138266,9,0,0,25,0
11804,58,147098,15,15024,0,60,1
11805,26,211695,9,0,0,40,0
11807,39,373699,14,0,0,40,0
11810,28,161155,10,0,0,48,0
11811,48,116601,14,0,0,50,0
11813,22,47541,10,0,0,20,0
11814,62,134779,10,4650,0,40,0
11816,53,114758,16,0,0,20,0
11820,64,280508,9,0,0,50,0
11821,24,360077,7,0,0,40,1
11823,35,282753,11,0,0,40,1
11824,31,308812,14,0,0,40,0
11826,38,185053,14,0,0,20,1
11829,37,276165,9,0,0,40,0
11830,30,361280,13,0,0,40,0
11837,80,227210,13,9386,0,40,1
11838,47,47270,12,0,0,40,0
11840,37,119929,9,0,0,45,1
11841,73,157248,9,0,0,20,0
11845,41,590204,14,15024,0,40,1
11848,26,88513,13,0,0,40,0
11854,38,180288,10,0,1977,60,1
11856,20,421474,10,0,0,20,0
11859,30,169002,11,0,0,40,0
11861,30,234994,10,0,0,40,0
11863,49,27067,11,0,0,60,0
11864,40,193385,15,0,0,40,0
11865,34,181372,7,0,0,23,0
11868,64,163510,14,0,2415,50,1
11869,35,241998,9,0,0,30,0
11872,30,325658,9,0,0,40,0
11874,29,244721,13,0,0,40,0
11876,39,105803,10,0,0,40,0
11878,50,138944,13,0,0,60,0
11881,79,23275,6,0,0,20,0
11882,70,46577,13,0,0,6,0
11885,27,192698,10,0,0,40,0
11888,37,516701,14,0,1564,50,1
11891,53,233149,12,0,0,45,1
11892,56,357939,9,0,0,40,0
11893,18,73928,9,0,0,20,0
11895,40,245073,4,0,0,20,0
11896,45,148824,4,0,0,40,0
11899,35,210310,9,0,0,55,1
11903,22,264765,10,0,0,10,0
11906,51,168539,9,0,0,84,0
11909,35,122747,13,0,0,50,1
11910,36,176289,16,0,0,40,0
11911,57,238017,9,0,0,54,0
11912,28,41099,10,0,0,40,0
11915,37,176949,14,7688,0,55,1
11916,61,293899,13,0,0,50,1
11917,48,168262,13,0,0,25,1
11921,21,202989,10,0,0,80,0
11922,59,49996,9,0,0,20,0
11925,26,217517,11,2885,0,40,0
11928,48,193960,14,7688,0,50,1
11931,51,122109,13,0,0,50,0
11934,47,184169,13,0,0,35,0
11935,34,156192,10,0,0,45,1
11936,31,175509,9,0,0,60,0
11937,42,297266,10,0,0,90,1
11939,18,221312,10,0,0,40,0
11941,38,177134,9,0,0,40,0
11942,67,127921,9,9386,0,40,1
11945,25,214303,9,0,0,20,0
11946,24,205940,5,0,0,30,0
11950,26,266505,9,5013,0,38,0
11951,32,37070,9,0,0,40,0
11952,26,56419,15,0,0,20,0
11953,52,389270,11,0,0,36,0
11954,61,205266,9,0,0,40,0
11956,41,99220,10,0,0,40,0
11958,41,103614,13,0,0,45,1
11963,20,129240,10,0,0,30,0
11965,36,243409,13,0,0,45,0
11966,18,28132,8,0,0,40,0
11971,32,45604,13,0,0,70,0
11972,42,109501,3,0,0,40,0
11973,22,289405,10,0,0,40,0
11974,25,75759,10,3325,0,40,0
11977,47,155890,13,7688,0,40,1
11979,31,101562,10,0,0,35,0
11981,17,58037,6,0,0,40,0
11982,38,339025,9,0,1579,40,0
11985,24,199426,13,0,0,30,0
11986,25,36023,9,0,0,55,0
11988,44,57600,10,0,0,38,0
11992,38,81846,14,0,0,40,0
11993,68,535762,10,0,1844,10,0
11995,43,43998,13,0,0,50,0
11998,45,176841,9,0,0,40,0
11999,17,120676,7,0,0,16,0
12002,27,126349,10,0,0,49,0
12003,40,277647,10,0,0,35,1
12005,43,37869,13,0,1977,40,1
12006,28,150025,10,0,0,40,0
12008,43,174748,13,7430,0,45,1
12012,20,438321,9,0,0,50,0
12014,39,135162,8,0,0,45,0
12016,44,157237,11,15024,0,50,1
12017,30,184542,10,0,0,40,0
12019,30,170412,10,0,0,40,0
12020,31,171184,10,0,0,40,0
12021,56,141076,9,3674,0,40,0
12022,59,168145,9,0,0,40,0
12023,24,172594,13,0,0,40,0
12024,21,133582,3,2176,0,36,0
12025,51,214840,10,0,0,48,1
12029,20,69911,10,0,0,15,0
12030,59,200316,9,0,0,40,0
12034,46,140782,9,0,0,36,0
12035,23,212210,10,0,0,15,0
12036,57,144012,13,0,0,40,1
12038,35,228493,2,4386,0,65,0
12044,49,175958,13,0,0,46,1
12049,40,90582,9,0,0,40,0
12050,46,216292,9,0,0,45,0
12051,54,188588,3,0,2001,35,0
12053,50,193720,13,0,1672,48,0
12054,35,218542,5,0,0,40,0
12056,46,86837,10,0,0,50,0
12057,22,125010,13,0,0,20,0
12058,38,50149,10,0,0,30,0
12059,46,241350,10,8614,0,50,1
12060,81,39895,4,0,0,2,0
12064,51,192236,10,3464,0,48,0
12065,37,161664,10,0,0,60,0
12066,45,105381,10,0,0,40,0
12068,44,118947,14,0,0,44,1
12072,66,146810,9,0,0,24,0
12074,40,814850,5,0,0,20,0
12076,43,209894,10,0,0,38,0
12077,44,229954,12,0,0,40,0
12078,48,287547,10,0,0,40,0
12079,42,184018,14,0,0,45,1
12080,25,332409,11,0,0,40,1
12082,28,134813,13,0,0,65,1
12084,29,334277,13,0,0,45,0
12088,36,362067,11,0,0,40,0
12089,54,209947,7,0,0,42,0
12094,53,157229,12,0,0,40,0
12095,30,162442,10,0,0,40,0
12096,67,231604,9,0,0,40,1
12097,24,187031,14,0,0,38,0
12098,33,172714,11,0,0,40,0
12099,29,198286,13,0,0,40,0
12100,51,220001,13,0,0,40,0
12101,44,262656,9,0,0,32,0
12103,36,193815,10,0,0,50,1
12104,57,173242,13,0,0,35,0
12105,43,108126,9,0,1762,24,0
12107,53,92968,12,0,0,40,0
12109,44,277533,10,0,0,40,1
12110,22,90896,10,0,0,40,0
12111,57,212600,13,0,1977,40,1
12112,52,261671,9,0,0,40,0
12113,66,86321,9,0,0,22,0
12115,33,427812,5,0,0,40,0
12117,23,271354,9,0,1902,50,1
12123,47,175530,3,0,0,56,0
12124,39,364782,10,0,0,40,1
12130,28,352451,4,0,0,40,0
12131,17,123947,7,0,0,15,0
12134,53,124993,6,0,0,60,0
12135,26,178478,10,0,0,40,0
12136,46,67001,16,0,0,40,1
12143,31,143083,14,0,0,40,1
12144,42,248094,9,0,0,50,0
12146,46,116143,13,0,0,40,0
12147,25,223426,11,0,0,65,1
12155,31,874728,9,0,0,40,0
12156,43,27661,10,0,0,40,0
12157,41,216116,9,0,0,40,1
12159,50,98180,10,99999,0,45,1
12160,70,92353,7,0,0,40,0
12161,78,184762,9,3471,0,50,0
12164,73,108098,9,0,0,32,0
12166,39,223792,9,0,0,40,1
12170,38,103474,13,0,0,20,0
12172,46,145290,11,0,0,40,1
12173,23,155818,13,0,0,40,0
12183,39,497525,6,0,0,40,0
12185,44,35166,10,0,0,75,0
12186,26,180514,13,0,0,40,0
12187,32,262153,7,0,0,40,0
12188,39,91039,14,0,0,45,0
12195,24,434102,7,0,0,3,0
12199,26,67240,9,0,0,35,0
12200,30,196963,12,0,0,15,0
12201,70,115239,9,0,0,30,0
12206,75,106873,7,0,0,40,0
12208,39,256294,9,0,0,40,0
12209,66,33155,9,0,0,45,1
12211,49,95256,13,0,0,42,1
12212,32,198901,6,0,0,40,0
12213,20,177287,9,0,0,40,0
12215,42,188243,13,0,0,50,1
12219,21,399449,10,0,0,20,0
12221,54,28683,9,4386,0,41,1
12222,36,109133,13,0,0,50,1
12223,36,24504,9,0,0,40,0
12225,49,187634,13,0,0,50,1
12227,49,36601,9,0,0,40,1
12228,31,197193,9,0,0,27,0
12229,81,184762,10,0,0,25,0
12231,47,186539,10,0,0,10,0
12232,39,199816,9,0,0,50,1
12236,28,145242,13,4386,0,20,1
12238,32,217251,11,0,0,43,0
12242,17,108085,8,0,0,24,0
12244,76,82628,4,0,0,45,0
12246,46,187666,9,0,0,55,0
12248,60,286253,9,0,0,40,0
12249,65,168548,9,0,0,40,0
12250,62,190384,9,0,0,37,0
12251,46,362835,12,0,0,40,1
12253,39,49105,11,594,0,40,0
12258,41,304605,9,0,0,40,1
12259,29,309778,13,0,0,40,0
12260,43,248476,13,0,0,60,0
12261,28,129624,13,0,0,45,0
12265,28,179191,9,0,0,35,0
12266,23,230824,13,0,0,35,0
12269,60,54553,9,0,0,20,0
12271,60,75257,9,0,0,40,0
12276,25,227548,8,3103,0,40,0
12277,41,38876,12,0,1977,50,1
12279,45,308275,13,7688,0,65,1
12284,66,219220,13,2290,0,40,0
12293,56,183169,9,0,0,35,0
12294,34,205810,9,0,1672,40,0
12295,23,132556,9,0,0,40,0
12297,34,104293,12,0,0,40,0
12301,34,274577,9,0,0,40,0
12302,60,36568,5,0,0,70,0
12305,46,254672,10,2354,0,40,0
12306,22,171538,9,0,0,35,0
12307,17,220302,6,0,0,40,0
12309,46,138626,9,0,0,40,1
12312,28,159623,10,0,0,30,0
12315,25,96862,10,0,0,65,0
12316,18,245486,9,0,0,20,0
12317,64,209899,10,0,0,35,0
12319,32,240763,7,0,0,45,0
12320,30,323069,9,0,0,30,0
12322,46,162034,10,0,0,40,0
12323,19,291181,9,0,0,28,0
12327,25,184569,9,0,0,45,0
12333,37,164898,13,0,0,40,1
12334,28,202206,9,0,0,50,0
12336,43,343068,14,0,0,65,0
12342,33,168906,10,0,0,55,0
12343,35,99146,13,0,0,50,0
12345,29,272715,6,0,0,30,0
12347,59,97213,9,0,0,40,1
12348,29,39388,9,0,0,40,0
12349,22,190916,7,0,0,25,0
12351,30,27856,9,0,0,40,0
12352,54,151580,10,0,1902,40,1
12353,38,248011,7,0,0,55,0
12356,28,32510,9,0,0,15,0
12358,57,250873,9,0,0,40,0
12359,38,257942,9,0,0,60,0
12360,43,334141,4,0,0,40,0
12361,22,144210,7,0,0,20,0
12363,46,222011,10,0,0,50,0
12364,44,33895,9,0,0,40,0
12365,23,168997,10,0,0,40,0
12367,72,98035,4,0,0,20,0
12368,20,41356,11,0,0,40,0
12369,24,245361,9,0,0,40,0
12370,35,109133,9,0,0,40,0
12375,18,332125,9,2176,0,25,0
12377,31,118584,10,0,0,40,0
12379,24,43535,13,0,0,32,0
12384,38,289653,11,0,0,40,0
12385,32,340917,14,0,1848,60,1
12386,41,56651,8,0,0,40,0
12389,44,240448,9,0,0,20,0
12391,72,149689,15,20051,0,48,1
12396,40,54102,10,0,0,20,0
12400,41,79586,13,0,0,60,1
12402,37,91716,9,0,0,75,0
12403,22,376393,9,0,0,30,0
12405,34,293017,10,0,0,40,0
12406,42,54583,13,0,0,30,0
12407,21,54472,9,0,0,40,0
12408,22,129767,12,0,0,5,0
12410,32,189265,13,0,0,40,0
12411,32,221680,13,0,0,40,0
12417,31,157640,13,7688,0,55,1
12420,21,152668,10,0,0,35,0
12422,73,132256,13,0,0,7,0
12426,33,162572,9,0,0,60,0
12428,25,164488,10,0,0,40,0
12429,51,209794,9,0,0,3,1
12430,31,119033,9,0,0,50,0
12434,73,33493,9,0,0,3,0
12435,34,130078,14,7688,0,32,1
12438,37,362006,9,0,0,40,1
12440,53,229247,8,5013,0,45,0
12441,59,170993,15,13550,0,40,1
12446,90,347074,10,0,1944,12,0
12447,35,143059,9,0,1902,28,1
12448,23,37072,9,0,0,40,0
12451,41,284716,9,0,0,15,0
12453,56,191754,14,0,0,50,1
12454,31,175985,10,0,0,50,0
12455,69,108196,13,0,0,25,0
12457,26,384276,10,0,0,60,1
12458,46,368355,13,0,0,60,1
12459,20,221661,6,0,0,30,0
12462,42,209547,10,5178,0,40,1
12464,62,180418,8,0,0,40,0
12465,35,45880,13,0,0,40,0
12467,64,178748,2,0,0,40,0
12471,36,224541,4,0,0,40,0
12473,26,133766,7,0,0,35,0
12474,41,244945,10,0,0,65,1
12476,63,326903,2,0,0,25,0
12477,27,91257,9,0,0,40,0
12478,41,118001,7,0,0,40,0
12479,30,168906,10,0,0,44,0
12481,55,327406,10,0,0,65,1
12484,35,191807,11,0,0,40,0
12486,32,204470,10,0,0,99,1
12491,53,113522,9,0,0,40,0
12493,45,277434,10,0,0,50,0
12496,74,322789,6,0,1411,40,0
12498,52,230112,14,0,0,40,1
12502,43,34278,10,0,0,35,0
12505,28,106721,14,0,0,40,0
12506,27,152951,9,0,0,40,0
12507,30,315203,4,0,0,30,0
12509,23,192017,11,0,0,40,0
12511,42,120837,9,0,0,50,0
12513,44,304175,13,0,0,40,1
12514,52,251841,14,0,0,50,0
12515,17,33611,7,0,0,40,0
12516,44,38122,9,0,0,45,0
12517,23,72143,13,0,0,40,0
12519,58,37345,9,0,0,40,0
12523,21,55465,6,0,0,40,0
12525,21,323497,9,0,0,36,0
12526,21,334693,10,0,0,50,0
12527,41,163215,15,0,0,60,1
12528,54,178530,13,0,0,60,1
12529,38,368256,12,0,0,45,0
12530,37,191137,9,0,0,42,0
12533,41,173307,9,0,0,40,1
12537,60,117509,9,0,0,40,0
12539,70,291998,10,20051,0,65,1
12542,58,187060,9,0,0,40,0
12545,26,265781,13,0,0,60,0
12550,35,258657,12,0,0,60,0
12555,47,177533,10,0,0,40,0
12562,31,158291,9,0,0,40,0
12564,50,71609,6,0,0,60,0
12567,36,162358,14,0,1408,40,0
12569,59,181940,9,0,0,40,1
12570,30,213226,13,27828,0,40,1
12571,27,452963,10,0,0,40,0
12573,34,141841,9,0,0,40,0
12574,58,194733,10,0,0,45,0
12577,42,273869,9,0,0,40,0
12580,18,163460,10,0,0,20,0
12581,55,112529,3,0,0,40,0
12584,33,101867,9,0,0,40,0
12585,65,382245,9,0,0,40,0
12587,23,35805,13,0,0,60,0
12591,51,345459,10,0,0,40,0
12593,63,114752,13,0,0,35,0
12594,17,98572,7,0,0,20,0
12595,54,83984,14,0,0,20,0
12597,28,319027,9,0,0,40,0
12598,24,84319,10,0,0,40,0
12603,71,94314,9,1173,0,18,0
12605,38,107302,10,3103,0,40,1
12606,40,110009,6,0,0,40,0
12609,55,141122,13,0,0,50,0
12611,26,168095,9,0,0,40,0
12615,35,538583,7,0,0,40,0
12616,47,308499,9,0,0,40,0
12617,34,108837,13,0,0,48,1
12622,55,114495,13,0,2415,50,1
12623,43,171087,13,5178,0,40,1
12624,33,53373,6,0,0,40,0
12626,50,200325,10,0,0,40,0
12629,38,589809,13,0,0,45,1
12630,45,105838,11,0,0,35,0
12631,30,119522,6,0,0,45,0
12633,29,123200,10,0,2415,40,1
12634,34,275771,9,0,0,50,0
12635,58,33386,10,0,0,25,0
12636,47,101016,13,7688,0,40,1
12637,62,217434,13,0,0,40,0
12638,24,187229,9,0,0,40,0
12639,49,207772,9,0,0,40,0
12645,63,85420,10,0,0,10,0
12646,21,244074,9,0,0,22,0
12650,36,46756,10,0,0,50,0
12651,55,272339,9,0,0,40,0
12652,39,82521,13,0,0,45,1
12654,18,150675,6,0,0,40,0
12662,43,222635,7,0,0,80,0
12664,23,72922,10,0,0,30,0
12667,47,122206,9,0,0,20,1
12674,34,124827,6,0,0,80,0
12676,68,188102,9,0,0,8,1
12677,46,349986,13,0,0,40,0
12681,25,154210,7,0,0,35,0
12686,31,158847,12,0,0,40,0
12689,49,126077,9,0,0,35,0
12692,32,303692,16,0,0,40,1
12693,47,184682,9,0,0,35,0
12695,41,306496,11,0,0,40,1
12698,23,234108,10,0,0,40,0
12699,44,270147,13,0,0,45,1
12701,47,131160,13,99999,0,40,1
12705,19,219671,10,0,0,20,0
12706,74,203523,9,2653,0,12,0
12707,22,268145,9,0,0,40,0
12709,31,302679,8,0,0,55,0
12710,24,421474,13,0,0,40,0
12711,46,98524,13,0,0,40,1
12714,40,83508,13,0,0,20,0
12716,45,187272,9,0,0,45,0
12721,43,55764,10,0,0,40,0
12728,38,231491,9,0,0,50,1
12732,50,193871,14,0,0,38,0
12733,36,23892,12,0,0,40,1
12734,31,201156,10,0,0,55,1
12735,33,171468,10,0,0,40,0
12736,37,255454,4,7298,0,35,1
12737,26,207258,10,0,0,40,0
12738,43,134440,9,0,0,99,0
12739,46,107737,10,0,0,40,0
12741,45,114774,14,0,2258,55,0
12742,17,507492,7,0,0,15,0
12744,36,298635,13,0,0,40,1
12746,29,294592,14,0,0,45,0
12747,39,40955,15,0,0,45,1
12748,33,268996,11,0,0,25,0
12749,30,175323,11,0,0,52,0
12754,29,247867,13,0,0,40,1
12755,28,126135,10,0,0,40,0
12758,48,127675,14,0,0,44,0
12759,47,101825,9,0,0,40,1
12764,33,175856,13,0,0,50,1
12768,34,201156,7,0,0,30,0
12769,27,375703,13,0,0,40,0
12770,31,293594,9,0,3770,37,0
12775,40,104235,13,0,2051,30,0
12777,24,446647,13,0,0,15,0
12779,27,42850,9,0,0,40,0
12782,20,44793,10,0,0,60,0
12785,29,226441,10,0,0,40,0
12794,23,279243,9,0,0,38,0
12796,17,121470,8,0,0,10,0
12798,32,281219,11,0,1380,40,0
12799,30,235738,9,0,0,40,0
12801,76,84737,13,0,0,32,0
12804,33,22405,9,0,0,72,0
12805,50,98815,11,0,0,46,1
12806,43,195897,9,0,0,40,1
12807,27,96718,9,0,0,39,0
12808,67,126361,7,0,0,9,1
12809,27,56365,14,0,0,20,0
12811,35,306388,9,0,0,30,0
12816,48,443377,14,0,0,50,0
12820,52,105010,10,0,0,30,0
12822,43,175943,9,0,0,20,0
12825,23,1117718,10,0,0,30,0
12827,26,152035,9,0,0,40,0
12829,23,213902,10,0,0,20,0
12830,22,192812,13,0,0,35,0
12832,52,89041,14,99999,0,40,1
12834,25,209970,10,0,0,45,0
12835,27,110622,13,0,0,40,0
12839,21,108670,10,0,0,40,0
12843,70,223275,13,0,0,40,0
12844,27,126060,11,0,0,35,0
12848,18,243240,7,0,0,15,0
12849,51,381769,9,0,0,50,0
12850,35,104545,9,0,0,20,0
12851,61,74040,13,0,0,30,0
12854,24,334693,9,0,0,40,0
12855,29,146764,10,0,0,35,0
12858,60,427248,9,0,0,40,0
12859,35,186489,7,0,2603,40,0
12863,52,261198,9,0,0,40,0
12866,48,155489,10,0,0,40,1
12867,18,151866,10,0,0,30,0
12868,47,98828,9,0,0,35,0
12869,22,233495,5,0,0,40,0
12870,35,182203,10,0,0,40,0
12871,38,33394,9,0,0,75,1
12873,34,80411,10,0,0,40,0
12874,39,161295,12,0,0,40,1
12879,48,44907,13,0,0,45,0
12885,55,197420,9,0,0,40,0
12887,61,140141,10,0,0,40,0
12889,46,318259,9,0,0,40,0
12890,34,190027,9,0,0,35,0
12895,50,237868,9,0,1887,55,1
12899,44,185267,13,0,1902,40,1
12900,40,104397,9,0,0,30,0
12905,27,169117,10,0,0,30,0
12906,27,238267,10,0,0,10,0
12910,61,224598,9,0,0,24,0
12911,32,131568,10,0,0,40,0
12913,41,309932,9,0,0,50,0
12914,60,197311,9,0,0,99,0
12916,49,117310,12,0,0,38,0
12917,23,308647,11,0,1887,40,1
12918,30,135785,13,0,0,40,0
12920,27,205188,9,0,0,60,0
12922,40,258589,14,0,0,80,0
12926,30,279923,10,0,0,40,0
12927,51,192386,11,6849,0,40,0
12930,53,239155,10,0,0,50,1
12932,21,392082,10,0,0,40,0
12933,36,379522,13,0,0,40,0
12934,34,109917,9,0,0,40,0
12935,25,109097,7,0,0,40,0
12936,57,202765,9,0,0,40,0
12937,46,125892,14,15024,0,40,1
12939,31,88231,13,0,0,40,0
12942,42,36999,10,3325,0,40,0
12944,45,111994,14,0,0,40,1
12946,41,271282,7,0,0,20,0
12947,44,314739,10,0,0,40,1
12948,39,195148,10,0,0,40,0
12951,24,278391,9,0,0,50,0
12953,54,161147,9,2174,0,40,0
12957,24,181557,9,0,0,40,0
12958,20,20057,10,0,0,40,0
12961,20,117767,10,0,0,40,0
12964,24,354691,8,0,0,40,0
12969,21,225724,10,0,0,20,0
12971,36,34173,13,0,0,20,0
12972,55,219074,10,0,0,55,1
12973,21,379525,10,4416,0,24,0
12974,17,287160,7,0,0,7,0
12975,27,130386,10,0,0,40,0
12979,52,235567,9,0,0,40,0
12980,22,306868,9,0,0,30,0
12981,37,353550,14,15024,0,60,1
12984,28,105817,13,0,0,40,0
12988,45,226081,11,0,0,40,1
12992,43,318415,10,0,0,40,0
12997,45,461725,9,0,0,40,0
13001,17,209650,6,0,0,15,0
13003,27,249382,9,0,0,40,0
13005,55,147989,10,0,0,58,0
13007,38,367260,16,0,0,40,0
13010,18,50119,6,0,0,20,0
13013,48,120902,13,0,0,40,1
13014,55,217241,9,0,0,40,0
13016,17,364491,7,0,0,22,0
13019,48,215895,13,0,0,40,0
13022,69,98170,4,1086,0,20,0
13025,82,121944,4,0,0,40,0
13028,47,150429,10,0,0,50,1
13029,57,124771,9,0,1740,40,0
13030,21,204160,10,0,0,13,0
13031,52,243616,3,4101,0,40,0
13034,69,187332,15,20051,0,45,1
13035,30,113433,10,0,0,40,0
13037,60,137733,6,0,1977,44,1
13039,46,106662,13,99999,0,55,1
13041,25,187577,12,0,0,40,0
13042,67,89495,9,1797,0,4,0
13043,41,247082,14,0,0,40,1
13044,53,157059,9,0,0,50,0
13045,26,282643,9,0,0,40,0
13047,36,131766,12,3325,0,40,0
13050,35,194668,15,99999,0,45,1
13051,27,116372,13,0,0,40,0
13052,29,113635,9,0,0,40,0
13056,51,299831,11,0,0,40,0
13064,45,176517,12,0,0,50,0
13065,40,220821,4,0,0,72,0
13067,18,58949,8,0,0,20,0
13073,24,316524,13,0,0,40,0
13075,32,193285,13,0,0,45,1
13076,52,146015,9,0,0,40,0
13079,45,186375,11,0,0,40,0
13080,61,44983,9,0,0,20,0
13081,71,29770,10,0,0,28,0
13082,63,266565,9,0,0,27,0
13085,47,280030,9,0,0,52,0
13089,40,174395,16,0,0,40,1
13091,54,295525,10,0,0,40,0
13092,34,121321,9,0,0,50,1
13093,42,198955,5,0,0,46,0
13096,17,208967,7,0,0,24,0
13097,47,159399,15,0,0,55,1
13098,21,169600,10,0,0,35,0
13099,25,262656,12,0,0,40,0
13101,39,182189,9,0,1887,65,1
13102,47,38819,13,0,0,45,1
13105,68,67791,14,0,0,45,0
13106,34,334744,9,0,0,65,0
13109,47,188386,12,0,0,40,0
13112,72,103368,10,0,0,21,0
13114,28,90928,11,0,0,40,0
13115,61,218009,15,0,0,35,0
13116,44,460259,13,0,0,50,1
13117,35,405284,14,0,0,35,1
13118,48,26502,13,0,0,40,1
13120,32,252168,10,0,0,35,0
13124,24,147548,14,0,0,20,0
13128,48,100818,13,7443,0,45,0
13130,20,83141,9,0,0,40,0
13133,33,194740,8,0,0,40,0
13137,42,116493,13,0,0,52,0
13141,40,193459,12,0,0,40,0
13144,32,169152,11,10520,0,80,1
13146,36,290861,7,0,0,40,0
13147,38,168826,10,0,0,35,0
13151,46,138069,10,0,0,40,1
13152,59,184553,9,0,0,45,0
13153,31,328734,14,0,0,30,0
13154,29,336167,9,0,0,30,0
13155,34,195748,12,0,0,38,0
13157,43,211580,10,0,0,40,1
13160,29,141350,9,0,0,50,0
13161,28,133937,13,15024,0,55,1
13163,32,237582,11,0,0,38,0
13164,29,262758,12,0,625,60,0
13165,48,188694,16,0,0,40,1
13167,23,172232,9,0,0,50,0
13168,29,103432,9,0,0,50,0
13170,41,276289,13,0,0,60,0
13173,55,201229,13,0,0,8,0
13177,53,156148,9,0,0,40,0
13178,50,209642,10,99999,0,55,1
13180,37,75073,10,0,0,40,0
13183,43,49665,9,0,0,45,0
13184,44,219155,12,0,0,40,1
13185,48,329144,13,0,1977,60,1
13187,70,99554,13,0,0,40,0
13188,40,277488,4,0,0,40,0
13190,26,109457,6,0,0,48,0
13191,33,236304,13,0,0,60,1
13192,35,399601,9,0,0,50,1
13199,69,135891,13,0,0,7,1
13200,32,312923,3,0,0,40,0
13203,17,134829,7,2176,0,20,0
13204,40,155106,9,0,0,55,1
13205,19,145989,10,0,0,45,0
13206,50,270221,10,0,0,43,1
13208,23,154641,9,0,0,40,0
13210,54,229983,13,0,0,36,0
13211,68,140892,14,0,0,15,0
13213,66,127139,10,0,0,40,1
13215,24,19513,9,0,0,40,0
13216,56,50490,9,0,0,45,1
13218,48,359808,9,0,0,40,1
13220,49,28171,9,4787,0,40,1
13221,59,49230,9,0,0,40,0
13231,42,277256,13,0,0,40,1
13233,57,206206,7,0,0,40,1
13235,19,38925,7,0,0,40,0
13236,26,34309,11,0,0,45,0
13239,55,173422,10,0,0,40,0
13243,32,110100,11,0,0,40,0
13244,53,146325,9,0,0,40,0
13245,37,383352,10,0,0,38,0
13248,52,200783,4,0,0,60,0
13250,36,132563,15,0,0,15,1
13254,59,136413,13,0,0,40,0
13255,56,208791,13,0,0,50,0
13256,21,572285,9,0,0,20,0
13257,45,90992,9,0,0,70,0
13260,42,149102,12,0,0,45,0
13261,41,40151,9,0,0,40,1
13264,47,174126,9,0,0,40,0
13269,63,298699,12,0,0,40,1
13270,38,216845,3,0,0,48,0
13274,38,148287,14,0,0,60,1
13275,51,251346,5,0,0,38,0
13279,54,180427,9,0,0,45,0
13286,30,423311,9,0,0,40,0
13287,43,343591,14,0,0,50,0
13288,29,37088,10,0,0,40,0
13289,45,154430,10,0,0,35,0
13290,22,113588,10,0,1741,30,0
13291,46,190072,9,0,0,40,0
13292,28,272132,15,0,0,65,0
13294,30,164190,13,0,2258,45,0
13295,17,233781,7,0,0,18,0
13296,23,401762,7,0,0,40,0
13297,34,169186,9,0,0,50,0
13298,33,164309,7,0,0,30,0
13302,44,192014,13,0,0,38,0
13303,48,172034,13,0,0,60,0
13308,30,113364,10,0,0,30,0
13309,33,121966,9,0,0,50,0
13312,45,188794,9,0,0,40,0
13314,61,270599,2,0,0,18,0
13315,36,19914,10,0,0,40,0
13316,31,246439,12,0,0,45,0
13317,38,101833,6,3103,0,40,1
13319,23,167868,10,0,0,24,0
13320,22,82561,10,0,0,40,0
13322,45,117310,9,0,0,40,0
13324,38,49115,9,0,0,40,1
13325,29,102875,7,0,0,20,0
13334,56,360770,2,0,0,40,0
13337,33,179336,14,0,0,40,0
13340,22,89154,2,0,0,40,0
13342,38,85399,9,0,0,40,0
13344,20,119742,9,0,0,35,0
13345,24,30656,10,0,0,24,0
13346,30,263561,9,0,0,40,1
13350,53,195322,10,0,0,30,0
13352,40,195388,10,0,0,40,0
13355,21,270043,10,0,0,25,0
13356,49,232586,13,0,0,65,0
13359,27,177955,13,0,0,40,0
13360,45,149337,14,0,0,40,1
13363,41,215453,2,0,0,43,0
13365,24,36011,10,0,2057,45,0
13366,35,133839,9,0,0,60,1
13369,46,187510,6,0,0,40,1
13370,24,290625,10,0,0,41,0
13374,46,25894,16,0,0,40,1
13377,31,122612,14,0,0,25,1
13378,17,132187,6,0,0,15,0
13379,25,52151,10,0,0,2,0
13380,31,212705,10,0,0,40,1
13383,69,142297,6,0,0,17,0
13384,60,54701,13,0,0,40,1
13385,34,245211,14,0,0,40,1
13386,50,98975,13,15024,0,40,1
13389,36,196554,10,15024,0,40,1
13391,17,152710,7,0,0,20,0
13392,30,147171,10,0,0,40,0
13393,54,52724,9,0,0,40,0
13394,35,177482,9,0,0,40,0
13395,58,219537,4,0,0,40,0
13398,21,253583,7,0,0,45,0
13399,26,58751,9,0,0,40,0
13402,40,50563,14,0,0,55,1
13403,31,63861,9,0,0,34,0
13407,45,32172,9,0,0,70,0
13410,68,115772,9,0,0,40,0
13412,26,191803,13,0,0,40,0
13414,20,132053,9,0,0,40,0
13416,22,51973,10,0,0,30,0
13417,21,72621,10,0,0,45,0
13420,30,149726,13,7688,0,40,1
13422,21,165107,10,0,0,20,0
13431,77,271000,9,0,0,40,1
13435,25,197403,11,0,0,40,0
13437,21,92898,9,0,0,40,0
13438,51,105788,3,0,0,40,0
13443,28,244650,9,0,1602,25,0
13446,37,454024,9,0,0,35,0
13448,22,220603,10,0,0,25,0
13450,35,98725,6,0,0,60,0
13452,31,122612,13,0,0,40,0
13453,23,190290,9,0,0,40,0
13455,46,83610,13,0,0,40,1
13458,19,188618,9,0,0,24,0
13460,61,204908,7,0,0,36,0
13462,31,97723,13,7688,0,40,1
13464,41,205153,14,0,0,50,1
13467,17,154938,7,0,0,20,0
13468,62,125832,5,0,0,35,0
13469,25,150361,9,0,0,40,0
13473,61,31285,4,0,0,40,0
13474,36,199217,9,0,0,40,0
13475,47,40690,10,0,0,40,0
13485,35,42893,13,5721,0,40,0
13486,19,386492,10,0,0,16,0
13494,39,325374,13,15024,0,40,1
13498,41,252392,5,0,0,40,0
13502,34,287168,10,0,0,40,0
13503,17,364952,6,0,0,40,0
13504,45,82797,13,0,0,45,1
13505,31,100135,14,0,0,40,0
13506,54,287831,10,0,0,55,1
13508,19,180917,9,0,0,40,0
13509,51,29036,9,0,0,40,0
13513,19,134252,10,0,0,15,0
13514,29,269354,10,0,0,40,0
13515,58,226922,9,2907,0,43,0
13518,52,590522,3,0,2002,45,0
13520,34,304872,10,0,0,40,0
13521,28,228075,10,0,0,40,0
13523,32,32326,13,0,0,40,1
13524,40,179809,10,0,0,40,1
13527,56,105582,10,0,0,45,1
13531,52,76081,13,0,0,40,0
13533,35,187693,12,0,0,80,1
13534,32,188362,10,0,0,40,0
13536,34,51854,9,0,0,40,0
13539,45,175990,9,0,0,38,0
13541,38,156866,13,0,0,40,1
13542,56,71388,5,0,0,40,0
13544,55,110844,9,0,0,40,0
13545,52,149908,15,25236,0,44,1
13547,19,273187,9,0,0,36,0
13549,24,218957,10,0,0,24,0
13554,58,196502,10,0,0,60,1
13555,37,199816,15,0,0,50,1
13557,65,195568,10,0,0,20,0
13560,55,171870,9,0,0,46,1
13562,56,289605,9,0,0,40,0
13564,34,49539,9,0,0,20,0
13565,39,263081,9,0,0,50,0
13566,56,205759,9,0,0,40,0
13568,51,186299,1,0,0,30,0
13569,47,289517,13,0,0,50,1
13570,22,105686,9,0,0,40,0
13571,58,81132,9,0,0,80,1
13573,34,443546,9,0,0,40,1
13575,35,99462,9,0,0,40,0
13576,36,224541,10,0,0,40,1
13579,46,155489,13,0,0,50,1
13580,38,248919,13,27828,0,35,1
13581,47,139268,13,27828,0,38,1
13583,39,433592,9,0,0,45,1
13585,47,177858,13,27828,0,60,1
13587,19,56750,10,0,0,30,0
13590,53,175897,9,0,0,40,0
13591,31,369027,9,0,0,37,0
13592,56,170411,9,4101,0,38,0
13597,44,154993,10,0,0,55,0
13600,52,192666,8,0,0,40,0
13604,50,99185,9,0,0,40,0
13606,58,101480,11,0,0,40,0
13607,20,134815,5,0,625,40,0
13608,36,235195,10,0,0,32,0
13609,26,93169,12,0,0,40,0
13610,58,36091,14,0,0,40,0
13612,46,188861,14,0,1564,50,1
13615,34,169496,10,0,0,40,1
13616,57,34366,10,0,0,50,0
13622,43,108682,10,0,0,40,1
13624,46,138107,14,0,1902,60,1
13625,27,215014,9,0,0,40,0
13626,35,183279,9,0,0,40,0
13627,68,119056,9,0,0,24,1
13631,52,233149,14,15024,0,40,1
13638,58,162970,10,0,1977,60,1
13640,20,231931,10,0,0,40,0
13644,42,100479,13,0,0,40,1
13646,32,117028,9,0,0,40,0
13648,36,150104,14,0,0,40,1
13649,39,114605,9,0,0,40,0
13652,47,180243,13,0,0,40,0
13655,51,114520,9,0,0,16,0
13657,39,188148,10,0,0,48,0
13658,42,112494,10,7298,0,35,1
13660,27,278736,3,0,0,40,0
13662,33,252257,15,0,0,40,0
13665,45,200825,13,0,0,50,1
13668,43,212847,9,0,0,40,0
13672,50,249096,10,0,0,60,1
13673,27,190784,9,3137,0,45,0
13679,36,100669,9,0,0,25,0
13686,55,61708,13,0,0,40,1
13690,17,191535,7,0,0,7,0
13691,31,143851,12,0,0,40,1
13694,32,199366,6,0,0,16,0
13696,37,390243,9,0,0,45,0
13697,55,204502,9,0,0,35,0
13698,32,114419,11,0,0,50,0
13699,49,79436,9,0,0,48,0
13700,54,141272,9,0,0,40,1
13701,62,123749,13,0,0,40,1
13703,49,39518,10,0,0,40,1
13707,21,51979,10,0,0,11,0
13708,31,177675,10,0,0,60,1
13710,38,27408,9,0,0,60,0
13712,39,179488,9,0,0,50,0
13713,30,118551,13,0,0,35,1
13714,71,157845,13,0,0,20,0
13716,53,58535,9,0,0,40,0
13719,34,204742,9,0,0,62,0
13723,23,265077,13,1055,0,10,0
13724,50,241648,11,0,0,20,0
13727,23,236804,13,0,0,30,0
13729,41,66208,15,0,0,45,0
13732,45,142889,9,0,0,44,0
13733,56,136164,10,0,0,40,0
13735,65,113293,9,0,0,40,0
13737,42,172641,4,0,0,40,0
13738,43,265072,13,0,2258,50,1
13740,51,312446,13,0,0,37,1
13744,53,98561,9,0,0,39,1
13745,43,176452,5,0,0,50,1
13747,46,171926,14,7430,0,50,1
13748,45,310260,13,0,0,50,1
13749,52,72257,9,0,0,40,0
13752,53,227475,13,0,0,40,0
13754,37,138105,9,0,0,40,0
13755,19,146189,7,0,0,43,0
13756,25,478836,10,0,0,40,0
13757,57,513440,14,0,0,40,0
13761,29,57617,10,0,0,34,0
13762,32,208761,9,0,0,60,0
13764,34,173854,14,27828,0,60,1
13766,43,163769,6,0,0,40,0
13772,42,99185,13,0,0,50,1
13777,21,143604,10,0,0,12,0
13779,38,229363,9,0,0,4,0
13781,24,107452,10,0,0,40,0
13782,38,534775,10,0,0,50,0
13783,51,183200,10,0,1902,40,0
13786,53,92475,10,0,0,40,0
13787,51,114758,7,0,0,48,1
13788,65,55894,15,0,0,40,0
13791,54,335177,9,0,0,45,0
13793,32,257849,9,0,0,40,0
13797,40,243664,13,0,0,40,0
13798,41,176716,13,0,1902,40,1
13800,36,83748,10,0,0,70,0
13801,64,278585,9,0,0,40,0
13802,47,106942,4,0,0,38,0
13803,22,372898,10,0,0,20,0
13805,45,106061,7,0,0,70,0
13807,48,43479,11,5013,0,40,0
13812,31,230912,10,0,0,55,0
13818,30,131415,13,0,0,60,0
13821,43,236936,9,0,0,47,1
13823,56,456592,9,0,0,37,0
13824,34,173201,14,0,0,50,0
13826,51,111721,9,0,0,35,0
13827,39,268258,13,7688,0,50,1
13828,59,128258,9,0,0,38,0
13830,39,124090,6,0,0,40,0
13831,67,249043,10,6767,0,40,0
13832,38,119098,10,0,0,42,0
13835,30,197886,13,0,0,40,1
13836,39,334291,9,0,0,40,0
13838,78,109498,5,0,0,40,0
13841,20,223921,8,0,0,40,0
13844,34,200401,9,0,0,25,0
13847,38,143385,9,0,0,80,0
13848,30,180317,11,0,0,40,0
13850,37,175120,14,0,0,45,0
13854,32,111883,12,0,0,40,0
13858,35,341943,10,0,0,50,0
13869,19,71691,7,0,0,18,0
13877,39,102729,12,0,0,40,0
13883,47,199277,9,0,0,50,1
13884,36,174242,13,0,0,60,0
13890,38,107410,5,0,0,45,1
13891,24,96844,10,0,0,20,0
13897,23,163053,6,0,0,20,0
13903,37,101561,11,0,0,50,1
13904,41,52131,9,0,0,40,0
13908,61,48846,16,0,0,55,1
13909,30,264351,13,0,0,25,0
13910,41,190205,9,0,0,45,0
13914,73,256401,16,0,0,28,1
13920,73,110787,16,1409,0,2,0
13928,30,175878,9,0,0,42,1
13931,42,89003,13,0,0,50,0
13936,26,193347,10,0,0,28,0
13937,45,176814,11,3411,0,40,0
13938,27,336162,10,0,0,40,0
13950,22,209034,10,0,0,35,0
13953,23,35633,4,0,0,40,0
13960,20,187149,9,0,0,40,0
13966,24,406641,9,0,0,50,0
13968,46,261059,10,0,0,40,1
13972,51,129301,5,0,0,45,0
13973,29,173789,9,0,0,40,0
13974,29,212588,9,0,0,40,0
13977,57,20953,14,0,2129,70,0
13981,19,202102,9,0,0,40,0
13983,39,160916,5,0,0,40,0
13987,20,358355,8,0,0,35,0
13990,38,185556,9,0,0,50,1
13991,58,100054,14,0,0,40,1
13992,44,172307,13,7688,0,50,1
13998,41,187336,9,0,0,40,0
13999,30,321024,10,0,0,40,0
14000,44,351262,10,0,0,38,1
14002,41,694105,9,0,0,40,0
14003,60,241013,9,0,0,40,0
14006,41,248476,9,0,0,40,0
14007,49,191277,11,0,0,30,0
14009,33,402848,9,0,0,32,0
14022,33,51543,9,0,0,60,0
14023,34,69727,2,0,0,40,0
14025,25,48280,13,0,0,40,0
14026,47,186935,7,0,0,40,0
14027,24,104164,9,0,0,40,0
14031,24,59792,14,0,0,40,0
14032,52,24185,9,0,0,84,0
14034,27,35034,9,0,0,40,0
14038,35,122493,11,0,0,40,0
14039,58,441227,7,0,0,60,0
14040,45,272792,14,0,0,50,1
14044,65,336848,9,0,0,40,0
14047,60,147393,13,0,0,30,0
14048,52,335997,13,7688,0,38,1
14050,35,43712,11,0,0,45,0
14053,40,132125,10,0,0,40,0
14055,60,265201,16,0,0,50,1
14056,47,332884,13,0,0,45,1
14057,39,179481,13,0,0,40,0
14061,30,159123,9,0,0,45,0
14062,33,229636,9,0,0,40,0
14063,35,34996,10,0,0,30,0
14065,65,323636,13,10605,0,40,1
14067,25,51392,11,0,0,40,0
14068,43,177905,10,0,0,40,1
14069,36,143152,4,0,0,40,0
14070,37,211286,13,0,0,50,0
14071,33,217962,10,0,0,40,0
14072,48,309212,10,0,0,40,0
14073,19,97261,10,594,0,30,0
14076,62,163234,13,0,1902,55,1
14078,33,239071,13,0,0,46,0
14079,40,190292,9,0,0,40,0
14081,28,239539,9,0,0,45,0
14082,48,164200,14,0,0,40,1
14083,52,177647,9,0,0,47,0
14087,35,245372,9,0,0,40,0
14089,27,448841,9,0,0,40,0
14092,34,117362,9,0,0,40,0
14097,29,234972,10,0,0,50,1
14103,41,167375,13,0,0,52,0
14104,36,297449,13,0,0,50,1
14110,25,401241,10,4416,0,25,0
14112,37,162834,10,0,0,40,0
14113,31,226525,13,0,0,51,0
14115,38,33394,9,0,0,60,0
14116,56,75804,14,0,0,48,0
14118,37,201247,9,0,0,40,0
14119,41,220109,13,0,0,55,1
14124,28,375980,10,0,0,40,0
14138,42,136986,9,7688,0,50,1
14141,27,189565,16,0,0,40,1
14142,47,165484,10,0,0,43,1
14144,53,190762,9,0,0,45,1
14146,42,27661,12,7298,0,50,1
14148,57,258641,13,0,0,40,1
14149,71,200540,9,0,2392,52,1
14150,21,305423,9,0,0,40,0
14154,41,106698,9,13550,0,60,1
14158,42,111468,9,3325,0,40,0
14160,40,213849,9,0,0,40,0
14161,22,138994,9,0,0,40,0
14163,18,36251,7,0,0,25,0
14165,31,427474,7,0,2179,35,0
14166,37,280549,13,0,0,40,0
14168,31,203488,9,0,0,50,0
14170,17,152710,6,0,0,15,0
14171,28,199172,9,0,0,40,0
14172,31,382583,9,0,0,40,0
14177,20,83141,10,0,0,18,0
14181,51,353317,14,0,0,70,1
14182,23,302312,9,0,0,40,0
14183,17,181015,6,0,0,15,0
14186,33,229051,13,0,1902,45,1
14187,41,204415,7,0,0,48,0
14188,55,319883,14,4386,0,10,1
14189,25,185836,10,0,0,40,0
14190,52,228516,10,0,0,35,1
14191,47,242519,9,0,0,50,1
14194,21,811615,9,0,0,50,0
14195,43,300099,13,0,0,34,0
14198,23,106615,12,2176,0,25,0
14199,32,204663,9,0,0,45,0
14201,42,167174,16,0,0,50,1
14204,41,106159,9,14344,0,48,1
14205,52,295826,14,0,1876,50,0
14206,26,233461,9,0,0,53,0
14207,57,289605,5,0,1617,35,0
14211,35,61343,9,0,0,45,0
14214,69,47341,14,0,0,5,0
14223,51,279337,10,0,0,48,0
14224,35,333636,9,0,0,50,1
14225,58,312351,13,0,0,40,1
14226,43,175935,10,0,0,40,0
14227,20,245297,10,0,0,35,0
14231,51,87205,12,0,0,38,0
14232,43,65545,9,0,0,46,0
14233,22,289579,13,0,0,40,0
14234,34,360689,10,0,1628,48,0
14236,42,247082,13,3103,0,50,1
14237,36,188798,7,0,0,30,0
14241,38,27016,9,0,0,43,0
14243,23,94071,5,0,0,40,0
14247,35,112341,11,0,0,40,0
14248,28,220656,7,0,0,40,0
14250,36,139180,11,0,0,40,0
14251,52,215656,9,0,0,60,0
14253,23,41763,13,0,0,30,0
14255,32,198813,15,0,0,60,0
14257,22,195767,13,0,0,30,0
14258,26,140649,13,0,0,40,0
14260,32,324284,9,0,0,40,0
14266,50,254148,3,0,0,40,0
14269,55,204387,13,0,0,40,1
14270,60,248288,10,0,0,40,0
14271,44,175070,13,0,0,75,0
14273,38,223242,10,0,0,40,0
14276,45,260543,14,0,0,40,0
14277,27,237466,13,0,0,30,0
14278,57,335605,10,0,0,40,1
14279,31,169122,9,0,0,28,0
14280,49,176907,9,0,0,40,1
14283,55,303090,9,0,1672,45,0
14286,21,191265,10,0,0,40,0
14289,35,28996,11,0,0,40,0
14291,55,53481,13,0,0,15,1
14292,37,410034,10,0,0,40,0
14294,46,204379,13,0,0,37,0
14297,26,184303,3,0,0,8,0
14298,20,175800,10,0,0,25,0
14299,88,263569,7,6418,0,40,1
14303,40,184846,9,5178,0,40,1
14305,32,360689,13,0,0,40,1
14308,25,308144,13,0,0,40,0
14311,28,230997,9,0,0,60,0
14312,31,393702,9,0,0,36,0
14314,20,210444,10,0,0,25,0
14315,36,172775,10,0,0,40,1
14316,53,167914,12,0,1876,50,0
14327,48,191389,9,0,0,38,0
14328,35,174503,10,0,0,40,0
14329,24,160968,9,0,0,40,0
14331,38,52263,13,0,0,40,0
14334,37,289238,6,0,0,40,0
14335,61,153790,12,0,0,40,0
14336,43,101563,13,0,0,40,0
14337,52,176240,13,0,0,40,1
14339,27,198286,10,0,0,40,0
14341,47,148169,9,0,0,40,0
14342,23,347867,13,0,0,30,0
14344,33,133861,9,0,0,62,0
14348,49,368355,13,0,0,43,1
14349,43,73333,15,0,0,32,0
14352,29,196117,13,0,0,40,0
14353,38,126569,9,0,0,60,0
14358,25,55360,9,0,0,40,0
14363,48,193047,14,0,0,60,1
14364,54,231342,12,0,0,32,0
14365,27,310483,13,0,0,50,0
14367,44,130749,13,0,0,60,0
14371,51,68684,4,0,0,40,0
14372,22,229799,10,0,0,45,0
14374,39,117381,10,0,0,50,1
14375,30,53206,13,0,0,47,1
14380,71,101577,9,0,1668,20,0
14381,39,101192,9,0,0,40,1
14384,39,306504,9,0,0,40,0
14385,30,183746,9,0,0,40,0
14396,27,192936,13,0,0,45,0
14400,17,94492,7,0,0,19,0
14402,38,32989,9,0,0,40,0
14403,29,197382,7,0,0,45,0
14404,35,164526,10,0,0,40,0
14405,43,153205,15,0,0,70,1
14408,50,211112,9,0,0,37,0
14410,48,104542,14,0,0,40,0
14412,22,225272,10,0,0,20,0
14413,51,346871,13,0,0,55,1
14414,29,142712,13,0,0,40,1
14415,41,46221,15,4787,0,60,1
14419,28,291789,9,0,0,50,0
14424,37,111268,11,0,0,32,0
14426,35,33943,10,0,0,40,1
14427,44,269792,13,0,0,43,0
14428,46,153328,10,0,0,40,0
14429,47,162859,9,0,0,40,0
14431,80,22406,13,0,0,40,0
14434,28,363257,13,0,0,50,0
14436,30,19678,13,0,0,60,1
14437,21,109199,10,0,0,15,0
14438,26,36741,13,0,0,20,0
14439,41,347653,10,0,0,50,0
14440,23,37514,10,0,0,55,0
14441,48,355781,13,0,0,40,1
14442,46,86709,10,0,0,45,0
14443,44,22933,9,0,0,40,0
14444,56,83922,9,0,0,84,0
14451,58,198145,9,0,0,40,0
14452,31,35864,13,0,0,60,0
14454,46,129007,9,0,0,41,1
14455,33,169104,9,0,0,40,0
14458,17,35603,7,0,0,16,0
14461,32,168782,5,0,0,32,0
14462,24,142566,6,0,0,45,0
14463,30,195337,9,1506,0,45,0
14465,40,133456,9,0,0,24,1
14466,28,133136,14,0,0,35,0
14468,30,243867,10,0,0,45,0
14470,37,188563,14,0,1876,40,0
14472,23,114939,10,0,0,38,0
14475,30,189439,9,0,0,38,0
14476,56,157786,9,0,0,48,1
14477,41,289636,11,0,0,48,0
14478,49,154174,13,0,0,50,1
14481,37,123104,16,0,0,40,0
14485,41,413720,9,0,0,15,0
14488,34,110622,14,0,0,40,0
14489,31,170513,9,0,0,99,0
14490,21,221418,10,0,0,40,0
14492,25,235218,10,0,0,40,0
14493,30,111567,9,0,0,40,0
14495,61,136109,7,0,0,45,0
14496,29,178610,10,0,0,21,0
14498,30,49325,10,0,0,80,1
14499,52,229375,9,0,0,40,0
14500,28,125791,9,0,0,40,0
14504,22,122048,10,0,0,35,0
14505,21,177940,9,0,0,40,0
14506,32,399088,13,0,1340,45,0
14509,24,52262,10,0,0,40,0
14510,41,143046,14,99999,0,50,1
14512,52,57855,15,0,0,60,1
14516,43,172025,9,0,0,40,0
14525,18,146225,6,0,0,40,0
14527,47,100113,4,0,2051,40,0
14528,22,214542,10,0,0,40,0
14530,24,200121,9,0,0,45,0
14532,22,60668,13,0,0,40,0
14534,42,184105,11,0,0,45,1
14535,27,255979,13,0,0,40,0
14537,40,132222,9,0,0,40,0
14538,49,164733,9,0,0,40,0
14539,33,327902,9,3908,0,50,0
14540,30,262092,13,0,0,55,0
14542,28,146735,16,0,0,50,1
14543,43,154568,9,0,0,40,1
14545,33,161444,9,0,0,40,0
14548,42,220531,10,0,0,32,0
14549,22,282202,9,0,0,40,0
14551,32,227012,9,0,0,40,0
14553,51,163606,10,0,0,40,0
14555,33,171637,9,0,0,20,0
14556,57,204387,13,0,1977,10,1
14558,29,70100,9,0,0,40,0
14559,42,96115,13,0,0,40,0
14560,47,181758,9,0,0,40,0
14561,74,278557,11,0,0,32,0
14568,81,51646,10,0,2174,35,1
14570,29,195721,6,0,0,40,0
14580,40,385266,10,0,0,40,1
14582,19,232060,10,0,0,35,0
14583,28,290429,4,0,0,50,0
14586,51,142801,14,0,0,40,1
14587,68,119938,13,0,0,40,1
14589,45,198759,9,0,1848,40,1
14590,45,74305,14,0,0,35,1
14594,45,129499,10,0,0,40,0
14595,39,30875,13,0,0,40,1
14598,42,226902,9,0,0,40,1
14600,35,98900,10,0,0,40,0
14601,24,38707,13,0,0,20,0
14603,17,221797,8,594,0,20,0
14604,52,175029,10,0,0,80,0
14605,49,32184,9,5013,0,15,0
14608,30,156464,10,0,0,40,0
14609,38,152307,10,0,0,30,1
14611,24,235720,9,0,0,50,0
14612,47,161187,8,0,0,40,0
14615,39,102178,10,0,0,35,0
14616,22,293136,10,0,0,30,0
14618,66,81413,6,0,0,30,0
14620,18,31008,10,0,0,40,0
14624,48,196707,16,99999,0,60,1
14625,51,23698,9,0,0,40,1
14627,22,131291,10,0,0,15,0
14628,19,372665,10,0,0,40,0
14632,39,99146,9,0,0,40,0
14633,37,59200,9,0,0,40,0
14635,34,188798,9,0,0,32,0
14636,56,100285,10,0,0,45,0
14637,31,228446,10,0,0,40,0
14638,31,19491,9,2202,0,40,0
14641,56,154490,10,0,0,38,0
14647,41,101593,13,0,0,60,1
14649,49,272780,10,15024,0,60,1
14652,30,121468,13,0,0,40,0
14656,58,129632,9,0,0,4,0
14657,37,225860,12,0,0,50,0
14659,31,178664,10,0,0,30,0
14661,20,259301,10,0,0,35,0
14662,31,234537,13,7298,0,50,1
14663,63,427770,8,0,0,30,0
14664,19,331702,9,0,0,40,0
14665,20,180052,10,0,0,40,0
14667,17,236091,6,0,0,8,0
14670,27,226441,13,0,0,40,0
14671,41,119721,10,0,0,40,1
14672,32,455995,13,0,0,50,1
14673,35,105813,10,0,0,40,0
14675,42,191814,9,0,0,40,0
14679,28,74784,9,0,0,50,0
14683,28,264961,10,0,0,45,0
14685,59,435836,6,0,0,30,1
14687,23,181796,9,0,0,50,0
14691,49,65535,9,0,0,60,0
14692,48,97680,14,15024,0,10,1
14693,57,47178,13,0,0,35,1
14696,25,197651,9,0,0,40,0
14697,64,108054,9,0,0,22,0
14701,42,119008,12,0,1974,40,0
14702,27,168138,9,0,0,45,0
14704,50,343242,10,0,0,55,0
14706,27,200179,9,0,0,40,0
14708,39,132879,16,0,0,42,1
14709,21,240063,9,0,0,48,0
14712,39,85566,10,0,0,40,0
14714,28,194690,9,0,0,40,0
14721,22,305423,10,0,0,36,0
14725,39,102953,9,0,0,40,0
14726,36,320183,7,0,0,24,0
14730,43,198766,9,0,0,40,0
14732,23,146178,9,0,0,46,0
14734,44,94706,13,0,0,40,0
14735,48,273767,14,7688,0,40,1
14736,43,204235,13,0,0,50,1
14738,39,144860,13,0,0,40,0
14739,44,185832,9,7298,0,40,1
14740,81,55314,13,0,0,4,1
14741,44,200194,10,0,0,40,0
14743,54,159755,9,7688,0,40,1
14744,24,200207,9,0,0,40,0
14746,31,168981,9,0,0,38,0
14747,20,201729,10,0,0,33,0
14748,30,105749,13,0,0,50,0
14749,56,101847,9,4064,0,40,0
14750,46,110646,12,0,0,56,0
14753,34,341954,13,0,0,40,1
14754,43,124330,10,0,0,46,0
14755,46,64563,14,0,1887,45,1
14758,33,139051,7,0,0,53,0
14766,44,180096,14,0,0,20,0
14767,23,197613,10,0,0,40,0
14770,53,23686,13,0,1741,40,0
14776,61,313852,13,0,0,40,0
14779,78,167336,9,0,0,16,0
14780,21,199419,9,0,0,50,0
14782,21,311570,12,0,0,35,0
14786,30,24961,9,0,0,40,0
14788,20,374116,7,0,0,40,0
14789,73,35370,13,0,0,40,1
14792,36,48585,10,0,0,4,0
14793,26,132661,9,0,0,40,0
14798,42,125461,11,0,323,40,0
14799,56,206149,4,0,0,58,0
14807,31,59469,9,0,0,40,0
14808,30,197947,10,0,0,58,0
14810,17,156732,7,0,0,20,0
14813,28,414599,12,0,0,21,0
14814,35,357173,10,0,0,50,0
14815,49,111282,4,4386,0,99,1
14816,38,174308,9,0,0,48,0
14818,42,123838,13,0,0,60,1
14819,53,119170,9,0,1740,40,0
14820,59,219426,5,0,0,50,0
14821,18,184920,9,0,0,25,0
14824,24,387663,10,0,0,40,0
14826,34,187203,15,7688,0,40,1
14829,20,73266,10,0,0,40,0
14830,49,340755,14,5178,0,40,1
14831,26,168552,9,0,0,40,0
14835,40,190910,13,0,0,40,1
14838,43,195258,9,0,0,40,1
14839,44,262233,10,0,0,47,0
14841,53,251240,13,0,2415,50,1
14842,36,414056,9,0,0,40,0
14844,26,236242,11,0,1590,40,0
14845,31,31286,11,0,0,40,0
14847,26,414916,9,0,0,40,0
14851,33,157887,5,0,0,50,0
14853,49,97176,9,0,0,47,0
14854,54,146834,10,0,0,40,0
14856,61,31577,14,0,0,30,0
14861,47,184169,14,0,0,40,1
14862,23,175778,10,0,0,20,0
14865,67,222362,9,0,0,2,1
14866,51,108435,8,0,0,40,0
14867,21,39182,12,0,0,40,0
14868,33,203051,9,0,0,46,0
14870,27,113054,13,0,0,32,0
14874,24,135267,10,0,0,40,0
14876,59,165867,13,0,0,25,0
14880,34,29933,9,0,0,40,0
14882,18,145643,7,0,0,9,0
14883,31,162041,9,0,0,15,0
14888,53,34973,7,0,0,40,0
14892,34,513977,9,0,0,50,0
14893,38,39089,9,6849,0,50,0
14894,32,341672,13,2174,0,45,0
14895,31,400535,9,0,0,72,0
14896,34,338042,9,0,0,60,0
14897,49,216734,13,0,0,40,0
14898,54,224207,9,6849,0,50,0
14899,58,107897,13,7688,0,40,1
14900,28,205903,9,0,0,40,0
14902,26,216225,12,0,0,50,1
14906,33,553405,11,0,0,40,0
14907,45,78022,13,0,0,40,1
14910,47,122194,9,0,0,40,0
14912,55,264453,11,0,0,30,0
14919,52,134184,9,2597,0,36,0
14921,52,173991,9,0,0,38,0
14924,56,182142,9,0,0,40,0
14925,35,48915,13,0,0,40,0
14926,35,24126,10,0,0,40,0
14930,48,355320,11,0,0,15,1
14933,17,75885,7,0,0,10,0
14934,26,93806,10,0,0,25,0
14936,41,120277,9,0,0,40,0
14937,20,120046,10,0,0,25,0
14938,26,209384,10,0,0,40,0
14940,47,147869,9,0,0,50,0
14945,22,131291,9,0,0,20,0
14947,53,221672,8,0,0,40,0
14949,23,199586,9,0,0,40,0
14950,45,243743,10,0,0,50,1
14953,45,167617,11,0,0,40,0
14954,77,88269,3,0,0,20,0
14956,21,431745,10,0,0,10,0
14960,23,138938,9,0,0,3,0
14961,26,113948,13,0,0,48,0
14964,40,137304,13,0,0,65,0
14965,21,180690,10,0,0,40,0
14966,40,135384,9,0,0,40,0
14967,48,178137,9,0,0,44,0
14968,62,113440,13,15024,0,40,1
14970,42,165981,10,0,0,60,0
14971,20,246635,10,2597,0,20,0
14976,55,265579,10,2354,0,40,0
14977,58,101338,9,0,0,40,1
14978,67,188903,13,0,0,40,1
14980,38,139770,14,0,0,48,1
14984,46,177536,10,0,0,60,0
14985,29,168524,10,0,0,40,0
14988,58,162970,10,0,0,40,0
14989,43,104196,9,0,0,43,0
14990,34,329288,9,4386,0,55,1
14992,33,70240,10,0,0,40,0
14993,17,153021,10,0,0,6,0
14997,68,182574,10,991,0,29,0
15004,39,144154,13,0,0,80,0
15006,36,140854,4,0,0,45,0
15010,27,199118,10,0,0,40,0
15014,36,303187,10,0,0,44,1
15016,52,155278,6,0,0,40,0
15023,42,192014,5,0,0,24,0
15024,48,192755,13,0,0,55,1
15027,38,235638,9,0,0,40,0
15028,39,134367,9,0,0,43,0
15029,41,171231,10,0,0,40,0
15032,47,362835,10,0,0,40,1
15033,55,186479,9,0,0,40,0
15035,29,184806,12,0,0,20,0
15038,34,152493,9,0,0,60,0
15039,29,135791,13,15024,0,50,1
15041,55,173832,14,10520,0,40,1
15043,57,111553,5,0,0,50,0
15044,67,191380,13,0,0,40,1
15047,62,110103,9,0,0,40,0
15048,40,196626,9,0,0,45,1
15050,26,190040,13,0,0,40,0
15052,18,263162,9,0,0,40,0
15059,46,206707,10,0,0,40,0
15061,52,210736,9,7298,0,50,1
15062,23,456665,9,0,0,40,0
15063,35,133935,10,0,0,40,0
15068,29,410216,9,0,0,40,0
15069,39,410509,9,0,0,40,0
15071,33,84130,9,0,0,40,0
15073,31,329635,13,0,0,50,1
15075,23,241752,9,0,0,40,0
15077,48,121179,10,0,0,52,0
15078,46,76131,3,0,0,40,1
15079,57,138777,13,0,0,45,1
15083,51,283314,13,15024,0,40,1
15084,29,231601,7,0,0,60,0
15087,37,162651,9,0,0,40,0
15091,53,174655,4,0,0,40,0
15094,35,354520,9,0,0,40,0
15095,25,364631,9,0,0,40,0
15096,35,323120,12,0,0,44,1
15097,58,32367,10,0,0,40,0
15098,88,30102,13,0,1816,50,0
15099,51,229259,13,0,0,45,1
15100,31,274818,10,0,0,40,0
15101,40,248476,15,0,0,50,1
15106,21,119039,10,0,0,18,0
15108,52,149508,10,0,0,40,1
15109,53,449376,9,0,0,40,1
15110,18,143450,10,0,0,20,0
15112,26,175801,9,0,0,40,0
15114,37,54159,9,0,0,45,0
15115,24,143246,10,2597,0,45,0
15119,38,22245,10,0,0,40,1
15123,38,220694,10,0,0,80,1
15124,27,190330,11,0,0,40,0
15127,38,236648,9,0,0,40,0
15130,27,217530,9,0,0,45,0
15131,19,135066,10,0,0,20,0
15138,47,348886,9,0,0,40,1
15140,42,155190,13,2580,0,8,0
15142,53,149220,14,0,0,40,0
15145,34,185216,13,0,0,40,1
15149,41,24273,9,0,0,40,0
15150,23,224115,13,0,0,30,0
15153,27,262723,10,0,0,40,0
15155,43,167151,13,0,0,60,0
15157,47,48195,13,0,0,72,0
15158,23,89089,13,0,0,30,0
15162,58,110820,13,0,0,50,1
15164,38,248929,9,0,0,50,0
15165,41,257758,8,0,0,40,1
15166,46,198660,9,0,0,40,0
15168,17,208046,9,0,0,16,0
15169,31,72744,9,0,0,30,0
15171,27,313479,13,0,0,50,0
15173,54,305319,13,0,0,70,0
15176,36,150057,13,0,0,50,1
15177,54,55861,12,0,0,39,0
15178,32,225053,13,99999,0,60,1
15182,39,29874,9,0,0,54,0
15184,65,154164,12,20051,0,20,1
15185,43,287008,13,0,0,40,0
15187,40,108765,9,0,0,40,0
15188,23,215251,10,0,0,55,0
15198,27,167536,9,0,0,40,0
15200,18,197057,6,0,0,40,0
15201,23,448026,11,0,0,45,0
15202,56,217775,9,0,0,50,1
15203,22,154394,9,0,0,40,0
15205,22,155362,9,0,0,35,0
15208,30,69235,15,0,0,40,0
15210,31,174957,10,0,0,50,0
15211,71,31781,9,0,1510,35,0
15212,49,278322,13,0,0,40,1
15213,49,144514,9,0,1887,45,1
15214,41,255824,10,0,0,45,0
15216,19,114066,10,0,0,26,0
15218,40,132839,10,0,0,40,0
15219,51,290688,14,0,0,50,1
15220,45,187439,9,0,0,2,0
15221,22,170302,9,0,1974,45,0
15223,17,94774,6,0,0,10,0
15226,28,182509,11,0,0,40,0
15228,36,102729,9,0,0,40,0
15233,53,289620,15,0,0,45,1
15234,39,179137,9,0,0,40,0
15235,19,222199,10,0,0,10,0
15238,31,86150,13,5178,0,40,1
15241,23,148948,7,0,0,40,0
15242,42,230355,10,0,0,40,0
15244,77,176690,5,0,0,40,0
15247,19,311293,9,0,0,25,0
15255,37,115806,9,0,0,60,0
15256,29,351324,12,0,0,32,0
15260,27,181291,9,0,0,35,0
15261,44,146908,9,0,0,40,0
15262,50,262777,14,0,0,45,0
15270,25,202203,13,0,0,60,0
15271,50,49340,10,0,0,40,0
15274,30,79190,14,0,0,40,0
15275,18,473449,10,0,0,30,0
15276,48,189498,7,0,0,40,0
15277,34,149902,14,0,0,28,0
15280,35,193094,9,0,0,48,0
15281,37,202950,10,0,0,40,0
15283,33,303867,9,0,0,70,1
15290,21,338162,9,0,0,37,0
15291,38,154210,13,0,0,40,1
15292,55,158702,6,0,0,50,0
15295,42,210013,10,0,0,45,0
15296,22,440934,10,0,0,40,0
15298,41,289551,9,7688,0,40,1
15299,45,272729,9,0,0,40,0
15301,53,155403,9,0,0,20,0
15303,27,365745,6,0,0,20,0
15304,49,107399,9,0,0,40,0
15307,50,283314,12,0,1977,40,1
15311,24,456430,9,0,0,50,0
15314,41,341204,13,0,0,40,1
15315,28,148084,9,0,0,40,0
15316,26,102476,9,0,0,40,0
15317,17,183161,8,0,0,8,0
15320,57,175942,13,0,0,40,1
15321,64,387669,2,0,0,40,0
15322,38,179824,9,0,0,50,0
15327,42,69758,12,0,0,48,1
15329,28,257283,9,0,0,40,0
15332,35,368140,9,0,0,65,1
15333,17,95079,7,0,0,15,0
15338,33,100446,10,0,0,40,0
15339,46,189680,14,0,0,40,1
15343,68,254218,11,0,0,24,0
15344,34,421200,9,0,0,40,0
15347,25,78605,9,0,0,40,0
15349,31,245500,13,0,0,25,0
15355,31,161765,9,0,0,50,0
15357,27,209641,10,0,0,40,0
15360,25,410009,10,0,0,40,0
15362,58,274363,10,0,1977,50,1
15365,46,220979,10,13550,0,40,1
15368,22,40052,13,0,0,40,0
15369,21,133375,9,0,0,48,0
15370,46,226032,13,0,0,16,1
15371,27,211032,9,0,0,40,0
15372,33,392812,10,0,0,45,1
15374,50,363405,10,0,0,40,0
15375,19,42750,10,0,0,20,0
15377,65,326936,9,0,0,40,0
15378,39,188069,9,0,0,60,1
15382,61,189932,9,0,0,30,0
15383,57,168447,13,0,0,40,0
15387,72,84587,3,0,0,20,0
15388,27,269246,9,3464,0,45,0
15391,58,229116,15,0,0,70,1
15394,26,271836,9,0,0,50,1
15395,47,116641,13,0,0,4,0
15396,37,171524,3,0,0,40,0
15398,40,174575,13,0,0,45,1
15399,38,149135,12,0,0,40,0
15400,32,234096,7,0,0,40,0
15404,27,177831,9,0,0,40,0
15405,39,167106,12,0,0,72,0
15406,56,118993,9,0,0,40,0
15409,32,101103,12,0,0,40,0
15411,26,182390,7,0,0,40,0
15412,53,174102,9,0,0,40,1
15413,19,138153,10,0,0,20,0
15414,23,162282,12,0,0,25,0
15415,51,280292,9,0,0,40,0
15417,57,94156,14,7688,0,84,1
15423,42,166740,13,0,1887,50,1
15424,47,139268,4,0,0,45,0
15425,21,165474,10,0,0,30,0
15433,46,161819,9,0,0,25,0
15436,23,216889,9,0,1977,40,1
15437,65,135517,4,0,0,40,0
15441,40,105119,13,0,0,40,0
15442,58,200316,9,0,0,60,0
15445,24,184975,13,0,0,40,0
15450,54,20795,9,0,0,40,0
15453,37,45937,13,0,0,48,1
15455,30,186824,9,0,0,40,1
15457,30,209808,16,0,0,40,1
15460,25,359067,10,0,0,20,0
15462,19,142037,7,0,0,30,0
15464,47,142287,13,0,0,35,1
15468,37,162322,11,0,0,40,0
15469,24,200295,10,0,0,30,0
15473,70,264098,6,2538,0,40,0
15477,21,92863,9,0,0,40,0
15478,24,111368,10,0,0,40,0
15481,37,166549,10,0,0,50,0
15483,18,201613,7,0,0,5,0
15485,75,100301,6,0,0,15,0
15486,22,120320,9,0,0,40,0
15487,29,218650,10,0,0,40,0
15488,32,339482,14,0,0,48,0
15489,64,301352,9,0,0,40,0
15491,39,337778,10,4650,0,40,0
15492,49,241350,9,5178,0,40,1
15493,36,266645,8,0,0,42,0
15496,44,315971,14,0,0,55,0
15498,20,169022,10,0,0,36,0
15499,50,205803,16,0,0,40,1
15500,22,277700,10,0,0,20,0
15501,24,166371,9,0,0,40,0
15502,20,295763,10,0,0,40,0
15503,75,152519,16,25124,0,20,1
15504,44,438696,13,0,0,45,0
15506,19,136391,9,0,0,20,0
15508,23,51973,9,0,0,50,0
15511,59,109015,10,0,0,38,1
15513,35,290498,1,0,0,38,0
15515,64,169914,13,0,0,40,0
15526,52,174452,10,0,0,40,0
15529,19,234877,7,0,0,40,0
15531,22,535027,10,0,0,15,0
15535,31,50753,10,0,0,70,0
15545,48,358382,9,0,0,52,0
15547,18,414166,8,0,0,32,0
15551,32,39248,13,0,0,40,0
15556,63,114424,10,0,0,37,0
15557,26,408417,10,0,0,38,0
15558,29,163167,13,0,0,55,1
15566,29,108253,13,0,0,40,0
15568,36,185366,10,0,0,50,0
15569,43,314739,10,0,0,92,1
15570,20,336101,10,0,0,30,0
15573,18,158826,8,0,0,15,0
15577,44,181265,12,0,0,50,0
15578,18,242956,7,0,0,40,0
15579,30,226696,13,0,0,40,1
15581,50,107079,9,0,0,40,0
15582,32,154950,13,0,0,40,0
15584,40,196344,9,0,1887,45,1
15591,40,95639,9,0,0,45,0
15596,65,109221,4,0,3175,60,0
15597,29,337953,11,2885,0,40,0
15602,28,142712,12,0,0,37,1
15603,19,91893,10,0,0,24,0
15604,23,443701,10,0,0,40,0
15605,40,438427,10,0,0,40,0
15606,53,69372,16,0,0,40,1
15607,49,243190,11,0,0,40,0
15610,56,205805,13,7688,0,40,1
15611,48,212050,10,0,0,40,1
15613,18,157193,8,0,0,30,0
15615,39,192664,10,0,0,40,0
15618,37,127048,10,0,0,40,0
15620,36,108320,9,0,0,40,0
15623,28,513719,9,0,0,40,0
15625,54,105428,9,0,0,40,0
15629,42,45156,10,0,0,40,1
15630,46,166269,10,0,0,50,0
15634,20,256796,9,0,0,40,0
15635,27,168138,9,0,0,40,0
15639,23,215443,10,0,0,70,0
15640,41,99665,5,0,0,80,0
15641,39,243485,9,0,0,45,0
15647,33,105229,13,0,0,40,0
15648,31,185216,13,0,0,40,1
15652,38,234891,10,0,0,40,0
15653,21,356286,9,0,0,40,0
15654,60,225894,1,0,0,40,0
15655,19,181781,7,0,0,28,0
15660,53,286085,10,0,0,40,0
15661,56,111385,13,0,0,45,0
15664,60,74422,3,0,0,44,0
15666,46,209739,6,0,0,38,0
15670,48,175006,2,0,0,48,0
15672,20,194686,10,0,0,15,0
15675,72,74749,9,0,0,17,0
15676,26,231638,14,0,0,40,0
15678,22,148409,10,0,1721,40,0
15682,22,193027,9,0,0,30,0
15684,46,31411,7,0,0,40,0
15687,58,119891,14,0,0,35,1
15690,52,114674,13,0,0,52,1
15691,54,57679,9,0,0,40,0
15692,48,213140,12,0,0,60,1
15694,46,182862,13,0,0,32,0
15695,50,178529,7,0,0,40,0
15697,17,350538,6,0,0,25,0
15699,29,194640,9,0,0,40,0
15701,21,164177,9,0,0,40,0
15704,72,45612,12,0,0,16,0
15705,33,127651,13,0,0,55,1
15708,33,108438,10,0,0,60,1
15709,41,165815,9,0,0,40,1
15712,18,220168,10,0,0,16,0
15715,32,93699,9,0,0,40,0
15722,40,229148,9,0,0,40,0
15724,38,428251,10,0,0,40,0
15725,47,77660,10,15024,0,50,1
15726,21,139722,9,0,0,40,0
15727,33,171151,9,0,0,40,0
15728,51,94819,14,0,0,30,0
15729,44,214546,10,0,0,48,1
15731,22,283029,5,0,0,54,0
15732,48,142719,9,0,0,48,1
15733,40,244172,3,0,0,40,0
15734,26,120238,11,0,0,40,0
15737,41,44121,10,0,0,40,0
15738,31,243678,10,0,0,40,0
15739,34,118786,13,0,0,20,0
15743,18,192254,10,0,0,15,0
15745,22,247731,10,0,0,40,0
15749,50,145879,14,7688,0,40,1
15753,28,190539,13,0,0,50,0
15754,33,92462,12,0,0,32,0
15757,51,261207,9,0,0,40,1
15758,39,206362,11,0,0,40,0
15762,49,255466,10,0,0,43,0
15763,30,204494,10,3137,0,70,0
15765,17,152619,8,0,0,20,0
15766,59,107318,9,0,0,50,0
15769,48,148549,12,0,0,50,0
15771,37,365739,12,0,0,40,1
15772,54,182429,9,0,0,38,0
15774,45,116789,9,0,0,60,0
15776,27,335878,12,0,0,45,0
15777,25,184120,13,0,0,45,0
15781,21,96844,9,0,0,40,0
15785,53,380086,9,7688,0,48,1
15790,58,170290,9,0,0,35,0
15793,26,464552,5,0,0,45,0
15795,59,176118,14,0,0,7,1
15800,22,317019,7,0,0,20,0
15803,56,138593,12,0,0,40,0
15805,24,396099,10,0,0,40,0
15808,57,247624,14,0,0,40,1
15811,29,334096,9,0,0,25,0
15813,47,78022,12,0,0,50,0
15814,51,318351,9,0,1741,40,0
15819,23,206827,12,0,0,50,0
15820,21,210053,10,0,0,40,0
15822,19,138153,10,0,0,40,0
15824,30,188362,9,5178,0,40,1
15825,42,191429,9,15024,0,60,1
15827,25,278404,13,0,0,40,0
15831,34,116371,9,0,0,38,0
15833,43,435266,16,14084,0,60,1
15835,49,253973,6,0,0,40,0
15836,42,191149,13,0,0,28,1
15837,42,197344,9,0,0,45,0
15840,50,207841,10,7298,0,45,1
15841,34,46492,9,0,0,50,1
15842,47,190325,10,0,0,48,0
15843,48,158944,9,0,0,60,1
15844,37,228598,10,0,0,40,0
15846,17,246974,8,0,0,30,0
15847,66,386120,7,10605,0,40,1
15850,19,158603,9,0,0,37,0
15852,34,412933,8,0,0,55,0
15854,24,194829,9,0,0,45,1
15856,57,123632,13,0,0,35,0
15857,49,27614,9,0,0,40,0
15858,25,324854,13,0,0,40,0
15860,31,101352,13,0,0,40,0
15861,39,238721,13,0,0,40,0
15862,22,289982,7,0,0,40,0
15863,23,399449,7,0,0,40,0
15864,39,142804,9,0,0,16,0
15865,26,121427,13,0,0,40,0
15868,64,285610,7,0,0,40,0
15870,25,80485,14,0,0,40,0
15872,45,173658,10,0,0,35,0
15873,36,202207,9,0,0,69,1
15875,22,349212,10,0,0,20,0
15876,17,54978,4,0,0,15,0
15880,34,156532,4,0,0,50,0
15882,27,212578,11,0,1740,40,0
15884,38,423605,9,0,0,40,0
15885,48,149337,12,0,0,55,0
15887,30,325385,14,0,0,50,0
15888,17,196252,6,0,0,16,0
15889,35,110538,9,0,0,55,0
15891,34,178449,10,3103,0,45,1
15894,23,335439,13,0,1741,50,0
15896,37,133526,13,0,0,40,0
15898,22,408385,6,0,0,40,0
15899,31,156192,10,0,0,40,1
15901,40,300773,12,0,0,40,0
15902,31,152109,9,0,0,50,0
15904,17,209650,8,0,0,20,0
15905,73,573446,10,0,0,15,0
15911,28,252013,10,0,0,45,0
15918,48,72896,9,0,0,40,0
15922,19,264767,9,0,0,40,0
15923,55,225623,10,0,0,40,0
15924,17,48610,9,0,0,14,0
15925,57,113974,9,0,0,40,0
15926,43,334991,13,0,0,50,1
15927,24,362059,8,0,0,32,0
15928,37,389725,9,7298,0,40,1
15930,33,149910,9,0,0,40,0
15931,49,99401,10,0,0,45,0
15932,22,104266,10,0,0,20,0
15933,21,136440,10,0,0,15,0
15934,84,65478,9,0,0,40,0
15936,44,143939,10,0,0,40,0
15938,20,267706,9,0,0,38,0
15941,19,112780,10,0,0,20,0
15944,50,136216,9,0,0,37,0
15945,34,158242,13,0,0,43,0
15946,53,180062,4,0,0,40,0
15949,49,349151,9,3411,0,40,0
15951,48,176917,10,0,0,40,1
15956,46,30840,13,0,0,50,1
15957,42,149546,10,0,0,30,0
15960,18,378036,8,0,0,10,0
15963,80,107740,9,0,0,30,0
15965,46,225065,13,0,0,45,0
15969,59,190748,9,0,0,40,0
15970,38,455379,8,0,0,56,1
15974,23,49683,10,0,0,25,0
15975,65,32846,10,2964,0,35,0
15976,35,46947,10,0,0,45,0
15977,65,165609,9,0,0,32,0
15979,35,143231,11,0,0,44,1
15981,32,259425,10,0,0,40,0
15983,18,210652,9,0,0,15,0
15984,25,40915,13,0,0,40,0
15985,32,180303,10,0,0,70,0
15988,20,38032,9,0,0,40,0
15989,44,257395,10,0,0,40,1
15992,22,216639,10,0,1974,40,0
15993,17,134768,7,0,0,20,0
15996,49,174426,10,0,1977,50,1
15997,45,50162,10,0,0,40,0
16000,56,82050,7,7298,0,40,1
16002,35,144200,9,0,0,25,0
16004,65,195695,9,0,0,40,0
16005,51,274502,10,0,0,25,0
16006,76,239900,9,0,0,3,0
16008,33,172304,11,0,0,50,1
16009,44,174575,14,7688,0,40,1
16010,20,325744,10,0,0,40,0
16012,57,176904,7,0,0,40,0
16013,37,504871,10,0,0,40,0
16015,30,399088,13,0,0,50,0
16016,32,409282,9,0,0,40,0
16017,59,532969,9,0,0,40,0
16018,21,213366,10,0,0,38,0
16019,36,188888,8,0,0,40,0
16022,18,115759,9,0,0,35,0
16023,59,171355,14,0,0,55,0
16026,23,204141,10,0,0,40,0
16036,36,36423,10,0,0,60,0
16038,25,96862,9,2174,0,40,0
16043,24,161783,13,0,0,40,0
16047,33,172584,9,0,1590,50,0
16048,28,112425,13,0,0,40,0
16049,22,157783,9,0,0,35,0
16051,61,156852,11,0,0,8,0
16054,30,99761,11,0,0,40,0
16055,36,272950,13,0,0,50,1
16056,43,174295,7,0,0,40,0
16057,24,157678,9,2036,0,42,0
16058,52,186224,9,0,0,40,0
16061,43,71269,13,0,0,40,1
16062,54,311551,10,0,0,60,0
16065,46,41223,10,0,0,40,1
16066,46,292569,13,7298,0,65,1
16067,44,132921,12,0,0,36,0
16068,59,177271,15,99999,0,84,1
16077,24,408585,4,0,0,45,0
16083,54,317733,16,0,2472,40,1
16085,29,229729,13,0,0,40,0
16086,66,46677,10,0,0,20,0
16087,48,277946,10,0,0,40,1
16088,46,263727,10,0,0,60,1
16090,34,143776,14,0,0,45,1
16094,45,72618,11,0,0,60,0
16095,45,102288,10,0,0,40,0
16098,25,124483,13,0,0,50,0
16101,34,207668,14,0,0,41,1
16104,43,107306,10,0,0,55,0
16105,20,161962,10,0,0,16,0
16106,83,192305,10,0,0,20,0
16107,42,449925,13,0,0,40,1
16109,30,268482,10,0,0,40,0
16111,43,201723,9,0,0,40,0
16112,53,186224,11,0,0,35,0
16113,39,139703,10,0,0,48,1
16114,33,397995,13,0,0,40,0
16115,52,259323,9,0,0,40,1
16116,18,427515,9,0,0,20,0
16119,32,162442,13,0,0,60,0
16120,48,83407,14,0,0,50,1
16121,61,265201,10,0,0,14,0
16122,19,109005,10,0,0,20,0
16124,37,210830,11,0,0,38,0
16125,24,194848,13,0,0,40,0
16126,39,109351,11,0,0,40,0
16128,32,123430,9,0,0,65,0
16131,27,136077,9,0,0,48,0
16132,18,151463,7,0,0,20,0
16134,51,43705,14,0,0,54,1
16137,41,190910,9,0,0,40,0
16139,41,163287,9,0,0,62,0
16140,31,97723,12,0,0,40,1
16141,56,160383,6,0,0,37,0
16143,42,278926,10,0,0,40,0
16144,33,189017,8,0,0,40,0
16147,55,107308,11,0,0,40,0
16149,47,175600,9,0,0,40,0
16153,44,77373,13,0,0,50,1
16154,41,135823,11,0,0,40,0
16158,46,185041,10,0,1902,50,1
16159,47,144579,13,0,0,90,0
16162,48,156926,13,0,0,45,1
16165,52,203635,13,0,1902,65,1
16166,31,136721,9,0,0,40,0
16167,27,114865,9,0,0,45,0
16169,27,96219,13,0,0,40,0
16173,27,607658,13,0,0,40,0
16174,64,47298,16,0,0,45,1
16175,55,258121,15,0,1902,40,1
16178,28,179008,9,0,0,48,0
16180,27,32452,14,0,0,20,1
16182,35,113397,9,0,0,45,0
16184,59,354948,13,3103,0,40,1
16186,35,108140,9,0,0,40,0
16188,41,145522,13,0,0,45,0
16189,20,61777,10,0,0,30,0
16190,39,139057,15,0,0,38,0
16191,31,113129,9,0,0,40,0
16194,32,196125,9,0,0,40,1
16195,33,44559,9,0,0,35,0
16197,35,238980,10,0,0,40,0
16198,56,156873,9,0,0,40,0
16202,25,157028,13,0,0,60,0
16203,35,304252,12,0,0,40,0
16206,37,178876,9,0,0,40,0
16207,18,78181,10,0,0,40,0
16211,36,268205,13,0,0,52,0
16215,41,160785,10,0,0,60,1
16216,18,86150,9,0,0,15,0
16222,19,156618,9,0,1602,20,0
16223,30,201697,9,0,0,35,0
16224,50,187830,13,27828,0,16,1
16225,52,240612,9,0,0,40,1
16232,37,115332,9,0,0,50,0
16239,73,144872,9,0,0,25,0
16243,42,275677,11,0,0,50,0
16245,51,311631,13,0,0,40,1
16249,31,112115,9,0,0,40,0
16254,38,149347,14,0,0,50,1
16258,35,176967,10,0,0,40,0
16259,66,344436,9,0,0,8,0
16261,40,202168,15,15024,0,55,1
16265,50,139347,14,0,0,40,1
16266,55,224655,9,0,0,32,0
16267,38,247547,11,0,0,40,0
16268,58,292710,12,0,0,36,0
16271,61,89686,9,0,0,48,0
16275,33,245211,13,0,0,40,0
16276,39,215419,13,0,0,36,0
16280,35,182148,13,0,0,60,1
16284,53,234721,7,0,0,40,0
16291,37,280464,10,0,0,80,1
16292,30,141297,13,0,0,40,1
16293,23,122272,13,0,0,30,0
16294,32,205019,12,0,0,50,0
16301,40,193524,16,0,0,60,1
16307,19,168294,9,0,0,40,0
16308,54,180211,10,0,0,60,1
16310,49,193366,9,0,0,40,0
16311,23,190709,12,0,0,52,0
16316,48,242406,7,0,0,40,0
16317,21,197200,10,0,0,40,0
16318,19,544091,9,0,0,25,0
16320,48,265477,12,0,0,40,0
16321,31,507875,5,0,0,43,0
16323,24,172987,13,0,0,50,0
16330,29,271466,11,0,0,43,0
16331,25,32275,10,0,0,40,0
16335,47,109832,9,0,0,60,0
16336,43,237993,10,0,0,40,1
16337,46,216666,3,0,0,40,0
16339,41,147372,9,0,0,48,0
16340,30,188146,9,5013,0,40,0
16341,30,59496,13,2407,0,40,0
16345,29,105598,10,0,0,58,0
16352,31,309974,13,0,0,40,0
16356,27,213921,9,0,0,40,0
16357,40,32214,12,0,0,40,0
16361,18,446839,9,0,0,30,0
16362,52,276515,13,0,0,40,0
16363,46,51618,9,0,0,40,0
16366,53,346253,9,0,0,35,0
16370,43,410867,16,0,0,50,1
16371,57,249977,11,0,0,40,0
16373,28,212563,10,0,0,25,0
16377,48,191277,16,0,1902,60,1
16379,48,171095,12,0,0,40,0
16381,76,124191,14,0,0,40,1
16382,44,198282,13,15024,0,60,1
16386,32,317660,9,7688,0,40,1
16387,17,304873,6,34095,0,32,0
16390,42,124692,9,0,0,40,0
16391,24,432376,13,0,0,40,0
16393,56,335605,9,0,1887,50,1
16395,36,102864,9,0,0,40,0
16396,53,95647,5,0,0,50,0
16398,49,197371,11,0,0,40,1
16399,55,247552,10,0,0,56,0
16400,22,102632,9,0,0,41,0
16402,40,118853,13,0,0,60,0
16403,30,77143,13,0,0,40,0
16406,47,287828,13,0,0,40,1
16407,20,111697,10,0,1719,28,0
16408,31,114937,12,0,0,40,1
16410,39,365739,10,0,0,40,0
16412,24,43323,9,0,1762,40,0
16414,37,254202,13,0,0,50,0
16416,38,125933,14,0,0,40,1
16418,27,163127,11,0,0,35,0
16421,61,66614,9,0,0,40,0
16422,27,232782,10,0,0,40,0
16427,22,175374,10,0,0,24,0
16428,36,108293,9,0,0,24,0
16432,34,198183,9,0,0,40,0
16433,33,163003,13,0,0,40,0
16434,21,296158,9,0,0,35,0
16436,48,187715,9,0,0,46,0
16438,71,494223,10,0,1816,2,0
16439,29,191535,9,0,0,60,0
16440,42,228456,13,0,0,50,0
16441,68,38317,2,0,0,20,0
16442,25,252752,9,0,0,40,0
16443,44,78374,14,0,0,40,0
16444,28,88419,9,0,0,40,0
16446,36,207157,10,0,0,40,0
16447,39,235485,12,0,0,42,0
16448,46,102628,14,0,0,40,0
16449,18,25828,7,0,0,16,0
16450,66,54826,11,0,0,20,0
16452,28,175325,9,0,0,40,0
16453,51,96062,10,0,1977,40,1
16454,27,428030,13,0,0,50,0
16461,44,181344,10,0,0,38,1
16463,30,633742,10,0,0,45,0
16469,31,99928,14,0,0,50,0
16472,24,159567,10,0,0,40,0
16475,41,130760,13,0,0,24,0
16478,40,56795,14,14084,0,55,1
16479,35,138992,14,7298,0,40,1
16480,24,32921,9,0,0,40,0
16486,18,140164,7,0,0,40,0
16489,58,210563,9,15024,0,35,1
16493,35,153790,10,0,0,40,0
16496,37,635913,13,0,0,60,1
16497,50,313321,12,0,0,40,0
16498,38,182609,13,0,0,50,0
16500,25,255004,6,0,0,40,0
16501,31,197860,10,0,0,40,0
16503,90,51744,9,0,2206,40,0
16504,54,176681,9,0,0,20,0
16510,65,176796,9,0,0,40,0
16512,41,130408,9,0,0,38,0
16513,25,159732,10,0,0,42,0
16517,40,170525,10,0,0,38,0
16519,38,115076,14,0,0,70,1
16520,23,115458,9,0,0,40,0
16521,40,347890,13,0,0,40,1
16523,24,273905,12,0,0,50,0
16524,20,119156,10,0,0,20,0
16527,58,236596,9,0,0,45,1
16529,40,207578,12,0,1977,60,1
16530,45,153141,9,0,0,40,0
16531,41,112763,15,0,0,40,1
16533,59,171328,6,0,0,30,0
16539,45,187666,11,0,0,45,0
16542,45,98092,9,0,0,60,0
16543,17,245918,7,0,0,12,0
16546,37,257295,10,0,0,75,1
16547,19,218956,10,0,0,24,0
16551,61,69867,9,0,0,40,1
16552,17,191260,5,1055,0,24,0
16554,27,209109,14,0,0,35,0
16559,25,193787,10,0,0,40,0
16560,24,279472,10,7298,0,48,1
16563,34,175413,12,0,0,45,0
16564,60,173960,13,0,0,42,0
16566,57,425161,14,15024,0,40,1
16568,50,176609,10,0,0,45,0
16570,50,193884,4,0,0,40,0
16572,31,127595,9,0,0,40,0
16573,29,220419,13,0,0,56,0
16579,24,278130,9,0,0,40,0
16580,38,169469,9,0,0,80,0
16583,31,217460,9,0,0,45,1
16585,24,303296,10,0,0,40,0
16591,26,59306,13,0,0,40,0
16595,22,199698,10,0,0,15,0
16596,24,191954,10,0,0,40,0
16598,22,399087,3,0,0,40,0
16599,29,423158,10,0,0,40,0
16603,35,186110,9,0,0,45,0
16607,23,211601,11,0,0,15,0
16609,58,321171,9,0,0,40,0
16611,41,206565,10,0,0,45,0
16612,26,224563,13,0,0,40,0
16613,47,178686,11,0,0,40,0
16615,53,242606,9,0,0,40,0
16619,19,104112,9,0,0,30,0
16621,26,94936,12,0,0,40,0
16622,38,296478,11,7298,0,40,1
16623,36,119272,9,7298,0,40,1
16627,67,36135,7,0,0,8,0
16630,31,156464,13,0,0,25,0
16631,33,117963,13,0,0,40,1
16636,38,95432,9,0,0,40,1
16638,40,96129,11,0,0,40,1
16641,36,348022,6,0,0,24,0
16642,62,270092,14,0,0,40,1
16643,43,180609,13,0,0,45,0
16646,28,92262,9,0,0,40,0
16647,56,183081,10,0,0,45,0
16648,22,362589,12,0,0,15,0
16649,57,212448,13,0,0,45,1
16651,26,185885,10,0,0,15,0
16652,17,89821,7,0,0,10,0
16653,40,184018,11,0,0,38,1
16655,44,160323,9,0,0,40,0
16657,33,267404,9,0,0,40,0
16659,46,80914,14,0,0,30,0
16662,46,214955,3,0,2339,45,0
16665,36,117312,10,0,0,40,0
16669,19,25429,10,0,0,16,0
16670,19,232392,9,0,0,40,0
16672,27,301302,13,0,0,50,0
16673,46,277946,12,0,0,40,0
16674,34,98101,13,7688,0,45,1
16676,44,115562,10,0,0,40,0
16679,25,86872,13,0,0,55,1
16682,28,108574,10,0,0,40,0
16683,50,288353,13,0,0,40,1
16685,28,166481,4,0,2179,40,0
16686,41,445382,14,0,1977,65,1
16688,46,317253,9,0,0,25,0
16689,28,123147,10,0,1887,40,1
16691,41,42346,10,0,0,24,0
16692,24,241951,9,0,0,40,0
16694,46,188386,16,15024,0,60,1
16696,35,92440,8,0,0,50,1
16698,30,426017,7,0,0,19,0
16699,34,243867,7,0,0,40,0
16701,20,61777,10,0,0,30,0
16704,29,188401,9,0,0,40,0
16706,25,133373,9,0,0,60,0
16708,23,204653,9,0,0,72,0
16709,63,222289,9,0,0,40,1
16711,80,107762,9,0,0,24,0
16713,40,204116,13,2174,0,40,0
16714,30,29662,12,0,0,25,1
16715,27,116358,10,0,1980,40,0
16716,33,208405,14,0,0,50,1
16717,34,284843,9,594,0,60,0
16725,27,405855,5,0,0,40,0
16726,20,298227,10,0,0,35,0
16728,51,56915,9,0,0,40,0
16733,60,245062,9,0,0,40,1
16737,30,180374,9,0,0,40,0
16738,38,351299,10,0,0,50,0
16739,23,54012,9,0,0,60,0
16740,32,115745,10,0,0,40,0
16741,44,116632,12,0,0,40,0
16743,32,132601,13,0,0,50,0
16745,24,170070,13,0,0,20,0
16747,52,35598,9,0,0,40,0
16750,30,118551,13,0,0,16,1
16751,60,201965,10,0,0,40,1
16755,67,49401,11,0,0,24,0
16763,28,70100,13,0,0,20,0
16765,52,271749,8,594,0,40,0
16773,35,32220,12,0,0,60,0
16776,41,343121,9,0,0,36,0
16778,23,403107,3,0,0,40,0
16779,26,64293,10,0,0,35,0
16781,23,324960,9,0,0,40,0
16786,24,388093,13,0,0,40,0
16791,49,141944,11,0,1380,42,0
16795,28,189346,9,0,0,45,0
16796,57,222216,11,0,0,38,0
16798,20,214635,10,0,0,24,0
16800,34,108116,13,0,0,50,1
16802,50,196232,9,7688,0,50,1
16804,37,186035,10,0,0,45,1
16805,44,177905,10,0,0,58,1
16808,74,99183,10,0,0,9,0
16809,38,190387,9,0,0,50,0
16811,44,109339,7,0,0,46,0
16813,36,197202,9,0,0,40,0
16814,41,101739,12,0,0,50,1
16818,29,102345,11,0,0,40,0
16821,44,210525,10,0,0,40,0
16822,29,133937,16,0,0,40,0
16823,30,237903,10,0,0,40,0
16824,27,163862,9,0,0,40,0
16825,27,201872,10,0,0,50,0
16827,58,51662,6,0,0,8,0
16834,35,229328,9,0,0,40,0
16835,33,319560,11,0,0,40,1
16836,69,136218,7,0,0,40,0
16837,35,54576,9,0,0,40,0
16838,31,323069,9,0,0,20,0
16839,34,148291,9,0,0,32,0
16844,24,82804,9,0,0,40,0
16845,52,334273,13,0,0,60,1
16846,20,27337,9,0,0,48,0
16847,43,188436,14,5013,0,45,0
16848,45,433665,4,0,0,40,0
16851,24,354351,9,0,0,40,0
16853,17,242718,7,0,0,12,0
16855,27,158156,16,0,0,70,0
16856,29,350162,13,0,0,40,1
16857,18,165532,8,0,0,25,0
16859,58,283635,13,0,0,40,0
16861,65,195733,10,0,0,30,1
16865,31,340939,13,0,0,40,0
16866,21,197747,10,0,0,24,0
16867,29,34292,10,0,0,60,0
16872,55,105138,9,0,0,40,0
16875,23,117789,13,0,0,40,0
16876,27,267147,9,0,0,40,0
16877,23,99399,10,0,0,25,0
16880,49,136455,13,0,0,45,0
16882,19,217039,10,0,0,28,0
16885,35,194404,12,0,0,40,0
16889,36,339772,9,0,0,40,0
16890,17,169658,6,0,0,21,0
16891,52,200853,14,6849,0,60,0
16892,24,247564,9,0,0,40,0
16895,27,109881,13,0,0,20,0
16896,39,207824,9,0,0,60,0
16897,30,369027,9,0,0,45,0
16899,52,51048,13,0,0,55,0
16900,46,102388,15,15024,0,45,1
16901,23,190483,13,0,0,20,0
16902,45,462440,7,0,0,20,0
16903,65,109351,5,0,0,24,0
16910,49,268090,13,0,0,26,1
16912,49,120451,6,0,0,40,0
16915,58,35723,9,0,0,60,0
16919,47,248145,3,0,0,50,0
16920,52,289436,16,0,0,60,1
16924,36,188563,10,5178,0,50,1
16929,58,158611,9,0,0,50,0
16932,24,556660,9,4101,0,50,0
16934,38,143774,10,0,0,45,0
16935,27,288341,9,0,0,32,0
16939,44,219288,4,0,0,35,0
16941,44,335183,8,0,0,40,1
16945,20,81145,10,0,0,25,0
16949,20,114746,7,0,1762,40,0
16950,24,172146,5,0,1721,40,0
16952,17,80077,7,0,0,20,0
16955,50,219420,9,0,0,50,1
16956,22,240817,9,2597,0,40,0
16957,17,102726,8,0,0,16,0
16958,32,226267,10,0,0,40,0
16960,58,204021,9,0,0,50,0
16962,37,161141,11,0,0,40,1
16964,23,430828,10,0,0,40,0
16966,34,136721,9,0,0,40,0
16968,45,86644,13,0,0,55,0
16972,24,140027,10,0,0,45,0
16974,20,316702,10,0,0,20,0
16976,25,202480,12,0,0,45,0
16977,35,203628,14,0,0,60,1
16978,31,118710,14,0,1902,40,1
16980,19,475028,9,0,0,20,0
16983,21,163870,10,0,0,30,0
16985,46,295566,16,25236,0,65,1
16987,40,229148,8,0,0,40,0
16988,45,242552,10,0,0,40,0
16993,36,271767,13,0,0,40,0
16996,31,295697,9,0,0,40,0
16997,33,194141,9,0,0,40,0
16999,22,214399,10,0,0,15,0
17004,50,50459,9,0,0,42,1
17005,42,162140,13,7298,0,45,1
17006,43,177937,13,0,0,40,1
17007,44,111502,9,0,0,40,0
17009,31,223212,9,0,0,40,0
17010,65,118474,7,9386,0,59,1
17011,23,352139,10,0,0,24,0
17015,45,51164,10,0,0,40,0
17017,36,131414,10,0,0,36,0
17018,43,260960,13,0,0,50,0
17021,19,192453,10,0,0,25,0
17022,55,200939,9,0,0,72,0
17023,42,151408,14,14084,0,50,1
17024,26,112847,11,0,0,40,0
17027,55,197422,9,7688,0,40,1
17028,32,267736,10,0,0,40,0
17029,29,267034,7,0,0,40,0
17030,46,193047,13,0,0,37,0
17031,29,356089,13,7688,0,40,1
17032,22,223515,13,0,0,20,0
17033,58,87510,6,0,0,40,0
17035,39,48093,9,0,0,40,0
17036,27,31757,11,0,0,38,0
17037,54,285854,9,0,0,40,1
17038,33,120064,13,0,0,45,0
17039,46,167381,9,0,0,40,1
17040,37,103408,9,0,0,40,0
17043,34,119411,9,0,0,40,0
17045,51,386773,13,0,0,55,1
17046,32,283268,6,0,0,42,0
17047,31,301526,10,0,0,40,0
17049,47,106252,13,0,0,50,0
17050,32,188557,9,0,0,40,0
17054,37,280282,11,0,0,24,1
17056,23,282579,11,0,0,56,0
17057,36,51838,10,0,0,40,0
17061,43,146908,10,0,0,40,0
17062,28,196690,11,0,1669,42,0
17063,40,130760,11,0,0,50,1
17067,61,36671,9,0,2352,50,0
17068,18,231193,8,0,0,30,0
17069,59,192130,9,0,0,16,0
17072,41,32185,13,0,0,40,0
17073,18,196061,10,0,0,33,0
17076,22,162343,10,0,0,20,0
17080,43,274363,13,0,1902,40,1
17083,68,315859,7,0,0,20,0
17088,33,169879,13,3103,0,47,1
17090,20,138768,9,0,0,30,0
17092,22,219941,10,0,0,40,0
17093,43,94113,10,0,0,45,0
17095,17,32607,6,0,0,20,0
17096,47,93208,9,0,0,75,0
17099,64,169871,9,0,0,45,0
17100,47,191277,9,0,0,50,1
17104,30,129227,9,0,0,40,0
17105,32,110331,9,0,1672,60,0
17106,57,34269,9,0,653,42,1
17109,43,233130,10,0,0,25,0
17113,26,280093,10,0,0,40,0
17114,73,177387,9,0,0,40,0
17116,55,105304,9,0,0,40,0
17121,17,198124,7,0,0,20,0
17123,51,146813,10,0,0,40,1
17124,62,291175,13,0,0,48,0
17126,43,102895,10,0,0,40,0
17129,39,138192,13,0,0,40,0
17131,61,99784,14,0,0,40,1
17134,26,96467,13,0,0,40,0
17136,34,111567,9,0,0,40,0
17137,34,166545,9,0,0,40,0
17141,18,216284,7,0,0,20,0
17147,21,62339,6,0,0,40,0
17151,44,48087,13,0,0,40,1
17156,41,194636,13,0,0,60,1
17157,23,153044,9,0,0,7,0
17158,38,411797,11,0,0,40,0
17161,49,72393,5,0,0,40,0
17170,29,177119,11,2174,0,45,0
17176,40,170108,14,0,0,40,0
17177,47,341995,10,0,0,55,0
17178,22,226508,13,0,0,50,0
17180,28,109165,9,0,0,40,0
17184,27,90270,12,0,0,40,0
17185,35,152375,9,0,0,45,0
17186,46,171550,9,0,0,38,0
17188,24,202570,13,0,0,15,0
17190,53,68898,10,0,0,40,0
17194,34,175878,10,0,0,40,0
17195,23,543028,9,0,0,40,0
17197,43,158926,14,0,0,50,0
17201,23,257509,10,0,0,25,0
17204,38,97083,10,0,0,40,0
17207,37,214738,9,0,0,40,0
17209,22,91842,10,0,0,42,0
17211,42,162003,9,0,0,55,0
17214,23,375871,9,0,0,40,0
17216,37,176900,9,0,0,99,1
17217,47,21906,14,0,0,25,0
17219,33,143653,9,0,0,30,0
17221,31,78602,12,0,0,40,0
17222,35,465507,9,0,0,40,0
17226,54,166398,10,0,0,35,0
17228,36,108293,13,0,1977,45,1
17229,43,250802,10,0,0,35,0
17232,43,227065,14,0,0,43,1
17233,51,269080,4,0,0,40,0
17234,18,177722,9,0,0,20,0
17236,41,239683,6,0,0,30,0
17237,44,398473,10,0,0,70,1
17238,33,298785,6,0,0,40,0
17239,33,123424,13,0,0,40,1
17244,36,526968,6,0,0,40,0
17245,28,57066,9,0,0,40,0
17246,20,323573,9,0,0,20,0
17247,35,368825,10,0,0,60,1
17252,28,161538,13,0,0,35,0
17253,67,105252,13,0,2392,40,1
17260,34,159929,9,0,0,40,0
17261,49,123207,9,0,0,44,0
17262,22,284317,12,0,0,40,0
17263,23,184699,9,0,0,40,0
17264,60,154474,9,0,0,42,0
17265,45,318280,9,0,0,40,1
17268,47,335973,9,0,0,40,0
17269,44,126701,9,0,0,40,0
17272,41,194636,11,0,0,40,0
17273,50,124793,9,0,0,30,0
17276,56,112840,9,0,0,55,1
17279,40,82465,10,2580,0,40,0
17283,38,343642,9,0,0,40,1
17286,58,356067,13,0,0,40,0
17291,51,220537,9,0,0,40,0
17292,34,124827,11,0,0,40,0
17294,42,118494,10,0,0,44,1
17295,38,173208,14,0,0,25,0
17296,48,107373,4,0,0,40,0
17302,48,123075,14,0,0,35,1
17305,23,129042,9,0,0,40,0
17307,30,201624,13,0,0,45,0
17308,45,368561,9,0,0,55,1
17313,27,389713,10,0,0,40,0
17314,32,206365,9,0,0,40,0
17318,37,123785,9,0,0,75,0
17322,23,137994,10,0,0,40,0
17328,23,217961,10,0,0,40,0
17329,20,74631,10,0,0,50,0
17330,36,156667,13,0,1902,50,1
17331,61,125155,9,0,0,40,0
17332,53,263925,13,0,0,40,1
17333,30,296453,13,7298,0,40,1
17340,45,185385,9,0,0,47,1
17341,43,277647,9,0,0,35,0
17342,61,128848,9,3471,0,40,0
17344,34,157886,12,0,0,40,0
17346,38,223004,10,0,0,40,0
17347,35,199352,15,0,1977,80,1
17348,36,29984,8,0,0,40,0
17350,36,117312,12,0,0,60,0
17352,38,132879,9,0,1902,40,1
17353,37,215310,9,0,0,50,1
17358,22,191342,13,0,0,50,0
17359,49,31339,9,0,0,40,0
17362,19,167816,9,0,0,35,0
17365,31,232475,10,0,0,40,0
17369,42,150533,10,7298,0,52,1
17371,41,133060,12,0,0,40,1
17376,22,361280,13,0,0,20,0
17377,62,92178,6,0,0,40,0
17379,29,260729,9,0,1977,25,1
17381,68,140282,4,0,0,8,0
17384,41,118619,13,0,0,50,0
17387,31,51259,13,0,0,47,0
17388,29,131088,9,0,0,25,0
17393,37,60227,13,0,0,38,0
17395,34,290763,9,0,0,40,0
17398,41,227644,9,0,0,50,0
17400,53,288020,13,0,0,40,0
17402,45,170915,9,4865,0,40,0
17404,36,112497,13,0,0,40,0
17405,48,95244,10,0,0,35,0
17413,31,316672,9,0,0,40,0
17415,42,184018,10,0,0,40,0
17416,31,184307,10,0,0,50,1
17417,46,246212,14,0,0,45,1
17418,35,250504,9,0,0,60,1
17419,27,138705,9,0,0,53,0
17420,41,328447,2,0,0,35,0
17423,59,212448,9,0,0,40,0
17425,56,200235,10,0,0,60,0
17429,61,84409,9,0,0,35,1
17431,25,241626,9,0,0,30,0
17433,24,35633,10,0,0,40,0
17436,34,117529,10,0,0,54,0
17437,46,106092,9,0,0,45,1
17438,28,445824,14,0,0,50,1
17439,26,227332,13,0,0,40,0
17443,33,114691,13,0,0,60,1
17446,33,178506,9,0,0,40,0
17447,65,350498,13,10605,0,20,1
17450,40,182302,9,0,0,40,0
17451,51,241346,9,0,0,43,0
17453,25,404616,14,0,0,99,1
17454,20,411862,11,0,0,30,0
17457,22,188544,11,0,0,30,0
17459,47,45857,9,0,0,40,0
17461,50,146015,9,0,0,40,1
17463,36,416745,13,0,0,40,0
17466,51,165637,14,0,0,40,0
17469,24,191269,13,0,0,65,0
17471,51,239155,11,0,0,40,0
17473,39,33886,9,0,0,60,0
17474,28,444304,13,0,0,40,0
17476,49,116892,13,0,0,40,0
17480,50,75472,9,4386,0,40,0
17481,45,320818,9,0,0,80,1
17484,44,344060,13,0,0,40,1
17485,33,221196,10,0,0,40,0
17486,61,113544,14,0,0,40,1
17487,61,321117,9,0,0,40,0
17490,36,135289,9,0,0,45,0
17491,44,320984,10,5178,0,60,1
17495,20,205839,10,0,0,16,0
17500,38,200818,15,0,0,40,1
17510,75,208426,15,0,0,35,0
17511,46,265266,13,0,1902,40,1
17512,52,31838,9,0,0,40,0
17513,27,175034,13,0,0,40,0
17515,31,106347,7,0,0,42,0
17516,23,174754,10,0,0,30,0
17518,41,209344,9,0,0,40,0
17519,31,185732,9,0,0,30,0
17520,42,65372,10,0,0,40,0
17522,55,326297,9,0,0,25,0
17523,36,194630,9,0,0,40,0
17532,48,397466,10,0,0,60,0
17533,30,283767,9,0,0,40,0
17535,28,218555,10,0,1762,40,0
17540,37,136137,10,0,0,40,0
17543,69,195779,11,0,0,1,0
17544,73,29778,9,0,0,37,0
17547,38,189623,13,0,1887,40,1
17550,44,409505,13,0,0,40,0
17554,25,323545,9,0,0,40,0
17555,20,232577,10,0,0,40,0
17558,67,171584,13,6514,0,7,1
17560,42,342865,9,0,0,40,0
17561,52,186785,9,0,1876,50,0
17562,42,158926,12,0,0,40,1
17563,65,36039,9,0,0,40,1
17564,21,164019,10,0,0,10,0
17567,47,370119,13,15024,0,50,1
17570,50,421132,9,0,0,40,0
17571,58,178660,8,0,0,40,0
17572,63,795830,2,0,0,30,0
17575,36,113397,9,0,0,40,0
17580,22,58222,9,0,0,40,0
17584,36,180686,15,0,0,50,0
17587,29,256956,11,0,0,40,0
17588,26,202203,3,0,0,40,0
17589,43,85995,9,0,0,45,0
17590,49,125421,9,0,0,40,1
17591,45,283037,13,0,0,40,0
17595,32,509350,10,0,0,50,1
17597,35,119098,16,7298,0,40,1
17598,35,327120,12,0,0,55,0
17601,61,101265,9,1471,0,35,0
17604,55,121912,10,0,0,24,1
17605,39,83893,9,0,0,40,1
17608,52,168381,9,0,0,40,1
17612,20,324469,10,0,0,40,0
17613,23,275244,9,0,0,35,0
17614,57,265099,15,0,0,60,0
17616,33,40681,10,3674,0,16,0
17619,71,269708,13,2329,0,16,0
17620,38,34180,10,0,0,40,0
17621,28,225904,15,0,0,40,0
17624,59,105363,9,0,0,40,0
17626,35,184117,13,0,0,40,0
17628,17,145886,7,0,0,30,0
17629,36,153078,13,0,0,60,1
17630,62,225652,4,3411,0,50,0
17632,32,199765,13,7688,0,50,1
17634,39,191161,10,0,0,40,0
17636,61,30073,9,0,1848,60,1
17637,40,155190,6,0,0,55,0
17641,33,105974,9,0,0,41,0
17645,31,168312,11,0,0,40,0
17647,49,171301,9,0,0,40,0
17652,61,190997,9,0,0,6,0
17656,41,102332,9,0,0,40,0
17657,44,230684,9,0,0,55,0
17658,54,449257,9,0,0,40,0
17660,32,97429,13,0,0,40,0
17665,37,137314,9,0,0,60,0
17666,45,127303,10,0,0,45,0
17667,37,349116,9,0,0,44,0
17671,27,29904,13,0,0,40,0
17674,19,234151,9,0,0,40,0
17675,43,238287,6,0,0,40,0
17676,42,230624,6,0,0,40,1
17679,51,246519,6,2105,0,45,0
17680,50,137815,9,0,0,60,1
17681,40,260696,9,0,0,40,0
17684,31,66815,9,0,0,50,0
17685,42,51795,9,0,0,32,0
17687,30,30226,7,0,0,40,0
17690,33,130021,9,0,0,40,0
17691,48,329778,9,0,0,40,0
17694,53,34368,10,0,0,45,1
17695,52,173839,6,0,0,60,0
17696,28,73211,10,0,0,20,0
17699,31,127610,13,0,0,40,1
17700,47,115070,10,0,0,40,0
17703,40,202872,12,0,0,45,0
17705,53,130703,9,0,0,40,0
17706,46,134727,7,0,0,43,0
17707,45,36228,13,4386,0,35,1
17710,57,173796,9,0,1887,40,1
17711,49,147322,11,0,0,40,0
17714,18,169882,10,594,0,15,0
17715,35,211115,10,0,0,40,0
17717,28,441620,13,0,0,43,0
17718,36,218542,12,0,0,40,1
17720,47,67716,9,0,0,40,1
17723,36,336595,9,0,0,50,1
17725,56,145574,9,0,1902,60,1
17726,50,30447,11,0,0,45,0
17729,51,185283,10,0,0,45,1
17733,17,333100,6,1055,0,30,0
17734,49,125892,14,0,0,50,1
17736,56,311249,9,0,0,38,0
17739,76,211453,9,0,0,2,0
17740,41,94113,15,0,0,60,1
17746,70,163003,9,0,0,40,0
17751,61,120939,15,0,0,5,1
17753,28,216481,13,0,0,40,0
17756,47,34248,9,0,0,38,0
17758,26,183077,11,0,0,40,0
17759,17,197850,7,0,0,24,0
17767,30,57651,9,0,2001,42,0
17768,25,174592,9,0,0,25,0
17770,37,175232,14,0,0,60,1
17771,32,402812,10,0,0,48,0
17772,26,101150,9,0,0,41,0
17778,35,187119,13,0,1980,65,0
17780,19,225775,10,0,0,40,0
17783,20,32732,10,0,0,45,0
17785,60,290593,14,0,0,40,0
17786,32,123253,12,0,0,42,0
17787,58,48433,9,0,0,40,0
17789,20,431745,10,0,0,14,0
17790,42,436006,10,0,0,40,0
17793,37,217054,13,0,0,35,1
17795,59,125000,13,0,0,40,1
17796,44,123983,13,0,0,40,0
17797,46,155489,9,0,0,58,1
17801,47,246891,13,0,0,40,0
17805,26,166295,13,0,2339,55,0
17806,20,231286,10,0,0,15,0
17807,33,159322,9,0,0,40,0
17808,48,176026,9,0,0,40,0
17811,47,232628,9,0,0,40,0
17817,34,122116,10,0,0,40,0
17823,39,203070,9,0,0,40,0
17824,59,165695,10,0,0,40,0
17825,69,473040,3,0,0,40,0
17826,27,168107,13,0,0,40,0
17827,17,163494,6,0,0,30,0
17829,41,122381,10,0,1887,50,1
17831,23,200973,9,0,0,40,0
17832,17,130806,6,0,0,24,0
17833,56,117148,4,0,0,40,0
17834,24,213977,10,0,0,40,0
17835,62,134768,16,7688,0,40,1
17836,44,139338,8,0,0,40,0
17844,51,154342,4,0,0,40,0
17845,42,141459,9,0,0,40,0
17847,29,111900,10,0,0,40,0
17848,33,78707,7,0,0,40,0
17849,43,160574,13,0,0,40,0
17850,20,174714,10,0,0,16,0
17856,52,208137,11,0,0,40,0
17859,32,244268,13,0,0,50,0
17862,31,169104,13,0,0,40,0
17865,48,65535,9,0,0,50,0
17866,40,103395,10,0,0,45,1
17868,28,125442,9,0,0,40,0
17869,22,169188,9,0,0,20,0
17872,26,46097,13,0,0,40,0
17873,20,206671,10,1055,0,50,0
17875,38,322143,13,0,0,10,0
17881,30,27207,7,0,0,45,0
17883,22,178818,10,0,0,20,0
17884,57,236944,9,0,0,40,1
17885,46,273771,9,0,0,40,0
17889,39,379350,6,0,0,40,0
17891,58,211547,8,0,0,52,0
17892,36,85272,12,0,0,30,1
17893,45,46406,14,0,0,36,1
17898,26,310907,10,0,0,35,0
17900,38,107513,9,0,0,40,0
17903,37,70240,9,0,0,40,0
17904,44,147206,10,0,0,40,0
17905,31,175548,9,0,0,35,0
17909,45,428350,9,0,1740,40,0
17911,39,328466,7,2407,0,70,0
17913,40,345969,12,0,0,40,1
17914,27,127796,3,0,0,35,0
17916,57,175942,10,0,0,50,1
17917,27,284196,6,0,0,40,0
17918,28,89718,9,2202,0,48,0
17919,34,175761,13,0,0,60,1
17920,54,206369,9,5178,0,50,1
17922,42,285066,13,0,0,45,1
17923,48,126754,14,15024,0,40,1
17924,65,209280,14,6514,0,35,1
17925,55,52888,15,0,0,10,0
17927,33,240763,10,0,0,40,0
17931,19,323421,10,0,0,20,0
17933,26,163189,9,0,0,40,0
17935,41,421871,9,0,0,40,1
17936,44,120277,13,15024,0,50,1
17938,47,198901,9,0,0,48,0
17942,44,110355,13,0,0,40,1
17943,43,184378,13,0,0,40,0
17945,44,443040,9,0,0,40,0
17946,39,71701,9,0,0,40,0
17948,35,107991,7,0,0,45,0
17951,44,43711,12,7688,0,40,1
17958,24,38455,10,0,0,40,0
17962,26,238768,9,0,0,60,0
17970,44,145160,16,0,0,40,1
17972,17,103851,7,1055,0,20,0
17973,19,375077,9,0,0,50,0
17974,53,281590,9,15024,0,40,1
17977,49,32212,9,0,0,43,0
17981,37,256723,10,0,0,35,0
17984,29,112031,9,0,0,50,0
17985,22,376277,10,0,0,35,0
17987,56,187487,9,0,0,48,1
17989,24,67222,13,0,0,45,0
17991,73,267408,9,0,0,15,0
17992,47,168191,10,0,0,40,0
17993,49,105444,8,0,0,39,0
17998,41,233955,14,0,0,45,1
17999,35,30381,13,0,0,45,1
18001,31,367314,9,0,0,40,0
18002,51,101119,9,0,0,70,0
18004,40,218995,10,0,0,42,1
18006,44,303521,10,0,0,40,0
18010,31,77634,11,0,0,42,0
18012,46,56482,10,0,0,40,0
18013,26,314177,9,0,0,40,0
18015,27,377680,11,0,0,50,0
18016,64,134960,13,15024,0,35,1
18017,26,294493,13,0,0,40,0
18018,21,32616,9,0,1719,16,0
18019,45,182655,13,0,0,45,1
18020,57,52267,9,0,0,72,0
18021,30,117963,13,0,0,40,1
18022,45,98881,7,0,0,32,0
18025,43,193459,10,0,0,60,0
18031,40,224910,9,0,0,40,0
18032,38,304651,9,0,0,60,0
18033,37,349689,9,0,0,40,0
18034,60,106850,6,0,0,40,0
18035,53,196328,9,0,0,45,1
18036,25,169323,13,0,0,40,0
18038,40,34037,9,0,0,70,0
18041,42,251795,10,0,0,50,1
18045,46,133938,14,27828,0,50,1
18047,24,228424,9,0,0,40,0
18048,32,195576,7,0,0,40,0
18050,26,167350,10,3103,0,40,1
18052,50,171338,10,99999,0,50,1
18054,17,158762,6,0,0,20,0
18056,31,288419,6,0,0,40,0
18057,23,207546,7,0,0,40,0
18059,17,228373,6,0,0,30,0
18060,43,193882,10,7688,0,40,1
18064,39,238415,13,0,0,50,1
18066,42,339671,13,8614,0,45,1
18067,35,103260,14,0,0,35,1
18070,66,142723,3,0,0,40,0
18071,30,188569,5,0,0,40,0
18072,43,57322,12,0,0,40,0
18073,47,178309,5,0,0,50,0
18074,45,166107,14,0,0,40,0
18075,31,53042,10,0,0,40,0
18078,28,429507,12,0,0,40,0
18080,63,151210,4,0,0,40,0
18083,52,87205,9,0,0,38,0
18091,57,114495,9,0,0,60,0
18092,35,183898,11,7298,0,50,1
18097,46,36228,9,0,1902,40,0
18100,43,206139,13,0,0,50,1
18103,19,418324,10,0,0,36,0
18104,19,263338,10,0,0,45,0
18108,37,118909,9,0,0,35,0
18113,46,272780,10,0,0,24,0
18114,42,219553,14,0,0,38,0
18117,58,312131,14,0,0,40,0
18118,70,30713,9,0,0,30,0
18123,38,31603,13,0,0,40,0
18124,24,165054,11,0,0,40,0
18125,53,121618,4,0,0,40,0
18127,21,163665,10,0,0,40,0
18129,34,238246,13,0,0,40,0
18130,32,244665,9,5178,0,45,1
18131,21,131811,9,0,0,40,0
18132,63,231777,14,0,0,30,0
18133,23,156807,5,0,0,36,0
18134,28,236861,13,0,0,50,0
18136,25,190057,13,0,0,40,0
18138,18,152545,9,0,0,8,0
18139,26,153434,9,0,0,24,0
18143,61,95450,13,5178,0,50,1
18144,25,176520,9,0,0,40,0
18146,60,386261,13,0,0,15,0
18147,23,235722,10,0,0,20,0
18148,36,128884,9,0,0,48,0
18149,46,187226,5,0,0,25,0
18150,32,298332,13,0,0,45,1
18153,31,157887,10,0,0,65,1
18154,32,171111,13,0,0,37,0
18157,44,144778,10,0,0,45,1
18158,42,201522,13,0,0,60,0
18161,24,282202,9,0,0,40,0
18162,42,102606,13,0,0,40,1
18163,44,246862,9,0,0,40,1
18164,27,508336,13,0,0,48,0
18168,55,184425,10,0,0,99,1
18170,25,199545,10,0,0,15,0
18173,26,33610,9,0,0,40,0
18176,42,445382,13,0,0,45,1
18179,25,109872,9,0,0,45,0
18180,23,119838,13,0,0,50,0
18181,29,149943,10,0,1590,40,0
18182,65,27012,4,0,0,50,0
18191,38,187046,7,0,0,45,0
18196,42,121718,14,0,1902,60,1
18198,28,218990,11,0,0,46,0
18199,25,125863,13,0,0,35,0
18202,38,119741,14,0,0,40,1
18203,44,32000,10,0,0,18,1
18214,25,211231,9,0,0,48,1
18217,38,255454,13,0,0,40,0
18218,35,28160,13,0,0,40,0
18219,50,159219,13,0,0,40,1
18220,26,103148,9,0,0,40,0
18221,39,165186,10,0,0,45,0
18224,46,243190,9,7688,0,40,1
18228,43,218542,9,0,0,40,0
18229,29,303446,13,0,0,25,0
18231,44,483201,13,0,0,40,0
18235,66,263637,6,0,0,40,0
18236,40,201495,7,0,0,35,0
18239,26,214303,13,0,0,50,0
18240,32,190511,10,0,0,40,1
18242,51,159755,14,0,0,40,1
18243,50,147629,14,15024,0,45,1
18244,49,268022,13,0,0,50,1
18245,28,188711,13,0,0,20,0
18247,21,260847,10,0,0,30,0
18249,55,189933,6,0,0,40,0
18250,45,133969,9,0,0,50,1
18251,35,330664,10,0,0,40,0
18255,33,217235,9,0,0,20,0
18257,23,120172,13,0,0,40,0
18262,49,168232,9,0,0,40,1
18265,60,197553,10,7688,0,50,1
18267,54,138852,10,0,0,45,1
18270,30,181992,10,0,0,35,0
18272,26,236564,9,0,0,40,0
18273,47,363418,10,0,0,70,1
18276,44,54611,10,0,0,50,0
18279,37,379522,13,0,0,55,1
18281,35,82552,9,0,0,35,0
18283,66,293114,9,1409,0,40,0
18284,72,74141,5,0,0,48,1
18287,57,185072,10,0,0,40,0
18288,24,296045,4,2635,0,38,0
18289,28,246595,9,0,0,70,0
18290,23,54472,10,0,0,50,0
18291,31,331065,13,0,1408,40,0
18293,31,264936,10,0,0,40,0
18295,30,212237,13,0,1740,45,0
18296,31,170430,15,0,0,80,0
18300,23,193089,7,0,0,40,0
18301,24,33432,12,0,0,40,0
18306,23,154373,13,0,0,50,0
18309,44,220563,10,0,0,40,0
18310,32,253354,14,0,0,50,0
18313,34,229732,11,0,0,40,0
18314,47,185465,9,0,0,40,0
18315,27,335764,7,0,0,35,0
18318,50,176924,6,0,0,38,0
18320,36,83893,10,0,0,40,1
18322,61,238611,4,0,0,38,0
18326,17,60116,6,0,0,10,0
18327,23,196816,9,0,0,30,0
18328,53,166368,10,0,0,40,0
18331,22,188569,10,0,0,20,0
18332,53,302868,13,0,0,50,1
18333,18,283342,7,0,0,20,0
18335,20,170038,9,0,0,40,0
18341,47,85129,9,0,0,40,0
18342,20,376474,10,0,0,32,0
18343,22,62507,13,0,0,40,0
18346,32,549430,9,0,0,40,0
18348,66,98837,9,0,0,40,0
18351,45,371886,13,0,0,46,0
18353,63,54851,9,0,0,40,0
18354,51,133050,10,0,0,40,1
18358,25,305449,10,0,0,40,0
18359,19,125010,9,0,0,45,0
18360,47,304133,10,0,0,45,0
18365,28,308493,9,0,0,17,0
18367,51,208302,12,0,0,38,1
18370,37,123211,9,0,0,44,1
18374,51,175339,13,0,0,47,1
18375,22,27937,10,0,0,36,0
18376,49,168211,10,0,1485,40,1
18380,61,115023,14,0,0,4,0
18381,47,224149,13,0,0,40,1
18382,52,150930,11,0,0,40,0
18385,35,163392,10,0,0,40,0
18386,17,103810,8,0,0,40,0
18387,42,213821,9,0,1887,40,1
18388,26,211265,10,0,0,35,0
18395,25,90291,13,0,0,40,0
18396,21,181761,10,0,0,10,0
18400,39,179579,9,0,0,40,0
18402,20,108887,9,0,0,40,0
18404,25,441591,13,0,0,40,0
18405,47,185254,3,0,0,40,0
18406,24,109307,9,0,0,45,0
18408,35,23621,9,0,0,70,0
18411,28,130620,7,0,0,40,0
18415,47,326857,11,5013,0,40,0
18416,44,81853,9,0,0,40,0
18422,49,122493,9,0,0,40,0
18425,34,209317,9,0,0,40,0
18429,31,60186,13,0,0,40,0
18431,28,201175,7,0,0,40,0
18435,75,101887,6,0,0,70,0
18436,66,117778,7,0,0,40,0
18440,47,121124,3,0,0,55,1
18441,41,220132,9,7298,0,40,1
18443,17,195262,7,0,0,17,0
18444,61,113544,13,0,0,55,0
18446,22,100587,10,0,0,15,0
18448,45,242391,13,0,0,40,1
18450,59,151977,6,0,0,30,0
18452,33,125249,9,0,0,40,0
18453,41,222142,9,0,0,40,0
18454,51,270194,5,0,0,40,0
18455,42,169995,9,0,0,48,0
18457,60,123992,10,0,0,45,0
18458,64,266080,9,0,0,35,0
18459,37,201531,12,0,0,40,1
18460,54,179704,13,0,0,45,1
18461,36,393673,12,0,0,50,1
18466,46,187581,9,0,0,40,0
18467,47,77102,14,0,0,40,0
18469,29,54131,10,0,0,30,0
18471,50,156877,7,0,0,70,1
18472,22,355686,10,0,0,40,0
18473,48,300168,8,0,0,40,0
18474,30,488720,5,0,0,40,0
18477,49,214169,10,0,0,40,1
18478,25,192149,13,0,0,40,0
18481,65,90377,11,6767,0,60,0
18483,55,227158,13,0,0,40,0
18485,31,165148,9,0,0,12,0
18486,47,211668,9,0,0,40,1
18487,45,358886,9,0,0,40,1
18489,34,306982,13,0,0,60,0
18494,60,131852,3,0,0,30,1
18495,64,177825,9,1055,0,40,0
18496,33,127215,10,0,0,48,1
18499,34,221324,9,0,0,40,0
18503,20,96862,10,0,0,8,0
18509,42,99254,12,0,0,40,1
18510,51,224763,4,0,0,40,0
18511,59,174056,13,15024,0,40,1
18512,36,127306,13,0,0,40,0
18513,45,339506,9,0,0,40,0
18514,35,178322,11,0,0,50,1
18515,33,189843,4,0,0,40,0
18516,43,160815,11,0,0,40,0
18517,60,207665,9,0,0,40,1
18518,37,160402,13,0,0,55,1
18519,35,170263,10,0,0,40,0
18526,51,128143,10,0,0,40,1
18530,44,239539,13,0,0,40,1
18535,63,215833,9,0,0,40,1
18536,26,156976,11,0,0,40,0
18538,20,218343,9,0,0,25,0
18539,29,241431,14,7298,0,40,1
18541,25,73289,9,0,0,40,0
18542,27,408623,13,0,0,50,0
18545,24,306779,11,0,0,35,0
18549,44,167955,9,0,0,40,0
18550,40,209040,13,0,0,40,0
18553,19,242941,10,0,1602,10,0
18555,48,119565,9,0,0,40,0
18556,23,196827,10,0,1902,40,0
18559,17,329783,6,0,0,10,0
18560,29,107411,15,0,0,70,0
18564,27,29174,13,0,0,40,0
18565,29,40083,16,0,0,40,0
18567,41,116379,14,0,0,55,1
18568,46,216214,13,0,0,35,1
18573,18,346382,7,0,0,15,0
18574,52,284129,10,0,0,40,1
18575,56,143030,9,0,0,40,0
18579,41,129865,9,0,0,60,0
18580,25,157900,10,0,0,40,0
18582,45,158685,9,0,0,40,0
18583,26,386585,10,0,0,60,0
18586,30,190385,13,0,0,40,1
18587,42,37869,10,0,0,40,0
18592,42,27444,10,0,0,40,1
18596,58,131608,10,0,0,40,0
18598,58,190541,9,0,0,47,0
18602,45,238386,10,0,0,40,1
18605,63,97855,14,0,0,50,1
18607,37,200863,10,0,0,40,0
18608,25,41107,13,0,0,40,0
18609,56,77415,7,0,0,50,0
18610,32,236770,10,0,0,50,0
18611,53,173093,10,0,1887,40,1
18612,32,235124,11,0,0,40,0
18613,23,282604,7,7688,0,60,1
18614,35,199288,7,0,0,90,0
18615,51,191659,10,0,1887,65,1
18621,27,253873,10,0,0,25,0
18622,45,107787,11,0,0,40,0
18623,23,519627,9,0,0,25,0
18625,44,198282,14,15024,0,40,1
18629,62,134768,8,0,0,40,1
18633,37,82521,13,15024,0,40,1
18635,22,217421,10,0,0,30,0
18637,22,196943,10,0,0,25,0
18638,47,481987,9,0,0,40,1
18639,67,184506,7,0,419,3,0
18640,20,121313,6,0,0,40,0
18642,26,256000,15,99999,0,60,1
18644,28,42734,9,0,0,40,0
18646,47,184945,10,0,0,35,0
18649,25,122999,9,0,0,40,0
18650,37,758700,5,3781,0,50,0
18651,36,166606,9,0,0,40,0
18652,61,192060,13,0,0,30,0
18654,57,205708,10,0,0,40,0
18655,55,67450,16,0,0,40,0
18656,20,242077,9,0,0,40,0
18657,43,129573,9,0,0,44,0
18658,54,181132,9,0,0,40,1
18661,23,148751,10,0,0,35,0
18663,39,103986,9,0,1590,40,0
18665,19,172893,10,0,0,30,0
18669,27,200500,4,0,0,45,0
18670,36,241962,13,0,0,40,0
18671,30,78530,9,0,0,65,1
18672,22,189950,13,0,0,55,0
18673,35,111387,10,0,1579,40,0
18675,18,343059,10,0,0,40,0
18679,19,55284,9,0,0,35,0
18680,34,509364,9,0,0,30,0
18682,20,137651,10,0,0,40,0
18684,57,346963,13,0,0,40,1
18685,54,183611,10,3137,0,50,0
18687,48,36503,10,0,0,40,1
18688,42,250121,7,0,0,40,0
18689,45,330535,9,3325,0,40,0
18695,44,326232,13,0,2547,50,1
18697,55,59469,5,0,0,25,0
18700,32,350624,8,0,0,40,0
18703,29,121523,7,0,0,60,0
18704,24,267396,13,0,0,40,0
18707,55,124137,15,0,2415,35,1
18712,61,244087,9,0,0,52,1
18716,44,210527,10,0,0,40,0
18717,31,151763,14,0,0,25,0
18719,20,100188,10,0,0,24,0
18731,46,86220,13,0,0,40,0
18732,35,172845,11,0,0,30,0
18734,24,174391,9,0,0,40,0
18736,37,291251,9,0,0,40,0
18737,60,224377,9,0,0,40,0
18738,39,105813,9,0,0,40,0
18739,29,180916,10,0,0,38,0
18740,31,122749,11,0,0,20,0
18741,38,31069,11,4386,0,40,1
18742,26,284343,12,0,0,40,0
18743,64,319371,13,15024,0,40,1
18744,46,174224,11,0,0,40,0
18751,50,20179,14,0,0,40,1
18756,23,342946,7,0,0,38,0
18759,69,69209,13,3818,0,30,0
18760,55,66356,9,0,0,40,0
18762,44,153132,13,7688,0,52,1
18773,26,181666,9,0,0,40,0
18775,38,258761,9,0,0,50,0
18776,50,88842,13,7298,0,40,1
18778,32,158438,10,0,0,60,1
18780,20,51816,9,0,0,40,0
18784,52,163027,9,0,0,50,0
18785,61,146788,4,0,0,40,0
18786,57,73309,9,0,0,55,1
18787,19,143867,10,0,0,40,0
18789,34,345705,9,0,0,45,1
18791,42,209392,9,0,0,35,0
18792,70,262345,10,0,0,6,0
18793,47,277545,13,0,0,40,1
18796,27,211570,7,0,0,40,0
18799,28,173649,9,0,0,40,0
18806,43,188696,11,0,0,40,0
18810,49,213668,14,0,0,56,1
18812,20,157599,10,0,0,25,0
18813,18,134935,8,0,0,40,0
18815,34,111985,9,0,0,50,0
18818,34,279015,10,0,0,65,0
18824,54,175912,9,914,0,40,0
18827,24,60783,10,0,0,70,1
18828,26,183224,10,0,0,35,0
18829,59,100776,11,0,0,40,0
18830,43,57600,16,0,0,40,0
18832,41,306495,9,0,0,40,0
18834,27,93021,9,0,0,40,0
18836,25,63062,10,0,0,60,0
18844,54,175083,9,0,0,20,0
18845,19,129059,10,0,0,30,0
18850,56,105582,10,7688,0,50,1
18851,54,124993,9,0,0,40,1
18852,21,148509,10,0,0,30,0
18854,56,117881,7,0,0,40,0
18858,48,207946,9,0,0,52,0
18860,47,188330,9,0,0,25,0
18864,41,168071,13,7298,0,50,1
18865,57,348430,2,0,0,40,0
18866,51,103407,9,0,0,40,0
18867,26,152046,7,0,0,35,0
18868,36,153205,13,0,0,45,0
18869,33,326104,10,0,0,50,1
18870,46,238162,13,0,0,45,1
18873,77,145329,9,401,0,20,0
18874,39,315776,14,8614,0,52,1
18877,23,133985,6,0,0,40,0
18878,37,269329,11,8614,0,45,1
18879,41,183203,9,0,0,50,1
18880,60,76127,12,0,0,35,1
18882,56,162137,9,0,0,40,0
18883,45,37672,11,0,0,40,0
18884,24,161708,9,0,0,45,1
18886,31,209276,9,0,0,40,0
18888,45,192835,13,0,1977,55,1
18893,31,116677,9,0,0,40,0
18894,19,57067,9,0,0,45,0
18897,27,258102,3,0,0,40,0
18903,42,245626,9,0,0,60,0
18904,24,210781,13,0,0,40,0
18906,45,160167,6,0,0,70,0
18908,34,314375,11,0,0,40,0
18909,32,81528,9,0,0,60,0
18913,40,70645,10,0,0,20,0
18914,55,141807,13,0,0,60,1
18915,66,112871,7,0,0,30,0
18921,27,229125,7,0,0,40,0
18923,27,243871,10,0,0,45,0
18925,19,196857,9,0,0,40,0
18927,55,161334,9,0,0,25,0
18928,50,273536,4,0,0,49,0
18929,32,115631,10,4101,0,50,0
18931,23,334357,9,0,0,40,0
18932,43,96102,14,0,0,50,0
18941,48,108993,9,0,0,45,1
18942,39,288551,9,0,0,40,0
18945,40,163215,13,10520,0,40,1
18946,70,94692,13,0,0,70,1
18947,20,118462,9,0,0,43,0
18948,38,407068,3,0,0,75,0
18951,51,237735,9,3103,0,40,1
18953,38,284166,15,0,0,50,0
18958,33,91964,10,0,0,40,0
18959,31,117526,10,0,0,45,0
18960,64,91343,10,0,0,40,0
18963,61,167670,13,0,0,40,0
18967,49,188823,9,0,0,42,0
18968,55,146326,14,7688,0,45,1
18969,42,154374,13,0,0,58,0
18971,61,197286,5,0,0,40,0
18972,64,100722,13,0,0,5,0
18974,24,145964,13,0,0,40,0
18976,47,155489,9,7688,0,55,1
18977,18,57413,10,0,0,15,0
18978,48,320421,9,0,0,50,0
18979,50,174752,9,0,0,40,0
18984,18,132652,7,0,0,20,0
18988,52,64045,15,99999,0,45,1
18989,46,189763,9,0,0,30,0
18990,23,26248,9,0,0,40,0
18991,50,92079,10,0,0,45,1
18993,20,224059,9,0,0,40,0
18994,39,185520,10,8614,0,40,1
18995,24,265567,7,0,0,35,0
18997,42,39586,14,0,0,20,1
18999,51,209912,13,0,0,50,0
19000,39,144169,9,0,0,50,1
19001,40,50442,10,2977,0,35,0
19004,26,231638,9,0,0,40,0
19005,45,224474,13,4934,0,50,1
19006,28,355259,14,0,0,40,1
19007,30,68330,13,0,0,40,1
19009,19,87653,10,0,0,25,0
19012,62,160143,15,0,0,30,1
19014,49,109705,10,0,0,32,0
19017,37,297449,9,0,0,40,1
19021,38,236391,13,7688,0,40,1
19023,42,358677,9,0,0,35,0
19024,30,199539,9,0,1902,40,0
19026,34,231238,9,0,0,40,0
19027,57,296152,10,594,0,10,0
19028,46,166003,7,0,0,40,0
19031,47,122026,11,0,0,50,0
19034,43,125461,13,0,0,65,1
19038,22,222993,9,0,0,40,0
19040,48,121124,9,0,0,50,1
19042,34,346762,7,0,0,84,0
19046,34,171159,10,0,0,30,0
19047,24,199011,9,0,0,40,0
19052,41,255044,13,0,0,55,0
19053,20,436253,10,0,0,35,0
19055,55,144071,13,0,0,18,1
19056,49,133917,16,0,1902,60,1
19058,27,300777,9,0,0,70,0
19059,35,26987,9,0,0,40,0
19064,43,186916,14,0,0,60,1
19066,54,178251,12,0,0,30,0
19067,30,255885,10,0,0,50,0
19068,20,64292,10,0,0,50,0
19075,28,192200,13,0,0,40,0
19078,26,34402,13,0,0,45,0
19083,35,190895,10,0,0,60,0
19084,33,164190,14,0,0,20,0
19086,18,387568,6,0,0,10,0
19088,44,174491,9,0,0,30,0
19091,53,152652,10,0,0,50,0
19093,40,105936,9,5013,0,20,0
19098,41,237321,2,0,0,40,1
19100,31,169240,9,0,0,40,0
19104,18,36411,8,0,0,30,0
19106,38,187264,9,0,0,55,0
19107,35,140752,9,0,0,40,0
19110,36,107302,14,0,0,60,1
19111,63,41161,9,0,0,55,0
19114,58,349910,15,0,1977,50,1
19117,40,367533,9,0,0,40,0
19118,69,69306,10,0,0,15,0
19120,38,103751,5,0,0,40,0
19126,50,121685,10,0,0,45,1
19127,48,75104,13,0,0,50,0
19129,36,246449,10,0,0,60,1
19132,20,243986,10,0,0,20,0
19134,28,369114,9,0,0,40,0
19137,46,162034,9,0,0,40,0
19141,47,102308,14,0,0,40,1
19143,25,98281,8,0,0,43,0
19144,35,115792,13,0,0,55,0
19147,30,37646,10,0,0,40,0
19148,56,385632,4,0,0,40,0
19149,25,210278,13,0,0,30,0
19151,43,272165,5,0,0,40,0
19152,47,148995,9,0,0,60,1
19153,46,113434,13,0,0,40,0
19154,41,132551,14,0,0,35,0
19157,25,503012,3,0,0,40,0
19158,56,250873,7,0,0,45,0
19160,22,148187,7,0,0,40,0
19163,53,196328,13,0,0,40,0
19166,65,327154,9,0,0,40,0
19167,39,188391,9,7298,0,50,1
19171,40,174515,9,0,0,40,0
19173,56,193130,15,0,0,16,0
19177,46,271828,9,0,0,40,1
19179,29,123983,14,0,0,40,0
19180,22,24896,9,0,0,30,0
19181,47,573583,9,0,0,48,1
19182,67,106175,13,0,2392,75,1
19183,43,307767,9,0,0,40,0
19186,53,358056,7,0,0,40,0
19194,30,131776,14,0,0,40,0
19195,24,228613,7,0,0,40,0
19196,26,198163,14,0,0,40,0
19198,30,177304,9,0,0,40,1
19199,33,144064,13,0,0,50,0
19200,40,146659,9,0,0,60,1
19201,63,26904,9,0,0,98,0
19204,42,27821,11,0,0,60,0
19207,35,173858,9,0,0,40,0
19208,52,91048,9,0,0,35,0
19209,28,298696,13,0,0,40,0
19210,35,207202,6,0,0,70,0
19212,43,180599,9,0,0,35,0
19215,23,240063,13,0,0,25,0
19217,34,511361,10,0,0,40,0
19219,47,239439,7,0,0,40,0
19223,24,454941,9,0,0,40,0
19224,28,107218,13,0,0,20,0
19225,17,182070,7,0,0,16,0
19226,31,176360,9,0,0,40,0
19227,31,452405,1,0,0,35,0
19228,18,297396,9,0,0,10,0
19229,45,84790,13,0,0,55,1
19232,48,125933,10,0,1669,38,0
19233,22,35448,9,0,0,22,0
19234,34,225548,13,0,0,30,0
19236,53,103931,10,0,0,40,0
19240,48,26145,6,0,0,80,0
19241,23,268525,13,0,0,50,0
19242,68,133758,4,0,0,10,0
19243,42,121264,11,0,0,40,1
19244,37,29814,9,0,0,85,0
19254,36,187046,9,0,0,40,1
19255,53,90624,7,0,0,40,0
19256,27,37933,10,0,0,40,0
19261,37,98941,14,0,0,40,1
19262,22,201729,5,0,0,30,0
19263,43,175485,10,0,0,40,0
19264,55,149168,9,0,0,30,0
19265,28,115971,10,0,0,40,0
19269,29,112754,10,0,0,40,0
19271,20,44064,10,0,0,25,0
19272,62,120939,10,0,0,40,0
19273,49,165134,11,0,0,35,0
19276,39,167864,7,0,0,30,0
19278,37,218188,9,0,0,32,0
19279,38,234962,9,2829,0,30,0
19284,33,112584,10,0,0,25,0
19285,25,117589,12,0,0,40,0
19288,49,44434,10,0,0,35,0
19292,37,271767,14,0,0,45,1
19293,42,194636,13,0,0,45,1
19298,55,270859,13,0,0,40,1
19303,51,24185,13,0,0,40,1
19304,38,53930,6,0,0,40,0
19307,28,480861,9,0,0,45,0
19308,42,187702,15,0,2415,60,1
19310,28,52636,14,0,0,40,0
19314,40,78255,9,0,0,25,0
19316,61,208919,14,0,0,60,1
19318,42,307638,9,0,0,40,0
19321,50,125417,15,0,0,52,1
19322,27,28848,13,0,0,9,0
19326,61,123273,3,0,1876,56,0
19327,54,220115,10,0,0,30,0
19328,31,265706,13,0,0,40,0
19330,39,122742,12,15024,0,55,1
19332,48,119199,13,0,0,44,0
19336,34,96245,9,0,0,40,0
19341,21,98678,10,0,0,15,0
19345,41,79797,9,0,0,40,1
19346,72,113044,9,0,0,30,0
19347,20,283499,10,0,0,30,0
19348,41,51111,13,0,0,40,0
19351,27,301654,9,0,0,40,0
19353,28,192569,9,0,0,40,0
19354,27,229803,9,0,0,40,0
19355,20,337639,10,0,0,40,0
19356,18,130849,10,0,0,15,0
19357,32,296282,13,0,0,40,0
19358,38,266645,14,0,0,60,1
19361,40,40024,15,0,0,38,1
19362,35,144322,9,0,0,40,0
19363,74,162340,10,0,0,40,0
19366,20,157145,10,0,2258,10,0
19370,51,145409,13,15024,0,50,1
19372,48,331482,15,0,1977,40,1
19378,24,322658,13,0,0,40,0
19380,18,266287,8,0,0,35,0
19381,39,278187,9,0,0,40,0
19382,65,81413,9,0,2352,65,0
19384,20,140764,10,0,0,20,0
19386,46,176814,15,99999,0,50,1
19388,61,124971,16,0,0,40,1
19391,24,44075,13,0,0,40,0
19392,45,178319,16,0,0,56,1
19393,24,219754,9,0,0,40,0
19395,20,168165,10,0,0,30,0
19397,52,210736,13,0,0,60,0
19398,25,173212,12,2354,0,45,0
19400,35,169809,13,0,0,20,0
19404,42,54102,11,0,0,40,0
19412,25,237865,10,0,0,40,0
19413,43,300528,10,0,0,40,0
19416,60,191188,9,0,0,40,0
19420,22,83704,10,0,0,30,0
19423,47,328610,9,0,0,40,0
19425,40,174373,13,0,0,50,1
19427,32,199244,6,0,0,40,0
19432,24,177526,13,0,0,15,0
19434,56,130454,13,0,0,40,1
19437,33,94235,15,0,0,42,1
19438,21,305874,10,0,0,40,0
19443,45,72896,9,0,0,40,0
19444,53,110510,9,0,0,50,1
19445,41,173938,15,0,0,50,1
19446,27,200641,6,0,0,40,0
19447,53,211654,10,0,0,50,1
19448,38,242720,14,0,0,35,1
19451,22,334693,10,0,0,40,0
19457,49,160647,13,0,0,40,1
19459,58,197665,9,0,0,45,0
19461,30,326104,9,0,0,40,1
19462,21,57211,9,0,0,40,0
19464,40,291192,9,0,0,40,0
19467,35,261382,13,0,0,50,0
19468,40,170230,13,0,0,40,0
19470,43,320984,10,0,0,50,0
19472,51,135190,4,0,0,30,0
19473,71,157909,10,2964,0,60,0
19476,30,125279,9,0,0,40,0
19480,62,81534,10,0,0,40,1
19481,37,325538,9,0,0,60,0
19491,32,44392,12,0,0,40,0
19496,32,194740,10,0,0,55,0
19497,34,27380,13,0,0,50,1
19499,36,224531,13,0,0,50,1
19500,59,283005,7,0,0,40,0
19501,47,101926,13,0,0,70,1
19502,53,135102,9,0,2002,45,0
19503,25,113436,10,0,0,35,0
19505,57,225334,15,15024,0,35,1
19509,32,53042,9,0,0,40,0
19513,56,236731,2,0,0,25,0
19514,52,141301,9,0,0,40,0
19515,34,235124,9,0,0,35,0
19517,41,149102,9,0,0,40,0
19519,44,211759,13,0,0,40,0
19521,34,56883,10,0,0,40,0
19524,25,206600,5,0,0,48,0
19529,46,278322,13,0,0,45,0
19530,38,278924,13,0,1887,50,1
19531,49,203039,7,0,0,40,0
19533,46,144531,13,0,0,40,1
19535,49,211762,9,0,0,40,1
19537,44,180985,13,0,0,50,1
19538,31,207537,9,0,1669,50,0
19540,45,189890,12,5455,0,38,0
19541,34,223212,13,0,1848,40,1
19544,31,222130,10,0,0,43,0
19546,31,170983,13,0,0,60,1
19552,38,99527,14,0,0,40,1
19553,30,123178,6,0,0,50,0
19555,52,317733,13,7688,0,40,1
19559,59,31840,9,0,0,40,1
19560,45,183168,13,0,0,40,0
19561,27,386036,10,0,0,48,0
19562,31,446358,16,0,0,50,1
19563,45,28035,10,0,0,50,0
19564,40,282155,9,0,0,25,0
19565,27,192384,15,0,0,40,0
19570,49,240859,7,0,0,40,0
19571,33,83446,7,0,0,40,1
19573,62,185503,13,0,0,50,1
19574,39,68781,9,0,0,40,0
19577,24,54560,9,0,0,45,0
19579,25,201413,10,0,0,40,0
19580,19,40425,10,0,0,28,0
19581,31,189461,12,0,0,41,0
19582,53,200576,7,0,0,40,0
19583,61,92691,9,0,0,3,0
19584,47,664821,13,0,0,40,0
19585,37,175130,9,0,0,45,0
19587,27,249315,10,0,0,44,0
19590,39,352248,12,0,0,40,0
19596,68,75913,8,0,0,30,0
19598,45,352094,10,7688,0,40,1
19599,26,159732,10,0,0,60,0
19600,20,131230,9,0,1590,40,0
19606,39,172718,9,0,0,40,0
19612,26,179633,9,0,0,40,0
19616,53,197492,9,0,0,40,0
19621,24,215443,9,0,0,40,0
19622,57,268252,9,0,0,62,0
19624,41,139916,11,0,2179,84,0
19626,45,125194,7,0,0,40,0
19627,27,58654,11,0,0,40,0
19632,30,96851,10,0,1719,25,0
19635,26,245628,7,0,0,20,0
19636,25,159732,13,0,0,40,0
19638,24,182812,10,3325,0,52,0
19640,35,102976,14,0,0,40,1
19641,57,42959,13,0,0,40,1
19642,21,256356,7,0,0,40,0
19643,29,136277,6,0,0,32,0
19646,51,138847,13,0,0,40,1
19651,38,348739,15,0,0,60,0
19652,20,235442,10,0,0,35,0
19654,40,346964,9,0,0,40,0
19655,46,192208,6,0,0,45,0
19659,38,200153,9,0,0,60,0
19664,40,327573,11,0,0,40,0
19667,38,203836,9,3464,0,40,0
19668,51,163998,9,0,0,20,1
19669,46,28281,13,0,0,40,1
19672,20,368852,10,0,0,20,0
19673,44,353396,13,0,0,45,0
19675,18,97963,9,0,0,30,0
19676,61,156542,15,0,0,40,1
19679,34,173730,13,0,0,50,1
19680,53,374588,9,0,0,60,0
19685,41,243607,3,0,0,40,0
19686,47,134671,10,0,0,40,0
19687,31,197023,11,0,0,40,0
19688,52,117674,10,0,0,40,1
19690,43,598606,5,0,0,50,0
19691,42,122861,14,0,0,40,1
19692,35,166235,10,0,0,30,0
19694,34,340940,13,7298,0,60,1
19695,52,194791,10,0,0,40,0
19697,39,305597,9,0,0,40,0
19701,22,341368,10,0,0,50,0
19705,37,336598,3,0,0,36,0
19710,20,179423,10,0,0,40,0
19712,17,139183,6,0,0,15,0
19714,37,112554,9,0,0,45,0
19715,53,99476,9,0,0,38,0
19721,23,214542,10,0,0,50,0
19722,20,161922,9,0,0,43,0
19725,59,208395,14,0,0,50,0
19730,31,188798,13,0,0,50,0
19733,25,152035,12,0,0,40,0
19734,18,139003,9,0,0,12,0
19736,39,257726,10,0,0,40,0
19737,22,113175,10,0,0,20,0
19738,21,151158,10,0,0,25,0
19740,21,356772,9,0,0,40,0
19743,31,329301,9,0,0,55,0
19747,39,96452,14,0,0,55,1
19750,50,400004,10,0,0,60,0
19751,63,183608,6,0,0,40,0
19752,31,194055,9,0,0,50,0
19754,18,43272,10,0,0,20,0
19756,34,114691,10,0,0,50,1
19757,18,304169,7,0,0,35,0
19764,41,113823,14,0,0,40,0
19765,42,217826,9,0,0,40,0
19766,55,349304,13,0,0,40,1
19773,30,75755,11,0,0,40,0
19776,21,182606,10,0,0,40,0
19784,40,315321,9,0,625,52,0
19788,25,112835,14,0,0,40,0
19791,55,276229,9,0,0,38,0
19793,26,152035,9,0,0,40,0
19795,39,75995,9,0,0,45,0
19796,62,192236,13,0,0,40,1
19797,19,188618,10,0,0,25,0
19798,47,229737,9,0,0,45,1
19802,59,115389,10,0,0,36,0
19804,52,338816,10,15024,0,45,1
19805,21,197387,9,0,0,20,0
19807,29,367706,10,0,0,40,0
19808,24,102493,9,0,0,40,0
19811,46,189680,10,0,0,50,1
19813,34,127651,6,0,0,44,0
19817,49,183710,16,0,0,50,1
19820,47,357848,9,0,0,40,1
19822,39,188571,11,0,0,60,0
19826,29,151476,10,0,0,40,0
19828,57,180920,6,0,0,43,0
19830,25,251915,13,0,0,40,0
19831,39,187127,10,0,0,40,0
19832,24,69045,10,0,0,40,0
19833,56,192869,14,0,1977,44,1
19836,17,213055,7,0,0,20,0
19837,67,116057,9,3273,0,16,0
19839,24,134181,13,0,0,50,0
19845,57,149168,10,0,0,55,0
19846,34,157165,10,0,0,40,0
19847,24,278130,13,0,0,40,0
19851,35,230054,4,0,0,40,0
19852,58,519006,9,0,0,52,0
19853,19,37332,9,1055,0,12,0
19860,21,180303,13,0,0,25,0
19863,29,95465,9,0,0,40,0
19864,43,96102,10,0,1887,40,1
19865,27,36440,15,0,0,65,1
19866,25,209384,9,0,0,32,0
19867,28,50814,9,0,0,40,0
19868,54,143865,9,0,0,35,0
19869,74,104661,10,0,0,12,0
19870,31,50442,10,0,0,32,0
19874,61,32423,9,22040,0,40,0
19875,59,154236,9,7688,0,40,1
19876,27,153546,11,0,0,36,1
19878,23,191444,9,0,0,40,0
19882,32,96016,13,0,0,45,0
19883,72,52138,16,0,2392,25,1
19885,42,138634,9,0,0,40,0
19888,41,227065,10,0,0,40,0
19891,65,386672,11,0,0,15,0
19894,24,117109,13,0,0,27,0
19901,52,363405,9,0,0,40,0
19902,63,181863,13,0,0,27,0
19907,44,378251,9,0,0,38,0
19909,22,203182,13,0,0,20,0
19910,32,130304,9,0,1485,48,0
19916,26,292353,4,0,0,40,0
19917,45,304570,8,0,0,40,0
19923,61,232308,6,0,0,40,0
19925,25,333677,5,0,0,45,0
19930,21,143062,10,0,0,32,0
19933,44,174325,14,7688,0,40,1
19934,31,286675,9,0,0,50,0
19935,44,59474,9,0,0,40,1
19939,21,342575,10,0,0,30,0
19940,30,206051,9,0,0,40,1
19942,57,145189,10,0,0,40,0
19943,37,233490,9,0,0,50,0
19946,31,181485,13,0,0,40,1
19948,37,262409,14,0,213,45,0
19951,31,226883,9,0,0,75,0
19952,75,184335,7,0,0,30,0
19954,39,183898,12,7688,0,60,1
19955,30,55291,13,0,0,40,1
19956,27,150025,3,0,0,40,0
19958,53,181755,14,0,0,35,1
19963,38,270985,10,0,0,50,0
19965,46,176863,9,0,0,40,0
19966,51,53197,9,0,0,40,0
19970,70,35494,9,0,0,30,0
19972,34,80933,9,0,1672,40,0
19973,46,271828,9,0,0,40,1
19974,70,121993,9,0,0,5,0
19976,36,36425,10,0,0,35,0
19978,28,241895,9,0,1628,40,0
19981,53,123429,10,0,0,60,1
19984,21,249271,10,0,0,40,0
19985,34,106169,14,0,0,50,0
19988,41,113555,10,7298,0,50,1
19991,27,406662,9,4416,0,40,0
19996,21,344891,10,0,0,20,0
19998,29,194197,13,0,0,40,0
20000,21,596776,10,0,0,40,0
20001,46,56841,9,0,0,40,0
20002,38,112561,13,0,0,55,1
20003,43,147110,10,0,0,48,1
20004,54,175339,9,0,0,50,1
20005,38,234901,14,0,1977,60,1
20006,18,298133,10,0,0,40,0
20008,30,97757,11,0,0,36,1
20009,30,151868,5,0,0,40,0
20012,37,203070,10,0,0,43,0
20014,64,264544,14,0,0,5,1
20015,18,148644,9,0,0,28,0
20016,30,125762,10,0,0,30,0
20018,18,193741,7,0,0,30,0
20020,49,115613,5,0,0,40,0
20021,46,222374,9,0,0,43,1
20024,29,31166,9,0,0,30,0
20029,35,334291,10,0,0,50,0
20030,56,318450,14,0,0,80,1
20031,29,174163,10,0,0,40,0
20032,41,119721,9,0,0,40,0
20038,42,344920,10,0,0,50,0
20039,39,33355,9,7298,0,48,1
20042,57,170244,15,0,0,40,0
20047,37,264503,9,0,0,40,0
20051,40,119578,13,0,0,20,0
20052,51,195105,9,0,0,40,0
20054,74,95825,10,0,0,3,0
20055,49,362654,10,15024,0,50,1
20057,40,77332,10,0,0,50,0
20059,63,113324,10,0,0,40,0
20061,51,237729,10,0,0,40,0
20064,33,131568,9,0,0,66,0
20065,49,185859,9,0,0,43,0
20066,20,231981,10,0,0,32,0
20067,33,117963,12,0,1887,60,1
20069,52,164135,9,0,0,50,1
20072,23,249277,9,0,0,75,0
20073,53,117847,12,0,0,40,0
20074,19,52372,10,0,0,20,0
20076,53,137428,4,0,0,60,1
20077,65,169047,9,0,0,10,0
20079,30,504725,6,0,0,18,0
20080,28,132870,7,0,0,45,0
20082,30,35644,9,0,0,10,0
20083,22,198148,10,0,0,50,0
20085,19,262515,7,0,0,20,0
20087,32,111567,15,0,0,40,1
20089,51,420917,13,0,0,45,0
20090,25,197871,10,0,0,44,1
20092,38,206535,10,0,0,50,0
20093,26,70447,9,0,0,40,1
20095,25,209970,13,0,0,40,0
20098,51,304955,14,0,0,50,1
20100,24,200973,10,0,0,40,0
20101,24,37440,13,0,0,50,0
20102,31,395170,11,0,0,24,0
20103,54,32385,9,0,0,30,0
20104,34,353213,12,0,0,60,0
20107,21,190761,6,0,0,70,0
20109,37,470663,10,0,0,40,0
20111,57,74156,9,0,0,30,0
20113,24,123983,7,0,0,40,0
20114,43,193494,10,0,0,40,0
20120,62,151369,9,0,0,40,0
20121,29,56630,11,0,0,40,0
20122,49,117095,9,0,0,40,0
20125,37,126675,13,0,0,40,0
20126,43,199806,13,0,0,40,1
20128,44,103459,9,0,0,40,1
20130,38,298841,10,0,0,45,0
20131,45,33300,11,0,1977,50,1
20133,19,306467,10,0,0,20,0
20136,30,117393,9,0,0,40,0
20139,31,375680,13,0,0,40,0
20140,48,316101,9,0,0,40,0
20141,43,293305,13,0,1887,40,1
20142,51,175750,9,0,0,40,0
20145,50,229272,9,0,0,40,1
20147,54,22743,10,15024,0,60,1
20158,36,175759,9,0,0,40,0
20163,51,254230,10,0,0,40,1
20168,31,26553,13,0,0,25,1
20169,46,32825,9,0,0,40,0
20171,26,393728,10,0,0,24,0
20172,43,160369,9,0,0,40,0
20173,39,191807,9,15024,0,50,1
20178,19,174233,10,0,0,24,0
20179,29,95393,9,0,0,20,0
20181,53,104501,13,0,1902,55,1
20182,18,437851,10,0,0,40,0
20184,23,495888,9,0,0,40,0
20186,56,201822,4,0,2002,40,0
20187,53,549341,13,0,0,35,0
20190,33,139057,9,0,0,84,1
20191,48,185039,9,0,0,30,0
20194,48,109275,10,0,0,40,0
20197,27,130856,13,0,0,40,0
20199,47,76612,9,0,0,50,0
20203,22,73203,9,0,0,40,0
20206,45,145697,10,0,0,30,0
20208,53,201127,14,0,0,48,1
20210,46,328216,9,0,0,40,1
20211,20,400443,9,0,0,20,0
20214,28,250679,9,0,0,40,0
20215,53,103950,14,0,0,40,0
20222,28,339897,2,0,0,43,0
20223,28,37215,13,0,0,45,0
20224,49,371299,9,0,0,35,0
20226,38,29702,13,0,0,45,1
20229,40,338740,9,0,0,40,0
20233,30,173005,10,0,0,50,1
20237,42,44121,14,0,1876,40,0
20239,42,310632,10,0,0,40,1
20242,62,82388,9,10566,0,40,0
20243,30,207253,11,0,0,40,0
20244,83,251951,9,0,0,20,0
20245,39,746786,13,0,0,55,1
20249,48,413363,7,0,2002,40,0
20251,44,296326,13,0,0,40,0
20254,21,193219,9,0,0,35,0
20256,24,215251,13,0,0,50,0
20257,67,124470,9,0,0,60,0
20261,55,106707,12,0,0,20,1
20262,29,159768,9,3325,0,40,0
20263,50,139464,13,0,0,36,0
20266,20,122215,9,0,0,52,0
20268,37,80638,13,0,0,30,0
20269,52,192390,9,0,0,40,1
20270,22,191324,10,0,0,25,0
20271,77,147284,9,0,0,14,0
20276,27,125298,10,0,0,50,0
20277,54,198186,9,0,0,38,0
20279,37,182668,6,0,0,35,0
20280,28,124905,4,0,0,30,0
20284,23,114357,10,0,0,40,0
20287,35,124483,13,0,0,50,1
20288,64,102103,9,0,0,50,0
20289,40,92036,9,0,0,40,1
20291,22,400966,10,0,0,40,0
20300,25,163039,12,0,0,60,0
20307,20,34706,10,0,0,47,0
20311,29,329426,9,0,0,40,0
20312,36,183612,9,0,1977,40,1
20314,21,211385,12,0,0,35,0
20316,34,320194,15,0,0,48,1
20317,24,199444,13,0,0,15,0
20318,28,312588,6,0,0,40,0
20322,44,404599,9,0,0,40,0
20324,57,109973,9,0,0,40,0
20328,50,163708,9,0,0,40,0
20332,29,227890,13,0,0,40,0
20333,31,225053,9,0,0,45,0
20335,34,245378,13,0,0,45,0
20336,50,156623,15,7688,0,50,1
20337,27,35032,10,0,0,40,1
20338,31,258849,11,0,0,40,0
20339,46,190115,12,0,0,40,1
20347,36,288585,9,0,0,20,0
20349,25,111058,12,0,0,40,0
20350,25,104662,9,0,0,22,0
20351,90,313986,7,0,0,40,0
20352,41,52037,10,0,0,40,0
20356,35,152909,13,0,1887,45,1
20360,39,187046,9,4064,0,38,0
20362,27,169631,9,0,0,40,0
20363,52,202956,4,0,0,40,0
20365,28,407672,10,0,0,40,0
20366,37,243425,9,0,0,50,0
20367,50,174964,6,0,0,99,0
20368,36,347491,13,0,0,50,1
20371,19,175499,7,0,0,30,0
20372,33,288825,9,0,2258,84,0
20373,27,134813,14,0,0,52,0
20374,31,190401,14,0,0,40,0
20375,21,260617,6,0,0,36,0
20376,31,45604,9,0,0,54,0
20378,40,244522,14,0,1902,48,1
20380,47,194698,9,0,0,50,0
20381,34,94235,13,0,0,40,0
20385,30,68330,10,0,0,50,0
20387,40,238329,13,0,0,45,0
20388,52,416129,1,0,0,40,0
20389,23,285004,13,0,0,50,0
20390,90,256514,13,991,0,10,0
20396,34,275438,10,5178,0,40,1
20397,65,361721,11,0,0,20,0
20400,25,178037,9,0,0,40,0
20401,54,306985,10,0,0,40,0
20402,49,87928,9,0,0,40,1
20404,24,154165,5,0,0,40,0
20409,23,202344,13,0,0,40,0
20410,20,190423,10,0,0,20,0
20412,41,221947,10,0,1887,50,1
20414,55,147098,9,0,0,50,1
20415,38,278253,9,0,0,48,0
20417,44,76196,13,0,0,50,0
20422,30,219838,8,0,0,40,0
20424,31,223327,9,0,0,40,1
20425,52,114062,9,0,0,40,0
20426,36,95654,13,0,0,50,1
20429,63,117681,11,0,0,40,0
20430,21,237651,10,0,0,35,0
20432,46,106705,10,1506,0,50,0
20434,47,175958,13,3325,0,60,0
20439,46,190487,9,0,0,28,0
20440,25,306666,10,0,0,45,0
20441,37,195148,9,3137,0,40,0
20443,49,157569,9,0,0,40,0
20448,31,90409,10,0,0,35,0
20450,27,129661,11,0,0,40,1
20451,54,104748,6,0,0,65,0
20452,50,169182,9,0,0,49,0
20453,46,324655,14,0,1902,40,1
20455,17,114798,7,0,0,18,0
20456,49,289707,9,0,0,45,0
20458,41,84610,13,0,1902,60,1
20464,23,182342,9,0,0,40,0
20465,22,244366,13,0,0,40,0
20469,35,174856,9,2885,0,40,0
20471,30,327202,8,0,0,40,0
20475,18,129010,8,0,0,10,0
20476,21,452640,9,0,0,40,0
20482,34,119422,11,0,1672,50,0
20485,33,155343,10,0,0,72,0
20487,48,107682,9,0,0,10,0
20490,26,103700,10,0,0,40,0
20492,21,243842,9,0,0,40,0
20496,53,158352,14,8614,0,35,1
20497,34,62165,10,0,0,30,0
20498,20,307149,10,0,0,35,0
20507,32,153963,9,0,0,35,0
20510,41,66118,10,0,0,25,0
20512,38,53628,11,0,0,35,0
20514,30,66194,13,0,0,60,0
20515,31,73796,10,0,0,30,0
20516,26,28366,13,0,0,40,0
20517,75,231741,16,4931,0,3,0
20519,61,195453,9,0,0,50,1
20520,24,116934,10,0,0,45,0
20521,22,87867,8,0,0,30,0
20522,34,456399,12,0,0,40,0
20523,42,263608,10,0,0,40,0
20524,24,263498,7,0,0,40,0
20525,42,183765,12,0,0,40,0
20526,27,469705,9,0,1980,40,0
20534,44,103218,9,0,0,40,0
20541,46,59767,10,0,0,50,0
20542,26,333541,9,0,0,24,0
20544,36,99270,9,0,0,40,0
20545,49,204629,13,0,0,40,1
20546,32,34104,9,3103,0,55,1
20547,32,312667,13,15024,0,50,1
20548,49,329603,13,0,1902,40,1
20549,36,281021,9,0,0,45,0
20551,52,129177,9,0,0,40,0
20553,22,201179,10,0,0,40,0
20554,72,38360,9,0,0,16,0
20555,30,73796,13,0,0,40,0
20557,23,257621,13,0,0,45,0
20558,22,180052,10,0,0,20,0
20560,46,215943,9,0,0,40,0
20561,30,488720,11,0,0,40,0
20564,64,114994,9,0,0,20,0
20571,49,200471,9,0,0,40,0
20575,28,212640,15,0,0,85,0
20577,41,266510,9,0,0,40,0
20578,34,240252,14,0,0,40,1
20579,25,358975,9,0,0,35,0
20580,20,124242,10,0,0,40,0
20584,37,191342,2,0,0,40,0
20589,35,166416,9,0,0,99,0
20590,58,142158,9,0,0,12,0
20592,35,189878,14,0,0,40,1
20595,48,177775,9,0,0,40,0
20597,65,225473,10,0,0,35,0
20598,40,289403,13,0,0,35,0
20601,26,214413,10,0,0,40,0
20603,35,202027,13,27828,0,50,1
20605,37,191524,11,0,0,38,0
20606,25,308144,13,0,0,40,0
20611,51,240358,9,0,0,40,1
20612,68,241174,4,0,0,16,0
20615,41,137142,10,0,0,40,0
20616,47,296066,10,0,0,40,0
20618,33,182771,13,0,0,80,0
20622,36,172538,9,0,0,52,1
20625,51,162632,9,7298,0,60,1
20627,54,100933,9,0,0,40,0
20628,29,270379,9,0,0,40,0
20630,53,114758,14,15024,0,65,1
20632,33,184901,9,0,0,40,1
20633,28,87239,9,0,0,50,0
20639,40,26358,12,0,0,40,0
20640,22,195532,13,8614,0,40,1
20641,21,30039,10,0,0,40,0
20643,20,246250,10,0,0,40,0
20644,43,77370,9,0,0,40,0
20646,32,180603,13,0,0,40,1
20650,22,211968,10,0,0,40,0
20652,29,52636,9,0,0,40,0
20654,35,111128,6,0,0,40,0
20660,17,191910,7,0,0,20,0
20663,49,148398,9,0,0,40,0
20665,27,181667,9,5013,0,46,0
20666,64,159715,10,0,0,20,0
20669,29,37215,9,0,0,55,0
20671,48,317360,13,0,0,20,1
20675,39,140854,9,0,0,50,0
20676,28,185061,7,0,0,40,0
20678,54,282680,13,0,0,50,0
20679,24,137591,10,0,1762,40,0
20680,25,198163,9,0,0,40,0
20681,25,132749,7,0,0,12,0
20682,48,31264,10,5178,0,40,1
20683,24,399449,13,0,0,40,0
20687,19,406078,10,0,0,25,0
20698,40,207578,9,0,0,50,1
20699,54,146409,10,0,0,40,0
20702,53,88842,9,99999,0,40,1
20704,35,417136,9,0,0,40,0
20706,29,209301,13,0,0,40,0
20709,58,218281,13,0,0,40,0
20710,64,114994,9,0,0,18,0
20717,39,185099,9,0,0,40,0
20722,43,286750,15,0,0,99,1
20724,45,123681,9,0,0,40,1
20727,49,119182,9,0,0,35,0
20728,25,191230,10,0,0,40,0
20729,52,23780,10,0,0,40,0
20730,56,184553,6,0,0,56,0
20731,26,242651,10,0,0,48,0
20735,21,460835,9,0,0,45,0
20736,48,213140,4,0,0,40,0
20741,29,168873,10,0,0,30,0
20746,49,185041,14,0,1977,40,1
20751,41,197583,6,0,0,40,1
20752,46,175109,9,0,1485,40,1
20753,46,117502,9,0,0,40,0
20754,64,180401,6,0,0,40,1
20756,53,143822,14,0,0,36,1
20757,21,51985,9,0,0,40,0
20760,39,65324,15,0,0,55,1
20761,30,302149,13,0,0,40,0
20765,59,370615,9,0,0,60,0
20768,20,22966,10,0,0,12,0
20770,28,191027,12,0,0,40,0
20771,29,107458,13,0,0,50,0
20775,27,109165,10,0,0,60,0
20777,41,29762,10,5013,0,70,0
20778,46,111979,4,0,0,47,0
20779,35,150125,11,0,0,40,0
20782,40,118001,9,0,0,40,0
20785,43,118600,13,0,625,40,0
20786,39,279272,12,0,0,60,0
20787,35,181020,9,0,0,60,0
20790,20,182200,9,0,0,30,0
20792,24,140001,13,0,0,40,0
20793,29,193260,13,0,0,30,0
20796,43,211450,9,0,0,40,0
20797,19,184759,9,0,0,26,0
20799,61,232308,9,0,0,45,1
20801,35,301614,9,0,0,60,0
20803,27,225291,10,0,0,40,0
20806,27,126060,9,0,0,40,0
20807,47,73064,4,0,0,35,0
20808,19,39026,9,0,0,30,0
20809,28,33035,8,0,0,30,0
20810,43,193494,6,0,0,40,0
20812,22,153131,10,0,0,40,0
20813,25,64671,9,0,0,40,0
20820,57,32694,14,0,0,50,1
20822,33,264936,9,0,0,40,0
20825,22,186452,6,0,0,30,0
20827,40,242082,13,0,0,45,1
20830,53,424079,14,15024,0,55,1
20831,38,108947,10,7688,0,40,1
20832,25,261979,9,0,0,40,0
20837,33,235109,9,0,0,40,0
20839,67,423561,10,0,0,40,0
20842,32,49325,4,0,0,40,0
20843,29,370494,9,0,0,40,0
20846,55,80445,13,0,0,40,0
20847,31,379798,10,0,0,40,1
20848,32,168387,14,0,0,50,0
20849,18,301948,9,34095,0,3,0
20851,58,233193,9,0,0,27,0
20854,21,688355,9,0,0,40,0
20855,36,37019,9,0,0,50,0
20858,52,349795,13,0,0,40,0
20861,22,237498,9,0,0,40,0
20864,39,82488,10,0,0,38,0
20866,27,37088,12,0,0,40,0
20867,21,152540,9,0,0,35,0
20870,22,127185,5,0,0,40,0
20874,47,124973,11,15024,0,50,1
20875,23,182117,12,0,0,60,0
20878,55,50164,16,0,0,60,1
20879,24,123160,14,0,0,10,0
20883,40,210275,9,0,0,40,0
20885,26,171114,11,0,0,35,0
20886,22,201799,9,0,0,40,0
20889,43,191149,9,0,0,40,0
20890,37,34173,9,0,0,25,0
20891,30,350979,9,0,0,40,0
20892,41,147314,9,0,0,50,0
20893,38,136081,15,0,0,60,1
20894,77,232894,5,0,0,40,0
20895,42,373403,9,0,0,50,0
20901,40,191196,14,0,0,40,0
20905,29,89030,9,0,0,40,0
20909,29,250679,9,0,0,40,0
20910,45,168837,10,0,0,24,1
20913,59,107833,6,0,1485,40,1
20918,40,209833,10,0,0,60,0
20919,66,41506,6,0,0,40,0
20921,44,147206,10,0,0,12,0
20922,58,93664,9,15024,0,60,1
20923,21,315065,4,0,0,48,0
20924,59,381851,5,0,0,40,0
20925,35,185769,10,0,0,40,0
20927,30,312667,9,0,0,40,0
20932,36,288049,9,0,0,45,0
20933,48,54759,9,0,0,38,0
20941,34,34374,10,0,0,50,0
20944,35,182467,11,0,0,44,0
20949,50,162632,9,0,0,45,0
20950,38,91711,13,0,0,50,1
20951,33,198003,10,7298,0,50,1
20953,25,262778,13,6849,0,50,0
20957,17,262511,7,0,0,20,0
20958,61,51170,9,0,0,55,0
20959,40,91949,16,0,0,40,0
20961,39,173175,13,15024,0,50,1
20963,29,250967,11,0,0,40,0
20964,27,285432,12,0,0,40,0
20968,45,123283,9,0,0,15,0
20969,20,249087,10,0,0,40,0
20970,31,152940,10,0,0,40,0
20974,26,33939,10,0,0,20,0
20977,28,216178,9,0,0,40,0
20981,26,138152,8,0,0,48,0
20982,36,167482,6,0,0,40,0
20983,18,57957,9,0,0,15,0
20984,33,157747,5,0,0,70,0
20986,40,273308,9,0,0,48,0
20991,26,210812,10,0,0,43,0
20992,45,311671,11,3908,0,40,0
20994,32,125856,9,0,0,40,0
20997,38,354591,9,114,0,38,0
20998,34,155343,9,0,1848,50,1
20999,46,308334,2,0,0,30,0
21002,60,204486,13,0,0,8,1
21004,31,211334,10,2407,0,65,0
21007,31,260782,10,0,1579,45,0
21008,29,114224,13,0,0,40,1
21009,22,64292,13,0,0,43,0
21010,69,628797,10,0,0,20,0
21011,55,219775,9,0,0,38,0
21014,29,228075,9,0,0,35,0
21016,22,324637,10,0,0,42,0
21018,29,194200,10,0,0,45,0
21021,33,135312,13,0,0,40,1
21022,31,100734,16,0,0,28,0
21024,55,110871,13,0,0,40,0
21025,36,192704,8,4650,0,50,0
21026,47,224108,9,0,0,40,0
21030,62,249078,13,0,0,40,0
21031,65,208452,10,0,0,35,1
21032,23,302195,13,0,0,40,0
21033,60,199947,9,0,0,32,0
21038,37,196348,10,0,0,40,0
21039,31,340917,9,14344,0,40,1
21041,54,200098,13,0,0,60,0
21046,30,112115,9,0,0,60,1
21047,63,203821,9,0,0,40,0
21048,21,250051,10,0,0,10,0
21051,18,130849,7,0,0,8,0
21053,66,222810,10,7896,0,40,1
21058,22,287988,10,0,0,20,0
21060,23,83891,9,0,0,40,0
21061,49,65087,14,15024,0,50,1
21065,30,174789,12,0,1848,50,1
21068,46,263568,9,0,0,40,0
21071,40,49156,10,0,0,20,0
21073,32,238944,9,0,0,40,0
21081,29,319149,8,0,0,40,0
21083,25,290528,9,0,0,40,0
21085,48,34186,9,0,0,70,0
21086,51,282680,16,0,1564,70,1
21089,49,55938,13,0,0,40,1
21090,33,209900,10,0,0,20,0
21092,26,150361,13,0,0,40,0
21093,69,164102,9,0,0,40,1
21096,31,168906,12,0,0,35,0
21098,27,116531,13,0,0,40,0
21101,24,341294,9,0,0,40,0
21104,34,424988,9,0,0,45,0
21105,47,379118,9,0,0,9,0
21108,34,207668,9,0,0,54,1
21109,31,193650,7,0,0,40,0
21110,42,200187,11,0,0,32,0
21113,53,29658,9,0,0,40,1
21114,26,154966,10,0,0,50,1
21115,81,364099,10,0,0,20,0
21116,28,291374,6,0,0,40,0
21117,57,97837,10,0,0,48,1
21122,68,232151,10,2346,0,40,0
21123,60,225526,9,0,0,32,0
21124,37,289653,10,0,0,40,0
21125,25,179462,4,0,0,40,0
21130,47,83064,13,0,0,60,0
21136,20,275190,9,0,0,40,0
21139,43,331894,10,0,0,60,1
21140,18,40293,9,0,0,40,0
21145,23,183327,9,0,1594,20,0
21147,33,267859,9,0,0,40,0
21148,58,190747,9,0,0,40,0
21151,42,174216,15,0,0,38,1
21153,39,172538,9,0,0,50,1
21156,49,337768,14,0,0,50,1
21157,25,179059,13,0,0,40,0
21159,46,72619,10,0,0,40,1
21161,37,30267,7,0,0,60,1
21162,25,308144,13,0,0,40,0
21165,26,176077,10,0,0,40,0
21167,34,114973,9,0,0,30,0
21168,33,159548,12,0,0,40,0
21169,43,91209,13,0,0,40,1
21171,51,149220,10,0,0,75,0
21173,23,218215,12,0,0,35,0
21174,30,156718,9,0,0,40,0
21175,46,55720,14,0,0,45,1
21181,33,196266,9,0,0,40,1
21182,45,197332,13,0,0,40,0
21183,47,97842,10,0,0,40,0
21187,45,154430,13,10520,0,50,1
21192,23,107578,13,2174,0,40,0
21193,38,168680,10,0,0,40,0
21194,23,256755,13,0,0,40,0
21197,47,30457,11,0,0,40,0
21198,25,252752,10,0,0,8,0
21199,41,443508,9,0,0,50,0
21201,41,178983,9,0,0,40,0
21202,26,143068,10,2407,0,50,0
21206,28,290267,13,0,0,18,0
21208,21,207923,10,0,0,15,0
21209,48,170142,14,0,0,40,1
21210,44,187164,9,0,0,60,0
21212,19,291429,9,0,0,25,0
21214,31,111843,12,0,0,40,0
21215,25,297154,9,2407,0,40,0
21218,18,194059,8,0,0,40,0
21219,31,47296,10,0,1740,20,0
21222,33,132601,9,0,0,40,1
21227,24,190290,13,0,0,60,0
21229,60,21876,10,0,0,40,0
21233,45,204205,10,0,0,50,1
21235,36,169926,9,0,0,40,0
21237,41,374764,13,0,0,20,0
21238,25,108779,14,0,0,40,0
21248,44,402397,14,0,1902,60,1
21249,34,223267,9,0,0,50,0
21252,46,29696,9,0,0,40,0
21256,29,77760,9,0,0,45,0
21257,46,148599,14,0,0,50,1
21258,55,414994,9,0,0,40,0
21259,45,339863,13,8614,0,48,1
21260,34,499249,9,0,0,40,0
21261,45,144354,5,0,0,40,0
21262,41,252058,13,0,0,40,0
21267,19,27433,8,0,0,30,0
21269,43,135342,10,0,0,50,1
21270,52,270142,11,0,0,60,0
21273,23,35633,9,0,0,40,0
21279,26,245880,9,0,0,60,0
21280,58,54947,10,0,0,55,0
21284,28,161674,9,0,0,40,0
21285,36,62346,9,0,0,40,0
21287,19,283033,7,0,0,40,0
21288,63,298249,13,10605,0,40,1
21289,42,251229,13,0,0,40,0
21290,76,199949,5,0,0,13,0
21293,33,79440,14,0,0,30,0
21295,56,119859,10,0,0,40,1
21298,27,198813,9,0,0,40,0
21300,22,445758,3,0,0,40,0
21302,44,173981,9,0,0,40,0
21304,34,134886,10,0,0,40,0
21308,33,348491,10,0,0,40,1
21311,29,103111,9,0,0,30,0
21313,20,24008,10,0,0,24,0
21314,42,123838,15,0,1977,50,1
21315,50,175456,9,0,0,50,0
21317,27,194590,12,0,0,25,0
21318,28,134566,13,0,0,45,0
21321,53,144586,10,0,0,40,0
21324,44,144125,13,0,0,40,0
21329,30,296509,4,0,0,45,0
21331,52,155434,9,0,0,48,0
21341,40,165309,10,0,0,43,0
21344,44,111067,10,0,0,40,0
21348,18,78045,7,0,0,40,0
21349,32,255004,10,0,0,40,0
21350,33,254221,16,0,0,60,1
21351,20,174714,10,0,0,15,0
21353,61,128230,4,0,0,50,1
21355,45,325390,9,0,0,40,0
21361,30,211840,10,0,0,16,0
21364,25,251854,10,0,0,40,0
21368,28,142443,9,0,0,40,0
21369,25,182809,9,7298,0,40,1
21371,44,275094,2,0,0,10,0
21372,35,170263,9,0,0,40,0
21374,34,178615,9,0,0,40,0
21378,29,235168,12,0,0,60,0
21379,39,114844,15,99999,0,65,1
21383,62,73292,10,0,0,40,0
21386,33,205649,12,0,0,20,0
21387,57,109638,10,0,1672,45,0
21392,31,363130,9,0,0,18,0
21395,29,160786,9,0,0,55,0
21397,34,314646,5,0,0,40,0
21398,22,124971,13,0,0,40,0
21400,39,121838,9,0,0,40,0
21401,46,265275,14,0,0,60,0
21404,28,250135,14,0,1902,55,0
21405,18,120283,8,0,0,24,0
21407,20,116791,9,0,0,40,0
21408,55,26290,11,0,0,38,0
21409,22,216134,10,0,0,40,0
21410,60,143932,14,0,0,40,0
21412,47,223944,10,0,0,30,0
21413,23,185452,13,0,0,35,0
21415,52,178983,7,0,0,40,0
21417,25,349190,12,0,0,20,0
21419,41,57924,10,0,0,40,0
21423,26,192506,13,0,0,35,0
21425,28,273929,9,0,1628,60,0
21428,17,127003,5,0,0,40,0
21430,28,199600,9,0,0,40,0
21432,51,218311,10,0,0,50,0
21436,54,278230,10,10520,0,30,1
21437,73,180603,9,0,0,8,0
21438,49,43910,9,0,0,30,0
21440,27,109001,10,0,0,49,0
21441,42,159931,13,0,0,45,1
21446,22,36011,11,0,0,30,0
21450,41,27305,9,7688,0,40,1
21451,26,229977,5,0,0,35,0
21453,32,134886,9,0,0,2,1
21455,23,202284,13,0,0,20,0
21457,25,159662,9,0,0,26,1
21464,43,144811,15,0,0,50,0
21467,65,226215,13,0,0,15,0
21469,33,124187,7,0,0,60,0
21471,27,64379,9,0,1740,40,0
21476,43,115603,10,0,0,40,0
21477,40,506329,16,0,0,40,1
21479,76,172637,10,0,0,20,1
21480,42,56483,12,0,0,40,0
21481,43,144778,13,0,0,40,1
21482,76,33213,14,0,0,30,1
21486,30,158420,13,0,0,50,0
21493,34,174463,11,0,0,50,0
21494,26,236068,10,0,0,20,0
21496,25,91334,11,0,0,75,0
21501,44,266135,13,0,0,50,1
21503,54,392502,10,0,0,40,1
21504,61,73809,10,0,0,40,0
21505,51,193720,13,0,0,45,1
21506,43,316183,4,0,0,40,0
21508,50,186888,9,0,0,40,1
21509,27,330132,9,0,0,25,0
21512,52,202930,13,0,0,40,1
21514,49,197332,10,0,0,60,0
21515,42,204033,13,0,0,35,0
21520,52,102346,10,0,0,35,0
21521,25,181666,12,0,0,40,0
21522,50,207367,10,0,0,40,0
21526,48,94342,13,0,0,45,0
21528,18,181712,7,0,0,12,0
21529,29,164607,9,0,0,40,0
21535,23,223231,9,0,0,40,0
21537,21,362589,13,0,0,20,0
21539,20,309580,9,0,0,40,0
21541,21,349365,10,0,0,15,0
21542,27,376936,9,0,0,40,0
21545,51,224207,10,0,0,40,1
21548,57,20953,10,0,1902,40,1
21551,38,161141,9,0,0,40,0
21554,35,113322,11,0,0,40,0
21555,50,343847,9,0,0,38,1
21557,44,116632,14,0,0,50,1
21563,54,165278,10,0,0,40,1
21565,44,139907,10,0,0,50,0
21571,47,236111,10,0,0,55,1
21572,80,157778,14,0,0,10,0
21573,21,143604,10,0,0,8,0
21578,49,268234,4,0,0,40,0
21580,53,34973,10,0,0,45,0
21582,57,319733,13,0,0,40,1
21585,28,60772,13,0,0,45,0
21587,29,141185,10,0,0,55,0
21590,41,70037,10,0,3004,60,1
21591,40,343068,10,0,0,40,0
21593,28,144063,9,0,0,40,0
21594,25,257574,13,0,0,20,0
21595,42,67065,9,0,0,60,0
21596,32,183356,9,0,0,40,0
21599,39,45607,9,0,0,56,0
21600,49,155489,13,0,0,40,0
21603,19,165115,9,0,0,40,0
21605,40,272240,9,0,0,40,0
21606,29,255476,4,0,0,30,0
21611,58,137547,13,0,0,40,0
21613,23,174626,9,0,0,25,0
21615,49,332355,9,0,0,40,0
21616,49,204057,12,0,0,40,0
21619,28,230743,12,0,0,40,0
21625,61,226989,10,0,0,40,0
21631,19,571853,9,0,0,30,0
21632,30,156464,14,0,0,45,1
21633,26,108542,9,0,0,35,0
21634,34,194325,9,0,0,45,0
21635,49,114797,13,0,0,40,0
21638,36,228190,9,0,0,20,0
21641,19,169853,9,0,0,40,0
21642,18,206359,6,0,0,40,0
21648,17,327434,6,0,0,20,0
21651,90,227796,14,20051,0,60,1
21653,27,36851,11,0,0,35,0
21654,29,148550,9,0,0,40,0
21656,31,142470,13,0,0,40,0
21657,43,86750,11,0,0,99,0
21661,42,254773,13,0,0,50,1
21662,26,58065,13,0,0,20,0
21663,26,205428,10,0,0,45,0
21664,20,41183,10,0,0,30,0
21665,19,308064,9,0,0,40,0
21666,61,173924,5,0,0,40,1
21667,23,142547,9,0,0,40,0
21669,35,275364,13,7430,0,40,1
21670,42,207392,9,0,0,12,0
21672,31,101562,9,0,0,55,0
21674,29,188986,11,0,1590,64,0
21675,43,52849,13,0,0,40,0
21676,22,304710,13,0,0,10,0
21680,32,53260,9,0,0,28,0
21681,50,127315,13,15024,0,60,1
21683,26,197530,14,0,0,40,0
21686,57,183810,10,0,0,40,1
21688,35,175614,11,0,0,40,1
21693,22,141003,11,0,0,30,0
21696,23,73514,9,0,0,40,0
21701,45,26781,9,0,0,40,0
21705,32,153078,13,0,0,40,0
21706,34,181091,13,0,1977,45,1
21707,39,231491,9,0,0,40,0
21709,22,234663,9,0,0,40,0
21710,53,283602,13,13550,0,43,1
21713,44,83508,15,2354,0,99,0
21714,56,81954,9,0,0,40,0
21715,27,261375,13,0,0,40,0
21718,45,88564,10,7688,0,40,1
21724,33,214635,9,0,0,50,0
21726,32,194141,9,0,0,50,0
21729,35,101709,9,0,0,60,0
21732,56,28729,7,0,0,40,0
21738,34,209808,10,0,0,40,1
21740,36,154669,13,0,0,55,0
21741,25,191271,9,0,0,40,0
21744,53,169182,6,0,0,40,0
21748,31,91964,10,0,0,40,0
21750,19,218956,9,0,0,40,0
21751,37,241306,9,0,0,40,0
21752,60,251572,9,0,0,35,0
21755,54,182388,9,0,0,35,0
21757,21,203914,10,0,0,10,0
21758,19,156294,10,0,0,25,0
21762,19,30800,6,0,0,40,0
21764,22,61850,9,0,0,40,0
21768,29,105422,9,0,0,40,1
21770,41,336643,10,0,0,80,0
21772,27,208703,9,0,0,40,0
21775,33,56701,13,15024,0,75,1
21776,26,288592,9,0,0,40,0
21778,53,276868,14,0,0,40,1
21779,43,131435,13,0,0,40,0
21780,56,175127,9,0,0,35,0
21782,60,63296,14,0,0,40,0
21783,28,96337,10,0,0,40,0
21786,29,632593,9,0,0,40,0
21788,25,139730,9,0,0,80,1
21790,32,230224,12,0,0,35,0
21793,20,271379,10,0,0,25,0
21794,55,231738,9,0,0,40,0
21795,33,198183,13,0,0,50,1
21796,21,140764,10,0,0,12,0
21798,35,165767,10,0,0,40,0
21799,39,139364,13,0,0,35,1
21804,39,174368,9,0,0,40,1
21806,34,110622,13,0,0,40,0
21810,62,235521,9,0,0,48,0
21813,42,117583,16,8614,0,60,1
21815,39,340091,10,0,0,75,0
21818,44,167265,14,0,0,60,1
21820,21,265116,10,0,0,40,0
21821,50,128378,3,0,0,55,0
21823,40,169878,12,0,0,40,1
21824,44,296728,14,0,0,40,1
21825,33,342458,12,0,0,56,0
21827,35,269300,13,0,0,60,0
21831,29,132874,9,0,0,40,0
21832,51,277024,9,0,0,40,0
21835,58,127264,6,0,0,50,0
21837,19,57206,9,0,0,20,0
21838,37,201319,10,0,0,40,0
21840,45,230979,10,0,0,40,0
21846,18,279288,6,0,0,30,0
21851,42,266084,10,7298,0,45,1
21853,44,231348,10,0,0,40,0
21856,58,54566,10,0,0,35,0
21857,45,34419,13,0,0,30,0
21859,29,290740,12,0,0,50,0
21861,44,112517,14,0,0,20,1
21862,44,169397,9,0,0,40,1
21865,33,123253,13,0,0,55,1
21867,32,173314,11,0,0,60,0
21868,31,34572,11,0,0,45,0
21870,30,149184,13,0,0,45,1
21873,30,257295,10,0,2258,40,0
21876,60,338345,9,0,0,45,1
21877,31,177675,13,0,0,40,0
21882,34,177675,13,0,0,55,1
21884,23,320451,13,0,0,24,0
21891,39,301614,11,0,0,48,1
21894,23,291407,10,0,0,25,0
21895,35,204527,14,0,0,50,1
21896,44,476391,10,0,0,40,0
21899,23,292023,9,0,0,45,0
21902,36,176101,10,2174,0,60,0
21903,36,749105,9,0,0,36,0
21908,35,215419,10,0,0,40,0
21909,31,120460,10,0,0,50,1
21911,46,146919,9,0,0,40,0
21916,47,156417,10,0,0,20,0
21917,42,236110,3,0,0,40,0
21919,25,190107,13,0,0,40,0
21920,37,126569,14,0,0,60,1
21922,40,115161,9,0,0,30,0
21924,38,256864,9,0,0,50,1
21925,48,265083,6,0,0,38,0
21928,30,164190,9,0,0,38,0
21929,45,67544,14,0,0,50,0
21932,62,122246,10,8614,0,39,1
21933,56,188166,9,0,0,40,0
21934,50,96586,11,0,0,40,0
21935,25,189590,13,0,0,40,0
21937,35,255702,9,0,0,27,0
21940,37,151322,13,0,0,40,0
21942,19,93604,4,0,1602,32,0
21944,53,228723,9,0,0,40,1
21947,54,43269,9,0,0,50,1
21948,30,190040,13,0,0,40,0
21952,32,216361,10,0,0,16,0
21953,30,213722,10,0,0,50,1
21954,35,112271,14,0,0,40,0
21955,40,208277,10,0,0,44,1
21956,38,352628,13,0,0,40,0
21958,32,249550,10,0,0,44,0
21959,49,178749,14,0,0,40,0
21960,76,173542,13,0,0,10,0
21961,60,167670,13,0,0,35,0
21962,60,81578,5,0,0,40,0
21963,55,160662,16,0,0,80,1
21964,41,163322,13,0,0,30,0
21966,53,106176,14,7298,0,60,1
21967,69,159191,10,0,810,38,0
21969,41,78410,9,0,0,40,1
21971,45,166929,7,0,0,40,0
21972,59,380357,13,0,0,40,0
21975,44,182616,11,0,0,40,1
21978,51,300816,13,0,0,20,0
21979,51,240988,7,0,0,40,0
21981,49,168216,4,0,0,48,0
21982,56,286487,9,2885,0,45,0
21986,43,240170,13,0,0,50,0
21988,44,162506,14,0,0,35,0
21989,43,145441,15,0,0,30,1
21991,41,27444,10,0,0,46,1
21992,43,195258,9,0,0,40,1
21995,46,27802,11,0,0,40,0
21997,19,274657,3,0,0,50,0
22000,37,170408,11,0,0,30,0
22001,28,55950,13,0,0,40,0
22002,40,76625,9,0,0,40,0
22003,27,366066,12,0,0,40,0
22005,21,286824,10,0,0,12,0
22006,32,373263,9,0,0,40,0
22011,26,34110,10,0,0,44,0
22013,22,117789,10,0,0,10,0
22016,20,258517,10,0,0,25,0
22017,28,190367,9,0,0,45,0
22022,46,256522,2,0,0,40,0
22023,42,196001,9,0,0,40,0
22028,56,172618,13,7688,0,40,1
22029,41,202168,10,0,0,60,1
22030,61,176839,9,0,0,40,0
22031,47,176140,9,0,0,40,1
22032,60,39952,5,2228,0,37,0
22034,40,161285,10,0,0,25,0
22036,56,182460,9,0,0,40,1
22038,57,102058,14,0,0,40,1
22039,20,165804,10,0,0,40,0
22042,37,170718,9,0,0,40,0
22045,54,88278,16,0,1977,50,1
22046,32,217296,9,4064,0,22,0
22048,50,123429,10,0,0,40,1
22051,24,248533,10,0,0,40,0
22053,42,272910,9,0,0,40,0
22054,52,206054,10,0,0,40,0
22055,58,92141,12,0,0,40,0
22057,34,195860,9,0,0,40,0
22060,33,221762,10,0,0,40,0
22062,21,176356,12,0,0,20,0
22068,52,447579,9,0,0,40,0
22069,27,308995,10,0,0,40,0
22070,61,248448,4,0,0,40,0
22071,35,161141,9,0,0,40,0
22076,35,348690,13,0,0,40,0
22079,49,349230,11,0,0,60,1
22080,20,130840,9,0,0,20,0
22081,19,415354,6,0,0,40,0
22082,27,132191,9,0,0,40,0
22086,20,107658,10,0,0,10,0
22089,76,211574,6,0,0,1,0
22091,25,276310,5,0,0,40,0
22092,31,134613,11,0,0,43,0
22093,44,215479,9,0,0,20,0
22094,53,266529,11,0,0,40,1
22095,34,265807,10,0,0,45,0
22096,45,67716,10,0,0,60,0
22097,34,178951,9,0,0,45,0
22103,35,99357,14,15024,0,50,1
22104,38,414991,9,0,0,70,0
22105,65,338316,10,0,0,40,0
22106,49,59612,6,0,0,70,0
22109,17,27032,6,0,0,12,0
22110,19,170720,8,0,0,16,0
22112,46,192360,13,0,0,35,1
22115,58,209423,2,0,0,38,0
22116,37,121510,9,0,0,55,0
22120,48,96359,13,0,0,60,1
22123,25,195994,2,0,0,40,0
22128,39,190466,9,2174,0,40,0
22129,67,173935,13,0,0,8,1
22130,19,167140,10,0,1602,24,0
22131,18,110230,6,0,0,11,0
22133,23,224954,10,0,0,25,0
22137,35,37314,10,5013,0,40,0
22138,31,420749,12,0,0,40,1
22145,48,348144,10,3325,0,53,0
22146,24,190293,13,0,0,40,0
22148,25,176729,13,0,0,60,1
22149,33,166961,7,0,0,20,0
22151,51,320513,4,0,0,50,0
22153,41,111891,4,0,0,40,0
22155,59,108496,10,2907,0,40,0
22156,41,120539,10,3103,0,40,1
22157,36,164526,14,10520,0,45,1
22159,28,65389,9,0,0,30,0
22163,36,261382,14,15024,0,45,1
22164,58,231818,6,0,0,40,0
22165,42,184018,9,1151,0,50,0
22168,32,304212,9,0,0,50,0
22172,19,121240,9,0,0,30,0
22176,26,202203,13,0,0,50,0
22179,33,193246,13,0,0,42,1
22181,29,38353,9,0,0,45,0
22184,63,68872,9,0,0,20,0
22185,34,103596,9,0,0,40,0
22186,60,88055,10,0,0,24,0
22197,73,281907,7,0,0,3,0
22199,33,202153,14,0,0,40,0
22200,57,365683,9,0,0,40,1
22201,22,187538,6,0,0,40,0
22202,33,209432,9,0,0,20,0
22204,42,110028,9,0,0,40,0
22206,57,437281,10,0,0,38,1
22208,22,217961,10,0,1719,30,0
22211,39,25803,10,0,0,55,0
22213,20,325493,9,0,0,40,0
22214,47,211239,10,0,0,40,0
22219,52,124993,9,0,0,55,0
22220,36,107410,9,0,0,40,0
22224,34,204461,13,0,0,55,1
22225,35,377798,13,0,0,50,1
22226,20,116375,5,0,0,40,0
22227,34,210164,10,0,1740,40,0
22229,39,327435,13,0,0,36,1
22231,24,186221,7,0,0,35,0
22234,25,152035,9,0,0,40,0
22235,29,201454,10,0,0,40,0
22237,51,115851,9,0,0,40,0
22239,59,359292,2,0,0,40,0
22240,29,83003,9,0,0,40,0
22241,18,78817,9,0,0,20,0
22242,24,200967,9,0,0,36,0
22245,34,90614,9,0,0,50,0
22246,42,323790,13,0,1977,70,1
22251,45,205424,13,0,0,40,1
22253,42,184857,9,0,0,16,0
22256,62,368476,3,0,0,24,0
22259,32,153471,9,0,0,35,0
22265,24,203518,13,0,0,40,0
22268,37,385452,6,0,0,40,0
22270,32,349028,9,0,0,40,0
22271,34,45114,13,0,0,40,0
22273,28,183639,9,0,0,40,0
22274,35,177121,9,0,0,35,0
22275,38,239755,9,0,0,40,0
22279,40,91836,9,0,0,45,0
22284,30,154843,9,0,0,40,0
22285,52,99307,12,3103,0,48,1
22286,41,182567,13,0,0,40,1
22290,41,121287,9,0,0,40,0
22291,35,189916,13,0,0,30,1
22292,34,157747,10,7298,0,40,1
22295,22,505980,9,0,0,40,0
22297,65,193216,9,9386,0,40,1
22299,23,549349,10,0,0,40,0
22300,29,179008,12,0,0,50,0
22302,47,80924,10,0,0,35,0
22303,51,319054,9,0,0,60,0
22307,29,297544,9,0,0,40,0
22312,61,227232,13,0,0,30,0
22313,34,96483,12,8614,0,60,1
22317,40,170214,9,0,0,40,1
22319,43,124919,9,0,0,60,0
22320,55,103654,9,0,0,20,0
22327,61,149981,9,2414,0,5,0
22328,42,125461,13,0,0,40,0
22333,33,339388,12,0,0,40,0
22335,43,83827,9,0,0,24,0
22337,42,108502,9,0,0,42,0
22343,26,43408,13,0,0,40,0
22344,26,105787,13,0,0,40,0
22345,42,90693,13,0,0,70,0
22346,45,285575,9,0,0,40,0
22348,22,496025,10,0,0,40,0
22349,33,382764,13,0,0,40,0
22351,48,185385,9,0,0,98,0
22353,47,139145,10,0,0,60,0
22355,55,169611,7,0,0,40,0
22357,29,187327,13,0,0,40,0
22358,42,180032,14,0,0,40,0
22359,23,46561,9,0,0,60,0
22361,46,256014,11,0,0,60,0
22362,30,188403,10,0,0,40,0
22363,43,396758,13,0,1887,70,1
22365,32,271276,9,0,0,80,1
22370,34,221396,10,0,0,40,0
22375,30,248384,9,0,0,40,0
22377,51,138179,9,0,1876,40,0
22381,54,118108,9,0,0,40,0
22383,18,38307,7,0,0,30,0
22384,41,116391,10,0,0,40,0
22388,39,166744,9,0,0,38,0
22391,54,339667,9,0,0,41,0
22398,60,187124,9,0,0,40,0
22401,48,205707,14,10520,0,50,1
22402,45,236586,14,7688,0,55,1
22408,58,109015,10,0,0,40,0
22409,23,235071,10,0,0,50,0
22411,51,332243,13,0,0,45,0
22414,46,161337,10,0,0,40,0
22417,31,206541,10,0,0,40,0
22418,36,238415,11,0,0,50,1
22423,59,197290,5,0,0,40,0
22426,44,79531,9,0,0,45,0
22427,53,157881,10,0,0,60,0
22429,19,185695,10,0,0,20,0
22431,31,83748,10,0,0,70,0
22432,27,39232,9,0,0,40,0
22434,37,154410,14,0,0,40,0
22435,27,135308,13,0,0,40,0
22436,33,204042,10,0,0,55,0
22439,39,98948,12,0,0,40,0
22440,41,141642,9,0,0,40,0
22441,30,162623,13,0,0,40,0
22442,39,186934,13,0,0,40,0
22448,70,642830,9,0,0,32,0
22450,61,162432,9,0,0,40,0
22451,45,242184,4,0,0,55,1
22456,30,268575,9,0,0,40,0
22458,40,224232,13,0,0,40,1
22462,50,178530,15,0,0,60,1
22465,60,27037,9,0,0,40,1
22467,43,163215,13,0,0,35,1
22469,33,195488,9,0,0,52,0
22471,21,121023,10,0,0,9,0
22475,17,198146,7,0,0,15,0
22478,42,185602,9,0,0,40,1
22479,36,173804,7,0,0,40,0
22481,37,415847,13,0,0,40,1
22486,40,146520,14,0,0,40,1
22488,49,146268,10,0,0,40,0
22489,35,287031,14,8614,0,40,1
22493,43,401623,10,0,0,40,1
22499,30,523095,10,0,0,45,0
22501,55,323706,10,0,1902,40,1
22502,34,316470,10,0,0,40,0
22504,27,72208,10,0,0,40,0
22507,25,266668,9,0,0,40,0
22514,67,195161,14,20051,0,60,1
22515,22,269583,4,2580,0,40,0
22518,55,189933,4,0,0,50,0
22521,21,188793,9,0,0,35,0
22525,18,84253,7,0,0,24,0
22526,44,383493,9,0,0,60,1
22527,23,216867,10,0,0,37,0
22528,18,401051,6,0,0,35,0
22531,43,187322,13,0,0,40,1
22533,26,133373,10,0,0,42,0
22535,23,178818,9,0,0,40,0
22537,51,335997,9,4386,0,55,1
22538,40,436493,9,0,0,25,0
22539,27,704108,13,0,0,50,0
22542,41,187336,9,0,0,40,0
22545,38,63509,9,0,0,40,1
22548,18,60981,7,0,0,4,0
22549,21,228255,10,0,0,30,0
22552,20,59948,5,114,0,20,0
22553,31,137814,10,0,0,30,0
22555,35,245090,9,0,0,40,0
22556,51,256963,10,0,0,60,0
22558,38,289430,9,0,0,56,0
22560,70,172370,15,0,0,25,0
22562,59,171355,16,0,0,40,1
22563,39,65027,10,0,0,43,0
22564,18,215190,8,0,0,20,0
22569,32,273287,10,0,0,40,0
22570,34,77209,9,0,1902,60,1
22573,18,302859,9,0,0,20,0
22574,37,333651,9,0,0,42,0
22575,30,177596,10,0,0,36,0
22576,40,157240,14,15024,0,30,1
22578,50,138358,10,0,0,28,0
22580,43,102180,14,0,0,40,1
22581,77,209507,10,0,0,40,0
22582,30,229741,9,0,0,40,0
22583,33,324546,10,0,0,39,0
22591,41,42563,13,0,0,25,1
22592,37,31368,10,0,0,40,0
22596,54,44172,9,0,0,38,0
22597,23,93076,9,0,0,40,0
22598,40,146653,13,0,0,20,0
22599,29,221366,13,5013,0,40,0
22601,30,172304,11,0,0,55,0
22602,20,116666,10,0,0,8,0
22604,25,55718,10,0,0,25,0
22605,39,126675,14,0,0,50,1
22610,25,25249,10,0,0,40,0
22611,57,73411,10,0,0,40,1
22612,39,207185,10,0,0,35,1
22613,66,127139,13,0,0,40,1
22617,42,117227,14,0,0,45,0
22618,46,377401,9,0,1902,70,1
22619,34,167063,9,0,0,40,0
22620,43,253759,10,0,0,40,0
22621,42,183096,10,0,0,40,0
22624,32,34104,10,0,0,40,0
22626,42,369781,4,0,0,25,0
22628,24,163053,13,0,0,40,0
22630,50,145166,14,7298,0,40,1
22631,37,86310,10,0,0,45,0
22635,30,74966,11,0,0,24,0
22638,29,225024,9,0,0,40,0
22639,45,148222,9,0,0,40,0
22641,42,132633,9,0,0,40,0
22642,37,44780,12,0,0,40,0
22650,56,159724,10,0,0,40,1
22651,44,103233,13,0,0,40,0
22653,57,174353,9,0,0,40,0
22654,47,168109,9,15024,0,50,1
22655,27,159724,13,0,0,40,0
22657,30,179112,13,0,0,40,0
22658,46,364913,7,0,0,40,0
22661,33,86492,9,0,0,87,0
22664,46,191978,14,0,2392,50,1
22665,35,38948,10,0,0,40,1
22666,51,139127,10,0,0,50,0
22667,37,301568,8,0,0,40,0
22669,41,197344,9,0,0,54,0
22670,18,32244,7,594,0,30,0
22672,41,47170,13,0,0,48,1
22676,24,215115,13,0,0,40,0
22677,20,117767,10,0,0,40,0
22678,38,176101,13,0,0,40,0
22679,28,138283,11,0,0,40,0
22682,55,147653,13,0,0,73,0
22683,20,49179,10,0,0,35,0
22684,26,174921,13,0,0,40,0
22687,33,67072,9,0,0,50,1
22690,25,241825,10,0,0,46,0
22691,18,79443,7,0,0,8,0
22698,37,83375,9,0,0,40,0
22700,40,141657,9,0,0,35,1
22704,40,222848,6,0,0,32,0
22705,58,121111,9,0,0,40,0
22708,39,387430,9,0,0,18,0
22710,41,280167,14,15024,0,70,1
22712,34,112115,10,0,0,40,0
22713,38,104094,10,0,0,15,0
22714,27,211032,1,41310,0,24,0
22717,19,257750,10,0,0,25,0
22719,33,342730,10,0,0,52,0
22721,24,161508,9,0,0,50,0
22728,60,235535,9,0,0,48,0
22730,51,145114,9,0,0,40,0
22731,21,194096,10,0,0,40,0
22735,40,104719,10,0,0,40,0
22736,55,163083,14,0,0,40,1
22740,26,51961,8,0,0,51,0
22745,25,181528,14,0,0,43,0
22747,46,169699,9,0,0,40,0
22748,67,126849,6,0,0,20,0
22749,34,204470,14,0,0,50,1
22750,53,116367,10,4650,0,40,0
22752,39,106297,9,0,0,42,0
22755,37,246677,9,0,0,38,0
22756,38,175360,6,0,2559,90,1
22758,36,166304,9,0,0,33,0
22760,39,49308,13,0,0,40,0
22763,37,48063,13,0,0,55,1
22764,43,170214,10,0,0,50,1
22772,46,353012,9,0,0,40,0
22775,36,162256,9,0,0,40,0
22776,31,356689,13,0,0,40,0
22778,36,103605,9,0,0,40,0
22780,37,308691,13,0,0,45,1
22782,18,334427,6,0,0,36,0
22783,33,213226,9,0,0,50,0
22784,35,342824,9,1151,0,40,0
22788,51,106257,12,0,0,40,0
22789,35,342768,9,0,0,40,0
22790,54,108960,7,0,0,40,0
22791,66,168071,9,0,0,30,0
22794,29,280344,13,0,0,40,1
22800,51,165001,14,25236,0,50,1
22802,28,201844,9,0,0,40,0
22807,63,264600,6,0,0,45,0
22808,36,82743,12,0,0,55,0
22809,63,125178,13,0,0,40,1
22810,22,128487,9,0,0,10,0
22811,40,321758,9,0,0,40,1
22813,49,176814,10,0,0,50,0
22814,35,188069,14,13550,0,55,1
22815,23,156423,13,0,0,20,0
22818,28,176972,13,0,0,45,1
22820,33,91811,9,0,0,40,0
22821,21,203924,10,2597,0,45,0
22825,61,132972,5,0,0,40,0
22826,53,157947,9,0,0,40,0
22829,28,158834,14,0,0,50,1
22831,29,110442,9,0,0,45,0
22834,43,260696,13,0,0,55,0
22835,40,55363,9,0,0,40,0
22837,55,116878,16,15024,0,30,1
22839,21,170038,10,0,0,40,0
22842,26,167761,13,0,0,50,1
22843,44,138845,10,0,0,40,0
22845,21,161930,9,0,1504,30,0
22847,40,117721,9,0,0,60,0
22848,19,116385,7,0,0,40,0
22849,58,301867,9,0,0,40,0
22850,61,238913,11,0,0,40,1
22852,26,165510,13,0,0,40,0
22855,41,152629,10,0,0,40,1
22856,45,110171,9,0,0,40,0
22864,41,132633,7,0,0,25,0
22865,39,192702,14,0,0,50,0
22868,22,290504,9,0,0,40,0
22869,25,178505,10,0,1504,45,0
22870,25,175370,10,0,0,40,0
22878,19,38294,9,2597,0,40,0
22879,43,313022,9,4386,0,40,1
22880,39,179668,13,15024,0,40,1
22881,33,198660,13,0,0,50,0
22884,40,153372,10,0,0,50,1
22888,38,314310,14,0,0,45,0
22889,37,259785,14,0,0,50,1
22893,19,195985,9,0,0,50,0
22900,33,295589,10,0,0,35,0
22901,26,289980,3,0,0,30,0
22902,56,70720,14,27828,0,60,1
22903,46,163352,9,0,0,36,0
22905,90,313986,7,0,0,40,0
22908,29,183061,9,0,0,48,0
22909,49,123584,7,0,0,75,0
22910,23,120910,9,0,0,35,0
22914,33,209768,13,0,0,40,1
22915,24,258120,13,0,0,55,0
22920,43,221172,15,0,1977,40,1
22922,19,131615,9,0,0,40,0
22923,46,353824,12,0,0,40,0
22924,43,178417,13,0,0,40,0
22926,43,271665,9,0,0,45,0
22927,37,223732,10,0,0,40,0
22928,21,169003,8,0,0,25,0
22929,52,338816,14,0,0,70,1
22930,34,506858,11,0,0,32,1
22935,49,154451,7,0,0,35,0
22936,35,265535,10,0,0,50,1
22937,31,118941,10,0,0,20,0
22941,43,124692,13,0,0,40,1
22944,18,387641,10,0,0,40,0
22946,39,177907,9,0,1887,40,1
22948,36,263130,14,0,0,40,0
22957,25,310864,13,0,0,40,0
22958,41,128354,13,0,0,25,1
22960,63,198559,9,0,0,16,0
22961,51,136913,9,0,0,40,0
22963,33,154227,11,0,0,40,0
22965,30,281030,9,0,0,66,0
22969,21,166704,10,0,0,14,0
22970,36,151835,9,0,0,60,1
22971,60,199085,6,0,0,40,0
22974,42,273230,13,0,0,90,0
22978,54,48358,9,0,0,40,1
22980,55,204751,9,0,0,65,0
22984,35,33975,13,0,0,40,1
22986,34,182691,9,0,0,44,0
22994,48,205424,13,0,0,40,1
22998,52,181901,9,0,0,20,0
22999,18,152004,7,0,0,20,0
23000,27,205188,6,0,0,40,0
23001,48,30840,10,5013,0,45,0
23005,40,99651,10,0,0,60,0
23006,41,327723,9,0,0,40,0
23009,32,127384,11,0,0,55,1
23010,30,363296,9,0,0,72,0
23011,39,86551,9,0,1876,40,0
23012,28,30070,13,0,0,50,0
23013,31,595000,9,0,0,35,0
23016,44,111483,14,0,0,40,1
23018,42,50018,9,0,0,40,0
23020,39,49020,14,0,1974,40,0
23022,31,159187,9,0,0,40,0
23023,21,83033,10,0,0,25,0
23024,39,31848,10,2829,0,90,0
23027,75,146576,13,0,0,48,1
23028,21,176690,10,0,0,24,0
23029,81,122651,10,0,0,15,0
23031,34,454508,13,0,0,65,0
23033,41,266530,9,0,0,45,0
23035,63,133144,9,2580,0,20,0
23038,44,60735,13,0,0,60,0
23040,31,48588,10,0,0,40,0
23043,63,273010,9,3471,0,40,0
23049,22,180052,10,0,0,10,0
23054,54,249860,7,0,0,10,0
23057,21,190227,10,0,0,40,0
23059,51,180807,10,0,0,40,0
23061,19,217418,10,0,0,38,0
23064,18,577521,7,0,0,13,0
23068,31,155781,13,0,0,40,1
23069,28,243762,7,0,0,40,0
23070,22,113062,13,0,0,7,0
23077,47,103743,4,0,0,40,0
23079,64,207321,10,0,0,20,0
23080,35,197495,10,0,0,40,0
23082,29,178469,9,0,0,40,0
23083,73,92886,6,0,0,40,0
23084,38,214008,9,0,0,50,1
23086,35,28572,10,4064,0,35,0
23088,24,51799,9,0,0,40,0
23091,55,193568,9,0,0,40,0
23092,44,192878,9,0,0,40,0
23095,55,308373,10,0,0,40,1
23099,44,124563,9,0,0,40,0
23100,32,198211,10,0,0,38,0
23105,27,107236,9,0,0,40,0
23106,32,32732,9,0,0,50,0
23110,24,402778,5,0,0,12,0
23112,45,125489,14,0,0,50,0
23114,28,209205,14,0,0,45,1
23116,39,178100,14,0,0,40,0
23118,23,186634,8,0,0,40,0
23119,36,32958,10,0,0,40,0
23120,25,254746,13,0,0,40,0
23121,52,158746,9,0,0,40,0
23122,35,140854,9,0,0,40,0
23124,45,189564,13,0,0,42,1
23125,37,325538,14,0,0,40,1
23126,58,213975,11,0,0,40,0
23128,48,199763,9,0,0,8,0
23129,63,161563,9,0,0,48,0
23132,36,178487,9,0,0,60,0
23133,32,604506,9,0,0,72,0
23136,27,189775,9,0,0,40,0
23137,17,171080,7,0,0,12,0
23138,45,117310,13,0,0,46,0
23140,41,126094,9,0,0,38,0
23141,18,202516,9,0,0,35,0
23145,54,286989,1,0,0,60,0
23148,47,359766,4,0,0,40,0
23152,35,337286,14,0,0,40,0
23153,52,204322,11,5013,0,40,0
23156,32,100135,13,0,0,32,0
23157,43,180096,14,0,0,40,1
23158,19,371827,9,0,0,40,0
23163,35,193106,9,0,0,32,0
23165,35,200426,11,0,0,44,0
23166,33,222654,13,0,0,40,0
23168,42,132222,13,0,0,60,0
23169,17,100828,10,0,0,20,0
23170,49,31264,9,0,0,35,0
23172,34,168906,10,0,0,50,0
23173,37,255454,10,0,0,40,0
23174,22,245524,8,0,0,35,0
23176,21,35424,10,0,0,25,0
23177,59,93655,10,0,0,40,0
23179,53,151159,6,0,0,99,0
23180,26,410240,7,0,0,40,0
23181,48,138970,13,0,0,45,1
23182,39,269722,13,0,0,70,0
23185,36,143486,9,7298,0,50,1
23187,50,140516,9,0,0,40,1
23189,35,108293,10,0,2205,40,0
23191,30,186932,13,0,0,70,0
23192,65,223580,10,6514,0,40,1
23194,46,327886,12,0,0,40,0
23197,38,229180,13,0,0,40,0
23202,48,118831,9,0,0,40,0
23203,41,299505,9,0,0,40,0
23205,38,119177,13,0,0,40,1
23206,45,327886,15,0,0,40,1
23209,46,110015,4,0,0,75,0
23210,24,104146,13,0,0,40,0
23211,31,50442,10,0,0,25,0
23213,37,333664,10,0,0,40,0
23214,29,224858,10,0,0,45,0
23215,56,290641,13,0,0,50,1
23216,60,191118,9,0,1848,40,1
23223,44,95150,10,0,0,50,1
23225,44,199191,9,0,0,30,0
23228,37,27997,9,0,0,50,0
23230,33,111363,13,0,0,45,0
23231,38,107630,13,0,0,40,0
23235,47,121124,14,0,0,35,1
23238,47,282830,12,0,0,40,1
23239,47,243904,9,0,0,40,0
23240,69,165017,9,2538,0,40,0
23241,32,131584,9,7298,0,40,1
23242,51,427781,9,0,0,40,0
23245,29,87507,16,0,0,60,0
23247,27,204497,6,0,0,75,0
23248,60,230545,4,0,0,35,0
23249,31,118161,9,0,0,40,0
23252,39,288551,10,0,0,52,1
23253,69,104003,4,0,0,55,0
23255,56,198388,9,0,0,40,0
23257,25,91709,12,0,0,45,0
23258,34,152109,9,0,0,60,0
23259,24,191954,4,0,0,50,0
23261,29,289991,14,0,0,50,0
23263,44,320277,13,0,0,40,0
23264,26,33610,9,0,0,60,0
23266,55,175127,13,7688,0,38,1
23269,63,346975,13,7688,0,36,1
23270,33,227282,9,0,0,60,0
23276,20,168863,10,0,0,20,0
23277,25,394503,10,0,0,40,0
23278,40,141657,9,0,0,40,0
23280,26,172230,9,0,0,40,0
23285,61,24046,9,0,0,40,0
23289,49,215389,13,0,0,48,0
23298,28,183639,13,0,0,21,0
23299,38,342448,10,0,0,55,1
23300,47,469907,12,0,1740,40,0
23301,28,211920,9,0,0,40,0
23305,73,161251,9,0,0,24,0
23306,21,255685,10,0,0,40,0
23308,64,143716,14,0,0,2,0
23309,47,221666,10,0,0,40,0
23315,58,306233,13,15024,0,40,1
23316,51,216475,13,0,1564,43,1
23318,23,107190,10,0,0,20,0
23319,19,206874,11,0,0,40,0
23324,41,65372,16,0,0,50,1
23325,30,341346,7,0,0,40,0
23327,47,287480,10,0,0,40,0
23331,31,159737,6,0,0,40,0
23339,49,110457,10,0,0,50,1
23345,56,233312,14,0,0,50,1
23349,22,164922,9,0,0,40,0
23352,56,274111,13,0,0,45,1
23353,32,245482,9,0,0,40,0
23354,56,160932,9,0,0,44,1
23355,50,44368,10,0,0,40,0
23356,28,291374,9,0,0,30,0
23361,18,74054,7,0,0,20,0
23362,46,169042,6,0,0,25,0
23363,31,104509,13,0,0,65,1
23364,38,185394,13,7688,0,40,1
23365,44,254146,14,0,0,40,1
23369,50,287598,10,0,0,70,0
23371,41,194636,13,99999,0,65,1
23374,37,32709,13,0,0,40,1
23375,42,46366,9,0,0,40,0
23376,37,24106,9,0,0,30,0
23379,32,182975,10,0,0,20,0
23380,30,345122,15,0,0,50,0
23381,57,208311,13,0,0,80,1
23383,18,201299,10,0,0,40,0
23384,32,152940,10,0,0,40,1
23385,43,243580,13,0,0,40,1
23389,48,108699,9,0,0,40,0
23390,34,175878,9,0,0,40,0
23392,33,213887,9,0,0,40,0
23396,22,71469,12,0,0,25,0
23398,47,284916,9,7298,0,45,1
23400,47,26950,14,0,0,6,0
23401,47,107231,16,0,0,35,1
23402,52,512103,10,0,0,40,0
23405,32,243988,3,0,0,40,0
23406,54,82551,11,0,0,10,0
23408,25,235795,12,0,0,48,0
23414,21,346693,4,0,0,40,0
23418,39,143445,9,0,0,40,0
23421,47,118972,9,0,0,50,1
23422,29,165360,11,0,0,40,0
23425,29,247151,7,0,0,40,0
23426,34,213722,9,0,0,40,0
23427,20,209955,10,0,0,25,0
23430,22,179973,11,0,0,40,0
23431,23,200207,9,0,0,44,0
23436,52,99736,14,15020,0,50,1
23438,18,716066,6,0,0,30,0
23440,26,109080,10,0,0,60,0
23442,24,259351,10,0,0,40,0
23446,20,340475,10,0,0,10,0
23447,39,487486,9,0,0,40,0
23448,68,484298,7,0,0,30,0
23451,24,117779,13,0,0,40,0
23452,24,209770,13,0,0,8,0
23453,20,317443,10,0,0,15,0
23454,64,140237,1,0,0,40,0
23455,28,107411,13,0,0,35,0
23456,36,122493,9,0,0,47,0
23457,44,195124,9,0,0,60,0
23458,38,101978,10,0,2258,55,1
23460,56,318329,9,0,0,40,0
23463,22,62865,12,0,0,40,0
23470,32,381583,9,0,0,40,0
23472,52,172493,9,0,0,36,0
23475,37,218184,13,0,1887,40,1
23477,35,110668,9,0,0,35,0
23480,48,20296,9,0,0,37,1
23482,28,204984,13,0,0,45,0
23483,63,35021,13,0,1977,32,1
23484,40,238574,15,0,0,55,1
23486,40,192381,10,0,0,50,1
23487,25,479765,4,0,0,45,0
23488,45,34091,13,0,0,38,1
23490,53,299080,10,0,0,40,0
23493,31,318647,7,0,0,40,0
23494,33,80145,9,0,0,60,0
23496,42,198692,10,0,0,45,1
23498,31,197672,13,0,0,40,0
23499,53,185846,9,0,0,40,0
23500,47,315110,10,0,0,20,0
23501,27,220754,16,0,0,40,0
23503,29,126060,9,0,0,40,1
23508,53,167170,9,0,0,40,0
23511,27,135520,9,0,0,40,0
23514,21,65225,10,0,0,30,0
23515,58,136982,9,0,0,40,0
23517,40,204046,6,0,0,40,0
23518,21,225823,10,0,0,40,0
23519,29,183009,13,0,1590,40,0
23520,50,121038,11,0,0,40,0
23523,27,209205,13,0,0,40,0
23524,36,285865,13,0,0,40,0
23526,37,40955,10,0,0,40,0
23529,44,227399,11,0,0,40,0
23530,38,164050,10,0,0,40,1
23533,26,177929,13,0,0,48,0
23535,32,199963,7,0,0,40,0
23538,40,55363,9,3411,0,40,0
23539,42,102343,15,0,0,72,1
23541,19,226913,10,0,0,20,0
23548,29,405177,6,0,0,40,0
23553,49,149210,13,15024,0,40,1
23554,27,245661,9,0,0,40,0
23557,30,347166,9,0,0,60,0
23558,37,108540,9,0,0,40,0
23564,37,205852,13,0,0,45,0
23572,25,122745,9,0,1602,40,0
23574,34,118941,7,0,0,40,0
23575,53,141388,9,0,0,40,1
23579,21,318865,10,0,0,30,0
23583,19,144161,9,0,0,30,0
23585,23,398904,13,0,0,40,0
23586,45,170846,11,0,0,40,1
23587,35,204277,13,0,0,40,0
23591,49,147032,9,0,0,8,0
23598,67,330144,14,0,0,48,1
23602,20,113307,4,0,0,40,0
23604,26,155213,13,0,0,48,0
23607,37,354929,12,0,0,38,0
23611,33,357691,14,0,0,40,0
23613,60,525878,9,0,0,40,0
23615,38,174571,6,0,0,45,0
23616,40,42703,11,0,0,40,0
23618,44,197558,15,0,0,70,1
23620,34,29254,10,0,0,55,1
23621,20,308924,10,0,0,25,0
23622,49,276247,10,0,0,40,0
23623,37,213841,10,0,0,50,1
23624,52,181677,6,0,0,30,1
23625,46,160061,10,0,0,40,0
23629,25,194954,10,0,0,15,0
23633,18,192399,10,0,0,60,0
23634,42,383493,14,0,0,50,1
23635,60,193235,12,0,0,24,0
23640,42,238188,14,0,0,35,1
23643,34,182274,10,0,1887,40,1
23644,56,179625,6,0,0,32,0
23645,28,119793,10,0,0,40,0
23646,28,254989,7,0,0,40,0
23649,36,135416,10,0,0,50,0
23650,25,298225,10,0,0,35,0
23651,42,166740,13,0,0,40,0
23654,35,226789,10,0,0,58,0
23656,39,116666,9,4650,0,48,0
23657,42,136986,9,0,0,35,1
23658,41,179580,10,0,0,36,1
23660,31,351141,9,0,0,40,0
23662,20,148709,10,0,0,25,0
23664,50,144361,9,0,0,50,1
23669,59,193895,10,0,0,35,0
23670,29,233421,13,3411,0,45,0
23672,42,31251,11,0,0,37,0
23673,32,71540,10,0,0,40,0
23677,18,116528,10,0,0,30,0
23679,60,216690,10,0,0,40,0
23685,24,493034,9,13550,0,50,1
23686,55,354923,12,0,0,40,0
23687,19,393712,9,0,0,20,0
23692,23,394612,13,0,0,40,0
23693,22,231085,10,0,0,30,0
23694,55,183810,14,0,0,55,1
23695,19,186159,10,0,0,40,0
23698,23,273206,13,0,0,23,0
23700,23,102729,10,0,0,15,0
23701,42,198096,10,0,0,40,1
23704,37,99146,13,0,1977,50,1
23712,46,295791,9,0,0,30,0
23716,27,107218,9,0,0,40,0
23717,21,246207,10,0,0,20,0
23718,18,80564,9,0,0,60,0
23719,36,83089,3,7298,0,40,1
23721,39,301614,7,0,0,40,0
23723,24,180060,12,2354,0,40,0
23725,37,125550,9,0,0,60,0
23728,33,48189,9,0,0,30,0
23731,47,123207,9,0,0,20,1
23732,17,110798,7,0,0,20,0
23734,31,185528,10,0,0,35,0
23736,23,528616,3,0,0,40,0
23738,22,195532,9,0,0,40,0
23739,21,197583,10,0,0,20,0
23744,68,170182,10,0,0,40,0
23745,27,230885,13,0,0,45,1
23747,23,352606,9,0,0,40,0
23752,19,331556,6,0,0,40,0
23754,35,223514,13,0,0,40,0
23755,39,115418,10,2174,0,45,0
23756,38,193026,9,0,1408,40,0
23757,41,147206,8,0,0,40,1
23760,70,150886,10,0,0,25,0
23761,45,112362,6,0,0,40,0
23766,43,208277,14,0,0,45,1
23770,27,162343,13,0,0,40,0
23771,41,204046,9,0,0,40,0
23774,66,291362,15,0,0,50,0
23775,31,159187,10,0,0,40,1
23776,30,126414,13,0,0,40,0
23780,37,176756,10,0,1485,70,1
23781,35,31095,10,4101,0,60,0
23783,40,331651,10,0,0,40,0
23784,51,146325,16,0,1887,40,1
23785,26,515025,6,0,0,40,0
23787,32,400535,9,3781,0,40,0
23788,29,337505,10,0,0,40,0
23789,42,211860,9,0,0,40,0
23791,62,225657,9,0,0,24,0
23792,33,121966,9,0,0,40,0
23795,25,252187,7,0,0,40,0
23796,29,209934,3,0,0,40,0
23797,29,229300,13,0,0,48,0
23798,33,170769,16,99999,0,60,1
23804,29,109621,9,0,0,40,0
23805,49,225124,9,0,0,40,0
23807,71,238479,6,0,0,8,0
23808,27,37754,10,0,0,80,0
23812,36,210945,13,0,0,40,1
23813,39,287031,14,0,0,45,1
23814,26,224361,9,0,0,40,0
23817,43,120277,9,0,0,40,1
23820,24,200819,8,0,0,40,0
23821,50,170562,12,0,0,20,0
23822,30,80933,9,0,0,40,0
23824,41,112763,14,7430,0,36,1
23826,31,261943,10,0,0,40,0
23827,54,169785,10,0,0,40,0
23830,28,86615,9,0,0,30,0
23831,39,125550,9,0,0,40,1
23832,46,421223,10,0,0,40,0
23833,35,26999,13,0,0,42,0
23834,36,241998,10,99999,0,20,1
23835,34,133861,9,0,0,25,0
23836,44,115323,14,0,0,40,1
23838,28,190836,9,0,0,50,1
23839,38,159179,15,0,0,45,1
23842,35,163237,13,0,0,52,1
23847,27,38353,11,0,0,60,0
23850,19,175652,7,0,0,15,0
23853,63,118798,9,99999,0,40,1
23854,51,92463,9,0,0,40,0
23856,42,103980,11,0,0,50,0
23857,40,180362,13,0,0,40,0
23860,41,277390,13,0,0,30,1
23862,46,188161,9,0,0,40,0
23864,28,175262,10,0,0,40,0
23865,19,204441,9,0,0,20,0
23867,18,115630,7,0,0,20,0
23870,46,202560,13,0,1408,40,0
23872,36,172256,9,0,0,44,1
23873,45,51664,10,0,0,40,0
23875,30,115963,7,0,0,40,0
23876,22,333910,10,0,0,43,0
23880,43,188808,14,0,0,45,1
23881,25,112847,9,0,0,40,0
23882,50,110748,10,0,0,40,0
23883,61,156653,9,0,0,55,0
23884,35,196491,13,0,0,50,0
23885,65,254413,10,0,0,40,0
23889,22,226327,10,0,0,40,0
23891,35,54317,9,0,1672,50,0
23894,46,375675,8,0,0,35,1
23895,43,244172,9,0,0,40,0
23896,46,233555,9,0,0,40,0
23897,39,326342,7,2635,0,37,0
23898,34,77271,9,0,0,20,0
23903,35,133906,9,0,0,40,0
23904,41,155106,9,0,0,40,0
23905,43,203637,13,7298,0,40,1
23906,32,232766,10,0,0,40,0
23908,20,121023,10,0,0,15,0
23909,29,198997,9,0,0,20,0
23911,20,38772,6,0,0,50,0
23915,62,221558,14,0,0,24,0
23916,31,156464,6,0,0,40,0
23917,49,72333,10,0,0,40,0
23918,33,83671,13,0,0,50,0
23919,31,339482,9,0,1848,40,1
23920,19,91928,10,0,0,35,0
23921,44,99203,4,0,0,40,0
23926,60,85413,9,0,0,44,1
23928,29,265638,10,0,0,40,0
23930,44,205822,10,0,0,40,1
23932,40,177595,10,0,1579,40,0
23934,47,116279,9,0,0,43,0
23936,37,215419,12,0,0,25,0
23937,40,310101,10,0,0,40,0
23944,17,659273,7,0,0,40,0
23947,45,91044,14,0,0,15,0
23951,35,308945,9,0,0,75,0
23953,33,99309,9,0,0,50,0
23954,27,188576,13,0,0,40,1
23955,46,83064,12,0,0,40,1
23956,24,403865,10,0,0,56,0
23958,44,191893,9,0,0,24,0
23959,31,149184,13,0,0,97,1
23960,37,152909,11,7688,0,40,1
23961,23,435604,11,0,0,40,0
23962,30,109282,13,0,0,52,1
23963,31,248178,10,0,0,35,0
23964,24,112683,9,0,0,32,0
23969,30,178255,13,0,0,70,0
23971,34,228873,16,0,0,45,1
23973,26,425092,14,2174,0,40,0
23976,51,204304,10,0,0,50,1
23977,40,116103,10,4934,0,47,1
23979,58,81973,10,0,1485,40,1
23983,69,34339,9,0,0,40,0
23984,20,184756,10,0,0,12,0
23985,56,392160,9,0,0,25,0
23989,44,212888,13,0,0,45,0
23991,58,237879,13,0,0,58,0
23992,42,93099,10,0,0,25,0
23995,47,123681,14,7688,0,60,1
23998,18,301762,9,0,0,25,0
24002,47,129513,13,0,0,60,1
24004,24,382146,10,0,0,40,0
24005,48,185291,13,0,0,6,0
24010,34,340458,8,0,0,40,0
24013,43,350661,15,0,0,50,1
24015,21,70261,10,0,0,30,0
24016,49,179048,9,0,0,60,0
24017,35,242094,9,0,0,40,0
24018,49,117634,10,0,0,30,0
24020,51,193374,2,0,0,40,0
24021,30,186420,13,0,0,40,0
24022,19,323605,4,0,0,60,1
24023,56,371064,5,0,0,40,0
24028,22,210165,10,0,0,50,0
24030,56,155657,13,0,0,40,0
24032,69,107548,5,0,0,40,0
24034,33,221324,9,0,0,40,0
24036,17,154398,7,0,0,16,0
24037,31,120672,7,0,1721,40,0
24041,20,147352,9,0,0,40,0
24043,18,423024,9,0,0,20,0
24046,23,230824,13,0,0,40,0
24047,43,48882,9,0,0,40,0
24048,47,168195,9,0,0,55,0
24049,53,188644,3,0,0,40,0
24051,28,119793,10,0,0,40,0
24052,44,336513,10,0,0,45,0
24054,25,218948,4,0,0,32,0
24055,26,211435,9,0,0,40,0
24060,17,287160,7,0,0,15,0
24061,39,198097,13,0,0,50,0
24062,52,119111,9,0,0,40,0
24063,24,174461,13,0,0,50,0
24066,32,151053,9,0,0,40,1
24068,20,149478,10,0,0,25,0
24069,40,198452,7,0,0,40,0
24070,52,198863,15,0,2559,60,1
24071,33,176711,9,0,0,40,0
24072,19,165310,9,0,0,20,0
24076,28,148645,12,0,0,40,0
24078,43,208613,13,0,0,40,0
24085,40,197919,12,0,0,40,0
24086,31,217460,13,0,0,40,1
24087,39,86551,9,0,0,40,1
24089,38,215917,10,0,0,40,0
24091,27,334132,12,0,0,78,0
24093,62,116812,10,0,0,40,0
24094,47,189123,7,0,1485,58,0
24097,59,99248,10,0,0,40,0
24099,25,199224,13,0,0,45,1
24101,30,308812,10,0,0,60,0
24103,61,213321,9,0,0,40,0
24106,70,220589,10,0,0,12,0
24109,46,124071,14,0,0,44,0
24112,37,105044,10,0,0,42,1
24113,43,35910,10,0,0,43,1
24116,42,19700,13,0,0,50,1
24118,45,106113,10,0,0,40,1
24119,25,256263,12,0,0,40,0
24120,33,202498,4,0,0,40,0
24121,38,120074,13,0,0,50,1
24122,28,122922,9,0,0,50,0
24124,42,222596,9,0,0,40,1
24129,45,167159,13,0,0,50,1
24133,41,33310,9,0,0,40,0
24134,26,202560,10,0,0,35,0
24137,28,167536,12,0,0,40,0
24144,31,220690,10,0,0,80,0
24146,59,116878,9,0,0,60,0
24147,33,134737,9,0,0,35,0
24148,29,81648,9,0,1887,55,1
24149,49,122177,10,0,0,40,1
24150,50,69614,6,0,0,56,0
24151,33,112115,13,0,1902,45,1
24153,81,162882,9,0,0,35,0
24154,24,112854,10,0,0,16,0
24156,47,224559,9,0,0,40,1
24157,44,468706,9,0,0,40,0
24161,52,127749,9,0,0,50,0
24164,47,174533,10,0,0,40,0
24165,43,200835,9,0,0,40,0
24167,43,180985,10,0,0,60,1
24171,30,61272,5,0,0,40,0
24173,38,130007,13,0,0,40,0
24178,30,287908,9,0,0,40,0
24182,18,39222,7,0,0,40,0
24183,35,359131,13,7298,0,8,1
24184,22,122272,9,0,0,40,0
24185,50,198400,9,0,0,60,0
24186,62,73091,4,0,0,40,0
24188,22,208946,10,0,0,40,0
24189,33,348416,9,0,0,40,0
24191,29,183887,13,0,0,40,0
24193,24,211129,13,0,0,35,0
24194,29,187649,9,0,0,40,0
24197,28,142764,9,0,0,48,0
24199,37,188069,9,0,0,40,0
24201,49,31267,4,0,0,40,0
24205,36,112074,16,0,0,45,0
24206,21,249727,9,0,0,22,0
24210,40,33331,10,0,0,50,0
24211,43,168071,9,0,0,44,0
24212,45,207277,13,0,0,50,1
24214,40,136244,10,0,0,40,0
24216,20,245297,10,0,0,20,0
24217,32,71151,13,0,0,20,0
24219,21,117210,9,0,0,40,0
24220,23,120068,11,0,0,40,0
24221,24,48343,7,0,0,40,0
24224,19,281704,10,0,0,35,0
24225,54,123011,10,0,0,45,1
24228,17,186067,6,0,0,10,0
24230,46,384795,13,0,0,32,0
24231,30,175931,10,0,0,44,0
24233,48,118717,13,0,0,40,0
24234,23,219835,10,0,0,40,0
24238,26,212304,4,0,0,48,0
24240,49,165152,9,0,0,48,1
24242,47,196707,15,0,0,40,0
24244,19,26620,10,0,0,40,0
24250,21,174907,9,0,0,40,0
24251,50,348099,6,0,0,50,0
24254,31,286282,13,0,0,20,0
24258,67,157403,15,6418,0,10,1
24259,37,197429,9,0,0,45,1
24262,24,249957,10,0,0,40,0
24264,50,192982,9,0,1848,40,1
24265,40,209547,13,0,1977,60,1
24268,30,196396,10,0,0,40,0
24270,47,174533,11,0,0,40,1
24271,27,210867,4,0,0,50,0
24273,40,144067,11,0,0,40,0
24275,37,178136,9,0,0,40,0
24276,38,196554,15,0,0,35,1
24278,35,498216,13,0,0,40,0
24279,47,192755,9,0,0,20,1
24280,20,53738,10,0,0,60,0
24281,33,156192,14,0,0,45,1
24287,19,127190,9,0,0,15,0
24289,20,138107,9,0,0,35,0
24290,44,269733,13,0,0,30,0
24291,41,227734,9,3464,0,40,0
24293,48,48885,9,0,0,35,0
24297,20,154779,10,0,0,40,0
24300,23,277328,10,0,0,32,0
24306,60,52900,9,0,0,42,1
24307,42,37937,13,0,0,55,1
24310,29,216481,14,0,0,40,1
24312,34,176831,13,0,0,40,1
24315,42,144236,10,0,0,60,0
24316,48,240917,7,0,0,35,0
24318,51,243361,10,0,0,45,0
24319,44,35166,13,0,0,90,0
24320,46,182655,11,0,0,60,1
24322,32,272944,10,0,0,40,0
24325,33,236818,11,0,0,26,0
24330,39,191002,9,0,0,40,0
24332,38,238342,13,7688,0,42,1
24334,29,189282,9,0,0,27,0
24337,32,182323,5,0,0,40,0
24340,27,152246,9,0,0,40,0
24344,23,162945,4,0,0,35,0
24347,61,133969,9,0,0,63,0
24351,19,271521,9,0,0,24,0
24354,54,194580,11,0,0,50,0
24355,35,177974,9,0,0,40,1
24356,27,315640,14,0,0,20,0
24357,50,136913,9,0,0,50,0
24359,28,167062,10,0,0,40,0
24364,40,316820,10,0,1485,40,0
24367,31,43716,11,0,0,43,0
24371,34,183473,9,0,0,40,0
24376,24,304386,9,0,0,30,0
24377,52,248113,1,0,0,40,0
24382,34,248795,9,0,0,45,0
24383,44,124692,9,0,1902,40,1
24385,39,179731,14,0,2415,65,1
24386,32,113543,15,0,0,40,1
24387,23,252153,10,0,0,28,0
24388,45,45891,10,0,0,42,0
24389,30,112263,7,0,0,40,0
24395,34,306215,11,0,0,40,0
24396,25,203570,9,0,0,40,0
24397,41,355918,13,0,0,35,0
24398,35,198841,15,0,0,50,1
24400,34,312197,9,0,0,75,1
24402,32,200246,13,0,0,40,1
24405,36,172104,15,0,0,40,1
24407,27,216858,16,0,0,52,0
24411,59,238431,9,0,0,38,0
24412,34,131552,9,0,0,40,0
24414,31,255830,12,0,0,45,0
24415,18,175648,7,0,0,40,0
24418,20,263498,11,0,0,40,0
24421,27,357348,9,0,0,50,0
24422,19,269657,10,0,0,35,0
24423,38,82880,13,0,0,15,0
24424,19,389755,9,0,0,16,0
24426,41,207685,9,0,0,45,0
24427,23,222925,9,2105,0,40,0
24431,45,114032,15,0,0,60,1
24433,48,240231,13,0,0,40,1
24435,35,191503,10,0,0,50,0
24436,32,163530,9,0,0,40,0
24438,59,121912,10,0,0,40,1
24439,31,58624,9,0,0,40,0
24440,27,74056,13,0,0,50,0
24441,29,144259,13,4386,0,80,1
24442,57,182028,12,0,0,35,0
24443,40,209040,9,0,0,40,0
24447,60,147473,9,0,0,40,0
24450,27,221912,9,0,0,40,0
24453,22,48347,13,0,0,40,0
24456,28,249571,9,0,0,40,0
24457,79,121318,10,0,0,20,0
24458,39,224531,9,7298,0,40,1
24459,29,185019,8,0,0,40,0
24462,20,107801,12,0,2205,18,0
24463,44,191256,9,0,0,65,1
24464,47,256866,9,0,0,48,0
24466,37,312271,14,0,0,65,0
24470,23,234970,10,0,0,40,0
24471,23,227915,9,0,0,33,0
24472,40,105717,14,0,1876,35,0
24474,34,353881,11,3103,0,60,1
24480,26,102264,10,0,0,40,0
24481,24,300584,9,0,0,40,0
24482,22,208946,10,0,0,25,0
24484,20,124751,10,0,0,20,0
24487,43,260960,13,0,0,35,0
24489,42,356934,14,0,0,40,1
24490,35,154410,13,0,0,50,1
24491,31,35378,10,0,0,45,0
24492,73,301210,2,0,1735,20,0
24493,32,73621,10,0,0,42,0
24494,37,108140,14,15024,0,45,1
24495,66,217198,9,0,0,10,0
24496,22,157332,9,0,0,35,0
24498,31,173495,9,0,0,35,0
24500,39,444219,9,0,0,45,0
24503,28,190303,12,0,0,40,0
24504,48,248164,13,4386,0,50,1
24507,35,196373,13,0,0,45,1
24508,31,433788,10,0,0,40,1
24509,48,122086,9,0,0,40,0
24510,36,137314,11,0,0,45,0
24511,40,33068,9,0,0,50,0
24513,26,117833,13,4865,0,35,0
24516,26,233933,6,0,0,32,0
24518,47,586657,14,0,0,40,1
24522,20,194096,10,0,0,40,0
24523,29,263831,13,0,0,40,0
24524,29,133136,8,0,0,40,1
24525,32,121634,6,0,0,40,0
24527,30,355789,9,0,0,50,0
24528,43,311914,10,0,0,40,0
24531,41,113823,13,0,0,40,0
24533,30,76107,9,0,0,45,1
24536,32,136480,13,0,0,60,1
24537,50,285200,10,0,1887,35,1
24538,19,351040,10,0,0,40,0
24539,35,1226583,13,0,0,52,1
24540,23,195767,9,0,0,40,0
24543,30,226665,13,0,0,42,1
24544,52,213209,10,0,0,40,1
24553,62,39630,9,0,0,40,0
24555,56,172071,9,0,0,40,0
24557,23,664670,9,0,0,40,0
24561,55,37869,16,0,0,60,0
24562,48,99086,13,0,0,50,0
24564,38,326886,11,0,0,45,1
24565,18,181755,9,0,0,30,0
24570,42,170721,9,0,2002,40,0
24572,17,342752,7,0,0,20,0
24575,50,183611,10,0,0,40,0
24580,23,121313,9,0,0,40,0
24581,25,134821,9,0,0,40,0
24592,69,106595,9,1848,0,40,0
24595,54,123592,9,3887,0,35,0
24600,50,22418,5,0,0,50,0
24606,50,116211,15,0,0,52,1
24607,20,33644,9,0,0,30,0
24609,46,73019,13,0,0,40,0
24611,53,20438,10,0,0,15,0
24612,21,109869,9,0,0,30,0
24613,58,316849,10,0,0,40,0
24616,56,153451,10,0,0,35,0
24619,33,209101,9,0,0,40,0
24620,46,146919,9,0,0,40,1
24621,46,192323,10,0,0,38,1
24629,51,123703,9,4386,0,40,1
24630,46,312015,9,0,0,40,0
24633,17,114420,7,0,0,30,0
24637,37,130620,8,0,0,33,0
24643,64,165020,7,0,0,48,0
24644,39,187098,15,15024,0,47,1
24645,43,142030,9,0,0,40,0
24647,62,121319,13,3103,0,40,1
24648,53,151580,10,15024,0,40,1
24651,56,35723,4,0,0,50,1
24652,43,194773,10,0,0,40,0
24653,33,62155,10,0,0,35,0
24657,24,270517,9,0,0,40,0
24658,43,163847,13,0,0,50,1
24659,40,193882,11,0,0,40,0
24660,61,160037,4,0,0,35,0
24661,34,189944,10,0,0,72,0
24662,85,115364,9,0,0,35,0
24663,41,163174,9,0,0,40,0
24664,31,188900,12,3325,0,35,0
24667,29,204862,12,0,0,36,0
24670,24,153082,9,0,0,30,0
24671,45,195418,14,0,0,40,0
24673,30,97933,12,0,1485,37,1
24675,41,83411,9,0,0,40,1
24676,21,198992,9,0,0,33,0
24678,34,192002,13,0,0,40,1
24682,48,200471,13,0,0,45,1
24683,69,228921,13,0,2282,40,1
24684,41,184846,10,0,0,40,0
24686,28,499001,9,0,0,40,0
24687,65,125768,10,0,0,28,0
24688,31,255004,13,0,1741,38,0
24692,43,313181,9,0,0,38,0
24695,45,81132,10,0,0,40,0
24697,25,213412,13,0,0,40,0
24699,31,369825,13,4101,0,50,0
24701,26,239390,13,0,0,18,0
24702,47,173613,10,0,0,65,0
24703,40,37869,9,0,0,50,0
24705,34,85218,14,0,0,24,0
24706,37,48268,9,0,0,55,0
24707,38,173968,9,0,0,45,0
24708,19,70982,11,0,0,16,0
24709,49,166857,5,0,0,40,0
24711,26,162872,12,0,0,40,0
24712,82,152148,4,0,0,2,0
24715,23,137214,9,0,0,37,0
24716,19,183258,10,0,0,40,0
24718,43,115323,13,3103,0,40,1
24719,41,213055,12,0,0,50,0
24720,37,155064,11,0,0,40,0
24723,47,168262,14,99999,0,50,1
24724,40,104196,9,0,0,40,0
24726,24,274398,10,0,0,20,0
24727,78,27979,9,2228,0,32,0
24728,67,244122,11,0,0,1,0
24729,49,196571,13,0,0,45,1
24730,66,101607,9,0,0,10,0
24732,59,255822,9,0,0,60,0
24734,35,245372,9,0,0,40,0
24735,30,169583,13,0,0,40,1
24737,26,186151,9,0,0,40,0
24739,39,297449,13,0,0,40,1
24740,40,125206,15,0,0,40,0
24741,29,393264,13,0,0,40,0
24743,63,264968,13,0,0,40,0
24744,58,318106,9,0,0,40,1
24748,44,165108,14,0,0,40,1
24752,38,174717,13,0,0,50,1
24754,29,147755,10,0,1672,40,0
24757,28,37359,11,99999,0,50,1
24758,24,178255,10,0,0,40,0
24759,30,70617,14,0,0,10,0
24761,40,356934,12,0,0,40,1
24762,27,271714,10,0,0,30,0
24764,32,107417,9,0,0,37,0
24767,25,430084,10,0,0,40,0
24769,27,62737,11,0,0,40,0
24772,35,381931,9,0,0,55,0
24774,49,105431,9,0,0,40,0
24778,35,66297,13,0,0,40,1
24781,45,360393,14,0,1902,50,1
24782,19,263340,10,0,0,15,0
24784,37,294292,15,0,0,40,0
24789,54,161334,14,0,0,40,0
24794,29,34292,9,0,0,38,0
24799,29,229729,9,0,0,40,0
24800,41,111891,9,0,0,40,0
24803,79,333230,9,0,0,6,0
24805,46,159869,13,0,0,40,1
24806,50,57758,11,0,0,60,1
24809,64,151364,10,0,0,40,0
24810,70,88638,14,7896,0,50,1
24811,28,304960,12,0,1980,40,0
24812,51,102828,11,0,0,40,0
24813,20,210029,10,0,0,40,0
24815,29,142519,9,0,0,40,0
24818,32,292592,9,0,0,35,0
24819,27,330132,13,0,0,40,1
24821,35,258037,9,0,0,40,1
24825,33,133503,9,2635,0,16,0
24826,45,146497,10,0,0,55,0
24827,19,240468,10,0,1602,40,0
24828,38,175120,9,0,0,40,0
24830,29,253814,13,0,0,45,0
24833,42,213464,10,0,0,40,0
24837,39,135020,9,0,0,40,0
24845,35,306678,9,2885,0,40,0
24847,35,308945,9,0,0,40,1
24851,45,102147,9,0,0,40,0
24852,42,113770,9,0,0,40,0
24854,45,148900,13,0,0,50,1
24855,28,329426,13,0,0,40,0
24856,64,181408,11,0,0,10,0
24857,44,101950,15,0,0,40,0
24859,41,209547,9,0,0,40,0
24862,51,174824,9,8614,0,40,1
24863,22,138768,9,0,0,40,0
24864,49,143482,9,0,0,40,0
24865,53,200190,12,0,0,80,1
24871,27,189589,10,0,0,40,0
24874,40,33155,9,0,0,40,0
24875,28,215955,13,3103,0,40,1
24878,32,191385,12,2174,0,40,0
24879,20,137895,9,0,0,45,0
24882,31,175856,9,0,0,60,0
24885,43,214242,10,0,0,40,1
24887,30,124420,9,4650,0,40,0
24889,18,142751,6,0,0,40,0
24891,24,322931,4,0,1902,40,1
24895,32,193042,15,15024,0,60,1
24897,23,240398,13,0,0,15,0
24898,33,182714,15,0,0,65,1
24900,30,185177,13,0,0,43,0
24901,32,102858,12,0,2002,42,0
24904,23,184589,13,0,0,21,0
24905,32,282611,13,0,0,40,0
24906,57,218649,9,0,0,40,0
24907,22,157541,10,0,0,10,0
24908,70,145419,9,0,0,5,0
24909,34,122616,10,0,0,84,1
24910,53,204584,14,0,0,40,0
24911,21,117210,10,0,0,45,0
24914,23,106957,7,14344,0,40,1
24915,32,29312,6,0,0,80,1
24920,31,200192,9,0,0,40,0
24923,44,164043,9,0,0,40,0
24925,42,175133,10,0,0,40,0
24926,34,289731,7,0,0,40,0
24928,25,282612,11,0,0,40,0
24929,21,73679,10,0,0,40,0
24930,31,237824,9,0,0,60,0
24931,36,357720,11,0,0,40,0
24934,42,183479,11,0,0,40,1
24942,37,129263,10,0,0,60,0
24943,60,141253,6,0,0,48,0
24944,35,35626,10,0,0,15,0
24945,43,94937,13,0,0,40,0
24947,29,169544,9,5178,0,40,1
24948,36,214604,13,0,0,42,1
24949,27,81540,9,0,0,40,1
24954,28,168524,11,0,0,40,0
24956,22,215477,10,0,0,40,0
24957,27,199903,13,0,0,40,0
24958,25,431861,9,0,0,40,0
24959,32,105938,9,0,1602,20,0
24962,28,206125,10,0,0,40,0
24965,39,348960,9,0,0,40,0
24968,58,201344,13,0,0,20,0
24970,34,40067,10,0,0,40,0
24973,65,149049,9,0,0,40,0
24976,23,38251,9,0,0,40,0
24977,33,196385,14,0,0,37,1
24978,38,217054,10,0,0,40,0
24979,44,104973,14,0,0,40,1
24980,48,238959,14,9562,0,40,1
24982,19,292962,9,0,0,40,0
24983,45,235924,13,0,0,40,0
24985,70,102610,10,0,0,80,0
24987,33,323069,11,0,0,40,0
24988,24,184756,13,0,0,40,0
24989,30,233993,13,0,0,15,0
24993,40,187164,9,0,1672,45,0
24994,55,113912,11,0,0,20,0
24996,62,135480,9,0,0,16,0
24998,64,114650,5,0,0,40,0
24999,29,240172,13,0,0,50,0
25000,28,184831,10,0,0,40,0
25001,25,124590,9,0,0,40,0
25002,47,120429,16,15024,0,50,1
25010,56,671292,9,0,0,38,1
25012,26,141824,10,0,0,40,0
25015,31,137952,10,0,0,40,0
25019,32,169955,10,0,0,36,0
25021,30,132601,13,99999,0,50,1
25028,40,199303,9,0,0,40,0
25029,46,83064,10,0,0,40,0
25034,31,374833,2,0,0,40,0
25036,50,183390,13,0,0,40,1
25039,29,243660,9,0,0,50,1
25041,54,50385,13,0,0,45,1
25042,47,187581,11,0,0,48,1
25043,34,37380,9,0,0,40,0
25046,23,101094,10,0,0,60,0
25047,42,176716,14,0,0,40,0
25049,52,221532,13,0,0,45,1
25050,22,120572,10,0,0,40,0
25052,42,153160,9,0,0,40,0
25054,49,142856,9,0,0,40,1
25059,33,394447,14,0,0,33,1
25062,55,229029,13,15024,0,48,1
25065,30,109117,11,0,0,45,0
25066,24,32732,9,0,0,50,0
25068,20,34590,10,0,0,60,0
25070,56,168625,9,4101,0,40,0
25072,44,171484,6,0,0,40,1
25074,57,36990,9,0,0,52,0
25076,61,30475,4,0,0,40,1
25077,39,70995,13,15024,0,99,1
25078,28,245790,9,0,0,40,0
25080,60,182687,12,0,0,40,0
25081,36,247807,11,0,0,40,1
25083,50,180522,10,0,0,38,0
25086,20,216563,7,0,0,40,0
25090,34,319854,16,0,0,40,1
25091,37,408229,9,0,0,40,0
25092,25,431307,6,0,0,50,0
25101,28,302406,15,0,0,60,0
25105,58,372181,9,0,0,40,1
25107,41,156566,13,4386,0,50,1
25110,46,342907,9,0,0,60,1
25111,69,169717,13,6418,0,45,1
25114,31,119432,13,0,0,40,1
25115,23,144165,13,0,0,30,0
25117,37,312232,13,5178,0,40,1
25118,35,150488,13,0,0,40,0
25119,18,200876,7,0,0,16,0
25120,43,188199,5,0,0,40,0
25122,54,204325,10,0,0,52,0
25127,23,363219,10,0,0,6,0
25131,33,296453,14,0,0,15,0
25136,17,154908,6,0,0,10,0
25138,46,216999,13,0,0,55,1
25141,56,95763,6,0,0,45,0
25144,30,242460,9,0,0,50,0
25146,47,181652,9,0,0,40,0
25147,57,174760,12,0,0,40,0
25149,40,390369,9,0,0,40,0
25152,29,190350,8,0,0,35,0
25154,36,154835,9,0,0,40,0
25155,45,89028,9,10520,0,40,1
25157,18,212207,9,0,0,11,0
25158,27,204788,9,0,0,40,0
25160,34,97723,13,0,0,40,1
25161,36,193026,13,0,0,40,1
25162,36,257250,4,0,0,75,0
25164,41,200574,15,0,1977,60,1
25167,41,82778,2,0,0,40,0
25168,61,115882,2,0,0,20,0
25172,20,167787,10,0,0,20,0
25176,32,103608,13,0,0,40,0
25177,63,137192,13,0,0,40,0
25178,29,137618,10,0,0,41,1
25179,42,96509,10,0,0,60,0
25180,65,196174,6,0,0,28,0
25181,24,172612,9,0,0,40,0
25186,26,152436,9,0,0,50,0
25189,29,41281,13,0,0,50,0
25190,42,162003,16,0,0,36,1
25192,26,208122,10,0,0,45,0
25194,55,129173,9,0,0,40,0
25198,47,285200,9,0,0,40,0
25200,44,203943,13,0,0,35,1
25203,36,66173,13,0,0,50,0
25204,21,182823,13,0,0,30,0
25206,25,135568,9,0,0,40,0
25209,28,96020,13,0,0,50,1
25210,43,176138,13,0,0,50,0
25213,22,249727,10,0,0,20,0
25215,24,175254,10,0,0,40,0
25216,54,42924,10,0,0,50,0
25220,40,221172,12,0,0,50,1
25222,49,199448,11,0,0,40,0
25227,51,145166,9,0,0,50,0
25228,56,247119,4,0,0,40,0
25230,60,366531,11,0,0,40,0
25235,65,325537,11,0,0,50,1
25237,57,192869,9,0,0,72,0
25241,57,339163,10,0,0,40,0
25243,32,167531,15,15024,0,50,1
25244,90,77053,9,0,4356,40,0
25253,55,28151,9,0,0,40,1
25257,36,305352,6,0,0,40,0
25259,60,296485,3,0,0,40,0
25260,34,204375,15,0,0,60,1
25261,49,249585,7,0,0,65,0
25262,47,148995,14,0,0,65,1
25264,53,194995,3,0,0,45,0
25267,20,50397,10,0,0,35,0
25268,43,177905,9,3908,0,40,0
25270,43,60001,13,0,0,44,1
25271,31,223046,9,0,0,60,0
25274,39,67136,11,0,0,40,0
25276,20,390817,3,0,0,25,0
25280,20,189148,9,0,0,48,0
25281,58,266707,2,0,2179,18,0
25282,51,311569,9,0,0,40,0
25289,32,130057,13,0,0,45,1
25291,22,123876,10,0,0,20,0
25293,32,207172,10,0,0,40,0
25296,40,269168,9,0,0,40,0
25298,37,60722,10,0,0,40,1
25299,41,648223,2,0,0,40,0
25301,20,219835,10,0,0,30,0
25302,34,313729,13,0,0,60,1
25303,45,140644,9,0,0,50,1
25309,57,24127,13,0,0,8,0
25312,43,152629,9,0,0,40,1
25313,46,141058,9,0,0,65,0
25314,41,233130,10,0,0,40,1
25315,20,406641,9,0,0,30,0
25316,30,119422,6,0,0,40,0
25317,30,255486,9,0,0,25,0
25318,22,161532,10,0,0,35,0
25319,25,75759,9,0,0,44,1
25324,21,165107,10,0,0,40,0
25326,28,56651,13,0,0,40,0
25327,23,522881,3,0,0,35,0
25330,55,201112,9,0,0,40,0
25332,25,208591,13,0,0,40,0
25333,29,126399,9,0,0,32,0
25334,50,142073,9,0,0,55,0
25336,74,180455,13,0,0,8,0
25337,22,235853,5,0,0,40,0
25340,41,35166,15,15024,0,50,1
25341,24,161092,10,7298,0,40,1
25342,23,223019,9,0,0,40,0
25345,32,200323,15,0,0,60,0
25348,48,162096,5,0,0,45,0
25352,52,183618,9,0,0,40,0
25354,53,263729,10,0,0,40,0
25356,36,185360,9,0,0,60,0
25358,20,266400,10,0,0,48,0
25359,23,433669,12,0,0,40,0
25371,31,157078,6,0,0,40,0
25373,21,294295,9,0,0,40,0
25380,21,109952,6,0,0,50,0
25381,24,262570,9,0,0,40,0
25382,39,65716,12,0,0,40,1
25383,68,201732,10,0,0,40,0
25386,41,101593,14,0,0,50,1
25387,71,193863,4,0,0,16,0
25389,54,242606,14,4386,0,45,1
25394,47,137917,10,0,0,40,1
25397,25,224361,9,0,0,40,0
25400,28,103389,14,0,0,40,0
25402,32,140092,7,0,0,40,0
25403,34,202210,9,0,0,40,0
25405,33,281030,9,0,0,94,0
25410,29,149324,10,0,1485,40,1
25412,51,74160,14,0,0,60,1
25414,20,41103,10,0,0,20,0
25415,38,193026,9,0,0,50,1
25416,57,303986,3,0,0,40,0
25420,25,254746,11,0,0,40,0
25423,70,282642,9,0,2174,40,1
25425,25,131463,13,0,0,40,0
25428,75,260543,6,0,0,1,0
25431,47,117628,9,0,0,40,1
25433,32,175931,9,0,0,40,0
25434,28,309566,9,0,0,20,0
25435,53,123703,9,0,0,40,0
25436,19,369678,9,0,0,30,0
25438,22,167868,9,0,0,30,0
25439,23,235894,7,0,0,55,0
25440,21,189888,9,3325,0,60,0
25441,36,111545,9,0,0,70,0
25442,39,175972,10,0,0,15,0
25443,34,254270,13,0,0,40,0
25445,72,157593,13,1455,0,6,0
25446,34,101345,9,0,0,40,1
25448,32,97723,11,0,0,40,0
25451,21,143995,10,0,0,20,0
25452,21,250051,10,0,0,10,0
25453,26,284078,10,0,0,40,0
25455,18,163787,10,0,0,15,0
25456,27,119170,7,0,0,45,0
25458,36,114605,11,0,0,40,1
25459,31,317761,13,0,0,40,0
25461,54,329266,9,0,0,44,1
25466,42,106900,11,0,0,40,0
25467,30,87054,9,0,0,50,0
25468,37,82622,10,0,0,40,1
25470,25,321205,13,4101,0,35,0
25471,44,231348,10,0,0,40,1
25472,40,276096,9,0,0,40,0
25473,36,290560,10,0,0,45,0
25474,21,307315,10,0,0,40,0
25476,24,237928,13,0,0,39,0
25480,35,374524,15,0,0,75,1
25481,60,127805,4,0,0,40,1
25482,35,150217,13,0,0,24,0
25483,33,295649,9,0,0,40,0
25485,37,241998,13,0,0,50,1
25486,48,156410,9,0,0,50,1
25487,58,473836,4,0,0,45,0
25489,22,113936,9,0,0,40,0
25490,22,318915,9,0,0,40,0
25492,33,193172,11,7688,0,50,1
25494,58,400285,9,0,0,40,1
25495,24,283731,13,0,0,40,0
25504,47,225456,9,0,0,50,0
25505,36,61178,7,0,0,40,0
25506,28,175262,12,0,2002,40,0
25513,60,152711,13,0,0,40,1
25516,39,175232,10,0,1977,60,1
25517,23,173851,10,0,0,40,0
25519,36,51424,9,0,0,40,0
25522,38,233194,9,0,0,40,1
25524,22,151105,10,0,0,18,0
25525,38,179117,12,10520,0,50,1
25526,72,33608,10,9386,0,30,1
25527,39,317434,9,0,0,40,0
25528,35,126569,9,7298,0,40,1
25530,19,69927,9,0,0,16,0
25531,26,302603,9,0,0,45,0
25532,52,46788,13,0,0,25,0
25535,58,175873,10,0,0,40,1
25536,34,57426,13,0,0,45,0
25540,60,88055,6,0,0,40,0
25542,39,192251,6,0,0,60,0
25544,26,211596,14,0,0,40,0
25550,36,95336,9,0,0,45,1
25551,36,257942,9,0,0,40,0
25552,21,72593,9,0,0,40,0
25553,29,147340,10,0,0,40,0
25555,59,357943,13,0,0,40,1
25557,50,30682,14,0,0,50,0
25559,36,215392,13,0,0,40,0
25560,31,110554,9,4386,0,40,1
25561,42,133584,10,0,0,40,0
25565,23,109952,10,0,0,60,0
25566,54,197975,3,0,0,51,0
25570,19,145844,12,0,0,50,0
25573,48,185041,4,0,1672,55,0
25574,19,233779,10,0,0,60,0
25579,33,50276,13,0,0,40,0
25580,48,187454,13,0,0,40,0
25587,52,108435,14,0,1902,50,1
25588,29,394927,10,0,0,45,0
25589,51,172281,13,0,0,40,0
25592,52,165681,10,0,0,40,0
25596,44,202466,10,0,0,60,0
25598,32,188246,9,0,0,40,0
25599,37,160120,14,0,0,40,0
25600,40,144594,9,2829,0,40,0
25603,26,523067,10,0,0,3,0
25605,63,186809,13,0,0,30,1
25606,46,320421,13,0,0,25,0
25607,31,295589,10,0,0,40,0
25608,22,370548,11,0,0,30,0
25609,20,120572,10,0,0,12,0
25611,26,55860,10,0,0,40,0
25612,34,158800,13,0,0,50,1
25613,31,131568,5,0,0,40,0
25615,22,216867,4,0,0,40,0
25617,35,208106,9,0,0,40,0
25622,19,302945,10,0,0,10,0
25623,69,28197,9,0,0,60,1
25625,34,198265,13,0,0,60,0
25626,49,170871,14,0,0,45,1
25629,45,205100,13,15024,0,60,1
25630,21,77759,10,0,0,15,0
25631,51,77905,11,0,0,40,0
25635,49,180532,14,0,0,40,0
25638,69,170877,9,0,0,48,0
25639,18,97318,9,0,0,35,0
25640,43,184105,9,0,0,50,0
25647,19,158343,10,0,0,40,0
25649,21,227986,9,0,0,40,0
25650,36,137527,13,0,0,50,0
25651,36,180150,8,0,0,40,0
25652,23,239539,9,0,0,40,0
25654,40,224799,13,0,0,45,0
25655,64,292639,10,10566,0,35,0
25656,66,22313,7,0,0,20,0
25658,55,156089,10,0,0,40,0
25661,39,358837,10,0,0,40,0
25665,23,350680,12,0,0,40,0
25668,29,217200,9,0,0,40,0
25669,32,235124,10,0,0,46,0
25671,60,135470,3,0,0,40,0
25672,42,281209,10,0,0,50,0
25676,31,210008,9,0,0,40,0
25678,46,315423,10,0,2042,50,0
25685,60,98350,10,0,0,60,0
25695,62,183735,10,0,0,40,0
25700,35,225750,13,0,0,32,0
25703,62,211035,13,0,0,30,1
25704,24,285432,9,0,0,40,0
25705,50,154779,10,0,0,40,0
25706,54,37237,13,0,0,40,1
25709,32,42485,9,0,0,40,0
25710,27,170017,13,0,0,40,0
25712,20,41721,10,0,0,60,0
25713,64,66634,4,0,0,40,0
25718,36,301614,9,0,0,40,0
25719,25,193820,13,0,1876,40,0
25725,50,120914,7,0,0,40,0
25727,28,398220,3,0,0,40,0
25729,40,337456,9,0,0,40,0
25732,33,194901,9,0,0,45,0
25733,19,57329,10,0,0,30,0
25735,45,153312,14,0,0,10,1
25740,32,97723,10,0,0,38,0
25743,26,189590,10,0,0,30,0
25744,23,298871,10,0,0,40,0
25745,55,205296,10,0,0,50,0
25749,40,199381,14,15024,0,37,1
25750,32,56328,13,0,0,8,1
25752,84,163685,9,0,0,33,0
25753,40,266084,10,0,0,50,0
25757,62,204085,10,0,0,25,0
25759,47,464945,9,0,0,45,0
25760,44,174684,9,0,0,40,0
25761,26,166295,13,0,0,41,0
25762,36,220511,10,0,0,40,0
25764,33,104509,10,0,0,40,0
25772,46,128796,13,0,0,44,1
25775,63,179444,4,0,0,15,0
25778,33,184833,9,0,0,35,0
25779,70,280639,9,2329,0,20,0
25783,33,255334,13,0,0,25,1
25787,43,41834,9,0,0,38,1
25788,24,113466,9,0,0,40,0
25791,48,202117,7,0,0,34,0
25793,30,70377,10,0,0,40,0
25796,46,110702,10,2036,0,60,0
25801,58,220789,13,0,0,45,0
25809,46,130364,9,0,0,40,0
25810,58,147428,14,0,0,40,1
25813,43,153160,10,0,0,40,0
25815,41,195661,10,0,0,54,0
25819,52,246197,9,0,0,40,0
25820,52,192563,10,0,0,38,0
25824,27,244315,9,0,0,40,0
25825,48,192779,10,0,0,40,0
25826,50,209464,9,0,0,35,0
25827,60,25141,10,0,0,60,0
25831,40,162312,9,0,0,66,0
25835,46,119890,11,0,0,30,0
25836,21,409230,10,0,0,30,0
25838,38,129150,6,0,0,35,0
25839,47,119199,10,0,0,35,1
25841,42,351161,10,0,0,40,0
25842,56,174533,13,0,0,45,1
25845,26,275703,10,0,0,40,0
25847,49,200471,7,0,0,60,0
25853,25,262885,7,0,0,32,0
25855,19,113546,7,0,0,56,0
25859,21,212407,9,0,0,40,0
25864,33,124187,12,0,0,32,0
25866,17,156736,6,0,0,12,0
25869,53,233734,14,0,0,40,1
25873,53,213378,9,0,0,33,0
25877,27,105189,9,4865,0,50,0
25878,63,109735,9,0,0,38,0
25879,50,172942,10,0,0,28,0
25881,29,87745,10,0,0,60,0
25883,55,234125,9,0,0,40,0
25886,22,100345,13,13550,0,55,1
25887,58,195835,10,0,0,45,0
25888,25,251854,7,0,0,40,0
25890,38,22042,11,0,0,39,0
25891,37,343721,13,0,0,40,1
25892,19,232368,10,0,0,35,0
25893,55,174478,6,0,0,29,0
25894,55,282023,13,15024,0,50,1
25896,53,251675,9,0,0,40,0
25897,32,647882,9,0,0,40,0
25901,49,353824,10,0,0,45,1
25902,21,225890,10,0,0,30,0
25905,29,394927,11,0,0,40,0
25909,21,314182,9,0,0,40,0
25912,38,35429,9,0,2042,40,0
25913,42,154374,13,0,2415,60,1
25915,51,251487,4,0,0,40,0
25916,30,177531,9,0,0,25,0
25917,24,53942,13,0,0,40,0
25920,46,330087,13,0,0,55,1
25925,18,238401,10,0,0,25,0
25927,62,26911,4,0,0,66,0
25928,29,161155,12,0,0,50,0
25932,34,188900,13,0,0,40,0
25933,44,120057,12,4386,0,45,1
25936,17,99161,6,0,0,8,0
25937,41,74581,13,0,0,65,0
25940,25,154863,9,0,0,35,0
25941,37,365430,10,0,0,40,1
25942,29,183111,11,0,0,40,0
25944,35,186845,15,0,0,45,1
25947,29,128509,9,0,0,38,0
25948,23,143032,14,0,0,36,0
25949,31,382368,7,0,0,40,0
25951,19,293928,9,0,0,20,0
25954,49,355978,15,99999,0,35,1
25957,70,155141,13,0,2377,12,1
25958,22,160120,6,0,0,30,0
25960,37,212900,9,0,0,40,0
25962,38,252250,7,0,0,65,0
25968,37,203828,5,0,0,65,0
25969,22,186634,8,0,0,50,1
25973,37,330826,11,0,0,30,0
25978,28,25955,10,0,0,40,0
25980,28,109162,14,0,0,50,0
25981,44,569761,11,0,0,40,0
25983,26,272986,12,0,0,8,0
25984,55,52267,14,0,0,18,0
25989,19,128453,9,0,0,28,0
25990,36,179468,9,0,0,40,0
25994,24,359828,13,0,0,44,1
25995,30,155659,9,0,0,36,0
25997,62,173601,13,0,0,40,0
25998,41,214541,9,0,1590,40,0
26006,51,226885,9,0,0,40,0
26009,46,205504,9,0,0,20,0
26012,62,159908,10,0,0,38,1
26014,69,102874,9,0,0,24,0
26015,35,117381,13,8614,0,45,1
26017,61,539563,10,0,0,45,1
26020,36,160120,13,0,0,45,0
26021,17,41979,6,0,0,40,0
26022,27,275110,9,0,0,80,1
26023,64,265661,9,0,0,40,0
26025,32,236543,8,0,0,40,0
26027,42,105804,7,0,0,40,0
26028,24,194604,13,0,0,15,0
26029,23,1038553,9,0,0,45,0
26030,51,209320,15,3325,0,40,0
26031,31,193231,13,3325,0,60,0
26033,38,255941,14,10520,0,50,1
26037,36,732569,5,0,0,40,0
26039,46,35961,12,0,0,25,0
26041,30,235124,9,99999,0,40,1
26042,37,218490,9,7688,0,35,1
26044,43,181015,9,0,0,50,0
26047,34,189759,13,0,1977,45,1
26051,78,111189,4,0,0,35,0
26052,24,168997,10,0,0,40,0
26054,21,149809,12,0,0,40,0
26056,22,416165,10,0,0,32,0
26058,61,40269,10,0,0,40,1
26063,37,189878,10,0,0,60,0
26064,39,179481,9,4650,0,44,0
26065,25,299765,10,0,0,40,0
26066,45,155664,3,0,0,40,1
26068,49,174702,10,0,0,35,0
26072,55,249072,9,0,0,60,0
26073,35,99156,13,0,0,50,0
26079,49,28334,10,0,0,45,1
26083,40,145178,10,0,0,30,0
26087,66,66008,9,0,0,50,0
26088,59,329059,13,0,0,50,0
26090,50,34233,9,0,0,50,0
26094,25,309098,11,0,0,40,0
26098,40,123306,15,0,0,45,1
26101,37,251396,12,0,0,45,1
26103,25,57635,11,0,0,42,1
26105,63,28334,14,0,0,40,1
26107,33,181091,13,0,0,60,1
26108,51,117496,14,0,0,40,1
26109,64,216160,16,0,0,50,1
26111,18,374969,6,0,0,56,0
26114,60,137733,13,0,0,50,0
26116,30,103649,10,0,0,40,0
26118,29,197932,9,0,0,40,1
26119,37,249720,13,0,0,27,0
26120,55,223613,2,0,0,30,0
26124,25,395512,8,0,0,40,0
26126,23,45317,10,0,0,40,0
26127,43,311177,10,0,0,30,0
26128,29,190636,10,0,1485,60,1
26129,59,221336,6,0,0,40,0
26133,53,145409,9,0,0,40,1
26134,22,213902,3,0,0,40,0
26137,40,233891,9,0,0,35,0
26139,35,474136,9,0,1408,40,0
26141,20,144685,10,0,1602,40,0
26145,34,191291,10,0,0,40,0
26146,44,68729,10,0,1902,40,1
26147,61,119986,14,0,0,40,1
26149,36,32776,13,0,1977,40,1
26150,34,228881,10,0,0,40,0
26153,63,68954,9,0,0,11,0
26156,31,331126,13,0,0,48,0
26159,28,185647,10,0,0,48,0
26160,52,128871,4,0,0,64,0
26162,53,117814,10,0,0,38,0
26163,43,220609,10,0,0,50,0
26165,50,176751,14,0,0,80,1
26166,68,76371,9,0,0,35,0
26167,37,80410,7,0,0,40,0
26168,26,127202,9,0,0,40,0
26171,59,271571,10,15024,0,50,1
26173,24,374253,9,0,0,55,0
26177,29,120359,9,0,0,40,0
26178,76,93125,9,1424,0,24,0
26179,21,187513,11,0,0,40,0
26180,65,243569,10,0,0,24,0
26182,29,29732,13,0,0,24,0
26185,64,477697,9,0,0,16,0
26190,35,411395,10,0,0,36,0
26196,29,122000,10,0,0,60,0
26201,47,112200,13,10520,0,45,1
26203,19,111232,9,0,0,40,0
26204,22,99199,9,0,0,48,0
26205,51,199995,5,0,0,50,1
26208,18,271935,7,0,0,20,0
26212,20,55233,10,0,0,40,0
26214,25,188119,9,0,0,40,0
26223,27,339956,9,0,0,60,0
26224,36,176335,10,0,0,40,0
26226,63,213945,13,15024,0,40,1
26227,48,171807,13,0,0,56,1
26228,25,362826,9,0,0,45,0
26229,41,344329,9,0,0,10,0
26230,26,137678,9,0,0,40,0
26231,23,175424,10,0,0,40,0
26236,48,362883,9,0,0,60,1
26237,51,49017,9,0,0,24,0
26243,47,332727,13,0,0,60,1
26245,41,116103,9,914,0,40,0
26246,29,24153,10,0,0,40,0
26249,25,313930,7,0,0,40,0
26253,43,143828,14,9562,0,40,1
26254,73,242769,9,3471,0,40,0
26256,19,69770,10,0,0,20,0
26263,33,409172,13,0,0,55,0
26265,28,118861,6,0,0,48,0
26266,26,142689,13,0,0,45,0
26268,67,274451,4,0,0,40,0
26269,43,153489,13,0,0,50,0
26270,35,186489,5,0,0,46,0
26274,64,61892,9,0,0,15,0
26275,34,175697,11,0,0,75,0
26278,21,319163,10,0,0,40,0
26279,37,126743,2,0,0,53,0
26284,49,213354,14,0,0,70,1
26285,25,303431,9,0,0,40,0
26287,29,158218,9,0,0,35,0
26289,53,46155,9,0,0,40,0
26291,56,231781,9,0,0,40,1
26292,30,496414,16,0,0,40,0
26294,70,28471,5,0,0,25,0
26299,45,162494,9,0,0,19,0
26300,35,171968,9,0,0,40,0
26302,45,161819,7,0,0,25,0
26304,49,105449,13,0,0,25,0
26308,28,154571,10,0,0,40,0
26309,35,255191,13,0,0,45,1
26310,33,174789,10,0,0,40,0
26317,39,126675,10,0,0,25,0
26319,42,91836,6,0,0,40,0
26325,42,195124,4,0,0,35,0
26326,20,56322,10,2176,0,25,0
26327,50,97449,10,0,0,48,0
26331,46,190729,10,0,0,40,0
26337,18,79990,7,0,0,35,0
26341,52,204402,9,0,0,85,1
26342,36,181065,12,0,0,40,1
26343,38,179579,10,0,0,50,1
26345,23,164574,12,0,0,40,0
26346,71,179574,15,0,0,12,1
26347,27,191782,9,0,0,30,0
26349,28,115945,10,0,0,40,0
26351,28,137898,9,0,0,40,0
26358,58,225603,5,0,0,40,0
26360,57,278228,13,0,0,50,1
26371,30,349148,13,0,0,70,0
26373,22,347803,10,0,0,20,0
26375,19,167428,10,0,0,40,0
26377,42,308279,13,0,0,21,0
26380,50,211654,6,0,0,40,1
26382,26,239043,7,0,0,40,0
26383,61,179761,9,0,0,40,1
26385,51,257485,10,0,0,40,1
26386,52,49243,9,0,0,40,0
26387,33,229716,9,0,0,38,0
26388,31,341672,13,0,0,60,0
26390,56,275236,13,0,0,40,0
26391,19,400356,10,0,0,40,0
26393,18,186909,9,1055,0,30,0
26396,21,235442,9,0,0,40,0
26397,51,161691,9,0,0,40,0
26398,20,173945,7,0,0,39,0
26399,41,355918,10,0,0,65,1
26404,47,74305,13,0,0,40,0
26406,47,182752,9,0,0,35,0
26411,27,146460,10,0,0,40,0
26414,57,94429,9,0,0,40,0
26415,26,252406,9,0,0,40,0
26417,36,151322,13,0,0,45,1
26419,38,101192,10,0,0,40,0
26423,35,106028,9,0,0,65,0
26428,43,228320,9,0,0,40,0
26429,23,96585,9,0,0,30,0
26432,52,137753,9,0,0,20,0
26438,24,94395,10,0,0,40,0
26440,54,98535,13,0,0,40,1
26441,65,183170,9,0,0,25,0
26443,38,195686,10,0,0,40,1
26445,27,127833,9,0,0,40,0
26446,36,269722,14,0,0,40,0
26447,55,136819,9,0,0,40,0
26448,22,205604,3,0,0,30,0
26449,28,132078,13,0,0,40,0
26450,20,234880,10,0,0,30,0
26451,24,196816,13,3908,0,40,0
26453,68,140852,9,0,0,40,0
26454,49,105614,9,0,0,50,1
26456,50,225772,16,0,0,60,1
26457,37,242713,8,0,0,40,0
26458,60,355865,14,0,0,50,1
26459,43,173316,10,0,0,40,0
26460,43,35662,16,0,0,70,1
26462,43,108945,10,0,0,50,0
26463,39,112158,10,0,0,26,0
26471,40,316820,4,4064,0,40,0
26473,59,453067,10,0,0,36,1
26474,51,27166,9,0,0,40,0
26475,19,299598,9,0,0,16,0
26478,42,113147,12,0,0,40,0
26479,43,34007,9,0,0,40,1
26481,34,152667,10,0,0,35,0
26483,34,103651,10,0,0,40,1
26485,30,198183,11,0,0,40,0
26486,29,183627,9,3137,0,48,0
26487,19,466458,10,0,0,20,0
26489,42,186376,13,0,0,72,1
26490,32,290964,13,0,1590,40,0
26494,35,107160,8,0,0,30,0
26495,39,142573,10,0,0,25,0
26496,29,203833,13,0,0,40,0
26503,18,137363,10,0,0,30,0
26506,30,391114,9,0,0,60,0
26507,27,252506,10,0,0,40,0
26511,28,394927,10,0,0,40,1
26512,51,259323,9,0,0,70,0
26513,21,207988,9,0,0,35,0
26514,33,96635,10,0,0,26,0
26515,27,192283,11,0,0,38,0
26517,33,167474,6,0,0,40,0
26519,20,201204,9,0,0,40,0
26521,29,162002,9,0,0,35,0
26523,41,224799,10,0,0,40,0
26526,54,38795,5,0,0,40,0
26527,55,90414,13,0,0,55,0
26528,21,190805,9,0,0,32,0
26529,52,23780,11,0,1977,45,1
26531,33,177331,11,0,0,40,0
26536,74,104001,9,0,0,40,1
26537,45,253116,6,0,0,40,0
26538,36,169037,9,0,0,40,0
26542,50,307392,14,0,0,40,0
26543,39,233428,9,0,0,40,0
26547,56,184598,5,0,0,99,0
26548,27,185647,9,0,0,50,1
26549,47,192894,13,0,1902,45,1
26550,40,284706,15,0,1977,60,1
26551,38,179579,9,0,0,40,0
26555,41,121718,10,0,0,40,0
26557,55,202559,13,0,0,35,0
26559,32,153326,13,0,0,40,0
26561,33,206609,9,0,0,50,0
26564,55,171355,11,0,0,20,0
26565,63,95680,10,0,0,18,1
26567,51,73670,16,4386,0,52,1
26570,27,60374,9,0,1594,26,0
26571,54,421561,14,0,0,45,1
26572,59,245196,6,0,0,40,1
26575,31,102884,9,0,0,50,0
26576,17,228399,7,0,0,7,0
26577,42,340234,9,15024,0,40,1
26578,37,176293,10,0,0,30,0
26579,51,108435,9,0,0,40,0
26580,48,161187,9,2463,0,40,0
26587,28,189346,9,0,0,48,0
26590,37,204145,11,0,0,45,1
26591,59,157305,1,0,0,40,0
26592,26,104045,9,0,0,30,0
26594,64,173754,9,0,0,40,0
26597,40,177083,14,0,0,35,0
26600,43,209894,9,0,0,40,1
26604,35,101978,9,0,0,50,0
26605,35,483530,10,0,0,40,0
26608,48,328606,15,14084,0,63,1
26612,37,348960,13,0,0,36,1
26616,43,125833,13,0,0,40,0
26618,54,311020,9,0,0,50,0
26619,62,210464,9,0,0,38,0
26620,36,135289,13,0,0,48,1
26621,27,156266,5,0,0,40,0
26622,23,154210,10,0,0,14,0
26624,39,331481,13,0,1669,60,0
26625,33,249249,3,0,0,50,1
26629,26,190330,13,0,0,30,0
26633,35,77146,11,0,0,45,0
26634,33,126414,13,0,0,40,0
26636,47,227244,13,0,0,50,1
26637,29,160731,9,0,0,45,1
26639,50,166758,10,0,0,15,0
26641,41,254818,14,0,0,40,0
26642,19,220517,10,0,0,35,0
26643,45,295046,9,0,0,60,1
26645,42,211915,10,0,0,40,0
26646,33,295621,13,0,0,25,1
26648,42,204235,10,0,0,40,1
26652,37,164898,10,0,0,52,0
26653,24,278155,10,0,0,30,0
26660,46,344172,12,0,0,49,1
26661,38,222450,10,0,0,40,0
26664,33,203488,10,0,0,40,0
26666,31,243665,9,0,0,41,1
26667,26,189238,10,0,0,4,0
26668,42,77373,10,0,0,38,0
26674,47,199058,15,0,0,40,1
26675,56,285730,14,0,0,66,0
26681,19,560804,10,0,0,30,0
26682,56,365050,4,0,0,20,0
26683,22,110200,13,0,0,40,0
26684,28,150025,7,0,0,40,0
26686,28,109282,10,0,0,40,0
26688,22,34747,9,0,0,35,0
26689,39,137522,9,0,0,40,1
26696,48,73434,9,0,0,40,1
26698,54,172962,9,0,0,40,0
26699,44,44006,11,0,0,40,0
26701,37,212826,9,0,0,40,0
26703,59,200700,12,0,0,40,0
26704,59,41258,13,0,0,50,0
26708,37,114765,10,0,0,40,0
26711,34,143392,9,0,0,40,0
26713,22,150683,9,0,0,24,0
26714,27,207611,9,0,0,52,0
26716,39,155961,9,0,0,38,0
26718,63,447079,9,0,0,15,0
26720,18,155752,9,0,0,30,0
26722,23,111450,8,0,0,38,0
26724,17,228786,6,0,0,24,0
26726,28,180271,13,0,0,65,1
26727,51,237819,13,0,0,50,1
26729,64,379062,10,0,0,12,0
26732,18,312353,8,0,0,20,0
26736,65,154171,15,20051,0,60,1
26739,51,388496,10,0,0,8,1
26741,58,210031,9,0,0,40,0
26745,31,118551,5,0,0,40,0
26750,48,155862,9,0,0,65,0
26752,18,243900,9,0,0,15,0
26753,23,231160,10,0,0,25,0
26754,31,356882,9,5013,0,40,0
26755,38,49020,9,0,0,40,0
26756,19,105460,10,0,0,20,0
26765,18,160984,7,0,0,15,0
26766,18,255282,7,0,1602,48,0
26767,20,346341,10,0,0,35,0
26770,52,192386,14,5013,0,40,0
26773,26,55929,13,0,0,40,0
26774,48,177018,14,0,0,50,1
26777,49,165468,9,7688,0,55,1
26778,24,49218,9,0,0,40,0
26779,74,119129,9,0,2149,20,0
26785,23,55674,13,2907,0,40,0
26787,47,34845,9,0,0,60,0
26788,27,200733,9,0,0,55,0
26792,33,125856,9,0,0,40,0
26796,48,147397,9,0,0,36,0
26799,54,163826,9,0,0,40,0
26801,26,386949,9,0,0,25,0
26802,36,116133,9,0,0,57,0
26807,23,502316,13,0,0,40,0
26810,39,167728,13,0,0,40,1
26812,60,26756,9,0,0,50,0
26815,47,340982,10,3103,0,40,1
26816,49,102308,13,0,0,42,1
26817,19,84747,9,0,0,24,0
26819,66,185336,9,0,0,35,0
26823,36,146412,10,0,0,40,0
26824,33,193042,9,0,0,60,1
26825,41,53956,13,0,1980,56,0
26827,78,33186,4,0,0,60,0
26828,36,144154,9,0,0,40,0
26829,30,194901,15,0,0,55,0
26830,35,335777,10,0,0,40,0
26834,40,141245,13,0,0,40,0
26835,49,298130,4,0,0,40,0
26836,19,186096,9,0,0,30,0
26838,46,102308,9,0,0,56,1
26841,21,109952,9,0,0,40,0
26842,24,164529,8,0,0,40,0
26844,23,103588,10,0,0,25,0
26845,38,248919,9,0,2051,40,0
26847,38,136137,10,0,0,50,1
26849,39,177728,14,0,0,40,0
26850,40,243580,13,0,0,48,0
26851,21,188535,10,0,0,40,0
26853,23,219535,9,0,0,40,0
26854,44,180609,9,0,0,40,0
26857,51,102615,14,0,1977,40,1
26859,57,124137,10,0,0,40,0
26862,24,203076,9,0,0,40,0
26865,27,266973,9,0,0,60,0
26866,32,188048,13,0,0,40,0
26867,20,366929,10,0,0,35,0
26874,24,159580,13,0,0,75,0
26875,45,117409,10,0,0,40,1
26876,20,140001,10,0,0,40,0
26877,49,31650,13,0,0,45,0
26879,30,66278,9,0,0,40,0
26880,23,107801,10,0,1617,25,0
26881,33,206609,13,0,0,45,0
26882,35,282461,9,0,0,50,0
26886,33,137674,9,0,0,40,0
26890,60,63526,13,0,0,40,1
26891,38,216924,11,0,0,40,0
26894,50,168539,9,0,0,40,1
26899,53,311350,13,0,0,50,1
26900,37,113750,13,0,0,40,0
26904,38,267540,10,0,0,38,0
26906,48,191277,11,0,0,50,1
26907,30,78980,11,0,0,40,1
26910,33,120508,13,0,0,60,0
26915,54,121761,9,0,0,50,0
26917,46,268281,13,0,0,40,0
26924,32,51150,11,0,0,40,0
26927,50,72351,13,0,0,45,0
26929,36,188571,9,0,0,40,0
26930,22,255252,9,0,0,40,0
26935,34,183801,13,0,0,14,0
26940,65,146454,14,0,1648,4,0
26943,18,376647,9,2176,0,25,0
26948,40,226902,14,15024,0,50,1
26949,44,150755,13,5013,0,40,0
26950,24,200679,9,0,0,50,0
26951,71,183678,15,0,0,16,0
26952,17,33138,8,0,0,40,0
26954,71,35303,13,9386,0,30,1
26957,41,58124,9,0,0,40,0
26958,25,356344,13,0,0,40,0
26959,42,444134,9,0,0,15,0
26962,57,334585,6,0,0,40,0
26963,27,331046,13,0,0,45,0
26964,46,443179,13,0,0,8,0
26966,24,100345,13,0,0,20,0
26968,33,112383,10,0,0,40,0
26971,44,190532,14,0,0,55,0
26972,53,266598,9,0,0,40,1
26974,36,353263,13,0,0,45,1
26978,18,342852,9,0,0,40,0
26981,68,146645,16,20051,0,50,1
26982,33,221966,13,2202,0,50,0
26987,37,497300,9,0,0,40,0
26991,25,190350,6,0,0,35,0
26995,45,81400,2,0,0,25,0
26997,57,180920,9,0,0,40,1
27009,61,28291,9,0,0,82,0
27010,42,121998,10,15024,0,40,1
27011,42,31621,12,0,0,40,0
27015,35,112271,10,0,0,45,0
27016,30,173350,11,0,0,40,0
27019,36,290409,10,0,0,40,0
27021,56,370045,13,0,0,40,1
27022,26,36936,11,0,2002,40,0
27025,38,102178,9,0,0,50,0
27026,76,135039,9,0,0,20,0
27027,35,317780,10,0,0,40,0
27035,43,143939,9,0,0,50,1
27038,39,230054,14,0,0,50,1
27040,37,321943,15,0,0,40,1
27041,26,218782,9,0,0,40,0
27045,20,199268,10,0,0,20,0
27046,34,255693,9,0,0,20,0
27051,38,116358,10,0,0,40,0
27055,26,150226,13,0,0,35,0
27056,28,137898,9,0,0,35,0
27057,54,146574,9,0,0,40,1
27060,23,284898,10,0,0,30,0
27062,58,203039,5,0,0,40,0
27070,34,133503,10,2174,0,40,0
27075,24,216563,9,0,0,40,0
27081,21,39236,10,0,0,50,0
27083,52,75839,10,0,0,40,0
27084,34,176711,9,0,0,40,0
27085,20,266525,10,594,0,20,0
27089,43,198965,14,0,0,40,1
27090,25,288185,5,0,0,40,0
27091,21,198050,12,0,0,25,0
27096,37,93225,10,7688,0,40,1
27097,38,323269,10,0,0,40,0
27098,35,158046,10,5013,0,70,0
27100,44,172296,10,0,0,60,0
27104,23,82497,10,0,0,28,0
27107,25,19214,9,0,0,40,0
27110,50,158294,11,3103,0,40,1
27115,35,270572,13,0,0,40,1
27117,17,126779,7,0,0,20,0
27118,49,202874,9,0,0,40,0
27122,50,162632,9,0,0,2,0
27124,27,37088,13,0,0,30,0
27126,23,188535,4,0,0,35,0
27127,20,349365,9,0,0,40,0
27131,35,275522,4,0,0,80,0
27132,22,43646,9,0,0,40,0
27134,28,47907,13,0,0,40,0
27135,38,238397,13,0,0,24,0
27137,22,354351,10,0,0,40,0
27144,23,124971,10,0,0,40,0
27153,38,377486,9,0,0,36,0
27154,42,137232,9,0,0,50,0
27155,53,233369,10,0,0,40,0
27156,29,71067,15,0,0,55,0
27157,59,195176,13,0,0,72,0
27158,31,98639,9,0,0,40,0
27163,30,206046,9,0,1848,40,1
27164,46,81497,9,0,0,48,0
27168,44,160829,13,0,0,20,1
27169,25,483822,9,0,0,40,0
27170,48,148738,10,0,0,40,0
27171,23,289982,9,0,0,40,0
27172,33,58702,11,3103,0,50,1
27174,23,420973,13,0,0,40,0
27177,36,198237,13,15024,0,50,1
27178,27,280758,7,0,0,60,0
27179,40,191544,9,0,0,35,0
27180,30,261023,10,0,0,50,0
27181,30,231043,11,0,0,40,0
27183,35,167140,13,5013,0,40,0
27187,32,78530,10,15024,0,50,1
27191,37,134367,13,0,0,37,1
27192,47,199058,9,0,0,40,1
27194,40,191982,11,0,0,40,1
27195,22,514033,9,0,0,80,0
27200,53,43952,14,15024,0,38,1
27202,23,235853,9,0,0,40,0
27205,20,41432,10,0,0,46,0
27207,38,470663,13,0,0,50,0
27210,46,224559,9,0,0,40,0
27211,59,186385,6,0,0,40,0
27215,42,181265,11,0,0,48,0
27216,58,190997,10,0,0,40,1
27220,25,165622,14,0,0,55,0
27224,26,106812,11,0,0,38,0
27226,45,187581,10,0,0,40,1
27237,21,185251,9,0,0,40,0
27241,36,175232,9,5178,0,40,1
27242,21,51047,9,0,0,25,0
27245,56,205601,16,99999,0,70,1
27246,52,129177,13,0,2824,20,1
27247,51,121548,13,0,0,25,0
27251,21,170800,9,0,0,30,0
27252,58,373344,2,0,0,40,0
27258,50,167380,4,0,0,40,0
27259,39,203204,12,0,0,25,1
27260,35,105138,15,0,0,55,0
27261,54,145714,9,7688,0,25,1
27263,20,275385,9,0,0,45,0
27270,60,124987,13,7298,0,40,1
27272,30,119411,13,0,0,40,0
27273,19,198668,4,0,0,40,0
27275,27,234664,10,0,0,40,1
27278,33,189710,4,0,0,45,0
27280,34,195576,13,0,0,50,1
27281,20,216825,9,0,0,25,0
27284,28,181291,13,0,1564,50,1
27286,28,38309,13,6849,0,40,0
27293,45,190115,12,0,0,40,0
27298,54,139703,10,3103,0,40,1
27300,30,132565,10,0,0,40,0
27301,49,323798,10,3325,0,50,0
27308,61,232618,15,0,0,40,1
27310,32,157747,10,0,0,45,0
27316,38,112093,7,0,0,40,0
27317,24,197552,9,0,0,40,0
27324,34,32528,11,0,974,40,0
27325,47,118447,13,0,0,60,1
27327,23,141003,9,0,0,60,0
27328,43,216042,10,0,1617,72,0
27329,45,190482,9,0,0,40,0
27331,68,186943,9,0,0,8,0
27334,37,127772,13,0,0,40,0
27335,19,344414,10,0,0,40,0
27339,21,306114,9,0,0,35,0
27340,72,177121,13,0,0,3,0
27341,58,368797,14,0,0,35,1
27342,43,175715,9,0,0,55,0
27345,26,339952,10,0,0,60,0
27347,34,164190,10,0,1902,38,1
27348,49,166039,9,0,0,40,0
27349,28,250135,9,0,0,40,0
27350,34,234960,13,0,1887,48,1
27357,47,169388,7,0,0,15,0
27359,48,237525,13,7688,0,65,1
27371,57,426263,14,0,0,40,1
27373,40,277647,13,0,0,40,1
27375,47,193061,10,0,0,60,0
27376,50,121411,8,0,0,40,0
27377,36,89202,13,0,0,50,0
27379,30,319280,9,0,0,40,1
27381,42,193494,9,0,0,40,1
27384,35,92028,14,0,0,50,1
27385,27,174419,13,0,0,40,0
27387,46,383384,9,0,0,40,0
27388,45,198223,13,0,1902,45,1
27389,20,109813,7,0,0,40,0
27391,40,45687,10,4787,0,50,1
27393,33,96128,7,0,0,40,0
27395,55,35340,10,0,0,50,0
27397,52,254211,14,15024,0,60,1
27398,29,351324,10,0,0,40,0
27400,37,64922,13,0,0,70,0
27403,24,254767,4,2105,0,50,0
27405,47,109421,13,0,0,50,0
27407,39,156897,9,0,2258,42,1
27409,47,29819,14,0,1977,50,1
27410,27,244566,6,0,0,40,0
27411,29,253801,9,0,0,40,0
27413,37,150566,9,0,0,44,0
27414,38,237713,13,0,0,60,0
27416,48,187969,14,0,0,80,0
27420,35,167062,9,0,0,40,0
27421,18,190325,7,0,0,30,0
27422,45,108859,9,0,0,40,0
27423,36,344351,9,0,0,40,0
27426,17,183066,6,0,0,40,0
27428,31,185480,9,0,0,40,1
27430,42,94600,9,5178,0,40,1
27431,37,302604,10,0,0,40,0
27432,40,248094,9,0,0,40,0
27436,26,248990,7,0,0,40,1
27437,25,40512,13,3674,0,30,0
27438,37,117381,9,0,0,80,1
27439,18,173125,8,0,0,24,0
27442,24,198259,9,0,0,30,0
27443,33,167939,9,0,0,25,0
27446,36,272950,10,0,0,50,0
27448,24,116800,11,0,0,35,0
27452,46,54985,9,0,1887,40,1
27455,44,302424,9,0,0,55,0
27459,45,234699,9,0,0,60,1
27461,52,189728,9,0,0,50,0
27463,41,108681,10,0,0,40,0
27466,46,172581,13,0,1902,50,1
27474,45,195554,9,0,0,45,1
27477,73,139978,7,0,0,40,0
27479,64,178724,9,0,0,20,0
27480,38,341643,12,0,0,60,0
27481,37,289653,9,0,0,50,1
27484,46,116338,14,0,0,50,1
27487,54,439608,10,0,0,40,0
27495,20,194891,9,0,0,40,0
27500,70,379819,10,10566,0,40,0
27501,74,97167,9,0,0,15,0
27502,37,244803,9,0,0,40,0
27505,42,258589,9,0,0,60,1
27515,17,297117,7,0,0,40,0
27523,50,254148,10,0,0,40,0
27525,32,171116,9,0,0,40,0
27526,53,96062,13,0,1902,48,1
27527,27,276776,10,0,0,40,1
27529,29,149211,13,0,0,40,0
27530,35,58343,9,0,0,44,0
27533,26,137367,10,0,0,44,0
27535,31,34503,11,0,0,40,1
27537,20,223515,10,0,0,40,0
27539,32,116365,9,0,0,20,0
27540,36,111268,12,0,0,40,0
27543,46,199596,10,0,0,50,0
27554,40,33658,9,0,0,40,0
27556,29,200928,9,0,0,40,1
27558,28,214385,11,0,0,40,0
27560,38,173047,13,0,213,40,0
27561,59,241297,10,6849,0,40,0
27562,18,329054,7,0,0,15,0
27563,40,274158,9,0,0,40,0
27565,35,200117,13,0,1887,50,1
27575,73,89852,2,0,0,40,0
27578,52,241444,2,0,0,50,0
27579,43,85995,9,0,0,40,0
27580,67,116986,8,0,0,20,0
27582,36,20507,9,7688,0,50,1
27584,31,117816,4,0,0,70,0
27586,26,45869,13,0,0,40,0
27587,48,186539,10,0,0,40,0
27588,40,326310,10,0,0,44,0
27591,34,72793,13,0,0,15,0
27592,29,261375,9,0,0,60,0
27593,50,77905,13,0,0,8,0
27596,66,180211,13,0,0,30,0
27597,65,79272,10,0,0,6,0
27598,60,101198,11,0,0,20,0
27601,26,160340,9,0,0,60,0
27603,58,69579,10,0,0,20,0
27609,19,541282,10,0,0,40,0
27610,29,155970,9,0,0,40,1
27611,52,99682,10,0,0,52,1
27613,21,296158,9,0,0,40,0
27615,59,188070,14,0,0,35,1
27619,40,145504,9,0,0,40,0
27620,19,459248,9,0,0,30,0
27621,30,288419,3,0,0,40,0
27625,21,210355,7,0,0,24,0
27628,20,105585,10,0,0,25,0
27632,49,201498,9,0,0,40,0
27633,53,251675,10,8614,0,50,1
27636,73,84053,9,0,0,15,0
27639,58,123329,9,0,0,16,0
27644,32,209808,10,0,1740,47,0
27645,44,56236,10,2202,0,45,0
27648,43,281422,12,0,0,45,0
27652,63,203783,9,0,0,72,0
27653,29,205499,10,0,0,45,0
27654,44,145441,13,7298,0,48,1
27656,37,186934,10,0,0,40,0
27657,62,209433,9,0,0,40,0
27658,31,80933,9,0,0,52,0
27660,48,254809,6,0,1594,32,0
27662,56,175057,13,0,0,40,0
27665,34,98283,15,0,1564,40,1
27667,29,152503,10,0,0,45,0
27669,23,82393,5,0,0,20,0
27670,37,167396,9,0,0,40,0
27671,30,123397,10,0,0,30,0
27673,42,118652,12,0,0,40,0
27677,25,231016,14,4650,0,37,0
27678,41,60949,9,0,0,55,0
27679,49,129513,9,0,0,50,1
27681,31,117507,9,0,0,45,0
27685,47,114459,16,0,0,50,1
27686,17,176017,6,0,0,15,0
27687,39,248445,3,0,0,40,0
27688,23,214542,10,0,0,20,0
27690,36,403489,14,0,0,45,1
27691,52,143953,13,0,1902,40,1
27695,41,193995,9,0,0,44,0
27697,38,205852,9,0,0,45,1
27701,19,100009,10,0,0,15,0
27703,42,135056,10,0,0,40,0
27704,36,135162,9,0,0,45,0
27705,29,280618,10,0,0,40,0
27706,17,226717,8,0,0,20,0
27707,47,173938,13,0,0,50,1
27709,61,160155,10,0,0,40,1
27712,59,172071,9,0,0,38,0
27713,29,166210,10,0,0,55,0
27714,26,330263,9,0,0,40,0
27717,25,130557,13,0,0,40,0
27719,29,220692,11,0,0,40,0
27723,33,99339,12,0,880,40,0
27733,23,188409,7,4508,0,25,0
27734,44,173888,4,0,0,80,1
27735,25,247006,12,0,0,45,0
27739,31,112062,13,0,0,40,0
27740,19,299050,7,0,0,60,0
27741,22,186452,10,0,0,36,0
27742,53,548580,10,0,0,40,0
27744,45,241350,9,0,0,40,0
27745,69,108196,5,2993,0,40,0
27750,37,28887,9,0,0,40,1
27751,37,77820,13,0,0,45,1
27752,22,110946,10,0,0,40,0
27756,28,283227,10,0,0,65,0
27757,28,141957,13,0,0,50,0
27761,24,205844,13,0,0,65,0
27762,30,46144,9,0,0,38,0
27770,39,190719,10,0,0,45,0
27776,36,229180,10,0,0,40,0
27778,21,312017,10,0,0,40,0
27780,76,70697,4,0,0,25,0
27782,37,188774,13,0,0,40,0
27783,34,302770,10,0,0,60,0
27788,43,117627,10,0,0,40,0
27790,74,183701,6,0,0,6,0
27791,27,208406,13,0,0,30,0
27793,90,87285,9,0,0,24,0
27795,42,173628,13,0,0,40,1
27796,69,370837,13,0,0,40,0
27798,23,342769,13,0,0,20,0
27799,44,65145,9,0,0,30,0
27801,47,272182,10,0,0,40,0
27806,43,115806,14,0,2547,40,1
27810,27,190911,9,0,0,45,0
27813,79,142370,15,0,0,10,0
27814,24,173679,11,0,0,20,0
27815,25,35854,10,0,0,40,0
27816,42,82161,6,0,0,35,0
27817,63,129845,4,0,0,40,0
27818,40,226505,9,0,0,46,1
27820,42,136419,9,0,0,50,1
27824,65,205309,9,0,0,20,0
27825,30,156890,6,0,0,40,0
27826,62,208711,13,7688,0,50,1
27831,21,355686,9,0,0,10,0
27833,61,115023,9,0,0,40,0
27834,30,234824,9,0,0,72,0
27839,32,188245,7,0,0,40,0
27842,57,290661,16,0,0,60,1
27843,41,221172,13,0,0,40,1
27844,23,188950,11,0,0,40,0
27848,56,301835,3,0,0,40,0
27849,32,313729,9,0,0,40,0
27851,17,197732,7,0,0,12,0
27854,23,232512,9,0,0,40,0
27856,39,38721,9,0,0,22,0
27857,36,201519,13,0,0,40,1
27861,71,100820,9,0,2489,15,0
27862,56,208431,10,0,0,32,0
27865,53,171924,13,14344,0,55,1
27867,27,156516,10,0,2377,20,0
27870,54,147863,11,5013,0,40,0
27873,36,181721,6,0,0,60,0
27875,33,92865,10,0,0,40,0
27876,19,258633,10,0,0,25,0
27878,41,183224,14,0,0,40,1
27882,26,158333,3,0,0,40,0
27883,36,288103,7,0,0,40,0
27885,46,358533,10,0,0,40,1
27888,38,199816,9,0,0,40,0
27891,38,22245,9,0,0,60,1
27892,36,226918,13,0,0,48,0
27893,47,398652,9,0,0,50,1
27894,59,268840,10,0,0,16,1
27895,35,103710,13,0,0,16,0
27896,59,91384,16,0,0,60,1
27897,52,174767,10,0,0,45,1
27901,67,345236,13,0,0,55,0
27904,71,228806,5,0,0,6,0
27907,18,161063,9,0,0,40,0
27908,29,253752,6,0,0,40,0
27914,18,118376,10,0,0,15,0
27918,51,63685,9,0,0,50,0
27924,28,411950,9,0,0,40,0
27925,23,275818,10,0,1974,40,0
27926,18,318082,10,0,0,35,0
27929,42,115932,13,0,0,40,0
27931,17,140117,6,0,0,12,0
27932,34,158040,13,0,0,45,0
27933,30,321990,14,15024,0,60,1
27942,41,288433,14,0,0,40,0
27943,47,329205,13,0,0,40,0
27947,17,47771,7,0,0,20,0
27953,38,71701,11,0,0,40,0
27957,25,167031,6,0,0,40,0
27958,41,173682,14,0,0,40,0
27963,56,100776,9,0,0,50,0
27968,49,263568,13,0,0,60,1
27969,67,74335,9,0,0,10,0
27973,34,405577,10,0,0,40,0
27974,51,167065,9,0,0,40,0
27975,26,102476,13,0,0,40,0
27976,28,526528,10,3887,0,40,0
27980,40,75363,10,0,0,40,0
27981,38,272671,13,0,0,50,0
27982,67,411007,9,15831,0,40,1
27984,26,180246,10,7688,0,40,1
27985,25,171236,9,0,0,40,0
27990,45,320818,10,0,0,40,0
27991,47,84735,14,0,0,20,1
27996,23,175837,7,0,0,40,0
27997,50,177487,9,0,0,40,0
27998,44,286750,13,0,1902,40,1
28002,24,204226,14,0,0,40,0
28003,46,72506,9,0,0,40,0
28005,37,194630,14,0,0,40,0
28006,29,391867,11,0,0,40,1
28007,40,94080,12,0,0,40,1
28008,17,289405,7,0,0,12,0
28011,30,447739,16,0,0,60,0
28012,90,39824,9,401,0,4,0
28016,25,106377,10,0,0,40,0
28017,41,66118,13,0,0,40,0
28021,49,177426,9,0,0,20,0
28024,24,235894,9,0,0,38,0
28030,35,265954,13,0,0,40,0
28031,58,100960,9,0,0,50,0
28035,69,36956,10,20051,0,50,1
28040,56,367200,9,0,0,40,0
28043,50,140741,7,0,0,40,0
28045,46,123053,14,0,0,50,1
28046,23,330571,13,0,0,25,0
28047,44,204235,9,0,0,40,0
28051,78,135839,9,1086,0,20,0
28052,18,36251,6,0,0,15,0
28055,31,29152,8,0,0,40,0
28059,19,148392,9,0,0,30,0
28060,31,164243,10,0,1579,40,0
28061,43,129298,14,0,0,40,1
28062,49,174981,14,0,0,47,1
28064,27,77774,9,0,0,34,0
28065,38,134069,14,7298,0,60,1
28066,35,209214,9,4386,0,35,1
28067,29,153805,9,0,0,40,0
28068,27,168827,13,0,0,2,0
28069,31,373432,5,0,0,43,0
28070,26,57600,13,0,0,40,0
28071,53,302847,9,0,0,35,0
28076,22,276133,9,0,0,50,0
28077,62,136314,10,0,0,40,0
28079,59,223215,13,0,1977,50,1
28082,27,158647,10,0,0,40,0
28087,35,79050,9,0,0,72,0
28089,46,116952,4,0,0,45,0
28090,45,331643,10,0,0,40,1
28091,33,207937,9,0,1092,40,0
28093,33,340332,13,0,0,45,0
28094,23,184813,10,0,0,20,0
28097,35,248374,10,0,0,40,0
28098,40,382499,9,0,0,50,0
28100,46,161386,5,0,0,50,0
28101,49,110172,9,0,0,40,0
28102,41,144032,9,0,0,60,0
28104,37,230408,9,0,0,20,0
28106,20,174714,10,0,0,20,0
28108,30,149531,10,0,0,40,0
28112,48,160647,10,0,0,40,1
28116,38,167725,13,0,0,84,0
28118,67,105907,2,0,0,20,0
28119,23,200677,6,0,0,40,0
28123,35,49020,14,0,0,60,1
28125,31,286406,9,3325,0,40,0
28126,36,166416,9,0,0,40,0
28129,40,112362,14,0,0,40,0
28130,52,200419,12,0,0,50,0
28134,52,321959,10,0,0,40,1
28137,43,132130,11,0,0,40,1
28138,57,222247,8,0,0,40,1
28139,35,165799,9,0,0,60,0
28140,30,257874,13,0,0,30,0
28142,45,305739,10,0,0,40,0
28148,26,101812,9,5721,0,40,0
28152,40,280362,9,0,0,35,0
28155,33,433375,2,0,0,35,0
28156,63,106551,9,0,0,40,0
28157,53,22418,9,0,0,40,0
28160,43,190044,6,0,0,40,0
28164,44,326232,4,0,0,48,0
28168,44,95255,10,0,0,40,0
28173,23,287681,9,0,0,40,0
28174,41,49797,10,0,0,40,0
28178,47,191277,10,0,0,50,1
28181,32,236543,8,0,0,54,0
28183,34,216864,9,0,3770,45,0
28193,45,195949,9,0,0,40,0
28195,57,223214,9,0,0,50,0
28196,39,22245,13,0,0,60,0
28197,45,81853,10,0,0,40,1
28199,27,29261,9,0,0,40,1
28200,44,257758,16,0,0,40,1
28202,38,205493,9,0,0,60,1
28203,19,71650,9,0,0,40,0
28204,39,150217,10,0,0,38,0
28206,17,114798,6,0,0,20,0
28208,36,175255,9,0,0,35,0
28211,26,193165,10,0,0,52,1
28213,21,221418,9,0,0,40,0
28215,34,153927,9,0,0,40,0
28216,33,163110,13,0,0,20,0
28217,40,175696,9,0,0,51,0
28218,46,143189,3,0,0,40,0
28220,54,32778,9,0,0,40,0
28221,23,150683,10,0,0,40,0
28223,25,335005,10,3137,0,40,0
28228,43,117471,9,0,0,40,0
28230,31,142038,9,0,0,45,0
28232,48,50402,10,0,0,40,0
28233,43,174090,9,0,0,20,1
28235,24,24243,9,0,1590,40,0
28236,44,151089,9,0,1887,70,1
28240,59,261232,7,0,0,40,0
28242,38,129573,14,0,0,40,1
28243,51,36186,13,0,0,40,1
28244,24,325744,9,0,0,40,0
28245,58,329793,13,0,0,45,1
28248,76,239880,9,0,0,8,0
28250,51,192182,10,7298,0,40,1
28254,42,199095,11,0,0,40,0
28255,53,104461,13,8614,0,50,1
28256,33,183923,14,7688,0,35,1
28257,30,129707,13,99999,0,35,1
28260,34,69251,9,0,0,40,1
28262,46,167515,10,0,1977,50,1
28263,35,407068,2,0,0,40,0
28264,40,170019,9,0,0,40,0
28266,43,35824,14,0,0,40,1
28267,35,67083,9,0,0,40,0
28270,43,118536,9,0,0,40,0
28271,61,198078,9,0,0,40,1
28274,36,241998,13,0,1672,50,0
28278,24,55424,13,0,0,40,0
28280,40,319271,14,0,0,60,1
28282,31,182896,9,0,0,40,0
28284,25,211497,10,0,0,40,0
28285,46,113806,8,7298,0,40,1
28290,28,209801,5,0,0,40,0
28291,20,178517,10,0,0,40,0
28292,51,169364,10,0,0,40,0
28293,32,164707,9,0,0,40,1
28296,46,184169,14,7688,0,35,1
28298,65,24824,9,0,0,40,0
28305,67,64148,10,0,0,41,0
28309,33,554986,10,0,0,40,0
28312,53,139671,13,0,1902,40,1
28316,65,22907,4,0,0,40,0
28322,25,248313,11,0,0,40,0
28323,31,30290,9,0,0,40,0
28325,39,237943,13,0,0,30,1
28328,37,171090,5,0,0,48,0
28334,36,182074,10,0,0,45,0
28335,53,176557,14,0,0,50,0
28338,36,183425,10,0,0,40,0
28340,40,180123,9,0,0,40,0
28342,28,183802,9,0,0,55,0
28347,48,181307,9,0,0,60,1
28349,18,137363,10,0,0,4,0
28350,20,291979,9,0,0,20,0
28354,32,127651,9,0,0,40,0
28356,47,276087,11,0,0,26,0
28357,34,386877,9,0,0,40,0
28358,61,210464,9,0,0,35,0
28359,25,632834,9,0,0,40,0
28360,26,245465,12,0,0,30,0
28361,18,198087,9,0,0,30,0
28364,56,314727,9,0,0,35,1
28368,42,112181,9,0,0,40,0
28369,28,339002,9,0,0,20,0
28373,52,204447,9,4386,0,40,1
28375,39,187089,10,0,0,40,0
28381,55,141549,9,0,0,40,0
28382,27,214858,6,0,0,55,0
28384,54,365049,10,0,0,40,0
28390,46,120131,13,0,0,30,1
28392,23,152328,10,0,0,40,0
28394,67,95113,9,0,0,37,1
28395,36,247558,15,5178,0,60,1
28399,56,205735,2,0,0,40,0
28401,39,355468,9,0,1887,46,1
28407,22,60783,6,0,0,15,0
28408,26,179772,13,0,0,45,0
28413,72,496538,9,6360,0,40,0
28414,35,153066,9,0,0,60,1
28417,20,256240,9,0,0,30,0
28419,41,37848,9,0,0,25,0
28421,27,183511,9,0,0,40,0
28425,45,240356,10,0,0,55,0
28427,38,32916,10,0,0,45,0
28428,17,117477,6,0,0,40,0
28429,33,34748,9,0,1887,20,1
28431,23,95989,10,0,0,30,0
28434,31,505438,9,0,0,30,0
28435,37,179731,9,0,0,35,0
28436,53,122109,9,0,1876,38,0
28438,33,106670,13,0,0,40,1
28439,41,123403,9,0,0,40,0
28443,35,260578,9,0,0,40,1
28444,64,96076,11,0,0,40,1
28445,28,70604,9,0,0,38,0
28448,28,116531,9,0,0,40,0
28449,38,214542,10,0,0,40,0
28451,19,258633,10,0,0,30,0
28454,55,99131,9,0,2246,40,1
28455,52,125796,14,0,1848,40,1
28458,47,133758,9,0,1974,40,0
28461,26,174921,13,0,0,40,0
28464,18,155905,14,0,0,60,0
28465,30,467108,13,0,0,45,0
28466,34,304622,13,0,0,50,0
28469,25,162687,8,0,0,40,1
28471,48,158924,9,0,0,40,1
28473,33,33404,9,0,0,65,1
28474,65,178771,9,0,0,40,0
28475,52,168553,9,0,1977,40,1
28476,27,110648,13,0,0,40,0
28478,45,142871,10,0,0,50,0
28479,18,343161,7,0,0,16,0
28480,27,183523,13,0,0,45,0
28482,44,121874,10,0,0,55,1
28483,30,467108,14,0,0,44,1
28484,26,34393,10,0,0,40,0
28485,28,42003,10,0,0,40,1
28487,49,199590,9,0,0,50,0
28489,50,155594,12,0,0,50,1
28490,53,162576,4,0,0,99,0
28492,22,269474,10,0,0,10,0
28494,26,39640,10,0,0,60,0
28497,52,290856,13,0,0,40,1
28502,33,88913,10,0,0,40,0
28503,34,288486,7,0,0,40,0
28505,37,99935,14,7688,0,50,1
28508,21,204596,12,0,0,8,0
28510,23,196674,10,0,0,40,0
28511,54,108435,9,0,0,20,0
28512,38,186359,10,0,0,40,1
28514,22,262819,10,0,0,40,0
28517,36,127306,9,0,0,47,0
28519,40,140108,5,0,0,40,0
28521,46,265554,9,0,0,40,0
28523,46,20534,13,0,0,45,0
28526,27,411950,13,0,0,60,0
28528,75,187424,9,0,0,20,0
28529,42,198316,14,0,0,40,1
28530,36,139703,14,0,0,40,0
28531,51,152596,9,0,0,40,0
28533,44,82601,13,0,0,40,0
28534,20,229843,10,0,0,20,0
28536,47,188386,13,0,0,45,1
28537,73,92298,7,0,0,15,0
28538,27,390657,9,0,0,40,0
28540,35,314897,4,0,0,40,0
28542,45,88781,13,0,0,40,1
28549,48,148306,14,0,0,40,0
28551,53,224894,3,0,0,10,0
28552,19,258470,9,0,0,40,0
28558,24,99970,13,0,0,40,0
28566,29,234447,10,0,0,40,0
28567,35,125933,13,0,0,50,1
28570,40,48859,9,0,0,32,0
28574,46,123075,9,0,0,70,0
28576,36,81896,13,0,0,45,0
28582,48,265295,13,0,0,40,1
28583,37,174308,9,0,0,40,0
28584,32,196342,16,0,0,40,1
28585,55,223594,10,7688,0,40,1
28588,45,50163,9,0,0,30,0
28590,22,218215,10,0,0,40,0
28591,22,166371,10,0,0,40,0
28592,36,169469,10,7298,0,40,1
28594,68,214521,15,0,0,16,0
28598,53,158294,14,7298,0,40,1
28602,45,165232,10,0,0,40,0
28604,30,356689,13,0,0,30,0
28605,46,132912,9,0,0,45,1
28606,45,187226,12,0,0,40,0
28608,40,202565,12,0,0,52,0
28609,38,103925,9,2036,0,20,0
28612,36,102729,10,0,0,40,0
28613,40,558944,4,0,0,40,0
28614,18,256967,6,0,0,40,0
28615,62,144583,9,0,0,40,0
28616,63,102412,9,0,0,40,0
28619,47,148171,16,0,0,50,1
28620,20,271354,9,0,0,40,0
28625,36,102945,11,0,0,40,0
28627,41,186601,9,0,0,40,0
28631,32,117779,9,0,0,35,0
28632,22,34616,10,0,0,20,0
28637,34,101266,13,0,0,62,0
28639,35,142282,10,0,0,25,0
28640,39,103984,13,0,0,40,0
28641,64,187601,10,0,0,40,0
28643,29,106334,14,0,0,40,0
28645,43,110355,9,0,0,45,0
28649,24,108495,10,0,0,40,0
28651,69,182451,13,0,0,40,0
28652,30,124020,9,0,0,40,0
28658,21,262241,9,0,0,40,0
28659,27,420054,9,9562,0,50,1
28665,29,192010,13,0,0,60,0
28668,34,684015,3,0,0,40,0
28674,41,57233,13,0,0,70,0
28678,47,214800,11,0,0,40,0
28679,43,241528,14,0,0,40,0
28680,35,197365,9,0,0,40,0
28681,34,296724,10,0,0,17,0
28682,26,136226,9,0,0,40,0
28683,50,40623,10,0,0,40,0
28686,18,236090,9,0,0,40,0
28688,71,210673,9,0,0,28,0
28689,55,60193,9,0,0,40,0
28693,39,423605,8,0,1848,40,1
28695,42,318255,9,0,0,40,0
28698,34,405386,10,0,0,28,0
28702,30,189620,10,6849,0,40,0
28703,17,413557,7,0,0,32,0
28704,26,246025,9,0,0,20,0
28707,19,247298,8,0,0,20,0
28708,28,140108,14,0,0,50,0
28709,55,216941,9,2885,0,40,0
28710,49,81654,15,0,0,60,1
28711,23,177526,13,0,0,40,0
28712,43,64631,9,0,0,40,0
28713,40,110028,10,0,0,40,0
28715,23,163870,10,0,0,40,0
28717,20,50648,9,0,0,35,0
28718,21,166517,9,0,0,40,0
28720,44,181762,10,0,0,50,0
28721,31,340880,13,0,0,48,0
28722,50,114758,13,4416,0,45,0
28725,34,183778,9,0,0,40,0
28733,35,202027,14,7688,0,55,1
28739,60,140544,9,0,0,40,0
28745,27,101709,9,0,0,40,0
28746,49,140121,9,0,0,50,0
28749,34,117444,13,0,0,65,1
28752,24,223811,10,0,0,40,0
28756,38,137953,9,0,0,45,0
28758,24,461678,10,0,0,50,1
28759,41,70884,9,0,0,40,0
28760,56,466498,11,0,0,60,1
28761,19,148644,9,0,0,40,0
28765,27,106721,9,0,0,40,0
28766,22,192017,9,0,0,40,0
28769,30,202450,9,0,0,65,1
28771,24,140001,10,0,0,40,0
28776,45,151627,10,0,0,45,0
28777,30,402539,9,0,0,40,0
28781,60,160339,10,0,0,40,0
28782,28,120135,11,0,0,40,0
28783,38,303817,10,0,0,40,0
28786,42,160893,10,0,0,23,0
28787,40,183096,5,0,0,40,1
28788,24,241367,10,0,0,40,0
28792,22,554317,5,0,0,35,0
28794,28,108569,13,0,0,43,0
28795,34,120959,10,0,0,40,0
28796,42,222011,10,0,0,43,0
28797,43,238530,9,0,0,40,0
28798,35,48404,9,0,0,40,0
28799,60,88055,15,3781,0,16,0
28800,33,238381,10,8614,0,40,1
28801,22,243923,9,0,0,80,0
28802,39,305597,11,0,0,40,0
28803,33,141841,13,5178,0,40,1
28806,63,147140,4,0,0,60,1
28807,46,30219,10,7688,0,38,1
28810,65,172510,10,1848,0,20,0
28813,28,263015,6,0,0,40,0
28816,48,143542,9,0,0,40,0
28818,62,29828,9,0,0,40,0
28820,60,191446,9,99999,0,40,1
28821,50,27484,9,0,0,50,1
28822,40,205987,15,0,0,40,0
28825,43,186995,9,0,0,40,0
28830,18,283637,10,0,0,40,0
28832,26,166051,13,0,0,40,0
28834,35,124836,10,0,0,36,0
28835,33,236379,13,0,0,45,0
28839,29,420054,9,0,0,40,0
28841,34,303187,13,0,0,40,1
28843,53,126977,9,0,0,35,0
28846,42,211450,14,0,0,45,1
28850,25,66935,9,0,0,35,0
28853,56,244605,9,0,0,40,0
28854,45,363677,16,0,1977,30,1
28857,62,77884,9,0,0,40,0
28858,28,70100,13,0,0,60,0
28859,31,213643,9,3908,0,40,0
28861,65,170012,13,0,0,34,0
28862,40,329924,9,0,0,30,0
28863,31,193285,13,0,0,40,0
28864,35,261241,9,0,1741,60,0
28865,42,108183,14,0,1902,40,1
28866,20,296618,9,0,0,30,0
28867,30,257796,10,0,0,40,0
28868,25,155320,13,0,0,45,0
28869,22,151888,9,0,0,40,0
28870,65,143118,9,0,2206,10,0
28872,56,92444,10,0,0,50,1
28877,28,205337,9,0,0,40,0
28881,74,88638,16,0,3683,20,1
28885,46,332884,13,7298,0,65,1
28886,56,212864,13,0,0,40,1
28887,27,66473,13,0,0,40,1
28888,17,285169,7,0,0,40,0
28891,42,339346,14,0,0,25,0
28892,39,287306,10,0,0,40,0
28895,36,91275,10,0,0,40,0
28896,56,244554,6,0,0,40,0
28897,49,232586,3,0,0,40,0
28899,44,162184,10,0,0,40,0
28900,40,408229,2,0,0,45,0
28902,62,197286,8,0,0,48,0
28903,52,229983,15,3103,0,30,1
28904,25,252803,9,0,0,40,0
28909,27,126730,9,0,0,40,0
28911,32,186788,9,0,0,40,0
28912,36,28996,10,0,0,45,0
28918,70,131699,13,0,0,55,0
28919,55,49996,7,0,0,40,0
28920,35,187112,13,0,0,45,0
28922,29,185647,10,0,0,60,0
28923,30,316606,13,0,0,40,0
28925,39,193583,13,5455,0,60,0
28928,27,106935,13,0,0,45,0
28930,33,174789,9,0,0,40,0
28933,38,372484,7,0,0,40,0
28935,40,235371,11,0,0,40,0
28936,36,216711,9,99999,0,50,1
28942,26,53598,10,0,0,40,0
28943,47,103757,12,0,0,40,0
28947,44,427952,13,0,0,40,0
28949,53,177916,13,7298,0,40,1
28955,51,142411,11,0,0,50,0
28958,47,193047,16,99999,0,50,1
28959,17,151141,8,0,0,20,0
28960,48,267912,13,0,0,50,1
28961,43,137126,10,0,0,40,1
28962,34,152453,8,0,0,40,0
28964,42,202011,10,0,0,40,0
28966,61,176965,15,0,0,50,1
28969,37,105813,11,7298,0,40,1
28972,21,263641,9,0,0,40,0
28974,51,155594,10,0,1887,40,1
28975,43,33331,13,0,0,55,0
28976,22,156773,10,0,0,15,0
28981,45,40690,10,0,0,75,0
28983,23,695136,9,0,0,30,0
28985,41,214838,14,0,0,60,1
28986,40,188436,9,0,0,40,0
28987,25,177625,9,0,0,40,0
28988,52,124591,9,0,0,40,0
28991,21,232577,11,0,0,30,0
28994,63,237620,9,0,0,30,0
28995,47,54887,16,0,0,40,1
29001,62,320376,9,0,0,48,0
29003,26,167350,8,0,0,40,0
29004,46,103538,15,0,0,65,1
29005,29,58522,9,0,0,40,0
29006,39,191342,13,0,0,40,1
29007,25,193820,14,0,0,35,0
29009,21,56520,10,0,0,40,0
29013,50,160724,14,7298,0,40,1
29016,32,383269,13,0,0,40,0
29017,58,119386,11,0,0,60,0
29019,29,334221,10,0,0,18,0
29020,58,27385,9,0,0,60,1
29023,21,230429,9,0,0,35,0
29024,49,328776,9,0,0,40,0
29027,50,138179,12,0,1902,40,1
29029,55,305759,9,0,0,40,0
29032,40,111483,13,7298,0,40,1
29033,42,144778,9,0,0,50,0
29034,55,171015,9,0,0,40,0
29035,43,112494,9,0,0,45,0
29036,28,408473,8,0,0,40,0
29038,34,236318,9,0,0,40,0
29041,24,698418,10,0,0,25,0
29042,21,329530,7,0,0,40,0
29043,65,194456,13,0,0,40,1
29044,20,282579,10,0,0,40,0
29046,38,364958,9,3464,0,40,0
29047,22,83998,10,0,0,40,0
29050,44,101967,14,0,0,40,0
29053,21,31606,10,0,0,25,0
29054,24,132327,10,0,0,30,0
29056,28,48894,9,0,0,40,0
29057,39,181943,13,0,0,35,0
29059,24,195808,9,0,0,40,0
29060,50,172052,9,0,0,35,1
29065,18,36348,10,0,0,48,0
29066,25,120238,9,0,0,40,0
29068,17,308901,7,0,0,15,0
29071,45,98524,12,0,0,40,1
29076,22,320451,10,0,0,24,0
29077,41,38397,9,0,0,40,0
29079,46,199281,13,0,0,40,0
29083,17,117549,6,0,0,12,0
29084,64,254797,10,0,0,40,0
29085,51,133336,9,0,0,40,1
29088,39,134475,13,0,1762,40,0
29090,44,279183,10,0,0,40,1
29092,52,202071,9,0,0,40,0
29093,58,197642,10,0,0,39,0
29094,19,125591,7,0,0,40,0
29098,40,240504,12,0,0,40,1
29100,46,154430,14,0,0,50,1
29101,32,207685,9,3908,0,40,0
29102,50,222020,9,0,0,40,0
29104,26,158734,14,0,0,30,0
29105,36,257691,13,0,0,20,0
29107,19,209826,10,0,0,15,0
29113,40,79036,11,0,0,50,1
29114,36,240323,10,0,0,40,0
29116,44,199551,7,0,0,40,0
29119,17,126771,8,0,0,7,0
29123,24,450695,12,0,0,35,0
29124,57,182028,13,0,0,40,0
29133,26,50103,10,0,0,40,0
29135,49,177211,13,0,0,40,0
29136,28,132686,13,0,0,55,0
29138,60,52900,4,0,0,40,0
29139,20,150084,9,0,0,25,0
29140,38,248886,9,0,0,42,0
29145,19,227310,10,0,0,25,0
29146,59,333270,14,0,0,35,0
29148,35,133935,13,0,0,40,1
29152,32,185480,11,0,0,40,0
29153,39,114251,9,0,0,40,1
29154,25,181814,9,0,0,40,0
29157,38,125324,10,0,0,80,1
29160,35,226916,13,0,0,40,1
29161,56,124137,9,0,0,41,0
29162,17,96282,6,0,0,14,0
29164,56,229335,9,0,0,40,0
29166,25,111675,10,0,0,43,0
29167,27,139209,9,0,0,40,0
29170,33,164190,11,7298,0,40,1
29172,51,41806,7,0,0,40,0
29175,26,136951,9,0,0,40,0
29177,37,252947,13,0,1719,32,0
29180,41,529216,13,7430,0,45,1
29181,33,195576,9,4386,0,60,0
29183,25,183678,13,0,0,50,0
29184,50,209320,13,0,0,40,1
29188,17,75333,6,0,0,24,0
29189,65,299494,7,1797,0,40,0
29190,56,163212,9,99999,0,40,1
29191,57,139290,9,0,0,38,0
29192,33,400416,6,0,0,20,0
29193,41,223763,14,0,0,65,0
29194,45,77927,13,0,0,40,0
29196,18,91525,9,0,0,25,0
29197,19,279968,10,0,0,20,0
29202,29,202878,9,0,0,50,0
29204,35,194490,9,0,0,38,0
29205,37,48093,13,0,0,90,1
29206,22,136824,7,0,0,40,0
29207,25,143280,6,0,0,24,0
29210,26,177147,13,6849,0,65,0
29214,35,62669,10,0,0,55,1
29215,24,229773,9,0,0,40,0
29218,44,157249,13,0,1977,50,1
29226,67,106143,16,20051,0,40,1
29230,39,34378,9,0,0,50,0
29231,26,380674,9,0,0,52,0
29234,26,205109,14,0,0,40,0
29236,45,97842,10,0,0,65,0
29237,18,100875,7,0,0,28,0
29238,51,200576,10,0,0,63,0
29239,36,355053,9,0,0,28,0
29244,21,170108,10,0,0,40,0
29245,46,27243,16,7688,0,45,1
29246,33,192663,9,0,0,35,0
29247,23,526164,13,0,0,40,0
29248,52,146579,9,0,0,40,0
29251,48,213140,10,0,0,40,1
29253,22,279802,10,0,0,3,0
29254,26,153078,9,0,0,80,1
29255,40,167919,9,0,0,40,0
29256,90,250832,6,0,0,40,0
29257,28,193158,9,0,0,40,0
29258,44,172032,9,0,0,40,0
29262,17,262196,6,0,0,8,0
29264,27,134890,13,0,0,50,0
29267,53,118793,6,0,0,50,1
29271,48,209146,9,0,0,60,0
29272,76,79445,6,1173,0,40,0
29275,58,158002,10,0,0,40,0
29276,19,305834,10,0,0,25,0
29280,31,36302,13,0,0,50,0
29281,50,176867,16,3781,0,40,0
29290,50,165050,6,0,0,40,1
29293,39,203070,11,0,0,49,0
29294,51,103995,12,0,0,25,0
29296,57,103948,15,0,0,30,1
29297,40,39581,15,0,0,40,0
29301,34,137223,6,0,0,40,0
29302,24,102323,9,0,0,40,0
29306,84,368925,3,0,0,15,0
29308,35,52738,10,0,0,46,0
29312,35,298635,13,0,0,50,0
29315,32,281384,9,0,0,10,0
29317,40,257364,10,0,0,45,0
29319,58,214502,5,0,0,50,1
29320,41,69333,9,0,0,45,1
29321,28,190060,9,0,0,40,1
29322,53,95864,9,0,0,35,0
29324,17,275778,5,0,0,25,0
29325,45,27332,9,0,0,40,0
29329,28,116372,13,0,0,60,0
29330,27,38599,8,0,0,40,0
29332,24,315303,9,0,0,25,0
29334,24,163480,14,0,0,40,0
29336,58,216941,9,0,0,40,0
29337,35,116541,14,0,0,44,1
29338,43,186396,5,0,0,20,0
29341,63,201631,5,0,0,40,0
29342,40,439919,5,0,0,40,0
29343,21,182117,13,0,0,20,0
29348,48,38819,9,0,0,36,0
29349,61,162391,4,0,1651,40,0
29350,23,302836,12,0,0,40,0
29351,35,89040,13,0,0,40,1
29352,46,264210,10,0,0,20,0
29355,62,123612,13,0,0,4,0
29357,28,243660,9,0,0,40,0
29358,57,134195,9,0,0,40,0
29359,56,238638,4,0,0,40,0
29362,29,215504,9,0,0,40,0
29363,30,158002,10,0,0,55,0
29365,25,195994,2,0,0,40,0
29366,44,321824,9,0,0,38,0
29367,22,180449,10,0,0,28,0
29368,40,201764,9,0,0,40,0
29369,25,250038,11,0,0,40,0
29372,17,47199,7,0,0,24,0
29375,34,734193,10,0,0,50,0
29376,42,321086,14,0,0,50,0
29378,32,326283,13,0,0,40,0
29383,33,180859,9,0,0,40,0
29385,64,169604,7,0,0,40,0
29388,67,103315,14,15831,0,72,1
29390,34,737315,13,0,0,40,1
29391,22,195143,10,0,0,29,0
29392,50,219420,16,0,0,64,0
29395,44,196545,13,7298,0,40,1
29396,43,168412,9,0,0,44,0
29405,23,181557,9,0,0,25,0
29406,66,142624,12,5556,0,40,1
29408,35,146091,10,0,0,40,0
29411,51,201560,13,0,0,40,1
29413,50,168672,14,0,1902,40,1
29417,41,173051,10,0,0,45,0
29418,33,167474,12,0,0,40,0
29420,23,135138,13,0,0,40,0
29421,49,218357,11,0,0,38,0
29424,28,154863,13,0,0,35,0
29427,51,548361,13,0,0,26,0
29428,25,101812,11,0,0,41,0
29429,49,127111,9,0,0,50,0
29431,48,40666,9,0,0,40,0
29434,26,321629,9,0,0,16,0
29435,46,154405,9,0,0,40,0
29438,44,42476,9,0,0,30,0
29441,30,189759,13,4865,0,40,0
29443,34,250724,13,0,0,45,0
29444,34,149368,15,0,0,40,1
29445,39,154641,11,0,0,40,0
29446,28,38309,11,2407,0,40,0
29449,21,260254,9,0,0,40,0
29456,29,31935,9,0,0,40,0
29458,20,58740,10,0,0,15,0
29460,45,255348,10,0,0,40,0
29462,71,125101,11,0,0,40,0
29463,62,197286,9,0,0,40,0
29464,43,337469,10,594,0,20,0
29465,31,159737,9,0,0,58,0
29469,19,265576,9,0,0,50,0
29473,34,203051,13,0,0,27,0
29474,66,115880,10,0,0,40,0
29476,46,181413,12,0,0,40,0
29478,41,350387,13,0,0,40,1
29480,55,105582,9,3103,0,40,1
29485,43,115562,13,0,0,42,1
29487,36,95855,14,0,0,60,1
29490,78,188044,13,0,2392,40,1
29491,77,117898,13,0,0,50,1
29495,34,208043,11,7298,0,45,1
29496,22,289982,13,0,0,35,0
29497,54,76344,13,0,0,50,0
29499,36,111377,6,0,0,40,0
29501,40,176716,10,0,0,40,1
29502,47,166894,10,0,0,40,0
29504,28,155621,3,0,0,40,0
29505,46,102597,13,0,0,40,0
29506,22,60331,10,0,0,35,0
29507,37,75024,9,0,0,25,0
29511,20,691830,9,0,0,35,0
29514,40,280167,14,0,0,40,1
29515,68,407338,10,0,0,20,0
29518,23,315065,6,0,0,60,0
29521,23,520775,8,0,0,30,0
29522,41,47902,13,0,0,45,1
29524,58,56392,10,0,0,40,0
29526,28,204074,14,0,0,48,0
29529,68,168794,1,0,0,10,0
29530,33,332379,9,0,0,40,1
29531,24,233419,9,0,0,40,0
29534,31,442429,9,0,0,40,0
29536,65,261334,5,0,0,40,0
29537,55,160303,9,0,0,40,0
29539,27,321577,9,0,0,40,0
29544,66,33619,9,0,0,4,0
29545,38,149347,10,0,0,60,0
29546,43,96249,9,0,0,42,1
29547,40,370502,10,0,0,40,0
29549,30,167558,9,0,0,35,0
29550,35,292185,13,0,0,40,0
29551,41,101593,14,15024,0,50,1
29552,33,70164,13,0,0,60,0
29555,53,233165,9,0,0,60,1
29559,64,231619,9,0,0,21,0
29560,48,146919,10,0,0,45,0
29561,23,388811,9,0,0,40,0
29564,46,369538,10,0,0,40,1
29566,53,223660,9,6849,0,40,0
29575,25,84224,13,0,0,40,0
29577,47,155509,9,0,0,35,0
29579,37,241805,10,0,0,30,0
29586,22,433669,12,0,0,36,0
29588,19,607799,9,0,0,60,0
29590,36,127809,9,0,0,30,0
29593,39,231180,9,0,0,50,0
29594,29,253856,13,0,0,20,0
29595,39,177075,9,0,0,40,0
29596,26,152855,9,0,0,40,0
29600,28,221215,6,0,0,40,0
29602,54,31588,9,2635,0,40,0
29603,17,345403,6,0,0,40,0
29604,18,194897,9,0,0,40,0
29606,33,355856,12,0,0,60,0
29607,51,122109,10,0,0,35,0
29613,49,203505,9,0,0,40,0
29616,38,76878,7,5178,0,40,1
29617,47,28035,10,0,0,86,0
29620,23,55890,13,0,0,40,0
29622,61,168654,9,0,0,40,0
29623,47,39986,13,0,0,40,0
29626,33,117779,9,0,0,46,1
29627,36,129150,9,0,0,50,1
29628,38,177273,9,0,0,35,0
29629,34,226443,10,0,0,40,1
29631,32,187901,11,0,0,23,0
29634,71,187493,9,0,0,40,1
29635,19,212468,10,0,0,15,0
29639,38,254114,10,0,0,40,0
29640,38,170174,6,0,0,40,1
29642,24,317443,13,0,0,40,0
29645,49,53893,9,0,0,40,0
29646,18,171748,10,0,0,24,0
29647,54,167770,9,0,1902,55,1
29648,52,204584,13,0,0,42,0
29649,27,660870,13,0,0,60,0
29651,38,70282,14,15024,0,2,1
29654,19,255921,10,0,0,20,0
29655,33,113326,10,0,0,50,0
29656,23,440456,13,0,0,40,0
29660,25,171818,13,0,0,40,0
29661,40,51151,11,0,0,40,0
29665,63,46907,13,0,0,8,1
29666,54,383365,13,0,0,70,1
29668,29,148182,9,0,0,40,0
29669,26,211497,10,0,0,40,0
29670,39,48063,10,0,0,60,0
29671,57,211804,13,3103,0,50,1
29674,23,314525,13,0,0,40,0
29675,27,208577,10,0,0,45,1
29676,42,222884,13,0,0,55,1
29677,31,209538,6,0,0,40,0
29679,50,173754,9,0,0,40,0
29684,24,141003,10,0,0,25,0
29686,29,104256,9,0,0,34,0
29689,26,177720,12,0,0,45,0
29690,20,39615,10,0,0,40,0
29694,25,169100,14,0,0,40,0
29695,46,155659,13,0,0,40,1
29697,29,224215,10,0,0,40,1
29698,18,270502,7,0,0,20,0
29699,46,125487,11,0,0,40,0
29703,53,366957,13,99999,0,50,1
29705,38,226106,10,0,0,40,0
29706,75,92792,9,0,0,35,0
29708,44,230478,13,0,0,40,1
29709,25,231638,9,0,0,40,0
29711,49,33673,8,0,0,35,0
29712,34,191385,9,0,0,48,0
29714,47,160131,10,0,0,40,0
29716,18,126021,9,0,0,20,0
29717,47,27815,5,0,1719,30,0
29721,22,183257,10,0,0,20,0
29722,32,172714,9,0,0,40,0
29723,20,131611,10,0,0,48,0
29724,41,253060,15,0,0,50,0
29727,35,385412,13,0,0,40,0
29728,18,184101,10,0,0,25,0
29730,36,135786,5,0,0,25,0
29735,56,274111,14,0,1669,40,0
29738,66,220543,9,0,0,40,1
29739,48,152953,4,0,0,32,0
29740,35,239755,10,0,0,50,0
29741,41,177905,14,0,0,45,1
29743,55,111625,9,0,0,40,0
29744,42,336513,13,15024,0,60,1
29749,30,169104,12,0,0,40,0
29750,43,212894,10,0,0,40,0
29752,22,189924,10,0,0,50,0
29757,31,368517,12,0,0,40,0
29760,32,136204,14,0,2824,55,1
29763,75,31195,9,0,0,20,0
29766,31,215297,9,0,0,45,0
29769,23,206129,11,0,0,40,0
29770,42,65950,9,0,0,40,0
29771,29,197618,9,0,0,40,0
29779,63,247986,15,0,0,30,1
29782,46,423222,13,7688,0,40,1
29783,30,89735,11,0,0,40,1
29785,51,157327,3,0,0,8,0
29786,47,233511,14,27828,0,60,1
29787,30,327112,13,0,1564,40,1
29789,51,194475,10,0,0,40,0
29792,28,39388,11,0,0,60,0
29794,22,151991,10,0,0,20,0
29796,34,267352,7,0,0,30,0
29797,45,364563,9,0,0,40,1
29799,21,47541,9,0,0,40,0
29803,20,225515,10,0,0,24,0
29805,40,169885,9,0,0,40,0
29806,19,112780,10,0,0,30,0
29807,31,175778,13,0,0,40,0
29810,64,65991,9,7298,0,45,1
29816,54,163671,9,0,1887,65,1
29817,17,181317,6,0,0,35,0
29823,74,145463,2,0,0,15,0
29824,54,159755,10,0,0,40,1
29825,31,113364,12,0,0,55,0
29827,20,304710,10,0,0,20,0
29828,54,185846,14,0,1977,40,1
29829,42,212894,11,2407,0,40,0
29830,57,315460,15,0,0,36,0
29832,40,220977,16,3103,0,40,1
29835,39,164866,9,0,0,42,1
29836,43,191814,12,7688,0,50,1
29842,34,206297,13,0,0,48,1
29843,35,188563,9,0,0,50,0
29844,53,35102,10,0,0,34,0
29846,43,309932,13,0,0,40,0
29847,43,243432,9,0,0,60,0
29850,19,291509,8,0,0,28,0
29852,34,186824,9,0,0,70,0
29853,46,192768,9,0,0,40,0
29854,35,234962,9,0,0,40,0
29860,29,33798,10,0,0,20,0
29862,55,200992,10,0,0,35,0
29863,26,98155,9,0,0,40,0
29866,39,101146,9,4650,0,40,0
29867,18,284450,7,0,0,25,0
29869,34,353270,11,0,0,40,0
29871,49,231961,16,0,0,50,1
29872,38,181943,13,0,0,35,0
29873,21,163595,10,0,0,35,0
29874,28,130856,13,0,0,40,1
29879,36,320811,10,0,0,40,1
29884,18,296090,9,0,0,48,0
29885,39,192614,9,0,0,56,0
29886,39,403489,7,0,0,40,0
29890,54,175912,6,0,0,40,0
29895,22,406978,13,0,0,40,0
29897,37,163998,12,0,0,50,1
29899,33,333701,11,0,0,40,0
29901,45,186256,9,0,0,40,0
29904,71,212806,9,0,0,36,0
29905,23,203353,13,0,0,45,0
29906,41,130126,15,0,0,80,1
29907,21,270043,6,0,0,30,0
29908,47,218435,9,0,0,20,0
29909,30,154120,13,0,0,65,0
29910,40,193537,10,0,0,40,0
29914,68,217424,9,0,0,24,0
29915,45,358886,8,2407,0,50,0
29916,38,186191,13,0,0,40,0
29922,30,118861,10,0,0,50,1
29923,34,206609,10,0,0,35,0
29924,30,423064,9,0,0,35,0
29932,55,199067,13,15024,0,42,1
29933,51,144084,9,0,0,40,0
29934,38,358682,10,0,0,40,0
29943,62,88579,9,0,0,38,0
29946,30,143392,13,0,0,40,0
29947,37,365465,9,0,0,70,0
29948,22,264710,13,0,0,40,0
29951,43,242521,9,0,0,40,0
29952,34,124569,10,0,0,40,0
29953,25,209230,9,0,0,6,0
29954,21,162228,10,0,0,40,0
29956,55,76901,12,0,0,55,1
29959,27,138917,13,0,0,35,0
29960,34,532379,10,0,0,40,0
29963,52,117295,2,0,0,50,1
29966,24,246207,13,0,0,40,0
29967,50,130780,9,0,0,40,0
29969,42,175526,9,0,0,40,0
29972,51,199688,13,0,1977,60,1
29975,63,217715,3,0,0,3,0
29976,50,205803,14,15024,0,40,1
29979,37,69251,10,0,0,40,0
29980,24,333505,9,0,0,40,0
29981,31,168521,13,0,0,50,0
29982,59,193568,9,0,0,40,0
29983,18,426895,8,0,0,55,0
29986,27,167031,13,0,0,33,0
29987,34,73199,7,0,0,40,0
29993,18,27780,9,0,0,25,0
29994,26,142914,12,0,0,75,0
29995,37,190987,10,7298,0,40,1
29999,21,63665,10,0,0,15,0
30002,31,122609,9,0,0,40,0
30004,36,116892,10,0,0,40,0
30005,29,196971,13,0,0,72,0
30006,20,105312,9,0,0,35,0
30007,46,108699,10,0,0,60,0
30008,44,171615,9,0,0,45,0
30011,45,170850,9,0,0,44,1
30018,28,341709,9,0,0,40,0
30020,21,121889,10,0,0,20,0
30021,18,318190,7,0,0,15,0
30024,32,193231,9,0,0,40,0
30030,43,138184,9,0,1762,35,0
30031,45,238567,13,0,0,40,1
30033,46,181810,9,4064,0,40,0
30034,24,283918,10,0,0,25,0
30035,42,107276,10,0,2444,40,1
30042,36,185203,9,0,0,40,0
30045,22,187052,9,0,0,40,0
30047,61,68268,6,0,0,55,0
30050,30,153549,9,0,0,50,1
30052,20,198148,9,0,0,40,0
30055,37,295949,9,0,0,40,0
30057,64,182866,9,0,0,40,0
30058,61,111563,13,0,0,20,1
30059,38,34173,13,0,0,45,0
30060,27,183627,13,0,1977,50,1
30061,24,197757,13,0,0,40,0
30063,44,205474,13,0,0,40,1
30067,53,47396,10,0,0,50,1
30070,44,171256,12,0,0,45,0
30071,59,169982,13,0,2002,50,0
30072,52,217210,9,0,0,40,0
30073,46,218329,10,0,0,40,0
30075,37,125933,9,0,0,40,1
30076,41,155767,10,0,0,50,0
30078,30,54929,9,0,0,55,0
30082,39,103110,13,0,0,50,0
30083,24,227610,6,0,0,58,0
30090,42,195897,9,0,0,40,0
30096,33,186824,10,0,0,40,0
30097,36,101833,13,0,0,40,0
30098,37,82283,3,0,0,40,0
30099,52,99602,9,0,0,40,0
30101,59,424468,9,0,0,40,0
30102,30,176123,6,0,0,40,0
30103,32,38797,11,0,0,40,0
30104,30,101859,4,0,0,50,0
30105,53,87158,9,0,0,40,0
30113,53,149217,9,0,0,40,0
30115,23,109199,3,0,0,40,0
30117,36,189404,13,0,1977,35,1
30119,22,134192,10,0,0,10,0
30123,41,107276,11,0,0,45,0
30125,24,346909,9,0,0,44,0
30130,40,299813,7,0,0,37,0
30135,42,117319,9,0,1672,40,0
30137,58,106942,10,0,0,40,0
30139,37,51264,16,0,0,99,1
30140,37,410919,9,0,0,35,0
30141,22,105592,12,0,0,45,0
30142,29,183151,9,0,0,48,0
30143,45,209912,13,0,0,40,1
30151,56,257555,10,0,0,40,0
30154,57,108741,9,0,0,40,0
30156,44,156815,9,0,0,40,0
30157,31,49325,9,0,0,40,0
30158,42,121718,10,0,0,40,0
30159,18,172076,10,0,0,25,0
30162,38,210866,9,0,0,44,1
30164,42,265698,14,0,0,40,0
30166,50,177896,9,0,0,50,0
30168,28,306830,12,0,0,40,0
30169,72,39110,7,0,0,8,0
30172,48,117849,10,0,0,40,1
30173,64,339321,13,0,0,24,1
30174,19,318822,7,0,0,35,0
30179,42,91468,9,0,0,40,0
30181,34,375680,12,0,0,40,0
30183,22,190968,9,0,0,40,0
30185,50,203098,13,0,0,35,0
30189,30,206051,9,0,0,40,0
30190,37,181553,9,0,0,50,0
30191,73,80986,9,0,0,20,0
30192,50,200783,4,0,0,60,0
30193,34,42596,10,0,0,45,0
30194,24,464502,12,0,0,40,0
30195,66,205724,10,0,0,24,1
30197,69,32287,6,0,0,25,0
30199,55,308118,13,0,0,40,0
30201,20,103277,10,0,0,35,0
30202,70,225780,10,0,0,20,1
30208,60,123218,10,0,0,40,0
30210,32,103642,9,0,0,55,0
30211,34,157747,9,0,0,45,0
30213,30,23037,10,0,0,84,0
30214,23,226891,9,0,0,20,0
30216,51,138251,9,0,0,60,0
30219,23,230704,10,0,0,22,0
30223,40,163434,10,0,0,40,0
30224,27,85251,10,0,0,45,0
30232,30,160634,11,0,0,40,1
30233,54,29909,7,0,0,43,0
30237,23,218445,3,0,0,12,0
30238,77,235775,9,0,0,25,0
30239,19,98605,10,0,0,20,0
30240,30,188398,9,0,0,30,0
30241,41,140365,13,0,1902,55,1
30245,49,147002,9,0,0,40,0
30248,50,169925,9,0,0,15,0
30251,39,215095,7,0,0,30,0
30252,45,480717,13,0,0,38,0
30253,61,34632,13,0,0,30,0
30255,36,177858,13,0,0,40,0
30257,38,129102,9,0,0,50,0
30258,52,278522,10,0,0,40,0
30259,29,124953,11,0,0,42,1
30262,34,248584,9,0,0,55,0
30263,46,226871,13,0,0,50,1
30264,44,267717,14,15024,0,45,1
30265,19,60367,9,0,0,13,0
30267,40,95639,9,0,0,40,0
30268,20,132053,10,0,0,2,0
30269,24,138768,12,0,0,30,0
30272,33,155781,15,0,0,40,1
30275,19,248339,9,0,0,35,0
30277,30,183620,9,0,0,45,0
30278,48,25468,14,99999,0,50,1
30281,54,96460,9,7688,0,60,1
30282,42,325353,12,7688,0,42,1
30284,42,266135,10,0,0,52,1
30285,60,194252,14,3103,0,40,1
30287,21,363192,11,0,0,40,0
30288,29,31360,10,0,0,40,0
30290,44,157614,9,0,0,38,0
30294,29,87523,9,0,0,40,0
30295,20,280714,10,0,0,40,0
30296,49,119565,14,0,0,40,1
30298,40,49249,13,0,0,50,1
30300,45,174426,9,0,0,40,0
30301,42,184105,10,0,0,28,0
30303,57,291529,13,4386,0,13,1
30304,23,376416,13,0,0,40,0
30306,23,227471,9,0,0,24,0
30309,43,227298,13,0,0,45,0
30310,25,187508,10,0,0,40,0
30311,40,184378,10,0,0,60,0
30312,52,190333,9,0,0,25,0
30313,48,155372,9,0,0,36,0
30316,33,103596,11,0,0,40,0
30317,36,188236,9,0,0,40,1
30318,24,353010,13,0,0,10,0
30322,50,104849,15,0,0,40,0
30323,40,173590,14,0,0,50,1
30324,22,412316,9,0,0,40,0
30326,51,170579,9,0,0,40,1
30327,61,230545,9,0,0,35,0
30330,38,117528,13,0,0,45,0
30331,25,273876,13,0,0,65,0
30333,40,456110,7,0,0,52,0
30335,29,170301,9,2829,0,40,0
30336,33,55717,9,0,0,40,0
30337,46,166181,10,0,0,36,0
30342,34,180871,13,0,0,55,0
30345,61,175999,9,0,0,40,0
30346,38,177121,10,0,0,58,0
30348,20,326624,9,0,0,40,0
30351,60,145664,10,0,0,48,0
30354,54,257869,10,0,0,28,0
30355,40,73025,9,0,0,30,0
30356,18,165532,8,0,0,15,0
30357,51,140035,9,0,0,40,1
30360,24,163665,9,2174,0,40,0
30361,33,106938,9,0,0,38,0
30365,31,248653,2,0,0,37,0
30366,39,59313,8,0,0,45,0
30367,22,141297,10,0,0,40,0
30368,31,227325,10,0,0,40,0
30369,68,123653,3,0,0,12,0
30370,59,176317,6,0,0,37,0
30371,35,77146,9,2829,0,45,0
30372,25,169124,13,0,0,40,0
30377,53,152810,14,0,1977,55,1
30381,28,292536,10,0,0,50,0
30382,40,82161,13,0,0,40,0
30383,30,180656,10,0,0,40,0
30385,80,148623,15,0,0,35,1
30388,37,48779,13,0,0,40,0
30393,23,39603,10,0,0,40,0
30394,36,181589,13,0,0,32,0
30397,30,36340,9,0,0,24,0
30399,57,403625,10,0,0,60,1
30400,23,122346,9,0,0,40,0
30402,53,152883,9,0,0,40,0
30406,30,248588,8,0,0,40,0
30407,44,187584,9,0,0,40,0
30410,48,247294,9,0,0,30,0
30411,22,117779,13,0,0,40,0
30413,31,451744,9,0,0,50,0
30414,32,107793,9,2174,0,40,0
30421,30,58582,13,0,0,10,0
30423,38,201410,13,0,0,40,1
30424,28,190525,13,0,0,46,1
30425,57,138285,12,0,0,40,0
30428,32,331539,13,0,0,50,1
30430,37,126675,9,0,0,40,0
30433,37,234901,10,0,0,50,1
30434,36,100681,10,2463,0,40,0
30435,47,265097,9,0,0,45,1
30436,63,237379,6,0,0,40,0
30437,21,44793,10,0,0,65,0
30440,90,187749,12,0,0,20,0
30445,20,170091,10,0,0,35,0
30446,42,231813,7,0,0,40,0
30448,32,438711,10,0,0,40,0
30450,66,376506,16,3273,0,40,0
30451,49,28791,10,0,0,40,0
30453,38,58108,13,0,0,50,1
30454,40,102226,9,0,0,40,0
30460,37,80680,13,1151,0,35,0
30462,27,189462,14,0,0,46,0
30464,31,188108,9,4101,0,40,0
30467,25,257562,4,0,0,40,0
30468,31,59496,10,0,0,50,0
30470,45,102597,9,0,0,35,0
30471,69,41419,4,0,0,20,0
30479,61,273803,9,0,0,40,0
30483,49,156926,11,0,0,45,1
30484,21,163911,10,0,0,3,0
30485,56,165881,9,0,0,50,1
30492,34,33442,11,0,0,40,0
30493,18,126142,6,0,0,30,0
30497,34,252529,13,0,0,48,0
30502,46,186820,10,5013,0,40,0
30508,17,209949,7,0,1602,12,0
30514,40,77975,10,0,0,40,0
30515,44,159297,9,0,0,40,1
30516,48,94342,13,0,0,55,0
30517,39,34180,11,0,0,60,1
30520,53,303462,9,0,0,30,0
30523,34,101709,9,0,0,40,0
30526,20,342599,10,0,0,35,0
30529,39,206253,13,0,0,40,0
30530,37,172571,9,0,0,40,0
30532,69,141181,3,1797,0,40,0
30533,24,267843,13,0,0,35,0
30537,20,132320,10,0,0,40,0
30543,34,182218,11,0,0,40,0
30544,33,318982,10,0,0,45,1
30545,46,216666,5,0,0,40,0
30546,47,274200,7,7298,0,40,1
30549,28,68021,10,0,0,30,0
30550,34,28568,9,0,0,60,1
30559,38,146178,9,0,0,40,0
30560,22,231053,7,0,0,70,1
30561,21,145964,10,0,0,40,0
30564,33,160614,10,0,0,50,0
30573,58,105060,10,0,0,37,0
30579,49,143459,5,0,0,38,0
30581,59,52822,13,0,0,60,0
30582,33,104509,9,0,0,40,0
30583,36,184456,15,27828,0,50,1
30594,21,91819,11,0,0,30,0
30595,31,201122,13,0,1902,45,1
30596,48,315423,3,0,0,40,0
30600,18,115443,7,0,0,25,0
30604,24,183594,11,0,0,20,0
30606,38,36989,13,3908,0,70,0
30607,48,247895,13,0,0,40,1
30608,75,191446,2,0,0,16,0
30610,64,46087,13,0,0,50,0
30611,67,129188,16,20051,0,5,1
30615,73,130391,9,0,0,36,0
30622,40,145649,9,0,0,25,0
30625,19,242001,10,0,0,40,0
30626,46,127089,10,5178,0,38,1
30627,46,124071,14,0,0,65,1
30632,30,295010,13,0,0,60,1
30633,44,203897,13,0,0,40,0
30634,27,265314,9,0,0,45,1
30636,29,134331,6,0,0,40,0
30638,27,274964,13,0,0,65,0
30641,24,26671,9,0,0,40,0
30642,56,357118,14,0,0,40,1
30646,19,188008,10,0,0,20,0
30647,42,87284,15,7298,0,35,1
30648,46,330087,13,15024,0,45,1
30649,48,56975,9,0,0,84,0
30650,27,150025,9,0,0,40,0
30655,34,324654,9,0,0,40,0
30656,25,366207,9,0,0,40,0
30659,54,163557,9,0,0,30,0
30660,39,286261,14,0,0,40,0
30663,28,278073,9,0,0,30,0
30665,62,71467,13,0,0,55,1
30670,40,88909,13,15024,0,50,1
30672,48,173938,9,0,0,60,0
30681,48,167749,9,0,0,40,1
30684,40,365986,13,0,0,40,1
30689,21,118712,11,0,1504,40,0
30690,28,301654,13,0,0,40,0
30691,31,145162,13,0,0,60,1
30692,20,88126,10,0,0,9,0
30696,64,134378,14,0,0,50,1
30698,25,138765,13,0,0,20,0
30699,74,256674,9,0,0,25,0
30700,31,247444,11,0,0,40,0
30701,51,454063,16,7298,0,40,1
30702,67,180539,9,0,0,10,0
30703,42,397346,9,3325,0,40,0
30705,31,262024,9,0,0,40,0
30708,41,365986,9,0,0,40,1
30709,27,204515,13,0,0,36,0
30710,51,99316,8,0,0,50,0
30713,21,275395,10,0,0,40,0
30714,28,383322,11,0,0,40,1
30717,21,162667,13,0,0,40,0
30719,44,274562,9,14344,0,40,1
30720,28,249362,7,0,0,50,0
30722,18,216508,9,0,0,30,0
30724,34,209317,10,0,0,40,0
30725,25,259505,9,0,0,40,0
30728,40,33126,14,0,0,50,0
30730,25,1484705,10,0,0,25,0
30733,49,44671,12,0,0,40,1
30736,32,370160,10,0,0,40,0
30737,23,208946,10,0,0,32,0
30740,26,350853,3,0,0,40,0
30742,22,351952,10,0,0,20,0
30746,18,404085,9,0,0,40,0
30747,24,218678,13,0,0,40,0
30749,36,321760,13,0,0,17,0
30755,32,192039,11,0,0,40,1
30756,17,222618,7,0,0,30,0
30758,31,194141,9,0,0,48,0
30760,27,166350,9,0,0,50,0
30764,38,85244,13,0,0,40,0
30765,25,120535,9,0,0,40,0
30766,33,269604,3,0,0,40,0
30767,27,247711,9,0,0,40,0
30768,45,380922,9,0,0,60,1
30769,24,281221,13,0,0,40,0
30770,23,269687,11,0,0,40,0
30771,48,181758,10,0,0,40,0
30775,32,29933,9,5178,0,40,1
30777,36,168826,6,0,0,40,0
30778,24,424034,9,0,0,40,0
30779,60,117509,5,0,0,40,0
30781,64,69525,9,0,0,20,0
30782,22,374116,9,0,0,35,0
30790,34,281852,9,0,0,80,0
30791,38,380543,9,0,0,30,0
30793,50,192203,7,0,0,40,0
30795,17,61838,6,0,0,40,0
30796,25,210095,7,0,0,40,0
30797,19,187352,9,0,0,40,0
30798,43,32451,9,0,0,40,0
30802,27,212622,14,0,0,40,0
30803,39,32650,11,0,0,60,0
30804,44,125461,13,0,0,40,1
30805,19,219867,9,0,0,35,0
30808,46,29437,12,0,0,50,0
30815,21,247075,9,0,0,25,0
30816,20,200967,10,0,0,12,0
30819,29,267661,9,0,0,70,0
30823,47,31339,10,0,0,40,0
30827,38,223237,14,0,0,40,1
30831,46,220832,10,0,0,58,1
30833,56,134195,14,0,0,50,0
30834,37,218249,7,0,0,30,0
30835,59,70720,13,0,0,55,1
30836,19,342384,7,0,2129,55,0
30837,31,237317,5,0,0,45,0
30838,22,359759,10,0,0,20,0
30840,63,267101,13,0,0,60,0
30841,33,222221,9,7298,0,45,1
30842,53,55139,9,0,0,10,0
30846,45,201127,9,0,0,40,0
30847,39,164733,10,0,0,45,0
30848,60,129447,9,0,0,35,0
30849,38,32837,13,0,0,56,0
30851,61,219183,13,0,0,50,1
30853,26,272669,13,0,0,20,0
30855,68,191288,4,0,0,15,0
30856,32,176185,10,0,0,60,0
30860,55,197399,14,99999,0,55,1
30861,66,86010,6,0,0,11,0
30870,42,69333,13,0,0,50,0
30872,43,197397,10,0,0,6,0
30876,42,112956,9,0,0,40,0
30878,38,187999,13,0,0,45,1
30883,53,133963,9,0,0,40,0
30886,61,183355,7,0,0,40,0
30890,48,110457,10,0,0,40,1
30892,71,100063,9,0,0,40,0
30893,49,194962,7,0,0,6,0
30897,18,177648,9,0,0,25,0
30899,38,203482,4,0,0,45,0
30901,56,84774,12,0,0,40,0
30903,26,170786,10,0,0,40,0
30909,31,176998,10,0,0,35,1
30917,41,248406,9,0,0,40,0
30919,41,220460,12,0,0,20,0
30922,22,110371,9,0,0,50,0
30925,44,105862,10,0,0,70,1
30929,65,326691,10,0,0,40,1
30930,24,275093,9,0,0,36,0
30932,43,174491,9,0,0,40,0
30933,38,114835,13,0,0,60,1
30936,32,134886,9,0,0,40,1
30938,33,237833,10,0,0,40,0
30942,47,36169,14,0,0,60,1
30946,40,26892,13,0,0,40,1
30948,34,97306,13,0,0,25,0
30949,30,185027,13,0,0,40,1
30952,37,186434,9,0,0,40,1
30953,41,217921,5,0,0,40,0
30954,52,346668,14,0,0,40,0
30956,48,167009,10,0,0,48,0
30958,35,216256,5,0,0,50,0
30959,40,341835,9,0,0,45,0
30960,30,169841,9,0,0,25,0
30961,26,200681,9,0,0,40,0
30962,46,456956,9,0,0,60,0
30966,36,110998,14,0,0,40,0
30967,30,53285,9,0,0,52,1
30970,72,298070,11,6723,0,25,0
30971,19,318822,9,0,0,40,0
30977,26,318934,6,0,0,40,0
30980,43,144778,9,0,0,50,1
30981,35,117166,13,0,0,50,0
30983,41,171550,9,0,0,40,1
30984,38,165302,10,0,0,40,0
30985,39,42186,9,3464,0,20,0
30987,62,96099,9,0,0,40,0
30995,29,67218,13,0,0,40,1
30996,33,205152,11,0,0,55,1
31000,42,404573,15,0,0,40,0
31004,28,70034,4,0,0,40,0
31006,65,249043,13,10605,0,40,1
31008,61,223133,9,0,0,40,0
31010,40,195520,10,0,0,49,0
31014,45,232997,10,0,0,65,1
31015,30,77266,9,0,0,60,0
31018,51,26832,9,0,0,40,1
31023,31,163890,10,0,0,40,0
31024,19,358631,9,0,0,25,0
31025,50,185354,14,0,0,35,0
31026,33,336061,9,0,0,50,0
31030,23,32950,13,0,0,40,0
31032,24,199555,11,0,0,5,0
31033,28,91299,11,0,0,45,0
31034,56,99359,9,0,1617,40,0
31036,20,286391,10,2176,0,20,0
31037,82,132870,9,0,4356,18,0
31041,36,173542,13,0,0,40,1
31043,30,72887,9,3411,0,40,0
31044,49,163229,9,0,0,56,0
31049,32,198211,11,0,0,40,0
31052,25,190916,9,0,0,40,0
31053,17,237272,6,0,0,30,0
31058,27,267989,10,0,0,40,0
31060,39,221059,14,7688,0,38,1
31061,26,340787,9,0,0,40,0
31063,57,169071,9,0,0,28,0
31065,27,122922,13,0,0,40,0
31067,30,136651,3,0,0,40,0
31068,37,177285,11,0,0,48,1
31070,23,200318,12,0,0,20,0
31072,58,191069,9,0,0,40,1
31073,31,27856,9,0,0,8,0
31074,44,523484,13,0,0,40,1
31078,45,200471,9,0,0,35,0
31080,35,222868,9,0,0,40,0
31083,48,160220,11,0,0,40,1
31086,23,112683,10,0,0,12,0
31087,48,345831,9,0,0,40,0
31088,33,105370,9,0,0,70,0
31091,40,108765,11,0,0,40,0
31094,19,189574,9,0,0,30,0
31095,55,141409,6,7688,0,50,1
31098,22,105043,10,0,0,40,0
31100,34,345705,9,0,1408,38,0
31103,35,200153,14,0,0,45,1
31104,50,398625,7,0,0,40,0
31108,33,162572,13,99999,0,40,1
31109,24,291578,9,0,0,50,0
31110,46,136162,11,0,0,40,0
31111,60,376133,9,15024,0,15,1
31113,65,240166,7,0,0,35,0
31115,42,248094,9,0,1740,43,0
31118,21,82847,10,0,0,50,0
31122,30,252646,10,0,0,20,0
31123,54,171924,13,0,0,48,0
31125,55,153788,10,0,0,37,0
31127,53,96062,13,0,0,40,0
31129,33,159888,9,0,0,40,0
31135,32,311764,6,0,0,35,0
31139,26,352768,9,0,0,40,0
31146,28,211032,10,0,0,40,0
31148,29,136077,9,0,0,60,1
31149,19,184737,9,0,1721,40,0
31150,28,214689,13,0,0,25,0
31151,70,147558,13,0,0,7,0
31154,43,284403,12,0,0,60,0
31160,51,97005,4,0,0,40,0
31163,35,160120,13,0,0,40,1
31165,78,59583,4,0,0,25,0
31166,72,157913,13,0,0,17,0
31167,24,308205,10,0,0,40,0
31171,28,184078,9,0,0,40,0
31172,26,123384,14,0,0,40,0
31173,29,330132,13,0,0,60,0
31174,47,274720,3,0,0,40,0
31178,41,225892,10,0,0,48,1
31180,35,27763,9,0,0,40,0
31181,56,73684,4,0,0,40,0
31184,79,309272,9,0,0,40,1
31185,28,469864,13,0,0,40,0
31189,19,86150,7,0,0,19,0
31197,38,297449,13,7298,0,50,1
31200,24,43387,13,0,0,55,1
31201,37,99233,9,0,0,40,0
31202,34,313729,10,0,0,50,0
31204,18,169745,4,0,0,40,0
31206,31,113543,10,0,0,40,1
31207,19,224241,10,0,0,20,0
31209,32,263908,13,0,0,40,0
31213,40,197344,13,0,0,65,1
31214,36,93225,13,0,0,35,0
31215,33,187560,11,0,0,36,0
31216,23,61743,3,0,0,35,0
31217,21,186648,6,0,0,40,0
31219,53,246820,16,0,0,50,1
31221,53,291755,10,0,0,72,0
31225,35,278632,9,0,0,40,0
31227,31,143392,10,0,0,35,0
31230,36,184112,15,15024,0,45,1
31232,18,395026,7,0,0,12,0
31235,35,409200,12,0,0,40,0
31238,23,141323,10,0,0,40,0
31241,33,400943,14,0,0,50,1
31242,35,308489,13,0,0,50,0
31244,38,75826,15,0,0,40,0
31246,22,356567,11,0,0,60,0
31249,47,250170,9,0,0,40,1
31254,24,68577,11,0,0,40,0
31255,35,155961,9,0,0,35,0
31258,36,225399,9,7298,0,40,1
31259,28,199998,9,0,0,25,0
31264,47,162595,10,0,0,45,0
31268,51,348099,9,0,1590,40,0
31269,34,185041,9,0,1669,45,0
31270,28,309196,13,0,0,40,0
31272,39,336226,9,3103,0,60,1
31273,43,240698,13,0,0,40,1
31275,25,178843,13,0,0,15,0
31276,42,136177,10,0,0,38,0
31279,34,164748,9,0,0,40,0
31281,30,167476,10,0,0,60,0
31285,36,211022,11,0,0,40,1
31292,20,216889,10,0,0,40,0
31295,24,241857,10,0,0,35,0
31300,25,38090,13,0,0,44,0
31302,40,118686,13,0,0,45,0
31303,29,112963,10,0,0,40,0
31308,31,113364,9,0,0,60,0
31309,64,73986,4,0,0,20,0
31319,19,206599,10,0,0,16,0
31320,29,89813,9,0,0,40,0
31321,25,156848,9,0,0,35,0
31323,30,205407,9,0,0,40,0
31325,36,930948,10,6497,0,56,0
31327,34,248754,7,0,0,40,0
31328,34,188096,9,0,0,36,0
31330,27,113870,14,0,0,40,0
31331,36,343052,9,0,0,40,0
31332,35,280966,10,0,0,40,0
31334,32,309513,9,0,0,50,0
31340,21,243368,1,0,0,50,0
31341,31,217803,9,0,0,32,0
31342,31,323020,10,0,0,30,0
31343,41,34278,11,0,0,40,0
31346,20,142673,10,0,0,45,0
31347,29,131714,6,0,0,25,0
31348,51,74784,10,0,0,40,0
31350,23,62507,10,0,0,12,0
31352,39,174924,9,14344,0,40,1
31353,62,113440,13,0,0,35,0
31355,46,207022,13,7688,0,40,1
31356,51,123011,14,0,1977,35,1
31358,40,182437,12,15024,0,50,1
31362,20,374116,9,0,0,40,0
31363,37,212005,11,0,0,40,1
31364,65,123965,13,0,0,40,0
31366,60,138502,13,7298,0,48,1
31368,62,664366,13,0,0,60,1
31370,38,278557,13,0,0,50,1
31372,21,194861,9,0,0,40,0
31375,36,184498,7,0,0,40,0
31376,52,117674,9,0,0,55,1
31378,23,368739,13,0,0,40,0
31380,63,420629,11,0,0,45,0
31384,50,99307,9,5013,0,45,0
31386,44,456236,10,0,0,45,1
31387,51,107123,4,0,0,40,0
31389,43,36924,14,0,0,40,1
31393,44,102238,9,0,0,40,0
31395,27,152951,9,0,0,40,0
31396,35,257042,10,0,0,50,0
31397,60,74243,11,0,0,30,0
31402,54,203635,9,7298,0,60,1
31403,57,177271,16,0,0,35,0
31404,30,149427,5,0,0,45,0
31406,41,274363,10,7298,0,42,1
31408,51,338836,10,0,0,40,1
31409,42,210534,3,0,0,40,0
31411,47,178013,6,0,0,20,0
31414,46,241935,7,7688,0,40,1
31416,47,341762,9,0,0,40,0
31418,30,38848,9,0,0,40,0
31421,32,154950,10,0,0,30,0
31423,31,201292,9,0,0,40,0
31424,43,339767,10,0,0,20,1
31426,34,318886,9,0,0,40,0
31429,17,34019,7,0,0,20,0
31430,35,230754,14,0,0,40,0
31432,27,196386,12,4064,0,40,0
31437,40,90222,10,0,0,40,0
31439,30,159442,9,0,0,40,0
31444,25,207875,10,0,0,20,0
31447,47,111994,9,0,0,34,0
31448,45,166636,9,0,0,35,0
31449,24,61737,13,0,0,40,0
31453,28,114158,13,0,1977,24,1
31455,27,157612,13,0,0,55,0
31456,28,199903,13,0,0,20,0
31458,44,156687,9,0,0,42,0
31459,27,369522,9,0,0,45,0
31462,28,189257,5,0,0,24,0
31466,31,113667,9,0,0,25,0
31471,56,226985,12,0,0,50,0
31472,38,153066,14,0,0,45,1
31473,30,159303,13,0,0,4,0
31474,22,200109,9,4508,0,40,0
31476,68,99491,10,0,0,20,0
31478,42,143582,4,0,0,48,0
31479,32,207113,6,0,0,40,0
31483,38,110402,11,0,0,40,0
31484,27,207213,9,0,0,40,0
31486,26,34112,11,0,0,40,0
31488,19,249787,9,0,0,40,0
31492,36,33983,11,0,0,42,1
31493,23,306601,13,0,0,40,0
31495,23,109430,9,0,0,40,0
31496,24,187115,13,0,0,20,0
31497,25,463667,9,0,0,8,0
31498,24,52262,9,0,0,40,0
31499,30,144064,9,0,0,62,0
31500,26,147821,13,0,0,45,0
31502,36,268620,10,0,0,33,0
31507,42,103932,11,0,0,40,0
31509,40,188942,10,0,0,40,0
31510,53,170354,10,0,0,40,1
31512,30,193380,13,0,0,35,0
31514,42,53956,9,0,0,55,0
31517,20,104164,9,0,0,40,0
31519,73,243030,13,0,0,30,0
31522,40,220563,8,0,0,40,0
31524,39,187847,9,0,0,50,0
31528,50,189183,9,0,0,40,0
31533,53,176059,14,0,0,50,0
31534,31,279015,14,0,2415,70,1
31536,30,277314,9,0,0,40,0
31539,47,209460,10,0,1485,47,0
31540,60,114263,13,0,0,40,1
31544,49,39986,5,0,0,40,0
31545,73,45784,10,0,0,11,0
31546,58,126991,9,0,0,20,0
31548,35,207676,10,0,0,40,0
31549,24,413345,10,0,0,50,0
31551,58,169611,9,0,0,40,0
31552,51,90363,10,15024,0,40,1
31554,30,340917,13,0,0,40,0
31555,27,34273,11,0,1876,36,0
31556,25,161027,13,5178,0,40,1
31559,44,74680,10,5178,0,50,1
31560,52,334273,16,99999,0,65,1
31563,36,174308,7,0,0,40,0
31568,22,103277,12,0,0,20,0
31569,42,318947,9,0,0,40,0
31571,32,204742,13,0,0,40,1
31576,33,205950,9,0,0,40,0
31578,42,119207,9,0,0,48,0
31581,54,192862,9,0,0,45,0
31583,24,195808,10,0,0,40,0
31586,54,177675,9,0,0,42,0
31587,23,50341,14,0,0,20,0
31589,23,126945,10,0,0,25,0
31590,67,92061,9,0,0,8,0
31597,21,301199,10,0,0,40,0
31598,53,215790,10,0,0,22,0
31599,38,87556,13,7688,0,55,1
31600,21,111467,10,0,0,40,0
31603,36,239074,12,0,0,40,0
31606,44,211531,10,0,0,50,0
31610,18,133055,9,0,0,30,0
31611,57,61761,10,0,1672,45,0
31612,62,103344,13,10520,0,50,1
31613,29,109814,13,0,0,40,0
31614,19,225294,9,0,0,40,0
31615,35,97277,15,0,0,65,1
31617,28,286452,6,0,0,40,0
31618,38,20308,9,0,0,40,0
31620,41,225978,13,0,0,40,0
31621,23,237720,13,0,0,38,0
31623,31,509364,3,0,0,45,0
31625,18,375515,7,0,0,20,0
31628,32,348152,14,0,0,40,1
31629,27,221166,5,0,0,40,0
31635,20,340217,9,0,0,40,0
31639,27,293828,9,0,0,40,0
31641,48,483261,10,0,0,40,0
31645,22,126945,11,0,0,40,0
31647,31,377850,9,0,0,65,0
31653,59,223215,10,0,0,42,0
31656,49,202467,9,0,0,40,1
31659,67,105216,10,0,0,16,0
31663,51,108435,14,0,0,47,1
31665,45,304973,9,0,0,78,1
31670,55,168790,9,0,0,44,0
31673,46,160187,14,0,0,35,0
31675,47,144351,13,0,0,45,1
31676,34,420749,9,0,0,30,0
31681,44,126199,10,1831,0,50,0
31683,35,216068,9,0,0,38,0
31688,28,395022,11,0,0,40,0
31691,31,446358,10,0,0,40,0
31692,47,352614,12,0,0,40,1
31693,36,293528,11,0,0,3,0
31695,18,128538,9,0,0,20,0
31696,46,428405,13,0,0,40,1
31697,32,126838,9,0,0,40,0
31702,33,186824,11,0,0,40,0
31703,42,350387,9,0,0,15,0
31705,63,321403,5,0,0,40,0
31706,31,114937,13,0,0,55,1
31709,20,451996,9,0,0,40,0
31711,24,211968,10,0,0,24,0
31715,29,286452,12,3418,0,40,0
31716,47,162034,13,0,0,60,1
31717,30,186932,16,5178,0,75,1
31719,23,122048,9,0,0,40,0
31723,26,365289,9,0,0,40,0
31724,27,165365,9,2885,0,40,0
31725,20,219266,9,0,0,36,0
31727,44,206553,11,0,0,40,0
31728,31,113364,9,0,0,40,1
31729,28,328949,15,0,0,60,0
31730,19,83930,9,0,0,20,0
31731,31,325355,13,0,1902,40,1
31732,20,131852,9,0,0,40,0
31734,47,100818,9,0,0,40,1
31735,36,162302,10,0,0,35,0
31736,48,182211,9,0,0,44,1
31742,57,130532,13,0,0,35,0
31743,38,168496,12,0,0,50,1
31744,34,362787,9,0,0,40,0
31748,32,207201,13,0,0,45,1
31749,29,37933,8,0,0,40,0
31752,66,306178,6,2050,0,40,0
31755,25,333677,9,0,0,36,0
31759,24,133586,13,0,0,40,0
31760,51,91137,5,0,0,40,0
31762,41,352812,10,0,1902,40,1
31766,51,103257,15,0,0,40,0
31767,52,178915,9,0,0,40,0
31768,49,54260,13,0,0,40,1
31770,45,233511,13,0,1977,60,1
31771,49,318331,9,0,0,40,0
31772,19,195985,9,0,0,40,0
31775,58,172618,15,0,0,45,1
31776,36,174717,13,7688,0,40,1
31779,55,88856,4,0,0,40,0
31782,35,340018,6,0,0,38,0
31783,20,30796,10,0,0,10,0
31784,51,155403,9,0,0,40,0
31786,39,225605,9,0,0,24,0
31787,36,289148,10,0,0,40,0
31788,47,339863,9,0,0,45,1
31789,27,178778,13,0,0,80,1
31792,18,447882,10,0,0,20,0
31795,51,82504,10,0,0,40,0
31798,49,62546,13,0,0,40,1
31800,24,326587,10,0,0,40,0
31801,25,202091,9,0,0,40,0
31803,25,450246,9,0,0,40,0
31804,20,84375,9,0,0,45,0
31805,43,142444,10,0,0,55,1
31807,24,192766,9,0,0,40,0
31808,18,53109,7,0,0,20,0
31809,45,121836,10,0,0,40,1
31810,45,298130,9,0,0,25,0
31811,26,135645,13,0,0,40,0
31814,21,232719,9,0,0,40,0
31816,68,107627,10,0,0,15,0
31817,21,129674,10,0,0,48,0
31818,28,114053,10,0,0,30,0
31819,46,202560,9,0,0,40,1
31820,35,219902,9,0,0,48,0
31821,50,192654,6,0,0,25,0
31823,17,112942,6,0,0,40,0
31824,59,153484,13,15024,0,50,1
31826,53,260106,9,0,0,30,0
31828,32,251612,3,0,0,45,0
31830,52,176134,9,0,0,48,0
31832,43,456236,14,0,0,50,1
31836,39,167482,9,0,0,60,1
31837,45,189792,14,0,0,40,1
31838,31,399052,5,0,0,42,0
31840,47,152752,3,0,0,20,0
31843,33,281784,13,0,1564,52,1
31845,34,200192,10,0,0,40,0
31848,61,159908,7,0,0,32,1
31851,42,195755,9,0,0,40,0
31852,50,186272,10,0,0,40,0
31855,74,91488,2,0,0,20,0
31858,40,63042,13,0,0,40,1
31859,36,29814,7,0,0,40,0
31860,61,116230,13,0,0,40,1
31865,33,160776,11,0,0,40,0
31868,48,204990,9,0,0,33,0
31869,60,171315,9,0,0,40,0
31871,32,103860,13,0,0,50,1
31873,51,96586,10,0,0,40,1
31874,53,202720,5,0,0,75,0
31878,32,294121,12,0,0,50,0
31879,63,179981,9,0,0,4,0
31881,58,154537,13,0,0,20,0
31883,32,156015,13,0,0,40,0
31884,40,116632,13,0,0,80,0
31886,38,115215,6,0,0,40,0
31887,30,254905,9,0,0,40,0
31894,22,211129,11,0,0,10,0
31897,31,251167,9,0,0,30,0
31898,46,94809,10,0,0,30,0
31899,37,265038,15,0,0,60,1
31902,41,208470,9,0,0,40,1
31903,54,28683,9,3464,0,40,0
31905,29,24562,13,0,0,40,0
31908,62,167098,13,0,0,40,1
31913,60,40856,11,0,0,46,1
31914,58,115605,14,0,0,50,1
31917,50,172511,10,0,0,40,1
31920,21,306114,10,0,0,20,0
31926,33,172498,10,0,0,40,0
31929,26,93806,10,0,0,55,0
31930,37,173192,11,0,0,40,0
31933,56,225267,9,0,0,40,0
31936,38,208358,11,0,0,40,0
31937,29,58115,13,0,0,41,0
31938,28,219267,9,0,0,28,0
31945,46,102308,15,15024,0,50,1
31947,38,40955,13,0,0,40,1
31948,66,141085,9,0,0,8,0
31951,31,145139,13,0,0,40,1
31952,39,231141,9,2829,0,40,0
31955,37,102541,11,0,0,40,0
31956,38,135416,10,0,0,40,0
31960,45,188823,14,0,0,50,1
31961,22,200593,10,0,0,40,0
31962,50,124094,9,0,0,40,0
31963,21,50411,9,0,0,40,0
31965,60,73091,9,0,1876,50,0
31967,51,176969,9,0,0,48,0
31969,46,368561,12,0,0,40,0
31970,43,26915,11,0,0,45,1
31971,57,157974,9,0,0,48,0
31974,68,195881,9,2414,0,40,0
31975,33,183000,10,0,0,24,0
31977,18,151463,7,0,0,7,0
31981,36,369843,9,0,0,50,0
31983,18,144711,9,0,1721,40,0
31984,39,382802,6,0,1590,40,0
31985,25,254781,13,0,0,40,0
31986,27,70657,10,0,0,35,0
31989,49,94606,16,0,0,60,1
31992,27,166210,9,0,0,50,0
31993,25,198986,13,0,0,40,1
31996,38,698363,9,0,0,40,0
31998,37,401998,9,0,0,20,0
32001,47,134671,9,0,0,40,0
32005,45,178922,9,0,0,20,0
32006,23,51985,9,0,0,38,0
32012,41,223671,9,0,1887,55,1
32014,27,107458,13,0,0,40,0
32015,51,215948,10,0,0,40,0
32016,44,306440,9,0,0,40,0
32019,32,37210,13,0,0,45,1
32025,47,408788,11,0,0,40,1
32033,39,108140,11,0,0,40,0
32037,27,191628,9,2174,0,40,0
32039,24,42401,13,0,0,47,0
32042,35,210945,9,0,0,50,0
32045,33,132705,5,0,0,48,0
32047,43,141858,7,0,0,40,0
32050,45,191776,14,0,0,40,0
32051,43,128354,9,0,0,40,0
32053,21,414812,4,0,0,40,0
32055,39,33983,10,15024,0,40,1
32057,41,73431,13,0,0,40,0
32061,33,248346,12,0,0,50,0
32069,67,101132,4,1797,0,40,0
32071,47,248776,14,0,0,25,0
32073,34,213226,13,0,1485,35,0
32075,24,148320,10,0,0,40,0
32078,21,211013,5,0,0,50,0
32080,19,356272,10,0,0,25,0
32083,44,263871,10,0,0,50,0
32088,24,224716,9,0,0,40,0
32091,39,236391,9,0,0,45,0
32092,22,54560,9,0,0,40,0
32094,32,42900,15,15024,0,50,1
32096,23,278254,9,0,0,45,0
32101,22,31387,13,2885,0,25,0
32102,27,110931,9,0,0,40,0
32105,49,198774,13,0,0,35,0
32106,32,123291,8,0,0,40,0
32108,37,29814,9,0,0,50,0
32111,53,290688,9,0,0,52,1
32112,43,427382,14,0,0,50,1
32114,23,276568,10,0,0,40,0
32118,47,343579,2,0,0,12,0
32120,25,120238,7,5178,0,40,1
32121,27,205440,6,0,0,40,0
32122,23,198996,9,0,0,40,0
32123,18,294253,9,0,0,27,0
32125,59,223131,9,0,0,60,0
32127,66,270460,4,0,0,40,0
32130,44,197389,9,0,0,40,0
32131,17,73338,7,0,0,20,0
32133,32,185027,10,0,0,40,1
32134,53,107123,9,0,0,40,0
32135,22,109482,10,0,0,98,0
32141,62,160155,4,6418,0,40,1
32142,20,176178,9,0,0,35,0
32146,25,135845,10,0,0,40,0
32147,23,199915,9,0,0,21,0
32150,57,24473,11,0,0,40,1
32152,43,82077,10,0,0,40,0
32154,58,314153,9,0,0,40,1
32156,59,113959,9,0,0,45,1
32159,40,166662,15,15024,0,45,1
32160,47,72896,9,0,0,40,0
32161,56,345730,13,0,0,45,1
32162,30,302473,9,0,0,40,0
32164,21,243921,9,0,0,40,0
32165,21,131620,9,0,0,40,0
32166,47,158924,9,0,0,40,0
32168,35,252897,12,14344,0,40,1
32171,60,82775,10,0,0,55,0
32173,90,88991,13,0,0,40,1
32177,19,259352,9,0,0,45,0
32178,30,296453,9,0,0,35,0
32179,19,278915,8,0,0,52,0
32181,22,274103,13,0,0,10,0
32182,19,271118,9,0,0,28,0
32183,45,207107,12,0,2080,40,0
32188,34,34862,13,0,1564,60,1
32189,22,163205,9,0,0,53,0
32191,32,229051,10,0,0,40,0
32192,24,144898,10,0,0,40,0
32194,32,48458,9,0,1669,45,0
32195,58,201393,12,0,1876,40,0
32196,25,136450,12,0,0,35,1
32200,28,271936,10,0,0,35,0
32201,35,61343,13,0,0,40,1
32202,30,157778,10,0,0,25,1
32205,72,33404,6,0,0,20,0
32207,37,279029,13,0,0,40,0
32208,54,213092,9,0,0,40,0
32210,32,119124,13,0,0,40,0
32211,65,31924,10,0,0,15,0
32214,65,185001,6,0,0,20,0
32216,35,115214,9,6497,0,65,0
32219,53,158284,9,0,0,70,0
32220,23,60668,6,0,0,40,0
32221,43,222978,16,0,0,40,1
32225,60,131681,13,0,0,50,1
32227,33,391122,9,0,0,30,0
32229,54,188809,16,0,0,50,1
32231,63,181561,10,0,0,50,0
32236,51,392286,9,0,0,40,1
32240,67,141085,9,0,0,20,0
32242,47,198660,13,0,0,40,1
32243,21,409230,9,0,0,40,0
32244,38,376025,4,0,0,40,0
32245,55,80167,13,0,0,40,0
32251,32,207668,9,0,0,50,0
32252,63,179981,10,0,0,60,1
32255,41,200671,13,6497,0,40,0
32258,44,222978,9,0,1504,40,0
32260,48,120724,8,0,0,50,0
32264,26,181666,10,0,0,40,0
32266,39,207568,9,0,0,48,1
32270,24,109869,10,0,0,40,0
32272,28,192588,9,0,0,40,0
32273,28,232945,9,0,0,30,0
32274,49,31339,9,0,0,40,0
32275,50,305147,13,0,0,40,0
32277,58,141165,9,0,0,50,0
32278,68,136218,9,0,0,15,0
32282,24,403671,13,0,0,40,0
32283,50,193871,13,0,0,40,0
32284,47,306183,10,0,0,44,0
32287,28,69847,13,0,0,30,0
32288,26,169323,14,0,0,40,0
32291,50,166220,12,3942,0,40,0
32292,39,186420,9,0,0,40,0
32293,46,192779,13,0,0,45,1
32294,41,105616,10,0,0,48,0
32296,57,160275,9,0,0,40,0
32299,55,314592,9,0,0,40,1
32300,41,254630,11,0,0,80,0
32302,22,112130,9,0,0,40,0
32308,48,309895,10,0,0,40,0
32309,38,216129,10,0,0,35,0
32313,37,287031,10,5178,0,75,1
32315,37,99151,9,0,0,40,1
32318,22,173736,9,0,0,40,0
32320,45,311080,10,0,0,40,1
32321,29,389857,9,0,0,50,1
32326,28,32922,11,0,0,60,0
32327,58,118303,9,0,0,35,1
32329,59,236731,4,0,0,40,0
32330,39,209397,9,0,0,40,0
32331,53,290640,10,0,0,50,1
32334,59,159724,14,7298,0,55,1
32336,36,461337,10,0,0,40,0
32337,37,187311,10,0,0,60,0
32338,32,29312,10,0,0,40,0
32340,19,301747,9,0,0,30,0
32341,55,135439,13,0,0,48,0
32342,30,340917,9,0,0,40,0
32344,65,200749,9,0,0,25,0
32347,32,131425,13,0,0,50,0
32349,28,149769,9,0,0,40,0
32350,44,124924,9,0,0,40,0
32354,34,250182,7,0,0,60,0
32359,35,107125,13,0,0,16,1
32361,27,133937,10,0,0,45,0
32365,18,51789,10,0,0,8,0
32366,24,211049,4,0,0,20,0
32368,40,139193,9,0,1980,48,0
32369,54,150999,10,0,0,60,0
32370,22,332657,10,0,0,40,0
32374,59,102442,13,0,0,45,1
32376,35,283237,9,0,0,40,0
32377,17,150106,6,0,0,20,0
32379,40,374764,10,0,0,40,0
32380,35,32528,9,0,0,45,0
32381,25,50053,13,0,0,45,0
32382,58,212864,9,0,0,40,0
32385,23,419554,9,0,0,54,0
32387,48,118158,12,0,0,44,0
32388,41,116391,13,0,0,40,0
32392,24,287988,13,0,0,40,0
32393,58,147653,10,0,0,32,0
32394,54,117674,14,0,0,40,1
32396,28,410351,10,0,0,40,0
32399,27,271243,10,0,0,40,0
32401,63,168656,13,0,0,35,0
32402,33,460408,9,3325,0,50,0
32404,20,133061,5,0,0,40,0
32406,21,219137,6,0,0,25,0
32407,50,31621,9,0,0,40,1
32409,27,57052,9,2885,0,40,0
32410,19,109854,9,0,0,40,0
32412,17,53611,8,0,0,6,0
32414,25,198813,13,0,0,40,0
32416,21,188073,9,0,0,40,0
32418,48,174829,12,0,0,40,0
32422,33,222654,10,0,0,66,0
32423,56,251836,3,0,0,40,0
32424,40,112388,14,0,0,40,0
32425,28,209641,9,0,0,32,0
32426,42,313945,14,0,0,40,0
32427,19,134974,10,0,0,20,0
32430,40,353432,6,0,0,35,0
32436,21,41356,10,0,0,35,0
32437,50,93705,10,0,0,40,0
32440,55,174662,9,0,0,32,0
32441,62,177295,9,0,0,40,0
32442,31,211880,13,0,0,40,0
32443,35,454915,5,0,0,40,0
32448,47,329144,9,4386,0,45,1
32449,37,116960,13,0,0,45,1
32451,39,47871,13,0,0,50,1
32452,34,295922,10,0,0,40,1
32454,19,129586,10,0,0,40,0
32455,42,190179,13,99999,0,40,1
32463,56,145574,9,0,0,40,1
32464,51,101722,4,3908,0,47,0
32465,34,135785,13,0,0,36,0
32468,37,448337,9,0,0,40,0
32469,58,310320,13,0,0,40,1
32471,39,255503,13,0,0,40,1
32472,36,116608,9,4865,0,40,0
32474,22,174975,11,0,0,36,0
32475,32,108023,14,0,0,40,0
32476,17,204018,7,0,0,15,0
32478,68,121846,4,0,0,20,0
32479,70,278139,9,3432,0,40,0
32481,19,536725,10,0,0,15,0
32482,51,94432,9,0,0,40,0
32484,47,101684,9,0,0,40,0
32487,30,231413,10,0,0,40,1
32488,26,158846,9,0,0,45,0
32490,25,306513,10,0,0,45,0
32491,62,152148,5,0,0,40,0
32493,26,130832,13,0,0,10,0
32494,25,194897,9,6849,0,40,0
32495,30,130078,13,0,0,45,0
32497,20,379198,9,0,0,40,0
32498,51,189762,10,0,0,15,1
32499,19,178147,10,0,0,10,0
32500,31,332379,9,0,0,40,0
32503,40,275446,9,0,0,40,0
32504,30,278522,7,0,0,40,0
32505,28,54683,10,0,1590,40,0
32507,18,205894,7,0,0,15,0
32513,18,145005,10,0,0,20,0
32514,37,184655,9,0,0,35,0
32515,52,358554,9,0,0,40,1
32516,59,307423,5,0,0,50,0
32517,27,472070,11,0,0,40,0
32518,43,115562,9,0,0,40,0
32521,37,183345,11,0,0,45,0
32522,28,119793,11,10520,0,50,1
32523,48,97883,9,0,0,25,0
32524,58,31732,13,0,0,50,0
32530,30,131699,9,0,0,40,0
32532,55,349910,12,0,0,60,0
32534,33,184306,9,0,0,30,0
32539,36,162651,9,0,0,40,0
32540,43,130126,13,0,0,40,1
32541,39,160120,16,0,0,40,0
32543,24,201664,10,0,0,40,0
32544,40,137142,9,0,0,60,0
32545,45,122206,12,0,0,50,1
32548,35,185053,13,0,0,40,0
32551,61,199198,4,0,0,21,0
32555,48,164964,9,0,0,40,0
32559,27,36440,13,0,0,40,0
32564,31,180551,9,0,0,40,1
32568,50,283676,10,0,0,40,1
32569,34,105540,13,0,2051,40,0
32571,21,57916,9,0,0,40,0
32574,18,115839,8,0,0,30,0
32575,34,205256,9,2885,0,80,0
32576,38,117802,9,0,0,65,1
32577,19,211355,9,0,0,12,0
32579,19,343200,10,0,0,25,0
32580,22,401690,10,0,0,20,0
32585,38,153976,9,0,0,40,0
32590,38,26698,9,0,0,40,0
32593,17,242773,7,0,0,20,0
32599,22,263670,9,0,0,80,0
32601,46,190115,10,0,1887,40,1
32604,59,130532,10,0,0,40,0
32607,50,171225,13,0,0,40,1
32608,51,33304,9,0,0,40,0
32609,43,95634,13,0,0,45,0
32611,38,181721,13,0,0,40,0
32617,47,191411,14,0,0,45,0
32618,39,123945,9,0,0,40,1
32620,34,171216,13,0,0,50,0
32621,40,93955,10,0,0,40,0
32623,53,346754,10,0,0,40,1
32625,28,72443,10,0,1669,60,0
32626,68,186350,9,0,0,10,1
32627,22,214238,4,0,0,40,0
32630,38,125550,9,0,0,35,0
32631,66,192504,14,0,0,40,0
32634,38,172755,9,0,0,40,0
32638,31,284703,14,0,0,40,0
32640,30,173854,9,0,0,60,0
32643,59,171328,9,0,2339,40,0
32645,64,251292,3,0,0,20,0
32650,33,167476,7,0,0,7,0
32654,46,177114,12,0,0,27,0
32655,32,146154,9,0,0,40,0
32656,41,198196,9,0,0,40,0
32657,30,79712,13,0,0,40,0
32658,54,154785,13,0,0,50,0
32660,20,347292,9,0,0,32,0
32662,20,219835,10,0,0,30,0
32663,17,148769,9,0,0,40,0
32664,45,197418,10,0,0,48,0
32668,17,173807,7,0,0,15,0
32670,38,102938,13,0,0,40,0
32672,25,50053,9,0,0,40,0
32673,57,233382,14,0,0,40,0
32674,32,270968,13,0,0,50,1
32675,39,272166,13,0,0,30,0
32679,25,188507,4,0,0,40,0
32683,24,77665,9,0,0,42,0
32684,57,127728,13,15024,0,50,1
32687,28,192838,11,0,0,45,0
32690,45,33234,13,0,0,40,1
32694,49,199058,9,0,0,38,0
32695,38,48093,9,0,0,40,0
32697,47,168337,9,0,0,48,1
32699,39,230329,13,0,0,40,1
32700,42,376072,9,0,0,30,0
32704,55,28735,9,0,0,45,0
32705,37,167482,9,0,0,40,0
32708,33,310525,8,0,0,32,0
32709,35,105138,13,0,0,40,1
32710,44,153489,9,0,0,40,0
32711,57,254949,9,0,0,40,1
32712,31,118149,10,0,0,40,0
32714,43,50646,9,0,0,70,0
32717,47,168262,13,0,0,40,0
32718,53,117058,9,0,0,40,0
32719,59,140957,11,0,0,35,1
32723,25,31350,9,0,0,60,0
32727,50,186565,13,0,0,50,0
32731,49,125421,9,0,0,38,0
32732,31,500002,2,0,0,45,0
32735,62,123992,9,0,0,40,0
32737,46,37672,9,0,0,15,0
32738,55,198145,13,7298,0,40,1
32739,49,35406,9,0,0,20,0
32740,22,199419,9,0,0,40,0
32742,58,238438,10,0,0,42,0
32743,48,212954,14,15024,0,40,1
32744,21,56582,7,0,0,50,0
32745,67,176931,4,0,0,20,0
32746,39,188571,7,0,0,40,0
32747,52,312500,11,0,0,40,0
32750,18,184016,7,0,0,20,0
32751,41,183009,9,0,0,40,1
32752,59,205759,16,0,0,50,0
32753,23,462294,12,0,0,44,0
32754,42,102085,9,0,0,15,0
32756,39,248694,9,0,0,60,0
32758,51,162988,6,0,0,25,0
32760,24,310380,10,0,0,45,0
32761,35,172186,10,0,0,40,0
32766,38,312528,13,0,0,37,0
32768,27,205145,9,0,0,40,0
32770,22,401451,10,0,0,48,1
32772,25,189027,13,0,0,40,0
32773,58,35551,13,0,0,70,1
32774,23,42706,10,0,0,45,0
32775,63,106910,3,0,0,19,0
32776,23,53245,5,0,0,40,0
32778,75,71898,1,0,0,48,0
32781,52,178983,16,0,0,40,1
32782,40,391744,9,0,0,40,0
32783,34,418020,16,0,0,50,1
32784,21,39236,10,0,0,8,0
32785,30,86808,13,0,0,40,0
32787,21,184756,10,0,0,16,0
32788,44,191256,9,0,0,40,0
32792,22,357612,9,0,0,60,0
32793,23,82777,9,0,0,30,0
32794,75,218521,10,0,0,30,0
32796,24,33339,10,0,0,20,0
32797,45,148549,10,27828,0,56,1
32801,61,160942,14,3103,0,50,0
32802,44,107584,14,3908,0,50,0
32804,79,163140,9,0,0,40,1
32805,51,302579,9,0,0,30,0
32807,24,83141,13,0,0,40,0
32811,25,207875,4,0,0,40,0
32813,18,335665,7,0,0,24,0
32815,19,42069,9,2176,0,45,0
32816,26,131777,13,0,2002,40,0
32818,42,159911,9,0,0,40,0
32822,34,49707,9,0,0,70,0
32823,33,201988,14,0,0,45,0
32828,43,184846,9,0,0,60,0
32830,35,112512,9,0,0,40,0
32832,28,37821,10,0,0,45,0
32836,48,177783,4,0,0,50,0
32838,31,240283,13,0,0,40,1
32846,35,347491,11,0,0,40,0
32855,24,228772,3,0,0,40,0
32857,49,86701,10,0,0,56,1
32859,48,121622,14,0,1380,40,0
32860,18,201613,8,0,0,20,0
32862,27,168138,9,0,0,40,0
32865,26,139116,10,0,0,50,0
32868,40,151038,13,0,0,40,0
32869,70,36311,13,20051,0,35,1
32870,34,271933,14,0,0,50,0
32874,61,215591,9,0,1887,40,1
32877,47,188081,9,0,0,40,1
32878,33,121245,13,0,0,60,1
32880,25,114345,5,914,0,40,0
32882,40,166893,13,0,0,40,1
32884,30,145231,12,0,1762,40,0
32885,73,102510,4,6418,0,99,1
32890,23,384651,10,0,0,40,0
32896,34,251421,9,0,0,40,0
32899,23,170091,10,0,0,6,0
32900,36,175360,14,13550,0,50,1
32902,53,105788,13,0,0,50,1
32903,42,248476,10,0,0,65,1
32904,32,168443,14,0,0,40,0
32905,33,120201,9,0,0,65,0
32910,46,44671,13,0,0,40,0
32911,44,87282,13,0,0,38,0
32912,27,112754,13,0,1485,60,1
32913,29,322238,9,0,0,40,0
32914,39,65382,10,0,0,40,0
32916,48,162236,14,0,0,40,1
32918,60,204062,14,0,0,48,1
32919,35,283305,13,0,0,40,0
32920,39,435638,10,0,0,40,0
32921,34,114733,12,0,0,36,0
32923,18,195981,9,0,0,40,0
32924,44,79531,11,0,0,40,1
32928,49,133917,11,0,0,40,0
32929,52,196894,7,0,0,40,0
32931,23,190290,13,0,0,40,0
32933,31,128493,9,0,0,25,0
32934,30,290677,14,0,0,20,0
32938,34,319165,16,0,0,50,1
32941,26,215384,13,0,1974,55,0
32942,26,166666,10,0,0,35,0
32944,35,140564,13,0,0,40,1
32945,27,322208,10,0,0,40,0
32949,37,348960,12,0,0,50,1
32954,38,193961,10,0,0,40,1
32955,21,32732,10,0,0,40,0
32957,33,389932,9,0,0,55,0
32960,20,34321,10,0,0,30,0
32962,34,276221,6,0,0,40,0
32964,46,235646,9,0,0,40,1
32965,40,123306,11,0,0,40,1
32966,59,38573,10,0,0,40,1
32967,23,216889,9,0,0,40,0
32968,23,386705,10,0,0,24,0
32970,31,47276,13,0,0,38,1
32971,42,162758,10,0,0,56,1
32974,21,186314,9,0,0,40,0
32975,55,213615,9,0,0,40,1
32977,44,115932,14,0,0,40,0
32978,61,392694,10,0,0,50,1
32980,50,123429,13,0,0,45,1
32983,49,281647,14,0,0,45,1
32985,19,252862,11,0,0,40,0
32989,49,99361,15,0,0,45,0
32990,36,105138,9,0,0,50,0
32991,26,183171,7,1055,0,32,0
32992,18,151866,10,0,0,20,0
32993,60,297261,10,0,0,15,0
32998,31,198452,13,0,0,40,0
32999,20,161092,10,0,0,40,0
33006,20,163911,10,0,0,40,0
33007,35,214896,9,0,0,45,0
33008,30,102821,10,0,0,40,0
33011,42,158555,6,0,0,40,0
33012,36,28160,9,0,0,40,0
33013,32,462255,13,0,0,40,0
33014,33,144949,9,0,0,40,0
33015,27,116207,5,0,0,32,0
33016,17,187308,6,0,0,15,0
33017,45,189890,9,0,0,40,0
33018,41,185267,13,0,0,40,0
33019,19,63434,10,0,0,35,0
33020,45,1366120,11,0,0,8,0
33021,41,495061,16,99999,0,70,1
33022,34,134886,9,0,1740,35,0
33023,33,129707,13,0,0,60,1
33027,23,406641,10,0,0,18,0
33031,38,338212,10,0,0,20,0
33033,42,384236,14,7688,0,40,1
33035,26,80485,13,0,0,38,0
33038,43,214541,10,0,0,40,1
33043,81,89015,9,0,0,18,0
33046,31,19302,13,0,0,40,1
33049,27,420351,9,0,0,40,0
33050,23,215443,10,0,0,15,0
33051,26,116044,7,2907,0,50,0
33052,33,215306,11,0,0,40,0
33053,39,108069,10,0,0,40,0
33054,44,260046,9,0,0,40,0
33055,38,31053,9,0,0,40,0
33059,43,242968,14,0,0,40,1
33061,37,177858,10,2174,0,40,0
33062,33,73585,7,0,0,50,0
33064,32,108467,13,0,0,55,0
33071,51,118793,13,0,0,70,1
33072,26,152457,9,0,0,40,0
33074,50,266529,7,0,0,40,0
33077,48,83444,11,0,0,43,1
33078,37,30529,13,0,2415,50,1
33081,69,71489,14,0,0,25,0
33084,39,203482,14,7298,0,40,1
33085,42,352196,9,0,0,22,0
33089,29,211482,13,0,0,50,1
33095,46,237731,11,0,0,40,0
33098,66,206560,9,0,0,35,0
33104,48,383384,9,0,0,40,1
33107,27,218785,9,0,0,40,0
33109,17,244602,8,0,0,15,0
33110,44,175696,13,0,0,40,1
33111,26,101027,9,0,0,48,0
33112,37,99270,9,0,0,40,0
33127,35,379959,9,0,0,40,0
33128,32,95885,7,13550,0,60,1
33129,39,225330,13,0,0,50,1
33131,28,65171,10,0,0,40,0
33132,32,193380,9,0,0,40,0
33133,42,184823,10,0,0,40,0
33134,35,81259,13,0,0,43,0
33135,35,301369,8,0,0,40,0
33140,35,139770,9,6849,0,40,0
33143,35,193260,14,0,0,40,1
33144,35,331831,13,0,0,40,0
33147,48,36228,9,0,0,44,0
33148,49,160167,11,0,0,40,0
33153,36,114988,9,0,0,40,0
33155,48,121124,10,0,0,40,1
33156,53,195638,9,0,0,40,0
33157,37,245053,10,0,1504,40,0
33159,30,197827,10,0,0,40,0
33162,24,304463,10,0,0,65,0
33163,34,214288,9,0,0,40,0
33168,63,122442,8,0,0,40,0
33171,24,219519,10,0,0,40,0
33173,25,441210,9,0,0,40,0
33175,50,231196,13,0,0,50,0
33180,20,344492,9,0,0,26,0
33182,80,101771,7,0,0,25,0
33184,40,121012,13,7298,0,48,1
33187,32,286689,12,0,0,42,1
33190,37,120130,14,0,0,60,1
33191,29,241431,16,0,0,35,1
33195,30,314310,13,0,0,40,1
33196,30,44566,13,0,0,80,0
33200,42,240628,13,0,0,40,1
33204,41,143003,11,7298,0,60,1
33206,41,244945,10,0,0,40,0
33207,50,138514,10,0,0,40,0
33208,18,92008,9,0,0,28,0
33209,23,207415,13,0,0,15,0
33212,27,133696,10,0,0,88,0
33213,21,195919,6,0,0,40,0
33215,42,140474,12,0,0,35,0
33217,43,293176,13,0,0,40,1
33220,23,419394,10,0,0,9,0
33221,18,220836,7,0,0,20,0
33226,25,99126,11,7688,0,40,1
33237,25,29020,12,0,0,45,0
33244,51,53838,13,0,0,40,0
33245,45,209482,14,0,0,45,1
33247,47,34458,4,0,0,10,0
33248,35,100375,10,0,0,40,0
33250,46,189762,12,0,0,56,0
33253,34,355700,9,0,0,20,0
33254,26,213625,12,0,0,40,0
33256,30,144593,9,0,0,40,0
33257,23,217169,13,0,0,40,0
33260,54,57758,14,0,0,68,1
33264,32,142675,9,0,0,40,0
33265,75,248833,9,2653,0,14,0
33267,34,376979,5,0,0,40,0
33269,21,277530,9,0,0,40,0
33271,32,94041,11,0,0,44,0
33274,64,192596,9,0,0,30,0
33275,17,142457,7,0,0,20,0
33283,42,219591,13,0,0,55,1
33285,52,221936,9,0,0,40,0
33286,51,120914,6,0,0,40,0
33289,38,236687,10,0,0,40,0
33296,72,289930,13,991,0,7,0
33305,41,279914,10,0,0,45,1
33308,78,237294,9,0,0,45,1
33309,43,112181,11,0,1902,32,1
33311,20,117789,10,0,0,40,0
33313,36,89083,11,0,0,40,0
33315,21,129980,5,0,0,40,0
33316,51,108233,12,0,0,40,0
33317,30,342709,9,0,0,40,0
33320,20,273701,10,34095,0,10,0
33322,24,161092,9,0,0,40,0
33323,32,209691,13,0,0,42,1
33324,36,89508,10,0,0,50,0
33327,56,264436,10,0,0,40,0
33331,56,179594,9,0,0,48,0
33333,45,187370,14,7430,0,70,1
33334,31,473133,14,5178,0,40,1
33337,56,51662,7,0,0,40,0
33338,45,289468,7,0,0,40,0
33339,28,201954,12,0,0,65,1
33343,23,213811,13,0,0,40,0
33346,22,270436,9,0,0,40,0
33347,23,212619,9,0,0,50,0
33348,23,193586,9,3908,0,40,0
33350,55,264834,13,0,0,40,0
33351,34,98995,11,0,0,40,0
33353,28,167987,9,0,0,40,0
33357,37,223433,9,0,0,40,1
33360,35,241998,9,0,0,40,1
33362,23,187513,11,0,0,40,0
33363,24,440138,9,0,0,45,0
33365,50,158948,4,3411,0,40,0
33370,21,155818,9,0,0,20,0
33372,22,308205,3,0,0,40,0
33374,36,152307,9,0,0,40,0
33378,30,263150,9,0,0,20,0
33380,23,151888,10,0,0,40,0
33387,23,209770,9,0,0,40,0
33388,25,164488,13,0,0,40,0
33389,65,180869,10,0,0,35,0
33390,25,190350,9,0,0,40,0
33392,45,204057,13,0,0,40,0
33393,46,198774,14,0,323,45,0
33395,40,174515,9,0,0,40,0
33396,51,259363,10,0,0,60,1
33399,28,185127,10,0,0,40,0
33400,44,462838,9,0,0,48,0
33403,33,37546,15,0,0,40,1
33406,27,314240,12,3325,0,40,0
33407,49,423222,14,0,0,50,1
33410,36,209629,9,0,0,40,0
33415,35,103214,16,0,0,60,1
33416,34,122612,13,7688,0,50,1
33417,50,226735,10,0,0,70,1
33420,33,209317,5,0,0,45,0
33421,48,99096,10,0,1590,38,0
33423,29,205249,14,0,0,40,0
33425,28,183523,9,0,0,50,0
33426,36,350783,9,0,0,38,0
33428,44,175943,13,0,0,20,0
33430,49,225124,9,0,0,40,0
33431,36,272090,13,0,0,45,0
33433,19,35245,9,0,0,40,0
33434,36,167482,13,0,0,40,1
33437,49,179869,9,0,0,40,1
33438,51,205100,9,0,0,40,0
33439,20,352139,10,0,0,29,0
33441,38,247111,9,0,0,40,1
33444,52,74712,9,0,0,40,1
33445,22,94662,11,0,0,44,0
33446,44,33126,10,0,0,80,0
33447,43,133584,9,0,0,40,0
33448,41,103759,10,3942,0,40,0
33449,63,64448,9,0,0,40,0
33450,40,374367,11,0,0,44,0
33453,57,180211,15,0,0,50,1
33455,44,150011,13,0,0,40,0
33460,44,99651,14,5178,0,40,1
33463,57,206343,9,2174,0,40,0
33465,23,529223,13,0,0,10,0
33467,37,58337,10,0,0,40,1
33473,18,95917,9,0,0,25,0
33474,34,238305,10,0,1628,12,0
33477,57,124507,13,0,0,55,1
33479,59,309124,9,0,0,40,1
33480,27,240172,13,0,0,40,0
33481,50,105010,13,0,0,45,1
33487,44,175669,7,5178,0,36,1
33489,44,230684,9,0,0,45,0
33491,41,170866,13,0,0,50,1
33492,54,182543,10,0,0,40,0
33493,60,236470,4,0,0,40,0
33494,58,33725,14,0,0,20,0
33495,27,188941,10,3908,0,40,0
33497,33,173806,12,0,0,40,0
33500,21,25265,9,0,0,40,0
33501,39,100669,10,0,0,40,0
33504,20,54012,9,0,0,40,0
33507,35,119421,13,0,0,35,1
33508,56,220187,10,0,0,45,1
33510,41,277783,10,0,2001,50,0
33511,42,175515,9,0,0,40,0
33512,58,271795,4,0,0,40,0
33515,57,266189,9,0,0,42,0
33516,49,102945,4,0,0,40,0
33522,37,175360,9,0,0,40,1
33525,54,152540,10,0,0,42,0
33527,22,138575,9,0,0,56,0
33533,47,27624,11,0,0,55,0
33534,24,281403,9,0,0,98,0
33537,26,299810,9,0,0,50,0
33540,57,123053,15,15024,0,50,1
33543,28,67218,4,0,0,40,0
33544,34,176992,10,0,0,40,0
33545,38,43712,7,0,1887,45,1
33546,44,379919,12,0,0,60,1
33547,34,104509,11,1639,0,20,0
33550,73,233882,9,0,2457,40,0
33551,24,197387,9,0,0,40,0
33552,29,220656,13,0,0,40,1
33553,33,181091,10,0,0,40,0
33554,57,135028,9,0,0,35,0
33557,21,203003,6,0,0,40,0
33560,32,335427,13,0,0,20,1
33561,40,65866,10,0,213,40,0
33562,32,372692,9,0,0,40,0
33563,21,45607,10,0,0,40,0
33566,29,212895,10,0,0,48,0
33570,44,262684,9,0,1504,45,0
33572,42,30759,9,0,0,35,0
33574,66,29431,9,0,0,50,0
33577,31,651396,9,0,1594,30,0
33579,36,84848,9,0,0,16,0
33584,24,214542,7,0,0,40,0
33585,25,217006,7,0,0,40,0
33586,52,169785,10,0,0,50,0
33587,30,75573,13,0,0,45,0
33588,37,239171,9,0,0,40,1
33589,55,53566,16,0,0,30,0
33590,20,117109,10,0,0,24,0
33591,32,398019,4,0,0,15,0
33593,24,204653,10,0,0,40,0
33594,33,254935,10,0,0,45,0
33597,53,174020,14,0,1876,38,0
33599,50,172175,15,0,0,40,1
33601,40,336707,11,0,0,60,0
33603,47,156728,9,0,0,55,0
33606,28,149324,10,0,0,7,0
33608,50,98975,13,15024,0,40,1
33610,30,174789,9,0,0,40,0
33614,50,256861,9,0,0,80,0
33618,46,70754,13,0,0,40,1
33619,32,245378,9,0,0,60,0
33620,26,176729,13,0,0,45,1
33626,65,209831,11,0,0,40,0
33628,48,167381,9,0,0,25,0
33630,32,200700,10,0,0,50,0
33631,30,191777,9,0,0,40,0
33633,23,149396,9,0,0,40,0
33634,25,104746,10,0,0,16,0
33636,27,238859,11,0,0,40,0
33637,43,23157,9,0,0,60,0
33640,33,117963,13,0,0,38,0
33642,29,157941,13,0,0,40,0
33643,30,103642,7,0,0,40,0
33644,26,169727,9,0,0,40,0
33645,43,274731,13,0,0,40,1
33648,48,141511,14,0,0,40,1
33652,31,312055,9,0,0,70,0
33654,28,232653,13,0,0,40,0
33657,20,199011,10,0,0,12,0
33662,21,65038,9,0,0,40,0
33665,45,320192,2,0,0,40,0
33666,39,119421,9,0,625,35,0
33669,39,141584,14,0,2444,45,1
33670,42,529216,9,0,0,40,0
33672,21,85733,10,0,0,40,0
33676,35,82622,9,0,0,50,0
33678,45,54744,10,0,1848,40,1
33680,21,218957,7,0,0,45,0
33684,45,97176,7,0,0,16,0
33686,22,311376,13,0,0,40,0
33687,37,78928,5,3137,0,40,0
33688,62,123582,6,0,0,40,0
33693,33,152875,13,0,0,40,0
33695,49,178215,10,0,0,28,0
33696,47,194360,9,0,0,7,1
33697,59,247187,9,0,0,40,0
33698,35,63921,9,0,0,40,0
33701,57,47619,12,0,0,40,0
33703,37,50837,14,0,0,45,1
33707,38,243484,13,0,0,28,1
33708,23,201664,9,0,0,40,0
33713,32,137076,10,0,0,40,0
33716,69,29980,4,1848,0,10,0
33717,39,543042,9,5178,0,50,1
33719,51,97934,13,5178,0,40,1
33720,43,191196,9,0,0,40,0
33723,25,209227,13,0,0,21,0
33724,64,216208,10,0,0,40,0
33726,44,317535,2,0,0,40,0
33730,23,161708,10,0,0,20,0
33734,39,117683,6,0,0,45,0
33735,51,139347,9,7688,0,40,1
33736,25,427744,6,0,0,40,0
33738,34,227931,10,0,0,38,0
33741,28,197113,9,0,0,50,0
33743,63,331527,9,0,0,14,0
33744,31,213179,9,0,0,60,1
33745,70,188260,9,0,0,16,0
33746,43,298161,9,0,0,40,0
33750,31,309974,10,0,0,40,0
33751,19,37085,10,0,0,30,0
33752,39,270059,10,0,0,35,0
33754,39,188038,10,0,0,40,0
33758,32,177531,6,0,0,23,0
33760,19,501144,10,0,0,40,0
33761,61,180079,16,4064,0,40,0
33763,39,218490,15,0,2415,50,1
33764,24,203924,13,0,0,45,0
33768,28,190911,9,0,0,40,0
33770,61,119684,15,15024,0,20,1
33773,26,250038,10,0,0,40,1
33776,21,230248,9,0,0,25,0
33778,52,115851,9,0,0,40,0
33782,55,157639,10,0,0,40,1
33784,36,127686,9,0,0,37,0
33786,78,91534,13,0,0,3,0
33787,30,184687,9,0,0,30,0
33788,22,267945,10,0,0,16,0
33789,43,131899,13,0,0,40,1
33791,36,186808,13,0,0,40,1
33793,27,46442,13,0,0,35,0
33794,46,78022,9,0,0,40,1
33795,24,417668,13,0,0,20,0
33796,41,223763,9,0,0,40,0
33798,38,115634,10,0,0,40,0
33800,41,197093,10,0,0,20,0
33801,31,357145,16,0,0,48,0
33803,26,292303,9,0,0,40,0
33806,27,105830,13,0,0,60,0
33807,36,107125,9,0,0,50,0
33808,28,281860,13,0,0,40,0
33811,38,220783,9,0,0,20,0
33818,25,239120,13,0,0,13,0
33820,47,193012,14,0,0,50,1
33822,57,84888,9,0,0,50,0
33823,37,188503,13,0,0,35,0
33824,37,337778,7,0,0,40,0
33829,64,301383,12,9386,0,45,1
33831,24,289909,10,0,0,40,0
33832,39,154641,13,0,0,45,1
33833,23,209034,9,3942,0,40,0
33837,25,137645,13,0,0,40,0
33839,32,36302,10,0,0,50,0
33840,37,253420,9,0,0,25,0
33843,46,346978,13,0,0,40,0
33844,71,182395,13,11678,0,45,1
33845,44,205051,6,0,0,40,0
33846,45,128736,6,0,0,40,0
33848,38,312271,13,0,0,50,1
33849,52,126978,9,0,0,40,0
33851,49,195956,13,0,0,35,0
33852,59,202682,9,0,0,40,0
33855,76,278938,13,0,0,20,0
33856,50,36489,6,0,0,40,0
33857,33,154874,10,0,0,40,0
33859,27,311446,9,5178,0,40,1
33862,49,162856,10,0,0,40,0
33863,48,85109,10,0,0,45,0
33865,22,436798,10,0,0,40,0
33866,42,345363,9,0,0,40,0
33867,36,49837,10,0,0,40,0
33868,57,296516,10,0,0,50,0
33872,56,329059,9,0,0,40,1
33874,25,443855,9,0,0,40,0
33877,55,226875,9,4064,0,40,0
33878,47,362835,13,0,0,60,1
33879,23,180339,12,0,0,65,0
33880,55,207489,13,0,0,50,0
33881,43,336643,9,0,0,50,0
33886,29,95465,9,0,0,42,0
33887,26,257910,10,0,0,60,0
33888,26,244372,9,0,0,52,1
33889,37,126738,9,0,0,72,0
33890,79,97082,8,18481,0,45,1
33892,28,104617,4,0,0,99,0
33893,60,105339,13,7298,0,60,1
33896,35,166193,9,0,0,40,0
33900,32,73498,4,0,0,40,0
33902,27,181280,14,0,0,30,0
33903,40,146908,16,0,0,60,1
33904,43,183765,10,0,0,40,1
33906,41,307468,9,0,0,50,0
33907,30,93884,13,0,0,45,1
33909,52,137658,7,0,0,40,0
33910,32,101562,13,0,0,45,0
33911,33,136331,9,0,0,40,0
33913,48,98719,9,0,0,44,0
33914,62,168682,4,0,0,5,0
33916,41,29115,10,0,0,20,0
33917,28,173673,3,0,0,40,0
33918,23,67958,10,0,0,30,0
33920,51,94174,10,0,0,35,0
33925,61,139391,10,99999,0,30,1
33926,40,169031,9,0,0,40,0
33928,41,216968,13,0,0,40,0
33929,27,216479,13,0,0,24,1
33932,35,54953,9,0,0,40,0
33933,31,222654,13,0,0,40,0
33934,34,37676,13,0,0,50,1
33935,57,159319,14,0,0,50,1
33936,28,125321,9,0,0,40,0
33938,37,224947,11,0,0,40,0
33939,43,438427,10,0,0,40,0
33940,26,384276,9,0,0,40,0
33942,27,242097,11,0,0,50,0
33946,57,95280,10,99999,0,45,1
33947,59,212783,9,0,0,38,0
33951,27,161155,9,0,0,40,0
33954,19,97261,9,0,0,40,0
33957,63,169983,7,2176,0,30,0
33958,37,126675,10,0,0,57,0
33960,31,121768,12,0,0,35,0
33962,22,124454,10,0,0,30,0
33964,36,222584,9,0,0,40,0
33967,24,228960,12,0,0,40,0
33970,40,187802,10,0,1887,40,1
33971,31,50649,14,0,0,50,0
33972,42,137698,3,0,0,35,0
33973,48,30575,11,0,0,70,1
33977,21,540712,9,0,1719,25,0
33980,34,143699,9,0,0,15,0
33982,28,223751,10,0,0,40,1
33984,23,32732,13,0,0,15,0
33986,31,101697,11,0,0,40,0
33988,58,223400,12,0,0,35,0
33992,21,78170,9,0,0,42,0
33994,21,189013,10,0,0,35,0
33995,33,119913,11,0,0,40,1
33996,37,549174,9,0,0,50,1
33999,43,234220,9,0,0,40,0
34008,27,199471,11,0,0,38,0
34009,35,287701,12,0,0,45,1
34013,56,187355,10,0,0,60,1
34014,38,33105,13,0,0,70,1
34015,51,268639,10,0,2057,60,0
34016,26,358975,10,0,0,50,0
34017,33,199227,13,0,0,55,1
34022,44,181762,13,15024,0,55,1
34024,41,806552,10,0,0,50,1
34026,62,69867,11,7298,0,50,1
34027,27,160786,7,0,0,45,0
34033,32,143699,10,0,0,40,0
34035,51,200618,13,0,0,40,0
34036,31,183043,14,0,1977,48,1
34039,49,196707,9,7298,0,43,1
34040,37,98725,13,0,0,42,0
34042,66,151227,13,0,0,40,1
34044,46,282538,11,0,0,40,0
34047,67,166187,9,0,0,38,1
34048,19,188669,10,0,0,25,0
34050,42,188738,9,0,1977,60,1
34052,54,93605,9,0,1848,40,1
34054,47,109921,9,0,0,32,0
34057,21,48301,10,0,0,40,0
34061,26,78258,11,0,0,36,0
34067,37,219546,11,4386,0,44,1
34068,41,220531,16,0,0,50,1
34070,42,201908,15,99999,0,50,1
34072,18,365683,9,0,0,16,0
34073,41,175674,13,0,0,40,1
34074,31,203488,9,0,0,40,0
34078,51,249339,9,0,0,40,0
34079,26,94652,10,0,0,40,0
34082,38,66686,11,0,0,40,1
34085,44,325461,13,0,1902,50,1
34091,43,350379,3,0,0,40,0
34092,26,176967,7,0,0,65,0
34095,38,130813,9,0,0,40,0
34096,43,35236,10,0,0,84,0
34098,55,177380,9,0,0,29,0
34100,38,335104,13,0,0,35,0
34101,54,199741,9,0,2001,35,0
34103,35,387777,12,0,0,52,0
34105,36,188834,9,0,0,40,0
34107,39,155603,10,0,2205,40,0
34108,25,114838,15,0,0,8,0
34109,54,168553,13,0,0,40,0
34112,60,55621,12,0,0,40,0
34116,29,163003,13,2202,0,40,0
34119,23,393248,10,0,0,40,0
34120,38,279315,9,0,0,40,0
34121,33,392812,10,0,0,50,1
34125,46,186078,10,0,0,45,0
34128,26,41521,9,0,0,35,0
34129,40,346847,11,0,0,40,0
34131,39,150125,12,0,0,40,0
34132,31,400535,10,0,0,40,0
34134,27,136448,13,0,0,40,0
34135,36,202950,13,0,0,50,0
34137,57,237691,9,0,0,40,0
34144,20,283969,10,0,0,15,0
34149,36,142573,9,0,0,45,1
34150,41,235167,3,0,0,32,0
34151,23,53245,13,0,1602,12,0
34152,47,28035,13,0,0,50,1
34153,41,247082,9,0,0,50,0
34155,29,133327,10,0,0,40,0
34156,31,102270,4,0,0,40,0
34157,64,45817,5,0,0,50,0
34159,19,386378,9,0,0,35,0
34160,31,350651,8,0,0,40,1
34161,18,76142,7,0,0,8,0
34163,50,281504,10,0,0,40,0
34169,32,228265,9,0,0,30,0
34173,40,189666,9,0,0,45,0
34174,35,139086,9,0,0,40,0
34175,26,359327,10,0,0,50,0
34176,44,75065,8,0,0,60,0
34180,39,163278,10,2202,0,44,0
34181,52,31460,9,0,0,38,0
34182,57,33725,13,0,0,50,1
34184,58,300623,9,0,0,40,0
34186,66,37331,9,0,0,15,0
34188,18,131180,7,0,0,16,0
34190,50,275181,3,0,0,37,0
34192,32,222654,6,0,0,40,0
34193,37,111129,10,0,0,45,0
34197,44,367749,13,0,0,45,0
34199,48,247043,9,0,0,40,0
34200,40,187702,13,0,0,40,0
34201,62,41718,6,0,0,35,0
34202,37,151835,15,0,0,45,1
34203,18,118938,7,0,0,18,0
34212,49,187563,10,0,0,40,0
34213,71,137499,9,0,0,16,0
34214,38,239397,4,0,0,36,0
34215,39,327164,14,0,0,45,0
34217,29,187450,13,0,0,50,1
34218,52,194580,3,0,0,40,0
34220,20,235442,10,0,0,35,0
34222,56,91545,6,0,0,36,0
34224,36,192150,9,0,0,40,0
34226,58,156040,12,0,1848,40,1
34227,24,206861,13,0,0,40,0
34228,41,97632,10,0,0,32,0
34230,28,381789,10,0,2339,40,0
34231,57,368797,9,0,0,40,0
34237,36,240323,9,0,0,17,0
34238,68,242095,13,20051,0,40,1
34240,19,29526,10,0,0,18,0
34241,26,342953,9,0,0,40,0
34242,37,215476,9,0,0,30,0
34244,32,52537,10,0,0,38,0
34247,40,199303,13,0,0,40,0
34248,50,233369,10,0,0,40,0
34249,43,345789,13,15024,0,50,1
34254,25,67467,9,0,0,40,0
34255,46,102569,14,15024,0,65,1
34256,21,213341,7,0,1762,40,0
34257,26,37202,13,0,0,45,0
34260,22,51362,13,0,0,16,0
34263,33,183845,9,0,0,38,0
34265,53,135643,13,0,0,50,0
34266,44,96249,10,3411,0,40,0
34268,56,133025,9,0,0,50,0
34269,54,124865,10,0,0,35,0
34270,51,45599,9,0,0,40,0
34274,22,138768,10,0,0,50,0
34277,30,113364,13,0,0,18,0
34278,30,326199,5,2580,0,40,0
34279,46,376789,9,0,0,15,0
34280,27,137063,13,0,0,50,0
34281,26,279145,9,0,0,50,0
34283,25,245369,9,0,0,35,0
34285,46,238648,9,7298,0,40,1
34286,47,166181,10,0,0,48,1
34287,66,249043,13,5556,0,26,1
34290,36,186934,13,0,1848,55,1
34294,39,201410,13,0,1977,45,1
34296,60,282066,13,0,1977,45,1
34301,45,148254,14,0,0,35,0
34302,54,170562,10,0,0,48,1
34303,22,222490,10,0,0,30,0
34313,53,30008,6,0,0,35,0
34314,33,147921,9,0,0,40,0
34315,34,172716,8,0,0,40,0
34317,43,152569,11,0,2339,36,0
34323,38,32528,10,0,0,40,1
34324,33,140206,15,0,0,40,1
34326,23,211601,10,0,0,40,0
34331,36,189382,9,0,0,40,1
34332,52,380633,3,0,0,40,0
34334,39,150480,15,0,0,55,1
34336,28,375313,9,0,0,50,0
34338,23,212888,10,0,0,40,0
34340,22,174461,10,0,0,15,0
34341,55,133201,14,0,0,50,0
34342,71,77253,9,0,0,17,0
34343,47,141511,16,0,0,60,1
34347,46,33842,10,3103,0,40,1
34348,27,150080,13,0,0,40,0
34350,40,151294,9,0,0,48,0
34351,30,48829,9,0,1602,30,0
34352,17,193769,5,0,0,20,0
34353,33,277455,14,0,0,40,0
34354,72,225780,16,0,0,30,0
34355,34,436341,10,0,0,40,1
34356,65,255386,9,0,0,40,0
34357,36,174938,13,0,1887,50,1
34361,47,354148,15,99999,0,48,1
34362,31,192900,10,0,0,40,0
34365,34,113198,12,0,0,28,0
34367,27,93206,10,0,0,40,0
34370,20,219122,10,0,0,40,0
34371,24,111445,9,0,0,38,0
34372,29,309778,10,0,0,40,1
34374,42,303155,12,0,0,40,0
34376,68,159191,10,0,0,40,0
34377,22,244408,10,0,0,40,0
34381,33,150154,9,0,0,40,0
34382,43,190786,9,0,0,40,1
34383,56,178033,10,4416,0,60,0
34388,36,159016,9,0,0,38,0
34389,37,183800,13,0,0,40,1
34390,58,193434,9,0,0,20,0
34391,26,245029,13,0,0,40,0
34392,55,98746,10,0,0,50,1
34397,42,245317,6,0,0,50,0
34400,64,30664,11,0,0,30,0
34401,20,109952,10,0,0,25,0
34405,32,328060,5,0,0,40,0
34406,33,48702,11,0,0,65,0
34407,51,111283,9,99999,0,35,1
34409,40,208470,9,0,0,40,0
34413,31,108468,15,0,0,60,1
34415,26,168403,9,0,0,40,0
34416,25,66935,13,0,0,40,0
34418,29,184806,15,0,0,50,0
34419,39,1455435,12,0,0,40,0
34421,37,278576,9,0,0,60,1
34425,23,278107,9,0,1573,30,0
34426,27,96219,13,0,0,45,0
34428,58,205410,9,0,0,40,0
34429,36,416745,12,0,0,48,0
34431,21,72119,10,0,0,45,0
34435,29,439263,9,0,0,35,0
34438,65,172815,10,0,0,40,0
34440,42,139012,16,0,0,40,1
34442,51,130667,9,0,0,6,0
34443,41,147110,9,0,0,25,0
34444,22,237811,12,0,0,35,0
34449,49,323773,7,0,0,40,0
34450,41,176663,9,0,0,40,0
34452,40,143327,10,0,0,40,0
34454,45,123088,9,0,0,50,0
34457,24,235894,9,0,0,40,0
34458,71,172046,4,0,0,50,0
34459,20,197207,9,0,0,30,0
34466,30,194141,10,0,1617,40,0
34467,51,95128,9,0,0,40,0
34469,32,45796,9,0,0,45,0
34470,42,119359,15,15024,0,40,1
34471,52,104280,10,0,0,50,0
34472,57,172291,9,0,0,40,0
34479,31,117346,10,0,0,48,0
34481,28,314659,10,0,0,42,0
34483,36,93225,9,0,0,40,0
34485,56,124771,9,0,0,40,0
34486,35,27408,10,0,0,40,0
34490,51,183390,9,0,0,40,0
34493,20,88231,10,0,0,40,0
34498,32,30499,13,0,0,32,0
34503,42,29962,13,0,0,48,0
34505,31,291702,9,0,0,40,0
34509,64,126233,9,0,0,20,0
34513,67,37092,4,0,0,4,0
34516,37,359001,11,15024,0,50,1
34518,23,133515,9,0,0,35,0
34519,28,168901,13,0,0,40,0
34522,74,228075,10,20051,0,25,1
34528,41,324629,13,0,0,40,0
34529,45,81132,10,0,0,55,1
34531,33,229732,13,0,0,45,1
34532,61,144723,14,7298,0,60,1
34535,28,129460,5,0,0,40,0
34538,28,424884,6,0,0,30,0
34543,31,159123,13,0,0,60,1
34546,40,198316,6,0,0,40,1
34548,35,143152,10,3908,0,27,0
34550,27,247819,10,0,0,15,0
34552,45,142719,9,0,0,40,0
34555,46,164749,10,0,0,40,1
34556,38,607848,13,0,0,40,1
34557,50,173630,9,0,0,60,0
34559,55,49737,10,0,0,50,0
34560,72,183616,9,0,0,50,0
34561,65,129426,10,0,0,40,0
34563,39,55568,9,0,0,40,0
34564,38,29874,11,0,0,40,0
34567,54,90363,12,0,0,40,1
34570,50,173630,9,0,0,35,0
34572,34,399386,11,0,0,53,0
34574,20,133061,9,0,0,40,0
34575,19,46400,10,0,0,32,0
34576,21,107895,10,0,0,35,0
34580,26,179569,10,0,0,40,0
34581,45,101299,16,0,0,40,1
34582,31,113129,10,0,0,65,0
34584,60,89884,9,0,0,50,0
34587,27,254500,10,0,0,36,0
34589,43,159549,9,0,0,40,0
34591,18,258474,6,0,0,40,0
34594,58,137506,9,0,0,40,0
34595,57,548256,8,7688,0,40,1
34600,34,193565,7,0,0,40,0
34603,31,233371,9,0,0,45,0
34605,26,269060,13,0,0,40,0
34607,22,32950,10,0,1902,37,0
34608,26,160445,9,0,0,40,0
34609,45,223999,5,0,1848,40,1
34610,39,81487,10,0,625,40,0
34611,23,314539,9,0,0,40,0
34615,43,92775,11,0,0,40,0
34618,30,159589,14,0,0,46,1
34620,25,123586,10,0,0,40,0
34621,53,158352,3,0,0,24,0
34622,38,76317,11,0,0,55,1
34625,26,463194,9,0,0,40,0
34628,29,183285,10,0,0,36,0
34632,19,63918,10,0,0,40,0
34634,40,289309,10,0,0,48,0
34640,29,206351,13,0,0,40,0
34641,47,198200,13,0,0,50,0
34642,24,140001,9,0,0,35,0
34647,74,192413,15,0,0,40,0
34648,70,139889,10,2653,0,70,0
34649,27,104917,11,0,0,40,0
34651,30,35644,7,0,0,50,0
34653,18,238867,7,0,1602,40,0
34665,40,224361,5,0,0,5,0
34667,66,196736,2,0,0,30,0
34668,51,110327,13,0,0,40,1
34669,36,185607,9,0,0,30,0
34671,32,198068,9,0,0,40,0
34672,39,97136,9,0,0,40,0
34673,19,164658,10,0,0,60,0
34677,49,208872,9,0,1672,98,0
34678,32,205528,9,0,0,40,0
34681,27,376936,9,0,0,50,0
34683,24,155913,13,0,0,44,0
34685,19,214678,9,0,0,30,0
34687,50,166565,9,0,0,40,0
34692,29,187073,13,0,0,40,0
34695,41,331651,15,0,0,50,1
34696,24,243368,1,0,0,36,0
34697,24,32921,10,0,0,50,0
34698,24,117167,10,0,0,53,0
34703,39,252327,5,0,0,35,0
34704,43,90582,9,0,0,40,0
34707,34,243776,9,0,0,40,0
34708,41,67065,11,0,0,40,0
34711,34,174215,14,4787,0,45,1
34712,33,315143,9,0,0,40,1
34714,39,208109,9,0,0,60,1
34716,36,405644,9,0,0,35,0
34719,31,217962,10,0,0,40,0
34723,35,140474,10,0,0,40,0
34725,39,83242,10,0,0,60,0
34729,54,378747,6,0,0,45,1
34730,24,230475,9,0,0,44,0
34731,50,120781,13,0,0,60,1
34733,61,298400,13,4787,0,48,1
34745,50,271160,10,0,0,40,0
34747,64,257790,9,0,0,38,0
34748,44,322391,7,0,0,30,0
34750,17,104232,6,0,0,10,0
34751,17,86786,6,0,0,40,0
34755,20,129240,10,0,0,20,0
34756,23,160968,10,0,0,10,0
34758,30,109282,10,0,0,20,0
34765,37,115289,10,0,0,40,0
34766,56,258883,10,0,0,40,0
34769,37,179671,9,0,0,40,0
34770,66,140456,13,0,0,40,1
34783,25,248990,6,0,0,40,0
34788,27,125442,10,0,0,50,0
34789,43,160943,9,0,0,40,1
34790,30,243841,9,0,0,40,0
34794,33,280111,7,0,0,38,0
34795,70,236055,4,0,0,35,0
34801,31,174201,12,0,0,40,0
34802,26,272618,13,0,0,55,0
34803,52,74660,14,0,0,40,0
34804,26,201481,13,0,0,40,0
34808,48,31141,10,0,1902,40,1
34809,53,281425,9,0,0,40,1
34814,49,165513,10,0,0,40,0
34817,53,195813,3,5178,0,40,1
34818,44,165815,5,0,0,40,0
34820,36,235371,9,0,0,40,0
34821,37,147258,5,0,0,50,1
34824,29,255949,13,0,0,40,0
34825,52,186272,9,0,0,40,0
34827,21,111676,10,0,0,40,0
34828,36,199501,10,0,0,38,0
34830,31,145935,9,0,0,40,0
34836,30,144593,9,0,0,40,0
34838,68,89011,16,0,0,50,0
34839,31,38158,10,0,0,40,0
34841,80,172826,9,0,0,8,0
34844,19,231688,10,0,0,20,0
34845,30,147215,10,0,0,30,0
34847,64,86837,12,0,0,40,1
34848,32,113364,13,0,0,40,0
34849,50,289390,9,0,0,47,0
34853,58,234328,13,0,0,40,0
34854,37,365430,10,5178,0,40,1
34855,24,410439,10,0,0,15,0
34856,53,129525,13,0,0,50,1
34860,38,405284,13,0,0,35,0
34861,28,138269,9,0,0,40,0
34865,33,268147,5,0,0,40,0
34869,43,225165,9,0,0,55,1
34870,37,238049,5,0,0,30,0
34872,56,216636,8,0,1651,40,0
34874,17,19752,7,0,0,25,0
34878,59,190541,9,0,0,40,1
34881,33,192644,9,0,0,40,0
34882,24,216129,9,0,1408,50,0
34883,29,51944,9,4386,0,40,1
34884,33,67482,11,0,0,99,0
34886,23,279243,10,0,0,40,0
34888,60,349898,9,0,0,44,0
34890,18,173255,9,1055,0,25,0
34893,30,163604,13,0,0,55,1
34894,33,163110,9,3781,0,40,0
34895,20,238685,10,0,0,32,0
34898,25,193773,9,0,0,35,0
34900,63,52144,10,0,0,35,0
34901,43,347934,9,0,0,30,0
34905,42,366180,10,0,0,55,1
34907,35,189382,9,0,0,40,0
34912,46,163021,9,0,0,40,0
34913,47,61885,13,15024,0,50,1
34914,36,182898,13,7298,0,40,1
34915,45,183092,12,0,0,40,0
34918,48,118330,13,5178,0,40,1
34919,36,469056,9,0,0,25,0
34922,59,32552,13,0,0,4,0
34923,42,185413,13,0,0,40,0
34924,33,26543,11,0,0,40,1
34925,23,163870,10,0,0,40,0
34926,21,240063,10,0,0,25,0
34927,48,208748,3,0,0,40,0
34932,52,389270,10,0,0,35,1
34933,17,138293,7,0,0,15,0
34934,35,240389,10,0,0,43,1
34935,39,190297,16,99999,0,55,1
34936,21,170070,10,0,0,10,0
34938,45,81534,9,0,0,84,1
34942,34,80933,9,0,0,40,0
34944,27,120155,9,0,0,39,0
34945,47,167159,9,4650,0,40,0
34947,44,161240,9,0,0,40,0
34950,45,318280,10,7688,0,50,1
34951,31,80058,9,0,0,64,0
34953,42,157367,9,0,0,35,0
34954,33,217460,12,0,0,40,1
34955,33,33727,14,0,0,40,0
34958,33,160216,14,0,0,32,0
34959,70,124449,14,0,2246,8,1
34961,30,235271,13,0,0,40,1
34962,46,121124,12,15024,0,50,1
34963,43,144218,8,0,0,60,0
34964,37,94334,4,0,0,25,0
34966,51,35295,9,0,0,45,0
34967,47,133969,13,2885,0,65,0
34968,36,35429,10,0,0,60,0
34969,73,205580,3,0,0,6,0
34970,32,177794,14,0,0,40,0
34972,51,35211,9,0,0,40,0
34974,57,194850,10,0,0,40,0
34978,60,148522,10,0,0,40,0
34979,19,97261,9,0,0,40,0
34980,35,166606,9,0,0,40,0
34986,37,29054,11,0,0,84,0
34987,73,336007,9,0,0,40,0
34996,28,105817,7,0,0,50,1
35001,60,41517,7,0,0,20,0
35006,90,153602,9,6767,0,40,0
35008,27,164607,13,0,0,50,0
35010,37,126569,14,0,1977,40,1
35011,65,315728,9,2329,0,75,0
35012,28,22422,9,0,0,40,0
35015,23,300275,9,0,0,48,0
35017,58,157786,9,0,0,40,0
35021,44,37997,9,0,0,60,0
35022,31,61308,6,0,0,40,0
35023,46,171199,13,0,0,40,0
35024,48,128432,9,0,0,40,0
35028,17,183784,6,0,0,15,0
35029,20,219262,10,0,0,40,0
35030,22,71379,10,0,0,35,0
35031,19,234519,10,0,0,35,0
35033,29,242597,13,0,0,40,0
35036,54,143804,6,0,0,40,0
35039,26,201930,9,0,0,50,0
35041,46,353219,5,0,0,40,0
35044,48,435503,14,0,0,40,1
35046,22,100345,9,0,0,43,0
35048,46,110794,10,0,0,40,0
35051,31,121308,7,0,0,40,0
35052,21,216672,9,0,0,40,0
35053,41,89942,9,3674,0,45,0
35054,45,103406,13,0,1977,60,1
35055,30,158291,13,0,0,40,0
35058,54,225307,7,0,0,50,1
35060,50,187830,13,0,0,50,1
35061,26,142506,13,0,0,35,0
35063,36,185325,9,0,0,37,0
35064,32,27939,10,0,0,60,0
35066,30,140790,9,0,0,45,0
35070,43,299197,10,0,0,40,0
35075,59,409842,14,0,0,20,0
35076,26,105787,9,0,0,36,0
35077,68,144056,9,3818,0,40,0
35078,46,45363,15,0,2824,40,1
35080,23,115326,10,0,0,20,0
35084,33,183557,12,0,0,40,0
35086,31,182191,13,4064,0,30,0
35088,21,351381,9,0,0,40,0
35089,45,293691,9,0,1590,40,0
35094,47,72333,9,0,0,40,0
35096,35,334999,9,0,0,45,0
35099,25,52536,12,0,1594,25,0
35106,33,123291,9,0,0,84,1
35113,90,115306,14,0,0,40,0
35116,39,224566,13,0,0,60,1
35117,19,28119,10,0,0,4,0
35119,29,210498,9,0,0,40,0
35120,66,174995,12,2290,0,30,0
35121,38,161141,10,0,0,45,0
35123,34,112650,4,0,0,40,0
35126,22,228465,9,0,0,40,0
35127,33,102130,10,0,0,40,0
35129,35,177305,10,0,2377,40,0
35130,41,34037,9,0,0,40,0
35131,27,116613,10,0,0,50,0
35133,47,150768,13,0,1564,51,1
35134,36,176634,13,0,0,35,1
35135,36,209993,2,0,0,20,0
35136,25,206002,9,0,0,40,0
35141,30,509500,13,4787,0,45,1
35149,32,209103,9,0,0,20,1
35151,27,209292,9,0,0,32,0
35152,52,144361,11,0,1902,40,1
35154,27,244402,12,0,0,40,1
35155,44,889965,9,3137,0,30,0
35156,37,298444,14,0,0,40,0
35159,42,155972,9,0,0,40,1
35161,35,153535,9,0,0,36,0
35162,43,249771,9,0,0,99,0
35166,46,106252,10,0,0,40,0
35167,54,138944,9,0,0,44,0
35171,59,253062,15,0,0,55,1
35172,36,359249,10,0,0,40,0
35173,32,231413,9,0,0,40,1
35178,30,178383,10,0,0,40,0
35180,58,196403,9,0,0,10,1
35181,44,232421,9,0,0,32,0
35182,30,130369,11,0,0,40,0
35186,41,223548,2,0,0,40,0
35187,43,506329,13,15024,0,40,1
35191,41,428499,7,0,1485,50,1
35192,52,208302,9,0,0,36,0
35194,31,182177,9,0,1902,40,1
35196,31,186420,14,0,0,25,0
35199,40,55395,11,0,0,40,1
35203,34,236415,10,0,0,18,0
35205,19,133983,10,0,0,20,0
35209,25,190628,10,0,0,40,0
35210,43,106982,13,0,0,40,0
35211,59,227856,13,0,0,37,1
35213,63,266083,4,0,0,60,1
35217,27,211184,9,0,0,52,0
35218,21,136610,8,0,0,32,0
35219,44,244054,10,0,0,60,1
35221,65,172906,9,0,0,40,0
35222,50,238959,10,0,0,45,1
35223,18,163085,9,0,0,20,0
35224,51,172022,14,0,0,40,1
35226,20,201799,10,0,0,13,0
35229,50,153064,9,5178,0,40,1
35231,23,216639,13,0,0,40,0
35233,30,159159,10,0,0,30,0
35236,37,36214,13,0,0,65,1
35237,21,399022,9,0,0,24,0
35238,33,179758,9,0,0,20,0
35239,52,48947,10,0,0,45,0
35244,31,257863,10,0,0,15,0
35246,45,379393,10,0,0,45,0
35250,37,335716,9,0,0,40,0
35252,32,133861,13,13550,0,48,1
35259,46,206889,13,0,0,25,0
35260,44,86298,9,0,0,40,0
35262,25,323139,13,0,0,35,0
35263,44,237993,15,0,0,45,0
35264,24,36058,13,0,0,50,0
35267,33,112952,10,0,0,48,0
35268,48,182541,13,15024,0,45,1
35269,26,73392,9,0,0,30,0
35270,40,507086,9,0,0,32,0
35272,24,276851,9,0,1762,40,0
35274,31,33124,13,0,0,50,0
35277,58,199278,13,0,0,38,0
35278,56,235205,9,0,0,40,0
35279,45,168232,13,0,0,55,1
35281,35,72338,9,0,0,56,0
35282,51,153870,9,0,0,40,1
35283,47,323798,15,15024,0,55,1
35287,42,230684,9,5178,0,50,1
35288,56,659558,8,0,0,40,0
35289,39,181661,9,0,0,40,0
35293,44,57233,10,0,0,45,0
35295,25,122175,13,0,0,45,1
35297,31,127651,6,0,1741,40,0
35299,49,241753,9,0,0,40,0
35305,27,177057,9,0,0,40,0
35307,21,251603,9,0,0,40,0
35309,61,115023,10,0,0,40,1
35310,32,101709,13,0,0,40,1
35312,63,250068,8,0,0,40,1
35314,21,196827,12,0,0,10,0
35321,42,334783,9,0,0,40,0
35331,34,61272,13,0,0,40,0
35332,47,106544,9,0,0,40,0
35335,56,266091,13,2907,0,52,0
35336,57,143030,9,0,0,30,0
35337,42,192397,10,0,0,38,0
35339,48,63466,9,0,0,32,0
35340,53,132304,9,0,0,40,0
35342,19,125938,8,0,0,40,0
35344,41,203451,10,0,0,15,0
35345,31,109917,4,0,0,40,0
35351,51,360131,3,0,0,40,0
35357,62,39630,13,0,0,40,0
35358,57,213975,9,0,0,30,0
35362,21,211301,10,0,0,8,0
35366,76,125784,13,0,0,40,0
35367,24,152176,10,0,0,39,0
35368,31,111423,13,0,0,55,0
35369,43,130126,13,15024,0,50,1
35370,58,30111,10,0,0,40,0
35372,19,272800,8,0,0,25,0
35373,44,195881,10,0,0,45,0
35377,25,190418,10,0,0,30,0
35379,42,177989,9,0,0,40,0
35380,35,186035,11,0,0,40,0
35381,19,195805,9,0,0,12,0
35387,19,278304,10,0,0,15,0
35391,41,210844,10,0,0,40,0
35392,27,147340,10,0,0,40,0
35394,25,206600,8,0,0,40,0
35396,45,127738,10,0,0,40,0
35397,25,213412,10,0,0,40,1
35398,50,287927,9,0,0,16,0
35401,49,54772,9,3103,0,45,1
35403,42,178470,9,0,0,40,0
35404,20,62865,9,0,0,45,0
35406,19,86860,10,0,0,15,0
35407,60,130684,10,0,0,55,0
35409,42,198316,11,0,0,35,0
35416,19,136306,7,0,0,24,0
35419,30,149531,9,0,0,50,0
35420,36,33887,10,0,0,40,0
35422,59,106748,4,0,0,99,0
35423,45,131826,10,0,0,40,0
35427,53,99064,5,0,0,40,0
35428,44,59460,9,0,0,15,0
35431,41,121055,9,0,0,40,0
35432,53,149784,9,0,0,40,0
35433,58,114495,9,0,0,40,0
35438,27,145284,9,0,0,40,0
35441,36,48093,10,0,0,92,0
35442,23,314819,9,0,0,40,0
35443,44,123572,5,0,0,40,0
35444,19,170800,9,0,0,60,0
35445,42,332401,13,0,0,40,0
35446,60,193038,10,0,0,15,0
35451,52,314627,14,0,0,40,0
35454,17,167878,7,0,0,20,0
35455,27,176972,11,0,0,40,0
35463,53,290640,9,0,0,50,1
35466,30,171598,13,0,0,50,0
35467,23,234460,4,0,0,40,0
35468,66,196674,13,0,0,15,1
35471,17,29571,8,0,0,15,0
35473,27,213421,15,0,0,50,0
35474,44,189956,13,15024,0,40,1
35475,64,133144,9,0,0,16,0
35478,40,184857,9,0,0,40,0
35479,40,145160,16,0,0,40,1
35480,35,192251,9,0,0,40,0
35486,28,120471,9,0,0,40,0
35489,45,297884,13,0,0,40,1
35491,18,207438,9,0,0,40,0
35493,90,139660,10,0,0,37,0
35495,41,120277,13,0,0,40,1
35497,69,229418,9,0,0,40,0
35498,23,41356,12,0,0,32,0
35500,37,109133,12,0,1977,45,1
35501,57,148315,9,0,0,30,0
35505,25,521400,3,0,0,40,0
35510,31,303032,10,0,0,40,0
35513,32,54782,10,0,0,40,0
35514,35,202683,13,0,0,40,0
35518,29,253262,10,0,0,40,0
35524,40,183404,10,0,0,8,0
35525,46,192793,10,0,0,40,0
35526,41,203943,8,0,0,40,0
35527,53,89400,10,0,0,40,0
35528,50,237868,14,0,0,50,1
35529,23,139187,7,0,0,50,0
35530,40,126701,13,0,0,40,1
35532,45,164210,10,0,0,40,0
35533,53,608184,9,0,0,40,1
35535,50,425804,13,0,0,40,1
35538,40,92036,13,0,0,40,0
35539,36,77146,14,0,0,40,0
35540,25,191803,12,0,0,50,0
35541,29,54932,9,0,0,40,0
35542,29,251694,13,0,0,50,0
35543,22,268145,13,0,0,40,0
35549,18,59202,9,0,0,10,0
35553,26,169121,13,0,0,48,1
35555,45,144940,14,0,0,40,0
35556,64,102041,7,0,0,40,0
35561,49,107597,9,14084,0,30,1
35562,59,97168,6,0,0,40,1
35563,44,155930,14,7688,0,55,1
35564,61,181033,9,0,0,60,0
35566,46,170165,9,0,0,37,0
35569,48,149640,14,0,0,40,0
35570,32,30271,10,0,0,30,0
35572,50,341797,15,0,0,50,1
35577,70,177199,9,0,0,3,0
35578,33,258932,9,0,0,40,0
35579,65,139960,9,10605,0,60,1
35583,43,34218,10,0,0,40,0
35584,31,200246,5,0,0,40,0
35586,37,239161,10,0,0,52,0
35588,29,259226,7,0,0,48,0
35590,37,200598,12,0,1740,45,0
35595,29,198493,11,0,0,40,1
35598,45,513660,13,0,0,40,0
35599,24,175069,13,0,0,50,0
35601,28,78388,6,0,0,38,0
35602,23,171705,9,0,0,48,0
35605,68,192829,12,0,0,43,0
35612,23,210029,10,0,0,20,0
35613,26,381618,5,0,0,45,0
35614,55,298449,13,0,2415,50,1
35615,35,226789,14,0,0,75,0
35619,18,92112,9,0,0,30,0
35620,62,136787,9,0,0,40,0
35624,35,142874,12,0,0,36,0
35625,25,72338,9,0,0,40,0
35628,41,424478,10,0,0,45,1
35636,39,172538,13,0,0,50,1
35638,26,322547,13,0,0,45,0
35642,43,164693,11,0,0,50,0
35646,45,116360,9,0,0,35,0
35647,48,278530,9,0,0,40,0
35648,43,188291,15,15024,0,45,1
35649,50,163948,9,0,0,40,1
35651,55,101468,9,3103,0,40,1
35653,32,182691,9,0,0,60,0
35655,22,201268,13,0,0,15,0
35657,34,186346,9,0,0,40,0
35658,28,196690,9,0,0,40,0
35663,58,194733,12,0,0,40,1
35665,44,124924,11,0,0,44,0
35666,40,111971,9,0,0,30,0
35667,58,130714,14,0,0,50,0
35668,38,208358,9,0,0,40,1
35671,31,164870,7,0,0,40,0
35673,37,220314,9,0,0,40,0
35678,46,109227,10,0,0,70,0
35682,30,20098,11,0,0,40,0
35683,31,196227,9,0,0,40,0
35688,23,222835,13,0,0,30,0
35690,20,164219,9,0,0,45,0
35692,30,236993,10,0,0,30,0
35694,23,211527,10,0,0,60,0
35698,44,151985,14,0,0,24,1
35699,26,89389,10,0,0,40,0
35701,48,171986,9,0,0,15,0
35702,26,167848,9,0,0,40,0
35703,41,213019,14,0,0,40,0
35704,25,211424,13,0,0,40,0
35706,24,122348,13,0,0,40,0
35708,24,176178,12,0,0,2,0
35715,67,212705,14,0,0,55,1
35716,49,411273,6,0,0,40,0
35718,44,203761,10,0,0,45,1
35719,58,266792,10,99999,0,40,1
35722,50,162327,10,0,0,50,0
35724,36,32587,10,0,0,40,0
35725,30,321990,10,7298,0,48,1
35726,52,108914,9,0,0,40,1
35728,48,81154,11,0,0,48,0
35732,44,176063,9,0,0,50,1
35735,31,467108,13,0,0,45,1
35736,23,263899,9,0,0,12,0
35737,29,204984,9,0,0,50,0
35738,53,217568,9,0,0,40,0
35739,52,48343,11,0,0,40,0
35740,55,193130,9,0,1887,40,1
35741,31,253354,6,0,0,40,0
35742,19,258026,9,0,0,16,0
35746,20,123901,9,0,0,40,0
35748,45,32356,13,0,0,51,0
35749,17,206506,6,0,0,10,0
35750,38,218729,9,0,0,25,0
35753,63,219540,9,0,0,40,0
35756,43,310969,15,0,0,40,0
35759,36,410489,13,0,0,45,0
35761,46,165484,12,0,0,44,1
35762,23,184271,13,0,0,36,0
35763,46,231347,10,0,0,20,0
35764,53,95469,13,0,1902,40,1
35765,47,244025,9,0,0,56,0
35766,46,46537,14,0,0,40,0
35770,90,84553,9,0,0,40,0
35771,63,221072,13,0,0,49,0
35772,23,123983,11,0,0,40,0
35774,23,167868,11,0,0,40,0
35777,17,143791,6,0,0,12,0
35778,56,177271,11,0,0,40,1
35779,58,129786,6,0,0,40,0
35781,25,236267,9,0,0,40,0
35782,36,130620,13,0,0,35,1
35783,32,208180,11,0,0,24,1
35784,25,292058,9,0,0,30,0
35785,29,142712,10,0,0,40,1
35787,41,116825,14,0,0,55,1
35788,48,201177,13,0,0,40,1
35796,80,20101,9,0,0,32,0
35800,56,178202,10,0,0,40,0
35802,20,203027,9,0,0,40,0
35812,39,135500,9,0,1977,40,1
35818,32,118457,13,0,0,55,0
35819,20,298635,10,0,0,30,0
35820,21,212780,8,0,0,20,0
35821,32,159187,11,0,0,40,0
35822,37,237995,11,0,0,48,0
35826,24,161198,13,0,0,25,0
35832,71,180117,6,0,0,40,0
35833,51,317396,10,0,0,40,0
35837,38,309122,6,0,0,40,0
35840,36,192443,10,13550,0,40,1
35842,29,256211,2,0,0,40,0
35844,51,22211,14,0,1902,60,1
35845,43,196308,9,0,0,40,0
35848,47,199058,10,0,0,40,1
35849,47,160440,13,0,0,55,1
35851,38,188503,10,6497,0,35,0
35853,19,29083,9,0,0,25,0
35855,55,107308,14,0,0,40,1
35864,27,162973,11,0,0,56,0
35865,64,192695,3,0,0,70,0
35870,49,50567,10,0,0,32,0
35874,36,195516,9,0,0,40,0
35875,44,218653,13,0,0,40,0
35879,54,319697,10,0,0,40,0
35880,55,193374,9,0,0,40,0
35881,57,167864,11,0,0,40,0
35882,29,197932,10,0,0,30,0
35884,44,216907,9,0,0,37,0
35888,25,238964,10,0,0,60,1
35889,33,213002,13,0,1408,36,0
35890,32,27882,10,0,2205,40,0
35891,22,340543,9,0,0,40,0
35897,40,170649,10,0,0,8,0
35898,59,182460,13,0,0,60,1
35899,40,26929,14,0,0,40,0
35902,36,218490,11,0,0,60,0
35903,48,164423,9,0,0,40,0
35904,43,124436,10,0,0,40,1
35905,18,60981,6,0,0,30,0
35906,17,70868,7,0,0,16,0
35909,36,76767,10,0,0,39,0
35910,20,218178,9,0,0,40,0
35911,22,615367,13,0,0,60,0
35914,57,197642,10,0,0,40,0
35918,38,305597,9,0,0,40,0
35922,25,206600,6,0,0,24,0
35923,25,176836,10,0,0,60,0
35924,50,204447,14,15024,0,65,1
35926,43,174051,13,0,0,48,0
35928,32,170017,9,0,0,50,0
35930,19,188864,9,0,0,20,0
35931,53,137815,10,0,0,40,1
35932,21,43475,9,0,0,40,0
35936,32,207668,13,0,2444,50,1
35939,24,183751,7,0,0,65,0
35941,49,98092,9,0,0,40,1
35943,30,190385,10,0,0,37,0
35950,19,140459,7,0,0,25,0
35954,46,33373,13,0,0,40,0
35955,33,243674,9,0,0,46,0
35956,40,225432,10,0,0,45,0
35957,56,215839,10,0,0,60,0
35958,29,195520,14,0,0,40,0
35961,28,64307,4,0,0,40,0
35964,38,260997,10,0,0,40,0
35965,17,146268,6,0,0,10,0
35967,27,207948,10,0,0,40,0
35970,80,562336,9,0,0,20,0
35971,38,334366,10,0,0,15,0
35972,52,142757,9,0,0,40,1
35976,41,114967,11,0,0,40,1
35978,24,41838,10,2407,0,40,0
35980,44,209174,13,0,0,70,1
35984,18,338632,7,0,0,16,0
35985,38,89559,10,0,0,40,0
35986,41,32533,11,0,0,45,0
35988,66,112376,4,0,0,40,1
35989,70,346053,9,0,0,40,0
35990,58,147653,6,0,1977,35,1
35992,24,111450,6,0,0,65,0
35994,35,190964,13,0,0,40,0
35995,19,109005,10,0,0,40,0
35996,52,404453,9,0,0,40,0
35998,39,163204,9,0,0,40,0
35999,33,192256,13,0,0,50,0
36000,52,181755,9,0,0,40,0
36001,41,183105,9,0,0,44,0
36010,40,199303,12,0,0,40,1
36011,20,266467,9,0,0,40,0
36012,34,345259,16,0,0,99,0
36013,24,204935,14,0,0,56,0
36016,43,180138,9,0,0,45,0
36021,37,116358,9,27828,0,48,1
36023,40,233320,4,0,0,25,0
36024,50,302708,13,7688,0,50,1
36025,57,29375,9,0,0,35,0
36027,41,140886,9,0,0,40,0
36031,23,72887,9,0,0,1,0
36034,33,295589,13,0,0,50,1
36036,31,56510,10,0,0,40,0
36037,32,337696,10,0,0,50,0
36038,40,183765,9,0,0,40,0
36039,27,107846,9,0,0,30,0
36040,34,22641,9,0,0,40,0
36042,29,114801,10,0,0,40,0
36044,33,220066,16,0,0,48,1
36046,52,128378,13,0,0,40,1
36051,58,94345,9,0,0,40,0
36052,23,289116,9,0,0,50,0
36054,49,79627,10,0,0,40,0
36057,20,493443,7,0,0,40,0
36059,64,312242,10,0,0,3,0
36061,63,101077,12,0,0,35,0
36065,35,126675,9,0,0,46,0
36067,47,83046,13,0,0,18,0
36068,29,46609,6,0,0,40,0
36069,17,170320,7,0,0,8,0
36071,55,141877,13,0,0,40,0
36072,47,81654,10,0,0,56,1
36074,42,124792,9,7688,0,45,1
36075,32,129497,10,0,0,55,1
36085,47,96798,9,0,0,80,1
36086,34,430554,10,0,0,50,1
36088,48,108557,13,99999,0,40,1
36089,32,207400,9,0,0,40,0
36090,35,187089,11,0,0,42,1
36092,38,238980,10,0,0,40,0
36094,35,183800,13,0,0,40,1
36095,61,226989,9,4865,0,40,0
36099,20,183594,10,0,0,50,0
36100,64,49194,7,0,0,30,0
36102,24,172496,14,0,0,50,0
36105,34,189843,9,0,0,40,0
36108,23,193090,13,0,0,30,0
36109,79,172220,4,2964,0,30,0
36111,42,234277,9,0,0,35,0
36112,60,163729,9,2597,0,40,0
36117,34,154667,9,0,0,40,0
36120,23,186813,9,0,0,40,0
36124,40,111829,14,0,0,40,0
36127,23,117618,13,0,0,24,0
36130,60,101096,16,0,0,65,1
36132,21,136975,9,0,0,40,0
36133,45,167523,9,0,2179,45,0
36141,24,388885,9,0,0,48,0
36145,31,179013,9,0,0,40,0
36147,50,68898,14,7688,0,55,1
36148,32,156464,9,0,0,40,0
36154,33,520078,12,0,0,60,0
36155,53,321770,9,0,0,35,0
36156,32,158416,9,0,0,50,0
36158,19,208656,10,594,0,20,0
36159,33,31481,13,0,0,24,0
36162,19,162954,8,0,0,20,0
36167,31,168521,13,0,0,40,0
36168,60,198170,10,0,0,40,1
36174,25,148888,9,0,0,60,1
36175,23,324637,10,0,0,30,0
36178,29,119004,9,0,2179,40,0
36184,18,126071,9,0,0,40,0
36187,28,328518,13,0,0,40,0
36189,32,286675,10,0,0,40,0
36191,36,132879,9,0,0,45,0
36192,26,314798,9,0,0,50,0
36194,35,134367,12,0,0,40,0
36196,28,195573,9,0,0,50,0
36198,31,164190,6,0,0,40,0
36199,23,380281,12,0,0,25,0
36201,55,209535,14,0,0,40,1
36204,28,183151,7,7688,0,40,1
36206,33,272359,13,7298,0,80,1
36210,23,99543,8,0,0,46,0
36212,34,34572,11,0,0,60,1
36215,26,154785,10,0,0,35,0
36217,59,229939,9,0,0,40,0
36218,61,175331,6,0,0,40,0
36219,30,226443,13,0,0,50,1
36221,47,161311,9,0,0,30,0
36223,67,118363,13,0,2206,5,0
36225,35,356238,12,0,0,80,1
36228,34,269723,9,2977,0,50,0
36230,48,50880,10,0,0,40,0
36234,29,164607,11,0,0,50,0
36235,30,224462,9,0,0,40,0
36236,19,92863,9,0,0,20,0
36237,27,179565,13,0,0,37,0
36238,59,31137,9,0,0,70,0
36239,19,199495,9,0,0,40,0
36244,30,186420,13,0,0,35,0
36246,56,279340,7,0,0,40,0
36247,19,174478,9,0,0,40,0
36249,45,145636,14,0,1977,43,1
36250,21,120326,10,0,0,40,0
36252,27,144133,13,0,0,50,0
36253,44,145522,14,0,0,40,0
36254,33,312055,13,0,0,40,0
36256,37,187748,10,0,0,40,0
36257,26,396482,13,0,0,48,0
36259,20,39477,10,0,0,30,0
36261,22,216867,3,0,0,48,0
36263,30,40338,9,0,0,40,0
36266,29,285419,8,0,0,40,0
36268,45,187581,11,0,0,40,0
36269,38,299036,13,0,0,55,1
36270,42,68729,10,0,0,40,0
36271,27,333990,11,0,0,40,0
36275,33,143851,13,0,0,40,0
36276,36,89622,9,0,0,80,1
36277,34,202498,8,0,0,40,0
36280,30,460408,9,0,0,40,1
36283,25,197871,13,0,0,50,0
36287,41,95168,9,0,0,40,0
36289,47,386136,12,0,0,40,1
36295,57,73051,13,0,0,40,0
36299,35,185621,13,0,0,40,0
36308,40,105936,13,0,0,40,0
36309,35,105821,9,5178,0,40,1
36314,27,130807,12,0,0,40,0
36320,48,173243,16,0,0,45,1
36321,26,258768,10,2174,0,75,0
36322,30,189759,13,0,0,40,0
36324,23,133061,9,0,0,80,0
36325,65,175202,9,0,0,24,0
36326,32,27051,13,0,0,44,0
36328,48,317360,14,0,0,40,1
36329,24,258298,11,0,0,45,0
36332,54,162238,14,0,0,50,1
36339,38,107125,10,0,0,60,0
36341,25,189219,13,0,0,16,0
36344,22,153516,13,0,0,40,0
36349,24,114292,5,0,0,40,0
36351,46,358585,10,0,0,40,1
36353,65,76043,9,0,0,1,1
36354,65,172949,9,2414,0,20,0
36355,46,110171,10,7688,0,40,1
36358,35,183892,6,0,0,40,0
36359,48,47022,9,0,0,48,0
36360,55,145401,13,0,0,40,1
36362,56,105363,13,4508,0,40,0
36363,59,195467,14,0,0,40,0
36364,56,170217,9,0,0,40,0
36365,21,156807,9,0,0,10,0
36368,27,191177,10,0,0,40,0
36369,48,184787,4,0,0,50,1
36370,37,239409,14,0,0,60,1
36371,63,404547,9,0,0,30,0
36376,51,168539,12,0,0,40,0
36377,28,189530,12,0,0,40,1
36380,21,314645,10,0,0,43,0
36383,39,194287,4,0,1602,35,0
36384,24,141040,10,0,0,40,0
36400,28,327533,9,3908,0,40,0
36403,46,70754,4,0,0,50,0
36404,22,184665,9,0,0,40,0
36405,37,245372,13,0,0,15,0
36406,62,252668,14,0,0,70,0
36407,37,86551,13,0,0,50,1
36408,35,241998,9,4787,0,40,1
36409,44,106900,9,0,0,68,0
36414,21,198050,9,0,0,28,0
36415,39,173476,15,7688,0,40,1
36416,38,217349,11,14344,0,40,1
36417,44,377018,11,0,0,40,1
36419,25,170786,5,0,0,40,0
36421,47,198769,10,0,0,40,1
36422,26,306513,10,0,0,40,0
36423,31,178623,13,14084,0,60,1
36424,23,109307,11,0,0,40,0
36429,42,227890,13,0,1485,40,0
36430,29,107812,10,0,0,15,0
36431,48,185143,14,0,0,40,0
36437,18,271935,9,0,0,40,0
36438,18,148952,10,0,0,24,0
36441,36,199439,14,0,0,45,1
36442,20,304076,7,0,0,20,0
36444,44,352971,13,0,0,45,1
36446,36,206521,13,0,0,60,1
36454,54,375134,11,0,0,40,0
36455,21,207103,9,0,0,40,0
36460,54,97778,4,0,0,40,0
36461,54,21698,6,0,0,40,0
36463,19,175820,7,0,0,25,0
36464,25,63996,9,0,0,40,0
36465,51,182985,9,0,0,40,0
36467,44,111483,6,0,0,50,0
36471,36,223020,10,0,0,20,0
36472,33,173998,9,0,1485,38,0
36474,49,133969,16,0,0,50,1
36475,41,173858,9,0,0,40,0
36477,40,50644,12,1506,0,40,0
36481,37,202027,14,7688,0,50,1
36483,34,321709,12,0,0,25,0
36484,22,166371,9,0,0,40,0
36485,18,210574,9,0,0,20,0
36486,52,92968,14,15024,0,40,1
36488,19,264390,10,0,2001,40,0
36490,45,90803,10,0,0,40,0
36491,43,126701,13,0,0,35,1
36494,25,182227,9,0,1579,40,0
36496,52,349502,10,0,0,45,0
36498,32,169583,16,0,0,70,0
36499,26,485117,13,0,0,20,0
36501,37,175390,9,0,0,40,0
36502,49,184986,9,0,0,40,0
36504,35,187711,9,0,0,40,0
36508,40,65545,14,0,0,55,0
36511,21,206681,10,0,0,15,0
36512,54,222020,6,0,0,70,0
36514,51,141645,10,0,0,40,0
36515,60,218085,9,0,0,50,0
36516,22,52596,10,0,0,8,0
36517,20,197997,9,0,0,40,0
36519,21,40767,10,0,0,40,0
36522,65,215908,9,0,2174,40,1
36527,55,147098,5,0,0,50,0
36533,39,280570,13,3103,0,50,1
36535,69,660461,9,0,0,20,0
36539,49,296849,10,0,0,40,1
36540,51,193720,9,0,0,40,0
36542,66,214469,9,0,0,13,0
36543,44,185798,11,0,0,48,1
36545,43,35210,10,0,0,40,0
36549,52,298215,13,0,0,50,1
36550,34,93834,9,0,0,8,0
36552,41,206916,13,0,0,30,0
36555,19,285750,9,0,0,30,0
36557,39,170382,14,0,0,50,1
36559,50,191130,11,0,0,40,1
36560,21,231160,10,0,0,25,0
36562,33,214635,9,0,0,36,0
36563,50,65160,13,0,0,40,0
36568,44,442035,10,0,0,40,0
36569,32,127875,13,0,0,40,1
36571,46,403911,9,0,1902,40,1
36573,40,177027,13,7688,0,52,1
36578,46,230979,13,4787,0,25,1
36579,41,137126,13,0,1977,45,1
36581,41,256647,9,0,0,40,0
36583,20,150084,10,0,0,25,0
36585,33,303867,10,0,0,50,0
36588,47,26145,11,0,0,40,1
36590,58,497253,13,0,0,40,1
36593,21,225541,10,0,0,40,0
36595,23,296613,10,0,0,32,0
36598,41,144947,13,0,0,40,0
36603,33,69311,9,0,0,40,0
36604,34,143766,12,0,0,40,0
36606,24,275691,7,0,0,39,0
36609,66,236784,13,0,0,8,0
36613,21,256240,7,0,0,40,0
36614,69,199591,15,0,0,25,0
36615,27,178709,14,0,0,40,0
36616,48,449354,9,4386,0,45,1
36619,53,188772,9,0,0,30,0
36623,39,409189,3,0,0,40,0
36627,34,300681,10,0,0,40,1
36632,23,23037,8,0,0,40,0
36634,41,92733,9,0,0,40,1
36637,63,125954,9,2174,0,40,0
36638,35,73715,7,0,0,40,0
36639,47,209212,5,0,0,56,0
36646,41,332703,9,0,625,40,0
36650,40,182629,13,0,0,40,0
36651,56,267652,13,0,0,40,0
36652,50,410186,9,0,0,40,0
36653,28,365411,5,0,0,42,0
36654,28,205337,9,0,0,40,0
36658,47,191978,10,0,0,40,1
36659,31,50178,10,0,0,40,0
36663,58,354024,9,0,0,40,1
36665,35,219902,11,0,0,40,0
36666,29,419722,12,3674,0,40,0
36668,33,132601,13,0,0,55,1
36669,38,29430,10,0,0,40,0
36671,66,210825,10,0,0,40,1
36672,36,251091,10,0,0,40,1
36673,33,219034,7,0,0,40,0
36676,36,248708,12,0,0,40,0
36677,41,77937,8,0,0,40,0
36679,29,253799,8,0,0,42,0
36681,24,59146,9,0,0,48,0
36685,27,150958,3,0,0,48,0
36689,49,118701,9,0,0,40,0
36691,21,184568,9,0,0,40,0
36693,70,243436,5,0,0,45,0
36694,44,68318,14,0,0,55,0
36695,58,56331,13,0,0,40,0
36697,54,140359,4,0,3900,40,0
36702,82,147729,3,0,0,20,0
36703,48,296066,10,0,0,50,1
36704,44,148138,16,15024,0,40,1
36705,68,50351,14,6360,0,20,0
36707,24,210029,9,0,2001,37,0
36708,54,163894,10,0,0,40,0
36711,17,53367,5,0,0,35,0
36712,46,95256,9,0,0,50,0
36713,59,127728,10,0,0,40,1
36715,70,207627,9,2228,0,24,0
36718,31,154297,9,0,0,24,0
36723,30,167990,15,0,0,60,1
36724,23,378460,10,0,0,20,0
36726,24,153583,10,0,0,40,0
36729,24,188300,7,0,0,40,0
36741,33,374905,6,0,0,40,0
36742,71,118876,13,0,0,14,0
36747,25,109080,10,0,0,55,0
36748,58,104333,10,0,0,40,1
36749,57,195876,9,0,0,40,0
36751,19,197748,7,0,0,20,0
36752,40,442045,10,0,0,40,1
36754,43,114537,13,0,0,40,0
36756,19,274830,9,0,0,15,0
36759,22,167787,9,0,0,40,0
36760,64,352712,11,0,0,55,0
36763,80,202483,9,0,0,16,0
36764,79,146244,16,0,0,40,0
36765,58,450544,13,0,0,40,1
36767,43,195258,9,0,0,40,1
36770,51,99064,11,5013,0,40,0
36773,68,204082,10,0,0,45,0
36774,34,216283,13,0,0,45,1
36776,22,297380,9,0,0,40,0
36783,52,177366,9,0,0,20,0
36784,35,38245,10,0,0,60,0
36785,62,215944,3,0,0,30,0
36786,49,115784,11,0,0,45,0
36787,49,170165,9,0,0,55,0
36789,45,116163,9,0,0,40,0
36794,51,285747,14,0,1977,60,1
36795,25,108542,10,0,0,40,0
36798,46,26781,9,0,0,40,0
36799,59,31782,6,0,0,45,1
36800,28,189241,7,0,0,40,0
36802,35,240467,9,0,0,40,0
36804,29,74500,13,0,0,40,1
36805,43,263502,9,0,0,40,0
36811,23,280134,9,0,0,40,0
36815,48,324173,11,0,0,50,0
36816,35,300681,9,7298,0,35,1
36817,43,598995,13,0,0,42,0
36818,57,140711,13,0,0,40,1
36820,28,308136,9,0,0,40,0
36823,30,228406,9,0,0,40,0
36826,50,175070,15,0,0,45,1
36827,43,34007,13,0,0,70,1
36828,33,121195,9,0,0,50,0
36830,35,81280,13,0,0,65,1
36833,33,220430,13,0,0,70,1
36837,38,119992,10,0,0,40,0
36839,24,327518,11,0,0,45,0
36840,24,220323,10,0,0,40,0
36843,43,35034,13,0,0,21,0
36845,30,270218,13,0,0,40,0
36846,25,254933,7,0,0,40,0
36847,45,61751,9,0,0,35,0
36853,35,202027,13,7298,0,35,1
36857,68,351402,16,0,0,70,0
36858,40,179580,9,0,0,40,0
36859,32,26803,10,0,0,84,1
36861,31,59969,9,0,0,35,0
36862,33,162930,13,0,0,50,0
36864,63,117681,9,0,0,25,0
36865,67,179285,13,0,0,30,0
36866,47,217161,9,0,0,14,0
36868,33,170336,9,0,0,19,0
36872,35,361888,10,0,0,40,0
36874,35,176101,9,0,0,80,1
36876,54,155755,9,4416,0,25,0
36878,29,136017,6,0,0,48,0
36883,42,227397,13,0,0,40,1
36884,49,111066,13,0,0,50,1
36886,34,31740,4,0,0,40,0
36888,31,172304,10,0,0,50,1
36890,31,86492,11,0,0,30,1
36895,27,151626,9,0,0,40,0
36896,27,37302,7,0,0,50,0
36898,40,195488,9,0,0,45,0
36899,43,216116,14,0,0,37,0
36900,26,118497,9,0,0,50,0
36901,48,101233,11,0,0,15,0
36904,23,214635,9,0,0,40,0
36907,27,142621,13,4101,0,40,0
36912,39,160123,9,0,0,40,0
36916,46,102359,13,0,0,40,0
36921,35,230268,10,0,0,40,0
36924,45,319637,9,0,0,40,0
36932,56,24127,11,0,0,54,1
36934,19,120277,9,0,0,30,0
36935,57,134286,10,0,0,35,0
36937,48,174533,7,0,0,40,0
36938,46,175958,8,0,0,45,0
36939,36,218948,5,0,0,40,0
36940,66,117746,13,0,0,50,1
36942,58,89922,11,15024,0,40,1
36943,62,69867,13,0,0,55,1
36945,77,158847,11,0,0,25,0
36948,33,424719,13,0,0,40,0
36950,20,33087,11,0,0,40,0
36959,18,245199,10,0,0,40,0
36960,37,46385,9,0,0,40,0
36963,68,154897,9,0,0,30,0
36964,41,320744,13,0,0,40,1
36965,50,138852,14,15024,0,50,1
36969,43,338290,10,0,0,40,0
36971,43,91959,13,0,0,45,1
36972,36,265881,9,0,0,40,0
36974,27,193898,9,0,0,50,0
36975,36,139364,13,0,0,50,1
36976,47,306473,12,0,0,40,0
36980,34,153326,13,0,0,40,1
36981,33,106976,9,0,0,40,0
36982,57,109015,10,0,0,48,0
36983,59,154100,14,27828,0,45,1
36984,36,183739,9,0,2002,40,0
36985,60,367695,12,0,0,40,1
36986,33,156015,11,0,0,40,0
36988,20,188274,10,0,0,10,0
36989,28,50512,13,2202,0,50,0
36994,55,199713,13,0,0,15,0
36997,52,155433,3,0,0,40,0
37001,50,190762,3,0,0,40,0
37004,46,185385,9,0,0,65,1
37005,62,302142,9,2961,0,30,0
37006,39,80324,10,0,1977,62,1
37007,26,357933,10,0,0,15,0
37012,32,317378,13,10520,0,40,1
37021,29,253801,9,0,0,40,0
37022,37,305597,9,0,0,40,0
37023,61,352448,13,0,0,60,0
37027,30,149568,5,0,0,40,0
37028,24,229553,9,0,0,20,0
37030,37,120074,9,0,0,40,0
37031,37,257588,9,0,0,40,0
37035,43,187778,9,0,0,20,0
37036,19,35865,10,0,0,35,0
37041,43,248094,9,0,0,40,0
37042,40,213821,14,0,0,40,1
37048,29,203797,10,0,0,40,0
37049,28,378460,13,10520,0,60,1
37055,21,43535,10,0,0,40,0
37056,62,72486,9,0,0,24,0
37057,22,229997,10,0,0,40,0
37059,31,113364,12,0,0,20,0
37064,17,31007,6,0,0,30,0
37065,26,35917,10,0,0,50,0
37068,31,241885,9,0,0,45,0
37072,29,331875,8,0,0,40,0
37074,51,104748,10,0,0,45,0
37075,32,144949,9,0,0,40,0
37079,49,115784,10,0,0,40,0
37080,40,96509,10,0,0,40,1
37081,62,226733,9,0,0,40,1
37083,76,243768,3,0,0,20,0
37085,35,186934,13,0,0,50,1
37086,27,89813,9,0,0,40,0
37089,21,275291,10,0,0,12,0
37091,39,139743,9,0,0,20,0
37098,55,141326,9,0,0,40,1
37100,30,347166,13,13550,0,45,1
37102,42,196797,9,0,0,38,0
37103,50,207246,10,0,0,75,0
37108,47,266281,7,6849,0,40,0
37110,65,117162,11,0,0,56,1
37112,37,359131,9,0,0,48,0
37117,39,121590,10,4787,0,40,1
37118,58,292379,13,0,0,40,0
37119,20,482732,9,0,0,24,0
37121,39,230329,9,0,0,35,0
37123,52,194259,9,0,0,40,0
37125,50,108446,10,0,0,40,0
37129,50,185846,9,0,0,55,1
37130,76,127016,4,0,0,40,0
37131,46,102308,13,0,2415,40,1
37132,24,157894,10,0,0,40,0
37134,56,94156,15,0,1977,50,1
37136,22,190968,10,2407,0,40,0
37137,23,212803,13,0,0,35,0
37139,58,234481,6,0,0,40,0
37141,45,408773,10,0,0,40,1
37144,42,296749,10,0,0,45,0
37145,44,185832,13,0,0,46,1
37146,60,43235,13,0,0,50,1
37147,27,213152,10,0,0,40,0
37149,61,253101,13,0,0,24,0
37150,43,64631,9,15024,0,50,1
37151,44,193882,11,0,1340,40,0
37152,63,71800,4,0,0,41,0
37157,46,196858,14,0,0,35,1
37158,48,112860,6,0,0,35,0
37159,61,224784,12,0,0,90,0
37168,24,122166,10,0,0,40,0
37175,19,263338,9,0,0,15,0
37178,33,93930,9,0,0,40,0
37179,26,207537,9,0,0,40,0
37181,29,116207,9,0,0,65,1
37182,22,198244,9,0,0,39,0
37185,20,194630,9,3781,0,50,0
37196,60,163946,5,0,0,40,0
37197,23,127768,10,0,0,40,0
37198,52,98588,9,0,0,40,0
37201,20,34446,9,0,0,20,0
37203,30,142977,10,0,0,65,0
37206,17,60562,5,0,0,20,0
37208,25,176162,13,0,0,40,0
37211,18,184416,6,0,0,30,0
37214,59,340591,6,3942,0,40,0
37218,33,169496,13,0,0,50,1
37222,19,140242,10,0,0,20,0
37223,44,214415,10,0,0,40,0
37224,35,452283,9,0,0,40,0
37226,19,231972,7,0,0,20,0
37227,37,412296,9,0,0,35,1
37231,38,69306,10,0,0,40,0
37236,40,286750,7,0,0,36,0
37237,36,321274,13,0,0,50,0
37241,35,179579,9,0,0,40,0
37244,24,154373,9,0,0,25,0
37246,26,109609,10,0,0,30,0
37250,34,36385,14,0,2258,50,0
37251,20,147884,9,0,0,40,0
37253,25,383306,13,0,0,40,0
37259,39,180477,14,0,0,60,1
37264,36,267556,9,4064,0,40,0
37265,47,284871,13,0,1887,40,1
37267,32,145983,10,0,0,40,0
37270,21,250647,10,0,0,30,0
37271,60,226949,9,0,0,37,0
37272,47,157901,7,0,0,36,0
37277,29,104423,10,4386,0,45,1
37279,38,167440,9,0,0,20,0
37284,33,132601,10,0,0,45,0
37286,51,279156,9,7298,0,40,1
37287,28,339372,10,0,0,40,0
37289,23,117789,13,0,0,60,0
37293,22,139190,9,0,0,50,0
37294,35,185556,14,0,1887,40,1
37298,33,199539,9,0,0,65,0
37299,23,346480,9,0,0,50,0
37300,51,349431,9,4386,0,40,1
37301,31,219619,9,0,0,48,0
37302,28,127491,9,5721,0,40,0
37303,26,253899,13,0,0,40,0
37304,32,155232,13,0,0,60,1
37306,19,530454,9,0,0,50,0
37309,31,90668,6,0,0,40,0
37311,41,238355,3,0,0,40,0
37313,25,117833,13,0,1876,40,0
37315,44,219591,10,0,0,40,0
37317,30,80625,13,0,0,40,0
37319,34,163110,13,0,0,45,1
37320,34,24504,9,0,0,40,0
37324,29,145011,10,0,0,40,0
37329,24,52028,2,0,0,5,0
37330,63,318763,10,0,0,22,0
37332,34,113530,13,0,0,40,0
37334,31,145791,11,0,0,40,0
37340,35,184655,7,0,0,50,0
37344,64,111795,13,0,0,45,1
37346,31,364657,10,0,0,50,1
37349,36,47310,10,0,0,40,1
37351,20,161092,10,0,0,14,0
37353,56,61885,13,0,2001,65,0
37356,33,176673,9,0,0,40,0
37359,29,164040,9,0,0,40,0
37361,48,99127,12,0,0,45,0
37362,38,334999,9,0,0,45,0
37364,35,65876,9,0,0,40,0
37366,27,214858,9,0,0,40,0
37369,30,97723,9,0,0,45,0
37370,24,233499,10,0,0,40,1
37374,36,197495,13,0,0,40,0
37375,23,227594,8,0,0,40,0
37376,60,165441,4,0,0,40,0
37377,20,337488,10,0,0,30,0
37379,20,396722,10,0,0,40,0
37380,22,146538,9,0,0,40,0
37382,41,144778,9,0,0,40,0
37385,54,103179,16,0,1902,50,1
37386,17,172050,7,0,0,16,0
37387,43,178976,9,0,0,40,0
37388,33,176185,8,0,2258,42,0
37389,30,158200,15,0,0,40,0
37390,38,172571,10,0,0,40,1
37391,54,226735,9,0,0,45,0
37394,61,35001,4,2885,0,40,0
37396,22,88126,13,0,0,40,0
37398,18,452452,6,0,0,20,0
37401,32,27856,10,0,0,40,0
37402,68,234859,10,0,0,30,0
37403,28,71733,10,0,0,15,0
37404,28,207473,10,0,0,40,0
37406,21,253190,10,0,0,48,0
37409,30,122889,14,0,0,50,1
37410,33,112358,10,0,0,32,0
37415,42,177937,13,0,0,50,0
37417,61,167138,9,0,0,40,0
37420,19,143360,9,0,0,34,0
37422,32,97614,10,0,0,40,0
37423,76,224680,15,0,1258,20,0
37424,53,196763,12,0,0,60,0
37427,48,193047,9,0,0,40,1
37429,59,195835,4,0,0,40,0
37431,40,222756,10,0,0,40,1
37433,44,191982,10,0,0,10,0
37434,46,247286,10,0,0,40,0
37435,22,219042,6,0,0,40,0
37437,57,204751,10,0,0,40,1
37441,36,162424,9,0,0,45,0
37442,29,263005,14,0,0,45,0
37443,49,26502,13,6497,0,45,0
37445,43,114859,10,0,0,17,0
37447,43,323627,10,0,0,12,0
37448,40,106698,12,0,0,40,0
37452,30,217296,11,0,0,35,0
37455,53,86600,9,0,0,40,0
37457,64,104756,10,0,0,8,0
37461,38,186145,10,0,0,40,1
37464,63,181153,9,0,0,35,0
37465,25,375170,10,0,0,35,0
37468,31,137681,10,0,0,40,0
37469,46,28419,15,99999,0,50,1
37470,44,101214,13,0,0,44,1
37473,52,145333,13,0,0,60,0
37480,35,172571,13,0,0,50,0
37485,33,283921,10,0,0,40,0
37487,50,158680,14,0,0,50,1
37488,26,202091,9,0,0,40,0
37489,21,285127,9,0,0,40,0
37498,28,31842,13,0,0,40,0
37501,22,317019,10,0,0,30,0
37502,47,158451,10,0,0,45,0
37503,60,225883,10,0,0,27,0
37507,47,202812,14,0,0,40,1
37510,31,182162,9,0,0,37,0
37514,47,102583,13,0,0,35,0
37516,32,241802,9,0,0,40,0
37517,39,347434,5,0,0,43,0
37520,44,291568,9,0,0,40,0
37522,40,155106,5,0,0,40,1
37523,19,252752,9,0,0,35,0
37526,40,63503,13,0,0,40,1
37527,61,95929,5,0,0,40,0
37528,30,187618,9,0,0,50,0
37530,33,220362,11,0,0,84,1
37532,32,272376,12,0,0,40,0
37533,32,173854,13,0,0,35,1
37534,37,278924,9,0,0,40,0
37535,53,324568,7,0,0,45,0
37538,48,192791,9,0,0,40,0
37539,69,182862,9,15831,0,40,1
37542,45,148171,11,15024,0,40,1
37543,18,142647,10,0,0,20,0
37544,60,116230,4,0,0,40,0
37548,33,268571,10,0,0,40,0
37555,43,109912,13,0,0,7,1
37558,21,325923,10,0,0,35,0
37561,36,153066,14,0,0,40,1
37562,62,56248,13,0,2415,60,1
37563,65,105252,9,0,0,40,1
37564,46,168195,15,0,1902,45,1
37570,57,155259,10,0,0,40,0
37571,53,98829,13,0,0,50,0
37572,47,239321,13,0,0,40,1
37575,27,47907,13,0,0,43,0
37576,23,114357,9,0,0,50,0
37577,27,189462,14,0,1504,45,0
37579,25,232914,13,0,0,38,0
37581,23,27776,9,0,0,40,0
37582,29,137476,13,0,0,35,1
37583,30,100734,13,0,0,38,0
37584,34,111746,9,0,0,45,0
37586,18,414721,7,0,1602,23,0
37588,38,203628,13,0,0,45,1
37590,41,172307,5,0,0,40,0
37591,21,273403,11,0,0,50,0
37595,26,108542,10,0,0,40,1
37596,27,253814,13,0,0,40,1
37598,47,207140,9,0,0,38,0
37601,51,183173,9,0,0,70,1
37602,34,229531,12,0,0,60,0
37603,42,320744,9,3908,0,45,0
37604,26,257405,3,0,0,40,0
37605,20,432052,10,0,0,15,0
37611,33,178449,10,0,0,49,0
37612,42,185267,11,0,0,32,0
37613,23,410439,9,0,0,25,0
37615,27,83517,9,0,0,60,0
37620,30,194901,9,0,0,40,0
37621,59,117059,7,0,0,40,0
37623,28,51461,14,0,0,60,0
37624,79,266119,13,0,0,40,0
37625,43,92374,14,0,0,35,1
37626,54,175262,4,0,0,40,0
37627,27,208249,9,0,0,62,0
37629,22,110622,13,0,0,15,0
37633,28,163265,5,4508,0,40,0
37634,18,210932,9,0,0,40,0
37638,41,36651,14,0,1848,40,1
37640,29,49087,13,0,0,50,0
37641,41,126622,7,0,0,40,0
37646,30,78530,9,0,0,40,0
37647,28,190391,13,0,0,40,0
37649,41,103980,10,0,0,52,0
37650,20,293726,10,0,0,40,0
37651,61,98350,1,0,0,40,0
37652,30,207668,13,0,0,60,0
37656,25,306908,13,0,0,45,1
37659,35,273612,13,0,0,45,0
37665,26,354784,10,0,0,20,0
37667,32,732102,13,0,0,40,0
37671,54,298215,13,0,0,50,1
37672,37,295127,9,0,0,40,0
37674,37,187411,13,0,0,50,0
37676,34,212163,10,0,0,25,0
37677,35,108198,9,0,0,15,0
37680,29,266070,13,0,0,80,0
37681,34,346122,9,0,0,40,0
37683,62,236096,9,0,0,40,0
37685,37,238959,9,0,0,40,0
37686,47,93557,9,0,0,40,0
37688,22,125010,11,0,0,30,0
37694,44,268804,9,0,0,30,0
37697,50,92486,10,0,0,40,0
37700,59,32855,4,0,0,70,0
37708,54,141663,9,0,0,40,1
37710,32,118551,14,0,0,45,1
37711,52,35092,16,0,0,40,1
37712,39,139703,9,0,0,28,0
37713,39,206190,9,0,0,45,0
37714,59,178353,9,0,0,50,1
37716,54,103179,9,0,0,60,1
37717,31,354464,9,0,0,40,0
37723,33,221324,11,0,0,40,0
37726,46,152249,9,0,0,35,0
37727,29,178649,9,0,0,20,0
37729,39,243409,9,0,0,60,1
37731,23,203078,13,0,0,24,0
37732,53,155983,14,0,0,65,1
37734,34,170276,13,0,0,10,1
37735,47,105381,9,0,0,40,0
37740,26,113571,9,0,0,70,0
37741,18,154089,7,0,0,20,0
37743,26,132572,13,0,0,32,0
37744,47,238185,13,0,0,40,0
37745,26,112754,11,0,0,65,1
37746,21,357029,10,2105,0,20,0
37748,48,287647,16,7688,0,55,1
37749,39,150061,14,15020,0,60,1
37751,55,68006,4,0,0,60,0
37754,74,173929,16,0,0,25,1
37755,49,182211,9,0,0,55,0
37757,29,157612,13,14344,0,40,1
37758,25,305472,12,0,0,48,0
37759,57,548256,8,0,0,40,0
37763,30,116138,13,27828,0,60,1
37764,28,127833,9,0,0,40,0
37767,28,129882,10,0,0,40,0
37768,48,355890,13,0,0,55,1
37771,19,146679,10,0,0,30,0
37774,31,113838,9,0,0,45,0
37775,28,282398,9,0,0,35,0
37777,23,41031,10,0,0,35,0
37784,35,93034,9,0,0,40,0
37790,37,34378,2,0,0,40,0
37791,49,58359,10,15024,0,50,1
37795,40,124692,13,0,0,40,1
37798,31,288566,13,0,0,43,1
37799,61,137733,10,0,0,25,0
37800,22,39432,9,0,0,40,0
37804,52,89041,14,15024,0,60,1
37805,37,299090,9,0,0,30,0
37806,18,159561,7,0,0,20,0
37808,46,269045,15,0,0,40,1
37815,18,192485,8,0,0,20,0
37816,25,201579,5,0,0,40,0
37819,47,237731,9,2829,0,65,0
37821,37,270059,10,25236,0,25,1
37823,19,240686,7,0,0,25,0
37824,52,124793,8,0,0,40,0
37825,25,113948,11,0,0,45,0
37827,21,147655,9,0,0,40,0
37828,41,38876,11,0,0,60,0
37831,24,136310,10,0,0,40,0
37838,48,155659,11,7688,0,40,1
37839,19,215891,10,0,0,10,0
37840,40,144928,10,0,0,40,0
37841,30,33688,9,0,1669,70,0
37842,65,262446,7,0,0,20,0
37843,44,191295,13,0,0,48,0
37847,44,469454,11,7298,0,48,1
37848,39,164156,12,0,0,55,0
37849,59,196482,9,0,0,40,0
37850,31,176185,14,0,0,60,1
37851,34,287315,9,0,0,40,0
37855,31,80511,12,0,0,44,0
37861,17,205726,7,0,0,15,0
37864,19,248749,10,0,0,20,0
37865,30,197558,9,0,0,40,0
37866,27,176514,13,0,0,40,0
37867,29,116820,9,0,0,50,0
37869,37,215503,9,4386,0,45,1
37874,34,260560,9,0,0,50,0
37876,51,59590,9,0,0,20,0
37879,24,291407,9,0,0,40,0
37881,33,204494,10,0,0,56,1
37884,31,150324,7,0,0,50,0
37885,38,331609,10,0,0,47,0
37888,25,122075,13,0,0,50,0
37892,24,289448,11,0,0,40,0
37894,36,130589,10,0,0,45,0
37895,62,94318,13,0,0,50,1
37897,55,129762,9,0,0,40,0
37903,47,188195,10,0,0,40,0
37905,41,125831,9,0,1887,55,1
37907,38,75024,4,0,0,40,0
37909,35,108946,9,0,0,40,0
37910,25,93223,10,0,0,35,0
37912,71,45801,9,0,0,70,0
37913,35,225385,9,0,0,40,0
37921,25,152503,10,0,0,40,0
37923,46,96552,10,0,0,17,0
37924,34,169527,10,4386,0,20,0
37928,36,186035,10,0,0,60,1
37930,34,191856,10,7298,0,40,1
37931,36,215503,9,0,0,65,0
37932,31,187560,9,2174,0,40,0
37933,31,252752,9,0,2415,40,1
37934,38,210991,13,0,1740,40,0
37935,57,190748,10,0,0,35,0
37939,39,186183,14,0,0,40,1
37940,38,131808,11,0,0,40,0
37942,21,124589,9,0,0,40,0
37945,35,241306,9,0,0,45,0
37947,18,42293,6,0,0,30,0
37949,42,337629,8,0,0,60,1
37952,51,107096,9,0,0,50,0
37953,55,76860,9,0,0,40,0
37956,24,174138,12,0,0,40,0
37958,22,210474,9,0,0,40,0
37961,28,319768,14,0,0,45,1
37963,25,324609,9,0,0,40,0
37964,48,268234,9,0,0,50,0
37966,31,25955,5,0,0,35,0
37968,56,129762,10,0,0,35,0
37969,22,108506,11,0,0,75,0
37971,27,214385,9,0,0,40,0
37972,30,183000,14,0,0,45,0
37974,50,171924,13,0,0,43,1
37979,32,256371,8,0,0,40,0
37980,43,35824,10,0,0,40,0
37984,34,295855,7,0,0,70,0
37986,35,285102,14,0,0,40,1
37987,57,178353,9,0,0,50,1
37988,45,28119,9,0,0,7,0
37989,42,197522,10,0,0,40,0
37991,56,179781,9,0,0,40,1
37995,28,271572,5,0,0,52,0
37998,37,172232,9,0,0,30,0
38001,42,109067,13,0,0,40,0
38002,38,213716,11,0,0,30,0
38003,49,149809,1,0,0,40,0
38006,68,192052,10,0,2457,40,0
38008,25,213385,9,0,0,40,0
38010,68,104438,13,0,0,40,1
38012,45,43434,13,0,0,40,0
38013,45,102147,11,0,0,40,1
38016,42,78765,10,3103,0,45,1
38017,29,184078,9,0,0,40,0
38023,33,162572,9,0,0,55,1
38024,35,65706,9,0,0,40,0
38025,45,102569,9,0,0,40,1
38027,67,159542,3,0,0,40,0
38028,33,142383,12,0,0,36,0
38029,38,229236,9,0,0,40,0
38030,72,56559,9,0,0,12,0
38034,22,246965,10,0,0,12,0
38035,49,191277,10,15024,0,50,1
38037,25,456604,7,0,0,40,0
38039,50,341797,9,0,0,40,0
38041,41,392167,6,0,0,48,0
38043,67,233182,9,0,0,7,0
38045,62,143312,10,0,0,60,0
38046,22,326334,10,0,0,35,0
38048,17,207637,7,0,0,10,0
38049,52,37289,14,0,0,40,1
38054,23,343019,6,0,0,40,0
38061,25,153841,10,0,0,40,0
38066,43,60001,10,0,0,40,1
38069,20,186830,9,0,0,45,0
38070,34,226385,14,0,0,40,0
38073,33,217460,9,0,0,60,1
38074,30,104052,9,0,1741,42,0
38078,44,71269,13,0,0,40,0
38079,50,71898,3,0,0,35,0
38080,38,212048,15,0,0,30,0
38082,45,111994,10,4650,0,40,0
38085,25,570821,10,0,0,40,0
38086,63,146196,13,0,0,40,0
38092,39,183892,9,0,0,40,0
38095,60,116707,7,0,0,40,0
38099,50,157043,14,2202,0,30,0
38100,53,150726,10,0,0,40,0
38101,27,214695,9,0,0,60,0
38107,51,197656,10,0,0,45,1
38108,33,219838,6,0,0,40,0
38109,57,35561,9,0,0,60,1
38111,56,190257,4,0,0,40,0
38113,36,65624,13,0,0,40,0
38114,46,201699,9,0,0,40,1
38120,46,114797,9,0,0,36,0
38121,56,245215,16,0,0,50,0
38122,36,36270,9,0,0,60,0
38123,67,107138,10,0,0,40,0
38128,19,249147,9,0,0,30,0
38130,25,164488,10,0,0,40,0
38131,53,48413,9,0,0,40,0
38136,45,208802,15,25236,0,36,1
38140,36,147548,9,0,0,85,0
38145,28,46987,11,2174,0,36,0
38146,63,301108,7,0,0,22,0
38148,25,37741,13,0,0,40,0
38150,44,150076,9,0,0,30,0
38152,52,183611,2,0,0,40,0
38153,27,258768,13,0,0,40,0
38154,35,287658,10,0,0,40,0
38156,49,31267,4,0,0,40,0
38157,35,302149,13,7298,0,40,1
38159,37,176073,10,0,0,50,0
38161,24,163665,13,0,0,40,0
38163,38,144860,9,0,0,65,0
38164,58,61474,9,0,0,55,1
38166,40,225660,13,0,0,45,1
38170,42,143342,10,0,0,40,0
38177,34,104293,13,0,0,40,0
38184,38,248919,7,0,0,40,0
38188,56,340171,9,0,0,40,0
38190,22,416356,10,0,0,40,0
38193,44,245317,10,0,0,56,1
38194,38,153685,7,0,0,52,0
38196,37,99374,6,0,0,55,0
38197,57,139452,9,0,0,16,0
38198,54,227832,8,0,0,40,0
38199,18,213024,10,0,0,30,0
38201,63,33487,4,0,0,40,0
38204,40,109969,7,0,0,20,0
38206,39,117166,6,2635,0,40,0
38207,28,106951,9,0,0,42,0
38208,30,89625,10,0,0,5,1
38209,42,194537,9,0,0,40,0
38213,36,292570,7,0,0,40,0
38214,67,105252,10,7978,0,35,0
38215,65,94552,10,0,0,40,0
38216,50,46401,13,0,0,50,0
38219,36,180477,10,0,0,50,1
38221,34,381153,9,0,0,40,0
38224,17,295991,6,0,0,20,0
38225,52,198262,9,0,0,30,0
38226,34,190385,14,0,0,40,1
38231,34,209538,13,0,0,50,1
38233,17,216086,7,0,0,30,0
38235,32,155781,10,0,0,40,0
38237,48,122066,9,0,0,35,1
38239,43,117915,14,0,0,40,0
38243,34,62374,9,0,0,48,0
38244,34,96245,9,0,0,40,0
38245,37,348796,13,0,0,40,0
38249,62,194167,9,2174,0,40,0
38254,23,233711,9,0,0,50,0
38256,57,79830,9,0,0,40,0
38257,34,192259,15,0,0,35,1
38259,41,34987,13,0,0,35,1
38260,38,409189,4,0,0,40,0
38261,48,135525,12,0,0,40,0
38263,18,141363,10,0,0,40,0
38264,35,214816,13,0,0,40,1
38267,42,127314,13,0,0,45,1
38268,48,395368,10,0,0,40,0
38270,37,112660,5,0,0,35,0
38275,26,335533,9,0,0,20,0
38276,26,176146,3,0,0,35,0
38279,56,188856,13,8614,0,55,1
38282,22,175431,9,0,0,20,0
38283,32,228357,11,0,0,40,0
38285,36,109133,9,0,0,40,0
38289,42,303155,13,0,0,50,1
38291,33,168030,10,7298,0,21,1
38292,53,71417,16,0,0,40,0
38293,28,239130,10,0,0,50,0
38295,20,157541,10,0,0,27,0
38296,33,255004,10,0,0,50,0
38298,50,124963,9,0,1977,35,1
38299,22,39615,10,0,0,45,0
38300,20,47678,9,0,0,40,0
38301,42,281315,13,0,0,50,0
38302,23,176123,9,0,0,40,0
38303,24,165350,9,0,0,50,0
38308,25,189850,10,0,0,40,0
38309,34,145874,16,0,0,20,0
38310,23,139012,11,0,0,40,0
38311,30,211654,14,0,0,40,1
38313,26,104834,14,0,1669,40,0
38314,42,195124,9,0,0,60,0
38315,39,32146,14,0,0,60,0
38318,25,247025,13,3325,0,48,0
38322,47,122307,13,0,1887,40,1
38323,58,175017,13,0,0,25,0
38325,52,150812,10,0,0,35,0
38326,24,241185,9,0,0,48,0
38327,58,174864,9,0,0,55,1
38330,46,423222,10,3103,0,60,1
38334,24,117363,13,0,0,35,0
38335,22,333158,9,0,0,48,0
38336,39,193260,10,0,0,25,0
38338,58,111394,13,0,0,40,1
38342,28,210945,12,0,0,35,0
38343,62,115023,10,0,0,40,0
38345,36,150057,10,0,0,65,0
38346,18,128086,8,0,0,18,0
38347,25,28473,11,0,0,40,0
38350,30,171889,15,0,0,24,0
38352,59,277034,9,0,0,60,1
38357,30,182771,13,0,0,15,0
38360,31,81846,9,0,0,40,0
38361,44,105936,12,0,0,40,0
38362,37,36425,9,0,0,40,0
38363,28,595088,10,0,0,63,0
38364,38,149018,9,0,0,40,0
38366,44,33521,10,0,0,40,1
38367,40,70539,10,4386,0,50,0
38369,31,193215,10,0,0,50,0
38372,30,149427,9,0,0,35,0
38375,19,225775,10,0,0,40,0
38376,25,202091,14,0,0,60,0
38377,36,123151,7,0,0,60,0
38378,22,168187,10,0,0,50,0
38379,42,33521,13,0,0,40,0
38380,33,243678,10,0,0,40,0
38384,52,199265,9,0,0,40,0
38386,18,30687,10,0,0,10,0
38394,33,182792,9,0,0,40,0
38395,44,167725,9,0,0,24,0
38396,43,160674,9,0,0,40,0
38398,39,255027,11,0,0,40,0
38399,23,204641,6,0,0,50,0
38400,20,177787,10,0,0,20,0
38402,54,91506,10,0,0,65,0
38405,59,135647,7,0,0,60,0
38407,37,174912,9,0,0,40,0
38411,67,81761,14,0,0,2,0
38421,37,607848,13,0,0,40,1
38423,32,83413,13,0,0,35,1
38427,30,97521,13,0,0,50,1
38428,27,160972,9,0,0,50,0
38430,22,403519,9,0,0,40,0
38432,20,278155,10,0,0,40,0
38435,42,336643,11,0,0,40,0
38436,29,264166,11,0,0,45,0
38437,44,433705,9,0,0,52,1
38439,42,165599,9,0,0,40,1
38440,26,159759,13,0,0,40,0
38442,42,188808,13,0,0,30,0
38444,21,194096,10,0,0,10,0
38447,56,232139,9,0,0,40,0
38451,35,372130,9,0,0,40,0
38452,43,27766,13,0,0,60,1
38454,17,161259,6,0,0,12,0
38457,22,137591,10,0,0,35,0
38461,44,190020,13,0,0,50,0
38463,39,52187,9,0,0,40,0
38465,34,51543,10,0,0,48,0
38472,27,38606,13,0,1504,45,0
38478,44,182771,13,0,0,48,1
38480,50,163002,9,0,0,40,0
38481,56,155657,4,0,0,20,0
38483,20,244406,9,0,0,40,0
38487,40,144371,13,0,0,15,0
38490,26,200681,9,0,0,40,0
38495,42,169383,14,0,0,40,1
38496,19,43887,9,0,0,10,0
38497,45,54260,10,0,0,99,0
38500,25,476334,10,0,0,40,0
38501,90,52386,13,0,0,40,0
38504,47,191957,9,0,0,40,1
38505,38,40955,14,0,0,43,0
38506,35,98080,15,4787,0,45,1
38507,37,175643,9,0,0,30,0
38509,56,187295,13,0,0,40,1
38510,18,40822,7,0,0,15,0
38511,44,228729,9,0,0,40,0
38512,50,240496,10,0,0,36,0
38513,26,51961,13,0,0,20,0
38514,36,174887,10,0,0,40,0
38517,38,30916,12,0,0,60,0
38518,62,153148,9,0,0,84,0
38522,27,209801,10,0,0,45,0
38524,35,54595,8,0,0,40,0
38525,34,79637,13,0,0,40,0
38526,50,126566,9,0,0,40,0
38527,28,233796,10,7298,0,32,1
38528,67,191800,13,6360,0,35,0
38529,34,527162,10,0,0,30,0
38530,19,139466,10,0,0,25,0
38533,45,160173,14,7688,0,50,1
38534,17,350995,8,0,0,16,0
38537,21,346341,10,0,0,40,0
38538,50,172175,15,0,0,50,1
38539,17,153035,6,0,0,20,0
38540,63,200127,9,0,0,40,0
38543,25,194342,9,0,0,40,0
38548,47,160647,9,0,0,46,0
38551,19,216937,9,0,0,60,0
38553,33,154981,13,0,1902,50,1
38555,38,301743,9,0,0,35,0
38556,50,401118,9,99999,0,50,1
38557,39,98776,10,0,0,50,1
38562,20,145917,10,0,0,15,0
38563,42,214838,9,0,0,30,1
38567,53,155963,13,0,0,30,0
38569,54,114674,10,0,0,40,1
38570,41,95708,14,0,0,45,1
38573,22,162667,9,0,0,50,0
38574,45,28497,13,0,1485,70,1
38577,23,46645,13,0,0,25,0
38578,30,203258,9,0,0,35,0
38580,35,85548,10,0,0,40,0
38581,25,195994,2,0,0,40,0
38582,42,148316,11,0,0,40,1
38585,32,252257,12,0,0,45,0
38586,44,30126,10,0,0,40,0
38587,53,304353,10,0,0,36,1
38589,24,205839,10,0,0,40,0
38591,42,150568,9,0,0,45,0
38592,19,382738,9,0,0,40,0
38594,26,258306,6,0,0,99,0
38596,52,152373,10,0,0,40,0
38601,42,109684,14,0,1741,35,0
38604,28,175710,13,0,0,40,1
38605,27,52028,13,0,0,40,0
38606,61,315977,9,0,0,40,0
38607,47,202322,3,0,0,40,0
38611,69,145656,10,0,0,24,0
38612,30,137076,9,0,0,40,1
38615,45,358242,13,0,0,45,1
38616,39,184117,13,7688,0,20,1
38621,51,100933,9,0,0,40,0
38624,64,285052,10,0,0,10,0
38625,26,175044,10,0,0,40,0
38627,32,173351,9,0,0,48,0
38630,21,143062,9,0,0,40,0
38631,26,137951,6,0,0,40,0
38632,33,293063,13,0,0,40,0
38638,51,219599,9,0,0,40,0
38639,45,129371,5,0,0,40,0
38640,20,470875,9,0,0,32,0
38645,24,293324,9,0,0,40,0
38647,38,403391,13,0,0,60,0
38648,44,367749,13,0,0,45,0
38650,32,111363,15,0,0,75,1
38651,49,240869,4,0,0,35,0
38652,36,163278,14,0,0,40,0
38654,46,280030,3,0,0,40,0
38659,44,190205,4,0,0,25,0
38664,19,456572,9,0,0,35,0
38665,31,177675,13,0,0,40,1
38669,46,155489,12,0,0,44,1
38670,51,156802,9,3103,0,60,1
38674,58,365511,10,0,0,40,0
38676,26,190350,13,0,0,35,0
38677,17,166759,8,0,0,40,0
38682,40,406463,14,0,0,40,0
38683,53,231472,16,0,0,40,1
38685,28,69107,9,0,0,40,0
38686,22,182387,10,0,0,12,0
38687,31,169002,9,0,0,55,0
38688,45,229967,9,13550,0,50,1
38692,68,163346,9,0,0,32,0
38694,55,86505,9,0,0,20,0
38695,43,178780,12,0,0,45,1
38696,23,173945,13,0,0,27,0
38699,51,210736,9,10520,0,40,1
38701,34,113838,10,0,0,45,1
38702,31,121055,9,0,0,70,1
38704,17,566049,6,0,0,8,0
38712,59,138370,6,0,0,40,0
38714,46,180505,9,0,0,40,0
38717,31,113838,13,0,0,50,0
38724,44,210013,9,0,0,40,1
38727,45,88061,7,0,0,40,0
38728,43,195897,9,7298,0,40,1
38729,49,43206,15,0,0,55,1
38731,26,154093,9,0,0,40,0
38739,39,65738,10,0,0,15,1
38743,68,52052,11,25124,0,50,1
38745,24,229393,7,2463,0,40,0
38746,23,53513,13,0,0,45,0
38751,31,194901,9,0,0,50,1
38754,32,111836,10,0,0,50,0
38755,34,198613,7,0,0,25,0
38757,57,121111,9,0,0,40,0
38758,25,130397,6,0,0,40,0
38759,40,212847,10,0,2179,40,0
38763,40,164678,12,0,0,32,0
38766,25,101684,6,0,0,40,0
38767,65,36209,6,0,0,22,1
38768,39,123983,13,0,0,40,0
38770,37,203828,9,0,0,45,0
38773,63,174181,13,0,0,20,0
38774,59,131869,9,0,0,35,0
38784,59,93211,13,0,0,22,1
38785,41,24763,9,7443,0,40,0
38786,49,219021,10,0,0,48,1
38787,37,137229,11,0,0,45,1
38794,48,212954,10,0,0,60,1
38795,39,112284,14,0,0,40,0
38796,50,164198,12,15024,0,45,1
38797,41,152958,9,0,0,40,1
38798,21,145389,10,0,0,25,0
38800,40,272343,9,0,0,40,1
38802,50,145409,9,0,0,50,1
38803,42,208726,10,0,0,45,0
38807,38,171150,12,0,0,40,1
38811,21,201179,9,0,0,40,0
38813,56,95763,9,0,0,55,0
38814,48,125892,5,0,0,40,0
38817,60,165982,14,0,0,50,1
38822,36,219814,5,0,0,35,0
38823,42,171841,15,0,0,60,0
38825,62,205643,15,0,0,45,1
38826,65,174904,9,0,0,40,0
38827,45,102559,11,0,0,40,1
38830,24,215712,10,0,0,35,0
38832,25,193051,9,0,0,25,0
38833,21,305446,10,0,0,40,0
38837,64,380687,13,0,0,8,0
38842,28,37821,11,0,0,55,0
38844,21,141453,9,0,0,40,0
38845,34,88215,14,0,0,40,1
38847,45,185385,9,0,0,40,0
38848,47,341471,9,0,0,4,0
38849,41,163322,7,0,0,36,0
38850,35,99357,13,0,1977,30,1
38851,43,602513,14,0,0,50,1
38852,53,287192,2,0,0,32,0
38853,34,215047,10,0,0,45,0
38855,59,308118,12,0,0,40,1
38869,36,207568,9,0,0,50,0
38870,45,192684,10,0,0,38,0
38871,39,103260,13,0,0,30,1
38872,39,191227,13,13550,0,50,1
38874,41,106900,13,0,0,38,0
38876,50,55527,12,0,0,45,0
38878,23,33884,10,0,0,40,0
38879,41,29762,10,0,0,60,0
38880,47,168109,9,0,0,70,0
38883,51,194259,13,0,0,40,0
38890,48,143281,9,0,0,48,0
38891,38,185556,10,0,0,40,0
38893,40,280433,13,0,0,50,0
38898,20,164775,3,0,0,40,0
38899,49,190319,13,0,0,40,0
38900,23,213115,9,0,0,40,0
38902,43,112967,10,0,0,40,0
38904,60,220342,7,0,0,35,0
38914,25,178960,7,0,0,40,0
38917,21,202125,9,0,0,40,0
38918,53,284329,14,0,0,50,1
38920,34,340917,15,2829,0,50,0
38925,47,99127,11,0,0,40,1
38926,27,215955,10,2829,0,40,0
38928,36,183898,13,0,0,60,0
38931,51,357949,13,0,0,16,0
38932,59,177120,5,0,0,40,0
38935,32,47932,9,0,0,40,0
38937,44,183829,13,0,0,38,0
38938,51,138852,9,0,0,40,0
38939,54,188186,9,0,0,20,0
38940,22,34616,10,0,0,30,0
38943,53,47396,9,0,0,40,0
38945,19,331433,9,0,0,32,0
38947,21,241367,10,0,0,10,0
38948,39,216256,13,0,0,60,1
38961,35,145308,10,0,0,40,0
38962,47,204377,10,0,0,20,0
38965,54,260052,14,0,0,40,1
38967,33,226267,4,0,0,43,0
38969,49,87928,11,5013,0,40,0
38976,33,288273,8,1471,0,40,0
38977,31,167725,13,15024,0,48,1
38980,43,163985,9,0,0,40,0
38982,53,195922,14,0,0,40,0
38984,47,166863,9,0,0,40,1
38985,52,104501,10,0,0,40,1
38986,39,210626,9,0,0,40,0
38987,24,448026,13,0,0,40,0
38989,53,283602,14,15024,0,40,1
38990,21,189749,10,0,0,40,0
38993,28,181776,10,0,0,40,0
38995,20,70708,9,0,0,60,0
38996,47,103406,9,0,0,40,0
38998,26,213451,10,0,0,10,0
38999,53,139671,10,0,0,40,1
39001,39,237713,15,0,2415,99,1
39008,26,105516,13,0,0,40,0
39009,28,282972,13,0,0,4,0
39010,18,117372,7,0,0,15,0
39015,29,181822,13,0,0,40,0
39017,34,112062,14,0,0,40,0
39018,30,218551,11,0,0,45,1
39022,22,147655,10,0,0,40,0
39023,26,90277,9,0,0,40,0
39026,37,154641,12,2105,0,50,0
39029,41,186909,14,0,1902,35,1
39031,40,34987,13,0,0,53,0
39033,31,288983,10,0,0,40,0
39035,71,110380,9,0,2467,52,0
39036,25,31873,13,0,0,40,0
39037,25,294400,4,0,0,60,0
39039,36,175769,15,0,0,60,0
39041,34,106541,10,0,0,40,0
39046,60,95490,9,0,0,45,0
39047,65,149131,7,0,0,40,0
39050,28,214858,9,0,0,40,0
39053,35,90406,7,0,0,40,0
39057,26,132749,10,0,0,45,0
39058,28,201099,9,0,0,40,0
39060,27,221252,9,0,0,8,0
39061,26,116991,9,0,0,40,1
39062,53,161691,9,0,0,35,0
39063,34,107793,9,0,0,40,1
39064,50,194514,14,0,0,50,0
39065,30,278502,9,0,0,62,0
39066,47,343742,9,0,0,40,0
39072,39,372525,14,0,0,60,1
39075,19,93518,10,0,0,20,0
39076,25,126797,9,0,0,40,0
39077,57,25124,9,0,0,60,0
39080,25,21472,10,0,0,22,0
39086,24,488541,10,0,0,35,0
39088,53,172991,10,0,0,25,0
39090,34,157446,9,0,0,45,0
39091,25,109390,9,0,0,70,0
39096,33,175412,5,114,0,55,0
39097,44,336906,10,0,0,40,0
39099,30,79448,10,0,0,10,0
39100,32,191731,10,0,0,40,0
39101,46,233014,9,0,0,40,0
39102,29,133937,13,0,0,40,1
39103,20,219211,10,0,0,20,0
39104,35,94529,9,0,0,40,0
39105,35,247547,9,0,0,40,0
39107,21,166851,9,0,0,40,0
39109,33,153588,9,0,0,40,0
39112,33,520033,8,0,0,40,0
39113,35,194828,10,0,0,40,0
39117,28,54042,11,2463,0,35,0
39119,58,53481,14,0,0,35,0
39120,42,412379,9,0,0,40,0
39123,25,268222,9,0,0,40,0
39124,59,99131,9,0,0,40,0
39127,36,98389,12,0,0,44,1
39128,42,173704,10,0,1887,50,1
39130,18,115443,7,0,0,40,0
39133,19,184710,10,0,0,30,0
39137,60,160625,10,0,0,47,0
39138,17,340043,8,0,0,12,0
39139,37,48976,13,4865,0,45,0
39146,61,357437,9,0,0,40,0
39147,57,390856,3,0,0,45,0
39148,33,331615,16,0,1848,40,1
39149,54,202415,9,0,0,40,1
39150,40,180032,14,0,1669,40,0
39151,40,77247,8,0,0,50,1
39154,32,198068,7,0,0,40,0
39156,31,178841,9,0,0,40,0
39157,58,136951,13,0,0,40,0
39160,25,103358,10,0,0,40,0
39161,43,354408,8,0,0,40,0
39163,45,155659,13,0,0,60,1
39164,48,143299,9,0,0,40,0
39171,38,455379,13,0,0,63,1
39172,23,376416,9,0,0,40,0
39173,24,234663,13,0,0,40,0
39174,26,282142,11,0,0,40,0
39175,45,208049,9,0,0,40,0
39177,19,126501,7,0,0,15,0
39179,84,127184,3,0,0,20,0
39181,46,124733,10,0,0,40,0
39184,35,329759,9,0,0,40,0
39185,36,212433,9,0,0,40,0
39190,30,200892,14,0,0,40,0
39191,19,200790,8,15024,0,40,1
39193,23,197918,10,0,0,40,1
39199,60,174486,9,0,0,40,0
39200,69,50468,15,0,0,34,1
39203,60,198815,12,0,0,20,0
39205,39,188069,11,0,0,60,1
39206,51,233149,12,0,0,45,1
39208,25,338013,10,0,0,40,0
39209,17,332666,6,0,0,4,0
39212,26,141838,13,0,0,40,1
39214,57,37345,15,0,0,36,1
39215,20,387779,7,0,0,15,0
39218,39,380614,10,0,0,45,1
39219,40,83859,9,0,0,30,0
39220,50,24790,9,0,0,40,0
39221,25,266820,1,0,0,35,0
39222,44,85440,9,0,0,45,0
39231,20,215232,10,0,0,10,0
39233,35,56201,10,0,0,40,0
39238,17,54257,7,0,0,20,0
39239,18,230373,7,594,0,4,0
39242,46,140121,9,0,0,50,0
39243,33,24504,10,0,0,60,0
39244,27,129528,10,0,0,40,0
39246,42,97142,4,0,0,40,0
39247,35,201328,9,0,0,50,0
39248,25,256620,13,0,0,40,0
39250,44,141858,15,15024,0,75,1
39251,51,20795,9,7688,0,40,1
39256,28,183151,9,0,0,50,0
39257,58,97634,3,0,0,40,0
39259,35,186934,14,0,0,40,1
39260,30,170065,10,0,0,40,0
39261,33,108328,10,6849,0,50,0
39268,62,140851,9,0,0,40,1
39271,23,39182,9,0,0,40,0
39272,36,198841,14,0,0,40,1
39278,19,174871,10,0,0,23,0
39279,41,116103,10,0,0,50,0
39281,50,217577,9,0,0,40,0
39283,38,204501,13,0,0,55,1
39284,30,169186,9,0,0,60,0
39286,39,267893,12,7298,0,40,1
39287,40,200479,11,0,0,40,0
39288,27,221317,7,0,0,40,0
39289,59,132925,14,0,0,40,1
39291,34,170769,9,0,0,50,1
39294,29,380560,5,0,0,40,0
39300,70,135339,13,0,0,40,0
39303,34,100079,13,0,0,55,0
39304,24,117779,13,0,0,10,0
39308,59,66356,4,4865,0,40,0
39309,33,137184,12,0,0,50,1
39310,63,231105,10,0,0,35,1
39311,18,146586,9,0,0,60,0
39312,32,32406,13,0,0,50,0
39313,33,578701,13,0,0,40,0
39315,27,133495,9,0,0,40,0
39320,22,412156,10,0,0,40,0
39322,34,198265,10,3103,0,40,1
39323,23,293565,6,0,0,40,0
39326,34,160634,10,0,0,40,1
39328,25,390316,5,0,0,40,0
39333,68,170376,13,0,0,40,1
39338,45,177543,9,0,0,28,0
39345,26,371556,10,0,0,40,0
39348,34,209297,9,0,2001,40,0
39349,53,355802,10,0,0,30,0
39350,32,165949,13,0,1590,42,0
39351,44,112507,3,0,0,40,0
39353,35,413648,3,0,0,36,0
39356,47,39530,9,0,0,4,0
39359,50,43764,16,15024,0,50,1
39364,42,289636,9,0,0,46,0
39366,27,133425,9,0,0,50,0
39368,53,124076,16,99999,0,37,1
39370,39,185099,13,0,0,48,1
39372,51,154949,9,0,0,40,0
39374,23,165064,10,0,0,40,0
39381,68,236943,5,0,0,20,0
39386,57,170066,11,0,0,40,0
39391,35,381583,10,0,0,45,1
39392,56,198277,8,0,0,40,0
39396,24,270872,9,594,0,40,0
39397,31,382368,10,0,0,40,0
39398,44,277144,13,0,0,60,0
39405,43,73883,13,0,0,45,0
39406,31,339482,2,0,0,40,0
39408,27,106316,15,0,0,12,0
39414,42,188693,10,0,0,40,0
39416,17,159299,7,0,0,20,0
39419,18,139576,9,0,0,40,0
39426,41,162140,9,0,2339,40,0
39427,28,36601,10,0,0,35,0
39428,27,195337,10,0,0,40,0
39431,19,223392,9,0,0,15,0
39433,37,131827,9,0,0,40,0
39434,33,549413,10,0,0,40,1
39435,34,69491,9,0,0,40,0
39436,44,193755,12,0,0,40,0
39437,33,598802,10,0,0,40,0
39439,19,266255,9,0,0,40,0
39444,41,196456,14,0,0,40,0
39447,21,202214,12,0,0,10,0
39448,40,225165,9,0,0,40,0
39451,17,132636,7,0,0,16,0
39453,37,415500,10,0,0,40,1
39454,19,254247,8,0,0,38,0
39455,43,255635,3,0,0,40,0
39458,50,339547,15,0,0,40,1
39462,27,224105,9,7298,0,40,1
39463,59,128105,9,0,0,35,0
39468,25,111058,10,0,1980,40,0
39471,51,140516,14,0,0,40,1
39474,23,166371,10,0,0,60,0
39479,40,128700,10,0,0,40,0
39480,20,243010,9,0,0,32,0
39482,24,132320,13,0,0,45,0
39483,32,234755,9,0,0,40,0
39485,20,148509,9,0,0,40,0
39490,49,271346,13,15024,0,60,1
39491,30,327825,9,0,0,32,0
39498,22,184975,9,0,0,3,0
39500,43,227065,9,4650,0,40,0
39503,52,134854,9,0,0,40,1
39504,30,281030,11,4064,0,40,0
39506,50,95949,13,0,0,50,0
39509,49,171411,5,0,0,40,0
39519,39,106183,9,6849,0,40,0
39520,24,89347,7,0,0,40,0
39522,19,261259,9,0,0,20,0
39523,20,286166,9,0,0,48,0
39527,62,138157,9,0,0,12,0
39528,25,148460,9,4416,0,40,0
39530,37,191364,12,0,0,40,1
39532,38,391040,11,0,0,20,0
39535,25,216724,9,0,0,40,0
39538,60,96073,9,0,0,30,0
39539,31,103435,9,0,0,50,0
39544,27,224849,9,0,0,40,0
39546,34,340458,9,0,0,40,0
39547,66,427422,16,0,2377,25,1
39548,19,440417,10,0,0,15,0
39550,35,297485,13,0,0,40,0
39551,27,232954,9,0,0,45,0
39553,25,109419,9,0,0,40,0
39555,41,252986,10,0,0,48,1
39560,50,194231,14,0,0,40,1
39561,49,197038,13,0,0,50,1
39568,38,40319,10,0,0,42,0
39569,55,159028,9,0,0,40,0
39570,17,98675,5,0,0,20,0
39572,43,75435,9,0,0,30,0
39575,63,187635,9,0,0,40,0
39576,39,154641,9,8614,0,50,1
39577,34,27153,9,0,0,40,0
39585,66,188220,9,0,0,35,1
39586,37,292855,11,0,1887,35,1
39587,29,114870,10,0,0,40,0
39591,57,191318,14,0,0,40,1
39594,56,117872,11,0,0,40,1
39596,22,165065,10,0,0,40,0
39598,33,246038,13,0,0,40,1
39604,35,223242,13,0,0,40,0
39605,39,103925,13,7688,0,32,1
39610,44,268098,8,0,0,36,0
39611,21,369084,10,0,0,10,0
39612,31,288825,9,5013,0,40,0
39619,21,283969,9,0,0,40,0
39620,29,204516,14,0,0,15,0
39621,33,167771,10,0,0,30,0
39625,70,37203,14,9386,0,30,1
39627,29,144808,10,0,0,40,0
39629,26,125089,10,0,0,40,0
39631,34,144798,10,0,0,40,0
39633,28,207513,9,0,0,48,0
39634,24,164574,10,0,0,40,0
39635,76,199949,13,20051,0,50,1
39637,45,213140,6,2829,0,40,0
39638,24,83374,10,0,0,30,1
39639,37,192939,13,0,0,40,1
39640,24,424494,13,0,0,30,0
39641,24,215243,13,0,0,42,0
39643,20,306639,10,0,0,20,0
39644,23,218678,7,0,0,40,0
39645,25,219130,10,0,0,40,0
39649,52,205767,14,0,0,40,1
39650,28,249870,15,0,0,50,0
39651,31,211242,12,0,0,55,1
39652,77,149912,13,0,0,10,0
39653,22,85389,9,0,0,40,0
39655,38,329980,13,0,0,55,0
39657,25,249214,10,0,0,40,0
39658,50,257126,9,0,0,40,1
39660,24,291979,9,0,0,40,0
39665,31,166626,9,0,0,40,1
39667,30,165503,13,0,0,65,0
39668,48,102597,10,0,0,44,0
39671,34,198103,9,0,1980,40,0
39676,19,158603,6,0,0,25,0
39678,42,185145,10,0,0,57,0
39679,66,28367,13,0,0,99,0
39681,43,191429,4,0,0,25,0
39682,26,459548,9,0,0,20,0
39683,23,65481,9,0,0,40,1
39684,39,186130,15,0,0,55,1
39685,47,350759,9,0,0,40,1
39691,43,143583,6,0,0,40,0
39693,41,308550,9,0,0,60,0
39694,50,145717,9,0,0,35,0
39695,36,334366,7,0,0,32,0
39696,31,76198,9,0,0,20,0
39697,45,155489,4,0,0,65,1
39698,50,197322,7,0,0,50,1
39706,35,126675,9,0,0,48,0
39707,55,278228,6,0,0,35,0
39708,30,169152,9,0,0,40,0
39709,34,204052,9,0,0,40,0
39714,33,55921,11,0,0,70,0
39715,32,251701,12,0,0,40,0
39717,50,160572,9,3137,0,47,0
39718,18,25837,7,0,0,15,0
39719,20,236592,7,0,0,25,0
39720,45,199326,14,0,0,45,1
39721,22,341610,10,0,0,35,0
39722,45,175958,15,0,0,40,1
39725,24,438839,13,0,0,40,0
39727,28,271466,9,0,0,45,1
39730,23,162551,13,0,0,20,0
39731,45,145637,10,0,0,48,0
39732,41,101290,9,0,0,40,0
39735,37,161141,9,0,0,40,0
39736,70,304570,13,0,0,32,0
39737,24,103277,9,2597,0,40,0
39740,83,240150,6,20051,0,50,1
39743,28,96020,13,0,0,40,0
39745,71,152307,9,0,2377,45,1
39746,56,93415,9,0,0,40,0
39747,27,282664,13,0,0,45,0
39749,21,202871,9,0,0,44,0
39752,32,340917,13,0,0,50,1
39753,31,329874,10,0,0,40,0
39756,48,138069,9,0,0,45,0
39760,49,123088,10,0,0,46,0
39761,51,57698,9,0,0,40,0
39769,40,283174,11,0,0,60,0
39770,48,107373,6,0,0,40,1
39771,29,201155,5,0,0,48,0
39775,28,149652,6,0,0,30,0
39777,45,165937,9,0,0,60,0
39778,60,114060,10,0,0,40,0
39779,53,58913,14,0,0,42,1
39780,37,378916,9,0,0,40,0
39781,31,241885,9,0,0,40,0
39782,29,224421,11,0,0,44,1
39786,42,98211,13,15024,0,45,1
39789,24,219510,13,0,0,32,0
39791,34,136862,2,0,0,40,0
39792,47,215620,14,15024,0,55,1
39794,23,325921,11,0,0,36,0
39795,33,268127,9,0,0,40,0
39796,76,142535,9,0,0,6,0
39802,29,49087,11,0,0,40,0
39803,26,53833,9,0,0,40,0
39805,22,81145,9,0,0,25,0
39807,29,113464,9,0,0,40,0
39808,60,109530,11,7298,0,40,1
39809,72,217864,9,0,0,40,1
39811,19,199484,10,0,0,25,0
39814,59,366618,5,0,0,30,0
39818,25,120238,10,2885,0,43,0
39819,50,194186,9,0,0,60,0
39825,17,94366,6,0,0,6,0
39827,43,33126,10,0,0,50,0
39828,41,102085,9,0,0,40,0
39831,65,95303,9,0,0,40,1
39836,21,180052,10,0,0,30,0
39838,47,149337,9,0,0,38,0
39843,55,32365,13,0,0,45,1
39844,49,155489,14,0,0,50,1
39846,30,54684,15,0,0,55,0
39847,19,101549,10,0,0,15,0
39848,48,51579,13,0,0,60,1
39849,41,40151,10,0,0,40,1
39854,71,93202,9,0,0,16,0
39855,29,176723,10,0,0,25,0
39856,43,175526,10,0,0,40,0
39858,52,71768,10,0,0,40,0
39860,28,204516,6,0,0,40,0
39863,30,310889,11,0,0,50,1
39864,31,150324,9,0,0,40,0
39866,64,212838,9,0,0,65,1
39869,19,60661,9,0,0,52,0
39870,54,115284,13,0,0,45,1
39873,62,81578,9,0,0,40,1
39874,33,111567,11,0,0,40,0
39875,51,244572,9,0,0,37,0
39877,24,282604,10,0,0,24,0
39879,42,201466,13,0,0,45,1
39880,51,254211,14,0,0,50,1
39882,47,219632,12,0,1408,40,0
39883,31,161631,10,0,0,40,0
39885,52,169549,10,0,0,40,0
39887,18,184277,9,0,0,25,0
39888,58,119751,9,0,0,60,0
39893,18,163787,9,0,0,40,0
39894,44,98211,13,0,0,40,1
39895,31,175509,13,0,0,50,0
39897,55,120920,14,0,0,35,0
39900,35,216711,9,0,0,40,1
39901,47,218596,11,0,0,40,0
39902,54,280292,10,0,0,32,0
39903,40,200496,13,0,0,40,0
39905,23,118693,11,0,0,40,0
39906,34,203488,9,0,0,60,0
39908,32,113364,13,0,0,40,1
39909,72,139889,10,0,0,74,0
39911,32,110279,12,0,0,35,0
39916,29,264961,9,0,0,45,0
39917,70,148065,10,0,0,4,1
39918,46,200949,13,0,0,50,0
39920,56,571017,10,0,0,15,0
39921,28,416577,9,2829,0,40,0
39922,55,296991,15,15024,0,40,1
39927,42,341178,3,0,0,44,0
39931,55,82098,9,0,0,55,0
39935,34,127651,13,0,0,60,0
39937,25,176047,9,2176,0,40,0
39939,48,425199,10,0,0,45,0
39942,70,141742,11,9386,0,50,1
39943,37,234807,9,0,0,37,0
39944,45,738812,9,0,0,46,0
39947,35,226311,10,0,0,38,0
39949,42,125155,9,0,0,90,0
39950,23,329925,10,0,0,30,0
39955,21,118693,10,0,0,40,0
39956,29,253593,9,0,0,40,0
39957,32,206051,10,0,0,50,0
39958,72,497280,5,0,0,20,0
39961,25,191921,13,0,0,25,0
39963,42,331651,14,8614,0,50,1
39964,58,142158,13,0,0,35,0
39969,25,28008,12,0,0,40,0
39973,31,37546,13,0,0,40,0
39974,22,204226,9,0,0,40,0
39975,36,133299,11,0,0,40,0
39978,25,174545,9,0,0,46,0
39979,23,233472,13,0,0,40,0
39981,27,198188,9,2580,0,45,0
39982,32,447066,13,15024,0,50,1
39985,21,335570,10,0,0,30,0
39986,39,53569,11,0,0,40,0
39987,50,167065,13,0,0,40,1
39989,40,219266,9,0,0,40,1
39992,63,234083,9,0,2205,40,0
39994,30,194740,13,0,0,40,0
39995,39,99065,10,0,0,39,0
39998,41,187322,13,0,0,40,0
39999,50,283676,10,0,0,40,0
40001,27,168470,13,0,0,40,0
40004,25,245628,10,0,0,15,0
40005,31,264864,9,0,0,40,0
40008,22,170800,11,0,0,12,0
40010,41,211873,11,0,1628,5,0
40019,26,221626,9,0,1579,20,0
40020,43,48087,9,0,0,40,0
40023,67,192670,9,0,0,20,0
40024,19,268392,9,0,0,30,0
40025,55,170994,9,0,0,40,0
40026,48,431513,6,0,0,65,1
40028,19,35865,10,0,0,30,0
40031,65,93318,10,0,0,45,0
40032,32,171814,9,0,0,40,0
40033,36,183735,14,0,0,40,1
40035,33,152351,10,3908,0,40,0
40036,72,271352,6,0,0,12,0
40039,75,164570,7,0,0,50,0
40043,31,254293,10,0,0,40,0
40049,34,163110,14,0,0,40,0
40052,20,55465,9,0,0,35,0
40054,42,26672,11,0,0,60,0
40056,31,219883,9,0,0,40,0
40057,19,376683,10,2036,0,30,0
40058,47,33865,10,0,0,48,0
40059,68,168794,4,0,0,30,0
40061,34,34572,9,0,0,60,0
40063,38,65382,10,0,0,40,1
40065,51,178054,10,0,0,40,1
40066,24,140001,13,0,0,40,0
40070,48,242923,9,0,1848,40,1
40071,52,330799,5,0,0,40,0
40072,48,209460,9,0,0,40,0
40073,40,75313,13,7688,0,66,1
40074,29,339100,7,3418,0,48,0
40075,20,184779,10,0,0,20,0
40076,31,139000,9,0,0,25,0
40077,30,361742,10,0,0,50,0
40080,29,100579,11,0,0,40,0
40082,46,87250,13,0,0,40,0
40084,29,255817,3,0,0,40,0
40086,34,544268,9,0,0,50,0
40088,25,95691,9,0,0,30,0
40090,23,65038,9,0,0,40,0
40091,43,227734,11,0,0,22,0
40092,19,176831,10,0,0,35,0
40093,22,211678,9,0,0,40,0
40094,40,157240,13,0,0,70,0
40095,41,145441,11,0,0,40,0
40096,71,66624,13,0,2392,60,1
40101,36,146625,7,0,0,12,0
40102,31,174201,9,0,0,65,0
40105,35,385847,10,0,0,40,0
40107,28,114158,13,0,0,15,0
40113,27,90692,11,0,0,40,0
40118,43,245487,9,0,0,40,0
40119,32,262153,9,0,0,35,0
40126,47,185041,10,7298,0,40,1
40128,66,157942,9,0,0,40,0
40129,43,241928,9,0,0,32,0
40131,37,95654,6,0,0,35,0
40133,29,270421,13,0,0,50,1
40134,63,221592,9,0,0,40,1
40135,50,156951,12,3103,0,40,1
40138,42,367292,10,0,0,40,1
40139,41,408498,9,0,0,50,0
40142,32,231263,10,0,0,50,0
40143,32,244147,9,0,0,10,0
40144,24,220944,10,0,0,60,0
40147,28,33374,7,0,0,35,0
40148,32,345489,10,0,0,55,1
40150,47,162302,9,0,0,20,0
40152,20,147344,10,0,0,20,0
40155,50,163948,14,0,0,40,1
40156,19,316797,4,0,0,45,0
40160,38,188303,10,7688,0,40,1
40166,40,231991,9,0,0,40,0
40167,27,295799,10,0,0,40,0
40180,47,185399,9,0,0,38,0
40181,79,103684,9,0,0,40,0
40183,35,110188,13,0,0,40,0
40185,30,112358,13,0,0,60,1
40186,26,151810,6,0,0,40,0
40187,49,48120,9,1506,0,40,0
40189,22,205839,10,0,0,45,0
40190,22,113760,7,0,0,30,0
40192,47,216657,9,0,0,60,0
40193,36,278576,9,0,0,50,0
40194,44,174373,12,0,0,40,1
40199,28,131310,8,0,0,20,0
40205,18,31983,8,0,0,20,0
40206,41,124956,13,0,0,90,1
40210,25,248990,2,0,0,24,0
40216,44,228124,9,0,0,40,0
40219,60,210827,13,7688,0,40,1
40220,28,410351,9,0,0,40,0
40222,18,108892,7,0,0,12,0
40224,65,153890,8,2009,0,44,0
40225,23,117480,6,0,0,44,0
40226,21,163333,10,0,0,35,0
40228,19,150553,10,0,0,18,0
40229,77,123959,9,0,0,32,0
40230,32,24961,11,0,0,40,0
40231,37,327120,10,0,0,30,0
40232,29,33798,9,0,0,45,0
40238,29,184723,10,0,0,40,1
40243,41,104892,14,0,0,40,1
40247,19,286435,10,594,0,40,0
40252,29,210959,12,0,0,40,0
40253,47,365516,14,0,0,40,0
40255,39,269455,9,0,0,45,0
40257,28,109621,12,0,0,40,0
40258,36,104858,10,0,0,56,1
40259,39,99270,9,0,0,40,0
40263,35,162358,13,0,0,50,1
40264,59,200700,13,0,0,48,1
40266,22,118310,12,0,0,16,0
40267,31,352465,10,15024,0,50,1
40268,40,107433,13,0,1977,50,1
40269,33,296538,9,0,0,45,1
40271,31,216283,12,0,0,35,1
40272,62,345780,11,0,0,40,0
40273,43,216685,9,0,0,35,0
40274,28,210945,13,0,0,60,0
40278,23,178272,13,0,0,40,0
40280,44,120277,13,99999,0,45,1
40282,23,112819,9,0,0,40,0
40283,41,152636,9,0,0,50,0
40289,44,282722,15,99999,0,50,1
40290,17,231439,7,0,0,30,0
40293,26,18827,10,0,0,40,0
40294,24,169129,10,0,0,40,0
40298,65,29276,4,0,0,24,0
40302,53,340723,15,0,0,40,0
40304,37,73715,10,0,0,40,1
40306,40,290660,12,8614,0,50,1
40308,86,149912,14,0,0,40,0
40310,43,96129,7,0,0,60,0
40312,32,171091,9,0,0,50,1
40315,42,36271,13,0,0,40,1
40318,39,193815,10,0,0,40,1
40324,90,82628,9,2964,0,12,0
40325,51,205100,10,0,0,45,1
40326,36,107916,9,0,2002,40,0
40327,39,130620,4,0,0,40,0
40328,30,361817,9,0,0,25,0
40330,32,53277,14,0,0,60,1
40331,24,456460,12,0,0,40,0
40332,23,293091,9,0,0,30,0
40335,62,223447,8,0,0,40,0
40337,27,95647,13,0,0,40,0
40340,19,84610,10,0,0,30,0
40348,38,478829,15,99999,0,50,1
40349,30,345705,10,0,0,40,0
40352,39,236391,9,0,0,38,1
40354,47,308242,9,0,0,40,0
40356,29,194940,13,0,0,40,0
40357,35,341643,13,0,0,55,0
40359,28,76313,10,0,0,60,0
40361,40,55191,10,0,0,40,0
40363,49,334787,9,0,0,40,0
40364,34,205733,9,0,0,40,0
40367,25,208591,9,0,0,40,0
40370,35,111319,12,0,1887,45,1
40373,28,92262,13,0,0,40,0
40376,52,135388,9,5013,0,40,0
40378,19,389942,9,0,0,40,0
40382,33,127894,15,0,0,60,1
40385,61,71209,9,0,0,45,1
40386,39,237943,13,99999,0,70,1
40387,38,190759,7,0,0,40,0
40389,41,344624,13,0,0,50,1
40390,27,194024,5,0,0,50,0
40391,19,87497,7,0,0,10,0
40392,22,236907,10,0,0,20,0
40395,31,149507,8,0,0,43,0
40397,20,161708,10,0,0,35,0
40398,28,282389,9,0,0,60,0
40399,28,64940,10,0,0,30,0
40400,49,195727,13,0,0,40,0
40402,19,170720,9,0,0,20,0
40404,28,312372,9,15024,0,40,1
40406,50,206862,14,0,0,65,1
40409,45,242391,13,0,0,60,1
40411,37,199251,10,0,0,40,0
40414,35,333305,10,0,0,40,0
40415,38,203138,13,0,0,50,1
40417,55,305850,15,15024,0,40,1
40418,48,273402,4,0,1902,40,0
40420,47,218676,14,0,0,45,0
40421,55,141807,13,0,0,40,1
40423,47,266860,10,0,0,65,1
40425,41,159549,13,0,0,40,0
40427,52,109413,9,0,0,40,0
40431,35,114366,13,0,0,40,0
40432,29,169631,9,0,0,40,0
40434,35,312232,9,0,0,50,0
40435,46,229737,13,0,0,50,1
40436,70,306563,9,0,0,40,0
40437,35,161637,16,0,1902,40,1
40440,29,71860,9,0,0,60,0
40443,22,113550,9,0,0,40,0
40446,19,205830,9,0,0,40,0
40447,46,273575,13,15024,0,40,1
40454,27,176683,11,0,0,60,0
40458,32,281540,10,0,0,50,0
40459,36,112847,13,0,0,40,0
40460,24,126613,13,0,0,20,0
40461,50,145419,14,7688,0,45,1
40462,32,34572,9,0,0,65,0
40463,26,104045,13,0,0,40,0
40464,49,57665,13,0,0,40,0
40465,38,359001,11,0,0,42,0
40466,47,105273,13,6497,0,40,0
40467,31,201122,10,0,0,40,1
40472,56,403072,10,0,0,50,1
40475,29,413227,13,0,0,35,0
40476,29,188675,10,0,0,40,0
40479,36,116608,9,0,0,40,0
40481,32,553405,13,99999,0,50,1
40482,52,186117,9,0,0,56,1
40483,29,67053,9,0,0,40,0
40484,39,347960,15,14084,0,35,1
40486,69,130413,13,2346,0,15,0
40488,39,278557,11,0,1628,48,0
40490,60,195453,11,0,0,60,1
40492,75,316119,10,0,0,8,0
40494,24,506329,10,0,0,40,0
40497,21,99199,14,0,0,15,0
40504,44,171589,11,7688,0,40,1
40507,45,240841,14,0,0,40,0
40508,23,152189,12,0,0,40,0
40509,39,85874,9,0,0,40,0
40510,45,176814,16,15024,0,40,1
40511,51,133336,14,15024,0,40,1
40512,22,362623,9,0,0,40,0
40513,67,37170,4,0,0,3,0
40517,37,49626,11,0,0,43,0
40518,19,102723,10,0,0,40,0
40520,35,168322,7,0,0,40,0
40524,21,107452,9,0,0,40,0
40525,32,160594,10,0,0,35,0
40528,65,191380,6,9386,0,50,1
40529,57,104272,7,0,0,40,0
40530,31,19491,10,0,0,40,0
40532,34,128063,9,0,0,36,0
40533,26,37023,10,0,0,78,0
40535,66,140576,4,0,0,40,0
40538,53,277471,11,0,0,40,1
40540,61,204908,5,0,0,40,0
40545,58,259216,5,0,0,40,0
40546,37,270278,9,0,0,12,0
40550,28,73037,6,0,0,30,0
40552,66,274451,5,0,0,25,1
40553,31,246439,10,7298,0,50,1
40554,21,124242,12,0,0,40,0
40557,21,161415,10,0,0,50,0
40558,33,157568,9,0,0,40,0
40559,33,168030,9,0,0,32,0
40560,59,349910,13,10605,0,50,1
40567,55,154580,6,2580,0,40,0
40569,33,194901,9,0,0,45,0
40571,72,94242,10,0,0,16,0
40572,68,365020,9,0,0,40,0
40574,41,170331,13,0,0,60,0
40577,54,217718,3,0,0,30,0
40578,32,170154,12,25236,0,50,1
40579,56,105281,9,0,1974,40,0
40586,32,168138,12,2597,0,48,0
40588,42,191765,9,0,2339,40,0
40591,43,113211,9,0,0,40,0
40593,20,147280,9,0,0,40,0
40595,65,398001,9,0,0,20,0
40597,56,189975,10,0,1902,60,1
40598,51,231495,16,7688,0,55,1
40599,38,121135,9,0,0,40,0
40602,47,176893,9,8614,0,44,1
40612,29,210464,5,0,0,40,0
40614,38,233717,10,0,0,60,0
40616,37,167613,9,0,0,40,0
40621,25,187502,9,0,0,24,0
40625,42,42703,9,0,0,40,0
40627,34,196385,11,0,0,40,0
40628,38,192930,9,0,0,10,0
40629,39,99527,9,0,0,40,1
40631,43,247162,12,0,0,40,0
40632,32,131534,9,0,0,40,0
40635,57,220262,12,0,0,40,0
40637,67,89346,13,0,0,40,1
40641,31,136651,9,0,0,40,0
40642,51,240236,12,0,0,30,0
40644,28,31493,13,0,0,40,1
40645,32,195891,12,0,0,45,1
40648,28,84657,13,0,0,40,0
40650,51,106819,4,0,0,19,0
40651,62,132917,10,0,0,20,0
40652,54,146834,6,0,0,60,0
40653,55,164332,9,0,0,16,0
40654,24,30656,9,0,0,20,0
40655,27,113501,14,0,0,45,0
40660,50,123044,14,0,0,60,1
40662,39,99452,13,0,0,50,1
40665,51,230858,10,0,1977,60,1
40669,37,373895,10,0,0,35,0
40670,43,152617,10,0,0,40,0
40673,32,190228,9,0,0,60,0
40675,28,138692,13,0,1887,40,1
40676,83,153183,13,0,2392,55,1
40677,25,181896,13,0,0,40,0
40680,29,99369,13,0,0,50,0
40685,17,25690,6,0,0,10,0
40686,76,201986,7,0,0,16,0
40688,52,114971,10,0,0,40,1
40690,73,191540,13,0,0,50,1
40692,48,193553,9,0,0,20,0
40693,60,121127,6,0,0,40,0
40694,26,389856,9,0,0,40,0
40697,50,212685,9,0,0,40,0
40698,20,71475,10,0,0,40,0
40700,35,225860,11,0,0,40,1
40702,50,99925,9,0,0,32,0
40706,47,275095,10,0,0,40,0
40707,39,147500,9,0,0,40,0
40708,63,150079,9,0,0,35,1
40710,62,199198,7,0,0,40,0
40711,38,193372,10,0,0,40,0
40715,42,34037,16,0,0,50,0
40718,31,403468,10,0,0,50,0
40720,58,242670,9,0,0,40,0
40721,52,187830,9,4934,0,36,1
40722,25,368115,13,13550,0,35,1
40723,54,343242,13,0,0,40,1
40724,46,113390,14,0,1740,60,0
40725,28,200733,9,0,0,40,0
40726,24,236769,4,0,0,40,0
40728,60,129379,10,0,0,40,0
40729,22,239098,9,0,0,40,0
40733,33,134886,13,0,0,50,1
40735,38,207568,13,5178,0,40,1
40737,54,200960,13,0,0,50,1
40738,39,188069,13,0,0,40,0
40740,32,98656,14,0,0,40,0
40741,19,194260,10,0,0,15,0
40743,31,234976,7,0,0,48,0
40744,29,349116,9,0,0,25,0
40747,26,214637,9,0,0,35,0
40752,51,174102,9,0,0,40,1
40755,35,267798,9,0,0,40,0
40756,41,152880,9,0,0,28,0
40757,31,263561,14,0,0,40,1
40758,43,113324,9,0,1902,40,1
40759,20,39764,9,0,0,40,0
40763,51,61270,9,0,0,40,1
40767,29,37933,10,2174,0,40,0
40768,21,38772,10,0,0,20,0
40773,31,193132,13,0,0,42,0
40774,52,400004,11,0,0,40,1
40775,30,101283,10,0,0,40,0
40776,29,192384,9,0,0,40,0
40778,47,278322,10,7688,0,40,1
40780,40,236021,10,0,0,40,0
40781,20,138938,10,0,0,10,0
40785,60,352156,15,0,0,40,1
40786,70,205860,14,0,0,40,0
40791,50,132716,15,99999,0,50,1
40792,68,218637,10,0,2377,55,1
40794,32,198660,10,0,0,40,0
40796,18,168740,7,0,0,30,0
40797,45,199625,10,0,0,20,0
40800,37,113120,11,0,0,40,0
40801,23,57827,13,0,0,40,0
40804,53,134793,10,15024,0,50,1
40808,63,97823,7,0,0,40,0
40809,38,344480,9,4064,0,40,0
40810,48,176732,5,0,0,40,0
40814,39,257942,13,0,0,60,1
40816,17,193748,7,0,0,15,0
40817,46,368561,13,0,0,55,1
40819,32,217304,13,0,0,30,0
40820,18,120029,9,0,0,40,0
40821,34,62124,9,0,0,40,0
40823,32,192565,7,0,0,55,0
40824,23,220912,13,0,0,40,0
40825,26,184120,13,0,0,50,0
40826,46,140782,12,0,0,50,0
40827,43,170785,10,0,0,55,0
40830,48,168283,10,0,0,45,1
40831,28,339372,13,0,1408,40,0
40833,51,143865,6,0,0,24,0
40834,30,209317,9,0,0,50,0
40836,34,137088,9,0,0,40,0
40837,41,149102,13,0,0,60,1
40842,40,119225,11,0,0,40,0
40847,22,363219,10,0,0,20,0
40848,46,84402,13,0,0,45,1
40851,34,48014,13,0,0,35,0
40852,29,177398,14,0,0,40,1
40854,35,422933,13,0,0,37,0
40855,29,131088,10,0,0,40,0
40856,21,178255,10,0,0,30,0
40857,52,129311,10,0,0,95,1
40860,35,226379,9,0,0,25,0
40861,21,277700,10,0,0,20,0
40862,35,207568,6,0,0,40,0
40865,29,192283,10,0,0,20,0
40867,33,189265,13,0,0,40,0
40872,40,289748,13,4650,0,48,0
40874,33,284531,13,0,0,40,0
40875,30,251120,4,0,0,38,0
40876,28,113870,9,0,0,40,0
40877,62,170114,12,0,0,50,0
40879,32,328199,11,0,0,64,0
40885,19,118306,9,0,0,16,0
40888,38,205359,7,0,0,32,0
40891,32,105650,9,0,0,50,1
40895,57,152030,10,0,0,25,1
40896,47,227310,10,0,0,40,0
40898,36,28996,9,0,0,40,0
40899,32,160634,13,0,0,60,0
40900,37,222450,7,0,0,40,0
40902,64,116084,9,2635,0,40,0
40903,17,202521,6,0,0,15,0
40905,40,88368,10,914,0,40,0
40906,42,190044,13,15024,0,50,1
40911,37,108320,13,0,0,45,1
40912,48,106377,16,0,0,65,1
40913,24,258730,9,0,0,40,0
40918,23,481175,10,0,0,24,0
40920,18,25837,9,0,0,25,0
40922,54,68985,14,0,0,55,1
40923,19,181572,10,0,0,40,0
40927,35,144608,9,0,0,40,0
40932,42,139126,10,0,0,40,1
40934,36,167691,10,0,0,50,0
40936,23,156513,9,0,0,40,0
40937,46,248059,9,3464,0,40,0
40938,24,283092,7,0,0,35,0
40940,62,232308,13,0,0,40,1
40945,19,351802,9,0,0,35,0
40946,37,196529,14,0,0,45,1
40951,35,145704,9,3942,0,35,0
40953,28,293926,9,0,1740,30,0
40954,29,69132,15,99999,0,60,1
40958,19,410543,9,0,0,40,0
40961,43,95902,12,0,0,40,0
40962,56,214323,7,0,0,40,0
40965,40,142886,13,0,0,40,0
40968,36,187098,9,0,0,40,0
40969,19,196857,10,0,0,20,0
40970,53,155314,9,0,0,40,1
40973,33,178587,10,0,0,37,0
40975,17,145258,7,0,0,25,0
40976,41,185145,9,0,0,45,1
40977,46,72896,5,0,0,43,0
40978,33,134886,9,0,0,20,0
40981,27,230563,9,0,0,40,0
40983,22,117363,10,0,0,35,0
40985,60,139391,9,0,0,42,0
40987,37,38948,9,0,0,50,0
40988,49,188515,10,0,0,40,0
40990,48,188432,9,3103,0,46,1
40994,68,117236,13,20051,0,45,1
40998,28,133043,9,0,0,50,0
41000,33,259301,10,0,0,41,0
41002,45,364365,13,0,0,35,0
41003,36,269318,13,0,0,50,1
41007,24,107801,9,0,0,40,0
41010,37,120590,9,0,0,45,1
41011,31,310773,10,0,0,40,0
41012,21,197050,10,0,0,35,0
41013,47,159726,9,0,0,85,1
41014,23,210797,10,0,0,40,0
41016,60,141221,13,0,2163,25,0
41017,17,276718,9,0,0,20,0
41018,67,336163,9,0,0,24,0
41022,25,259299,10,3103,0,50,1
41024,48,197702,10,0,0,40,0
41025,51,162238,14,0,1887,47,1
41029,23,119704,10,0,0,40,0
41030,42,433170,10,0,0,60,1
41033,20,220115,9,0,0,12,0
41034,39,158956,10,0,0,40,0
41035,21,25631,10,0,0,40,0
41036,26,476558,4,0,0,40,0
41039,32,317647,9,0,0,40,0
41040,59,170411,4,0,0,40,0
41041,24,174182,7,0,0,24,0
41044,67,335979,9,991,0,18,0
41051,58,182062,16,0,0,24,1
41053,36,206253,10,0,1617,40,0
41054,20,189203,12,0,0,40,0
41056,45,328051,14,0,0,60,0
41058,59,121865,9,0,0,40,0
41060,43,218558,9,0,0,40,0
41062,20,189740,10,0,0,32,0
41065,18,157131,7,0,0,40,0
41067,46,207677,9,0,0,30,0
41068,58,361870,9,0,0,30,0
41070,41,106627,12,0,0,50,0
41071,50,167793,15,0,2415,60,1
41073,30,243165,9,0,0,40,0
41074,62,201928,9,0,0,40,0
41077,20,169184,10,0,0,40,0
41078,36,245521,4,0,0,35,0
41081,37,188563,10,4386,0,50,1
41083,17,63734,6,0,0,20,0
41086,26,266639,13,0,0,40,0
41088,32,184207,9,0,0,40,0
41089,33,238002,5,0,0,40,0
41093,37,280500,10,0,0,40,0
41095,37,409189,9,0,0,30,0
41099,44,73199,11,0,0,40,0
41100,20,196745,10,0,0,16,0
41102,21,116934,10,0,0,40,0
41104,44,56651,13,0,0,52,0
41106,22,264874,10,0,0,40,0
41109,29,142443,13,0,0,25,0
41110,21,177526,10,0,0,40,0
41112,24,321666,12,0,0,20,0
41116,52,162238,13,0,0,38,1
41118,20,236804,9,0,0,40,0
41119,31,168782,9,0,0,40,0
41121,46,285335,10,0,0,60,1
41124,58,322013,9,0,0,40,0
41126,23,52566,9,0,0,40,0
41128,72,285408,15,0,2246,28,1
41130,45,183804,10,0,0,40,0
41132,23,173679,10,0,0,40,0
41133,20,163965,9,0,0,40,0
41134,18,173585,7,0,0,15,0
41136,25,44363,9,0,0,35,0
41138,53,167033,10,0,0,40,0
41143,42,245975,9,0,0,40,0
41148,48,326048,12,0,0,44,0
41160,28,89564,13,0,0,50,0
41162,48,336540,9,0,0,40,0
41167,45,275445,13,0,0,50,0
41168,38,54953,10,0,0,38,0
41169,54,103580,12,0,0,55,1
41171,32,39223,6,0,0,40,0
41172,55,117357,16,0,0,70,1
41174,21,355287,5,0,0,48,0
41177,43,102114,10,0,0,40,0
41179,37,278632,5,0,0,40,0
41181,45,246891,13,0,0,72,1
41182,19,124486,8,0,1602,20,0
41183,61,202106,9,0,1902,40,1
41184,61,191417,5,0,0,65,0
41189,40,306495,13,0,0,35,0
41191,55,171328,10,0,0,35,0
41192,64,144182,9,0,0,23,0
41194,19,199495,10,0,0,60,0
41195,58,209438,10,0,0,40,0
41197,44,184378,11,0,0,40,0
41198,31,446512,10,0,0,40,0
41200,39,333305,10,0,0,45,1
41201,19,118535,8,0,0,18,0
41203,53,38795,5,0,0,40,0
41204,68,208478,14,0,0,18,0
41206,62,247483,10,0,0,40,1
41207,62,198686,9,0,0,40,0
41208,39,56118,9,0,0,40,0
41212,34,199934,10,7298,0,40,1
41213,29,196243,9,0,0,40,0
41214,65,66360,7,6418,0,35,1
41216,22,194848,9,0,0,40,0
41217,30,167309,13,0,1902,40,1
41222,48,497486,9,1471,0,40,0
41224,41,149909,13,7688,0,50,1
41225,37,103323,9,0,0,40,0
41228,36,389725,10,0,0,45,0
41229,47,374580,9,0,0,52,0
41230,36,187983,9,0,0,40,0
41239,24,387108,10,0,0,40,0
41240,43,105936,9,0,0,35,1
41242,55,125000,14,0,0,40,1
41246,38,133454,12,0,0,40,0
41248,26,151551,10,2597,0,48,0
41249,58,100313,10,0,1902,40,1
41250,23,320294,9,0,0,40,0
41251,53,162381,2,0,0,50,0
41253,41,32016,9,0,0,62,0
41254,31,117028,9,0,0,40,0
41258,23,224059,9,0,0,40,0
41259,48,148549,13,0,0,50,0
41260,34,97355,10,0,0,60,0
41263,20,148409,10,1055,0,20,0
41270,40,199900,12,0,1848,55,1
41276,41,112507,6,0,0,60,0
41278,33,278514,9,0,0,42,0
41280,25,258379,13,0,0,32,0
41282,20,197997,10,0,0,40,0
41283,46,98350,6,0,0,37,0
41284,39,165848,9,0,0,50,0
41285,34,178615,9,0,0,40,0
41286,19,228939,9,0,0,35,0
41288,53,154891,5,0,0,40,0
41289,46,165937,11,0,0,40,0
41290,23,138768,13,2907,0,40,0
41292,30,382368,9,0,0,40,0
41294,33,119033,5,0,0,40,0
41295,22,496856,10,0,0,40,0
41296,44,194049,10,0,0,35,0
41297,30,299223,10,0,0,40,0
41298,66,174788,10,0,0,20,0
41299,39,176101,13,0,0,40,0
41304,46,265105,13,0,0,50,1
41307,63,308028,14,5013,0,40,0
41309,30,348618,5,0,0,40,0
41311,43,239161,10,0,0,40,0
41312,20,215495,5,0,0,40,0
41317,65,153522,9,0,0,17,0
41321,18,162840,8,0,0,20,0
41322,41,67671,14,0,0,50,0
41323,38,188888,13,0,1340,40,0
41328,47,104068,9,0,0,40,0
41335,29,308136,10,0,0,40,0
41336,45,194698,10,0,0,40,1
41338,29,302422,11,0,1564,56,1
41341,22,154235,10,3781,0,35,0
41342,49,246739,10,0,0,45,1
41343,35,188041,10,0,0,50,0
41344,47,187440,9,5178,0,40,1
41347,26,203492,9,0,0,40,0
41349,55,146477,10,0,0,45,0
41350,47,201699,12,5178,0,50,1
41351,59,205949,9,0,0,40,0
41353,53,177647,9,0,0,40,1
41357,19,257343,10,0,0,40,0
41359,74,260669,6,0,0,1,0
41360,40,192344,13,0,0,40,1
41364,38,272950,10,0,0,50,0
41366,46,122206,9,0,0,50,0
41369,29,244473,13,7688,0,40,1
41370,39,176296,12,0,0,60,0
41372,50,191025,14,4650,0,70,0
41373,31,63704,13,0,0,40,0
41388,43,206927,9,0,0,40,0
41389,44,54310,14,7298,0,40,1
41390,35,208165,9,0,0,50,0
41392,39,318416,6,0,0,12,0
41393,47,207540,4,0,0,40,0
41394,23,69911,1,0,0,15,0
41395,26,305304,7,0,0,40,0
41403,45,215943,9,0,0,40,0
41404,21,176178,10,0,0,16,0
41405,25,180884,10,0,0,40,0
41411,29,95423,9,0,0,80,0
41413,41,177599,13,0,0,35,0
41415,20,201490,10,0,0,40,0
41416,40,46990,16,0,1977,20,1
41417,32,388672,10,0,0,16,0
41418,48,149210,13,0,0,40,1
41422,23,41721,11,0,0,55,1
41423,35,195744,9,0,0,40,0
41424,50,96062,9,0,0,40,0
41425,39,215150,5,0,0,50,0
41430,33,224258,4,0,0,40,1
41432,40,406811,10,0,0,40,1
41434,19,361341,8,0,0,25,0
41436,44,106900,13,0,0,60,0
41437,40,165108,13,0,0,40,0
41438,20,406641,10,0,0,35,0
41441,38,119177,9,0,0,55,1
41442,75,104896,9,2653,0,20,0
41447,27,303954,13,0,0,45,0
41448,19,163015,10,0,0,20,0
41451,42,328239,10,0,0,40,0
41455,50,104501,9,0,0,40,1
41456,48,213140,9,0,0,80,0
41459,45,148995,16,99999,0,30,1
41462,24,258700,3,0,0,40,0
41466,28,161087,10,0,0,45,0
41467,63,424591,9,0,0,40,0
41468,36,203836,10,0,0,50,0
41470,51,316059,10,0,0,36,0
41471,42,255667,10,0,0,50,1
41472,39,193689,10,0,0,40,0
41473,26,60722,13,0,0,40,0
41474,39,187847,10,0,0,40,0
41476,51,215404,13,15024,0,40,1
41477,45,201865,13,0,0,40,0
41478,45,118889,11,0,0,40,0
41479,23,368739,13,0,0,40,0
41484,17,167658,8,0,0,6,0
41485,31,348504,13,0,0,50,0
41489,30,355571,9,0,0,40,0
41490,41,425049,9,0,0,50,1
41492,42,29320,15,0,0,60,1
41495,28,270973,12,0,0,40,0
41500,74,192290,6,0,0,20,0
41501,29,241895,9,0,0,40,0
41504,23,306868,13,0,0,40,0
41505,32,169837,12,0,0,40,0
41506,61,124648,6,0,0,40,0
41507,43,185057,9,0,0,30,1
41509,18,164441,10,0,0,38,0
41510,38,179314,9,0,0,40,0
41513,23,32950,10,4101,0,40,0
41514,37,206699,9,0,0,45,0
41519,65,106910,7,0,0,15,0
41523,53,240914,10,0,0,40,0
41525,27,105817,13,0,0,45,0
41527,54,36327,4,0,0,50,0
41533,24,111450,9,0,0,40,0
41534,39,115289,10,0,1380,70,0
41535,50,74879,9,0,0,40,0
41536,38,117312,9,15024,0,40,1
41539,24,90934,13,0,0,55,0
41542,50,283676,16,15024,0,60,1
41543,34,195602,12,0,0,44,0
41545,53,142717,13,0,0,40,0
41546,24,124242,9,0,0,40,0
41550,36,171968,9,0,0,40,0
41554,60,109511,4,0,0,40,0
41556,50,201689,4,0,1977,63,1
41557,34,120672,4,0,0,10,0
41558,46,130779,10,0,0,40,0
41559,46,441542,13,0,0,40,0
41560,69,114801,9,0,0,20,0
41565,47,139268,9,0,0,40,0
41571,51,124963,15,0,0,80,1
41572,24,188925,11,0,0,40,0
41573,37,149230,11,0,0,40,0
41574,40,388725,10,0,0,40,0
41576,61,187636,13,0,0,40,0
41580,40,199303,9,0,0,40,0
41583,53,97005,9,0,0,46,1
41586,51,124076,13,0,0,40,0
41591,42,198422,10,0,0,40,0
41593,33,178429,13,0,0,40,1
41596,64,219661,15,0,0,9,1
41598,21,313873,3,0,0,40,0
41601,32,419691,8,0,0,40,1
41603,27,195562,9,0,0,20,0
41605,27,131310,9,0,0,40,1
41609,31,159589,9,0,0,85,0
41615,18,236069,6,0,0,10,0
41616,46,216414,14,0,1977,60,1
41617,54,27432,9,0,0,40,1
41620,27,29261,10,0,0,50,0
41621,26,359543,13,0,0,40,0
41622,41,227644,10,0,0,40,0
41623,41,90021,9,0,0,40,0
41624,32,188154,10,0,0,40,0
41625,18,110142,9,0,0,30,0
41627,37,175720,6,0,0,40,0
41628,31,172865,3,0,0,25,0
41631,25,160261,13,0,0,35,0
41634,30,118500,13,0,0,40,0
41635,65,89681,14,0,0,99,0
41638,18,444607,10,0,0,25,0
41639,32,176998,13,0,0,40,0
41640,38,94559,13,7688,0,50,1
41649,57,161964,9,0,0,55,0
41653,60,166330,9,99999,0,40,1
41654,38,124665,13,0,0,20,0
41656,22,306593,9,0,0,40,0
41657,21,156687,10,0,0,30,0
41659,59,231377,10,0,1848,45,1
41662,45,178319,13,0,0,40,1
41663,49,304246,14,0,0,70,0
41664,36,174640,11,0,0,60,1
41665,22,148294,7,0,0,35,0
41668,21,102766,10,0,0,40,0
41669,27,78529,9,0,0,15,0
41670,26,136309,13,0,0,40,0
41673,57,199546,14,0,0,40,0
41679,21,119474,9,0,0,40,0
41681,49,321851,12,0,0,30,0
41682,48,108557,10,3325,0,60,0
41685,59,102193,9,0,0,45,0
41688,41,200652,5,0,0,35,0
41689,42,173590,10,0,1628,40,0
41690,19,184121,9,0,0,20,0
41691,45,53123,7,0,0,25,0
41695,49,219718,13,15024,0,40,1
41698,21,40052,10,0,2001,45,0
41701,18,60981,10,2176,0,35,0
41702,59,77884,11,0,0,40,0
41703,50,65408,9,0,0,50,1
41704,31,173279,13,0,0,40,1
41705,52,318351,10,0,0,40,1
41709,22,34443,9,0,0,25,0
41710,50,268553,9,7298,0,40,1
41715,54,104501,10,15024,0,40,1
41716,26,238367,9,0,0,40,0
41718,51,100029,16,15024,0,40,1
41721,46,319163,9,0,0,40,0
41722,60,160155,13,0,0,12,0
41724,44,177083,9,0,0,40,0
41726,57,127779,9,0,0,40,0
41727,35,299353,9,0,0,40,0
41729,29,112403,10,0,0,35,0
41730,49,83610,13,7688,0,66,1
41732,30,176871,10,0,0,40,0
41734,17,266134,6,0,0,12,0
41735,54,196307,6,0,0,40,0
41741,34,27494,9,0,0,48,1
41742,38,338320,13,0,0,40,0
41743,51,199688,10,0,0,45,0
41747,33,82393,9,0,0,40,0
41751,35,210844,12,0,0,40,0
41752,43,117158,10,0,0,45,1
41754,19,137578,9,0,0,53,0
41755,23,234108,12,0,0,32,0
41756,40,155767,9,0,0,40,0
41758,43,403276,9,0,0,40,0
41762,68,182131,10,10605,0,20,1
41763,41,204415,13,0,0,48,1
41764,32,92531,9,0,0,40,0
41765,25,157028,13,0,0,40,0
41770,29,146343,9,0,0,25,0
41772,68,202699,14,0,2377,42,1
41773,58,374108,10,0,0,40,0
41774,32,93930,9,0,0,40,0
41775,23,412248,12,0,0,25,0
41777,67,160158,10,0,0,8,0
41779,53,101017,9,0,0,35,0
41788,28,227104,10,0,0,30,0
41789,34,157289,10,0,0,40,0
41790,62,213321,9,0,0,40,1
41791,46,294907,3,0,0,40,0
41792,30,251411,10,0,0,40,0
41793,20,183594,10,0,0,40,0
41796,20,388156,10,0,0,24,0
41797,54,447555,6,0,0,40,0
41809,54,196328,13,0,0,40,0
41811,29,156815,9,0,0,40,0
41813,43,245056,9,0,0,40,1
41816,25,262978,10,0,0,30,0
41820,20,194247,9,0,0,25,0
41822,17,123335,6,0,0,20,0
41824,26,358124,9,0,0,40,0
41826,39,318452,7,0,0,60,0
41829,51,673764,11,0,0,50,1
41831,40,133974,10,0,0,40,0
41835,51,289572,13,7688,0,50,1
41837,25,99076,13,2597,0,50,0
41842,24,162312,9,0,0,40,0
41846,34,20057,10,0,0,38,0
41847,42,222884,13,0,0,40,0
41851,28,148429,9,2885,0,40,0
41853,31,78291,13,0,0,40,0
41854,58,243929,13,0,0,48,0
41856,47,185673,9,0,0,50,1
41859,59,87247,6,0,0,40,0
41861,48,93476,9,0,2001,40,0
41863,44,128676,10,0,0,40,0
41864,24,205844,13,0,0,40,0
41865,28,62535,9,0,0,43,0
41867,33,176992,10,0,0,40,1
41868,23,254127,13,0,0,50,0
41870,46,128460,6,0,0,40,0
41871,21,56582,10,0,0,10,0
41873,26,284343,13,0,0,50,0
41874,27,312692,13,0,0,12,0
41875,28,111520,7,0,0,40,0
41877,28,288598,9,0,0,35,0
41879,32,230484,4,0,0,35,0
41882,40,147372,10,0,2444,40,1
41883,36,145933,9,0,2258,70,0
41884,28,110164,10,0,0,24,0
41885,49,225454,12,0,0,45,1
41890,21,89991,10,0,0,40,0
41893,59,145574,7,0,0,40,0
41894,41,274363,10,0,0,80,1
41897,42,183384,10,0,0,40,0
41901,42,186909,12,0,0,45,1
41903,45,102771,9,0,1887,40,1
41906,34,123270,9,0,0,40,1
41908,44,222596,9,0,0,50,1
41911,27,250314,5,0,0,40,0
41914,56,98418,15,99999,0,40,1
41915,36,329980,13,27828,0,40,1
41918,29,168221,13,0,1740,70,0
41919,19,151801,6,0,0,39,0
41921,40,73883,10,0,0,40,1
41922,52,175714,12,0,0,55,1
41927,36,52327,14,0,0,40,1
41929,32,84119,9,0,0,45,0
41930,37,189674,13,0,0,40,0
41932,29,47429,9,0,0,40,1
41940,52,40200,10,0,0,35,0
41942,47,216657,14,0,0,35,1
41950,22,424494,10,0,0,25,0
41951,29,130438,9,0,0,40,0
41954,30,154950,13,0,0,72,1
41955,28,192283,14,0,0,80,1
41960,25,265618,9,0,0,40,0
41963,30,229051,5,0,0,37,0
41964,27,106039,13,0,0,50,0
41965,25,112835,13,0,0,40,0
41970,40,303291,10,0,0,35,0
41977,31,377374,10,0,0,40,0
41979,46,110171,14,15024,0,50,1
41980,26,94477,10,7298,0,55,1
41982,31,106347,10,0,0,40,0
41983,59,214865,9,0,0,50,0
41986,22,102632,10,0,0,45,0
41987,24,209034,12,0,0,20,0
41988,53,153486,6,0,0,40,1
41991,60,188236,6,0,0,40,0
41993,52,125796,9,0,0,40,0
41994,32,183304,11,0,0,99,1
41997,38,446654,5,0,0,40,0
41998,34,254304,9,4508,0,90,0
42001,40,241895,10,0,0,40,0
42003,50,20795,9,0,0,60,1
42004,17,347322,6,0,0,20,0
42007,43,387839,9,0,0,40,0
42009,62,177791,6,0,0,40,0
42010,45,33794,14,0,0,40,0
42011,46,249935,16,0,0,70,0
42012,73,241121,4,0,0,40,0
42014,26,181920,13,0,0,45,1
42016,30,113364,9,0,0,40,0
42017,51,249706,10,0,0,40,0
42018,35,95455,13,0,0,55,0
42019,39,209867,10,13550,0,45,1
42021,41,289669,9,0,0,40,0
42022,31,347166,10,4650,0,40,0
42023,40,53835,13,0,0,50,1
42024,46,14878,15,0,0,40,1
42026,41,146659,10,0,0,40,0
42027,42,125280,13,3137,0,40,0
42029,21,77665,10,0,0,35,0
42031,53,479621,11,0,0,40,0
42032,38,194630,13,4787,0,43,1
42033,36,247600,12,0,0,40,0
42036,17,47407,7,0,0,10,0
42044,20,138352,9,0,0,30,0
42045,52,123011,10,0,0,45,1
42048,22,260594,7,0,0,25,0
42050,37,186808,9,0,0,40,0
42053,63,106648,9,0,0,25,0
42055,31,256362,13,3908,0,50,0
42059,46,182715,4,0,0,40,0
42062,27,142075,10,0,0,24,0
42064,19,142219,10,0,0,30,0
42066,43,212894,13,15024,0,50,1
42068,28,251905,15,0,2339,40,0
42070,59,354037,15,15024,0,50,1
42072,27,21856,10,0,0,40,0
42073,46,207946,14,0,0,43,0
42075,33,36539,13,0,0,40,1
42076,62,176811,9,0,0,40,0
42077,46,456062,16,0,2415,55,1
42080,46,344415,14,0,1887,40,1
42084,62,588484,13,0,0,20,1
42085,30,113364,10,0,0,40,0
42086,19,270551,9,0,0,20,0
42091,47,99911,8,0,0,55,0
42092,57,343447,9,0,0,40,0
42093,64,169482,10,0,0,40,0
42095,53,194501,7,0,0,47,0
42096,53,177705,13,0,0,44,1
42100,63,83043,13,0,2179,45,0
42101,45,130206,9,0,0,40,0
42102,23,210053,10,0,0,28,0
42112,31,147284,16,0,1977,99,1
42117,48,179337,9,0,0,60,0
42118,73,173047,13,0,0,15,0
42119,25,264012,13,0,0,45,1
42121,46,321327,10,7298,0,45,1
42122,45,108100,13,99999,0,25,1
42123,37,146398,13,0,0,40,0
42124,30,324120,9,0,0,50,0
42126,29,301582,10,0,0,40,0
42131,45,348172,13,7298,0,40,1
42132,38,809585,13,0,0,40,1
42134,70,163057,9,2009,0,40,0
42138,43,393354,10,0,0,38,1
42139,37,226947,11,0,0,40,1
42140,36,86805,10,7298,0,39,1
42141,27,493689,13,0,0,40,0
42142,54,299324,3,0,0,40,0
42144,29,174419,9,0,0,30,0
42146,37,295127,10,0,0,47,0
42148,67,228200,9,0,0,20,0
42151,41,43945,4,0,0,40,0
42153,23,240137,3,0,0,55,0
42154,49,24712,13,0,0,35,0
42156,62,115387,9,0,0,40,0
42157,62,182998,4,0,0,10,0
42161,38,175232,9,0,0,48,0
42162,50,140516,13,0,0,40,0
42164,30,155781,9,0,0,70,0
42169,40,445382,9,0,0,40,1
42170,34,211948,9,0,1590,40,0
42172,42,89413,8,0,0,40,0
42178,31,130620,7,0,0,40,0
42179,26,328663,9,0,0,40,0
42184,20,82777,10,0,0,16,0
42185,31,178449,15,0,0,40,1
42191,66,179951,13,0,0,70,0
42202,54,146310,9,0,0,50,0
42210,44,195488,8,0,0,36,0
42212,27,341504,10,0,0,40,0
42216,30,87561,10,0,0,60,0
42222,32,158242,13,0,0,40,0
42223,38,299810,9,0,0,40,0
42226,39,316582,14,0,0,55,0
42230,46,117313,5,0,0,40,0
42231,53,53812,10,0,0,54,0
42234,46,31432,9,3103,0,52,1
42237,32,27207,6,0,0,50,0
42239,57,19520,16,0,0,50,0
42242,38,136629,13,0,0,40,0
42243,19,407759,9,0,0,40,0
42246,28,274964,9,0,0,38,0
42248,43,167265,13,0,0,84,1
42250,28,153869,7,0,0,40,0
42251,31,208881,10,0,0,40,0
42252,55,256953,9,0,0,44,0
42253,26,100147,13,0,0,45,1
42254,51,166461,16,0,0,40,1
42257,63,133166,16,0,0,12,0
42260,67,158301,9,0,0,60,0
42263,31,137444,9,0,0,40,1
42264,17,286960,7,0,0,40,0
42265,41,201435,9,0,0,40,0
42268,24,462820,13,0,0,40,0
42269,35,198841,11,0,0,35,0
42271,31,163003,12,0,0,40,0
42273,56,213105,9,0,0,36,1
42274,66,302072,12,0,0,40,0
42277,64,125684,9,0,0,40,0
42278,38,215419,9,0,0,36,1
42281,19,236570,9,0,0,16,0
42282,59,247552,9,0,0,40,0
42283,50,184007,10,0,0,40,0
42284,33,341187,13,0,0,50,1
42286,28,198258,11,0,0,40,0
42288,42,92288,14,0,0,40,0
42289,34,261418,9,0,0,40,0
42291,68,166083,9,0,0,40,1
42292,28,109001,14,0,0,38,1
42294,22,197387,9,0,0,40,0
42295,58,284834,12,0,0,40,0
42297,17,175587,7,0,0,30,0
42298,25,242700,10,10520,0,50,1
42299,23,161478,10,0,0,23,0
42306,23,292023,9,0,0,30,0
42308,33,348592,9,0,0,40,1
42314,67,217892,16,10605,0,35,1
42315,60,325971,9,7688,0,40,1
42316,44,206878,9,0,0,15,0
42318,29,208577,9,0,0,40,1
42321,29,95108,9,0,0,40,0
42323,43,188436,15,0,0,40,0
42324,42,134220,11,0,0,40,0
42331,33,189368,10,0,0,40,1
42333,19,306225,9,0,0,25,0
42334,35,330664,9,0,0,40,0
42336,45,289353,9,0,0,24,0
42338,39,122353,13,0,0,40,0
42339,26,188767,9,0,0,40,0
42340,60,239576,14,0,0,10,0
42343,23,478994,10,0,0,40,0
42344,46,155654,9,0,0,40,0
42345,34,124052,13,0,0,30,0
42346,39,245053,13,0,0,50,1
42349,55,186791,9,0,0,40,0
42351,23,186666,10,0,0,40,0
42352,39,200153,13,0,0,40,0
42354,51,183173,9,0,0,40,1
42356,25,263300,9,0,0,50,0
42358,18,404868,7,0,1602,20,0
42363,43,122749,9,0,0,55,0
42364,71,38822,14,99999,0,40,1
42367,25,120238,13,0,0,40,0
42368,32,167990,9,0,0,40,0
42369,17,225507,7,0,0,15,0
42370,57,125000,15,0,0,35,1
42378,30,224377,9,0,0,40,0
42379,37,179481,13,0,0,40,1
42380,18,434268,7,0,0,15,0
42384,33,188661,9,0,0,50,0
42387,48,85341,9,0,0,40,0
42390,41,139907,11,0,0,30,0
42392,25,188767,9,0,0,40,0
42395,35,187119,10,0,0,70,0
42396,42,97277,14,0,0,40,0
42398,46,63299,9,0,0,50,0
42399,39,171482,13,0,0,40,1
42402,39,38312,10,0,0,40,1
42403,47,119939,9,0,0,40,1
42404,40,83953,10,0,0,50,1
42405,43,101383,9,0,0,40,1
42406,32,204374,9,0,0,40,0
42407,31,176831,6,0,0,40,0
42409,44,251305,12,0,0,40,1
42410,46,200947,13,0,0,40,1
42411,53,46704,14,0,0,50,1
42412,43,119721,13,0,0,40,0
42414,35,247750,9,0,0,40,0
42415,48,67725,13,0,0,45,0
42417,44,183542,13,0,0,32,0
42418,20,25139,10,0,0,40,0
42419,51,123325,15,0,0,40,0
42420,28,269786,9,0,0,50,0
42424,34,35595,13,0,0,30,0
42425,36,61299,10,0,0,40,0
42426,25,192321,12,0,0,80,0
42427,31,257644,9,0,0,43,0
42429,49,159726,7,0,0,40,0
42430,40,174395,9,0,0,40,0
42431,64,175534,16,0,0,40,1
42435,68,148874,5,0,0,44,0
42436,64,43738,16,0,0,80,1
42441,24,137591,10,0,0,10,0
42442,49,324791,13,0,0,50,1
42443,25,184303,10,0,0,30,0
42446,22,321031,9,0,0,40,0
42448,41,394669,13,0,1741,40,0
42449,29,152951,9,0,0,40,1
42454,42,74334,14,0,0,40,1
42456,29,182344,9,0,0,40,0
42457,25,295912,10,0,0,20,0
42459,44,236746,14,10520,0,45,1
42460,21,187643,9,0,0,40,0
42464,21,301556,9,0,0,19,0
42466,39,219483,13,5013,0,32,0
42467,33,594187,14,0,0,45,1
42469,52,152795,9,0,0,52,1
42471,45,311231,15,0,1485,50,1
42472,31,114691,9,0,0,40,0
42473,35,194591,10,0,0,40,0
42478,42,53727,9,0,0,40,0
42479,38,277022,10,0,0,40,0
42481,30,342709,9,0,0,40,0
42482,24,179203,8,0,0,55,0
42485,22,37894,9,0,0,35,0
42486,18,272918,9,0,0,15,0
42489,36,347491,16,0,0,35,0
42490,32,255885,13,0,0,43,1
42496,28,190525,14,0,0,40,0
42497,25,276249,14,0,0,40,0
42499,38,245090,9,0,0,40,0
42500,42,219682,14,0,0,45,0
42504,46,171228,9,3411,0,35,0
42505,21,218445,10,0,0,40,0
42507,35,509462,13,0,0,45,0
42509,21,118401,10,0,0,30,0
42510,67,45814,4,0,0,40,0
42511,54,329733,9,0,0,40,1
42514,27,327766,10,0,0,45,0
42518,52,273514,9,0,0,40,0
42519,21,202373,10,0,0,40,0
42520,27,332785,9,0,0,38,0
42526,43,134026,10,2174,0,40,0
42528,45,174533,10,7298,0,50,1
42530,66,186324,13,0,0,5,1
42540,18,91670,10,0,0,40,0
42542,34,73161,9,0,0,40,1
42543,60,178792,9,0,0,40,0
42545,29,250967,11,0,0,40,0
42546,41,41901,10,0,1408,40,0
42548,37,217838,3,0,0,40,0
42552,37,220644,9,0,0,40,0
42553,19,175081,5,0,0,60,0
42554,29,180299,10,0,0,35,0
42556,53,278114,4,0,0,40,1
42558,44,127482,9,7298,0,50,1
42560,25,232991,3,0,0,40,0
42561,38,34378,9,0,0,55,0
42566,48,26490,13,0,0,20,0
42571,19,389143,10,0,0,40,0
42573,40,198270,10,0,0,40,0
42578,46,422813,10,0,0,40,1
42581,50,167728,16,0,0,60,1
42586,27,207352,13,0,0,40,1
42587,31,206609,6,0,0,40,0
42588,34,104509,14,0,0,40,0
42589,55,170350,9,0,0,40,0
42590,56,183884,7,0,0,40,0
42591,36,110964,13,0,1672,38,0
42593,63,257659,14,0,0,3,0
42594,28,274679,14,0,0,50,0
42596,30,356689,9,0,0,60,0
42599,53,139127,9,0,0,40,0
42602,35,176123,6,0,0,60,0
42603,41,111483,9,0,0,40,0
42605,18,77845,10,0,1602,15,0
42610,29,242482,9,0,0,32,0
42611,35,160192,10,0,0,40,0
42613,55,175942,16,0,1977,55,1
42617,55,193374,10,0,0,40,1
42619,28,337664,9,0,0,40,0
42620,32,113504,13,0,0,40,1
42621,27,177072,9,0,0,40,0
42622,35,174503,9,0,0,40,0
42631,33,182971,10,0,1887,40,1
42632,31,127215,10,0,0,40,0
42635,43,498079,13,0,0,40,0
42637,34,99872,14,3103,0,40,1
42639,63,43313,6,0,0,40,0
42647,54,198741,10,0,0,40,1
42648,23,32950,10,0,0,40,0
42651,34,208785,12,0,0,50,1
42652,31,61559,9,0,0,50,0
42655,27,328518,11,0,0,30,0
42657,23,378546,10,0,0,40,0
42658,24,212210,12,0,0,20,0
42660,56,235826,9,5013,0,40,0
42661,35,22641,9,0,0,40,0
42663,47,431515,11,0,0,40,1
42664,51,149770,9,0,0,44,0
42666,29,107411,10,0,0,40,0
42667,23,217961,9,0,0,45,0
42670,30,156718,10,0,0,40,0
42672,29,106972,14,0,0,35,0
42677,36,272944,13,0,1887,40,1
42678,25,113654,9,0,0,37,0
42682,37,147258,10,0,0,55,0
42691,38,107479,5,0,0,12,0
42693,19,85690,9,0,0,30,0
42694,23,45713,10,0,0,40,0
42697,17,67808,6,0,0,40,0
42701,43,191982,11,0,0,55,0
42703,54,271160,11,0,0,40,0
42704,22,33087,9,0,0,45,0
42707,37,105021,13,0,0,50,1
42708,38,239045,16,0,0,50,1
42709,34,94413,10,0,0,40,0
42710,45,20534,10,0,0,84,1
42714,20,447488,5,0,0,30,0
42715,24,267706,10,0,0,45,0
42716,38,198216,10,0,0,40,0
42717,32,227931,13,0,0,40,0
42718,34,252646,10,7298,0,50,1
42720,28,181776,13,0,0,50,0
42728,23,69847,13,0,0,20,0
42731,24,390608,9,0,0,36,0
42733,27,195678,13,0,0,40,0
42735,28,220754,9,0,0,25,0
42737,36,343476,9,0,0,30,0
42738,41,93227,13,0,1977,60,1
42739,60,38622,10,0,0,40,0
42742,27,300783,10,0,0,42,1
42746,34,213887,16,0,0,32,1
42747,36,331395,11,0,0,40,0
42751,40,188291,15,0,0,40,1
42753,39,234901,12,0,0,40,0
42759,59,75804,9,0,0,65,1
42762,48,265192,9,0,0,45,0
42764,49,107682,10,0,0,38,0
42769,31,162442,13,0,0,40,1
42771,39,344743,10,0,0,50,1
42773,26,176795,13,0,0,40,1
42774,51,137815,10,7298,0,40,1
42779,61,229062,10,0,1887,40,1
42782,52,370552,1,0,0,40,0
42783,52,163678,9,0,0,55,0
42785,50,558490,9,0,0,40,0
42786,29,124680,13,13550,0,35,1
42787,76,208843,4,0,0,30,0
42790,45,101320,9,0,0,40,0
42792,20,212582,10,0,0,16,0
42796,41,104892,10,2829,0,40,0
42797,43,175224,9,0,0,60,0
42799,37,214542,10,0,0,40,0
42802,28,191935,12,0,0,20,0
42803,70,158642,9,2993,0,20,0
42806,17,72321,7,0,0,12,0
42810,24,279041,9,0,0,40,0
42812,34,189809,10,0,0,52,0
42813,62,223637,9,0,0,35,0
42814,27,199343,9,0,0,38,0
42815,59,139344,10,0,0,40,1
42816,35,119098,14,0,0,40,0
42817,38,195025,9,0,0,32,0
42818,28,186720,10,0,0,50,0
42828,58,256274,9,0,0,40,0
42829,43,326379,9,0,0,40,0
42830,67,174995,10,0,2457,40,0
42832,51,155118,14,0,0,70,1
42834,20,39478,10,0,0,70,0
42837,38,234298,13,6849,0,60,0
42843,50,297551,9,0,0,52,0
42845,43,240504,9,0,0,40,0
42846,29,169662,9,0,0,40,0
42849,21,154835,10,0,0,40,0
42850,27,333296,13,0,0,30,0
42851,47,192793,16,0,0,40,1
42852,39,49436,12,0,1380,40,0
42854,22,509048,9,0,0,37,0
42855,38,318610,10,0,0,40,0
42856,45,104521,10,0,0,40,0
42857,42,247695,9,0,0,45,1
42858,35,219546,10,0,0,45,0
42860,49,131302,11,0,0,44,0
42862,36,340091,16,0,0,36,1
42864,49,213431,9,0,0,40,0
42865,40,377018,13,0,0,60,1
42869,21,177420,10,0,0,40,0
42871,17,52486,7,0,0,12,0
42874,41,124956,13,99999,0,60,1
42879,23,87569,10,0,0,40,0
42880,19,278220,10,0,1602,40,0
42882,46,162852,9,0,0,40,0
42883,25,64860,10,0,0,22,0
42886,62,202242,9,0,0,48,0
42889,60,166330,9,0,0,40,0
42890,18,147612,9,0,0,8,0
42891,41,213154,10,0,0,40,0
42898,33,361817,9,0,0,50,0
42899,62,226546,15,0,0,16,0
42900,27,100168,4,0,0,40,0
42902,55,254516,5,0,0,37,0
42903,41,207375,9,0,0,50,0
42904,26,39092,10,4064,0,50,0
42905,45,48271,10,0,0,40,1
42907,25,234665,11,0,0,45,0
42913,32,159442,15,13550,0,50,1
42915,53,270546,9,0,0,20,0
42918,36,128516,9,0,0,40,1
42920,35,49657,13,7298,0,40,1
42921,17,98005,7,0,0,16,0
42922,55,283635,15,0,0,35,0
42924,40,202872,14,0,0,40,1
42925,54,118365,6,0,0,10,0
42927,48,345831,10,0,0,40,1
42931,34,287737,10,0,1485,40,1
42933,31,294870,12,0,0,40,0
42936,38,52738,10,0,0,40,0
42939,35,407913,9,0,0,40,0
42943,18,201686,7,0,0,4,0
42944,28,179759,10,0,0,40,0
42945,36,94954,9,0,0,40,0
42946,66,350498,10,0,1258,20,0
42949,33,149726,9,0,0,46,0
42952,41,171234,10,0,0,55,0
42954,59,202682,9,0,0,40,0
42955,42,121055,13,0,0,60,0
42956,47,160187,9,14084,0,38,1
42961,32,137875,10,0,0,30,0
42962,73,139049,9,0,0,22,1
42963,20,238384,9,0,0,30,0
42965,36,224947,13,0,0,40,0
42966,33,111994,10,0,0,45,0
42969,19,71592,10,0,0,40,0
42970,40,99185,12,0,0,40,0
42971,48,249935,9,0,0,44,0
42972,51,206775,10,0,0,50,0
42973,22,230704,12,0,0,20,0
42974,34,242361,10,0,0,50,0
42977,56,174040,9,0,0,40,0
42978,49,165953,9,0,1902,40,0
42981,26,102476,9,0,0,50,0
42988,53,33304,10,0,0,40,1
42990,26,219815,10,0,0,40,0
42992,26,106548,9,0,0,50,0
42996,31,227446,10,0,0,40,1
42997,43,125461,13,0,1902,55,1
42999,22,176321,4,0,0,40,0
43001,23,101885,6,0,0,40,0
43010,51,175070,12,5178,0,45,1
43011,31,279680,10,0,0,45,0
43013,51,96609,10,0,0,40,0
43015,30,275632,9,0,0,45,0
43016,22,385540,6,0,0,40,0
43023,49,275074,13,0,0,60,0
43025,42,210525,14,0,0,40,0
43032,31,126950,9,0,0,40,0
43035,42,101709,11,2885,0,40,0
43036,23,265356,13,0,0,40,0
43040,35,126569,9,0,0,20,0
43043,23,184400,6,0,0,30,0
43047,49,129513,14,0,0,45,0
43049,34,195488,9,0,0,40,0
43051,40,126845,10,0,0,40,1
43052,22,206974,13,0,0,40,0
43058,51,334679,11,0,0,40,0
43060,31,151484,9,0,0,8,0
43062,42,98427,9,0,0,35,0
43063,54,230767,12,0,0,40,0
43065,28,68642,9,0,0,46,0
43066,42,341638,7,0,0,40,0
43067,30,65920,9,0,0,40,0
43069,33,198727,9,0,0,40,0
43070,39,160728,9,2977,0,40,0
43075,58,201112,10,0,0,55,1
43077,34,230246,13,0,0,42,1
43078,34,203034,13,0,2824,50,1
43081,27,119793,10,0,0,55,0
43083,40,233130,4,0,0,40,0
43084,53,192982,14,0,0,38,1
43088,17,101626,5,0,0,20,0
43089,35,117567,9,0,0,40,0
43090,36,110791,12,0,0,40,0
43093,26,120238,13,0,0,40,0
43094,26,189219,12,0,0,8,0
43095,35,190895,9,0,0,40,0
43096,29,83517,5,0,0,40,0
43101,21,118186,10,0,0,20,0
43104,36,90159,10,0,0,40,0
43112,30,373914,7,0,0,40,0
43114,62,208266,11,0,0,40,0
43115,38,222450,3,0,0,40,0
43116,23,348420,13,0,0,40,0
43121,47,61885,13,0,0,40,1
43124,47,239865,9,0,1977,45,1
43129,51,226735,9,0,0,40,0
43134,46,33109,9,0,1741,40,0
43135,32,188246,9,0,1590,62,0
43138,47,102628,14,15024,0,55,1
43139,66,262285,13,0,0,99,0
43140,26,160300,9,0,0,40,0
43141,52,156953,9,0,0,40,1
43142,53,136823,7,0,0,30,0
43144,37,86459,12,0,0,50,0
43145,17,238628,7,0,0,5,0
43146,50,339954,11,0,0,40,1
43148,17,99893,7,0,1602,40,0
43149,39,214117,10,0,0,40,0
43150,28,298661,13,0,0,40,0
43152,53,48343,9,0,1902,40,1
43154,42,227065,10,15024,0,32,1
43155,40,126701,5,0,0,45,0
43160,41,178431,9,0,0,40,0
43162,18,199039,8,594,0,14,0
43164,36,115700,9,0,0,50,0
43167,48,171926,15,15024,0,50,1
43168,36,242080,15,0,0,80,1
43169,67,223257,9,0,0,40,0
43170,53,386773,9,7298,0,40,1
43171,53,105478,13,0,2415,40,1
43172,45,140644,16,0,0,45,1
43180,38,312232,10,0,0,50,1
43181,23,386337,9,0,0,40,0
43183,78,105586,3,0,0,36,0
43186,30,26009,9,0,0,35,1
43188,26,151626,13,0,0,45,0
43189,30,169583,9,0,0,35,0
43194,25,109526,9,0,0,38,0
43196,24,43475,13,0,0,40,0
43200,26,192652,13,0,0,40,0
43202,19,143857,10,0,0,35,0
43204,51,310774,15,0,0,50,1
43205,29,427965,9,0,0,20,0
43206,27,279608,3,0,0,40,0
43207,33,312881,13,0,0,40,1
43209,67,132057,9,0,0,20,0
43211,29,360527,14,0,0,40,1
43214,21,99199,9,0,0,36,0
43217,46,201865,15,0,0,60,1
43220,50,117295,6,0,0,40,0
43221,22,65704,9,0,0,40,0
43227,50,129956,9,0,0,48,1
43228,25,96268,7,0,0,40,0
43232,56,164332,9,0,0,15,0
43234,49,34377,8,0,0,40,1
43242,48,196107,9,0,0,30,0
43243,17,108273,6,0,0,12,0
43244,50,213290,11,0,1887,36,1
43245,61,96660,10,15024,0,34,1
43246,22,412316,9,0,0,40,0
43249,26,120268,9,0,0,50,0
43253,34,90934,11,0,0,40,0
43255,48,128460,9,0,0,42,1
43256,63,30813,14,0,0,50,1
43259,51,215647,9,0,0,43,0
43260,38,300975,14,0,1485,40,0
43262,41,149909,9,0,1848,40,1
43264,36,138940,13,4386,0,50,1
43265,42,66755,4,0,0,40,0
43267,20,117222,10,0,0,40,0
43270,51,20795,10,0,0,40,0
43274,37,193689,11,0,0,42,1
43283,30,95299,9,0,0,40,1
43284,43,240504,10,0,0,70,1
43287,32,211751,11,0,0,40,0
43288,61,84587,11,0,0,40,1
43289,40,150874,14,1506,0,40,0
43290,20,187332,6,0,0,30,0
43291,42,188615,13,0,0,60,1
43293,21,275190,10,0,0,20,0
43298,51,123429,12,0,0,30,0
43304,58,314092,11,0,1887,48,1
43306,36,257380,9,0,0,35,0
43307,19,165306,10,0,0,40,0
43308,29,109001,10,0,0,35,0
43311,21,32950,10,0,0,40,0
43312,22,182163,9,0,0,40,0
43313,33,188246,13,0,0,65,1
43314,36,297335,13,0,0,50,0
43315,37,108366,13,0,0,46,0
43322,57,258883,9,5178,0,60,1
43325,32,164197,13,0,0,44,1
43326,63,109517,10,0,0,43,0
43327,22,112137,10,0,0,20,0
43330,34,140011,15,0,0,55,1
43332,20,183083,10,0,0,20,0
43333,47,159869,9,0,0,56,1
43335,28,297742,10,0,0,40,0
43336,45,176917,9,0,0,40,0
43337,26,165235,13,0,0,40,0
43339,30,48542,8,0,0,40,0
43341,58,259929,16,0,0,43,1
43342,45,221780,10,0,0,30,0
43343,76,253408,10,0,0,40,0
43344,38,298841,9,0,0,40,0
43346,38,64875,9,0,0,50,0
43347,30,275232,12,0,0,36,0
43348,53,134854,11,0,0,40,1
43350,27,192355,13,0,0,50,0
43353,36,250238,2,0,0,40,0
43354,51,25031,10,0,0,10,1
43357,45,111979,9,0,0,40,0
43359,36,231037,4,0,0,40,0
43360,57,30030,9,0,0,40,1
43361,27,292120,9,0,0,45,0
43363,29,190777,13,0,0,55,0
43364,38,41591,13,0,0,30,0
43365,29,186733,9,0,0,50,0
43366,18,78567,10,0,0,30,0
43368,32,230912,14,4865,0,40,0
43369,34,176185,13,0,1741,40,0
43371,34,205704,14,0,0,35,0
43373,37,138192,9,0,0,45,0
43378,31,265509,11,0,0,32,0
43380,49,127921,9,0,0,40,0
43382,35,182898,9,0,0,40,0
43384,37,222450,3,0,0,40,0
43386,49,281647,13,0,0,45,1
43387,32,117963,9,0,0,45,0
43388,63,319121,7,0,0,40,0
43390,42,104334,9,0,0,40,0
43391,30,48214,14,0,0,50,1
43392,30,145714,11,0,0,40,0
43393,48,38240,9,0,0,40,1
43394,57,27385,13,0,0,10,0
43395,56,204254,6,0,0,45,0
43397,43,221172,13,0,0,24,1
43401,37,112497,15,0,0,50,1
43404,23,199452,10,0,0,40,0
43405,59,126677,10,0,0,50,1
43406,72,107814,14,2329,0,60,0
43408,29,353352,11,0,0,40,0
43417,58,131991,13,0,0,72,0
43423,34,24266,11,7688,0,40,1
43424,45,267967,13,0,0,45,1
43425,27,181284,8,0,0,45,0
43427,27,69757,10,0,0,60,0
43432,36,298717,9,0,0,40,0
43435,39,166497,9,0,0,40,1
43436,30,247156,9,0,0,40,0
43437,34,204052,9,0,0,40,1
43438,62,122246,14,0,0,32,0
43439,21,180339,10,0,0,45,0
43440,50,155574,14,7298,0,50,1
43441,30,114912,13,3103,0,60,1
43443,19,112269,10,0,0,40,0
43445,50,95435,4,0,1579,65,0
43447,46,125892,14,0,0,50,1
43448,17,721712,6,0,0,15,0
43449,56,197369,4,0,0,40,1
43454,19,203061,10,0,0,25,0
43456,32,118551,9,0,0,80,0
43459,34,226883,9,0,0,40,0
43464,32,206541,7,0,0,50,0
43466,28,294398,10,0,0,40,0
43469,56,89922,9,3103,0,45,1
43470,26,176008,9,0,0,40,0
43471,43,241506,13,1506,0,36,0
43476,58,95763,10,0,0,60,0
43477,49,83622,12,2597,0,40,0
43481,39,53926,13,0,0,40,0
43483,37,104359,10,0,0,40,0
43484,49,124604,9,0,0,32,0
43486,60,67320,9,0,0,40,0
43487,28,53147,13,0,0,40,0
43489,44,202872,13,0,0,45,0
43495,30,154568,13,0,0,36,1
43496,23,132300,13,0,0,40,0
43499,32,106014,10,5178,0,50,1
43501,35,86648,15,7688,0,50,1
43503,32,113838,10,0,0,99,0
43504,76,25319,14,0,0,15,0
43505,57,190561,9,0,0,30,0
43507,51,48343,14,7298,0,50,1
43510,53,283743,9,0,2002,40,0
43511,59,64102,4,0,0,20,0
43512,23,234663,9,0,0,40,0
43514,23,615367,13,0,0,40,0
43518,28,242482,9,0,0,40,0
43519,46,169953,10,0,0,40,0
43520,34,144182,1,0,0,25,0
43521,38,125933,13,27828,0,45,1
43522,26,203777,10,0,0,37,0
43523,39,210991,9,0,0,40,0
43524,28,472580,10,0,0,40,0
43528,59,139616,14,0,0,50,1
43531,48,117849,10,0,0,40,0
43532,49,50748,13,1506,0,35,0
43535,49,168211,9,0,0,40,1
43542,27,199172,9,0,0,40,0
43543,66,262552,10,0,0,7,0
43545,26,77661,13,0,0,40,0
43548,62,181014,13,0,0,40,0
43552,31,244665,10,0,0,45,0
43553,52,312477,9,0,0,40,0
43555,39,152023,7,0,0,40,0
43557,47,170850,13,0,0,48,0
43558,33,137088,13,0,0,40,0
43559,17,340557,7,0,0,25,0
43560,26,298225,9,0,0,45,0
43563,33,188246,14,7298,0,45,1
43565,27,80165,10,0,0,20,0
43567,29,85572,7,0,0,5,0
43568,40,116632,13,0,0,40,0
43569,24,139989,13,0,0,40,0
43571,56,75785,9,0,0,40,1
43572,25,248612,12,0,0,30,0
43574,26,31143,9,0,0,45,0
43577,23,111296,7,0,0,50,0
43579,36,243666,9,0,0,40,0
43580,37,327164,10,0,0,70,0
43581,39,131288,12,5178,0,48,1
43582,35,257416,11,0,0,40,0
43588,27,216481,10,0,0,40,0
43591,55,256335,13,0,0,40,0
43594,42,184682,11,0,0,30,0
43595,51,171914,13,0,0,50,1
43603,38,184801,13,0,0,60,1
43604,52,89054,9,0,0,40,0
43606,33,169973,11,0,0,40,0
43608,27,41099,10,0,0,50,0
43609,31,33117,9,0,0,50,0
43612,61,42938,13,0,0,7,1
43618,31,227886,10,0,0,35,0
43620,52,199688,6,0,0,45,0
43622,21,176486,9,0,0,60,0
43624,30,295010,9,0,0,40,0
43628,39,117555,13,0,0,60,1
43630,52,222405,9,0,2377,40,0
43631,17,216595,7,0,0,20,0
43634,30,194827,10,0,1740,40,0
43636,21,96483,10,0,0,12,0
43637,39,211154,9,0,0,55,0
43638,37,247750,11,0,0,40,0
43643,35,35330,9,0,0,40,0
43648,27,295289,10,0,0,30,0
43649,53,298215,13,0,0,45,1
43651,26,164938,9,0,0,40,0
43654,70,232871,10,0,0,30,0
43655,41,73199,13,0,0,40,0
43664,32,261056,13,2174,0,60,0
43669,20,471452,10,0,0,30,0
43671,42,146659,16,0,1902,50,1
43672,24,203027,12,0,0,40,0
43673,43,218309,13,0,0,50,0
43674,28,133625,9,0,0,40,0
43677,38,201617,9,0,0,40,0
43679,50,97778,9,0,0,40,0
43680,34,149507,9,0,0,55,1
43683,61,162678,3,0,0,40,0
43687,31,206609,9,0,0,40,1
43688,31,50276,13,0,0,60,0
43689,20,180497,9,0,0,40,0
43690,35,220585,8,0,0,40,0
43691,51,202752,9,0,0,40,0
43692,43,75993,10,7688,0,40,1
43695,59,24384,9,0,0,40,0
43700,21,442131,9,0,0,40,0
43701,61,243283,9,0,0,40,0
43703,63,208862,9,0,0,40,0
43705,23,141272,13,0,0,30,0
43710,17,218361,6,0,1602,12,0
43711,34,156809,10,0,1504,60,0
43718,43,211128,14,0,0,50,1
43719,61,203445,10,0,0,40,0
43720,38,38312,13,15024,0,65,1
43723,41,36924,10,0,0,40,1
43726,59,189664,10,0,0,40,0
43731,33,194901,11,0,2444,42,1
43732,20,170091,10,0,0,10,0
43736,27,134048,7,0,0,45,0
43738,34,153942,11,0,0,40,0
43741,28,163772,9,0,0,40,0
43742,65,83800,10,0,0,27,0
43743,61,139391,10,0,0,16,0
43746,45,262802,13,0,0,40,0
43747,68,152157,9,0,0,20,0
43749,48,118023,15,0,0,13,0
43750,19,220101,10,0,0,40,0
43754,25,80312,11,4865,0,40,0
43760,54,88019,9,0,0,32,0
43761,50,135339,8,0,0,40,1
43762,32,100662,5,0,0,40,0
43763,34,183557,9,0,0,25,0
43766,28,269246,7,0,0,40,0
43767,22,308334,9,0,0,19,0
43768,58,215190,7,0,0,20,0
43770,62,176839,13,0,0,38,0
43773,41,56795,14,0,0,45,0
43777,19,243941,10,0,1721,25,0
43779,25,100903,13,0,0,25,0
43780,34,159322,13,0,0,50,1
43781,40,262872,13,0,0,40,0
43782,22,187052,7,0,0,30,0
43787,44,43711,13,0,0,48,0
43796,59,87510,9,0,0,40,0
43797,20,37932,9,0,0,50,0
43799,62,125493,9,5178,0,40,1
43801,34,108837,10,0,0,40,1
43804,30,45427,11,0,0,49,0
43805,38,154669,9,0,0,60,0
43808,34,173495,10,0,0,48,1
43809,22,254293,8,0,0,40,0
43810,31,111883,9,0,0,40,0
43812,19,472807,2,0,0,52,0
43815,35,205852,9,0,0,40,0
43816,28,83879,9,0,0,40,0
43817,27,178564,10,0,0,30,0
43818,46,168796,13,0,0,55,0
43822,33,155343,9,0,0,40,0
43823,36,234271,10,0,0,40,0
43825,23,228230,10,0,0,47,0
43826,36,227615,3,0,0,32,0
43827,29,406826,13,0,0,45,0
43830,20,232022,10,0,0,40,0
43831,52,168539,9,0,0,40,1
43832,20,515797,9,0,0,40,0
43833,22,351381,11,0,0,40,0
43834,34,161018,10,0,0,55,1
43836,19,164123,7,0,0,40,0
43838,36,29814,9,0,0,50,0
43841,25,217030,9,0,0,30,0
43842,50,171199,7,0,0,40,0
43843,44,198270,12,0,0,43,0
43844,28,131310,9,0,0,40,0
43846,40,475322,13,0,0,50,0
43850,38,155676,9,0,0,40,0
43851,21,304949,10,0,0,10,0
43854,50,164127,9,0,0,40,0
43855,59,304779,4,0,0,40,0
43857,30,396538,9,0,0,29,0
43860,61,60641,13,0,0,45,0
43861,26,89326,13,0,0,40,0
43862,47,200471,11,4064,0,40,0
43865,27,202206,7,0,0,40,0
43867,46,353512,9,0,0,40,1
43870,30,225053,9,0,0,50,0
43871,36,98776,10,0,0,30,0
43872,19,263932,9,0,0,20,0
43874,31,369648,12,0,0,50,1
43877,53,317313,9,0,0,60,1
43878,24,162919,10,0,0,40,0
43880,36,254202,9,0,0,50,0
43881,39,108140,14,0,0,50,1
43883,75,81534,9,0,0,35,1
43884,36,35945,9,0,0,50,1
43886,56,208809,9,0,1902,40,1
43887,29,133625,9,0,0,40,0
43888,60,71683,5,0,0,49,0
43889,58,570562,9,0,0,38,0
43893,37,336880,10,0,0,50,0
43894,54,135840,10,0,0,50,0
43895,63,168048,15,0,0,30,0
43896,47,187969,7,0,0,38,0
43897,23,117363,13,0,0,40,0
43898,55,256526,9,4865,0,45,0
43900,39,248011,11,5178,0,40,1
43903,44,165346,14,0,0,40,1
43904,25,25386,11,0,0,40,0
43905,35,491000,11,0,0,40,0
43906,23,247731,9,0,0,40,0
43908,48,189462,10,2176,0,40,0
43911,33,173495,9,0,0,50,0
43914,32,19302,12,0,0,56,1
43918,39,115289,12,0,0,40,1
43924,32,124052,9,0,0,50,0
43928,35,140915,13,0,1590,40,0
43929,52,230657,9,3781,0,40,0
43930,30,195576,10,3325,0,50,0
43932,43,112763,9,8614,0,43,1
43934,38,103925,9,0,0,35,0
43935,68,161744,6,0,0,16,0
43936,41,106679,14,27828,0,50,1
43938,48,61985,5,0,0,20,0
43939,19,157605,9,0,0,40,0
43940,31,137367,7,0,0,40,0
43941,40,110862,12,0,2377,50,0
43942,32,74883,13,0,0,40,0
43943,51,98642,9,14084,0,40,1
43944,44,144778,13,0,0,40,1
43949,34,473133,9,0,0,60,0
43950,17,113301,7,0,0,12,0
43953,45,38950,13,0,0,40,0
43954,22,107801,11,0,0,40,0
43955,49,191277,10,0,0,40,0
43956,39,205359,12,0,0,45,0
43957,39,240226,9,0,0,40,0
43958,34,203357,10,0,0,40,0
43970,49,200198,9,0,0,40,0
43971,36,205359,9,0,0,25,0
43975,30,236599,9,0,0,50,0
43977,26,177147,9,0,0,40,0
43978,61,129246,6,0,0,48,0
43981,44,62258,7,0,0,40,0
43984,25,97789,13,0,0,50,0
43985,34,111415,9,0,0,70,0
43986,38,374524,10,0,0,40,0
43988,17,341395,6,0,0,20,0
43992,55,294395,11,6849,0,40,0
43994,45,32896,3,0,0,35,0
43995,49,97411,4,0,0,45,0
43998,43,187702,10,2174,0,45,0
44000,17,112291,7,0,0,12,0
44001,30,208668,12,0,0,25,0
44002,61,28375,14,0,0,70,0
44003,48,207277,14,15024,0,40,1
44006,27,372500,3,0,0,45,0
44008,41,37997,8,0,0,84,1
44012,47,164423,9,0,0,43,0
44013,50,104501,9,0,1980,40,0
44021,31,132601,10,0,0,40,0
44022,68,185537,10,0,0,20,0
44024,42,182108,13,0,0,35,0
44025,37,231491,9,0,0,35,0
44029,40,252392,3,0,0,40,0
44030,19,163578,10,0,0,30,0
44035,41,174540,10,0,0,4,0
44040,17,317702,6,0,0,15,0
44042,38,192939,9,0,0,40,0
44043,36,156352,5,0,0,40,0
44044,24,155066,7,0,0,60,0
44048,36,150309,11,0,0,40,0
44049,27,384308,10,0,0,45,0
44052,65,23494,10,0,2174,40,1
44053,37,421633,14,0,0,40,1
44054,17,57723,7,0,0,30,0
44060,50,163671,9,0,0,40,0
44061,38,287701,7,0,0,48,1
44062,31,187560,9,15024,0,40,1
44066,62,84756,5,0,0,35,0
44067,41,407425,8,0,0,40,0
44069,53,175456,10,0,0,30,0
44070,28,52603,13,0,0,50,1
44075,19,225775,10,0,0,45,0
44078,61,168654,9,0,0,20,0
44079,44,180609,10,0,0,42,0
44080,32,114746,9,0,0,60,0
44081,25,178037,10,0,0,35,0
44082,47,160045,10,0,0,40,0
44083,19,268524,10,0,0,15,0
44086,34,221167,12,0,0,40,1
44087,32,48014,10,0,0,35,0
44090,30,39386,10,0,0,99,0
44091,56,37394,14,0,0,40,0
44092,30,115426,13,0,0,40,1
44093,28,114158,10,0,0,26,0
44095,28,360527,10,0,0,45,0
44097,33,108438,9,0,0,40,1
44099,32,158002,10,0,0,55,0
44103,20,42279,10,0,0,40,0
44104,53,167380,9,0,1740,50,0
44107,26,68001,14,0,0,40,0
44108,21,27162,10,0,0,16,0
44109,37,286146,9,0,0,40,0
44110,36,95462,13,0,0,40,0
44113,38,189679,13,0,0,50,1
44114,29,115064,9,0,0,40,0
44115,20,215443,10,0,0,38,0
44117,24,91999,12,0,0,20,0
44118,59,100931,9,0,0,40,1
44122,38,114591,13,15024,0,40,1
44124,30,129707,10,0,1848,40,1
44126,36,133569,2,0,0,40,0
44127,20,308654,10,0,0,20,0
44128,36,156084,9,0,0,40,0
44135,23,409230,13,0,0,25,0
44136,46,308077,15,0,0,40,1
44139,55,143030,9,0,0,40,0
44142,55,125000,15,0,0,60,1
44144,54,338620,14,0,0,52,1
44148,62,137354,14,0,0,40,0
44149,29,133420,10,5013,0,40,0
44151,19,220001,10,0,0,50,0
44152,40,352612,6,0,0,40,0
44154,42,319016,9,2885,0,45,0
44157,43,99220,13,0,0,40,1
44160,28,261725,9,0,0,40,0
44163,41,216461,10,0,0,40,0
44164,60,320376,4,0,0,40,0
44165,35,282951,13,0,0,70,0
44168,23,455361,9,0,0,40,0
44170,17,56536,7,1055,0,18,0
44174,18,236272,9,0,0,35,0
44176,21,209483,10,0,0,47,0
44177,26,247006,9,0,0,52,0
44178,30,311913,9,0,0,40,1
44180,33,300681,9,0,0,40,0
44181,42,24264,10,0,0,38,0
44185,31,341672,10,0,0,50,0
44186,36,179488,10,0,0,40,0
44187,39,243872,12,0,0,40,1
44189,61,159822,4,7688,0,40,1
44190,27,219863,9,0,0,40,0
44191,45,206947,9,0,0,50,0
44192,21,245572,5,0,0,40,0
44194,24,182504,10,0,0,25,0
44198,45,60267,9,0,0,38,0
44200,41,191814,9,0,0,40,0
44201,23,107882,13,0,0,40,0
44202,43,174575,10,0,0,45,0
44204,32,126132,13,15024,0,50,1
44206,68,211287,14,0,2392,40,1
44208,43,257780,9,0,0,40,0
44209,61,183355,9,0,0,40,1
44215,34,180714,10,0,2179,40,0
44217,27,306747,13,0,0,40,0
44218,21,478457,10,0,0,12,0
44220,51,46281,10,0,0,50,1
44221,35,148015,13,0,0,40,0
44224,34,176673,10,0,0,35,0
44226,36,238415,9,0,0,40,0
44227,33,37939,13,0,0,35,0
44231,42,20809,9,0,0,75,1
44234,30,169496,14,0,0,15,1
44237,37,324947,13,0,0,40,0
44238,27,321577,9,0,0,40,0
44241,33,220860,9,0,0,45,0
44242,41,336571,10,0,0,40,0
44243,23,56402,10,0,0,30,0
44245,30,81282,9,0,0,40,0
44246,51,86332,11,4064,0,55,0
44251,62,155094,11,0,0,45,1
44254,50,548361,13,0,0,20,1
44255,33,173858,13,0,0,40,0
44256,27,347153,10,0,0,40,0
44257,31,319146,11,4386,0,40,1
44261,56,182062,13,0,0,48,1
44264,46,122026,9,0,0,50,0
44266,43,101950,14,0,0,45,0
44268,52,225317,3,0,0,40,0
44271,33,184016,9,0,0,40,0
44272,20,250165,9,0,0,40,0
44275,42,178780,14,0,0,50,1
44277,54,35459,9,0,0,40,0
44278,35,98986,4,0,0,30,0
44280,21,140764,9,0,0,45,0
44281,30,33124,9,0,0,14,0
44283,32,102986,3,0,0,40,1
44286,54,278329,9,0,0,43,0
44287,32,184440,10,3464,0,40,0
44288,23,140462,9,0,0,40,0
44292,28,215955,9,0,0,40,0
44293,35,82552,12,0,0,40,0
44294,19,41745,10,0,0,40,0
44295,27,73587,9,0,0,35,0
44296,54,263925,2,0,0,50,0
44298,27,284741,10,0,0,30,0
44299,30,293936,9,0,0,50,0
44301,66,175891,5,0,0,40,0
44302,19,276973,10,0,0,20,0
44304,32,144064,13,0,0,40,0
44306,26,224943,11,0,0,65,0
44307,44,151294,10,0,0,25,0
44310,32,189461,9,0,0,60,0
44311,19,36012,9,0,0,40,0
44312,33,85355,9,0,0,30,0
44313,20,157595,10,0,0,40,0
44314,61,197286,4,0,0,40,0
44315,33,362747,10,0,0,35,0
44318,20,163665,9,0,0,20,0
44322,48,70668,9,0,0,50,0
44323,29,33315,12,0,0,40,0
44324,61,63526,8,0,0,52,0
44325,34,591711,10,0,0,48,0
44326,22,200318,12,0,0,15,0
44327,32,97723,9,0,1672,40,0
44328,38,109231,9,0,0,40,0
44331,35,182898,9,8614,0,40,1
44334,50,126592,9,0,0,40,0
44337,63,158199,2,0,0,44,0
44338,35,341102,5,0,0,40,0
44341,25,195201,9,0,0,50,0
44342,51,128272,10,0,0,40,0
44346,26,171114,13,0,0,40,0
44349,19,282698,4,0,0,80,0
44352,18,92864,8,0,0,20,0
44353,46,175428,14,0,0,40,1
44355,29,144784,9,0,0,40,0
44357,41,211253,14,0,0,40,1
44360,39,172700,9,0,0,40,0
44361,21,282484,10,0,0,40,0
44363,33,291494,16,0,0,50,1
44364,28,214702,13,0,0,60,0
44370,27,278122,9,0,0,40,0
44372,34,156890,9,0,0,50,0
44375,34,62396,13,0,0,62,1
44378,22,324922,9,0,0,50,0
44379,61,130684,10,0,0,42,0
44380,40,178983,9,0,0,30,1
44382,30,151967,10,0,0,58,0
44384,52,183146,8,0,0,50,1
44385,50,183638,9,0,0,40,0
44386,49,247892,10,0,0,30,0
44387,22,221480,9,0,0,40,0
44390,25,193787,10,0,0,50,0
44391,34,157466,9,0,0,45,0
44400,31,221167,15,0,0,35,0
44406,44,159911,4,0,0,55,0
44408,28,207213,12,0,0,5,0
44409,30,200192,10,0,0,45,0
44414,26,234190,10,0,0,20,0
44416,26,109097,9,0,0,48,0
44417,36,171393,14,7298,0,55,1
44419,33,289046,9,0,1741,40,0
44420,54,172281,14,0,0,40,1
44424,68,257269,13,0,2377,35,1
44426,56,35723,9,0,0,40,0
44430,43,219307,5,0,0,40,0
44431,46,208067,9,0,0,40,0
44435,31,594187,9,0,0,40,0
44436,27,228476,13,0,0,50,1
44438,36,30267,9,0,0,50,0
44439,23,216811,9,0,0,16,0
44441,31,199368,13,0,0,50,1
44442,52,159755,13,0,1887,40,1
44444,24,417668,13,0,0,30,0
44446,38,296317,9,0,0,40,0
44447,36,164898,9,0,0,40,0
44449,27,42696,9,0,0,40,0
44450,30,262994,10,0,0,40,0
44452,51,103529,7,0,0,30,0
44453,47,97883,13,25236,0,35,1
44454,49,269417,16,0,2258,50,1
44455,34,199539,9,0,0,48,1
44458,28,239130,10,0,0,40,0
44461,31,203463,13,0,0,40,0
44463,23,39844,9,0,0,50,0
44465,67,123393,7,0,0,40,0
44466,32,209538,14,0,0,55,1
44469,38,200220,9,0,0,40,0
44471,18,434430,9,0,0,30,0
44475,27,133359,13,0,0,50,0
44480,25,231714,10,0,0,40,0
44482,43,178866,9,0,0,25,1
44483,31,110643,13,0,1977,55,1
44485,41,217902,9,0,0,40,1
44486,29,77207,14,0,0,30,0
44490,58,265086,13,0,0,50,1
44492,20,333843,9,0,0,40,0
44494,27,116662,9,0,0,40,0
44495,37,353298,9,99999,0,50,1
44496,42,142424,11,0,0,40,0
44503,24,249385,13,0,0,10,0
44507,72,258761,9,0,0,40,0
44509,25,153534,10,0,0,40,0
44512,39,204527,16,0,0,50,1
44513,64,159938,9,2635,0,24,0
44517,18,301814,9,0,0,20,0
44521,48,147860,9,0,0,40,0
44522,20,121023,10,0,0,40,0
44529,46,197988,2,0,0,20,0
44530,19,206599,9,0,0,40,0
44532,41,99212,9,0,0,40,0
44536,46,53893,10,0,0,40,1
44537,53,152810,9,5178,0,45,1
44539,28,336951,9,0,0,50,1
44543,28,210313,6,0,0,40,0
44544,19,181020,7,0,0,30,0
44546,19,256979,9,0,0,35,0
44550,33,182246,9,0,0,40,0
44551,63,76860,13,0,0,40,1
44554,28,183445,9,0,0,70,0
44557,21,233923,10,0,0,24,0
44558,20,48121,9,0,0,40,0
44561,17,401198,7,0,0,15,0
44562,35,243357,7,0,0,40,0
44566,27,411950,10,0,0,40,0
44568,43,52498,13,0,0,50,0
44571,58,224854,9,0,0,40,0
44573,54,98436,14,0,0,40,0
44575,65,210381,13,99999,0,65,1
44578,29,59732,9,0,0,40,0
44579,34,192900,10,0,0,40,1
44581,40,272960,12,0,0,42,1
44582,42,152071,15,0,0,60,1
44584,18,171964,9,0,1602,20,0
44586,38,241962,9,0,0,40,0
44591,57,287229,9,0,0,48,1
44592,22,163911,10,0,0,20,0
44593,31,191834,10,0,0,40,1
44596,39,365739,9,0,0,40,1
44599,38,194534,14,99999,0,60,1
44602,30,348592,9,0,0,44,0
44604,53,226135,5,0,0,40,0
44605,32,172375,13,0,0,38,0
44606,57,127728,15,15024,0,60,1
44607,47,347025,14,0,0,40,0
44612,31,74501,9,0,0,30,0
44614,61,29059,9,0,2754,25,0
44616,35,198341,13,0,0,40,0
44617,59,100453,4,0,0,38,0
44619,47,235683,14,0,0,40,0
44621,64,88470,10,0,0,40,0
44622,26,198801,9,0,0,45,0
44628,44,192771,9,0,0,40,0
44632,33,159548,10,0,0,38,0
44634,38,103474,11,0,0,40,0
44639,62,206063,10,0,0,45,0
44642,19,45546,10,0,0,16,0
44645,54,175594,9,0,0,40,0
44646,58,148673,9,0,0,10,0
44647,30,206322,9,0,0,73,1
44651,32,177675,9,0,0,40,0
44655,53,208321,9,0,1740,40,0
44656,39,240841,10,0,0,25,0
44658,23,442359,13,0,1092,40,0
44660,46,261059,14,0,1977,50,1
44662,24,275395,9,0,0,50,0
44663,20,195767,9,0,0,40,0
44665,24,265434,13,0,0,40,0
44675,20,141453,10,0,0,10,0
44676,36,252231,1,0,0,40,0
44678,39,150057,10,0,0,55,1
44679,25,258276,10,0,0,40,0
44680,40,188465,9,0,0,35,0
44681,25,161007,9,0,0,40,0
44682,33,403468,9,0,0,40,0
44684,18,120243,7,0,0,10,0
44686,25,306908,13,0,0,50,0
44689,27,135001,9,0,0,40,0
44690,28,293398,9,0,0,40,0
44691,23,185106,9,0,0,40,0
44692,29,245790,6,0,0,80,0
44693,26,134004,10,0,0,40,0
44694,26,205036,9,0,0,42,0
44695,26,244495,5,0,0,35,0
44696,38,159179,9,0,0,40,0
44699,32,402361,9,0,0,40,0
44700,57,184553,9,0,0,50,1
44701,31,302626,10,0,0,40,0
44703,39,112731,9,0,0,40,0
44704,35,192923,9,0,2377,40,0
44705,18,761006,7,0,0,20,0
44707,28,182344,9,0,0,40,0
44709,39,30673,5,0,0,40,1
44710,31,484669,10,0,0,40,0
44713,27,165412,9,0,0,40,0
44717,42,118686,10,0,0,20,0
44720,49,126754,9,0,0,40,0
44722,52,311931,3,0,0,15,0
44723,33,283602,3,0,0,59,0
44726,61,380462,4,0,0,40,0
44728,39,114544,13,0,0,45,1
44730,61,227468,9,0,0,40,0
44731,36,66173,12,0,0,15,0
44734,38,423616,11,0,0,36,1
44736,27,216013,9,0,0,40,0
44738,60,255711,13,0,0,60,1
44741,22,203263,9,0,0,50,0
44742,25,261519,9,0,0,35,0
44743,29,91189,13,0,0,48,0
44744,90,195433,9,0,0,30,0
44745,37,272471,9,0,0,40,0
44746,32,311524,9,0,0,38,0
44747,18,151386,9,0,0,40,0
44749,50,108933,5,2885,0,40,0
44757,71,116165,10,0,0,14,0
44758,28,42881,6,0,0,40,0
44759,28,174666,6,0,0,80,0
44769,30,167832,9,0,0,40,0
44771,42,155657,9,0,0,25,0
44773,20,39234,9,0,0,30,0
44775,41,172828,5,0,0,55,0
44776,55,143372,9,0,0,40,0
44777,31,265807,11,3137,0,50,0
44782,52,125932,4,0,0,40,0
44789,35,117381,13,0,0,40,0
44791,35,179668,10,0,0,40,1
44792,57,127277,16,0,0,40,1
44795,51,208899,13,0,0,40,0
44796,35,287658,12,0,0,30,0
44798,17,275051,7,0,0,8,0
44801,29,267989,9,0,0,45,0
44802,39,30269,11,0,0,40,0
44805,73,349347,4,0,0,25,0
44806,47,154033,10,0,1876,40,0
44812,24,184839,10,0,0,40,0
44813,52,302847,7,0,0,40,0
44815,26,192213,14,0,0,40,0
44819,50,269095,13,0,0,40,1
44820,27,279960,9,0,0,40,0
44821,47,176239,10,0,0,40,0
44822,36,115360,6,3464,0,40,0
44824,68,255276,10,0,0,48,1
44828,28,156300,14,0,0,45,0
44831,43,110970,13,0,1902,40,1
44832,49,203067,10,0,0,40,1
44833,59,148844,9,0,0,40,0
44835,26,124111,12,0,0,36,0
44836,59,157303,10,0,0,48,0
44837,34,113838,10,0,0,45,0
44838,34,165737,14,0,0,43,1
44839,67,140849,9,0,0,24,0
44840,45,200363,11,0,0,44,0
44842,51,82578,14,0,0,38,1
44843,31,227146,13,0,0,55,1
44844,42,348886,13,0,0,45,1
44846,23,142766,10,0,0,20,0
44847,31,246439,10,0,0,45,0
44849,17,195262,7,0,0,35,0
44851,48,145636,9,0,0,60,1
44857,44,163331,10,0,0,32,0
44858,43,222756,14,0,0,40,0
44859,39,318918,13,0,0,40,0
44861,23,199884,9,0,0,45,0
44863,49,192203,5,0,0,40,0
44864,52,203392,10,5013,0,40,0
44866,38,167440,13,4508,0,40,0
44867,25,210095,3,0,0,25,0
44868,44,219591,10,0,0,40,0
44870,42,226020,9,0,0,60,0
44871,21,314165,10,0,0,40,0
44878,24,281356,2,0,0,66,0
44880,31,176969,13,0,0,55,0
44881,43,132393,9,0,0,40,0
44882,44,194924,9,0,0,35,1
44883,40,478205,13,0,0,40,0
44884,75,128224,3,0,0,25,0
44889,40,29036,10,0,0,35,0
44890,33,348152,9,0,0,40,0
44892,29,151382,11,0,0,50,0
44895,19,138760,9,0,0,40,0
44896,46,354962,9,0,0,40,0
44898,37,393360,10,0,0,30,0
44899,34,210736,10,0,0,40,0
44901,26,193304,9,0,0,40,0
44904,33,157446,7,0,0,65,0
44905,26,283217,10,0,0,40,0
44907,38,43712,13,7298,0,60,1
44908,61,35649,10,0,0,6,0
44912,40,400061,10,0,0,40,1
44913,18,62972,7,0,0,16,0
44915,41,176452,9,0,0,40,0
44918,27,176683,12,0,0,52,0
44919,39,98077,9,0,0,42,0
44922,27,604045,13,0,0,40,0
44923,30,131568,13,0,0,40,1
44924,42,97688,9,0,0,47,0
44925,23,373628,13,0,0,20,0
44926,56,367984,11,15024,0,40,1
44927,41,193459,10,0,0,50,0
44928,49,250733,9,0,0,46,0
44929,46,199725,11,0,0,60,0
44931,38,122076,10,7298,0,43,1
44933,50,42402,15,0,2415,30,1
44936,27,160786,9,0,0,30,0
44938,46,465974,7,0,0,30,0
44939,47,78529,13,0,0,60,1
44941,22,178390,9,0,0,40,0
44942,51,210940,9,0,2002,45,0
44943,43,64506,10,0,0,30,0
44947,40,59460,10,0,0,38,0
44948,18,234428,7,0,0,20,0
44949,31,215047,13,0,0,50,0
44952,48,148995,14,0,0,40,1
44953,24,229773,10,0,0,35,0
44954,24,174461,12,0,0,22,0
44955,24,250647,11,0,0,40,0
44957,27,151402,9,0,1573,70,0
44958,37,184556,10,0,0,40,0
44966,36,172129,5,0,0,40,0
44967,49,350759,9,0,0,40,0
44969,20,200061,10,0,0,40,0
44971,36,386726,14,0,1977,44,1
44973,38,282753,11,0,0,40,0
44974,32,137367,7,0,0,40,0
44978,71,97870,14,0,0,15,0
44980,53,101432,9,0,0,50,0
44982,64,165479,9,0,0,5,0
44983,42,172307,9,0,0,48,1
44993,63,31389,7,0,0,12,0
44994,20,415913,10,0,0,30,0
44995,33,295591,3,0,0,40,0
44999,42,126003,9,0,0,40,1
45001,28,297735,10,0,0,40,1
45003,36,605502,6,0,0,40,0
45004,37,174150,14,0,0,40,1
45005,38,165466,9,0,0,60,1
45006,52,189728,9,0,0,35,0
45009,36,262688,10,7688,0,50,1
45012,25,149875,13,0,0,40,0
45014,22,60668,10,0,0,40,0
45019,52,102828,9,7688,0,40,1
45021,74,231002,9,0,0,30,1
45022,35,256992,3,0,0,15,0
45023,41,118721,8,0,0,40,0
45024,30,151989,11,0,0,40,0
45025,25,109112,9,0,0,48,0
45027,38,172538,13,15024,0,50,1
45028,34,318982,14,0,1848,40,1
45029,48,204629,14,0,0,50,1
45039,65,176796,16,0,0,40,0
45041,33,49795,13,0,0,45,0
45043,25,307643,9,0,0,40,0
45052,32,267161,13,0,0,30,0
45053,67,160456,7,0,0,40,0
45055,51,123053,14,5013,0,40,0
45059,50,183915,13,0,0,45,1
45062,24,86745,13,0,0,16,0
45063,34,226525,11,0,0,40,0
45064,68,270339,6,0,0,35,0
45066,50,150975,9,0,0,40,0
45069,45,184277,11,0,0,55,1
45070,20,142233,9,0,0,35,0
45072,64,158412,9,0,0,40,0
45074,35,149347,9,0,0,70,0
45075,21,322674,10,0,0,32,0
45080,41,168324,10,0,0,40,1
45081,37,121772,9,0,0,40,0
45082,45,126889,13,0,1887,60,1
45083,20,401690,9,0,0,30,0
45101,47,70754,9,0,0,40,0
45102,50,138852,10,4650,0,22,0
45103,32,175856,10,0,0,40,0
45105,41,104334,10,0,0,50,1
45106,47,197332,13,0,0,40,0
45107,21,205844,10,0,0,25,0
45111,44,183342,15,0,0,55,1
45115,29,207473,4,0,0,40,0
45117,19,311974,9,0,0,25,0
45118,56,175127,6,0,0,40,0
45119,55,111625,9,0,0,60,0
45120,29,48895,9,0,0,50,0
45121,21,27049,9,0,0,25,0
45124,22,218343,9,0,0,40,0
45126,31,272856,9,0,0,50,0
45127,39,30916,9,0,0,40,0
45128,55,276229,10,0,0,40,0
45130,67,39100,9,0,0,5,0
45131,45,192776,13,7298,0,55,1
45132,61,147280,14,0,0,60,1
45133,18,187770,9,0,0,30,0
45134,51,213296,13,0,0,40,0
45136,21,170272,10,0,0,25,0
45139,62,123411,4,0,0,53,0
45140,21,306779,10,0,0,40,0
45142,19,283945,6,0,1602,45,0
45143,20,375698,10,0,0,15,0
45144,41,271753,13,0,0,40,0
45146,47,264052,13,15024,0,50,1
45147,43,28451,13,0,0,37,1
45149,29,185908,13,0,0,55,1
45150,51,198186,13,0,0,40,0
45151,40,242521,11,0,0,40,1
45152,26,337940,3,0,0,40,0
45154,36,129263,9,0,0,40,0
45157,41,113324,9,0,0,40,0
45158,43,187795,13,0,0,45,1
45160,43,185129,13,0,0,40,0
45166,69,107575,9,2964,0,35,0
45168,37,258037,9,0,0,45,1
45170,41,233130,9,0,0,45,0
45171,30,101345,13,3103,0,55,1
45172,23,32897,12,0,0,20,0
45174,37,212465,9,0,0,40,0
45175,25,198587,10,2174,0,50,0
45178,31,46807,13,0,0,40,0
45181,28,237466,10,0,0,30,1
45186,32,76773,10,0,0,40,0
45187,27,109004,9,0,0,40,0
45190,41,182303,10,0,0,50,1
45191,59,296253,14,8614,0,60,1
45192,20,218215,10,0,0,30,0
45196,29,82393,9,0,1590,45,0
45197,23,248978,7,0,0,40,0
45200,58,94429,10,0,0,40,1
45202,29,119793,10,0,0,50,0
45206,61,80896,9,0,0,45,1
45207,31,197886,10,15024,0,45,1
45209,47,121124,13,15024,0,50,1
45211,23,347292,9,0,0,40,0
45214,22,269221,10,0,0,40,0
45216,48,148254,9,0,0,16,1
45217,33,190511,9,0,0,30,0
45218,46,268022,14,0,0,55,1
45220,52,206862,9,0,0,40,0
45222,28,166320,9,0,0,40,0
45223,37,289886,10,0,0,30,0
45226,17,147069,6,0,0,16,0
45233,42,351161,13,0,1887,40,1
45234,66,210750,10,0,0,50,0
45238,21,509629,10,0,0,35,0
45240,33,69727,4,0,0,40,0
45242,37,50862,9,0,0,55,0
45243,50,182907,9,0,0,25,0
45245,29,168015,9,0,0,40,0
45246,24,149396,10,0,0,30,0
45247,39,184964,10,0,0,40,1
45248,34,398988,13,0,0,40,0
45250,60,252413,10,0,0,32,1
45251,33,181372,14,0,0,50,1
45254,46,363875,10,0,0,40,0
45255,63,287277,9,0,0,40,0
45256,38,172342,10,0,0,40,0
45258,29,122127,13,8614,0,40,1
45262,42,282062,5,0,0,40,0
45263,48,235108,9,0,0,40,0
45264,33,339482,9,0,0,40,0
45265,24,181820,10,0,0,40,0
45266,49,99335,10,0,0,50,0
45267,40,367533,10,2580,0,40,0
45268,57,64960,11,0,1902,45,0
45269,50,269095,9,0,0,40,0
45270,46,58683,13,15024,0,55,1
45271,35,89508,10,3908,0,60,0
45274,20,115057,9,0,0,40,0
45277,40,178866,9,0,0,20,1
45280,38,309230,10,0,0,40,1
45281,28,45613,10,0,0,40,0
45284,27,165519,9,0,0,40,0
45286,38,143123,13,0,0,40,1
45289,41,191451,14,0,0,60,1
45290,37,99146,13,0,0,60,1
45293,25,189897,9,0,0,40,0
45296,35,194960,9,0,0,40,0
45298,27,137629,9,0,0,80,1
45299,42,156526,10,0,0,33,0
45300,26,189238,5,0,0,38,0
45301,23,202989,9,0,0,40,0
45302,28,25684,9,0,0,40,0
45304,28,138692,10,0,0,50,0
45307,23,190650,13,0,0,35,0
45309,48,182313,10,0,0,40,0
45313,47,216414,16,0,0,40,1
45314,22,171176,9,0,0,48,0
45315,29,356133,10,0,0,40,0
45318,40,56651,9,0,0,40,0
45319,28,154863,5,0,0,40,1
45320,46,44706,13,0,0,50,1
45322,32,248754,10,0,0,40,0
45325,46,188325,9,0,0,40,0
45328,31,169122,10,0,0,50,0
45329,48,216734,10,0,0,40,0
45335,36,76417,9,0,0,52,0
45336,43,351576,13,0,0,50,1
45338,33,79923,14,0,0,45,1
45339,33,117983,6,0,0,45,0
45340,36,186110,10,0,0,40,0
45341,37,187589,9,5178,0,40,1
45344,45,162923,9,0,0,60,0
45346,28,33798,11,0,0,40,0
45349,24,113515,9,0,0,40,0
45351,36,98515,11,0,0,40,0
45354,32,123964,10,4386,0,50,0
45355,26,68991,9,0,0,40,0
45359,60,372838,9,0,0,40,0
45361,45,98475,13,0,0,45,0
45362,37,97136,10,0,0,40,0
45363,29,136985,12,0,0,40,0
45365,46,107231,10,0,1740,40,0
45366,20,305874,10,0,0,40,0
45368,48,248254,10,7298,0,40,1
45369,38,160808,9,4386,0,48,0
45371,53,247651,4,0,0,56,0
45375,36,224886,9,0,0,40,0
45379,37,292370,13,0,0,50,1
45383,36,109133,10,0,0,40,0
45385,25,226891,11,0,0,40,0
45386,33,241885,10,0,0,40,0
45389,24,211585,9,0,0,40,0
45390,47,178309,10,0,0,40,0
45391,48,481987,6,0,0,40,0
45393,33,194901,13,0,0,40,1
45394,44,340885,13,0,1977,40,1
45395,33,190290,11,0,0,56,0
45396,26,188569,10,0,0,25,0
45398,34,287315,10,0,0,55,1
45399,31,304212,10,0,0,45,0
45402,51,46401,10,0,0,40,1
45403,36,37778,10,0,0,40,0
45404,29,191722,10,7688,0,54,1
45406,24,143766,10,0,0,55,0
45411,17,28031,5,0,0,16,0
45413,50,334273,13,0,0,8,0
45414,30,356015,7,0,0,40,0
45419,31,81030,16,0,0,40,1
45422,53,347446,5,0,0,40,0
45424,43,190403,13,0,0,40,0
45425,56,109015,10,7688,0,50,1
45426,38,234807,13,0,0,50,1
45427,18,157131,7,0,0,30,0
45428,50,94081,9,0,0,40,1
45430,27,103164,7,0,0,40,0
45432,24,215797,13,0,0,40,0
45433,20,289405,10,0,1602,15,0
45436,30,443546,11,0,0,35,0
45437,37,141029,14,0,0,40,0
45442,47,73394,10,0,0,50,0
45443,23,249046,6,0,0,40,0
45444,51,100653,9,0,0,8,0
45445,42,1125613,9,0,0,40,0
45448,20,192711,10,0,0,40,0
45450,41,100451,9,7688,0,38,1
45452,45,168191,13,0,0,35,1
45453,27,153475,13,0,0,40,0
45455,41,180138,9,0,0,50,0
45456,22,48347,10,0,0,40,0
45457,55,175071,10,15024,0,40,1
45458,66,129476,13,0,0,6,0
45459,25,181772,10,0,0,40,0
45463,44,278476,10,0,0,60,1
45467,25,397962,9,0,0,40,0
45468,31,178370,9,0,0,99,1
45470,40,56072,14,0,0,20,0
45471,26,176756,10,0,0,40,0
45472,28,60374,9,0,0,35,0
45473,52,165681,10,0,0,40,1
45474,41,287037,9,0,0,40,0
45476,48,155509,9,0,0,16,0
45479,59,314149,11,0,1740,50,0
45480,19,264593,10,0,0,40,0
45482,39,454915,9,0,0,40,0
45484,38,150057,9,0,0,40,0
45487,59,184948,11,0,0,48,0
45491,24,233280,12,0,0,37,0
45493,26,227489,10,0,0,40,0
45496,39,116608,9,0,0,40,0
45497,28,180007,10,0,0,40,0
45499,20,238917,9,0,0,40,0
45504,43,160369,6,0,0,25,0
45505,39,206298,10,0,0,40,0
45506,27,183523,13,0,0,45,0
45510,23,201682,13,0,0,35,0
45511,60,178312,9,7298,0,65,1
45515,24,259510,13,5013,0,30,0
45517,58,78104,10,7298,0,60,1
45518,22,113703,10,0,0,20,0
45519,41,187802,10,0,0,40,0
45523,49,315998,13,0,0,50,0
45524,30,159589,13,7688,0,50,1
45525,38,60313,9,0,0,40,0
45526,58,32855,9,0,0,48,0
45527,58,142326,13,0,0,50,0
45530,32,206541,11,0,0,45,1
45531,33,177828,9,0,0,50,0
45533,22,89991,10,0,0,11,0
45534,35,186009,9,0,0,40,1
45535,59,170988,9,0,0,55,0
45536,45,180239,15,7688,0,40,1
45537,50,213654,9,0,0,40,0
45538,56,32316,8,0,0,40,0
45539,36,150371,9,0,0,40,0
45540,18,387871,6,0,0,30,0
45542,42,240255,11,0,0,40,1
45545,42,171424,13,7298,0,45,1
45546,36,148581,9,0,0,55,1
45547,52,89705,14,0,0,40,1
45548,42,248406,9,0,0,40,0
45550,31,137537,13,0,0,40,0
45551,47,225065,3,0,0,40,0
45552,35,217274,10,0,0,50,0
45553,19,69151,5,0,0,25,0
45554,59,81107,10,0,0,80,1
45555,38,205852,13,0,0,40,1
45556,36,201117,13,0,0,50,0
45558,39,115422,9,0,0,30,0
45560,17,39815,6,0,0,25,0
45562,19,164938,10,0,0,25,0
45564,26,253841,9,0,0,45,0
45567,38,320305,4,0,0,40,0
45568,25,229287,13,0,0,25,0
45572,60,202226,10,0,0,44,1
45575,33,31703,10,0,0,40,0
45577,43,180599,15,15024,0,60,1
45582,39,176634,12,0,0,40,0
45585,24,44738,9,0,0,40,0
45586,32,130040,9,0,0,40,0
45590,45,312678,14,0,0,38,0
45593,63,131519,9,0,0,40,0
45594,45,285060,13,0,0,50,1
45596,23,130905,13,0,0,40,0
45597,50,146325,9,0,0,44,1
45599,22,137876,10,0,0,40,0
45601,29,82910,10,0,0,40,0
45603,60,532845,2,0,0,40,1
45604,46,195833,13,0,0,50,0
45605,67,98882,14,0,0,40,0
45607,23,55215,13,0,0,55,0
45609,60,185836,15,0,0,40,1
45612,37,224566,9,0,0,40,0
45613,58,200040,9,0,0,40,0
45614,25,41526,13,0,0,30,0
45615,27,89598,10,0,0,60,0
45617,43,30824,10,0,0,40,0
45622,53,346871,9,4787,0,46,1
45624,18,101709,7,0,0,15,0
45625,20,125010,9,0,0,30,0
45628,46,604380,9,0,0,40,0
45629,28,174327,9,0,0,50,0
45633,50,251240,14,0,0,40,1
45634,43,143046,9,0,0,40,0
45635,32,210541,13,0,0,30,0
45640,20,174461,9,0,0,5,0
45642,46,164427,9,0,0,45,0
45644,46,192779,15,15024,0,60,1
45647,22,336215,12,0,0,25,0
45648,33,78307,13,0,0,40,0
45649,49,233059,11,0,0,40,0
45650,62,91433,6,0,0,40,0
45652,24,86065,9,0,0,40,0
45654,41,180181,14,0,0,40,0
45656,22,125905,10,0,0,40,0
45658,42,314649,9,0,0,40,0
45659,22,283969,9,0,0,40,0
45660,32,35595,9,0,0,50,0
45662,66,178120,3,0,0,15,0
45666,24,23438,9,0,0,40,0
45670,30,271933,9,0,0,40,0
45671,54,141663,9,0,0,15,0
45673,56,92215,5,0,0,40,1
45674,47,93449,9,0,0,60,0
45675,29,235393,9,0,0,40,0
45677,22,189277,9,0,0,40,0
45678,50,204577,13,0,1902,60,1
45679,42,344572,9,0,0,40,1
45684,31,112627,9,0,0,40,0
45685,48,125120,10,0,0,55,0
45687,24,243190,12,8614,0,40,1
45688,47,583755,9,0,0,40,1
45689,36,68089,9,0,0,40,0
45692,27,279580,13,10520,0,45,1
45693,36,437909,9,0,0,40,0
45694,54,420691,2,0,0,40,0
45695,33,94193,9,0,0,40,0
45701,35,213208,11,0,0,38,0
45704,24,88676,9,0,0,35,0
45705,44,151089,9,0,0,40,0
45706,62,138621,11,0,0,20,0
45707,45,30457,13,15024,0,40,1
45711,54,103024,9,0,0,42,1
45712,41,510072,13,0,0,40,1
45714,20,249956,10,0,0,10,0
45715,51,177705,13,0,0,50,1
45716,45,121124,15,0,0,50,1
45720,32,222548,9,0,0,40,0
45722,61,316359,10,0,0,40,0
45727,55,189933,10,0,0,84,0
45728,27,501172,10,0,419,20,0
45729,33,361497,9,0,0,70,0
45732,32,62272,9,0,0,40,0
45733,38,189916,10,0,0,40,0
45735,35,105803,10,0,0,50,1
45736,67,53588,9,0,0,40,0
45737,29,107998,9,0,0,40,0
45738,19,340567,2,0,0,55,0
45739,39,167777,7,0,0,35,0
45743,42,195897,4,0,0,40,0
45744,34,242984,13,0,0,40,0
45749,43,180407,13,0,0,42,0
45750,49,121238,10,0,0,40,0
45756,31,62165,9,0,0,40,0
45757,26,224361,10,0,0,40,0
45761,24,138504,9,0,0,37,0
45766,30,609789,11,0,0,40,0
45768,74,84197,14,0,0,10,0
45769,36,162312,9,0,0,70,0
45770,36,138441,12,0,0,55,0
45771,29,239753,9,0,2057,20,0
45772,39,262158,13,0,0,45,0
45778,51,306790,9,0,0,40,0
45779,21,33831,9,0,0,40,0
45780,36,188972,10,0,0,40,0
45781,50,313546,9,0,0,40,0
45785,36,306646,13,0,0,55,1
45787,34,169583,14,0,0,50,0
45788,19,127085,10,0,0,10,0
45790,36,111387,6,0,0,40,0
45792,29,213692,10,0,0,45,0
45793,23,163665,9,0,0,32,0
45794,35,30529,9,0,0,40,0
45798,19,60412,10,0,0,15,0
45800,38,194304,10,0,0,55,0
45801,35,160910,10,0,0,50,0
45808,29,78529,6,0,0,12,0
45812,44,173382,12,0,0,40,0
45814,25,215384,7,0,0,40,0
45819,22,32616,10,0,0,30,0
45820,49,149210,9,0,0,40,0
45823,43,282069,10,0,0,42,0
45825,33,356823,13,10520,0,45,1
45827,25,231638,10,0,0,24,0
45828,40,191342,13,0,0,40,1
45830,48,373606,10,0,0,65,1
45832,33,288840,9,0,0,38,0
45835,48,82098,10,0,0,65,0
45837,29,78261,9,0,0,40,0
45838,33,355996,6,0,0,40,0
45839,64,218490,13,27828,0,55,1
45840,44,110908,11,0,0,25,0
45841,42,34218,13,7298,0,50,1
45842,49,248895,9,0,0,45,0
45844,33,272411,13,0,0,40,0
45845,38,128033,10,0,0,60,0
45846,20,177287,9,0,0,38,0
45847,44,197344,9,0,0,50,0
45851,38,27408,9,0,0,50,0
45853,27,162404,9,2174,0,40,0
45854,64,236341,3,0,0,16,0
45856,34,30433,13,0,0,35,0
45858,42,221172,9,0,0,40,0
45869,28,116613,10,0,0,24,0
45871,36,365739,9,0,0,40,0
45873,38,125933,13,0,0,40,1
45879,25,236564,9,0,0,40,0
45882,65,160654,9,0,0,20,0
45883,18,122775,9,0,0,35,0
45884,26,214413,7,6497,0,48,0
45885,30,329425,10,0,0,48,0
45886,61,178312,12,0,0,42,0
45890,43,130126,10,15024,0,45,1
45891,60,399387,4,0,0,15,0
45892,47,163814,6,0,0,40,0
45896,31,243165,13,0,0,40,0
45897,33,173806,14,0,0,30,0
45898,27,65308,9,0,0,50,0
45899,44,408531,9,0,0,40,1
45901,37,314963,10,0,0,40,0
45903,51,293196,10,0,0,40,1
45904,51,95329,14,0,0,40,0
45905,25,45474,13,0,0,60,0
45906,25,372728,13,0,0,24,0
45907,29,116394,13,0,0,50,1
45909,55,327589,9,0,0,40,0
45913,51,230095,11,0,0,40,0
45914,30,139012,11,2463,0,40,0
45916,37,171150,13,99999,0,60,1
45920,23,303121,10,0,0,30,0
45924,27,183802,9,0,0,40,0
45928,42,251239,10,0,0,40,0
45929,45,112761,9,0,0,40,0
45933,56,133819,9,0,0,40,0
45934,34,185556,10,0,0,12,1
45940,66,234743,10,0,0,24,0
45941,29,106179,10,0,1408,40,0
45945,64,66634,13,27828,0,50,1
45946,35,138441,9,0,0,35,0
45947,22,279802,10,0,0,40,0
45948,58,407138,4,2936,0,50,0
45950,24,204172,9,0,0,48,0
45955,27,107812,13,0,0,40,1
45957,52,117496,13,0,1755,40,1
45958,30,209691,4,0,0,40,0
45959,22,314525,13,0,0,40,0
45962,49,187370,14,15024,0,50,1
45964,46,219293,9,0,0,80,1
45965,17,136363,6,0,0,20,0
45966,45,233799,2,0,0,40,0
45969,26,187652,9,0,0,78,1
45970,23,188545,12,0,1974,20,0
45971,44,58124,13,0,0,45,0
45972,36,321733,13,0,1741,40,0
45979,55,227203,12,0,0,5,0
45981,37,34146,9,0,0,68,0
45982,36,34378,11,3908,0,75,0
45988,38,22245,11,0,0,40,0
45991,67,201657,13,0,0,60,0
46000,44,210525,13,0,0,40,1
46002,18,152246,10,0,0,16,0
46004,44,110396,14,14084,0,56,1
46007,35,41777,8,0,0,20,0
46008,58,234841,9,0,0,72,0
46011,32,63564,9,0,0,40,0
46013,44,370502,9,0,0,25,0
46014,33,59083,13,0,1902,45,1
46016,42,32981,9,0,0,40,0
46019,31,209213,9,0,0,40,0
46020,33,150657,13,0,0,40,0
46021,50,124793,10,0,0,55,0
46024,22,38251,12,0,0,35,0
46025,66,162945,15,20051,0,55,1
46028,41,44006,11,0,0,40,0
46029,42,119679,9,0,1579,42,0
46031,45,172111,13,0,0,60,0
46032,51,32372,8,0,0,99,0
46036,60,119832,10,7298,0,40,1
46039,39,194004,9,0,0,70,0
46040,46,177633,9,0,0,50,1
46042,36,30509,10,0,0,45,0
46043,21,118712,9,0,0,35,0
46044,41,199018,15,0,0,40,1
46051,24,231473,12,0,0,30,0
46052,59,158813,10,0,0,60,1
46053,36,346478,13,0,2415,45,1
46054,54,215990,10,7688,0,40,1
46057,54,156800,13,0,0,50,0
46059,50,175339,9,0,0,40,1
46066,28,227840,9,0,0,40,0
46068,44,186916,10,0,1887,60,1
46070,26,157028,14,0,0,55,1
46071,37,188774,13,0,2824,40,1
46072,64,146272,10,3411,0,15,0
46077,44,213416,3,0,0,40,0
46078,46,345911,10,0,0,40,0
46080,42,126320,10,0,0,40,0
46081,33,235271,13,0,0,50,1
46082,61,141745,9,0,0,40,0
46083,47,359461,13,0,0,40,0
46089,33,231413,13,0,0,40,0
46090,39,119421,13,0,0,42,0
46093,35,187053,13,0,0,50,0
46095,55,193895,4,0,0,40,0
46099,24,196742,9,0,0,40,0
46107,36,90159,13,0,0,32,1
46108,40,175398,11,0,0,20,0
46109,56,53366,7,0,0,20,0
46110,50,46155,11,0,0,40,1
46111,55,61708,9,6418,0,50,1
46116,26,182332,11,0,0,40,0
46117,60,48788,13,5455,0,55,0
46119,29,107458,9,0,0,40,0
46124,36,214378,9,0,0,40,1
46125,25,111243,9,0,0,50,0
46131,64,166715,10,0,0,20,0
46133,37,73471,13,0,1887,47,1
46134,51,241745,3,0,0,40,0
46135,35,316141,10,7443,0,40,0
46140,52,298035,14,0,0,40,0
46143,36,97136,13,0,0,40,0
46144,33,347623,14,0,0,40,0
46145,40,117917,9,0,0,50,0
46146,45,266860,13,0,0,50,1
46147,22,71864,10,0,0,35,0
46148,47,158451,14,0,0,2,1
46149,24,229826,9,0,0,30,0
46151,40,151365,9,0,0,40,0
46152,40,360884,10,0,0,50,1
46154,43,116666,15,0,0,35,1
46155,63,214143,13,0,0,40,0
46156,18,45316,7,0,0,20,0
46157,19,311974,2,0,0,40,0
46159,27,115945,14,0,0,45,1
46162,71,181301,9,0,0,40,0
46164,29,233168,13,0,0,46,1
46166,46,336984,9,0,0,17,0
46170,22,228306,10,0,0,40,1
46171,32,329993,10,0,0,50,0
46172,40,247469,16,0,0,30,1
46176,40,236021,10,0,0,50,0
46177,34,103371,11,0,0,40,0
46178,19,199480,6,0,0,25,0
46179,53,152657,6,0,0,40,0
46180,42,460214,10,0,0,40,1
46181,38,91039,14,0,0,65,1
46182,41,197372,9,0,0,60,1
46183,64,267198,15,0,0,16,0
46184,30,111883,10,0,0,40,0
46186,19,292583,9,0,0,30,0
46188,35,475324,13,0,0,45,0
46191,38,65706,10,0,0,38,0
46192,50,156606,10,0,0,30,0
46193,23,200967,9,0,0,10,0
46196,48,232145,9,0,0,40,0
46197,43,96421,13,0,0,24,0
46200,23,380544,10,0,0,40,1
46203,26,276548,9,0,0,20,0
46204,55,176046,14,0,2267,40,0
46205,37,114605,9,0,0,40,0
46206,43,323713,9,0,0,40,0
46207,38,261382,10,0,0,40,0
46209,47,355978,16,0,2002,45,0
46210,44,107218,13,0,0,40,0
46211,28,31717,9,0,0,40,0
46212,51,328947,10,0,0,40,0
46213,51,148431,9,0,0,40,0
46216,31,83425,10,0,0,40,0
46218,23,57898,10,0,0,30,0
46222,37,208358,10,0,0,40,1
46224,23,215115,13,0,0,40,0
46227,38,64879,10,0,0,40,0
46230,37,98389,9,0,0,50,1
46233,48,332465,13,0,0,35,0
46234,17,38611,7,0,0,23,0
46235,55,368797,14,0,1977,60,1
46239,53,312446,13,0,0,60,1
46241,36,172538,14,0,0,40,0
46246,36,170376,9,0,0,45,1
46249,33,141841,9,0,0,36,0
46251,20,137974,10,0,0,30,0
46252,64,161325,12,0,1887,50,1
46256,45,149218,13,0,0,77,0
46257,45,374450,9,5178,0,40,1
46261,20,203027,9,0,0,55,0
46262,54,223752,13,7688,0,40,1
46263,17,132680,6,0,1602,10,0
46267,44,456236,14,0,0,40,0
46268,49,163229,9,0,0,50,0
46270,43,118853,10,4386,0,99,1
46271,33,31449,12,0,0,40,0
46272,35,204163,10,0,0,55,0
46278,61,167347,10,0,0,35,0
46279,41,184378,9,0,0,40,0
46280,36,348960,9,0,0,50,0
46282,27,297457,9,0,0,40,0
46283,18,279593,7,0,0,2,0
46286,23,140414,9,0,0,40,0
46287,43,24763,14,0,1887,45,1
46288,38,462832,10,0,0,40,0
46292,51,392668,16,15024,0,84,1
46293,35,108140,13,0,0,40,1
46295,47,142581,10,0,0,40,1
46296,26,147982,7,0,0,40,0
46297,31,440129,10,0,0,40,1
46298,46,200734,10,0,0,35,0
46302,46,52291,13,7688,0,45,1
46303,70,303588,10,0,0,20,0
46304,19,96176,10,0,0,20,0
46307,17,160029,7,0,0,22,0
46309,19,39756,10,0,0,15,0
46311,51,117253,9,0,0,40,0
46313,24,214542,10,0,0,60,0
46315,59,126668,11,5178,0,50,1
46316,27,401508,9,0,0,40,0
46319,28,115677,12,0,0,32,0
46323,67,132626,10,0,0,6,0
46324,35,185621,13,0,0,60,1
46327,29,211482,13,0,0,40,0
46329,55,209535,9,0,0,40,0
46330,56,187873,14,0,0,40,0
46331,19,174732,10,0,0,25,0
46332,36,297847,9,0,2001,40,0
46337,18,174394,9,0,0,20,0
46339,51,72436,9,0,0,57,1
46342,33,393376,7,0,0,40,0
46349,19,113915,9,0,0,10,0
46353,36,218689,14,0,1977,50,1
46354,17,116626,7,0,1719,18,0
46357,32,167990,14,14084,0,40,1
46359,54,425804,10,0,0,45,1
46361,58,72812,6,0,0,40,0
46365,52,361875,10,0,0,50,0
46366,25,197130,9,0,0,30,0
46369,59,261584,13,0,0,40,0
46372,26,88449,9,0,0,36,0
46382,34,338416,6,0,0,60,0
46383,21,212888,7,0,0,56,0
46384,57,310320,13,0,0,48,1
46385,55,359972,13,0,1887,40,1
46386,51,64643,9,0,0,60,0
46389,18,165532,10,0,0,15,0
46391,46,213140,13,0,0,40,1
46394,33,391114,9,0,0,40,0
46395,47,219632,3,0,0,40,0
46397,40,799281,9,0,0,38,0
46398,42,657397,9,0,0,40,0
46400,51,168660,7,0,0,40,0
46401,44,191149,10,0,0,57,0
46404,63,29859,4,7688,0,60,1
46405,52,204226,9,0,0,45,0
46406,42,246862,10,3325,0,40,0
46408,30,426431,14,10520,0,40,1
46409,34,84154,13,0,0,50,0
46411,31,130021,9,0,0,45,0
46413,25,367306,10,0,0,40,0
46414,38,65624,9,0,0,40,0
46416,22,117747,10,0,0,40,0
46417,18,266681,7,0,0,20,0
46420,43,233130,9,0,0,20,0
46421,21,149637,10,0,0,25,0
46423,26,121559,9,0,0,40,0
46424,54,230951,13,0,0,40,1
46425,18,345285,7,0,0,20,0
46431,22,210781,13,0,0,35,0
46433,48,119471,16,0,0,40,1
46434,30,226396,9,0,0,30,0
46437,32,169186,9,0,0,5,0
46439,29,208406,9,0,0,35,0
46441,38,255191,9,0,0,40,0
46442,34,177733,5,0,0,35,0
46444,36,187203,11,0,0,50,0
46446,33,122672,9,0,0,50,0
46453,31,198613,9,0,0,35,0
46454,24,330571,13,0,0,40,0
46456,21,132243,12,0,0,5,0
46458,22,193586,9,0,0,25,0
46463,74,292915,13,0,1825,12,1
46466,43,193459,7,0,0,40,0
46468,33,126223,9,0,0,40,0
46470,64,153894,13,0,0,40,0
46475,66,76212,9,0,0,50,1
46476,31,301168,10,0,0,40,0
46477,22,440969,10,0,0,24,0
46481,36,247936,9,0,0,2,0
46484,45,25649,10,7298,0,50,1
46486,38,187870,15,0,2415,90,1
46488,30,487330,10,0,0,30,0
46489,17,34019,6,0,0,20,0
46490,17,250541,7,0,0,8,0
46491,21,318987,11,0,0,40,0
46497,55,227856,13,7298,0,60,1
46501,39,187167,10,0,0,40,0
46503,38,108140,13,0,0,40,0
46504,44,150533,10,0,1876,55,0
46505,51,313702,9,0,0,40,0
46506,20,39803,10,0,1719,36,0
46507,25,252752,10,0,0,45,0
46509,45,361842,9,0,0,40,0
46510,17,231438,7,0,0,12,0
46511,20,178469,9,0,0,15,0
46512,64,116620,14,0,0,25,0
46514,74,109101,10,0,0,4,0
46518,23,444554,9,0,0,50,0
46520,34,106761,13,0,0,45,1
46521,18,189924,9,0,0,24,0
46525,50,190333,15,99999,0,55,1
46526,18,251923,7,0,0,15,0
46528,34,180284,10,0,0,50,0
46530,56,68658,10,0,0,40,1
46535,60,404023,9,10520,0,40,1
46536,57,109015,8,0,0,40,0
46540,39,363630,9,7688,0,52,1
46544,56,170217,9,0,0,45,0
46547,59,322691,14,0,0,50,1
46554,32,156464,9,0,1902,50,1
46555,51,129525,9,0,0,40,0
46559,38,219902,9,0,0,30,0
46560,29,375482,13,0,0,50,0
46565,66,132055,9,0,1825,40,1
46566,41,212894,3,0,0,40,0
46571,47,140644,9,0,0,40,1
46573,32,151773,10,0,0,45,0
46574,51,341548,10,0,0,40,0
46577,22,48988,10,0,0,40,0
46579,20,82777,9,0,0,40,0
46580,42,152676,4,0,0,40,0
46581,18,115815,9,0,0,20,0
46582,23,168009,6,0,0,40,0
46585,40,126868,9,0,0,40,0
46591,39,172855,9,0,0,40,0
46593,42,364832,4,0,0,40,0
46596,42,276218,9,0,0,40,1
46597,22,251196,10,0,0,20,0
46598,33,196898,13,0,0,40,0
46601,46,415051,10,0,0,60,1
46603,28,129460,11,0,0,30,0
46609,17,128617,6,0,0,26,0
46613,39,339442,9,2176,0,40,0
46614,30,289442,9,0,0,40,0
46618,49,252079,10,0,0,40,1
46620,50,175804,13,0,0,40,1
46622,50,201513,9,0,0,40,0
46624,41,124692,10,0,0,40,1
46627,47,180277,9,0,0,40,0
46628,39,191342,13,0,0,50,0
46629,29,250967,11,0,1887,48,1
46630,46,153254,9,0,0,40,0
46631,18,362600,3,0,0,40,0
46634,43,48193,12,0,0,40,0
46635,35,22463,9,0,0,40,0
46639,61,176689,9,0,0,40,0
46640,24,220993,9,0,0,50,0
46641,21,512828,9,0,0,40,0
46643,37,65291,11,0,0,40,0
46645,49,181657,10,0,0,50,0
46648,18,337046,6,0,0,40,0
46650,20,250037,10,0,0,18,0
46652,23,260617,6,0,0,40,0
46654,36,531055,9,0,1902,48,1
46659,22,121144,13,0,0,18,0
46660,20,26842,10,2176,0,40,0
46663,34,152246,9,0,0,52,0
46664,38,108140,14,0,0,50,1
46668,33,80058,9,0,0,40,0
46669,31,48520,12,0,0,40,0
46670,61,411652,8,0,0,40,0
46675,61,172037,9,0,0,40,0
46679,61,103575,9,0,0,37,0
46680,54,200783,10,0,0,40,0
46690,42,345504,11,0,0,35,0
46691,64,137205,11,0,0,48,0
46692,29,327779,10,0,0,20,0
46695,48,131309,14,0,0,45,1
46696,44,188331,10,0,0,38,0
46697,34,194740,10,0,0,40,0
46698,40,43711,9,0,0,45,0
46699,45,187033,9,0,2051,40,0
46700,23,233923,10,0,0,20,0
46703,57,186386,13,10520,0,40,1
46707,56,75214,15,0,0,32,1
46708,42,284758,9,0,0,40,0
46710,38,333651,13,15024,0,70,1
46711,29,115305,11,7688,0,40,1
46713,40,198096,9,0,0,40,1
46717,51,251841,11,0,0,43,0
46724,28,34532,13,0,0,30,0
46728,66,102640,9,0,0,35,0
46730,39,472166,10,0,0,40,0
46732,47,70943,9,5178,0,40,1
46733,39,294919,9,0,0,60,0
46737,29,191935,9,0,0,40,0
46740,42,183319,3,0,0,60,0
46742,34,185216,10,0,0,40,0
46743,51,161838,11,0,0,57,0
46745,21,138816,9,0,0,20,0
46746,33,99761,13,0,0,15,0
46748,32,129020,9,0,0,40,0
46749,38,365465,11,0,0,15,0
46751,35,89622,10,0,0,50,1
46757,37,265737,10,0,1887,60,1
46760,38,216845,9,0,0,42,0
46761,34,35683,12,0,0,10,0
46762,50,371305,9,0,1902,60,1
46765,47,207120,11,0,0,38,1
46766,46,295334,16,0,0,60,1
46770,36,185325,9,0,0,35,0
46771,28,167336,10,10520,0,40,1
46773,34,176117,10,0,0,35,0
46777,55,134120,6,99999,0,40,1
46778,39,251710,6,0,1721,15,0
46782,21,89154,7,0,0,42,0
46783,60,198727,9,0,0,30,0
46784,43,87284,10,0,0,40,0
46786,23,227070,10,0,0,48,0
46787,57,189824,10,7298,0,40,1
46790,22,112693,9,0,0,35,0
46791,23,417605,3,0,0,40,0
46792,61,140300,9,0,0,44,0
46794,17,187539,7,0,0,10,0
46795,21,237051,10,0,0,25,0
46801,21,502837,9,0,0,40,0
46802,27,212232,10,0,0,40,1
46803,57,300104,9,0,0,84,1
46804,22,156933,9,0,0,25,0
46807,38,226357,9,0,0,40,0
46813,41,242619,12,0,0,80,0
46815,33,87310,5,0,0,50,0
46816,29,134566,14,0,0,20,0
46818,35,239409,6,0,0,50,0
46819,36,203717,9,0,0,40,0
46822,35,135289,9,0,0,60,0
46826,47,102308,13,0,0,50,1
46832,45,288437,9,4064,0,40,0
46834,30,316471,13,0,0,50,0
46835,22,50058,10,0,0,35,0
46839,61,229744,2,3942,0,20,0
46840,27,141545,9,0,1902,45,0
46842,60,132529,9,0,0,40,0
46845,40,223277,13,0,0,50,1
46849,20,79691,9,0,0,40,0
46851,25,124111,10,0,0,40,0
46852,47,104521,11,0,0,40,1
46854,34,112564,9,0,0,45,0
46856,23,239663,10,2597,0,50,0
46857,46,269284,12,0,0,40,0
46860,17,27415,7,0,0,20,0
46862,37,148143,9,0,0,40,0
46865,18,51574,9,0,1602,38,0
46868,22,396895,3,0,0,35,0
46869,66,71075,10,0,0,55,0
46870,35,129573,9,0,0,65,0
46871,40,183765,12,0,0,40,1
46874,34,200117,6,0,0,40,0
46878,42,191149,14,0,0,40,0
46879,41,29702,11,0,0,30,0
46882,24,210736,9,0,1974,40,0
46885,44,47818,9,0,0,60,0
46890,42,153414,13,0,0,40,1
46898,52,30731,13,0,0,45,1
46899,35,412379,9,0,0,40,0
46908,70,102610,6,0,0,32,0
46909,65,115513,13,5556,0,48,1
46913,60,162347,15,0,1902,40,1
46914,18,138557,7,0,0,40,0
46915,21,170456,10,0,0,35,0
46920,47,168232,13,7298,0,40,1
46922,21,242736,12,0,0,40,0
46923,38,67317,13,0,0,60,0
46924,34,265807,9,0,2051,55,0
46925,37,99357,12,0,0,30,0
46928,23,62339,13,0,0,40,0
46931,23,157331,13,0,0,40,0
46933,30,164190,13,0,0,42,0
46935,26,304283,9,0,0,40,0
46938,43,104660,14,4934,0,40,1
46939,42,79036,9,0,0,40,0
46940,72,165622,10,0,0,25,0
46942,57,199847,13,15024,0,60,1
46943,24,22966,13,0,0,45,0
46944,27,59068,9,0,0,40,0
46947,17,143868,5,0,0,40,0
46949,39,176279,13,0,0,40,0
46954,20,122244,9,0,0,28,0
46955,49,125892,9,0,0,40,0
46956,44,155472,12,1151,0,50,0
46958,18,245274,10,0,0,16,0
46960,51,182944,9,0,0,40,0
46968,63,331527,6,0,0,40,0
46975,46,148738,9,0,1740,35,0
46976,47,102583,9,0,0,30,1
46977,35,111387,5,0,0,40,0
46979,22,334593,10,0,0,40,0
46980,43,101950,13,0,0,35,0
46981,60,212856,14,0,0,40,1
46982,53,183973,7,0,0,48,1
46984,34,158615,10,0,0,40,0
46985,37,29145,11,0,0,40,0
46986,35,40135,9,0,0,30,0
46987,23,224640,10,0,0,40,0
46989,29,167737,9,0,0,50,0
46990,23,60331,10,0,0,40,0
46993,27,255237,13,0,0,40,0
46994,56,192325,10,0,0,20,0
46995,40,163342,9,0,0,70,0
46996,31,129775,13,0,0,65,0
46998,25,397317,12,0,0,40,0
47000,38,141550,6,0,0,40,0
47001,52,35576,9,0,0,40,0
47002,23,376383,9,0,0,35,0
47005,46,116789,9,0,0,40,1
47006,26,160300,9,0,0,40,0
47008,21,107801,10,0,0,3,0
47011,38,478346,9,7688,0,40,1
47013,26,147638,13,0,0,40,0
47014,42,104647,9,0,0,40,0
47015,49,67365,9,0,0,40,1
47016,42,230959,13,0,1887,40,1
47017,39,176335,14,7688,0,65,1
47023,21,118023,9,0,0,24,0
47025,60,174073,9,0,0,40,0
47028,64,210082,9,0,0,40,0
47029,28,119287,13,15024,0,28,1
47031,25,122999,9,0,0,40,0
47032,27,44767,9,0,0,40,0
47033,40,200574,12,0,0,44,0
47034,58,236596,10,0,0,40,1
47035,31,33124,15,0,0,99,0
47037,27,103524,9,0,0,40,0
47039,50,230951,13,0,0,40,0
47040,45,99355,9,0,0,40,1
47041,33,857532,8,0,0,40,0
47042,62,81116,10,0,1974,40,0
47044,19,198943,10,0,0,35,0
47046,38,252897,10,0,0,25,0
47049,53,110977,14,0,1902,50,1
47051,24,202721,10,0,0,40,0
47054,38,190895,13,0,0,40,1
47056,51,243631,6,0,0,40,0
47057,17,219277,7,0,0,20,0
47058,19,45381,10,0,0,8,0
47063,28,24153,6,0,0,40,0
47064,36,126569,9,0,0,45,1
47066,24,315476,12,0,0,40,0
47067,43,248186,12,0,0,38,0
47072,20,130840,6,0,0,40,0
47073,42,33126,12,0,0,60,1
47076,34,111985,9,0,0,45,0
47079,36,296999,10,0,0,37,0
47082,34,173266,9,0,0,40,1
47086,40,205047,9,0,0,40,1
47087,28,715938,13,0,0,40,0
47088,62,224520,9,0,0,90,1
47092,57,197875,9,0,0,40,0
47093,22,172766,10,0,0,40,0
47094,28,175796,12,0,0,40,0
47096,54,28186,13,27828,0,50,1
47098,36,180752,13,0,0,40,0
47099,50,234657,10,0,0,40,0
47101,52,334273,12,0,0,40,1
47102,41,192779,4,0,0,40,0
47104,36,171676,13,0,1741,40,0
47105,34,182714,13,0,0,55,1
47106,21,231866,11,0,0,40,0
47109,61,195519,14,0,0,25,0
47111,33,314913,7,0,0,53,0
47116,45,294671,11,4386,0,38,1
47117,30,340899,15,0,1590,80,0
47118,40,192259,14,0,0,35,0
47119,31,190228,14,0,0,45,0
47120,42,118947,13,0,0,40,1
47121,53,55861,9,0,0,40,1
47122,37,238433,2,0,0,40,0
47125,36,134367,9,0,0,30,0
47128,32,217460,5,0,0,50,0
47130,42,212027,13,0,0,40,0
47131,37,126569,9,0,0,40,0
47139,33,65278,13,0,0,40,1
47140,35,220943,9,0,1594,40,0
47141,53,257940,9,2829,0,40,0
47144,46,169324,9,0,0,45,0
47146,30,113838,11,3137,0,60,0
47149,35,226311,13,0,0,40,0
47150,67,94610,14,0,0,30,1
47151,56,26716,13,0,0,20,1
47153,46,117310,12,6497,0,40,0
47154,52,154342,9,0,0,48,1
47156,31,174704,9,0,0,50,0
47157,53,153486,9,0,0,30,0
47161,37,199753,10,0,0,35,1
47164,51,138514,11,0,0,48,0
47166,59,206487,10,0,0,40,1
47168,35,217605,9,0,0,40,0
47170,17,169155,8,0,0,35,0
47172,18,110142,9,0,0,40,0
47177,19,178811,9,0,0,20,0
47183,18,174926,5,0,0,15,0
47185,22,191444,9,0,0,40,0
47187,39,251323,5,0,0,40,0
47191,38,210610,12,0,0,40,1
47199,61,379885,16,0,1902,40,1
47200,75,31428,9,3456,0,40,0
47203,49,119539,10,0,0,60,1
47205,39,252327,4,0,0,40,0
47206,24,375313,10,0,0,40,0
47207,56,107165,9,0,0,18,0
47211,28,198393,9,0,0,40,0
47212,57,181031,9,0,0,60,0
47213,42,569930,13,0,0,45,1
47218,41,423217,13,0,0,50,0
47222,34,340880,9,0,0,60,1
47225,33,229051,10,0,0,52,0
47228,69,121136,9,0,0,13,0
47229,41,433989,11,4386,0,60,1
47235,69,128348,13,9386,0,50,1
47236,33,66278,14,0,0,40,0
47237,44,162643,9,0,0,43,0
47238,45,179659,13,3103,0,40,1
47239,18,205218,7,0,0,20,0
47244,34,228406,10,0,0,40,0
47247,57,301514,9,0,0,40,0
47251,34,31391,9,0,0,53,1
47256,40,320451,16,0,1977,45,1
47261,55,296085,12,0,0,40,1
47263,51,189511,11,0,0,50,1
47264,31,124420,7,0,0,40,0
47266,51,194908,9,0,0,40,0
47268,18,194561,10,0,0,37,0
47272,34,220840,3,0,0,40,0
47273,40,104235,14,0,0,99,0
47275,55,110490,13,0,0,60,0
47276,40,154076,12,0,0,60,0
47279,30,207172,13,0,0,40,0
47280,29,304595,14,0,0,50,1
47283,19,301911,10,0,0,35,0
47284,35,267866,9,0,1887,50,1
47286,34,167474,9,0,0,40,0
47287,61,115023,11,0,1887,60,1
47289,47,187087,13,0,0,40,1
47291,18,225859,10,2907,0,30,0
47294,50,187830,14,0,0,62,1
47296,60,317083,13,0,0,45,1
47297,35,190895,14,0,0,40,1
47301,56,157639,10,0,0,50,0
47302,26,152129,8,0,0,40,0
47303,53,239284,9,0,0,40,0
47305,58,218724,4,0,0,50,0
47307,29,35032,10,0,0,60,0
47310,31,218322,10,0,0,30,0
47312,53,142411,11,0,0,40,0
47313,22,219122,10,0,0,40,0
47314,55,132887,9,3411,0,40,0
47315,34,44464,16,0,0,60,0
47318,36,139703,9,0,0,40,0
47319,33,202642,13,0,0,40,0
47320,17,160049,6,0,0,12,0
47321,38,239755,7,0,0,40,0
47325,57,175017,3,0,0,40,0
47326,39,342642,9,0,0,60,0
47329,37,208106,13,0,0,35,0
47332,41,142717,10,0,0,36,0
47334,44,79864,14,0,0,20,0
47335,50,34067,11,0,0,50,1
47338,33,256062,10,0,0,35,0
47339,22,251073,5,0,0,50,0
47341,30,165235,13,0,0,40,1
47345,26,212793,9,0,0,40,0
47347,55,173296,14,0,0,45,0
47348,47,120131,13,0,0,40,1
47351,44,202872,12,0,0,40,1
47357,50,101094,14,0,0,55,0
47358,46,119944,14,0,0,50,1
47363,47,140644,10,0,0,40,1
47366,42,318046,7,0,0,40,0
47368,30,67187,9,0,0,8,0
47372,29,31778,9,0,0,25,0
47373,40,190044,12,0,0,40,0
47377,59,140478,14,0,0,40,1
47378,56,122390,11,15024,0,40,1
47380,37,117683,9,0,0,40,0
47384,21,54472,9,0,0,40,0
47390,27,247978,9,0,0,40,0
47391,40,305846,10,0,0,40,1
47392,22,214014,10,99999,0,55,1
47393,33,226525,9,0,0,60,0
47396,29,289991,9,0,0,55,0
47397,46,585361,5,0,0,40,0
47398,30,91145,9,0,0,40,0
47401,39,202683,13,0,0,40,0
47402,35,159179,10,0,0,40,0
47403,50,28952,10,0,0,39,0
47407,46,109209,10,0,0,40,1
47409,56,268213,14,0,0,35,1
47410,31,69056,9,0,0,15,0
47411,51,237141,14,0,0,40,1
47412,17,277541,7,0,0,5,0
47413,27,289039,10,0,0,40,0
47416,41,36699,10,4650,0,40,0
47417,40,333530,14,0,0,40,1
47419,29,154017,9,0,0,10,0
47422,53,191565,2,0,0,40,0
47424,26,53903,9,0,0,50,0
47425,41,146659,13,0,0,70,0
47428,22,194829,13,0,0,30,0
47430,52,230767,13,0,1902,60,1
47431,53,137250,14,0,1669,35,0
47432,40,254478,10,7298,0,50,1
47436,31,44503,10,0,0,40,0
47441,34,56964,9,0,0,35,0
47444,29,404998,11,0,0,90,0
47447,47,101299,9,0,0,40,0
47449,27,191822,9,0,0,50,0
47450,23,70919,13,0,0,40,0
47452,28,87239,10,0,0,50,1
47454,30,224147,9,0,0,40,0
47456,19,124265,9,0,0,50,0
47457,22,79980,10,0,0,25,0
47459,64,208862,9,0,0,50,1
47461,75,98116,10,0,0,40,1
47467,41,170299,11,0,0,43,0
47470,67,132819,10,0,0,41,1
47472,38,150057,10,0,0,45,0
47475,59,148526,10,0,0,40,0
47478,60,142494,6,0,0,40,0
47479,30,122042,14,0,0,45,1
47481,36,61778,10,0,0,60,1
47482,21,176356,10,0,0,10,0
47483,27,123302,9,0,0,40,0
47486,56,104945,4,0,0,40,0
47487,51,192973,13,0,0,40,1
47490,35,29145,11,0,0,40,0
47492,36,325374,10,0,0,40,0
47494,23,129345,10,0,0,25,0
47495,21,228395,10,0,0,20,0
47496,49,452402,10,0,0,60,0
47499,31,109055,9,3137,0,45,0
47502,48,191858,10,0,0,40,0
47503,30,297155,10,0,0,40,0
47504,29,181282,13,0,0,50,0
47505,50,111700,14,0,0,50,0
47509,31,162160,9,0,0,47,0
47510,29,176037,11,14344,0,40,1
47513,44,242521,13,7688,0,50,1
47514,39,290321,6,0,0,40,0
47516,27,174163,10,0,0,40,1
47517,42,374790,5,0,0,40,0
47519,27,376150,10,0,0,25,0
47526,63,117473,10,4386,0,40,1
47527,41,239833,9,0,0,50,0
47531,31,502752,13,0,0,40,1
47534,43,214541,9,0,0,35,0
47535,36,143123,15,0,0,50,1
47537,52,34973,9,0,1887,60,1
47539,27,492263,6,0,0,35,0
47541,49,47086,13,0,0,40,0
47544,30,223212,13,0,0,40,0
47546,20,162688,11,0,0,40,0
47547,45,181307,15,15024,0,43,1
47550,18,210311,9,0,0,20,0
47551,53,127117,9,0,0,40,0
47554,33,216908,6,0,0,40,0
47556,21,766115,6,0,0,35,0
47560,20,95989,10,0,0,40,0
47563,29,112847,11,7298,0,32,1
47565,48,180695,10,0,0,38,0
47570,33,251521,13,0,0,50,0
47571,55,41938,13,0,0,8,0
47572,25,27678,10,0,0,60,0
47577,20,214542,10,0,0,40,0
47580,42,235700,9,0,0,40,0
47581,24,278130,12,0,0,40,0
47585,42,152889,6,0,0,45,0
47589,43,158177,10,0,0,35,0
47590,43,47818,13,0,0,40,0
47593,31,231043,10,0,0,50,0
47594,38,281768,4,0,0,30,0
47599,22,138504,10,0,0,30,0
47602,59,184493,10,0,0,40,1
47605,37,405284,13,0,1340,42,0
47607,40,87771,9,0,1628,45,0
47608,38,125499,13,7688,0,60,1
47609,31,59083,9,0,0,35,0
47611,24,198914,9,0,0,25,0
47612,46,238162,12,0,1887,50,1
47617,39,175681,13,0,0,60,0
47621,24,211160,10,0,0,40,0
47622,29,342989,9,0,0,40,0
47624,25,141876,9,0,0,45,0
47625,45,137604,10,0,0,40,0
47630,35,352188,9,0,0,40,0
47631,27,114967,13,0,0,40,0
47632,41,201981,9,0,0,40,0
47633,32,159247,14,0,0,50,0
47635,32,186824,13,0,0,40,1
47636,42,121012,10,0,0,45,1
47637,58,110844,14,0,0,27,0
47638,23,143003,14,0,1887,50,1
47640,28,178489,13,0,0,45,0
47645,61,113080,5,0,0,58,1
47650,51,293802,3,0,0,52,0
47653,67,34122,3,0,0,40,0
47659,42,180318,6,0,0,35,0
47661,47,252079,13,7688,0,44,1
47662,30,27153,9,0,0,50,0
47664,51,145409,9,0,0,40,0
47665,38,167882,10,0,0,45,0
47669,70,187292,13,6418,0,40,1
47672,26,173992,10,0,0,45,1
47673,64,253759,9,0,0,3,0
47675,39,147850,9,0,0,30,0
47676,55,171015,10,0,0,36,0
47680,28,401886,9,0,0,20,0
47682,26,30793,13,0,0,55,1
47683,44,139161,12,0,1741,40,0
47685,34,167781,9,0,0,50,0
47686,37,103986,13,7688,0,39,1
47687,29,144592,15,0,0,50,1
47689,27,184078,11,0,0,40,0
47691,24,329852,9,0,0,40,0
47692,54,223660,9,0,0,55,1
47698,70,207938,13,0,2377,50,1
47699,41,126850,15,0,0,40,0
47703,20,163665,10,0,0,17,0
47704,29,200468,6,0,0,40,0
47705,27,91501,9,0,0,40,0
47707,59,56392,10,0,1579,60,0
47708,31,20511,13,0,0,25,0
47711,57,220789,9,0,0,45,1
47714,25,181576,10,0,0,55,0
47715,39,198841,14,7688,0,45,1
47722,23,181820,10,0,0,20,0
47723,57,334224,10,9386,0,40,1
47724,30,54318,7,0,0,40,0
47725,51,141388,9,0,0,55,0
47729,28,207513,13,7298,0,42,1
47734,33,207201,9,0,0,55,1
47737,30,378009,14,0,0,50,1
47745,32,309513,12,0,0,40,0
47749,35,75855,14,7298,0,40,1
47750,23,38707,10,0,0,60,1
47755,31,39054,9,0,0,20,0
47760,24,498349,13,0,0,40,0
47761,69,170458,9,0,0,20,0
47763,45,188432,9,0,0,40,0
47766,48,46677,12,0,0,42,0
47767,41,227968,13,0,0,35,1
47773,40,130749,10,0,0,40,0
47774,28,204516,6,0,0,45,0
47777,49,431245,10,0,0,50,1
47778,24,155150,9,0,0,40,0
47779,35,216035,9,0,0,40,0
47785,32,386877,11,4650,0,40,0
47786,54,146551,9,0,0,54,1
47787,48,238360,13,0,0,40,0
47790,22,50136,3,0,0,40,0
47793,27,147340,9,0,0,50,1
47798,24,236696,13,0,0,40,0
47799,38,337130,2,0,0,40,0
47802,33,268451,10,0,0,40,0
47803,61,154600,9,0,0,4,0
47806,42,191765,9,0,0,35,0
47808,29,297054,9,0,0,40,0
47809,54,204397,10,0,0,50,0
47810,23,288771,10,0,0,30,0
47811,52,173987,6,0,0,40,0
47812,28,33662,14,7298,0,40,1
47820,47,229394,7,0,0,55,0
47822,26,491862,11,0,0,40,0
47824,32,420895,13,0,0,47,0
47825,39,226374,6,0,0,40,0
47826,33,101345,13,0,0,40,0
47827,35,48779,9,0,0,35,0
47829,46,164877,10,0,0,44,0
47830,33,97521,9,0,0,40,0
47834,42,163069,10,0,0,40,0
47835,28,251905,13,0,0,50,0
47837,18,36882,8,0,0,20,0
47844,36,107302,9,0,0,50,0
47846,52,256861,13,0,0,50,0
47848,30,147430,9,0,0,40,0
47849,28,60726,9,0,0,40,0
47852,48,185079,9,0,0,50,0
47853,36,418702,11,0,0,40,0
47854,48,41504,9,0,0,40,1
47855,21,387335,10,0,1719,9,0
47856,18,261720,9,0,0,40,0
47857,38,133963,13,0,0,50,1
47860,38,60135,9,0,0,40,0
47862,27,278720,9,0,0,45,1
47863,22,477505,12,0,0,40,0
47866,21,39943,10,0,0,20,0
47870,26,336404,9,0,0,40,0
47871,33,117983,9,0,0,41,0
47872,72,108796,15,0,0,40,1
47876,27,278617,10,0,0,40,0
47878,49,343231,14,0,0,80,0
47879,30,63910,9,0,0,40,0
47884,36,138441,10,0,0,40,0
47888,26,211695,13,0,0,40,0
47889,50,102346,13,0,2415,20,1
47890,48,128796,12,0,0,40,1
47895,49,237920,16,0,0,60,0
47898,28,119793,9,0,0,40,0
47899,42,24982,10,7688,0,40,1
47900,26,231714,9,0,0,40,0
47902,66,68219,5,0,0,40,0
47903,61,268831,9,0,0,53,0
47904,45,149640,15,0,0,30,1
47905,29,261725,13,0,0,35,0
47906,74,161387,9,0,0,16,0
47908,27,200928,10,0,0,22,0
47909,53,155594,13,0,0,40,1
47911,41,469454,10,0,0,40,0
47912,45,331482,13,0,0,50,0
47915,29,82393,9,0,0,25,0
47916,65,37170,4,0,0,20,0
47918,31,156464,13,0,0,40,0
47922,26,261203,4,0,0,30,0
47926,32,112115,13,7688,0,40,1
47927,34,264651,9,0,0,40,1
47930,28,100219,9,0,0,45,0
47933,40,132222,10,4386,0,50,1
47935,54,224934,14,0,0,50,1
47939,17,309504,6,0,0,24,0
47940,24,324637,10,0,0,40,0
47941,25,267426,9,0,0,40,0
47945,61,203849,10,0,0,40,0
47948,45,156117,11,0,0,32,0
47949,64,169917,4,0,0,4,0
47950,51,222615,9,0,0,40,1
47952,40,78036,11,0,0,65,1
47955,51,289436,13,0,0,60,1
47956,36,749636,10,0,0,40,0
47962,43,266324,9,0,1902,99,1
47963,52,170562,8,0,0,40,0
47964,18,240543,7,0,0,20,0
47965,37,187046,10,0,0,40,1
47967,47,179955,10,0,0,25,0
47968,21,197997,10,0,0,30,0
47969,34,343789,13,7688,0,55,1
47971,40,141649,11,0,0,40,1
47973,48,207982,10,0,0,40,0
47974,46,175925,10,0,0,40,0
47975,58,85767,10,0,0,48,0
47976,32,281030,9,0,0,40,0
47977,90,313986,9,0,0,40,1
47979,20,189203,12,0,0,20,0
47985,45,330087,9,0,0,40,0
47987,29,50295,10,0,0,48,0
47989,19,194260,10,0,0,20,0
47990,56,437727,5,0,0,40,0
47992,62,186611,9,0,0,40,0
47994,33,33117,12,0,0,40,0
47995,43,169628,13,0,0,35,1
47997,44,143368,10,0,0,55,0
47998,37,255621,9,0,0,50,0
48003,58,192806,4,0,0,33,0
48004,31,259120,10,0,0,10,0
48005,45,234195,9,0,0,35,0
48006,30,147596,10,0,0,40,0
48007,42,147251,10,0,0,36,0
48009,25,176162,11,0,0,30,0
48015,71,78786,4,0,0,10,0
48016,40,33310,15,0,2339,35,0
48017,22,349368,13,0,0,30,0
48019,30,310889,10,0,0,55,0
48020,36,187167,9,0,0,30,0
48021,40,379919,10,0,0,40,0
48022,31,34862,12,0,0,40,0
48024,38,161463,15,0,0,40,1
48025,46,186410,15,0,0,50,1
48027,39,42044,7,0,0,40,0
48030,22,199426,10,0,0,17,0
48034,20,71788,10,0,0,18,0
48036,35,129305,9,0,0,30,0
48039,17,171461,6,0,0,20,0
48040,18,257980,9,0,0,40,0
48042,44,69333,13,0,0,50,1
48045,61,181219,13,0,1848,40,1
48046,19,166018,10,0,0,40,0
48048,19,183532,10,0,0,25,0
48049,45,49298,13,0,0,40,0
48055,58,202652,9,0,0,40,0
48061,62,254534,10,0,0,40,0
48062,36,89508,15,0,0,40,0
48063,38,238980,10,0,0,60,0
48064,54,178946,9,0,0,48,1
48067,50,102615,9,0,1902,40,1
48068,41,291965,10,0,0,40,0
48071,23,449101,9,0,0,30,0
48073,32,981628,9,0,0,40,0
48074,59,147989,9,0,0,35,0
48075,30,204470,10,0,0,36,1
48076,58,311409,14,7688,0,30,1
48077,31,190027,9,0,0,40,0
48080,52,42984,15,0,0,70,1
48082,48,218835,14,0,0,50,0
48089,53,470368,12,0,0,48,0
48092,26,746432,9,0,0,48,0
48094,44,176063,13,0,0,45,0
48096,55,104724,16,0,0,40,1
48098,49,402462,13,0,0,30,0
48102,36,229533,9,0,0,40,0
48105,63,67903,5,0,0,40,0
48107,36,251730,10,0,0,60,1
48108,46,72896,10,0,0,50,0
48109,47,155664,14,99999,0,55,1
48112,43,34640,9,0,1887,40,1
48114,39,43702,11,0,0,37,0
48117,80,281768,12,0,0,4,0
48120,28,188171,12,0,0,60,0
48121,55,125000,9,0,0,40,1
48122,36,166509,9,0,0,40,0
48123,42,402367,10,7688,0,45,1
48124,67,204123,13,0,0,10,0
48126,43,254146,10,0,1902,40,1
48127,29,152461,13,0,0,42,0
48130,21,304602,11,0,0,98,0
48132,42,32546,15,7430,0,40,1
48133,41,93885,10,0,0,48,0
48137,23,330571,13,0,0,16,0
48140,24,205865,9,0,0,45,0
48145,17,214787,8,0,0,25,0
48146,27,211032,2,0,0,40,0
48147,34,208353,9,0,0,40,0
48150,34,177675,10,0,0,65,1
48151,44,182370,9,0,0,40,0
48152,18,200525,7,0,0,25,0
48154,28,95566,2,0,0,35,0
48157,58,183810,9,0,0,24,0
48159,61,148577,9,0,0,55,1
48160,27,103634,9,0,0,38,0
48161,59,83542,12,0,0,40,0
48164,27,198286,10,0,0,34,0
48165,41,145441,14,0,0,50,1
48169,21,199698,9,0,0,45,0
48170,38,65390,12,0,0,45,0
48172,59,53481,10,0,0,50,0
48179,47,148995,13,0,2415,60,1
48180,59,159008,10,0,0,56,0
48182,33,199046,13,0,0,40,0
48183,34,164280,6,0,0,40,0
48184,35,116960,14,0,1887,40,1
48185,55,100054,6,0,0,40,0
48186,18,183824,8,0,0,30,0
48187,48,313925,12,0,0,30,1
48189,70,92593,10,0,0,25,0
48191,43,198330,14,0,0,37,0
48192,32,127451,10,0,0,38,1
48193,62,31577,9,0,0,18,0
48194,18,90230,9,0,0,20,0
48195,50,301024,13,0,0,40,1
48197,18,218889,5,0,0,35,0
48198,46,117605,5,0,0,35,0
48202,25,90752,13,0,0,40,0
48203,55,51008,9,0,0,40,0
48204,55,113398,10,0,0,40,0
48205,25,74977,10,0,0,40,0
48206,40,101593,13,0,0,50,0
48211,24,103064,9,0,0,55,0
48212,34,226872,13,0,0,40,0
48213,47,330416,10,0,0,60,0
48218,22,239954,10,0,0,40,0
48220,41,117585,9,0,1485,40,1
48223,25,192321,13,0,0,40,0
48224,24,88095,10,0,0,24,0
48228,68,145638,10,0,0,40,0
48232,37,198841,7,0,0,40,0
48233,57,317969,9,0,0,50,0
48237,21,63899,7,0,0,40,0
48240,17,24090,9,0,0,35,0
48242,33,91666,8,0,0,40,0
48246,37,232614,9,0,0,30,0
48247,53,229465,16,0,0,50,1
48248,44,147110,10,14344,0,40,1
48249,43,161240,9,0,0,45,1
48254,23,263886,10,0,0,20,0
48256,25,98155,10,0,0,40,0
48258,39,358753,11,7688,0,40,1
48259,41,29762,9,0,0,52,1
48264,34,127195,10,0,0,40,0
48266,42,126614,13,0,0,30,0
48268,22,228411,10,0,0,35,0
48270,22,57216,10,0,0,20,0
48271,46,250821,15,15024,0,40,1
48272,48,88564,10,0,0,45,0
48273,45,172822,9,0,0,52,1
48274,19,251579,10,0,0,14,0
48276,30,178383,10,0,0,70,0
48277,40,170866,12,0,0,50,1
48278,60,268954,10,0,0,12,1
48279,52,89951,8,0,0,40,1
48280,22,203894,10,0,0,15,0
48281,25,237065,10,0,0,38,0
48282,51,108435,14,0,0,80,1
48283,32,93213,12,0,0,62,0
48284,51,231230,13,0,0,25,0
48288,52,208630,9,0,1741,38,0
48289,58,97969,2,0,0,40,0
48290,43,174295,14,0,0,55,0
48294,61,179743,9,0,2051,20,0
48296,46,45288,13,0,0,40,0
48304,53,120839,8,0,0,40,0
48308,46,140219,14,8614,0,55,1
48309,44,203761,13,0,0,40,1
48311,20,344394,10,0,0,30,0
48313,40,31627,13,0,0,20,0
48317,18,36162,7,0,0,5,0
48322,28,332249,9,0,0,45,0
48325,44,52028,2,0,0,40,0
48326,20,184045,10,0,0,30,0
48331,49,66385,9,5013,0,40,0
48334,33,60567,9,3411,0,40,0
48336,34,331126,9,0,0,30,0
48337,53,156612,8,0,0,40,0
48341,57,50990,9,0,0,30,0
48343,26,375313,10,0,0,40,0
48345,49,93639,13,0,0,43,0
48346,45,30289,8,0,0,40,0
48347,29,124950,13,0,0,40,0
48348,37,126675,9,0,0,60,1
48350,36,345712,9,0,0,40,0
48353,19,167087,9,0,0,40,0
48354,65,192825,4,0,0,25,0
48355,30,318749,11,0,0,35,0
48356,27,147638,14,0,0,40,0
48357,59,293971,10,0,0,40,1
48359,25,242464,13,0,0,40,0
48363,49,23776,10,0,0,40,0
48364,51,43909,9,0,0,40,0
48365,48,105808,5,0,0,40,1
48370,54,158948,9,0,0,15,0
48371,66,115498,13,99999,0,55,1
48372,34,272411,13,0,0,40,0
48373,39,30529,13,0,1887,40,1
48380,55,118993,10,0,0,10,0
48381,26,245880,9,0,0,40,0
48382,45,174794,13,0,0,56,0
48383,61,153408,14,0,0,40,1
48386,44,38434,14,0,0,40,0
48388,55,168956,10,0,0,40,0
48391,33,263561,9,0,0,60,0
48393,32,209691,13,0,0,50,0
48396,29,119359,9,0,0,10,1
48397,56,134153,6,0,0,40,0
48399,22,147655,10,0,0,40,0
48400,46,165138,10,0,0,45,1
48401,24,312017,10,0,0,40,0
48403,49,259323,9,0,0,40,0
48404,44,281739,10,13550,0,50,1
48405,21,119156,9,0,0,40,0
48407,23,136075,13,0,0,32,0
48408,50,187465,7,0,0,40,0
48409,44,328561,11,0,0,20,0
48410,48,350440,10,0,0,40,1
48411,38,109133,14,0,0,70,1
48412,48,109814,15,0,1977,45,1
48413,39,86643,10,0,0,50,0
48416,48,175070,9,0,2258,40,1
48418,26,158963,14,0,0,40,0
48419,50,121441,7,0,2444,40,1
48420,47,242391,15,15024,0,40,1
48421,19,119964,9,0,0,15,0
48422,34,193344,10,0,0,40,0
48424,33,249716,9,0,0,45,0
48429,31,226443,13,0,0,40,0
48431,42,101593,13,0,0,42,0
48433,22,186849,7,0,0,50,0
48434,65,174603,3,0,0,10,0
48435,34,115040,9,0,0,44,0
48439,19,127491,9,0,0,40,0
48440,46,155933,13,0,1602,8,0
48441,23,122272,10,0,0,20,0
48442,37,143771,9,0,0,60,1
48444,36,135874,13,0,0,40,0
48447,42,189956,13,0,0,30,0
48448,35,106967,14,0,0,40,0
48450,25,149943,9,4101,0,60,0
48451,41,151736,6,0,0,40,0
48454,34,154120,14,0,0,60,1
48455,44,157217,13,0,0,42,0
48456,31,381645,13,0,0,40,0
48460,58,250206,6,5178,0,40,1
48466,52,185407,13,0,0,50,1
48469,29,153416,13,0,0,55,0
48470,19,204868,9,0,0,36,0
48472,23,203078,10,0,0,40,0
48474,68,274096,6,0,0,20,0
48477,41,64506,9,0,0,50,0
48478,22,24395,10,0,0,20,0
48480,27,100669,10,0,0,40,1
48481,25,178025,14,0,0,40,0
48488,33,256362,10,0,0,35,0
48490,35,241153,11,0,0,40,0
48492,18,180039,8,0,0,20,0
48493,45,178416,11,0,0,40,0
48495,22,164775,3,0,0,40,1
48500,28,175262,9,0,0,40,0
48502,37,162834,9,0,1902,45,1
48503,50,177896,16,0,0,40,1
48504,31,181372,9,0,0,35,0
48507,56,106723,9,0,0,40,0
48509,40,177905,11,7688,0,44,1
48512,44,33105,9,0,0,40,0
48517,26,323044,10,0,0,45,1
48518,34,90415,11,0,0,40,0
48519,47,294913,15,99999,0,40,1
48523,33,356015,9,0,0,35,0
48524,33,198069,9,0,0,65,0
48525,58,99141,9,0,0,10,0
48527,32,116508,10,0,0,50,1
48530,35,91839,13,7688,0,20,1
48534,42,34037,13,0,0,35,0
48537,41,182108,16,0,0,40,1
48541,39,232036,10,0,0,40,1
48542,30,33678,9,0,0,40,0
48547,47,324791,14,0,1887,50,1
48548,31,183801,14,0,1902,43,1
48549,42,204235,9,0,0,40,0
48550,37,249720,11,0,0,32,0
48554,24,206008,12,0,0,20,0
48555,34,286020,9,0,0,45,0
48560,36,258102,9,0,0,40,0
48561,49,255466,10,0,0,60,0
48565,26,164488,13,0,0,10,0
48566,44,297991,12,0,0,50,0
48567,28,478315,13,0,0,40,0
48570,24,34568,11,0,0,40,0
48572,59,120617,10,0,0,40,0
48576,32,33678,10,0,0,50,1
48577,42,66118,10,0,0,40,0
48579,44,159960,10,0,0,40,0
48582,65,103153,4,0,1411,40,0
48588,42,191196,13,0,1977,60,1
48592,54,161691,14,0,2559,40,1
48594,41,144460,10,0,0,40,0
48599,34,117963,13,0,0,40,1
48600,54,219737,9,0,0,37,0
48604,32,188246,9,0,0,40,0
48605,42,138162,10,0,0,40,0
48606,31,110714,10,0,0,37,0
48609,31,254304,6,0,0,38,0
48610,28,435842,13,0,0,40,0
48611,24,118657,8,0,0,40,0
48612,50,278188,9,0,0,45,0
48613,26,233777,9,0,0,72,0
48618,23,194951,13,0,0,55,0
48621,75,192813,14,0,0,45,0
48623,26,156805,10,0,0,40,0
48626,18,347336,8,0,0,12,0
48627,33,205950,9,0,0,40,0
48630,36,250807,7,0,0,40,0
48631,53,291755,11,0,0,40,0
48633,28,119793,9,0,0,40,0
48634,36,184655,6,0,0,48,0
48637,23,133355,10,0,0,15,0
48639,34,115066,10,0,0,42,1
48642,55,166502,14,0,0,45,0
48646,41,122215,14,15024,0,40,1
48647,42,248356,9,0,0,40,0
48648,90,214594,4,2653,0,40,0
48649,41,220460,9,0,0,40,0
48650,22,174043,9,0,0,50,0
48651,53,137547,15,27828,0,40,1
48653,51,40641,10,0,0,60,1
48654,22,205940,13,0,0,40,0
48655,23,265077,11,0,0,40,0
48656,59,395736,9,0,0,40,1
48657,40,306225,9,0,0,40,0
48658,28,180299,9,0,0,70,0
48659,39,214896,9,0,0,40,0
48661,48,224474,10,0,0,40,0
48665,62,170984,10,0,0,45,0
48666,32,108256,9,0,0,40,0
48667,59,23789,9,0,0,40,1
48669,40,260425,12,1471,0,32,0
48672,55,199763,9,0,0,81,0
48674,43,191712,13,0,1741,40,0
48676,22,173736,9,0,0,50,0
48677,56,135458,9,0,0,40,0
48679,24,222005,9,0,0,30,0
48680,42,161510,13,7298,0,40,1
48684,48,325372,2,0,0,40,0
48685,35,379959,9,0,0,40,0
48686,33,168387,7,0,0,40,0
48689,30,205152,13,0,0,40,0
48694,45,199590,3,0,0,40,0
48695,29,83742,9,0,0,45,0
48696,57,65080,9,0,0,50,1
48698,20,227778,10,0,0,56,0
48704,61,98776,7,0,0,30,0
48705,35,102268,13,0,0,45,0
48706,23,180771,2,0,0,35,0
48707,20,203992,9,0,0,40,0
48709,39,110622,13,0,0,40,0
48710,51,203334,16,0,0,45,1
48711,61,50483,4,0,0,56,0
48714,41,168098,13,0,0,50,0
48716,25,175128,9,0,0,40,0
48717,37,40955,15,0,0,50,1
48720,23,190273,13,0,0,40,0
48721,30,176185,10,0,0,60,1
48723,25,390657,10,0,0,40,0
48726,61,190682,9,0,1669,50,0
48727,53,158993,9,0,0,38,0
48729,61,137554,4,0,0,40,0
48731,38,257416,5,0,0,40,0
48732,40,195617,10,0,0,20,0
48735,50,257933,10,0,0,40,0
48736,36,109133,13,0,0,50,1
48737,30,261943,7,0,0,30,0
48739,36,237943,13,0,1977,45,1
48742,24,284317,13,0,0,32,0
48743,48,185041,9,7298,0,50,1
48745,45,173664,13,0,0,45,1
48747,37,121521,15,15024,0,45,1
48755,36,186819,12,0,0,52,1
48757,35,30673,8,0,0,84,0
48760,64,222966,4,0,0,40,0
48763,32,157747,10,0,0,40,0
48765,48,268083,10,0,0,40,0
48766,28,113987,9,0,0,40,0
48768,51,177669,10,0,0,60,0
48770,61,355645,9,0,0,40,0
48771,60,134152,5,0,0,35,0
48776,26,179010,10,0,0,65,0
48777,18,436163,7,0,0,20,0
48778,34,321709,9,0,0,28,0
48782,71,138145,5,0,0,40,0
48783,35,79649,13,0,0,50,0
48785,50,208630,14,0,0,50,1
48786,33,182401,6,0,0,40,0
48788,50,302372,13,0,0,40,0
48794,46,42972,14,0,0,22,1
48797,30,176175,11,0,0,24,0
48799,57,110417,9,99999,0,40,1
48801,27,177398,9,0,0,64,0
48805,26,191648,12,0,0,15,0
48806,81,120478,11,0,0,1,0
48809,31,292592,9,0,0,40,0
48812,30,33811,13,0,0,99,0
48814,54,337992,13,0,0,50,1
48815,37,179137,10,0,0,39,0
48818,30,345898,9,0,0,46,0
48820,71,287372,16,0,0,10,1
48823,72,129912,9,0,0,25,0
48826,39,111499,12,0,0,20,1
48828,43,260761,9,0,0,40,0
48836,22,310152,10,0,0,40,0
