epoch,train_loss,val_loss,b,w_ExternalRiskEstimate,w_neg_NetFractionRevolvingBurden,w_neg_PercentTradesWBalance,w_PercentTradesNeverDelq,j_star,S,val_frac_positive,val_frac_moved,val_mean_pi_y0
1,1.0471286312666352,1.048463093126889,0.06535904168150213,0.5419303780929874,0.23631748768504304,0.7974989288344372,0.5818098476854898,2,1.5949978576688744,0.4896694214876033,0.34297520661157027,0.016060934333523107
2,0.9870225179699715,0.9496412947448767,0.12633229193526044,0.5543281030689728,0.2430386942087787,0.6783160342626758,0.5742906788720005,2,1.3566320685253517,0.4772727272727273,0.29545454545454547,0.013121081804286297
3,0.8558502975370359,0.8650956387543698,0.1830584008078908,0.5677002781726608,0.24790905755292833,0.569058783984358,0.5662180738261062,2,1.138117567968716,0.45661157024793386,0.27479338842975204,0.01317539836357883
4,0.8114068154926906,0.8309117014478788,0.2374068908090433,0.5305214638946075,0.25145711826315187,0.5371666897114006,0.535066841005138,2,1.0743333794228012,0.44214876033057854,0.27479338842975204,0.014192960254942901
5,0.8023191186957543,0.8045403512000042,0.2811282612817348,0.5031917245735594,0.2562665504343504,0.500398014925749,0.5044082583793922,3,1.0088165167587844,0.41735537190082644,0.06818181818181818,0.0036093352929494845
6,0.7259721167094242,0.7492969877675209,0.32126740831930994,0.4833378122768524,0.2569107825331795,0.47386383027073214,0.47474001226176005,0,0.9666756245537048,0.4049586776859504,0.27892561983471076,0.10654760245313755
7,0.7197040011016681,0.7582719768232751,0.3633470931887478,0.4509723634634593,0.25680907732035263,0.45531578729143407,0.44797620604666827,2,0.9106315745828681,0.3822314049586777,0.27479338842975204,0.015363797714862761
8,0.6886622945210584,0.7172806272024332,0.3966574783217586,0.4354373038539314,0.2601065906519265,0.4297925212152527,0.4284178826085687,0,0.8708746077078628,0.36983471074380164,0.26859504132231404,0.10524445856358924
9,0.6708583079524446,0.7103283243483547,0.42394574316083933,0.4265446659567625,0.26093813925974524,0.41499283928626995,0.4126376333432157,0,0.853089331913525,0.359504132231405,0.2644628099173554,0.1032209307441014
10,0.7137844525343182,0.700468610259257,0.45644253836618637,0.4025488181376216,0.2605828271064226,0.3947796027431058,0.39943977486969334,0,0.8050976362752432,0.33884297520661155,0.2603305785123967,0.09730162824541162
11,0.6747928381335798,0.7141991724456498,0.4846588563369845,0.3824216505468829,0.2622859965500938,0.38526371553836297,0.3835801267809687,2,0.7705274310767259,0.32644628099173556,0.26239669421487605,0.014532704959466543
12,0.6863963124813874,0.710362119289899,0.5100503415980114,0.3727015003746666,0.26662255260571466,0.37107969898391174,0.3727646814095857,3,0.7455293628191714,0.3202479338842975,0.05371900826446281,0.0022560907707078626
13,0.7111668648869227,0.7056832764470679,0.5347045871020671,0.35478156179019366,0.27328771776212407,0.36034703068600205,0.36203538857612644,3,0.7240707771522529,0.3140495867768595,0.049586776859504134,0.0018936302104576657
14,0.6418427257084455,0.6821188696328935,0.5518567206479166,0.3619106765034997,0.2819238485193321,0.3547032859541828,0.3549890039279165,0,0.7238213530069993,0.30785123966942146,0.2396694214876033,0.08662611710094964
15,0.6613285369007028,0.6806748204231016,0.5697639589691132,0.3582211632081867,0.2861214813257628,0.35043644279903596,0.35559693499173634,0,0.7164423264163734,0.3037190082644628,0.2396694214876033,0.08620607124321765
16,0.6652193726939098,0.6993079836705587,0.5864179229317622,0.35644200690278793,0.2885020304586844,0.3430761874086726,0.35728808909188453,3,0.7145761781837691,0.29338842975206614,0.04132231404958678,0.001851634658220008
17,0.6747926581742356,0.6983632260009689,0.6045416834558656,0.34935017272936963,0.29390201481743367,0.3328775776112176,0.3580932410721154,3,0.7161864821442308,0.2871900826446281,0.045454545454545456,0.0019051258022387326
18,0.655768273345787,0.696112786325999,0.6211620952511149,0.3500569885333474,0.29978655350093836,0.3286825180994391,0.3512922306664317,3,0.7025844613328635,0.2830578512396694,0.04338842975206612,0.0020804421705635646
19,0.6589173902580403,0.6749150656417571,0.6286692186527938,0.365917664236027,0.30990375976999507,0.32321825448824526,0.3478630803598587,0,0.731835328472054,0.2871900826446281,0.2396694214876033,0.08664184983062055
20,0.7031044318566742,0.6740319694439243,0.6411021445801997,0.36699573599207386,0.3129750991945789,0.3165091076481107,0.3371089028958051,0,0.7339914719841477,0.2809917355371901,0.23553719008264462,0.08257689886728185
21,0.6603677647210193,0.6720832309681611,0.6497148676647888,0.37681294714130115,0.31706524324717267,0.3090487266379875,0.33288862334161884,0,0.7536258942826023,0.27892561983471076,0.24380165289256198,0.08513487226245198
22,0.6764145229464963,0.6705328113453326,0.6539389273544315,0.3963252957823579,0.3118875441186574,0.2958939985422523,0.3370564503265458,0,0.7926505915647158,0.2830578512396694,0.25,0.09026836286717398
23,0.6810863844676338,0.6692700143594827,0.6654388305503772,0.4000927155600344,0.311911398652939,0.28173182268459945,0.3354481097500264,0,0.8001854311200688,0.2809917355371901,0.25,0.09019941817642402
24,0.6873070473504679,0.6680203666378948,0.6772482121803088,0.40479482643433473,0.30828017329674473,0.2707503158474529,0.3296972757395885,0,0.8095896528686695,0.27479338842975204,0.25206611570247933,0.08736494399719061
25,0.6476068818170906,0.6671104669411962,0.6910246493101676,0.4077269756344333,0.3164104629463567,0.2700744879893657,0.33123716680466775,0,0.8154539512688666,0.27479338842975204,0.24793388429752067,0.08893501031125359
26,0.6272187738478265,0.6662206252249914,0.7044124789797221,0.40957465140041144,0.31971621048440296,0.2648602659307882,0.3297697779775486,0,0.8191493028008229,0.2727272727272727,0.25,0.09115541401327272
27,0.6439819595519625,0.6658444038980267,0.7209651956723754,0.4080341895591478,0.32088225799995596,0.2587767991757205,0.3333648752330868,0,0.8160683791182956,0.2665289256198347,0.25413223140495866,0.09450674760102208
28,0.6339389606744654,0.664925170553951,0.7357841051986085,0.41191924213619285,0.322412167415669,0.25454502348685104,0.33099305578011917,0,0.8238384842723857,0.25413223140495866,0.2665289256198347,0.09666505191646112
29,0.64872895706718,0.6638571764989126,0.7442797468268024,0.420858612606447,0.32560676019125445,0.2518713856537421,0.3313555686271524,0,0.841717225212894,0.25413223140495866,0.2665289256198347,0.09625968251404177
30,0.660377255718112,0.6644565560468325,0.7679901938770609,0.4084686096903,0.3313585181224504,0.23563195158458616,0.3235400853372818,0,0.8169372193806,0.25,0.25826446280991733,0.09410770023152876
31,0.6195825387506151,0.6617336936127576,0.773645923709678,0.42498788054895387,0.3370145945396525,0.23039714661498395,0.32305414790787124,0,0.8499757610979077,0.25206611570247933,0.2665289256198347,0.09921895790125117
32,0.6473656750311286,0.6630295086086067,0.788591632742455,0.4171907487036299,0.33718586317618493,0.22981846927315508,0.32118572693297753,0,0.8343814974072598,0.24380165289256198,0.26239669421487605,0.09350681403280167
33,0.6144241364689654,0.6601684824848137,0.7941189514504147,0.4373824081707945,0.3456968901448156,0.22407994441066542,0.32912934068517075,0,0.874764816341589,0.24793388429752067,0.2706611570247934,0.09970145410959855
34,0.674216214661321,0.6605301057720812,0.8072603578576328,0.4321024229913774,0.34402034387410213,0.2134107249514146,0.32539002948517975,0,0.8642048459827548,0.24173553719008264,0.2665289256198347,0.09637520062123267
35,0.6221417158009092,0.6593646932437534,0.8139309840327563,0.4442811799950216,0.34944521783221716,0.21776478751211695,0.3277820634037353,0,0.8885623599900432,0.24380165289256198,0.2706611570247934,0.09926165308688492
36,0.6566008693451015,0.6597300892800811,0.8290242983389876,0.43938334107992844,0.35497917029701037,0.2130327953789359,0.32298234444965673,0,0.8787666821598569,0.24173553719008264,0.2603305785123967,0.09295147415233779
37,0.6314716614208932,0.6595544307112815,0.8405887406627689,0.4437841157252799,0.35173377831556996,0.21412051720884484,0.32701876684247017,0,0.8875682314505599,0.2396694214876033,0.26239669421487605,0.09374553441005586
38,0.6207567395383364,0.6585137277852846,0.8518024803884618,0.45163187628295304,0.35655792578506923,0.21278491048984405,0.32474649067005285,0,0.9032637525659061,0.23760330578512398,0.2644628099173554,0.09384045920282837
39,0.6350174560131963,0.656649911816767,0.8580966964369371,0.46152415836724275,0.3551008598407047,0.205749159004034,0.3188699349415619,0,0.9230483167344855,0.23553719008264462,0.2706611570247934,0.09849425194383654
40,0.644952986398279,0.6558378099758828,0.8703205256127845,0.46411232450047163,0.35161383048714345,0.19792755179119487,0.3101208944599305,0,0.9282246490009433,0.22933884297520662,0.2727272727272727,0.09586243740711921
41,0.6289274865334307,0.6540982414498687,0.8750155292192574,0.4812100126507111,0.35528772174949497,0.20052618862798607,0.3041009229080835,0,0.9624200253014222,0.2334710743801653,0.2727272727272727,0.09579876976235989
42,0.6520502078371354,0.6534263095218663,0.885622846168015,0.4836339490898441,0.3511134563079103,0.19176992583534344,0.3018996251806804,0,0.9672678981796882,0.22933884297520662,0.27479338842975204,0.09750290926193156
43,0.6703751766072823,0.6532446312237288,0.8953799555033771,0.48423436847662565,0.34610089210324124,0.18939617727219873,0.300531485434633,0,0.9684687369532513,0.22933884297520662,0.27479338842975204,0.09919392924626567
44,0.6392842206400671,0.6523679752806131,0.9024932449352687,0.4923797980466321,0.3477435665716939,0.18494157242152642,0.29938151092259296,0,0.9847595960932642,0.22933884297520662,0.27892561983471076,0.09876511794462864
45,0.6473929027052144,0.6522897166996967,0.9150216577061449,0.48777926684116696,0.35287067297813607,0.18141621419389828,0.2914104339995613,0,0.9755585336823339,0.2190082644628099,0.2809917355371901,0.09918338692946368
46,0.642693620699959,0.653939033011445,0.9344676626299955,0.481779201873486,0.3461260220719786,0.17784855335424643,0.28988463525085933,0,0.963558403746972,0.2066115702479339,0.28512396694214875,0.09343980359046954
47,0.6565621421215739,0.6534195892302476,0.9449701000800662,0.4847846079460316,0.34889381392683594,0.17431810243979165,0.28384433497141653,0,0.9695692158920632,0.20454545454545456,0.28512396694214875,0.09196952312594972
48,0.6499005785126033,0.6508710787689735,0.9491020067401732,0.49974316591604623,0.34809760319263167,0.16721724812036518,0.2798347184890706,0,0.9994863318320925,0.20454545454545456,0.29338842975206614,0.10033410547387629
49,0.6138984039084681,0.650089369961063,0.9593992747584701,0.5053060042511538,0.3556013503373187,0.16620797550781674,0.27860589901799176,0,1.0106120085023076,0.2024793388429752,0.2975206611570248,0.10289976729705108
50,0.6394073802604106,0.6484388995402748,0.9610447860328778,0.5239452519693449,0.35647131947931104,0.16999219749367045,0.2772114670633215,0,1.0478905039386899,0.2066115702479339,0.3037190082644628,0.10209090124341264
51,0.6074352223922097,0.6483780503792774,0.9737469486311469,0.5225408254575543,0.35735862569870713,0.16599343580500442,0.2770361862692065,0,1.0450816509151086,0.2024793388429752,0.30165289256198347,0.10153173866374476
52,0.6000979943130201,0.6479938555269387,0.9828547344922512,0.5296549616163557,0.3573923143182961,0.15773539630832667,0.2820400211267262,0,1.0593099232327114,0.20454545454545456,0.3037190082644628,0.10143457394712435
53,0.6535271215055913,0.6477824653942286,0.9942931763830715,0.5299625461481494,0.3527241504169345,0.15526777919801338,0.2751451698100145,0,1.0599250922962988,0.19834710743801653,0.30578512396694213,0.10093858970950588
54,0.6169266886936146,0.6479754574994536,1.0078563891391095,0.5272863077982022,0.3549749670451294,0.15852512998089066,0.27025320303017497,0,1.0545726155964044,0.19834710743801653,0.29545454545454547,0.09553834077119165
55,0.6590297499011113,0.6493572752575665,1.01806382955178,0.5214091376842034,0.3511109437508266,0.15611391915090087,0.26597456831528626,0,1.0428182753684068,0.19421487603305784,0.29132231404958675,0.09048612883888846
56,0.6499822910731693,0.6492943460781055,1.0285955913295537,0.5207412490001782,0.35531434595922157,0.15960936211751364,0.25470657999565843,0,1.0414824980003563,0.19421487603305784,0.2892561983471074,0.0892735032828118
57,0.6851043422701317,0.6514453230486333,1.0414867648799133,0.5156284107425931,0.3443787110347789,0.1433966702999964,0.25133820143239743,0,1.0312568214851863,0.1859504132231405,0.29338842975206614,0.09055447317228107
58,0.6175833975919596,0.6485139743527042,1.0457254689914475,0.52936849961594,0.34729025569907573,0.14460069612505755,0.24843325569641206,0,1.05873699923188,0.1859504132231405,0.29958677685950413,0.09345166958242894
59,0.6005421519283206,0.648020678575204,1.0561180963205565,0.5332388072120011,0.35153516027182163,0.14480207773064813,0.24631394583908114,0,1.0664776144240022,0.1859504132231405,0.2975206611570248,0.09388268934361618
60,0.6183368045635221,0.6462302365169426,1.060741948016493,0.5459994355928901,0.35617116543747235,0.14247792882210522,0.24563103197859476,0,1.0919988711857802,0.1859504132231405,0.30165289256198347,0.09208618237164994
61,0.6834978292214696,0.6463720879284129,1.0693886195245523,0.544926819818653,0.34461493246538694,0.12495576260140351,0.24741238645759003,0,1.089853639637306,0.17768595041322313,0.30991735537190085,0.0966869365774786
62,0.5883516321184318,0.6453215589838681,1.0779014540929508,0.5527570491092518,0.34732698775081694,0.12464281793064204,0.24461397150386804,0,1.1055140982185037,0.17768595041322313,0.30991735537190085,0.09630500825563387
63,0.607041832480687,0.6449580198215138,1.086786393969256,0.5567926971575748,0.34760248784889614,0.12641707209345565,0.2442268941908129,0,1.1135853943151497,0.17768595041322313,0.30991735537190085,0.0965919763543307
64,0.604496038731313,0.6435473934076832,1.0924652826494283,0.5692017577966066,0.34686901186771674,0.12171369805814095,0.24325263083383497,0,1.1384035155932133,0.17768595041322313,0.3202479338842975,0.09530352087368797
65,0.6199864191806939,0.6426342183937006,1.1023224934121683,0.5771833134451455,0.33733504261267083,0.10333672460231742,0.2392481482361326,0,1.154366626890291,0.16942148760330578,0.3243801652892562,0.0964660451569335
66,0.6373546234542757,0.6433955867050316,1.117879119031265,0.5703778245630764,0.3322266982863619,0.09976433815302675,0.2407862505043304,0,1.1407556491261528,0.16322314049586778,0.3285123966942149,0.09750257721875977
67,0.6134217415080996,0.6395979161098069,1.1140708037528775,0.6022922553684872,0.3381879237655915,0.10087802429792175,0.24260921394217427,0,1.2045845107369744,0.17355371900826447,0.3367768595041322,0.10525624750595612
68,0.6310895215926791,0.6385418484094572,1.1169708042259114,0.6167361449680107,0.340550896584763,0.10028889722498091,0.23492310944636216,0,1.2334722899360213,0.17768595041322313,0.33884297520661155,0.10820554036334275
69,0.6008085889726084,0.6381627773840457,1.125943542609521,0.6159975751725568,0.3380844004442071,0.10120106863056985,0.23097108859694543,0,1.2319951503451136,0.17148760330578514,0.34297520661157027,0.10981661995696171
70,0.6235515942474484,0.6374969148657814,1.1313728738363125,0.6272995239923832,0.33398644996062776,0.10084286867989872,0.22882204982384227,0,1.2545990479847664,0.17148760330578514,0.3450413223140496,0.10867543591102671
71,0.582016366021425,0.6372374721102553,1.1449848020930276,0.6203531723694353,0.33575703243208754,0.10323444410719107,0.22433696697573652,0,1.2407063447388706,0.16942148760330578,0.3367768595041322,0.10160333533199102
72,0.5976884312342696,0.6388404702171971,1.1551982411768706,0.6181674769858693,0.3342400740045938,0.10475232229064488,0.22687734258322165,0,1.2363349539717385,0.1652892561983471,0.33264462809917356,0.09899217495342232
73,0.5887110152519761,0.6367640175840086,1.1585627679875192,0.6305106064626661,0.3376428622115223,0.10589072003998133,0.22798747799256858,0,1.2610212129253322,0.16942148760330578,0.3409090909090909,0.10627162396767022
74,0.6159115197046178,0.6387632026624581,1.1723001434366012,0.6229092060855318,0.3340627546248929,0.10605857959724986,0.2351208173158711,0,1.2458184121710636,0.1652892561983471,0.3305785123966942,0.09982860219205016
75,0.58851611611801,0.638670470552719,1.1857180675256003,0.6164838311328125,0.3380681039405813,0.1094180622367061,0.22932791839235148,0,1.232967662265625,0.1590909090909091,0.3347107438016529,0.09988633739929488
76,0.6049724132426689,0.6381104077533634,1.1923414579643319,0.6210414005775443,0.3386896773779888,0.10664604506044506,0.22596099674291073,0,1.2420828011550886,0.15702479338842976,0.3367768595041322,0.1001047628999701
77,0.5991071875294725,0.6381305002033635,1.203366770862209,0.6192203449788979,0.34423315127096343,0.11208359192069296,0.22135030706490091,0,1.2384406899577958,0.15702479338842976,0.3347107438016529,0.10143876010255845
78,0.6040197494386784,0.6398609718894452,1.2186935774929153,0.6105823145393695,0.3500920117402266,0.11534446742568463,0.21773625002077432,0,1.221164629078739,0.15082644628099173,0.3305785123966942,0.09946472172169797
79,0.6333986258289496,0.6395042351180698,1.2250997071578396,0.6144647072551891,0.34777708352849157,0.11450261132244499,0.21808989657969013,0,1.2289294145103782,0.1487603305785124,0.3347107438016529,0.09968384120823628
80,0.5950282310656074,0.6372122095261843,1.2276809990186333,0.6289457263823449,0.34951823127826137,0.11055959358447383,0.21373965493147512,0,1.2578914527646898,0.15495867768595042,0.3367768595041322,0.10269632091325114
81,0.5938701136564263,0.6369966682189234,1.237543237924555,0.6301589872457167,0.34689617282478624,0.1090993407938263,0.2097957326730782,0,1.2603179744914335,0.14669421487603307,0.3450413223140496,0.1040291744882996
82,0.611082261990683,0.637378621567968,1.247379522118234,0.6293969814437371,0.3462936474243171,0.10239505146273184,0.2073444220415253,0,1.2587939628874742,0.1384297520661157,0.3450413223140496,0.10082815452821584
83,0.6272730108861003,0.6359072062786848,1.2536563281526798,0.6372174212481062,0.34002149007454435,0.09765016949289118,0.20862860663696012,0,1.2744348424962124,0.13636363636363635,0.35330578512396693,0.10314189110217357
84,0.6055276486419354,0.6353211049779458,1.2606329376131389,0.6424565312431325,0.3403861624451191,0.0951162194925181,0.20623358674407705,0,1.284913062486265,0.13636363636363635,0.35330578512396693,0.10325224334105938
85,0.6128142709847552,0.6352582516156076,1.2712287545164116,0.6404292571248643,0.3360680782772084,0.09246577321511452,0.20432961232221733,0,1.2808585142497286,0.13016528925619836,0.35330578512396693,0.10546833089936854
86,0.5963016676444776,0.6337360317801242,1.2701555246467937,0.6601449450743413,0.3347392278451535,0.09146695746839323,0.20423982721030384,0,1.3202898901486826,0.13636363636363635,0.3574380165289256,0.10435461821040154
87,0.5918272562033218,0.6333439016321708,1.2762423532594769,0.663544680434476,0.3401445797988151,0.09388111198019079,0.19811569982297134,0,1.327089360868952,0.13636363636363635,0.3574380165289256,0.10433402552340303
88,0.5754415152600224,0.6336970639816043,1.2875941933156543,0.6598670438883547,0.3419697872512424,0.09305167117181483,0.1997050455752505,0,1.3197340877767094,0.13636363636363635,0.35537190082644626,0.10367370921289795
89,0.5875576074864909,0.6327533961740264,1.2921869305560851,0.6697586599602381,0.33973472254910647,0.08877468714113226,0.19902661626781185,0,1.3395173199204762,0.13636363636363635,0.3574380165289256,0.10537337661062274
90,0.5816598196902696,0.6321971039375863,1.2927966968004565,0.684916342801554,0.3406399416513099,0.09469959463683912,0.19994892682853938,0,1.369832685603108,0.1384297520661157,0.359504132231405,0.10495618033467935
91,0.5929457427129455,0.6300844419317838,1.2954658310548608,0.6934001168274933,0.33798971406345363,0.09529619981718286,0.2005530352175458,0,1.3868002336549865,0.14049586776859505,0.3615702479338843,0.10802883157440044
92,0.6645562266286774,0.6283826772830471,1.30320238923331,0.6916040235142819,0.3227863590073171,0.07562752051783997,0.19109812662896253,0,1.3832080470285637,0.13016528925619836,0.3739669421487603,0.11400387011190996
93,0.574783136660137,0.6280846789431327,1.305279164718103,0.7040676098552757,0.32548915381211496,0.08456839972003406,0.1901575011786551,0,1.4081352197105514,0.1384297520661157,0.3677685950413223,0.113939163992031
94,0.6018975526756252,0.6277993144838144,1.3141383371163469,0.7024330599115376,0.32036133150917195,0.0827030653048718,0.19021791761493176,0,1.4048661198230752,0.13016528925619836,0.3739669421487603,0.1131786069710221
95,0.5978154264269059,0.6284589421173652,1.3230818484911573,0.6983681492226411,0.31934290929563897,0.08265462581928132,0.18693012299088446,0,1.3967362984452822,0.12603305785123967,0.3739669421487603,0.11037758097725572
96,0.5972872469739332,0.6268606676892963,1.3220562001312715,0.7165810409604298,0.3185941690235566,0.07849393246105665,0.18718087283083595,0,1.4331620819208597,0.13016528925619836,0.38016528925619836,0.1144603379473411
97,0.6038989617653839,0.6266941673903311,1.3325227589611885,0.7108618556887006,0.31461216271081177,0.07490421409197033,0.18814579220283023,0,1.4217237113774013,0.12603305785123967,0.3822314049586777,0.11721860103650307
98,0.5908478401621092,0.6265739230275136,1.3405526558401737,0.7129297213719042,0.31020365241693126,0.07269031939079687,0.19174528001175148,0,1.4258594427438085,0.12603305785123967,0.3822314049586777,0.11798584544896332
99,0.6050368214292329,0.626523764516673,1.3464963257477836,0.7171898214548581,0.31001918264860623,0.07799845236325616,0.19357802999902854,0,1.4343796429097162,0.12603305785123967,0.3822314049586777,0.11761174041407367
100,0.6167986684014393,0.62557040113728,1.3547174006559661,0.7176240141221967,0.30166073168135005,0.07384466929873171,0.18171155405097178,0,1.4352480282443933,0.11776859504132231,0.38636363636363635,0.11718894260685568
101,0.6195552524562106,0.6250173703495466,1.353517304873706,0.7342651716943925,0.29663808479271425,0.0746565372791486,0.18439756180252034,0,1.468530343388785,0.12396694214876033,0.3884297520661157,0.11913514847983997
102,0.6177907827631285,0.6249951845173335,1.3639552753179427,0.722941206060709,0.2913919787721707,0.07374819521088671,0.17974305477491098,0,1.445882412121418,0.11776859504132231,0.384297520661157,0.11801448292315861
103,0.652752129589488,0.6240229245068409,1.3681583150878285,0.7250086980907944,0.28474380083170264,0.06997619860921662,0.16622934312243623,0,1.4500173961815888,0.11363636363636363,0.390495867768595,0.1219794425001861
104,0.6102091365510678,0.62348771689781,1.3709602012580824,0.7348336625319449,0.2861239699126066,0.0683156090149806,0.16711298825181722,0,1.4696673250638899,0.11570247933884298,0.390495867768595,0.12030236563426157
105,0.6444736026435363,0.6225011659913536,1.3699218124106867,0.7475684254661286,0.28169083223297336,0.06594103980837872,0.15623234455222443,0,1.4951368509322571,0.11776859504132231,0.3925619834710744,0.12118274991798797
106,0.5857511097013963,0.622256366050496,1.3826581981485448,0.7396315053801285,0.278473268371295,0.06711832415684232,0.15258178651506457,0,1.479263010760257,0.10950413223140495,0.39462809917355374,0.12208461194543865
107,0.596108855037565,0.6225056395064485,1.3933165358335733,0.7329795374700232,0.27657619340635936,0.06077258639547264,0.15160647828050702,0,1.4659590749400464,0.10537190082644628,0.390495867768595,0.11996423088680866
108,0.6068197227919847,0.6222456165946826,1.4003808748976523,0.7317787558057948,0.2846640434232512,0.06514243243856792,0.14476855103065656,0,1.4635575116115895,0.10537190082644628,0.3884297520661157,0.12077368019242905
109,0.5921493799834093,0.6216004521384668,1.402311791857966,0.7398221993502966,0.28209556304533545,0.0631918323290142,0.1440460266204065,0,1.4796443987005932,0.10537190082644628,0.3925619834710744,0.12228196642601949
110,0.5744988860131507,0.6210180079795041,1.4079024535979645,0.7461652491895444,0.28466938808082065,0.06210675165251386,0.1418205889947887,0,1.4923304983790888,0.10537190082644628,0.39669421487603307,0.12429561269673657
111,0.5782898898720047,0.6205702042039557,1.4111169414021243,0.7540516098444586,0.2817651271975077,0.06112814705096073,0.14211510766588722,0,1.5081032196889173,0.10743801652892562,0.39462809917355374,0.12333219469764606
112,0.5969349308699045,0.6198531668677814,1.4101329509114924,0.770034623741816,0.2807525361382656,0.06491518636489647,0.14359260843286814,0,1.540069247483632,0.10950413223140495,0.4049586776859504,0.12765773762544064
113,0.6009275739903237,0.620032038055655,1.4184521377893082,0.7652341465225797,0.27547683084870206,0.06341034530359844,0.1423334970693041,0,1.5304682930451594,0.10743801652892562,0.40082644628099173,0.12493809240087912
114,0.5966480575169866,0.6205222988115439,1.4323399304030322,0.7509104122782528,0.27275198489714225,0.06527659563364874,0.13678185281845467,0,1.5018208245565057,0.10537190082644628,0.390495867768595,0.12196052225713443
115,0.6180782433029383,0.6212233590172505,1.4407304622660366,0.743349649458035,0.2679484551556436,0.06547741608015024,0.13502466609371702,0,1.48669929891607,0.09504132231404959,0.39669421487603307,0.12475830847118925
116,0.6223057356710391,0.621909700870837,1.4491547205980342,0.7433069411858672,0.26142825904110417,0.06571498705213043,0.1318068052190093,0,1.4866138823717343,0.09090909090909091,0.39669421487603307,0.12111921461595804
117,0.5752069494322919,0.6203469315001433,1.452241872284332,0.7545698123632095,0.26362307704718707,0.06652502367098888,0.1338298671026573,0,1.509139624726419,0.09504132231404959,0.3987603305785124,0.1241900113735212
118,0.6002942797922965,0.6197561627875192,1.4552310035063782,0.7619628409576932,0.2673617723728666,0.07284360017174489,0.1325927256447603,0,1.5239256819153864,0.10330578512396695,0.3925619834710744,0.12275687885304988
119,0.5994707694405875,0.6192666873371526,1.4582045903150676,0.7679335609278943,0.26337525744266943,0.07036370969612084,0.13285146760686647,0,1.5358671218557887,0.10330578512396695,0.39462809917355374,0.12485517486583073
120,0.5942261332897973,0.618576618998641,1.4599819058222099,0.7791018748076118,0.2613222184771417,0.07141756503687928,0.1339433543666468,0,1.5582037496152237,0.10537190082644628,0.39462809917355374,0.1255367887078264
121,0.5838854066553257,0.6177002698727008,1.461054648075115,0.7902606316453311,0.2601460990894653,0.06870377774638661,0.13438695791254218,0,1.5805212632906622,0.10537190082644628,0.4090909090909091,0.13136143657147342
122,0.6077510491536677,0.6169242242533806,1.4649801026793512,0.7942883085804823,0.25681030072654787,0.0659007250861858,0.13098602967820924,0,1.5885766171609645,0.10537190082644628,0.4132231404958678,0.13396610278940865
123,0.5887933851078483,0.6178662047670469,1.475181134750938,0.7866235273862306,0.2566198014055114,0.0690648591351751,0.12764214425125495,0,1.5732470547724613,0.10330578512396695,0.39669421487603307,0.12651221715311253
124,0.5893405173145561,0.6169821038457248,1.4786372081390378,0.7951632511823818,0.25628637493847656,0.06711089225266487,0.12636629029967528,0,1.5903265023647637,0.10537190082644628,0.4049586776859504,0.13314418261248942
125,0.5876436745540046,0.6170094973729867,1.4853471972785586,0.79764308674922,0.2644406435176036,0.0704583300670251,0.1222172216461124,0,1.59528617349844,0.10537190082644628,0.3987603305785124,0.12541141142096884
126,0.5947509347994946,0.61698269860932,1.4916887105204832,0.7956319839242084,0.26274818108528214,0.06982878427877179,0.12021676617634847,0,1.5912639678484168,0.10330578512396695,0.39669421487603307,0.12671134211564797
127,0.6185142153121745,0.6169617277834607,1.4977937645156638,0.7944776833536582,0.26374677537422647,0.0677565021118874,0.11769958164877474,0,1.5889553667073164,0.09710743801652892,0.40289256198347106,0.12775208021807166
128,0.5898241760173276,0.6158669712251035,1.498382228802535,0.810096239999777,0.2638518614284099,0.06579954839361891,0.12007946343199781,0,1.620192479999554,0.10537190082644628,0.4090909090909091,0.13508056232017565
129,0.6112379178373559,0.6154741113574254,1.5054762082303232,0.8097019028717684,0.2620147287838449,0.05710978978416017,0.11327396312425476,0,1.6194038057435367,0.09917355371900827,0.40702479338842973,0.13143497071050186
130,0.5981216901378067,0.6163965502103986,1.516517001716323,0.8005175017745138,0.26185648445182896,0.05772074555613719,0.1114876876057713,0,1.6010350035490275,0.09090909090909091,0.4090909090909091,0.12944227785930817
131,0.6211338891474799,0.6169434798365023,1.5258356332604617,0.7938641622454368,0.26136997645898696,0.05528476048897264,0.10615368694830205,0,1.5877283244908735,0.08264462809917356,0.41115702479338845,0.12685054259348955
132,0.574335081250718,0.6166394824757002,1.5304321253581539,0.7978556229600077,0.2600298531726052,0.05420720424698395,0.1054737098762398,0,1.5957112459200153,0.08264462809917356,0.41115702479338845,0.12675114821923725
133,0.5749422225640337,0.6163700554493623,1.5366349235151668,0.8015370053106975,0.2677447453372885,0.05906499754428619,0.10362221719213281,0,1.603074010621395,0.08884297520661157,0.4049586776859504,0.12628581660912758
134,0.5929221176084155,0.6155965454795306,1.5379285794671151,0.8102264254532461,0.26399306114268467,0.054355559891826805,0.10302244527246708,0,1.6204528509064922,0.08884297520661157,0.4090909090909091,0.12779513878485468
135,0.594413996348832,0.6153405138118506,1.5413870442547,0.8140990557809239,0.2607074605554315,0.0514765870165764,0.10328152820374951,0,1.6281981115618478,0.08264462809917356,0.4152892561983471,0.12770865275588902
136,0.6125679233926088,0.6146246774114867,1.5414430565943513,0.8244334153671936,0.2624881659999244,0.053417574628209084,0.10288265305969792,0,1.6488668307343872,0.09090909090909091,0.4132231404958678,0.13079892556377087
137,0.6011545942902257,0.615298994516511,1.552595036396794,0.8171943495318366,0.25775853197423304,0.049704853488421824,0.10624846836136526,0,1.6343886990636731,0.08264462809917356,0.4132231404958678,0.12842298128649796
138,0.6231276023674651,0.6163168475828897,1.5642130360345223,0.8064504257510349,0.25081859311688603,0.041325329585104126,0.10167774840186687,0,1.6129008515020697,0.07851239669421488,0.40702479338842973,0.12726165456242647
139,0.5861046156046182,0.6158121048893295,1.567765226104198,0.8121946201577276,0.25067142122455977,0.03933984936238533,0.10015980370323577,0,1.6243892403154552,0.07851239669421488,0.40702479338842973,0.1267238758061049
140,0.5676154419048252,0.615133614222956,1.5712647616170776,0.8194854575671757,0.25741144067284755,0.045057642311328985,0.09663153591318,0,1.6389709151343514,0.08057851239669421,0.41115702479338845,0.12800912992566052
141,0.5637081063564537,0.6144944557349237,1.5750212457506871,0.827388387965817,0.2589333140821285,0.04514309019649097,0.09594120104348383,0,1.654776775931634,0.08264462809917356,0.4152892561983471,0.132011118469956
142,0.5687715964326512,0.614768464326771,1.5817931061599908,0.8259358585638924,0.25660998585766515,0.04817560027382792,0.09662557704900822,0,1.6518717171277848,0.08057851239669421,0.41115702479338845,0.12790295038260277
143,0.5840491908398469,0.615273278419536,1.5907379398690378,0.8227568902485987,0.25491088963240294,0.047670786107556644,0.09883878347196372,0,1.6455137804971973,0.07851239669421488,0.40702479338842973,0.1268017533684328
144,0.5999735080445902,0.6139800328972447,1.5891156072614985,0.8386404098835648,0.25607842209496856,0.045912496419081704,0.10106637109381873,0,1.6772808197671296,0.08264462809917356,0.4152892561983471,0.13137922444803646
145,0.5617591428157287,0.6135533718747486,1.593363673113318,0.8436404718355025,0.257872132422247,0.046011464553206746,0.1088896709508613,0,1.687280943671005,0.08264462809917356,0.4194214876033058,0.13300439596524075
146,0.5814827570274813,0.6142808520361258,1.5997998593471219,0.8413750881826796,0.2559475744289742,0.04572811676132348,0.11021914974982022,0,1.6827501763653592,0.08057851239669421,0.41735537190082644,0.13165085441263655
147,0.5895558877188,0.6126357226054127,1.598448757645776,0.8547113917013267,0.2557865605470171,0.04783066645583994,0.11146665776203095,0,1.7094227834026534,0.08264462809917356,0.4318181818181818,0.13917314651853055
148,0.6004194025383109,0.6125633447086014,1.604101801705074,0.8561139065907927,0.25103898161181615,0.049848022410314545,0.11020711230665074,0,1.7122278131815853,0.08264462809917356,0.4318181818181818,0.13973906035547876
149,0.5997038503019976,0.6140874406543877,1.6148284793924217,0.8473721344320391,0.2446396575408895,0.04359800858177947,0.1199089740337806,0,1.6947442688640781,0.08057851239669421,0.4214876033057851,0.13487133807040566
150,0.5942637136266048,0.6140463956030345,1.6207184250514128,0.8473263916056679,0.24354138634712402,0.045102396343498975,0.11646362563568413,0,1.6946527832113358,0.08057851239669421,0.41735537190082644,0.1331511606963348
151,0.5743388270948105,0.614064605708573,1.6267399175037192,0.8505939191341945,0.24167116300920663,0.040801125479631314,0.11939638307903132,0,1.701187838268389,0.08057851239669421,0.4214876033057851,0.13579904385048963
152,0.5954809673982396,0.6139678300750062,1.6304441335916353,0.8518381410817302,0.23435106868218047,0.042164711263908895,0.12541395350783135,0,1.7036762821634603,0.08057851239669421,0.4214876033057851,0.13600713619191088
153,0.5620410960181942,0.6134757473689492,1.6339668066487854,0.8592761096577656,0.2342747665763151,0.04525653884987653,0.1255634100737085,0,1.7185522193155311,0.08057851239669421,0.42768595041322316,0.14003836598275293
154,0.5710565127552253,0.6131954227775132,1.636745927063995,0.8638191733632828,0.23175180006245966,0.044129843478036807,0.12441670091697633,0,1.7276383467265657,0.08057851239669421,0.42768595041322316,0.13968764464509661
155,0.5978463748726676,0.6146559056161881,1.6470287548906282,0.85291516366486,0.22364934513491008,0.036934481721887846,0.12034568037681279,0,1.70583032732972,0.07231404958677685,0.4214876033057851,0.13065659756304757
156,0.604741305518115,0.614029703112168,1.6501617400975581,0.8551791253671795,0.2173817479192596,0.03296574812545896,0.11481704215710482,0,1.710358250734359,0.06818181818181818,0.4297520661157025,0.13621864370079134
157,0.5858434208340128,0.6145072409379315,1.657561343967744,0.8549219225476472,0.21128848044315152,0.03239906831074284,0.11914679417399977,0,1.7098438450952944,0.06818181818181818,0.42355371900826444,0.1320130636634134
158,0.6068328159353056,0.6146109250854863,1.6618598085011274,0.8564710718790082,0.20578648208296588,0.02628024083705839,0.11611507732090434,0,1.7129421437580163,0.06198347107438017,0.4318181818181818,0.13523538857142017
159,0.6015928494881739,0.6147209277097772,1.6639530871692598,0.8636465804718337,0.20547946750622456,0.025432445041355358,0.1293243216707905,0,1.7272931609436675,0.06611570247933884,0.43388429752066116,0.13619358185855937
160,0.593877585918427,0.6143351500373491,1.6644677115780788,0.8742772167460957,0.1994979546065426,0.030738959198676218,0.1326666567647238,0,1.7485544334921914,0.06818181818181818,0.4359504132231405,0.1368573873198432
161,0.5634216230932865,0.6136891317367936,1.6660312517179579,0.8878587435101059,0.20005116490269406,0.03165996339080496,0.1352685353021048,0,1.7757174870202117,0.07851239669421488,0.43388429752066116,0.14475131849983883
162,0.5870271342505747,0.6138357669316442,1.6718406273505844,0.8885139871043651,0.1942018250392933,0.031218201055577374,0.1344922171191803,0,1.7770279742087303,0.0743801652892562,0.4359504132231405,0.142932202176642
163,0.5964694784913814,0.6133171854682817,1.6735067509784753,0.897909376685563,0.19341948743337997,0.028665119264896604,0.13242289715683997,0,1.795818753371126,0.07644628099173553,0.44008264462809915,0.14918830741966613
164,0.6282131918013141,0.6141013981230714,1.6864278359525784,0.8813455582098858,0.18465499368732602,0.03262188437556664,0.12618191702389964,0,1.7626911164197716,0.0640495867768595,0.4380165289256198,0.13873227326001683
165,0.5986133323794705,0.6131386361155464,1.682279111073709,0.8990313397493909,0.18341620974225734,0.03553229576304069,0.12690873901522076,0,1.7980626794987817,0.07024793388429752,0.4462809917355372,0.15040274875235904
166,0.5726996062168163,0.6127549820054858,1.6848527835300475,0.9028562460797649,0.18389322629714155,0.03534550939339681,0.12324940711318894,0,1.8057124921595298,0.07024793388429752,0.4462809917355372,0.15010386235684503
167,0.5956547340922813,0.612561209531963,1.6937434482470055,0.8981551007963907,0.18728834012665893,0.03769176237207416,0.11747343685703279,0,1.7963102015927814,0.06818181818181818,0.4380165289256198,0.13910207566406754
168,0.5615066907709865,0.6128020456986623,1.7032413788844525,0.8944527446645406,0.18452349316319558,0.03515156144864686,0.1149608615768282,0,1.7889054893290812,0.0640495867768595,0.4380165289256198,0.13850644710996618
169,0.5547956002698013,0.6125243744192941,1.706754195473724,0.8974416244774507,0.18514559033925257,0.03675099426366995,0.11348001080936959,0,1.7948832489549014,0.0640495867768595,0.4380165289256198,0.13832400870801015
170,0.6105390923689479,0.6127593910621671,1.7101559747992459,0.8973785962721569,0.18134253580855628,0.032390474197600536,0.1134956698754699,0,1.7947571925443138,0.06198347107438017,0.44008264462809915,0.13895020714766732
171,0.5678713395256137,0.6124243653179782,1.7132309962643124,0.9013566133787483,0.18203249236832453,0.03440786318233058,0.11230556685561759,0,1.8027132267574966,0.0640495867768595,0.4380165289256198,0.13851941872328655
172,0.5762345267655695,0.6123106158925175,1.71990346296551,0.8985334268922412,0.1862050759410269,0.039829216709442505,0.11017965914878786,0,1.7970668537844825,0.0640495867768595,0.4380165289256198,0.13949026692483044
173,0.567468021006209,0.6115763703389268,1.7248891133860214,0.9034678289656336,0.19013532524116689,0.04325414289651821,0.10387455283959815,0,1.8069356579312672,0.06818181818181818,0.43388429752066116,0.13912723381989167
174,0.5548155280630891,0.6107314711270229,1.7228976765810793,0.9200903106073749,0.19266111947669295,0.0482503636624714,0.10541585313162895,0,1.8401806212147498,0.07024793388429752,0.44008264462809915,0.14338503653813237
175,0.5949587961347138,0.6107913134454706,1.7255674025236691,0.9249445443862307,0.1899661229280376,0.04993593043166145,0.10746643633143187,0,1.8498890887724615,0.07024793388429752,0.44421487603305787,0.14530317300868084
176,0.5753894428989562,0.6107616293781915,1.7301557673840278,0.9251824907491246,0.18737681179087884,0.044667432257342474,0.10618233823446328,0,1.8503649814982492,0.06818181818181818,0.4462809917355372,0.14602816509551203
177,0.5856848485796691,0.6114399240300845,1.7438653780689173,0.9071365468301366,0.19005464623548685,0.048280458290360415,0.10068135422271045,0,1.8142730936602731,0.0640495867768595,0.4359504132231405,0.13777606492506192
178,0.5736235101487881,0.6109155580690424,1.7452160137283128,0.9142501827523606,0.18983623927236948,0.049106939258926334,0.10025342440709491,0,1.8285003655047212,0.06818181818181818,0.43388429752066116,0.1392720989799022
179,0.573188083407866,0.6108495923353348,1.7505342492070324,0.9153204050384078,0.192290888946009,0.05241456626238808,0.09905730863240998,0,1.8306408100768157,0.06818181818181818,0.4318181818181818,0.13686838724119962
180,0.5729653752109066,0.6105639475339826,1.7531548046419971,0.918959957526224,0.19276300070399519,0.0535213235324795,0.09768243769491045,0,1.837919915052448,0.06818181818181818,0.43388429752066116,0.13911083576781322
181,0.623396375284364,0.6132031141933181,1.7702898838680239,0.8920029333143656,0.1830654084986959,0.04139303408029421,0.09512086793227707,0,1.7840058666287313,0.047520661157024795,0.4318181818181818,0.12551386988249322
182,0.5788273426885332,0.6123239888317298,1.7714545387583271,0.9020196264270328,0.18497287084559402,0.04189001615205866,0.09530800696864147,0,1.8040392528540656,0.05371900826446281,0.4318181818181818,0.12903822730565692
183,0.5637986889717973,0.6121178076083584,1.7739009764521478,0.9067246966037131,0.18380199873687877,0.04311394683427958,0.0983025630591617,0,1.8134493932074263,0.05578512396694215,0.4297520661157025,0.12834219044780587
184,0.5766188775977441,0.6107681892762558,1.771725811013556,0.9218197116122686,0.19099508283279895,0.04645566438817957,0.09613160479093553,0,1.8436394232245372,0.0640495867768595,0.4359504132231405,0.13813880941152618
185,0.576686931494955,0.6101834461964843,1.772848328306093,0.9289507905413785,0.1913680585018775,0.050364072443470284,0.09540800261186792,0,1.857901581082757,0.06818181818181818,0.43388429752066116,0.13954100520563284
186,0.5835347377491146,0.6104465229105139,1.7786052568361357,0.926584300907614,0.19173842930351348,0.05413741091243791,0.09486351601594875,0,1.853168601815228,0.06198347107438017,0.4380165289256198,0.13781380570266696
187,0.557846870933689,0.6102067794979419,1.7810335604156795,0.9331577055855654,0.18866275269251706,0.05520608438660223,0.09870004876835138,0,1.8663154111711309,0.06818181818181818,0.43388429752066116,0.1394681478910943
188,0.5659124267943434,0.6103995152229876,1.7863613584207654,0.9290112796262681,0.19192811924142184,0.057964204073380446,0.09543871222099465,0,1.8580225592525361,0.06611570247933884,0.4318181818181818,0.13553143877935708
189,0.5783989556765006,0.6111278893862012,1.7957796839126179,0.9212028567433567,0.1901875469017398,0.053259203804907895,0.09360848521158834,0,1.8424057134867133,0.05785123966942149,0.4297520661157025,0.13026506131802873
190,0.5682931923348447,0.610194891420996,1.7938816448784016,0.9350766484681141,0.18835866504070212,0.051280735739040885,0.0942641655238388,0,1.8701532969362282,0.05991735537190083,0.44008264462809915,0.13806219171183085
191,0.5877704929585533,0.6097225580290686,1.795953808672385,0.9416134458352139,0.18704703043031515,0.05536747476723495,0.09323273709628699,0,1.8832268916704278,0.06611570247933884,0.4359504132231405,0.13974307449409104
192,0.5654129263265547,0.609987164765866,1.8036068161707082,0.935605866035158,0.1874183337826469,0.060965403876184654,0.08980027580904203,0,1.871211732070316,0.05991735537190083,0.43388429752066116,0.13388649733356173
193,0.5899655088531147,0.6094674843158805,1.802511397535442,0.9456068338389405,0.18322542285818064,0.05835365523319856,0.0906640528371415,0,1.891213667677881,0.06198347107438017,0.44008264462809915,0.13989984244025486
194,0.5671594761613199,0.6090242161150607,1.7978396100856409,0.9644451017974246,0.18538329707990345,0.062046760928408495,0.09258885632350523,0,1.9288902035948492,0.07024793388429752,0.44214876033057854,0.1436605379713452
195,0.565849454289669,0.6089258506502363,1.8024037774802295,0.9614337151812427,0.1823074129045975,0.060086014354357904,0.09054444173714035,0,1.9228674303624853,0.06818181818181818,0.44421487603305787,0.14488613938858758
196,0.5826990224720399,0.6095952421611396,1.8155214870503908,0.9437834535017746,0.1786445217272403,0.05937712684887562,0.08668264507097267,0,1.8875669070035492,0.05785123966942149,0.44008264462809915,0.1392886486268498
197,0.5720420973888155,0.6093463301378785,1.817510357722384,0.9486112257809689,0.17504861009138725,0.058322824312048334,0.08664550023557692,0,1.8972224515619378,0.05991735537190083,0.44214876033057854,0.1414210302973612
198,0.596916333012656,0.609794651385251,1.8233829844341074,0.9418378383468904,0.16828367213539872,0.05621022677318397,0.08249165183147618,0,1.8836756766937808,0.05165289256198347,0.4380165289256198,0.13333539303651545
199,0.5760828004619781,0.609143089984501,1.8219732869799048,0.951026808775168,0.16450557328955123,0.053543903036968744,0.08051609642394171,0,1.902053617550336,0.05371900826446281,0.4462809917355372,0.13956940538636364
200,0.5518720548057308,0.608978042882994,1.8239947916709163,0.9544733955716751,0.16410677332950235,0.053035292805034204,0.07992357079758444,0,1.9089467911433502,0.05371900826446281,0.4462809917355372,0.13920823383166836
201,0.568252742145246,0.6083119387612141,1.8240519673453863,0.9647656064799954,0.16922027946990778,0.05580106558198267,0.07766806711388619,0,1.9295312129599909,0.05991735537190083,0.44421487603305787,0.1423963888435847
202,0.6681606765942669,0.6099653553043776,1.838634633711004,0.9355870842106018,0.15159835301501212,0.052715721746568356,0.06613863460669947,0,1.8711741684212035,0.0371900826446281,0.4462809917355372,0.1296798594197557
203,0.5689616149848628,0.6091935865039377,1.8405618622058872,0.943048118698762,0.1626549402150292,0.06489711357010802,0.06456877854670433,0,1.886096237397524,0.047520661157024795,0.44008264462809915,0.13307806252954718
204,0.6023615443720567,0.6078595411047377,1.8356528731508963,0.9601572019448792,0.16946622340463327,0.06307103617722742,0.06005666189988893,0,1.9203144038897584,0.05371900826446281,0.4462809917355372,0.13982856668047527
205,0.5622645809796861,0.608037137485008,1.8403708215763395,0.9583538643757843,0.1689863875996913,0.061376483421148265,0.05857768768688368,0,1.9167077287515686,0.049586776859504134,0.45041322314049587,0.14075468010007217
206,0.6024434426822631,0.6078593252346878,1.8417494257908256,0.963375051141706,0.16624432682815998,0.05796728581614074,0.059910402946322626,0,1.926750102283412,0.05371900826446281,0.4462809917355372,0.14010842355598618
207,0.5632431167508032,0.6072225698617163,1.8392055936880989,0.9772676710411201,0.1677759713281746,0.05605635120522485,0.06215754474313762,0,1.9545353420822402,0.05991735537190083,0.44834710743801653,0.14240302656856071
208,0.6148049931709644,0.6072196919455721,1.83785769183448,0.979802270662496,0.1614139547079647,0.053349908867497256,0.06254327203666912,0,1.959604541324992,0.05785123966942149,0.45661157024793386,0.14978249525026657
209,0.6050401808570941,0.607210634221911,1.836260375528774,0.9873345140899331,0.15351939786946486,0.050704538501034783,0.06454883401980811,0,1.9746690281798662,0.05991735537190083,0.45454545454545453,0.14852782998526545
210,0.567677894735424,0.6073012045307469,1.842236675243446,0.9838340492593931,0.15398840454077617,0.05168395841222206,0.06525641134946296,0,1.9676680985187862,0.05578512396694215,0.45661157024793386,0.14711159063733437
211,0.5850012033243938,0.6078941251641581,1.8533879049475959,0.9693160920930824,0.1539830980255591,0.049813903979381076,0.06133906194049157,0,1.938632184186165,0.047520661157024795,0.45454545454545453,0.14330967749884782
212,0.583801685038629,0.6071529088357848,1.850464759535179,0.9816489459527593,0.15094877727982936,0.04877073326063649,0.05764297402070238,0,1.9632978919055186,0.05371900826446281,0.45661157024793386,0.14614375856234726
213,0.558091002028199,0.6074014677937117,1.8582369434930426,0.9760126586689002,0.15592150428191046,0.05314867712164327,0.057983799820222996,0,1.9520253173378004,0.047520661157024795,0.45661157024793386,0.14257156412004712
214,0.564753745486088,0.6071247350188251,1.858331443520824,0.9813102819159137,0.1573583859004766,0.056646881848718016,0.05844002083905864,0,1.9626205638318275,0.05371900826446281,0.4524793388429752,0.14416672168214556
215,0.5716778969177292,0.6068524046174123,1.8575222231137831,0.9922708839513701,0.15701707968952963,0.057520476571305684,0.060353225212438494,0,1.9845417679027402,0.05578512396694215,0.45867768595041325,0.14972871863910442
216,0.5728315496311194,0.6069949870701772,1.8613320160715539,0.9919053836353536,0.15242378007821109,0.05407467673258548,0.06206927174406846,0,1.9838107672707073,0.05371900826446281,0.45867768595041325,0.14774658541987787
217,0.5571363270033093,0.6068439479170705,1.8622675838476161,0.9967941247657344,0.15327962987060642,0.0553593902777886,0.06128450321883623,0,1.9935882495314687,0.05785123966942149,0.45661157024793386,0.1495416511248832
218,0.5727950216512847,0.6068518405793917,1.8660050070605863,0.9990880807858336,0.15077240704848643,0.04902734307059615,0.06128612456941982,0,1.998176161571667,0.05578512396694215,0.45867768595041325,0.14971096453357202
219,0.6045496055950851,0.6076395520787334,1.8743818897772457,0.9858794147641515,0.14819226512461944,0.044020200102110496,0.06472839528056595,0,1.971758829528303,0.045454545454545456,0.4628099173553719,0.14766669530923257
220,0.5632314773506757,0.6075530883275895,1.87669834081749,0.9881908952583778,0.14724930909468173,0.043959395975866934,0.06456603186434332,0,1.9763817905167556,0.045454545454545456,0.4628099173553719,0.14752295123727371
221,0.6154019056691408,0.6067902936767804,1.8738294205695347,0.9987020720944242,0.1469198921231503,0.04322547224449269,0.05832580720202733,0,1.9974041441888484,0.05165289256198347,0.45867768595041325,0.14564014152577026
222,0.5666342461388479,0.6067772997594645,1.874867486200086,1.002636777037753,0.14339817479623204,0.042786060748556634,0.05950026718351381,0,2.005273554075506,0.05165289256198347,0.45867768595041325,0.14514039817628313
223,0.5790911488466883,0.607329824328063,1.8804407989639176,1.0024173993795158,0.14094779093249454,0.04087008924803896,0.0736459389412609,0,2.0048347987590316,0.05165289256198347,0.4607438016528926,0.14761668765065394
224,0.6005997844380576,0.607117321323775,1.8801357594466994,1.0068483156451153,0.14232312631191393,0.04218163732786315,0.0711942561037765,0,2.0136966312902307,0.05578512396694215,0.45867768595041325,0.14684184487116622
225,0.5950006375459345,0.6075325390100799,1.8879447201664585,0.9970543083566302,0.13582829587032724,0.042744131499717876,0.06922128488477614,0,1.9941086167132605,0.04338842975206612,0.4628099173553719,0.1473253513767265
226,0.5573313146402918,0.6072374780599874,1.890158767764758,1.0022601611385973,0.14104639509520797,0.047018410560398065,0.06772059580654458,0,2.0045203222771946,0.05165289256198347,0.45661157024793386,0.14638325471707345
227,0.5641694258160301,0.6073512961563582,1.89471351091948,0.9995445868097677,0.14043169529242708,0.04533930123000315,0.06723798519825618,0,1.9990891736195353,0.045454545454545456,0.4607438016528926,0.14741980591230627
228,0.5891580436172047,0.6069125227473715,1.8898553902769,1.015796895097564,0.13517035894012205,0.04144498722128935,0.0690590367438053,0,2.031593790195128,0.05371900826446281,0.4607438016528926,0.14657576324900048
229,0.5843662433242378,0.6067594539285934,1.8928588824242754,1.014180541895624,0.13344982273321962,0.04158294558842805,0.0662589852054544,0,2.028361083791248,0.05165289256198347,0.4628099173553719,0.14732843381806598
230,0.575374760564034,0.6075269785246598,1.8998335016891306,1.0063542374726988,0.13048502798388267,0.04256008128379331,0.07816798080329407,0,2.0127084749453976,0.045454545454545456,0.46487603305785125,0.1490027139239671
231,0.57710665554217,0.6071321529631593,1.9005699682134658,1.0131797994368676,0.1317225090465119,0.04736652158966601,0.07373446864168809,0,2.0263595988737353,0.05165289256198347,0.4607438016528926,0.1479283497455954
232,0.6354323911700511,0.6076973432881414,1.9091202692653841,0.9980613958883696,0.12486933577196381,0.04404532245059723,0.07054568288261123,0,1.9961227917767392,0.0371900826446281,0.46487603305785125,0.14706406432796423
233,0.5776340330241101,0.6074474356304946,1.910536331563161,1.0014507217716662,0.12801166936247876,0.047642236378911865,0.06839767950083869,0,2.0029014435433323,0.0371900826446281,0.4690082644628099,0.14915581350139223
234,0.5668768497458829,0.6069202736362505,1.90947441305549,1.0141609485929581,0.1261700491722543,0.04442524092671493,0.07034692203752699,0,2.0283218971859163,0.04338842975206612,0.4669421487603306,0.14905120458284105
235,0.5920658911556782,0.6061755611097783,1.9082420802296853,1.0211353187958208,0.11889040593180876,0.03989633711833625,0.058397723279714375,0,2.0422706375916415,0.04132231404958678,0.4731404958677686,0.1485469539853089
236,0.5766606377787192,0.6060945187279216,1.9123182550682436,1.0185876062315382,0.12390030306795362,0.04483517979779646,0.05705863343749572,0,2.0371752124630764,0.04132231404958678,0.4731404958677686,0.14922284343544404
237,0.576142070113925,0.6058028538205495,1.9106265902226074,1.0280698484724544,0.12249543471455929,0.0437056284368351,0.05146162302935123,0,2.056139696944909,0.045454545454545456,0.47107438016528924,0.14762140007458047
238,0.6127749561552567,0.6059920538138505,1.9219161143867725,1.0109881599559414,0.1165851683067741,0.03332881012643357,0.04808475455568198,0,2.0219763199118828,0.030991735537190084,0.4772727272727273,0.14986213838594142
239,0.6003083304391313,0.6066658660022921,1.92922865211231,1.001201810793735,0.11250110771813115,0.03707774796695566,0.04235274693722137,0,2.00240362158747,0.028925619834710745,0.47520661157024796,0.15283017340484287
240,0.5880271206506124,0.6059381219839707,1.9295292690981383,1.010377173539348,0.11841803714259277,0.04112200806289696,0.0428198663047281,0,2.020754347078696,0.030991735537190084,0.4731404958677686,0.15080049764684614
241,0.5674804622451517,0.6057975601756652,1.9304718680667905,1.0163355894151767,0.12350047037875153,0.045646278109640386,0.041992922126124405,0,2.0326711788303533,0.03512396694214876,0.47107438016528924,0.14716503200764564
242,0.6424035526422585,0.6077958079198381,1.9422115039453216,0.9942782952957538,0.10866068132966507,0.03395255261592491,0.040217237495964855,0,1.9885565905915077,0.024793388429752067,0.45661157024793386,0.1350813686510478
243,0.5632596447378405,0.6068012538291466,1.9408273784163137,1.0067455087744719,0.11351504009180613,0.039471116541808265,0.04449278672055009,0,2.0134910175489438,0.028925619834710745,0.47107438016528924,0.15041907905644414
244,0.6070849557763751,0.6066460097931445,1.943211509945975,1.0084722043584018,0.11363752107707256,0.039649065189899385,0.04230535143453902,0,2.0169444087168036,0.028925619834710745,0.47107438016528924,0.15042554433052646
245,0.5632813378427143,0.6055678696830885,1.9407648383494958,1.0198731835390087,0.1168453042712999,0.042197838135005945,0.042524560674113636,0,2.0397463670780174,0.030991735537190084,0.47520661157024796,0.15022852510847545
246,0.5995106248211588,0.6052743864108416,1.9402679081523708,1.0235055421712502,0.11526019365469124,0.039990553098296064,0.04052113071020379,0,2.0470110843425005,0.030991735537190084,0.4772727272727273,0.14969060938756368
247,0.6106708199526757,0.6047909931211117,1.937273114686882,1.0300972715482357,0.10945465892860572,0.04160888717523609,0.036882891790098994,0,2.0601945430964714,0.03305785123966942,0.4793388429752066,0.14853765246947376
248,0.579000917446434,0.604735075060765,1.9374447692521093,1.0374196240633877,0.11210791514715993,0.04510410238055407,0.03779102849674671,0,2.0748392481267754,0.0371900826446281,0.4772727272727273,0.1496868217924454
249,0.5694643642677708,0.6048559687332516,1.9410588263176076,1.0413915778830833,0.11454434703126469,0.04641098622208,0.03992264583176792,0,2.0827831557661667,0.04132231404958678,0.47520661157024796,0.14910759025432993
250,0.5722974015798923,0.6054543447251266,1.9476616391387318,1.03875825858111,0.11283317765073611,0.05305490582109318,0.05155060700988301,0,2.07751651716222,0.03925619834710744,0.47520661157024796,0.14970054811575226
251,0.5767107539497752,0.6055227964149379,1.953591113872638,1.0340894697762821,0.11757261012773386,0.05727400753779596,0.04970017465806949,0,2.0681789395525643,0.0371900826446281,0.47520661157024796,0.150991883769669
252,0.5796952551275574,0.6056019864377352,1.9536952984966742,1.041159137164142,0.1103196466109535,0.05452911033350122,0.05529017064228031,0,2.082318274328284,0.03925619834710744,0.47520661157024796,0.14978295388289029
253,0.5791596707360751,0.6057495516979489,1.963630013168394,1.0295996738998108,0.10675844307671563,0.05784060097954116,0.05119659476852364,0,2.0591993477996215,0.03305785123966942,0.47520661157024796,0.1505064740483922
254,0.5970994320442108,0.6061639413934192,1.9687546154363003,1.0236263867523576,0.10511623737129512,0.0572812347497623,0.0507387017928056,0,2.0472527735047152,0.030991735537190084,0.47107438016528924,0.15222313135150403
255,0.5532668082498482,0.6063270902528419,1.9716915136895956,1.0253176873407706,0.10742869694853455,0.05886959012322562,0.05063587091352026,0,2.050635374681541,0.030991735537190084,0.4690082644628099,0.1497203501371625
256,0.6227917786201402,0.6053282227558144,1.9643542586881786,1.0400527208788137,0.10578675357080039,0.05656987846699901,0.04959166338488611,0,2.0801054417576275,0.03512396694214876,0.4772727272727273,0.1514791383532022
257,0.608042374840275,0.6053069888176172,1.9693662699430008,1.0333190014013056,0.10272643266390812,0.046789356375358124,0.04382957428287496,0,2.0666380028026112,0.030991735537190084,0.47520661157024796,0.15105565068110352
258,0.5999875580469944,0.605118144617937,1.967700375928638,1.040003820654485,0.10917131174987196,0.04916676845198393,0.044963847680418806,0,2.08000764130897,0.03305785123966942,0.4772727272727273,0.1493210341118585
259,0.6223774882631665,0.6048238095660505,1.965193275041964,1.0445561474130032,0.1092588214840656,0.04794355643285683,0.04115777793312866,0,2.0891122948260064,0.03512396694214876,0.4772727272727273,0.14842379318462792
260,0.5559615870949768,0.6048457902874437,1.9683439107984237,1.0465032649603276,0.11380558957135616,0.05067263054088349,0.04072475679999265,0,2.0930065299206553,0.0371900826446281,0.4772727272727273,0.15086988478318225
261,0.5838861319050963,0.6050920915206639,1.9738004645401837,1.0393581814788093,0.10934338309571431,0.049996129125443114,0.042353103210316864,0,2.0787163629576186,0.030991735537190084,0.47520661157024796,0.15014546194209336
262,0.5622655714095761,0.6053702712541815,1.9780269381017925,1.038992181290858,0.10668027889457585,0.04630215835465609,0.04725889151947963,0,2.077984362581716,0.030991735537190084,0.47520661157024796,0.15057936278757947
263,0.6271357710156814,0.6061360213039455,1.9843952296708705,1.028469053866111,0.10508263790181915,0.04584021117662036,0.04596542443495297,0,2.056938107732222,0.026859504132231406,0.4772727272727273,0.15327644845345229
264,0.561116731041181,0.6061574366153607,1.9866910604555852,1.0305458491905843,0.10479526527644561,0.043044365523834296,0.04874096400422905,0,2.0610916983811687,0.026859504132231406,0.47520661157024796,0.15305208101308704
265,0.5638731019957809,0.6065909405989726,1.9914774016386507,1.0288865602336077,0.11118429326574979,0.048158223958184865,0.04808046182653175,0,2.0577731204672154,0.026859504132231406,0.4690082644628099,0.14851881015098806
266,0.5611070268787359,0.6059047559378963,1.9910037936099156,1.0357701840312705,0.11177861747564759,0.04862113259126887,0.04857860683179747,0,2.071540368062541,0.030991735537190084,0.4731404958677686,0.15216687721244188
267,0.5711343369976576,0.6053010483084,1.9863071791568845,1.0510877737097672,0.110314874314606,0.04755212481244705,0.051232813615735014,0,2.1021755474195345,0.03512396694214876,0.4731404958677686,0.14886531405548703
268,0.6137479798461807,0.6050426193363561,1.9838396157634761,1.0585893988054693,0.10796670026771682,0.0508484970437754,0.04786058194220599,0,2.1171787976109386,0.0371900826446281,0.4772727272727273,0.15013951541098633
269,0.5882173124597089,0.6050274903366516,1.990494347583644,1.049513646432387,0.10597320952086518,0.051107427400108506,0.044919706646933774,0,2.099027292864774,0.030991735537190084,0.4772727272727273,0.14995855485938572
270,0.5602100948138949,0.6051427488366387,1.9950485707489025,1.0462613360098127,0.1032794454839539,0.049351339368408825,0.04389684334273353,0,2.0925226720196255,0.030991735537190084,0.47520661157024796,0.15117548827670543
271,0.5616712565995735,0.6049663755285892,1.9954963953070894,1.0508381037952887,0.10250034733736824,0.04921033811298074,0.04412516606348586,0,2.1016762075905775,0.030991735537190084,0.47520661157024796,0.15041183150460152
272,0.564720191881247,0.6054840116282783,2.0022608239477004,1.04482675990868,0.10055752738017394,0.04998105569272566,0.047585162944193904,0,2.08965351981736,0.028925619834710745,0.47520661157024796,0.15208199819512905
273,0.5921606059540457,0.6051347557324598,2.0005528611340315,1.0538703654572366,0.09304599133906505,0.04312642498666394,0.04935706509485405,0,2.107740730914473,0.028925619834710745,0.4793388429752066,0.15058860025939239
274,0.5595485348887078,0.6052246151511331,2.0045417128299494,1.0522565857210167,0.09177369503087454,0.04462049317626293,0.04911979053733552,0,2.1045131714420333,0.028925619834710745,0.4772727272727273,0.1513082659352406
275,0.565315939946805,0.6051537414784877,2.005954257284348,1.0563527575859906,0.0934918233494927,0.046456315653597736,0.050420832292260874,0,2.112705515171981,0.030991735537190084,0.4772727272727273,0.1505585145005038
276,0.5691958437873955,0.6049998726525971,2.004890725343546,1.066402911784937,0.09674089373458372,0.04964255675807594,0.050410996475472064,0,2.132805823569874,0.03512396694214876,0.4772727272727273,0.1511728600027739
277,0.591651337045372,0.6048085234497602,2.002892176926646,1.0719142139613234,0.09459337256407832,0.047620979147242816,0.04735461967709347,0,2.1438284279226467,0.03512396694214876,0.48140495867768596,0.15023603722498785
278,0.6029983385804494,0.6047678678857131,2.007153766614132,1.0655635657223608,0.08722233532194716,0.0384647536733538,0.04592189456834963,0,2.1311271314447215,0.028925619834710745,0.48140495867768596,0.14957555840374692
279,0.5478793319098648,0.604743580798895,2.009774838828356,1.0652426733953047,0.08714661461709083,0.03901331981897168,0.045246757658825805,0,2.1304853467906093,0.028925619834710745,0.4793388429752066,0.14991258267130914
280,0.6221313081194464,0.6043478899605319,2.0044781468662514,1.0756374606857333,0.08016024160061415,0.031813441756204625,0.038722686970136574,0,2.1512749213714666,0.028925619834710745,0.4896694214876033,0.1528727984910522
281,0.5659374294316007,0.6043985103078758,2.0124404767865665,1.06701277741688,0.08144740188439477,0.03364494526838059,0.03641346227155727,0,2.13402555483376,0.028925619834710745,0.4834710743801653,0.1505268048317607
282,0.5908586050866044,0.6044099063739024,2.0116583143711497,1.071503009386427,0.07710115950215427,0.030698620185918596,0.037975855829257964,0,2.143006018772854,0.026859504132231406,0.48760330578512395,0.1522394948375057
283,0.5956215086546257,0.6042136964554825,2.0118202053845224,1.0754330093599465,0.0776656919249264,0.029636993513409825,0.03582623896392259,0,2.150866018719893,0.028925619834710745,0.4896694214876033,0.15387135165598642
284,0.5765476462480154,0.6042215383017173,2.012737517564459,1.082820064632151,0.08111895633571481,0.035231216561956304,0.03697177927679857,0,2.165640129264302,0.030991735537190084,0.48760330578512395,0.15240371051438734
285,0.6066693154479531,0.6044027539889248,2.006974980180639,1.0974495464161638,0.0801812977944917,0.03360073919629976,0.03603869907947318,0,2.1948990928323275,0.0371900826446281,0.4896694214876033,0.159510505291713
286,0.6126498822350869,0.6043736297181532,2.007721928541804,1.0973206925520484,0.08112969827483933,0.03138830772941968,0.035514564963877594,0,2.194641385104097,0.0371900826446281,0.4896694214876033,0.15962386474896104
287,0.5598443270533555,0.6040859066331601,2.0201650633796757,1.0826599798585768,0.08549378336161509,0.03465547607451051,0.03460294058200575,0,2.1653199597171535,0.028925619834710745,0.48760330578512395,0.1508740837409385
288,0.6092144663408698,0.6042491656668534,2.0288312503311894,1.0698519785565965,0.07823633646006435,0.0340669652877756,0.03175936558128357,0,2.139703957113193,0.024793388429752067,0.4834710743801653,0.15191506004773017
289,0.5866028344908677,0.6041220915305238,2.027942980731001,1.0730219532511935,0.074793640807026,0.03222911592926777,0.02987964445242965,0,2.146043906502387,0.024793388429752067,0.4855371900826446,0.15149895368289548
290,0.5948653771940199,0.6038139000585463,2.03181378028567,1.072003735766832,0.08210504836213008,0.03936001831466541,0.023730738443832528,0,2.144007471533664,0.026859504132231406,0.48140495867768596,0.1519426049588511
291,0.5613728168035113,0.603604695467668,2.0280898586778826,1.085951208516477,0.08899222198832508,0.04229181121307953,0.025217620781525705,0,2.171902417032954,0.030991735537190084,0.4834710743801653,0.14876733078858634
292,0.5601482373430616,0.6036210652124042,2.0316205853544163,1.0850754799232505,0.09467536173141827,0.04685984737930096,0.025239447220897635,0,2.170150959846501,0.030991735537190084,0.4834710743801653,0.14898064754165496
293,0.5848977752793156,0.603628723370948,2.0360826853027407,1.0776022002936092,0.10017027897179265,0.04729108388339644,0.022049336695152168,0,2.1552044005872184,0.028925619834710745,0.48140495867768596,0.15064625161137346
294,0.5818048525387376,0.6038873036562628,2.0384931264193034,1.0748191129980758,0.09769454762292222,0.04908183393391814,0.025963780617558427,0,2.1496382259961515,0.028925619834710745,0.4772727272727273,0.15127037905074
295,0.6037262433154912,0.6039911885102306,2.0418040678630986,1.0695444753196475,0.09650719182188265,0.04290347165931032,0.023151108878036716,0,2.139088950639295,0.026859504132231406,0.4772727272727273,0.15277640297044534
296,0.5567450207665636,0.6043043764517707,2.0449596265968513,1.0686634880003458,0.09796092293904514,0.04217161540625123,0.02810382293190302,0,2.1373269760006917,0.026859504132231406,0.4772727272727273,0.15298227934196998
297,0.5838783956038095,0.6040828403652843,2.0445656634892906,1.0746551886072762,0.09654210264042641,0.030988764173099634,0.027527193123704243,0,2.1493103772145523,0.026859504132231406,0.4772727272727273,0.15211661071129945
298,0.5962347121702769,0.6042750954538278,2.0483261107942288,1.0709134693023947,0.09379775556459274,0.03806353017501025,0.028626314643241897,0,2.1418269386047895,0.024793388429752067,0.4793388429752066,0.1530949003135346
299,0.5866245095925443,0.6042341268015712,2.04879548820928,1.0722685215310026,0.09795560187592633,0.044749811893096056,0.028496320143261762,0,2.144537043062005,0.026859504132231406,0.4772727272727273,0.1526549303271646
300,0.6256265583531404,0.6047256129399607,2.0533697797270416,1.0646542000821868,0.09289659229707929,0.03643101887473679,0.025287804014699412,0,2.1293084001643736,0.022727272727272728,0.4731404958677686,0.1469078810510675
301,0.5840048949883797,0.6037496745336995,2.044908470121766,1.0868838824377876,0.09283711311483228,0.03823110875508679,0.028256840561359887,0,2.173767764875575,0.028925619834710745,0.4834710743801653,0.15000233922970058
302,0.5986770636060817,0.6035599863852914,2.0474099791978957,1.086504199417921,0.09318760208730949,0.04059687273125551,0.023597881664961115,0,2.173008398835842,0.028925619834710745,0.4834710743801653,0.15045713571645478
303,0.5474699790492068,0.6036417773720786,2.0522094998660796,1.0834399750292267,0.09585582524121967,0.04109997585094931,0.022616997625534343,0,2.1668799500584535,0.028925619834710745,0.4772727272727273,0.1513865860581761
304,0.5894037980602931,0.6035533754474787,2.049156841468406,1.0930079514280922,0.09432866910916823,0.04235107529897942,0.02485623140227676,0,2.1860159028561843,0.028925619834710745,0.4834710743801653,0.14936884758029598
305,0.6015443321968715,0.6039290452727746,2.0604139870159393,1.0747643906907152,0.09248217770206694,0.04827912317825559,0.018913670457772966,0,2.1495287813814303,0.026859504132231406,0.47520661157024796,0.15387191586119725
306,0.5815630716997637,0.6042744524305612,2.064619459503716,1.0709857459587064,0.0944790191782438,0.052586914169563265,0.01910931887281278,0,2.141971491917413,0.024793388429752067,0.47520661157024796,0.15215786516052066
307,0.6005351345845387,0.6037323936973484,2.060409031549789,1.0822574987656732,0.08982784763739873,0.04793847745095642,0.022047488032615553,0,2.1645149975313465,0.026859504132231406,0.48140495867768596,0.15252128801360681
308,0.5515552246428381,0.6035201952465523,2.0587588527859175,1.0912056533545387,0.08846402138445358,0.04586795632747909,0.023542216113068105,0,2.1824113067090773,0.028925619834710745,0.4834710743801653,0.1508160621132765
309,0.5596926330806586,0.6035592999106125,2.0612585149505898,1.090333326883009,0.08793389638591316,0.04566746852301822,0.023417563162981374,0,2.180666653766018,0.026859504132231406,0.4834710743801653,0.1512322543453825
310,0.5667201045651655,0.603645323122659,2.0632993723745505,1.0920200441109726,0.08335349610044161,0.041699575236684626,0.02608479996321103,0,2.1840400882219453,0.026859504132231406,0.4855371900826446,0.15124289000195754
311,0.5707145897815004,0.6038101715344986,2.0694859822550304,1.086950807793442,0.08557123634107808,0.0416663376694581,0.023857776071629276,0,2.173901615586884,0.026859504132231406,0.4793388429752066,0.1527237030630066
312,0.573122117743313,0.6036502043248835,2.069893584030727,1.090641661986961,0.08638253783178318,0.0428773591018978,0.023307586343657313,0,2.181283323973922,0.026859504132231406,0.48140495867768596,0.15209387535094498
313,0.5992689280795322,0.6035088191872995,2.068539491766472,1.0931790158879717,0.0832889552585467,0.0413174500691345,0.021988124716135083,0,2.1863580317759435,0.026859504132231406,0.4834710743801653,0.1517133051873896
314,0.5572016469161858,0.6036359033723286,2.0750630915838206,1.0916095401173598,0.08896681625854551,0.04589486338320416,0.022307517544876785,0,2.1832190802347196,0.026859504132231406,0.48140495867768596,0.15231669851289706
315,0.559720940978092,0.6036113168530859,2.075858069444513,1.0958284508413152,0.09153409669679664,0.04959943538652081,0.02440897635150023,0,2.1916569016826304,0.026859504132231406,0.48140495867768596,0.15142465930596755
316,0.6192685266261421,0.6046327664885136,2.0857809285425,1.0778503201590903,0.08189383899498064,0.052561556635620225,0.024533769807776176,0,2.1557006403181806,0.022727272727272728,0.4731404958677686,0.1478170336504593
317,0.5516626725600323,0.6038955898073558,2.082282599283899,1.0903881935987474,0.08371721274618546,0.0530916924941101,0.025338647982084232,0,2.180776387197495,0.026859504132231406,0.48140495867768596,0.1531704530252515
318,0.6044038330039592,0.6036593125160292,2.072895980334994,1.1113135407264056,0.08616730133147597,0.05165493866020524,0.029185814949536645,0,2.2226270814528113,0.030991735537190084,0.4834710743801653,0.1484464076830753
319,0.5856257286205657,0.6036416723354165,2.0765543264634343,1.107600777098693,0.0885798090232885,0.04920432191134881,0.028456109750569777,0,2.215201554197386,0.030991735537190084,0.4834710743801653,0.1494037622549242
320,0.5928758235233244,0.6043119403994632,2.089585069839679,1.0866511819896825,0.0857020550918345,0.05389513037004994,0.026813589711222132,0,2.173302363979365,0.024793388429752067,0.47520661157024796,0.1517250254579793
321,0.580416406191564,0.6042453961707851,2.089999858107836,1.0878930157418765,0.08316617956617862,0.052642256335245774,0.02680944509292346,0,2.175786031483753,0.024793388429752067,0.4772727272727273,0.15429340025057844
322,0.6158499244848845,0.6051175965224294,2.0934384530656502,1.0823629074960532,0.07193551278441591,0.045576478694103126,0.038105670639439065,0,2.1647258149921065,0.022727272727272728,0.47520661157024796,0.15031273948524446
323,0.561254599780757,0.6054110816591148,2.0975285641704597,1.080785105346379,0.07592787183545542,0.05296483489848656,0.040408143822372705,0,2.161570210692758,0.022727272727272728,0.47107438016528924,0.1479378405818646
324,0.6181448335585993,0.6061000340051704,2.1028366814258592,1.0732844693575667,0.06810242842779407,0.04013335014265177,0.03747714565485918,0,2.1465689387151334,0.01652892561983471,0.4731404958677686,0.14778786669204938
325,0.5476327957337992,0.605189316879605,2.100305929046402,1.0834337412450437,0.06998249877166034,0.040992771545384096,0.03766414761628687,0,2.1668674824900873,0.01652892561983471,0.47520661157024796,0.14825168337102174
326,0.5860060233703849,0.6049171400332218,2.100360935180989,1.0884163394761501,0.07475512265929772,0.04237400994334837,0.03669127186969884,0,2.1768326789523003,0.022727272727272728,0.47520661157024796,0.14990418543548614
327,0.5614150608163742,0.6048046488807708,2.1023702137530704,1.0906803452643494,0.0778359137448936,0.046366352807632745,0.036039205316871,0,2.181360690528699,0.022727272727272728,0.4772727272727273,0.15221082159586583
328,0.6008221466945316,0.6048595052285856,2.10409372287689,1.0887960035088677,0.0753986370543768,0.04689695164320837,0.0336531530892745,0,2.1775920070177355,0.022727272727272728,0.47520661157024796,0.15022290021649481
329,0.5978140555573253,0.604363400411251,2.1014695882436096,1.098099922677603,0.08153736554064314,0.04881867137354818,0.03464641778570749,0,2.196199845355206,0.026859504132231406,0.47520661157024796,0.15337438881760163
330,0.5727002686742647,0.6045865899440812,2.106258170554456,1.0947273590923643,0.08294639742842308,0.048225113519064416,0.03320403442577609,0,2.1894547181847286,0.022727272727272728,0.4772727272727273,0.15178051882505306
331,0.5896115847587423,0.6044773191326944,2.1064848193118144,1.0967493230332868,0.08018145629715319,0.04161966899632748,0.03267243008644114,0,2.1934986460665735,0.022727272727272728,0.4772727272727273,0.15166249140634233
332,0.570965384137265,0.6040613598129063,2.1040718014918425,1.1054286865450984,0.08228956148659924,0.044147989309119055,0.033006169510316624,0,2.210857373090197,0.026859504132231406,0.4793388429752066,0.15245549594233618
333,0.5750124242267378,0.6045181117833196,2.1097614939178198,1.0993970797932522,0.08426125582689657,0.04743864983384726,0.034522392823080214,0,2.1987941595865044,0.024793388429752067,0.4772727272727273,0.1538456962396918
334,0.5579659050918161,0.6042164483085424,2.107326675346354,1.1073225284306858,0.08688738413386457,0.05170734092538243,0.03579616237759198,0,2.2146450568613716,0.026859504132231406,0.4793388429752066,0.15204829311622198
335,0.5796469965202318,0.6041241655842577,2.108112065384595,1.1076301963383064,0.08840590482807588,0.05014721415162042,0.03347569051093903,0,2.215260392676613,0.026859504132231406,0.4793388429752066,0.15213074127167223
336,0.5692632380645016,0.6040263227273378,2.104163519396449,1.1183559725427028,0.08967641868147938,0.05137727955226415,0.036099834271323045,0,2.2367119450854056,0.030991735537190084,0.48140495867768596,0.14976102912174236
337,0.5857750710449056,0.6041403135558159,2.104957821624814,1.1215648014002064,0.08819032164742019,0.04915012515809552,0.039172122651294224,0,2.243129602800413,0.030991735537190084,0.48140495867768596,0.14924866280195664
338,0.5816238104454153,0.6041658320532071,2.1029818967479517,1.1259688306383122,0.09120869298515133,0.052628622647055937,0.03799656570140902,0,2.2519376612766244,0.030991735537190084,0.4834710743801653,0.14821071827619378
339,0.5768210945282923,0.6039117102695076,2.106333426960701,1.1209073746464548,0.09378818028472964,0.05342827459000162,0.03253503603921846,0,2.2418147492929097,0.030991735537190084,0.48140495867768596,0.14949844578966864
340,0.5569069920196521,0.6038292457873871,2.1089265114516955,1.120560906093563,0.09563879648585112,0.05284252776148612,0.030004587148826766,0,2.241121812187126,0.030991735537190084,0.48140495867768596,0.14984301510316445
341,0.5671309776406726,0.6039826164673152,2.116328674199014,1.1101901302018475,0.09006318265952838,0.051059348962783156,0.028457480778652646,0,2.220380260403695,0.026859504132231406,0.4793388429752066,0.15258466573628307
342,0.575288825512925,0.6038224755740026,2.117035929653913,1.1115253974960175,0.08782439815666501,0.048760208963656494,0.02616404783514396,0,2.223050794992035,0.026859504132231406,0.48140495867768596,0.1526263547466181
343,0.5742836139307711,0.6036598141039091,2.1155212698261456,1.1151268193725317,0.08341757216150728,0.04887589599123587,0.026724649471255933,0,2.2302536387450633,0.026859504132231406,0.48140495867768596,0.15200382109519345
344,0.5982693142869056,0.6036386877088095,2.1171269845300156,1.1129124530016514,0.08271811153473273,0.05406937230038546,0.02395811143621176,0,2.225824906003303,0.026859504132231406,0.48140495867768596,0.15259527273087467
345,0.6054412609775551,0.604365067829696,2.1230014605193364,1.099383326047939,0.08288562305933296,0.053512515607224476,0.023476498165632017,0,2.198766652095878,0.022727272727272728,0.47520661157024796,0.1501472385137827
346,0.5782702847302681,0.6040053215198915,2.1215332953261936,1.1069093562763177,0.08626783102801241,0.053031155840655736,0.023787308595063006,0,2.2138187125526354,0.026859504132231406,0.47520661157024796,0.15392471054479798
347,0.5879760909916467,0.6040320864739817,2.1214788230761905,1.1074704460692906,0.08611782134142308,0.055535392360905905,0.024973631308729375,0,2.214940892138581,0.026859504132231406,0.47520661157024796,0.1537457163933606
348,0.5898915878425264,0.6050394661960676,2.130007746681566,1.0910539598827764,0.07545379985720888,0.04231996930903526,0.02274792301869662,0,2.182107919765553,0.01652892561983471,0.4731404958677686,0.14485746813351577
349,0.5717842277720269,0.6041401541622982,2.125350622151996,1.104868964104735,0.07527068099124175,0.043576826044258304,0.022949564117936305,0,2.20973792820947,0.02066115702479339,0.4793388429752066,0.15253534589111162
350,0.575020108838484,0.6050165748666732,2.1351880786118422,1.0925682555087082,0.08930003773817692,0.054853850739915576,0.01771587238083319,0,2.1851365110174163,0.022727272727272728,0.4669421487603306,0.1419802038131509
351,0.5603263593231955,0.6057118641426371,2.140136321610299,1.0898180516148632,0.10229226642476516,0.061389632321910984,0.019121797405260894,0,2.1796361032297265,0.024793388429752067,0.45867768595041325,0.13726568769637199
352,0.5668468973607744,0.6062370113483223,2.1451469554590594,1.08606400117776,0.1057388605360616,0.06355860822991732,0.020910260677969052,0,2.17212800235552,0.022727272727272728,0.45041322314049587,0.13300809566110205
353,0.6007812758284758,0.604981877714432,2.1370411288532063,1.104773847850098,0.10785744156325823,0.06339451883367064,0.019082562879612644,0,2.209547695700196,0.026859504132231406,0.4628099173553719,0.13953323979340002
354,0.5727841817551388,0.6050478329833927,2.13873036471377,1.1062500997320088,0.10950806537325024,0.062177775078549165,0.020562519497692933,0,2.2125001994640177,0.026859504132231406,0.46487603305785125,0.1420278726323828
355,0.5881903165855289,0.605032290976482,2.1379079365270797,1.107645450990916,0.11153217428583576,0.05664542262692904,0.022704546571884806,0,2.215290901981832,0.026859504132231406,0.47107438016528924,0.14940018944608358
356,0.600256388332968,0.6068856454760477,2.1520884757378487,1.0829882798129282,0.10551076018623314,0.03650145729608416,0.022890269278005835,0,2.1659765596258564,0.01652892561983471,0.45867768595041325,0.13711652716844797
357,0.5850416139960503,0.6048952737201002,2.143504716245862,1.1023536472355382,0.10390665327348442,0.033737891683819694,0.024458874314404907,0,2.2047072944710764,0.02066115702479339,0.4731404958677686,0.14573416021380922
358,0.5685467817682713,0.6041839415898735,2.1369629319640526,1.1190785469516802,0.10368768681234802,0.034788078171991865,0.028085484375055484,0,2.2381570939033604,0.024793388429752067,0.4793388429752066,0.15271595994944534
359,0.5901372717425933,0.6042114065622637,2.1388421684435044,1.1162118762740696,0.10146874894699133,0.03629337847236158,0.025855155233819538,0,2.232423752548139,0.024793388429752067,0.4772727272727273,0.1535241631353291
360,0.5960465096917438,0.6038188497327518,2.136344088680882,1.1241767667182359,0.10110602299331417,0.03478248453612015,0.024313016572154914,0,2.2483535334364717,0.026859504132231406,0.4772727272727273,0.15203884860381492
361,0.5915458069213231,0.6040385991648618,2.139561326616606,1.1164514963087564,0.09824157293947766,0.036995712205098105,0.02241565997160357,0,2.232902992617513,0.024793388429752067,0.4772727272727273,0.15379221506863563
362,0.5809004317542148,0.6039397371374661,2.1396261271796826,1.1215682936515488,0.10250473989898058,0.0380480425340876,0.023478772327619708,0,2.2431365873030975,0.026859504132231406,0.4772727272727273,0.15272041168388514
363,0.5789583720061005,0.603595223558434,2.1379665386022957,1.1279191014593235,0.10335095830873908,0.03715986678297873,0.020235901113625058,0,2.255838202918647,0.028925619834710745,0.4772727272727273,0.15160751174370127
364,0.5796993172723663,0.6033791619120547,2.136604126379422,1.1356494539101298,0.10313370402641686,0.03532920590170789,0.018098574428123917,0,2.2712989078202597,0.028925619834710745,0.4834710743801653,0.15030285978682864
365,0.5779678792735962,0.6030440231114167,2.133737168619974,1.1427361804619591,0.0986613098284953,0.03254866366696901,0.011226180541736356,0,2.2854723609239183,0.028925619834710745,0.4834710743801653,0.14933083582108547
366,0.6083223806112029,0.6027901415299609,2.131495390681507,1.1435423935314528,0.0965121652034013,0.025560952803124773,0.0032769958703383504,0,2.2870847870629056,0.028925619834710745,0.48760330578512395,0.15194105588907156
367,0.5864649965288854,0.6029342999314933,2.1295015668650654,1.14946556957716,0.09741106253755465,0.026148631224287303,0.0053323659508576066,0,2.29893113915432,0.028925619834710745,0.4896694214876033,0.1528773258757576
368,0.5900401738098202,0.6027495613565019,2.133164960870155,1.1436449077961215,0.10077908674781917,0.026626828477711008,0.0018697465286186218,0,2.287289815592243,0.028925619834710745,0.4834710743801653,0.14950653311224887
369,0.5738696877032173,0.6028391662881654,2.1432985009513987,1.1281709037292114,0.10718943080184284,0.03043645954795942,0.0,0,2.2563418074584227,0.024793388429752067,0.48140495867768596,0.15281504468614485
370,0.5664456224641727,0.6030164972670873,2.1463777036234344,1.1251966075302053,0.1074176805878632,0.032651070204631004,0.0001402339406942493,0,2.2503932150604107,0.024793388429752067,0.4793388429752066,0.15355317862935305
371,0.5786790000251814,0.6028144728994841,2.1435270578579257,1.1320604089982196,0.1052461395519137,0.03133093518018581,0.0024528083275262525,0,2.264120817996439,0.024793388429752067,0.4834710743801653,0.1521401050152701
372,0.5662731978785511,0.6027643557855229,2.1446286898410682,1.1330459525103682,0.10232869026797628,0.03274338564679629,0.0023444250085457967,0,2.2660919050207364,0.024793388429752067,0.4834710743801653,0.15216276908024937
373,0.5888939778858556,0.6026287163867128,2.141057470844662,1.1395827542156185,0.0977374519503547,0.0278439209797574,0.0006279927871980647,0,2.279165508431237,0.026859504132231406,0.4855371900826446,0.1510395377648712
374,0.5699106820682568,0.6029648582081244,2.1503140139114696,1.1264463173419228,0.10167688370378404,0.03194111583257778,0.00029004741884913743,0,2.2528926346838456,0.022727272727272728,0.4793388429752066,0.153921029949426
375,0.621668359452557,0.603331936062439,2.1545903709811896,1.1163251306322406,0.0946662733339963,0.030618779619133587,0.0,0,2.232650261264481,0.02066115702479339,0.4731404958677686,0.14576705734957748
376,0.5880684544475345,0.6026678404138023,2.1480998374512064,1.1318148640279537,0.09441598756928656,0.03055028621032469,0.0,0,2.2636297280559075,0.022727272727272728,0.4834710743801653,0.15310413910481133
377,0.620413452455792,0.6026558672685033,2.1482454367031787,1.1307569091598426,0.09114831476388104,0.02988616396007071,0.0,0,2.2615138183196852,0.022727272727272728,0.48140495867768596,0.15343710623332776
378,0.6102242178671933,0.6030871840892243,2.1535416029315795,1.119840642192175,0.08192354708979689,0.027104369619060507,0.0,0,2.23968128438435,0.01652892561983471,0.4793388429752066,0.14822620039592854
379,0.5767806718996115,0.6032484974669035,2.1570962266967495,1.1175764549262985,0.07979674085733719,0.02973339330146374,0.0,0,2.235152909852597,0.01652892561983471,0.4793388429752066,0.14895708201231284
380,0.5812745694110523,0.6029205884031041,2.153324656437693,1.1270199012108715,0.08124662508241466,0.03293279097835132,0.0021324198943242036,0,2.254039802421743,0.02066115702479339,0.48140495867768596,0.1520833950577288
381,0.5840910972360032,0.6026451902080814,2.148475519271256,1.139816569147521,0.07803134472531827,0.029257411735860554,0.005823206204078913,0,2.279633138295042,0.022727272727272728,0.4896694214876033,0.15439811530298542
382,0.6102612589111348,0.6024419240522576,2.1504145549432985,1.1348658211031795,0.06963707180406782,0.02676320975964784,0.0,0,2.269731642206359,0.02066115702479339,0.48760330578512395,0.156016812568135
383,0.5510933944762901,0.6024107326170915,2.149051960809111,1.1419989355816011,0.07155543671025531,0.029824230962806644,0.0021628513108600724,0,2.2839978711632023,0.022727272727272728,0.49173553719008267,0.15690489630011697
384,0.5814141269230514,0.602465747061836,2.148782278108571,1.1457057237145685,0.07307844097404997,0.030915738661678058,0.0032357031106014745,0,2.291411447429137,0.022727272727272728,0.49173553719008267,0.15611892681320622
385,0.5679063629109016,0.6025843555494615,2.1486937975921614,1.1508053068451989,0.07966857072773315,0.03284661570951892,0.004603007879233591,0,2.3016106136903978,0.026859504132231406,0.49173553719008267,0.15494781106183955
386,0.5849226413575239,0.6024252222600108,2.149270573024879,1.1520782834109011,0.08062176879903327,0.031021382988582383,0.0,0,2.3041565668218023,0.026859504132231406,0.49173553719008267,0.15495912416457835
387,0.5489006688983582,0.6024888558195751,2.149365417338713,1.155694063807973,0.0821843144917408,0.03243366560492138,0.0009867934063402847,0,2.311388127615946,0.028925619834710745,0.4896694214876033,0.15425668356249436
388,0.5574328710464092,0.6025026665030639,2.149560433773021,1.1576436534027497,0.08162314315043798,0.034715606648726506,0.0015065479864782363,0,2.3152873068054993,0.028925619834710745,0.4896694214876033,0.15392093438435897
389,0.5860346138284303,0.6024726333009238,2.1534741343881194,1.1542753879643017,0.08214768483905083,0.038273386067805025,0.0016268724941109502,0,2.3085507759286035,0.028925619834710745,0.48760330578512395,0.15231970127552555
390,0.5692684949234171,0.6025806658058022,2.158131344600951,1.1524621327200606,0.08194156072006813,0.03347431430194014,0.003242943763585178,0,2.304924265440121,0.024793388429752067,0.4896694214876033,0.15304259796055508
391,0.6051056742201304,0.6025253277748144,2.1624023037957234,1.1451229264977587,0.08779602348229325,0.035611612317043274,0.0,0,2.2902458529955174,0.024793388429752067,0.4855371900826446,0.15230808968185586
392,0.5764326593371749,0.6027092531600797,2.1674333921861013,1.1391086402869803,0.08490162212646322,0.03712020144341549,0.00038704751254640425,0,2.2782172805739607,0.02066115702479339,0.4834710743801653,0.153841811463957
393,0.5575499085221547,0.6026594083006976,2.1677538283431095,1.1426818130256868,0.08918207887408179,0.04023987049105171,0.0007870413440469112,0,2.2853636260513737,0.024793388429752067,0.48140495867768596,0.15305359705398383
394,0.5709903216869486,0.602459092051465,2.1635476723418616,1.154513369705856,0.0913006351891822,0.04400024989645687,0.0,0,2.309026739411712,0.028925619834710745,0.4834710743801653,0.15062674923262415
395,0.6019991693488955,0.6031235360098524,2.174999170484157,1.1299053868470263,0.08269684119689606,0.0311477470372619,0.0,0,2.2598107736940527,0.01652892561983471,0.4793388429752066,0.14833983058506642
396,0.5733387283935527,0.6029234780172327,2.1719959663301585,1.1361083382735393,0.08394661061287856,0.032577358909313014,0.0020090085035786285,0,2.2722166765470786,0.02066115702479339,0.48140495867768596,0.15214447243662463
397,0.5536494816568811,0.6026978174141533,2.167299435115566,1.15035730354331,0.08587811498627955,0.03420861444791674,0.004012657883112039,0,2.30071460708662,0.024793388429752067,0.48760330578512395,0.15180517163224722
398,0.5961586716536948,0.6024806066263336,2.1645420512022,1.1559575065768746,0.08320335607471832,0.03282669435271089,0.0,0,2.311915013153749,0.024793388429752067,0.4896694214876033,0.15313397321889552
399,0.546331505639506,0.6025247080210172,2.1665646403641463,1.1539686206140145,0.08180057813319819,0.0321831354961919,0.0008230631283604048,0,2.307937241228029,0.024793388429752067,0.4896694214876033,0.15366746395583009
400,0.5748008069571185,0.6025032704078317,2.168467934484337,1.1540073472891106,0.08067112651253462,0.03575244144464236,0.0009421468125007029,0,2.308014694578221,0.024793388429752067,0.4896694214876033,0.15382305160114088
401,0.6431694861760486,0.6024819755321198,2.170266974141517,1.1460799598122322,0.07648349460039981,0.029876423173421325,0.0004542670831614067,0,2.2921599196244644,0.02066115702479339,0.48760330578512395,0.15560354468224052
402,0.6191637795060241,0.602482234027571,2.168989197258743,1.145565673632647,0.07790187676095953,0.03230544832240834,0.0,0,2.291131347265294,0.02066115702479339,0.4855371900826446,0.1532549433913319
403,0.5688022009485033,0.6027153134386607,2.172343280400482,1.145921174879191,0.08360774638478631,0.037855070962903484,0.0028911284600256684,0,2.291842349758382,0.024793388429752067,0.48140495867768596,0.153064458145442
404,0.5882180258485984,0.6026630745304417,2.172930437705296,1.1461481674006482,0.08501866725560922,0.03966647117665431,0.0016378929079487795,0,2.2922963348012964,0.024793388429752067,0.48140495867768596,0.15305655983264427
405,0.57105033722111,0.6026541498913542,2.1712456459626233,1.1513258212560955,0.08369685727451731,0.03795129129502846,0.0034989406005872456,0,2.302651642512191,0.024793388429752067,0.4855371900826446,0.15204381059648894
406,0.5709608440879066,0.602753144191211,2.1761368454183745,1.1440486071809552,0.08376834747473103,0.03703624411042689,0.0018645618800248016,0,2.2880972143619105,0.02066115702479339,0.4834710743801653,0.15377868342715376
407,0.581337145778207,0.6024431331789212,2.1691368981085857,1.1605717365296229,0.0800856186615844,0.03452395304406341,0.0,0,2.3211434730592457,0.024793388429752067,0.49173553719008267,0.15286303119627834
408,0.5463233728272534,0.602467426450926,2.171186360271568,1.1585009334342822,0.07877202939403252,0.03428156690932803,0.0006644482140776102,0,2.3170018668685644,0.024793388429752067,0.4896694214876033,0.15340930267882585
409,0.5806230756269559,0.6024240315620901,2.170415397429026,1.1622842324055986,0.08050056105801004,0.03887894026295101,0.0,0,2.3245684648111973,0.026859504132231406,0.4896694214876033,0.15263113238454407
410,0.5607388325820913,0.6025583383752668,2.1776096054196614,1.1519265531545242,0.08227442252239395,0.04203802188918286,0.0009952231336217766,0,2.3038531063090484,0.024793388429752067,0.4834710743801653,0.15260471855505803
411,0.5641777323950543,0.6026614083462187,2.1810799626412605,1.1480769707748406,0.08427427262971726,0.043378575025132975,0.0,0,2.296153941549681,0.022727272727272728,0.48140495867768596,0.1535028247217279
412,0.5496581291609052,0.602594666071631,2.1794222657809272,1.1541368654284976,0.08543521882830266,0.04720674109201876,0.0021466998762137085,0,2.308273730856995,0.026859504132231406,0.4834710743801653,0.15218078338935084
413,0.5462609026541769,0.6026110721468944,2.180786552723902,1.152964361578705,0.08368290540699314,0.0460602306659256,0.0019684620130398967,0,2.30592872315741,0.026859504132231406,0.4834710743801653,0.15257719651089305
414,0.5647342050719144,0.6026140055155653,2.1746714089120522,1.1689967729621433,0.08851407698882188,0.048181133562528095,0.0,0,2.3379935459242867,0.028925619834710745,0.4855371900826446,0.14929154667596495
415,0.5654904291387197,0.6028766996011576,2.1747691160464533,1.172968405629259,0.08809000273417458,0.04551079287535339,0.003559361646532641,0,2.345936811258518,0.028925619834710745,0.48760330578512395,0.1508027415146098
416,0.561890609106684,0.6026676628029051,2.177903178164666,1.169431432625002,0.08859238199682844,0.047049081680951836,0.0013865083031983137,0,2.338862865250004,0.028925619834710745,0.4855371900826446,0.14946661617192694
417,0.671401397609475,0.6024062169687991,2.1785749887179127,1.1594271498328836,0.07480133835937677,0.03216447029717952,0.0,0,2.3188542996657673,0.022727272727272728,0.4896694214876033,0.1541210043014351
418,0.5713490117542318,0.6024183673669778,2.1812928745558895,1.155542005179083,0.07098412740728902,0.03285372291187511,0.0009071747262654971,0,2.311084010358166,0.02066115702479339,0.4896694214876033,0.15511462276218488
419,0.5589618246114454,0.602770503110029,2.1879249892814783,1.1464505361079445,0.07985629879495458,0.03768306330802807,0.0,0,2.292901072215889,0.02066115702479339,0.4834710743801653,0.1546509663147159
420,0.5461056342397064,0.602724737631358,2.188261989975138,1.147803616650503,0.07853802150069038,0.03678183660993236,0.00029053532340792205,0,2.295607233301006,0.02066115702479339,0.4834710743801653,0.15450619914379002
421,0.5460998039441392,0.6027046626719469,2.1885917324660062,1.1492732945877848,0.07717922400878005,0.035808507286294956,0.0011239689777531512,0,2.2985465891755696,0.02066115702479339,0.4834710743801653,0.15432208841984
422,0.6635879250844565,0.602280857574729,2.1796130128291096,1.159073351406915,0.06715291272705444,0.030729674569638973,0.0,0,2.31814670281383,0.02066115702479339,0.493801652892562,0.15702506127206642
423,0.5695170893949495,0.6025921841284951,2.186841309558445,1.1473132663419474,0.06566090914709291,0.027544609980212575,0.0,0,2.294626532683895,0.01652892561983471,0.48760330578512395,0.1546565921225256
424,0.5863065632560645,0.603261050907718,2.195541269708076,1.1357205577941634,0.06492261878894663,0.027975227900558737,0.0,0,2.2714411155883267,0.014462809917355372,0.4834710743801653,0.14987590967823786
425,0.5924570152471372,0.6032754520281405,2.1944830991852693,1.137127438029415,0.061368162526050055,0.034567962034350974,0.0017711461944659142,0,2.27425487605883,0.014462809917355372,0.4834710743801653,0.14948140522236222
426,0.5775320554263296,0.6026477503759411,2.188533301687382,1.1514775770026766,0.05545825165727867,0.030527954287469298,0.005804988332623471,0,2.3029551540053532,0.01652892561983471,0.4896694214876033,0.1568468542473727
427,0.560135047407802,0.6024564710920346,2.1879776567107383,1.1574655418207063,0.05317907358978292,0.027674084863491117,0.007051496735093414,0,2.3149310836414125,0.01652892561983471,0.49586776859504134,0.15829986186309378
428,0.5946954319182355,0.6024503531506439,2.189780595861165,1.1555343169742656,0.05048507258907411,0.02547281957509932,0.00540308394535095,0,2.311068633948531,0.01652892561983471,0.49173553719008267,0.15898949833937223
429,0.5738012018485584,0.6026086180822864,2.192735099862074,1.1517969614308532,0.051940161481481034,0.024596767391375233,0.004024197468115319,0,2.3035939228617064,0.014462809917355372,0.493801652892562,0.15992813013662352
430,0.5577589819526809,0.6025528477754383,2.1930489639750115,1.1563760728541028,0.054936249937865694,0.02786228780404115,0.006107113498541152,0,2.3127521457082056,0.01652892561983471,0.49173553719008267,0.15893123019757532
431,0.5647864257354608,0.6025539527642054,2.1936468846771247,1.15923402068463,0.054757378456404715,0.03092730050596813,0.007573006817431038,0,2.31846804136926,0.01652892561983471,0.49586776859504134,0.15839019081122493
432,0.5560999983546191,0.6025367427803061,2.1924456355489528,1.1642632609865189,0.05449401406479253,0.0315935835834942,0.009149263324950715,0,2.3285265219730378,0.02066115702479339,0.493801652892562,0.15735187797818936
433,0.6110291465530548,0.6021015812892514,2.1939353481160384,1.1625297707310376,0.044314394722608605,0.02654077304745532,0.0009378374261499282,0,2.325059541462075,0.01652892561983471,0.49586776859504134,0.15853410368951018
434,0.5723584754255769,0.602102152326607,2.1877555420648314,1.1793865713308456,0.04589576919547957,0.024841975867132975,0.003046493032664699,0,2.358773142661691,0.022727272727272728,0.49793388429752067,0.16003625276394118
435,0.5739609505364814,0.6021548521335354,2.188840561174574,1.1814385064855217,0.04564054224450974,0.023726292662108982,0.004202579745240169,0,2.3628770129710435,0.022727272727272728,0.49793388429752067,0.15976456720636803
436,0.5674070699976703,0.6021996256834568,2.190071541238101,1.1818349106039157,0.04479529702028343,0.02461207025872829,0.005336584732161172,0,2.3636698212078313,0.022727272727272728,0.49793388429752067,0.15977805453767874
437,0.5548890910088065,0.6022988765274442,2.1910132109392784,1.1824989096093803,0.046844044571131276,0.028759676685695686,0.006568392817342999,0,2.3649978192187606,0.022727272727272728,0.49793388429752067,0.15957027999631365
438,0.5533182476583984,0.60224510235929,2.1968859918676102,1.174066325993647,0.04698348530596415,0.029188520912515094,0.006236018912676365,0,2.348132651987294,0.02066115702479339,0.49586776859504134,0.15649587716889607
439,0.619741066739706,0.6022829739342028,2.201899024120054,1.161361520224284,0.03959392499542011,0.02422606016824145,0.0020870026362514883,0,2.322723040448568,0.014462809917355372,0.493801652892562,0.1596041475654249
440,0.5856844226896996,0.6020926506490429,2.2006685641155155,1.1645194935983634,0.04169294232766143,0.028417191483033694,0.0,0,2.3290389871967268,0.01652892561983471,0.49586776859504134,0.15890091110363033
441,0.5892483217110933,0.6020847569659649,2.2014602915321704,1.1646119823393313,0.03760153754784962,0.0255511054887486,0.0,0,2.3292239646786626,0.014462809917355372,0.49793388429752067,0.15913492493626932
442,0.5673192171652089,0.6020104342066094,2.200303742856686,1.170707891534071,0.037965969714585976,0.024054272192536315,0.002613550597951957,0,2.341415783068142,0.01652892561983471,0.5,0.1578988615722585
443,0.5807065195234233,0.6020729042115331,2.203691409084026,1.1678825363558145,0.038492922832278544,0.026710994711393425,0.0013958961074040169,0,2.335765072711629,0.014462809917355372,0.49793388429752067,0.1586770298507634
444,0.599760929430383,0.602111317753532,2.199354636868489,1.1767337548061565,0.04226105843778328,0.02977126678202201,0.004376241255153369,0,2.353467509612313,0.02066115702479339,0.49586776859504134,0.15648918755522545
445,0.5616637381297562,0.6022927793972722,2.202047438870343,1.175354694587795,0.044473287337948,0.03630076459580965,0.006178138871444099,0,2.35070938917559,0.02066115702479339,0.49586776859504134,0.15671538073337585
446,0.5710334858687779,0.6022767035169542,2.203887391483934,1.1739484140291934,0.04363636101337103,0.03581819153439952,0.005723360752656419,0,2.3478968280583867,0.02066115702479339,0.49586776859504134,0.1571750606486687
447,0.5717898233141123,0.6020517049128481,2.2064282843347334,1.170638589202701,0.038152071852013865,0.03650057950819849,0.0004585372889200235,0,2.341277178405402,0.01652892561983471,0.49793388429752067,0.15834601818373747
448,0.5760313202508007,0.602548880242773,2.212950134246329,1.1582094764562318,0.031959201466914035,0.026701420338302015,0.0,0,2.3164189529124637,0.014462809917355372,0.48760330578512395,0.1534442944621974
449,0.5745597696185727,0.6029709718705231,2.2169650189786037,1.1510713674896706,0.028668918669103798,0.02305796816638572,0.000351411257331367,0,2.3021427349793413,0.014462809917355372,0.48140495867768596,0.14965470742208026
450,0.6055783195266181,0.6028434777158678,2.2166890815357543,1.152288566907334,0.025091249499057777,0.018131143668385124,0.0006312338127303516,0,2.304577133814668,0.014462809917355372,0.4793388429752066,0.14684956436993837
451,0.5769331799721626,0.6025969539292115,2.214483676931488,1.1606347487059172,0.02439514141302357,0.02109326428863686,0.003522595664300034,0,2.3212694974118344,0.014462809917355372,0.48760330578512395,0.1533509171750988
452,0.593555084685846,0.6028295057770542,2.2193934724501974,1.1534485071546352,0.01887185611999761,0.021565807402966704,0.0,0,2.3068970143092704,0.012396694214876033,0.48140495867768596,0.14704927892650285
453,0.5462765143459837,0.6026326709923557,2.2181947613484905,1.1590626926207677,0.02046117657512031,0.02305601841163145,0.0009261440974375299,0,2.3181253852415353,0.014462809917355372,0.4855371900826446,0.15413344558153969
454,0.5640334286394018,0.6022294126916932,2.214381438935138,1.1711997267514747,0.022011576874286797,0.022228244469722883,0.003598416980891375,0,2.3423994535029493,0.014462809917355372,0.49793388429752067,0.159586075873395
455,0.5756262517489205,0.6023290830341265,2.2166507749551028,1.1692383302317355,0.022819284286565038,0.018334648374569794,0.0027730106755828755,0,2.338476660463471,0.014462809917355372,0.493801652892562,0.16019193373493215
456,0.5538894344622424,0.6019859823695678,2.214563334710135,1.1774345598619511,0.027570286737163753,0.025322602703342488,0.002450550178923018,0,2.3548691197239022,0.014462809917355372,0.5020661157024794,0.15837036315952768
457,0.5602116852444867,0.6021103602257353,2.217609123928121,1.1763862994182457,0.026893224434537344,0.024336355577368927,0.0041798640204979,0,2.3527725988364914,0.014462809917355372,0.5,0.15879021138939003
458,0.5899190106665745,0.6018536876284206,2.214086133332296,1.1855300376679443,0.02384600740879384,0.01953336839883511,0.0008253837333636474,0,2.3710600753358886,0.014462809917355372,0.506198347107438,0.162283551632116
459,0.5552703241092182,0.6020309564219162,2.219030007137601,1.1795843666005357,0.023186181391045817,0.019288620470235173,0.0030926809022702485,0,2.3591687332010713,0.014462809917355372,0.5020661157024794,0.15861705989360522
460,0.5657460196765149,0.6021342146986164,2.2201796238504667,1.1817171720101696,0.02110668827608109,0.018106582592059214,0.0059958820837685495,0,2.363434344020339,0.014462809917355372,0.5020661157024794,0.15832907165295804
461,0.58845309642539,0.6024353334695911,2.227112096592844,1.1731833093759145,0.024848626863669464,0.02424653398413256,0.0056375457649692545,0,2.346366618751829,0.014462809917355372,0.49173553719008267,0.1575576322690927
462,0.5814142478300668,0.6023626363595118,2.2272828484987737,1.1766677929738496,0.024069530727467772,0.02315474502551957,0.007273636629610357,0,2.353335585947699,0.014462809917355372,0.49586776859504134,0.15959731953633768
463,0.5858325405621995,0.6031064905834358,2.235556752496962,1.1614060230104397,0.018401630129002283,0.026875521215113225,0.006027375768335463,0,2.3228120460208794,0.012396694214876033,0.48140495867768596,0.1468393354159383
464,0.578339144189726,0.6025766401924575,2.2315775259149055,1.1732387806974953,0.023239782947342847,0.03244683450829747,0.007034082903629059,0,2.3464775613949906,0.014462809917355372,0.49173553719008267,0.15781169699479206
465,0.545679595815307,0.6024642475129156,2.2312176302214706,1.1765495204338199,0.024350653633070433,0.03366643878481878,0.0072475938874446465,0,2.3530990408676398,0.014462809917355372,0.49586776859504134,0.1597972851020638
466,0.5935404135055078,0.6019349123602264,2.226382221772488,1.1850646133480625,0.024997707261602786,0.031127661656514916,0.0015353163571337185,0,2.370129226696125,0.014462809917355372,0.5020661157024794,0.1581767583300482
467,0.5986198244863049,0.6018635315189705,2.222949244695836,1.1917829438048964,0.026935802213318105,0.0303754508294861,0.0008601922556560258,0,2.3835658876097927,0.01652892561983471,0.5041322314049587,0.1617705101911719
468,0.5888052448862067,0.6018156415452205,2.2252152426684555,1.1893894475687068,0.02268725438669141,0.025813638262009286,0.0,0,2.3787788951374136,0.014462809917355372,0.5041322314049587,0.1600797117960655
469,0.5690928537766139,0.6018668109497199,2.2247511948345187,1.1929123668594195,0.022269811917327836,0.02596108654203109,0.001913346505535179,0,2.385824733718839,0.01652892561983471,0.5041322314049587,0.1619123703374464
470,0.5646504794720324,0.6022299115622763,2.2327398855262914,1.1800776856200645,0.02300125164152176,0.03016019411557535,0.004217539238633034,0,2.360155371240129,0.014462809917355372,0.49586776859504134,0.1595566933596219
471,0.5974144311598231,0.6019085477532369,2.223332572113496,1.2008147048811513,0.028099726199042406,0.026820208523477405,0.0015726013031159142,0,2.4016294097623025,0.02066115702479339,0.5,0.16026925332182645
472,0.579426226492562,0.6018080439827096,2.2283947306787604,1.1914341820733774,0.02176714230126836,0.024767113438546266,0.0,0,2.3828683641467547,0.014462809917355372,0.5041322314049587,0.16006770311436302
473,0.5825400045864187,0.6018288007071155,2.2305776667048693,1.1900612422402919,0.02266220161548378,0.02446471389735643,0.0,0,2.3801224844805837,0.014462809917355372,0.5041322314049587,0.16047347699519984
474,0.6115884710405332,0.6017943506909267,2.2273415760165842,1.192731840992353,0.018928396285491717,0.02196595347253305,0.0,0,2.385463681984706,0.014462809917355372,0.506198347107438,0.1624176968439069
475,0.5564163875441117,0.602176566581349,2.2229776370700964,1.2078739372264087,0.02001857994351661,0.02438116298419714,0.004771003013658931,0,2.4157478744528174,0.02066115702479339,0.5041322314049587,0.1617046354877016
476,0.5806218575334887,0.6019659037956184,2.2257255148118777,1.2011161494349503,0.023474964451564703,0.02614050011244091,0.0032149240565813035,0,2.4022322988699005,0.01652892561983471,0.506198347107438,0.16052396720082585
477,0.5490006635286571,0.601987867135373,2.229941204455458,1.198216470852756,0.026800892856710747,0.03138084130777104,0.0034536366378604792,0,2.396432941705512,0.01652892561983471,0.5041322314049587,0.1612059175059208
478,0.5936243829920874,0.601912686931005,2.2350995548607986,1.188442224633603,0.022415053753065732,0.035854598292925484,0.0,0,2.376884449267206,0.014462809917355372,0.5,0.15845915379537598
479,0.5750960458617624,0.6019412897951361,2.2339110379112888,1.1942076051962733,0.024525342174411685,0.0370875333984416,0.0015479992987678039,0,2.3884152103925467,0.01652892561983471,0.5020661157024794,0.15975924724405238
480,0.5862808950538049,0.6021090666352271,2.237048884235449,1.1899599954694444,0.027354179806614757,0.03130261095949937,0.004689941337393862,0,2.379919990938889,0.014462809917355372,0.5020661157024794,0.1581125022931796
481,0.5691448322795701,0.6022035064039492,2.2371133503778293,1.192955240186685,0.030262314192927076,0.03862640272783317,0.005400468130180786,0,2.38591048037337,0.01652892561983471,0.5,0.15738132472727645
482,0.5947308563763941,0.6027699388262853,2.2488932167060667,1.1695013849997566,0.022225916745795465,0.017914085459858415,0.0005440886999934407,0,2.3390027699995133,0.014462809917355372,0.4793388429752066,0.14687373146421034
483,0.6099662210592567,0.602295566462813,2.242399059053467,1.1831875204442643,0.026335590299149614,0.021649086028439984,0.004465679666206676,0,2.3663750408885287,0.014462809917355372,0.493801652892562,0.15991687582089462
484,0.5725600349438148,0.6021080618112291,2.241979377736649,1.1884553601548364,0.030843609009871844,0.022836648784652015,0.003751924616077573,0,2.376910720309673,0.014462809917355372,0.49793388429752067,0.15886638859552962
485,0.5526394162165742,0.6021643362587685,2.2424062655048265,1.1925419071884256,0.03218254408954969,0.025722574733992726,0.005478337450055853,0,2.385083814376851,0.014462809917355372,0.5020661157024794,0.15806704816598297
486,0.5659957455049424,0.6021675924722493,2.2409590450562864,1.1956216362697658,0.030623345475956312,0.025327181132966517,0.006665955788155392,0,2.3912432725395316,0.01652892561983471,0.5,0.15743306054432982
487,0.5970815312120903,0.6021671911097657,2.2404799067268373,1.1963935415904232,0.028676932163594158,0.02207677381800164,0.007262365892534301,0,2.3927870831808464,0.014462809917355372,0.5041322314049587,0.15986836971044152
488,0.5615763814450576,0.6023680707646047,2.247633557295605,1.1862058683205947,0.030143850312870854,0.021671935591121617,0.006289394999613774,0,2.3724117366411894,0.014462809917355372,0.49586776859504134,0.1596870150397713
489,0.5623835485133364,0.6032039827125406,2.2553121524232473,1.1774608518152454,0.027159397287675156,0.01910585379782169,0.015159230130757609,0,2.354921703630491,0.014462809917355372,0.4855371900826446,0.15361518528106688
490,0.6049937158142503,0.6036032574610134,2.2612134603989307,1.1660800828272089,0.01881340919632142,0.020537866993936147,0.011099772294750399,0,2.3321601656544177,0.012396694214876033,0.48140495867768596,0.14811754738923544
491,0.6218390812106439,0.6046790202545729,2.266041522577529,1.1531078800873926,0.01224480962799696,0.019771684404467083,0.006329205178706654,0,2.3062157601747852,0.006198347107438017,0.4855371900826446,0.14852924734985712
492,0.5634730207279482,0.6029379974482949,2.2581117715278713,1.1760642413821563,0.012411932139522892,0.017115386394254826,0.008106091347550706,0,2.3521284827643125,0.012396694214876033,0.48140495867768596,0.14658521965901541
493,0.5634640667439652,0.6027634775741186,2.2568124495730957,1.1824727031846947,0.013032776595713955,0.019483195134671973,0.008570565883041116,0,2.3649454063693893,0.014462809917355372,0.4855371900826446,0.15359690407542356
494,0.5673515906047895,0.603151432585414,2.2633055050609117,1.1757375491680224,0.019490303827496898,0.02463108479763248,0.0077689168406023575,0,2.351475098336045,0.012396694214876033,0.48140495867768596,0.14679698100897665
495,0.5902970278090166,0.602593096282817,2.2587639508459905,1.1881388478489554,0.026137560517884205,0.029269556933455915,0.007542682989226487,0,2.376277695697911,0.014462809917355372,0.49173553719008267,0.15767007438982408
496,0.5700366418993474,0.6028381586003975,2.2609493264904312,1.1864618500413864,0.023735172788382376,0.027985170783356418,0.011342399565047375,0,2.3729237000827728,0.014462809917355372,0.49173553719008267,0.15808433440735942
497,0.5653355377151935,0.6026620970874841,2.259963379149978,1.193450614335384,0.0241920358834105,0.03222605896406895,0.012821960248695415,0,2.386901228670768,0.014462809917355372,0.49586776859504134,0.15933553702744463
498,0.5710613423915899,0.6026378489152843,2.2607649825726295,1.1935461401150576,0.02448666282302265,0.034015605225387574,0.011574464950856869,0,2.387092280230115,0.014462809917355372,0.49586776859504134,0.15940250492097754
499,0.5481999227522923,0.6027836100513522,2.2633713024758206,1.1916198568962255,0.0276392574768919,0.03681701958627248,0.01122237403887801,0,2.383239713792451,0.014462809917355372,0.49586776859504134,0.15982672017286254
500,0.5536713585281243,0.6029011751492064,2.2658852659675732,1.1890524382225338,0.028025945843728046,0.038376592062421895,0.010327500333050688,0,2.3781048764450676,0.014462809917355372,0.49173553719008267,0.15783457133145432
501,0.5598033713214742,0.6031959923589865,2.270647495715301,1.1833593780627498,0.02905097067616753,0.03423468705758921,0.010251158871216139,0,2.3667187561254996,0.014462809917355372,0.4855371900826446,0.15388545697282965
502,0.5586530666436621,0.6031538376813241,2.2718563160067635,1.1870031459344064,0.030251755465881023,0.03193930953524028,0.012611926748011185,0,2.3740062918688127,0.014462809917355372,0.4855371900826446,0.15330003473956363
503,0.6029172983797696,0.6037246610258122,2.2756014718719237,1.1805268301779857,0.023925541890937256,0.03639604496718722,0.016129411648258655,0,2.3610536603559713,0.012396694214876033,0.48760330578512395,0.1546710162162056
504,0.5838201899609287,0.6033743434074528,2.272155682024974,1.1880780041443622,0.03119350914679416,0.044733951139361496,0.015448214599896405,0,2.3761560082887243,0.014462809917355372,0.4896694214876033,0.15568209596643495
505,0.5829120194227256,0.6035949309397045,2.274354083379929,1.184942484483604,0.038970842237977255,0.052460523859804174,0.014130593078177064,0,2.369884968967208,0.01652892561983471,0.4855371900826446,0.1533669704399033
506,0.5983608648455275,0.603564013768156,2.273491342775087,1.183590589130689,0.033239562770003984,0.0527579613665919,0.013228628423250942,0,2.367181178261378,0.014462809917355372,0.4855371900826446,0.15372552008441248
507,0.5977087136340695,0.603894257074971,2.2750094767100095,1.1801902294866315,0.03065144521379702,0.0528228817873348,0.016936464168233755,0,2.360380458973263,0.012396694214876033,0.4855371900826446,0.15170323300071098
508,0.5820500414188877,0.604753565265485,2.2832843506517397,1.1660251382090672,0.02650121624303727,0.05079881223006182,0.014884953982991387,0,2.3320502764181343,0.012396694214876033,0.4772727272727273,0.14412748957811541
509,0.5944524545943093,0.603873957781133,2.2793287959050414,1.1727086080650193,0.026519220200996892,0.04983709051982925,0.004480385412798164,0,2.3454172161300386,0.012396694214876033,0.48140495867768596,0.14845809973743612
510,0.5944933717346115,0.6031266247008317,2.274186542763111,1.1832268099945642,0.03469730025822071,0.05101950999791692,0.0022928083636537594,0,2.3664536199891284,0.012396694214876033,0.4896694214876033,0.15424597170277107
511,0.5526392262189523,0.602749646553131,2.2705625002223013,1.1924427952888441,0.03682220296839223,0.05082404184822681,0.0031781738898843306,0,2.3848855905776882,0.01652892561983471,0.4896694214876033,0.1576537400523178
512,0.5702212952459785,0.6028378691824372,2.2726947536177233,1.1918527059422461,0.03661470221991675,0.04817672365592657,0.004552680937297591,0,2.3837054118844923,0.01652892561983471,0.48760330578512395,0.15529874773080177
513,0.5798428661531836,0.603338909925534,2.2783093901787255,1.1830145425544447,0.04074843970596946,0.04843698826832491,0.004683224745923389,0,2.3660290851088894,0.014462809917355372,0.4855371900826446,0.1517491160125937
514,0.631595674186901,0.6052792937679506,2.2906457683784223,1.1555323176343117,0.0316979588284766,0.03657476309186032,0.0,0,2.3110646352686235,0.010330578512396695,0.47107438016528924,0.1421488570493237
515,0.5796042696453609,0.6033951841768184,2.2800029701288858,1.1802929114023872,0.03622319418277306,0.03650517401810602,0.00425964334008894,0,2.3605858228047745,0.012396694214876033,0.4855371900826446,0.15268854195950637
516,0.5643234785559481,0.6031732310883389,2.278159580826228,1.1867188929544557,0.03833868850478415,0.03772230574997914,0.007445431699986602,0,2.3734377859089113,0.014462809917355372,0.4855371900826446,0.1512832549286687
517,0.6086527773931536,0.6028774216005497,2.2746999940048185,1.1912160816581376,0.0394120885439589,0.03660522436360115,0.005390072010473797,0,2.3824321633162753,0.014462809917355372,0.48760330578512395,0.15296538694359124
518,0.5733692638192341,0.6026819024136106,2.2718261182694133,1.1998634589149075,0.0386273507525386,0.03805147689220827,0.00734551901352212,0,2.399726917829815,0.01652892561983471,0.493801652892562,0.15899506937403735
519,0.5857306351538747,0.6026103925282569,2.2707735421683033,1.2029172582885406,0.035820416738446145,0.03887963009813021,0.008036160313020006,0,2.405834516577081,0.01652892561983471,0.49793388429752067,0.15844367979573865
520,0.584320042560145,0.60256167034376,2.269476335578787,1.2024191280822454,0.03458291178637629,0.03768289561694211,0.007835832056938248,0,2.4048382561644908,0.01652892561983471,0.49793388429752067,0.15847688050515382
521,0.5921253888712169,0.6021684730907881,2.265348637737588,1.210388603566632,0.03168433643590868,0.0318446765917868,0.003429553110591197,0,2.420777207133264,0.01652892561983471,0.5,0.1571538879010799
522,0.5484381577790658,0.6020884556600122,2.2649300131219965,1.2133551627794694,0.025855171007263904,0.029755568975139344,0.0042067224374255875,0,2.426710325558939,0.01652892561983471,0.5041322314049587,0.1618614034159335
523,0.5624554150049511,0.602342502864109,2.2673357686163444,1.2110162786590817,0.0282935224134356,0.028855499032637115,0.008476346418625788,0,2.4220325573181634,0.01652892561983471,0.5020661157024794,0.15969884400474632
524,0.5724038499142172,0.6024248824605036,2.2715446762756546,1.2038511277294792,0.02661202601394069,0.030573296614398733,0.00837652228057876,0,2.4077022554589584,0.014462809917355372,0.5,0.15876091937606968
525,0.5524512506187333,0.6025430588585866,2.2748369077105464,1.203687977926547,0.028859165325001383,0.0320651038790682,0.008965032084165325,0,2.407375955853094,0.014462809917355372,0.49793388429752067,0.15896274971773508
526,0.6030811618243646,0.6023374614608823,2.267918216516222,1.215560219172423,0.0247805552524639,0.02602953833928574,0.010243253189427854,0,2.431120438344846,0.01652892561983471,0.5041322314049587,0.16161387360953655
527,0.5688962127199136,0.6024937597612141,2.2730326426769905,1.208798685075255,0.02548479816622621,0.03252045464851933,0.010917872175724722,0,2.41759737015051,0.01652892561983471,0.5,0.157981954112647
528,0.5896477809431503,0.6025785074123833,2.2745114179698867,1.2042119698090314,0.023201623265682467,0.032169612668141,0.0114686193904728,0,2.408423939618063,0.014462809917355372,0.5,0.1589220147357385
529,0.574075626256112,0.6031063653539314,2.2813993167911755,1.191168658150736,0.022354869159096617,0.029823235871908237,0.011309923287268686,0,2.382337316301472,0.014462809917355372,0.4855371900826446,0.15375915709720023
530,0.5808208640737742,0.6037837442632308,2.286721469873436,1.1854648803941952,0.026638211654764047,0.0360186638046989,0.015975124406982646,0,2.3709297607883904,0.012396694214876033,0.4855371900826446,0.15228036765309866
531,0.6182826186311333,0.603737652122933,2.2861954486261333,1.1847798986326246,0.019841266354980104,0.03386331957619266,0.015487604391397005,0,2.369559797265249,0.012396694214876033,0.48140495867768596,0.14684186148884887
532,0.5792334320975487,0.6035134385313846,2.285498168620203,1.1880578879124042,0.021090340600868163,0.039167021907271414,0.013240610242029816,0,2.3761157758248084,0.012396694214876033,0.48760330578512395,0.15444367828685224
533,0.5928247271238097,0.6038507203914629,2.289654692070101,1.1802225094848562,0.022149993969846838,0.04343438083247994,0.00835700585174665,0,2.3604450189697124,0.012396694214876033,0.4793388429752066,0.1454550785136448
534,0.5747765361750337,0.6032007709084308,2.284808886170012,1.1930364392743615,0.026949166535207236,0.04739285487042438,0.009338821999323465,0,2.386072878548723,0.014462809917355372,0.48760330578512395,0.15359744278240242
535,0.5454917427274724,0.6030514313806996,2.2840070847374228,1.1956368734229057,0.027141548558211805,0.04716499379386078,0.00859502375156795,0,2.3912737468458114,0.014462809917355372,0.4896694214876033,0.15582108106372644
536,0.5829282403922285,0.6027475218459567,2.280219313313015,1.2042782665531746,0.029152352809584964,0.047758377010163285,0.008229996215076807,0,2.408556533106349,0.01652892561983471,0.49586776859504134,0.15910933555178033
537,0.5819235465645984,0.6028272679129583,2.284433415789243,1.1968553298884606,0.03127921156838057,0.04152062632169492,0.004433743064649418,0,2.393710659776921,0.014462809917355372,0.4896694214876033,0.15555836208051266
538,0.5535652334777641,0.6031447051179144,2.291318446563463,1.1899299022488063,0.03133895125525777,0.03637440106235042,0.002846323369404218,0,2.3798598044976127,0.012396694214876033,0.4855371900826446,0.15229466142648285
539,0.5712293582287721,0.6032244877227337,2.2918791188560705,1.1922255533641861,0.04390306316564775,0.04301546491163124,0.004529583279509181,0,2.3844511067283722,0.014462809917355372,0.4855371900826446,0.1514097472596289
540,0.5581772964090265,0.6029652158715721,2.288301691240433,1.2000561034451065,0.04427028593556853,0.040976023880330656,0.005671257426750092,0,2.400112206890213,0.01652892561983471,0.48760330578512395,0.15514980904682207
541,0.5607045260324672,0.6028378035332683,2.287135948811964,1.2044345761698898,0.0440007440187203,0.040578041208855595,0.005279656244967238,0,2.4088691523397796,0.01652892561983471,0.493801652892562,0.15946153893746312
542,0.576436062978644,0.6026841244602725,2.2874969658214357,1.203460184312509,0.04341674205498584,0.045783621725329515,0.00070337769765348,0,2.406920368625018,0.01652892561983471,0.4896694214876033,0.157294211029499
543,0.5572097251119527,0.6026230629051712,2.2852419432190767,1.2084058513769425,0.043226095452894124,0.045576636523438296,0.0019562411295334947,0,2.416811702753885,0.01652892561983471,0.49586776859504134,0.15871266203066317
544,0.6016834874971676,0.6027149020879186,2.2868777031649428,1.2055745050512339,0.03950012554332961,0.043921924510988704,0.0037114629703634047,0,2.4111490101024677,0.01652892561983471,0.493801652892562,0.15939794879294655
545,0.5615954068799753,0.6024669549492011,2.2844724116080446,1.2101927701692965,0.04131557871503164,0.04473886468718357,0.0002821821578179698,0,2.420385540338593,0.01652892561983471,0.49793388429752067,0.15848950517240237
546,0.5823666455557189,0.6025350525311157,2.2828266292934325,1.2142588227997835,0.04373099877305759,0.043353877518893344,0.002697861629790921,0,2.428517645599567,0.02066115702479339,0.493801652892562,0.15753034654746917
547,0.5574159686572261,0.602876501898038,2.2894104324637046,1.204221591051272,0.046396776507173706,0.04733572969508787,0.0035667491998598744,0,2.408443182102544,0.01652892561983471,0.49173553719008267,0.15710337014410175
548,0.5888175242696736,0.6030548692220767,2.2941683885782624,1.1945923805687804,0.04237323726276415,0.04239603694011116,0.0017453286920982149,0,2.3891847611375607,0.014462809917355372,0.4855371900826446,0.15138658186533288
549,0.5585182436041529,0.6029584551895466,2.2933836144292625,1.1991344542854905,0.04065862944042025,0.04061828592743357,0.003849508741524865,0,2.398268908570981,0.014462809917355372,0.48760330578512395,0.15323509203336366
550,0.6096054552541852,0.6026326200967634,2.2906070613362193,1.201802093151717,0.03964278048051776,0.03608175074797747,0.0,0,2.403604186303434,0.014462809917355372,0.4896694214876033,0.15528341052825048
551,0.5579586283880976,0.602571015374319,2.290264177207784,1.2035486936848083,0.039085882354872835,0.035404197759874495,0.00016943462410407814,0,2.4070973873696166,0.014462809917355372,0.493801652892562,0.1603158568020471
552,0.5594169150387398,0.6026362652612784,2.2905244624161942,1.2055583903905496,0.042886146889621855,0.038648772776376614,0.0008517821545975115,0,2.411116780781099,0.01652892561983471,0.49173553719008267,0.15981130190280182
553,0.570556501331683,0.6026966409878399,2.292390050450861,1.202900769221031,0.04101955644708489,0.03810800356738384,0.0007437357598319831,0,2.405801538442062,0.014462809917355372,0.48760330578512395,0.1526913489767877
554,0.5587302109039558,0.6024304893528863,2.2899362585652954,1.2084824631712783,0.039128654812831246,0.033591848317928365,0.00023422378603861293,0,2.4169649263425566,0.014462809917355372,0.49586776859504134,0.15949824628795956
555,0.5545770321168256,0.6027616263847555,2.2955911170287986,1.2008438539538195,0.04112231360881782,0.03616277914274949,0.0,0,2.401687707907639,0.014462809917355372,0.48760330578512395,0.15335257199939356
556,0.5620491238049484,0.6024421873184684,2.2926106274124805,1.211182446666598,0.0426638676567943,0.0328656873907525,0.0,0,2.422364893333196,0.01652892561983471,0.49586776859504134,0.15919996401734005
557,0.5612123915447315,0.6023848783161341,2.2936388875229694,1.2136187428031837,0.041888668814870175,0.031429481531287815,0.0,0,2.4272374856063674,0.01652892561983471,0.49586776859504134,0.15893683617245435
558,0.6297042222846917,0.6022360612425645,2.2893683924219395,1.215877190402943,0.03738668808136917,0.02966011149234649,0.00027108662555219525,0,2.431754380805886,0.01652892561983471,0.49793388429752067,0.1583493199259502
559,0.6046980754064045,0.6028768989531961,2.298315467743636,1.1967897176673552,0.02916959258295522,0.021698067062015727,0.00031756570105991705,0,2.3935794353347104,0.014462809917355372,0.4855371900826446,0.1546213829577745
560,0.5462176330072579,0.6023369950662295,2.294242333981647,1.2082696757128097,0.03191238269629394,0.02119342693605457,0.0004831227576592616,0,2.4165393514256195,0.014462809917355372,0.49173553719008267,0.15762238425040473
561,0.5629093430088273,0.6021236975961765,2.288766761686872,1.2233819422305947,0.03260338868485015,0.020449248594201032,0.0017939926944287852,0,2.4467638844611894,0.014462809917355372,0.5041322314049587,0.15982146151670162
562,0.5823767397885637,0.6020933070082171,2.2892882920644175,1.2221527149069642,0.03338871883219653,0.020052662030401597,0.0008161204129251002,0,2.4443054298139284,0.014462809917355372,0.5020661157024794,0.1575684255820227
563,0.5555100276763982,0.6021849162041438,2.2937445883141656,1.214375275896191,0.03446497851999264,0.020527836612813433,0.0,0,2.428750551792382,0.014462809917355372,0.49793388429752067,0.15921776826819475
564,0.5588759250071477,0.6022774691750326,2.29378092528666,1.2149367141083927,0.03434120483164941,0.021134467994295403,0.0021808226456239044,0,2.4298734282167853,0.014462809917355372,0.49793388429752067,0.15903949095368514
565,0.5767067494413287,0.6027942490882116,2.3008421445712743,1.200863359664193,0.028616599837654442,0.02232395762907964,0.001567388484349925,0,2.401726719328386,0.014462809917355372,0.4855371900826446,0.1541376595280657
566,0.5730520009927021,0.6030462890406006,2.302134047744202,1.2019291788483801,0.025434134804108915,0.02554464543339476,0.008339283280059177,0,2.4038583576967603,0.014462809917355372,0.4855371900826446,0.153866331230551
567,0.5884335843512473,0.6026935165924544,2.2977912932718207,1.2132994930786094,0.026732881582504617,0.02383973451716306,0.010654962146390994,0,2.426598986157219,0.014462809917355372,0.49586776859504134,0.15952021097750393
568,0.5522268208144001,0.6027908281528583,2.30085954913886,1.2090531110234601,0.025910476280190154,0.024473746349124723,0.009257165351109445,0,2.4181062220469203,0.014462809917355372,0.49173553719008267,0.157911620997062
569,0.5614070958002189,0.602777589949339,2.301007142218724,1.2111650092869264,0.023594121525596475,0.022976568986306015,0.011051313726475345,0,2.4223300185738528,0.014462809917355372,0.49173553719008267,0.15760294456996057
570,0.5609773735536647,0.6026357782717149,2.2984650763702414,1.216434057025839,0.021550665973276067,0.023528263448850457,0.011737319161701657,0,2.432868114051678,0.014462809917355372,0.49586776859504134,0.1591855616382059
571,0.5568265591624098,0.6027852912858144,2.3011754642113407,1.2121644416791884,0.02345645967337743,0.025403182851751523,0.011349838339078938,0,2.4243288833583767,0.014462809917355372,0.493801652892562,0.1574112205345173
572,0.6147177129097678,0.6024298548017102,2.2946453586554325,1.2232876962747068,0.009923993099341537,0.024309276323119675,0.012235639093413431,0,2.4465753925494136,0.014462809917355372,0.506198347107438,0.16310437143530246
573,0.5693198800563706,0.602415291536194,2.2976547247989063,1.2180564868735828,0.004636441998574333,0.017756932292516472,0.010790350817765179,0,2.4361129737471656,0.014462809917355372,0.5020661157024794,0.1594765192920991
574,0.5707367594803452,0.602971595104398,2.3062607242050497,1.2050124589997893,0.005324779780815944,0.022707615096062433,0.009382692864310415,0,2.4100249179995785,0.012396694214876033,0.48140495867768596,0.1460738524657627
575,0.5750549293152566,0.6024995515315712,2.301897242995198,1.2166124547962918,0.00797371769391726,0.023903560922550082,0.009736287988204785,0,2.4332249095925835,0.014462809917355372,0.49793388429752067,0.1599315477349018
576,0.581532313555839,0.6024573201519309,2.302925970256655,1.21618234784788,0.007754142765206312,0.023711200504336095,0.008145981021465878,0,2.43236469569576,0.014462809917355372,0.493801652892562,0.15752291511888156
577,0.545429639006308,0.6023177906878123,2.3001427632474583,1.224689192831535,0.009858742993485206,0.024193315336016614,0.009220299791546135,0,2.44937838566307,0.014462809917355372,0.5041322314049587,0.1609393429112019
578,0.5570723736807481,0.6022612353843434,2.296601846246886,1.2340214238335179,0.012629182989774482,0.024796638138971604,0.00893729089177954,0,2.4680428476670357,0.014462809917355372,0.5082644628099173,0.16155314131446707
579,0.5610368029163957,0.602298993038515,2.3024972454917774,1.2219362477453133,0.009547585607152511,0.02402797765328501,0.00755480242901908,0,2.4438724954906266,0.014462809917355372,0.5020661157024794,0.1591515329704869
580,0.5674206449562068,0.6024199438854062,2.30321678248164,1.221845261846414,0.007831858770152397,0.025253957516724504,0.009993705111425753,0,2.443690523692828,0.014462809917355372,0.5020661157024794,0.15916782923818365
581,0.5553530525818507,0.6023295096763623,2.3018138858605264,1.2253897756290442,0.006496029648583855,0.027446460050867254,0.009448359434588287,0,2.4507795512580883,0.014462809917355372,0.5041322314049587,0.16101228678141674
582,0.5642561013027492,0.6024902866437879,2.305792923433218,1.2214369779199419,0.0071848721600018,0.02809186795591918,0.010289714670268587,0,2.4428739558398838,0.014462809917355372,0.5,0.1594229405175239
583,0.5816202395755963,0.6021742616589638,2.30178532618653,1.2281418950236898,0.008322301171414786,0.02601369398903355,0.006401404679109704,0,2.4562837900473795,0.014462809917355372,0.506198347107438,0.16318245457893865
584,0.5859847536112386,0.6019982169691167,2.3058276679190812,1.2212122745641878,0.003126337675150293,0.021481877317983608,0.0,0,2.4424245491283756,0.014462809917355372,0.5,0.1600730716287498
585,0.5634431166695293,0.6020854086178018,2.3065821150843204,1.2222106958729397,0.0071602444731091825,0.02753315064953198,0.0013842166927832643,0,2.4444213917458795,0.014462809917355372,0.5,0.15971529513508245
586,0.5846504288079478,0.6020435558356558,2.3073318800828853,1.2207583593301308,0.0069018090522174015,0.020772284982252476,6.55847292544931e-05,0,2.4415167186602615,0.014462809917355372,0.5,0.16017362400419496
587,0.5710570496017641,0.6020857982941245,2.3024473081604397,1.2312787354841073,0.0032983944952357956,0.02142455754399523,0.0052588511690396505,0,2.4625574709682145,0.014462809917355372,0.5082644628099173,0.16298006101732254
588,0.5661837297033171,0.6027238934431102,2.315061248194625,1.2130968817381578,0.0074846681316387866,0.026128637982645284,0.00504413037385762,0,2.4261937634763155,0.012396694214876033,0.48760330578512395,0.15380776720908781
589,0.5956396483606597,0.6023387551255848,2.3092651870459,1.2238432998202373,0.011934737131910775,0.02801371049177571,0.005887737123708404,0,2.4476865996404746,0.014462809917355372,0.5,0.1593611810587261
590,0.5745932204826232,0.6028818768842945,2.312585524132296,1.2195823554809995,0.007377083069431164,0.026983757793332137,0.015361638535419279,0,2.439164710961999,0.014462809917355372,0.49173553719008267,0.15748805943184416
591,0.5644586511136217,0.6026432075435968,2.3097726823301796,1.226715060325339,0.005698168822499412,0.024670654017607548,0.014961577833072951,0,2.453430120650678,0.014462809917355372,0.5041322314049587,0.16134365856867738
592,0.5782267763988416,0.6026461118095836,2.3069413828395025,1.233513848562393,0.004634784101056234,0.02616072256664108,0.016417739633254654,0,2.467027697124786,0.014462809917355372,0.5082644628099173,0.16247301821564622
593,0.576897700001636,0.6026577035652235,2.3125056674726694,1.2216966326220344,0.0029439558473884925,0.027377820783744698,0.012156702244254854,0,2.443393265244069,0.014462809917355372,0.49586776859504134,0.1573864993827992
594,0.5555580256770308,0.6028335458083074,2.3172464556854226,1.2159887564002136,0.007872960282595189,0.028651114394621497,0.008755783363869354,0,2.4319775128004273,0.014462809917355372,0.4855371900826446,0.15334435457607432
595,0.5886565465335719,0.6024751647831317,2.313752686719222,1.2232332500872252,0.009224815003915246,0.02672528917575205,0.0076972257652459936,0,2.4464665001744503,0.014462809917355372,0.49793388429752067,0.15987809788767954
596,0.5894788708794018,0.6023508037586209,2.311861396485148,1.2261659078861051,0.007672507336880539,0.0197242781030168,0.008177053904951664,0,2.4523318157722103,0.014462809917355372,0.5020661157024794,0.1593698343158821
597,0.6199803959799791,0.6025384529116538,2.314573937342681,1.21792648760849,0.00426257792417593,0.020893372519172202,0.00613146651696225,0,2.43585297521698,0.014462809917355372,0.4855371900826446,0.15312165244653383
598,0.5751041378021209,0.6030000285183171,2.3162005988880767,1.2173704746500185,0.009280343002587666,0.02648114985273432,0.01453441000127275,0,2.434740949300037,0.014462809917355372,0.4896694214876033,0.15813832703782651
599,0.5838069894519718,0.6027868121235554,2.310278996625778,1.23144792887469,0.014438058809543722,0.029504158603409193,0.016523768458701862,0,2.46289585774938,0.014462809917355372,0.5041322314049587,0.16022824054960258
600,0.5850457248944498,0.6033711351464512,2.3188562281542295,1.21261656902323,0.013065318229730769,0.028076978122216278,0.016551749854389262,0,2.42523313804646,0.014462809917355372,0.4855371900826446,0.1535794942102828
