row_id,ExternalRiskEstimate,neg_NetFractionRevolvingBurden,neg_PercentTradesWBalance,PercentTradesNeverDelq,neg_NumBank2NatlTradesWHighUtilization,RiskPerformance
0,55.0,-33.0,-69.0,83.0,-1.0,0
3,66.0,-72.0,-91.0,93.0,-3.0,0
4,81.0,-51.0,-80.0,100.0,-0.0,0
5,59.0,-62.0,-94.0,91.0,-3.0,0
10,82.0,-15.0,-67.0,100.0,-0.0,1
11,50.0,-84.0,-88.0,60.0,-2.0,0
13,69.0,-13.0,-67.0,100.0,-0.0,1
16,61.0,-62.0,-86.0,87.0,-1.0,0
17,62.0,-25.0,-70.0,79.0,-1.0,0
20,57.0,-44.0,-56.0,97.0,-3.0,0
22,72.0,-43.0,-64.0,100.0,-3.0,1
24,64.0,-24.0,-82.0,90.0,-1.0,0
25,58.0,-63.0,-91.0,93.0,-0.0,0
27,79.0,-28.0,-57.0,100.0,-1.0,0
28,66.0,-19.0,-63.0,82.0,-1.0,0
30,71.0,-5.0,-22.0,83.0,-0.0,1
31,54.0,-62.0,-100.0,64.0,-1.0,0
35,88.0,-1.0,-25.0,100.0,-0.0,1
38,65.0,-52.0,-56.0,93.0,-2.0,0
43,70.0,-42.0,-50.0,100.0,-1.0,0
44,73.0,-79.0,-80.0,100.0,-13.0,0
46,83.0,-22.0,-69.0,100.0,-0.0,1
47,87.0,-12.0,-56.0,100.0,-0.0,1
48,55.0,-97.0,-100.0,89.0,-6.0,0
49,65.0,-63.0,-60.0,89.0,-6.0,0
53,70.0,-74.0,-86.0,95.0,-3.0,0
56,75.0,-57.0,-100.0,100.0,-1.0,0
58,72.0,-60.0,-100.0,100.0,-0.0,0
60,74.0,-45.0,-93.0,88.0,-2.0,0
65,59.0,-63.0,-86.0,76.0,-4.0,0
68,66.0,-36.0,-47.0,98.0,-1.0,0
69,72.0,-66.0,-78.0,96.0,-1.0,0
74,73.0,-34.0,-64.0,89.0,-1.0,1
76,65.0,-49.0,-67.0,95.0,-1.0,0
79,75.0,-17.0,-61.0,98.0,-0.0,1
81,68.0,-85.0,-100.0,87.0,-2.0,1
85,62.0,-40.0,-100.0,80.0,-0.0,0
91,65.0,-80.0,-70.0,100.0,-4.0,0
92,74.0,-37.0,-75.0,96.0,-0.0,0
94,74.0,-44.0,-69.0,98.0,-2.0,1
99,75.0,-43.0,-83.0,100.0,-0.0,0
102,71.0,-87.0,-100.0,96.0,-3.0,0
103,69.0,-37.0,-83.0,100.0,-0.0,0
104,74.0,-36.0,-40.0,93.0,-1.0,1
110,73.0,-6.0,-50.0,100.0,-0.0,1
111,66.0,-58.0,-88.0,88.0,-1.0,0
122,63.0,-55.0,-91.0,59.0,-1.0,0
126,74.0,-61.0,-78.0,100.0,-2.0,0
128,80.0,-16.0,-69.0,100.0,-1.0,0
130,57.0,-57.0,-100.0,92.0,-1.0,0
132,71.0,-48.0,-67.0,86.0,-0.0,0
133,86.0,-3.0,-56.0,97.0,-0.0,1
134,83.0,-17.0,-60.0,100.0,-0.0,1
137,59.0,-93.0,-90.0,44.0,-2.0,0
139,55.0,-56.0,-83.0,86.0,-1.0,1
142,65.0,-1.0,-50.0,100.0,-0.0,1
146,57.0,-12.0,-89.0,88.0,-0.0,0
147,77.0,-26.0,-86.0,100.0,-0.0,0
152,77.0,-41.0,-75.0,100.0,-2.0,0
153,61.0,-97.0,-100.0,82.0,-4.0,0
156,64.0,-48.0,-62.0,85.0,-3.0,0
160,81.0,-25.0,-90.0,98.0,-0.0,1
163,75.0,-85.0,-83.0,100.0,-2.0,0
166,71.0,-43.0,-76.0,97.0,-3.0,0
167,65.0,-75.0,-88.0,85.0,-1.0,1
168,55.0,-80.0,-79.0,98.0,-10.0,1
171,70.0,-69.0,-100.0,88.0,-1.0,1
189,67.0,-18.0,-79.0,94.0,-1.0,1
190,92.0,-11.0,-60.0,100.0,-0.0,1
192,62.0,-13.0,-100.0,81.0,-0.0,0
205,61.0,-56.0,-78.0,88.0,-6.0,0
207,72.0,-34.0,-73.0,100.0,-0.0,1
209,78.0,-6.0,-56.0,96.0,-0.0,0
212,62.0,-32.0,-57.0,95.0,-2.0,0
214,75.0,-34.0,-45.0,100.0,-2.0,1
216,93.0,-0.0,-0.0,100.0,-0.0,0
218,64.0,-29.0,-58.0,88.0,-2.0,0
220,81.0,-8.0,-67.0,100.0,-0.0,1
221,80.0,-8.0,-50.0,90.0,-0.0,1
223,88.0,-0.0,-29.0,100.0,-0.0,1
225,60.0,-16.0,-68.0,78.0,-2.0,0
229,75.0,-41.0,-80.0,100.0,-0.0,1
230,73.0,-25.0,-62.0,100.0,-1.0,1
234,89.0,-2.0,-64.0,100.0,-0.0,1
237,76.0,-13.0,-67.0,97.0,-0.0,1
238,75.0,-47.0,-89.0,96.0,-0.0,1
240,65.0,-83.0,-79.0,100.0,-6.0,0
241,65.0,-9.0,-62.0,38.0,-2.0,0
243,66.0,-19.0,-57.0,98.0,-0.0,0
244,64.0,-34.0,-71.0,97.0,-2.0,0
247,76.0,-17.0,-50.0,100.0,-1.0,1
248,60.0,-56.0,-67.0,96.0,-1.0,0
250,85.0,-4.0,-25.0,100.0,-0.0,1
252,64.0,-57.0,-100.0,67.0,-0.0,1
254,56.0,-43.0,-73.0,93.0,-2.0,0
257,68.0,-59.0,-75.0,97.0,-0.0,0
258,55.0,-66.0,-89.0,86.0,-2.0,0
260,68.0,-64.0,-90.0,88.0,-3.0,0
262,75.0,-60.0,-80.0,100.0,-0.0,1
264,77.0,-41.0,-43.0,95.0,-1.0,1
267,77.0,-16.0,-59.0,100.0,-0.0,0
270,83.0,-38.0,-80.0,100.0,-0.0,0
273,66.0,-55.0,-80.0,85.0,-1.0,0
278,73.0,-50.0,-69.0,100.0,-1.0,0
279,77.0,-19.0,-50.0,100.0,-1.0,1
281,64.0,-58.0,-67.0,92.0,-0.0,0
283,80.0,-16.0,-78.0,87.0,-0.0,0
284,74.0,-5.0,-47.0,97.0,-0.0,0
291,80.0,-7.0,-50.0,100.0,-0.0,1
294,64.0,-42.0,-86.0,89.0,-2.0,1
297,86.0,-22.0,-43.0,100.0,-0.0,0
298,66.0,-24.0,-100.0,83.0,-0.0,0
299,69.0,-25.0,-45.0,96.0,-1.0,1
300,58.0,-62.0,-90.0,75.0,-0.0,0
301,75.0,-39.0,-53.0,100.0,-4.0,0
302,75.0,-48.0,-83.0,94.0,-0.0,0
303,70.0,-31.0,-39.0,100.0,-2.0,0
304,83.0,-2.0,-50.0,100.0,-0.0,0
305,72.0,-73.0,-100.0,100.0,-0.0,0
308,76.0,-42.0,-75.0,97.0,-1.0,1
310,62.0,-120.0,-75.0,100.0,-1.0,1
312,77.0,-69.0,-63.0,100.0,-1.0,0
313,82.0,-3.0,-45.0,98.0,-0.0,0
314,64.0,-69.0,-78.0,88.0,-2.0,1
315,68.0,-75.0,-71.0,90.0,-4.0,1
316,57.0,-100.0,-100.0,71.0,-1.0,0
317,75.0,-56.0,-100.0,100.0,-0.0,0
319,73.0,-68.0,-71.0,100.0,-1.0,1
334,82.0,-36.0,-40.0,100.0,-1.0,1
335,88.0,-2.0,-36.0,100.0,-0.0,1
340,60.0,-26.0,-80.0,25.0,-0.0,1
347,72.0,-49.0,-33.0,83.0,-1.0,0
349,58.0,-44.0,-78.0,100.0,-1.0,0
352,67.0,-30.0,-65.0,100.0,-1.0,1
354,63.0,-52.0,-88.0,91.0,-1.0,0
356,81.0,-3.0,-50.0,100.0,-0.0,0
357,57.0,-40.0,-50.0,97.0,-1.0,1
358,58.0,-95.0,-100.0,85.0,-3.0,0
359,78.0,-23.0,-75.0,95.0,-0.0,0
362,72.0,-6.0,-65.0,97.0,-0.0,1
365,63.0,-34.0,-57.0,94.0,-2.0,0
366,57.0,-47.0,-82.0,80.0,-1.0,0
368,69.0,-41.0,-75.0,96.0,-1.0,0
372,61.0,-30.0,-75.0,82.0,-1.0,0
379,88.0,-0.0,-50.0,100.0,-0.0,1
384,85.0,-1.0,-30.0,100.0,-0.0,0
386,68.0,-44.0,-63.0,85.0,-1.0,1
389,66.0,-1.0,-39.0,78.0,-0.0,0
393,60.0,-4.0,-71.0,94.0,-0.0,1
395,66.0,-93.0,-100.0,100.0,-5.0,0
397,67.0,-44.0,-82.0,100.0,-1.0,0
398,80.0,-22.0,-38.0,100.0,-2.0,1
399,75.0,-2.0,-57.0,100.0,-1.0,1
401,84.0,-17.0,-100.0,100.0,-0.0,1
402,75.0,-15.0,-27.0,100.0,-2.0,1
408,89.0,-2.0,-57.0,100.0,-0.0,1
411,71.0,-34.0,-71.0,95.0,-0.0,0
412,86.0,-6.0,-44.0,100.0,-0.0,1
414,74.0,-28.0,-74.0,96.0,-2.0,1
415,69.0,-30.0,-75.0,75.0,-0.0,0
421,74.0,-16.0,-46.0,93.0,-0.0,0
425,58.0,-82.0,-100.0,83.0,-2.0,0
427,63.0,-37.0,-78.0,100.0,-1.0,0
430,61.0,-40.0,-55.0,95.0,-2.0,1
434,80.0,-20.0,-38.0,100.0,-2.0,0
435,85.0,-1.0,-50.0,91.0,-0.0,1
436,57.0,-86.0,-71.0,88.0,-3.0,1
437,74.0,-28.0,-40.0,86.0,-0.0,0
438,54.0,-28.0,-50.0,57.0,-0.0,0
446,65.0,-72.0,-90.0,92.0,-0.0,0
447,67.0,-36.0,-50.0,100.0,-0.0,0
448,71.0,-82.0,-91.0,97.0,-3.0,0
450,67.0,-79.0,-75.0,88.0,-2.0,0
454,55.0,-56.0,-57.0,65.0,-2.0,0
455,73.0,-30.0,-67.0,95.0,-0.0,0
456,70.0,-64.0,-88.0,100.0,-1.0,0
457,66.0,-33.0,-63.0,96.0,-0.0,0
458,68.0,-22.0,-57.0,100.0,-0.0,1
460,72.0,-58.0,-86.0,92.0,-0.0,0
464,67.0,-70.0,-83.0,95.0,-2.0,0
468,84.0,-1.0,-100.0,100.0,-0.0,0
470,54.0,-65.0,-75.0,89.0,-2.0,0
471,70.0,-39.0,-67.0,100.0,-1.0,1
473,74.0,-31.0,-83.0,100.0,-0.0,1
475,72.0,-2.0,-58.0,92.0,-0.0,0
476,70.0,-94.0,-100.0,80.0,-1.0,0
477,76.0,-25.0,-63.0,95.0,-1.0,1
478,62.0,-78.0,-78.0,67.0,-1.0,0
484,88.0,-7.0,-60.0,100.0,-0.0,1
491,85.0,-11.0,-50.0,100.0,-0.0,1
496,59.0,-36.0,-56.0,88.0,-2.0,0
497,73.0,-8.0,-83.0,89.0,-0.0,1
508,78.0,-0.0,-50.0,50.0,-0.0,0
512,82.0,-19.0,-78.0,98.0,-0.0,1
513,63.0,-18.0,-69.0,97.0,-1.0,0
514,62.0,-92.0,-91.0,80.0,-4.0,0
518,60.0,-54.0,-61.0,95.0,-3.0,1
527,70.0,-38.0,-63.0,90.0,-2.0,0
528,59.0,-66.0,-63.0,100.0,-2.0,0
529,71.0,-73.0,-100.0,86.0,-2.0,0
531,62.0,-17.0,-29.0,98.0,-1.0,0
533,83.0,-0.0,-50.0,90.0,-0.0,0
534,84.0,-17.0,-56.0,100.0,-0.0,1
536,75.0,-12.0,-100.0,100.0,-0.0,0
538,75.0,-70.0,-100.0,100.0,-1.0,1
539,85.0,-1.0,-44.0,100.0,-0.0,1
540,70.0,-28.0,-63.0,88.0,-0.0,0
542,86.0,-12.0,-60.0,100.0,-0.0,1
543,57.0,-43.0,-67.0,43.0,-1.0,0
544,86.0,-3.0,-50.0,100.0,-0.0,1
545,77.0,-58.0,-50.0,100.0,-2.0,1
550,65.0,-45.0,-83.0,96.0,-0.0,0
551,67.0,-87.0,-85.0,100.0,-6.0,0
552,63.0,-68.0,-100.0,92.0,-0.0,0
560,57.0,-26.0,-92.0,30.0,-0.0,0
564,61.0,-63.0,-91.0,94.0,-3.0,0
567,71.0,-55.0,-60.0,96.0,-3.0,1
569,69.0,-5.0,-57.0,100.0,-0.0,0
571,56.0,-101.0,-100.0,75.0,-2.0,0
577,87.0,-5.0,-67.0,100.0,-0.0,1
578,89.0,-8.0,-43.0,100.0,-0.0,1
579,80.0,-23.0,-56.0,100.0,-1.0,1
582,58.0,-88.0,-78.0,93.0,-2.0,0
583,72.0,-55.0,-86.0,100.0,-2.0,1
584,89.0,-0.0,-21.0,100.0,-0.0,1
585,63.0,-70.0,-78.0,83.0,-2.0,1
589,79.0,-70.0,-71.0,97.0,-0.0,0
594,72.0,-33.0,-75.0,70.0,-0.0,1
597,72.0,-55.0,-67.0,100.0,-3.0,0
598,85.0,-28.0,-63.0,100.0,-0.0,1
599,74.0,-90.0,-73.0,100.0,-4.0,0
602,76.0,-12.0,-44.0,96.0,-0.0,1
607,82.0,-9.0,-50.0,92.0,-0.0,1
608,66.0,-51.0,-79.0,91.0,-2.0,0
609,71.0,-24.0,-57.0,100.0,-0.0,0
611,75.0,-47.0,-71.0,96.0,-0.0,1
613,88.0,-2.0,-26.0,100.0,-0.0,1
614,67.0,-53.0,-82.0,94.0,-2.0,0
615,59.0,-61.0,-79.0,79.0,-2.0,0
619,65.0,-91.0,-100.0,87.0,-1.0,0
622,86.0,-0.0,-25.0,100.0,-0.0,1
623,83.0,-5.0,-100.0,100.0,-0.0,1
625,69.0,-32.0,-86.0,100.0,-1.0,1
626,72.0,-48.0,-69.0,100.0,-4.0,0
629,68.0,-65.0,-67.0,100.0,-5.0,0
630,90.0,-1.0,-44.0,100.0,-0.0,1
631,83.0,-14.0,-56.0,100.0,-1.0,0
633,89.0,-0.0,-17.0,100.0,-0.0,1
638,87.0,-13.0,-71.0,100.0,-0.0,1
641,64.0,-50.0,-93.0,100.0,-5.0,0
642,76.0,-51.0,-84.0,100.0,-4.0,0
644,66.0,-39.0,-77.0,93.0,-1.0,1
645,84.0,-19.0,-70.0,100.0,-0.0,0
647,76.0,-13.0,-63.0,96.0,-0.0,1
648,56.0,-9.0,-33.0,88.0,-1.0,0
651,70.0,-52.0,-67.0,89.0,-2.0,1
653,84.0,-10.0,-88.0,100.0,-0.0,1
654,79.0,-56.0,-50.0,100.0,-0.0,1
656,71.0,-55.0,-89.0,95.0,-2.0,0
660,80.0,-19.0,-50.0,100.0,-1.0,1
661,65.0,-59.0,-90.0,78.0,-2.0,1
662,72.0,-0.0,-50.0,87.0,-0.0,1
669,75.0,-3.0,-45.0,96.0,-0.0,0
670,88.0,-0.0,-25.0,100.0,-0.0,1
672,65.0,-63.0,-100.0,97.0,-1.0,0
675,60.0,-26.0,-50.0,73.0,-0.0,0
676,66.0,-37.0,-58.0,100.0,-1.0,1
677,67.0,-26.0,-67.0,75.0,-0.0,0
680,87.0,-7.0,-44.0,100.0,-0.0,0
681,64.0,-84.0,-100.0,95.0,-4.0,0
682,81.0,-0.0,-50.0,93.0,-0.0,1
683,78.0,-24.0,-82.0,97.0,-0.0,0
684,68.0,-6.0,-25.0,92.0,-0.0,1
685,84.0,-5.0,-67.0,87.0,-0.0,0
687,62.0,-67.0,-60.0,100.0,-3.0,0
688,90.0,-6.0,-25.0,100.0,-0.0,0
689,77.0,-2.0,-33.0,89.0,-0.0,1
690,54.0,-58.0,-69.0,96.0,-3.0,0
695,78.0,-32.0,-67.0,100.0,-0.0,0
696,72.0,-50.0,-73.0,100.0,-3.0,1
697,93.0,-0.0,-33.0,100.0,-0.0,1
700,64.0,-35.0,-41.0,93.0,-2.0,1
707,85.0,-1.0,-50.0,92.0,-0.0,1
708,73.0,-9.0,-82.0,99.0,-0.0,1
709,80.0,-13.0,-71.0,100.0,-1.0,0
711,61.0,-84.0,-67.0,86.0,-2.0,1
714,86.0,-7.0,-50.0,97.0,-0.0,1
719,64.0,-86.0,-100.0,90.0,-1.0,0
721,86.0,-31.0,-50.0,100.0,-0.0,1
722,64.0,-92.0,-91.0,100.0,-6.0,0
727,84.0,-8.0,-30.0,94.0,-0.0,1
737,77.0,-11.0,-33.0,96.0,-2.0,1
738,82.0,-32.0,-54.0,100.0,-1.0,1
740,85.0,-4.0,-45.0,96.0,-0.0,0
741,75.0,-58.0,-100.0,100.0,-1.0,0
742,57.0,-59.0,-82.0,79.0,-2.0,1
747,76.0,-17.0,-50.0,91.0,-0.0,0
749,81.0,-34.0,-67.0,100.0,-0.0,1
753,78.0,-11.0,-75.0,100.0,-0.0,0
756,79.0,-25.0,-40.0,97.0,-1.0,1
758,79.0,-4.0,-63.0,95.0,-0.0,1
763,70.0,-16.0,-80.0,79.0,-0.0,0
764,72.0,-59.0,-88.0,93.0,-2.0,0
766,77.0,-24.0,-44.0,100.0,-1.0,1
767,90.0,-0.0,-33.0,100.0,-0.0,1
773,62.0,-92.0,-100.0,100.0,-8.0,1
775,88.0,-7.0,-50.0,100.0,-0.0,1
776,52.0,-52.0,-82.0,76.0,-1.0,1
777,70.0,-61.0,-83.0,100.0,-1.0,0
778,87.0,-14.0,-50.0,100.0,-1.0,1
779,86.0,-5.0,-20.0,94.0,-0.0,1
780,86.0,-13.0,-33.0,100.0,-0.0,1
784,66.0,-54.0,-71.0,100.0,-3.0,1
786,72.0,-62.0,-67.0,98.0,-3.0,1
787,80.0,-1.0,-45.0,100.0,-0.0,1
788,82.0,-2.0,-44.0,97.0,-0.0,1
792,75.0,-37.0,-55.0,100.0,-2.0,1
799,89.0,-8.0,-33.0,97.0,-0.0,1
803,83.0,-18.0,-43.0,100.0,-1.0,1
807,73.0,-38.0,-70.0,96.0,-2.0,0
809,90.0,-4.0,-33.0,100.0,-0.0,1
811,75.0,-44.0,-82.0,100.0,-1.0,1
812,74.0,-19.0,-75.0,96.0,-0.0,0
813,82.0,-18.0,-47.0,100.0,-1.0,1
816,57.0,-63.0,-88.0,62.0,-1.0,0
817,70.0,-62.0,-67.0,100.0,-2.0,1
818,89.0,-3.0,-75.0,100.0,-0.0,1
821,78.0,-9.0,-67.0,94.0,-0.0,1
822,72.0,-47.0,-74.0,100.0,-2.0,0
824,84.0,-9.0,-100.0,100.0,-0.0,1
825,67.0,-0.0,-40.0,92.0,-0.0,1
828,63.0,-42.0,-73.0,96.0,-3.0,1
831,80.0,-34.0,-65.0,100.0,-1.0,0
834,88.0,-3.0,-36.0,100.0,-0.0,1
838,84.0,-3.0,-42.0,100.0,-1.0,1
840,64.0,-74.0,-75.0,100.0,-1.0,0
841,71.0,-31.0,-39.0,100.0,-0.0,1
842,80.0,-6.0,-38.0,100.0,-0.0,0
846,61.0,-57.0,-92.0,89.0,-2.0,0
847,83.0,-18.0,-75.0,100.0,-0.0,1
848,74.0,-3.0,-38.0,83.0,-0.0,0
853,60.0,-33.0,-71.0,56.0,-2.0,0
855,78.0,-7.0,-63.0,100.0,-0.0,1
859,76.0,-29.0,-70.0,91.0,-0.0,0
864,72.0,-9.0,-53.0,98.0,-1.0,1
868,66.0,-34.0,-57.0,75.0,-1.0,0
872,88.0,-6.0,-40.0,100.0,-0.0,0
875,81.0,-8.0,-35.0,100.0,-1.0,1
877,80.0,-32.0,-57.0,100.0,-0.0,1
878,85.0,-1.0,-57.0,100.0,-1.0,1
879,84.0,-3.0,-45.0,100.0,-0.0,1
880,70.0,-15.0,-10.0,97.0,-0.0,1
881,80.0,-41.0,-88.0,100.0,-1.0,1
884,80.0,-30.0,-88.0,100.0,-0.0,1
887,89.0,-6.0,-100.0,100.0,-0.0,1
889,74.0,-37.0,-86.0,85.0,-0.0,1
891,82.0,-24.0,-67.0,100.0,-0.0,1
893,69.0,-58.0,-77.0,95.0,-5.0,1
896,71.0,-31.0,-83.0,88.0,-1.0,1
897,64.0,-92.0,-89.0,94.0,-4.0,0
913,67.0,-83.0,-83.0,97.0,-6.0,0
916,82.0,-0.0,-50.0,98.0,-0.0,1
917,87.0,-4.0,-33.0,100.0,-0.0,1
918,90.0,-4.0,-38.0,100.0,-0.0,1
919,84.0,-5.0,-38.0,98.0,-0.0,1
920,64.0,-36.0,-70.0,82.0,-1.0,0
921,64.0,-34.0,-63.0,91.0,-0.0,1
922,71.0,-18.0,-48.0,97.0,-2.0,1
926,63.0,-23.0,-80.0,55.0,-1.0,1
927,73.0,-31.0,-50.0,100.0,-1.0,1
930,78.0,-40.0,-75.0,100.0,-1.0,1
931,69.0,-24.0,-86.0,93.0,-0.0,1
934,69.0,-90.0,-87.0,100.0,-6.0,1
936,82.0,-23.0,-67.0,100.0,-1.0,1
938,74.0,-41.0,-71.0,100.0,-2.0,1
941,90.0,-5.0,-67.0,100.0,-0.0,1
944,88.0,-0.0,-8.0,100.0,-0.0,1
946,78.0,-56.0,-83.0,100.0,-0.0,1
949,71.0,-1.0,-31.0,95.0,-0.0,1
950,69.0,-45.0,-84.0,96.0,-1.0,0
951,81.0,-17.0,-63.0,100.0,-0.0,1
952,79.0,-10.0,-80.0,100.0,-1.0,1
956,69.0,-8.0,-42.0,93.0,-1.0,0
957,85.0,-7.0,-50.0,100.0,-0.0,1
960,57.0,-54.0,-67.0,96.0,-1.0,0
967,85.0,-0.0,-20.0,100.0,-0.0,1
972,88.0,-6.0,-38.0,100.0,-0.0,1
973,88.0,-6.0,-33.0,100.0,-0.0,1
974,80.0,-21.0,-100.0,98.0,-0.0,1
975,65.0,-64.0,-58.0,100.0,-2.0,0
978,74.0,-0.0,-40.0,98.0,-1.0,1
981,86.0,-5.0,-67.0,100.0,-0.0,1
982,65.0,-48.0,-40.0,89.0,-2.0,1
987,86.0,-28.0,-75.0,100.0,-0.0,1
992,83.0,-31.0,-56.0,100.0,-0.0,1
993,73.0,-16.0,-100.0,100.0,-0.0,1
994,88.0,-0.0,-50.0,100.0,-0.0,1
997,82.0,-28.0,-50.0,100.0,-2.0,1
999,63.0,-67.0,-70.0,86.0,-3.0,0
1002,57.0,-60.0,-86.0,93.0,-1.0,0
1008,68.0,-6.0,-67.0,100.0,-0.0,0
1009,91.0,-0.0,-23.0,100.0,-0.0,0
1012,75.0,-16.0,-83.0,91.0,-0.0,0
1013,72.0,-24.0,-57.0,94.0,-0.0,1
1015,63.0,-16.0,-83.0,38.0,-0.0,0
1016,70.0,-29.0,-81.0,95.0,-2.0,0
1018,76.0,-2.0,-43.0,67.0,-0.0,0
1020,70.0,-15.0,-29.0,88.0,-0.0,1
1022,79.0,-12.0,-60.0,92.0,-2.0,0
1024,73.0,-25.0,-43.0,88.0,-0.0,1
1027,73.0,-30.0,-35.0,84.0,-1.0,1
1035,61.0,-86.0,-54.0,95.0,-3.0,1
1036,61.0,-41.0,-57.0,88.0,-1.0,0
1038,65.0,-14.0,-57.0,50.0,-1.0,0
1040,83.0,-14.0,-100.0,100.0,-1.0,0
1041,88.0,-20.0,-75.0,100.0,-0.0,1
1043,71.0,-77.0,-64.0,100.0,-6.0,0
1046,55.0,-46.0,-72.0,70.0,-2.0,0
1048,55.0,-79.0,-91.0,91.0,-1.0,0
1049,57.0,-98.0,-86.0,79.0,-3.0,0
1050,59.0,-58.0,-100.0,30.0,-0.0,0
1051,73.0,-20.0,-45.0,96.0,-0.0,1
1053,64.0,-107.0,-75.0,95.0,-2.0,0
1055,81.0,-0.0,-43.0,100.0,-0.0,1
1057,63.0,-94.0,-80.0,100.0,-1.0,0
1060,76.0,-21.0,-59.0,98.0,-2.0,1
1065,69.0,-14.0,-69.0,97.0,-1.0,1
1067,67.0,-51.0,-87.0,100.0,-0.0,1
1070,84.0,-0.0,-33.0,100.0,-0.0,1
1074,88.0,-9.0,-44.0,100.0,-0.0,1
1079,70.0,-68.0,-83.0,92.0,-2.0,0
1462,70.0,-67.0,-69.0,100.0,-5.0,1
1464,86.0,-9.0,-44.0,93.0,-0.0,1
1465,67.0,-35.0,-75.0,100.0,-0.0,0
1466,79.0,-48.0,-60.0,100.0,-2.0,1
1467,69.0,-46.0,-60.0,96.0,-3.0,0
1469,66.0,-35.0,-57.0,84.0,-1.0,0
1472,91.0,-20.0,-80.0,100.0,-1.0,0
1473,80.0,-49.0,-100.0,100.0,-1.0,1
1475,76.0,-42.0,-63.0,100.0,-1.0,1
1477,64.0,-51.0,-39.0,98.0,-5.0,0
1481,76.0,-0.0,-45.0,94.0,-0.0,0
1482,57.0,-93.0,-83.0,57.0,-1.0,0
1483,63.0,-91.0,-83.0,93.0,-1.0,0
1484,64.0,-83.0,-63.0,90.0,-3.0,1
1488,65.0,-46.0,-82.0,100.0,-2.0,0
1492,63.0,-91.0,-60.0,95.0,-2.0,0
1494,84.0,-16.0,-67.0,100.0,-0.0,1
1495,61.0,-88.0,-87.0,100.0,-8.0,0
1497,72.0,-39.0,-83.0,95.0,-0.0,0
1499,64.0,-92.0,-100.0,100.0,-1.0,0
1502,72.0,-37.0,-63.0,100.0,-3.0,1
1504,80.0,-13.0,-63.0,100.0,-1.0,1
1505,72.0,-45.0,-60.0,100.0,-2.0,0
1507,84.0,-1.0,-71.0,100.0,-0.0,1
1509,73.0,-59.0,-78.0,100.0,-2.0,0
1511,65.0,-8.0,-60.0,60.0,-0.0,0
1515,69.0,-85.0,-100.0,90.0,-1.0,1
1517,57.0,-36.0,-73.0,89.0,-1.0,0
1518,64.0,-35.0,-68.0,95.0,-3.0,1
1520,67.0,-45.0,-70.0,94.0,-3.0,1
1521,60.0,-58.0,-100.0,100.0,-1.0,0
1523,89.0,-3.0,-57.0,100.0,-0.0,1
1528,77.0,-33.0,-55.0,100.0,-2.0,0
1529,72.0,-11.0,-83.0,78.0,-0.0,1
1534,66.0,-18.0,-67.0,100.0,-1.0,0
1539,85.0,-4.0,-15.0,88.0,-0.0,0
1540,61.0,-24.0,-85.0,84.0,-1.0,0
1545,74.0,-72.0,-75.0,100.0,-3.0,0
1548,75.0,-33.0,-67.0,98.0,-1.0,1
1553,56.0,-97.0,-100.0,75.0,-1.0,0
1554,75.0,-62.0,-67.0,100.0,-0.0,0
1557,73.0,-51.0,-56.0,89.0,-1.0,1
1558,66.0,-46.0,-100.0,79.0,-0.0,1
1561,67.0,-83.0,-57.0,100.0,-6.0,0
1562,56.0,-64.0,-69.0,80.0,-2.0,0
1564,66.0,-71.0,-71.0,76.0,-2.0,0
1567,77.0,-44.0,-50.0,100.0,-2.0,1
1570,66.0,-67.0,-71.0,100.0,-3.0,0
1572,63.0,-87.0,-92.0,93.0,-7.0,0
1573,77.0,-7.0,-71.0,92.0,-0.0,1
1577,57.0,-38.0,-42.0,71.0,-0.0,0
1580,56.0,-12.0,-71.0,97.0,-1.0,1
1587,79.0,-29.0,-27.0,100.0,-1.0,0
1589,66.0,-94.0,-83.0,100.0,-1.0,0
1591,68.0,-85.0,-75.0,100.0,-2.0,0
1592,75.0,-20.0,-47.0,100.0,-1.0,1
1599,83.0,-26.0,-50.0,100.0,-0.0,1
1602,81.0,-0.0,-40.0,96.0,-0.0,1
1606,66.0,-66.0,-33.0,95.0,-2.0,0
1608,87.0,-0.0,-10.0,100.0,-0.0,1
1609,89.0,-8.0,-25.0,100.0,-0.0,0
1611,74.0,-52.0,-74.0,100.0,-4.0,0
1612,66.0,-78.0,-73.0,100.0,-4.0,1
1614,85.0,-0.0,-0.0,80.0,-0.0,0
1616,81.0,-4.0,-50.0,100.0,-0.0,1
1619,58.0,-31.0,-67.0,89.0,-0.0,0
1622,63.0,-11.0,-86.0,76.0,-0.0,0
1625,72.0,-52.0,-73.0,96.0,-1.0,0
1626,73.0,-39.0,-64.0,100.0,-1.0,1
1627,79.0,-81.0,-50.0,100.0,-1.0,0
1629,75.0,-25.0,-50.0,97.0,-2.0,0
1631,66.0,-81.0,-90.0,92.0,-5.0,0
1634,89.0,-17.0,-100.0,100.0,-0.0,1
1640,72.0,-6.0,-50.0,100.0,-0.0,0
1641,64.0,-36.0,-50.0,64.0,-1.0,0
1644,65.0,-51.0,-64.0,100.0,-2.0,0
1649,69.0,-80.0,-50.0,87.0,-2.0,0
1650,74.0,-58.0,-80.0,100.0,-1.0,1
1652,65.0,-0.0,-40.0,83.0,-0.0,0
1655,86.0,-7.0,-80.0,92.0,-0.0,0
1656,78.0,-23.0,-86.0,100.0,-0.0,0
1659,69.0,-35.0,-46.0,97.0,-1.0,0
1663,84.0,-0.0,-44.0,100.0,-0.0,1
1666,67.0,-63.0,-73.0,100.0,-3.0,0
1667,75.0,-46.0,-67.0,100.0,-2.0,0
1670,65.0,-38.0,-89.0,100.0,-0.0,1
1673,65.0,-88.0,-90.0,96.0,-8.0,0
1675,63.0,-76.0,-83.0,100.0,-1.0,0
1677,65.0,-64.0,-59.0,100.0,-6.0,0
1678,71.0,-13.0,-80.0,94.0,-1.0,0
1683,73.0,-16.0,-77.0,100.0,-0.0,0
1687,70.0,-57.0,-100.0,100.0,-1.0,0
1692,89.0,-0.0,-50.0,100.0,-0.0,1
1694,65.0,-85.0,-75.0,79.0,-1.0,0
1696,72.0,-24.0,-100.0,95.0,-0.0,1
1698,72.0,-56.0,-75.0,80.0,-1.0,0
1700,55.0,-51.0,-86.0,76.0,-2.0,0
1703,66.0,-21.0,-50.0,61.0,-1.0,1
1705,73.0,-23.0,-69.0,86.0,-1.0,1
1706,62.0,-61.0,-100.0,83.0,-1.0,0
1707,72.0,-24.0,-57.0,95.0,-0.0,1
1708,63.0,-56.0,-75.0,82.0,-1.0,0
1709,63.0,-36.0,-40.0,84.0,-2.0,0
1712,55.0,-5.0,-41.0,94.0,-1.0,0
1714,73.0,-15.0,-60.0,89.0,-0.0,0
1716,77.0,-39.0,-62.0,100.0,-0.0,1
1719,63.0,-60.0,-77.0,89.0,-3.0,0
1721,68.0,-73.0,-86.0,90.0,-1.0,0
1725,76.0,-1.0,-33.0,92.0,-0.0,1
1727,71.0,-53.0,-67.0,100.0,-1.0,0
1728,76.0,-23.0,-64.0,100.0,-1.0,1
1733,72.0,-71.0,-80.0,100.0,-1.0,1
1736,76.0,-9.0,-58.0,100.0,-1.0,1
1737,64.0,-86.0,-91.0,94.0,-2.0,0
1739,67.0,-9.0,-92.0,96.0,-3.0,1
1744,77.0,-34.0,-60.0,100.0,-2.0,1
1745,64.0,-84.0,-80.0,100.0,-4.0,0
1747,69.0,-23.0,-41.0,82.0,-1.0,1
1749,62.0,-99.0,-100.0,100.0,-3.0,0
1750,85.0,-20.0,-67.0,100.0,-0.0,1
1754,68.0,-39.0,-67.0,93.0,-0.0,0
1761,87.0,-0.0,-40.0,100.0,-0.0,1
1763,60.0,-99.0,-100.0,91.0,-2.0,0
1766,64.0,-79.0,-88.0,100.0,-6.0,0
1769,73.0,-47.0,-38.0,92.0,-4.0,0
1771,81.0,-1.0,-100.0,95.0,-0.0,1
1780,63.0,-77.0,-70.0,85.0,-2.0,0
1782,67.0,-77.0,-88.0,100.0,-2.0,0
1787,66.0,-24.0,-75.0,100.0,-1.0,1
1790,84.0,-13.0,-50.0,100.0,-0.0,1
1793,57.0,-38.0,-100.0,70.0,-0.0,0
1794,69.0,-78.0,-75.0,98.0,-3.0,0
1798,81.0,-1.0,-50.0,100.0,-0.0,1
1800,58.0,-85.0,-75.0,100.0,-1.0,0
1805,75.0,-32.0,-62.0,100.0,-2.0,1
1807,57.0,-27.0,-50.0,65.0,-0.0,0
1811,86.0,-22.0,-40.0,94.0,-0.0,0
1812,84.0,-0.0,-31.0,100.0,-0.0,1
1814,81.0,-23.0,-81.0,100.0,-1.0,0
1816,57.0,-36.0,-86.0,88.0,-1.0,0
1818,69.0,-52.0,-100.0,100.0,-2.0,0
1819,61.0,-39.0,-53.0,98.0,-5.0,1
1820,62.0,-6.0,-33.0,56.0,-0.0,0
1821,63.0,-92.0,-100.0,100.0,-6.0,0
1824,67.0,-4.0,-60.0,75.0,-0.0,0
1833,79.0,-3.0,-27.0,100.0,-1.0,1
1835,76.0,-30.0,-80.0,100.0,-0.0,0
1837,62.0,-54.0,-70.0,96.0,-3.0,0
1838,56.0,-86.0,-71.0,75.0,-1.0,0
1840,67.0,-18.0,-83.0,68.0,-0.0,1
1841,72.0,-16.0,-39.0,96.0,-2.0,1
1842,56.0,-51.0,-82.0,100.0,-3.0,0
1843,77.0,-35.0,-38.0,100.0,-2.0,0
1844,64.0,-4.0,-80.0,83.0,-0.0,1
1847,65.0,-43.0,-67.0,94.0,-1.0,1
1848,80.0,-4.0,-75.0,92.0,-1.0,0
1851,86.0,-11.0,-50.0,100.0,-0.0,0
1852,64.0,-77.0,-71.0,100.0,-6.0,0
1856,61.0,-43.0,-53.0,86.0,-1.0,0
1857,59.0,-74.0,-82.0,92.0,-2.0,0
1858,59.0,-14.0,-88.0,73.0,-0.0,0
1859,89.0,-1.0,-60.0,100.0,-0.0,1
1860,70.0,-59.0,-73.0,95.0,-1.0,0
1861,75.0,-101.0,-100.0,100.0,-1.0,0
1863,60.0,-30.0,-82.0,81.0,-1.0,0
1864,66.0,-65.0,-79.0,94.0,-6.0,0
1865,59.0,-55.0,-70.0,97.0,-3.0,0
1867,82.0,-4.0,-70.0,100.0,-0.0,1
1868,77.0,-55.0,-86.0,90.0,-1.0,0
1869,75.0,-26.0,-75.0,95.0,-0.0,1
1870,84.0,-12.0,-75.0,95.0,-0.0,0
1871,82.0,-0.0,-57.0,97.0,-0.0,1
1874,75.0,-21.0,-89.0,100.0,-1.0,0
1877,62.0,-4.0,-36.0,100.0,-0.0,1
1879,57.0,-9.0,-100.0,75.0,-0.0,0
1882,87.0,-2.0,-20.0,100.0,-0.0,1
1884,88.0,-1.0,-60.0,100.0,-0.0,1
1890,59.0,-2.0,-67.0,47.0,-0.0,0
1891,75.0,-36.0,-100.0,100.0,-0.0,1
1892,66.0,-12.0,-57.0,90.0,-1.0,1
1894,71.0,-37.0,-43.0,96.0,-2.0,1
1895,56.0,-22.0,-50.0,81.0,-1.0,0
1896,65.0,-54.0,-77.0,93.0,-4.0,0
1898,61.0,-69.0,-100.0,83.0,-1.0,1
1899,58.0,-70.0,-83.0,92.0,-1.0,0
1900,69.0,-39.0,-75.0,100.0,-0.0,0
1901,73.0,-0.0,-50.0,88.0,-0.0,0
1902,75.0,-32.0,-83.0,100.0,-1.0,0
1908,59.0,-99.0,-100.0,67.0,-1.0,0
1914,64.0,-53.0,-82.0,100.0,-4.0,0
1917,68.0,-42.0,-85.0,94.0,-2.0,0
1921,70.0,-62.0,-88.0,100.0,-2.0,0
1922,78.0,-22.0,-70.0,100.0,-0.0,0
1924,82.0,-0.0,-21.0,100.0,-1.0,1
1929,70.0,-67.0,-93.0,98.0,-7.0,0
1931,81.0,-7.0,-32.0,100.0,-0.0,1
1935,72.0,-22.0,-81.0,97.0,-1.0,0
1939,65.0,-99.0,-100.0,100.0,-1.0,0
1943,71.0,-53.0,-67.0,91.0,-0.0,0
1947,73.0,-39.0,-57.0,95.0,-0.0,0
1948,55.0,-86.0,-84.0,96.0,-9.0,0
1949,59.0,-85.0,-94.0,100.0,-4.0,0
1950,77.0,-13.0,-80.0,100.0,-1.0,1
1952,71.0,-17.0,-50.0,96.0,-1.0,0
1953,75.0,-8.0,-88.0,89.0,-0.0,1
1954,70.0,-30.0,-55.0,100.0,-1.0,0
1956,60.0,-83.0,-89.0,81.0,-1.0,0
1959,66.0,-46.0,-100.0,50.0,-0.0,0
1960,56.0,-55.0,-61.0,91.0,-3.0,0
1962,77.0,-4.0,-35.0,100.0,-0.0,1
1968,69.0,-20.0,-78.0,80.0,-1.0,0
1971,76.0,-21.0,-65.0,100.0,-2.0,1
1972,79.0,-1.0,-43.0,90.0,-0.0,1
1974,63.0,-56.0,-89.0,74.0,-1.0,1
1978,73.0,-8.0,-43.0,85.0,-0.0,1
1979,59.0,-62.0,-89.0,100.0,-3.0,0
1982,57.0,-96.0,-91.0,94.0,-1.0,0
1983,84.0,-11.0,-100.0,80.0,-0.0,0
1984,58.0,-71.0,-78.0,76.0,-3.0,0
1987,88.0,-5.0,-50.0,100.0,-0.0,0
1988,66.0,-33.0,-64.0,100.0,-3.0,0
1989,62.0,-50.0,-80.0,98.0,-4.0,0
1990,64.0,-9.0,-53.0,91.0,-0.0,0
1991,70.0,-98.0,-100.0,100.0,-1.0,0
1997,71.0,-26.0,-55.0,87.0,-1.0,0
1998,86.0,-0.0,-40.0,100.0,-0.0,1
1999,66.0,-12.0,-41.0,93.0,-0.0,1
2001,74.0,-49.0,-88.0,100.0,-1.0,0
2002,68.0,-59.0,-100.0,90.0,-0.0,0
2004,77.0,-36.0,-40.0,100.0,-1.0,1
2005,83.0,-1.0,-23.0,100.0,-1.0,1
2007,71.0,-46.0,-60.0,93.0,-1.0,1
2009,77.0,-69.0,-100.0,100.0,-0.0,1
2010,68.0,-45.0,-70.0,95.0,-1.0,0
2012,65.0,-59.0,-80.0,94.0,-3.0,0
2015,65.0,-43.0,-100.0,80.0,-2.0,0
2017,72.0,-50.0,-69.0,100.0,-1.0,1
2019,74.0,-28.0,-79.0,100.0,-1.0,1
2022,75.0,-16.0,-33.0,95.0,-1.0,0
2027,73.0,-29.0,-45.0,100.0,-1.0,1
2028,62.0,-60.0,-100.0,74.0,-1.0,1
2030,82.0,-14.0,-100.0,100.0,-0.0,1
2031,86.0,-23.0,-83.0,93.0,-0.0,1
2032,56.0,-66.0,-73.0,81.0,-1.0,0
2033,67.0,-81.0,-100.0,100.0,-3.0,1
2034,68.0,-78.0,-83.0,96.0,-4.0,1
2035,68.0,-33.0,-86.0,91.0,-0.0,0
2037,63.0,-64.0,-83.0,71.0,-1.0,0
2041,71.0,-32.0,-59.0,100.0,-2.0,1
2042,68.0,-31.0,-70.0,81.0,-1.0,0
2045,61.0,-44.0,-52.0,100.0,-3.0,0
2046,64.0,-49.0,-63.0,100.0,-4.0,0
2047,75.0,-36.0,-67.0,100.0,-1.0,1
2048,66.0,-60.0,-83.0,79.0,-2.0,0
2049,81.0,-11.0,-40.0,95.0,-0.0,1
2050,67.0,-30.0,-55.0,87.0,-3.0,0
2051,68.0,-24.0,-76.0,93.0,-1.0,0
2057,69.0,-46.0,-89.0,100.0,-2.0,0
2061,64.0,-75.0,-50.0,100.0,-2.0,0
2062,71.0,-84.0,-75.0,100.0,-3.0,0
2068,60.0,-20.0,-57.0,100.0,-1.0,0
2070,86.0,-10.0,-29.0,100.0,-0.0,1
2075,64.0,-58.0,-89.0,95.0,-2.0,0
2077,60.0,-83.0,-92.0,100.0,-3.0,0
2078,75.0,-15.0,-43.0,95.0,-1.0,1
2080,73.0,-76.0,-75.0,88.0,-2.0,0
2083,72.0,-37.0,-85.0,100.0,-0.0,0
2086,74.0,-47.0,-71.0,100.0,-2.0,1
2089,65.0,-8.0,-40.0,71.0,-1.0,0
2091,67.0,-95.0,-82.0,100.0,-2.0,0
2093,85.0,-6.0,-67.0,100.0,-1.0,1
2100,88.0,-16.0,-19.0,100.0,-0.0,1
2105,61.0,-60.0,-71.0,83.0,-1.0,0
2106,87.0,-6.0,-40.0,100.0,-0.0,1
2111,68.0,-13.0,-65.0,91.0,-0.0,1
2115,55.0,-78.0,-88.0,92.0,-6.0,1
2121,62.0,-97.0,-100.0,89.0,-1.0,0
2122,65.0,-19.0,-100.0,57.0,-1.0,0
2123,78.0,-13.0,-58.0,93.0,-0.0,1
2132,80.0,-21.0,-100.0,100.0,-0.0,1
2133,66.0,-90.0,-100.0,93.0,-2.0,0
2134,81.0,-1.0,-50.0,95.0,-0.0,1
2136,73.0,-33.0,-57.0,98.0,-0.0,0
2137,63.0,-0.0,-25.0,75.0,-0.0,1
2139,81.0,-4.0,-55.0,94.0,-0.0,1
2142,58.0,-96.0,-91.0,100.0,-4.0,0
2143,56.0,-36.0,-63.0,50.0,-0.0,0
2144,66.0,-51.0,-67.0,93.0,-2.0,0
2145,73.0,-41.0,-63.0,100.0,-7.0,0
2147,55.0,-105.0,-82.0,67.0,-3.0,0
2148,60.0,-32.0,-50.0,94.0,-1.0,0
2151,75.0,-59.0,-47.0,100.0,-3.0,1
2152,72.0,-74.0,-92.0,97.0,-3.0,0
2153,58.0,-78.0,-87.0,96.0,-7.0,1
2158,63.0,-91.0,-86.0,100.0,-1.0,0
2163,69.0,-58.0,-86.0,100.0,-1.0,0
2167,72.0,-4.0,-86.0,100.0,-0.0,1
2169,71.0,-35.0,-65.0,100.0,-3.0,0
2172,59.0,-80.0,-88.0,80.0,-3.0,0
2174,54.0,-13.0,-67.0,43.0,-0.0,0
2178,60.0,-90.0,-70.0,100.0,-5.0,0
2181,60.0,-66.0,-91.0,100.0,-1.0,1
2189,74.0,-12.0,-40.0,89.0,-1.0,0
2190,64.0,-40.0,-82.0,87.0,-0.0,0
2194,83.0,-2.0,-50.0,100.0,-0.0,1
2198,65.0,-79.0,-100.0,86.0,-1.0,0
2199,94.0,-0.0,-25.0,100.0,-0.0,0
2200,87.0,-6.0,-13.0,100.0,-0.0,1
2201,85.0,-28.0,-67.0,100.0,-0.0,1
2203,84.0,-1.0,-27.0,100.0,-0.0,1
2207,63.0,-4.0,-82.0,88.0,-0.0,0
2209,79.0,-53.0,-33.0,100.0,-1.0,0
2212,85.0,-0.0,-0.0,94.0,-0.0,1
2214,81.0,-47.0,-64.0,100.0,-1.0,1
2215,77.0,-0.0,-29.0,100.0,-0.0,0
2217,74.0,-68.0,-78.0,92.0,-2.0,0
2219,68.0,-81.0,-88.0,100.0,-2.0,0
2221,68.0,-13.0,-50.0,80.0,-1.0,0
2222,66.0,-104.0,-100.0,100.0,-3.0,0
2223,60.0,-75.0,-67.0,86.0,-3.0,1
2224,88.0,-4.0,-92.0,100.0,-0.0,1
2225,57.0,-19.0,-75.0,75.0,-0.0,1
2227,62.0,-87.0,-69.0,100.0,-4.0,0
2230,70.0,-37.0,-67.0,88.0,-0.0,1
2232,63.0,-97.0,-100.0,100.0,-2.0,0
2234,60.0,-32.0,-90.0,92.0,-0.0,0
2237,64.0,-63.0,-81.0,100.0,-4.0,0
2238,59.0,-86.0,-100.0,60.0,-1.0,0
2239,76.0,-47.0,-100.0,100.0,-2.0,0
2240,70.0,-32.0,-47.0,100.0,-1.0,1
2241,85.0,-26.0,-73.0,100.0,-0.0,1
2242,47.0,-76.0,-85.0,89.0,-3.0,0
2244,72.0,-11.0,-29.0,94.0,-0.0,0
2245,80.0,-6.0,-82.0,78.0,-0.0,0
2246,63.0,-82.0,-89.0,91.0,-3.0,0
2247,59.0,-83.0,-100.0,71.0,-1.0,0
2248,69.0,-38.0,-50.0,91.0,-2.0,0
2250,88.0,-0.0,-30.0,100.0,-0.0,1
2257,65.0,-0.0,-43.0,98.0,-0.0,1
2258,63.0,-57.0,-82.0,94.0,-2.0,0
2259,63.0,-49.0,-89.0,90.0,-1.0,1
2260,74.0,-33.0,-63.0,97.0,-0.0,1
2261,56.0,-77.0,-77.0,95.0,-4.0,0
2265,60.0,-85.0,-93.0,74.0,-3.0,1
2267,71.0,-41.0,-56.0,88.0,-1.0,0
2269,62.0,-13.0,-36.0,69.0,-2.0,0
2272,66.0,-48.0,-74.0,100.0,-1.0,1
2273,75.0,-43.0,-75.0,67.0,-0.0,0
2274,71.0,-40.0,-91.0,100.0,-0.0,1
2275,43.0,-63.0,-72.0,63.0,-5.0,0
2277,83.0,-2.0,-38.0,100.0,-0.0,0
2279,70.0,-7.0,-56.0,88.0,-0.0,0
2283,57.0,-60.0,-100.0,89.0,-2.0,0
2287,70.0,-79.0,-100.0,89.0,-1.0,1
2291,56.0,-53.0,-80.0,78.0,-3.0,0
2294,75.0,-13.0,-57.0,100.0,-0.0,0
2296,82.0,-16.0,-73.0,100.0,-1.0,1
2297,63.0,-27.0,-73.0,94.0,-0.0,1
2302,72.0,-34.0,-33.0,100.0,-1.0,1
2303,71.0,-33.0,-86.0,89.0,-1.0,0
2304,59.0,-71.0,-75.0,100.0,-6.0,0
2306,81.0,-1.0,-75.0,80.0,-0.0,1
2308,76.0,-16.0,-41.0,97.0,-0.0,1
2309,57.0,-71.0,-69.0,93.0,-5.0,1
2311,86.0,-13.0,-33.0,100.0,-0.0,1
2314,67.0,-59.0,-60.0,86.0,-1.0,0
2317,79.0,-13.0,-45.0,96.0,-0.0,1
2318,72.0,-29.0,-71.0,92.0,-1.0,0
2319,85.0,-2.0,-57.0,100.0,-0.0,1
2320,82.0,-13.0,-58.0,100.0,-0.0,1
2321,76.0,-20.0,-40.0,100.0,-0.0,0
2326,67.0,-40.0,-45.0,94.0,-1.0,0
2328,77.0,-46.0,-57.0,95.0,-1.0,1
2329,65.0,-18.0,-57.0,61.0,-0.0,0
2331,56.0,-22.0,-100.0,88.0,-0.0,1
2335,75.0,-50.0,-62.0,87.0,-2.0,0
2338,60.0,-76.0,-89.0,100.0,-3.0,0
2339,63.0,-41.0,-85.0,87.0,-0.0,1
2340,67.0,-47.0,-71.0,91.0,-0.0,0
2348,63.0,-54.0,-75.0,88.0,-2.0,0
2355,91.0,-3.0,-25.0,100.0,-0.0,1
2363,75.0,-9.0,-50.0,100.0,-0.0,0
2364,65.0,-87.0,-79.0,100.0,-7.0,0
2366,75.0,-8.0,-46.0,100.0,-0.0,0
2369,77.0,-0.0,-0.0,100.0,-0.0,0
2370,78.0,-47.0,-70.0,100.0,-1.0,1
2372,86.0,-24.0,-60.0,96.0,-0.0,1
2375,58.0,-60.0,-100.0,100.0,-1.0,0
2376,80.0,-0.0,-36.0,100.0,-0.0,0
2382,87.0,-15.0,-29.0,100.0,-0.0,1
2385,82.0,-0.0,-50.0,94.0,-0.0,0
2387,70.0,-59.0,-50.0,91.0,-2.0,0
2388,78.0,-12.0,-32.0,98.0,-0.0,1
2389,69.0,-45.0,-59.0,100.0,-3.0,1
2391,73.0,-11.0,-71.0,98.0,-1.0,1
2394,65.0,-57.0,-85.0,100.0,-3.0,1
2395,74.0,-45.0,-88.0,100.0,-1.0,0
2399,71.0,-40.0,-75.0,84.0,-0.0,1
2401,77.0,-28.0,-83.0,100.0,-1.0,0
2403,56.0,-26.0,-57.0,38.0,-0.0,0
2404,74.0,-18.0,-70.0,82.0,-0.0,0
2405,61.0,-88.0,-100.0,100.0,-3.0,0
2407,88.0,-7.0,-57.0,100.0,-0.0,0
2409,87.0,-0.0,-29.0,100.0,-0.0,1
2411,81.0,-39.0,-100.0,100.0,-0.0,1
2413,73.0,-59.0,-82.0,92.0,-3.0,0
2414,81.0,-4.0,-25.0,100.0,-0.0,1
2415,75.0,-15.0,-33.0,98.0,-2.0,1
2416,62.0,-62.0,-80.0,72.0,-1.0,0
2417,71.0,-14.0,-27.0,100.0,-0.0,0
2419,71.0,-41.0,-69.0,100.0,-2.0,0
2420,69.0,-36.0,-63.0,90.0,-2.0,1
2423,68.0,-44.0,-67.0,100.0,-3.0,0
2426,70.0,-43.0,-100.0,87.0,-0.0,0
2428,69.0,-51.0,-53.0,80.0,-2.0,0
2429,83.0,-27.0,-100.0,100.0,-0.0,1
2432,68.0,-104.0,-60.0,90.0,-1.0,0
2435,68.0,-34.0,-65.0,100.0,-2.0,0
2436,81.0,-4.0,-67.0,75.0,-0.0,0
2440,61.0,-98.0,-100.0,100.0,-5.0,0
2446,74.0,-40.0,-100.0,100.0,-1.0,0
2451,61.0,-83.0,-89.0,97.0,-8.0,0
2452,68.0,-12.0,-35.0,90.0,-1.0,1
2453,79.0,-0.0,-57.0,100.0,-0.0,1
2454,81.0,-12.0,-41.0,100.0,-0.0,1
2455,80.0,-24.0,-100.0,88.0,-0.0,1
2456,86.0,-4.0,-50.0,100.0,-0.0,1
2462,65.0,-21.0,-50.0,84.0,-1.0,1
2470,84.0,-3.0,-86.0,100.0,-0.0,1
2471,69.0,-52.0,-67.0,90.0,-0.0,0
2473,58.0,-80.0,-90.0,93.0,-1.0,0
2474,61.0,-78.0,-71.0,55.0,-1.0,0
2477,82.0,-31.0,-71.0,100.0,-0.0,0
2478,84.0,-0.0,-13.0,95.0,-0.0,0
2479,62.0,-79.0,-75.0,71.0,-1.0,0
2480,60.0,-64.0,-70.0,96.0,-2.0,0
2482,84.0,-1.0,-11.0,96.0,-0.0,1
2484,71.0,-83.0,-86.0,100.0,-1.0,0
2485,86.0,-0.0,-25.0,100.0,-0.0,1
2491,72.0,-60.0,-89.0,100.0,-2.0,1
2492,80.0,-7.0,-100.0,94.0,-0.0,1
2493,79.0,-13.0,-90.0,100.0,-0.0,1
2501,64.0,-19.0,-60.0,71.0,-1.0,0
2504,67.0,-22.0,-60.0,86.0,-0.0,0
2509,87.0,-4.0,-40.0,100.0,-0.0,1
2511,75.0,-22.0,-68.0,100.0,-2.0,1
2517,91.0,-0.0,-75.0,100.0,-0.0,1
2519,80.0,-4.0,-48.0,100.0,-0.0,1
2520,76.0,-27.0,-91.0,100.0,-0.0,1
2521,66.0,-38.0,-80.0,96.0,-1.0,1
2528,65.0,-50.0,-64.0,82.0,-1.0,0
2530,74.0,-13.0,-50.0,100.0,-1.0,0
2531,63.0,-66.0,-75.0,100.0,-2.0,0
2533,78.0,-0.0,-43.0,100.0,-0.0,1
2540,68.0,-11.0,-40.0,100.0,-1.0,0
2543,79.0,-3.0,-33.0,100.0,-1.0,1
2546,63.0,-101.0,-100.0,100.0,-4.0,0
2548,84.0,-5.0,-50.0,75.0,-0.0,1
2553,79.0,-10.0,-25.0,96.0,-1.0,1
2558,62.0,-28.0,-92.0,86.0,-0.0,1
2560,59.0,-91.0,-67.0,87.0,-1.0,0
2562,72.0,-4.0,-57.0,89.0,-0.0,0
2564,66.0,-58.0,-91.0,94.0,-1.0,0
2565,59.0,-78.0,-80.0,84.0,-4.0,0
2572,58.0,-63.0,-86.0,67.0,-2.0,0
2576,80.0,-57.0,-40.0,100.0,-0.0,0
2580,66.0,-76.0,-75.0,100.0,-5.0,0
2581,63.0,-37.0,-57.0,82.0,-1.0,0
2584,57.0,-62.0,-100.0,82.0,-1.0,0
2586,87.0,-12.0,-83.0,100.0,-0.0,1
2587,63.0,-99.0,-100.0,89.0,-1.0,0
2588,87.0,-7.0,-75.0,100.0,-0.0,1
2590,70.0,-53.0,-80.0,94.0,-1.0,0
2594,56.0,-25.0,-40.0,60.0,-0.0,0
2595,69.0,-44.0,-71.0,92.0,-1.0,1
2600,68.0,-18.0,-50.0,96.0,-1.0,0
2602,63.0,-36.0,-43.0,88.0,-2.0,1
2606,77.0,-20.0,-80.0,92.0,-1.0,0
2608,74.0,-12.0,-67.0,97.0,-0.0,1
2611,78.0,-32.0,-78.0,100.0,-2.0,0
2613,71.0,-45.0,-43.0,100.0,-2.0,0
2614,66.0,-59.0,-84.0,97.0,-2.0,0
2615,67.0,-41.0,-56.0,86.0,-2.0,0
2616,67.0,-69.0,-100.0,80.0,-2.0,0
2617,74.0,-6.0,-63.0,88.0,-0.0,1
2618,63.0,-0.0,-75.0,75.0,-1.0,0
2619,84.0,-17.0,-57.0,100.0,-0.0,0
2624,87.0,-2.0,-75.0,100.0,-0.0,1
2630,89.0,-2.0,-25.0,100.0,-0.0,1
2631,74.0,-0.0,-40.0,100.0,-0.0,0
2632,66.0,-23.0,-89.0,67.0,-1.0,1
2633,79.0,-1.0,-44.0,100.0,-0.0,1
2636,65.0,-16.0,-90.0,76.0,-0.0,0
2637,69.0,-95.0,-100.0,93.0,-3.0,0
2638,67.0,-76.0,-83.0,86.0,-0.0,1
2639,56.0,-73.0,-100.0,100.0,-3.0,1
2642,80.0,-36.0,-40.0,100.0,-0.0,1
2644,63.0,-15.0,-67.0,61.0,-0.0,0
2645,73.0,-9.0,-75.0,94.0,-0.0,0
2653,73.0,-18.0,-46.0,97.0,-1.0,1
2657,70.0,-95.0,-89.0,100.0,-5.0,1
2658,70.0,-84.0,-79.0,100.0,-10.0,0
2659,63.0,-42.0,-50.0,87.0,-5.0,0
2661,69.0,-48.0,-86.0,78.0,-1.0,1
2665,86.0,-2.0,-25.0,100.0,-0.0,0
2666,73.0,-62.0,-83.0,100.0,-2.0,1
2667,76.0,-54.0,-78.0,94.0,-1.0,1
2670,58.0,-92.0,-100.0,91.0,-1.0,0
2672,88.0,-3.0,-38.0,96.0,-0.0,1
2674,58.0,-87.0,-81.0,100.0,-10.0,0
2676,70.0,-84.0,-73.0,100.0,-2.0,0
2677,59.0,-40.0,-57.0,81.0,-0.0,0
2678,59.0,-76.0,-100.0,75.0,-1.0,1
2679,66.0,-42.0,-80.0,89.0,-1.0,0
2686,80.0,-32.0,-69.0,100.0,-1.0,1
2689,59.0,-20.0,-100.0,50.0,-0.0,0
2690,65.0,-71.0,-79.0,98.0,-8.0,1
2691,61.0,-33.0,-70.0,85.0,-1.0,0
2694,75.0,-6.0,-64.0,100.0,-0.0,0
2696,73.0,-33.0,-91.0,94.0,-0.0,0
2697,67.0,-40.0,-75.0,86.0,-1.0,0
2698,61.0,-96.0,-100.0,71.0,-1.0,0
2699,88.0,-15.0,-33.0,100.0,-0.0,0
2700,56.0,-68.0,-71.0,95.0,-2.0,0
2701,80.0,-2.0,-53.0,92.0,-0.0,0
2702,66.0,-44.0,-67.0,83.0,-0.0,0
2704,77.0,-25.0,-100.0,100.0,-0.0,0
2706,65.0,-38.0,-59.0,100.0,-2.0,0
2709,65.0,-14.0,-55.0,88.0,-3.0,0
2710,73.0,-26.0,-40.0,100.0,-2.0,1
2711,70.0,-64.0,-100.0,100.0,-1.0,0
2713,70.0,-1.0,-71.0,100.0,-0.0,0
2714,80.0,-8.0,-73.0,92.0,-0.0,0
2719,65.0,-43.0,-100.0,80.0,-0.0,1
2730,70.0,-14.0,-39.0,100.0,-1.0,0
2731,61.0,-44.0,-50.0,88.0,-1.0,0
2732,71.0,-63.0,-45.0,89.0,-3.0,1
2733,55.0,-5.0,-100.0,88.0,-0.0,0
2734,62.0,-44.0,-71.0,90.0,-1.0,1
2740,80.0,-29.0,-75.0,97.0,-0.0,1
2742,63.0,-68.0,-92.0,94.0,-1.0,0
2743,88.0,-1.0,-25.0,100.0,-0.0,1
2746,88.0,-1.0,-73.0,100.0,-0.0,0
2747,75.0,-62.0,-100.0,100.0,-1.0,1
2749,65.0,-103.0,-100.0,100.0,-1.0,0
2753,86.0,-12.0,-35.0,100.0,-0.0,0
2754,70.0,-102.0,-100.0,100.0,-1.0,0
2755,88.0,-0.0,-4.0,97.0,-0.0,1
2756,65.0,-26.0,-91.0,79.0,-0.0,1
2761,81.0,-8.0,-38.0,100.0,-0.0,0
2763,58.0,-65.0,-100.0,72.0,-0.0,1
2767,74.0,-34.0,-75.0,100.0,-1.0,0
2770,73.0,-45.0,-76.0,100.0,-6.0,0
2771,87.0,-0.0,-50.0,100.0,-0.0,1
2776,72.0,-24.0,-100.0,90.0,-0.0,1
2778,76.0,-98.0,-83.0,100.0,-1.0,0
2779,56.0,-93.0,-83.0,69.0,-3.0,0
2782,66.0,-21.0,-73.0,76.0,-0.0,1
2787,64.0,-77.0,-81.0,98.0,-6.0,0
2788,78.0,-17.0,-44.0,100.0,-0.0,1
2791,83.0,-15.0,-100.0,100.0,-0.0,1
2793,55.0,-22.0,-57.0,82.0,-0.0,0
2795,65.0,-30.0,-77.0,95.0,-1.0,0
2797,58.0,-0.0,-55.0,67.0,-0.0,0
2798,72.0,-26.0,-50.0,100.0,-1.0,0
2801,67.0,-50.0,-61.0,100.0,-3.0,0
2805,79.0,-1.0,-67.0,92.0,-0.0,1
2806,75.0,-28.0,-62.0,100.0,-1.0,1
2807,88.0,-4.0,-75.0,100.0,-0.0,0
2808,70.0,-25.0,-36.0,81.0,-0.0,0
2809,59.0,-58.0,-75.0,56.0,-3.0,0
2814,64.0,-88.0,-95.0,81.0,-3.0,0
2815,59.0,-88.0,-88.0,78.0,-1.0,0
2819,73.0,-39.0,-42.0,90.0,-0.0,1
2824,68.0,-32.0,-87.0,97.0,-2.0,0
2826,59.0,-33.0,-75.0,73.0,-1.0,0
2828,80.0,-45.0,-100.0,100.0,-0.0,0
2831,80.0,-32.0,-88.0,100.0,-0.0,1
2832,62.0,-73.0,-83.0,86.0,-2.0,1
2833,65.0,-45.0,-61.0,100.0,-4.0,0
2836,80.0,-10.0,-45.0,100.0,-0.0,0
2843,63.0,-1.0,-60.0,44.0,-0.0,0
2844,80.0,-0.0,-25.0,100.0,-0.0,1
2846,54.0,-26.0,-50.0,85.0,-1.0,0
2849,60.0,-67.0,-76.0,94.0,-4.0,0
2852,75.0,-89.0,-78.0,100.0,-3.0,0
2859,73.0,-59.0,-53.0,100.0,-7.0,0
2863,72.0,-68.0,-50.0,91.0,-1.0,0
2865,68.0,-3.0,-58.0,92.0,-0.0,1
2866,73.0,-44.0,-54.0,92.0,-1.0,0
2869,56.0,-84.0,-100.0,87.0,-1.0,1
2871,88.0,-1.0,-30.0,100.0,-0.0,1
2873,61.0,-65.0,-100.0,96.0,-3.0,0
2874,81.0,-8.0,-42.0,96.0,-0.0,1
2876,74.0,-7.0,-50.0,82.0,-0.0,0
2878,86.0,-20.0,-71.0,100.0,-0.0,1
2880,59.0,-15.0,-60.0,98.0,-2.0,0
2882,70.0,-28.0,-43.0,100.0,-0.0,0
2883,58.0,-60.0,-63.0,67.0,-1.0,0
2884,65.0,-41.0,-36.0,100.0,-2.0,0
2887,57.0,-0.0,-67.0,73.0,-0.0,0
2894,86.0,-1.0,-17.0,100.0,-0.0,1
2896,65.0,-51.0,-69.0,84.0,-1.0,1
2899,73.0,-54.0,-67.0,100.0,-0.0,0
2900,80.0,-4.0,-67.0,100.0,-0.0,0
2903,87.0,-12.0,-60.0,100.0,-0.0,1
2904,54.0,-68.0,-90.0,88.0,-1.0,0
2905,48.0,-74.0,-89.0,83.0,-6.0,0
2906,65.0,-38.0,-73.0,100.0,-1.0,1
2907,61.0,-65.0,-90.0,100.0,-1.0,0
2908,74.0,-48.0,-75.0,94.0,-1.0,1
2909,68.0,-38.0,-75.0,96.0,-2.0,1
2911,80.0,-17.0,-69.0,100.0,-0.0,1
2912,58.0,-47.0,-82.0,71.0,-3.0,0
2914,88.0,-5.0,-43.0,100.0,-0.0,1
2916,82.0,-8.0,-62.0,100.0,-2.0,1
2917,74.0,-14.0,-39.0,97.0,-0.0,1
2924,68.0,-20.0,-78.0,78.0,-1.0,0
2926,74.0,-37.0,-78.0,97.0,-1.0,0
2927,66.0,-54.0,-63.0,93.0,-3.0,1
2930,62.0,-40.0,-100.0,69.0,-2.0,0
2934,70.0,-45.0,-60.0,93.0,-0.0,1
2935,55.0,-21.0,-42.0,84.0,-1.0,0
2936,69.0,-72.0,-87.0,100.0,-2.0,1
2939,67.0,-66.0,-50.0,100.0,-3.0,0
2948,85.0,-9.0,-50.0,100.0,-0.0,1
2951,66.0,-16.0,-67.0,89.0,-0.0,1
2953,57.0,-97.0,-100.0,100.0,-3.0,0
2956,86.0,-11.0,-67.0,100.0,-0.0,1
2958,66.0,-72.0,-73.0,84.0,-1.0,0
2960,80.0,-18.0,-46.0,97.0,-0.0,1
2961,67.0,-41.0,-75.0,100.0,-1.0,0
2963,65.0,-58.0,-57.0,100.0,-4.0,0
2965,74.0,-69.0,-88.0,100.0,-1.0,0
2966,86.0,-3.0,-33.0,96.0,-0.0,1
2972,85.0,-29.0,-50.0,100.0,-0.0,0
2973,75.0,-26.0,-67.0,93.0,-0.0,1
2974,72.0,-45.0,-60.0,92.0,-0.0,1
2975,82.0,-2.0,-50.0,100.0,-0.0,1
2976,64.0,-59.0,-62.0,98.0,-4.0,1
2978,60.0,-95.0,-67.0,89.0,-1.0,0
2981,88.0,-6.0,-45.0,100.0,-0.0,1
2987,79.0,-4.0,-83.0,95.0,-0.0,1
2989,69.0,-77.0,-100.0,90.0,-1.0,0
2990,85.0,-18.0,-70.0,100.0,-0.0,1
2991,65.0,-52.0,-83.0,91.0,-1.0,0
3001,68.0,-19.0,-73.0,98.0,-0.0,1
3011,73.0,-4.0,-71.0,100.0,-1.0,0
3012,43.0,-100.0,-89.0,75.0,-2.0,1
3017,65.0,-26.0,-63.0,91.0,-0.0,0
3018,78.0,-24.0,-71.0,100.0,-0.0,1
3019,72.0,-19.0,-50.0,100.0,-2.0,1
3023,60.0,-60.0,-63.0,100.0,-3.0,0
3025,88.0,-5.0,-80.0,100.0,-0.0,1
3031,80.0,-2.0,-57.0,100.0,-0.0,0
3032,63.0,-72.0,-100.0,50.0,-0.0,0
3034,70.0,-61.0,-75.0,96.0,-2.0,1
3037,73.0,-34.0,-60.0,100.0,-0.0,0
3038,80.0,-23.0,-80.0,100.0,-0.0,1
3039,65.0,-28.0,-76.0,74.0,-1.0,0
3040,75.0,-19.0,-64.0,100.0,-0.0,0
3042,86.0,-1.0,-40.0,100.0,-0.0,1
3045,81.0,-31.0,-50.0,100.0,-1.0,0
3048,80.0,-2.0,-43.0,94.0,-0.0,1
3049,68.0,-5.0,-61.0,95.0,-0.0,0
3050,81.0,-1.0,-53.0,89.0,-0.0,0
3051,78.0,-0.0,-50.0,100.0,-0.0,0
3054,73.0,-11.0,-80.0,100.0,-0.0,1
3056,63.0,-87.0,-86.0,95.0,-5.0,0
3061,63.0,-56.0,-73.0,93.0,-2.0,1
3062,56.0,-75.0,-90.0,100.0,-5.0,0
3063,57.0,-60.0,-75.0,94.0,-3.0,0
3064,73.0,-8.0,-67.0,91.0,-0.0,0
3066,86.0,-1.0,-38.0,100.0,-0.0,1
3069,83.0,-37.0,-73.0,100.0,-0.0,1
3070,56.0,-60.0,-88.0,81.0,-1.0,0
3071,69.0,-37.0,-67.0,96.0,-3.0,0
3072,57.0,-103.0,-80.0,80.0,-1.0,1
3073,84.0,-8.0,-60.0,100.0,-1.0,1
3074,82.0,-28.0,-39.0,100.0,-1.0,0
3077,62.0,-61.0,-100.0,100.0,-2.0,0
3078,64.0,-53.0,-75.0,92.0,-4.0,0
3080,69.0,-21.0,-77.0,100.0,-0.0,0
3087,67.0,-23.0,-100.0,60.0,-0.0,0
3088,80.0,-31.0,-56.0,100.0,-1.0,1
3089,85.0,-3.0,-50.0,100.0,-1.0,1
3090,52.0,-88.0,-90.0,75.0,-3.0,0
3091,71.0,-40.0,-33.0,100.0,-0.0,0
3092,65.0,-37.0,-75.0,100.0,-0.0,1
3094,79.0,-8.0,-86.0,100.0,-1.0,0
3096,67.0,-74.0,-78.0,95.0,-3.0,0
3097,86.0,-2.0,-80.0,100.0,-0.0,1
3098,75.0,-20.0,-55.0,100.0,-0.0,0
3099,69.0,-0.0,-50.0,79.0,-0.0,1
3102,79.0,-2.0,-57.0,92.0,-0.0,1
3103,61.0,-31.0,-56.0,100.0,-0.0,1
3105,68.0,-87.0,-75.0,89.0,-3.0,1
3106,66.0,-45.0,-74.0,100.0,-5.0,0
3109,63.0,-56.0,-70.0,87.0,-2.0,0
3110,59.0,-55.0,-65.0,93.0,-7.0,0
3111,85.0,-12.0,-24.0,100.0,-0.0,1
3112,64.0,-18.0,-50.0,94.0,-1.0,0
3115,85.0,-6.0,-50.0,96.0,-0.0,1
3116,73.0,-16.0,-40.0,96.0,-0.0,0
3117,72.0,-10.0,-67.0,98.0,-0.0,1
3120,79.0,-7.0,-40.0,92.0,-0.0,0
3123,73.0,-21.0,-47.0,100.0,-1.0,1
3127,60.0,-97.0,-100.0,78.0,-2.0,0
3128,57.0,-61.0,-86.0,91.0,-4.0,0
3130,71.0,-74.0,-67.0,94.0,-2.0,0
3133,65.0,-57.0,-89.0,70.0,-1.0,0
3135,63.0,-4.0,-67.0,92.0,-0.0,0
3136,69.0,-40.0,-63.0,92.0,-1.0,0
3137,40.0,-72.0,-87.0,48.0,-3.0,0
3149,63.0,-82.0,-100.0,100.0,-2.0,0
3151,77.0,-38.0,-67.0,100.0,-1.0,1
3152,73.0,-47.0,-59.0,100.0,-3.0,1
3153,69.0,-97.0,-100.0,100.0,-7.0,0
3154,84.0,-23.0,-56.0,100.0,-1.0,1
3156,62.0,-37.0,-100.0,83.0,-1.0,0
3163,79.0,-68.0,-86.0,100.0,-1.0,1
3164,61.0,-60.0,-67.0,95.0,-7.0,0
3165,77.0,-3.0,-86.0,100.0,-0.0,1
3166,63.0,-70.0,-70.0,97.0,-5.0,0
3169,86.0,-9.0,-18.0,100.0,-0.0,0
3170,86.0,-1.0,-24.0,100.0,-0.0,1
3173,65.0,-49.0,-77.0,94.0,-8.0,1
3175,84.0,-1.0,-57.0,93.0,-0.0,1
3176,67.0,-42.0,-100.0,100.0,-0.0,1
3177,68.0,-26.0,-80.0,86.0,-0.0,1
3179,72.0,-13.0,-85.0,96.0,-1.0,1
3181,60.0,-4.0,-67.0,71.0,-0.0,0
3182,76.0,-37.0,-60.0,100.0,-1.0,1
3186,66.0,-33.0,-65.0,86.0,-1.0,0
3188,69.0,-20.0,-89.0,81.0,-0.0,0
3190,67.0,-61.0,-75.0,100.0,-1.0,0
3196,89.0,-13.0,-67.0,100.0,-0.0,1
3197,77.0,-48.0,-67.0,100.0,-1.0,1
3199,80.0,-42.0,-33.0,100.0,-1.0,0
3203,74.0,-3.0,-27.0,96.0,-0.0,1
3204,89.0,-1.0,-33.0,100.0,-0.0,1
3205,62.0,-58.0,-89.0,92.0,-1.0,0
3207,68.0,-70.0,-100.0,100.0,-1.0,1
3208,79.0,-6.0,-27.0,100.0,-0.0,0
3211,79.0,-3.0,-46.0,96.0,-0.0,1
3212,60.0,-49.0,-71.0,83.0,-2.0,0
3213,84.0,-11.0,-83.0,100.0,-0.0,0
3216,66.0,-22.0,-56.0,86.0,-0.0,1
3222,79.0,-14.0,-64.0,90.0,-0.0,0
3223,89.0,-2.0,-57.0,100.0,-0.0,0
3224,93.0,-0.0,-40.0,100.0,-0.0,0
3228,61.0,-38.0,-56.0,91.0,-1.0,1
3230,82.0,-5.0,-33.0,95.0,-0.0,1
3231,74.0,-57.0,-44.0,87.0,-0.0,1
3233,76.0,-2.0,-58.0,95.0,-0.0,1
3241,55.0,-83.0,-90.0,98.0,-2.0,0
3244,83.0,-5.0,-38.0,96.0,-0.0,1
3247,66.0,-23.0,-100.0,93.0,-2.0,0
3253,68.0,-4.0,-57.0,100.0,-0.0,0
3255,82.0,-0.0,-14.0,100.0,-0.0,1
3256,82.0,-17.0,-30.0,100.0,-0.0,1
3257,75.0,-13.0,-50.0,96.0,-0.0,0
3260,83.0,-6.0,-63.0,94.0,-0.0,0
3263,87.0,-4.0,-38.0,100.0,-0.0,1
3266,86.0,-0.0,-40.0,100.0,-0.0,1
3269,74.0,-4.0,-60.0,71.0,-0.0,0
3271,71.0,-60.0,-80.0,94.0,-3.0,1
3272,86.0,-10.0,-50.0,100.0,-0.0,1
3273,73.0,-20.0,-69.0,98.0,-2.0,1
3276,81.0,-12.0,-62.0,96.0,-0.0,1
3280,81.0,-12.0,-44.0,100.0,-0.0,0
3281,70.0,-32.0,-41.0,98.0,-1.0,1
3282,84.0,-1.0,-60.0,100.0,-0.0,0
3284,77.0,-36.0,-53.0,100.0,-2.0,1
3287,80.0,-28.0,-63.0,100.0,-0.0,1
3291,92.0,-3.0,-67.0,100.0,-0.0,1
3293,74.0,-32.0,-75.0,93.0,-0.0,1
3295,59.0,-43.0,-95.0,60.0,-2.0,1
3296,80.0,-18.0,-47.0,97.0,-1.0,1
3297,91.0,-1.0,-33.0,100.0,-0.0,0
3299,84.0,-3.0,-86.0,100.0,-0.0,1
3302,66.0,-44.0,-70.0,83.0,-2.0,1
3305,82.0,-3.0,-54.0,96.0,-0.0,1
3306,63.0,-62.0,-86.0,81.0,-2.0,0
3311,77.0,-5.0,-71.0,93.0,-0.0,0
3313,84.0,-0.0,-29.0,100.0,-0.0,1
3314,84.0,-21.0,-100.0,96.0,-0.0,1
3317,76.0,-52.0,-100.0,100.0,-1.0,1
3321,68.0,-14.0,-64.0,96.0,-0.0,1
3322,79.0,-18.0,-56.0,100.0,-1.0,1
3330,81.0,-0.0,-25.0,100.0,-0.0,0
3332,81.0,-0.0,-36.0,95.0,-0.0,1
3338,80.0,-16.0,-27.0,100.0,-0.0,0
3339,86.0,-14.0,-75.0,100.0,-0.0,1
3341,70.0,-23.0,-37.0,99.0,-2.0,1
3345,71.0,-15.0,-40.0,97.0,-2.0,1
3347,89.0,-2.0,-100.0,100.0,-0.0,0
3349,59.0,-88.0,-100.0,78.0,-2.0,0
3350,81.0,-9.0,-43.0,100.0,-0.0,1
3351,67.0,-1.0,-40.0,92.0,-0.0,0
3352,87.0,-6.0,-27.0,100.0,-0.0,1
3354,82.0,-6.0,-25.0,100.0,-0.0,1
3358,83.0,-0.0,-80.0,80.0,-0.0,0
3362,58.0,-46.0,-80.0,80.0,-1.0,0
3363,89.0,-2.0,-27.0,100.0,-0.0,1
3369,82.0,-12.0,-46.0,100.0,-1.0,0
3372,71.0,-34.0,-75.0,100.0,-0.0,1
3373,78.0,-35.0,-55.0,100.0,-1.0,0
3375,74.0,-6.0,-50.0,93.0,-0.0,0
3377,68.0,-32.0,-83.0,86.0,-0.0,0
3378,85.0,-2.0,-38.0,100.0,-0.0,1
3380,65.0,-28.0,-38.0,87.0,-0.0,1
3382,82.0,-5.0,-73.0,97.0,-0.0,1
3383,78.0,-12.0,-58.0,98.0,-0.0,1
3385,59.0,-11.0,-43.0,67.0,-2.0,0
3386,80.0,-40.0,-58.0,100.0,-1.0,1
3387,76.0,-9.0,-50.0,100.0,-0.0,1
3388,83.0,-37.0,-45.0,100.0,-0.0,0
3389,68.0,-14.0,-44.0,82.0,-0.0,1
3390,83.0,-6.0,-56.0,100.0,-0.0,1
3392,62.0,-81.0,-88.0,100.0,-4.0,0
3399,81.0,-21.0,-100.0,100.0,-0.0,1
3402,62.0,-52.0,-95.0,100.0,-2.0,0
3404,62.0,-50.0,-44.0,88.0,-1.0,0
3405,77.0,-17.0,-56.0,100.0,-0.0,0
3407,75.0,-33.0,-75.0,100.0,-0.0,1
3409,76.0,-30.0,-100.0,83.0,-0.0,0
3410,68.0,-26.0,-67.0,97.0,-1.0,0
3411,66.0,-75.0,-100.0,100.0,-4.0,1
3413,64.0,-43.0,-74.0,73.0,-1.0,0
3417,81.0,-23.0,-65.0,96.0,-0.0,1
3427,74.0,-1.0,-33.0,92.0,-0.0,0
3428,75.0,-4.0,-75.0,100.0,-0.0,0
3430,60.0,-23.0,-80.0,71.0,-1.0,0
3431,60.0,-46.0,-82.0,65.0,-1.0,1
3433,70.0,-14.0,-42.0,100.0,-3.0,1
3437,71.0,-21.0,-50.0,94.0,-1.0,1
3440,70.0,-31.0,-82.0,90.0,-1.0,1
3441,75.0,-15.0,-75.0,93.0,-0.0,1
3444,64.0,-45.0,-44.0,93.0,-3.0,1
3445,74.0,-14.0,-71.0,97.0,-1.0,0
3446,72.0,-63.0,-78.0,100.0,-2.0,1
3451,74.0,-41.0,-83.0,90.0,-2.0,1
3453,77.0,-27.0,-53.0,94.0,-1.0,1
3455,62.0,-55.0,-56.0,93.0,-3.0,0
3457,60.0,-82.0,-75.0,86.0,-3.0,1
3459,62.0,-10.0,-50.0,93.0,-0.0,1
3460,89.0,-6.0,-67.0,100.0,-0.0,1
3461,60.0,-30.0,-67.0,46.0,-0.0,0
3464,81.0,-26.0,-40.0,100.0,-1.0,1
3466,79.0,-14.0,-46.0,100.0,-0.0,1
3468,73.0,-5.0,-50.0,85.0,-0.0,0
3469,61.0,-55.0,-100.0,100.0,-0.0,1
3472,81.0,-15.0,-26.0,100.0,-2.0,1
3477,63.0,-45.0,-59.0,93.0,-3.0,1
3479,78.0,-1.0,-33.0,100.0,-0.0,1
3485,70.0,-21.0,-56.0,89.0,-0.0,0
3487,68.0,-48.0,-57.0,97.0,-3.0,0
3488,63.0,-84.0,-67.0,92.0,-2.0,0
3490,83.0,-30.0,-75.0,100.0,-0.0,1
3494,68.0,-92.0,-100.0,100.0,-4.0,1
3496,54.0,-18.0,-80.0,75.0,-0.0,0
3501,76.0,-2.0,-33.0,86.0,-0.0,1
3504,91.0,-2.0,-22.0,100.0,-0.0,1
3509,65.0,-28.0,-65.0,96.0,-3.0,0
3511,88.0,-2.0,-67.0,100.0,-0.0,1
3512,61.0,-63.0,-100.0,94.0,-1.0,0
3515,85.0,-1.0,-30.0,96.0,-0.0,1
3518,87.0,-0.0,-11.0,100.0,-0.0,1
3520,87.0,-9.0,-33.0,100.0,-0.0,1
3521,80.0,-22.0,-67.0,100.0,-0.0,1
3522,87.0,-12.0,-85.0,100.0,-0.0,1
3524,84.0,-2.0,-38.0,100.0,-0.0,1
3528,79.0,-19.0,-64.0,100.0,-1.0,1
3530,72.0,-0.0,-40.0,88.0,-0.0,1
3533,61.0,-73.0,-82.0,100.0,-8.0,0
3534,85.0,-1.0,-56.0,100.0,-0.0,1
3535,82.0,-19.0,-60.0,100.0,-0.0,1
3537,70.0,-39.0,-53.0,94.0,-2.0,0
3541,82.0,-24.0,-63.0,100.0,-1.0,0
3547,73.0,-6.0,-86.0,100.0,-0.0,1
3548,60.0,-38.0,-60.0,50.0,-1.0,1
3549,79.0,-1.0,-40.0,91.0,-0.0,1
3551,88.0,-16.0,-17.0,100.0,-0.0,1
3556,72.0,-50.0,-67.0,100.0,-3.0,1
3557,88.0,-0.0,-33.0,100.0,-0.0,1
3559,66.0,-59.0,-75.0,100.0,-3.0,1
3561,80.0,-11.0,-56.0,100.0,-0.0,1
3562,67.0,-20.0,-30.0,80.0,-0.0,0
3566,81.0,-6.0,-100.0,100.0,-0.0,0
3569,78.0,-12.0,-30.0,100.0,-2.0,1
3575,72.0,-19.0,-60.0,60.0,-0.0,1
3576,82.0,-14.0,-50.0,97.0,-1.0,1
3579,63.0,-54.0,-52.0,100.0,-2.0,0
3580,76.0,-2.0,-39.0,100.0,-0.0,0
3585,77.0,-48.0,-75.0,100.0,-1.0,1
3587,90.0,-9.0,-50.0,100.0,-0.0,1
3589,72.0,-20.0,-48.0,100.0,-1.0,1
3590,82.0,-12.0,-50.0,100.0,-1.0,1
3594,58.0,-84.0,-75.0,88.0,-5.0,0
3597,83.0,-54.0,-75.0,100.0,-0.0,1
3598,73.0,-19.0,-69.0,95.0,-2.0,0
3599,83.0,-3.0,-43.0,100.0,-0.0,1
3602,71.0,-38.0,-56.0,97.0,-2.0,1
3609,70.0,-5.0,-67.0,100.0,-0.0,0
3610,80.0,-38.0,-86.0,100.0,-2.0,1
3614,68.0,-62.0,-63.0,97.0,-2.0,0
3617,82.0,-11.0,-33.0,100.0,-0.0,0
3618,65.0,-43.0,-82.0,100.0,-2.0,1
3620,79.0,-6.0,-31.0,91.0,-0.0,1
3622,86.0,-0.0,-13.0,100.0,-0.0,1
3624,68.0,-30.0,-61.0,100.0,-2.0,0
3625,89.0,-7.0,-60.0,100.0,-0.0,1
3627,70.0,-22.0,-50.0,87.0,-0.0,1
3628,85.0,-1.0,-50.0,96.0,-0.0,1
3629,74.0,-59.0,-63.0,100.0,-2.0,1
3632,69.0,-45.0,-88.0,91.0,-1.0,1
3633,91.0,-3.0,-60.0,100.0,-0.0,1
3634,72.0,-60.0,-50.0,100.0,-2.0,1
3635,75.0,-42.0,-50.0,94.0,-1.0,1
3637,76.0,-44.0,-42.0,100.0,-1.0,1
3639,76.0,-9.0,-63.0,100.0,-0.0,1
3641,71.0,-12.0,-39.0,100.0,-1.0,1
3643,68.0,-30.0,-67.0,100.0,-0.0,0
3644,83.0,-8.0,-18.0,100.0,-0.0,1
3645,60.0,-66.0,-100.0,67.0,-0.0,0
3647,61.0,-57.0,-95.0,94.0,-3.0,1
3649,88.0,-10.0,-70.0,100.0,-0.0,1
3650,78.0,-13.0,-44.0,100.0,-1.0,1
3657,55.0,-66.0,-71.0,84.0,-2.0,0
3659,79.0,-16.0,-44.0,96.0,-0.0,1
3668,72.0,-2.0,-44.0,88.0,-0.0,1
3669,72.0,-16.0,-67.0,100.0,-0.0,1
3672,79.0,-11.0,-27.0,100.0,-2.0,0
3674,75.0,-58.0,-69.0,100.0,-4.0,1
3677,68.0,-71.0,-78.0,100.0,-2.0,1
3678,57.0,-20.0,-47.0,83.0,-1.0,1
3679,79.0,-27.0,-50.0,98.0,-1.0,1
3681,85.0,-3.0,-19.0,100.0,-0.0,1
3682,69.0,-40.0,-55.0,100.0,-2.0,1
3685,69.0,-7.0,-27.0,67.0,-0.0,0
3690,82.0,-2.0,-17.0,100.0,-0.0,1
3692,71.0,-17.0,-53.0,100.0,-1.0,1
3694,79.0,-26.0,-63.0,100.0,-0.0,1
3695,80.0,-6.0,-44.0,100.0,-0.0,1
3697,70.0,-33.0,-42.0,97.0,-1.0,1
3699,64.0,-60.0,-92.0,94.0,-2.0,0
3700,71.0,-26.0,-67.0,86.0,-1.0,0
3702,77.0,-1.0,-33.0,93.0,-0.0,1
3703,69.0,-40.0,-74.0,97.0,-3.0,1
3706,59.0,-16.0,-77.0,100.0,-0.0,0
3710,75.0,-19.0,-71.0,98.0,-2.0,1
3711,80.0,-1.0,-50.0,100.0,-0.0,1
3713,62.0,-83.0,-72.0,98.0,-11.0,0
3716,85.0,-1.0,-21.0,100.0,-0.0,1
3717,78.0,-2.0,-36.0,97.0,-0.0,1
3719,74.0,-6.0,-53.0,95.0,-1.0,1
3724,86.0,-9.0,-73.0,100.0,-0.0,1
3729,89.0,-2.0,-23.0,100.0,-0.0,1
3730,88.0,-14.0,-63.0,100.0,-0.0,1
3731,84.0,-2.0,-53.0,100.0,-0.0,1
3732,69.0,-25.0,-45.0,100.0,-1.0,0
3735,68.0,-5.0,-68.0,86.0,-0.0,1
3736,69.0,-81.0,-78.0,100.0,-3.0,1
3737,89.0,-14.0,-40.0,100.0,-0.0,1
3740,81.0,-0.0,-23.0,100.0,-0.0,1
3742,72.0,-8.0,-56.0,93.0,-0.0,1
3745,62.0,-70.0,-71.0,77.0,-1.0,1
3750,68.0,-60.0,-67.0,97.0,-2.0,0
3756,70.0,-47.0,-63.0,97.0,-3.0,0
3757,84.0,-22.0,-100.0,100.0,-0.0,1
3758,60.0,-27.0,-50.0,95.0,-1.0,0
3760,87.0,-5.0,-67.0,100.0,-0.0,1
3761,60.0,-19.0,-40.0,100.0,-1.0,1
3767,79.0,-42.0,-60.0,100.0,-1.0,1
3769,83.0,-6.0,-75.0,100.0,-0.0,1
3770,60.0,-5.0,-83.0,67.0,-0.0,0
3773,72.0,-22.0,-44.0,100.0,-1.0,1
3775,84.0,-11.0,-55.0,100.0,-0.0,1
3776,74.0,-3.0,-43.0,92.0,-0.0,1
3777,92.0,-1.0,-78.0,100.0,-0.0,0
3781,74.0,-2.0,-43.0,88.0,-0.0,1
3784,64.0,-11.0,-35.0,93.0,-0.0,1
3785,89.0,-3.0,-33.0,100.0,-0.0,1
3787,82.0,-19.0,-57.0,100.0,-0.0,1
3788,91.0,-2.0,-100.0,100.0,-0.0,1
3790,66.0,-0.0,-50.0,83.0,-0.0,0
3791,86.0,-14.0,-38.0,100.0,-1.0,1
3800,65.0,-57.0,-62.0,97.0,-6.0,1
3802,85.0,-17.0,-33.0,100.0,-0.0,1
3804,83.0,-27.0,-57.0,100.0,-0.0,1
3805,57.0,-29.0,-43.0,28.0,-1.0,0
3807,55.0,-25.0,-75.0,81.0,-2.0,1
3808,89.0,-6.0,-50.0,100.0,-0.0,1
3809,72.0,-46.0,-67.0,90.0,-1.0,0
3810,56.0,-26.0,-39.0,97.0,-0.0,1
3811,74.0,-20.0,-90.0,88.0,-0.0,1
3816,60.0,-33.0,-73.0,97.0,-1.0,1
3817,66.0,-38.0,-53.0,97.0,-1.0,0
3819,71.0,-79.0,-100.0,100.0,-7.0,1
3823,76.0,-76.0,-56.0,100.0,-2.0,1
3824,91.0,-2.0,-29.0,100.0,-0.0,1
3830,83.0,-14.0,-29.0,100.0,-0.0,0
3831,83.0,-23.0,-50.0,92.0,-0.0,1
3833,77.0,-23.0,-69.0,100.0,-2.0,0
3835,85.0,-12.0,-40.0,100.0,-0.0,1
3836,77.0,-52.0,-100.0,100.0,-0.0,0
3837,72.0,-74.0,-63.0,100.0,-4.0,0
3840,89.0,-15.0,-33.0,100.0,-0.0,1
3842,87.0,-7.0,-67.0,100.0,-0.0,1
3843,68.0,-6.0,-38.0,86.0,-0.0,1
3846,75.0,-10.0,-64.0,97.0,-0.0,1
3847,88.0,-2.0,-80.0,100.0,-0.0,1
3850,79.0,-0.0,-50.0,94.0,-0.0,1
3852,70.0,-11.0,-42.0,96.0,-0.0,1
3853,76.0,-25.0,-83.0,100.0,-1.0,1
3854,85.0,-5.0,-46.0,100.0,-1.0,1
3855,45.0,-89.0,-83.0,85.0,-4.0,0
3857,88.0,-2.0,-56.0,100.0,-0.0,1
3859,86.0,-8.0,-50.0,96.0,-0.0,1
3863,64.0,-35.0,-80.0,93.0,-1.0,1
3866,76.0,-43.0,-46.0,97.0,-1.0,1
3868,76.0,-6.0,-64.0,100.0,-2.0,1
3869,79.0,-14.0,-67.0,100.0,-1.0,1
3874,80.0,-12.0,-67.0,100.0,-1.0,1
3875,70.0,-15.0,-61.0,84.0,-0.0,1
3876,72.0,-38.0,-50.0,96.0,-2.0,0
3877,88.0,-2.0,-63.0,100.0,-0.0,1
3878,69.0,-40.0,-73.0,100.0,-4.0,0
3880,87.0,-4.0,-50.0,100.0,-0.0,1
3882,86.0,-7.0,-25.0,100.0,-0.0,1
3883,83.0,-5.0,-41.0,100.0,-0.0,1
3884,74.0,-12.0,-100.0,92.0,-0.0,1
3885,58.0,-4.0,-65.0,91.0,-0.0,1
3886,76.0,-39.0,-100.0,100.0,-0.0,1
3888,87.0,-0.0,-67.0,100.0,-0.0,1
3893,54.0,-15.0,-75.0,73.0,-0.0,0
3894,85.0,-1.0,-44.0,100.0,-0.0,1
3895,72.0,-56.0,-80.0,100.0,-3.0,1
3897,64.0,-33.0,-56.0,93.0,-1.0,0
3899,86.0,-5.0,-42.0,100.0,-0.0,1
3901,64.0,-68.0,-65.0,100.0,-4.0,1
3903,83.0,-13.0,-47.0,100.0,-0.0,1
3909,84.0,-8.0,-26.0,100.0,-0.0,0
3911,83.0,-17.0,-63.0,91.0,-0.0,1
3912,86.0,-16.0,-63.0,100.0,-0.0,1
3916,89.0,-9.0,-20.0,100.0,-0.0,1
3919,88.0,-6.0,-50.0,100.0,-0.0,1
3921,82.0,-39.0,-75.0,100.0,-0.0,1
3922,80.0,-6.0,-47.0,97.0,-0.0,1
3924,81.0,-13.0,-24.0,100.0,-0.0,1
3925,72.0,-37.0,-78.0,100.0,-1.0,1
3927,91.0,-0.0,-50.0,100.0,-0.0,1
3928,86.0,-25.0,-33.0,100.0,-1.0,1
3931,85.0,-15.0,-80.0,100.0,-0.0,1
3932,78.0,-15.0,-30.0,96.0,-0.0,1
3933,87.0,-5.0,-40.0,100.0,-0.0,0
3937,84.0,-2.0,-56.0,100.0,-0.0,1
3938,82.0,-12.0,-67.0,100.0,-0.0,1
3941,60.0,-40.0,-94.0,93.0,-4.0,0
3944,59.0,-19.0,-63.0,83.0,-0.0,1
3946,71.0,-57.0,-58.0,97.0,-4.0,1
3948,73.0,-9.0,-47.0,97.0,-0.0,0
3951,85.0,-3.0,-27.0,94.0,-0.0,1
3952,80.0,-11.0,-53.0,98.0,-0.0,1
3954,83.0,-4.0,-61.0,100.0,-0.0,1
3956,71.0,-32.0,-65.0,100.0,-0.0,1
3957,84.0,-14.0,-43.0,100.0,-0.0,1
3959,72.0,-7.0,-45.0,97.0,-0.0,1
3960,82.0,-5.0,-40.0,100.0,-1.0,1
3962,87.0,-7.0,-43.0,100.0,-0.0,1
3965,71.0,-57.0,-86.0,91.0,-0.0,1
3969,85.0,-6.0,-75.0,100.0,-0.0,1
3972,72.0,-13.0,-33.0,98.0,-2.0,0
3974,76.0,-5.0,-56.0,96.0,-1.0,1
3979,72.0,-30.0,-58.0,100.0,-1.0,1
3980,84.0,-1.0,-40.0,90.0,-0.0,1
3983,90.0,-0.0,-50.0,100.0,-0.0,1
3985,76.0,-6.0,-41.0,97.0,-0.0,1
3986,87.0,-8.0,-55.0,100.0,-0.0,1
3987,85.0,-28.0,-67.0,100.0,-0.0,1
3989,82.0,-5.0,-43.0,100.0,-0.0,1
3992,79.0,-36.0,-50.0,100.0,-0.0,1
3993,82.0,-3.0,-57.0,94.0,-0.0,1
3994,85.0,-18.0,-40.0,100.0,-0.0,1
3995,73.0,-8.0,-56.0,84.0,-0.0,0
4001,79.0,-24.0,-46.0,96.0,-0.0,0
4003,72.0,-0.0,-50.0,96.0,-0.0,1
4005,83.0,-2.0,-63.0,100.0,-0.0,1
4006,76.0,-4.0,-57.0,88.0,-0.0,1
4007,85.0,-19.0,-100.0,100.0,-1.0,0
4010,82.0,-6.0,-33.0,92.0,-0.0,1
4012,57.0,-71.0,-100.0,100.0,-5.0,0
4015,87.0,-5.0,-36.0,100.0,-0.0,1
4019,80.0,-0.0,-43.0,100.0,-0.0,1
4022,63.0,-43.0,-79.0,96.0,-2.0,1
4028,90.0,-0.0,-33.0,100.0,-0.0,1
4029,82.0,-19.0,-88.0,100.0,-1.0,1
4031,74.0,-55.0,-56.0,100.0,-3.0,0
4033,77.0,-30.0,-38.0,100.0,-1.0,1
4037,76.0,-5.0,-75.0,100.0,-0.0,1
4040,81.0,-11.0,-71.0,88.0,-0.0,1
4041,72.0,-37.0,-71.0,100.0,-0.0,0
4042,85.0,-22.0,-100.0,100.0,-0.0,1
4043,67.0,-21.0,-46.0,95.0,-1.0,1
4047,91.0,-9.0,-22.0,100.0,-0.0,1
4048,76.0,-36.0,-67.0,92.0,-2.0,1
4049,82.0,-14.0,-50.0,97.0,-0.0,1
4052,83.0,-15.0,-50.0,100.0,-0.0,1
4056,70.0,-29.0,-36.0,96.0,-1.0,1
4061,71.0,-66.0,-44.0,100.0,-4.0,1
4062,65.0,-20.0,-49.0,97.0,-1.0,0
4066,78.0,-2.0,-55.0,90.0,-0.0,0
4067,75.0,-15.0,-83.0,92.0,-0.0,0
4068,70.0,-4.0,-60.0,100.0,-0.0,1
4070,61.0,-39.0,-63.0,78.0,-1.0,0
4071,87.0,-0.0,-50.0,91.0,-0.0,0
4073,64.0,-53.0,-75.0,100.0,-4.0,0
4079,72.0,-2.0,-23.0,84.0,-0.0,0
4083,61.0,-23.0,-75.0,86.0,-1.0,0
4086,82.0,-2.0,-50.0,95.0,-0.0,0
4088,85.0,-12.0,-90.0,100.0,-0.0,0
4090,60.0,-20.0,-52.0,93.0,-3.0,0
4092,86.0,-0.0,-33.0,100.0,-1.0,0
4095,84.0,-5.0,-40.0,97.0,-0.0,0
4098,82.0,-5.0,-60.0,90.0,-0.0,0
4100,70.0,-15.0,-54.0,95.0,-1.0,0
4101,58.0,-78.0,-100.0,64.0,-1.0,0
4103,73.0,-50.0,-50.0,100.0,-4.0,0
4105,55.0,-42.0,-75.0,57.0,-0.0,0
4108,58.0,-34.0,-63.0,100.0,-3.0,0
4111,67.0,-47.0,-85.0,97.0,-1.0,0
4114,83.0,-0.0,-25.0,100.0,-0.0,0
4115,78.0,-7.0,-23.0,97.0,-0.0,0
4117,57.0,-11.0,-57.0,40.0,-0.0,0
4119,77.0,-17.0,-60.0,100.0,-0.0,0
4120,75.0,-46.0,-57.0,100.0,-2.0,1
4124,63.0,-61.0,-82.0,70.0,-1.0,0
4125,87.0,-8.0,-78.0,100.0,-0.0,1
4126,65.0,-31.0,-70.0,100.0,-0.0,0
4128,62.0,-50.0,-80.0,67.0,-1.0,1
4130,67.0,-50.0,-83.0,88.0,-2.0,1
4131,68.0,-23.0,-58.0,94.0,-1.0,0
4134,65.0,-39.0,-88.0,100.0,-0.0,0
4137,70.0,-13.0,-56.0,86.0,-0.0,0
4138,61.0,-93.0,-100.0,100.0,-3.0,0
4140,54.0,-14.0,-33.0,56.0,-0.0,0
4143,78.0,-6.0,-71.0,83.0,-0.0,1
4145,69.0,-63.0,-71.0,82.0,-3.0,0
4147,56.0,-25.0,-59.0,79.0,-3.0,0
4150,80.0,-2.0,-38.0,94.0,-0.0,1
4151,62.0,-49.0,-50.0,91.0,-2.0,0
4153,72.0,-6.0,-69.0,95.0,-0.0,0
4154,74.0,-83.0,-71.0,100.0,-1.0,1
4156,62.0,-100.0,-100.0,100.0,-3.0,0
4158,60.0,-89.0,-81.0,72.0,-2.0,0
4161,71.0,-21.0,-64.0,100.0,-1.0,0
4162,79.0,-66.0,-71.0,100.0,-1.0,0
4164,69.0,-66.0,-100.0,100.0,-1.0,0
4166,66.0,-92.0,-91.0,93.0,-1.0,0
4167,80.0,-16.0,-80.0,100.0,-1.0,1
4168,63.0,-99.0,-78.0,86.0,-2.0,1
4169,64.0,-9.0,-50.0,82.0,-0.0,1
4170,66.0,-87.0,-80.0,95.0,-1.0,0
4171,70.0,-68.0,-57.0,100.0,-5.0,0
4173,87.0,-26.0,-30.0,100.0,-0.0,1
4174,71.0,-71.0,-29.0,88.0,-2.0,0
4177,86.0,-5.0,-60.0,100.0,-0.0,1
4182,79.0,-27.0,-62.0,100.0,-1.0,0
4183,66.0,-32.0,-86.0,83.0,-1.0,0
4185,72.0,-20.0,-36.0,91.0,-0.0,0
4186,82.0,-4.0,-44.0,100.0,-0.0,1
4188,78.0,-1.0,-40.0,88.0,-0.0,0
4190,62.0,-27.0,-79.0,85.0,-0.0,0
4192,77.0,-51.0,-57.0,100.0,-2.0,1
4195,58.0,-80.0,-59.0,91.0,-5.0,0
4200,81.0,-40.0,-67.0,100.0,-1.0,0
4205,72.0,-39.0,-83.0,94.0,-0.0,0
4206,67.0,-52.0,-86.0,100.0,-1.0,0
4207,57.0,-76.0,-90.0,84.0,-4.0,0
4209,73.0,-47.0,-73.0,100.0,-0.0,0
4211,69.0,-44.0,-86.0,100.0,-1.0,1
4212,65.0,-19.0,-44.0,88.0,-0.0,1
4214,69.0,-88.0,-80.0,92.0,-2.0,0
4215,73.0,-23.0,-63.0,100.0,-1.0,0
4216,55.0,-48.0,-45.0,79.0,-2.0,0
4223,57.0,-27.0,-45.0,71.0,-0.0,0
4228,74.0,-29.0,-70.0,87.0,-1.0,0
4230,61.0,-41.0,-55.0,84.0,-1.0,0
4233,72.0,-28.0,-100.0,95.0,-0.0,0
4236,56.0,-43.0,-38.0,65.0,-1.0,1
4237,70.0,-59.0,-67.0,100.0,-3.0,0
4238,72.0,-67.0,-43.0,92.0,-1.0,0
4239,75.0,-34.0,-22.0,100.0,-1.0,1
4240,63.0,-20.0,-33.0,84.0,-1.0,1
4241,77.0,-41.0,-75.0,100.0,-2.0,1
4242,44.0,-75.0,-63.0,87.0,-2.0,0
4243,75.0,-45.0,-50.0,89.0,-0.0,1
4251,78.0,-51.0,-100.0,100.0,-1.0,0
4261,77.0,-31.0,-70.0,93.0,-0.0,1
4264,76.0,-17.0,-25.0,94.0,-1.0,0
4265,74.0,-24.0,-41.0,100.0,-2.0,0
4266,77.0,-23.0,-18.0,90.0,-1.0,0
4275,73.0,-49.0,-70.0,100.0,-4.0,1
4278,61.0,-34.0,-67.0,94.0,-2.0,0
4280,89.0,-9.0,-50.0,100.0,-0.0,1
4282,63.0,-25.0,-38.0,92.0,-2.0,0
4283,82.0,-8.0,-80.0,100.0,-0.0,0
4286,73.0,-25.0,-71.0,100.0,-0.0,0
4288,60.0,-42.0,-73.0,76.0,-1.0,0
4289,65.0,-59.0,-83.0,95.0,-9.0,0
4290,86.0,-1.0,-29.0,100.0,-0.0,1
4292,58.0,-67.0,-89.0,86.0,-0.0,0
4295,64.0,-68.0,-50.0,100.0,-4.0,1
4297,72.0,-36.0,-83.0,100.0,-1.0,0
4298,69.0,-36.0,-100.0,97.0,-0.0,0
4302,71.0,-73.0,-100.0,94.0,-2.0,1
4305,76.0,-2.0,-33.0,87.0,-0.0,0
4307,73.0,-12.0,-100.0,100.0,-0.0,0
4310,63.0,-42.0,-73.0,70.0,-1.0,1
4314,70.0,-8.0,-29.0,93.0,-0.0,0
4315,73.0,-58.0,-67.0,95.0,-3.0,0
4317,84.0,-8.0,-60.0,100.0,-0.0,0
4318,56.0,-66.0,-77.0,80.0,-6.0,0
4320,56.0,-84.0,-92.0,88.0,-4.0,0
4321,56.0,-59.0,-58.0,68.0,-3.0,0
4324,63.0,-41.0,-96.0,100.0,-2.0,0
4326,62.0,-61.0,-69.0,92.0,-3.0,1
4328,67.0,-46.0,-75.0,75.0,-1.0,0
4329,70.0,-52.0,-63.0,95.0,-2.0,0
4330,59.0,-98.0,-100.0,20.0,-1.0,0
4332,68.0,-57.0,-86.0,90.0,-2.0,0
4333,73.0,-14.0,-62.0,93.0,-0.0,1
4338,68.0,-81.0,-100.0,100.0,-2.0,0
4343,80.0,-4.0,-64.0,94.0,-0.0,0
4344,62.0,-62.0,-78.0,95.0,-1.0,0
4345,86.0,-0.0,-38.0,100.0,-0.0,0
4347,71.0,-5.0,-37.0,84.0,-0.0,1
4351,62.0,-57.0,-75.0,100.0,-3.0,0
4354,71.0,-78.0,-73.0,100.0,-5.0,0
4355,73.0,-24.0,-43.0,95.0,-2.0,0
4360,71.0,-7.0,-71.0,84.0,-0.0,1
4361,77.0,-4.0,-55.0,94.0,-0.0,1
4363,61.0,-59.0,-55.0,97.0,-2.0,0
4366,73.0,-46.0,-86.0,94.0,-0.0,0
4367,65.0,-100.0,-100.0,29.0,-1.0,1
4371,78.0,-8.0,-86.0,95.0,-0.0,1
4374,65.0,-15.0,-47.0,88.0,-0.0,0
4380,60.0,-47.0,-88.0,72.0,-1.0,0
4383,54.0,-41.0,-58.0,89.0,-0.0,0
4385,69.0,-32.0,-77.0,96.0,-0.0,0
4393,65.0,-23.0,-80.0,86.0,-1.0,1
4395,61.0,-88.0,-100.0,100.0,-3.0,0
4396,76.0,-17.0,-85.0,100.0,-1.0,1
4401,86.0,-21.0,-45.0,100.0,-0.0,0
4402,84.0,-1.0,-43.0,100.0,-0.0,1
4405,87.0,-18.0,-33.0,100.0,-0.0,1
4407,83.0,-1.0,-50.0,100.0,-0.0,1
4408,65.0,-90.0,-86.0,100.0,-3.0,0
4413,80.0,-28.0,-63.0,94.0,-0.0,1
4414,76.0,-59.0,-83.0,100.0,-2.0,1
4415,77.0,-30.0,-80.0,89.0,-0.0,1
4420,64.0,-46.0,-88.0,95.0,-1.0,0
4422,75.0,-51.0,-78.0,100.0,-2.0,1
4425,80.0,-54.0,-100.0,100.0,-0.0,0
4428,72.0,-35.0,-62.0,94.0,-1.0,0
4429,61.0,-11.0,-43.0,94.0,-1.0,0
4431,66.0,-53.0,-69.0,94.0,-2.0,0
4434,62.0,-52.0,-100.0,50.0,-1.0,0
4437,61.0,-94.0,-86.0,94.0,-3.0,0
4442,69.0,-11.0,-29.0,94.0,-2.0,1
4444,79.0,-46.0,-67.0,100.0,-1.0,1
4445,84.0,-7.0,-73.0,96.0,-0.0,0
4448,76.0,-8.0,-55.0,82.0,-0.0,1
4450,91.0,-4.0,-14.0,100.0,-0.0,1
4455,83.0,-22.0,-64.0,93.0,-0.0,0
4459,70.0,-36.0,-47.0,100.0,-2.0,0
4461,56.0,-61.0,-57.0,65.0,-3.0,0
4462,66.0,-74.0,-83.0,100.0,-1.0,0
4465,86.0,-6.0,-60.0,100.0,-0.0,1
4466,74.0,-45.0,-75.0,100.0,-1.0,1
4469,72.0,-44.0,-100.0,94.0,-0.0,0
4470,66.0,-64.0,-57.0,94.0,-2.0,0
4471,76.0,-13.0,-50.0,100.0,-0.0,1
4473,77.0,-30.0,-31.0,100.0,-1.0,1
4474,82.0,-27.0,-43.0,100.0,-1.0,1
4480,57.0,-95.0,-100.0,75.0,-1.0,0
4483,72.0,-42.0,-100.0,87.0,-0.0,0
4485,61.0,-24.0,-61.0,98.0,-0.0,0
4491,58.0,-42.0,-55.0,79.0,-0.0,0
4492,81.0,-9.0,-43.0,100.0,-0.0,1
4495,88.0,-15.0,-71.0,100.0,-0.0,1
4496,63.0,-24.0,-50.0,93.0,-1.0,0
4498,76.0,-59.0,-75.0,100.0,-1.0,1
4499,65.0,-23.0,-57.0,72.0,-1.0,1
4502,65.0,-98.0,-100.0,94.0,-2.0,0
4503,64.0,-100.0,-100.0,100.0,-1.0,0
4506,69.0,-51.0,-77.0,100.0,-1.0,0
4508,70.0,-90.0,-86.0,100.0,-1.0,0
4509,73.0,-84.0,-83.0,100.0,-2.0,0
4510,68.0,-51.0,-76.0,88.0,-2.0,0
4511,73.0,-58.0,-63.0,89.0,-1.0,0
4512,77.0,-13.0,-50.0,100.0,-0.0,1
4514,64.0,-61.0,-89.0,97.0,-1.0,0
4516,47.0,-94.0,-80.0,70.0,-2.0,0
4517,59.0,-78.0,-88.0,60.0,-2.0,1
4521,79.0,-5.0,-50.0,100.0,-0.0,0
4527,55.0,-50.0,-100.0,63.0,-1.0,0
4528,73.0,-38.0,-75.0,100.0,-1.0,0
4530,71.0,-92.0,-83.0,77.0,-1.0,1
4531,83.0,-4.0,-50.0,100.0,-0.0,0
4532,58.0,-19.0,-67.0,61.0,-0.0,0
4535,76.0,-52.0,-89.0,100.0,-0.0,0
4536,67.0,-13.0,-53.0,81.0,-0.0,0
4539,62.0,-55.0,-78.0,68.0,-1.0,0
4541,59.0,-95.0,-90.0,100.0,-2.0,0
4545,70.0,-70.0,-67.0,100.0,-1.0,0
4548,71.0,-53.0,-71.0,95.0,-1.0,0
4549,83.0,-3.0,-29.0,97.0,-0.0,1
4550,65.0,-71.0,-90.0,95.0,-0.0,0
4560,83.0,-9.0,-45.0,100.0,-0.0,1
4561,73.0,-64.0,-100.0,100.0,-2.0,0
4567,70.0,-9.0,-57.0,86.0,-2.0,0
4568,55.0,-30.0,-44.0,84.0,-0.0,0
4574,82.0,-3.0,-46.0,100.0,-0.0,1
4578,73.0,-15.0,-60.0,95.0,-0.0,0
4580,60.0,-86.0,-71.0,83.0,-2.0,0
4583,83.0,-5.0,-50.0,94.0,-0.0,0
4586,72.0,-31.0,-57.0,100.0,-2.0,0
4590,62.0,-82.0,-100.0,92.0,-3.0,0
4593,89.0,-1.0,-50.0,100.0,-0.0,1
4597,68.0,-13.0,-82.0,92.0,-1.0,0
4610,76.0,-15.0,-59.0,100.0,-1.0,1
4611,82.0,-16.0,-40.0,100.0,-1.0,0
4619,74.0,-0.0,-33.0,81.0,-0.0,1
4622,69.0,-46.0,-83.0,85.0,-2.0,1
4624,79.0,-20.0,-56.0,100.0,-0.0,1
4626,71.0,-56.0,-89.0,90.0,-1.0,1
4628,76.0,-47.0,-55.0,100.0,-1.0,1
4632,73.0,-14.0,-40.0,92.0,-0.0,0
4634,73.0,-28.0,-58.0,94.0,-1.0,1
4637,64.0,-12.0,-71.0,98.0,-0.0,1
4639,79.0,-0.0,-25.0,94.0,-0.0,1
4640,64.0,-79.0,-91.0,100.0,-5.0,0
4645,75.0,-7.0,-57.0,86.0,-0.0,0
4649,60.0,-4.0,-100.0,46.0,-0.0,1
4651,72.0,-24.0,-53.0,91.0,-2.0,0
4652,63.0,-69.0,-83.0,83.0,-2.0,0
4653,78.0,-20.0,-44.0,100.0,-1.0,1
4655,56.0,-40.0,-85.0,95.0,-3.0,0
4658,62.0,-70.0,-68.0,92.0,-4.0,0
4659,56.0,-81.0,-83.0,81.0,-4.0,0
4661,78.0,-33.0,-83.0,100.0,-1.0,1
4664,59.0,-71.0,-92.0,94.0,-3.0,0
4671,81.0,-1.0,-44.0,96.0,-0.0,1
4674,75.0,-42.0,-83.0,100.0,-1.0,0
4681,74.0,-26.0,-75.0,100.0,-0.0,1
4685,64.0,-55.0,-79.0,94.0,-3.0,1
4687,62.0,-70.0,-92.0,100.0,-2.0,1
4688,65.0,-51.0,-89.0,100.0,-1.0,1
4691,61.0,-59.0,-83.0,96.0,-4.0,0
4694,69.0,-32.0,-64.0,100.0,-2.0,0
4705,84.0,-1.0,-55.0,97.0,-0.0,0
4708,67.0,-0.0,-56.0,88.0,-0.0,1
4709,64.0,-54.0,-100.0,100.0,-3.0,0
4711,74.0,-0.0,-71.0,94.0,-0.0,1
4712,70.0,-2.0,-50.0,75.0,-0.0,0
4718,68.0,-51.0,-86.0,100.0,-2.0,0
4725,80.0,-0.0,-29.0,94.0,-1.0,1
4732,78.0,-5.0,-67.0,100.0,-0.0,1
4735,66.0,-79.0,-82.0,86.0,-5.0,1
4736,89.0,-6.0,-50.0,100.0,-0.0,1
4739,86.0,-2.0,-27.0,100.0,-0.0,1
4741,73.0,-0.0,-50.0,95.0,-0.0,0
4746,85.0,-3.0,-63.0,100.0,-0.0,1
4751,61.0,-91.0,-75.0,92.0,-4.0,1
4752,81.0,-6.0,-36.0,95.0,-1.0,1
4756,81.0,-17.0,-54.0,100.0,-0.0,1
4759,82.0,-7.0,-43.0,100.0,-0.0,1
4763,64.0,-73.0,-73.0,88.0,-6.0,0
4764,68.0,-35.0,-75.0,97.0,-0.0,1
4765,71.0,-51.0,-58.0,100.0,-5.0,1
4771,74.0,-20.0,-67.0,100.0,-1.0,1
4780,76.0,-7.0,-29.0,86.0,-0.0,1
4784,64.0,-37.0,-57.0,82.0,-1.0,1
4787,73.0,-10.0,-36.0,94.0,-0.0,1
4788,77.0,-0.0,-50.0,93.0,-0.0,0
4790,62.0,-53.0,-73.0,86.0,-1.0,0
4792,63.0,-64.0,-90.0,74.0,-2.0,1
4796,91.0,-3.0,-22.0,100.0,-0.0,1
4798,81.0,-18.0,-69.0,100.0,-1.0,0
4800,78.0,-39.0,-90.0,93.0,-1.0,0
4807,65.0,-73.0,-100.0,93.0,-2.0,0
4810,65.0,-26.0,-78.0,89.0,-0.0,0
4812,84.0,-5.0,-50.0,100.0,-0.0,1
4813,84.0,-8.0,-36.0,100.0,-0.0,1
4814,57.0,-50.0,-88.0,100.0,-2.0,0
4819,77.0,-26.0,-100.0,100.0,-0.0,1
4820,65.0,-60.0,-88.0,100.0,-1.0,0
4822,66.0,-32.0,-70.0,92.0,-1.0,1
4823,72.0,-44.0,-56.0,100.0,-2.0,0
4824,90.0,-3.0,-75.0,100.0,-0.0,1
4825,73.0,-47.0,-60.0,95.0,-1.0,1
4827,71.0,-27.0,-50.0,97.0,-0.0,0
4830,59.0,-64.0,-50.0,96.0,-1.0,1
4831,68.0,-27.0,-48.0,100.0,-1.0,0
4832,65.0,-5.0,-60.0,70.0,-1.0,1
4833,60.0,-35.0,-50.0,87.0,-1.0,1
4837,76.0,-40.0,-69.0,100.0,-1.0,0
4838,88.0,-2.0,-75.0,92.0,-0.0,1
4839,76.0,-50.0,-100.0,100.0,-1.0,1
4840,70.0,-53.0,-63.0,100.0,-1.0,1
4845,66.0,-37.0,-55.0,100.0,-4.0,1
4849,72.0,-28.0,-56.0,96.0,-1.0,0
4854,59.0,-45.0,-82.0,98.0,-2.0,0
4856,69.0,-68.0,-64.0,100.0,-4.0,0
4859,84.0,-11.0,-57.0,100.0,-0.0,1
4861,85.0,-20.0,-83.0,100.0,-0.0,1
4865,70.0,-28.0,-45.0,100.0,-0.0,0
4866,75.0,-16.0,-67.0,97.0,-0.0,1
4868,64.0,-27.0,-50.0,77.0,-1.0,0
4872,84.0,-15.0,-62.0,100.0,-0.0,1
4873,74.0,-38.0,-75.0,100.0,-1.0,1
4875,58.0,-37.0,-64.0,87.0,-1.0,0
4877,78.0,-47.0,-63.0,100.0,-1.0,1
4878,84.0,-1.0,-36.0,100.0,-0.0,1
4879,83.0,-2.0,-56.0,100.0,-0.0,1
4881,55.0,-8.0,-75.0,86.0,-0.0,1
4883,62.0,-89.0,-83.0,89.0,-1.0,0
4884,70.0,-63.0,-86.0,100.0,-1.0,0
4885,68.0,-27.0,-60.0,83.0,-1.0,1
4886,65.0,-13.0,-46.0,85.0,-0.0,1
4890,81.0,-3.0,-25.0,98.0,-0.0,1
4891,75.0,-26.0,-54.0,93.0,-0.0,1
4893,69.0,-24.0,-65.0,100.0,-2.0,1
4895,79.0,-10.0,-50.0,100.0,-0.0,1
4897,82.0,-52.0,-67.0,100.0,-0.0,0
4899,66.0,-47.0,-100.0,79.0,-1.0,1
4902,73.0,-28.0,-50.0,93.0,-0.0,1
4904,88.0,-14.0,-67.0,100.0,-0.0,1
4907,70.0,-53.0,-60.0,97.0,-4.0,1
4908,90.0,-4.0,-60.0,100.0,-0.0,1
4909,61.0,-49.0,-67.0,93.0,-2.0,1
4910,75.0,-18.0,-63.0,100.0,-0.0,0
4913,63.0,-47.0,-75.0,100.0,-2.0,0
4915,83.0,-8.0,-45.0,100.0,-0.0,0
4917,79.0,-11.0,-56.0,100.0,-0.0,1
4919,74.0,-29.0,-80.0,100.0,-1.0,1
4920,81.0,-1.0,-59.0,100.0,-0.0,1
4921,81.0,-8.0,-88.0,100.0,-0.0,1
4924,66.0,-41.0,-79.0,100.0,-2.0,0
4925,78.0,-21.0,-50.0,100.0,-0.0,1
4927,83.0,-2.0,-25.0,96.0,-0.0,1
4931,77.0,-8.0,-67.0,92.0,-0.0,1
4933,70.0,-63.0,-100.0,100.0,-2.0,0
4934,67.0,-53.0,-65.0,100.0,-2.0,1
4936,66.0,-65.0,-100.0,96.0,-2.0,1
4939,83.0,-8.0,-36.0,100.0,-0.0,1
4940,75.0,-32.0,-44.0,96.0,-2.0,1
4942,83.0,-11.0,-58.0,100.0,-0.0,1
4943,76.0,-12.0,-53.0,96.0,-0.0,1
4945,73.0,-29.0,-63.0,95.0,-1.0,0
4946,86.0,-0.0,-13.0,100.0,-0.0,1
4947,86.0,-3.0,-60.0,100.0,-0.0,1
4948,64.0,-74.0,-88.0,100.0,-6.0,1
4952,66.0,-93.0,-100.0,89.0,-1.0,0
4953,87.0,-0.0,-38.0,100.0,-0.0,1
4956,52.0,-35.0,-78.0,96.0,-1.0,1
4957,56.0,-83.0,-50.0,89.0,-1.0,1
4959,72.0,-46.0,-50.0,100.0,-1.0,0
4960,84.0,-3.0,-33.0,96.0,-0.0,1
4961,79.0,-6.0,-25.0,96.0,-0.0,1
4962,91.0,-3.0,-25.0,100.0,-0.0,1
4965,79.0,-12.0,-60.0,95.0,-0.0,1
4971,81.0,-14.0,-62.0,96.0,-0.0,1
4973,68.0,-53.0,-50.0,94.0,-1.0,1
4974,82.0,-6.0,-77.0,95.0,-0.0,1
4975,73.0,-16.0,-67.0,73.0,-0.0,1
4978,65.0,-39.0,-67.0,100.0,-0.0,1
4979,83.0,-6.0,-50.0,88.0,-0.0,1
4980,71.0,-36.0,-67.0,93.0,-1.0,1
4983,86.0,-0.0,-50.0,100.0,-0.0,1
4990,73.0,-5.0,-75.0,86.0,-1.0,0
4991,83.0,-30.0,-100.0,94.0,-0.0,1
4994,84.0,-10.0,-67.0,100.0,-0.0,1
4996,82.0,-7.0,-57.0,92.0,-0.0,1
4997,75.0,-31.0,-77.0,94.0,-0.0,1
4999,73.0,-33.0,-82.0,93.0,-0.0,1
5002,79.0,-29.0,-50.0,100.0,-0.0,0
5005,83.0,-6.0,-33.0,92.0,-0.0,1
5006,73.0,-41.0,-64.0,92.0,-2.0,1
5007,72.0,-47.0,-100.0,91.0,-0.0,1
5008,73.0,-24.0,-75.0,86.0,-0.0,0
5009,90.0,-3.0,-50.0,100.0,-0.0,1
5015,85.0,-19.0,-80.0,100.0,-0.0,1
5017,60.0,-30.0,-47.0,95.0,-2.0,0
5018,88.0,-2.0,-45.0,100.0,-0.0,1
5020,70.0,-13.0,-62.0,96.0,-2.0,1
5022,77.0,-35.0,-67.0,100.0,-2.0,1
5023,84.0,-0.0,-36.0,97.0,-0.0,1
5026,69.0,-23.0,-67.0,100.0,-0.0,1
5027,82.0,-9.0,-35.0,100.0,-0.0,0
5029,74.0,-23.0,-52.0,90.0,-0.0,1
5031,81.0,-1.0,-33.0,96.0,-0.0,1
5033,64.0,-91.0,-63.0,100.0,-2.0,1
5037,77.0,-32.0,-100.0,100.0,-0.0,0
5041,68.0,-83.0,-79.0,91.0,-2.0,0
5042,77.0,-29.0,-20.0,92.0,-0.0,0
5047,62.0,-5.0,-75.0,92.0,-0.0,0
5048,54.0,-87.0,-100.0,93.0,-5.0,0
5049,66.0,-91.0,-100.0,100.0,-1.0,0
5052,81.0,-29.0,-50.0,100.0,-1.0,0
5053,56.0,-64.0,-100.0,67.0,-2.0,0
5055,58.0,-72.0,-92.0,85.0,-3.0,0
5057,82.0,-6.0,-57.0,94.0,-0.0,0
5060,65.0,-65.0,-95.0,96.0,-7.0,0
5061,78.0,-14.0,-83.0,100.0,-0.0,0
5062,71.0,-31.0,-60.0,96.0,-0.0,1
5063,80.0,-4.0,-58.0,100.0,-0.0,1
5064,67.0,-60.0,-86.0,60.0,-1.0,0
5068,71.0,-57.0,-83.0,100.0,-2.0,1
5073,75.0,-19.0,-100.0,100.0,-0.0,0
5077,68.0,-42.0,-88.0,86.0,-1.0,0
5079,66.0,-36.0,-48.0,80.0,-2.0,0
5080,61.0,-31.0,-92.0,100.0,-4.0,0
5081,59.0,-58.0,-94.0,90.0,-1.0,0
5083,75.0,-97.0,-100.0,100.0,-3.0,0
5084,89.0,-3.0,-33.0,100.0,-0.0,1
5085,72.0,-69.0,-100.0,100.0,-2.0,0
5086,64.0,-74.0,-82.0,100.0,-2.0,0
5088,89.0,-3.0,-56.0,100.0,-0.0,1
5089,81.0,-16.0,-61.0,100.0,-1.0,1
5090,78.0,-37.0,-78.0,100.0,-0.0,0
5091,68.0,-51.0,-73.0,89.0,-5.0,1
5092,71.0,-68.0,-85.0,96.0,-6.0,0
5094,57.0,-75.0,-100.0,89.0,-1.0,0
5096,63.0,-67.0,-91.0,91.0,-2.0,1
5097,84.0,-27.0,-50.0,100.0,-0.0,1
5098,84.0,-1.0,-55.0,100.0,-0.0,1
5100,88.0,-18.0,-33.0,100.0,-0.0,1
5101,84.0,-2.0,-62.0,100.0,-0.0,1
5102,67.0,-42.0,-54.0,100.0,-2.0,0
5103,68.0,-50.0,-62.0,100.0,-4.0,0
5104,86.0,-6.0,-62.0,100.0,-0.0,1
5106,63.0,-81.0,-100.0,80.0,-1.0,0
5107,88.0,-7.0,-36.0,100.0,-0.0,1
5110,66.0,-48.0,-50.0,96.0,-1.0,1
5111,91.0,-1.0,-57.0,100.0,-0.0,1
5113,71.0,-57.0,-89.0,100.0,-3.0,1
5115,79.0,-8.0,-50.0,94.0,-1.0,0
5118,70.0,-49.0,-94.0,100.0,-0.0,0
5120,52.0,-78.0,-70.0,88.0,-4.0,0
5121,69.0,-56.0,-57.0,100.0,-1.0,1
5126,56.0,-48.0,-75.0,86.0,-2.0,0
5128,73.0,-24.0,-92.0,89.0,-2.0,0
5131,68.0,-13.0,-50.0,100.0,-1.0,1
5134,72.0,-12.0,-64.0,98.0,-0.0,1
5136,81.0,-28.0,-50.0,100.0,-1.0,0
5139,63.0,-52.0,-100.0,97.0,-0.0,0
5142,74.0,-61.0,-100.0,100.0,-0.0,0
5146,59.0,-99.0,-100.0,91.0,-5.0,0
5147,74.0,-87.0,-100.0,100.0,-3.0,0
5148,61.0,-103.0,-100.0,100.0,-1.0,0
5155,54.0,-81.0,-88.0,50.0,-1.0,0
5157,65.0,-76.0,-67.0,100.0,-3.0,0
5164,85.0,-20.0,-50.0,100.0,-0.0,1
5169,60.0,-79.0,-86.0,81.0,-2.0,0
5170,63.0,-41.0,-80.0,98.0,-2.0,0
5171,67.0,-49.0,-100.0,81.0,-2.0,0
5172,54.0,-38.0,-57.0,47.0,-0.0,0
5175,77.0,-73.0,-78.0,100.0,-1.0,1
5176,67.0,-48.0,-70.0,96.0,-1.0,1
5178,74.0,-25.0,-33.0,71.0,-0.0,0
5179,65.0,-51.0,-83.0,95.0,-2.0,0
5182,79.0,-28.0,-60.0,100.0,-1.0,0
5183,66.0,-52.0,-57.0,96.0,-2.0,1
5185,74.0,-37.0,-70.0,72.0,-0.0,1
5188,87.0,-0.0,-20.0,96.0,-0.0,0
5189,85.0,-8.0,-70.0,100.0,-0.0,1
5192,75.0,-16.0,-73.0,98.0,-1.0,1
5193,62.0,-62.0,-78.0,82.0,-5.0,1
5198,82.0,-19.0,-67.0,100.0,-0.0,1
5199,56.0,-82.0,-88.0,77.0,-3.0,1
5201,77.0,-30.0,-50.0,100.0,-2.0,0
5202,66.0,-79.0,-100.0,100.0,-1.0,0
5209,76.0,-49.0,-71.0,100.0,-2.0,0
5212,67.0,-79.0,-83.0,93.0,-3.0,0
5213,68.0,-53.0,-64.0,100.0,-3.0,0
5216,81.0,-17.0,-40.0,100.0,-1.0,1
5221,72.0,-75.0,-100.0,100.0,-2.0,0
5224,73.0,-57.0,-63.0,97.0,-1.0,0
5226,70.0,-70.0,-71.0,100.0,-2.0,1
5227,77.0,-4.0,-45.0,89.0,-0.0,1
5229,78.0,-0.0,-38.0,97.0,-0.0,1
5232,88.0,-0.0,-25.0,100.0,-0.0,0
5233,80.0,-2.0,-33.0,92.0,-1.0,1
5234,82.0,-3.0,-42.0,91.0,-1.0,1
5238,63.0,-73.0,-100.0,67.0,-0.0,1
5242,71.0,-73.0,-88.0,100.0,-1.0,0
5243,66.0,-17.0,-75.0,85.0,-0.0,0
5244,66.0,-25.0,-67.0,90.0,-0.0,0
5248,73.0,-20.0,-69.0,100.0,-2.0,1
5254,76.0,-19.0,-38.0,98.0,-1.0,1
5258,74.0,-69.0,-69.0,100.0,-2.0,1
5259,80.0,-14.0,-30.0,100.0,-0.0,0
5261,63.0,-25.0,-63.0,85.0,-1.0,0
5264,84.0,-6.0,-67.0,100.0,-0.0,1
5265,63.0,-27.0,-83.0,83.0,-0.0,0
5266,61.0,-60.0,-75.0,88.0,-3.0,0
5267,68.0,-62.0,-89.0,95.0,-1.0,0
5270,84.0,-9.0,-43.0,94.0,-0.0,1
5271,78.0,-0.0,-50.0,100.0,-0.0,1
5272,74.0,-70.0,-100.0,100.0,-3.0,0
5273,61.0,-67.0,-86.0,94.0,-3.0,0
5274,74.0,-18.0,-20.0,100.0,-1.0,0
5277,73.0,-40.0,-100.0,88.0,-0.0,0
5279,69.0,-35.0,-69.0,100.0,-0.0,0
5280,58.0,-27.0,-82.0,70.0,-0.0,0
5282,56.0,-46.0,-67.0,92.0,-3.0,0
5283,64.0,-84.0,-75.0,67.0,-2.0,0
5284,72.0,-41.0,-100.0,81.0,-0.0,0
5293,84.0,-1.0,-36.0,97.0,-0.0,0
5300,82.0,-73.0,-100.0,100.0,-0.0,1
5303,80.0,-53.0,-38.0,100.0,-2.0,1
5305,66.0,-72.0,-100.0,94.0,-2.0,0
5309,56.0,-85.0,-71.0,83.0,-4.0,0
5310,87.0,-14.0,-100.0,100.0,-0.0,1
5315,80.0,-8.0,-70.0,96.0,-0.0,1
5318,79.0,-49.0,-33.0,94.0,-0.0,0
5326,86.0,-6.0,-50.0,100.0,-0.0,0
5329,54.0,-33.0,-58.0,64.0,-1.0,0
5335,67.0,-31.0,-60.0,90.0,-1.0,0
5346,72.0,-24.0,-73.0,94.0,-0.0,0
5347,80.0,-3.0,-67.0,93.0,-0.0,0
5351,76.0,-14.0,-58.0,100.0,-2.0,1
5352,62.0,-59.0,-73.0,96.0,-2.0,0
5354,78.0,-26.0,-32.0,97.0,-1.0,1
5358,68.0,-55.0,-81.0,96.0,-2.0,1
5361,57.0,-99.0,-100.0,88.0,-1.0,0
5362,73.0,-58.0,-80.0,96.0,-1.0,0
5363,56.0,-71.0,-56.0,96.0,-4.0,0
5365,87.0,-18.0,-54.0,100.0,-0.0,1
5366,71.0,-56.0,-86.0,94.0,-3.0,0
5367,54.0,-49.0,-75.0,71.0,-2.0,0
5369,79.0,-35.0,-100.0,100.0,-0.0,0
5372,78.0,-20.0,-56.0,95.0,-0.0,1
5373,59.0,-80.0,-100.0,76.0,-3.0,0
5382,60.0,-75.0,-100.0,87.0,-1.0,0
5383,56.0,-82.0,-100.0,86.0,-3.0,0
5386,70.0,-44.0,-63.0,91.0,-4.0,0
5388,85.0,-0.0,-40.0,100.0,-0.0,1
5391,66.0,-77.0,-75.0,100.0,-3.0,1
5393,76.0,-33.0,-56.0,100.0,-1.0,0
5394,70.0,-1.0,-71.0,88.0,-0.0,1
5395,66.0,-60.0,-36.0,92.0,-1.0,0
5396,65.0,-87.0,-78.0,95.0,-4.0,1
5403,66.0,-56.0,-64.0,92.0,-3.0,1
5405,88.0,-3.0,-50.0,100.0,-0.0,1
5409,58.0,-84.0,-73.0,81.0,-4.0,0
5410,78.0,-18.0,-55.0,89.0,-0.0,1
5411,63.0,-8.0,-63.0,73.0,-1.0,0
5413,54.0,-17.0,-68.0,75.0,-1.0,0
5414,67.0,-42.0,-67.0,86.0,-1.0,0
5417,66.0,-86.0,-40.0,90.0,-1.0,0
5418,86.0,-2.0,-100.0,100.0,-0.0,1
5419,61.0,-30.0,-100.0,96.0,-0.0,0
5422,72.0,-90.0,-83.0,100.0,-3.0,0
5423,64.0,-27.0,-100.0,47.0,-0.0,0
5425,80.0,-38.0,-78.0,100.0,-0.0,1
5426,68.0,-65.0,-83.0,100.0,-1.0,0
5428,78.0,-14.0,-50.0,100.0,-0.0,1
5431,61.0,-57.0,-79.0,88.0,-5.0,0
5432,62.0,-70.0,-63.0,92.0,-2.0,1
5434,59.0,-34.0,-75.0,91.0,-2.0,0
5436,84.0,-4.0,-80.0,100.0,-0.0,1
5439,83.0,-37.0,-80.0,100.0,-0.0,1
5441,65.0,-81.0,-100.0,90.0,-5.0,0
5452,65.0,-47.0,-33.0,73.0,-1.0,1
5453,83.0,-0.0,-33.0,100.0,-0.0,1
5456,73.0,-6.0,-80.0,91.0,-0.0,1
5457,87.0,-19.0,-50.0,100.0,-0.0,1
5458,67.0,-81.0,-82.0,100.0,-5.0,0
5459,63.0,-70.0,-82.0,100.0,-4.0,0
5460,55.0,-92.0,-100.0,62.0,-1.0,0
5462,67.0,-82.0,-100.0,100.0,-1.0,0
5464,80.0,-18.0,-60.0,100.0,-1.0,1
5470,55.0,-44.0,-100.0,86.0,-2.0,1
5472,73.0,-17.0,-33.0,100.0,-1.0,0
5473,58.0,-73.0,-74.0,100.0,-5.0,0
5475,80.0,-29.0,-60.0,100.0,-0.0,1
5478,82.0,-4.0,-100.0,100.0,-0.0,1
5480,83.0,-29.0,-86.0,100.0,-0.0,1
5482,63.0,-37.0,-82.0,85.0,-1.0,1
5489,86.0,-2.0,-57.0,100.0,-0.0,1
5491,79.0,-16.0,-39.0,100.0,-0.0,1
5493,55.0,-62.0,-56.0,84.0,-3.0,0
5494,61.0,-50.0,-73.0,98.0,-3.0,0
5495,72.0,-4.0,-37.0,98.0,-0.0,1
5496,67.0,-34.0,-64.0,94.0,-0.0,1
5499,74.0,-0.0,-83.0,82.0,-0.0,1
5503,66.0,-93.0,-100.0,100.0,-1.0,1
5504,77.0,-29.0,-63.0,95.0,-0.0,1
5506,67.0,-28.0,-40.0,77.0,-0.0,0
5509,65.0,-45.0,-100.0,73.0,-0.0,1
5511,72.0,-59.0,-67.0,100.0,-1.0,1
5513,78.0,-24.0,-64.0,100.0,-1.0,1
5516,87.0,-0.0,-33.0,100.0,-0.0,1
5517,86.0,-2.0,-50.0,95.0,-0.0,1
5519,77.0,-28.0,-86.0,100.0,-0.0,1
5520,64.0,-67.0,-100.0,94.0,-3.0,0
5528,71.0,-17.0,-60.0,96.0,-0.0,1
5529,74.0,-49.0,-100.0,92.0,-0.0,1
5531,75.0,-27.0,-33.0,94.0,-0.0,1
5533,70.0,-40.0,-71.0,88.0,-1.0,0
5536,88.0,-6.0,-50.0,100.0,-0.0,1
5540,85.0,-5.0,-42.0,100.0,-1.0,1
5541,80.0,-69.0,-86.0,100.0,-1.0,1
5542,73.0,-14.0,-64.0,92.0,-1.0,1
5546,88.0,-1.0,-50.0,100.0,-0.0,1
5548,70.0,-35.0,-56.0,88.0,-1.0,0
5549,70.0,-16.0,-75.0,91.0,-1.0,1
5550,90.0,-0.0,-50.0,100.0,-0.0,1
5551,67.0,-90.0,-100.0,100.0,-3.0,1
5554,80.0,-10.0,-22.0,96.0,-0.0,1
5555,54.0,-48.0,-67.0,79.0,-3.0,0
5556,66.0,-40.0,-82.0,100.0,-2.0,0
5557,68.0,-76.0,-80.0,81.0,-1.0,1
5558,69.0,-1.0,-75.0,93.0,-0.0,1
5559,88.0,-8.0,-33.0,100.0,-0.0,0
5561,69.0,-9.0,-53.0,100.0,-0.0,1
5564,75.0,-15.0,-54.0,98.0,-0.0,1
5568,69.0,-57.0,-100.0,92.0,-2.0,1
5569,69.0,-55.0,-67.0,79.0,-1.0,0
5570,66.0,-57.0,-86.0,100.0,-2.0,0
5571,84.0,-0.0,-0.0,95.0,-0.0,0
5574,76.0,-15.0,-53.0,97.0,-2.0,0
5576,88.0,-15.0,-56.0,100.0,-0.0,1
5577,61.0,-74.0,-67.0,100.0,-1.0,0
5579,81.0,-19.0,-67.0,100.0,-1.0,0
5582,84.0,-0.0,-38.0,100.0,-0.0,1
5583,64.0,-90.0,-83.0,90.0,-3.0,0
5584,76.0,-31.0,-80.0,100.0,-1.0,1
5585,61.0,-19.0,-62.0,76.0,-1.0,0
5588,68.0,-11.0,-57.0,65.0,-0.0,1
5589,72.0,-1.0,-30.0,82.0,-0.0,1
5590,65.0,-48.0,-73.0,81.0,-1.0,0
5591,56.0,-42.0,-92.0,80.0,-3.0,0
5598,89.0,-3.0,-57.0,100.0,-0.0,1
5602,90.0,-5.0,-71.0,100.0,-0.0,0
5605,86.0,-9.0,-21.0,100.0,-0.0,1
5610,75.0,-17.0,-60.0,87.0,-0.0,0
5616,77.0,-14.0,-56.0,95.0,-0.0,1
5618,58.0,-84.0,-90.0,71.0,-1.0,0
5620,61.0,-67.0,-75.0,42.0,-1.0,0
5621,67.0,-50.0,-44.0,100.0,-3.0,1
5627,78.0,-30.0,-67.0,82.0,-0.0,1
5629,71.0,-80.0,-80.0,85.0,-1.0,0
5636,72.0,-12.0,-36.0,95.0,-0.0,0
5637,74.0,-14.0,-50.0,90.0,-0.0,1
5639,80.0,-10.0,-73.0,100.0,-1.0,0
5640,69.0,-45.0,-43.0,88.0,-0.0,0
5642,62.0,-96.0,-100.0,75.0,-1.0,0
5643,69.0,-26.0,-48.0,100.0,-3.0,0
5644,64.0,-42.0,-75.0,83.0,-1.0,0
5645,62.0,-74.0,-71.0,100.0,-3.0,0
5652,88.0,-5.0,-29.0,100.0,-0.0,1
5656,86.0,-18.0,-40.0,100.0,-0.0,1
5661,65.0,-50.0,-67.0,78.0,-0.0,1
5665,74.0,-3.0,-45.0,98.0,-0.0,0
5667,58.0,-96.0,-100.0,100.0,-8.0,0
5671,73.0,-82.0,-100.0,89.0,-2.0,0
5673,82.0,-20.0,-56.0,100.0,-1.0,0
5677,61.0,-44.0,-57.0,74.0,-3.0,0
5681,57.0,-29.0,-60.0,60.0,-1.0,1
5685,74.0,-45.0,-56.0,100.0,-0.0,1
5686,85.0,-6.0,-32.0,96.0,-0.0,0
5687,55.0,-60.0,-70.0,93.0,-8.0,0
5689,74.0,-9.0,-50.0,98.0,-1.0,1
5690,57.0,-24.0,-44.0,50.0,-0.0,0
5692,70.0,-25.0,-50.0,67.0,-0.0,0
5693,74.0,-40.0,-64.0,96.0,-0.0,0
5695,79.0,-27.0,-62.0,90.0,-0.0,1
5700,65.0,-29.0,-67.0,87.0,-0.0,1
5703,82.0,-16.0,-100.0,100.0,-0.0,1
5704,73.0,-9.0,-60.0,92.0,-0.0,0
5705,64.0,-86.0,-86.0,100.0,-13.0,0
5706,64.0,-35.0,-39.0,95.0,-3.0,0
5707,59.0,-62.0,-78.0,94.0,-3.0,0
5710,78.0,-24.0,-50.0,100.0,-2.0,1
5711,72.0,-17.0,-41.0,97.0,-1.0,1
5717,61.0,-54.0,-67.0,98.0,-8.0,1
5718,79.0,-23.0,-57.0,100.0,-0.0,1
5719,81.0,-26.0,-40.0,86.0,-0.0,1
5722,90.0,-1.0,-50.0,100.0,-0.0,0
5723,90.0,-3.0,-100.0,100.0,-0.0,1
5731,71.0,-0.0,-0.0,100.0,-0.0,0
5735,58.0,-44.0,-50.0,30.0,-1.0,0
5743,56.0,-135.0,-100.0,100.0,-1.0,0
5744,74.0,-71.0,-73.0,100.0,-4.0,0
5748,81.0,-5.0,-40.0,95.0,-0.0,1
5751,73.0,-21.0,-33.0,90.0,-0.0,1
5758,65.0,-56.0,-57.0,96.0,-3.0,0
5763,59.0,-99.0,-67.0,80.0,-1.0,0
5764,69.0,-96.0,-80.0,82.0,-4.0,1
5765,57.0,-50.0,-69.0,91.0,-3.0,0
5766,61.0,-49.0,-83.0,79.0,-1.0,0
5771,80.0,-18.0,-70.0,100.0,-0.0,1
5774,65.0,-66.0,-100.0,100.0,-0.0,0
5775,90.0,-0.0,-0.0,100.0,-0.0,0
5778,57.0,-21.0,-71.0,74.0,-0.0,0
5793,79.0,-17.0,-71.0,95.0,-1.0,0
5797,73.0,-0.0,-75.0,88.0,-0.0,0
5801,63.0,-44.0,-50.0,88.0,-0.0,0
5802,63.0,-57.0,-88.0,76.0,-1.0,0
5803,90.0,-1.0,-33.0,100.0,-0.0,1
5805,70.0,-54.0,-80.0,82.0,-2.0,0
5808,67.0,-88.0,-100.0,100.0,-5.0,0
5809,59.0,-100.0,-67.0,67.0,-1.0,0
5811,80.0,-3.0,-32.0,100.0,-1.0,1
5817,57.0,-75.0,-100.0,60.0,-1.0,0
5818,68.0,-47.0,-78.0,100.0,-1.0,0
5822,54.0,-60.0,-73.0,97.0,-5.0,0
5823,54.0,-104.0,-100.0,55.0,-1.0,0
5824,61.0,-71.0,-63.0,82.0,-3.0,0
5827,59.0,-54.0,-62.0,78.0,-3.0,0
5828,64.0,-67.0,-100.0,56.0,-0.0,0
5830,70.0,-43.0,-79.0,80.0,-1.0,1
5832,66.0,-67.0,-71.0,93.0,-2.0,0
5836,86.0,-4.0,-57.0,100.0,-0.0,0
5840,57.0,-72.0,-83.0,80.0,-1.0,0
5842,72.0,-59.0,-57.0,100.0,-0.0,0
5844,77.0,-33.0,-43.0,83.0,-1.0,1
5845,76.0,-0.0,-67.0,100.0,-0.0,1
5846,66.0,-66.0,-75.0,93.0,-2.0,0
5849,55.0,-97.0,-100.0,50.0,-2.0,1
5851,69.0,-0.0,-50.0,80.0,-0.0,1
5855,73.0,-50.0,-88.0,87.0,-1.0,0
5856,64.0,-85.0,-86.0,92.0,-2.0,0
5858,70.0,-3.0,-100.0,88.0,-0.0,0
5859,37.0,-71.0,-69.0,78.0,-2.0,0
5862,86.0,-0.0,-25.0,100.0,-0.0,1
5863,56.0,-48.0,-67.0,95.0,-1.0,1
5872,68.0,-98.0,-88.0,90.0,-3.0,0
5874,63.0,-96.0,-100.0,100.0,-3.0,0
5875,78.0,-5.0,-31.0,97.0,-0.0,1
5878,86.0,-6.0,-50.0,100.0,-0.0,1
5879,59.0,-42.0,-69.0,99.0,-4.0,1
5883,84.0,-6.0,-50.0,100.0,-1.0,1
5884,85.0,-4.0,-29.0,100.0,-0.0,1
5888,78.0,-0.0,-43.0,95.0,-0.0,0
5889,76.0,-5.0,-25.0,88.0,-0.0,1
5892,57.0,-53.0,-75.0,78.0,-0.0,0
5893,82.0,-50.0,-100.0,100.0,-0.0,1
5897,60.0,-28.0,-78.0,56.0,-0.0,0
5901,71.0,-51.0,-44.0,96.0,-1.0,1
5902,67.0,-21.0,-58.0,79.0,-0.0,0
5906,85.0,-6.0,-71.0,100.0,-0.0,1
5911,79.0,-6.0,-64.0,69.0,-0.0,0
5912,73.0,-94.0,-67.0,92.0,-2.0,0
5914,54.0,-71.0,-87.0,100.0,-1.0,0
5916,68.0,-65.0,-89.0,100.0,-2.0,1
5919,66.0,-95.0,-100.0,100.0,-1.0,0
5921,66.0,-26.0,-38.0,79.0,-0.0,0
5923,58.0,-68.0,-71.0,92.0,-3.0,1
5926,81.0,-2.0,-25.0,94.0,-0.0,1
5931,66.0,-39.0,-90.0,100.0,-1.0,0
5938,72.0,-66.0,-100.0,91.0,-0.0,0
5939,76.0,-31.0,-83.0,86.0,-0.0,1
5940,55.0,-56.0,-89.0,50.0,-2.0,1
5941,64.0,-57.0,-71.0,82.0,-0.0,0
5942,64.0,-19.0,-31.0,94.0,-1.0,0
5945,74.0,-47.0,-88.0,100.0,-1.0,1
5948,58.0,-55.0,-100.0,29.0,-0.0,0
5950,90.0,-4.0,-29.0,100.0,-0.0,1
5953,59.0,-101.0,-100.0,90.0,-2.0,0
5954,71.0,-51.0,-57.0,64.0,-2.0,1
5956,65.0,-63.0,-75.0,85.0,-0.0,0
5959,63.0,-19.0,-40.0,89.0,-2.0,0
5960,63.0,-53.0,-100.0,94.0,-1.0,0
5962,56.0,-44.0,-78.0,88.0,-3.0,0
5963,56.0,-88.0,-93.0,83.0,-3.0,1
5965,74.0,-58.0,-83.0,100.0,-1.0,0
5967,88.0,-10.0,-67.0,100.0,-0.0,1
5968,86.0,-13.0,-43.0,100.0,-0.0,0
5969,73.0,-16.0,-67.0,91.0,-1.0,0
5972,59.0,-60.0,-100.0,73.0,-1.0,0
5979,86.0,-1.0,-11.0,100.0,-0.0,1
5980,63.0,-83.0,-91.0,97.0,-12.0,0
5984,56.0,-93.0,-100.0,60.0,-5.0,1
5987,82.0,-1.0,-45.0,96.0,-0.0,0
5989,73.0,-0.0,-80.0,92.0,-0.0,1
5990,69.0,-16.0,-38.0,84.0,-0.0,0
5993,71.0,-46.0,-100.0,100.0,-0.0,0
5997,80.0,-5.0,-54.0,97.0,-0.0,1
5999,64.0,-23.0,-67.0,94.0,-2.0,0
6001,59.0,-52.0,-75.0,100.0,-3.0,1
6006,63.0,-80.0,-100.0,70.0,-3.0,0
6007,73.0,-68.0,-100.0,100.0,-2.0,0
6008,89.0,-1.0,-40.0,100.0,-0.0,1
6010,70.0,-6.0,-36.0,74.0,-1.0,0
6020,64.0,-74.0,-91.0,91.0,-1.0,1
6026,57.0,-44.0,-86.0,80.0,-1.0,0
6029,76.0,-22.0,-47.0,100.0,-3.0,1
6036,84.0,-4.0,-56.0,100.0,-0.0,1
6038,62.0,-14.0,-63.0,83.0,-1.0,0
6046,75.0,-13.0,-60.0,83.0,-0.0,1
6047,60.0,-35.0,-55.0,75.0,-1.0,0
6049,80.0,-10.0,-14.0,100.0,-0.0,0
6051,72.0,-26.0,-56.0,91.0,-1.0,0
6053,74.0,-27.0,-80.0,67.0,-1.0,1
6054,93.0,-1.0,-17.0,100.0,-0.0,1
6056,56.0,-77.0,-86.0,83.0,-2.0,1
6061,85.0,-1.0,-50.0,100.0,-0.0,0
6064,91.0,-11.0,-60.0,100.0,-0.0,1
6065,62.0,-63.0,-73.0,75.0,-3.0,0
6067,74.0,-22.0,-64.0,100.0,-2.0,1
6069,87.0,-0.0,-40.0,100.0,-0.0,1
6071,77.0,-0.0,-33.0,100.0,-0.0,0
6073,68.0,-84.0,-70.0,98.0,-2.0,1
6077,69.0,-27.0,-57.0,88.0,-0.0,0
6079,74.0,-8.0,-64.0,96.0,-0.0,1
6080,84.0,-36.0,-30.0,100.0,-0.0,1
6082,79.0,-71.0,-100.0,100.0,-1.0,1
6084,63.0,-97.0,-86.0,90.0,-4.0,0
6088,70.0,-22.0,-55.0,98.0,-0.0,1
6094,73.0,-37.0,-75.0,100.0,-2.0,1
6096,65.0,-35.0,-80.0,100.0,-1.0,0
6098,75.0,-96.0,-100.0,100.0,-3.0,1
6100,61.0,-39.0,-71.0,100.0,-3.0,0
6101,56.0,-59.0,-75.0,94.0,-3.0,0
6102,91.0,-1.0,-80.0,100.0,-0.0,1
6104,77.0,-3.0,-33.0,100.0,-1.0,1
6105,85.0,-3.0,-50.0,100.0,-0.0,1
6110,85.0,-3.0,-20.0,98.0,-0.0,1
6111,88.0,-0.0,-60.0,100.0,-0.0,1
6112,68.0,-39.0,-50.0,93.0,-1.0,0
6113,82.0,-6.0,-60.0,100.0,-0.0,1
6114,71.0,-23.0,-59.0,100.0,-2.0,1
6116,68.0,-27.0,-50.0,50.0,-1.0,0
6117,78.0,-17.0,-64.0,100.0,-1.0,1
6118,85.0,-25.0,-50.0,100.0,-0.0,1
6119,74.0,-31.0,-73.0,100.0,-1.0,1
6120,64.0,-53.0,-50.0,75.0,-1.0,0
6124,80.0,-5.0,-67.0,100.0,-1.0,1
6126,77.0,-0.0,-0.0,100.0,-0.0,1
6129,78.0,-37.0,-75.0,100.0,-0.0,1
6131,59.0,-52.0,-80.0,63.0,-1.0,1
6132,68.0,-49.0,-86.0,82.0,-1.0,1
6134,76.0,-14.0,-58.0,100.0,-1.0,1
6137,76.0,-20.0,-57.0,100.0,-2.0,1
6138,69.0,-45.0,-65.0,100.0,-3.0,0
6139,72.0,-22.0,-46.0,96.0,-1.0,1
6143,79.0,-34.0,-42.0,100.0,-1.0,1
6144,74.0,-0.0,-75.0,63.0,-0.0,0
6145,68.0,-2.0,-40.0,63.0,-0.0,1
6146,85.0,-5.0,-71.0,86.0,-0.0,1
6147,68.0,-55.0,-71.0,96.0,-2.0,0
6151,80.0,-21.0,-42.0,100.0,-1.0,1
6153,59.0,-39.0,-56.0,69.0,-1.0,0
6154,62.0,-59.0,-67.0,60.0,-1.0,0
6155,77.0,-10.0,-42.0,100.0,-0.0,0
6156,66.0,-38.0,-86.0,80.0,-3.0,0
6167,85.0,-21.0,-75.0,100.0,-0.0,1
6168,85.0,-0.0,-13.0,100.0,-0.0,1
6170,77.0,-13.0,-36.0,92.0,-0.0,1
6172,65.0,-84.0,-89.0,100.0,-2.0,0
6175,80.0,-6.0,-43.0,100.0,-1.0,1
6176,61.0,-82.0,-73.0,100.0,-5.0,0
6179,84.0,-37.0,-50.0,100.0,-0.0,1
6182,80.0,-1.0,-55.0,100.0,-0.0,1
6183,83.0,-21.0,-58.0,100.0,-0.0,1
6186,86.0,-7.0,-42.0,94.0,-0.0,0
6187,77.0,-34.0,-45.0,100.0,-2.0,1
6188,89.0,-9.0,-60.0,100.0,-0.0,1
6190,89.0,-5.0,-43.0,100.0,-0.0,1
6193,73.0,-48.0,-100.0,100.0,-2.0,1
6194,57.0,-48.0,-81.0,86.0,-0.0,0
6197,83.0,-13.0,-22.0,100.0,-0.0,1
6201,65.0,-48.0,-40.0,100.0,-3.0,1
6204,79.0,-0.0,-57.0,100.0,-1.0,1
6205,88.0,-4.0,-27.0,100.0,-0.0,1
6208,83.0,-27.0,-25.0,100.0,-0.0,1
6210,86.0,-6.0,-57.0,100.0,-1.0,1
6222,86.0,-6.0,-24.0,96.0,-0.0,1
6223,68.0,-81.0,-95.0,100.0,-7.0,0
6224,88.0,-6.0,-38.0,100.0,-0.0,1
6231,75.0,-17.0,-45.0,100.0,-1.0,1
6232,59.0,-74.0,-89.0,91.0,-2.0,0
6234,76.0,-28.0,-67.0,100.0,-1.0,1
6239,84.0,-8.0,-33.0,100.0,-0.0,1
6241,83.0,-7.0,-83.0,91.0,-0.0,1
6247,68.0,-63.0,-78.0,100.0,-3.0,0
6248,65.0,-18.0,-78.0,92.0,-1.0,0
6250,43.0,-93.0,-100.0,61.0,-7.0,0
6251,76.0,-54.0,-83.0,100.0,-2.0,1
6253,71.0,-34.0,-83.0,92.0,-1.0,1
6255,82.0,-0.0,-60.0,90.0,-0.0,1
6258,70.0,-31.0,-56.0,100.0,-3.0,1
6259,87.0,-8.0,-71.0,100.0,-1.0,1
6261,72.0,-26.0,-38.0,97.0,-1.0,1
6262,60.0,-55.0,-100.0,48.0,-0.0,1
6264,77.0,-9.0,-29.0,94.0,-0.0,1
6265,88.0,-0.0,-40.0,100.0,-0.0,1
6266,77.0,-4.0,-60.0,77.0,-0.0,1
6271,71.0,-30.0,-77.0,96.0,-0.0,1
6272,89.0,-0.0,-25.0,100.0,-0.0,1
6273,73.0,-7.0,-67.0,77.0,-0.0,0
6274,91.0,-5.0,-86.0,100.0,-0.0,1
6275,73.0,-46.0,-63.0,100.0,-1.0,1
6276,73.0,-27.0,-75.0,86.0,-0.0,1
6278,92.0,-1.0,-33.0,100.0,-0.0,1
6279,68.0,-21.0,-88.0,91.0,-1.0,1
6281,59.0,-72.0,-86.0,63.0,-1.0,0
6282,60.0,-75.0,-95.0,100.0,-8.0,1
6283,89.0,-0.0,-13.0,100.0,-0.0,1
6284,76.0,-35.0,-47.0,100.0,-2.0,1
6285,81.0,-2.0,-6.0,96.0,-0.0,1
6286,89.0,-6.0,-80.0,100.0,-0.0,1
6287,77.0,-9.0,-44.0,94.0,-0.0,1
6290,75.0,-0.0,-79.0,100.0,-0.0,1
6291,86.0,-0.0,-25.0,100.0,-0.0,1
6293,86.0,-0.0,-13.0,96.0,-0.0,1
6297,67.0,-50.0,-88.0,97.0,-2.0,1
6298,68.0,-60.0,-60.0,95.0,-3.0,0
6299,79.0,-11.0,-50.0,93.0,-0.0,1
6300,74.0,-71.0,-100.0,91.0,-1.0,1
6303,91.0,-3.0,-71.0,100.0,-0.0,1
6306,68.0,-88.0,-100.0,100.0,-1.0,0
6307,83.0,-20.0,-29.0,100.0,-1.0,1
6309,81.0,-3.0,-50.0,92.0,-0.0,1
6310,61.0,-26.0,-71.0,86.0,-0.0,1
6311,72.0,-57.0,-91.0,95.0,-2.0,0
6313,78.0,-52.0,-86.0,100.0,-0.0,0
6314,67.0,-67.0,-60.0,94.0,-1.0,0
6316,80.0,-18.0,-53.0,100.0,-1.0,1
6317,69.0,-39.0,-63.0,100.0,-1.0,0
6318,84.0,-9.0,-69.0,100.0,-0.0,0
6319,69.0,-52.0,-100.0,92.0,-0.0,0
6322,65.0,-80.0,-100.0,100.0,-2.0,0
6324,56.0,-85.0,-96.0,94.0,-11.0,0
6333,68.0,-75.0,-80.0,90.0,-2.0,0
6338,82.0,-9.0,-20.0,95.0,-0.0,1
6341,73.0,-87.0,-57.0,100.0,-1.0,0
6347,60.0,-64.0,-79.0,100.0,-5.0,0
6348,75.0,-3.0,-67.0,92.0,-1.0,0
6349,88.0,-27.0,-25.0,100.0,-0.0,1
6352,64.0,-68.0,-86.0,75.0,-1.0,0
6354,73.0,-6.0,-31.0,87.0,-1.0,1
6355,79.0,-57.0,-100.0,100.0,-1.0,1
6358,64.0,-60.0,-78.0,85.0,-1.0,0
6360,80.0,-7.0,-83.0,100.0,-0.0,0
6361,68.0,-24.0,-77.0,85.0,-0.0,0
6369,81.0,-23.0,-60.0,100.0,-0.0,1
6372,55.0,-83.0,-90.0,83.0,-4.0,0
6373,72.0,-28.0,-40.0,100.0,-0.0,0
6376,87.0,-1.0,-25.0,100.0,-0.0,1
6380,64.0,-92.0,-100.0,93.0,-2.0,1
6382,79.0,-14.0,-80.0,90.0,-0.0,0
6384,86.0,-12.0,-33.0,100.0,-0.0,1
6388,59.0,-82.0,-83.0,96.0,-6.0,0
6390,66.0,-73.0,-83.0,90.0,-1.0,0
6391,54.0,-66.0,-90.0,86.0,-1.0,0
6392,81.0,-21.0,-80.0,100.0,-1.0,1
6394,81.0,-27.0,-86.0,100.0,-0.0,1
6395,76.0,-21.0,-67.0,100.0,-1.0,0
6399,58.0,-40.0,-64.0,79.0,-1.0,0
6402,85.0,-19.0,-75.0,100.0,-0.0,1
6407,69.0,-55.0,-67.0,100.0,-1.0,1
6410,79.0,-47.0,-20.0,100.0,-1.0,1
6411,69.0,-44.0,-53.0,97.0,-2.0,1
6415,71.0,-26.0,-38.0,100.0,-1.0,0
6422,68.0,-75.0,-71.0,75.0,-1.0,0
6426,59.0,-89.0,-90.0,85.0,-2.0,1
6427,63.0,-69.0,-50.0,71.0,-1.0,0
6429,78.0,-71.0,-43.0,100.0,-2.0,0
6430,65.0,-93.0,-91.0,100.0,-4.0,0
6432,75.0,-27.0,-80.0,100.0,-0.0,1
6434,64.0,-69.0,-83.0,93.0,-2.0,0
6440,74.0,-47.0,-67.0,100.0,-2.0,0
6445,56.0,-19.0,-56.0,48.0,-1.0,0
6447,68.0,-43.0,-89.0,100.0,-0.0,0
6450,76.0,-32.0,-64.0,97.0,-1.0,1
6451,68.0,-29.0,-83.0,92.0,-0.0,0
6452,68.0,-26.0,-67.0,81.0,-0.0,0
6453,72.0,-28.0,-50.0,100.0,-2.0,1
6461,71.0,-43.0,-46.0,100.0,-1.0,0
6465,52.0,-92.0,-83.0,84.0,-3.0,0
6466,79.0,-35.0,-73.0,100.0,-1.0,0
6472,62.0,-82.0,-100.0,100.0,-4.0,0
6475,59.0,-77.0,-100.0,42.0,-1.0,0
6476,78.0,-43.0,-89.0,100.0,-0.0,1
6478,60.0,-74.0,-92.0,88.0,-1.0,0
6481,68.0,-7.0,-50.0,89.0,-0.0,1
6484,69.0,-86.0,-100.0,100.0,-3.0,0
6485,81.0,-9.0,-50.0,100.0,-0.0,1
6486,63.0,-16.0,-74.0,85.0,-0.0,0
6487,77.0,-46.0,-68.0,100.0,-0.0,1
6488,85.0,-1.0,-25.0,97.0,-0.0,1
6489,60.0,-29.0,-100.0,50.0,-0.0,0
6490,66.0,-47.0,-100.0,75.0,-0.0,0
6491,80.0,-70.0,-100.0,100.0,-0.0,1
6492,89.0,-2.0,-43.0,100.0,-0.0,1
6496,93.0,-1.0,-33.0,100.0,-0.0,1
6497,68.0,-89.0,-83.0,100.0,-2.0,0
6499,66.0,-74.0,-80.0,82.0,-2.0,0
6501,61.0,-51.0,-63.0,97.0,-3.0,0
6503,81.0,-3.0,-25.0,90.0,-0.0,0
6505,64.0,-31.0,-75.0,88.0,-1.0,0
6506,67.0,-44.0,-67.0,97.0,-3.0,0
6507,71.0,-95.0,-89.0,100.0,-3.0,1
6509,64.0,-67.0,-77.0,96.0,-4.0,0
6511,63.0,-76.0,-74.0,85.0,-5.0,0
6512,66.0,-36.0,-80.0,85.0,-0.0,0
6515,60.0,-42.0,-89.0,92.0,-2.0,0
6516,68.0,-33.0,-63.0,94.0,-1.0,0
6517,89.0,-1.0,-10.0,100.0,-0.0,1
6523,75.0,-0.0,-50.0,73.0,-1.0,0
6526,76.0,-49.0,-71.0,100.0,-2.0,1
6527,58.0,-59.0,-88.0,64.0,-1.0,0
6528,64.0,-87.0,-75.0,95.0,-4.0,0
6532,73.0,-11.0,-43.0,90.0,-0.0,1
6533,75.0,-13.0,-42.0,98.0,-2.0,1
6534,59.0,-59.0,-73.0,83.0,-2.0,0
6535,75.0,-41.0,-58.0,96.0,-1.0,0
6536,88.0,-8.0,-57.0,95.0,-0.0,1
6537,60.0,-29.0,-67.0,100.0,-1.0,0
6538,63.0,-34.0,-71.0,81.0,-0.0,0
6540,58.0,-51.0,-38.0,90.0,-4.0,0
6542,63.0,-78.0,-80.0,100.0,-3.0,1
6543,70.0,-56.0,-89.0,100.0,-2.0,0
6544,59.0,-35.0,-80.0,82.0,-2.0,0
6546,65.0,-82.0,-100.0,92.0,-2.0,0
6549,58.0,-4.0,-46.0,98.0,-0.0,1
6554,76.0,-80.0,-100.0,100.0,-1.0,0
6558,57.0,-53.0,-76.0,90.0,-2.0,0
6562,70.0,-39.0,-60.0,96.0,-3.0,1
6563,77.0,-0.0,-63.0,96.0,-0.0,0
6571,77.0,-14.0,-67.0,100.0,-0.0,1
6575,59.0,-80.0,-100.0,93.0,-2.0,0
6583,75.0,-20.0,-100.0,100.0,-1.0,1
6584,67.0,-60.0,-78.0,88.0,-1.0,0
6585,56.0,-50.0,-75.0,56.0,-1.0,0
6587,69.0,-90.0,-100.0,85.0,-2.0,0
6588,49.0,-65.0,-100.0,56.0,-1.0,0
6590,68.0,-64.0,-83.0,100.0,-3.0,0
6595,75.0,-18.0,-57.0,88.0,-2.0,1
6597,74.0,-41.0,-36.0,100.0,-0.0,1
6599,60.0,-57.0,-100.0,96.0,-3.0,0
6604,79.0,-12.0,-70.0,100.0,-0.0,1
6608,50.0,-23.0,-31.0,48.0,-0.0,0
6610,70.0,-13.0,-83.0,89.0,-0.0,0
6615,70.0,-84.0,-88.0,100.0,-3.0,0
6619,89.0,-3.0,-44.0,100.0,-0.0,1
6623,83.0,-10.0,-80.0,100.0,-0.0,0
6624,63.0,-71.0,-100.0,75.0,-0.0,0
6625,82.0,-4.0,-63.0,95.0,-0.0,1
6626,63.0,-58.0,-80.0,100.0,-4.0,0
6629,73.0,-19.0,-38.0,91.0,-0.0,0
6632,76.0,-14.0,-44.0,100.0,-2.0,1
6634,76.0,-68.0,-88.0,100.0,-2.0,0
6635,67.0,-24.0,-88.0,100.0,-0.0,0
6636,64.0,-56.0,-76.0,100.0,-5.0,0
6639,59.0,-73.0,-86.0,97.0,-9.0,0
6641,69.0,-15.0,-67.0,88.0,-0.0,0
6650,67.0,-5.0,-50.0,67.0,-0.0,0
6652,88.0,-1.0,-44.0,100.0,-0.0,1
6655,69.0,-51.0,-46.0,100.0,-2.0,0
6657,69.0,-22.0,-100.0,100.0,-0.0,0
6660,76.0,-67.0,-90.0,100.0,-1.0,0
6669,68.0,-37.0,-91.0,71.0,-0.0,0
6670,62.0,-35.0,-63.0,83.0,-0.0,0
6673,66.0,-87.0,-80.0,100.0,-3.0,0
6675,59.0,-4.0,-100.0,87.0,-0.0,0
6677,74.0,-59.0,-67.0,100.0,-3.0,1
6679,89.0,-2.0,-63.0,100.0,-0.0,1
6682,80.0,-19.0,-71.0,91.0,-0.0,1
6684,62.0,-39.0,-60.0,86.0,-0.0,0
6686,79.0,-55.0,-50.0,100.0,-1.0,0
6687,79.0,-9.0,-44.0,96.0,-1.0,0
6688,74.0,-58.0,-78.0,92.0,-0.0,0
6695,74.0,-36.0,-63.0,92.0,-0.0,0
6696,84.0,-3.0,-26.0,100.0,-0.0,0
6698,64.0,-3.0,-40.0,83.0,-1.0,0
6700,84.0,-32.0,-60.0,100.0,-0.0,1
6701,63.0,-33.0,-73.0,91.0,-1.0,0
6703,73.0,-36.0,-67.0,95.0,-0.0,0
6704,61.0,-51.0,-100.0,86.0,-0.0,0
6713,79.0,-24.0,-78.0,100.0,-0.0,1
6714,72.0,-59.0,-90.0,97.0,-2.0,1
6715,71.0,-97.0,-100.0,92.0,-1.0,1
6716,79.0,-4.0,-80.0,95.0,-0.0,0
6719,83.0,-7.0,-40.0,100.0,-0.0,0
6720,87.0,-9.0,-43.0,100.0,-0.0,1
6721,85.0,-1.0,-44.0,100.0,-0.0,1
6722,74.0,-26.0,-57.0,100.0,-2.0,0
6725,86.0,-10.0,-71.0,100.0,-0.0,1
6726,82.0,-8.0,-39.0,100.0,-1.0,1
6727,60.0,-89.0,-86.0,60.0,-2.0,0
6729,65.0,-72.0,-85.0,96.0,-6.0,1
6730,68.0,-87.0,-100.0,100.0,-0.0,0
6733,61.0,-71.0,-80.0,82.0,-2.0,0
6734,64.0,-11.0,-47.0,88.0,-1.0,0
6735,68.0,-25.0,-43.0,88.0,-0.0,0
6737,84.0,-11.0,-80.0,100.0,-1.0,1
6738,68.0,-64.0,-75.0,96.0,-2.0,0
6739,86.0,-6.0,-31.0,100.0,-0.0,1
6740,70.0,-50.0,-67.0,100.0,-1.0,0
6741,76.0,-59.0,-100.0,100.0,-0.0,1
6743,71.0,-19.0,-50.0,97.0,-0.0,1
6745,64.0,-68.0,-93.0,100.0,-4.0,1
6748,69.0,-51.0,-46.0,100.0,-1.0,0
6749,67.0,-45.0,-67.0,90.0,-2.0,0
6750,68.0,-86.0,-80.0,100.0,-3.0,1
6751,68.0,-68.0,-88.0,93.0,-5.0,0
6752,61.0,-46.0,-43.0,75.0,-0.0,0
6753,70.0,-36.0,-50.0,86.0,-0.0,0
6758,62.0,-4.0,-54.0,87.0,-0.0,1
6760,88.0,-5.0,-100.0,100.0,-0.0,0
6763,63.0,-75.0,-67.0,100.0,-5.0,0
6766,77.0,-18.0,-70.0,100.0,-2.0,1
6769,80.0,-21.0,-75.0,100.0,-0.0,1
6770,62.0,-52.0,-47.0,93.0,-2.0,1
6772,92.0,-1.0,-33.0,100.0,-0.0,0
6774,89.0,-10.0,-60.0,100.0,-0.0,0
6776,58.0,-71.0,-75.0,69.0,-1.0,0
6781,78.0,-16.0,-77.0,97.0,-0.0,1
6782,75.0,-57.0,-33.0,83.0,-0.0,0
6785,66.0,-30.0,-100.0,94.0,-1.0,0
6786,71.0,-45.0,-64.0,100.0,-1.0,1
6791,57.0,-33.0,-73.0,84.0,-3.0,0
6792,72.0,-54.0,-75.0,80.0,-1.0,1
6793,75.0,-18.0,-77.0,93.0,-0.0,0
6794,66.0,-47.0,-67.0,86.0,-3.0,0
6796,87.0,-0.0,-0.0,86.0,-0.0,0
6797,56.0,-74.0,-83.0,100.0,-3.0,0
6798,80.0,-2.0,-20.0,100.0,-0.0,1
6799,67.0,-45.0,-85.0,94.0,-2.0,0
6805,67.0,-60.0,-75.0,92.0,-2.0,0
6808,59.0,-43.0,-63.0,94.0,-3.0,0
6810,89.0,-0.0,-17.0,100.0,-0.0,1
6811,85.0,-16.0,-45.0,100.0,-0.0,1
6813,68.0,-84.0,-56.0,86.0,-3.0,0
6815,66.0,-55.0,-70.0,93.0,-3.0,1
6816,61.0,-73.0,-33.0,73.0,-1.0,0
6817,87.0,-19.0,-50.0,100.0,-0.0,1
6820,64.0,-64.0,-71.0,91.0,-1.0,0
6821,74.0,-23.0,-44.0,96.0,-1.0,1
6829,78.0,-49.0,-88.0,100.0,-1.0,1
6830,68.0,-68.0,-100.0,83.0,-1.0,0
6831,60.0,-85.0,-91.0,80.0,-2.0,0
6836,62.0,-30.0,-63.0,89.0,-1.0,1
6839,72.0,-66.0,-91.0,100.0,-4.0,1
6845,81.0,-44.0,-55.0,100.0,-0.0,1
6847,82.0,-13.0,-67.0,100.0,-0.0,0
6848,73.0,-23.0,-77.0,92.0,-1.0,1
6849,58.0,-69.0,-83.0,100.0,-2.0,0
6850,92.0,-0.0,-40.0,100.0,-0.0,1
6851,73.0,-50.0,-60.0,98.0,-3.0,1
6863,80.0,-3.0,-64.0,100.0,-0.0,0
6864,86.0,-1.0,-33.0,100.0,-0.0,1
6870,72.0,-36.0,-67.0,96.0,-1.0,0
6872,92.0,-1.0,-50.0,100.0,-0.0,1
6874,86.0,-15.0,-29.0,100.0,-0.0,1
6879,77.0,-2.0,-50.0,94.0,-0.0,1
6880,80.0,-51.0,-100.0,100.0,-2.0,1
6881,84.0,-7.0,-43.0,100.0,-0.0,1
6884,68.0,-1.0,-25.0,96.0,-1.0,1
6887,65.0,-22.0,-40.0,65.0,-0.0,0
6891,56.0,-41.0,-88.0,88.0,-2.0,0
6893,75.0,-10.0,-57.0,73.0,-1.0,0
6895,90.0,-6.0,-29.0,100.0,-0.0,1
6899,76.0,-67.0,-86.0,100.0,-2.0,1
6900,75.0,-33.0,-77.0,100.0,-0.0,1
6902,86.0,-1.0,-33.0,94.0,-0.0,1
6905,86.0,-3.0,-50.0,96.0,-0.0,1
6907,73.0,-36.0,-61.0,100.0,-2.0,1
6908,65.0,-32.0,-67.0,100.0,-1.0,1
6910,61.0,-80.0,-63.0,100.0,-4.0,0
6911,72.0,-6.0,-43.0,85.0,-0.0,0
6912,65.0,-39.0,-53.0,94.0,-4.0,0
6914,56.0,-15.0,-100.0,73.0,-1.0,0
6915,74.0,-44.0,-78.0,97.0,-1.0,1
6916,87.0,-17.0,-50.0,100.0,-0.0,1
6919,86.0,-21.0,-67.0,100.0,-0.0,1
6921,69.0,-17.0,-36.0,86.0,-0.0,1
6924,69.0,-4.0,-29.0,78.0,-0.0,1
6927,67.0,-77.0,-100.0,86.0,-4.0,0
6929,79.0,-9.0,-67.0,100.0,-0.0,1
6931,75.0,-34.0,-60.0,97.0,-2.0,1
6932,63.0,-71.0,-100.0,100.0,-2.0,0
6939,84.0,-18.0,-44.0,100.0,-0.0,1
6941,74.0,-28.0,-100.0,88.0,-1.0,1
6943,75.0,-61.0,-60.0,100.0,-3.0,1
6944,70.0,-101.0,-100.0,100.0,-1.0,0
6948,73.0,-43.0,-69.0,97.0,-1.0,1
6950,91.0,-2.0,-38.0,100.0,-0.0,1
6952,71.0,-10.0,-50.0,95.0,-0.0,1
6953,89.0,-1.0,-45.0,100.0,-0.0,1
6954,74.0,-12.0,-40.0,95.0,-0.0,1
6956,79.0,-9.0,-74.0,100.0,-0.0,1
6957,85.0,-6.0,-25.0,100.0,-0.0,1
6959,62.0,-15.0,-68.0,96.0,-1.0,0
6961,54.0,-44.0,-73.0,89.0,-3.0,1
6964,69.0,-24.0,-67.0,100.0,-0.0,1
6966,82.0,-11.0,-47.0,100.0,-0.0,1
6970,65.0,-91.0,-100.0,95.0,-7.0,0
6971,81.0,-3.0,-63.0,95.0,-0.0,1
6972,73.0,-8.0,-71.0,100.0,-1.0,0
6973,85.0,-5.0,-86.0,100.0,-0.0,1
6978,86.0,-2.0,-21.0,100.0,-0.0,1
6980,73.0,-33.0,-60.0,100.0,-1.0,0
6983,87.0,-19.0,-60.0,100.0,-0.0,1
6986,72.0,-11.0,-33.0,86.0,-0.0,0
6988,72.0,-43.0,-64.0,100.0,-1.0,1
6993,57.0,-78.0,-80.0,77.0,-8.0,1
6996,92.0,-5.0,-50.0,100.0,-0.0,1
6997,78.0,-35.0,-67.0,100.0,-2.0,1
7001,63.0,-69.0,-71.0,100.0,-7.0,0
7004,81.0,-29.0,-60.0,100.0,-0.0,1
7008,68.0,-54.0,-85.0,90.0,-1.0,0
7010,79.0,-5.0,-38.0,100.0,-0.0,1
7011,74.0,-24.0,-71.0,91.0,-1.0,1
7012,75.0,-16.0,-33.0,100.0,-2.0,1
7017,81.0,-1.0,-45.0,95.0,-0.0,1
7019,69.0,-2.0,-64.0,92.0,-0.0,1
7020,91.0,-4.0,-50.0,100.0,-0.0,1
7021,71.0,-44.0,-78.0,95.0,-0.0,0
7023,73.0,-25.0,-75.0,98.0,-1.0,1
7024,91.0,-5.0,-40.0,100.0,-0.0,1
7025,79.0,-20.0,-50.0,100.0,-0.0,1
7027,66.0,-37.0,-80.0,93.0,-0.0,0
7031,68.0,-58.0,-63.0,93.0,-1.0,1
7037,85.0,-0.0,-50.0,100.0,-0.0,1
7038,79.0,-27.0,-50.0,100.0,-0.0,1
7041,70.0,-43.0,-75.0,89.0,-1.0,1
7043,63.0,-35.0,-90.0,83.0,-0.0,0
7045,82.0,-4.0,-56.0,96.0,-0.0,1
7046,73.0,-61.0,-78.0,100.0,-1.0,1
7048,69.0,-35.0,-70.0,97.0,-1.0,0
7051,80.0,-33.0,-50.0,90.0,-0.0,1
7053,89.0,-7.0,-67.0,100.0,-0.0,1
7054,72.0,-15.0,-67.0,94.0,-0.0,1
7056,63.0,-11.0,-65.0,90.0,-0.0,0
7057,59.0,-41.0,-76.0,91.0,-3.0,1
7062,76.0,-15.0,-54.0,100.0,-1.0,0
7063,72.0,-61.0,-67.0,97.0,-1.0,1
7064,79.0,-8.0,-50.0,100.0,-0.0,1
7066,84.0,-12.0,-71.0,100.0,-0.0,1
7068,75.0,-31.0,-62.0,100.0,-1.0,1
7073,85.0,-6.0,-38.0,100.0,-0.0,0
7074,60.0,-26.0,-50.0,100.0,-0.0,1
7076,91.0,-0.0,-20.0,100.0,-0.0,0
7077,66.0,-72.0,-82.0,97.0,-3.0,0
7079,61.0,-65.0,-83.0,77.0,-3.0,1
7081,68.0,-11.0,-43.0,88.0,-0.0,1
7088,80.0,-13.0,-70.0,95.0,-0.0,0
7089,87.0,-4.0,-44.0,100.0,-0.0,1
7090,83.0,-22.0,-67.0,100.0,-0.0,1
7091,88.0,-2.0,-70.0,100.0,-0.0,1
7092,72.0,-34.0,-69.0,93.0,-1.0,1
7094,56.0,-44.0,-64.0,86.0,-1.0,0
7095,62.0,-54.0,-65.0,79.0,-3.0,1
7096,87.0,-3.0,-33.0,95.0,-0.0,0
7097,73.0,-54.0,-78.0,96.0,-2.0,0
7108,75.0,-27.0,-69.0,100.0,-1.0,0
7109,64.0,-56.0,-75.0,64.0,-0.0,0
7110,59.0,-25.0,-54.0,76.0,-1.0,0
7111,64.0,-37.0,-67.0,100.0,-4.0,0
7112,47.0,-91.0,-91.0,71.0,-4.0,1
7113,72.0,-34.0,-55.0,95.0,-2.0,0
7115,63.0,-35.0,-60.0,82.0,-1.0,0
7116,61.0,-86.0,-92.0,95.0,-5.0,0
7118,76.0,-70.0,-71.0,96.0,-2.0,0
7119,82.0,-0.0,-50.0,100.0,-0.0,0
7122,61.0,-47.0,-69.0,97.0,-2.0,0
7125,56.0,-76.0,-50.0,84.0,-3.0,0
7131,59.0,-44.0,-50.0,89.0,-3.0,0
7133,72.0,-51.0,-70.0,96.0,-1.0,0
7136,85.0,-12.0,-100.0,100.0,-0.0,1
7138,63.0,-68.0,-80.0,72.0,-0.0,1
7144,78.0,-6.0,-60.0,82.0,-0.0,1
7146,59.0,-67.0,-88.0,64.0,-1.0,0
7148,62.0,-67.0,-67.0,88.0,-2.0,0
7149,85.0,-5.0,-44.0,100.0,-0.0,1
7150,55.0,-36.0,-54.0,63.0,-2.0,0
7151,61.0,-88.0,-86.0,92.0,-5.0,0
7153,78.0,-24.0,-50.0,100.0,-2.0,0
7155,65.0,-61.0,-79.0,86.0,-3.0,0
7160,83.0,-4.0,-40.0,100.0,-0.0,0
7164,61.0,-62.0,-78.0,71.0,-3.0,0
7169,84.0,-19.0,-50.0,100.0,-0.0,1
7172,87.0,-13.0,-25.0,100.0,-0.0,1
7173,60.0,-115.0,-88.0,50.0,-2.0,0
7174,63.0,-67.0,-86.0,94.0,-3.0,0
7177,61.0,-14.0,-100.0,67.0,-0.0,0
7178,74.0,-22.0,-41.0,100.0,-1.0,1
7184,66.0,-37.0,-90.0,78.0,-1.0,1
7185,83.0,-5.0,-15.0,90.0,-0.0,0
7187,63.0,-76.0,-80.0,82.0,-4.0,0
7192,75.0,-41.0,-50.0,80.0,-1.0,0
7193,71.0,-75.0,-75.0,100.0,-3.0,0
7194,65.0,-59.0,-82.0,100.0,-5.0,1
7195,56.0,-68.0,-92.0,75.0,-3.0,1
7200,76.0,-14.0,-36.0,95.0,-1.0,0
7201,90.0,-8.0,-43.0,100.0,-0.0,0
7206,87.0,-21.0,-63.0,100.0,-0.0,0
7209,85.0,-29.0,-80.0,100.0,-0.0,0
7210,79.0,-22.0,-75.0,96.0,-0.0,0
7211,66.0,-48.0,-80.0,100.0,-0.0,0
7216,92.0,-6.0,-33.0,100.0,-0.0,1
7217,83.0,-5.0,-56.0,100.0,-0.0,0
7220,69.0,-43.0,-73.0,97.0,-0.0,0
7221,62.0,-20.0,-47.0,79.0,-0.0,1
7227,86.0,-25.0,-40.0,100.0,-0.0,1
7229,50.0,-92.0,-92.0,86.0,-2.0,0
7232,62.0,-56.0,-92.0,95.0,-1.0,0
7233,68.0,-56.0,-87.0,95.0,-2.0,1
7234,63.0,-93.0,-78.0,94.0,-4.0,1
7235,67.0,-0.0,-50.0,80.0,-0.0,0
7236,86.0,-10.0,-20.0,100.0,-0.0,1
7239,84.0,-26.0,-40.0,100.0,-0.0,1
7241,70.0,-60.0,-88.0,100.0,-0.0,0
7242,56.0,-74.0,-93.0,88.0,-2.0,0
7244,66.0,-55.0,-69.0,100.0,-4.0,1
7246,66.0,-23.0,-83.0,92.0,-0.0,1
7250,81.0,-52.0,-70.0,100.0,-1.0,0
7254,66.0,-4.0,-54.0,97.0,-0.0,1
7255,81.0,-26.0,-69.0,100.0,-2.0,0
7260,76.0,-22.0,-67.0,50.0,-0.0,0
7263,68.0,-38.0,-25.0,74.0,-3.0,1
7267,69.0,-36.0,-64.0,97.0,-2.0,1
7270,70.0,-18.0,-75.0,77.0,-0.0,0
7274,86.0,-0.0,-20.0,100.0,-0.0,0
7275,56.0,-67.0,-60.0,86.0,-2.0,0
7276,60.0,-41.0,-100.0,80.0,-0.0,0
7277,74.0,-41.0,-75.0,100.0,-1.0,0
7279,56.0,-73.0,-89.0,87.0,-3.0,0
7281,75.0,-55.0,-89.0,100.0,-1.0,0
7283,65.0,-73.0,-78.0,96.0,-3.0,0
7284,81.0,-17.0,-57.0,100.0,-0.0,0
7285,78.0,-76.0,-63.0,93.0,-1.0,0
7287,78.0,-45.0,-100.0,100.0,-2.0,1
7288,60.0,-27.0,-73.0,77.0,-2.0,0
7294,65.0,-51.0,-75.0,90.0,-1.0,0
7298,68.0,-29.0,-100.0,85.0,-0.0,0
7299,84.0,-1.0,-22.0,94.0,-0.0,1
7308,60.0,-90.0,-100.0,96.0,-1.0,0
7314,66.0,-62.0,-63.0,78.0,-2.0,0
7315,83.0,-57.0,-56.0,100.0,-0.0,0
7316,57.0,-73.0,-70.0,76.0,-3.0,0
7317,81.0,-17.0,-44.0,100.0,-0.0,1
7318,77.0,-22.0,-44.0,95.0,-0.0,1
7319,70.0,-77.0,-89.0,89.0,-1.0,0
7322,70.0,-36.0,-69.0,85.0,-1.0,0
7324,55.0,-50.0,-57.0,70.0,-3.0,0
7329,66.0,-39.0,-67.0,71.0,-1.0,1
7331,80.0,-34.0,-64.0,95.0,-0.0,1
7332,58.0,-81.0,-100.0,29.0,-1.0,0
7338,75.0,-24.0,-50.0,76.0,-0.0,0
7341,90.0,-8.0,-83.0,100.0,-0.0,0
7349,65.0,-72.0,-67.0,100.0,-5.0,0
7350,77.0,-12.0,-67.0,100.0,-1.0,1
7355,71.0,-62.0,-60.0,100.0,-1.0,1
7356,91.0,-0.0,-20.0,100.0,-0.0,1
7357,63.0,-104.0,-91.0,100.0,-2.0,0
7361,68.0,-28.0,-63.0,78.0,-1.0,1
7362,82.0,-6.0,-88.0,100.0,-0.0,1
7363,54.0,-59.0,-84.0,97.0,-3.0,1
7364,58.0,-82.0,-100.0,69.0,-2.0,0
7365,78.0,-54.0,-87.0,100.0,-1.0,0
7366,59.0,-94.0,-100.0,86.0,-2.0,0
7374,86.0,-5.0,-94.0,100.0,-0.0,1
7375,63.0,-93.0,-100.0,69.0,-3.0,0
7376,59.0,-31.0,-100.0,53.0,-0.0,0
7380,76.0,-0.0,-75.0,100.0,-0.0,1
7382,65.0,-23.0,-85.0,93.0,-0.0,0
7385,60.0,-95.0,-100.0,100.0,-1.0,0
7387,68.0,-33.0,-85.0,100.0,-1.0,0
7388,85.0,-30.0,-67.0,100.0,-0.0,1
7390,55.0,-65.0,-89.0,95.0,-2.0,0
7392,80.0,-0.0,-50.0,93.0,-0.0,1
7393,53.0,-112.0,-91.0,89.0,-2.0,0
7394,56.0,-85.0,-100.0,83.0,-4.0,0
7395,75.0,-15.0,-63.0,91.0,-0.0,1
7397,72.0,-56.0,-76.0,96.0,-1.0,0
7402,72.0,-21.0,-50.0,100.0,-2.0,1
7403,56.0,-22.0,-62.0,70.0,-1.0,1
7404,64.0,-0.0,-33.0,73.0,-0.0,0
7410,73.0,-50.0,-83.0,96.0,-1.0,0
7414,82.0,-22.0,-86.0,100.0,-0.0,1
7417,86.0,-12.0,-100.0,100.0,-0.0,0
7419,68.0,-26.0,-57.0,91.0,-1.0,1
7420,69.0,-46.0,-73.0,100.0,-2.0,1
7421,82.0,-7.0,-38.0,89.0,-0.0,0
7423,88.0,-1.0,-44.0,100.0,-0.0,1
7424,58.0,-59.0,-77.0,100.0,-4.0,0
7425,79.0,-0.0,-67.0,97.0,-0.0,1
7426,79.0,-32.0,-75.0,100.0,-0.0,0
7438,58.0,-82.0,-70.0,94.0,-2.0,0
7439,71.0,-13.0,-80.0,76.0,-0.0,0
7440,66.0,-39.0,-57.0,71.0,-1.0,0
7441,75.0,-21.0,-50.0,100.0,-0.0,1
7443,85.0,-18.0,-67.0,100.0,-0.0,1
7444,54.0,-84.0,-100.0,55.0,-3.0,0
7445,66.0,-67.0,-69.0,100.0,-3.0,0
7446,74.0,-59.0,-78.0,93.0,-2.0,0
7448,64.0,-76.0,-100.0,100.0,-1.0,0
7451,72.0,-77.0,-75.0,100.0,-2.0,0
7452,55.0,-13.0,-75.0,86.0,-1.0,0
7454,82.0,-10.0,-75.0,100.0,-0.0,1
7456,76.0,-42.0,-60.0,85.0,-0.0,1
7457,89.0,-5.0,-50.0,100.0,-0.0,1
7458,66.0,-79.0,-100.0,100.0,-2.0,0
7461,71.0,-39.0,-67.0,100.0,-2.0,0
7462,71.0,-24.0,-53.0,97.0,-1.0,1
7466,66.0,-38.0,-67.0,96.0,-0.0,0
7467,69.0,-18.0,-44.0,96.0,-0.0,0
7470,69.0,-12.0,-41.0,100.0,-3.0,1
7471,64.0,-70.0,-80.0,94.0,-0.0,1
7472,72.0,-40.0,-57.0,94.0,-1.0,0
7473,72.0,-78.0,-83.0,100.0,-1.0,1
7477,62.0,-61.0,-73.0,83.0,-3.0,1
7483,73.0,-45.0,-86.0,100.0,-1.0,0
7484,63.0,-34.0,-57.0,91.0,-0.0,0
7486,66.0,-87.0,-100.0,100.0,-3.0,0
7490,89.0,-0.0,-0.0,100.0,-0.0,0
7492,70.0,-31.0,-50.0,68.0,-1.0,0
7493,59.0,-103.0,-100.0,56.0,-2.0,0
7498,84.0,-27.0,-70.0,100.0,-0.0,1
7500,70.0,-3.0,-58.0,80.0,-0.0,0
7502,75.0,-3.0,-60.0,95.0,-0.0,0
7504,61.0,-13.0,-79.0,94.0,-0.0,1
7506,55.0,-99.0,-100.0,83.0,-2.0,0
7507,83.0,-30.0,-100.0,100.0,-0.0,0
7510,84.0,-0.0,-29.0,100.0,-0.0,1
7511,60.0,-55.0,-82.0,83.0,-1.0,0
7513,85.0,-17.0,-40.0,100.0,-0.0,1
7515,58.0,-37.0,-82.0,97.0,-2.0,1
7516,76.0,-0.0,-33.0,90.0,-0.0,1
7517,62.0,-92.0,-100.0,93.0,-1.0,0
7518,57.0,-36.0,-100.0,81.0,-0.0,0
7519,71.0,-0.0,-33.0,56.0,-0.0,0
7523,76.0,-38.0,-67.0,95.0,-0.0,0
7524,74.0,-29.0,-78.0,98.0,-0.0,0
7527,83.0,-12.0,-63.0,95.0,-0.0,1
7528,69.0,-32.0,-50.0,100.0,-1.0,0
7531,73.0,-60.0,-64.0,100.0,-2.0,0
7540,63.0,-89.0,-100.0,77.0,-1.0,0
7545,71.0,-45.0,-64.0,100.0,-3.0,1
7546,64.0,-41.0,-73.0,92.0,-2.0,0
7548,77.0,-3.0,-40.0,97.0,-0.0,1
7549,69.0,-81.0,-86.0,95.0,-2.0,0
7550,84.0,-13.0,-50.0,100.0,-1.0,1
7551,85.0,-19.0,-50.0,100.0,-1.0,1
7554,68.0,-59.0,-35.0,96.0,-3.0,0
7557,66.0,-47.0,-67.0,100.0,-1.0,1
7558,88.0,-3.0,-50.0,100.0,-1.0,0
7561,76.0,-21.0,-50.0,100.0,-0.0,1
7562,64.0,-68.0,-44.0,95.0,-2.0,1
7563,74.0,-29.0,-50.0,95.0,-1.0,0
7568,88.0,-4.0,-80.0,100.0,-0.0,0
7573,73.0,-46.0,-73.0,100.0,-1.0,1
7574,81.0,-6.0,-78.0,100.0,-0.0,1
7575,82.0,-10.0,-50.0,100.0,-0.0,1
7584,80.0,-29.0,-60.0,92.0,-0.0,0
7585,40.0,-106.0,-100.0,29.0,-1.0,0
7587,68.0,-17.0,-64.0,78.0,-0.0,0
7591,59.0,-97.0,-100.0,100.0,-3.0,0
7592,82.0,-19.0,-67.0,100.0,-0.0,0
7593,64.0,-60.0,-73.0,95.0,-2.0,0
7596,88.0,-0.0,-36.0,100.0,-0.0,1
7598,71.0,-57.0,-100.0,90.0,-1.0,1
7599,86.0,-0.0,-50.0,100.0,-0.0,1
7600,69.0,-3.0,-57.0,88.0,-0.0,0
7601,68.0,-24.0,-53.0,90.0,-0.0,0
7603,70.0,-9.0,-100.0,72.0,-0.0,0
7604,61.0,-43.0,-69.0,88.0,-1.0,0
7605,57.0,-97.0,-100.0,100.0,-1.0,0
7606,70.0,-28.0,-67.0,63.0,-1.0,0
7608,67.0,-44.0,-100.0,81.0,-0.0,0
7611,64.0,-34.0,-83.0,88.0,-0.0,0
7617,80.0,-1.0,-33.0,70.0,-0.0,1
7623,86.0,-5.0,-50.0,100.0,-0.0,0
7627,49.0,-86.0,-81.0,98.0,-9.0,0
7629,76.0,-21.0,-60.0,93.0,-0.0,0
7630,62.0,-65.0,-100.0,75.0,-1.0,0
7631,70.0,-39.0,-100.0,100.0,-1.0,1
7632,74.0,-59.0,-67.0,100.0,-1.0,0
7635,51.0,-95.0,-100.0,54.0,-2.0,0
7636,90.0,-5.0,-57.0,100.0,-0.0,1
7638,71.0,-38.0,-87.0,91.0,-0.0,0
7639,70.0,-55.0,-83.0,75.0,-1.0,0
7643,78.0,-1.0,-56.0,89.0,-0.0,1
7645,66.0,-65.0,-82.0,100.0,-8.0,0
7649,67.0,-37.0,-88.0,82.0,-1.0,0
7650,62.0,-76.0,-92.0,83.0,-7.0,0
7656,67.0,-90.0,-85.0,100.0,-6.0,0
7658,56.0,-86.0,-100.0,88.0,-3.0,0
7659,58.0,-81.0,-92.0,89.0,-4.0,0
7661,64.0,-85.0,-86.0,100.0,-6.0,0
7662,87.0,-0.0,-50.0,100.0,-0.0,0
7665,65.0,-19.0,-70.0,94.0,-1.0,0
7668,74.0,-1.0,-43.0,88.0,-0.0,0
7670,77.0,-9.0,-45.0,94.0,-0.0,0
7671,58.0,-29.0,-69.0,76.0,-0.0,0
7673,72.0,-25.0,-50.0,96.0,-1.0,1
7677,63.0,-54.0,-86.0,71.0,-1.0,0
7678,77.0,-13.0,-35.0,100.0,-1.0,0
7679,85.0,-7.0,-50.0,100.0,-0.0,0
7692,85.0,-7.0,-50.0,97.0,-0.0,1
7695,67.0,-60.0,-73.0,95.0,-1.0,0
7696,89.0,-2.0,-43.0,100.0,-0.0,1
7699,60.0,-41.0,-50.0,59.0,-1.0,1
7700,56.0,-86.0,-100.0,90.0,-1.0,0
7702,55.0,-92.0,-82.0,97.0,-7.0,0
7703,82.0,-25.0,-50.0,100.0,-1.0,1
7706,88.0,-13.0,-75.0,100.0,-0.0,0
7707,67.0,-30.0,-71.0,94.0,-1.0,0
7709,65.0,-79.0,-92.0,100.0,-6.0,0
7710,61.0,-81.0,-100.0,89.0,-3.0,0
7711,91.0,-7.0,-44.0,100.0,-0.0,0
7715,91.0,-0.0,-60.0,100.0,-0.0,1
7717,89.0,-10.0,-75.0,100.0,-1.0,0
7718,67.0,-24.0,-54.0,98.0,-1.0,0
7719,81.0,-16.0,-50.0,100.0,-0.0,0
7722,79.0,-67.0,-50.0,100.0,-1.0,0
7726,77.0,-27.0,-56.0,100.0,-0.0,0
7727,71.0,-12.0,-50.0,100.0,-0.0,0
7728,66.0,-58.0,-71.0,93.0,-2.0,1
7729,80.0,-8.0,-50.0,95.0,-0.0,0
7733,80.0,-1.0,-100.0,100.0,-0.0,1
7738,71.0,-39.0,-67.0,78.0,-0.0,1
7739,56.0,-74.0,-100.0,90.0,-1.0,0
7740,55.0,-97.0,-89.0,92.0,-4.0,0
7743,50.0,-154.0,-100.0,43.0,-1.0,0
7746,88.0,-6.0,-73.0,100.0,-0.0,0
7747,54.0,-56.0,-86.0,90.0,-0.0,0
7748,59.0,-69.0,-86.0,69.0,-2.0,0
7750,71.0,-13.0,-58.0,88.0,-0.0,1
7753,59.0,-42.0,-78.0,68.0,-2.0,0
7757,68.0,-53.0,-64.0,79.0,-1.0,0
7758,90.0,-0.0,-0.0,100.0,-0.0,0
7759,73.0,-61.0,-88.0,100.0,-0.0,0
7760,80.0,-18.0,-83.0,83.0,-0.0,0
7763,85.0,-0.0,-29.0,100.0,-0.0,1
7764,77.0,-2.0,-56.0,100.0,-0.0,1
7765,59.0,-91.0,-100.0,75.0,-2.0,0
7766,55.0,-73.0,-100.0,93.0,-2.0,0
7767,67.0,-53.0,-43.0,83.0,-1.0,1
7769,62.0,-59.0,-100.0,100.0,-0.0,0
7770,88.0,-12.0,-67.0,100.0,-0.0,0
7776,84.0,-2.0,-100.0,100.0,-1.0,1
7783,64.0,-60.0,-75.0,97.0,-1.0,1
7789,82.0,-42.0,-67.0,100.0,-1.0,0
7802,58.0,-47.0,-79.0,88.0,-2.0,1
7805,87.0,-4.0,-50.0,100.0,-0.0,1
7816,61.0,-50.0,-69.0,96.0,-1.0,0
7817,84.0,-2.0,-73.0,100.0,-0.0,0
7819,80.0,-26.0,-50.0,100.0,-0.0,1
7821,79.0,-41.0,-100.0,100.0,-1.0,1
7827,80.0,-13.0,-29.0,100.0,-0.0,1
7828,64.0,-60.0,-60.0,82.0,-1.0,0
7829,70.0,-30.0,-86.0,91.0,-1.0,0
7830,72.0,-10.0,-56.0,100.0,-3.0,0
7834,63.0,-75.0,-60.0,96.0,-5.0,1
7835,69.0,-87.0,-100.0,88.0,-5.0,0
7838,72.0,-50.0,-100.0,100.0,-1.0,0
7839,61.0,-73.0,-80.0,100.0,-1.0,0
7840,77.0,-18.0,-50.0,100.0,-0.0,1
7843,62.0,-57.0,-80.0,36.0,-0.0,1
7844,64.0,-48.0,-86.0,69.0,-1.0,0
7846,81.0,-17.0,-56.0,100.0,-0.0,1
7849,84.0,-17.0,-89.0,100.0,-0.0,0
7858,70.0,-22.0,-67.0,100.0,-1.0,0
7861,69.0,-1.0,-60.0,84.0,-1.0,0
7866,82.0,-23.0,-50.0,97.0,-0.0,1
7867,85.0,-3.0,-50.0,94.0,-0.0,1
7869,78.0,-4.0,-55.0,94.0,-0.0,1
7871,66.0,-74.0,-100.0,100.0,-4.0,1
7872,87.0,-2.0,-24.0,100.0,-0.0,1
7873,75.0,-87.0,-100.0,100.0,-1.0,1
7874,63.0,-70.0,-72.0,90.0,-5.0,0
7875,85.0,-19.0,-100.0,100.0,-0.0,0
7876,74.0,-35.0,-73.0,100.0,-2.0,1
7877,86.0,-9.0,-80.0,100.0,-0.0,1
7878,54.0,-41.0,-60.0,90.0,-5.0,1
7879,89.0,-12.0,-67.0,100.0,-0.0,1
7884,73.0,-47.0,-75.0,100.0,-1.0,1
7885,76.0,-54.0,-63.0,100.0,-1.0,1
7886,79.0,-0.0,-50.0,92.0,-0.0,1
7887,78.0,-39.0,-80.0,80.0,-0.0,0
7890,86.0,-2.0,-25.0,100.0,-0.0,0
7891,68.0,-15.0,-85.0,88.0,-0.0,1
7892,71.0,-39.0,-73.0,96.0,-1.0,1
7893,69.0,-57.0,-89.0,95.0,-2.0,1
7895,71.0,-57.0,-82.0,100.0,-1.0,0
7898,70.0,-55.0,-80.0,100.0,-1.0,1
7902,62.0,-50.0,-67.0,91.0,-3.0,0
7904,86.0,-2.0,-83.0,100.0,-2.0,0
7906,82.0,-29.0,-60.0,92.0,-0.0,1
7907,82.0,-7.0,-42.0,90.0,-0.0,1
7908,80.0,-15.0,-25.0,100.0,-0.0,1
7913,84.0,-4.0,-45.0,100.0,-0.0,1
7915,73.0,-29.0,-82.0,100.0,-1.0,0
7919,72.0,-33.0,-67.0,87.0,-0.0,1
7920,60.0,-76.0,-90.0,94.0,-1.0,0
7922,78.0,-23.0,-83.0,100.0,-1.0,0
7923,64.0,-77.0,-100.0,100.0,-2.0,0
7926,65.0,-46.0,-82.0,96.0,-1.0,1
7928,71.0,-10.0,-45.0,85.0,-1.0,1
7932,86.0,-0.0,-25.0,92.0,-0.0,1
7941,73.0,-69.0,-56.0,87.0,-1.0,1
7942,61.0,-31.0,-80.0,79.0,-1.0,1
7943,90.0,-0.0,-20.0,100.0,-0.0,1
7945,91.0,-3.0,-25.0,100.0,-0.0,1
7948,81.0,-16.0,-71.0,92.0,-0.0,1
7950,70.0,-13.0,-70.0,93.0,-1.0,0
7953,71.0,-33.0,-73.0,98.0,-1.0,1
7954,83.0,-21.0,-67.0,100.0,-0.0,0
7956,79.0,-18.0,-62.0,100.0,-2.0,0
7959,72.0,-56.0,-83.0,100.0,-6.0,1
7960,89.0,-0.0,-50.0,100.0,-0.0,0
7963,77.0,-6.0,-57.0,93.0,-0.0,1
7964,69.0,-57.0,-71.0,100.0,-3.0,1
7965,76.0,-69.0,-88.0,100.0,-1.0,0
7966,58.0,-90.0,-83.0,93.0,-4.0,0
7969,67.0,-5.0,-81.0,82.0,-0.0,1
7970,73.0,-40.0,-88.0,96.0,-1.0,0
7972,73.0,-5.0,-43.0,83.0,-0.0,0
7973,71.0,-19.0,-60.0,84.0,-0.0,0
7974,69.0,-48.0,-80.0,100.0,-3.0,0
7976,84.0,-17.0,-83.0,100.0,-0.0,1
7978,88.0,-3.0,-43.0,100.0,-0.0,1
7979,88.0,-0.0,-33.0,100.0,-1.0,1
7980,85.0,-0.0,-50.0,100.0,-0.0,1
7983,89.0,-0.0,-50.0,100.0,-0.0,1
7984,69.0,-42.0,-57.0,67.0,-0.0,0
7990,80.0,-38.0,-57.0,100.0,-0.0,1
7992,81.0,-5.0,-56.0,94.0,-0.0,1
7993,65.0,-87.0,-100.0,81.0,-3.0,0
7994,77.0,-40.0,-78.0,100.0,-1.0,1
7995,84.0,-26.0,-80.0,100.0,-0.0,1
7999,70.0,-39.0,-73.0,100.0,-1.0,1
8000,73.0,-30.0,-58.0,100.0,-3.0,1
8001,67.0,-70.0,-89.0,100.0,-2.0,1
8004,65.0,-26.0,-43.0,97.0,-2.0,0
8006,73.0,-60.0,-67.0,100.0,-1.0,1
8007,87.0,-2.0,-47.0,100.0,-0.0,1
8008,84.0,-11.0,-23.0,100.0,-0.0,1
8009,64.0,-32.0,-75.0,95.0,-1.0,0
8010,84.0,-8.0,-46.0,100.0,-0.0,1
8011,82.0,-5.0,-40.0,93.0,-0.0,1
8014,87.0,-11.0,-73.0,100.0,-1.0,1
8017,89.0,-6.0,-33.0,100.0,-0.0,1
8022,80.0,-31.0,-63.0,100.0,-2.0,1
8024,70.0,-31.0,-64.0,100.0,-1.0,1
8031,82.0,-0.0,-33.0,100.0,-0.0,1
8035,78.0,-5.0,-41.0,97.0,-2.0,0
8037,88.0,-11.0,-75.0,93.0,-0.0,1
8038,68.0,-24.0,-47.0,92.0,-0.0,0
8039,91.0,-1.0,-56.0,100.0,-0.0,1
8041,78.0,-0.0,-80.0,93.0,-0.0,1
8048,80.0,-42.0,-40.0,100.0,-1.0,1
8049,72.0,-52.0,-83.0,100.0,-2.0,1
8051,56.0,-93.0,-75.0,100.0,-1.0,0
8052,72.0,-53.0,-83.0,87.0,-3.0,1
8053,56.0,-60.0,-91.0,95.0,-2.0,0
8054,76.0,-59.0,-71.0,100.0,-2.0,1
8059,61.0,-21.0,-64.0,89.0,-0.0,1
8070,75.0,-11.0,-50.0,100.0,-0.0,1
8071,65.0,-88.0,-86.0,63.0,-3.0,0
8073,65.0,-13.0,-100.0,71.0,-0.0,1
8074,89.0,-10.0,-57.0,100.0,-0.0,1
8075,78.0,-9.0,-80.0,100.0,-0.0,1
8077,88.0,-7.0,-71.0,100.0,-0.0,1
8078,78.0,-2.0,-67.0,100.0,-0.0,1
8080,77.0,-26.0,-56.0,97.0,-1.0,1
8081,64.0,-19.0,-68.0,76.0,-1.0,1
8084,81.0,-5.0,-25.0,100.0,-0.0,1
8089,68.0,-87.0,-100.0,98.0,-6.0,1
8091,80.0,-9.0,-57.0,100.0,-0.0,1
8092,78.0,-6.0,-70.0,94.0,-0.0,0
8093,80.0,-13.0,-57.0,100.0,-0.0,1
8095,81.0,-9.0,-54.0,100.0,-0.0,0
8096,74.0,-10.0,-44.0,95.0,-0.0,1
8100,74.0,-58.0,-86.0,95.0,-1.0,1
8102,74.0,-56.0,-75.0,77.0,-0.0,1
8103,63.0,-29.0,-53.0,80.0,-0.0,0
8105,86.0,-10.0,-100.0,100.0,-1.0,1
8106,83.0,-25.0,-75.0,100.0,-0.0,1
8107,67.0,-69.0,-86.0,67.0,-2.0,1
8108,62.0,-40.0,-100.0,87.0,-0.0,0
8109,72.0,-48.0,-65.0,100.0,-1.0,1
8110,71.0,-84.0,-91.0,100.0,-3.0,1
8113,57.0,-79.0,-89.0,90.0,-5.0,1
8114,82.0,-44.0,-100.0,100.0,-0.0,1
8115,78.0,-6.0,-33.0,97.0,-0.0,1
8117,57.0,-16.0,-60.0,100.0,-1.0,0
8119,83.0,-8.0,-75.0,100.0,-1.0,1
8120,75.0,-0.0,-43.0,100.0,-0.0,1
8122,65.0,-62.0,-83.0,98.0,-3.0,1
8123,79.0,-15.0,-73.0,96.0,-0.0,1
8126,90.0,-1.0,-43.0,100.0,-0.0,1
8134,78.0,-51.0,-73.0,100.0,-2.0,1
8135,80.0,-20.0,-63.0,91.0,-0.0,1
8138,68.0,-8.0,-100.0,89.0,-0.0,1
8142,71.0,-43.0,-75.0,86.0,-0.0,1
8143,79.0,-25.0,-83.0,100.0,-1.0,1
8144,81.0,-17.0,-31.0,100.0,-1.0,1
8145,80.0,-3.0,-44.0,100.0,-1.0,1
8146,67.0,-54.0,-87.0,100.0,-4.0,1
8147,75.0,-29.0,-44.0,100.0,-1.0,1
8148,75.0,-43.0,-100.0,100.0,-1.0,0
8150,58.0,-0.0,-30.0,79.0,-0.0,0
8152,59.0,-45.0,-83.0,98.0,-2.0,0
8153,77.0,-32.0,-75.0,100.0,-1.0,1
8155,82.0,-12.0,-56.0,100.0,-1.0,1
8158,67.0,-70.0,-77.0,93.0,-2.0,1
8159,82.0,-58.0,-67.0,100.0,-0.0,0
8161,80.0,-0.0,-50.0,100.0,-0.0,0
8163,75.0,-12.0,-52.0,100.0,-2.0,1
8165,77.0,-19.0,-50.0,100.0,-0.0,1
8167,84.0,-4.0,-30.0,100.0,-0.0,1
8180,77.0,-11.0,-71.0,90.0,-1.0,0
8181,69.0,-6.0,-36.0,93.0,-1.0,0
8182,57.0,-89.0,-88.0,98.0,-6.0,0
8184,61.0,-111.0,-100.0,71.0,-3.0,0
8185,61.0,-2.0,-73.0,79.0,-0.0,1
8190,85.0,-4.0,-31.0,100.0,-0.0,1
8191,85.0,-6.0,-75.0,100.0,-0.0,1
8192,50.0,-13.0,-88.0,59.0,-1.0,1
8195,63.0,-30.0,-82.0,84.0,-1.0,0
8198,73.0,-91.0,-100.0,100.0,-3.0,0
8200,79.0,-50.0,-79.0,100.0,-1.0,0
8201,68.0,-50.0,-58.0,90.0,-4.0,0
8202,77.0,-33.0,-75.0,100.0,-0.0,1
8204,79.0,-40.0,-88.0,100.0,-2.0,1
8205,55.0,-25.0,-67.0,94.0,-1.0,0
8210,59.0,-63.0,-68.0,83.0,-2.0,0
8211,70.0,-14.0,-75.0,82.0,-0.0,1
8214,81.0,-27.0,-63.0,100.0,-1.0,1
8216,72.0,-66.0,-64.0,100.0,-2.0,1
8219,56.0,-101.0,-90.0,88.0,-5.0,0
8220,65.0,-31.0,-57.0,88.0,-1.0,1
8225,78.0,-64.0,-67.0,100.0,-0.0,0
8229,84.0,-15.0,-86.0,100.0,-0.0,1
8230,69.0,-46.0,-91.0,93.0,-0.0,1
8237,58.0,-99.0,-100.0,75.0,-1.0,0
8238,68.0,-42.0,-80.0,94.0,-0.0,0
8243,59.0,-77.0,-57.0,88.0,-3.0,0
8247,72.0,-43.0,-70.0,96.0,-2.0,0
8250,67.0,-0.0,-71.0,73.0,-0.0,0
8251,58.0,-35.0,-56.0,91.0,-1.0,1
8252,89.0,-6.0,-80.0,100.0,-0.0,1
8256,74.0,-29.0,-64.0,96.0,-1.0,1
8262,60.0,-32.0,-80.0,88.0,-0.0,0
8263,66.0,-77.0,-87.0,90.0,-4.0,1
8266,75.0,-15.0,-67.0,87.0,-1.0,1
8273,85.0,-0.0,-80.0,100.0,-1.0,1
8276,65.0,-15.0,-50.0,83.0,-0.0,0
8284,72.0,-11.0,-82.0,93.0,-1.0,1
8285,61.0,-76.0,-91.0,76.0,-3.0,0
8286,61.0,-38.0,-83.0,100.0,-1.0,0
8287,74.0,-42.0,-71.0,97.0,-0.0,1
8291,78.0,-4.0,-57.0,100.0,-0.0,1
8294,68.0,-77.0,-88.0,100.0,-7.0,0
8295,70.0,-75.0,-88.0,95.0,-2.0,0
8299,80.0,-92.0,-50.0,100.0,-1.0,0
8300,75.0,-42.0,-80.0,97.0,-1.0,1
8301,63.0,-58.0,-100.0,88.0,-2.0,0
8302,73.0,-49.0,-70.0,100.0,-2.0,1
8304,59.0,-85.0,-100.0,63.0,-1.0,0
8309,71.0,-55.0,-89.0,100.0,-1.0,1
8311,85.0,-2.0,-80.0,100.0,-1.0,1
8313,91.0,-3.0,-36.0,100.0,-0.0,1
8320,85.0,-14.0,-56.0,100.0,-0.0,1
8324,80.0,-46.0,-40.0,100.0,-1.0,1
8325,72.0,-83.0,-80.0,100.0,-5.0,0
8326,52.0,-100.0,-100.0,88.0,-5.0,0
8329,87.0,-17.0,-71.0,100.0,-0.0,1
8330,86.0,-6.0,-80.0,100.0,-0.0,1
8331,71.0,-3.0,-43.0,100.0,-0.0,1
8333,65.0,-65.0,-83.0,92.0,-1.0,0
8338,76.0,-14.0,-67.0,100.0,-1.0,0
8341,57.0,-85.0,-88.0,63.0,-1.0,1
8343,68.0,-45.0,-50.0,97.0,-3.0,1
8346,59.0,-70.0,-100.0,92.0,-3.0,0
8348,73.0,-97.0,-100.0,100.0,-6.0,0
8350,59.0,-48.0,-59.0,100.0,-10.0,0
8355,83.0,-10.0,-50.0,100.0,-0.0,1
8356,65.0,-28.0,-62.0,96.0,-1.0,0
8357,55.0,-39.0,-67.0,56.0,-1.0,0
8359,78.0,-19.0,-41.0,100.0,-1.0,0
8361,70.0,-65.0,-77.0,100.0,-3.0,0
8364,81.0,-11.0,-44.0,100.0,-0.0,1
8366,87.0,-5.0,-44.0,100.0,-0.0,1
8368,82.0,-20.0,-56.0,100.0,-0.0,0
8370,47.0,-93.0,-100.0,0.0,-1.0,0
8372,58.0,-81.0,-83.0,80.0,-1.0,1
8375,64.0,-38.0,-45.0,93.0,-1.0,0
8383,59.0,-33.0,-63.0,68.0,-1.0,0
8384,72.0,-17.0,-44.0,100.0,-1.0,0
8394,67.0,-95.0,-89.0,100.0,-2.0,0
8395,60.0,-97.0,-90.0,92.0,-3.0,0
8396,62.0,-63.0,-88.0,94.0,-1.0,0
8397,66.0,-88.0,-100.0,80.0,-1.0,1
8398,66.0,-79.0,-80.0,96.0,-3.0,0
8399,68.0,-76.0,-56.0,100.0,-6.0,0
8400,83.0,-10.0,-60.0,96.0,-0.0,0
8403,57.0,-66.0,-57.0,50.0,-0.0,0
8408,61.0,-31.0,-50.0,75.0,-0.0,0
8409,78.0,-7.0,-45.0,90.0,-0.0,1
8414,61.0,-42.0,-67.0,75.0,-0.0,1
8415,76.0,-3.0,-80.0,95.0,-0.0,0
8417,78.0,-33.0,-71.0,100.0,-1.0,1
8421,57.0,-89.0,-82.0,96.0,-2.0,0
8422,65.0,-18.0,-50.0,91.0,-0.0,0
8424,55.0,-43.0,-100.0,92.0,-2.0,0
8425,70.0,-5.0,-50.0,67.0,-0.0,1
8428,62.0,-3.0,-100.0,33.0,-0.0,0
8430,62.0,-84.0,-89.0,97.0,-2.0,0
8431,59.0,-82.0,-78.0,80.0,-1.0,0
8435,57.0,-21.0,-45.0,89.0,-0.0,1
8436,60.0,-30.0,-82.0,96.0,-2.0,1
8438,65.0,-72.0,-69.0,100.0,-4.0,0
8439,62.0,-3.0,-42.0,97.0,-0.0,0
8442,62.0,-75.0,-71.0,88.0,-5.0,1
8444,77.0,-66.0,-67.0,100.0,-2.0,0
8445,54.0,-108.0,-100.0,50.0,-1.0,0
8459,83.0,-18.0,-55.0,100.0,-0.0,1
8460,66.0,-60.0,-82.0,100.0,-2.0,0
8465,69.0,-118.0,-100.0,100.0,-1.0,0
8466,69.0,-8.0,-80.0,78.0,-0.0,1
8473,70.0,-48.0,-75.0,88.0,-0.0,0
8474,67.0,-10.0,-29.0,100.0,-1.0,0
8475,68.0,-45.0,-88.0,100.0,-0.0,0
8478,61.0,-62.0,-74.0,100.0,-5.0,0
8480,83.0,-30.0,-60.0,100.0,-0.0,1
8482,69.0,-98.0,-100.0,86.0,-3.0,1
8485,78.0,-35.0,-88.0,100.0,-1.0,1
8487,60.0,-46.0,-86.0,67.0,-2.0,0
8489,86.0,-9.0,-36.0,100.0,-0.0,0
8490,61.0,-74.0,-100.0,80.0,-3.0,0
8499,76.0,-4.0,-45.0,96.0,-0.0,0
8501,79.0,-27.0,-100.0,95.0,-0.0,1
8504,64.0,-32.0,-47.0,100.0,-3.0,1
8511,87.0,-33.0,-100.0,100.0,-0.0,1
8512,78.0,-58.0,-53.0,100.0,-4.0,1
8515,65.0,-55.0,-68.0,100.0,-4.0,0
8517,69.0,-45.0,-50.0,100.0,-1.0,1
8518,65.0,-66.0,-77.0,93.0,-4.0,1
8519,63.0,-67.0,-80.0,100.0,-4.0,0
8522,68.0,-26.0,-64.0,95.0,-0.0,0
8524,77.0,-31.0,-70.0,100.0,-1.0,0
8527,88.0,-0.0,-60.0,100.0,-0.0,0
8532,76.0,-2.0,-75.0,94.0,-0.0,1
8533,71.0,-32.0,-63.0,88.0,-0.0,1
8534,60.0,-79.0,-73.0,95.0,-7.0,0
8536,71.0,-37.0,-63.0,92.0,-0.0,1
8537,66.0,-34.0,-100.0,78.0,-0.0,0
8538,83.0,-11.0,-40.0,100.0,-0.0,0
8539,70.0,-12.0,-54.0,91.0,-1.0,1
8540,84.0,-24.0,-33.0,100.0,-1.0,1
8546,59.0,-101.0,-100.0,83.0,-1.0,0
8548,73.0,-38.0,-86.0,100.0,-2.0,0
8550,65.0,-59.0,-50.0,90.0,-3.0,0
8551,69.0,-45.0,-70.0,92.0,-1.0,1
8553,77.0,-34.0,-85.0,100.0,-1.0,1
8554,81.0,-0.0,-13.0,100.0,-0.0,1
8555,68.0,-39.0,-52.0,95.0,-3.0,0
8556,61.0,-81.0,-77.0,89.0,-3.0,0
8558,90.0,-4.0,-38.0,100.0,-0.0,1
8560,84.0,-2.0,-60.0,100.0,-0.0,1
8562,82.0,-3.0,-33.0,100.0,-0.0,1
8565,77.0,-0.0,-64.0,100.0,-0.0,0
8569,66.0,-1.0,-19.0,97.0,-0.0,1
8570,61.0,-57.0,-61.0,91.0,-3.0,0
8571,64.0,-48.0,-69.0,100.0,-1.0,0
8573,59.0,-56.0,-67.0,94.0,-3.0,0
8574,86.0,-8.0,-63.0,100.0,-0.0,1
8577,86.0,-2.0,-75.0,100.0,-0.0,1
8578,74.0,-96.0,-88.0,100.0,-2.0,1
8579,72.0,-36.0,-65.0,96.0,-2.0,0
8580,76.0,-17.0,-58.0,100.0,-1.0,0
8581,64.0,-2.0,-67.0,100.0,-0.0,1
8582,74.0,-65.0,-50.0,100.0,-1.0,1
8583,57.0,-90.0,-93.0,63.0,-4.0,1
8585,79.0,-45.0,-50.0,94.0,-1.0,1
8589,80.0,-3.0,-16.0,100.0,-1.0,1
8591,66.0,-33.0,-71.0,93.0,-1.0,1
8596,74.0,-22.0,-33.0,100.0,-1.0,1
8597,67.0,-39.0,-67.0,96.0,-3.0,1
8601,76.0,-20.0,-67.0,100.0,-0.0,1
8603,86.0,-3.0,-50.0,100.0,-0.0,1
8605,81.0,-22.0,-63.0,100.0,-0.0,1
8606,69.0,-72.0,-46.0,80.0,-5.0,0
8607,69.0,-0.0,-25.0,91.0,-0.0,1
8610,65.0,-71.0,-86.0,87.0,-3.0,1
8614,85.0,-36.0,-100.0,100.0,-0.0,1
8615,63.0,-16.0,-56.0,94.0,-0.0,1
8618,75.0,-36.0,-53.0,100.0,-1.0,0
8620,75.0,-16.0,-60.0,100.0,-1.0,1
8622,80.0,-6.0,-67.0,100.0,-0.0,1
8628,63.0,-71.0,-53.0,95.0,-4.0,1
8629,71.0,-60.0,-67.0,87.0,-1.0,1
8630,56.0,-66.0,-60.0,67.0,-2.0,0
8631,71.0,-74.0,-69.0,100.0,-1.0,1
8633,86.0,-0.0,-44.0,100.0,-0.0,1
8634,85.0,-10.0,-57.0,100.0,-0.0,1
8636,68.0,-69.0,-83.0,100.0,-5.0,1
8640,81.0,-13.0,-33.0,100.0,-0.0,1
8646,70.0,-57.0,-75.0,97.0,-2.0,1
8647,71.0,-3.0,-56.0,96.0,-1.0,0
8650,85.0,-5.0,-75.0,100.0,-0.0,1
8651,87.0,-25.0,-100.0,100.0,-0.0,0
8652,71.0,-39.0,-75.0,96.0,-1.0,1
8657,83.0,-4.0,-56.0,100.0,-0.0,1
8660,77.0,-41.0,-80.0,98.0,-0.0,1
8661,73.0,-13.0,-44.0,100.0,-1.0,1
8662,84.0,-0.0,-27.0,100.0,-0.0,1
8663,86.0,-0.0,-17.0,97.0,-0.0,1
8665,76.0,-81.0,-100.0,100.0,-1.0,0
8667,82.0,-10.0,-65.0,97.0,-0.0,1
8670,61.0,-48.0,-50.0,94.0,-0.0,0
8672,78.0,-7.0,-75.0,100.0,-0.0,1
8674,72.0,-4.0,-60.0,73.0,-0.0,0
8675,69.0,-77.0,-80.0,100.0,-4.0,0
8678,63.0,-65.0,-73.0,100.0,-2.0,0
8679,57.0,-64.0,-71.0,45.0,-1.0,0
8681,69.0,-0.0,-35.0,95.0,-0.0,1
8687,59.0,-105.0,-83.0,91.0,-2.0,0
8694,80.0,-1.0,-35.0,97.0,-0.0,1
8696,60.0,-67.0,-80.0,100.0,-4.0,0
8701,68.0,-7.0,-53.0,94.0,-0.0,0
8704,70.0,-77.0,-57.0,90.0,-3.0,0
8705,69.0,-40.0,-33.0,97.0,-1.0,0
8708,83.0,-35.0,-60.0,100.0,-0.0,0
8709,70.0,-57.0,-55.0,100.0,-3.0,0
8713,63.0,-42.0,-57.0,94.0,-3.0,0
8714,54.0,-81.0,-92.0,96.0,-6.0,0
8718,89.0,-2.0,-80.0,100.0,-0.0,1
8719,61.0,-43.0,-46.0,85.0,-0.0,0
8727,88.0,-0.0,-25.0,100.0,-0.0,0
8730,82.0,-2.0,-60.0,100.0,-0.0,1
8731,65.0,-86.0,-100.0,92.0,-1.0,0
8732,68.0,-45.0,-100.0,92.0,-1.0,1
8735,66.0,-42.0,-67.0,100.0,-3.0,0
8736,61.0,-78.0,-100.0,79.0,-1.0,0
8737,68.0,-38.0,-64.0,100.0,-3.0,0
8744,81.0,-0.0,-67.0,100.0,-0.0,1
8745,75.0,-64.0,-86.0,100.0,-2.0,0
8746,77.0,-25.0,-50.0,100.0,-1.0,0
8748,86.0,-0.0,-29.0,95.0,-0.0,1
8750,59.0,-85.0,-79.0,100.0,-5.0,0
8752,80.0,-1.0,-67.0,92.0,-0.0,0
8755,68.0,-107.0,-100.0,88.0,-1.0,0
8759,70.0,-45.0,-60.0,100.0,-2.0,1
8763,72.0,-76.0,-75.0,100.0,-3.0,0
8764,76.0,-0.0,-40.0,100.0,-0.0,0
8772,78.0,-20.0,-71.0,93.0,-0.0,0
8776,70.0,-25.0,-50.0,97.0,-1.0,0
8780,87.0,-0.0,-18.0,100.0,-0.0,0
8783,58.0,-3.0,-100.0,58.0,-0.0,0
8787,68.0,-52.0,-100.0,85.0,-1.0,0
8791,79.0,-0.0,-25.0,80.0,-0.0,1
8792,72.0,-37.0,-67.0,100.0,-2.0,1
8794,67.0,-25.0,-69.0,100.0,-1.0,1
8797,81.0,-0.0,-50.0,100.0,-0.0,1
8798,70.0,-57.0,-90.0,100.0,-6.0,0
8799,77.0,-3.0,-40.0,90.0,-0.0,1
8804,66.0,-33.0,-70.0,100.0,-0.0,1
8805,84.0,-35.0,-57.0,100.0,-0.0,1
8807,57.0,-98.0,-83.0,70.0,-1.0,0
8809,87.0,-1.0,-38.0,100.0,-0.0,1
8815,89.0,-6.0,-67.0,100.0,-0.0,1
8816,65.0,-24.0,-58.0,94.0,-2.0,0
8818,89.0,-2.0,-83.0,100.0,-0.0,1
8821,91.0,-8.0,-50.0,100.0,-0.0,1
8822,74.0,-23.0,-61.0,100.0,-1.0,0
8825,66.0,-55.0,-91.0,100.0,-3.0,1
8830,71.0,-71.0,-67.0,91.0,-0.0,1
8841,65.0,-12.0,-57.0,64.0,-0.0,1
8842,64.0,-45.0,-73.0,82.0,-1.0,1
8845,70.0,-17.0,-56.0,100.0,-1.0,0
8846,75.0,-1.0,-45.0,95.0,-0.0,1
8848,81.0,-3.0,-43.0,100.0,-0.0,1
8850,68.0,-13.0,-75.0,90.0,-0.0,1
8851,73.0,-58.0,-82.0,100.0,-1.0,0
8852,79.0,-6.0,-50.0,100.0,-0.0,1
8855,82.0,-25.0,-63.0,100.0,-0.0,1
8856,78.0,-8.0,-25.0,85.0,-0.0,1
8857,73.0,-39.0,-75.0,100.0,-1.0,0
8859,67.0,-12.0,-69.0,92.0,-0.0,1
8860,77.0,-30.0,-67.0,100.0,-1.0,1
8862,74.0,-51.0,-33.0,93.0,-1.0,1
8864,75.0,-36.0,-100.0,100.0,-1.0,1
8865,64.0,-55.0,-100.0,93.0,-3.0,0
8866,71.0,-49.0,-80.0,94.0,-1.0,1
8867,70.0,-23.0,-29.0,90.0,-0.0,0
8868,54.0,-90.0,-67.0,61.0,-4.0,0
8869,66.0,-12.0,-60.0,100.0,-0.0,1
8871,70.0,-20.0,-52.0,97.0,-2.0,1
8880,58.0,-104.0,-100.0,74.0,-1.0,0
8881,67.0,-36.0,-50.0,95.0,-1.0,1
8882,72.0,-28.0,-69.0,100.0,-1.0,0
8885,61.0,-22.0,-63.0,78.0,-0.0,0
8888,63.0,-81.0,-86.0,91.0,-1.0,0
8889,79.0,-13.0,-63.0,90.0,-0.0,0
8894,82.0,-16.0,-55.0,97.0,-0.0,1
8895,68.0,-44.0,-67.0,96.0,-1.0,0
8897,72.0,-63.0,-55.0,100.0,-2.0,1
8899,57.0,-92.0,-100.0,95.0,-2.0,0
8907,66.0,-28.0,-78.0,79.0,-1.0,0
8911,61.0,-86.0,-93.0,97.0,-3.0,0
8913,62.0,-0.0,-50.0,71.0,-0.0,0
8915,72.0,-88.0,-100.0,94.0,-2.0,0
8917,57.0,-44.0,-90.0,85.0,-2.0,0
8923,66.0,-30.0,-56.0,97.0,-0.0,0
8927,61.0,-77.0,-75.0,97.0,-4.0,0
8932,66.0,-80.0,-67.0,64.0,-1.0,0
8934,88.0,-0.0,-50.0,100.0,-0.0,1
8935,69.0,-83.0,-75.0,95.0,-2.0,0
8939,84.0,-23.0,-83.0,100.0,-0.0,0
8940,79.0,-25.0,-60.0,100.0,-1.0,0
8944,62.0,-30.0,-92.0,95.0,-0.0,0
8945,62.0,-87.0,-100.0,86.0,-2.0,0
8947,58.0,-65.0,-75.0,85.0,-5.0,0
8948,85.0,-5.0,-35.0,100.0,-0.0,1
8952,61.0,-101.0,-100.0,90.0,-1.0,0
8955,74.0,-18.0,-63.0,100.0,-0.0,0
8956,78.0,-3.0,-50.0,100.0,-0.0,1
8965,65.0,-40.0,-80.0,100.0,-1.0,0
8971,52.0,-82.0,-92.0,88.0,-2.0,0
8973,84.0,-19.0,-43.0,100.0,-0.0,1
8976,57.0,-60.0,-91.0,83.0,-3.0,0
8979,62.0,-68.0,-89.0,87.0,-3.0,0
8980,67.0,-68.0,-100.0,100.0,-1.0,0
8983,55.0,-84.0,-86.0,78.0,-5.0,0
8984,84.0,-11.0,-86.0,95.0,-0.0,1
8985,66.0,-50.0,-100.0,88.0,-1.0,0
8987,68.0,-59.0,-63.0,84.0,-3.0,0
8989,54.0,-33.0,-86.0,50.0,-0.0,1
8992,74.0,-33.0,-69.0,95.0,-1.0,0
8994,56.0,-32.0,-43.0,78.0,-1.0,1
8995,74.0,-38.0,-87.0,100.0,-2.0,0
8999,64.0,-64.0,-100.0,100.0,-0.0,0
9004,66.0,-100.0,-100.0,89.0,-1.0,1
9006,85.0,-1.0,-43.0,100.0,-0.0,1
9007,84.0,-6.0,-33.0,97.0,-0.0,0
9011,79.0,-0.0,-33.0,50.0,-0.0,0
9012,88.0,-3.0,-78.0,96.0,-0.0,1
9016,75.0,-57.0,-78.0,100.0,-2.0,0
9021,80.0,-34.0,-75.0,100.0,-0.0,1
9023,65.0,-46.0,-85.0,89.0,-2.0,1
9030,66.0,-69.0,-100.0,94.0,-1.0,0
9031,77.0,-42.0,-77.0,100.0,-1.0,1
9035,74.0,-53.0,-50.0,94.0,-1.0,0
9037,74.0,-7.0,-75.0,91.0,-0.0,0
9040,66.0,-6.0,-67.0,82.0,-0.0,0
9041,61.0,-65.0,-88.0,78.0,-1.0,0
9042,55.0,-69.0,-89.0,80.0,-1.0,0
9044,87.0,-0.0,-27.0,97.0,-0.0,1
9046,82.0,-0.0,-38.0,94.0,-0.0,1
9048,71.0,-42.0,-71.0,92.0,-1.0,1
9056,55.0,-36.0,-77.0,78.0,-1.0,1
9057,74.0,-28.0,-47.0,100.0,-2.0,1
9059,42.0,-23.0,-64.0,70.0,-0.0,1
9060,69.0,-16.0,-63.0,89.0,-1.0,0
9061,66.0,-47.0,-64.0,81.0,-1.0,1
9064,67.0,-29.0,-67.0,86.0,-0.0,0
9065,61.0,-80.0,-78.0,79.0,-2.0,0
9067,84.0,-0.0,-56.0,100.0,-0.0,1
9068,72.0,-38.0,-80.0,92.0,-0.0,1
9070,63.0,-66.0,-73.0,72.0,-2.0,0
9075,74.0,-11.0,-80.0,96.0,-1.0,0
9076,60.0,-71.0,-100.0,90.0,-1.0,0
9077,74.0,-47.0,-100.0,100.0,-1.0,0
9078,66.0,-49.0,-79.0,100.0,-1.0,0
9080,64.0,-53.0,-86.0,100.0,-1.0,0
9081,87.0,-19.0,-50.0,100.0,-0.0,0
9083,77.0,-9.0,-78.0,100.0,-0.0,1
9088,63.0,-43.0,-69.0,100.0,-1.0,0
9090,77.0,-4.0,-69.0,91.0,-0.0,1
9091,73.0,-70.0,-100.0,100.0,-1.0,1
9093,62.0,-89.0,-80.0,86.0,-1.0,0
9095,64.0,-62.0,-77.0,94.0,-2.0,1
9102,54.0,-87.0,-100.0,74.0,-1.0,0
9105,63.0,-83.0,-60.0,80.0,-1.0,0
9107,89.0,-1.0,-80.0,100.0,-0.0,0
9110,65.0,-53.0,-90.0,88.0,-0.0,0
9111,73.0,-74.0,-100.0,100.0,-1.0,0
9118,72.0,-57.0,-45.0,97.0,-1.0,1
9119,56.0,-74.0,-80.0,100.0,-5.0,0
9120,68.0,-5.0,-50.0,95.0,-0.0,0
9130,56.0,-53.0,-85.0,88.0,-1.0,0
9133,60.0,-58.0,-100.0,96.0,-2.0,0
9135,61.0,-113.0,-100.0,89.0,-1.0,0
9141,75.0,-25.0,-47.0,97.0,-1.0,1
9142,75.0,-13.0,-36.0,100.0,-0.0,0
9145,90.0,-2.0,-50.0,100.0,-0.0,1
9146,60.0,-51.0,-60.0,78.0,-0.0,0
9149,44.0,-58.0,-79.0,68.0,-4.0,0
9151,82.0,-1.0,-67.0,93.0,-0.0,1
9153,78.0,-65.0,-94.0,100.0,-6.0,0
9158,64.0,-68.0,-90.0,95.0,-3.0,0
9160,82.0,-0.0,-38.0,94.0,-0.0,0
9162,69.0,-44.0,-80.0,100.0,-1.0,1
9164,71.0,-42.0,-75.0,100.0,-0.0,0
9165,90.0,-1.0,-50.0,100.0,-0.0,1
9166,78.0,-25.0,-50.0,98.0,-0.0,1
9171,61.0,-41.0,-60.0,70.0,-0.0,0
9172,83.0,-8.0,-47.0,100.0,-1.0,1
9173,73.0,-15.0,-40.0,86.0,-1.0,1
9174,81.0,-5.0,-64.0,100.0,-0.0,0
9175,70.0,-86.0,-80.0,94.0,-4.0,0
9177,56.0,-82.0,-75.0,95.0,-2.0,0
9178,65.0,-37.0,-60.0,96.0,-1.0,0
9179,75.0,-65.0,-75.0,96.0,-2.0,1
9180,83.0,-38.0,-76.0,100.0,-1.0,0
9182,62.0,-62.0,-78.0,96.0,-2.0,0
9184,75.0,-57.0,-83.0,95.0,-2.0,0
9185,87.0,-1.0,-44.0,100.0,-0.0,1
9188,68.0,-54.0,-63.0,100.0,-2.0,0
9192,82.0,-9.0,-38.0,100.0,-0.0,0
9194,50.0,-43.0,-78.0,86.0,-2.0,0
9199,68.0,-47.0,-55.0,63.0,-1.0,0
9203,84.0,-16.0,-71.0,100.0,-0.0,1
9204,56.0,-73.0,-85.0,100.0,-2.0,0
9207,74.0,-23.0,-56.0,100.0,-2.0,1
9209,72.0,-25.0,-78.0,91.0,-0.0,0
9210,78.0,-9.0,-75.0,94.0,-0.0,1
9217,71.0,-49.0,-82.0,100.0,-1.0,0
9219,72.0,-56.0,-67.0,91.0,-0.0,0
9220,84.0,-0.0,-22.0,94.0,-0.0,1
9226,75.0,-64.0,-50.0,96.0,-1.0,0
9227,73.0,-57.0,-50.0,100.0,-1.0,1
9229,69.0,-42.0,-75.0,100.0,-2.0,0
9231,70.0,-32.0,-74.0,100.0,-2.0,1
9234,77.0,-14.0,-38.0,96.0,-1.0,1
9239,85.0,-2.0,-100.0,100.0,-0.0,1
9241,83.0,-12.0,-80.0,100.0,-0.0,1
9243,67.0,-18.0,-44.0,88.0,-2.0,1
9244,83.0,-4.0,-31.0,95.0,-0.0,1
9246,77.0,-12.0,-50.0,71.0,-0.0,1
9247,74.0,-34.0,-75.0,95.0,-0.0,0
9248,61.0,-79.0,-100.0,73.0,-2.0,0
9251,67.0,-40.0,-88.0,93.0,-0.0,1
9252,91.0,-2.0,-50.0,100.0,-0.0,1
9254,63.0,-26.0,-75.0,69.0,-1.0,0
9255,79.0,-33.0,-69.0,100.0,-1.0,1
9261,82.0,-2.0,-50.0,100.0,-0.0,1
9264,68.0,-62.0,-60.0,97.0,-2.0,1
9267,72.0,-22.0,-77.0,97.0,-0.0,1
9269,79.0,-49.0,-56.0,100.0,-3.0,0
9272,87.0,-3.0,-50.0,100.0,-0.0,1
9274,75.0,-2.0,-50.0,78.0,-0.0,1
9276,77.0,-22.0,-64.0,100.0,-1.0,1
9278,47.0,-77.0,-86.0,75.0,-2.0,0
9284,55.0,-1.0,-50.0,69.0,-0.0,0
9285,89.0,-0.0,-44.0,100.0,-0.0,1
9287,55.0,-16.0,-56.0,83.0,-0.0,0
9288,85.0,-14.0,-48.0,98.0,-0.0,1
9290,81.0,-67.0,-100.0,100.0,-0.0,1
9293,88.0,-0.0,-14.0,100.0,-0.0,1
9294,68.0,-95.0,-100.0,86.0,-1.0,1
9297,67.0,-27.0,-93.0,85.0,-1.0,0
9298,86.0,-10.0,-67.0,100.0,-0.0,1
9299,86.0,-4.0,-55.0,100.0,-0.0,1
9300,83.0,-0.0,-20.0,93.0,-0.0,1
9301,77.0,-1.0,-86.0,95.0,-0.0,0
9306,83.0,-0.0,-25.0,94.0,-0.0,1
9308,90.0,-2.0,-20.0,100.0,-0.0,1
9313,87.0,-0.0,-50.0,92.0,-0.0,1
9315,68.0,-55.0,-90.0,89.0,-1.0,1
9316,64.0,-41.0,-82.0,89.0,-0.0,1
9321,77.0,-28.0,-64.0,98.0,-1.0,1
9322,83.0,-26.0,-43.0,100.0,-0.0,0
9323,82.0,-21.0,-48.0,100.0,-0.0,1
9329,85.0,-19.0,-57.0,98.0,-0.0,0
9331,84.0,-19.0,-86.0,100.0,-0.0,1
9335,82.0,-19.0,-62.0,100.0,-0.0,1
9337,75.0,-1.0,-75.0,100.0,-0.0,1
9338,87.0,-2.0,-58.0,100.0,-0.0,1
9340,82.0,-41.0,-63.0,100.0,-1.0,1
9341,88.0,-5.0,-60.0,100.0,-0.0,1
9344,69.0,-78.0,-91.0,100.0,-8.0,0
9348,71.0,-18.0,-56.0,91.0,-0.0,1
9350,61.0,-80.0,-83.0,100.0,-4.0,0
9351,61.0,-77.0,-76.0,100.0,-8.0,1
9352,60.0,-62.0,-73.0,80.0,-2.0,1
9355,64.0,-40.0,-60.0,60.0,-1.0,1
9359,80.0,-21.0,-60.0,100.0,-1.0,1
9360,85.0,-2.0,-33.0,86.0,-0.0,1
9361,81.0,-4.0,-57.0,91.0,-0.0,0
9362,58.0,-57.0,-75.0,100.0,-2.0,1
9363,91.0,-1.0,-75.0,100.0,-0.0,1
9364,71.0,-0.0,-33.0,100.0,-0.0,1
9367,81.0,-9.0,-47.0,97.0,-0.0,0
9368,60.0,-59.0,-100.0,88.0,-3.0,1
9369,79.0,-27.0,-53.0,100.0,-1.0,1
9373,72.0,-38.0,-73.0,94.0,-2.0,1
9374,63.0,-12.0,-47.0,97.0,-1.0,1
9375,75.0,-0.0,-75.0,95.0,-0.0,1
9379,80.0,-19.0,-58.0,93.0,-0.0,1
9381,80.0,-0.0,-50.0,100.0,-0.0,1
9383,85.0,-3.0,-50.0,100.0,-0.0,1
9392,83.0,-7.0,-80.0,96.0,-0.0,1
9395,80.0,-45.0,-83.0,100.0,-1.0,1
9398,59.0,-104.0,-100.0,85.0,-2.0,1
9399,71.0,-33.0,-83.0,89.0,-0.0,0
9401,84.0,-12.0,-75.0,100.0,-0.0,1
9403,80.0,-14.0,-54.0,92.0,-1.0,1
9404,65.0,-59.0,-62.0,100.0,-2.0,1
9405,88.0,-5.0,-67.0,100.0,-0.0,1
9406,77.0,-2.0,-63.0,89.0,-0.0,1
9407,79.0,-1.0,-30.0,82.0,-0.0,1
9409,73.0,-76.0,-75.0,100.0,-1.0,0
9410,79.0,-35.0,-36.0,100.0,-1.0,1
9415,60.0,-60.0,-85.0,90.0,-2.0,1
9417,67.0,-4.0,-83.0,89.0,-0.0,0
9418,62.0,-37.0,-93.0,97.0,-1.0,0
9419,91.0,-0.0,-50.0,100.0,-0.0,0
9420,63.0,-75.0,-94.0,100.0,-7.0,0
9422,61.0,-232.0,-100.0,100.0,-1.0,0
9424,57.0,-98.0,-89.0,81.0,-2.0,0
9425,61.0,-52.0,-100.0,72.0,-0.0,0
9426,70.0,-28.0,-79.0,100.0,-1.0,1
9428,66.0,-56.0,-71.0,81.0,-1.0,0
9432,72.0,-18.0,-71.0,100.0,-0.0,0
9439,65.0,-76.0,-100.0,88.0,-1.0,1
9441,62.0,-56.0,-75.0,78.0,-2.0,0
9442,60.0,-8.0,-83.0,64.0,-0.0,0
9443,57.0,-51.0,-92.0,92.0,-1.0,1
9450,63.0,-30.0,-86.0,95.0,-3.0,0
9452,77.0,-30.0,-71.0,100.0,-1.0,0
9454,59.0,-42.0,-82.0,79.0,-1.0,0
9455,68.0,-27.0,-100.0,86.0,-0.0,0
9456,80.0,-0.0,-67.0,100.0,-0.0,0
9460,82.0,-0.0,-20.0,68.0,-0.0,0
9461,68.0,-49.0,-88.0,100.0,-2.0,0
9462,41.0,-70.0,-88.0,74.0,-7.0,0
9464,70.0,-41.0,-62.0,100.0,-1.0,0
9467,59.0,-70.0,-93.0,100.0,-2.0,0
9471,57.0,-78.0,-100.0,73.0,-1.0,0
9472,72.0,-85.0,-100.0,100.0,-1.0,0
9478,71.0,-23.0,-71.0,90.0,-0.0,0
9481,75.0,-17.0,-100.0,100.0,-0.0,0
9484,61.0,-101.0,-100.0,80.0,-2.0,0
9491,76.0,-8.0,-56.0,97.0,-1.0,1
9494,57.0,-45.0,-52.0,84.0,-2.0,0
9495,87.0,-1.0,-56.0,100.0,-0.0,1
9496,61.0,-54.0,-89.0,80.0,-2.0,0
9497,66.0,-60.0,-100.0,78.0,-1.0,0
9498,69.0,-51.0,-86.0,100.0,-1.0,1
9499,80.0,-3.0,-56.0,100.0,-0.0,1
9500,78.0,-4.0,-60.0,82.0,-0.0,1
9501,71.0,-64.0,-75.0,100.0,-1.0,0
9504,69.0,-47.0,-100.0,88.0,-2.0,0
9505,69.0,-36.0,-56.0,86.0,-0.0,1
9509,80.0,-48.0,-50.0,92.0,-1.0,0
9510,64.0,-95.0,-75.0,86.0,-0.0,1
9516,56.0,-93.0,-90.0,80.0,-3.0,0
9517,72.0,-9.0,-46.0,97.0,-0.0,0
9520,61.0,-81.0,-100.0,77.0,-1.0,0
9521,55.0,-76.0,-100.0,75.0,-1.0,0
9522,92.0,-0.0,-50.0,100.0,-0.0,1
9523,71.0,-19.0,-89.0,100.0,-0.0,1
9529,66.0,-68.0,-89.0,86.0,-2.0,0
9530,72.0,-38.0,-62.0,100.0,-1.0,1
9531,69.0,-48.0,-27.0,74.0,-1.0,0
9532,66.0,-44.0,-93.0,93.0,-1.0,0
9533,56.0,-49.0,-67.0,71.0,-4.0,0
9536,82.0,-3.0,-55.0,96.0,-0.0,1
9537,67.0,-14.0,-67.0,89.0,-1.0,0
9538,59.0,-83.0,-91.0,94.0,-4.0,0
9540,67.0,-38.0,-83.0,71.0,-1.0,0
9541,56.0,-75.0,-71.0,50.0,-1.0,0
9543,63.0,-61.0,-75.0,94.0,-1.0,0
9544,79.0,-35.0,-75.0,100.0,-1.0,1
9553,72.0,-57.0,-95.0,98.0,-1.0,1
9554,59.0,-58.0,-91.0,87.0,-1.0,0
9555,61.0,-68.0,-85.0,93.0,-3.0,1
9557,76.0,-17.0,-100.0,94.0,-0.0,1
9559,79.0,-0.0,-25.0,83.0,-0.0,1
9570,72.0,-23.0,-90.0,93.0,-0.0,1
9574,75.0,-17.0,-67.0,100.0,-1.0,1
9575,67.0,-21.0,-100.0,88.0,-1.0,1
9576,82.0,-29.0,-54.0,100.0,-1.0,1
9577,75.0,-14.0,-71.0,96.0,-0.0,1
9579,77.0,-1.0,-25.0,89.0,-0.0,1
9581,83.0,-17.0,-47.0,100.0,-0.0,1
9584,68.0,-19.0,-71.0,96.0,-1.0,1
9586,82.0,-17.0,-73.0,100.0,-0.0,0
9590,68.0,-66.0,-100.0,100.0,-3.0,0
9592,70.0,-28.0,-77.0,89.0,-1.0,0
9595,78.0,-22.0,-70.0,96.0,-0.0,1
9599,83.0,-8.0,-89.0,97.0,-0.0,1
9600,65.0,-40.0,-64.0,91.0,-2.0,0
9601,83.0,-7.0,-57.0,100.0,-1.0,1
9602,58.0,-47.0,-80.0,94.0,-2.0,0
9603,89.0,-5.0,-75.0,100.0,-1.0,1
9604,54.0,-76.0,-90.0,69.0,-0.0,0
9605,65.0,-56.0,-67.0,91.0,-2.0,0
9606,62.0,-57.0,-89.0,95.0,-1.0,0
9609,68.0,-0.0,-67.0,73.0,-0.0,1
9610,68.0,-4.0,-33.0,71.0,-0.0,1
9613,66.0,-54.0,-86.0,90.0,-4.0,1
9616,80.0,-44.0,-80.0,100.0,-1.0,1
9618,59.0,-20.0,-80.0,80.0,-0.0,0
9624,83.0,-2.0,-64.0,100.0,-0.0,1
9625,84.0,-11.0,-67.0,100.0,-0.0,1
9626,74.0,-26.0,-80.0,100.0,-1.0,1
9630,91.0,-0.0,-0.0,100.0,-0.0,1
9634,65.0,-26.0,-86.0,76.0,-1.0,0
9636,76.0,-22.0,-67.0,100.0,-0.0,1
9638,87.0,-0.0,-27.0,100.0,-0.0,1
9639,58.0,-76.0,-100.0,67.0,-3.0,0
9640,88.0,-11.0,-50.0,100.0,-0.0,1
9641,82.0,-6.0,-80.0,100.0,-0.0,1
9643,71.0,-21.0,-73.0,95.0,-1.0,0
9644,61.0,-75.0,-100.0,91.0,-1.0,0
9645,59.0,-36.0,-56.0,65.0,-0.0,0
9648,82.0,-1.0,-86.0,87.0,-0.0,1
9649,82.0,-15.0,-69.0,100.0,-0.0,1
9651,63.0,-45.0,-88.0,92.0,-0.0,0
9652,72.0,-11.0,-44.0,80.0,-0.0,1
9654,81.0,-5.0,-60.0,100.0,-0.0,1
9656,88.0,-2.0,-50.0,100.0,-0.0,1
9657,63.0,-12.0,-62.0,70.0,-1.0,0
9658,81.0,-76.0,-33.0,100.0,-1.0,0
9662,85.0,-2.0,-31.0,100.0,-0.0,1
9664,75.0,-27.0,-31.0,98.0,-1.0,1
9666,68.0,-0.0,-85.0,91.0,-0.0,1
9670,63.0,-10.0,-46.0,100.0,-0.0,1
9673,81.0,-2.0,-46.0,100.0,-0.0,1
9676,89.0,-3.0,-50.0,100.0,-0.0,1
9677,79.0,-2.0,-43.0,100.0,-0.0,1
9678,79.0,-10.0,-40.0,98.0,-0.0,1
9679,66.0,-93.0,-100.0,65.0,-1.0,1
9681,61.0,-66.0,-75.0,88.0,-2.0,0
9684,90.0,-3.0,-40.0,100.0,-0.0,1
9686,80.0,-8.0,-33.0,100.0,-0.0,1
9690,71.0,-44.0,-67.0,100.0,-0.0,1
9692,60.0,-68.0,-76.0,97.0,-3.0,1
9695,84.0,-1.0,-40.0,100.0,-0.0,1
9697,82.0,-10.0,-50.0,96.0,-0.0,1
9699,68.0,-4.0,-78.0,58.0,-0.0,1
9701,62.0,-34.0,-67.0,85.0,-1.0,0
9702,74.0,-15.0,-83.0,95.0,-0.0,1
9704,73.0,-51.0,-43.0,96.0,-1.0,1
9706,83.0,-45.0,-40.0,100.0,-1.0,1
9707,86.0,-11.0,-46.0,100.0,-0.0,1
9711,69.0,-58.0,-43.0,100.0,-1.0,1
9712,90.0,-0.0,-50.0,100.0,-0.0,1
9714,69.0,-34.0,-67.0,95.0,-1.0,0
9716,73.0,-8.0,-100.0,100.0,-0.0,1
9718,86.0,-16.0,-50.0,100.0,-0.0,1
9721,70.0,-71.0,-53.0,100.0,-3.0,0
9722,72.0,-35.0,-67.0,97.0,-0.0,1
9724,77.0,-29.0,-45.0,97.0,-1.0,1
9725,74.0,-38.0,-77.0,100.0,-2.0,0
9728,69.0,-2.0,-38.0,78.0,-0.0,1
9732,87.0,-10.0,-60.0,100.0,-0.0,1
9733,61.0,-20.0,-40.0,74.0,-0.0,0
9736,80.0,-0.0,-33.0,100.0,-0.0,1
9745,65.0,-57.0,-60.0,100.0,-2.0,1
9746,84.0,-11.0,-80.0,91.0,-0.0,0
9750,73.0,-29.0,-67.0,91.0,-2.0,0
9753,56.0,-78.0,-70.0,94.0,-3.0,0
9754,93.0,-1.0,-100.0,100.0,-0.0,1
9755,61.0,-48.0,-92.0,94.0,-0.0,0
9757,82.0,-17.0,-50.0,100.0,-0.0,1
9759,85.0,-4.0,-40.0,100.0,-0.0,0
9760,50.0,-69.0,-63.0,84.0,-1.0,0
9762,79.0,-30.0,-33.0,100.0,-0.0,1
9766,84.0,-0.0,-33.0,94.0,-0.0,0
9767,81.0,-35.0,-100.0,100.0,-1.0,0
9768,75.0,-24.0,-40.0,86.0,-0.0,0
9770,72.0,-14.0,-47.0,96.0,-1.0,0
9771,60.0,-91.0,-100.0,87.0,-2.0,0
9773,86.0,-18.0,-75.0,100.0,-0.0,0
9774,56.0,-42.0,-71.0,78.0,-3.0,0
9776,61.0,-70.0,-46.0,95.0,-3.0,0
9777,74.0,-37.0,-83.0,100.0,-1.0,0
9778,70.0,-43.0,-53.0,93.0,-3.0,0
9779,80.0,-25.0,-77.0,100.0,-1.0,1
9781,64.0,-58.0,-45.0,76.0,-2.0,1
9785,68.0,-70.0,-40.0,83.0,-2.0,0
9796,77.0,-14.0,-36.0,100.0,-0.0,0
9797,65.0,-59.0,-100.0,100.0,-3.0,0
9798,73.0,-40.0,-83.0,92.0,-0.0,1
9799,77.0,-17.0,-55.0,100.0,-1.0,0
9802,72.0,-5.0,-58.0,96.0,-1.0,0
9806,75.0,-41.0,-86.0,100.0,-1.0,0
9811,57.0,-83.0,-50.0,80.0,-2.0,0
9816,58.0,-93.0,-100.0,78.0,-1.0,0
9817,59.0,-9.0,-44.0,75.0,-1.0,0
9818,73.0,-35.0,-92.0,100.0,-1.0,1
9819,63.0,-66.0,-80.0,86.0,-1.0,0
9821,90.0,-1.0,-15.0,100.0,-0.0,1
9822,74.0,-6.0,-29.0,86.0,-0.0,0
9823,87.0,-4.0,-47.0,100.0,-0.0,1
9825,88.0,-3.0,-64.0,100.0,-0.0,1
9826,76.0,-32.0,-63.0,100.0,-0.0,1
9827,55.0,-13.0,-60.0,62.0,-0.0,1
9830,84.0,-36.0,-80.0,100.0,-0.0,0
9834,68.0,-9.0,-47.0,100.0,-0.0,1
9835,59.0,-23.0,-67.0,81.0,-1.0,0
9837,73.0,-53.0,-56.0,95.0,-1.0,0
9838,60.0,-98.0,-100.0,93.0,-1.0,0
9840,61.0,-86.0,-80.0,81.0,-3.0,0
9846,72.0,-0.0,-40.0,88.0,-0.0,0
9847,81.0,-34.0,-40.0,100.0,-0.0,1
9849,56.0,-1.0,-50.0,25.0,-0.0,0
9850,83.0,-5.0,-42.0,100.0,-0.0,1
9852,85.0,-0.0,-23.0,100.0,-0.0,1
9854,87.0,-4.0,-57.0,100.0,-0.0,1
9855,80.0,-18.0,-40.0,94.0,-0.0,1
9858,61.0,-45.0,-67.0,89.0,-2.0,0
9860,55.0,-57.0,-64.0,83.0,-3.0,0
9865,65.0,-83.0,-89.0,91.0,-6.0,0
9866,56.0,-98.0,-100.0,83.0,-3.0,0
9870,81.0,-6.0,-50.0,100.0,-1.0,1
9871,82.0,-65.0,-80.0,100.0,-0.0,1
9872,66.0,-49.0,-45.0,98.0,-3.0,0
9873,72.0,-21.0,-58.0,100.0,-0.0,1
9875,62.0,-79.0,-88.0,89.0,-2.0,0
9877,87.0,-11.0,-100.0,100.0,-1.0,1
9882,64.0,-61.0,-33.0,88.0,-1.0,0
9883,60.0,-64.0,-80.0,50.0,-2.0,0
9884,78.0,-11.0,-67.0,100.0,-1.0,0
9885,63.0,-48.0,-91.0,75.0,-3.0,1
9889,70.0,-21.0,-57.0,100.0,-0.0,0
9893,54.0,-81.0,-100.0,50.0,-1.0,1
9897,59.0,-68.0,-81.0,71.0,-4.0,0
9898,84.0,-2.0,-17.0,95.0,-0.0,0
9899,83.0,-12.0,-71.0,100.0,-0.0,1
9901,69.0,-52.0,-75.0,80.0,-1.0,0
9902,71.0,-30.0,-78.0,93.0,-1.0,0
9904,71.0,-33.0,-60.0,93.0,-1.0,0
9908,55.0,-45.0,-100.0,63.0,-0.0,0
9909,59.0,-64.0,-100.0,84.0,-4.0,0
9912,84.0,-13.0,-64.0,95.0,-0.0,1
9914,78.0,-3.0,-33.0,78.0,-0.0,0
9920,62.0,-65.0,-71.0,80.0,-3.0,0
9921,56.0,-21.0,-60.0,50.0,-0.0,1
9928,61.0,-41.0,-44.0,64.0,-0.0,0
9929,80.0,-26.0,-60.0,100.0,-0.0,1
9933,83.0,-24.0,-100.0,100.0,-0.0,1
9938,86.0,-9.0,-57.0,100.0,-0.0,1
9941,76.0,-35.0,-60.0,100.0,-0.0,0
9942,73.0,-49.0,-75.0,97.0,-2.0,0
9944,56.0,-112.0,-89.0,83.0,-6.0,0
9945,76.0,-33.0,-67.0,100.0,-0.0,1
9946,65.0,-49.0,-75.0,95.0,-0.0,0
9951,80.0,-0.0,-43.0,92.0,-0.0,1
9955,77.0,-20.0,-56.0,93.0,-0.0,1
9958,59.0,-106.0,-100.0,100.0,-1.0,0
9961,75.0,-41.0,-63.0,91.0,-0.0,1
9967,80.0,-15.0,-80.0,91.0,-1.0,1
9972,88.0,-8.0,-40.0,100.0,-0.0,1
9980,79.0,-28.0,-86.0,100.0,-1.0,1
9981,55.0,-38.0,-75.0,31.0,-0.0,0
9983,67.0,-86.0,-67.0,100.0,-1.0,0
9985,56.0,-55.0,-80.0,75.0,-2.0,0
9989,78.0,-47.0,-60.0,100.0,-1.0,1
9991,56.0,-64.0,-83.0,78.0,-4.0,0
9993,82.0,-2.0,-50.0,100.0,-0.0,1
9994,58.0,-35.0,-100.0,71.0,-0.0,1
10000,77.0,-27.0,-80.0,100.0,-1.0,0
10001,59.0,-32.0,-64.0,82.0,-2.0,0
10002,85.0,-34.0,-60.0,100.0,-0.0,1
10005,64.0,-82.0,-86.0,100.0,-2.0,0
10006,76.0,-67.0,-50.0,100.0,-1.0,1
10009,83.0,-34.0,-80.0,100.0,-0.0,1
10011,58.0,-73.0,-84.0,83.0,-3.0,0
10016,85.0,-5.0,-50.0,100.0,-0.0,1
10019,76.0,-91.0,-78.0,100.0,-3.0,0
10020,78.0,-3.0,-50.0,100.0,-0.0,0
10021,77.0,-11.0,-79.0,100.0,-0.0,0
10024,56.0,-87.0,-100.0,90.0,-2.0,0
10036,76.0,-76.0,-67.0,100.0,-1.0,1
10037,74.0,-6.0,-42.0,88.0,-0.0,1
10038,68.0,-52.0,-83.0,100.0,-2.0,0
10039,91.0,-5.0,-33.0,100.0,-0.0,1
10044,81.0,-4.0,-56.0,100.0,-0.0,0
10045,62.0,-36.0,-75.0,33.0,-0.0,0
10048,71.0,-42.0,-75.0,90.0,-1.0,0
10050,69.0,-28.0,-73.0,84.0,-0.0,1
10051,42.0,-92.0,-100.0,69.0,-4.0,0
10056,89.0,-3.0,-56.0,100.0,-0.0,1
10060,81.0,-42.0,-60.0,100.0,-0.0,1
10062,83.0,-4.0,-18.0,100.0,-0.0,1
10063,76.0,-19.0,-25.0,100.0,-1.0,0
10066,73.0,-0.0,-43.0,100.0,-0.0,1
10068,80.0,-7.0,-26.0,100.0,-1.0,1
10069,64.0,-87.0,-100.0,85.0,-2.0,0
10070,86.0,-39.0,-33.0,100.0,-0.0,1
10072,88.0,-3.0,-56.0,100.0,-0.0,1
10074,56.0,-100.0,-100.0,100.0,-2.0,0
10076,72.0,-16.0,-80.0,100.0,-0.0,1
10077,69.0,-46.0,-80.0,88.0,-1.0,0
10079,80.0,-0.0,-0.0,90.0,-0.0,1
10080,71.0,-23.0,-55.0,100.0,-1.0,1
10081,64.0,-5.0,-33.0,88.0,-0.0,0
10084,81.0,-2.0,-43.0,93.0,-0.0,0
10088,79.0,-47.0,-75.0,100.0,-1.0,1
10089,78.0,-24.0,-67.0,100.0,-0.0,1
10091,80.0,-3.0,-38.0,100.0,-0.0,1
10097,62.0,-20.0,-71.0,84.0,-2.0,1
10099,67.0,-66.0,-92.0,100.0,-3.0,0
10103,90.0,-0.0,-25.0,100.0,-0.0,1
10105,84.0,-2.0,-45.0,100.0,-0.0,1
10107,73.0,-28.0,-50.0,100.0,-1.0,1
10111,91.0,-6.0,-40.0,100.0,-0.0,1
10115,59.0,-66.0,-67.0,90.0,-2.0,1
10116,58.0,-51.0,-65.0,83.0,-1.0,0
10117,56.0,-55.0,-91.0,75.0,-5.0,0
10118,83.0,-19.0,-60.0,100.0,-0.0,1
10119,82.0,-0.0,-100.0,100.0,-1.0,1
10120,66.0,-41.0,-75.0,67.0,-1.0,0
10124,72.0,-92.0,-78.0,100.0,-4.0,1
10128,84.0,-16.0,-67.0,100.0,-0.0,1
10131,76.0,-23.0,-88.0,100.0,-1.0,1
10133,59.0,-53.0,-89.0,85.0,-3.0,0
10134,73.0,-47.0,-67.0,100.0,-1.0,1
10138,68.0,-36.0,-55.0,91.0,-1.0,1
10140,87.0,-10.0,-36.0,100.0,-0.0,1
10141,73.0,-90.0,-86.0,100.0,-1.0,0
10144,87.0,-9.0,-60.0,100.0,-0.0,1
10148,70.0,-58.0,-71.0,93.0,-1.0,1
10151,57.0,-2.0,-18.0,81.0,-0.0,1
10153,71.0,-47.0,-50.0,100.0,-0.0,0
10154,73.0,-25.0,-66.0,97.0,-1.0,1
10155,55.0,-87.0,-100.0,64.0,-2.0,0
10159,69.0,-51.0,-60.0,100.0,-3.0,1
10160,88.0,-6.0,-50.0,100.0,-0.0,1
10161,66.0,-43.0,-94.0,83.0,-1.0,1
10162,73.0,-52.0,-60.0,67.0,-0.0,1
10166,83.0,-2.0,-67.0,85.0,-0.0,1
10167,90.0,-51.0,-29.0,100.0,-1.0,1
10168,76.0,-5.0,-33.0,82.0,-1.0,1
10170,66.0,-24.0,-46.0,79.0,-0.0,1
10172,85.0,-1.0,-50.0,95.0,-0.0,1
10174,69.0,-26.0,-43.0,96.0,-2.0,1
10179,88.0,-6.0,-80.0,100.0,-0.0,1
10180,69.0,-28.0,-61.0,97.0,-3.0,1
10187,62.0,-57.0,-100.0,62.0,-2.0,0
10188,80.0,-45.0,-80.0,100.0,-1.0,1
10189,70.0,-53.0,-60.0,100.0,-1.0,1
10190,70.0,-33.0,-75.0,100.0,-2.0,0
10193,78.0,-21.0,-59.0,100.0,-0.0,1
10203,89.0,-8.0,-100.0,100.0,-0.0,1
10205,64.0,-51.0,-67.0,89.0,-2.0,0
10207,79.0,-8.0,-46.0,100.0,-0.0,1
10208,67.0,-26.0,-87.0,100.0,-1.0,0
10209,61.0,-38.0,-47.0,98.0,-1.0,1
10219,86.0,-6.0,-100.0,100.0,-0.0,1
10220,76.0,-8.0,-50.0,100.0,-0.0,1
10223,77.0,-21.0,-60.0,97.0,-1.0,0
10224,69.0,-10.0,-60.0,97.0,-0.0,1
10229,80.0,-11.0,-31.0,100.0,-0.0,1
10231,77.0,-13.0,-71.0,94.0,-0.0,1
10232,89.0,-0.0,-33.0,100.0,-0.0,0
10235,57.0,-85.0,-100.0,73.0,-1.0,0
10242,84.0,-16.0,-58.0,100.0,-0.0,1
10245,83.0,-1.0,-44.0,100.0,-0.0,1
10247,69.0,-34.0,-48.0,100.0,-4.0,1
10248,61.0,-30.0,-100.0,89.0,-2.0,0
10250,91.0,-2.0,-67.0,100.0,-0.0,1
10251,75.0,-16.0,-71.0,93.0,-0.0,1
10252,60.0,-13.0,-83.0,62.0,-0.0,0
10253,79.0,-6.0,-60.0,100.0,-0.0,1
10256,82.0,-0.0,-25.0,100.0,-0.0,1
10257,58.0,-63.0,-90.0,100.0,-6.0,0
10269,72.0,-25.0,-50.0,92.0,-1.0,1
10271,70.0,-0.0,-50.0,50.0,-0.0,0
10273,73.0,-18.0,-75.0,100.0,-0.0,1
10274,80.0,-12.0,-42.0,100.0,-1.0,1
10276,68.0,-25.0,-61.0,90.0,-0.0,0
10277,77.0,-36.0,-71.0,97.0,-1.0,1
10278,89.0,-6.0,-57.0,100.0,-0.0,1
10281,62.0,-97.0,-100.0,80.0,-2.0,0
10282,55.0,-23.0,-80.0,71.0,-0.0,0
10283,67.0,-20.0,-100.0,88.0,-0.0,1
10290,84.0,-16.0,-75.0,100.0,-0.0,1
10291,65.0,-25.0,-83.0,100.0,-0.0,0
10292,85.0,-0.0,-7.0,100.0,-0.0,1
10297,79.0,-18.0,-47.0,100.0,-0.0,1
10299,61.0,-61.0,-72.0,90.0,-5.0,0
10301,85.0,-19.0,-75.0,100.0,-0.0,1
10309,67.0,-48.0,-94.0,100.0,-2.0,1
10313,78.0,-14.0,-50.0,98.0,-0.0,1
10314,78.0,-11.0,-69.0,100.0,-1.0,1
10320,83.0,-0.0,-71.0,100.0,-0.0,1
10331,63.0,-35.0,-40.0,86.0,-0.0,1
10333,84.0,-45.0,-63.0,100.0,-0.0,1
10334,70.0,-44.0,-38.0,63.0,-2.0,1
10336,55.0,-66.0,-100.0,91.0,-2.0,0
10338,75.0,-37.0,-64.0,100.0,-2.0,1
10345,66.0,-97.0,-100.0,100.0,-2.0,0
10346,77.0,-45.0,-60.0,100.0,-1.0,1
10350,76.0,-25.0,-80.0,93.0,-1.0,1
10352,84.0,-3.0,-43.0,100.0,-0.0,1
10355,76.0,-27.0,-100.0,93.0,-0.0,1
10357,75.0,-23.0,-60.0,82.0,-0.0,1
10359,73.0,-59.0,-75.0,67.0,-0.0,0
10360,72.0,-40.0,-88.0,100.0,-1.0,1
10365,64.0,-75.0,-76.0,100.0,-4.0,0
10370,68.0,-79.0,-83.0,97.0,-3.0,0
10372,73.0,-38.0,-44.0,100.0,-2.0,1
10381,88.0,-2.0,-63.0,100.0,-0.0,1
10382,70.0,-25.0,-73.0,90.0,-1.0,1
10384,72.0,-44.0,-75.0,96.0,-1.0,1
10391,83.0,-3.0,-63.0,100.0,-0.0,1
10395,86.0,-24.0,-60.0,100.0,-0.0,1
10396,82.0,-2.0,-30.0,95.0,-0.0,1
10400,84.0,-28.0,-80.0,100.0,-0.0,1
10403,90.0,-1.0,-20.0,100.0,-0.0,1
10404,79.0,-41.0,-50.0,100.0,-2.0,1
10409,80.0,-7.0,-56.0,95.0,-0.0,1
10411,87.0,-17.0,-75.0,100.0,-0.0,1
10414,83.0,-5.0,-60.0,100.0,-0.0,1
10415,82.0,-22.0,-67.0,100.0,-0.0,1
10416,78.0,-0.0,-0.0,90.0,-0.0,1
10419,73.0,-24.0,-71.0,100.0,-1.0,1
10422,86.0,-5.0,-50.0,100.0,-0.0,1
10423,81.0,-15.0,-63.0,96.0,-0.0,1
10427,78.0,-0.0,-40.0,94.0,-0.0,0
10428,73.0,-87.0,-75.0,100.0,-1.0,1
10431,89.0,-9.0,-40.0,100.0,-0.0,0
10434,82.0,-2.0,-31.0,100.0,-0.0,1
10435,84.0,-13.0,-100.0,100.0,-0.0,1
10438,79.0,-15.0,-44.0,100.0,-0.0,1
10440,75.0,-27.0,-64.0,100.0,-1.0,1
10442,92.0,-1.0,-40.0,100.0,-0.0,1
10443,76.0,-33.0,-80.0,95.0,-0.0,1
10444,76.0,-40.0,-71.0,100.0,-1.0,0
10445,84.0,-14.0,-36.0,100.0,-1.0,1
10449,57.0,-93.0,-100.0,89.0,-1.0,1
10450,84.0,-10.0,-70.0,100.0,-0.0,1
10453,75.0,-34.0,-53.0,83.0,-1.0,0
10455,65.0,-86.0,-80.0,92.0,-1.0,0
10457,72.0,-19.0,-38.0,96.0,-0.0,0
