row_id,ExternalRiskEstimate,neg_NetFractionRevolvingBurden,neg_PercentTradesWBalance,PercentTradesNeverDelq,neg_NumBank2NatlTradesWHighUtilization,RiskPerformance
2,67.0,-53.0,-86.0,100.0,-1.0,0
7,68.0,-28.0,-40.0,83.0,-2.0,1
9,61.0,-31.0,-62.0,95.0,-1.0,0
12,74.0,-18.0,-67.0,100.0,-1.0,0
15,63.0,-71.0,-82.0,97.0,-3.0,0
18,89.0,-3.0,-50.0,100.0,-0.0,0
19,65.0,-31.0,-75.0,100.0,-0.0,0
21,72.0,-49.0,-73.0,100.0,-1.0,0
23,65.0,-14.0,-50.0,85.0,-1.0,0
26,58.0,-79.0,-91.0,55.0,-0.0,0
32,68.0,-15.0,-50.0,100.0,-0.0,0
33,75.0,-53.0,-55.0,100.0,-1.0,1
34,67.0,-31.0,-67.0,88.0,-1.0,0
36,51.0,-79.0,-100.0,84.0,-3.0,0
39,78.0,-7.0,-75.0,100.0,-0.0,0
41,90.0,-1.0,-71.0,100.0,-0.0,1
42,76.0,-37.0,-88.0,100.0,-0.0,0
45,72.0,-42.0,-82.0,100.0,-2.0,0
51,79.0,-20.0,-56.0,97.0,-0.0,1
52,75.0,-88.0,-93.0,100.0,-5.0,0
54,78.0,-10.0,-67.0,98.0,-0.0,0
59,55.0,-79.0,-88.0,50.0,-2.0,0
61,63.0,-37.0,-70.0,79.0,-2.0,0
62,81.0,-24.0,-78.0,100.0,-0.0,0
75,78.0,-22.0,-60.0,93.0,-0.0,1
78,84.0,-33.0,-100.0,100.0,-0.0,1
82,67.0,-59.0,-83.0,93.0,-2.0,0
83,71.0,-37.0,-80.0,96.0,-1.0,0
84,50.0,-32.0,-67.0,82.0,-0.0,0
87,70.0,-78.0,-67.0,100.0,-4.0,0
88,58.0,-81.0,-86.0,73.0,-2.0,0
90,88.0,-17.0,-50.0,100.0,-0.0,1
93,78.0,-22.0,-43.0,100.0,-1.0,0
96,67.0,-63.0,-94.0,89.0,-4.0,0
98,88.0,-0.0,-71.0,100.0,-0.0,1
100,66.0,-42.0,-58.0,94.0,-3.0,0
105,56.0,-101.0,-94.0,79.0,-11.0,0
106,65.0,-49.0,-80.0,83.0,-1.0,0
108,92.0,-7.0,-80.0,100.0,-0.0,1
109,91.0,-2.0,-67.0,100.0,-0.0,1
116,63.0,-77.0,-100.0,86.0,-1.0,0
119,75.0,-13.0,-100.0,82.0,-0.0,0
121,61.0,-53.0,-92.0,74.0,-2.0,0
123,69.0,-94.0,-100.0,92.0,-3.0,0
125,49.0,-37.0,-80.0,53.0,-0.0,0
127,65.0,-51.0,-80.0,76.0,-1.0,0
129,61.0,-80.0,-100.0,80.0,-1.0,0
131,59.0,-75.0,-100.0,69.0,-1.0,0
136,59.0,-38.0,-86.0,79.0,-1.0,0
140,75.0,-31.0,-57.0,96.0,-0.0,1
143,80.0,-4.0,-86.0,97.0,-0.0,1
144,70.0,-16.0,-63.0,88.0,-0.0,0
149,67.0,-66.0,-88.0,100.0,-1.0,0
150,73.0,-54.0,-100.0,100.0,-1.0,0
151,73.0,-40.0,-68.0,100.0,-1.0,0
154,86.0,-3.0,-43.0,100.0,-0.0,1
157,79.0,-18.0,-71.0,100.0,-0.0,1
158,76.0,-42.0,-75.0,95.0,-1.0,1
162,85.0,-1.0,-50.0,100.0,-0.0,1
165,72.0,-40.0,-73.0,100.0,-2.0,0
169,89.0,-3.0,-50.0,100.0,-0.0,1
170,50.0,-42.0,-69.0,81.0,-2.0,0
173,55.0,-44.0,-92.0,98.0,-1.0,0
175,62.0,-67.0,-100.0,90.0,-3.0,1
176,87.0,-3.0,-44.0,100.0,-0.0,1
178,66.0,-58.0,-63.0,100.0,-4.0,0
180,85.0,-53.0,-100.0,100.0,-0.0,0
181,81.0,-19.0,-35.0,100.0,-1.0,1
187,65.0,-13.0,-31.0,83.0,-0.0,1
188,85.0,-11.0,-73.0,100.0,-0.0,1
191,66.0,-83.0,-100.0,100.0,-1.0,0
194,69.0,-16.0,-73.0,90.0,-0.0,1
196,57.0,-93.0,-100.0,80.0,-1.0,0
198,66.0,-45.0,-65.0,79.0,-4.0,0
200,64.0,-52.0,-82.0,71.0,-1.0,0
202,81.0,-29.0,-86.0,100.0,-0.0,1
203,63.0,-38.0,-50.0,95.0,-2.0,1
204,66.0,-105.0,-100.0,100.0,-6.0,0
206,85.0,-12.0,-86.0,100.0,-0.0,1
208,85.0,-17.0,-75.0,100.0,-0.0,1
210,86.0,-26.0,-83.0,100.0,-0.0,1
211,70.0,-39.0,-100.0,83.0,-0.0,1
213,82.0,-25.0,-89.0,100.0,-1.0,1
215,66.0,-80.0,-88.0,100.0,-3.0,1
217,67.0,-44.0,-75.0,89.0,-0.0,0
219,67.0,-91.0,-75.0,100.0,-1.0,0
222,84.0,-20.0,-38.0,100.0,-1.0,1
226,60.0,-0.0,-63.0,67.0,-0.0,0
227,75.0,-3.0,-59.0,94.0,-0.0,1
228,59.0,-48.0,-83.0,93.0,-3.0,0
231,87.0,-10.0,-67.0,100.0,-0.0,1
232,90.0,-2.0,-20.0,100.0,-0.0,1
233,63.0,-53.0,-89.0,100.0,-1.0,1
235,82.0,-12.0,-44.0,100.0,-0.0,1
236,70.0,-3.0,-55.0,100.0,-0.0,1
239,76.0,-31.0,-60.0,94.0,-0.0,1
249,89.0,-10.0,-55.0,100.0,-0.0,1
251,58.0,-68.0,-100.0,64.0,-1.0,0
253,81.0,-25.0,-80.0,100.0,-1.0,1
256,51.0,-94.0,-83.0,69.0,-1.0,0
259,87.0,-3.0,-47.0,100.0,-0.0,1
261,70.0,-35.0,-59.0,97.0,-1.0,0
263,70.0,-50.0,-90.0,82.0,-0.0,0
265,73.0,-35.0,-73.0,95.0,-0.0,0
268,80.0,-36.0,-58.0,100.0,-1.0,1
274,84.0,-4.0,-75.0,100.0,-0.0,0
275,59.0,-70.0,-100.0,79.0,-1.0,0
276,66.0,-80.0,-60.0,64.0,-1.0,0
277,63.0,-33.0,-33.0,43.0,-1.0,0
282,67.0,-68.0,-80.0,95.0,-2.0,0
285,70.0,-83.0,-100.0,100.0,-3.0,1
287,69.0,-66.0,-57.0,82.0,-2.0,0
288,73.0,-42.0,-56.0,95.0,-1.0,0
289,66.0,-33.0,-73.0,92.0,-0.0,1
290,73.0,-45.0,-89.0,100.0,-1.0,1
293,88.0,-1.0,-36.0,100.0,-0.0,1
295,62.0,-68.0,-85.0,89.0,-3.0,0
296,73.0,-40.0,-85.0,85.0,-1.0,0
311,79.0,-20.0,-50.0,100.0,-1.0,0
320,80.0,-6.0,-64.0,98.0,-0.0,1
321,61.0,-10.0,-56.0,74.0,-0.0,0
322,79.0,-15.0,-86.0,82.0,-0.0,0
323,89.0,-7.0,-36.0,100.0,-0.0,1
326,72.0,-30.0,-70.0,81.0,-0.0,0
330,62.0,-29.0,-45.0,70.0,-1.0,0
331,87.0,-9.0,-56.0,100.0,-0.0,0
332,52.0,-41.0,-80.0,86.0,-1.0,0
336,64.0,-61.0,-100.0,100.0,-1.0,0
337,89.0,-4.0,-83.0,100.0,-0.0,1
341,66.0,-18.0,-58.0,92.0,-1.0,1
342,70.0,-58.0,-60.0,100.0,-3.0,1
343,69.0,-58.0,-86.0,95.0,-1.0,0
344,65.0,-60.0,-83.0,92.0,-1.0,0
345,60.0,-61.0,-100.0,73.0,-0.0,0
346,76.0,-76.0,-83.0,100.0,-1.0,1
348,69.0,-97.0,-100.0,92.0,-3.0,0
350,64.0,-51.0,-64.0,92.0,-3.0,1
353,66.0,-94.0,-100.0,88.0,-1.0,0
355,76.0,-40.0,-50.0,100.0,-3.0,0
363,80.0,-0.0,-44.0,90.0,-0.0,1
364,74.0,-1.0,-36.0,91.0,-0.0,0
371,78.0,-42.0,-40.0,95.0,-0.0,1
373,52.0,-25.0,-71.0,61.0,-0.0,1
374,76.0,-12.0,-60.0,92.0,-0.0,0
375,82.0,-10.0,-29.0,100.0,-0.0,1
376,81.0,-1.0,-67.0,95.0,-0.0,0
378,71.0,-38.0,-62.0,93.0,-2.0,0
380,87.0,-2.0,-38.0,100.0,-0.0,1
385,72.0,-17.0,-71.0,89.0,-0.0,0
387,68.0,-68.0,-100.0,100.0,-1.0,0
390,68.0,-44.0,-85.0,93.0,-4.0,1
391,65.0,-51.0,-83.0,78.0,-1.0,0
392,80.0,-10.0,-55.0,98.0,-0.0,0
394,65.0,-2.0,-47.0,100.0,-0.0,1
396,77.0,-0.0,-43.0,100.0,-0.0,0
403,73.0,-81.0,-50.0,100.0,-0.0,0
404,65.0,-39.0,-40.0,100.0,-1.0,0
405,70.0,-93.0,-100.0,97.0,-3.0,0
406,65.0,-70.0,-88.0,85.0,-2.0,1
407,91.0,-1.0,-80.0,100.0,-0.0,1
409,73.0,-21.0,-63.0,89.0,-0.0,0
410,68.0,-73.0,-71.0,97.0,-3.0,1
417,86.0,-7.0,-33.0,100.0,-0.0,1
418,64.0,-34.0,-67.0,96.0,-3.0,0
419,77.0,-59.0,-91.0,100.0,-1.0,1
420,73.0,-81.0,-83.0,95.0,-2.0,0
422,62.0,-73.0,-91.0,96.0,-2.0,0
423,67.0,-27.0,-60.0,50.0,-0.0,0
424,70.0,-49.0,-83.0,96.0,-2.0,0
426,86.0,-1.0,-33.0,100.0,-1.0,1
428,56.0,-69.0,-100.0,75.0,-2.0,0
432,88.0,-9.0,-50.0,100.0,-0.0,1
433,59.0,-20.0,-71.0,75.0,-0.0,0
439,83.0,-10.0,-50.0,100.0,-0.0,1
441,63.0,-74.0,-75.0,86.0,-2.0,1
442,69.0,-48.0,-100.0,86.0,-0.0,0
443,66.0,-37.0,-100.0,71.0,-2.0,1
445,63.0,-72.0,-91.0,89.0,-4.0,0
452,66.0,-46.0,-92.0,95.0,-1.0,0
453,56.0,-104.0,-100.0,27.0,-1.0,0
462,66.0,-89.0,-100.0,100.0,-2.0,0
466,73.0,-47.0,-89.0,93.0,-1.0,0
469,89.0,-10.0,-63.0,100.0,-0.0,1
472,60.0,-92.0,-86.0,100.0,-2.0,0
474,67.0,-30.0,-39.0,88.0,-1.0,1
479,75.0,-56.0,-60.0,100.0,-2.0,1
481,66.0,-100.0,-100.0,100.0,-2.0,0
482,79.0,-65.0,-83.0,100.0,-2.0,1
483,79.0,-13.0,-43.0,100.0,-0.0,1
485,90.0,-0.0,-40.0,100.0,-0.0,1
486,72.0,-0.0,-9.0,95.0,-0.0,1
488,75.0,-56.0,-91.0,100.0,-2.0,0
490,65.0,-58.0,-88.0,90.0,-0.0,0
492,88.0,-4.0,-75.0,100.0,-0.0,0
493,72.0,-7.0,-53.0,100.0,-0.0,1
494,69.0,-29.0,-58.0,87.0,-0.0,0
500,89.0,-1.0,-38.0,100.0,-0.0,1
501,86.0,-30.0,-75.0,100.0,-0.0,1
503,65.0,-78.0,-75.0,78.0,-1.0,0
505,63.0,-58.0,-57.0,100.0,-3.0,0
507,63.0,-88.0,-100.0,100.0,-2.0,0
510,61.0,-47.0,-86.0,73.0,-0.0,0
517,72.0,-45.0,-80.0,100.0,-1.0,0
520,82.0,-45.0,-75.0,100.0,-0.0,1
521,84.0,-7.0,-55.0,100.0,-1.0,1
522,75.0,-10.0,-56.0,100.0,-0.0,0
523,67.0,-23.0,-75.0,92.0,-0.0,1
524,56.0,-65.0,-69.0,97.0,-2.0,0
525,62.0,-43.0,-90.0,86.0,-0.0,0
526,57.0,-85.0,-89.0,94.0,-3.0,0
532,70.0,-34.0,-85.0,100.0,-1.0,0
537,69.0,-70.0,-88.0,100.0,-1.0,0
541,73.0,-35.0,-43.0,91.0,-0.0,1
546,77.0,-4.0,-50.0,94.0,-1.0,1
547,86.0,-5.0,-29.0,100.0,-0.0,0
548,69.0,-9.0,-78.0,93.0,-1.0,0
553,58.0,-101.0,-100.0,100.0,-1.0,0
554,74.0,-12.0,-58.0,100.0,-2.0,0
557,65.0,-76.0,-100.0,100.0,-2.0,0
558,58.0,-75.0,-83.0,83.0,-2.0,0
559,82.0,-36.0,-100.0,100.0,-0.0,1
561,82.0,-18.0,-75.0,100.0,-0.0,1
563,72.0,-39.0,-83.0,92.0,-2.0,0
565,73.0,-38.0,-79.0,100.0,-3.0,0
566,87.0,-11.0,-50.0,100.0,-0.0,1
568,74.0,-41.0,-92.0,94.0,-0.0,1
572,73.0,-22.0,-53.0,85.0,-0.0,0
574,55.0,-93.0,-75.0,77.0,-2.0,0
575,85.0,-6.0,-57.0,100.0,-0.0,1
580,83.0,-13.0,-69.0,100.0,-0.0,0
581,71.0,-48.0,-100.0,100.0,-0.0,1
586,88.0,-7.0,-33.0,100.0,-0.0,1
587,69.0,-1.0,-33.0,85.0,-0.0,1
590,76.0,-32.0,-50.0,94.0,-0.0,1
591,72.0,-34.0,-72.0,100.0,-3.0,1
592,72.0,-41.0,-86.0,90.0,-0.0,1
593,62.0,-27.0,-69.0,67.0,-1.0,1
595,76.0,-25.0,-81.0,97.0,-0.0,0
600,75.0,-0.0,-70.0,90.0,-0.0,1
604,87.0,-47.0,-50.0,100.0,-0.0,0
605,85.0,-12.0,-47.0,100.0,-0.0,1
606,63.0,-58.0,-100.0,89.0,-2.0,0
610,79.0,-27.0,-71.0,97.0,-0.0,1
612,88.0,-0.0,-38.0,100.0,-0.0,1
616,76.0,-62.0,-83.0,100.0,-1.0,0
617,67.0,-42.0,-67.0,100.0,-5.0,0
618,65.0,-7.0,-33.0,97.0,-0.0,0
620,78.0,-56.0,-73.0,100.0,-2.0,0
627,65.0,-75.0,-50.0,100.0,-1.0,0
628,86.0,-5.0,-40.0,100.0,-0.0,1
632,68.0,-43.0,-67.0,89.0,-1.0,1
634,62.0,-75.0,-56.0,84.0,-1.0,0
636,80.0,-19.0,-45.0,100.0,-1.0,0
637,80.0,-51.0,-69.0,100.0,-1.0,1
643,79.0,-7.0,-44.0,96.0,-0.0,1
649,68.0,-85.0,-100.0,97.0,-5.0,1
650,81.0,-3.0,-50.0,96.0,-1.0,1
652,57.0,-81.0,-90.0,89.0,-2.0,0
659,81.0,-79.0,-100.0,100.0,-1.0,1
663,83.0,-32.0,-75.0,100.0,-1.0,1
665,86.0,-1.0,-42.0,96.0,-0.0,1
667,80.0,-35.0,-50.0,100.0,-1.0,1
668,86.0,-4.0,-86.0,100.0,-0.0,1
673,78.0,-90.0,-80.0,100.0,-2.0,1
674,83.0,-28.0,-80.0,100.0,-0.0,1
678,67.0,-81.0,-86.0,100.0,-3.0,0
686,64.0,-54.0,-57.0,91.0,-1.0,0
691,86.0,-5.0,-36.0,100.0,-0.0,1
692,60.0,-36.0,-29.0,50.0,-1.0,0
693,88.0,-1.0,-67.0,100.0,-0.0,1
694,87.0,-3.0,-33.0,100.0,-0.0,1
698,79.0,-7.0,-58.0,93.0,-0.0,0
699,58.0,-62.0,-89.0,94.0,-2.0,0
701,76.0,-17.0,-81.0,100.0,-2.0,1
703,72.0,-93.0,-92.0,100.0,-4.0,1
704,80.0,-9.0,-43.0,93.0,-0.0,1
705,57.0,-102.0,-100.0,75.0,-5.0,0
706,72.0,-39.0,-100.0,100.0,-0.0,0
710,55.0,-100.0,-100.0,67.0,-1.0,0
712,69.0,-51.0,-100.0,93.0,-0.0,1
713,77.0,-9.0,-63.0,92.0,-0.0,1
715,45.0,-62.0,-65.0,86.0,-3.0,1
717,75.0,-76.0,-100.0,100.0,-2.0,0
718,76.0,-59.0,-75.0,100.0,-1.0,1
720,60.0,-42.0,-80.0,81.0,-2.0,0
723,86.0,-0.0,-0.0,100.0,-0.0,0
724,64.0,-63.0,-56.0,97.0,-4.0,1
725,72.0,-90.0,-82.0,100.0,-5.0,0
726,86.0,-7.0,-100.0,100.0,-0.0,1
730,78.0,-2.0,-20.0,92.0,-0.0,1
731,57.0,-84.0,-82.0,80.0,-4.0,0
732,75.0,-14.0,-86.0,100.0,-1.0,1
733,58.0,-86.0,-67.0,71.0,-2.0,0
734,68.0,-50.0,-64.0,100.0,-2.0,0
735,84.0,-22.0,-47.0,100.0,-0.0,0
736,82.0,-32.0,-50.0,100.0,-0.0,1
739,84.0,-14.0,-46.0,100.0,-1.0,1
743,83.0,-6.0,-25.0,91.0,-0.0,1
744,68.0,-50.0,-88.0,92.0,-1.0,0
745,89.0,-12.0,-33.0,100.0,-0.0,1
746,57.0,-81.0,-88.0,91.0,-1.0,0
748,62.0,-62.0,-71.0,97.0,-6.0,0
751,70.0,-48.0,-78.0,96.0,-0.0,1
755,85.0,-7.0,-60.0,100.0,-0.0,1
760,78.0,-42.0,-45.0,100.0,-2.0,1
761,89.0,-0.0,-33.0,100.0,-0.0,1
762,70.0,-20.0,-45.0,95.0,-1.0,0
765,83.0,-13.0,-50.0,100.0,-2.0,1
768,67.0,-30.0,-64.0,92.0,-1.0,0
769,73.0,-70.0,-94.0,100.0,-2.0,1
771,70.0,-65.0,-68.0,100.0,-6.0,1
772,85.0,-0.0,-67.0,100.0,-0.0,1
781,85.0,-4.0,-50.0,100.0,-1.0,1
782,73.0,-20.0,-40.0,95.0,-1.0,1
783,60.0,-30.0,-56.0,100.0,-0.0,1
785,81.0,-30.0,-62.0,100.0,-0.0,1
789,77.0,-53.0,-62.0,100.0,-1.0,1
791,74.0,-66.0,-92.0,100.0,-0.0,1
794,73.0,-49.0,-75.0,92.0,-1.0,0
795,90.0,-1.0,-11.0,100.0,-0.0,1
796,69.0,-53.0,-100.0,93.0,-0.0,0
797,72.0,-85.0,-79.0,100.0,-9.0,0
798,79.0,-40.0,-44.0,100.0,-1.0,1
800,82.0,-2.0,-68.0,100.0,-0.0,1
801,49.0,-89.0,-86.0,67.0,-2.0,1
802,66.0,-65.0,-87.0,90.0,-2.0,1
805,84.0,-5.0,-29.0,100.0,-0.0,1
806,79.0,-22.0,-82.0,95.0,-0.0,1
808,79.0,-43.0,-70.0,100.0,-2.0,1
810,69.0,-69.0,-67.0,97.0,-6.0,1
814,74.0,-23.0,-71.0,89.0,-0.0,1
815,86.0,-4.0,-60.0,100.0,-0.0,1
819,70.0,-46.0,-63.0,100.0,-2.0,0
826,87.0,-3.0,-33.0,100.0,-0.0,1
827,72.0,-7.0,-67.0,97.0,-0.0,1
829,87.0,-3.0,-44.0,100.0,-0.0,1
830,90.0,-1.0,-30.0,100.0,-0.0,1
832,78.0,-20.0,-56.0,100.0,-0.0,1
835,90.0,-11.0,-80.0,100.0,-0.0,1
839,70.0,-31.0,-59.0,98.0,-1.0,1
843,63.0,-85.0,-57.0,100.0,-5.0,0
844,80.0,-32.0,-88.0,100.0,-0.0,0
849,75.0,-79.0,-100.0,93.0,-1.0,1
850,84.0,-1.0,-36.0,100.0,-0.0,1
852,66.0,-45.0,-83.0,88.0,-1.0,1
854,70.0,-20.0,-56.0,97.0,-2.0,0
856,68.0,-92.0,-71.0,100.0,-2.0,1
857,74.0,-26.0,-62.0,100.0,-1.0,1
858,82.0,-1.0,-50.0,87.0,-0.0,1
860,68.0,-50.0,-88.0,94.0,-0.0,0
861,76.0,-11.0,-50.0,97.0,-2.0,1
862,81.0,-55.0,-50.0,100.0,-1.0,1
865,88.0,-8.0,-63.0,100.0,-0.0,1
866,84.0,-18.0,-60.0,100.0,-0.0,1
867,63.0,-57.0,-80.0,100.0,-1.0,0
870,71.0,-11.0,-45.0,93.0,-0.0,0
871,85.0,-4.0,-42.0,100.0,-0.0,0
873,65.0,-47.0,-86.0,70.0,-0.0,1
882,56.0,-21.0,-55.0,86.0,-0.0,0
883,64.0,-30.0,-74.0,89.0,-1.0,0
886,63.0,-0.0,-27.0,94.0,-0.0,0
888,80.0,-34.0,-45.0,100.0,-1.0,1
895,77.0,-75.0,-100.0,100.0,-0.0,1
899,89.0,-6.0,-55.0,100.0,-0.0,1
900,88.0,-2.0,-25.0,100.0,-1.0,1
904,51.0,-21.0,-53.0,74.0,-0.0,0
905,84.0,-6.0,-86.0,100.0,-0.0,1
906,84.0,-47.0,-50.0,100.0,-0.0,1
907,80.0,-51.0,-20.0,100.0,-1.0,1
910,75.0,-10.0,-47.0,98.0,-1.0,1
911,93.0,-0.0,-75.0,100.0,-0.0,1
914,68.0,-31.0,-77.0,100.0,-1.0,1
924,83.0,-11.0,-53.0,97.0,-0.0,1
925,67.0,-16.0,-55.0,81.0,-0.0,1
928,70.0,-5.0,-47.0,97.0,-0.0,0
932,77.0,-0.0,-67.0,95.0,-0.0,1
942,89.0,-4.0,-33.0,100.0,-0.0,1
943,69.0,-0.0,-40.0,67.0,-0.0,0
945,86.0,-4.0,-43.0,100.0,-0.0,1
947,82.0,-25.0,-67.0,94.0,-0.0,1
948,72.0,-25.0,-65.0,100.0,-2.0,1
953,76.0,-3.0,-59.0,90.0,-0.0,1
955,63.0,-36.0,-85.0,88.0,-1.0,0
958,66.0,-14.0,-67.0,54.0,-0.0,0
961,64.0,-21.0,-42.0,100.0,-1.0,0
962,73.0,-5.0,-52.0,96.0,-0.0,1
963,79.0,-19.0,-88.0,95.0,-0.0,1
964,83.0,-26.0,-75.0,100.0,-0.0,1
965,86.0,-7.0,-50.0,100.0,-0.0,1
968,88.0,-0.0,-46.0,100.0,-0.0,1
969,84.0,-12.0,-44.0,100.0,-0.0,1
970,72.0,-14.0,-100.0,100.0,-0.0,1
976,74.0,-5.0,-67.0,100.0,-0.0,1
977,76.0,-92.0,-100.0,100.0,-2.0,1
979,87.0,-19.0,-67.0,97.0,-0.0,1
980,89.0,-14.0,-50.0,100.0,-0.0,1
983,84.0,-1.0,-50.0,100.0,-0.0,1
984,63.0,-36.0,-75.0,75.0,-0.0,0
985,87.0,-4.0,-67.0,100.0,-0.0,1
988,78.0,-36.0,-75.0,100.0,-2.0,1
989,84.0,-0.0,-50.0,94.0,-0.0,1
990,73.0,-19.0,-80.0,89.0,-0.0,0
995,61.0,-73.0,-90.0,100.0,-5.0,0
996,90.0,-1.0,-22.0,100.0,-0.0,1
998,63.0,-18.0,-64.0,86.0,-1.0,0
1000,64.0,-55.0,-57.0,100.0,-0.0,0
1003,88.0,-1.0,-62.0,100.0,-0.0,0
1004,65.0,-81.0,-88.0,100.0,-2.0,0
1006,55.0,-33.0,-67.0,77.0,-0.0,0
1007,84.0,-0.0,-17.0,93.0,-0.0,0
1010,57.0,-64.0,-71.0,97.0,-9.0,0
1014,68.0,-66.0,-67.0,100.0,-2.0,1
1019,71.0,-41.0,-50.0,100.0,-1.0,1
1023,65.0,-30.0,-60.0,80.0,-0.0,0
1025,68.0,-61.0,-50.0,88.0,-3.0,1
1026,86.0,-0.0,-83.0,100.0,-0.0,1
1028,50.0,-89.0,-75.0,94.0,-3.0,0
1029,89.0,-0.0,-40.0,100.0,-0.0,1
1031,77.0,-12.0,-36.0,100.0,-2.0,1
1032,73.0,-54.0,-86.0,100.0,-1.0,0
1033,66.0,-78.0,-70.0,100.0,-3.0,0
1034,78.0,-15.0,-50.0,95.0,-1.0,0
1037,73.0,-62.0,-100.0,100.0,-4.0,0
1039,58.0,-98.0,-80.0,100.0,-1.0,1
1042,61.0,-76.0,-90.0,83.0,-5.0,1
1044,75.0,-20.0,-79.0,98.0,-0.0,1
1045,71.0,-83.0,-60.0,78.0,-2.0,1
1047,81.0,-0.0,-14.0,90.0,-0.0,1
1056,70.0,-38.0,-67.0,88.0,-0.0,0
1058,83.0,-16.0,-69.0,100.0,-0.0,1
1061,58.0,-61.0,-88.0,82.0,-1.0,0
1062,77.0,-10.0,-50.0,94.0,-0.0,0
1066,70.0,-6.0,-48.0,95.0,-1.0,1
1068,84.0,-32.0,-25.0,100.0,-0.0,1
1069,62.0,-93.0,-83.0,93.0,-3.0,1
1071,77.0,-42.0,-60.0,100.0,-0.0,1
1073,85.0,-5.0,-75.0,96.0,-0.0,1
1075,78.0,-46.0,-67.0,100.0,-2.0,1
1076,71.0,-24.0,-90.0,75.0,-0.0,0
1078,69.0,-61.0,-62.0,97.0,-2.0,1
1463,87.0,-9.0,-21.0,100.0,-0.0,1
1468,61.0,-56.0,-100.0,75.0,-0.0,0
1470,71.0,-19.0,-44.0,81.0,-1.0,0
1471,82.0,-2.0,-31.0,100.0,-0.0,1
1474,66.0,-0.0,-60.0,78.0,-0.0,1
1480,84.0,-8.0,-75.0,100.0,-0.0,1
1485,75.0,-19.0,-78.0,95.0,-0.0,1
1486,64.0,-88.0,-86.0,100.0,-6.0,0
1490,80.0,-9.0,-29.0,95.0,-1.0,1
1491,79.0,-30.0,-100.0,100.0,-1.0,1
1496,81.0,-34.0,-60.0,100.0,-0.0,1
1498,76.0,-38.0,-55.0,100.0,-4.0,1
1500,86.0,-17.0,-33.0,100.0,-0.0,0
1501,65.0,-51.0,-64.0,95.0,-3.0,0
1503,68.0,-78.0,-76.0,100.0,-7.0,1
1508,72.0,-3.0,-11.0,100.0,-0.0,0
1510,80.0,-36.0,-43.0,100.0,-1.0,1
1512,66.0,-7.0,-40.0,92.0,-0.0,0
1513,76.0,-22.0,-37.0,100.0,-1.0,1
1516,78.0,-12.0,-23.0,100.0,-1.0,1
1524,83.0,-4.0,-45.0,93.0,-1.0,1
1525,81.0,-12.0,-30.0,100.0,-0.0,0
1526,88.0,-9.0,-100.0,100.0,-0.0,1
1530,54.0,-44.0,-83.0,38.0,-0.0,0
1532,84.0,-3.0,-30.0,95.0,-0.0,1
1533,55.0,-67.0,-64.0,78.0,-1.0,0
1538,82.0,-8.0,-50.0,97.0,-0.0,1
1541,82.0,-7.0,-33.0,100.0,-0.0,1
1542,84.0,-44.0,-33.0,100.0,-2.0,0
1543,86.0,-9.0,-33.0,100.0,-0.0,1
1546,67.0,-67.0,-67.0,100.0,-1.0,0
1547,64.0,-24.0,-57.0,78.0,-0.0,0
1550,57.0,-98.0,-80.0,81.0,-1.0,0
1551,70.0,-51.0,-63.0,90.0,-1.0,0
1552,65.0,-45.0,-71.0,97.0,-2.0,0
1556,72.0,-89.0,-92.0,100.0,-5.0,0
1559,70.0,-39.0,-73.0,94.0,-1.0,0
1560,70.0,-71.0,-82.0,97.0,-1.0,0
1563,68.0,-31.0,-57.0,91.0,-2.0,0
1566,72.0,-16.0,-50.0,93.0,-0.0,1
1568,72.0,-12.0,-42.0,97.0,-0.0,0
1569,71.0,-44.0,-50.0,98.0,-5.0,0
1571,69.0,-63.0,-83.0,100.0,-3.0,0
1575,72.0,-34.0,-50.0,95.0,-1.0,0
1582,72.0,-20.0,-64.0,100.0,-1.0,0
1583,76.0,-12.0,-25.0,91.0,-1.0,0
1585,68.0,-60.0,-100.0,57.0,-0.0,0
1586,91.0,-4.0,-20.0,100.0,-0.0,1
1588,75.0,-6.0,-57.0,97.0,-1.0,1
1590,63.0,-63.0,-100.0,80.0,-0.0,0
1593,82.0,-0.0,-46.0,100.0,-0.0,1
1594,73.0,-65.0,-40.0,100.0,-2.0,0
1595,59.0,-64.0,-55.0,82.0,-2.0,0
1596,60.0,-72.0,-79.0,94.0,-6.0,0
1597,82.0,-21.0,-63.0,100.0,-2.0,1
1598,59.0,-66.0,-57.0,90.0,-1.0,0
1600,64.0,-48.0,-88.0,78.0,-0.0,0
1601,66.0,-66.0,-67.0,80.0,-4.0,0
1603,65.0,-65.0,-71.0,93.0,-0.0,0
1604,58.0,-69.0,-88.0,66.0,-2.0,0
1605,54.0,-64.0,-93.0,88.0,-3.0,0
1607,78.0,-0.0,-42.0,81.0,-0.0,0
1610,81.0,-23.0,-28.0,100.0,-0.0,1
1613,66.0,-81.0,-75.0,100.0,-11.0,0
1617,73.0,-17.0,-33.0,100.0,-1.0,0
1620,82.0,-16.0,-50.0,100.0,-0.0,0
1621,76.0,-6.0,-33.0,96.0,-1.0,0
1623,70.0,-49.0,-43.0,100.0,-3.0,1
1628,91.0,-1.0,-50.0,100.0,-0.0,1
1630,81.0,-6.0,-83.0,100.0,-0.0,0
1632,59.0,-52.0,-79.0,100.0,-1.0,0
1633,60.0,-54.0,-55.0,90.0,-1.0,1
1635,73.0,-28.0,-36.0,95.0,-0.0,1
1636,81.0,-16.0,-33.0,100.0,-0.0,1
1637,65.0,-50.0,-71.0,93.0,-0.0,1
1639,79.0,-0.0,-38.0,94.0,-0.0,1
1642,58.0,-25.0,-47.0,95.0,-3.0,0
1646,85.0,-26.0,-100.0,100.0,-0.0,1
1647,78.0,-12.0,-44.0,100.0,-0.0,1
1648,93.0,-1.0,-13.0,100.0,-0.0,1
1651,91.0,-10.0,-40.0,100.0,-0.0,0
1653,66.0,-41.0,-56.0,98.0,-4.0,0
1654,67.0,-99.0,-89.0,100.0,-5.0,0
1657,82.0,-8.0,-36.0,100.0,-1.0,1
1660,86.0,-5.0,-57.0,92.0,-0.0,0
1661,66.0,-93.0,-100.0,100.0,-1.0,0
1664,79.0,-1.0,-38.0,100.0,-0.0,0
1668,68.0,-16.0,-75.0,97.0,-0.0,0
1669,79.0,-43.0,-55.0,100.0,-2.0,0
1672,74.0,-46.0,-86.0,100.0,-1.0,0
1674,66.0,-59.0,-58.0,100.0,-3.0,0
1676,68.0,-49.0,-50.0,89.0,-1.0,1
1680,79.0,-1.0,-18.0,100.0,-0.0,1
1682,67.0,-77.0,-71.0,96.0,-4.0,1
1684,59.0,-3.0,-52.0,71.0,-0.0,1
1686,76.0,-43.0,-70.0,100.0,-2.0,0
1688,91.0,-3.0,-22.0,100.0,-0.0,1
1689,69.0,-16.0,-73.0,95.0,-2.0,1
1691,61.0,-21.0,-86.0,82.0,-0.0,0
1695,63.0,-58.0,-56.0,98.0,-3.0,0
1697,72.0,-16.0,-100.0,100.0,-1.0,1
1702,57.0,-75.0,-80.0,93.0,-6.0,0
1710,76.0,-17.0,-54.0,96.0,-0.0,0
1711,65.0,-29.0,-56.0,93.0,-2.0,0
1715,84.0,-1.0,-17.0,100.0,-0.0,1
1717,64.0,-68.0,-100.0,100.0,-1.0,1
1718,86.0,-4.0,-58.0,100.0,-0.0,1
1720,89.0,-0.0,-22.0,100.0,-0.0,1
1722,65.0,-65.0,-62.0,100.0,-8.0,0
1724,63.0,-52.0,-73.0,88.0,-3.0,1
1726,79.0,-31.0,-61.0,96.0,-0.0,1
1729,84.0,-3.0,-39.0,100.0,-0.0,1
1730,88.0,-0.0,-0.0,100.0,-0.0,1
1732,81.0,-24.0,-67.0,100.0,-1.0,1
1735,73.0,-27.0,-80.0,100.0,-0.0,1
1738,77.0,-33.0,-63.0,100.0,-1.0,1
1740,64.0,-44.0,-89.0,85.0,-0.0,0
1741,82.0,-6.0,-50.0,97.0,-0.0,0
1742,87.0,-5.0,-14.0,100.0,-0.0,1
1743,76.0,-25.0,-47.0,100.0,-1.0,0
1748,55.0,-84.0,-80.0,89.0,-4.0,0
1753,86.0,-3.0,-45.0,97.0,-1.0,1
1756,86.0,-5.0,-42.0,100.0,-0.0,1
1758,55.0,-64.0,-78.0,96.0,-0.0,0
1759,55.0,-61.0,-100.0,76.0,-1.0,0
1760,59.0,-38.0,-77.0,87.0,-3.0,0
1762,70.0,-48.0,-18.0,98.0,-2.0,1
1764,81.0,-19.0,-64.0,98.0,-0.0,1
1765,61.0,-95.0,-100.0,100.0,-2.0,0
1768,84.0,-16.0,-30.0,100.0,-0.0,1
1770,79.0,-34.0,-100.0,96.0,-1.0,1
1772,76.0,-40.0,-22.0,80.0,-1.0,0
1775,86.0,-8.0,-56.0,100.0,-0.0,1
1776,66.0,-49.0,-64.0,85.0,-2.0,0
1777,75.0,-24.0,-47.0,98.0,-0.0,1
1778,65.0,-81.0,-100.0,73.0,-1.0,0
1779,65.0,-53.0,-63.0,94.0,-1.0,0
1781,62.0,-19.0,-60.0,95.0,-4.0,1
1783,64.0,-8.0,-75.0,100.0,-0.0,0
1784,82.0,-55.0,-100.0,100.0,-0.0,0
1785,59.0,-11.0,-80.0,100.0,-0.0,1
1786,56.0,-101.0,-100.0,72.0,-1.0,0
1788,67.0,-40.0,-64.0,87.0,-1.0,0
1789,74.0,-17.0,-54.0,100.0,-1.0,1
1791,70.0,-79.0,-89.0,100.0,-2.0,1
1792,65.0,-61.0,-84.0,94.0,-5.0,0
1795,61.0,-42.0,-59.0,100.0,-4.0,0
1797,70.0,-65.0,-82.0,95.0,-2.0,0
1799,69.0,-76.0,-69.0,100.0,-7.0,0
1803,59.0,-59.0,-90.0,96.0,-2.0,0
1806,71.0,-73.0,-71.0,100.0,-1.0,1
1808,81.0,-4.0,-42.0,100.0,-0.0,1
1810,84.0,-26.0,-75.0,100.0,-0.0,0
1817,83.0,-2.0,-54.0,97.0,-0.0,0
1822,65.0,-19.0,-64.0,90.0,-0.0,1
1823,77.0,-36.0,-33.0,97.0,-0.0,1
1825,86.0,-1.0,-55.0,97.0,-0.0,0
1827,79.0,-12.0,-83.0,100.0,-0.0,0
1830,70.0,-11.0,-60.0,95.0,-0.0,1
1831,83.0,-5.0,-60.0,100.0,-0.0,1
1839,76.0,-6.0,-55.0,97.0,-0.0,1
1845,58.0,-84.0,-100.0,75.0,-1.0,0
1846,59.0,-62.0,-75.0,100.0,-4.0,0
1849,67.0,-35.0,-46.0,94.0,-2.0,0
1850,72.0,-74.0,-88.0,100.0,-2.0,0
1853,80.0,-5.0,-45.0,88.0,-0.0,1
1854,70.0,-22.0,-50.0,91.0,-1.0,0
1855,82.0,-3.0,-38.0,94.0,-0.0,1
1862,63.0,-43.0,-75.0,85.0,-0.0,0
1866,72.0,-13.0,-25.0,96.0,-1.0,1
1872,82.0,-2.0,-43.0,100.0,-0.0,0
1873,56.0,-94.0,-85.0,95.0,-18.0,0
1875,77.0,-11.0,-47.0,100.0,-2.0,0
1878,68.0,-62.0,-73.0,92.0,-2.0,1
1880,66.0,-31.0,-56.0,90.0,-1.0,0
1881,77.0,-18.0,-56.0,89.0,-0.0,0
1883,68.0,-2.0,-70.0,95.0,-0.0,1
1885,76.0,-5.0,-37.0,96.0,-0.0,0
1886,73.0,-56.0,-79.0,100.0,-1.0,0
1887,67.0,-61.0,-90.0,83.0,-2.0,0
1889,80.0,-3.0,-50.0,92.0,-0.0,1
1897,63.0,-68.0,-100.0,80.0,-0.0,0
1903,78.0,-13.0,-75.0,98.0,-1.0,1
1904,76.0,-37.0,-53.0,100.0,-0.0,1
1907,58.0,-68.0,-83.0,67.0,-1.0,0
1910,61.0,-63.0,-90.0,68.0,-1.0,0
1911,66.0,-66.0,-100.0,100.0,-0.0,0
1912,67.0,-97.0,-100.0,70.0,-1.0,0
1913,68.0,-54.0,-83.0,100.0,-1.0,1
1915,77.0,-19.0,-44.0,100.0,-0.0,0
1923,73.0,-1.0,-57.0,100.0,-0.0,1
1925,82.0,-9.0,-75.0,96.0,-0.0,0
1926,71.0,-4.0,-33.0,80.0,-0.0,0
1928,88.0,-9.0,-40.0,100.0,-0.0,1
1930,75.0,-6.0,-50.0,92.0,-0.0,0
1932,65.0,-10.0,-60.0,54.0,-0.0,0
1933,68.0,-38.0,-83.0,85.0,-0.0,0
1934,62.0,-95.0,-100.0,78.0,-3.0,0
1936,81.0,-26.0,-60.0,100.0,-1.0,0
1938,66.0,-61.0,-43.0,100.0,-4.0,0
1940,62.0,-65.0,-79.0,100.0,-7.0,0
1942,61.0,-115.0,-75.0,78.0,-1.0,0
1944,66.0,-86.0,-100.0,100.0,-2.0,0
1945,57.0,-48.0,-100.0,79.0,-0.0,0
1946,90.0,-5.0,-75.0,100.0,-0.0,1
1951,70.0,-24.0,-67.0,93.0,-0.0,0
1955,58.0,-19.0,-56.0,95.0,-1.0,0
1957,80.0,-26.0,-83.0,100.0,-0.0,1
1958,79.0,-0.0,-22.0,96.0,-0.0,1
1961,63.0,-17.0,-36.0,79.0,-0.0,0
1963,72.0,-49.0,-50.0,100.0,-1.0,0
1964,62.0,-48.0,-100.0,71.0,-1.0,1
1965,61.0,-70.0,-85.0,91.0,-2.0,0
1966,74.0,-14.0,-27.0,97.0,-1.0,0
1967,61.0,-0.0,-40.0,25.0,-0.0,0
1970,51.0,-87.0,-100.0,78.0,-3.0,0
1973,68.0,-86.0,-88.0,100.0,-3.0,0
1975,87.0,-18.0,-50.0,100.0,-0.0,1
1980,86.0,-18.0,-44.0,100.0,-0.0,0
1981,67.0,-64.0,-80.0,100.0,-2.0,1
1985,68.0,-29.0,-62.0,93.0,-2.0,0
1986,74.0,-47.0,-53.0,100.0,-1.0,1
1992,65.0,-103.0,-100.0,100.0,-1.0,0
1993,60.0,-93.0,-100.0,84.0,-4.0,1
1995,54.0,-92.0,-100.0,100.0,-2.0,0
1996,87.0,-14.0,-60.0,100.0,-0.0,1
2000,73.0,-18.0,-53.0,100.0,-1.0,1
2003,75.0,-57.0,-43.0,100.0,-2.0,1
2006,86.0,-23.0,-63.0,100.0,-0.0,0
2008,72.0,-16.0,-26.0,95.0,-1.0,0
2011,74.0,-25.0,-75.0,71.0,-0.0,0
2013,56.0,-9.0,-56.0,70.0,-0.0,0
2020,66.0,-64.0,-85.0,100.0,-3.0,0
2021,73.0,-19.0,-50.0,100.0,-2.0,1
2023,66.0,-22.0,-63.0,59.0,-0.0,0
2024,75.0,-40.0,-50.0,100.0,-1.0,0
2025,80.0,-32.0,-83.0,100.0,-0.0,0
2026,63.0,-17.0,-48.0,86.0,-0.0,0
2038,80.0,-10.0,-63.0,97.0,-2.0,1
2040,51.0,-76.0,-100.0,75.0,-1.0,0
2043,60.0,-86.0,-100.0,76.0,-3.0,0
2053,88.0,-1.0,-25.0,100.0,-0.0,0
2054,68.0,-20.0,-44.0,91.0,-1.0,0
2056,67.0,-47.0,-60.0,82.0,-1.0,0
2059,68.0,-29.0,-58.0,88.0,-0.0,0
2060,74.0,-58.0,-67.0,97.0,-1.0,1
2063,70.0,-1.0,-13.0,92.0,-0.0,1
2065,60.0,-64.0,-100.0,94.0,-2.0,0
2066,67.0,-79.0,-87.0,100.0,-11.0,0
2067,69.0,-84.0,-100.0,83.0,-1.0,0
2071,76.0,-9.0,-36.0,91.0,-0.0,0
2072,77.0,-34.0,-22.0,95.0,-1.0,0
2074,69.0,-23.0,-64.0,80.0,-0.0,1
2076,62.0,-10.0,-73.0,93.0,-2.0,0
2079,61.0,-87.0,-67.0,96.0,-4.0,0
2081,83.0,-3.0,-100.0,100.0,-0.0,0
2082,63.0,-65.0,-44.0,88.0,-1.0,0
2084,79.0,-19.0,-59.0,97.0,-1.0,0
2085,82.0,-2.0,-35.0,100.0,-0.0,1
2088,63.0,-41.0,-100.0,62.0,-0.0,0
2092,58.0,-99.0,-100.0,60.0,-1.0,0
2095,89.0,-6.0,-33.0,100.0,-0.0,1
2097,87.0,-9.0,-63.0,100.0,-1.0,1
2101,60.0,-1.0,-50.0,89.0,-1.0,0
2102,71.0,-83.0,-78.0,100.0,-2.0,0
2104,64.0,-53.0,-62.0,98.0,-4.0,1
2107,62.0,-50.0,-100.0,82.0,-2.0,0
2108,81.0,-24.0,-33.0,100.0,-1.0,0
2109,75.0,-59.0,-58.0,100.0,-1.0,1
2112,57.0,-32.0,-44.0,88.0,-2.0,0
2114,76.0,-33.0,-65.0,100.0,-1.0,1
2116,68.0,-63.0,-93.0,100.0,-3.0,0
2117,62.0,-82.0,-81.0,95.0,-6.0,0
2118,85.0,-26.0,-100.0,100.0,-0.0,0
2119,63.0,-34.0,-74.0,75.0,-2.0,0
2120,70.0,-24.0,-67.0,86.0,-1.0,0
2124,69.0,-35.0,-71.0,92.0,-1.0,1
2126,66.0,-32.0,-67.0,81.0,-0.0,0
2127,59.0,-43.0,-90.0,82.0,-0.0,0
2128,63.0,-53.0,-85.0,100.0,-1.0,0
2131,65.0,-33.0,-87.0,100.0,-2.0,0
2135,66.0,-76.0,-100.0,75.0,-0.0,0
2138,74.0,-5.0,-67.0,57.0,-0.0,0
2140,66.0,-74.0,-100.0,80.0,-2.0,0
2141,68.0,-77.0,-91.0,100.0,-3.0,1
2146,69.0,-18.0,-75.0,75.0,-0.0,0
2149,69.0,-8.0,-70.0,90.0,-0.0,1
2150,80.0,-2.0,-62.0,100.0,-0.0,0
2155,72.0,-72.0,-92.0,100.0,-2.0,0
2157,65.0,-32.0,-64.0,81.0,-0.0,0
2159,68.0,-34.0,-57.0,100.0,-2.0,0
2160,66.0,-51.0,-90.0,96.0,-2.0,0
2161,71.0,-28.0,-59.0,100.0,-4.0,0
2162,69.0,-28.0,-60.0,94.0,-0.0,1
2168,66.0,-53.0,-100.0,100.0,-2.0,0
2170,80.0,-36.0,-70.0,100.0,-1.0,0
2171,76.0,-48.0,-100.0,100.0,-0.0,1
2173,82.0,-5.0,-45.0,96.0,-0.0,1
2176,63.0,-75.0,-100.0,96.0,-6.0,0
2177,85.0,-0.0,-50.0,93.0,-0.0,1
2179,62.0,-53.0,-54.0,90.0,-0.0,0
2180,64.0,-66.0,-82.0,100.0,-7.0,0
2182,57.0,-100.0,-100.0,100.0,-2.0,0
2183,62.0,-66.0,-88.0,96.0,-2.0,0
2185,74.0,-26.0,-40.0,93.0,-0.0,0
2186,68.0,-14.0,-44.0,100.0,-1.0,0
2187,61.0,-35.0,-76.0,83.0,-1.0,0
2188,65.0,-7.0,-55.0,91.0,-1.0,0
2191,75.0,-17.0,-100.0,75.0,-0.0,0
2192,77.0,-48.0,-60.0,100.0,-1.0,0
2193,79.0,-5.0,-50.0,97.0,-0.0,0
2195,65.0,-18.0,-46.0,93.0,-0.0,0
2197,71.0,-87.0,-100.0,100.0,-1.0,1
2204,65.0,-47.0,-73.0,100.0,-6.0,0
2206,63.0,-48.0,-80.0,80.0,-1.0,0
2208,71.0,-70.0,-100.0,93.0,-1.0,0
2211,70.0,-70.0,-57.0,100.0,-2.0,0
2213,82.0,-16.0,-75.0,100.0,-0.0,0
2216,65.0,-31.0,-47.0,97.0,-2.0,1
2218,68.0,-54.0,-56.0,97.0,-2.0,0
2220,67.0,-83.0,-91.0,100.0,-10.0,0
2226,88.0,-3.0,-64.0,100.0,-0.0,1
2228,69.0,-69.0,-83.0,100.0,-2.0,0
2229,61.0,-24.0,-44.0,98.0,-1.0,0
2231,59.0,-59.0,-89.0,100.0,-1.0,0
2235,72.0,-25.0,-43.0,97.0,-1.0,1
2236,68.0,-32.0,-56.0,90.0,-2.0,1
2243,66.0,-58.0,-83.0,93.0,-2.0,0
2249,87.0,-14.0,-83.0,100.0,-0.0,1
2251,64.0,-69.0,-76.0,88.0,-6.0,0
2252,68.0,-19.0,-36.0,94.0,-0.0,0
2253,71.0,-8.0,-50.0,94.0,-1.0,0
2254,66.0,-82.0,-90.0,100.0,-3.0,1
2255,64.0,-68.0,-71.0,95.0,-1.0,0
2256,63.0,-49.0,-92.0,100.0,-2.0,0
2262,66.0,-43.0,-63.0,88.0,-1.0,0
2263,89.0,-0.0,-57.0,100.0,-0.0,1
2264,76.0,-40.0,-78.0,100.0,-1.0,1
2266,76.0,-29.0,-56.0,89.0,-1.0,1
2270,70.0,-9.0,-40.0,70.0,-0.0,0
2278,81.0,-4.0,-56.0,100.0,-0.0,1
2280,72.0,-20.0,-47.0,97.0,-2.0,1
2281,64.0,-71.0,-56.0,94.0,-2.0,0
2285,74.0,-14.0,-43.0,96.0,-1.0,1
2286,87.0,-5.0,-47.0,100.0,-0.0,0
2288,62.0,-67.0,-100.0,100.0,-3.0,0
2289,88.0,-8.0,-67.0,100.0,-0.0,1
2295,74.0,-21.0,-86.0,100.0,-1.0,0
2298,70.0,-8.0,-50.0,100.0,-0.0,0
2300,67.0,-41.0,-87.0,97.0,-2.0,0
2301,57.0,-68.0,-89.0,95.0,-0.0,0
2307,93.0,-0.0,-9.0,100.0,-0.0,1
2310,73.0,-0.0,-50.0,93.0,-0.0,0
2312,78.0,-36.0,-80.0,94.0,-1.0,0
2313,65.0,-23.0,-100.0,75.0,-0.0,0
2315,61.0,-58.0,-77.0,100.0,-3.0,0
2322,61.0,-90.0,-89.0,100.0,-5.0,0
2323,63.0,-46.0,-50.0,96.0,-2.0,0
2324,71.0,-83.0,-94.0,100.0,-1.0,0
2325,55.0,-85.0,-83.0,59.0,-2.0,0
2327,77.0,-34.0,-38.0,100.0,-1.0,0
2330,67.0,-32.0,-77.0,94.0,-2.0,0
2332,80.0,-27.0,-100.0,100.0,-0.0,0
2333,87.0,-18.0,-75.0,100.0,-0.0,1
2334,71.0,-14.0,-80.0,90.0,-0.0,0
2337,80.0,-8.0,-24.0,100.0,-1.0,1
2342,89.0,-6.0,-60.0,100.0,-0.0,1
2343,75.0,-54.0,-83.0,100.0,-2.0,0
2344,74.0,-39.0,-75.0,100.0,-1.0,0
2345,65.0,-68.0,-69.0,83.0,-3.0,0
2347,72.0,-29.0,-44.0,89.0,-1.0,1
2349,74.0,-81.0,-67.0,100.0,-2.0,1
2350,91.0,-2.0,-71.0,100.0,-0.0,1
2352,74.0,-37.0,-44.0,96.0,-1.0,0
2353,73.0,-31.0,-38.0,100.0,-1.0,1
2354,66.0,-55.0,-100.0,94.0,-0.0,0
2357,69.0,-34.0,-80.0,89.0,-1.0,0
2358,76.0,-40.0,-90.0,100.0,-0.0,0
2359,91.0,-2.0,-33.0,100.0,-0.0,1
2360,55.0,-98.0,-80.0,38.0,-1.0,0
2361,63.0,-60.0,-71.0,100.0,-3.0,0
2362,66.0,-72.0,-75.0,100.0,-10.0,0
2367,56.0,-92.0,-100.0,91.0,-2.0,0
2371,73.0,-70.0,-91.0,100.0,-7.0,1
2377,66.0,-4.0,-56.0,90.0,-0.0,0
2379,75.0,-22.0,-60.0,95.0,-0.0,1
2380,66.0,-31.0,-75.0,90.0,-1.0,0
2381,80.0,-11.0,-60.0,80.0,-0.0,0
2384,61.0,-26.0,-63.0,80.0,-1.0,0
2386,80.0,-9.0,-40.0,95.0,-1.0,1
2390,64.0,-77.0,-70.0,100.0,-6.0,0
2392,73.0,-40.0,-71.0,100.0,-1.0,0
2393,70.0,-93.0,-100.0,100.0,-3.0,0
2396,61.0,-67.0,-94.0,100.0,-0.0,0
2397,66.0,-58.0,-70.0,56.0,-1.0,0
2398,65.0,-51.0,-59.0,93.0,-4.0,1
2400,64.0,-8.0,-40.0,76.0,-1.0,0
2402,68.0,-67.0,-56.0,100.0,-3.0,1
2410,81.0,-8.0,-56.0,100.0,-0.0,1
2412,75.0,-8.0,-40.0,87.0,-1.0,0
2421,63.0,-54.0,-79.0,94.0,-4.0,0
2422,65.0,-6.0,-44.0,97.0,-1.0,0
2424,75.0,-41.0,-43.0,100.0,-2.0,0
2425,75.0,-42.0,-69.0,100.0,-0.0,0
2427,74.0,-31.0,-72.0,100.0,-1.0,1
2430,78.0,-16.0,-89.0,86.0,-0.0,0
2437,78.0,-16.0,-89.0,86.0,-0.0,0
2438,65.0,-15.0,-58.0,98.0,-3.0,1
2439,72.0,-40.0,-92.0,95.0,-1.0,0
2442,65.0,-58.0,-88.0,83.0,-1.0,1
2443,73.0,-3.0,-71.0,100.0,-0.0,0
2444,65.0,-85.0,-100.0,100.0,-3.0,0
2447,62.0,-44.0,-57.0,100.0,-0.0,0
2457,78.0,-1.0,-33.0,85.0,-0.0,0
2458,65.0,-58.0,-89.0,95.0,-1.0,0
2461,68.0,-64.0,-63.0,94.0,-1.0,0
2463,73.0,-48.0,-93.0,100.0,-2.0,0
2464,75.0,-43.0,-71.0,100.0,-1.0,0
2465,84.0,-8.0,-67.0,95.0,-0.0,0
2466,58.0,-53.0,-72.0,93.0,-3.0,0
2467,70.0,-15.0,-67.0,96.0,-1.0,1
2468,74.0,-16.0,-44.0,100.0,-0.0,1
2469,76.0,-13.0,-33.0,90.0,-0.0,0
2475,60.0,-83.0,-94.0,97.0,-6.0,0
2476,73.0,-18.0,-75.0,100.0,-0.0,0
2481,79.0,-0.0,-25.0,88.0,-0.0,1
2483,68.0,-44.0,-56.0,95.0,-7.0,0
2488,58.0,-67.0,-57.0,80.0,-5.0,0
2489,61.0,-75.0,-75.0,92.0,-4.0,0
2494,57.0,-30.0,-86.0,100.0,-3.0,0
2495,66.0,-64.0,-79.0,97.0,-4.0,0
2496,63.0,-75.0,-100.0,100.0,-1.0,0
2498,63.0,-64.0,-79.0,100.0,-4.0,0
2499,82.0,-34.0,-60.0,100.0,-1.0,1
2500,63.0,-78.0,-100.0,100.0,-3.0,0
2503,84.0,-3.0,-43.0,93.0,-0.0,1
2505,54.0,-29.0,-67.0,58.0,-1.0,1
2510,64.0,-21.0,-63.0,86.0,-1.0,0
2512,88.0,-2.0,-36.0,100.0,-0.0,1
2513,70.0,-74.0,-50.0,100.0,-3.0,0
2515,67.0,-74.0,-85.0,98.0,-1.0,0
2516,65.0,-0.0,-50.0,100.0,-0.0,1
2518,69.0,-58.0,-82.0,72.0,-0.0,1
2522,63.0,-31.0,-75.0,100.0,-0.0,1
2523,71.0,-73.0,-69.0,100.0,-5.0,0
2525,66.0,-68.0,-77.0,100.0,-3.0,0
2526,59.0,-63.0,-64.0,85.0,-1.0,0
2529,69.0,-85.0,-100.0,100.0,-1.0,0
2532,64.0,-66.0,-88.0,91.0,-1.0,0
2534,58.0,-49.0,-46.0,85.0,-5.0,0
2535,60.0,-31.0,-45.0,97.0,-2.0,0
2536,71.0,-88.0,-100.0,86.0,-1.0,0
2537,63.0,-15.0,-64.0,83.0,-1.0,0
2538,61.0,-54.0,-83.0,92.0,-3.0,0
2539,58.0,-91.0,-100.0,100.0,-1.0,0
2541,65.0,-31.0,-69.0,86.0,-1.0,1
2542,66.0,-41.0,-85.0,81.0,-2.0,1
2544,64.0,-84.0,-100.0,70.0,-1.0,1
2545,66.0,-69.0,-83.0,100.0,-1.0,0
2550,81.0,-0.0,-33.0,88.0,-0.0,0
2551,77.0,-13.0,-47.0,95.0,-0.0,1
2552,63.0,-63.0,-75.0,93.0,-3.0,1
2554,60.0,-59.0,-53.0,96.0,-2.0,1
2555,74.0,-36.0,-67.0,100.0,-0.0,1
2556,77.0,-2.0,-46.0,100.0,-0.0,0
2557,65.0,-36.0,-63.0,100.0,-3.0,1
2561,62.0,-27.0,-63.0,86.0,-0.0,0
2563,68.0,-46.0,-100.0,79.0,-1.0,1
2567,63.0,-65.0,-100.0,100.0,-1.0,1
2568,70.0,-19.0,-54.0,96.0,-1.0,0
2569,76.0,-16.0,-69.0,100.0,-1.0,0
2570,75.0,-3.0,-50.0,83.0,-0.0,0
2571,64.0,-76.0,-100.0,91.0,-2.0,0
2573,65.0,-72.0,-100.0,100.0,-0.0,0
2574,64.0,-74.0,-100.0,100.0,-1.0,1
2575,60.0,-56.0,-81.0,87.0,-2.0,0
2577,91.0,-0.0,-50.0,100.0,-0.0,1
2578,69.0,-29.0,-56.0,100.0,-3.0,0
2579,73.0,-5.0,-73.0,94.0,-0.0,0
2582,58.0,-10.0,-75.0,95.0,-0.0,0
2583,70.0,-69.0,-82.0,91.0,-3.0,0
2589,56.0,-62.0,-83.0,80.0,-1.0,0
2591,55.0,-88.0,-88.0,69.0,-3.0,0
2593,79.0,-12.0,-33.0,100.0,-0.0,0
2596,69.0,-54.0,-56.0,71.0,-2.0,0
2597,67.0,-68.0,-70.0,87.0,-2.0,0
2598,89.0,-2.0,-50.0,100.0,-0.0,1
2599,63.0,-56.0,-89.0,88.0,-1.0,0
2601,87.0,-5.0,-58.0,100.0,-0.0,1
2604,65.0,-0.0,-63.0,72.0,-0.0,0
2605,75.0,-36.0,-55.0,100.0,-0.0,0
2607,67.0,-30.0,-64.0,94.0,-1.0,0
2609,70.0,-28.0,-71.0,89.0,-0.0,0
2610,73.0,-25.0,-67.0,91.0,-0.0,1
2612,62.0,-31.0,-85.0,94.0,-1.0,0
2620,72.0,-5.0,-33.0,92.0,-0.0,1
2621,62.0,-74.0,-88.0,82.0,-2.0,0
2622,54.0,-68.0,-91.0,79.0,-7.0,0
2625,68.0,-41.0,-75.0,100.0,-2.0,0
2626,60.0,-51.0,-79.0,89.0,-1.0,0
2627,66.0,-67.0,-100.0,67.0,-0.0,1
2629,77.0,-56.0,-100.0,100.0,-1.0,0
2634,63.0,-88.0,-100.0,100.0,-3.0,0
2635,76.0,-17.0,-78.0,100.0,-0.0,1
2640,63.0,-81.0,-92.0,100.0,-2.0,0
2641,61.0,-18.0,-71.0,86.0,-0.0,1
2643,77.0,-1.0,-75.0,93.0,-0.0,1
2646,70.0,-30.0,-80.0,94.0,-1.0,0
2647,65.0,-65.0,-100.0,95.0,-2.0,0
2648,65.0,-85.0,-100.0,78.0,-1.0,1
2649,57.0,-97.0,-100.0,86.0,-1.0,0
2650,69.0,-16.0,-83.0,85.0,-0.0,0
2651,73.0,-1.0,-57.0,92.0,-0.0,0
2652,70.0,-74.0,-100.0,94.0,-3.0,0
2654,57.0,-71.0,-91.0,80.0,-1.0,0
2655,80.0,-1.0,-82.0,95.0,-0.0,1
2656,73.0,-14.0,-67.0,93.0,-0.0,0
2660,60.0,-71.0,-89.0,86.0,-2.0,1
2663,66.0,-91.0,-100.0,100.0,-6.0,0
2664,59.0,-45.0,-100.0,62.0,-3.0,0
2668,74.0,-24.0,-69.0,100.0,-0.0,0
2669,59.0,-23.0,-69.0,89.0,-0.0,0
2671,58.0,-29.0,-89.0,89.0,-0.0,0
2673,80.0,-11.0,-33.0,97.0,-0.0,1
2680,71.0,-32.0,-53.0,100.0,-1.0,0
2681,89.0,-0.0,-14.0,100.0,-0.0,1
2682,68.0,-27.0,-71.0,95.0,-1.0,0
2683,88.0,-0.0,-44.0,100.0,-0.0,1
2684,54.0,-12.0,-78.0,70.0,-0.0,0
2685,80.0,-18.0,-33.0,100.0,-1.0,1
2687,69.0,-37.0,-70.0,91.0,-1.0,1
2688,72.0,-7.0,-50.0,100.0,-1.0,0
2692,78.0,-21.0,-50.0,100.0,-2.0,0
2693,66.0,-8.0,-83.0,68.0,-0.0,1
2695,57.0,-56.0,-92.0,73.0,-3.0,0
2703,64.0,-21.0,-57.0,81.0,-1.0,0
2705,92.0,-1.0,-83.0,100.0,-0.0,0
2707,77.0,-24.0,-58.0,99.0,-1.0,1
2708,88.0,-17.0,-75.0,100.0,-0.0,1
2715,81.0,-0.0,-42.0,100.0,-0.0,0
2718,67.0,-65.0,-70.0,100.0,-1.0,0
2720,72.0,-14.0,-71.0,90.0,-0.0,0
2721,62.0,-79.0,-62.0,95.0,-4.0,0
2722,73.0,-96.0,-100.0,100.0,-1.0,0
2723,66.0,-28.0,-83.0,90.0,-0.0,0
2724,70.0,-100.0,-100.0,100.0,-4.0,0
2726,65.0,-39.0,-69.0,90.0,-2.0,0
2727,81.0,-46.0,-67.0,100.0,-1.0,1
2729,59.0,-55.0,-62.0,58.0,-0.0,0
2735,86.0,-19.0,-60.0,100.0,-0.0,1
2736,75.0,-9.0,-57.0,90.0,-0.0,1
2737,84.0,-6.0,-33.0,100.0,-0.0,1
2738,69.0,-35.0,-50.0,100.0,-0.0,1
2741,54.0,-55.0,-83.0,43.0,-1.0,0
2744,93.0,-1.0,-38.0,100.0,-0.0,0
2745,52.0,-75.0,-82.0,92.0,-6.0,0
2748,93.0,-1.0,-30.0,100.0,-0.0,1
2752,76.0,-47.0,-75.0,100.0,-0.0,0
2757,85.0,-11.0,-75.0,100.0,-0.0,0
2758,67.0,-31.0,-86.0,100.0,-1.0,0
2759,56.0,-91.0,-93.0,100.0,-5.0,1
2760,89.0,-6.0,-75.0,100.0,-0.0,1
2762,65.0,-20.0,-83.0,88.0,-0.0,1
2764,85.0,-5.0,-60.0,100.0,-1.0,1
2765,78.0,-27.0,-55.0,100.0,-0.0,1
2766,70.0,-43.0,-80.0,83.0,-1.0,0
2768,91.0,-4.0,-56.0,100.0,-0.0,1
2772,83.0,-5.0,-50.0,100.0,-0.0,1
2773,72.0,-30.0,-44.0,100.0,-1.0,0
2774,57.0,-31.0,-85.0,100.0,-1.0,0
2781,79.0,-46.0,-44.0,100.0,-1.0,1
2783,75.0,-43.0,-63.0,100.0,-0.0,0
2784,68.0,-52.0,-71.0,90.0,-0.0,1
2785,75.0,-57.0,-36.0,100.0,-2.0,1
2786,77.0,-22.0,-55.0,100.0,-0.0,0
2790,64.0,-91.0,-100.0,96.0,-1.0,0
2794,59.0,-42.0,-70.0,90.0,-3.0,0
2796,88.0,-0.0,-57.0,100.0,-0.0,0
2800,77.0,-63.0,-80.0,93.0,-1.0,0
2803,78.0,-42.0,-80.0,100.0,-1.0,0
2810,74.0,-52.0,-73.0,100.0,-1.0,1
2812,64.0,-58.0,-75.0,100.0,-3.0,1
2816,67.0,-53.0,-60.0,93.0,-2.0,1
2817,67.0,-74.0,-71.0,100.0,-2.0,0
2820,87.0,-2.0,-44.0,100.0,-0.0,0
2822,66.0,-24.0,-60.0,93.0,-0.0,0
2829,60.0,-23.0,-50.0,68.0,-2.0,0
2830,71.0,-10.0,-33.0,86.0,-0.0,1
2834,68.0,-40.0,-78.0,95.0,-2.0,0
2835,62.0,-92.0,-67.0,89.0,-3.0,0
2837,69.0,-84.0,-91.0,100.0,-4.0,1
2838,70.0,-38.0,-64.0,100.0,-1.0,0
2841,72.0,-74.0,-100.0,80.0,-0.0,0
2842,57.0,-39.0,-78.0,94.0,-1.0,0
2845,76.0,-10.0,-44.0,100.0,-1.0,1
2847,69.0,-18.0,-75.0,77.0,-0.0,0
2848,78.0,-19.0,-80.0,100.0,-0.0,1
2850,70.0,-20.0,-50.0,100.0,-1.0,0
2851,57.0,-34.0,-50.0,82.0,-0.0,0
2853,68.0,-54.0,-100.0,100.0,-2.0,0
2855,66.0,-72.0,-100.0,96.0,-3.0,0
2856,79.0,-5.0,-33.0,96.0,-0.0,0
2858,66.0,-97.0,-100.0,100.0,-1.0,0
2860,62.0,-49.0,-75.0,88.0,-2.0,1
2861,84.0,-7.0,-50.0,100.0,-0.0,0
2867,63.0,-47.0,-79.0,100.0,-1.0,0
2870,76.0,-28.0,-50.0,91.0,-1.0,1
2875,63.0,-68.0,-83.0,100.0,-0.0,0
2877,73.0,-0.0,-83.0,89.0,-0.0,1
2885,55.0,-70.0,-75.0,90.0,-1.0,0
2886,62.0,-3.0,-50.0,95.0,-0.0,0
2888,73.0,-2.0,-100.0,67.0,-0.0,0
2889,57.0,-62.0,-67.0,86.0,-2.0,1
2890,56.0,-0.0,-78.0,82.0,-1.0,0
2891,77.0,-49.0,-64.0,98.0,-5.0,0
2893,87.0,-1.0,-55.0,100.0,-0.0,1
2895,75.0,-11.0,-48.0,100.0,-0.0,1
2898,82.0,-20.0,-67.0,100.0,-1.0,1
2902,60.0,-50.0,-54.0,83.0,-1.0,1
2910,61.0,-58.0,-81.0,87.0,-7.0,0
2915,89.0,-4.0,-100.0,100.0,-0.0,1
2918,77.0,-0.0,-75.0,92.0,-1.0,1
2919,68.0,-88.0,-88.0,100.0,-3.0,0
2920,70.0,-58.0,-82.0,89.0,-1.0,0
2921,78.0,-50.0,-71.0,100.0,-2.0,0
2922,83.0,-0.0,-44.0,92.0,-0.0,1
2923,60.0,-35.0,-47.0,96.0,-1.0,0
2928,78.0,-0.0,-20.0,100.0,-0.0,1
2932,64.0,-41.0,-67.0,85.0,-2.0,0
2938,91.0,-2.0,-44.0,100.0,-0.0,1
2940,82.0,-28.0,-63.0,100.0,-1.0,1
2941,72.0,-43.0,-83.0,82.0,-0.0,0
2943,66.0,-90.0,-86.0,100.0,-8.0,0
2944,62.0,-43.0,-50.0,87.0,-1.0,0
2945,68.0,-2.0,-78.0,80.0,-0.0,0
2946,69.0,-71.0,-91.0,100.0,-2.0,0
2947,86.0,-0.0,-25.0,100.0,-0.0,1
2950,75.0,-73.0,-70.0,100.0,-6.0,1
2952,76.0,-23.0,-75.0,96.0,-0.0,1
2954,79.0,-28.0,-58.0,100.0,-1.0,1
2955,59.0,-51.0,-78.0,95.0,-4.0,0
2957,65.0,-46.0,-75.0,93.0,-4.0,0
2959,64.0,-36.0,-94.0,94.0,-3.0,0
2962,62.0,-53.0,-87.0,85.0,-3.0,0
2964,73.0,-31.0,-46.0,93.0,-1.0,0
2968,74.0,-61.0,-82.0,100.0,-1.0,0
2969,77.0,-36.0,-91.0,100.0,-1.0,0
2970,91.0,-2.0,-75.0,100.0,-0.0,1
2971,86.0,-8.0,-50.0,100.0,-0.0,1
2982,72.0,-20.0,-56.0,95.0,-1.0,0
2983,73.0,-7.0,-56.0,97.0,-2.0,1
2984,61.0,-76.0,-88.0,68.0,-1.0,0
2986,75.0,-1.0,-19.0,100.0,-0.0,1
2988,62.0,-30.0,-50.0,74.0,-1.0,0
2992,85.0,-32.0,-33.0,100.0,-0.0,0
2996,69.0,-24.0,-64.0,91.0,-0.0,1
2997,57.0,-55.0,-56.0,67.0,-1.0,0
2999,71.0,-22.0,-45.0,100.0,-0.0,1
3000,66.0,-14.0,-61.0,94.0,-2.0,1
3002,63.0,-67.0,-82.0,82.0,-2.0,0
3004,62.0,-54.0,-100.0,92.0,-1.0,0
3005,81.0,-20.0,-55.0,100.0,-1.0,1
3007,66.0,-55.0,-93.0,100.0,-3.0,0
3008,55.0,-86.0,-100.0,69.0,-2.0,0
3009,87.0,-16.0,-50.0,100.0,-0.0,1
3010,72.0,-4.0,-75.0,100.0,-0.0,0
3013,75.0,-4.0,-56.0,84.0,-0.0,1
3014,83.0,-3.0,-35.0,100.0,-0.0,1
3015,74.0,-2.0,-75.0,100.0,-0.0,1
3020,56.0,-27.0,-64.0,100.0,-0.0,0
3021,69.0,-18.0,-55.0,90.0,-0.0,0
3022,56.0,-81.0,-75.0,71.0,-2.0,0
3024,81.0,-12.0,-62.0,100.0,-1.0,1
3027,60.0,-41.0,-54.0,79.0,-3.0,1
3029,72.0,-24.0,-55.0,96.0,-2.0,1
3030,77.0,-8.0,-90.0,97.0,-0.0,1
3036,69.0,-27.0,-67.0,73.0,-0.0,0
3041,55.0,-45.0,-56.0,73.0,-1.0,0
3043,84.0,-0.0,-50.0,100.0,-0.0,0
3044,75.0,-17.0,-50.0,100.0,-1.0,1
3046,73.0,-63.0,-77.0,100.0,-2.0,0
3047,63.0,-52.0,-70.0,88.0,-1.0,0
3052,64.0,-15.0,-75.0,88.0,-0.0,0
3053,63.0,-52.0,-72.0,87.0,-0.0,0
3055,78.0,-13.0,-40.0,94.0,-0.0,0
3057,72.0,-77.0,-44.0,95.0,-2.0,1
3058,61.0,-74.0,-74.0,98.0,-6.0,0
3059,77.0,-60.0,-50.0,93.0,-2.0,0
3060,68.0,-14.0,-57.0,94.0,-0.0,0
3068,79.0,-17.0,-30.0,100.0,-1.0,0
3079,75.0,-3.0,-40.0,100.0,-0.0,0
3083,76.0,-20.0,-50.0,100.0,-1.0,1
3084,73.0,-2.0,-63.0,100.0,-0.0,1
3085,67.0,-57.0,-57.0,100.0,-8.0,0
3086,91.0,-3.0,-29.0,100.0,-0.0,1
3093,84.0,-21.0,-36.0,100.0,-1.0,1
3095,74.0,-18.0,-80.0,86.0,-1.0,1
3100,64.0,-65.0,-86.0,100.0,-2.0,1
3101,77.0,-2.0,-60.0,100.0,-0.0,1
3107,61.0,-86.0,-100.0,97.0,-8.0,0
3108,70.0,-26.0,-33.0,87.0,-1.0,0
3114,60.0,-22.0,-33.0,84.0,-0.0,0
3118,67.0,-22.0,-52.0,98.0,-1.0,0
3122,63.0,-7.0,-29.0,92.0,-0.0,0
3124,80.0,-42.0,-83.0,100.0,-0.0,1
3126,66.0,-1.0,-38.0,97.0,-0.0,1
3131,77.0,-4.0,-46.0,97.0,-0.0,0
3132,88.0,-14.0,-33.0,100.0,-0.0,1
3134,68.0,-36.0,-63.0,94.0,-4.0,0
3138,63.0,-66.0,-84.0,97.0,-9.0,0
3139,60.0,-62.0,-88.0,73.0,-2.0,0
3140,80.0,-20.0,-47.0,100.0,-0.0,1
3143,78.0,-30.0,-100.0,100.0,-1.0,0
3145,79.0,-33.0,-63.0,100.0,-2.0,0
3146,67.0,-26.0,-65.0,92.0,-1.0,1
3148,56.0,-46.0,-73.0,71.0,-2.0,1
3150,90.0,-7.0,-56.0,95.0,-0.0,1
3157,82.0,-14.0,-80.0,96.0,-1.0,1
3158,83.0,-34.0,-42.0,100.0,-0.0,1
3160,82.0,-42.0,-67.0,100.0,-0.0,1
3162,90.0,-14.0,-60.0,100.0,-0.0,1
3167,61.0,-86.0,-93.0,97.0,-8.0,0
3168,77.0,-41.0,-56.0,100.0,-1.0,0
3171,82.0,-5.0,-32.0,100.0,-1.0,1
3174,56.0,-29.0,-50.0,97.0,-2.0,0
3178,86.0,-4.0,-25.0,100.0,-1.0,1
3180,83.0,-6.0,-33.0,100.0,-0.0,1
3183,87.0,-0.0,-50.0,100.0,-0.0,1
3184,87.0,-9.0,-83.0,100.0,-0.0,1
3185,64.0,-28.0,-65.0,88.0,-1.0,0
3187,79.0,-2.0,-56.0,89.0,-0.0,1
3189,59.0,-63.0,-94.0,100.0,-3.0,0
3193,68.0,-49.0,-75.0,93.0,-2.0,1
3194,75.0,-28.0,-64.0,100.0,-1.0,1
3195,92.0,-0.0,-38.0,100.0,-0.0,1
3198,73.0,-28.0,-25.0,100.0,-1.0,0
3201,84.0,-6.0,-38.0,100.0,-0.0,1
3202,66.0,-42.0,-73.0,100.0,-5.0,0
3206,71.0,-1.0,-33.0,100.0,-0.0,0
3210,78.0,-0.0,-36.0,97.0,-0.0,0
3214,77.0,-30.0,-87.0,100.0,-1.0,0
3215,59.0,-53.0,-70.0,76.0,-1.0,0
3219,86.0,-3.0,-38.0,97.0,-0.0,1
3225,67.0,-68.0,-82.0,100.0,-6.0,0
3226,79.0,-9.0,-42.0,100.0,-0.0,1
3229,78.0,-21.0,-83.0,100.0,-1.0,1
3235,78.0,-10.0,-68.0,100.0,-0.0,1
3237,82.0,-37.0,-80.0,100.0,-2.0,0
3238,88.0,-0.0,-33.0,100.0,-0.0,1
3239,82.0,-2.0,-43.0,100.0,-0.0,0
3240,72.0,-2.0,-60.0,82.0,-1.0,0
3242,84.0,-10.0,-32.0,100.0,-0.0,1
3243,60.0,-65.0,-100.0,60.0,-0.0,0
3245,70.0,-38.0,-81.0,91.0,-3.0,0
3246,60.0,-60.0,-84.0,95.0,-5.0,1
3249,73.0,-26.0,-55.0,94.0,-0.0,1
3250,79.0,-3.0,-47.0,100.0,-0.0,1
3251,73.0,-36.0,-60.0,96.0,-2.0,1
3252,77.0,-10.0,-33.0,96.0,-0.0,1
3258,72.0,-8.0,-71.0,84.0,-0.0,1
3267,78.0,-6.0,-32.0,100.0,-0.0,1
3268,87.0,-0.0,-0.0,100.0,-0.0,1
3270,73.0,-10.0,-38.0,89.0,-0.0,1
3274,69.0,-50.0,-46.0,100.0,-10.0,0
3275,79.0,-8.0,-41.0,100.0,-0.0,0
3279,74.0,-1.0,-38.0,100.0,-0.0,0
3283,81.0,-22.0,-42.0,100.0,-1.0,1
3285,72.0,-30.0,-56.0,100.0,-3.0,1
3286,80.0,-19.0,-50.0,100.0,-2.0,0
3294,72.0,-54.0,-75.0,95.0,-1.0,0
3300,76.0,-1.0,-40.0,100.0,-0.0,1
3303,73.0,-18.0,-45.0,96.0,-1.0,1
3304,71.0,-58.0,-70.0,100.0,-5.0,1
3307,70.0,-6.0,-41.0,97.0,-1.0,0
3309,86.0,-4.0,-33.0,96.0,-0.0,1
3310,74.0,-77.0,-83.0,100.0,-2.0,0
3312,73.0,-28.0,-61.0,95.0,-1.0,1
3315,79.0,-21.0,-25.0,100.0,-0.0,1
3316,67.0,-3.0,-75.0,40.0,-0.0,0
3318,89.0,-5.0,-58.0,100.0,-0.0,1
3319,79.0,-21.0,-75.0,100.0,-1.0,1
3320,80.0,-3.0,-53.0,100.0,-0.0,1
3323,79.0,-33.0,-56.0,95.0,-1.0,1
3324,86.0,-4.0,-29.0,100.0,-1.0,1
3325,74.0,-28.0,-78.0,93.0,-0.0,0
3326,65.0,-76.0,-70.0,100.0,-4.0,0
3327,85.0,-8.0,-67.0,100.0,-0.0,1
3328,65.0,-84.0,-89.0,85.0,-2.0,1
3329,71.0,-61.0,-50.0,79.0,-4.0,1
3331,65.0,-2.0,-46.0,70.0,-0.0,1
3333,80.0,-0.0,-14.0,97.0,-0.0,1
3334,87.0,-0.0,-50.0,100.0,-0.0,0
3335,78.0,-19.0,-63.0,96.0,-1.0,1
3340,81.0,-11.0,-36.0,100.0,-1.0,1
3342,64.0,-90.0,-100.0,100.0,-1.0,0
3343,91.0,-5.0,-33.0,100.0,-0.0,1
3344,67.0,-13.0,-50.0,67.0,-0.0,0
3353,70.0,-89.0,-100.0,100.0,-2.0,1
3355,60.0,-21.0,-65.0,77.0,-0.0,1
3360,70.0,-82.0,-71.0,98.0,-8.0,0
3361,91.0,-10.0,-67.0,100.0,-0.0,1
3364,75.0,-30.0,-40.0,92.0,-1.0,1
3366,72.0,-15.0,-83.0,100.0,-0.0,1
3367,64.0,-59.0,-91.0,100.0,-3.0,1
3368,86.0,-1.0,-38.0,92.0,-0.0,1
3370,63.0,-86.0,-100.0,92.0,-4.0,0
3376,68.0,-49.0,-88.0,89.0,-1.0,1
3379,74.0,-30.0,-57.0,100.0,-1.0,1
3391,89.0,-5.0,-46.0,100.0,-0.0,1
3393,70.0,-90.0,-80.0,100.0,-4.0,1
3395,82.0,-8.0,-38.0,100.0,-0.0,1
3397,65.0,-35.0,-59.0,100.0,-2.0,1
3398,81.0,-3.0,-43.0,100.0,-0.0,1
3400,72.0,-6.0,-44.0,100.0,-0.0,1
3401,65.0,-87.0,-92.0,92.0,-6.0,0
3406,65.0,-47.0,-100.0,100.0,-2.0,0
3408,78.0,-28.0,-67.0,95.0,-1.0,1
3412,82.0,-60.0,-100.0,100.0,-0.0,1
3415,76.0,-29.0,-67.0,100.0,-1.0,1
3416,62.0,-37.0,-89.0,86.0,-1.0,0
3418,74.0,-15.0,-89.0,100.0,-1.0,0
3419,66.0,-13.0,-58.0,85.0,-0.0,0
3420,86.0,-3.0,-75.0,100.0,-0.0,1
3421,72.0,-36.0,-92.0,93.0,-0.0,1
3422,60.0,-27.0,-42.0,95.0,-2.0,1
3423,65.0,-60.0,-62.0,96.0,-1.0,0
3425,65.0,-95.0,-86.0,100.0,-3.0,0
3429,73.0,-37.0,-77.0,95.0,-1.0,1
3432,67.0,-75.0,-70.0,80.0,-2.0,1
3435,69.0,-85.0,-71.0,100.0,-13.0,0
3436,58.0,-61.0,-67.0,85.0,-4.0,1
3438,78.0,-32.0,-75.0,100.0,-0.0,0
3439,65.0,-36.0,-59.0,100.0,-2.0,0
3442,72.0,-36.0,-67.0,84.0,-1.0,1
3443,57.0,-70.0,-100.0,50.0,-2.0,0
3447,80.0,-3.0,-67.0,93.0,-0.0,1
3448,78.0,-31.0,-77.0,91.0,-0.0,0
3449,57.0,-23.0,-73.0,85.0,-0.0,1
3450,78.0,-47.0,-75.0,100.0,-1.0,0
3454,81.0,-56.0,-57.0,100.0,-1.0,0
3456,68.0,-41.0,-79.0,94.0,-1.0,1
3458,70.0,-20.0,-38.0,97.0,-0.0,1
3465,55.0,-84.0,-100.0,84.0,-3.0,0
3467,65.0,-6.0,-56.0,89.0,-1.0,0
3471,87.0,-3.0,-43.0,100.0,-0.0,1
3473,71.0,-53.0,-79.0,100.0,-1.0,1
3476,90.0,-0.0,-11.0,100.0,-0.0,1
3478,76.0,-35.0,-41.0,100.0,-3.0,1
3480,75.0,-3.0,-50.0,93.0,-0.0,1
3481,73.0,-15.0,-80.0,92.0,-0.0,1
3483,84.0,-11.0,-40.0,100.0,-1.0,1
3484,81.0,-5.0,-46.0,100.0,-0.0,1
3486,92.0,-0.0,-25.0,100.0,-0.0,1
3489,57.0,-27.0,-59.0,89.0,-2.0,0
3491,77.0,-3.0,-17.0,96.0,-0.0,0
3492,89.0,-3.0,-50.0,100.0,-0.0,1
3493,70.0,-49.0,-75.0,100.0,-2.0,0
3495,54.0,-68.0,-100.0,88.0,-3.0,0
3498,73.0,-8.0,-27.0,88.0,-1.0,1
3499,60.0,-14.0,-60.0,77.0,-1.0,1
3502,91.0,-2.0,-33.0,100.0,-0.0,1
3503,76.0,-1.0,-57.0,100.0,-1.0,0
3505,91.0,-2.0,-40.0,100.0,-0.0,1
3507,64.0,-21.0,-31.0,98.0,-1.0,1
3508,79.0,-2.0,-38.0,100.0,-1.0,1
3510,67.0,-3.0,-29.0,82.0,-0.0,1
3513,86.0,-3.0,-57.0,100.0,-0.0,1
3514,83.0,-4.0,-29.0,100.0,-0.0,0
3517,68.0,-51.0,-56.0,91.0,-2.0,1
3519,90.0,-3.0,-44.0,100.0,-0.0,1
3523,61.0,-34.0,-71.0,68.0,-0.0,0
3525,65.0,-16.0,-78.0,100.0,-0.0,0
3527,86.0,-29.0,-88.0,100.0,-0.0,1
3529,56.0,-38.0,-71.0,95.0,-4.0,1
3531,93.0,-1.0,-33.0,100.0,-0.0,1
3536,71.0,-46.0,-55.0,96.0,-2.0,1
3538,78.0,-7.0,-67.0,100.0,-0.0,0
3539,67.0,-61.0,-100.0,89.0,-0.0,1
3540,66.0,-4.0,-50.0,77.0,-0.0,1
3542,66.0,-4.0,-42.0,88.0,-0.0,0
3543,87.0,-0.0,-50.0,100.0,-0.0,1
3546,74.0,-18.0,-67.0,100.0,-2.0,0
3550,61.0,-32.0,-50.0,91.0,-2.0,1
3553,84.0,-8.0,-31.0,95.0,-0.0,0
3554,90.0,-1.0,-33.0,100.0,-0.0,1
3555,68.0,-82.0,-89.0,100.0,-1.0,0
3558,65.0,-42.0,-65.0,97.0,-1.0,0
3560,64.0,-19.0,-56.0,90.0,-2.0,0
3563,66.0,-4.0,-43.0,94.0,-0.0,1
3565,71.0,-42.0,-60.0,100.0,-1.0,0
3567,65.0,-33.0,-73.0,97.0,-0.0,1
3571,67.0,-16.0,-75.0,75.0,-0.0,0
3572,77.0,-23.0,-50.0,100.0,-0.0,0
3573,76.0,-60.0,-100.0,100.0,-1.0,1
3574,77.0,-32.0,-67.0,94.0,-1.0,1
3577,61.0,-86.0,-67.0,90.0,-2.0,0
3578,90.0,-0.0,-25.0,100.0,-0.0,1
3581,83.0,-3.0,-63.0,100.0,-0.0,1
3582,72.0,-35.0,-48.0,100.0,-3.0,0
3583,56.0,-41.0,-65.0,92.0,-2.0,1
3584,70.0,-61.0,-82.0,96.0,-1.0,1
3586,87.0,-3.0,-67.0,100.0,-0.0,1
3588,86.0,-20.0,-38.0,100.0,-0.0,1
3591,72.0,-7.0,-38.0,96.0,-0.0,1
3592,66.0,-21.0,-73.0,81.0,-0.0,0
3593,88.0,-3.0,-50.0,100.0,-0.0,1
3595,90.0,-1.0,-57.0,100.0,-0.0,1
3596,67.0,-28.0,-50.0,88.0,-0.0,0
3600,81.0,-10.0,-64.0,96.0,-0.0,1
3601,71.0,-7.0,-40.0,98.0,-0.0,1
3603,81.0,-21.0,-40.0,100.0,-1.0,1
3604,87.0,-8.0,-38.0,100.0,-0.0,1
3606,80.0,-27.0,-64.0,100.0,-1.0,1
3608,70.0,-5.0,-67.0,100.0,-0.0,0
3611,72.0,-31.0,-78.0,94.0,-1.0,1
3612,77.0,-49.0,-58.0,100.0,-1.0,1
3613,84.0,-29.0,-64.0,100.0,-0.0,1
3615,68.0,-43.0,-42.0,94.0,-2.0,0
3616,75.0,-30.0,-36.0,97.0,-1.0,1
3619,73.0,-66.0,-70.0,95.0,-2.0,1
3621,61.0,-49.0,-91.0,88.0,-2.0,0
3623,84.0,-4.0,-56.0,100.0,-0.0,1
3626,64.0,-53.0,-69.0,94.0,-1.0,1
3630,67.0,-42.0,-67.0,87.0,-1.0,0
3636,88.0,-5.0,-60.0,100.0,-0.0,1
3638,90.0,-0.0,-60.0,100.0,-0.0,0
3646,59.0,-53.0,-47.0,97.0,-3.0,1
3652,81.0,-10.0,-50.0,100.0,-0.0,1
3653,65.0,-58.0,-83.0,100.0,-5.0,1
3654,81.0,-18.0,-47.0,100.0,-1.0,1
3655,65.0,-37.0,-69.0,88.0,-0.0,0
3656,88.0,-2.0,-22.0,100.0,-0.0,1
3658,55.0,-66.0,-64.0,84.0,-3.0,1
3661,86.0,-5.0,-42.0,100.0,-0.0,1
3662,91.0,-3.0,-50.0,100.0,-0.0,1
3663,81.0,-53.0,-60.0,100.0,-1.0,1
3664,65.0,-63.0,-71.0,98.0,-2.0,0
3665,73.0,-35.0,-60.0,96.0,-1.0,0
3666,67.0,-87.0,-100.0,100.0,-4.0,1
3670,88.0,-2.0,-24.0,100.0,-0.0,1
3671,81.0,-7.0,-54.0,97.0,-0.0,1
3673,87.0,-2.0,-24.0,100.0,-0.0,1
3675,68.0,-1.0,-73.0,95.0,-0.0,1
3676,73.0,-0.0,-31.0,90.0,-0.0,0
3683,82.0,-27.0,-40.0,100.0,-1.0,1
3684,73.0,-38.0,-100.0,87.0,-1.0,1
3686,89.0,-4.0,-30.0,100.0,-0.0,1
3687,63.0,-51.0,-70.0,98.0,-2.0,0
3688,68.0,-6.0,-63.0,89.0,-0.0,1
3689,82.0,-19.0,-33.0,100.0,-0.0,1
3693,73.0,-28.0,-69.0,100.0,-2.0,1
3696,88.0,-7.0,-60.0,100.0,-0.0,1
3698,70.0,-32.0,-44.0,97.0,-3.0,0
3701,78.0,-50.0,-67.0,100.0,-1.0,1
3704,75.0,-1.0,-28.0,97.0,-0.0,1
3707,89.0,-9.0,-50.0,100.0,-0.0,1
3708,70.0,-77.0,-57.0,100.0,-1.0,1
3709,59.0,-16.0,-44.0,71.0,-0.0,0
3712,85.0,-6.0,-50.0,100.0,-0.0,1
3714,86.0,-0.0,-48.0,100.0,-0.0,1
3715,88.0,-1.0,-13.0,100.0,-0.0,1
3720,92.0,-0.0,-0.0,100.0,-0.0,1
3721,86.0,-5.0,-38.0,100.0,-0.0,1
3722,88.0,-1.0,-33.0,100.0,-0.0,1
3723,64.0,-5.0,-75.0,100.0,-1.0,1
3725,66.0,-15.0,-31.0,97.0,-0.0,0
3727,74.0,-1.0,-31.0,94.0,-0.0,1
3734,77.0,-14.0,-55.0,100.0,-0.0,1
3739,72.0,-5.0,-56.0,100.0,-0.0,1
3741,75.0,-0.0,-18.0,100.0,-0.0,1
3744,84.0,-9.0,-27.0,94.0,-0.0,0
3747,85.0,-18.0,-67.0,100.0,-0.0,1
3748,66.0,-15.0,-38.0,97.0,-0.0,0
3749,69.0,-14.0,-33.0,100.0,-1.0,1
3751,63.0,-78.0,-62.0,100.0,-4.0,0
3753,78.0,-41.0,-79.0,100.0,-0.0,1
3754,59.0,-0.0,-43.0,96.0,-0.0,1
3755,61.0,-43.0,-60.0,98.0,-4.0,1
3759,66.0,-32.0,-91.0,98.0,-0.0,0
3762,79.0,-12.0,-27.0,100.0,-1.0,1
3764,89.0,-2.0,-30.0,100.0,-0.0,1
3766,79.0,-0.0,-50.0,81.0,-1.0,1
3768,81.0,-0.0,-38.0,100.0,-0.0,0
3771,86.0,-8.0,-63.0,100.0,-0.0,1
3772,79.0,-3.0,-50.0,89.0,-0.0,0
3774,71.0,-47.0,-60.0,100.0,-4.0,1
3778,68.0,-35.0,-78.0,88.0,-0.0,1
3779,65.0,-10.0,-38.0,99.0,-1.0,0
3780,81.0,-4.0,-41.0,100.0,-1.0,1
3782,76.0,-3.0,-21.0,94.0,-0.0,0
3783,85.0,-13.0,-80.0,100.0,-0.0,1
3786,84.0,-18.0,-67.0,96.0,-0.0,1
3793,83.0,-22.0,-90.0,100.0,-0.0,1
3794,77.0,-43.0,-31.0,100.0,-1.0,1
3795,81.0,-6.0,-47.0,95.0,-0.0,0
3796,62.0,-49.0,-67.0,100.0,-4.0,1
3797,85.0,-12.0,-63.0,100.0,-0.0,1
3798,84.0,-6.0,-89.0,96.0,-0.0,1
3799,83.0,-16.0,-75.0,100.0,-0.0,1
3801,66.0,-49.0,-71.0,78.0,-1.0,0
3806,86.0,-0.0,-38.0,100.0,-1.0,1
3812,79.0,-26.0,-69.0,100.0,-1.0,0
3813,65.0,-77.0,-86.0,82.0,-1.0,0
3814,80.0,-3.0,-86.0,100.0,-0.0,1
3815,78.0,-1.0,-43.0,96.0,-0.0,1
3818,80.0,-35.0,-29.0,100.0,-1.0,1
3820,84.0,-11.0,-33.0,100.0,-0.0,1
3821,68.0,-37.0,-68.0,92.0,-0.0,0
3822,87.0,-0.0,-40.0,100.0,-0.0,1
3826,84.0,-0.0,-75.0,100.0,-1.0,1
3829,79.0,-40.0,-50.0,100.0,-0.0,1
3832,69.0,-57.0,-79.0,100.0,-2.0,1
3834,80.0,-6.0,-71.0,94.0,-0.0,1
3838,81.0,-7.0,-75.0,100.0,-0.0,1
3839,77.0,-1.0,-19.0,96.0,-1.0,0
3841,79.0,-0.0,-50.0,95.0,-0.0,1
3848,69.0,-34.0,-64.0,76.0,-2.0,1
3851,85.0,-0.0,-17.0,97.0,-0.0,1
3856,73.0,-5.0,-29.0,87.0,-0.0,1
3860,73.0,-0.0,-18.0,94.0,-0.0,1
3861,84.0,-9.0,-46.0,100.0,-0.0,1
3862,76.0,-22.0,-100.0,95.0,-0.0,1
3864,81.0,-73.0,-100.0,100.0,-0.0,0
3865,89.0,-8.0,-80.0,100.0,-0.0,1
3867,83.0,-15.0,-57.0,100.0,-1.0,1
3870,75.0,-17.0,-67.0,100.0,-0.0,1
3871,62.0,-10.0,-33.0,88.0,-0.0,0
3872,85.0,-2.0,-24.0,100.0,-0.0,1
3873,65.0,-47.0,-79.0,100.0,-0.0,1
3879,63.0,-36.0,-80.0,77.0,-0.0,0
3881,75.0,-7.0,-45.0,84.0,-0.0,1
3887,69.0,-43.0,-60.0,100.0,-3.0,1
3889,88.0,-14.0,-50.0,100.0,-0.0,1
3892,67.0,-72.0,-67.0,93.0,-3.0,0
3896,88.0,-3.0,-43.0,100.0,-0.0,1
3900,66.0,-23.0,-88.0,95.0,-0.0,0
3902,70.0,-71.0,-100.0,100.0,-3.0,1
3904,80.0,-37.0,-67.0,100.0,-1.0,1
3905,79.0,-6.0,-38.0,97.0,-0.0,1
3906,72.0,-3.0,-58.0,95.0,-0.0,0
3907,87.0,-8.0,-67.0,100.0,-0.0,1
3908,63.0,-15.0,-80.0,67.0,-1.0,0
3910,85.0,-0.0,-30.0,100.0,-0.0,1
3913,87.0,-4.0,-46.0,100.0,-0.0,1
3914,77.0,-40.0,-80.0,95.0,-0.0,1
3915,69.0,-4.0,-44.0,85.0,-0.0,0
3918,76.0,-13.0,-43.0,100.0,-0.0,1
3920,71.0,-50.0,-53.0,100.0,-3.0,1
3923,82.0,-1.0,-35.0,98.0,-0.0,1
3926,79.0,-93.0,-75.0,100.0,-1.0,1
3929,85.0,-5.0,-36.0,100.0,-0.0,1
3930,76.0,-11.0,-57.0,94.0,-0.0,1
3935,89.0,-4.0,-100.0,100.0,-0.0,1
3936,90.0,-1.0,-63.0,100.0,-0.0,1
3942,86.0,-2.0,-29.0,100.0,-0.0,1
3945,85.0,-2.0,-64.0,96.0,-0.0,1
3947,70.0,-7.0,-46.0,95.0,-0.0,1
3949,75.0,-33.0,-70.0,100.0,-0.0,1
3950,72.0,-0.0,-33.0,98.0,-0.0,1
3953,68.0,-66.0,-82.0,100.0,-5.0,0
3955,93.0,-0.0,-40.0,100.0,-0.0,1
3958,69.0,-33.0,-100.0,79.0,-0.0,0
3961,83.0,-6.0,-64.0,100.0,-1.0,1
3963,79.0,-15.0,-50.0,100.0,-0.0,0
3964,67.0,-36.0,-57.0,98.0,-2.0,1
3967,84.0,-15.0,-58.0,100.0,-0.0,1
3968,79.0,-14.0,-78.0,100.0,-1.0,1
3970,93.0,-1.0,-40.0,100.0,-0.0,1
3971,71.0,-59.0,-62.0,100.0,-3.0,0
3973,75.0,-11.0,-33.0,97.0,-1.0,1
3975,81.0,-3.0,-100.0,100.0,-0.0,1
3976,86.0,-9.0,-50.0,100.0,-0.0,1
3978,71.0,-53.0,-85.0,96.0,-3.0,1
3981,89.0,-3.0,-20.0,100.0,-0.0,1
3982,67.0,-3.0,-43.0,89.0,-0.0,1
3988,63.0,-60.0,-67.0,67.0,-2.0,0
3990,80.0,-29.0,-64.0,100.0,-0.0,1
3991,81.0,-26.0,-54.0,100.0,-1.0,1
3996,71.0,-46.0,-57.0,93.0,-0.0,1
3997,70.0,-8.0,-50.0,85.0,-0.0,1
3998,59.0,-50.0,-70.0,88.0,-0.0,0
4000,79.0,-4.0,-63.0,91.0,-0.0,0
4002,87.0,-11.0,-38.0,100.0,-0.0,1
4004,85.0,-13.0,-100.0,100.0,-0.0,0
4008,83.0,-8.0,-63.0,85.0,-0.0,1
4009,86.0,-0.0,-0.0,88.0,-0.0,1
4011,91.0,-3.0,-17.0,100.0,-0.0,1
4013,68.0,-9.0,-42.0,94.0,-1.0,1
4014,81.0,-16.0,-47.0,96.0,-0.0,1
4016,77.0,-9.0,-48.0,98.0,-0.0,1
4017,91.0,-3.0,-29.0,100.0,-0.0,1
4018,83.0,-14.0,-60.0,95.0,-0.0,1
4020,69.0,-12.0,-70.0,92.0,-1.0,0
4021,91.0,-10.0,-25.0,100.0,-0.0,1
4024,73.0,-42.0,-58.0,89.0,-0.0,1
4025,71.0,-43.0,-64.0,100.0,-3.0,1
4026,74.0,-7.0,-67.0,89.0,-0.0,1
4027,92.0,-1.0,-43.0,100.0,-0.0,1
4030,84.0,-0.0,-33.0,100.0,-0.0,1
4032,79.0,-13.0,-80.0,92.0,-0.0,1
4034,63.0,-37.0,-100.0,89.0,-1.0,0
4035,85.0,-0.0,-10.0,100.0,-0.0,1
4036,92.0,-1.0,-60.0,100.0,-0.0,1
4038,89.0,-2.0,-57.0,100.0,-0.0,1
4039,72.0,-51.0,-50.0,100.0,-1.0,1
4044,77.0,-6.0,-27.0,97.0,-0.0,1
4045,65.0,-1.0,-38.0,100.0,-0.0,1
4046,88.0,-0.0,-100.0,100.0,-1.0,1
4050,90.0,-1.0,-40.0,100.0,-0.0,1
4051,73.0,-46.0,-100.0,88.0,-0.0,0
4053,79.0,-16.0,-37.0,100.0,-0.0,1
4054,85.0,-5.0,-31.0,100.0,-0.0,1
4055,78.0,-24.0,-80.0,95.0,-0.0,1
4057,72.0,-42.0,-38.0,96.0,-1.0,0
4059,73.0,-30.0,-58.0,100.0,-1.0,1
4060,86.0,-4.0,-71.0,100.0,-1.0,0
4063,69.0,-54.0,-68.0,100.0,-5.0,1
4065,86.0,-14.0,-42.0,100.0,-0.0,1
4069,87.0,-0.0,-29.0,100.0,-0.0,1
4072,58.0,-20.0,-57.0,69.0,-1.0,0
4074,83.0,-8.0,-36.0,100.0,-0.0,0
4075,68.0,-27.0,-56.0,77.0,-1.0,0
4076,57.0,-64.0,-92.0,90.0,-2.0,0
4077,72.0,-13.0,-62.0,97.0,-1.0,1
4078,59.0,-83.0,-100.0,100.0,-3.0,0
4080,74.0,-2.0,-42.0,97.0,-1.0,0
4081,81.0,-0.0,-33.0,100.0,-0.0,0
4084,77.0,-43.0,-86.0,100.0,-1.0,0
4089,80.0,-2.0,-100.0,92.0,-0.0,0
4091,80.0,-2.0,-39.0,95.0,-0.0,0
4093,75.0,-26.0,-50.0,95.0,-1.0,0
4094,69.0,-52.0,-75.0,100.0,-2.0,0
4096,66.0,-19.0,-64.0,98.0,-1.0,0
4099,75.0,-58.0,-86.0,100.0,-1.0,0
4102,57.0,-50.0,-81.0,96.0,-2.0,0
4109,82.0,-35.0,-83.0,100.0,-0.0,0
4110,60.0,-57.0,-50.0,76.0,-2.0,0
4112,82.0,-33.0,-88.0,100.0,-0.0,0
4118,69.0,-7.0,-60.0,73.0,-0.0,0
4122,63.0,-100.0,-100.0,100.0,-4.0,0
4123,61.0,-54.0,-80.0,87.0,-1.0,0
4127,69.0,-48.0,-29.0,100.0,-4.0,0
4129,86.0,-16.0,-44.0,100.0,-0.0,0
4132,67.0,-53.0,-83.0,89.0,-0.0,0
4136,62.0,-62.0,-70.0,95.0,-2.0,0
4144,76.0,-57.0,-56.0,100.0,-2.0,1
4146,72.0,-40.0,-78.0,89.0,-2.0,0
4149,81.0,-15.0,-40.0,100.0,-1.0,1
4155,80.0,-35.0,-50.0,100.0,-1.0,0
4157,71.0,-43.0,-64.0,92.0,-2.0,0
4159,64.0,-8.0,-60.0,78.0,-0.0,1
4163,70.0,-44.0,-92.0,96.0,-0.0,0
4165,71.0,-49.0,-67.0,85.0,-0.0,0
4178,73.0,-3.0,-31.0,100.0,-0.0,1
4180,78.0,-46.0,-63.0,100.0,-1.0,1
4181,74.0,-63.0,-86.0,94.0,-0.0,1
4184,64.0,-99.0,-100.0,53.0,-1.0,0
4187,74.0,-19.0,-42.0,93.0,-1.0,0
4189,75.0,-77.0,-100.0,86.0,-1.0,0
4191,57.0,-60.0,-100.0,82.0,-3.0,0
4193,59.0,-44.0,-65.0,89.0,-2.0,1
4196,68.0,-81.0,-89.0,96.0,-3.0,0
4199,81.0,-20.0,-50.0,100.0,-0.0,1
4201,83.0,-1.0,-46.0,96.0,-0.0,0
4203,55.0,-97.0,-100.0,75.0,-4.0,0
4204,71.0,-63.0,-80.0,92.0,-1.0,0
4210,56.0,-76.0,-67.0,100.0,-7.0,0
4217,67.0,-91.0,-100.0,100.0,-1.0,0
4218,65.0,-55.0,-67.0,85.0,-2.0,0
4220,82.0,-36.0,-56.0,100.0,-0.0,0
4221,68.0,-29.0,-67.0,86.0,-0.0,0
4224,80.0,-23.0,-44.0,100.0,-0.0,1
4226,61.0,-72.0,-100.0,92.0,-1.0,1
4227,58.0,-66.0,-86.0,100.0,-2.0,0
4231,79.0,-0.0,-22.0,100.0,-0.0,0
4234,65.0,-86.0,-88.0,100.0,-8.0,0
4235,73.0,-25.0,-50.0,100.0,-0.0,0
4244,77.0,-11.0,-30.0,100.0,-0.0,1
4246,61.0,-19.0,-31.0,90.0,-1.0,0
4247,75.0,-24.0,-56.0,94.0,-1.0,1
4249,54.0,-76.0,-65.0,95.0,-4.0,0
4250,84.0,-3.0,-33.0,93.0,-0.0,0
4252,60.0,-91.0,-100.0,83.0,-1.0,0
4253,66.0,-46.0,-71.0,98.0,-3.0,0
4255,77.0,-6.0,-69.0,97.0,-1.0,1
4257,74.0,-8.0,-100.0,100.0,-0.0,0
4258,68.0,-30.0,-43.0,100.0,-1.0,0
4260,72.0,-3.0,-31.0,100.0,-1.0,0
4262,66.0,-32.0,-80.0,50.0,-0.0,0
4263,66.0,-34.0,-45.0,97.0,-3.0,1
4267,76.0,-0.0,-35.0,97.0,-0.0,1
4268,83.0,-9.0,-54.0,100.0,-0.0,1
4269,78.0,-7.0,-57.0,94.0,-0.0,0
4270,60.0,-17.0,-50.0,56.0,-0.0,0
4271,81.0,-11.0,-33.0,92.0,-0.0,1
4272,74.0,-21.0,-70.0,92.0,-0.0,0
4274,63.0,-53.0,-83.0,88.0,-1.0,0
4277,87.0,-16.0,-67.0,100.0,-0.0,0
4279,71.0,-29.0,-83.0,73.0,-0.0,0
4281,67.0,-86.0,-58.0,87.0,-2.0,0
4285,90.0,-13.0,-36.0,100.0,-0.0,1
4291,67.0,-76.0,-75.0,100.0,-3.0,0
4293,64.0,-100.0,-100.0,100.0,-2.0,0
4294,65.0,-23.0,-58.0,81.0,-1.0,0
4296,76.0,-42.0,-44.0,100.0,-1.0,0
4299,67.0,-67.0,-78.0,88.0,-2.0,0
4300,82.0,-34.0,-45.0,100.0,-1.0,0
4301,58.0,-91.0,-100.0,92.0,-3.0,0
4303,64.0,-90.0,-100.0,94.0,-3.0,0
4304,75.0,-27.0,-67.0,96.0,-1.0,0
4306,60.0,-71.0,-62.0,94.0,-1.0,0
4311,59.0,-88.0,-93.0,80.0,-3.0,0
4312,80.0,-12.0,-50.0,84.0,-0.0,0
4322,71.0,-3.0,-50.0,100.0,-0.0,1
4325,54.0,-85.0,-81.0,88.0,-6.0,1
4327,69.0,-19.0,-64.0,83.0,-0.0,1
4334,59.0,-69.0,-83.0,88.0,-2.0,0
4335,66.0,-81.0,-100.0,90.0,-1.0,0
4336,71.0,-22.0,-67.0,93.0,-1.0,1
4337,81.0,-8.0,-50.0,100.0,-1.0,1
4339,91.0,-10.0,-25.0,100.0,-0.0,1
4341,75.0,-22.0,-54.0,100.0,-1.0,0
4346,85.0,-18.0,-60.0,100.0,-0.0,1
4348,80.0,-77.0,-100.0,100.0,-1.0,0
4349,54.0,-58.0,-75.0,88.0,-3.0,0
4350,65.0,-98.0,-100.0,100.0,-4.0,0
4352,73.0,-9.0,-53.0,83.0,-0.0,0
4356,60.0,-2.0,-50.0,76.0,-0.0,1
4358,67.0,-57.0,-67.0,100.0,-0.0,0
4359,82.0,-28.0,-40.0,100.0,-0.0,1
4362,84.0,-6.0,-50.0,100.0,-1.0,1
4364,65.0,-57.0,-70.0,88.0,-1.0,0
4365,64.0,-66.0,-57.0,76.0,-1.0,1
4370,68.0,-40.0,-100.0,100.0,-1.0,0
4373,63.0,-72.0,-50.0,73.0,-1.0,1
4376,82.0,-7.0,-36.0,100.0,-0.0,1
4377,88.0,-8.0,-10.0,100.0,-0.0,1
4381,63.0,-30.0,-50.0,96.0,-3.0,0
4382,60.0,-80.0,-80.0,74.0,-4.0,0
4384,79.0,-48.0,-45.0,100.0,-2.0,1
4386,64.0,-43.0,-56.0,83.0,-0.0,0
4390,62.0,-1.0,-50.0,92.0,-0.0,0
4391,71.0,-11.0,-38.0,75.0,-1.0,0
4392,68.0,-5.0,-25.0,96.0,-0.0,0
4394,71.0,-44.0,-88.0,88.0,-1.0,1
4397,75.0,-2.0,-57.0,88.0,-1.0,0
4398,69.0,-57.0,-92.0,100.0,-2.0,0
4399,73.0,-45.0,-55.0,100.0,-0.0,0
4400,72.0,-62.0,-88.0,100.0,-2.0,0
4403,75.0,-0.0,-38.0,85.0,-0.0,1
4404,56.0,-76.0,-100.0,79.0,-1.0,0
4406,55.0,-42.0,-58.0,95.0,-3.0,0
4409,86.0,-8.0,-64.0,100.0,-0.0,1
4410,81.0,-7.0,-57.0,100.0,-0.0,0
4411,61.0,-55.0,-78.0,89.0,-5.0,0
4412,65.0,-61.0,-75.0,96.0,-2.0,0
4417,77.0,-19.0,-67.0,100.0,-0.0,0
4418,63.0,-84.0,-90.0,100.0,-3.0,0
4421,75.0,-59.0,-100.0,83.0,-0.0,0
4423,81.0,-10.0,-45.0,88.0,-0.0,0
4426,76.0,-14.0,-42.0,96.0,-1.0,1
4430,67.0,-78.0,-50.0,100.0,-1.0,0
4432,61.0,-89.0,-100.0,100.0,-4.0,0
4433,71.0,-32.0,-56.0,100.0,-2.0,0
4438,74.0,-37.0,-60.0,100.0,-0.0,1
4439,66.0,-74.0,-64.0,81.0,-2.0,0
4441,61.0,-90.0,-94.0,80.0,-5.0,0
4443,59.0,-44.0,-76.0,100.0,-5.0,0
4446,56.0,-44.0,-80.0,76.0,-1.0,0
4449,74.0,-38.0,-100.0,100.0,-0.0,0
4451,63.0,-18.0,-40.0,100.0,-1.0,0
4452,60.0,-58.0,-67.0,96.0,-2.0,0
4454,55.0,-71.0,-61.0,88.0,-4.0,0
4456,79.0,-11.0,-67.0,91.0,-0.0,1
4458,63.0,-91.0,-100.0,88.0,-1.0,0
4460,74.0,-21.0,-67.0,95.0,-0.0,0
4463,72.0,-82.0,-100.0,100.0,-1.0,0
4467,60.0,-85.0,-86.0,100.0,-3.0,1
4468,70.0,-59.0,-54.0,100.0,-4.0,0
4472,57.0,-87.0,-80.0,92.0,-2.0,0
4475,56.0,-20.0,-23.0,74.0,-1.0,1
4477,61.0,-90.0,-100.0,96.0,-3.0,0
4478,61.0,-73.0,-75.0,44.0,-1.0,0
4479,88.0,-3.0,-57.0,100.0,-0.0,1
4482,65.0,-55.0,-92.0,96.0,-1.0,0
4484,83.0,-0.0,-33.0,96.0,-0.0,1
4486,67.0,-82.0,-92.0,100.0,-1.0,0
4488,77.0,-8.0,-71.0,92.0,-0.0,1
4493,61.0,-104.0,-100.0,80.0,-1.0,0
4500,62.0,-49.0,-67.0,80.0,-1.0,0
4501,78.0,-11.0,-71.0,100.0,-0.0,0
4504,68.0,-24.0,-70.0,88.0,-0.0,1
4505,86.0,-14.0,-63.0,100.0,-0.0,0
4507,73.0,-30.0,-67.0,55.0,-0.0,1
4513,63.0,-53.0,-50.0,79.0,-1.0,0
4518,70.0,-25.0,-50.0,88.0,-1.0,0
4519,68.0,-43.0,-44.0,100.0,-1.0,0
4522,76.0,-15.0,-75.0,96.0,-1.0,0
4524,89.0,-2.0,-57.0,100.0,-0.0,1
4525,60.0,-94.0,-100.0,100.0,-2.0,0
4526,70.0,-8.0,-71.0,82.0,-0.0,0
4533,57.0,-73.0,-100.0,100.0,-2.0,0
4534,78.0,-18.0,-39.0,100.0,-1.0,0
4537,79.0,-19.0,-70.0,100.0,-0.0,0
4538,68.0,-73.0,-91.0,100.0,-4.0,1
4540,68.0,-50.0,-83.0,100.0,-1.0,0
4543,67.0,-11.0,-37.0,100.0,-0.0,1
4544,71.0,-62.0,-54.0,100.0,-1.0,0
4546,75.0,-11.0,-44.0,98.0,-0.0,1
4547,76.0,-25.0,-45.0,100.0,-0.0,0
4551,60.0,-101.0,-100.0,94.0,-1.0,0
4552,84.0,-15.0,-75.0,100.0,-0.0,0
4553,91.0,-2.0,-27.0,100.0,-0.0,1
4554,71.0,-17.0,-33.0,91.0,-0.0,1
4555,62.0,-52.0,-83.0,87.0,-2.0,0
4559,71.0,-1.0,-42.0,100.0,-0.0,0
4562,87.0,-2.0,-100.0,100.0,-0.0,1
4563,74.0,-10.0,-88.0,94.0,-0.0,0
4565,63.0,-68.0,-80.0,93.0,-3.0,0
4566,65.0,-79.0,-75.0,100.0,-5.0,0
4569,82.0,-38.0,-56.0,100.0,-0.0,0
4570,58.0,-24.0,-50.0,55.0,-1.0,0
4572,87.0,-24.0,-63.0,100.0,-0.0,1
4573,61.0,-93.0,-75.0,63.0,-2.0,0
4575,84.0,-17.0,-33.0,92.0,-0.0,0
4576,78.0,-15.0,-78.0,100.0,-1.0,1
4577,68.0,-56.0,-100.0,87.0,-0.0,0
4582,81.0,-10.0,-60.0,100.0,-0.0,0
4584,83.0,-9.0,-71.0,100.0,-0.0,0
4585,79.0,-3.0,-50.0,94.0,-0.0,1
4587,54.0,-83.0,-88.0,90.0,-3.0,0
4588,57.0,-61.0,-63.0,67.0,-1.0,0
4589,66.0,-64.0,-89.0,91.0,-2.0,0
4591,64.0,-2.0,-18.0,90.0,-0.0,1
4592,60.0,-79.0,-64.0,97.0,-4.0,0
4594,60.0,-82.0,-82.0,88.0,-3.0,0
4595,85.0,-7.0,-36.0,100.0,-0.0,0
4596,89.0,-3.0,-33.0,100.0,-0.0,1
4600,75.0,-43.0,-89.0,95.0,-0.0,0
4602,88.0,-8.0,-50.0,100.0,-0.0,1
4603,88.0,-4.0,-80.0,100.0,-0.0,1
4604,69.0,-29.0,-64.0,89.0,-0.0,0
4607,71.0,-87.0,-100.0,94.0,-1.0,0
4608,64.0,-45.0,-88.0,75.0,-1.0,1
4609,67.0,-40.0,-78.0,96.0,-1.0,1
4612,61.0,-31.0,-86.0,89.0,-1.0,0
4615,54.0,-97.0,-100.0,80.0,-3.0,0
4616,58.0,-87.0,-80.0,95.0,-5.0,1
4617,73.0,-10.0,-75.0,75.0,-0.0,0
4618,62.0,-54.0,-73.0,100.0,-3.0,0
4620,61.0,-72.0,-67.0,70.0,-1.0,1
4621,58.0,-81.0,-81.0,89.0,-7.0,1
4623,60.0,-103.0,-100.0,71.0,-1.0,0
4625,63.0,-11.0,-75.0,65.0,-0.0,0
4627,56.0,-86.0,-87.0,96.0,-8.0,0
4629,74.0,-53.0,-50.0,100.0,-0.0,1
4631,69.0,-68.0,-67.0,100.0,-2.0,0
4633,63.0,-103.0,-100.0,100.0,-2.0,0
4635,84.0,-13.0,-20.0,100.0,-0.0,1
4636,68.0,-25.0,-65.0,100.0,-1.0,1
4638,88.0,-0.0,-35.0,100.0,-0.0,1
4641,69.0,-41.0,-67.0,86.0,-1.0,1
4644,80.0,-11.0,-64.0,94.0,-0.0,1
4646,81.0,-27.0,-44.0,100.0,-0.0,0
4647,61.0,-56.0,-88.0,100.0,-0.0,0
4650,69.0,-12.0,-57.0,74.0,-0.0,0
4654,61.0,-64.0,-89.0,76.0,-1.0,0
4656,85.0,-14.0,-56.0,100.0,-0.0,0
4657,64.0,-59.0,-69.0,96.0,-1.0,1
4660,79.0,-13.0,-56.0,100.0,-0.0,1
4662,72.0,-74.0,-100.0,100.0,-2.0,0
4663,70.0,-52.0,-88.0,100.0,-2.0,0
4665,58.0,-55.0,-90.0,91.0,-1.0,0
4666,89.0,-7.0,-43.0,100.0,-0.0,1
4667,80.0,-33.0,-75.0,100.0,-0.0,0
4669,72.0,-50.0,-57.0,100.0,-2.0,1
4672,66.0,-86.0,-91.0,100.0,-8.0,0
4673,73.0,-3.0,-55.0,95.0,-0.0,1
4675,69.0,-41.0,-58.0,100.0,-1.0,0
4676,71.0,-35.0,-67.0,96.0,-2.0,0
4677,79.0,-46.0,-73.0,100.0,-0.0,0
4678,66.0,-69.0,-60.0,100.0,-3.0,0
4680,72.0,-62.0,-71.0,97.0,-3.0,0
4682,66.0,-54.0,-63.0,96.0,-2.0,1
4686,80.0,-28.0,-60.0,100.0,-1.0,0
4690,89.0,-16.0,-45.0,100.0,-0.0,1
4692,68.0,-9.0,-75.0,92.0,-0.0,1
4696,74.0,-22.0,-79.0,100.0,-1.0,1
4697,58.0,-76.0,-86.0,95.0,-3.0,0
4699,76.0,-54.0,-63.0,95.0,-0.0,1
4700,71.0,-24.0,-44.0,98.0,-1.0,0
4702,71.0,-4.0,-78.0,81.0,-0.0,1
4703,87.0,-4.0,-20.0,98.0,-0.0,1
4706,70.0,-9.0,-43.0,93.0,-0.0,0
4707,72.0,-37.0,-60.0,100.0,-2.0,0
4710,59.0,-16.0,-100.0,50.0,-0.0,0
4714,68.0,-74.0,-100.0,98.0,-3.0,0
4719,62.0,-53.0,-90.0,90.0,-2.0,0
4720,84.0,-21.0,-44.0,100.0,-0.0,1
4721,85.0,-11.0,-63.0,100.0,-0.0,1
4722,61.0,-67.0,-75.0,89.0,-2.0,0
4723,63.0,-68.0,-100.0,94.0,-0.0,0
4724,72.0,-7.0,-67.0,96.0,-0.0,0
4726,74.0,-59.0,-75.0,90.0,-1.0,0
4727,77.0,-12.0,-71.0,100.0,-1.0,0
4729,55.0,-15.0,-63.0,62.0,-0.0,0
4730,92.0,-1.0,-29.0,100.0,-0.0,1
4731,58.0,-87.0,-100.0,100.0,-1.0,0
4734,68.0,-33.0,-50.0,76.0,-1.0,0
4737,74.0,-39.0,-45.0,98.0,-2.0,1
4738,66.0,-14.0,-52.0,94.0,-1.0,0
4742,66.0,-98.0,-83.0,80.0,-1.0,0
4743,83.0,-16.0,-47.0,92.0,-0.0,1
4744,73.0,-39.0,-56.0,95.0,-1.0,0
4745,84.0,-3.0,-50.0,96.0,-0.0,1
4747,75.0,-10.0,-45.0,100.0,-0.0,1
4749,83.0,-0.0,-57.0,85.0,-0.0,1
4753,86.0,-0.0,-33.0,100.0,-0.0,1
4757,81.0,-19.0,-64.0,94.0,-0.0,1
4758,67.0,-81.0,-75.0,100.0,-2.0,0
4761,67.0,-36.0,-71.0,100.0,-0.0,1
4762,76.0,-68.0,-67.0,100.0,-2.0,1
4766,75.0,-37.0,-41.0,100.0,-1.0,0
4768,58.0,-70.0,-100.0,100.0,-2.0,0
4769,84.0,-17.0,-67.0,100.0,-0.0,0
4770,76.0,-0.0,-38.0,94.0,-0.0,1
4772,91.0,-6.0,-50.0,100.0,-0.0,1
4774,68.0,-13.0,-50.0,90.0,-0.0,1
4776,73.0,-74.0,-73.0,96.0,-2.0,1
4779,75.0,-12.0,-57.0,100.0,-0.0,1
4781,75.0,-18.0,-44.0,94.0,-0.0,0
4782,82.0,-38.0,-50.0,100.0,-1.0,1
4783,82.0,-34.0,-50.0,100.0,-0.0,1
4789,90.0,-9.0,-25.0,100.0,-0.0,1
4791,73.0,-11.0,-87.0,92.0,-0.0,1
4793,72.0,-20.0,-62.0,100.0,-0.0,0
4794,58.0,-54.0,-60.0,90.0,-1.0,0
4795,66.0,-15.0,-60.0,100.0,-1.0,1
4799,86.0,-3.0,-40.0,100.0,-0.0,1
4801,89.0,-3.0,-50.0,100.0,-0.0,0
4803,75.0,-25.0,-43.0,100.0,-2.0,0
4804,76.0,-27.0,-69.0,82.0,-0.0,1
4805,68.0,-29.0,-67.0,100.0,-0.0,1
4806,66.0,-46.0,-100.0,100.0,-1.0,0
4808,66.0,-6.0,-63.0,94.0,-0.0,1
4815,60.0,-11.0,-73.0,63.0,-0.0,1
4816,55.0,-43.0,-75.0,80.0,-3.0,1
4817,61.0,-52.0,-86.0,93.0,-4.0,0
4818,68.0,-35.0,-73.0,86.0,-1.0,0
4821,66.0,-74.0,-58.0,100.0,-5.0,1
4826,71.0,-48.0,-100.0,100.0,-1.0,1
4836,64.0,-65.0,-71.0,100.0,-1.0,0
4842,67.0,-19.0,-27.0,96.0,-1.0,1
4843,80.0,-20.0,-64.0,100.0,-0.0,0
4846,61.0,-27.0,-64.0,63.0,-2.0,0
4847,77.0,-10.0,-57.0,93.0,-0.0,1
4850,54.0,-39.0,-55.0,87.0,-2.0,0
4851,86.0,-4.0,-30.0,100.0,-0.0,1
4852,89.0,-2.0,-100.0,100.0,-0.0,1
4855,70.0,-47.0,-67.0,96.0,-1.0,1
4857,77.0,-33.0,-71.0,91.0,-0.0,1
4858,75.0,-34.0,-67.0,100.0,-2.0,1
4860,84.0,-18.0,-63.0,93.0,-1.0,1
4864,71.0,-12.0,-29.0,96.0,-0.0,0
4867,78.0,-16.0,-57.0,100.0,-0.0,0
4869,76.0,-0.0,-60.0,87.0,-0.0,1
4871,73.0,-64.0,-64.0,100.0,-2.0,1
4874,84.0,-0.0,-57.0,96.0,-0.0,1
4876,74.0,-15.0,-25.0,86.0,-0.0,1
4880,85.0,-6.0,-55.0,100.0,-0.0,1
4882,86.0,-0.0,-67.0,100.0,-0.0,1
4887,85.0,-12.0,-50.0,100.0,-0.0,0
4894,83.0,-13.0,-43.0,98.0,-0.0,1
4896,54.0,-51.0,-80.0,76.0,-1.0,0
4898,80.0,-25.0,-70.0,100.0,-0.0,0
4900,86.0,-0.0,-43.0,94.0,-0.0,1
4901,91.0,-6.0,-67.0,100.0,-0.0,1
4903,66.0,-32.0,-64.0,86.0,-0.0,0
4905,79.0,-0.0,-33.0,89.0,-0.0,1
4911,82.0,-5.0,-78.0,100.0,-0.0,1
4912,63.0,-53.0,-47.0,96.0,-3.0,1
4918,85.0,-13.0,-60.0,100.0,-0.0,1
4922,91.0,-1.0,-23.0,100.0,-0.0,1
4923,84.0,-28.0,-67.0,100.0,-0.0,1
4926,90.0,-8.0,-40.0,100.0,-0.0,1
4928,73.0,-23.0,-54.0,95.0,-1.0,1
4929,75.0,-37.0,-71.0,93.0,-1.0,0
4930,79.0,-2.0,-40.0,95.0,-0.0,0
4935,79.0,-13.0,-50.0,100.0,-1.0,1
4937,85.0,-6.0,-54.0,100.0,-0.0,1
4938,82.0,-15.0,-63.0,96.0,-1.0,1
4949,65.0,-63.0,-71.0,93.0,-1.0,1
4951,80.0,-8.0,-67.0,90.0,-0.0,0
4954,72.0,-16.0,-45.0,97.0,-1.0,1
4955,80.0,-41.0,-75.0,100.0,-2.0,1
4958,78.0,-44.0,-67.0,100.0,-1.0,1
4963,84.0,-13.0,-78.0,100.0,-0.0,1
4964,62.0,-35.0,-71.0,94.0,-1.0,0
4966,54.0,-55.0,-63.0,89.0,-3.0,0
4967,67.0,-48.0,-81.0,97.0,-3.0,0
4968,77.0,-21.0,-71.0,100.0,-0.0,1
4969,58.0,-54.0,-64.0,91.0,-1.0,0
4970,84.0,-20.0,-27.0,100.0,-0.0,1
4972,63.0,-0.0,-100.0,75.0,-0.0,1
4976,61.0,-69.0,-89.0,100.0,-7.0,0
4977,91.0,-3.0,-50.0,100.0,-0.0,1
4981,79.0,-14.0,-75.0,90.0,-0.0,1
4982,83.0,-12.0,-100.0,100.0,-0.0,1
4984,64.0,-93.0,-100.0,100.0,-3.0,1
4985,91.0,-5.0,-50.0,100.0,-0.0,1
4986,65.0,-75.0,-75.0,88.0,-2.0,0
4987,74.0,-41.0,-57.0,100.0,-1.0,0
4988,54.0,-8.0,-69.0,73.0,-1.0,0
4989,79.0,-56.0,-60.0,100.0,-2.0,1
4992,57.0,-63.0,-84.0,83.0,-2.0,0
4993,91.0,-9.0,-50.0,100.0,-0.0,1
4995,64.0,-67.0,-100.0,100.0,-0.0,0
5000,83.0,-17.0,-100.0,100.0,-0.0,1
5001,83.0,-25.0,-44.0,100.0,-0.0,0
5003,85.0,-9.0,-45.0,100.0,-0.0,1
5004,86.0,-2.0,-86.0,100.0,-0.0,1
5011,78.0,-19.0,-55.0,100.0,-0.0,1
5012,84.0,-13.0,-40.0,100.0,-0.0,1
5014,77.0,-24.0,-71.0,100.0,-0.0,1
5016,84.0,-2.0,-46.0,100.0,-0.0,1
5021,75.0,-0.0,-0.0,92.0,-0.0,1
5025,58.0,-44.0,-73.0,94.0,-2.0,0
5028,79.0,-62.0,-56.0,100.0,-1.0,1
5034,80.0,-3.0,-40.0,100.0,-0.0,1
5035,61.0,-76.0,-60.0,64.0,-1.0,0
5036,65.0,-35.0,-71.0,100.0,-0.0,1
5038,81.0,-3.0,-20.0,95.0,-0.0,1
5039,74.0,-43.0,-71.0,95.0,-1.0,0
5040,71.0,-29.0,-50.0,91.0,-1.0,0
5043,70.0,-9.0,-40.0,75.0,-0.0,0
5044,70.0,-42.0,-45.0,79.0,-0.0,0
5045,79.0,-14.0,-40.0,100.0,-1.0,0
5046,66.0,-83.0,-78.0,100.0,-3.0,0
5056,63.0,-94.0,-100.0,86.0,-1.0,0
5058,59.0,-72.0,-88.0,87.0,-2.0,0
5065,60.0,-84.0,-64.0,100.0,-1.0,0
5069,76.0,-21.0,-67.0,95.0,-1.0,0
5070,69.0,-95.0,-100.0,100.0,-1.0,0
5071,74.0,-43.0,-83.0,100.0,-1.0,0
5074,89.0,-4.0,-57.0,100.0,-0.0,1
5076,68.0,-35.0,-43.0,89.0,-0.0,0
5082,66.0,-67.0,-82.0,100.0,-2.0,1
5087,71.0,-46.0,-75.0,89.0,-2.0,0
5093,61.0,-91.0,-82.0,68.0,-2.0,1
5099,88.0,-8.0,-50.0,100.0,-0.0,1
5105,74.0,-34.0,-50.0,94.0,-0.0,1
5109,84.0,-14.0,-85.0,100.0,-0.0,1
5112,89.0,-13.0,-50.0,100.0,-0.0,1
5114,68.0,-83.0,-100.0,100.0,-8.0,0
5116,84.0,-7.0,-20.0,100.0,-0.0,1
5117,85.0,-19.0,-67.0,100.0,-0.0,1
5119,89.0,-3.0,-71.0,100.0,-0.0,1
5122,89.0,-4.0,-75.0,100.0,-0.0,1
5123,91.0,-2.0,-17.0,100.0,-0.0,1
5124,68.0,-58.0,-59.0,100.0,-5.0,0
5125,58.0,-50.0,-80.0,88.0,-1.0,0
5127,74.0,-38.0,-83.0,100.0,-2.0,1
5129,62.0,-46.0,-89.0,100.0,-4.0,1
5130,65.0,-45.0,-57.0,97.0,-1.0,0
5133,64.0,-0.0,-40.0,78.0,-0.0,0
5135,77.0,-42.0,-50.0,100.0,-0.0,1
5137,86.0,-12.0,-90.0,100.0,-0.0,1
5138,61.0,-81.0,-82.0,91.0,-2.0,0
5140,65.0,-21.0,-38.0,70.0,-0.0,0
5143,69.0,-94.0,-100.0,87.0,-2.0,0
5144,66.0,-43.0,-78.0,96.0,-1.0,0
5145,83.0,-25.0,-44.0,100.0,-0.0,0
5149,71.0,-0.0,-71.0,92.0,-0.0,0
5151,70.0,-60.0,-67.0,100.0,-2.0,0
5156,71.0,-22.0,-50.0,100.0,-0.0,0
5159,73.0,-97.0,-100.0,93.0,-2.0,0
5160,56.0,-51.0,-67.0,95.0,-3.0,1
5161,69.0,-20.0,-67.0,100.0,-1.0,0
5162,72.0,-37.0,-71.0,100.0,-2.0,0
5163,61.0,-35.0,-77.0,74.0,-3.0,0
5165,56.0,-48.0,-62.0,86.0,-3.0,0
5167,83.0,-4.0,-75.0,92.0,-0.0,0
5168,86.0,-11.0,-57.0,100.0,-0.0,1
5173,92.0,-0.0,-33.0,100.0,-0.0,1
5174,72.0,-48.0,-50.0,100.0,-1.0,0
5180,81.0,-0.0,-11.0,100.0,-0.0,0
5181,70.0,-11.0,-67.0,96.0,-1.0,0
5184,91.0,-1.0,-50.0,100.0,-0.0,1
5186,50.0,-79.0,-92.0,86.0,-6.0,1
5187,81.0,-33.0,-63.0,100.0,-0.0,1
5190,86.0,-2.0,-40.0,100.0,-0.0,1
5191,80.0,-19.0,-88.0,100.0,-0.0,1
5194,67.0,-58.0,-83.0,100.0,-0.0,1
5195,86.0,-4.0,-80.0,100.0,-0.0,1
5200,55.0,-55.0,-69.0,90.0,-3.0,0
5203,63.0,-38.0,-56.0,90.0,-2.0,0
5205,64.0,-28.0,-70.0,83.0,-2.0,1
5206,75.0,-7.0,-86.0,100.0,-0.0,0
5211,63.0,-32.0,-75.0,100.0,-2.0,0
5215,65.0,-30.0,-100.0,82.0,-0.0,0
5218,70.0,-49.0,-75.0,96.0,-0.0,0
5219,63.0,-35.0,-71.0,97.0,-2.0,0
5220,54.0,-59.0,-69.0,97.0,-1.0,0
5223,57.0,-82.0,-73.0,84.0,-3.0,0
5225,88.0,-0.0,-57.0,96.0,-0.0,1
5235,75.0,-67.0,-100.0,100.0,-1.0,1
5236,65.0,-17.0,-41.0,92.0,-2.0,1
5239,64.0,-32.0,-80.0,76.0,-1.0,0
5240,62.0,-70.0,-75.0,86.0,-1.0,1
5245,78.0,-44.0,-55.0,98.0,-4.0,0
5246,56.0,-88.0,-89.0,92.0,-2.0,0
5247,72.0,-1.0,-40.0,80.0,-0.0,0
5249,79.0,-0.0,-29.0,100.0,-0.0,0
5250,66.0,-90.0,-100.0,100.0,-1.0,0
5251,55.0,-77.0,-100.0,96.0,-4.0,0
5252,57.0,-67.0,-100.0,72.0,-3.0,0
5253,84.0,-70.0,-55.0,100.0,-2.0,0
5255,54.0,-94.0,-100.0,65.0,-2.0,0
5257,55.0,-17.0,-62.0,73.0,-0.0,0
5260,86.0,-2.0,-40.0,100.0,-0.0,1
5262,81.0,-7.0,-56.0,100.0,-0.0,0
5263,77.0,-29.0,-88.0,89.0,-0.0,0
5268,78.0,-51.0,-69.0,100.0,-2.0,0
5275,61.0,-54.0,-92.0,96.0,-2.0,0
5276,65.0,-36.0,-63.0,100.0,-2.0,0
5285,82.0,-31.0,-100.0,100.0,-0.0,1
5286,57.0,-54.0,-69.0,91.0,-2.0,0
5288,56.0,-62.0,-67.0,69.0,-2.0,0
5289,63.0,-78.0,-79.0,95.0,-4.0,0
5290,70.0,-47.0,-92.0,94.0,-0.0,1
5291,78.0,-11.0,-75.0,100.0,-1.0,1
5292,63.0,-60.0,-60.0,93.0,-1.0,0
5294,67.0,-32.0,-83.0,78.0,-0.0,0
5295,62.0,-75.0,-100.0,74.0,-1.0,0
5296,54.0,-77.0,-100.0,67.0,-1.0,0
5297,56.0,-0.0,-67.0,75.0,-0.0,0
5299,75.0,-20.0,-56.0,100.0,-1.0,1
5301,57.0,-41.0,-71.0,71.0,-0.0,0
5302,75.0,-0.0,-33.0,97.0,-0.0,1
5304,62.0,-17.0,-89.0,90.0,-0.0,0
5311,63.0,-51.0,-69.0,95.0,-3.0,0
5312,86.0,-24.0,-100.0,100.0,-0.0,0
5313,65.0,-20.0,-72.0,92.0,-1.0,0
5316,87.0,-3.0,-33.0,100.0,-0.0,1
5317,69.0,-53.0,-60.0,94.0,-1.0,0
5319,76.0,-34.0,-50.0,100.0,-2.0,1
5320,77.0,-11.0,-31.0,96.0,-0.0,1
5321,86.0,-8.0,-83.0,100.0,-0.0,1
5322,70.0,-55.0,-100.0,100.0,-0.0,0
5324,61.0,-81.0,-75.0,67.0,-1.0,0
5327,65.0,-31.0,-73.0,92.0,-1.0,1
5328,89.0,-7.0,-27.0,100.0,-0.0,0
5332,68.0,-75.0,-100.0,100.0,-3.0,0
5336,77.0,-21.0,-44.0,93.0,-0.0,0
5337,81.0,-16.0,-45.0,100.0,-0.0,1
5338,55.0,-60.0,-64.0,75.0,-0.0,1
5344,79.0,-1.0,-45.0,100.0,-0.0,1
5345,75.0,-0.0,-33.0,88.0,-0.0,0
5348,64.0,-81.0,-100.0,92.0,-6.0,0
5355,62.0,-63.0,-88.0,71.0,-6.0,1
5356,57.0,-100.0,-93.0,95.0,-5.0,0
5357,71.0,-43.0,-89.0,100.0,-1.0,1
5364,86.0,-22.0,-80.0,100.0,-0.0,1
5368,64.0,-19.0,-64.0,78.0,-1.0,0
5370,80.0,-16.0,-55.0,100.0,-0.0,0
5371,79.0,-2.0,-75.0,86.0,-0.0,1
5374,72.0,-34.0,-75.0,100.0,-2.0,1
5375,69.0,-51.0,-80.0,71.0,-0.0,0
5376,82.0,-18.0,-71.0,100.0,-1.0,0
5380,78.0,-0.0,-50.0,94.0,-0.0,1
5381,56.0,-51.0,-78.0,100.0,-1.0,0
5384,61.0,-38.0,-53.0,86.0,-1.0,0
5385,54.0,-92.0,-94.0,62.0,-10.0,0
5390,87.0,-1.0,-42.0,100.0,-0.0,1
5397,63.0,-68.0,-92.0,97.0,-1.0,1
5398,66.0,-8.0,-50.0,88.0,-0.0,0
5402,56.0,-46.0,-100.0,71.0,-2.0,0
5404,56.0,-68.0,-73.0,55.0,-1.0,0
5407,69.0,-45.0,-80.0,100.0,-0.0,0
5408,54.0,-44.0,-86.0,90.0,-1.0,0
5412,74.0,-1.0,-20.0,97.0,-0.0,1
5415,70.0,-10.0,-50.0,95.0,-0.0,1
5416,82.0,-6.0,-33.0,98.0,-0.0,1
5420,70.0,-48.0,-74.0,98.0,-4.0,0
5421,77.0,-51.0,-67.0,100.0,-1.0,1
5427,56.0,-101.0,-86.0,94.0,-1.0,0
5429,67.0,-50.0,-71.0,75.0,-1.0,0
5433,65.0,-51.0,-55.0,100.0,-4.0,0
5435,68.0,-9.0,-70.0,96.0,-0.0,0
5438,56.0,-39.0,-54.0,84.0,-3.0,1
5440,86.0,-2.0,-53.0,100.0,-0.0,1
5442,71.0,-58.0,-86.0,87.0,-1.0,1
5443,49.0,-60.0,-78.0,55.0,-1.0,0
5444,85.0,-4.0,-45.0,100.0,-1.0,1
5445,83.0,-18.0,-100.0,100.0,-0.0,1
5448,75.0,-15.0,-44.0,100.0,-0.0,1
5450,55.0,-88.0,-90.0,89.0,-3.0,0
5451,67.0,-87.0,-100.0,73.0,-3.0,0
5454,73.0,-12.0,-64.0,88.0,-0.0,1
5461,62.0,-80.0,-78.0,95.0,-3.0,0
5463,69.0,-42.0,-75.0,95.0,-2.0,1
5465,87.0,-16.0,-64.0,100.0,-0.0,1
5466,65.0,-34.0,-55.0,100.0,-5.0,0
5467,74.0,-32.0,-75.0,97.0,-3.0,1
5468,65.0,-91.0,-89.0,93.0,-1.0,0
5469,79.0,-14.0,-50.0,100.0,-0.0,1
5471,77.0,-11.0,-67.0,91.0,-0.0,1
5474,66.0,-43.0,-60.0,85.0,-1.0,1
5477,83.0,-0.0,-50.0,93.0,-0.0,1
5479,90.0,-2.0,-50.0,100.0,-0.0,1
5484,81.0,-1.0,-80.0,90.0,-0.0,1
5485,73.0,-11.0,-67.0,100.0,-0.0,1
5487,83.0,-13.0,-57.0,100.0,-0.0,1
5488,66.0,-36.0,-47.0,85.0,-2.0,0
5490,76.0,-26.0,-89.0,100.0,-2.0,1
5492,62.0,-49.0,-89.0,77.0,-2.0,0
5497,73.0,-10.0,-67.0,75.0,-0.0,0
5498,82.0,-1.0,-38.0,100.0,-1.0,1
5500,68.0,-30.0,-80.0,93.0,-1.0,1
5501,68.0,-27.0,-67.0,82.0,-1.0,0
5502,79.0,-27.0,-29.0,97.0,-0.0,1
5505,89.0,-18.0,-71.0,100.0,-0.0,1
5507,66.0,-58.0,-94.0,94.0,-6.0,1
5508,68.0,-39.0,-54.0,100.0,-0.0,0
5510,60.0,-12.0,-75.0,77.0,-0.0,1
5515,82.0,-12.0,-60.0,89.0,-0.0,1
5518,87.0,-8.0,-75.0,100.0,-0.0,1
5521,82.0,-16.0,-38.0,96.0,-1.0,1
5522,86.0,-15.0,-43.0,100.0,-0.0,1
5523,75.0,-15.0,-46.0,100.0,-1.0,1
5525,83.0,-26.0,-27.0,100.0,-1.0,1
5526,71.0,-61.0,-80.0,100.0,-1.0,1
5527,90.0,-3.0,-67.0,100.0,-0.0,1
5530,75.0,-5.0,-60.0,86.0,-0.0,0
5535,72.0,-31.0,-78.0,96.0,-0.0,1
5537,65.0,-88.0,-100.0,100.0,-1.0,0
5538,63.0,-32.0,-57.0,90.0,-0.0,0
5539,70.0,-67.0,-85.0,97.0,-5.0,0
5543,75.0,-36.0,-54.0,94.0,-1.0,1
5547,74.0,-80.0,-75.0,100.0,-2.0,1
5552,90.0,-5.0,-60.0,100.0,-0.0,1
5553,75.0,-4.0,-38.0,98.0,-0.0,1
5560,74.0,-34.0,-44.0,92.0,-1.0,1
5562,83.0,-0.0,-24.0,100.0,-0.0,1
5565,84.0,-3.0,-50.0,90.0,-0.0,1
5566,91.0,-4.0,-64.0,100.0,-0.0,0
5567,66.0,-10.0,-45.0,90.0,-0.0,1
5573,60.0,-112.0,-60.0,80.0,-1.0,0
5578,58.0,-72.0,-54.0,70.0,-2.0,0
5581,58.0,-37.0,-100.0,100.0,-1.0,0
5586,85.0,-0.0,-56.0,100.0,-0.0,1
5587,68.0,-47.0,-73.0,95.0,-1.0,0
5593,60.0,-67.0,-75.0,100.0,-3.0,0
5594,64.0,-0.0,-18.0,56.0,-0.0,0
5595,68.0,-30.0,-83.0,71.0,-1.0,1
5596,70.0,-103.0,-100.0,93.0,-1.0,1
5597,56.0,-93.0,-100.0,80.0,-1.0,0
5599,88.0,-4.0,-25.0,100.0,-0.0,1
5600,68.0,-72.0,-80.0,100.0,-2.0,0
5601,86.0,-18.0,-43.0,100.0,-0.0,1
5604,61.0,-32.0,-52.0,100.0,-4.0,1
5606,71.0,-24.0,-46.0,81.0,-0.0,0
5611,71.0,-73.0,-58.0,96.0,-1.0,1
5613,88.0,-10.0,-14.0,100.0,-0.0,1
5617,69.0,-32.0,-71.0,100.0,-1.0,1
5619,63.0,-74.0,-83.0,93.0,-2.0,0
5622,81.0,-8.0,-82.0,100.0,-0.0,0
5624,72.0,-21.0,-67.0,82.0,-2.0,0
5625,71.0,-29.0,-37.0,100.0,-2.0,0
5626,62.0,-81.0,-62.0,100.0,-2.0,0
5628,66.0,-9.0,-57.0,84.0,-0.0,0
5630,80.0,-14.0,-75.0,100.0,-1.0,1
5631,68.0,-0.0,-67.0,67.0,-0.0,0
5634,72.0,-18.0,-42.0,94.0,-1.0,1
5638,83.0,-15.0,-57.0,100.0,-0.0,0
5641,71.0,-52.0,-67.0,93.0,-1.0,0
5647,68.0,-10.0,-50.0,80.0,-1.0,0
5648,79.0,-46.0,-50.0,100.0,-2.0,1
5649,70.0,-24.0,-90.0,85.0,-0.0,1
5650,57.0,-72.0,-100.0,81.0,-3.0,0
5651,76.0,-24.0,-35.0,100.0,-1.0,1
5658,90.0,-0.0,-50.0,100.0,-0.0,1
5660,36.0,-59.0,-85.0,63.0,-2.0,0
5662,58.0,-0.0,-33.0,75.0,-0.0,0
5669,63.0,-51.0,-77.0,71.0,-3.0,0
5676,81.0,-17.0,-44.0,95.0,-0.0,0
5679,71.0,-24.0,-67.0,88.0,-0.0,0
5680,80.0,-16.0,-74.0,100.0,-0.0,1
5682,72.0,-26.0,-100.0,100.0,-0.0,0
5688,62.0,-73.0,-63.0,100.0,-1.0,0
5691,73.0,-71.0,-88.0,100.0,-2.0,0
5694,85.0,-0.0,-25.0,95.0,-0.0,1
5696,79.0,-32.0,-69.0,100.0,-1.0,0
5697,77.0,-18.0,-46.0,94.0,-0.0,0
5698,69.0,-23.0,-73.0,77.0,-0.0,0
5699,76.0,-31.0,-100.0,100.0,-0.0,0
5701,75.0,-28.0,-71.0,96.0,-1.0,1
5702,66.0,-80.0,-88.0,100.0,-1.0,0
5709,65.0,-41.0,-88.0,89.0,-0.0,0
5712,75.0,-7.0,-30.0,91.0,-0.0,0
5713,59.0,-85.0,-100.0,43.0,-1.0,0
5714,71.0,-60.0,-64.0,91.0,-2.0,1
5715,63.0,-66.0,-50.0,71.0,-3.0,0
5716,57.0,-17.0,-65.0,78.0,-0.0,1
5720,68.0,-21.0,-54.0,94.0,-1.0,0
5721,59.0,-63.0,-91.0,87.0,-2.0,1
5724,54.0,-31.0,-63.0,76.0,-1.0,0
5725,74.0,-46.0,-100.0,100.0,-2.0,0
5726,78.0,-23.0,-71.0,100.0,-1.0,1
5727,61.0,-2.0,-33.0,69.0,-0.0,0
5728,64.0,-31.0,-79.0,98.0,-3.0,0
5729,62.0,-46.0,-100.0,62.0,-1.0,0
5730,63.0,-54.0,-67.0,68.0,-2.0,1
5732,59.0,-84.0,-100.0,100.0,-2.0,1
5734,65.0,-58.0,-93.0,94.0,-4.0,0
5738,60.0,-89.0,-88.0,83.0,-2.0,0
5739,87.0,-0.0,-25.0,100.0,-0.0,0
5740,66.0,-53.0,-71.0,91.0,-4.0,0
5741,54.0,-21.0,-75.0,82.0,-2.0,0
5742,76.0,-38.0,-67.0,100.0,-1.0,0
5745,59.0,-39.0,-50.0,100.0,-1.0,0
5746,55.0,-34.0,-86.0,31.0,-1.0,0
5747,59.0,-53.0,-89.0,82.0,-0.0,0
5749,80.0,-5.0,-27.0,95.0,-0.0,1
5750,55.0,-97.0,-100.0,100.0,-2.0,0
5753,75.0,-32.0,-62.0,100.0,-2.0,0
5754,69.0,-17.0,-56.0,100.0,-0.0,1
5757,74.0,-23.0,-80.0,100.0,-0.0,0
5762,61.0,-84.0,-73.0,83.0,-4.0,0
5768,65.0,-4.0,-100.0,67.0,-0.0,0
5769,76.0,-51.0,-50.0,100.0,-2.0,1
5770,71.0,-51.0,-50.0,92.0,-1.0,0
5773,64.0,-37.0,-82.0,100.0,-3.0,0
5779,73.0,-70.0,-63.0,100.0,-2.0,1
5780,64.0,-18.0,-64.0,65.0,-0.0,0
5782,58.0,-74.0,-83.0,78.0,-2.0,0
5787,91.0,-3.0,-50.0,100.0,-0.0,1
5788,57.0,-78.0,-78.0,84.0,-2.0,0
5789,72.0,-30.0,-86.0,94.0,-1.0,0
5792,72.0,-28.0,-61.0,100.0,-0.0,1
5794,70.0,-17.0,-61.0,91.0,-0.0,0
5795,91.0,-1.0,-50.0,100.0,-0.0,1
5796,61.0,-89.0,-100.0,100.0,-2.0,0
5799,74.0,-13.0,-38.0,94.0,-2.0,1
5800,60.0,-44.0,-50.0,75.0,-0.0,0
5804,76.0,-3.0,-38.0,92.0,-1.0,0
5806,66.0,-32.0,-80.0,100.0,-0.0,1
5807,67.0,-47.0,-67.0,50.0,-0.0,0
5810,88.0,-12.0,-60.0,100.0,-0.0,1
5812,76.0,-48.0,-67.0,100.0,-1.0,0
5813,78.0,-27.0,-70.0,83.0,-0.0,1
5815,86.0,-2.0,-21.0,100.0,-0.0,1
5816,54.0,-94.0,-100.0,100.0,-0.0,0
5819,65.0,-56.0,-82.0,100.0,-3.0,0
5821,81.0,-17.0,-50.0,100.0,-1.0,1
5825,89.0,-4.0,-50.0,100.0,-0.0,1
5826,66.0,-11.0,-50.0,56.0,-1.0,1
5829,59.0,-74.0,-70.0,79.0,-1.0,0
5831,72.0,-0.0,-33.0,72.0,-0.0,0
5834,59.0,-70.0,-79.0,87.0,-4.0,0
5837,73.0,-98.0,-100.0,88.0,-1.0,0
5838,75.0,-7.0,-63.0,88.0,-0.0,1
5839,67.0,-15.0,-73.0,95.0,-0.0,0
5843,59.0,-88.0,-100.0,61.0,-5.0,0
5847,78.0,-46.0,-75.0,100.0,-1.0,0
5848,85.0,-7.0,-42.0,100.0,-0.0,1
5853,66.0,-16.0,-44.0,67.0,-0.0,0
5861,89.0,-9.0,-50.0,100.0,-0.0,1
5864,84.0,-14.0,-50.0,100.0,-0.0,1
5866,73.0,-74.0,-78.0,100.0,-2.0,1
5869,65.0,-7.0,-71.0,100.0,-0.0,0
5873,69.0,-45.0,-61.0,94.0,-3.0,1
5876,70.0,-44.0,-75.0,100.0,-0.0,0
5880,64.0,-69.0,-88.0,100.0,-1.0,1
5882,61.0,-24.0,-75.0,83.0,-0.0,0
5886,57.0,-46.0,-83.0,45.0,-1.0,0
5887,80.0,-65.0,-50.0,100.0,-1.0,0
5894,60.0,-83.0,-75.0,55.0,-1.0,0
5896,79.0,-8.0,-60.0,63.0,-1.0,1
5898,72.0,-36.0,-67.0,100.0,-4.0,0
5899,67.0,-103.0,-100.0,93.0,-2.0,0
5905,88.0,-1.0,-50.0,100.0,-0.0,1
5907,75.0,-27.0,-78.0,96.0,-0.0,0
5908,90.0,-1.0,-20.0,100.0,-0.0,1
5909,84.0,-4.0,-33.0,100.0,-1.0,1
5910,76.0,-24.0,-40.0,89.0,-0.0,1
5913,59.0,-25.0,-79.0,100.0,-2.0,0
5915,59.0,-104.0,-100.0,50.0,-0.0,0
5920,76.0,-1.0,-82.0,100.0,-0.0,0
5922,59.0,-87.0,-100.0,63.0,-2.0,0
5924,80.0,-25.0,-44.0,100.0,-0.0,1
5925,58.0,-85.0,-78.0,53.0,-2.0,0
5929,74.0,-70.0,-75.0,91.0,-1.0,0
5930,88.0,-0.0,-64.0,100.0,-0.0,1
5932,65.0,-65.0,-63.0,92.0,-1.0,1
5933,84.0,-1.0,-41.0,100.0,-0.0,1
5936,79.0,-1.0,-50.0,95.0,-0.0,1
5937,89.0,-3.0,-50.0,100.0,-0.0,1
5943,61.0,-35.0,-82.0,89.0,-0.0,1
5944,78.0,-71.0,-50.0,92.0,-1.0,1
5947,81.0,-11.0,-60.0,93.0,-0.0,1
5951,87.0,-7.0,-50.0,100.0,-1.0,1
5952,69.0,-73.0,-100.0,67.0,-1.0,0
5957,65.0,-7.0,-83.0,100.0,-0.0,0
5958,61.0,-108.0,-67.0,67.0,-1.0,0
5961,60.0,-96.0,-83.0,100.0,-1.0,0
5966,91.0,-5.0,-67.0,100.0,-0.0,1
5970,84.0,-13.0,-50.0,100.0,-0.0,1
5971,68.0,-24.0,-54.0,96.0,-2.0,1
5973,90.0,-5.0,-12.0,100.0,-0.0,1
5974,75.0,-18.0,-45.0,89.0,-0.0,1
5975,65.0,-52.0,-85.0,90.0,-0.0,0
5977,62.0,-71.0,-83.0,86.0,-1.0,0
5981,85.0,-5.0,-25.0,100.0,-1.0,1
5982,79.0,-25.0,-64.0,100.0,-1.0,1
5985,63.0,-60.0,-82.0,95.0,-1.0,1
5986,75.0,-33.0,-75.0,100.0,-1.0,1
5988,54.0,-72.0,-64.0,84.0,-4.0,0
5991,82.0,-6.0,-38.0,100.0,-1.0,1
5992,83.0,-35.0,-86.0,100.0,-1.0,1
5994,62.0,-38.0,-86.0,64.0,-0.0,0
5995,65.0,-30.0,-100.0,88.0,-2.0,0
5996,73.0,-10.0,-69.0,96.0,-0.0,1
5998,68.0,-85.0,-90.0,96.0,-2.0,1
6000,66.0,-61.0,-67.0,78.0,-1.0,0
6002,87.0,-13.0,-80.0,100.0,-0.0,1
6009,65.0,-71.0,-71.0,60.0,-2.0,1
6012,67.0,-77.0,-89.0,91.0,-2.0,0
6013,84.0,-10.0,-37.0,100.0,-0.0,1
6014,61.0,-36.0,-54.0,100.0,-2.0,0
6015,85.0,-3.0,-64.0,100.0,-0.0,1
6016,70.0,-36.0,-75.0,100.0,-1.0,1
6017,79.0,-8.0,-69.0,100.0,-1.0,1
6018,77.0,-49.0,-50.0,100.0,-2.0,0
6019,70.0,-46.0,-100.0,80.0,-1.0,1
6021,91.0,-1.0,-30.0,100.0,-0.0,1
6022,73.0,-3.0,-57.0,100.0,-1.0,1
6023,77.0,-0.0,-71.0,93.0,-0.0,1
6024,80.0,-3.0,-27.0,85.0,-0.0,0
6025,66.0,-69.0,-71.0,100.0,-5.0,0
6027,55.0,-38.0,-67.0,40.0,-1.0,0
6030,58.0,-0.0,-33.0,80.0,-0.0,0
6031,79.0,-15.0,-75.0,100.0,-1.0,1
6032,87.0,-28.0,-67.0,100.0,-0.0,1
6033,74.0,-37.0,-69.0,100.0,-0.0,1
6034,69.0,-87.0,-85.0,100.0,-4.0,0
6035,74.0,-0.0,-53.0,92.0,-1.0,1
6039,62.0,-14.0,-63.0,83.0,-1.0,0
6040,71.0,-23.0,-100.0,89.0,-1.0,0
6041,85.0,-21.0,-50.0,100.0,-0.0,1
6042,87.0,-5.0,-50.0,100.0,-0.0,1
6044,78.0,-10.0,-38.0,94.0,-0.0,1
6045,81.0,-16.0,-47.0,89.0,-0.0,1
6048,70.0,-74.0,-100.0,100.0,-1.0,0
6050,83.0,-58.0,-83.0,100.0,-1.0,1
6052,83.0,-7.0,-71.0,100.0,-0.0,1
6057,58.0,-54.0,-67.0,88.0,-1.0,0
6058,78.0,-24.0,-62.0,100.0,-1.0,1
6059,74.0,-93.0,-100.0,100.0,-2.0,1
6060,56.0,-33.0,-51.0,93.0,-3.0,0
6062,86.0,-0.0,-33.0,95.0,-0.0,0
6063,91.0,-1.0,-63.0,100.0,-0.0,1
6068,81.0,-11.0,-67.0,93.0,-0.0,1
6070,77.0,-7.0,-75.0,92.0,-0.0,0
6074,84.0,-26.0,-56.0,100.0,-0.0,1
6075,85.0,-2.0,-29.0,94.0,-0.0,1
6076,65.0,-91.0,-75.0,88.0,-2.0,1
6078,71.0,-37.0,-63.0,88.0,-0.0,1
6081,80.0,-19.0,-40.0,100.0,-0.0,1
6083,59.0,-94.0,-80.0,69.0,-1.0,0
6085,69.0,-0.0,-36.0,93.0,-0.0,1
6086,63.0,-54.0,-82.0,91.0,-0.0,0
6087,68.0,-78.0,-100.0,100.0,-1.0,1
6089,63.0,-0.0,-60.0,90.0,-0.0,1
6090,62.0,-4.0,-32.0,79.0,-0.0,1
6091,86.0,-1.0,-38.0,94.0,-0.0,1
6092,57.0,-67.0,-76.0,97.0,-5.0,0
6093,83.0,-13.0,-40.0,100.0,-0.0,1
6095,74.0,-6.0,-43.0,53.0,-0.0,0
6097,59.0,-69.0,-85.0,80.0,-3.0,0
6099,70.0,-55.0,-58.0,92.0,-3.0,1
6103,66.0,-45.0,-67.0,100.0,-0.0,0
6106,88.0,-9.0,-20.0,100.0,-0.0,1
6107,72.0,-82.0,-71.0,88.0,-1.0,1
6109,77.0,-33.0,-33.0,96.0,-0.0,0
6115,76.0,-2.0,-75.0,69.0,-1.0,0
6121,70.0,-70.0,-80.0,94.0,-2.0,0
6122,79.0,-9.0,-46.0,100.0,-1.0,1
6123,83.0,-1.0,-36.0,86.0,-0.0,1
6125,88.0,-4.0,-40.0,100.0,-0.0,1
6128,79.0,-0.0,-33.0,86.0,-0.0,1
6130,55.0,-22.0,-67.0,76.0,-0.0,1
6133,72.0,-30.0,-91.0,87.0,-1.0,1
6135,62.0,-57.0,-76.0,90.0,-3.0,1
6136,88.0,-9.0,-57.0,100.0,-0.0,1
6140,61.0,-73.0,-57.0,89.0,-1.0,0
6141,81.0,-41.0,-88.0,100.0,-1.0,1
6148,62.0,-56.0,-78.0,93.0,-2.0,0
6149,83.0,-2.0,-42.0,97.0,-0.0,1
6150,90.0,-6.0,-60.0,100.0,-0.0,1
6157,80.0,-7.0,-58.0,98.0,-0.0,1
6160,78.0,-1.0,-38.0,100.0,-1.0,1
6161,65.0,-70.0,-67.0,100.0,-8.0,0
6162,66.0,-14.0,-38.0,83.0,-0.0,1
6165,71.0,-81.0,-64.0,92.0,-2.0,1
6166,86.0,-0.0,-67.0,100.0,-0.0,0
6169,65.0,-57.0,-92.0,100.0,-1.0,1
6171,67.0,-74.0,-100.0,96.0,-3.0,1
6174,67.0,-44.0,-75.0,100.0,-0.0,0
6177,56.0,-126.0,-100.0,57.0,-1.0,0
6178,76.0,-48.0,-69.0,88.0,-0.0,0
6181,83.0,-24.0,-80.0,100.0,-0.0,1
6184,69.0,-71.0,-80.0,100.0,-1.0,1
6189,88.0,-9.0,-50.0,100.0,-0.0,1
6196,70.0,-6.0,-40.0,100.0,-0.0,0
6203,66.0,-54.0,-70.0,79.0,-1.0,0
6206,82.0,-4.0,-14.0,97.0,-0.0,1
6209,72.0,-18.0,-75.0,95.0,-0.0,1
6211,70.0,-60.0,-100.0,100.0,-0.0,1
6212,68.0,-22.0,-71.0,85.0,-1.0,1
6215,77.0,-30.0,-73.0,100.0,-1.0,1
6216,64.0,-76.0,-71.0,87.0,-2.0,1
6217,77.0,-32.0,-64.0,96.0,-0.0,1
6226,57.0,-70.0,-94.0,87.0,-0.0,1
6228,88.0,-14.0,-36.0,100.0,-0.0,1
6229,90.0,-1.0,-67.0,100.0,-0.0,1
6230,80.0,-30.0,-33.0,100.0,-1.0,1
6235,78.0,-41.0,-63.0,100.0,-1.0,1
6236,80.0,-11.0,-75.0,93.0,-0.0,1
6238,86.0,-12.0,-50.0,100.0,-0.0,1
6240,64.0,-37.0,-70.0,69.0,-1.0,1
6243,63.0,-13.0,-50.0,82.0,-0.0,0
6244,87.0,-0.0,-33.0,100.0,-0.0,1
6246,91.0,-8.0,-40.0,100.0,-0.0,1
6252,85.0,-8.0,-60.0,100.0,-0.0,1
6254,83.0,-7.0,-29.0,100.0,-0.0,1
6256,60.0,-53.0,-89.0,70.0,-1.0,1
6263,76.0,-0.0,-0.0,91.0,-0.0,1
6268,84.0,-7.0,-20.0,100.0,-0.0,0
6269,69.0,-33.0,-73.0,97.0,-2.0,1
6270,85.0,-4.0,-50.0,91.0,-0.0,0
6277,90.0,-8.0,-71.0,100.0,-0.0,1
6280,72.0,-14.0,-73.0,96.0,-0.0,1
6288,68.0,-27.0,-83.0,89.0,-0.0,0
6289,73.0,-1.0,-50.0,100.0,-0.0,0
6292,86.0,-12.0,-67.0,100.0,-0.0,1
6294,90.0,-0.0,-50.0,100.0,-0.0,1
6295,77.0,-36.0,-16.0,100.0,-2.0,1
6296,82.0,-12.0,-44.0,100.0,-0.0,1
6301,74.0,-36.0,-60.0,100.0,-1.0,0
6302,66.0,-1.0,-73.0,92.0,-0.0,1
6304,62.0,-39.0,-50.0,100.0,-3.0,0
6308,70.0,-46.0,-56.0,100.0,-2.0,1
6312,68.0,-43.0,-67.0,97.0,-0.0,1
6315,88.0,-0.0,-25.0,100.0,-0.0,1
6325,77.0,-48.0,-92.0,100.0,-2.0,1
6328,77.0,-21.0,-75.0,100.0,-1.0,1
6329,64.0,-46.0,-83.0,97.0,-1.0,1
6330,67.0,-36.0,-59.0,95.0,-0.0,0
6332,75.0,-11.0,-44.0,100.0,-0.0,0
6336,86.0,-2.0,-67.0,96.0,-0.0,1
6337,79.0,-13.0,-86.0,100.0,-1.0,1
6340,57.0,-61.0,-86.0,64.0,-0.0,0
6342,76.0,-75.0,-67.0,100.0,-1.0,1
6344,69.0,-85.0,-100.0,100.0,-1.0,0
6345,80.0,-49.0,-67.0,100.0,-0.0,0
6346,70.0,-100.0,-100.0,100.0,-2.0,1
6351,60.0,-54.0,-100.0,81.0,-0.0,1
6353,71.0,-53.0,-67.0,89.0,-1.0,0
6356,61.0,-33.0,-76.0,79.0,-3.0,1
6357,76.0,-44.0,-60.0,100.0,-1.0,0
6363,82.0,-30.0,-60.0,100.0,-1.0,1
6366,65.0,-73.0,-100.0,100.0,-2.0,0
6368,69.0,-46.0,-100.0,93.0,-0.0,1
6370,68.0,-89.0,-91.0,100.0,-7.0,0
6374,57.0,-63.0,-82.0,68.0,-1.0,0
6375,73.0,-55.0,-100.0,83.0,-1.0,1
6378,64.0,-10.0,-40.0,83.0,-0.0,0
6379,64.0,-52.0,-64.0,78.0,-2.0,0
6381,78.0,-25.0,-58.0,100.0,-2.0,1
6386,63.0,-74.0,-69.0,91.0,-3.0,1
6393,64.0,-28.0,-71.0,78.0,-0.0,0
6396,74.0,-75.0,-88.0,100.0,-2.0,0
6397,81.0,-33.0,-80.0,100.0,-1.0,1
6398,80.0,-8.0,-55.0,91.0,-0.0,0
6400,87.0,-12.0,-100.0,100.0,-0.0,1
6401,69.0,-51.0,-71.0,100.0,-1.0,1
6404,81.0,-53.0,-75.0,100.0,-0.0,0
6405,80.0,-1.0,-67.0,100.0,-1.0,1
6406,59.0,-70.0,-83.0,94.0,-4.0,0
6408,59.0,-96.0,-75.0,71.0,-1.0,1
6409,91.0,-1.0,-29.0,100.0,-0.0,0
6412,65.0,-3.0,-50.0,65.0,-0.0,0
6414,62.0,-8.0,-33.0,88.0,-0.0,0
6416,78.0,-37.0,-50.0,86.0,-0.0,0
6418,86.0,-14.0,-57.0,100.0,-0.0,1
6419,66.0,-81.0,-83.0,100.0,-9.0,0
6420,54.0,-26.0,-50.0,77.0,-1.0,0
6421,69.0,-74.0,-75.0,97.0,-3.0,0
6424,70.0,-34.0,-100.0,73.0,-0.0,0
6425,59.0,-40.0,-67.0,100.0,-0.0,0
6428,67.0,-59.0,-67.0,96.0,-2.0,0
6433,77.0,-22.0,-64.0,94.0,-2.0,0
6435,73.0,-99.0,-100.0,100.0,-1.0,0
6436,60.0,-20.0,-67.0,67.0,-1.0,0
6437,65.0,-32.0,-75.0,93.0,-1.0,0
6438,86.0,-4.0,-64.0,100.0,-1.0,1
6439,62.0,-39.0,-80.0,73.0,-0.0,0
6441,70.0,-70.0,-88.0,83.0,-2.0,0
6442,70.0,-34.0,-47.0,100.0,-1.0,0
6443,66.0,-7.0,-75.0,85.0,-0.0,1
6446,87.0,-3.0,-22.0,100.0,-0.0,1
6448,75.0,-89.0,-67.0,100.0,-2.0,0
6449,66.0,-60.0,-67.0,90.0,-1.0,0
6456,88.0,-11.0,-43.0,100.0,-0.0,1
6457,62.0,-66.0,-71.0,79.0,-1.0,0
6459,72.0,-48.0,-56.0,96.0,-0.0,1
6460,64.0,-44.0,-100.0,67.0,-1.0,0
6467,74.0,-70.0,-63.0,100.0,-2.0,1
6468,79.0,-42.0,-60.0,100.0,-0.0,1
6469,75.0,-15.0,-56.0,84.0,-1.0,0
6470,51.0,-43.0,-50.0,50.0,-0.0,0
6473,59.0,-58.0,-100.0,100.0,-1.0,0
6477,85.0,-6.0,-50.0,100.0,-0.0,1
6482,65.0,-54.0,-78.0,89.0,-2.0,0
6494,65.0,-71.0,-60.0,83.0,-2.0,0
6500,60.0,-70.0,-91.0,83.0,-2.0,0
6502,63.0,-72.0,-88.0,90.0,-2.0,0
6508,80.0,-55.0,-90.0,100.0,-1.0,0
6513,58.0,-69.0,-67.0,94.0,-4.0,0
6514,61.0,-85.0,-67.0,64.0,-1.0,0
6519,75.0,-4.0,-56.0,94.0,-1.0,0
6521,52.0,-61.0,-71.0,75.0,-0.0,0
6524,73.0,-53.0,-100.0,97.0,-1.0,1
6525,61.0,-67.0,-93.0,89.0,-3.0,0
6539,57.0,-96.0,-100.0,100.0,-1.0,0
6541,63.0,-5.0,-86.0,95.0,-0.0,0
6548,70.0,-25.0,-65.0,97.0,-1.0,1
6550,64.0,-89.0,-91.0,89.0,-4.0,0
6551,55.0,-93.0,-71.0,73.0,-2.0,0
6552,87.0,-11.0,-60.0,100.0,-0.0,1
6553,57.0,-40.0,-83.0,20.0,-0.0,0
6555,63.0,-68.0,-88.0,81.0,-2.0,0
6557,68.0,-31.0,-58.0,96.0,-1.0,1
6559,87.0,-21.0,-57.0,100.0,-0.0,1
6560,72.0,-66.0,-100.0,100.0,-0.0,0
6564,60.0,-36.0,-70.0,74.0,-1.0,0
6566,81.0,-4.0,-36.0,94.0,-0.0,1
6567,86.0,-10.0,-80.0,100.0,-0.0,0
6572,75.0,-47.0,-70.0,100.0,-1.0,1
6574,59.0,-76.0,-80.0,50.0,-1.0,0
6576,55.0,-93.0,-87.0,83.0,-6.0,0
6577,74.0,-2.0,-67.0,82.0,-0.0,1
6578,77.0,-31.0,-70.0,96.0,-0.0,1
6580,64.0,-79.0,-83.0,79.0,-1.0,0
6581,75.0,-47.0,-75.0,100.0,-1.0,0
6586,73.0,-36.0,-72.0,100.0,-0.0,0
6589,67.0,-14.0,-55.0,89.0,-0.0,0
6591,71.0,-42.0,-73.0,100.0,-1.0,1
6593,77.0,-2.0,-22.0,90.0,-0.0,1
6598,80.0,-17.0,-50.0,100.0,-2.0,1
6600,87.0,-3.0,-33.0,100.0,-1.0,1
6601,86.0,-4.0,-43.0,95.0,-0.0,1
6602,66.0,-44.0,-100.0,80.0,-1.0,0
6603,64.0,-72.0,-100.0,90.0,-2.0,1
6605,67.0,-79.0,-100.0,100.0,-1.0,0
6606,62.0,-74.0,-71.0,86.0,-3.0,1
6607,66.0,-68.0,-75.0,100.0,-3.0,1
6609,64.0,-57.0,-100.0,92.0,-2.0,0
6611,45.0,-68.0,-50.0,75.0,-0.0,0
6612,67.0,-17.0,-60.0,68.0,-0.0,0
6613,85.0,-34.0,-80.0,100.0,-0.0,1
6614,87.0,-2.0,-67.0,100.0,-0.0,1
6616,77.0,-36.0,-69.0,100.0,-2.0,1
6620,60.0,-66.0,-70.0,100.0,-10.0,0
6621,56.0,-57.0,-87.0,100.0,-3.0,0
6622,69.0,-46.0,-43.0,54.0,-1.0,0
6628,81.0,-19.0,-63.0,100.0,-0.0,1
6630,69.0,-45.0,-80.0,100.0,-1.0,0
6631,64.0,-70.0,-83.0,74.0,-0.0,0
6633,68.0,-0.0,-25.0,84.0,-0.0,0
6637,61.0,-90.0,-100.0,86.0,-2.0,0
6638,82.0,-4.0,-38.0,77.0,-0.0,1
6640,82.0,-13.0,-71.0,100.0,-0.0,0
6644,83.0,-12.0,-50.0,100.0,-1.0,1
6645,84.0,-25.0,-86.0,100.0,-0.0,1
6648,68.0,-74.0,-75.0,91.0,-3.0,0
6649,63.0,-80.0,-70.0,98.0,-2.0,0
6651,71.0,-70.0,-78.0,100.0,-2.0,1
6653,69.0,-27.0,-45.0,91.0,-1.0,1
6654,82.0,-17.0,-60.0,94.0,-0.0,0
6658,85.0,-2.0,-33.0,100.0,-0.0,1
6659,87.0,-6.0,-38.0,100.0,-0.0,0
6661,61.0,-51.0,-88.0,81.0,-1.0,0
6662,83.0,-7.0,-83.0,92.0,-0.0,1
6663,75.0,-60.0,-86.0,77.0,-0.0,0
6665,69.0,-60.0,-89.0,87.0,-1.0,1
6666,71.0,-4.0,-47.0,97.0,-0.0,0
6667,65.0,-77.0,-100.0,75.0,-0.0,0
6668,78.0,-13.0,-45.0,100.0,-1.0,1
6672,84.0,-7.0,-43.0,95.0,-0.0,0
6674,68.0,-18.0,-71.0,100.0,-0.0,0
6676,80.0,-11.0,-38.0,100.0,-0.0,1
6678,60.0,-59.0,-71.0,93.0,-3.0,0
6680,62.0,-103.0,-100.0,100.0,-4.0,1
6681,80.0,-39.0,-71.0,100.0,-1.0,1
6685,82.0,-1.0,-11.0,100.0,-0.0,1
6689,90.0,-1.0,-57.0,100.0,-0.0,1
6690,85.0,-10.0,-57.0,100.0,-0.0,0
6691,66.0,-73.0,-85.0,96.0,-4.0,0
6692,64.0,-21.0,-77.0,95.0,-3.0,0
6697,70.0,-68.0,-67.0,80.0,-2.0,0
6699,88.0,-0.0,-50.0,100.0,-0.0,0
6702,75.0,-4.0,-57.0,93.0,-0.0,1
6705,58.0,-74.0,-93.0,100.0,-2.0,0
6706,79.0,-9.0,-100.0,100.0,-0.0,0
6707,58.0,-11.0,-83.0,54.0,-0.0,1
6708,90.0,-10.0,-43.0,100.0,-0.0,1
6709,62.0,-64.0,-89.0,82.0,-1.0,0
6710,86.0,-5.0,-43.0,100.0,-0.0,1
6711,91.0,-0.0,-13.0,100.0,-0.0,1
6717,90.0,-4.0,-29.0,100.0,-0.0,1
6718,77.0,-13.0,-63.0,100.0,-1.0,1
6724,73.0,-1.0,-75.0,100.0,-0.0,0
6728,72.0,-25.0,-56.0,88.0,-0.0,0
6731,70.0,-4.0,-50.0,97.0,-1.0,1
6732,68.0,-41.0,-70.0,94.0,-0.0,0
6736,54.0,-38.0,-79.0,100.0,-2.0,0
6744,84.0,-22.0,-50.0,100.0,-0.0,1
6746,71.0,-31.0,-64.0,87.0,-2.0,0
6754,67.0,-52.0,-82.0,96.0,-2.0,1
6755,54.0,-62.0,-82.0,94.0,-3.0,0
6756,73.0,-49.0,-67.0,93.0,-2.0,1
6757,85.0,-0.0,-33.0,100.0,-0.0,0
6761,71.0,-27.0,-64.0,95.0,-1.0,0
6762,88.0,-2.0,-100.0,100.0,-0.0,1
6764,57.0,-40.0,-84.0,98.0,-4.0,0
6765,84.0,-0.0,-50.0,100.0,-0.0,1
6767,65.0,-59.0,-60.0,87.0,-0.0,0
6768,60.0,-18.0,-85.0,81.0,-3.0,0
6771,80.0,-9.0,-42.0,100.0,-1.0,1
6773,75.0,-14.0,-62.0,100.0,-1.0,1
6775,83.0,-8.0,-38.0,97.0,-0.0,1
6777,66.0,-54.0,-64.0,95.0,-2.0,0
6778,80.0,-19.0,-75.0,100.0,-1.0,0
6779,70.0,-54.0,-88.0,93.0,-1.0,0
6780,78.0,-31.0,-83.0,78.0,-0.0,1
6783,55.0,-81.0,-82.0,83.0,-2.0,0
6784,75.0,-10.0,-63.0,97.0,-0.0,1
6789,64.0,-62.0,-73.0,90.0,-1.0,0
6790,61.0,-30.0,-36.0,96.0,-2.0,0
6800,82.0,-9.0,-82.0,100.0,-1.0,1
6801,83.0,-4.0,-40.0,94.0,-0.0,1
6802,79.0,-36.0,-57.0,100.0,-1.0,1
6804,69.0,-2.0,-100.0,75.0,-0.0,1
6806,70.0,-55.0,-86.0,97.0,-1.0,0
6814,81.0,-39.0,-100.0,100.0,-0.0,1
6818,63.0,-44.0,-81.0,86.0,-3.0,1
6819,89.0,-2.0,-33.0,100.0,-0.0,1
6822,73.0,-14.0,-75.0,30.0,-0.0,0
6823,89.0,-1.0,-55.0,100.0,-0.0,1
6824,58.0,-96.0,-100.0,100.0,-5.0,0
6826,86.0,-18.0,-60.0,100.0,-0.0,1
6827,67.0,-61.0,-78.0,98.0,-2.0,0
6828,68.0,-99.0,-100.0,100.0,-5.0,0
6833,69.0,-22.0,-100.0,94.0,-1.0,1
6834,71.0,-55.0,-67.0,97.0,-1.0,1
6835,79.0,-8.0,-38.0,98.0,-0.0,1
6837,66.0,-49.0,-100.0,83.0,-1.0,0
6840,69.0,-39.0,-74.0,100.0,-2.0,1
6842,80.0,-5.0,-60.0,96.0,-0.0,0
6843,81.0,-11.0,-73.0,100.0,-0.0,1
6844,67.0,-60.0,-67.0,93.0,-2.0,0
6846,70.0,-16.0,-100.0,86.0,-0.0,0
6852,57.0,-57.0,-73.0,94.0,-2.0,0
6853,60.0,-63.0,-71.0,73.0,-1.0,0
6855,77.0,-22.0,-78.0,100.0,-0.0,1
6856,54.0,-62.0,-92.0,87.0,-1.0,1
6857,66.0,-35.0,-75.0,100.0,-1.0,0
6858,90.0,-3.0,-67.0,100.0,-0.0,1
6859,72.0,-26.0,-79.0,100.0,-0.0,1
6861,77.0,-16.0,-38.0,100.0,-1.0,1
6865,62.0,-64.0,-89.0,94.0,-1.0,0
6866,70.0,-89.0,-75.0,100.0,-6.0,0
6869,83.0,-16.0,-44.0,100.0,-0.0,1
6871,70.0,-15.0,-33.0,100.0,-1.0,1
6873,67.0,-57.0,-90.0,97.0,-2.0,0
6876,88.0,-3.0,-57.0,100.0,-0.0,1
6878,83.0,-19.0,-62.0,98.0,-0.0,1
6882,59.0,-16.0,-80.0,73.0,-0.0,1
6885,69.0,-33.0,-43.0,100.0,-1.0,0
6886,77.0,-4.0,-50.0,95.0,-0.0,1
6890,87.0,-9.0,-60.0,96.0,-0.0,1
6892,81.0,-45.0,-100.0,100.0,-0.0,1
6894,80.0,-5.0,-22.0,100.0,-0.0,1
6896,84.0,-28.0,-50.0,100.0,-0.0,1
6897,73.0,-35.0,-80.0,96.0,-0.0,0
6901,63.0,-50.0,-82.0,82.0,-1.0,1
6904,74.0,-12.0,-73.0,89.0,-0.0,0
6909,82.0,-29.0,-60.0,100.0,-1.0,1
6917,61.0,-32.0,-77.0,97.0,-1.0,1
6922,64.0,-55.0,-80.0,100.0,-5.0,0
6923,91.0,-2.0,-38.0,100.0,-0.0,1
6925,85.0,-14.0,-67.0,100.0,-0.0,1
6926,84.0,-2.0,-50.0,95.0,-0.0,1
6928,75.0,-29.0,-72.0,100.0,-2.0,1
6930,72.0,-52.0,-100.0,71.0,-1.0,1
6933,65.0,-35.0,-81.0,91.0,-1.0,0
6934,82.0,-17.0,-71.0,100.0,-0.0,1
6936,87.0,-2.0,-50.0,100.0,-0.0,1
6937,86.0,-3.0,-14.0,97.0,-0.0,1
6938,87.0,-2.0,-25.0,100.0,-0.0,1
6940,82.0,-7.0,-20.0,100.0,-0.0,1
6942,75.0,-3.0,-47.0,97.0,-0.0,1
6945,68.0,-39.0,-83.0,85.0,-1.0,1
6946,84.0,-6.0,-50.0,100.0,-0.0,1
6947,88.0,-0.0,-40.0,100.0,-0.0,1
6949,78.0,-62.0,-67.0,100.0,-1.0,1
6963,82.0,-2.0,-25.0,90.0,-0.0,0
6965,77.0,-4.0,-59.0,100.0,-0.0,1
6967,70.0,-2.0,-29.0,100.0,-0.0,1
6974,76.0,-26.0,-55.0,100.0,-1.0,1
6975,81.0,-2.0,-100.0,94.0,-0.0,1
6976,69.0,-55.0,-88.0,100.0,-2.0,0
6981,92.0,-2.0,-25.0,100.0,-0.0,1
6982,60.0,-55.0,-100.0,90.0,-1.0,1
6984,69.0,-31.0,-60.0,94.0,-3.0,1
6991,59.0,-68.0,-86.0,96.0,-2.0,0
6992,63.0,-38.0,-69.0,85.0,-1.0,1
6994,54.0,-65.0,-79.0,88.0,-3.0,1
6995,82.0,-7.0,-38.0,100.0,-0.0,1
6998,56.0,-78.0,-75.0,76.0,-4.0,0
6999,84.0,-8.0,-50.0,96.0,-0.0,1
7002,69.0,-6.0,-88.0,82.0,-1.0,0
7003,81.0,-8.0,-55.0,98.0,-0.0,0
7005,73.0,-73.0,-55.0,100.0,-3.0,1
7006,47.0,-53.0,-80.0,74.0,-0.0,0
7007,64.0,-57.0,-75.0,78.0,-0.0,0
7009,71.0,-54.0,-55.0,100.0,-2.0,1
7016,84.0,-11.0,-57.0,100.0,-0.0,1
7018,86.0,-9.0,-83.0,100.0,-1.0,1
7028,87.0,-3.0,-67.0,100.0,-0.0,1
7029,67.0,-32.0,-78.0,100.0,-1.0,0
7030,71.0,-86.0,-75.0,100.0,-4.0,1
7032,88.0,-4.0,-45.0,100.0,-0.0,1
7034,64.0,-75.0,-100.0,90.0,-3.0,1
7039,80.0,-6.0,-56.0,95.0,-0.0,0
7040,77.0,-0.0,-78.0,100.0,-0.0,1
7042,83.0,-4.0,-38.0,100.0,-0.0,1
7044,92.0,-1.0,-67.0,100.0,-0.0,1
7047,59.0,-35.0,-80.0,81.0,-2.0,1
7049,80.0,-5.0,-55.0,100.0,-0.0,1
7050,75.0,-16.0,-69.0,96.0,-1.0,1
7052,89.0,-5.0,-40.0,100.0,-0.0,1
7058,74.0,-2.0,-57.0,93.0,-0.0,1
7060,60.0,-64.0,-80.0,100.0,-3.0,0
7061,86.0,-0.0,-60.0,100.0,-0.0,1
7069,90.0,-0.0,-0.0,100.0,-0.0,1
7071,64.0,-80.0,-84.0,100.0,-11.0,1
7072,88.0,-10.0,-60.0,100.0,-0.0,1
7075,65.0,-27.0,-88.0,100.0,-1.0,1
7078,68.0,-36.0,-54.0,92.0,-1.0,0
7080,79.0,-1.0,-50.0,100.0,-0.0,1
7082,73.0,-19.0,-53.0,97.0,-0.0,1
7083,86.0,-12.0,-75.0,100.0,-0.0,1
7085,79.0,-20.0,-75.0,93.0,-1.0,1
7086,83.0,-15.0,-75.0,100.0,-1.0,1
7087,63.0,-1.0,-14.0,74.0,-0.0,1
7093,77.0,-13.0,-31.0,92.0,-0.0,1
7098,76.0,-34.0,-80.0,100.0,-0.0,1
7099,78.0,-13.0,-69.0,98.0,-0.0,1
7101,55.0,-14.0,-65.0,72.0,-1.0,0
7102,84.0,-0.0,-0.0,100.0,-0.0,0
7103,75.0,-101.0,-100.0,100.0,-1.0,0
7104,87.0,-11.0,-57.0,100.0,-0.0,1
7105,65.0,-87.0,-100.0,100.0,-3.0,0
7106,58.0,-60.0,-73.0,84.0,-4.0,0
7107,79.0,-42.0,-78.0,100.0,-1.0,0
7114,72.0,-16.0,-50.0,90.0,-1.0,0
7117,81.0,-29.0,-100.0,100.0,-0.0,0
7120,90.0,-1.0,-8.0,100.0,-0.0,1
7124,43.0,-94.0,-80.0,55.0,-2.0,1
7126,80.0,-1.0,-63.0,90.0,-0.0,1
7128,77.0,-33.0,-63.0,93.0,-2.0,1
7134,59.0,-78.0,-100.0,83.0,-5.0,0
7135,67.0,-97.0,-100.0,86.0,-4.0,0
7137,82.0,-19.0,-50.0,100.0,-0.0,0
7140,54.0,-97.0,-90.0,70.0,-0.0,0
7141,76.0,-1.0,-50.0,100.0,-0.0,0
7142,64.0,-18.0,-52.0,91.0,-2.0,0
7145,62.0,-48.0,-75.0,86.0,-2.0,0
7147,69.0,-28.0,-58.0,93.0,-2.0,0
7152,76.0,-52.0,-78.0,100.0,-0.0,1
7154,85.0,-4.0,-67.0,100.0,-0.0,0
7156,73.0,-4.0,-25.0,100.0,-1.0,1
7157,62.0,-46.0,-60.0,92.0,-1.0,0
7158,63.0,-73.0,-83.0,100.0,-3.0,0
7159,63.0,-3.0,-83.0,82.0,-0.0,0
7162,65.0,-31.0,-41.0,93.0,-2.0,1
7163,62.0,-55.0,-59.0,100.0,-5.0,0
7165,58.0,-58.0,-88.0,65.0,-1.0,0
7166,79.0,-19.0,-100.0,100.0,-1.0,0
7168,77.0,-37.0,-33.0,100.0,-0.0,0
7171,84.0,-10.0,-67.0,100.0,-0.0,1
7175,80.0,-25.0,-40.0,100.0,-2.0,1
7176,85.0,-3.0,-50.0,100.0,-0.0,0
7179,79.0,-22.0,-80.0,100.0,-0.0,1
7180,73.0,-33.0,-92.0,100.0,-0.0,0
7182,76.0,-48.0,-100.0,97.0,-0.0,1
7183,34.0,-100.0,-100.0,33.0,-1.0,1
7189,70.0,-43.0,-89.0,70.0,-0.0,0
7190,74.0,-86.0,-75.0,100.0,-1.0,0
7191,73.0,-69.0,-88.0,100.0,-2.0,0
7198,85.0,-0.0,-21.0,100.0,-0.0,1
7199,70.0,-72.0,-62.0,96.0,-2.0,1
7202,72.0,-32.0,-28.0,96.0,-1.0,0
7203,60.0,-105.0,-100.0,82.0,-2.0,1
7204,59.0,-98.0,-100.0,100.0,-3.0,1
7205,62.0,-3.0,-33.0,92.0,-0.0,1
7207,67.0,-12.0,-64.0,95.0,-1.0,1
7208,82.0,-24.0,-63.0,100.0,-1.0,0
7213,81.0,-9.0,-57.0,100.0,-0.0,1
7214,86.0,-9.0,-38.0,100.0,-0.0,0
7215,61.0,-69.0,-83.0,97.0,-11.0,0
7219,73.0,-41.0,-100.0,100.0,-0.0,0
7222,70.0,-10.0,-50.0,59.0,-0.0,0
7223,77.0,-40.0,-100.0,100.0,-1.0,1
7226,65.0,-58.0,-74.0,97.0,-2.0,1
7228,80.0,-5.0,-80.0,100.0,-0.0,0
7230,72.0,-3.0,-88.0,83.0,-0.0,0
7237,60.0,-44.0,-100.0,80.0,-2.0,0
7238,66.0,-96.0,-100.0,94.0,-5.0,0
7245,79.0,-11.0,-53.0,100.0,-1.0,0
7247,69.0,-20.0,-70.0,92.0,-0.0,0
7249,85.0,-2.0,-46.0,100.0,-0.0,0
7251,71.0,-58.0,-100.0,100.0,-0.0,0
7252,68.0,-87.0,-100.0,100.0,-3.0,0
7253,60.0,-80.0,-100.0,33.0,-1.0,0
7256,79.0,-7.0,-87.0,91.0,-0.0,1
7257,57.0,-59.0,-73.0,75.0,-4.0,1
7258,80.0,-7.0,-27.0,100.0,-0.0,1
7259,60.0,-46.0,-55.0,91.0,-4.0,1
7262,77.0,-40.0,-53.0,90.0,-2.0,1
7264,66.0,-66.0,-80.0,100.0,-2.0,1
7266,82.0,-8.0,-50.0,93.0,-1.0,0
7268,52.0,-96.0,-89.0,71.0,-3.0,0
7269,82.0,-20.0,-40.0,100.0,-0.0,0
7271,66.0,-70.0,-83.0,53.0,-0.0,0
7272,57.0,-81.0,-89.0,71.0,-1.0,0
7278,82.0,-24.0,-57.0,100.0,-0.0,1
7282,75.0,-53.0,-50.0,100.0,-0.0,0
7286,75.0,-13.0,-53.0,94.0,-0.0,0
7289,84.0,-17.0,-67.0,100.0,-1.0,1
7290,92.0,-10.0,-20.0,100.0,-0.0,0
7292,55.0,-65.0,-43.0,90.0,-4.0,0
7293,56.0,-62.0,-88.0,53.0,-1.0,1
7296,89.0,-1.0,-67.0,100.0,-0.0,1
7297,82.0,-19.0,-80.0,96.0,-0.0,0
7300,76.0,-46.0,-75.0,100.0,-3.0,1
7301,68.0,-37.0,-100.0,67.0,-0.0,1
7302,54.0,-78.0,-61.0,69.0,-5.0,0
7303,62.0,-26.0,-52.0,100.0,-3.0,0
7304,69.0,-42.0,-38.0,96.0,-1.0,0
7306,91.0,-3.0,-38.0,100.0,-0.0,1
7307,79.0,-8.0,-50.0,100.0,-0.0,1
7311,55.0,-31.0,-92.0,86.0,-1.0,0
7312,86.0,-12.0,-33.0,100.0,-0.0,1
7313,66.0,-54.0,-70.0,81.0,-3.0,0
7320,78.0,-34.0,-55.0,100.0,-1.0,1
7323,88.0,-6.0,-100.0,100.0,-0.0,1
7325,86.0,-5.0,-43.0,100.0,-1.0,1
7326,77.0,-24.0,-29.0,100.0,-1.0,0
7327,64.0,-41.0,-100.0,92.0,-0.0,0
7328,67.0,-41.0,-100.0,86.0,-0.0,1
7333,77.0,-14.0,-77.0,93.0,-1.0,0
7334,63.0,-71.0,-100.0,92.0,-2.0,1
7335,82.0,-6.0,-30.0,100.0,-0.0,0
7336,63.0,-18.0,-80.0,100.0,-0.0,0
7337,70.0,-34.0,-82.0,96.0,-0.0,1
7339,77.0,-32.0,-67.0,90.0,-1.0,1
7340,70.0,-3.0,-33.0,87.0,-0.0,0
7342,57.0,-85.0,-100.0,87.0,-2.0,0
7343,60.0,-37.0,-100.0,90.0,-1.0,0
7344,75.0,-19.0,-32.0,95.0,-1.0,0
7345,68.0,-51.0,-50.0,94.0,-4.0,0
7346,56.0,-89.0,-75.0,77.0,-1.0,0
7347,88.0,-26.0,-89.0,100.0,-0.0,1
7351,56.0,-74.0,-85.0,89.0,-6.0,0
7353,61.0,-56.0,-73.0,100.0,-3.0,0
7358,76.0,-86.0,-100.0,100.0,-1.0,0
7359,44.0,-77.0,-77.0,81.0,-0.0,0
7360,60.0,-34.0,-50.0,73.0,-0.0,0
7367,59.0,-75.0,-93.0,87.0,-3.0,0
7368,72.0,-37.0,-64.0,97.0,-1.0,1
7369,70.0,-0.0,-50.0,67.0,-0.0,0
7370,81.0,-27.0,-82.0,93.0,-0.0,1
7371,63.0,-14.0,-78.0,75.0,-0.0,0
7372,69.0,-33.0,-80.0,100.0,-1.0,0
7377,60.0,-84.0,-100.0,100.0,-4.0,0
7381,66.0,-85.0,-92.0,82.0,-1.0,0
7386,75.0,-38.0,-78.0,100.0,-2.0,0
7389,83.0,-11.0,-78.0,100.0,-0.0,0
7391,87.0,-1.0,-38.0,100.0,-0.0,1
7398,75.0,-46.0,-64.0,100.0,-1.0,1
7400,85.0,-1.0,-18.0,96.0,-0.0,1
7401,74.0,-33.0,-80.0,95.0,-0.0,0
7405,51.0,-87.0,-64.0,62.0,-4.0,0
7407,76.0,-31.0,-71.0,95.0,-1.0,1
7408,82.0,-33.0,-86.0,100.0,-0.0,1
7412,68.0,-31.0,-70.0,96.0,-1.0,0
7413,73.0,-6.0,-86.0,100.0,-0.0,1
7415,69.0,-38.0,-86.0,94.0,-0.0,0
7416,68.0,-45.0,-63.0,90.0,-2.0,0
7418,63.0,-12.0,-67.0,80.0,-0.0,0
7422,66.0,-25.0,-86.0,79.0,-1.0,0
7427,55.0,-56.0,-73.0,94.0,-3.0,0
7428,54.0,-45.0,-71.0,71.0,-2.0,0
7429,91.0,-4.0,-60.0,100.0,-0.0,1
7430,85.0,-5.0,-78.0,93.0,-0.0,1
7431,58.0,-44.0,-64.0,86.0,-1.0,1
7432,62.0,-109.0,-100.0,92.0,-4.0,0
7442,73.0,-21.0,-62.0,100.0,-1.0,0
7447,61.0,-56.0,-100.0,89.0,-1.0,0
7449,77.0,-6.0,-75.0,100.0,-0.0,1
7450,65.0,-31.0,-80.0,90.0,-1.0,0
7455,83.0,-11.0,-42.0,96.0,-0.0,1
7459,63.0,-43.0,-54.0,78.0,-1.0,1
7474,59.0,-32.0,-80.0,81.0,-1.0,0
7475,70.0,-15.0,-63.0,71.0,-0.0,1
7478,66.0,-0.0,-80.0,83.0,-0.0,0
7479,58.0,-73.0,-78.0,85.0,-3.0,0
7480,61.0,-47.0,-88.0,88.0,-0.0,0
7481,72.0,-2.0,-29.0,100.0,-0.0,1
7482,72.0,-73.0,-83.0,100.0,-2.0,1
7485,88.0,-6.0,-43.0,100.0,-0.0,0
7487,76.0,-5.0,-50.0,81.0,-1.0,0
7489,79.0,-67.0,-75.0,100.0,-0.0,1
7491,72.0,-17.0,-56.0,95.0,-1.0,0
7495,60.0,-112.0,-100.0,100.0,-0.0,0
7496,62.0,-32.0,-50.0,86.0,-2.0,0
7497,63.0,-74.0,-91.0,95.0,-2.0,0
7499,56.0,-31.0,-69.0,70.0,-2.0,0
7503,60.0,-44.0,-88.0,89.0,-1.0,0
7508,56.0,-49.0,-80.0,77.0,-1.0,0
7509,63.0,-73.0,-85.0,98.0,-2.0,0
7512,59.0,-18.0,-60.0,87.0,-0.0,0
7514,86.0,-1.0,-54.0,100.0,-0.0,1
7520,57.0,-14.0,-77.0,94.0,-0.0,0
7521,72.0,-22.0,-75.0,96.0,-1.0,1
7525,90.0,-8.0,-60.0,100.0,-0.0,0
7526,69.0,-41.0,-79.0,100.0,-2.0,0
7529,87.0,-25.0,-50.0,100.0,-0.0,0
7530,68.0,-31.0,-45.0,97.0,-1.0,0
7532,85.0,-6.0,-38.0,94.0,-0.0,0
7533,68.0,-31.0,-50.0,93.0,-0.0,0
7534,81.0,-19.0,-44.0,100.0,-0.0,1
7535,92.0,-0.0,-27.0,100.0,-0.0,1
7536,77.0,-1.0,-36.0,100.0,-0.0,1
7537,57.0,-68.0,-71.0,100.0,-4.0,0
7538,68.0,-23.0,-83.0,88.0,-0.0,1
7539,80.0,-2.0,-25.0,96.0,-1.0,1
7541,75.0,-9.0,-47.0,83.0,-0.0,0
7542,87.0,-15.0,-50.0,100.0,-0.0,1
7543,86.0,-2.0,-14.0,95.0,-0.0,0
7544,72.0,-51.0,-60.0,100.0,-1.0,0
7553,65.0,-31.0,-80.0,84.0,-1.0,0
7555,62.0,-95.0,-67.0,71.0,-1.0,0
7559,70.0,-21.0,-70.0,100.0,-2.0,0
7560,65.0,-94.0,-100.0,80.0,-1.0,0
7564,91.0,-6.0,-60.0,100.0,-0.0,1
7565,70.0,-79.0,-83.0,97.0,-2.0,0
7566,61.0,-21.0,-50.0,74.0,-2.0,0
7567,64.0,-34.0,-67.0,70.0,-0.0,0
7571,70.0,-72.0,-86.0,95.0,-1.0,0
7572,72.0,-69.0,-75.0,100.0,-1.0,0
7576,73.0,-23.0,-67.0,100.0,-0.0,1
7577,69.0,-1.0,-60.0,71.0,-1.0,1
7579,82.0,-0.0,-29.0,100.0,-1.0,1
7580,84.0,-9.0,-73.0,100.0,-1.0,1
7581,85.0,-9.0,-62.0,100.0,-0.0,0
7582,75.0,-40.0,-50.0,94.0,-1.0,0
7583,74.0,-34.0,-58.0,96.0,-1.0,0
7586,56.0,-47.0,-67.0,86.0,-3.0,0
7588,72.0,-45.0,-50.0,96.0,-1.0,0
7590,70.0,-43.0,-92.0,88.0,-3.0,0
7594,86.0,-5.0,-78.0,100.0,-0.0,1
7595,71.0,-18.0,-47.0,91.0,-0.0,0
7597,67.0,-36.0,-89.0,89.0,-1.0,0
7602,82.0,-4.0,-15.0,98.0,-0.0,0
7607,68.0,-79.0,-78.0,100.0,-12.0,0
7609,73.0,-33.0,-60.0,95.0,-0.0,0
7610,59.0,-76.0,-100.0,79.0,-4.0,0
7613,83.0,-5.0,-63.0,100.0,-0.0,0
7614,90.0,-2.0,-50.0,100.0,-0.0,0
7615,56.0,-30.0,-69.0,87.0,-1.0,0
7616,64.0,-57.0,-45.0,83.0,-2.0,0
7618,77.0,-5.0,-57.0,96.0,-0.0,1
7622,62.0,-84.0,-100.0,50.0,-7.0,1
7624,68.0,-14.0,-64.0,96.0,-0.0,1
7625,72.0,-8.0,-100.0,83.0,-0.0,0
7626,66.0,-43.0,-70.0,97.0,-1.0,0
7637,85.0,-15.0,-75.0,100.0,-0.0,1
7640,74.0,-0.0,-67.0,93.0,-0.0,0
7641,68.0,-37.0,-67.0,100.0,-0.0,0
7642,73.0,-17.0,-83.0,100.0,-0.0,0
7644,71.0,-19.0,-55.0,98.0,-1.0,1
7646,58.0,-72.0,-92.0,100.0,-3.0,0
7647,64.0,-0.0,-50.0,87.0,-0.0,0
7648,73.0,-1.0,-44.0,95.0,-0.0,1
7651,89.0,-4.0,-60.0,100.0,-0.0,0
7653,82.0,-39.0,-57.0,91.0,-0.0,1
7655,72.0,-10.0,-46.0,94.0,-0.0,1
7657,61.0,-71.0,-77.0,100.0,-3.0,0
7667,88.0,-4.0,-75.0,100.0,-1.0,0
7669,85.0,-1.0,-44.0,97.0,-0.0,1
7672,87.0,-3.0,-63.0,100.0,-0.0,0
7675,61.0,-50.0,-52.0,100.0,-5.0,0
7680,87.0,-1.0,-38.0,100.0,-0.0,1
7682,62.0,-30.0,-57.0,85.0,-1.0,0
7684,62.0,-31.0,-54.0,100.0,-1.0,0
7685,78.0,-2.0,-54.0,98.0,-0.0,0
7686,81.0,-2.0,-36.0,100.0,-0.0,1
7687,60.0,-65.0,-63.0,81.0,-1.0,1
7689,59.0,-95.0,-80.0,85.0,-2.0,1
7691,78.0,-4.0,-44.0,92.0,-0.0,0
7694,78.0,-45.0,-55.0,100.0,-1.0,0
7698,59.0,-78.0,-100.0,86.0,-1.0,0
7701,66.0,-97.0,-100.0,25.0,-1.0,0
7704,55.0,-11.0,-80.0,97.0,-0.0,0
7705,68.0,-40.0,-79.0,88.0,-1.0,0
7712,70.0,-44.0,-67.0,100.0,-2.0,0
7716,64.0,-85.0,-91.0,56.0,-6.0,0
7721,65.0,-13.0,-75.0,82.0,-2.0,0
7723,48.0,-88.0,-77.0,82.0,-3.0,0
7724,80.0,-17.0,-39.0,94.0,-0.0,1
7725,70.0,-42.0,-63.0,89.0,-0.0,0
7730,70.0,-44.0,-77.0,100.0,-3.0,1
7732,84.0,-49.0,-60.0,100.0,-0.0,1
7741,74.0,-23.0,-67.0,96.0,-2.0,1
7742,86.0,-3.0,-43.0,100.0,-0.0,1
7744,62.0,-92.0,-100.0,94.0,-2.0,0
7745,67.0,-30.0,-100.0,89.0,-1.0,0
7749,63.0,-69.0,-75.0,88.0,-2.0,1
7752,66.0,-51.0,-80.0,60.0,-0.0,0
7755,71.0,-23.0,-47.0,96.0,-0.0,0
7761,77.0,-43.0,-63.0,97.0,-0.0,0
7768,77.0,-44.0,-70.0,100.0,-0.0,0
7773,64.0,-17.0,-65.0,76.0,-0.0,1
7774,59.0,-49.0,-71.0,100.0,-2.0,0
7775,87.0,-1.0,-50.0,100.0,-0.0,0
7777,85.0,-9.0,-36.0,100.0,-0.0,1
7778,85.0,-8.0,-25.0,100.0,-0.0,1
7779,75.0,-32.0,-67.0,100.0,-1.0,1
7780,56.0,-92.0,-92.0,100.0,-5.0,0
7786,84.0,-8.0,-60.0,100.0,-0.0,0
7787,72.0,-75.0,-89.0,100.0,-2.0,1
7788,80.0,-27.0,-50.0,100.0,-0.0,0
7790,80.0,-7.0,-58.0,97.0,-1.0,1
7791,88.0,-1.0,-56.0,100.0,-0.0,1
7792,75.0,-32.0,-67.0,100.0,-0.0,1
7793,69.0,-61.0,-67.0,96.0,-1.0,0
7794,78.0,-17.0,-82.0,95.0,-0.0,1
7795,58.0,-45.0,-75.0,83.0,-0.0,1
7796,71.0,-12.0,-60.0,93.0,-0.0,1
7797,91.0,-1.0,-40.0,100.0,-0.0,0
7798,63.0,-31.0,-67.0,54.0,-0.0,0
7799,77.0,-35.0,-54.0,95.0,-2.0,1
7801,70.0,-60.0,-80.0,94.0,-1.0,1
7803,89.0,-3.0,-33.0,100.0,-0.0,1
7804,57.0,-54.0,-88.0,62.0,-1.0,0
7806,77.0,-5.0,-67.0,100.0,-0.0,0
7810,68.0,-23.0,-53.0,96.0,-1.0,1
7812,61.0,-68.0,-79.0,100.0,-4.0,0
7813,50.0,-82.0,-100.0,83.0,-6.0,0
7814,55.0,-61.0,-74.0,96.0,-3.0,0
7815,76.0,-20.0,-71.0,97.0,-1.0,0
7822,78.0,-63.0,-80.0,60.0,-0.0,1
7823,88.0,-14.0,-80.0,100.0,-0.0,1
7824,78.0,-39.0,-100.0,100.0,-1.0,0
7825,59.0,-50.0,-83.0,97.0,-2.0,1
7826,83.0,-20.0,-44.0,100.0,-0.0,1
7832,66.0,-31.0,-67.0,80.0,-1.0,1
7833,63.0,-75.0,-100.0,100.0,-1.0,0
7841,69.0,-30.0,-57.0,100.0,-1.0,1
7845,81.0,-2.0,-27.0,100.0,-0.0,1
7848,84.0,-22.0,-86.0,100.0,-0.0,0
7850,78.0,-21.0,-75.0,100.0,-1.0,1
7852,61.0,-36.0,-57.0,95.0,-1.0,0
7853,87.0,-1.0,-78.0,100.0,-1.0,0
7855,64.0,-82.0,-83.0,100.0,-1.0,0
7856,72.0,-25.0,-50.0,100.0,-0.0,0
7857,78.0,-11.0,-56.0,100.0,-0.0,1
7859,68.0,-66.0,-100.0,100.0,-1.0,0
7863,57.0,-4.0,-60.0,96.0,-0.0,0
7865,72.0,-56.0,-50.0,80.0,-0.0,0
7868,73.0,-34.0,-60.0,97.0,-2.0,0
7880,72.0,-15.0,-40.0,88.0,-0.0,0
7881,83.0,-26.0,-80.0,100.0,-0.0,0
7883,79.0,-10.0,-15.0,100.0,-1.0,0
7888,58.0,-76.0,-63.0,94.0,-2.0,1
7894,80.0,-22.0,-57.0,100.0,-0.0,1
7896,64.0,-90.0,-75.0,73.0,-1.0,1
7897,89.0,-14.0,-50.0,100.0,-0.0,0
7899,76.0,-5.0,-60.0,100.0,-1.0,0
7900,75.0,-46.0,-80.0,100.0,-0.0,0
7905,62.0,-21.0,-46.0,80.0,-1.0,0
7909,76.0,-2.0,-53.0,98.0,-0.0,1
7910,87.0,-8.0,-33.0,100.0,-0.0,0
7911,77.0,-31.0,-50.0,80.0,-0.0,1
7912,79.0,-17.0,-52.0,100.0,-1.0,1
7916,76.0,-55.0,-75.0,100.0,-0.0,0
7917,62.0,-44.0,-67.0,71.0,-3.0,0
7921,59.0,-42.0,-67.0,90.0,-1.0,0
7927,62.0,-0.0,-60.0,80.0,-0.0,0
7929,46.0,-104.0,-100.0,57.0,-2.0,0
7930,79.0,-26.0,-44.0,93.0,-1.0,1
7931,75.0,-63.0,-83.0,100.0,-0.0,0
7934,60.0,-89.0,-100.0,81.0,-4.0,0
7935,84.0,-11.0,-75.0,92.0,-0.0,1
7936,73.0,-19.0,-38.0,90.0,-0.0,1
7937,70.0,-32.0,-62.0,83.0,-0.0,0
7938,73.0,-28.0,-75.0,83.0,-0.0,1
7944,71.0,-64.0,-71.0,100.0,-2.0,1
7946,66.0,-34.0,-100.0,60.0,-1.0,1
7949,65.0,-36.0,-47.0,95.0,-2.0,1
7951,69.0,-32.0,-69.0,100.0,-3.0,1
7952,73.0,-16.0,-83.0,100.0,-1.0,1
7955,73.0,-24.0,-59.0,100.0,-2.0,1
7957,73.0,-12.0,-44.0,98.0,-0.0,1
7958,62.0,-97.0,-100.0,100.0,-4.0,0
7961,62.0,-3.0,-63.0,93.0,-0.0,0
7968,68.0,-38.0,-73.0,98.0,-2.0,1
7971,90.0,-10.0,-50.0,100.0,-0.0,1
7981,84.0,-13.0,-17.0,100.0,-0.0,1
7982,73.0,-20.0,-70.0,100.0,-0.0,1
7985,68.0,-9.0,-33.0,97.0,-1.0,1
7986,64.0,-51.0,-100.0,83.0,-1.0,0
7987,78.0,-49.0,-63.0,100.0,-2.0,1
7989,63.0,-10.0,-43.0,100.0,-2.0,1
7991,65.0,-45.0,-71.0,80.0,-1.0,0
7998,72.0,-13.0,-60.0,100.0,-0.0,0
8005,73.0,-47.0,-86.0,85.0,-1.0,0
8013,84.0,-7.0,-27.0,100.0,-1.0,1
8018,75.0,-67.0,-67.0,90.0,-1.0,0
8020,78.0,-18.0,-70.0,100.0,-1.0,1
8021,84.0,-31.0,-50.0,100.0,-0.0,1
8026,90.0,-5.0,-63.0,100.0,-0.0,1
8027,88.0,-1.0,-60.0,100.0,-0.0,1
8028,57.0,-63.0,-90.0,93.0,-3.0,1
8030,73.0,-41.0,-80.0,100.0,-0.0,0
8032,78.0,-50.0,-40.0,90.0,-0.0,1
8033,70.0,-39.0,-100.0,75.0,-2.0,1
8034,79.0,-42.0,-75.0,100.0,-0.0,1
8036,75.0,-3.0,-42.0,89.0,-0.0,0
8040,82.0,-12.0,-67.0,100.0,-0.0,1
8042,60.0,-58.0,-75.0,93.0,-1.0,1
8044,67.0,-78.0,-78.0,100.0,-3.0,1
8045,78.0,-3.0,-33.0,100.0,-1.0,1
8056,68.0,-6.0,-17.0,55.0,-0.0,0
8057,63.0,-92.0,-100.0,92.0,-1.0,0
8058,78.0,-39.0,-67.0,100.0,-0.0,1
8062,66.0,-62.0,-100.0,89.0,-1.0,0
8063,62.0,-87.0,-92.0,91.0,-5.0,0
8066,91.0,-5.0,-29.0,100.0,-0.0,1
8067,90.0,-0.0,-67.0,100.0,-0.0,1
8068,63.0,-42.0,-80.0,79.0,-3.0,1
8072,76.0,-12.0,-60.0,100.0,-0.0,1
8076,71.0,-51.0,-72.0,86.0,-1.0,0
8079,88.0,-0.0,-50.0,100.0,-0.0,0
8082,83.0,-3.0,-46.0,100.0,-0.0,1
8085,82.0,-2.0,-44.0,97.0,-0.0,1
8086,68.0,-42.0,-60.0,97.0,-3.0,0
8087,56.0,-16.0,-58.0,85.0,-1.0,0
8088,83.0,-11.0,-20.0,100.0,-0.0,1
8097,77.0,-18.0,-60.0,92.0,-0.0,1
8098,70.0,-0.0,-40.0,93.0,-0.0,0
8099,80.0,-8.0,-57.0,100.0,-1.0,1
8104,70.0,-57.0,-64.0,100.0,-2.0,1
8112,80.0,-0.0,-20.0,100.0,-0.0,1
8116,77.0,-40.0,-29.0,97.0,-3.0,0
8118,78.0,-19.0,-71.0,100.0,-0.0,1
8121,84.0,-0.0,-50.0,90.0,-0.0,1
8127,78.0,-30.0,-23.0,100.0,-1.0,0
8128,86.0,-27.0,-67.0,100.0,-0.0,1
8129,82.0,-14.0,-25.0,100.0,-0.0,1
8130,85.0,-5.0,-57.0,100.0,-0.0,1
8132,66.0,-22.0,-57.0,94.0,-0.0,1
8133,74.0,-15.0,-43.0,100.0,-1.0,1
8136,66.0,-60.0,-88.0,100.0,-3.0,1
8137,64.0,-56.0,-83.0,88.0,-2.0,1
8139,74.0,-39.0,-75.0,100.0,-1.0,1
8141,61.0,-59.0,-67.0,95.0,-2.0,1
8151,83.0,-7.0,-75.0,100.0,-0.0,1
8156,71.0,-3.0,-44.0,71.0,-0.0,0
8157,88.0,-0.0,-60.0,100.0,-0.0,1
8160,77.0,-14.0,-57.0,100.0,-0.0,1
8164,79.0,-82.0,-88.0,100.0,-1.0,0
8166,84.0,-3.0,-75.0,100.0,-1.0,0
8169,62.0,-99.0,-100.0,100.0,-1.0,0
8170,80.0,-11.0,-80.0,77.0,-0.0,0
8172,67.0,-56.0,-82.0,96.0,-1.0,0
8174,80.0,-1.0,-35.0,97.0,-1.0,1
8176,62.0,-47.0,-71.0,82.0,-1.0,0
8178,79.0,-14.0,-100.0,100.0,-0.0,0
8179,67.0,-24.0,-43.0,100.0,-2.0,0
8183,56.0,-8.0,-86.0,72.0,-0.0,1
8187,55.0,-64.0,-83.0,94.0,-3.0,0
8188,80.0,-21.0,-45.0,100.0,-0.0,0
8193,58.0,-82.0,-100.0,93.0,-1.0,0
8194,61.0,-87.0,-93.0,92.0,-3.0,0
8196,61.0,-101.0,-100.0,100.0,-1.0,0
8197,65.0,-80.0,-79.0,97.0,-3.0,0
8203,69.0,-15.0,-55.0,95.0,-2.0,0
8208,73.0,-19.0,-50.0,91.0,-0.0,0
8209,79.0,-40.0,-75.0,100.0,-1.0,0
8212,73.0,-28.0,-100.0,100.0,-0.0,0
8217,69.0,-38.0,-50.0,96.0,-1.0,0
8224,72.0,-48.0,-70.0,100.0,-3.0,0
8226,59.0,-92.0,-93.0,75.0,-8.0,0
8228,54.0,-96.0,-100.0,50.0,-1.0,0
8231,69.0,-31.0,-60.0,84.0,-1.0,0
8232,61.0,-28.0,-67.0,60.0,-0.0,0
8234,68.0,-68.0,-67.0,92.0,-2.0,0
8236,64.0,-30.0,-69.0,93.0,-2.0,0
8239,81.0,-4.0,-44.0,97.0,-0.0,1
8240,65.0,-16.0,-74.0,91.0,-2.0,0
8241,64.0,-85.0,-75.0,88.0,-0.0,0
8242,68.0,-69.0,-80.0,97.0,-3.0,0
8244,80.0,-27.0,-54.0,100.0,-1.0,0
8246,66.0,-28.0,-71.0,100.0,-1.0,0
8248,66.0,-81.0,-100.0,100.0,-1.0,0
8249,64.0,-37.0,-67.0,93.0,-1.0,0
8254,57.0,-41.0,-58.0,70.0,-1.0,0
8255,59.0,-69.0,-90.0,86.0,-1.0,0
8257,65.0,-19.0,-90.0,96.0,-1.0,0
8258,64.0,-49.0,-64.0,88.0,-3.0,0
8259,77.0,-3.0,-46.0,100.0,-1.0,1
8264,68.0,-65.0,-86.0,95.0,-3.0,0
8267,63.0,-54.0,-71.0,97.0,-0.0,1
8268,62.0,-62.0,-83.0,90.0,-3.0,0
8269,65.0,-69.0,-84.0,97.0,-5.0,0
8270,61.0,-63.0,-100.0,88.0,-1.0,0
8271,72.0,-84.0,-80.0,100.0,-1.0,0
8272,72.0,-54.0,-100.0,100.0,-0.0,0
8275,83.0,-0.0,-0.0,90.0,-0.0,1
8277,70.0,-10.0,-67.0,93.0,-0.0,1
8279,73.0,-18.0,-56.0,82.0,-0.0,1
8281,79.0,-53.0,-71.0,100.0,-1.0,0
8282,79.0,-26.0,-20.0,100.0,-0.0,0
8283,73.0,-94.0,-100.0,100.0,-1.0,0
8288,58.0,-60.0,-67.0,97.0,-4.0,1
8292,85.0,-10.0,-54.0,100.0,-1.0,1
8293,87.0,-4.0,-57.0,100.0,-0.0,1
8296,81.0,-31.0,-83.0,90.0,-0.0,0
8298,74.0,-14.0,-41.0,100.0,-0.0,0
8303,63.0,-82.0,-92.0,97.0,-6.0,0
8305,57.0,-46.0,-80.0,70.0,-1.0,0
8306,81.0,-88.0,-67.0,100.0,-1.0,0
8307,74.0,-47.0,-50.0,94.0,-1.0,0
8308,81.0,-16.0,-38.0,100.0,-0.0,1
8310,72.0,-42.0,-67.0,100.0,-2.0,1
8312,86.0,-3.0,-78.0,100.0,-0.0,1
8314,84.0,-19.0,-40.0,100.0,-0.0,1
8315,80.0,-29.0,-67.0,100.0,-1.0,1
8317,85.0,-2.0,-67.0,100.0,-0.0,1
8319,71.0,-95.0,-80.0,100.0,-2.0,0
8322,84.0,-10.0,-35.0,100.0,-0.0,1
8323,68.0,-31.0,-80.0,90.0,-0.0,1
8327,75.0,-0.0,-0.0,62.0,-0.0,1
8332,89.0,-1.0,-50.0,100.0,-0.0,1
8334,77.0,-45.0,-75.0,100.0,-2.0,0
8335,65.0,-27.0,-81.0,79.0,-0.0,0
8337,57.0,-62.0,-69.0,88.0,-3.0,0
8340,72.0,-32.0,-46.0,95.0,-0.0,0
8342,54.0,-61.0,-89.0,73.0,-1.0,0
8345,56.0,-37.0,-75.0,96.0,-0.0,0
8349,76.0,-46.0,-73.0,100.0,-2.0,0
8351,74.0,-46.0,-64.0,100.0,-2.0,0
8352,59.0,-59.0,-70.0,75.0,-0.0,0
8353,79.0,-24.0,-44.0,100.0,-0.0,1
8360,84.0,-0.0,-29.0,100.0,-0.0,1
8362,56.0,-59.0,-71.0,90.0,-4.0,0
8363,62.0,-98.0,-100.0,100.0,-2.0,0
8365,68.0,-36.0,-70.0,100.0,-0.0,0
8367,66.0,-76.0,-60.0,83.0,-2.0,1
8369,58.0,-81.0,-82.0,93.0,-10.0,0
8371,69.0,-36.0,-45.0,100.0,-2.0,0
8373,60.0,-0.0,-25.0,78.0,-0.0,0
8374,70.0,-44.0,-38.0,90.0,-1.0,1
8376,59.0,-52.0,-67.0,100.0,-3.0,0
8377,69.0,-79.0,-89.0,100.0,-1.0,0
8378,54.0,-63.0,-78.0,88.0,-1.0,1
8379,90.0,-2.0,-83.0,100.0,-0.0,1
8380,72.0,-0.0,-0.0,75.0,-0.0,0
8381,71.0,-43.0,-75.0,92.0,-1.0,0
8382,68.0,-90.0,-100.0,100.0,-3.0,1
8385,82.0,-7.0,-58.0,97.0,-0.0,1
8386,75.0,-43.0,-43.0,94.0,-1.0,1
8387,44.0,-82.0,-88.0,47.0,-1.0,0
8388,56.0,-58.0,-86.0,100.0,-4.0,0
8389,74.0,-11.0,-62.0,95.0,-0.0,0
8390,69.0,-37.0,-60.0,92.0,-0.0,0
8391,68.0,-78.0,-75.0,100.0,-4.0,0
8392,79.0,-1.0,-38.0,71.0,-0.0,0
8393,73.0,-38.0,-53.0,100.0,-2.0,0
8401,62.0,-45.0,-100.0,83.0,-1.0,0
8406,59.0,-31.0,-55.0,96.0,-1.0,0
8410,60.0,-35.0,-91.0,80.0,-0.0,1
8412,70.0,-77.0,-83.0,94.0,-3.0,0
8413,54.0,-86.0,-100.0,63.0,-0.0,0
8418,54.0,-91.0,-50.0,67.0,-1.0,0
8420,68.0,-5.0,-55.0,90.0,-0.0,0
8427,77.0,-22.0,-64.0,100.0,-0.0,0
8429,81.0,-0.0,-45.0,100.0,-1.0,1
8432,64.0,-53.0,-91.0,75.0,-1.0,1
8433,70.0,-39.0,-53.0,91.0,-1.0,0
8434,71.0,-22.0,-56.0,95.0,-1.0,1
8437,84.0,-1.0,-30.0,100.0,-1.0,1
8443,76.0,-4.0,-65.0,100.0,-0.0,0
8446,72.0,-15.0,-50.0,100.0,-1.0,1
8447,64.0,-71.0,-92.0,83.0,-4.0,0
8448,78.0,-30.0,-31.0,100.0,-0.0,1
8449,75.0,-2.0,-58.0,91.0,-0.0,1
8450,64.0,-24.0,-67.0,85.0,-0.0,0
8451,57.0,-75.0,-92.0,81.0,-5.0,0
8454,75.0,-49.0,-83.0,100.0,-0.0,0
8455,80.0,-57.0,-83.0,100.0,-1.0,0
8456,54.0,-65.0,-80.0,85.0,-3.0,0
8457,85.0,-0.0,-24.0,100.0,-0.0,1
8458,77.0,-22.0,-45.0,100.0,-0.0,1
8463,61.0,-89.0,-88.0,100.0,-3.0,0
8467,67.0,-28.0,-90.0,100.0,-1.0,0
8469,67.0,-60.0,-71.0,92.0,-2.0,0
8471,72.0,-50.0,-100.0,100.0,-1.0,1
8472,56.0,-0.0,-42.0,71.0,-0.0,0
8481,57.0,-97.0,-100.0,80.0,-1.0,0
8483,65.0,-54.0,-80.0,100.0,-0.0,0
8484,62.0,-28.0,-63.0,82.0,-0.0,0
8486,63.0,-48.0,-80.0,83.0,-2.0,0
8488,70.0,-54.0,-100.0,93.0,-0.0,1
8491,74.0,-34.0,-64.0,90.0,-1.0,0
8492,74.0,-12.0,-40.0,82.0,-0.0,0
8495,70.0,-3.0,-67.0,100.0,-0.0,0
8496,57.0,-91.0,-86.0,47.0,-2.0,0
8497,63.0,-12.0,-56.0,88.0,-0.0,0
8498,71.0,-21.0,-25.0,93.0,-0.0,1
8500,81.0,-2.0,-50.0,94.0,-0.0,1
8503,72.0,-29.0,-67.0,100.0,-0.0,0
8505,72.0,-82.0,-86.0,100.0,-6.0,0
8506,54.0,-77.0,-100.0,78.0,-2.0,0
8507,86.0,-13.0,-43.0,100.0,-0.0,1
8508,68.0,-16.0,-86.0,100.0,-1.0,1
8509,67.0,-90.0,-89.0,100.0,-9.0,0
8510,64.0,-49.0,-61.0,100.0,-1.0,0
8516,63.0,-83.0,-88.0,93.0,-2.0,0
8520,71.0,-44.0,-75.0,93.0,-0.0,1
8523,65.0,-27.0,-50.0,59.0,-1.0,1
8525,72.0,-23.0,-50.0,100.0,-2.0,0
8526,82.0,-12.0,-31.0,100.0,-1.0,1
8530,70.0,-51.0,-83.0,71.0,-2.0,0
8531,82.0,-14.0,-43.0,100.0,-0.0,0
8535,71.0,-53.0,-67.0,75.0,-0.0,1
8541,66.0,-97.0,-75.0,100.0,-1.0,0
8542,61.0,-68.0,-64.0,83.0,-0.0,0
8543,72.0,-68.0,-86.0,100.0,-2.0,0
8544,65.0,-5.0,-60.0,50.0,-0.0,0
8547,67.0,-53.0,-71.0,100.0,-3.0,0
8549,68.0,-26.0,-63.0,93.0,-2.0,0
8559,73.0,-78.0,-65.0,100.0,-8.0,0
8561,61.0,-41.0,-83.0,75.0,-0.0,1
8563,56.0,-43.0,-81.0,78.0,-4.0,0
8564,65.0,-66.0,-75.0,97.0,-5.0,0
8566,74.0,-15.0,-48.0,100.0,-1.0,1
8568,86.0,-0.0,-8.0,100.0,-0.0,1
8572,70.0,-32.0,-71.0,85.0,-1.0,0
8575,83.0,-8.0,-67.0,100.0,-0.0,1
8576,59.0,-98.0,-100.0,92.0,-6.0,0
8584,77.0,-40.0,-67.0,100.0,-0.0,1
8586,83.0,-18.0,-75.0,100.0,-0.0,1
8587,66.0,-33.0,-50.0,90.0,-0.0,1
8590,91.0,-0.0,-25.0,100.0,-0.0,1
8592,63.0,-33.0,-50.0,93.0,-3.0,0
8594,89.0,-11.0,-20.0,100.0,-0.0,1
8595,65.0,-33.0,-56.0,97.0,-1.0,0
8598,69.0,-75.0,-80.0,56.0,-1.0,0
8600,75.0,-10.0,-18.0,97.0,-0.0,1
8602,80.0,-21.0,-50.0,100.0,-0.0,1
8604,68.0,-25.0,-75.0,94.0,-0.0,0
8608,60.0,-68.0,-62.0,95.0,-3.0,0
8609,65.0,-42.0,-80.0,100.0,-1.0,0
8611,60.0,-64.0,-64.0,100.0,-3.0,1
8613,60.0,-70.0,-83.0,97.0,-3.0,0
8616,84.0,-12.0,-56.0,100.0,-0.0,1
8617,86.0,-5.0,-41.0,100.0,-0.0,1
8619,74.0,-21.0,-44.0,100.0,-1.0,1
8621,61.0,-51.0,-84.0,100.0,-2.0,1
8623,78.0,-11.0,-41.0,100.0,-0.0,1
8624,81.0,-12.0,-63.0,100.0,-0.0,1
8625,89.0,-0.0,-30.0,100.0,-0.0,1
8626,63.0,-11.0,-17.0,88.0,-0.0,1
8627,91.0,-3.0,-20.0,100.0,-0.0,1
8635,89.0,-2.0,-33.0,100.0,-0.0,1
8637,82.0,-20.0,-47.0,100.0,-0.0,1
8638,89.0,-1.0,-29.0,100.0,-0.0,1
8639,85.0,-6.0,-31.0,100.0,-0.0,1
8642,78.0,-10.0,-40.0,98.0,-0.0,1
8643,77.0,-4.0,-60.0,95.0,-0.0,1
8644,80.0,-38.0,-86.0,100.0,-0.0,0
8645,65.0,-24.0,-33.0,95.0,-0.0,0
8648,83.0,-12.0,-80.0,92.0,-0.0,1
8649,70.0,-19.0,-75.0,100.0,-0.0,0
8653,87.0,-1.0,-67.0,100.0,-0.0,1
8654,85.0,-4.0,-36.0,100.0,-0.0,1
8655,70.0,-69.0,-100.0,100.0,-5.0,1
8658,78.0,-77.0,-92.0,100.0,-16.0,0
8664,72.0,-13.0,-47.0,95.0,-0.0,1
8666,71.0,-57.0,-86.0,100.0,-1.0,1
8671,84.0,-5.0,-67.0,100.0,-0.0,1
8676,65.0,-42.0,-78.0,100.0,-1.0,0
8677,73.0,-24.0,-50.0,100.0,-1.0,0
8684,50.0,-99.0,-100.0,87.0,-1.0,0
8685,68.0,-86.0,-83.0,100.0,-1.0,0
8688,56.0,-33.0,-56.0,78.0,-3.0,0
8691,86.0,-8.0,-50.0,100.0,-0.0,1
8692,50.0,-76.0,-100.0,80.0,-1.0,0
8693,81.0,-9.0,-83.0,100.0,-0.0,1
8695,69.0,-53.0,-100.0,100.0,-0.0,0
8697,76.0,-4.0,-20.0,89.0,-0.0,0
8698,70.0,-83.0,-100.0,90.0,-1.0,0
8699,64.0,-73.0,-75.0,92.0,-2.0,1
8702,58.0,-90.0,-100.0,100.0,-1.0,0
8703,63.0,-36.0,-59.0,86.0,-3.0,1
8707,67.0,-34.0,-67.0,33.0,-0.0,0
8710,66.0,-65.0,-33.0,95.0,-1.0,0
8712,58.0,-65.0,-100.0,67.0,-2.0,0
8715,76.0,-44.0,-88.0,95.0,-0.0,0
8716,58.0,-40.0,-93.0,81.0,-1.0,0
8717,61.0,-99.0,-100.0,88.0,-3.0,1
8722,67.0,-33.0,-83.0,87.0,-1.0,0
8723,83.0,-5.0,-64.0,95.0,-0.0,1
8725,71.0,-32.0,-67.0,92.0,-1.0,0
8726,55.0,-87.0,-100.0,67.0,-2.0,0
8733,66.0,-79.0,-100.0,100.0,-3.0,0
8739,68.0,-70.0,-80.0,100.0,-3.0,0
8740,66.0,-51.0,-82.0,83.0,-1.0,1
8743,64.0,-78.0,-100.0,100.0,-2.0,0
8747,78.0,-37.0,-82.0,100.0,-1.0,0
8749,67.0,-83.0,-100.0,100.0,-2.0,0
8751,60.0,-80.0,-80.0,55.0,-2.0,0
8753,74.0,-17.0,-45.0,92.0,-0.0,1
8756,63.0,-56.0,-69.0,89.0,-4.0,1
8758,63.0,-45.0,-90.0,100.0,-2.0,0
8760,48.0,-77.0,-100.0,38.0,-2.0,1
8761,70.0,-39.0,-63.0,92.0,-1.0,0
8766,62.0,-35.0,-50.0,88.0,-1.0,1
8773,76.0,-35.0,-67.0,100.0,-2.0,1
8774,86.0,-12.0,-100.0,100.0,-0.0,1
8777,82.0,-0.0,-67.0,100.0,-0.0,1
8778,82.0,-0.0,-23.0,97.0,-1.0,1
8779,58.0,-70.0,-75.0,100.0,-2.0,0
8781,63.0,-72.0,-55.0,80.0,-4.0,0
8785,65.0,-60.0,-86.0,89.0,-0.0,0
8786,70.0,-23.0,-50.0,98.0,-0.0,0
8788,64.0,-64.0,-55.0,100.0,-1.0,0
8789,88.0,-1.0,-50.0,100.0,-0.0,1
8790,68.0,-74.0,-75.0,87.0,-2.0,0
8793,65.0,-21.0,-67.0,73.0,-0.0,0
8802,67.0,-53.0,-78.0,100.0,-2.0,0
8806,85.0,-37.0,-100.0,100.0,-0.0,1
8810,65.0,-83.0,-86.0,100.0,-2.0,0
8811,68.0,-42.0,-67.0,94.0,-2.0,1
8812,71.0,-35.0,-50.0,85.0,-1.0,0
8814,77.0,-26.0,-92.0,100.0,-0.0,1
8817,70.0,-15.0,-38.0,81.0,-0.0,0
8819,58.0,-68.0,-58.0,68.0,-1.0,0
8820,69.0,-47.0,-86.0,100.0,-2.0,0
8823,79.0,-32.0,-75.0,100.0,-0.0,0
8824,72.0,-33.0,-57.0,96.0,-2.0,1
8827,63.0,-99.0,-100.0,96.0,-2.0,0
8828,77.0,-29.0,-80.0,100.0,-0.0,1
8831,62.0,-48.0,-65.0,100.0,-2.0,0
8832,64.0,-52.0,-76.0,88.0,-3.0,1
8833,70.0,-43.0,-56.0,100.0,-2.0,1
8835,64.0,-73.0,-80.0,100.0,-3.0,0
8836,60.0,-75.0,-64.0,73.0,-4.0,0
8839,80.0,-37.0,-83.0,100.0,-1.0,1
8843,57.0,-81.0,-89.0,100.0,-2.0,0
8844,69.0,-54.0,-100.0,89.0,-1.0,0
8849,60.0,-48.0,-91.0,96.0,-3.0,0
8853,72.0,-1.0,-29.0,85.0,-0.0,1
8854,86.0,-3.0,-43.0,100.0,-0.0,0
8858,61.0,-15.0,-50.0,43.0,-0.0,0
8863,91.0,-2.0,-33.0,100.0,-0.0,0
8872,90.0,-0.0,-50.0,100.0,-0.0,1
8875,81.0,-12.0,-38.0,97.0,-0.0,0
8876,78.0,-79.0,-67.0,100.0,-1.0,0
8878,80.0,-9.0,-71.0,100.0,-0.0,0
8886,68.0,-76.0,-75.0,84.0,-1.0,1
8887,84.0,-14.0,-64.0,100.0,-0.0,1
8890,58.0,-73.0,-80.0,93.0,-2.0,0
8891,57.0,-98.0,-100.0,89.0,-2.0,0
8893,73.0,-23.0,-55.0,96.0,-1.0,0
8896,63.0,-50.0,-100.0,71.0,-0.0,0
8900,61.0,-64.0,-80.0,92.0,-1.0,0
8901,84.0,-18.0,-38.0,100.0,-0.0,1
8903,79.0,-22.0,-70.0,93.0,-0.0,1
8904,60.0,-28.0,-67.0,45.0,-0.0,0
8905,80.0,-44.0,-83.0,100.0,-0.0,0
8906,73.0,-15.0,-47.0,97.0,-0.0,0
8908,74.0,-74.0,-50.0,100.0,-1.0,0
8909,72.0,-39.0,-79.0,100.0,-0.0,1
8912,56.0,-100.0,-85.0,55.0,-1.0,0
8914,66.0,-33.0,-75.0,97.0,-0.0,0
8922,56.0,-13.0,-75.0,92.0,-2.0,0
8924,72.0,-47.0,-56.0,85.0,-1.0,0
8925,72.0,-54.0,-64.0,98.0,-1.0,0
8926,70.0,-69.0,-65.0,100.0,-4.0,1
8928,67.0,-22.0,-82.0,94.0,-2.0,0
8931,73.0,-46.0,-69.0,100.0,-1.0,1
8938,89.0,-10.0,-50.0,100.0,-0.0,0
8941,81.0,-12.0,-56.0,92.0,-0.0,1
8946,74.0,-3.0,-60.0,93.0,-0.0,0
8950,65.0,-76.0,-100.0,97.0,-2.0,0
8951,67.0,-82.0,-87.0,100.0,-11.0,1
8953,70.0,-33.0,-36.0,96.0,-1.0,0
8954,68.0,-78.0,-80.0,100.0,-9.0,0
8957,63.0,-52.0,-91.0,93.0,-1.0,0
8959,91.0,-5.0,-50.0,100.0,-0.0,1
8962,82.0,-4.0,-60.0,100.0,-1.0,1
8964,85.0,-4.0,-67.0,100.0,-0.0,1
8969,80.0,-22.0,-60.0,100.0,-2.0,1
8970,77.0,-50.0,-38.0,100.0,-2.0,0
8974,84.0,-8.0,-43.0,95.0,-0.0,1
8975,79.0,-40.0,-83.0,100.0,-1.0,0
8978,65.0,-27.0,-87.0,89.0,-1.0,0
8981,85.0,-10.0,-50.0,100.0,-0.0,1
8982,72.0,-80.0,-60.0,88.0,-1.0,1
8986,80.0,-13.0,-50.0,92.0,-0.0,0
8988,58.0,-71.0,-100.0,100.0,-4.0,0
8990,81.0,-28.0,-67.0,100.0,-0.0,0
8991,79.0,-2.0,-60.0,100.0,-1.0,1
8993,66.0,-76.0,-90.0,92.0,-4.0,0
8998,68.0,-90.0,-86.0,100.0,-4.0,1
9000,73.0,-101.0,-100.0,91.0,-1.0,0
9001,74.0,-17.0,-75.0,79.0,-0.0,1
9002,67.0,-55.0,-100.0,100.0,-1.0,0
9003,70.0,-29.0,-43.0,100.0,-1.0,1
9005,84.0,-10.0,-71.0,100.0,-1.0,1
9009,58.0,-60.0,-85.0,87.0,-3.0,0
9010,79.0,-9.0,-42.0,100.0,-0.0,1
9013,64.0,-70.0,-78.0,100.0,-0.0,0
9014,70.0,-27.0,-88.0,87.0,-1.0,1
9015,60.0,-50.0,-90.0,92.0,-1.0,0
9018,77.0,-29.0,-54.0,96.0,-1.0,0
9020,76.0,-13.0,-36.0,94.0,-1.0,0
9024,74.0,-48.0,-81.0,96.0,-1.0,0
9025,86.0,-21.0,-100.0,100.0,-0.0,1
9027,74.0,-42.0,-69.0,89.0,-2.0,0
9028,61.0,-78.0,-73.0,93.0,-4.0,0
9033,71.0,-0.0,-75.0,92.0,-0.0,0
9034,78.0,-20.0,-60.0,100.0,-0.0,1
9039,80.0,-34.0,-86.0,100.0,-0.0,1
9045,74.0,-3.0,-43.0,81.0,-0.0,0
9049,63.0,-51.0,-100.0,100.0,-1.0,0
9050,72.0,-70.0,-86.0,96.0,-1.0,1
9051,81.0,-42.0,-60.0,100.0,-0.0,1
9052,61.0,-53.0,-81.0,95.0,-1.0,1
9053,61.0,-95.0,-100.0,50.0,-1.0,0
9054,79.0,-15.0,-63.0,100.0,-1.0,0
9058,70.0,-51.0,-70.0,89.0,-2.0,1
9062,73.0,-21.0,-55.0,100.0,-0.0,0
9063,71.0,-52.0,-83.0,100.0,-0.0,1
9069,57.0,-69.0,-95.0,98.0,-7.0,0
9071,65.0,-97.0,-100.0,100.0,-1.0,1
9072,56.0,-77.0,-71.0,81.0,-2.0,0
9074,54.0,-50.0,-73.0,92.0,-1.0,1
9079,61.0,-39.0,-67.0,86.0,-1.0,0
9082,72.0,-67.0,-100.0,95.0,-2.0,0
9084,62.0,-64.0,-100.0,60.0,-1.0,0
9085,82.0,-45.0,-83.0,100.0,-0.0,1
9087,57.0,-62.0,-64.0,76.0,-2.0,1
9089,71.0,-70.0,-88.0,100.0,-4.0,1
9092,61.0,-41.0,-71.0,87.0,-0.0,0
9097,58.0,-28.0,-78.0,92.0,-0.0,0
9099,75.0,-44.0,-77.0,100.0,-3.0,0
9100,58.0,-61.0,-80.0,80.0,-1.0,0
9103,72.0,-38.0,-71.0,95.0,-1.0,1
9104,84.0,-16.0,-79.0,100.0,-0.0,1
9106,54.0,-79.0,-100.0,83.0,-1.0,0
9112,69.0,-38.0,-90.0,89.0,-3.0,0
9113,56.0,-12.0,-75.0,74.0,-0.0,0
9114,71.0,-1.0,-64.0,89.0,-0.0,1
9117,78.0,-17.0,-50.0,100.0,-0.0,1
9121,80.0,-22.0,-82.0,100.0,-2.0,1
9122,74.0,-5.0,-44.0,89.0,-0.0,1
9123,75.0,-14.0,-50.0,93.0,-0.0,0
9124,81.0,-3.0,-36.0,100.0,-0.0,1
9125,54.0,-30.0,-85.0,78.0,-0.0,1
9126,68.0,-66.0,-91.0,100.0,-5.0,0
9127,81.0,-21.0,-86.0,100.0,-0.0,1
9128,74.0,-54.0,-88.0,100.0,-1.0,0
9131,80.0,-0.0,-58.0,96.0,-0.0,0
9136,79.0,-20.0,-75.0,100.0,-1.0,1
9138,74.0,-80.0,-85.0,100.0,-5.0,1
9139,71.0,-18.0,-33.0,87.0,-1.0,0
9148,80.0,-34.0,-50.0,100.0,-0.0,0
9150,60.0,-40.0,-73.0,81.0,-2.0,0
9154,59.0,-49.0,-91.0,100.0,-1.0,0
9156,62.0,-54.0,-83.0,86.0,-3.0,0
9157,62.0,-8.0,-67.0,65.0,-0.0,0
9159,75.0,-5.0,-44.0,97.0,-0.0,1
9161,84.0,-6.0,-40.0,94.0,-0.0,1
9163,88.0,-6.0,-36.0,100.0,-0.0,1
9167,68.0,-55.0,-93.0,88.0,-1.0,1
9168,70.0,-69.0,-71.0,100.0,-5.0,0
9169,65.0,-9.0,-56.0,94.0,-0.0,0
9181,65.0,-43.0,-62.0,100.0,-1.0,1
9187,76.0,-15.0,-67.0,90.0,-0.0,0
9189,65.0,-66.0,-82.0,96.0,-4.0,0
9191,73.0,-18.0,-83.0,100.0,-1.0,1
9193,87.0,-3.0,-67.0,100.0,-0.0,1
9196,87.0,-9.0,-36.0,100.0,-0.0,1
9197,60.0,-103.0,-100.0,94.0,-3.0,0
9198,65.0,-66.0,-73.0,76.0,-3.0,0
9200,55.0,-46.0,-91.0,89.0,-3.0,0
9201,76.0,-14.0,-50.0,98.0,-1.0,1
9202,78.0,-51.0,-50.0,100.0,-0.0,0
9205,65.0,-35.0,-57.0,93.0,-1.0,0
9206,73.0,-56.0,-60.0,95.0,-1.0,1
9211,61.0,-92.0,-100.0,93.0,-1.0,0
9213,67.0,-60.0,-75.0,75.0,-0.0,0
9214,59.0,-61.0,-60.0,90.0,-3.0,0
9215,66.0,-23.0,-75.0,97.0,-0.0,1
9218,72.0,-27.0,-100.0,93.0,-0.0,1
9222,56.0,-53.0,-71.0,93.0,-1.0,0
9223,85.0,-3.0,-60.0,93.0,-0.0,1
9224,69.0,-17.0,-80.0,100.0,-1.0,1
9225,59.0,-47.0,-100.0,82.0,-4.0,0
9232,70.0,-43.0,-100.0,100.0,-2.0,0
9236,68.0,-42.0,-39.0,97.0,-2.0,0
9237,89.0,-0.0,-20.0,100.0,-0.0,1
9238,92.0,-0.0,-25.0,100.0,-0.0,1
9240,65.0,-64.0,-100.0,82.0,-0.0,1
9242,60.0,-26.0,-89.0,82.0,-2.0,1
9245,79.0,-16.0,-40.0,97.0,-0.0,1
9249,78.0,-43.0,-82.0,100.0,-0.0,1
9250,78.0,-34.0,-33.0,100.0,-2.0,1
9253,74.0,-63.0,-67.0,98.0,-1.0,1
9256,62.0,-43.0,-63.0,87.0,-5.0,0
9257,80.0,-40.0,-88.0,100.0,-0.0,1
9258,72.0,-21.0,-88.0,96.0,-0.0,1
9259,84.0,-19.0,-70.0,100.0,-1.0,1
9265,78.0,-27.0,-80.0,97.0,-1.0,0
9268,57.0,-22.0,-67.0,92.0,-2.0,0
9270,67.0,-37.0,-46.0,82.0,-0.0,1
9271,89.0,-0.0,-44.0,100.0,-0.0,1
9273,87.0,-3.0,-67.0,100.0,-0.0,0
9275,65.0,-0.0,-67.0,76.0,-0.0,0
9277,68.0,-9.0,-80.0,95.0,-0.0,0
9279,90.0,-0.0,-36.0,100.0,-0.0,1
9281,58.0,-6.0,-60.0,89.0,-0.0,0
9282,77.0,-4.0,-46.0,100.0,-1.0,1
9283,75.0,-21.0,-50.0,95.0,-1.0,1
9286,77.0,-0.0,-33.0,75.0,-0.0,1
9289,89.0,-4.0,-75.0,100.0,-0.0,1
9291,76.0,-48.0,-78.0,97.0,-0.0,1
9292,84.0,-3.0,-71.0,95.0,-0.0,1
9295,75.0,-66.0,-73.0,100.0,-1.0,1
9296,63.0,-73.0,-83.0,100.0,-2.0,1
9302,74.0,-58.0,-57.0,95.0,-1.0,1
9304,88.0,-5.0,-67.0,100.0,-0.0,1
9310,63.0,-92.0,-100.0,92.0,-2.0,0
9311,66.0,-63.0,-80.0,100.0,-6.0,1
9314,86.0,-10.0,-57.0,100.0,-0.0,1
9317,80.0,-23.0,-67.0,97.0,-0.0,1
9320,86.0,-11.0,-55.0,100.0,-0.0,1
9324,78.0,-42.0,-64.0,97.0,-1.0,1
9325,87.0,-1.0,-23.0,100.0,-0.0,1
9328,91.0,-1.0,-60.0,100.0,-0.0,1
9333,81.0,-20.0,-67.0,100.0,-0.0,1
9342,75.0,-31.0,-80.0,100.0,-1.0,1
9343,69.0,-43.0,-75.0,100.0,-3.0,0
9345,78.0,-1.0,-67.0,100.0,-0.0,1
9346,87.0,-2.0,-40.0,100.0,-0.0,1
9347,86.0,-12.0,-100.0,100.0,-0.0,0
9349,73.0,-1.0,-50.0,92.0,-1.0,0
9353,69.0,-48.0,-75.0,100.0,-0.0,0
9354,87.0,-2.0,-31.0,100.0,-0.0,1
9356,69.0,-31.0,-58.0,100.0,-2.0,1
9357,59.0,-63.0,-100.0,78.0,-0.0,0
9370,77.0,-6.0,-63.0,92.0,-0.0,1
9377,85.0,-6.0,-36.0,100.0,-1.0,1
9384,85.0,-14.0,-70.0,100.0,-1.0,1
9385,72.0,-15.0,-88.0,100.0,-0.0,1
9386,71.0,-47.0,-57.0,100.0,-5.0,1
9389,65.0,-33.0,-100.0,75.0,-1.0,0
9390,70.0,-21.0,-75.0,100.0,-0.0,0
9393,92.0,-3.0,-38.0,100.0,-0.0,1
9396,84.0,-1.0,-60.0,100.0,-0.0,1
9400,84.0,-3.0,-36.0,95.0,-0.0,1
9402,91.0,-4.0,-43.0,100.0,-0.0,1
9408,77.0,-39.0,-100.0,100.0,-0.0,1
9411,76.0,-55.0,-60.0,86.0,-0.0,1
9412,76.0,-65.0,-100.0,100.0,-0.0,0
9413,72.0,-53.0,-100.0,95.0,-0.0,0
9414,66.0,-46.0,-62.0,90.0,-3.0,1
9416,75.0,-52.0,-100.0,100.0,-0.0,0
9427,76.0,-56.0,-100.0,100.0,-1.0,1
9429,66.0,-37.0,-65.0,87.0,-4.0,0
9430,83.0,-1.0,-63.0,100.0,-1.0,0
9431,71.0,-72.0,-92.0,96.0,-4.0,0
9435,68.0,-41.0,-82.0,90.0,-1.0,1
9436,60.0,-35.0,-72.0,100.0,-2.0,0
9437,64.0,-5.0,-64.0,85.0,-0.0,0
9440,82.0,-8.0,-50.0,100.0,-0.0,1
9444,62.0,-68.0,-87.0,93.0,-0.0,0
9445,59.0,-16.0,-64.0,80.0,-0.0,0
9446,62.0,-39.0,-62.0,82.0,-2.0,0
9447,57.0,-93.0,-86.0,67.0,-2.0,1
9448,61.0,-49.0,-55.0,77.0,-1.0,0
9449,55.0,-55.0,-75.0,64.0,-5.0,0
9451,74.0,-55.0,-58.0,96.0,-2.0,0
9453,88.0,-2.0,-40.0,90.0,-0.0,0
9459,57.0,-14.0,-62.0,97.0,-1.0,0
9470,69.0,-52.0,-81.0,97.0,-2.0,1
9474,66.0,-88.0,-100.0,96.0,-3.0,0
9475,73.0,-33.0,-69.0,86.0,-1.0,0
9477,64.0,-44.0,-73.0,73.0,-1.0,0
9480,87.0,-0.0,-33.0,100.0,-0.0,1
9482,67.0,-94.0,-100.0,90.0,-1.0,0
9483,69.0,-50.0,-91.0,100.0,-2.0,0
9485,80.0,-23.0,-83.0,100.0,-1.0,1
9486,74.0,-29.0,-83.0,93.0,-0.0,0
9492,66.0,-37.0,-83.0,88.0,-0.0,1
9493,54.0,-21.0,-50.0,74.0,-0.0,0
9503,62.0,-81.0,-78.0,72.0,-3.0,1
9506,67.0,-69.0,-43.0,86.0,-1.0,0
9513,70.0,-17.0,-60.0,94.0,-0.0,0
9515,63.0,-82.0,-100.0,91.0,-0.0,0
9518,54.0,-90.0,-83.0,55.0,-3.0,0
9524,81.0,-8.0,-33.0,92.0,-0.0,1
9525,82.0,-1.0,-33.0,94.0,-0.0,0
9528,66.0,-0.0,-33.0,87.0,-1.0,0
9534,60.0,-88.0,-100.0,96.0,-3.0,0
9535,78.0,-9.0,-64.0,90.0,-0.0,1
9542,85.0,-4.0,-25.0,100.0,-0.0,1
9545,78.0,-43.0,-60.0,100.0,-1.0,1
9546,88.0,-14.0,-67.0,100.0,-0.0,1
9547,67.0,-79.0,-92.0,97.0,-2.0,0
9549,82.0,-31.0,-56.0,100.0,-1.0,1
9550,77.0,-4.0,-50.0,92.0,-0.0,1
9551,65.0,-46.0,-83.0,73.0,-2.0,0
9552,57.0,-32.0,-71.0,91.0,-0.0,0
9558,63.0,-110.0,-100.0,75.0,-1.0,0
9560,64.0,-82.0,-88.0,100.0,-15.0,0
9561,67.0,-51.0,-83.0,93.0,-3.0,0
9562,75.0,-48.0,-78.0,95.0,-1.0,0
9564,81.0,-14.0,-17.0,100.0,-0.0,1
9565,62.0,-59.0,-100.0,63.0,-1.0,0
9567,84.0,-9.0,-53.0,100.0,-0.0,1
9568,63.0,-71.0,-100.0,88.0,-0.0,1
9569,71.0,-10.0,-50.0,94.0,-0.0,0
9572,60.0,-89.0,-81.0,100.0,-6.0,0
9573,81.0,-34.0,-45.0,100.0,-1.0,1
9578,64.0,-51.0,-67.0,93.0,-2.0,0
9580,63.0,-43.0,-91.0,90.0,-1.0,0
9582,56.0,-64.0,-69.0,90.0,-4.0,0
9583,72.0,-80.0,-100.0,100.0,-1.0,0
9585,84.0,-2.0,-44.0,100.0,-0.0,1
9587,68.0,-42.0,-80.0,88.0,-1.0,0
9589,88.0,-10.0,-57.0,100.0,-0.0,1
9591,69.0,-32.0,-84.0,94.0,-2.0,1
9596,75.0,-83.0,-77.0,100.0,-1.0,0
9598,84.0,-0.0,-67.0,100.0,-0.0,0
9607,60.0,-71.0,-88.0,100.0,-1.0,0
9608,80.0,-47.0,-88.0,100.0,-1.0,1
9611,85.0,-19.0,-80.0,100.0,-1.0,1
9612,77.0,-20.0,-80.0,100.0,-0.0,1
9614,70.0,-54.0,-60.0,88.0,-1.0,0
9615,91.0,-1.0,-33.0,100.0,-0.0,1
9617,89.0,-3.0,-60.0,100.0,-0.0,1
9619,66.0,-54.0,-89.0,94.0,-0.0,0
9620,71.0,-54.0,-70.0,100.0,-3.0,1
9627,66.0,-86.0,-80.0,94.0,-1.0,0
9628,55.0,-78.0,-83.0,71.0,-1.0,0
9629,84.0,-0.0,-20.0,100.0,-0.0,0
9631,54.0,-64.0,-73.0,93.0,-3.0,0
9632,89.0,-37.0,-33.0,100.0,-0.0,1
9635,73.0,-14.0,-67.0,96.0,-0.0,0
9637,67.0,-86.0,-70.0,88.0,-4.0,0
9642,71.0,-18.0,-80.0,92.0,-0.0,0
9647,89.0,-2.0,-75.0,100.0,-0.0,1
9653,78.0,-5.0,-50.0,100.0,-1.0,1
9655,78.0,-17.0,-70.0,100.0,-0.0,1
9659,75.0,-1.0,-45.0,98.0,-1.0,1
9660,81.0,-17.0,-67.0,67.0,-0.0,1
9661,85.0,-1.0,-56.0,100.0,-0.0,1
9665,60.0,-34.0,-80.0,91.0,-3.0,0
9667,55.0,-0.0,-75.0,87.0,-0.0,0
9669,86.0,-2.0,-60.0,100.0,-0.0,1
9671,77.0,-34.0,-62.0,100.0,-1.0,0
9672,74.0,-10.0,-65.0,100.0,-0.0,1
9682,90.0,-15.0,-38.0,100.0,-0.0,1
9683,85.0,-14.0,-80.0,100.0,-0.0,1
9685,80.0,-7.0,-75.0,100.0,-0.0,1
9688,66.0,-44.0,-70.0,92.0,-0.0,0
9689,88.0,-0.0,-75.0,100.0,-0.0,1
9691,80.0,-25.0,-75.0,100.0,-0.0,0
9693,69.0,-27.0,-67.0,89.0,-1.0,0
9694,66.0,-1.0,-100.0,73.0,-0.0,0
9696,86.0,-29.0,-50.0,100.0,-0.0,1
9703,81.0,-15.0,-53.0,100.0,-0.0,1
9705,79.0,-22.0,-55.0,100.0,-1.0,1
9709,77.0,-57.0,-83.0,100.0,-1.0,1
9710,65.0,-5.0,-60.0,89.0,-0.0,1
9713,69.0,-45.0,-75.0,98.0,-0.0,1
9717,84.0,-4.0,-18.0,100.0,-0.0,1
9720,84.0,-4.0,-71.0,100.0,-0.0,1
9727,76.0,-4.0,-67.0,89.0,-0.0,1
9729,72.0,-6.0,-33.0,100.0,-2.0,1
9730,77.0,-12.0,-75.0,89.0,-0.0,1
9731,61.0,-53.0,-64.0,98.0,-0.0,1
9734,89.0,-1.0,-57.0,100.0,-0.0,1
9735,80.0,-4.0,-26.0,100.0,-0.0,1
9737,86.0,-7.0,-60.0,100.0,-0.0,1
9738,88.0,-9.0,-50.0,100.0,-0.0,1
9739,88.0,-0.0,-38.0,100.0,-1.0,1
9740,69.0,-86.0,-100.0,100.0,-3.0,0
9743,84.0,-13.0,-50.0,100.0,-1.0,1
9747,78.0,-3.0,-33.0,88.0,-0.0,0
9748,63.0,-76.0,-75.0,100.0,-3.0,0
9749,73.0,-73.0,-80.0,100.0,-2.0,0
9751,74.0,-3.0,-19.0,97.0,-0.0,1
9752,71.0,-76.0,-80.0,93.0,-0.0,0
9756,59.0,-124.0,-100.0,76.0,-3.0,0
9758,76.0,-49.0,-86.0,100.0,-0.0,0
9761,84.0,-0.0,-50.0,100.0,-0.0,0
9763,86.0,-2.0,-57.0,100.0,-0.0,1
9765,68.0,-5.0,-57.0,91.0,-0.0,1
9769,77.0,-0.0,-43.0,90.0,-0.0,0
9772,64.0,-47.0,-83.0,85.0,-1.0,0
9780,75.0,-49.0,-71.0,100.0,-2.0,1
9782,73.0,-13.0,-35.0,100.0,-1.0,1
9783,73.0,-18.0,-83.0,96.0,-1.0,0
9784,81.0,-20.0,-29.0,77.0,-0.0,1
9786,76.0,-27.0,-63.0,100.0,-0.0,0
9788,65.0,-76.0,-100.0,88.0,-2.0,0
9789,80.0,-2.0,-50.0,100.0,-0.0,1
9791,54.0,-74.0,-100.0,82.0,-2.0,0
9792,90.0,-10.0,-54.0,100.0,-0.0,1
9793,91.0,-0.0,-25.0,100.0,-0.0,0
9794,68.0,-89.0,-75.0,100.0,-2.0,0
9795,62.0,-38.0,-44.0,53.0,-0.0,0
9801,63.0,-33.0,-62.0,87.0,-3.0,1
9803,74.0,-9.0,-50.0,97.0,-1.0,1
9804,61.0,-97.0,-80.0,71.0,-1.0,0
9805,81.0,-1.0,-50.0,95.0,-0.0,1
9807,65.0,-40.0,-100.0,89.0,-0.0,0
9809,60.0,-9.0,-40.0,71.0,-0.0,0
9810,56.0,-70.0,-69.0,96.0,-2.0,0
9813,61.0,-22.0,-71.0,83.0,-0.0,0
9814,59.0,-54.0,-65.0,93.0,-4.0,1
9815,66.0,-28.0,-36.0,84.0,-0.0,1
9820,78.0,-5.0,-75.0,91.0,-0.0,0
9828,73.0,-64.0,-92.0,100.0,-5.0,1
9829,73.0,-22.0,-63.0,100.0,-0.0,0
9831,65.0,-86.0,-78.0,84.0,-2.0,0
9833,56.0,-66.0,-71.0,94.0,-2.0,0
9839,75.0,-29.0,-43.0,100.0,-2.0,0
9841,61.0,-95.0,-100.0,95.0,-4.0,1
9842,82.0,-35.0,-40.0,100.0,-1.0,0
9844,87.0,-10.0,-89.0,100.0,-0.0,0
9845,57.0,-49.0,-71.0,89.0,-2.0,0
9848,76.0,-3.0,-36.0,86.0,-1.0,1
9851,71.0,-1.0,-26.0,97.0,-1.0,0
9853,84.0,-15.0,-36.0,100.0,-1.0,0
9856,75.0,-47.0,-57.0,100.0,-3.0,1
9857,72.0,-31.0,-38.0,100.0,-2.0,0
9859,75.0,-12.0,-38.0,97.0,-0.0,1
9861,75.0,-18.0,-62.0,95.0,-0.0,0
9864,87.0,-3.0,-56.0,100.0,-0.0,0
9868,64.0,-88.0,-92.0,97.0,-2.0,0
9876,74.0,-3.0,-25.0,89.0,-0.0,1
9878,84.0,-5.0,-36.0,100.0,-0.0,1
9879,81.0,-0.0,-33.0,92.0,-0.0,0
9881,64.0,-87.0,-100.0,100.0,-3.0,1
9886,64.0,-21.0,-55.0,92.0,-1.0,0
9887,72.0,-41.0,-71.0,100.0,-0.0,1
9888,65.0,-16.0,-52.0,84.0,-1.0,0
9891,86.0,-31.0,-67.0,100.0,-0.0,1
9894,62.0,-85.0,-100.0,93.0,-2.0,0
9896,84.0,-0.0,-17.0,100.0,-0.0,1
9900,61.0,-43.0,-70.0,96.0,-2.0,0
9905,86.0,-14.0,-33.0,100.0,-0.0,1
9906,69.0,-51.0,-80.0,75.0,-1.0,0
9910,72.0,-16.0,-43.0,95.0,-0.0,0
9911,66.0,-74.0,-86.0,100.0,-2.0,0
9913,73.0,-15.0,-69.0,91.0,-0.0,1
9915,79.0,-64.0,-83.0,100.0,-2.0,1
9916,61.0,-13.0,-50.0,72.0,-0.0,0
9917,72.0,-56.0,-100.0,100.0,-2.0,0
9918,74.0,-44.0,-75.0,100.0,-2.0,0
9919,56.0,-81.0,-71.0,91.0,-3.0,0
9922,66.0,-29.0,-50.0,100.0,-3.0,0
9923,66.0,-79.0,-83.0,95.0,-5.0,0
9924,56.0,-54.0,-100.0,67.0,-0.0,0
9925,83.0,-2.0,-21.0,100.0,-1.0,1
9926,68.0,-89.0,-83.0,57.0,-1.0,0
9927,87.0,-1.0,-38.0,100.0,-0.0,1
9932,72.0,-78.0,-75.0,86.0,-1.0,0
9934,57.0,-8.0,-67.0,69.0,-0.0,0
9935,60.0,-36.0,-80.0,100.0,-1.0,0
9936,64.0,-93.0,-100.0,67.0,-3.0,0
9937,80.0,-12.0,-58.0,100.0,-0.0,0
9943,73.0,-49.0,-57.0,100.0,-1.0,0
9947,58.0,-98.0,-93.0,78.0,-8.0,1
9949,79.0,-19.0,-40.0,100.0,-1.0,1
9950,63.0,-98.0,-100.0,94.0,-4.0,0
9952,88.0,-27.0,-67.0,100.0,-0.0,0
9953,67.0,-53.0,-70.0,100.0,-1.0,0
9954,59.0,-37.0,-58.0,91.0,-4.0,0
9956,56.0,-58.0,-72.0,89.0,-7.0,1
9957,72.0,-33.0,-70.0,100.0,-1.0,1
9959,57.0,-72.0,-76.0,62.0,-3.0,1
9964,60.0,-75.0,-87.0,97.0,-9.0,0
9966,62.0,-59.0,-86.0,92.0,-2.0,1
9970,86.0,-13.0,-86.0,100.0,-0.0,1
9971,63.0,-61.0,-86.0,50.0,-0.0,1
9975,65.0,-58.0,-71.0,100.0,-1.0,0
9976,79.0,-8.0,-40.0,100.0,-1.0,1
9977,76.0,-20.0,-86.0,95.0,-1.0,0
9978,68.0,-80.0,-80.0,97.0,-1.0,1
9979,77.0,-47.0,-83.0,100.0,-2.0,1
9982,75.0,-41.0,-75.0,100.0,-0.0,1
9984,80.0,-42.0,-57.0,100.0,-0.0,0
9986,70.0,-28.0,-41.0,100.0,-1.0,1
9987,63.0,-90.0,-100.0,100.0,-1.0,0
9988,68.0,-13.0,-100.0,60.0,-0.0,0
9990,79.0,-7.0,-73.0,95.0,-0.0,1
9992,66.0,-95.0,-100.0,85.0,-1.0,0
9995,77.0,-42.0,-64.0,100.0,-3.0,0
9997,86.0,-7.0,-41.0,100.0,-1.0,1
9998,89.0,-0.0,-50.0,100.0,-0.0,1
10008,69.0,-83.0,-100.0,100.0,-1.0,0
10014,68.0,-13.0,-47.0,95.0,-0.0,0
10015,76.0,-6.0,-57.0,92.0,-0.0,1
10022,72.0,-53.0,-61.0,97.0,-2.0,0
10023,75.0,-41.0,-36.0,98.0,-1.0,0
10026,68.0,-62.0,-36.0,89.0,-1.0,0
10027,67.0,-50.0,-80.0,86.0,-0.0,1
10028,76.0,-43.0,-75.0,92.0,-0.0,1
10029,71.0,-70.0,-75.0,94.0,-1.0,1
10030,65.0,-28.0,-47.0,81.0,-1.0,1
10031,73.0,-72.0,-100.0,94.0,-0.0,0
10032,73.0,-77.0,-83.0,100.0,-3.0,1
10034,70.0,-53.0,-72.0,86.0,-3.0,1
10035,68.0,-86.0,-100.0,100.0,-5.0,0
10040,66.0,-91.0,-58.0,88.0,-3.0,0
10041,77.0,-59.0,-62.0,100.0,-1.0,0
10046,63.0,-21.0,-78.0,79.0,-1.0,0
10047,79.0,-2.0,-67.0,100.0,-0.0,0
10049,81.0,-19.0,-33.0,92.0,-1.0,0
10054,73.0,-45.0,-64.0,97.0,-2.0,1
10055,75.0,-27.0,-80.0,95.0,-1.0,1
10057,60.0,-86.0,-75.0,50.0,-1.0,0
10059,67.0,-81.0,-100.0,92.0,-2.0,0
10061,88.0,-3.0,-57.0,100.0,-0.0,1
10064,77.0,-31.0,-83.0,96.0,-1.0,1
10071,60.0,-99.0,-100.0,88.0,-1.0,0
10073,61.0,-73.0,-75.0,93.0,-1.0,1
10078,62.0,-91.0,-100.0,76.0,-0.0,0
10083,63.0,-0.0,-75.0,50.0,-0.0,0
10086,65.0,-102.0,-100.0,100.0,-2.0,0
10087,70.0,-19.0,-50.0,97.0,-1.0,1
10090,77.0,-26.0,-83.0,93.0,-0.0,1
10092,80.0,-62.0,-83.0,100.0,-0.0,1
10095,81.0,-46.0,-80.0,100.0,-0.0,0
10096,58.0,-62.0,-75.0,91.0,-2.0,0
10098,68.0,-51.0,-50.0,80.0,-1.0,0
10100,88.0,-3.0,-33.0,100.0,-0.0,0
10101,84.0,-16.0,-86.0,100.0,-0.0,1
10102,59.0,-73.0,-50.0,100.0,-1.0,0
10104,66.0,-25.0,-50.0,90.0,-0.0,1
10108,67.0,-51.0,-71.0,100.0,-4.0,0
10110,54.0,-94.0,-93.0,90.0,-6.0,0
10112,58.0,-57.0,-83.0,71.0,-1.0,0
10113,65.0,-25.0,-44.0,93.0,-0.0,1
10114,63.0,-15.0,-83.0,83.0,-2.0,0
10122,62.0,-51.0,-86.0,100.0,-3.0,0
10123,84.0,-16.0,-75.0,100.0,-0.0,1
10126,83.0,-13.0,-75.0,100.0,-1.0,0
10127,68.0,-6.0,-70.0,69.0,-0.0,0
10129,59.0,-43.0,-70.0,82.0,-0.0,0
10130,69.0,-117.0,-75.0,90.0,-1.0,1
10132,66.0,-3.0,-50.0,88.0,-0.0,0
10135,57.0,-81.0,-80.0,94.0,-3.0,0
10136,65.0,-33.0,-50.0,92.0,-1.0,0
10137,57.0,-101.0,-100.0,69.0,-2.0,0
10139,85.0,-2.0,-40.0,100.0,-0.0,1
10142,79.0,-16.0,-46.0,100.0,-0.0,1
10146,85.0,-20.0,-64.0,100.0,-0.0,0
10147,85.0,-9.0,-36.0,100.0,-0.0,1
10149,75.0,-31.0,-67.0,92.0,-1.0,0
10150,65.0,-70.0,-93.0,100.0,-5.0,1
10152,63.0,-52.0,-78.0,67.0,-2.0,1
10163,88.0,-0.0,-25.0,100.0,-0.0,1
10165,87.0,-3.0,-44.0,100.0,-0.0,1
10171,83.0,-44.0,-60.0,100.0,-0.0,1
10175,80.0,-36.0,-83.0,100.0,-0.0,1
10176,63.0,-62.0,-67.0,100.0,-2.0,0
10177,55.0,-52.0,-100.0,77.0,-0.0,0
10178,88.0,-7.0,-71.0,100.0,-0.0,1
10182,69.0,-19.0,-50.0,88.0,-0.0,0
10183,79.0,-49.0,-88.0,100.0,-0.0,1
10184,70.0,-44.0,-93.0,86.0,-2.0,1
10185,82.0,-5.0,-36.0,100.0,-1.0,1
10186,72.0,-33.0,-31.0,85.0,-1.0,0
10192,62.0,-68.0,-78.0,52.0,-2.0,0
10194,86.0,-1.0,-50.0,100.0,-0.0,1
10195,62.0,-57.0,-74.0,75.0,-5.0,0
10196,73.0,-2.0,-40.0,94.0,-0.0,1
10197,64.0,-52.0,-73.0,100.0,-2.0,1
10199,64.0,-34.0,-82.0,96.0,-0.0,0
10200,65.0,-8.0,-33.0,33.0,-0.0,1
10201,79.0,-11.0,-60.0,95.0,-0.0,1
10204,83.0,-20.0,-43.0,100.0,-0.0,1
10210,66.0,-66.0,-86.0,96.0,-3.0,0
10211,72.0,-59.0,-56.0,100.0,-4.0,1
10212,74.0,-0.0,-75.0,87.0,-1.0,0
10213,80.0,-0.0,-50.0,100.0,-0.0,0
10215,85.0,-17.0,-75.0,100.0,-0.0,0
10216,72.0,-46.0,-71.0,100.0,-4.0,1
10218,82.0,-6.0,-64.0,100.0,-0.0,1
10225,65.0,-46.0,-86.0,100.0,-2.0,0
10228,75.0,-5.0,-42.0,100.0,-0.0,1
10230,73.0,-74.0,-100.0,100.0,-1.0,1
10233,64.0,-46.0,-60.0,50.0,-1.0,0
10234,65.0,-84.0,-89.0,87.0,-3.0,0
10237,62.0,-73.0,-100.0,78.0,-1.0,0
10238,88.0,-1.0,-25.0,100.0,-0.0,1
10239,72.0,-40.0,-100.0,93.0,-1.0,1
10241,53.0,-64.0,-77.0,61.0,-3.0,0
10243,86.0,-11.0,-60.0,100.0,-0.0,1
10246,79.0,-37.0,-80.0,100.0,-1.0,1
10249,69.0,-10.0,-64.0,85.0,-0.0,0
10254,61.0,-94.0,-90.0,100.0,-5.0,1
10255,61.0,-59.0,-100.0,73.0,-0.0,0
10258,76.0,-12.0,-71.0,82.0,-0.0,1
10259,75.0,-32.0,-53.0,100.0,-1.0,0
10260,84.0,-9.0,-50.0,95.0,-0.0,1
10262,89.0,-7.0,-100.0,100.0,-0.0,1
10263,64.0,-93.0,-100.0,100.0,-4.0,0
10267,85.0,-10.0,-70.0,100.0,-0.0,1
10268,72.0,-38.0,-67.0,96.0,-0.0,1
10272,80.0,-2.0,-67.0,100.0,-0.0,1
10275,55.0,-46.0,-100.0,88.0,-1.0,0
10279,90.0,-2.0,-53.0,100.0,-0.0,1
10280,67.0,-7.0,-43.0,96.0,-0.0,1
10284,62.0,-46.0,-62.0,67.0,-2.0,0
10287,71.0,-36.0,-100.0,85.0,-1.0,0
10288,84.0,-5.0,-56.0,100.0,-0.0,1
10289,75.0,-63.0,-100.0,100.0,-1.0,0
10293,79.0,-26.0,-43.0,100.0,-0.0,1
10295,63.0,-58.0,-82.0,92.0,-1.0,0
10296,70.0,-4.0,-70.0,70.0,-0.0,0
10298,75.0,-59.0,-80.0,100.0,-1.0,1
10300,75.0,-22.0,-42.0,97.0,-1.0,1
10302,92.0,-1.0,-38.0,100.0,-0.0,1
10304,69.0,-71.0,-100.0,100.0,-4.0,1
10306,63.0,-9.0,-25.0,71.0,-0.0,0
10307,74.0,-8.0,-55.0,86.0,-0.0,1
10308,74.0,-3.0,-36.0,100.0,-1.0,1
10310,71.0,-8.0,-86.0,100.0,-0.0,0
10311,61.0,-30.0,-60.0,97.0,-1.0,1
10312,87.0,-4.0,-39.0,98.0,-0.0,1
10315,72.0,-27.0,-57.0,94.0,-0.0,1
10316,91.0,-2.0,-50.0,100.0,-0.0,1
10317,65.0,-43.0,-75.0,71.0,-0.0,1
10319,83.0,-9.0,-44.0,100.0,-0.0,1
10321,69.0,-42.0,-79.0,100.0,-1.0,1
10322,83.0,-13.0,-67.0,96.0,-0.0,1
10323,82.0,-3.0,-57.0,100.0,-0.0,1
10325,64.0,-43.0,-100.0,81.0,-0.0,1
10326,65.0,-71.0,-94.0,95.0,-3.0,1
10329,78.0,-1.0,-28.0,98.0,-0.0,1
10332,73.0,-7.0,-100.0,86.0,-0.0,1
10337,73.0,-14.0,-33.0,86.0,-0.0,0
10339,82.0,-42.0,-50.0,100.0,-1.0,1
10342,79.0,-13.0,-56.0,100.0,-0.0,1
10343,86.0,-18.0,-42.0,100.0,-0.0,1
10348,70.0,-65.0,-86.0,94.0,-0.0,1
10353,62.0,-18.0,-71.0,75.0,-0.0,1
10354,78.0,-6.0,-61.0,90.0,-1.0,1
10361,65.0,-11.0,-55.0,96.0,-1.0,1
10362,80.0,-34.0,-73.0,100.0,-1.0,1
10363,73.0,-4.0,-63.0,93.0,-0.0,1
10364,69.0,-47.0,-67.0,98.0,-2.0,0
10366,71.0,-63.0,-56.0,100.0,-2.0,1
10369,85.0,-42.0,-44.0,100.0,-0.0,1
10371,87.0,-14.0,-75.0,100.0,-0.0,1
10373,63.0,-88.0,-82.0,96.0,-5.0,0
10375,81.0,-9.0,-65.0,100.0,-0.0,1
10376,86.0,-2.0,-13.0,100.0,-0.0,1
10378,86.0,-6.0,-55.0,100.0,-1.0,1
10379,81.0,-15.0,-63.0,100.0,-0.0,1
10380,79.0,-24.0,-71.0,100.0,-1.0,0
10383,81.0,-18.0,-57.0,100.0,-0.0,1
10385,63.0,-52.0,-68.0,100.0,-4.0,0
10386,80.0,-33.0,-50.0,100.0,-1.0,1
10387,78.0,-14.0,-70.0,95.0,-1.0,1
10388,77.0,-1.0,-60.0,96.0,-0.0,1
10390,78.0,-16.0,-73.0,100.0,-0.0,1
10392,73.0,-76.0,-70.0,100.0,-4.0,1
10393,81.0,-22.0,-63.0,100.0,-0.0,1
10397,82.0,-7.0,-78.0,100.0,-0.0,1
10398,81.0,-0.0,-14.0,100.0,-0.0,1
10401,85.0,-13.0,-75.0,100.0,-0.0,1
10405,83.0,-33.0,-67.0,100.0,-0.0,1
10406,72.0,-56.0,-83.0,100.0,-2.0,1
10407,90.0,-2.0,-75.0,100.0,-0.0,1
10408,78.0,-63.0,-55.0,100.0,-2.0,1
10424,56.0,-77.0,-73.0,79.0,-4.0,0
10426,91.0,-2.0,-40.0,100.0,-0.0,1
10430,88.0,-1.0,-29.0,100.0,-0.0,1
10433,72.0,-6.0,-33.0,83.0,-0.0,1
10439,79.0,-1.0,-32.0,97.0,-1.0,1
10441,71.0,-54.0,-100.0,100.0,-1.0,1
10446,75.0,-21.0,-71.0,100.0,-1.0,1
10447,93.0,-0.0,-40.0,100.0,-0.0,1
10448,80.0,-2.0,-67.0,80.0,-0.0,1
10451,79.0,-1.0,-60.0,100.0,-0.0,1
10452,90.0,-5.0,-100.0,100.0,-0.0,1
10454,73.0,-26.0,-100.0,95.0,-0.0,1
10456,74.0,-6.0,-56.0,100.0,-0.0,0
10458,66.0,-67.0,-100.0,100.0,-0.0,0
