epoch,train_loss,val_loss,b,w_age,w_hours-per-week,w_educational-num,j_star,S,val_frac_positive,val_frac_moved,val_mean_pi_y0
1,0.62546195242268,0.5181739750946925,1.7954810987042582,0.5917331552077416,0.26748302788052547,0.5380506358386974,2,1.0761012716773948,0.019656019656019656,0.10728910728910729,0.034532284366911636
2,0.5074107048480697,0.49192650034746493,1.8893730374180857,0.5109484688109808,0.21788033099558077,0.43807444955509633,2,0.8761488991101927,0.004095004095004095,0.029893529893529894,0.008677418994341796
3,0.4929695833383449,0.4850997659107758,1.9265825769993774,0.43765175755393854,0.21206052463915698,0.42563580967279263,2,0.8512716193455853,0.0020475020475020475,0.012694512694512694,0.005723661003600932
4,0.48797844003803803,0.48209923400886484,1.9460905830815662,0.3807765640917126,0.21233325432531686,0.42982085247181884,2,0.8596417049436377,0.0004095004095004095,0.005733005733005733,0.0018240184993032233
5,0.4844529173281376,0.47845021615443295,1.9607238577577877,0.33893348529416456,0.21876551519557308,0.4265895565687725,1,0.8750620607822923,0.0004095004095004095,0.0343980343980344,0.00782266672793517
6,0.4833330595216587,0.47848838610499805,1.9715682878401746,0.3082130155756185,0.21074625534636907,0.4247059298268095,2,0.849411859653619,0.0,0.0028665028665028664,0.0011932528636971055
7,0.48249024749820835,0.47817393596974533,1.9773124362525172,0.28948926938871095,0.21116575844660465,0.42452513134165004,2,0.8490502626833001,0.0,0.0020475020475020475,0.0004740372863039356
8,0.4826342742442014,0.4774791047363173,1.9792852675402632,0.2757513240614301,0.2119671737446168,0.4226112041782107,1,0.8478686949784672,0.0,0.018018018018018018,0.0034624761681936902
9,0.48239895357284035,0.47776769828064836,1.9778267513659047,0.2662811019507805,0.20856968782122673,0.42925663685856147,2,0.8585132737171229,0.0,0.001638001638001638,0.0005222566732737918
10,0.4823453093688498,0.4774656796045778,1.9796719143777621,0.2605722732949139,0.21165840404322273,0.42218324187747763,1,0.8466336161728909,0.0,0.01597051597051597,0.003056224352704732
11,0.4817723913950261,0.47733213276282804,1.9803473332880825,0.25794394619720307,0.21568946943339776,0.4215347394357978,1,0.862757877733591,0.0,0.0171990171990172,0.003039241137422466
12,0.4821558499007463,0.47732352409196493,1.9782699122155756,0.25574143283611595,0.21311974822976698,0.4256059922368424,1,0.8524789929190679,0.0,0.01678951678951679,0.0030462425070154043
13,0.48185715432668796,0.4772555110319631,1.978638738488377,0.25453800540016946,0.21638103783687834,0.4252806502113322,1,0.8655241513475134,0.0,0.01760851760851761,0.0030288901012509514
14,0.48176777794747405,0.4776711474325842,1.979665935333854,0.2539979589044875,0.21291217578417088,0.4271173468717744,2,0.8542346937435488,0.0,0.0012285012285012285,0.0005251276060932037
15,0.4824601752746103,0.47763419984098965,1.9742576677464576,0.25316918227077967,0.21418254192838407,0.43411991633254376,2,0.8682398326650875,0.0,0.0020475020475020475,0.0009308554339763996
16,0.48257396982701806,0.4776217119774101,1.9747953568811691,0.25077923373159666,0.21226277475500155,0.42842894890090444,2,0.8568578978018089,0.0,0.0012285012285012285,0.0005264531076552962
17,0.481910935483611,0.477311106905121,1.9747928063028857,0.2509323300590039,0.22313968402212964,0.4230313464595465,1,0.8925587360885185,0.0,0.020884520884520884,0.0047833355087098395
18,0.4816295328286928,0.4773309660429623,1.977123860669215,0.25099410491403923,0.21995214417287967,0.42126703840451846,1,0.8798085766915187,0.0,0.018427518427518427,0.0034828655436105575
19,0.4817678324664891,0.477323821563614,1.9796167546846268,0.25092701672487727,0.2167115679795065,0.4199304399194156,1,0.866846271918026,0.0,0.01678951678951679,0.0030558165210111832
20,0.48145592126852965,0.47744001289987387,1.9793344588972754,0.2510376944712133,0.22513668293741504,0.4185122165423028,1,0.9005467317496602,0.0,0.020475020475020474,0.0043375818237342875
21,0.481783445607545,0.47738516003210635,1.9817083070007397,0.2496653922850032,0.2212643863488224,0.4176754743716628,1,0.8850575453952896,0.0,0.0171990171990172,0.003498473655586556
22,0.4815081664485641,0.4773806271481485,1.9841373900815666,0.2489966743033208,0.2166730724914229,0.4164867785691149,1,0.8666922899656916,0.0,0.014742014742014743,0.003079907956314244
23,0.48159643521507384,0.4773961200912236,1.9846507164723854,0.24986448410448794,0.21958915757503605,0.4151782665774321,1,0.8783566303001442,0.0,0.01678951678951679,0.003063017849184682
24,0.4814483856453185,0.47750031474310195,1.9872787050959113,0.24879171550538454,0.21483192330428996,0.4146792586429999,1,0.8593276932171598,0.0,0.013104013104013105,0.002640199288272575
25,0.4816880779693224,0.4774197020312152,1.9872519752878872,0.2495815763547042,0.22055951907281013,0.4137272942435326,1,0.8822380762912405,0.0,0.01597051597051597,0.0030662611494679973
26,0.4815683253099778,0.4776129164702575,1.9865161475676063,0.2509705933409588,0.22788194368231657,0.4130218481182964,1,0.9115277747292663,0.0,0.019656019656019656,0.004351727474681862
27,0.481729708370247,0.47757207365376636,1.9883040295498284,0.2500621566048417,0.22547850556854493,0.4128218592053,1,0.9019140222741797,0.0,0.018427518427518427,0.0034948593560461807
28,0.48187281305470736,0.47746855489915585,1.9902537108929155,0.2501732911288466,0.2227112236141723,0.4119922894408673,1,0.8908448944566892,0.0,0.01638001638001638,0.003060892738465922
29,0.48165449446402087,0.4776100747322169,1.9898305614828455,0.25113042379016476,0.2281593674088415,0.411469659380761,1,0.912637469635366,0.0,0.019246519246519246,0.004362897365058476
30,0.48187707419125086,0.47747802995146954,1.9921407979189463,0.25067620129619445,0.22299245232193765,0.41129427612171304,1,0.8919698092877506,0.0,0.01597051597051597,0.003063041319927699
31,0.4816820925797362,0.4783073851123728,1.99022780776295,0.2513293374732935,0.23534056642738727,0.4106393505313044,1,0.9413622657095491,0.0,0.021294021294021293,0.0047529348910586655
32,0.4816733173490924,0.47753754311552016,1.993878528289641,0.2502248526738632,0.22515217397100393,0.41105012862617146,1,0.9006086958840157,0.0,0.01678951678951679,0.00305376915868963
33,0.4814567965703222,0.47758782098658925,1.9945501678235371,0.250492450126788,0.22665187759495675,0.4109999250047965,1,0.906607510379827,0.0,0.01760851760851761,0.0035029518729658583
34,0.4816168296523212,0.47749189164680594,1.9962728985167335,0.2509022937061778,0.22378136672186683,0.41024570892160817,1,0.8951254668874673,0.0,0.01597051597051597,0.0030674340554868113
35,0.48154428675347355,0.47761148570186823,1.9963749246420905,0.25047143215574763,0.2272036204809006,0.40988251692300626,1,0.9088144819236024,0.0,0.01760851760851761,0.00350611233574638
36,0.4816682508831231,0.4775132229819202,1.9976311239188997,0.25079916478998393,0.2248454287227144,0.40987128373695336,1,0.8993817148908576,0.0,0.01597051597051597,0.0030641762482275137
37,0.4815778835768023,0.47747349867812716,1.9996432924010843,0.2506835628747714,0.22063545840209153,0.409451489859793,1,0.8825418336083661,0.0,0.013923013923013924,0.002634332634695921
38,0.48165771367024707,0.4774846667563872,2.0004845684616863,0.2510344316597596,0.2206828580839632,0.40887725364827515,1,0.8827314323358528,0.0,0.013513513513513514,0.0026359159131698674
39,0.4816795412206207,0.4778360944942288,1.9985970639464525,0.25154129118855467,0.2326615495437059,0.4085700159695041,1,0.9306461981748236,0.0,0.019656019656019656,0.004351130003127638
40,0.4815807193186179,0.47766149701685834,2.0004897039224208,0.25072011160438945,0.22883217624459887,0.40894743764978153,1,0.9153287049783955,0.0,0.01760851760851761,0.003504226116583994
41,0.4815335237479786,0.47770107394025657,2.0011977787659045,0.25117588263031887,0.22961977727397892,0.40889457529582285,1,0.9184791090959157,0.0,0.018018018018018018,0.0034986178152582787
42,0.4817335247166798,0.4776821469178117,2.001846639137195,0.25148526820911743,0.22959527087657738,0.40942164845188167,1,0.9183810835063095,0.0,0.018018018018018018,0.0034973766989806567
43,0.48193883540377697,0.4781802086149711,2.0010441898434554,0.2515183600393783,0.23663809925396803,0.4093587128313118,1,0.9465523970158721,0.0,0.020884520884520884,0.004315982110721024
44,0.4817775518976575,0.47751130151554316,2.0043110537498037,0.2516599325696588,0.22631128007846907,0.4098900840222249,1,0.9052451203138763,0.0,0.01597051597051597,0.0030635393493442515
45,0.4817686585467459,0.4774826468342626,2.0064125196662608,0.2510616720030521,0.22122789100559914,0.40993154966074735,1,0.8849115640223966,0.0,0.013513513513513514,0.0026386558720394356
46,0.48158749842810883,0.4774652436186573,2.006560882518304,0.25210737879162914,0.22374614324402015,0.41022868692343406,1,0.8949845729760806,0.0,0.015151515151515152,0.0030817150434937195
47,0.4815325444054297,0.4777775204909836,2.0093662253432476,0.2510630112382401,0.21631565569965855,0.41068623140168037,1,0.8652626227986342,0.0,0.012694512694512694,0.0026683707839187977
48,0.48178355443972043,0.47764549681406854,2.006455637326751,0.25201085372149945,0.2322818227609242,0.41012966549306856,1,0.9291272910436968,0.0,0.019246519246519246,0.004365362344340139
49,0.481691016329849,0.47746608701871385,2.0096315667298024,0.25087994516140877,0.22259413418761034,0.4102825033497091,1,0.8903765367504414,0.0,0.013923013923013924,0.0026352035347634193
50,0.48155347133518334,0.4775185562678759,2.0091732460175407,0.25139152893318795,0.22752098132185042,0.4094679503771565,1,0.9100839252874017,0.0,0.01597051597051597,0.003065784357342992
51,0.481676767242843,0.47747010003429324,2.0106971122860444,0.2513759679532889,0.2238766906451805,0.40960056988531807,1,0.895506762580722,0.0,0.013923013923013924,0.0026301469838245837
52,0.48161385654861855,0.4775287953095496,2.012032262415711,0.2512591651510331,0.22107548189448964,0.41035688939376397,1,0.8843019275779586,0.0,0.013104013104013105,0.0026459980033949086
53,0.48158029004966973,0.4776387257995112,2.010361776791921,0.25121863299413444,0.23142297464104264,0.41107278325733654,1,0.9256918985641706,0.0,0.018427518427518427,0.003495268126888549
54,0.48148820319925584,0.4774559216789368,2.012849221425289,0.25219457987714106,0.22386023751443912,0.4105882436671026,1,0.8954409500577565,0.0,0.014332514332514333,0.0026288408576780366
55,0.4817462705462365,0.4776639529383431,2.011214244116165,0.25302062158673655,0.23378112318915287,0.4105537323499516,1,0.9351244927566115,0.0,0.019656019656019656,0.004357210248828953
56,0.48168605868070574,0.4775046313878004,2.01492731046147,0.25185212634696913,0.2220708653251532,0.41094764108451054,1,0.8882834613006128,0.0,0.013513513513513514,0.0026416840775754266
57,0.4815162564519355,0.4774565598113467,2.014490695680313,0.2520090610709491,0.22713707180820117,0.4114187398879052,1,0.9085482872328047,0.0,0.01597051597051597,0.0030696765775931082
58,0.4817655047405695,0.4774463591546576,2.0153251292744576,0.25278843906769144,0.22662828753367603,0.4116973377547696,1,0.9065131501347041,0.0,0.01597051597051597,0.0030714878441158045
59,0.4815067711230224,0.4774463134177756,2.0161833003887866,0.2531894528380718,0.22697099573178772,0.4118583889647819,1,0.9078839829271509,0.0,0.01597051597051597,0.003069186465252452
60,0.4815294790060594,0.4775140817511666,2.01621414505082,0.2542912894504048,0.22999560422350296,0.4115977129904972,1,0.9199824168940118,0.0,0.01760851760851761,0.0035061677449153266
61,0.48183697888451354,0.4774570976005596,2.017199204064628,0.25317935406226105,0.22869678364971668,0.41251139372588613,1,0.9147871345988667,0.0,0.01638001638001638,0.003057851779357265
62,0.4817312145225912,0.47754354421799344,2.01680752132589,0.2537131752867842,0.23394395136353044,0.41275440852948087,1,0.9357758054541218,0.0,0.019246519246519246,0.0043575781891712455
63,0.48150391907404866,0.4774334764784536,2.018915241236573,0.25254504249006543,0.2290740346499371,0.4137127909359079,1,0.9162961385997485,0.0,0.01638001638001638,0.00305635454486167
64,0.4817025113527519,0.4774276850510376,2.0194383011690396,0.25232035124913593,0.22977060470396113,0.41419770577258247,1,0.9190824188158445,0.0,0.0171990171990172,0.00351089151655248
65,0.48139684510071573,0.47739071672897354,2.02123118059685,0.25278171367197244,0.2260317606651632,0.4144334714972292,1,0.9041270426606528,0.0,0.01597051597051597,0.0030770014825526426
66,0.48159977530060905,0.47750472415391876,2.022686554521047,0.2530890004232208,0.22254219040914325,0.41484493136290757,1,0.890168761636573,0.0,0.013513513513513514,0.0026373070894555152
67,0.48178219104332376,0.4774776643712141,2.0205429894269,0.2549720090913479,0.23438019067746751,0.4148543191410428,1,0.9375207627098701,0.0,0.019656019656019656,0.004349465329517561
68,0.4816261131890212,0.47737759271529756,2.0217634321821047,0.25469854769441225,0.2327324158284738,0.4151840139052914,1,0.9309296633138952,0.0,0.019246519246519246,0.00436749923168916
69,0.4815609731798007,0.4773779940996148,2.02433658594379,0.25289664757341496,0.22606855571492357,0.41573814497566514,1,0.9042742228596943,0.0,0.01597051597051597,0.0030777330587709304
70,0.48168078909633355,0.47736546301159405,2.0244041199356584,0.25304417238432897,0.22967580591523634,0.4166995566680129,1,0.9187032236609454,0.0,0.0171990171990172,0.0035105579922915394
71,0.4815809706410754,0.47739962020687665,2.024640004126101,0.25459656165218797,0.23149291948401793,0.4168651232472297,1,0.9259716779360717,0.0,0.018427518427518427,0.0034927013224914844
72,0.4816985286160161,0.47734816621585097,2.0262906405940693,0.25473266161977076,0.22826289205767136,0.4172476157852723,1,0.9130515682306855,0.0,0.01638001638001638,0.003057609257401969
73,0.48143424815886254,0.47734476399808584,2.027190022000678,0.25570920527176644,0.2284406611897589,0.41751762718813373,1,0.9137626447590356,0.0,0.01678951678951679,0.003054599429759798
74,0.481595399004793,0.47745224353909005,2.0262529508973786,0.2560124374550577,0.2361841647741057,0.4175726962956237,1,0.9447366590964228,0.0,0.020475020475020474,0.004331301762650622
75,0.48153246460888627,0.47732480698693464,2.028834303661951,0.2557761333973008,0.22926099748573375,0.41842691556552686,1,0.917043989942935,0.0,0.01760851760851761,0.003508389963648154
76,0.4816053995931711,0.47771461315459424,2.027102065093964,0.257065782174622,0.2403168725672133,0.4190041043851406,1,0.9612674902688532,0.0,0.021294021294021293,0.004739284584334283
77,0.4816080702960472,0.47740419673486106,2.0288336880061024,0.25741209360395423,0.2367369832189966,0.42001323364192916,1,0.9469479328759864,0.0,0.020884520884520884,0.004317352932562064
78,0.4814843382595464,0.4772934251736752,2.0319402788759207,0.25661422187259336,0.22796057176491744,0.42068343304120304,1,0.9118422870596697,0.0,0.01678951678951679,0.003053777039320505
79,0.4814362468458149,0.4773467764096905,2.030729853773671,0.2578338652067761,0.23658637547527203,0.4211462400314585,1,0.9463455019010881,0.0,0.020884520884520884,0.004317191697169596
80,0.48170517391751894,0.47727965065272376,2.0318265325016456,0.2575372959921677,0.23579327792977525,0.42171149448388184,1,0.943173111719101,0.0,0.020475020475020474,0.0043260570827672006
81,0.48158127356849506,0.47732638347305717,2.035078110588776,0.2564238719368848,0.22657569196065658,0.4224886161421329,1,0.9063027678426263,0.0,0.01597051597051597,0.0030630721258650675
82,0.4817617400816203,0.4772572380704109,2.0348732827724523,0.25670997056265543,0.23187701443580916,0.42280125759952153,1,0.9275080577432366,0.0,0.018427518427518427,0.003483318839044641
83,0.48150269988714983,0.47767291185776006,2.03825180681319,0.2570374483355866,0.22171246725040772,0.4236035727085383,1,0.8868498690016309,0.0,0.013513513513513514,0.0026324215087963794
84,0.4814723690583422,0.4771602587793836,2.0361753126288824,0.2584444606834979,0.2346630676079738,0.42375552333929867,1,0.9386522704318953,0.0,0.020475020475020474,0.004335638065989057
85,0.481658223355788,0.4772356404043606,2.038447847012789,0.25850298529669125,0.22985564916486248,0.4234905971233395,1,0.9194225966594499,0.0,0.018018018018018018,0.0034974645434304673
86,0.4815545304253209,0.47722696727593616,2.039534890432542,0.2585974259763876,0.2293326378897112,0.42453239771881,1,0.9173305515588448,0.0,0.01760851760851761,0.003499623449885544
87,0.481487981107782,0.4772037999918452,2.0386320129330526,0.26062614607279494,0.2367826291347769,0.4244103687537812,1,0.9471305165391076,0.0,0.021294021294021293,0.004767880252583904
88,0.48163630814370234,0.4771612619098957,2.0398328431432162,0.26045652470721126,0.23629190168726447,0.4251905151923224,1,0.9451676067490579,0.0,0.021294021294021293,0.004773069140584872
89,0.4814489952188055,0.4773760189227536,2.0396452935324545,0.26094644652751814,0.24077480196240197,0.4260063841427498,1,0.9630992078496079,0.0,0.02252252252252252,0.00518016017631177
90,0.48139612484844313,0.47728669238133986,2.044046399319855,0.2602358470058744,0.2275364264557911,0.4275790113807811,1,0.9101457058231645,0.0,0.0171990171990172,0.0030465088306669396
91,0.48142531181144643,0.477246375651145,2.0451482571359865,0.2607890164349425,0.22828828295054557,0.42812822124300326,1,0.9131531318021823,0.0,0.01760851760851761,0.0034995937009058968
92,0.4814338686414701,0.4770006578056181,2.0449522459718548,0.26185595417721447,0.23415685953187637,0.42949250473841094,1,0.9366274381275055,0.0,0.020475020475020474,0.004325961456713797
93,0.48155544875390527,0.47698407818301564,2.0466267898026653,0.2613319161431986,0.23195394296662084,0.4303582855147104,1,0.9278157718664833,0.0,0.019246519246519246,0.004349248107452009
94,0.4815167246850826,0.4769742778874585,2.047978417278618,0.26147767007046246,0.23131707742648122,0.4316387361893674,1,0.9252683097059249,0.0,0.019246519246519246,0.0043527864778282995
95,0.4814820826898251,0.47717980208057914,2.0465975287160263,0.2633478490401059,0.24123199734990988,0.43168956181653756,1,0.9649279893996395,0.0,0.02293202293202293,0.005156704692668333
96,0.48161720420000026,0.47693026428320495,2.049531724431065,0.26271584159507605,0.23391834669440117,0.4328869512085501,1,0.9356733867776047,0.0,0.020475020475020474,0.004322179039920201
97,0.4812529937208586,0.47691647381111346,2.0501614114488533,0.2641226692913026,0.23639035530303046,0.43383399029146985,1,0.9455614212121218,0.0,0.021703521703521703,0.005205314803269567
98,0.48138870488266944,0.4768819041615882,2.0522810866268757,0.264004373054716,0.23329332249343532,0.43553429961980616,1,0.9331732899737413,0.0,0.020884520884520884,0.004776079366687785
99,0.4812115077058,0.4768331963624656,2.0532341431148278,0.26586685226457585,0.23432728894320692,0.43747463353648225,1,0.9373091557728277,0.0,0.021703521703521703,0.0052110920941085374
100,0.4813277107437823,0.47688742154632174,2.0554917961415637,0.26498654360679463,0.2314532374179841,0.4390404672475319,1,0.9258129496719364,0.0,0.020475020475020474,0.004326564605753024
101,0.4813255255763104,0.47680752007610294,2.055056083032247,0.26621268546171023,0.23877178996395196,0.4401537057470236,1,0.9550871598558078,0.0,0.02293202293202293,0.005152941099988415
102,0.481283249530759,0.4767560147841907,2.0573837442770078,0.26602386112085336,0.23477383747920716,0.4411887816770709,1,0.9390953499168286,0.0,0.021703521703521703,0.005198890167961215
103,0.4815175012443281,0.4767239191063514,2.0579010326018925,0.2667289397385925,0.23811141756504012,0.44268061705299483,1,0.9524456702601605,0.0,0.02293202293202293,0.005153366444658004
104,0.481505226513642,0.47671139797703194,2.0591406658012286,0.2673293942574213,0.23945166635817347,0.4441117010678226,1,0.9578066654326939,0.0,0.02375102375102375,0.005588411622849492
105,0.48126215306001724,0.4767516385345874,2.0622423649214725,0.26712122822265866,0.23299177464767773,0.4453982065290608,1,0.9319670985907109,0.0,0.021703521703521703,0.005206576959529237
106,0.48130803393410165,0.4766451554391571,2.0627259712045993,0.2679869026661317,0.23736344803915102,0.4461305349155287,1,0.9494537921566041,0.0,0.02293202293202293,0.005152620400344723
107,0.4812609732502356,0.47661147617953487,2.0642104610833574,0.2694367768393919,0.23752739577955254,0.44769903989112547,1,0.9501095831182101,0.0,0.02334152334152334,0.005597529195491296
108,0.4812196423551953,0.4764648177490378,2.0649039075633384,0.2712089443420516,0.2408486361074859,0.4493557307882171,1,0.9633945444299435,0.0,0.025798525798525797,0.005965072353098912
109,0.4812841113124777,0.476462210861235,2.066160413606343,0.2715162619005089,0.24294823318406605,0.45189796532168425,1,0.9717929327362642,0.0,0.02620802620802621,0.005925469319733052
110,0.4812075234342607,0.47648073434766136,2.0692139407323995,0.273083065427289,0.23733731085028972,0.4540116844533483,1,0.9493492434011589,0.0,0.02375102375102375,0.005563690266945347
111,0.48121148869367975,0.47646285763148055,2.070934782809067,0.27353459356312015,0.23774892866607636,0.4547610225941352,1,0.9509957146643054,0.0,0.02375102375102375,0.005558009645085545
112,0.48109884886093957,0.47646069039071365,2.073034451670954,0.27484901951825597,0.23645879744344292,0.4560875149910664,1,0.9458351897737717,0.0,0.02375102375102375,0.005566436548792011
113,0.4812538088091779,0.4762383002259892,2.073832152117239,0.2757582971992173,0.24039095659309584,0.4583771332827295,1,0.9615638263723834,0.0,0.025798525798525797,0.005924999658374822
114,0.48117259690345837,0.4762436953695989,2.0765386700747595,0.27688376356349526,0.23705396245459848,0.46044246618690876,1,0.9482158498183939,0.0,0.02416052416052416,0.0059600987763590366
115,0.4810471361396424,0.47617994363492216,2.0769410512685766,0.2776903353422577,0.24424314323470583,0.462361894026525,1,0.9769725729388233,0.0,0.02702702702702703,0.0063050677048508506
116,0.4811501054958365,0.4762015536404632,2.0784046968991303,0.27776241585261585,0.24707319030718627,0.4644456205584039,1,0.9882927612287451,0.0004095004095004095,0.030712530712530713,0.006708965583898329
117,0.4810851519196643,0.476040426943469,2.0815848680669458,0.27845818868766314,0.2424455216658856,0.46695185679188067,1,0.9697820866635424,0.0,0.027436527436527438,0.006766558402274479
118,0.4810645733998719,0.47598169018411224,2.083446035820047,0.2795228505595727,0.24372620674033826,0.46929430965585417,1,0.974904826961353,0.0004095004095004095,0.028665028665028666,0.006732933508456683
119,0.48090529110997776,0.47592958333987934,2.0854010744141935,0.2809080173845003,0.24475632045020465,0.471728851709855,1,0.9790252818008186,0.0004095004095004095,0.030712530712530713,0.006700517863625218
120,0.4810516757929978,0.47625010974794285,2.0866145092646065,0.28206540321486,0.2530246950736973,0.47068600043354025,1,1.0120987802947892,0.0004095004095004095,0.03644553644553645,0.007489168509512643
121,0.4809546164733295,0.47593169250631523,2.0902117991814646,0.2826627976761026,0.24774653181903739,0.4728168395595836,1,0.9909861272761495,0.0004095004095004095,0.03153153153153153,0.006658893529377443
122,0.48094476065126146,0.4758762376658495,2.0939166050574123,0.2841954306686591,0.2421983416267214,0.47454890221308904,1,0.9687933665068856,0.0,0.027436527436527438,0.006732638638157044
123,0.4809261713004766,0.47576597693554595,2.0949710758039943,0.28508113985436756,0.24597935020692208,0.47783089351138264,1,0.9839174008276883,0.0004095004095004095,0.030712530712530713,0.006653297972277034
124,0.4816554797383539,0.4758046445016394,2.0964251120576085,0.284646832968391,0.24767820273303814,0.47678578770117364,1,0.9907128109321526,0.0004095004095004095,0.03153153153153153,0.006645057322920929
125,0.48100049303695563,0.477146055833402,2.099811474116941,0.2845601501229748,0.23949548531225237,0.4808982055474714,2,0.9617964110949428,0.0,0.0028665028665028664,0.001095471221771286
126,0.4813129469630022,0.4756992381262279,2.0995669304887232,0.28550682547783546,0.2487014353091898,0.48153606040816727,1,0.9948057412367592,0.0004095004095004095,0.0343980343980344,0.007054775244774193
127,0.4806994724444439,0.4756252616187707,2.1029649657395013,0.28641080198344604,0.24736607095765908,0.4836196553765907,1,0.9894642838306363,0.0004095004095004095,0.033988533988533985,0.006616422417080518
128,0.48073454589549663,0.47560739783589145,2.104408364899639,0.2883052472939807,0.2517026487592897,0.486087630348857,1,1.0068105950371589,0.0004095004095004095,0.039721539721539724,0.007883865069859244
129,0.4810481322462367,0.47557264592548787,2.1092597177308043,0.28809271677549003,0.24704146623046697,0.48614349356599273,1,0.9881658649218679,0.0004095004095004095,0.03276003276003276,0.006618840151154076
130,0.48088995306250587,0.47708566180311235,2.112700150482732,0.2881419433728356,0.24301330640632518,0.48836434321724875,2,0.9767286864344975,0.0004095004095004095,0.0028665028665028664,0.0010634467072808138
131,0.4819600291914255,0.47552034622949513,2.111267190521446,0.28759444617137603,0.24976469386871414,0.4876368830331064,1,0.9990587754748566,0.0004095004095004095,0.0343980343980344,0.007030221984227192
132,0.4814747462741817,0.4754859176974476,2.111643789175609,0.28770597945714477,0.24942586759355903,0.4891646494941997,1,0.9977034703742361,0.0004095004095004095,0.0343980343980344,0.007024498433695792
133,0.4811522213210572,0.4757538570711297,2.1114862446440252,0.2891647181021696,0.26142496776985613,0.4883434038807458,1,1.0456998710794245,0.0004095004095004095,0.04668304668304668,0.008094918992785397
134,0.4814761177608808,0.4770321781686383,2.1149933480762013,0.28716589313569874,0.24434964631124284,0.494101223835345,2,0.98820244767069,0.0004095004095004095,0.003276003276003276,0.0014768155710098237
135,0.482596377202868,0.47702593389700015,2.114382663166531,0.2851301466273139,0.2450440638125722,0.49137344954133805,2,0.9827468990826761,0.0004095004095004095,0.003276003276003276,0.001480682799698355
136,0.4814160443438817,0.4755070002136472,2.116170821054157,0.28623907377841706,0.2501912820638747,0.4882596620863187,1,1.0007651282554988,0.0004095004095004095,0.0343980343980344,0.007049229908391535
137,0.480575741939747,0.47546587966329057,2.1179508234255704,0.2891871503595562,0.2529200386140458,0.49001626623139627,1,1.011680154456183,0.0004095004095004095,0.03849303849303849,0.007890795403954027
138,0.48043644224768434,0.47544769870364423,2.1199921812090445,0.2914920182312916,0.2561342133160078,0.49225968045115465,1,1.024536853264031,0.0004095004095004095,0.042588042588042586,0.0078122361238740935
139,0.48126034120763234,0.4754222286183416,2.123198642537735,0.29074599089619174,0.24738042545339003,0.4942356684991555,1,0.9895217018135601,0.0004095004095004095,0.0343980343980344,0.007048648860112157
140,0.48078183222532067,0.47529054182508645,2.1241935833229046,0.2917521424998375,0.2535078921311072,0.49642866008473985,1,1.0140315685244288,0.0004095004095004095,0.039721539721539724,0.00784032526895803
141,0.48086879190377557,0.4752519421035147,2.1270253994525343,0.2934582347887927,0.25467107116472243,0.4979188096594619,1,1.0186842846588897,0.0004095004095004095,0.04013104013104013,0.007810162722747326
142,0.4805162183353612,0.4752288081497902,2.1295966641949957,0.2948734171836162,0.257254343974883,0.49982690072608915,1,1.029017375899532,0.0004095004095004095,0.04504504504504504,0.007753311165934291
143,0.4822816869943105,0.4769757596266439,2.1311718673551843,0.2912136975015218,0.24694571761088585,0.500764772883387,2,1.001529545766774,0.0004095004095004095,0.003276003276003276,0.001465498160643136
144,0.4817549448066445,0.4753650292318713,2.133217158748356,0.2918398063356638,0.24934575763704767,0.4966241212711782,1,0.9973830305481907,0.0004095004095004095,0.0343980343980344,0.007037815540576453
145,0.4808417208715217,0.4752063136846981,2.133751191233603,0.2936793755869887,0.2549619200059851,0.4989040322820292,1,1.0198476800239404,0.0004095004095004095,0.039721539721539724,0.007828724530145884
146,0.48260431488578603,0.47696140076645943,2.133067544931398,0.2908883970481836,0.24792333299666325,0.5002154741251815,2,1.000430948250363,0.0004095004095004095,0.003276003276003276,0.0014645273171888008
147,0.4810267746122329,0.47527518947448144,2.135745919487561,0.2917780423400562,0.25418061793904534,0.49663141685570306,1,1.0167224717561814,0.0004095004095004095,0.03849303849303849,0.00788364029462621
148,0.4805265403530908,0.47508137477492296,2.136782264240868,0.2946705799514394,0.2616924588689903,0.4993355069567644,1,1.0467698354759611,0.0004095004095004095,0.047092547092547093,0.008537645857152325
149,0.48150621472356137,0.4769436683387947,2.1390953782375264,0.29389949845657304,0.24902573255025776,0.5046471680477791,2,1.0092943360955582,0.0004095004095004095,0.003276003276003276,0.0014540328996707878
150,0.4827486427054594,0.4752217166934408,2.1379225950085536,0.2921549975995791,0.25745189648098915,0.49873038721992086,1,1.0298075859239566,0.0004095004095004095,0.04054054054054054,0.0078198515592396
151,0.48031044999822575,0.47515475226292414,2.1402801307476915,0.2945935062624639,0.25895745351828664,0.5018023472996592,1,1.0358298140731466,0.0004095004095004095,0.04504504504504504,0.007763502733077797
152,0.4809611149846592,0.4750967111329224,2.143067630733005,0.29568106320500975,0.25476686425498696,0.5037692508096245,1,1.0190674570199478,0.0004095004095004095,0.039721539721539724,0.007823082819206116
153,0.48052303192807294,0.4750032114355981,2.14496971750304,0.2979024066469003,0.2598878928900274,0.5075906446865088,1,1.0395515715601096,0.0004095004095004095,0.04586404586404586,0.008149061146482811
154,0.4810107572015635,0.4749788777152161,2.1475831686165736,0.29757782072929434,0.259994894038262,0.508216824527221,1,1.039979576153048,0.0004095004095004095,0.045454545454545456,0.008157834333157985
155,0.4807108816452326,0.47687801532864016,2.1511881950352416,0.298495806366851,0.25477103160621906,0.5114437813142285,2,1.022887562628457,0.0004095004095004095,0.0036855036855036856,0.0014216450701516029
156,0.4814960790957144,0.4749695700347508,2.153926091582527,0.2977524350362271,0.2572259122784573,0.5082836070076945,1,1.0289036491138293,0.0004095004095004095,0.042588042588042586,0.007783079300268014
157,0.4809569901093745,0.4747060346589037,2.154791996985857,0.29979357519200744,0.26302326496306616,0.510012336486713,1,1.0520930598522646,0.0004095004095004095,0.04873054873054873,0.008473664656328784
158,0.48082443721269646,0.47685817820569937,2.1578406155556347,0.2994914426308882,0.25484284898105636,0.513939280706135,2,1.02787856141227,0.0004095004095004095,0.0036855036855036856,0.001423384624020472
159,0.4804373964817629,0.4746224712688005,2.1599871235715864,0.30217830354611036,0.26528649236110813,0.5133360591835266,1,1.0611459694444325,0.0004095004095004095,0.04914004914004914,0.008860021104614367
160,0.48023021338987887,0.47418065595253645,2.1623654630118176,0.3054845107489253,0.267205817874725,0.5178676388753041,1,1.0688232714989,0.0004095004095004095,0.05241605241605242,0.009479089354308839
161,0.4817182876323101,0.47685111052041335,2.1649822160895638,0.3038290378665513,0.25656355652564183,0.5188171141516328,2,1.0376342283032656,0.0004095004095004095,0.0036855036855036856,0.0014086110647174267
162,0.4803882336943437,0.47440789928843774,2.167576982833241,0.3049616297382898,0.26413642075946153,0.5196911085854035,1,1.0565456830378461,0.0004095004095004095,0.04914004914004914,0.008840974090618205
163,0.48079587555390596,0.47681900067463523,2.170896040967135,0.30625603031257015,0.25986279827952624,0.5215206755769736,2,1.0430413511539471,0.0004095004095004095,0.0036855036855036856,0.0013910626455365708
164,0.48239454082344246,0.4768127760696209,2.1713989921718437,0.3039295186573915,0.2576835605699279,0.5189443033661055,2,1.037888606732211,0.0004095004095004095,0.0036855036855036856,0.0014105204567783768
165,0.48060473862853886,0.4743959023609666,2.1733514287690756,0.3046247083023807,0.2619494731488852,0.5203743867212772,1,1.047797892595541,0.0004095004095004095,0.04873054873054873,0.008913136087636305
166,0.48026150827601016,0.47393885933012336,2.1759933830220275,0.3074378369571926,0.2658256656913642,0.5236352721574684,1,1.0633026627654567,0.0004095004095004095,0.05241605241605242,0.009520818777378462
167,0.48128424277189774,0.47394197901876184,2.178263484543525,0.3080260855482827,0.2674551079688256,0.5235757513320088,1,1.0698204318753024,0.0004095004095004095,0.05241605241605242,0.009494450054488667
168,0.4798497875300281,0.4741643239718295,2.182899769810403,0.31062863973971,0.2649524941639948,0.5274126507170206,1,1.0598099766559792,0.0004095004095004095,0.050778050778050775,0.008791421715140942
169,0.48018120978233203,0.47395168011971156,2.184382512924129,0.3140868978895672,0.2777186837718665,0.5303071373010353,1,1.110874735087466,0.0004095004095004095,0.06060606060606061,0.011803862814548855
170,0.4806070459395882,0.47641265864817217,2.1902377131143345,0.3140916464179763,0.26521249523175633,0.5327075660235058,2,1.0654151320470115,0.0004095004095004095,0.006552006552006552,0.0024633831412878182
171,0.48080081723157064,0.47651339273140725,2.194484700985452,0.3136504863249285,0.26537120582962104,0.5326377346681986,2,1.0652754693363973,0.0004095004095004095,0.006142506142506142,0.002095946695911832
172,0.4820973966261622,0.47673129107680606,2.1951582069125415,0.3107421538659953,0.26234755064395127,0.5301375180687478,2,1.0602750361374955,0.0004095004095004095,0.0045045045045045045,0.0013866468521715072
173,0.4823984593468424,0.4742536879385417,2.195528235044148,0.30812790942508117,0.2679928218343879,0.5236022159637649,1,1.0719712873375515,0.0004095004095004095,0.04914004914004914,0.008865857400054212
174,0.4808301460548519,0.47673786428777454,2.1981631968786166,0.30876997219932845,0.26272682147108134,0.5256243955065826,2,1.0512487910131652,0.0004095004095004095,0.0036855036855036856,0.0013993181624463353
175,0.4803244566238209,0.4767078969899522,2.199310146614192,0.3136082147724977,0.26443260563837956,0.5335541967197492,2,1.0671083934394985,0.0004095004095004095,0.005733005733005733,0.001783861478512311
176,0.48064944631514234,0.4735492981412198,2.2012946442289296,0.3160290503519923,0.26889767662710873,0.5366387336512102,1,1.075590706508435,0.0004095004095004095,0.052825552825552825,0.009400209648766552
177,0.47978798527602806,0.476340023913994,2.2080812293330156,0.3172922472683907,0.2668627997148805,0.536753809603907,2,1.073507619207814,0.0004095004095004095,0.006552006552006552,0.0024667386082516014
178,0.48048166385876473,0.4734566095243092,2.2077846981720066,0.32052085630508204,0.28126659097502243,0.5408042929500031,1,1.1250663639000897,0.0004095004095004095,0.06552006552006552,0.014367027375879957
179,0.4800079669311586,0.47319363117979074,2.2124878677715065,0.32229534940364796,0.278393044111533,0.5458186631928251,1,1.113572176446132,0.0004095004095004095,0.06060606060606061,0.011725957414978698
180,0.479873349316304,0.4731940416405071,2.217208379771306,0.3245096224334941,0.28350719324171075,0.5481209826621207,1,1.134028772966843,0.000819000819000819,0.06592956592956593,0.014678731576745901
181,0.4809762588440201,0.4760445183958649,2.224170832702479,0.3229331378547857,0.27341003513876094,0.5470430458343454,2,1.0940860916686908,0.0004095004095004095,0.006961506961506962,0.00272162959751756
182,0.4811765155412383,0.47306646412410613,2.224456539867431,0.32296766885242806,0.27941422184469006,0.5486389634844232,1,1.1176568873787602,0.0004095004095004095,0.06060606060606061,0.011752321443907206
183,0.4793595252147872,0.4728241829645964,2.227846340321556,0.3268795104204278,0.2814196422917918,0.556131050206097,1,1.1256785691671671,0.000819000819000819,0.06552006552006552,0.014251895653540306
184,0.4815834597331381,0.47318879232548133,2.231314127047803,0.3237923266515628,0.28712470184209976,0.5478714021196247,1,1.148498807368399,0.0004095004095004095,0.06592956592956593,0.014262253201297002
185,0.48011925368505204,0.47599300315380655,2.23752927712009,0.3244667704451543,0.2742815954896405,0.5523772927918172,2,1.1047545855836345,0.0004095004095004095,0.006961506961506962,0.002720207132180777
186,0.4791485979047558,0.47266276466067686,2.23963108319725,0.3282598151479004,0.28076331171097163,0.5613160533774638,1,1.1230532468438865,0.000819000819000819,0.06511056511056511,0.0142907989604701
187,0.48159754193061594,0.4759634055781019,2.2446117082438932,0.32667285668591295,0.27616951327651096,0.5538632941537367,2,1.1077265883074734,0.0004095004095004095,0.006961506961506962,0.0027101525386157713
188,0.4792578499400641,0.472689133447425,2.2476514786284576,0.3303330300956857,0.28095101321853627,0.5601024253828288,1,1.123804052874145,0.000819000819000819,0.060196560196560195,0.01167203537920164
189,0.48009042513139544,0.47264757926769885,2.251851664703876,0.33050054326506334,0.28197269269734093,0.5615179676561713,1,1.1278907707893637,0.000819000819000819,0.06142506142506143,0.012548664440740253
190,0.4815208850003976,0.47593217919071595,2.254304273970203,0.32915506447517195,0.279701573782331,0.5604590872708899,2,1.1209181745417798,0.0004095004095004095,0.007371007371007371,0.002670186717244905
191,0.478572903656225,0.4721412930338807,2.256024354044547,0.3336996557495604,0.29323682968698356,0.5670981345995941,1,1.1729473187479342,0.0012285012285012285,0.07371007371007371,0.017848466403577314
192,0.479662801256584,0.47181200418442487,2.2599165917166024,0.3349855844538483,0.29838764214836494,0.5688344657474109,1,1.1935505685934598,0.0012285012285012285,0.07493857493857493,0.01883525109575781
193,0.47859565684134214,0.47156522258903333,2.2646577408509985,0.337663225247925,0.30081077140967794,0.5761418438709538,1,1.2032430856387117,0.0012285012285012285,0.07780507780507781,0.02037941615850782
194,0.4783756130544789,0.4715461918107466,2.2725780473418,0.34078383228375736,0.29568689890770333,0.5810532514214847,1,1.1827475956308133,0.0012285012285012285,0.07371007371007371,0.017606147828016304
195,0.47938041875705684,0.4711334312864911,2.2790916556784677,0.34266387016747235,0.30043731903828025,0.5802516437982226,1,1.201749276153121,0.0012285012285012285,0.07821457821457821,0.020425019784791807
196,0.4814304136297956,0.47534538223811695,2.2854189548557966,0.3388847183055355,0.2869076962154001,0.5768854955116859,2,1.1537709910233718,0.000819000819000819,0.010237510237510237,0.0035548275916033596
197,0.48100883410442086,0.47532338866457924,2.287646263093944,0.3388666141231051,0.28702137079183143,0.5768880908969858,2,1.1537761817939716,0.000819000819000819,0.010237510237510237,0.0035613151121491405
198,0.479541874350112,0.47114245282193046,2.288699295489021,0.3419201834358265,0.3061850536827643,0.5768475401881259,1,1.224740214731057,0.0012285012285012285,0.07985257985257985,0.02073228721970022
199,0.4778420490573917,0.4755374191135708,2.296056092867311,0.34539846722719453,0.2926555271323173,0.5913929924003765,2,1.182785984800753,0.0012285012285012285,0.010237510237510237,0.0034174836877033624
200,0.47842668389913745,0.4707095299770338,2.299301707446096,0.34952734457524326,0.31278199086032143,0.5920172733748077,1,1.2511279634412857,0.001638001638001638,0.08681408681408681,0.022788313191559176
201,0.4775141687012724,0.4699447577396267,2.3075478306681876,0.35250036035525045,0.3086153272516241,0.6017874593984424,1,1.2344613090064964,0.001638001638001638,0.08640458640458641,0.02240628660418996
202,0.47747671459184204,0.4757773985678343,2.3175854629950003,0.35606473855617427,0.3032677922456665,0.6086435375636623,2,1.2172870751273246,0.001638001638001638,0.012285012285012284,0.003631344591743934
203,0.4793744718157347,0.46932699592179006,2.3232492614533844,0.3557515356252211,0.3170637554886957,0.6022289125252692,1,1.2682550219547828,0.001638001638001638,0.0904995904995905,0.02451483884428382
204,0.4766472791396151,0.4686282313942155,2.3281938346419455,0.36025732264051624,0.3167038317779508,0.6172621085249601,1,1.2668153271118032,0.0020475020475020475,0.09336609336609336,0.025501319144700666
205,0.4769463800656499,0.46811481411661837,2.3361009642761985,0.3640542140135987,0.31437114421274304,0.6254950038554884,1,1.2574845768509721,0.0020475020475020475,0.09377559377559377,0.025928230898503102
206,0.4796142813568957,0.4689279724525875,2.3441881696314106,0.3632952395695783,0.3131313192994415,0.6211228796740551,1,1.252525277197766,0.0020475020475020475,0.08681408681408681,0.022574682125785867
207,0.4779892467055614,0.46873521695782266,2.3509742023658835,0.3661643309048182,0.31294795658970304,0.6258913384544047,1,1.2517918263588121,0.0020475020475020475,0.08681408681408681,0.0225312939654832
208,0.47788061405964927,0.4755544671220916,2.3607434907866964,0.3662373439778884,0.3113903469088157,0.6234272149723304,2,1.246854429944661,0.001638001638001638,0.013104013104013105,0.0035673672024839446
209,0.47748072762375454,0.4676535820896695,2.3655593878528385,0.36861399927016836,0.32640566495261836,0.6257258665400995,1,1.3056226598104734,0.0020475020475020475,0.09623259623259624,0.026784059602881303
210,0.47573213419761945,0.4754180898906369,2.3724105874927237,0.37300007921016815,0.3202084004762929,0.6412031114810135,2,1.282406222962027,0.0020475020475020475,0.018018018018018018,0.0048476153208230404
211,0.4772474135162764,0.4668575003473642,2.380463651191837,0.37308098877086737,0.32541761966180704,0.6399326476349981,1,1.3016704786472282,0.0020475020475020475,0.09623259623259624,0.02665487309592672
212,0.47691131868426667,0.4751117905581036,2.3915155277672655,0.37412019275908115,0.3173547495782185,0.6392832342575758,2,1.2785664685151517,0.0020475020475020475,0.015561015561015561,0.0043564947234973955
213,0.4771517896183716,0.4662446378599304,2.3948974830872443,0.3782798962965193,0.3330265712899109,0.6425676362350538,1,1.3321062851596437,0.0020475020475020475,0.10032760032760032,0.029687623912619924
214,0.47954252397877545,0.4751920514378085,2.4066499347168757,0.37323483335855795,0.3164412408466437,0.634363155002056,2,1.268726310004112,0.001638001638001638,0.013104013104013105,0.003585983984567497
215,0.47505727399659936,0.4659619763725882,2.406683314581696,0.37951122687936073,0.3370163693507315,0.649793425151416,1,1.348065477402926,0.0020475020475020475,0.10073710073710074,0.029443551966522614
216,0.4771964589117965,0.4657706086107537,2.4146064098045827,0.3796947384397658,0.3361908355206802,0.6508784927008769,1,1.3447633420827207,0.0020475020475020475,0.10032760032760032,0.029615684082632647
217,0.4758142212790627,0.466611286052763,2.4252514822780857,0.38175679482978775,0.3271698662545092,0.6542473280854564,1,1.308679465018037,0.0020475020475020475,0.09377559377559377,0.02569808550011717
218,0.47527337669672204,0.4652352087424908,2.4277048880146967,0.38709342759251025,0.3431020448428365,0.6643422435154669,1,1.372408179371346,0.0020475020475020475,0.10687960687960688,0.031906918539620806
219,0.47856654128100323,0.46596913660226236,2.4391275066485476,0.3834728886400436,0.3334272479038883,0.6539622136175424,1,1.3337089916155531,0.0020475020475020475,0.09582309582309582,0.02668547287144934
220,0.4740977757742777,0.46484575885354057,2.44115785260391,0.38938564151732696,0.34438258950864187,0.6700831308037738,1,1.3775303580345675,0.0020475020475020475,0.10687960687960688,0.031886990702859025
221,0.47441541440441115,0.47509466477936757,2.450611336039496,0.391439720121337,0.33815826648426095,0.6773749811882513,2,1.3547499623765027,0.0020475020475020475,0.020884520884520884,0.00522697143627283
222,0.4765291294064501,0.4653115121329707,2.4612721307814693,0.3908801559420487,0.33872616181070303,0.6689603233401876,1,1.3549046472428121,0.0020475020475020475,0.09828009828009827,0.027546666739590577
223,0.47561706351603783,0.46536133116300266,2.4699187591281073,0.39169493410386524,0.33553276569553625,0.670988345405189,1,1.342131062782145,0.0020475020475020475,0.09623259623259624,0.02652674657468732
224,0.47506137198366044,0.4643013018053388,2.4745977432630193,0.39435878885307724,0.34645358033788004,0.6755632679085464,1,1.3858143213515202,0.0020475020475020475,0.10442260442260443,0.031309503971118285
225,0.4737605183860112,0.4640204223842722,2.4815466733211826,0.39680961639907836,0.3505055287771323,0.6826907130038107,1,1.4020221151085293,0.0020475020475020475,0.10687960687960688,0.03179542744656563
226,0.4771159463002969,0.4640325319587049,2.48743437641296,0.3975213610413184,0.3528290335333068,0.6815357966306558,1,1.4113161341332272,0.0020475020475020475,0.1076986076986077,0.03220333917892503
227,0.47294805970780107,0.4629816692456351,2.4924219383147177,0.40154491631766365,0.35302480737630954,0.6965841993237656,1,1.4120992295052381,0.0028665028665028664,0.11138411138411139,0.03294766037104014
228,0.47560540687070785,0.4636158762640232,2.5034051107545783,0.39977797915807384,0.34954827174997816,0.6904969496096933,1,1.3981930869999126,0.0020475020475020475,0.10606060606060606,0.032022841613750276
229,0.4787045170612059,0.4744309498235035,2.512062811160507,0.3957871124228843,0.33904759561784986,0.6815668576137428,2,1.3631337152274856,0.0020475020475020475,0.018018018018018018,0.004818791169075729
230,0.47411187218615947,0.46353717462125604,2.51480110500559,0.40090093741411775,0.3535338335507361,0.6893406011260945,1,1.4141353342029443,0.0020475020475020475,0.10687960687960688,0.031999143273389825
231,0.47252959606450845,0.46299513730069125,2.5198636238484844,0.40406611013918003,0.3536368376521219,0.7051063281594663,1,1.4145473506084876,0.002457002457002457,0.1076986076986077,0.03201185394732235
232,0.47579393871047093,0.4623095438104074,2.524570931438097,0.40454000586676486,0.3610037458030996,0.7036057409575676,1,1.4440149832123983,0.002457002457002457,0.1122031122031122,0.03319526972852029
233,0.4754975680635041,0.4622074549523062,2.531557849713609,0.4050352220355772,0.3614580416677794,0.7043825909116251,1,1.4458321666711176,0.002457002457002457,0.1122031122031122,0.03328053242143097
234,0.4721253479614985,0.46125518564894225,2.5362453997021324,0.4096009839984849,0.3627438752579638,0.7181989906577497,1,1.4509755010318552,0.0028665028665028664,0.11711711711711711,0.03524190424395295
235,0.47539792952778476,0.46157944818916824,2.5444091807563978,0.4092373252238924,0.36927624248188134,0.7093226485707069,1,1.4771049699275254,0.0028665028665028664,0.11834561834561834,0.03608913721963211
236,0.47193568759969107,0.46102044197032443,2.5509150928369726,0.4117537239365667,0.3648490311330261,0.7217663371538232,1,1.4593961245321043,0.0028665028665028664,0.11711711711711711,0.03526425188447963
237,0.47676025039777536,0.4619804095683973,2.5578191398545935,0.41043350801204104,0.3626393072932423,0.7138020294636837,1,1.4505572291729691,0.002457002457002457,0.11179361179361179,0.03298886539827599
238,0.4729981208738061,0.4608550246573856,2.5613476685440166,0.4120553830967279,0.3719903472464587,0.721095127382006,1,1.4879613889858347,0.0028665028665028664,0.12039312039312039,0.03709690417009428
239,0.47147203946441674,0.4606420395547783,2.568694452874935,0.4139930739894413,0.36660948316594644,0.7309662194803819,1,1.4664379326637857,0.0028665028665028664,0.11711711711711711,0.03520701962115943
240,0.47374658892293875,0.4599827752745477,2.574066189001067,0.41683588380547854,0.37875312933811595,0.7293767010759906,1,1.5150125173524638,0.0028665028665028664,0.12612612612612611,0.03939928251814784
241,0.47097512631464783,0.45952886933430215,2.5792825992239834,0.41928257151152376,0.37908682568452323,0.7419947197872244,1,1.516347302738093,0.003276003276003276,0.12694512694512694,0.03987861334716792
242,0.4736924330639461,0.4744412077813075,2.591446744419793,0.41617097569931005,0.3675014607785136,0.7359571534011269,2,1.4719143068022538,0.0028665028665028664,0.024979524979524978,0.0070496693504861745
243,0.4767726311881513,0.4601319253718169,2.5969467792176593,0.41521525207185805,0.3836567265336361,0.7197944317498022,1,1.5346269061345443,0.0028665028665028664,0.12448812448812449,0.03905588630834037
244,0.47085296974224145,0.4602891600215753,2.6033168060359158,0.41766151639956356,0.3762911230758514,0.7334817439779655,1,1.5051644923034055,0.0028665028665028664,0.11834561834561834,0.03597204723717643
245,0.4708650988169829,0.45916693746964043,2.606358747339848,0.42109449183439085,0.38403169397728526,0.7456283213522317,1,1.536126775909141,0.003276003276003276,0.12653562653562653,0.039565557520721585
246,0.47091244633824203,0.4588604717126411,2.611874101415944,0.42314237294471746,0.3849059669078541,0.7546484738606456,1,1.5396238676314165,0.003276003276003276,0.13185913185913187,0.04140666298211693
247,0.4732243081070324,0.4589091276363031,2.618821707748976,0.4234579288951719,0.39123602673058683,0.750254445430237,1,1.5649441069223473,0.003276003276003276,0.13308763308763308,0.041591162500346536
248,0.47005267963496117,0.4585761051452395,2.6247446710651086,0.4260431441000627,0.3877089092122655,0.7612889927419808,1,1.550835636849062,0.003276003276003276,0.13185913185913187,0.041213220504793376
249,0.4711706067143206,0.4743121337489605,2.632803569863478,0.42612112001233,0.38194157698323616,0.7645526714021886,2,1.5291053428043773,0.003276003276003276,0.028665028665028666,0.008699255120989166
250,0.47133610546031757,0.45819707381269553,2.6384455899836174,0.4275476111544088,0.39202168676648824,0.7653633228807133,1,1.568086747065953,0.003276003276003276,0.1339066339066339,0.04184084872664362
251,0.47304306869689244,0.4583534617256177,2.644050006667406,0.42795133033148797,0.3967566113626703,0.7630340978137081,1,1.5870264454506813,0.003276003276003276,0.13554463554463556,0.04209425619467888
252,0.4698151429300396,0.4580691881727259,2.6511690766369,0.4300221988503904,0.388836957673142,0.7715296389212707,1,1.555347830692568,0.003276003276003276,0.13144963144963145,0.040928471420762225
253,0.4762317679521955,0.4594077789615885,2.6595644456680296,0.427143889277629,0.3831542659959749,0.7566559084178346,1,1.5326170639838996,0.0028665028665028664,0.11834561834561834,0.035833224153412224
254,0.4699859068230557,0.4580861165768334,2.6623130687411183,0.4301002237278998,0.39088692733427016,0.7674881993322322,1,1.5635477093370806,0.003276003276003276,0.12653562653562653,0.03948562910484014
255,0.47137667815578194,0.4578907190614239,2.6664021752479545,0.4317127279973179,0.39862491273120587,0.7692859142424235,1,1.5944996509248235,0.003276003276003276,0.1339066339066339,0.041789266716846546
256,0.4694019863459609,0.4577176919651823,2.672774591317385,0.4333482396806578,0.39246107296374055,0.7789427057713395,1,1.5698442918549622,0.003276003276003276,0.13185913185913187,0.041290359931872855
257,0.469968799024136,0.45741537329249066,2.676648937011319,0.4357818880958293,0.39928673525711855,0.7848031963398239,1,1.5971469410284742,0.003276003276003276,0.13595413595413594,0.042217079027829695
258,0.46995445178244905,0.4572939683882389,2.6823282111356397,0.4360513274374275,0.4008116992970652,0.78898024170969,1,1.603246797188261,0.0036855036855036856,0.13595413595413594,0.042519009333311174
259,0.46938165384520053,0.4569218658626194,2.687991753728167,0.4384822600398584,0.40251219133422134,0.7935727798095353,1,1.6100487653368853,0.0036855036855036856,0.13841113841113842,0.042674211274117024
260,0.4694259406093227,0.45699472284364334,2.6946610870045604,0.43936216559370306,0.4010577219207233,0.7968791816935136,1,1.6042308876828932,0.0036855036855036856,0.13554463554463556,0.04204237119733479
261,0.4702881550691942,0.4571879941281968,2.7000610409611783,0.4397591853523918,0.4113569288100827,0.7942676752530772,1,1.6454277152403307,0.0036855036855036856,0.14127764127764128,0.04386458877156068
262,0.4697469544170528,0.456918386358829,2.7090279760464164,0.43884622243764676,0.40267192110041566,0.793910051956359,1,1.6106876844016627,0.003276003276003276,0.1339066339066339,0.041558659458961915
263,0.46976222477892887,0.4565885862564315,2.713401137970927,0.4406366741878867,0.40618622395602855,0.798043943164084,1,1.6247448958241142,0.0036855036855036856,0.138001638001638,0.04283699091290503
264,0.468736511976549,0.45658181375469364,2.7175375555749994,0.44279939958542724,0.40985948994824156,0.8043084438024994,1,1.6394379597929662,0.0036855036855036856,0.13841113841113842,0.04237166959242079
265,0.4710447696609732,0.45663784981619954,2.72455731679961,0.4422369659607939,0.404071878300205,0.8024915176014267,1,1.61628751320082,0.0036855036855036856,0.1334971334971335,0.04147617031814385
266,0.46846588485063967,0.45629383048947025,2.728601101238141,0.4441569269074414,0.4083043376910768,0.8086470224643498,1,1.6332173507643073,0.0036855036855036856,0.13841113841113842,0.042613231231715926
267,0.4684298557128147,0.4562289817913385,2.7337441105827005,0.4454365025161839,0.41007212902295437,0.8123641131690155,1,1.6402885160918175,0.0036855036855036856,0.13841113841113842,0.0424435319231094
268,0.4711871070727714,0.45645551523044325,2.741197002602006,0.44380532624398555,0.4083298739281673,0.8065119424912359,1,1.633319495712669,0.003276003276003276,0.13595413595413594,0.04222697947857513
269,0.4684620471744674,0.4561819576907936,2.744831159812914,0.4467871664763679,0.4132506282445487,0.811514603159415,1,1.653002512978195,0.0036855036855036856,0.13841113841113842,0.0424723308455674
270,0.4682183169332816,0.45627266876170414,2.747069299259431,0.4489578043746958,0.4232067841453697,0.8173868441640211,1,1.6928271365814789,0.0045045045045045045,0.147010647010647,0.04638635823028467
271,0.4690842902496401,0.45628455492338416,2.753502764284077,0.4486790582982998,0.421161287409136,0.81841753493985,1,1.684645149636544,0.004095004095004095,0.1420966420966421,0.044659274282410726
272,0.46778647092754544,0.4558268002402155,2.7603369668896436,0.4488062959590772,0.41318117012584443,0.8234622277702581,1,1.6527246805033777,0.004095004095004095,0.138001638001638,0.04242783220541158
273,0.46921436062453936,0.4559171799715589,2.7651380622161286,0.45010195135864683,0.4187916674474257,0.8226467502254026,1,1.6751666697897027,0.004095004095004095,0.1416871416871417,0.0445763128657054
274,0.46969717601541633,0.4559129251872947,2.770707418663075,0.44942162831175164,0.4201066521200775,0.820799780667869,1,1.68042660848031,0.0036855036855036856,0.14004914004914004,0.04346162007055236
275,0.4679035465557951,0.45577284332021833,2.7754282857185855,0.45045293334439745,0.41938325409417676,0.8254420099939754,1,1.677533016376707,0.0036855036855036856,0.14004914004914004,0.0434622819939915
276,0.46775771596033405,0.4558722315332672,2.7786706518316477,0.4526278640676179,0.4253554781884539,0.829728400817532,1,1.7014219127538155,0.0045045045045045045,0.1420966420966421,0.04491586684713777
277,0.467835292954512,0.45602172953827386,2.78105745641049,0.45435465124059954,0.4354531498884841,0.833718148927424,1,1.7418125995539364,0.005323505323505323,0.1552006552006552,0.05086644714130149
278,0.4710766561387577,0.4557894617898518,2.791467412030548,0.4522983017811108,0.4259878924132845,0.8219532844316038,1,1.703951569653138,0.0036855036855036856,0.14250614250614252,0.04507373962047904
279,0.467871059939691,0.4558036449313036,2.7951225741886465,0.45304694226342157,0.4290564604368825,0.8264254119413433,1,1.71622584174753,0.0036855036855036856,0.14250614250614252,0.04473940398180445
280,0.4675459994775512,0.4555055311068533,2.8005561697303163,0.45297182018971843,0.42461164332263673,0.8315177315422544,1,1.698446573290547,0.0036855036855036856,0.1420966420966421,0.04466244013398305
281,0.4675735325919612,0.4558814632689495,2.8012480708233505,0.4552427015235801,0.44055368806652434,0.8359919423309985,1,1.7622147522660974,0.004914004914004914,0.15601965601965603,0.05088495566548127
282,0.4673211945744424,0.45535616281044866,2.80915949749967,0.45455659934398596,0.42684867079505945,0.839876008262619,1,1.7073946831802378,0.004095004095004095,0.1420966420966421,0.04479678960056342
283,0.4674519024705984,0.4553148162891228,2.812198924615491,0.4560929993738213,0.43306751269909394,0.842519762456434,1,1.7322700507963757,0.004914004914004914,0.14742014742014742,0.04707985049594416
284,0.46706393892828335,0.4551692825113931,2.8189423718162496,0.45556257611910184,0.42531189302359795,0.8450008926078288,1,1.7012475720943918,0.004095004095004095,0.1416871416871417,0.044565144032251605
285,0.46803319792296616,0.45537609297103065,2.821440880942743,0.4570353300465696,0.4390899430143184,0.8434942307027482,1,1.7563597720572737,0.004914004914004914,0.15028665028665028,0.04884005954593295
286,0.4672148758274082,0.45526519346094785,2.827350917711628,0.45729439976783787,0.43330631460546004,0.845996924334808,1,1.7332252584218402,0.0045045045045045045,0.14496314496314497,0.04571761547643406
287,0.46764699223236705,0.4551766486559634,2.830355405782838,0.45860555464258385,0.439555134348025,0.8472639108366439,1,1.7582205373921,0.004914004914004914,0.15028665028665028,0.04887837438882381
288,0.4670069096767927,0.45506763815669043,2.836607149961353,0.45885470550196433,0.4319987159092176,0.8492583391229284,1,1.7279948636368705,0.004095004095004095,0.1420966420966421,0.04467700603332277
289,0.4671913312224552,0.4549958024397084,2.8396310149505566,0.4592668211754947,0.43740631257333695,0.8515072786388057,1,1.7496252502933478,0.004914004914004914,0.14742014742014742,0.04707066900209505
290,0.46729915351664475,0.45493042656735067,2.8438862856940603,0.4599631064912916,0.43765039914804044,0.853451850095577,1,1.7506015965921617,0.004914004914004914,0.14742014742014742,0.04708163157763256
291,0.46680846581079205,0.45488215088276995,2.8466340841291196,0.460945918375217,0.4447821817232994,0.8551538603765363,1,1.7791287268931977,0.005323505323505323,0.15438165438165438,0.05055575913718814
292,0.46696225483616416,0.454700134928007,2.8511541509220377,0.46150789346612553,0.4437523679786148,0.8570363261986313,1,1.7750094719144591,0.005323505323505323,0.15397215397215397,0.05029137463205178
293,0.4669002008927386,0.454729271158455,2.8566789944877407,0.4618709007719566,0.4378260002042471,0.858346703103226,1,1.7513040008169884,0.004914004914004914,0.1466011466011466,0.046791252264525796
294,0.4670441344752422,0.45485663398253673,2.8610496597624793,0.4621801755986398,0.4373776932046506,0.8588964290362742,1,1.7495107728186023,0.0045045045045045045,0.14496314496314497,0.04572278342189018
295,0.4669117898906614,0.4547824785613356,2.8657244322252624,0.462685455045533,0.43614143227930025,0.8598149120671358,1,1.744565729117201,0.004095004095004095,0.1420966420966421,0.044657001121090514
296,0.46704739008805773,0.4548013153506356,2.8692370276032193,0.46274218129980577,0.4392829926915579,0.8606210369752729,1,1.7571319707662316,0.0045045045045045045,0.14496314496314497,0.04571103442483523
297,0.4669467855080158,0.4545761113288426,2.871012415388005,0.4642997364684857,0.44895889838532665,0.8621007256050789,1,1.7958355935413066,0.004914004914004914,0.1547911547911548,0.05054978257016109
298,0.466591425990613,0.45459596614173964,2.876565582254643,0.46433090081674944,0.44269846062285756,0.8625470701133516,1,1.7707938424914302,0.0045045045045045045,0.14782964782964783,0.04712501758230801
299,0.4666920965544546,0.45469101474645823,2.8812263154237923,0.46488600364709987,0.4398498602230061,0.8631153245529384,1,1.7593994408920244,0.004095004095004095,0.1420966420966421,0.04459951480841018
300,0.46688891649499353,0.4544843100251607,2.883719253360575,0.46648993886083395,0.44584462536307573,0.8644159635743285,1,1.783378501452303,0.004914004914004914,0.14823914823914824,0.04777855981281312
301,0.4669587464458284,0.4545059990302255,2.885976825959067,0.4675131595441944,0.452860408873761,0.8646551356874527,1,1.811441635495044,0.004914004914004914,0.15561015561015562,0.050885900818837856
302,0.466783050324588,0.4545051787583062,2.8897492520158146,0.46815612370898424,0.454182604094835,0.8654632581511382,1,1.81673041637934,0.004914004914004914,0.15601965601965603,0.05083176239729452
303,0.46663152183084294,0.4544911653886238,2.8934914124108726,0.46802425671627496,0.4554352035137223,0.8663336218477504,1,1.8217408140548892,0.004914004914004914,0.15601965601965603,0.05079794070973471
304,0.46666927197637914,0.45429547509511464,2.89761505346133,0.46835124875898226,0.4534426992064508,0.8679041664672975,1,1.8137707968258032,0.004914004914004914,0.1552006552006552,0.051028437639611644
305,0.46660403395388,0.454493203080634,2.9004182748095757,0.46953318107787534,0.4578889903244744,0.8684760857578868,1,1.8315559612978976,0.004914004914004914,0.15683865683865683,0.05108151418933559
306,0.46642551328068654,0.45433198590512414,2.9069175874288584,0.4686204527105895,0.44689682900959016,0.8686612674699044,1,1.7875873160383606,0.0045045045045045045,0.147010647010647,0.04687260113166559
307,0.4667437060538445,0.4541956285623474,2.9086442674419937,0.46974872674732576,0.4551554695628946,0.8690608352759904,1,1.8206218782515784,0.004914004914004914,0.15438165438165438,0.050287655786681894
308,0.46661890179034854,0.4543459090034087,2.9113665477813835,0.47000700486175295,0.45944036296916896,0.8693370835494956,1,1.8377614518766758,0.004914004914004914,0.15642915642915642,0.05121321734724526
309,0.466782200324519,0.45416480800807735,2.915567512510542,0.4711665089539734,0.4570197167867419,0.8696281761311451,1,1.8280788671469677,0.004914004914004914,0.1547911547911548,0.0506887377114455
310,0.46648296978330706,0.4544172746347047,2.921670903584368,0.4703069017053132,0.44630350554592757,0.8695354123775204,1,1.7852140221837103,0.0036855036855036856,0.14250614250614252,0.044794199607490995
311,0.4665849862737735,0.4541931992191149,2.9236313304197794,0.4709198021139247,0.4538722074340352,0.8697984090900666,1,1.815488829736141,0.004095004095004095,0.14946764946764945,0.04789469047000279
312,0.4664321943472247,0.45421213839765534,2.925387797241907,0.4714012778296183,0.4620366323470763,0.8707987404115042,1,1.8481465293883053,0.004914004914004914,0.15642915642915642,0.051296032354283636
313,0.4663821993696231,0.4542607643939869,2.92859740080668,0.47283331548028423,0.46354606084768196,0.870897274910993,1,1.8541842433907278,0.004914004914004914,0.15642915642915642,0.051218517681586036
314,0.46603041092449954,0.4543231304841357,2.9362302183300986,0.4718092904601206,0.44717378467380453,0.8697494281581483,1,1.7886951386952181,0.0036855036855036856,0.1420966420966421,0.044638433870980966
315,0.46655875154841675,0.45411166255511803,2.93591038054668,0.4737711799557199,0.46338227987242675,0.870996529221366,1,1.853529119489707,0.004914004914004914,0.15561015561015562,0.050997523514089003
316,0.46634205420036595,0.45394524420435295,2.9399722997578306,0.47400234267288877,0.4603678019413552,0.871330459731041,1,1.8414712077654207,0.004095004095004095,0.15315315315315314,0.04970177210498908
317,0.4663996414119871,0.45405356686585047,2.944138143661297,0.4739207564928767,0.45766025129117854,0.8711796114880888,1,1.8306410051647142,0.004095004095004095,0.14905814905814907,0.04801194749475688
318,0.466541487603135,0.45410936509200417,2.9466945563017655,0.47416910621803726,0.46077251198820995,0.870873366486756,1,1.8430900479528398,0.004095004095004095,0.1511056511056511,0.04907061344442909
319,0.4664006096592293,0.4539810884114778,2.950708108102931,0.47468749932091003,0.4570159016023878,0.8710592933962947,1,1.8280636064095512,0.004095004095004095,0.147010647010647,0.04658174388303863
320,0.46641505971685865,0.4539503207924689,2.9519708157279143,0.4752208474319832,0.4655274423598503,0.8717519888808097,1,1.862109769439401,0.004095004095004095,0.15601965601965603,0.05079161491274567
321,0.46626224838003494,0.4539475967953736,2.9550170768253823,0.475284442035136,0.46656048403937367,0.8716537539679646,1,1.8662419361574947,0.004095004095004095,0.15601965601965603,0.05078774090994647
322,0.466356590740328,0.4538350861134914,2.9586901460595905,0.47534008920543125,0.46469534225481196,0.8721201592617551,1,1.8587813690192478,0.004095004095004095,0.15356265356265356,0.050205139505189636
323,0.4663054734713323,0.4539980563658553,2.96218425854318,0.4755996508382501,0.4635122561999221,0.8717395665294049,1,1.8540490247996884,0.004095004095004095,0.1511056511056511,0.049192733950066785
324,0.4661660790695639,0.4539026710475545,2.966007789752954,0.475500948110472,0.4609570779544151,0.8723887838712117,1,1.8438283118176604,0.004095004095004095,0.14823914823914824,0.04782903049885906
325,0.46639009701507694,0.4537770596997362,2.9677742667103297,0.47607541536909614,0.4666489677778602,0.8726392455544993,1,1.8665958711114408,0.004095004095004095,0.15356265356265356,0.05024948270870288
326,0.46617858209427493,0.453837071778125,2.972496223847769,0.47582978845803275,0.46001644262952845,0.8722922698194411,1,1.8400657705181138,0.0036855036855036856,0.14414414414414414,0.04600446292282012
327,0.4663035740306391,0.453885018770751,2.9741669325505895,0.4762642941839654,0.4651114196414727,0.8735585715054257,1,1.8604456785658907,0.004095004095004095,0.14987714987714987,0.04847565561401346
328,0.46629603471354947,0.4536373736700239,2.9746454424617554,0.47832068280608137,0.47517094735183474,0.8730960364812443,1,1.900683789407339,0.004095004095004095,0.16052416052416052,0.05244320248725794
329,0.4663058895851295,0.45388726913409616,2.9779708938197174,0.47873083820866763,0.47321133970311974,0.8743469920605862,1,1.892845358812479,0.004095004095004095,0.15683865683865683,0.05149505387044707
330,0.4661663890330919,0.4538826881364432,2.9820120444859075,0.478810520189558,0.46822670720576043,0.8747396167640592,1,1.8729068288230417,0.004095004095004095,0.1511056511056511,0.04915394142894596
331,0.46621468655963383,0.4535384808809738,2.9829269685514768,0.479134929944374,0.4766353389394946,0.8756396724612235,1,1.9065413557579785,0.004095004095004095,0.16052416052416052,0.05243746959025366
332,0.4660242576772076,0.4539255886476254,2.9859267074737055,0.4791273446305611,0.4764767197211368,0.8757512260764168,1,1.9059068788845472,0.004095004095004095,0.15806715806715807,0.051373674828361034
333,0.4660658801924971,0.4536569344838049,2.989775512421404,0.47919197028261584,0.4723225688496518,0.8764369890558585,1,1.8892902753986072,0.004095004095004095,0.15601965601965603,0.050987161872155344
334,0.4660681921188363,0.4537715795836218,2.9933981774492073,0.4792252380494024,0.4691398509259167,0.876310422386078,1,1.8765594037036668,0.004095004095004095,0.14987714987714987,0.04849087573942506
335,0.46596908153454125,0.45369200672257637,2.994865722240987,0.47971188349709354,0.47522366257911397,0.8772857739833493,1,1.9008946503164559,0.004095004095004095,0.15601965601965603,0.05083712024571011
336,0.4663773384236555,0.45383794808884287,2.9968740681667274,0.4804737133631821,0.4785042142369857,0.8769932940648816,1,1.9140168569479428,0.004095004095004095,0.15806715806715807,0.051425987029287405
337,0.4658114677074135,0.4539868642824841,3.003189743585985,0.47948150957822355,0.4637829203338009,0.8770678675212445,1,1.8551316813352037,0.003276003276003276,0.14332514332514332,0.045444633490064536
338,0.4661636642339998,0.45363467363366705,3.0029295457690317,0.480396096985761,0.476608151170612,0.8774350669548683,1,1.906432604682448,0.004095004095004095,0.15601965601965603,0.05091597360303025
339,0.4659866063109135,0.4537929993840043,3.004829146909028,0.4807660957288292,0.4802594635796704,0.8771776379629507,1,1.9210378543186817,0.004095004095004095,0.15806715806715807,0.05147836048038774
340,0.46614109432756906,0.4535400570562994,3.00855542494724,0.4804971607307428,0.476086637046213,0.8777179069962061,1,1.904346548184852,0.0036855036855036856,0.15438165438165438,0.05027220467336042
341,0.4660892866551977,0.45362834773855687,3.010659871794231,0.48073653993182286,0.47908707229690956,0.8778262331296425,1,1.9163482891876382,0.0036855036855036856,0.15683865683865683,0.05130813183555742
342,0.4661569104344365,0.45348952109080437,3.0118665271686424,0.4821261428829437,0.48520328646885597,0.8775496353541031,1,1.9408131458754239,0.004095004095004095,0.16175266175266176,0.05362116918161012
343,0.46608854627317947,0.45357324227489293,3.016094138621177,0.48098288501055003,0.4793144917444618,0.8770053203938856,1,1.9172579669778471,0.0036855036855036856,0.15642915642915642,0.05103920266964378
344,0.46594487061734996,0.45361701975852126,3.0203897649324922,0.47980318685295686,0.47317463394621634,0.8771178122114862,1,1.8926985357848654,0.003276003276003276,0.14946764946764945,0.048407396132900606
345,0.46595615141193886,0.4534560096500124,3.021860724198766,0.4804608524129523,0.4782785115849262,0.8774923770266111,1,1.9131140463397047,0.0036855036855036856,0.15397215397215397,0.05044544516862114
346,0.4660423357551603,0.45343023784212766,3.02451711541073,0.48032006693661283,0.47862942599929714,0.8780464415288768,1,1.9145177039971886,0.0036855036855036856,0.15397215397215397,0.050469794334760704
347,0.4659497173005574,0.45341254093184935,3.0269710729685717,0.48049295141273674,0.47920545478075305,0.8787941326948604,1,1.9168218191230122,0.0036855036855036856,0.15397215397215397,0.05045743316201267
348,0.4660651505879214,0.453531695339508,3.028577066331578,0.4809308798112536,0.48284902381340866,0.8787516292364772,1,1.9313960952536346,0.0036855036855036856,0.15683865683865683,0.05143004632376846
349,0.4656365059047198,0.45353122522689115,3.0337640600686773,0.48032212067434915,0.4724032698837773,0.8781335740114194,1,1.8896130795351092,0.003276003276003276,0.14455364455364456,0.04627381596479265
350,0.46599405358607715,0.45348417766017823,3.033683334604672,0.4815721717553058,0.4832810245119211,0.8789665801840233,1,1.9331240980476845,0.0036855036855036856,0.15642915642915642,0.051091267885648335
351,0.46602941795245045,0.45334106941988245,3.0370158718642593,0.4804932966037929,0.48056552790373114,0.8791842245408426,1,1.9222621116149246,0.0036855036855036856,0.15397215397215397,0.050591521349415504
352,0.4660810346578521,0.4533792109542361,3.0390461788601395,0.48118123023041254,0.4824430158362529,0.8790720811756867,1,1.9297720633450115,0.0036855036855036856,0.15397215397215397,0.0504787026229787
353,0.4659907609008787,0.4531212983195118,3.0404055613256715,0.4810106177233978,0.48808304305494815,0.8786182189444067,1,1.9523321722197926,0.0036855036855036856,0.16052416052416052,0.0528651162877518
354,0.4659912585702445,0.4534226367743903,3.043644286312259,0.4812502862310663,0.484876769463885,0.8786484321638721,1,1.93950707785554,0.0036855036855036856,0.15642915642915642,0.0512345733129921
355,0.4661793393009806,0.4534674600098067,3.0457191160730828,0.48167305893478896,0.4865944346396812,0.8784057295165174,1,1.9463777385587249,0.0036855036855036856,0.15683865683865683,0.05156159444539199
356,0.4657033458139285,0.4534955878450891,3.0495834523378735,0.4812547817867823,0.48060314232987,0.8792639537299761,1,1.92241256931948,0.003276003276003276,0.14987714987714987,0.048447058150034465
357,0.46587711418373323,0.45348193651425595,3.051938299961473,0.4817593326129727,0.48046731073554705,0.8790368236461865,1,1.9218692429421882,0.003276003276003276,0.14946764946764945,0.04851443495192354
358,0.4658140128843989,0.4534697587264381,3.0523808631005593,0.482823964037985,0.4888898588105263,0.8792355576402824,1,1.9555594352421053,0.0036855036855036856,0.15724815724815724,0.05149320581601462
359,0.46584273718940694,0.45325824326533937,3.055845394706006,0.48282615953876495,0.48430114853992134,0.8802179403506383,1,1.9372045941596854,0.0036855036855036856,0.15397215397215397,0.05068596930707809
360,0.4657758111817798,0.4533808822022176,3.0570510873142336,0.4829141672824555,0.4890057382600763,0.8821892898957827,1,1.9560229530403053,0.0036855036855036856,0.15724815724815724,0.05150570441068695
361,0.4658995667027118,0.4533466625050394,3.059322394929541,0.4826237550707672,0.48890355268015806,0.8822551691104097,1,1.9556142107206322,0.0036855036855036856,0.15683865683865683,0.05157666358113838
362,0.46581858229918693,0.45330992236882156,3.0616659627730485,0.4823698722734695,0.48888181532620734,0.8827669239393338,1,1.9555272613048293,0.0036855036855036856,0.15642915642915642,0.05121077242455823
363,0.4659516819365677,0.4531870131651575,3.0646557496813442,0.4817553655036439,0.48580693825248217,0.8830262108066607,1,1.9432277530099287,0.0036855036855036856,0.15397215397215397,0.050716802741536886
364,0.46596943946584096,0.4533790050862584,3.0654304444357168,0.4828628956405675,0.49194112237045545,0.8834200881719054,1,1.9677644894818218,0.0036855036855036856,0.15765765765765766,0.05184457923578353
365,0.4657848534158252,0.4534067560391361,3.0693247179128393,0.48145921034645356,0.48543043019441334,0.8829094844124145,1,1.9417217207776534,0.003276003276003276,0.15151515151515152,0.04966543996741137
366,0.4658077780233894,0.4533680882338996,3.071856342210525,0.48163844993446736,0.4839973034845122,0.8831366703830897,1,1.9359892139380488,0.003276003276003276,0.14946764946764945,0.048601186699837026
367,0.465947325609834,0.453146281556259,3.0732503109888016,0.4825085387298612,0.4867499964981944,0.8832741086518353,1,1.9469999859927776,0.003276003276003276,0.15356265356265356,0.05041358089300496
368,0.46579213471705,0.4533345909972802,3.073871850978689,0.48339373897205984,0.49339052138489004,0.8833455322468856,1,1.9735620855395601,0.0036855036855036856,0.15765765765765766,0.05193475788583195
369,0.4656038574127049,0.4533360866269508,3.0783075163918703,0.48296983903596014,0.48434393647866847,0.8828768890446158,1,1.9373757459146739,0.003276003276003276,0.14823914823914824,0.047898186741163404
370,0.4658642152895162,0.45314186339677065,3.079304369450493,0.48376049681665867,0.489084682842448,0.8831481386127592,1,1.956338731369792,0.003276003276003276,0.15438165438165438,0.050776924399948464
371,0.4658581427340885,0.4532633146472055,3.080220182783563,0.48473715651855803,0.49358756391772374,0.8835705059718362,1,1.974350255670895,0.0036855036855036856,0.15724815724815724,0.05164254631284238
372,0.4658952766661676,0.453289772178589,3.0818815971476066,0.4853753009033003,0.49491401270215446,0.8846007983671429,1,1.9796560508086178,0.0036855036855036856,0.15724815724815724,0.05153004178494894
373,0.46536080102706273,0.45329173969022857,3.086211484468529,0.4850130537447658,0.4858624705162436,0.8847676693186011,1,1.9434498820649744,0.003276003276003276,0.14823914823914824,0.04787210324727712
374,0.4658353479064423,0.45310359990258053,3.0870990783692798,0.48580506937321044,0.4910040137656494,0.8850975179855353,1,1.9640160550625976,0.0036855036855036856,0.15397215397215397,0.05071443788331826
375,0.4657806143944243,0.4531159782305901,3.0886771061934493,0.48583884979827724,0.492458095114094,0.8853854315006598,1,1.969832380456376,0.0036855036855036856,0.15438165438165438,0.05062657802682087
376,0.4658972579437807,0.4529185385010276,3.0889170070444165,0.4871421424188537,0.4998705007216077,0.8852903157656634,1,1.9994820028864309,0.0036855036855036856,0.16134316134316135,0.05322400680191627
377,0.46592654054354626,0.45316076913877235,3.0919480801275556,0.4866538829421313,0.4950917411985992,0.8858331210095811,1,1.980366964794397,0.0036855036855036856,0.15642915642915642,0.05129111765144267
378,0.46576786173788753,0.4528143722524833,3.0928893924682574,0.4876671214343327,0.49886846852229144,0.8856204258027193,1,1.9954738740891658,0.0036855036855036856,0.16093366093366093,0.05339182718936066
379,0.4657301988634614,0.45281493183416854,3.09472633857703,0.4879960351805812,0.4995948155569538,0.8862493244856486,1,1.9983792622278151,0.0036855036855036856,0.16093366093366093,0.053351284522633206
380,0.465754571978214,0.452773957264286,3.09669726452861,0.4880507346435813,0.4992639928075963,0.8864467057538938,1,1.9970559712303853,0.0036855036855036856,0.16093366093366093,0.05342323314988425
381,0.46586018438943944,0.45273676009771063,3.0986582320051577,0.4880686407056936,0.4989880580323428,0.8867889809882079,1,1.9959522321293712,0.0036855036855036856,0.16052416052416052,0.053486161012998135
382,0.46552860554963527,0.45326721986975455,3.1023664185509925,0.4877269116488097,0.49172382040246687,0.8863282225355532,1,1.9668952816098675,0.003276003276003276,0.14987714987714987,0.04851978605814819
383,0.4656975818182055,0.45314404504512557,3.102677133541206,0.48899060833457036,0.49816322992618867,0.8873838016405527,1,1.9926529197047547,0.0036855036855036856,0.15724815724815724,0.05163336281687991
384,0.4657158193723334,0.4531153843105128,3.10448260453733,0.48890763016076505,0.4981435804220144,0.8878360110553608,1,1.9925743216880576,0.0036855036855036856,0.15724815724815724,0.051667811241436684
385,0.46564721424530453,0.45302241156600803,3.10682891375384,0.48898199087133254,0.49557633197679923,0.8878750791601607,1,1.982305327907197,0.0036855036855036856,0.15438165438165438,0.05068906436328461
386,0.46567302573335106,0.45299623813162676,3.108864511775868,0.48889686877702054,0.4951038290241443,0.8883600112682748,1,1.9804153160965772,0.0036855036855036856,0.15397215397215397,0.05076392725285376
387,0.4658821227238907,0.4529931315451637,3.1108924129269666,0.48859240125326353,0.4947435624821268,0.8873245482524105,1,1.9789742499285072,0.003276003276003276,0.15356265356265356,0.05047562772128099
388,0.46564269732783475,0.4528679337387002,3.1102900667465296,0.4897231284740568,0.5055185835172729,0.8880081721585842,1,2.0220743340690914,0.0036855036855036856,0.16216216216216217,0.0540093577456232
389,0.46567031918074875,0.4526905192187079,3.1128226059474873,0.489590880535921,0.5024752342425599,0.8879597112992837,1,2.0099009369702396,0.0036855036855036856,0.16093366093366093,0.05349259391231309
390,0.46562610800337584,0.45299768250073225,3.115909460566336,0.4883425457389737,0.4977974072939994,0.8879988602391661,1,1.9911896291759976,0.0036855036855036856,0.15438165438165438,0.05074483403069223
391,0.4657310403368701,0.45297925901157565,3.117706108352522,0.4889972945670445,0.4971013367068146,0.8875524754732733,1,1.9884053468272584,0.003276003276003276,0.15438165438165438,0.05084800490905847
392,0.4657070950480944,0.4527223997721997,3.1177523244663683,0.4896477476015459,0.5045865067769084,0.8873456461062168,1,2.0183460271076337,0.0036855036855036856,0.16093366093366093,0.05346185971334306
393,0.4654920680602608,0.4529667537099443,3.1213093654140334,0.4889617076559256,0.49693693285881363,0.8868723616294657,1,1.9877477314352545,0.003276003276003276,0.15356265356265356,0.050565662300264755
394,0.4658409699292387,0.4529576314191626,3.1197673194835187,0.49028279319413587,0.5099586971120031,0.888009431148242,1,2.0398347884480126,0.0036855036855036856,0.16707616707616707,0.05634742954707085
395,0.4654262949481074,0.45296903496041646,3.1242257455859885,0.48960723368148823,0.4993123073302201,0.888220272385281,1,1.9972492293208803,0.003276003276003276,0.1547911547911548,0.05079865267640178
396,0.4657160350054604,0.4527116527015358,3.1242972381840093,0.4895942852855534,0.5068030443860911,0.888906818153073,1,2.0272121775443646,0.0036855036855036856,0.16093366093366093,0.05339563400789312
397,0.46547444302700214,0.452613168730381,3.1264997041364055,0.48917460110367,0.5052598026219794,0.8895673152104264,1,2.021039210487918,0.0036855036855036856,0.16093366093366093,0.05356779974454087
398,0.46577465991058714,0.4527008858703635,3.1274820063692714,0.48966608499824893,0.507805710351196,0.889993674279158,1,2.031222841404784,0.0036855036855036856,0.16093366093366093,0.05335740458919016
399,0.4656861512564503,0.4530248109454059,3.1302131500264565,0.48970807273830563,0.5039439384147791,0.8895664757476196,1,2.0157757536591165,0.0036855036855036856,0.15724815724815724,0.05177387523870691
400,0.46571087946815887,0.4529096616647739,3.132914565312386,0.48893905579096586,0.49978408616228076,0.8897091407047185,1,1.999136344649123,0.003276003276003276,0.15397215397215397,0.05094378123194229
401,0.46556806545337825,0.4528937720732502,3.134787191744602,0.48822893050691907,0.4990776683291935,0.8896323701340647,1,1.996310673316774,0.003276003276003276,0.15356265356265356,0.050655181999106846
402,0.46561900166031145,0.4526753396062668,3.134016005039103,0.4898219488426391,0.5090946936050356,0.8898185467237281,1,2.0363787744201423,0.0036855036855036856,0.16093366093366093,0.053420627901216614
403,0.46551863337708,0.45296732875020335,3.136571310578802,0.49014919180672756,0.5041805465443651,0.8903233552233216,1,2.0167221861774602,0.0036855036855036856,0.1552006552006552,0.051055255022990985
404,0.46573569737833276,0.4529699839647588,3.137974563236766,0.4901160561111129,0.5050017040405687,0.8907497348106511,1,2.0200068161622746,0.0036855036855036856,0.15724815724815724,0.051836873530661826
405,0.46531266308874086,0.4528570876996597,3.1409437545418646,0.48928287835076223,0.49946858014001183,0.8912459729161791,1,1.9978743205600473,0.003276003276003276,0.15315315315315314,0.05070502483534967
406,0.4655648756788393,0.45308681434982523,3.1428425759171765,0.48962469602728365,0.49853991060185526,0.8908595580043839,1,1.994159642407421,0.003276003276003276,0.14864864864864866,0.04797582703928429
407,0.46561270780923253,0.4526986446723411,3.141141326635493,0.49174915603155334,0.5121613205737082,0.8911681125553002,1,2.048645282294833,0.0036855036855036856,0.16257166257166258,0.05452068884165733
408,0.46503611950568263,0.45307878496192433,3.147129436201676,0.4904079123556308,0.4936749483397779,0.8915878907879501,1,1.9746997933591115,0.003276003276003276,0.14455364455364456,0.046738118792079286
409,0.46567477909943983,0.4529042748836004,3.1457967873683192,0.49267876459646287,0.5051815188926673,0.8919587308490622,1,2.020726075570669,0.0036855036855036856,0.15438165438165438,0.050686916595626685
410,0.46561045192181605,0.4525846557699847,3.146076886109331,0.4938108432712101,0.5106301699835967,0.8915005118927917,1,2.0425206799343867,0.0036855036855036856,0.16134316134316135,0.053905198571377884
411,0.46555610726267105,0.45287033891121176,3.149054608219262,0.4926901018769953,0.504757561567558,0.8918807172356342,1,2.019030246270232,0.003276003276003276,0.1547911547911548,0.050802580778086574
412,0.46575441888942865,0.45289817284133366,3.1502177881273887,0.4932870943826895,0.5057894428436004,0.8909885811282015,1,2.0231577713744016,0.0036855036855036856,0.15438165438165438,0.050765336672097094
413,0.46553517453133375,0.4528784252668654,3.1517160962799577,0.49426119926671747,0.5051068117824736,0.8905804024462273,1,2.0204272471298945,0.003276003276003276,0.1547911547911548,0.05085109980275363
414,0.4653680745046272,0.45304425633271483,3.1547680950215526,0.49313682324678826,0.4982101949734874,0.8900137740856892,1,1.9928407798939496,0.003276003276003276,0.14537264537264538,0.04740891277057674
415,0.46544298225156383,0.45304413773513363,3.1558854329170907,0.4932347590816012,0.49972879427118116,0.8903708149378708,1,1.9989151770847247,0.003276003276003276,0.14537264537264538,0.04730759713955514
416,0.4657057648059321,0.452967162620103,3.1549242975677285,0.4940788431194303,0.5098342719921983,0.8899127653298763,1,2.0393370879687933,0.0036855036855036856,0.15765765765765766,0.05224355308081287
417,0.46532784839083075,0.4528312212224286,3.1577736896078235,0.4935327122239273,0.5037250139506859,0.8903391206499114,1,2.0149000558027437,0.003276003276003276,0.15233415233415235,0.049907906178737464
418,0.4655426600287862,0.45285547165399376,3.1582870104682663,0.4939317524572644,0.5066149337010076,0.8911294807891449,1,2.0264597348040305,0.003276003276003276,0.1547911547911548,0.05088177596241425
419,0.4655308836273892,0.4525545311710495,3.157883506205282,0.4949994688107706,0.5133672632272657,0.8916988729641094,1,2.0534690529090627,0.0036855036855036856,0.16134316134316135,0.053950257152877386
420,0.46533687092221165,0.4528318815150011,3.1607246210854525,0.4943487807344021,0.5067558151985266,0.8923170923434893,1,2.0270232607941066,0.003276003276003276,0.1547911547911548,0.05088549251236895
421,0.46546609135596084,0.45288683189697754,3.16140033421333,0.49508244594426193,0.5093912020886865,0.8924046380616882,1,2.037564808354746,0.0036855036855036856,0.1552006552006552,0.051092774474972305
422,0.46538327132609186,0.4528191387636091,3.1630102927607524,0.49459444105355965,0.5077246328224464,0.8936686545715093,1,2.0308985312897856,0.003276003276003276,0.1547911547911548,0.050817313581865683
423,0.46581037260369784,0.4527948700382559,3.164657345957109,0.4942535850572761,0.5062121783852255,0.8931321165994586,1,2.024848713540902,0.003276003276003276,0.15356265356265356,0.05059361433310397
424,0.4654963500461944,0.45280165715762877,3.1656726098455947,0.4946607176517048,0.507335535520643,0.8934680460857308,1,2.029342142082572,0.003276003276003276,0.1547911547911548,0.05091913369262389
425,0.4653925847618,0.4528048972621367,3.1668003755480316,0.49526169457578706,0.5078055604681321,0.8932743120627014,1,2.0312222418725283,0.003276003276003276,0.1547911547911548,0.0509038293071376
426,0.46567936690029504,0.4527888562052417,3.1681545435961835,0.4962304912053863,0.5071238160516814,0.8932538139778657,1,2.0284952642067258,0.003276003276003276,0.15397215397215397,0.05056493830262338
427,0.46576645196993227,0.4524342477362045,3.1678529082506537,0.4967425501432661,0.5135224910434131,0.8933046101954999,1,2.0540899641736523,0.0036855036855036856,0.16052416052416052,0.053700603516231
428,0.46541898836303036,0.45277101015489174,3.170736319026834,0.4965498616538359,0.506440922166037,0.8933692568274971,1,2.025763688664148,0.003276003276003276,0.15356265356265356,0.050672724516287
429,0.46553275119569043,0.4528089989261307,3.171104240627232,0.4968797657007904,0.5095836135836127,0.8934891813291245,1,2.038334454334451,0.003276003276003276,0.1547911547911548,0.05083003631762747
430,0.46554974911532776,0.45246161189778694,3.171023633096546,0.4978562314164875,0.5152138438509207,0.8935413254422657,1,2.060855375403683,0.0036855036855036856,0.16093366093366093,0.05361296328383685
431,0.4652697167654303,0.4528665490950471,3.1727184701520224,0.49832921287652204,0.5132792530716195,0.8942062037071787,1,2.053117012286478,0.0036855036855036856,0.15765765765765766,0.052192887371928634
432,0.46526364579996005,0.4529947275294717,3.175627253620054,0.4973260825280131,0.506430014017958,0.8944639669674376,1,2.025720056071832,0.003276003276003276,0.14905814905814907,0.048313782037118155
433,0.4656173345355424,0.4524456150295425,3.174668097806248,0.49837385924188254,0.5162632998658725,0.8949208506734656,1,2.06505319946349,0.0036855036855036856,0.16134316134316135,0.053970392268413436
434,0.46516001650776423,0.4528453650485563,3.1763706225727772,0.49764045213374397,0.5142813510389839,0.8957839350664013,1,2.0571254041559355,0.0036855036855036856,0.15765765765765766,0.05216704435719028
435,0.46529792814937737,0.4529562815124672,3.179548873302519,0.4952995743020242,0.5059679736213898,0.8958657475144836,1,2.023871894485559,0.003276003276003276,0.14864864864864866,0.04801620587076954
436,0.4655461991709559,0.4527476491714319,3.1796559291870543,0.4958099270928058,0.5108072418738033,0.896208141062094,1,2.0432289674952133,0.003276003276003276,0.1547911547911548,0.050878386108416856
437,0.4653505222074917,0.4527097481134187,3.181469343145108,0.4957725490484854,0.50783965150639,0.8960678957945168,1,2.03135860602556,0.003276003276003276,0.15233415233415235,0.04993869930694817
438,0.46565732669697163,0.45240246734730716,3.180143956473634,0.49777828991544915,0.517321787053204,0.8965029585736192,1,2.069287148212816,0.0036855036855036856,0.16134316134316135,0.053982904413707275
439,0.46530147980338676,0.4527241176061267,3.1827966839193342,0.4972959327335655,0.5107227205691568,0.8968548014213715,1,2.042890882276627,0.003276003276003276,0.1547911547911548,0.05091364650786335
440,0.46565231840810606,0.45250717417330105,3.181467634756015,0.4984417961827745,0.5206661427818328,0.8975075750009304,1,2.082664571127331,0.0036855036855036856,0.16339066339066338,0.05494357312557959
441,0.46520937279952707,0.4527005564186995,3.1851302925101592,0.49699440572516346,0.5104776922621137,0.8975834080996724,1,2.041910769048455,0.003276003276003276,0.15397215397215397,0.05056481301863224
442,0.46556410194715164,0.4523954146316803,3.1842828780382764,0.49857985407241845,0.5185537111882008,0.8974221533021355,1,2.0742148447528033,0.0036855036855036856,0.16134316134316135,0.05394198160381506
443,0.46518626884985337,0.4527577937983341,3.186205354864963,0.4982840343372529,0.5147021794680762,0.8977459472600962,1,2.0588087178723047,0.0036855036855036856,0.15765765765765766,0.05230202231265329
444,0.4652417376279804,0.4526856776149156,3.1887090242961755,0.4980672452414322,0.509675726796359,0.8971066873517232,1,2.038702907185436,0.003276003276003276,0.15356265356265356,0.05070938243224444
445,0.4654349315349764,0.45255086500892894,3.1868239542276195,0.5006094125321834,0.5225311648333758,0.8968304181774178,1,2.090124659333503,0.0036855036855036856,0.16339066339066338,0.05490547220927253
446,0.4652781185030548,0.4527705880393159,3.1897157717601727,0.4998565327634892,0.5155692589990105,0.8963447458112445,1,2.062277035996042,0.0036855036855036856,0.15765765765765766,0.052332481113466896
447,0.46556348124638003,0.4523753336885517,3.1899274094163603,0.4996451655471199,0.5193897824201115,0.896737192533467,1,2.077559129680446,0.0036855036855036856,0.16093366093366093,0.053611877725005724
448,0.4654472407546526,0.45276884759775526,3.1917193105647272,0.49968271111588974,0.5163367725064387,0.8968199335924665,1,2.065347090025755,0.0036855036855036856,0.15765765765765766,0.0523091628078094
449,0.4654818056752191,0.4527751950850424,3.1926202069130567,0.5001292653958219,0.5166458353688542,0.8963933382840633,1,2.066583341475417,0.0036855036855036856,0.15765765765765766,0.05231135088059829
450,0.4652429334508668,0.45271015337664605,3.1944515930673916,0.49922368546785906,0.513697883484259,0.896474128870374,1,2.054791533937036,0.003276003276003276,0.15438165438165438,0.05052873461420576
451,0.4651425511441502,0.45290688813991303,3.196725145980128,0.4986225342796702,0.5081196978822545,0.8974610139219958,1,2.032478791529018,0.003276003276003276,0.14823914823914824,0.04814366643391346
452,0.4656192495632897,0.45229021533481883,3.193334386586637,0.5016007940778938,0.5270783866242326,0.8969992634686335,1,2.1083135464969303,0.0036855036855036856,0.16953316953316952,0.057023575755986045
453,0.4655429511782746,0.4522444968858391,3.1944377257578758,0.5015745508761322,0.526722038244917,0.897016403722239,1,2.106888152979668,0.0036855036855036856,0.16871416871416872,0.0570831061179275
454,0.46519974426659716,0.45257171030774,3.195934966854267,0.5013902081332833,0.525282675716078,0.8975206334510691,1,2.101130702864312,0.0036855036855036856,0.16339066339066338,0.054873067659147984
455,0.4654247076938396,0.4522758639122942,3.1983682427883906,0.500548043359569,0.5195505363426135,0.8983032777812908,1,2.078202145370454,0.0036855036855036856,0.16093366093366093,0.053743381826086636
456,0.46555395527790944,0.4527272053215919,3.199780062985988,0.5005979805067727,0.5175807309105316,0.8980519625839711,1,2.0703229236421263,0.0036855036855036856,0.15765765765765766,0.05235199504166617
457,0.4656049098831799,0.45237259131321395,3.199450769077741,0.5006363202948124,0.5226636641945583,0.8994005881894019,1,2.0906546567782334,0.0036855036855036856,0.16134316134316135,0.053886225165242274
458,0.46518693265161426,0.4526697774267049,3.2021007332005054,0.4993593851781302,0.5161564551826016,0.9002306831462914,1,2.0646258207304062,0.003276003276003276,0.1552006552006552,0.050810840767719315
459,0.4653990542295843,0.45225252025076224,3.20205623820877,0.4995283448370942,0.5208368371595072,0.9002633796760362,1,2.083347348638029,0.0036855036855036856,0.16093366093366093,0.05368890161665271
460,0.46506742959673053,0.45224114639459223,3.2030809608675335,0.49918374010397937,0.5209740878699993,0.9007745510400109,1,2.0838963514799973,0.0036855036855036856,0.16052416052416052,0.053260182644304405
461,0.4653477853249995,0.45222146173851013,3.204168715093716,0.4994510482399212,0.5204031058693964,0.9006146055698746,1,2.0816124234775857,0.0036855036855036856,0.16052416052416052,0.053333183906896287
462,0.46505179386681217,0.45264021018757516,3.20640346136654,0.49866694398260086,0.5156241142062311,0.9000965613086469,1,2.0624964568249244,0.0028665028665028664,0.1547911547911548,0.05097429532344271
463,0.4653148779161249,0.45262903329050763,3.2073278433952948,0.49882621296786783,0.5152971260299236,0.9003825342960311,1,2.0611885041196945,0.0028665028665028664,0.15438165438165438,0.050602106727915944
464,0.4653917559568967,0.4527090524541699,3.207224975089239,0.4999910099653161,0.519808696489762,0.8995320285490221,1,2.079234785959048,0.003276003276003276,0.15806715806715807,0.05232288850053313
465,0.46549986024586026,0.45268729961203225,3.2082799647316906,0.5002592065945882,0.5191323448462809,0.8994356639422773,1,2.0765293793851236,0.003276003276003276,0.15806715806715807,0.0523996361800292
466,0.4654404621544577,0.4524254627025788,3.2073743309538814,0.5023000103255396,0.5261134530401659,0.8991971697406986,1,2.1044538121606635,0.0036855036855036856,0.16339066339066338,0.055024592387231064
467,0.46538652491819005,0.4523411136368166,3.208604887220708,0.5023222560730248,0.5242749595634244,0.8991399461517492,1,2.0970998382536976,0.0036855036855036856,0.16134316134316135,0.0539604130977918
468,0.465494589846452,0.45211896538714313,3.2085168287024226,0.5025408389598144,0.5288054947707714,0.8993188769925307,1,2.1152219790830857,0.0036855036855036856,0.1683046683046683,0.05718027224357735
469,0.4650295089416667,0.4528780295919449,3.2139463386910454,0.5001250761261232,0.5096085419683253,0.898728605386476,1,2.038434167873301,0.0028665028665028664,0.1457821457821458,0.04753144999513811
470,0.4657893988526414,0.4522912624111014,3.2112632293149086,0.5021602528234118,0.5238735387817133,0.8991779223190861,1,2.095494155126853,0.003276003276003276,0.16134316134316135,0.05365583389751626
471,0.46542262097952086,0.4525525512902385,3.2109442884969193,0.5027336755793936,0.529030779379424,0.8990485993446802,1,2.116123117517696,0.003276003276003276,0.16748566748566748,0.05651101269481735
472,0.4654356949044862,0.452211988439484,3.2112434971777346,0.5033211394185618,0.5307492417643344,0.8989585173097571,1,2.1229969670573374,0.0036855036855036856,0.16953316953316952,0.05708236629800815
473,0.4651924163489556,0.452702828427254,3.214492575113772,0.5023495380890911,0.5214573981610082,0.8993362422512559,1,2.085829592644033,0.003276003276003276,0.15847665847665848,0.052764611828075014
474,0.46524724975164994,0.45261811255652384,3.2165393901743085,0.5016472338745631,0.5167961090564365,0.8995097017841087,1,2.067184436225746,0.0028665028665028664,0.15438165438165438,0.050679452809959585
475,0.46555847969449077,0.4526201823336238,3.217192634853858,0.5017826405639303,0.5172392116726722,0.8994065650894569,1,2.0689568466906887,0.0028665028665028664,0.15438165438165438,0.05066108008647771
476,0.4655153726615378,0.4526995002862219,3.21680874829424,0.5031718845609395,0.5221284719555452,0.8996022895749601,1,2.088513887822181,0.003276003276003276,0.15847665847665848,0.05274422542389147
477,0.4654781144843051,0.4521586328070608,3.215604692054782,0.5037840585565034,0.5312045657958435,0.8999274216920099,1,2.124818263183374,0.003276003276003276,0.16912366912366913,0.0571172269409842
478,0.46536828751235026,0.4526252620526841,3.2194086258096872,0.5023904485096664,0.5186605815209718,0.8994928309863481,1,2.0746423260838873,0.0028665028665028664,0.15438165438165438,0.05058928632747871
479,0.46536783863890535,0.4526710502619409,3.2193729435210194,0.5035803857115657,0.5217575555527084,0.8998806225693902,1,2.0870302222108337,0.003276003276003276,0.15806715806715807,0.05238579133970702
480,0.4656069151971268,0.45268633458636975,3.2199602574301145,0.5039574993294422,0.5226111560471043,0.8998834633472563,1,2.090444624188417,0.003276003276003276,0.15847665847665848,0.052759143357800194
481,0.4653095677946573,0.45262846734045326,3.221564171926677,0.5030560562913837,0.5204022156191442,0.8995588840101679,1,2.081608862476577,0.0028665028665028664,0.15642915642915642,0.051738956305980695
482,0.4654189361249027,0.4523376417049856,3.2206925788995973,0.5044873936830736,0.5273393520452568,0.899079204162676,1,2.1093574081810273,0.003276003276003276,0.16216216216216217,0.054401515859029054
483,0.4654619958058586,0.4523325732156317,3.221418091836165,0.505023695181144,0.5274082149471399,0.8991921611267424,1,2.1096328597885594,0.003276003276003276,0.16216216216216217,0.05440039734479716
484,0.4652511629341141,0.4526799027033019,3.2232795021831873,0.5043806589395607,0.5229884958321284,0.8993167324460671,1,2.0919539833285135,0.003276003276003276,0.15847665847665848,0.052818753361930315
485,0.4652033902134371,0.4526080585271347,3.2245806178496648,0.5046115325746828,0.5202732187134604,0.8995388789844802,1,2.0810928748538418,0.0028665028665028664,0.1552006552006552,0.050968136226471984
486,0.4654506770534867,0.4526102762316359,3.2255228259149593,0.504822617440243,0.5194417179825453,0.8994136248010616,1,2.0777668719301814,0.0028665028665028664,0.15438165438165438,0.050631442153123
487,0.4652725016845773,0.4522762620848898,3.224425206706506,0.5060182951484149,0.5269587563267218,0.8996406133113022,1,2.1078350253068874,0.003276003276003276,0.16175266175266176,0.054073642807685805
488,0.4652535590405733,0.45261490290115336,3.226580197658015,0.5051327607763093,0.5211648760038889,0.8992845831270072,1,2.0846595040155558,0.0028665028665028664,0.15561015561015562,0.05094424529541873
489,0.46529034865448743,0.4526164896076482,3.227872863406075,0.5050347726742471,0.520096791404211,0.8986878776582594,1,2.080387165616844,0.0028665028665028664,0.15438165438165438,0.05065444707525156
490,0.4652132923490565,0.45222903496708877,3.2273479471750206,0.5053663439110516,0.5264104356477073,0.8991307576900897,1,2.105641742590829,0.003276003276003276,0.16134316134316135,0.05378950513810147
491,0.4654027343780319,0.45270797239010896,3.2283033918172386,0.5061928912963878,0.525409462700122,0.8992405086869053,1,2.101637850800488,0.003276003276003276,0.15847665847665848,0.05271803651187967
492,0.4651685390548638,0.45269290406092394,3.229110884040098,0.5061225733659317,0.5251060880913346,0.899132346294461,1,2.1004243523653385,0.003276003276003276,0.15847665847665848,0.052765821307091676
493,0.4652975704769956,0.4522189133696676,3.2296620996357257,0.5053820380111148,0.5269295114933531,0.8997331949127788,1,2.1077180459734124,0.003276003276003276,0.16134316134316135,0.053785857300137865
494,0.46507204414766634,0.4525819306268694,3.232369335553699,0.5041906133997244,0.5186236148817216,0.9001729279955343,1,2.0744944595268864,0.0028665028665028664,0.15315315315315314,0.05002962759708895
495,0.46547339248649644,0.4523035416794808,3.230458417918198,0.5054861993673923,0.5297601784677342,0.9003729661114455,1,2.1190407138709366,0.003276003276003276,0.16257166257166258,0.054798794292241486
496,0.4651150777062958,0.45218901741770673,3.232304903414175,0.5051606453498094,0.5263181411217203,0.8994589809500798,1,2.105272564486881,0.003276003276003276,0.16093366093366093,0.05391194315668368
497,0.46538719253322114,0.4526823413590817,3.233109600922191,0.5045138136707094,0.5259346654074556,0.8996733026734373,1,2.1037386616298224,0.003276003276003276,0.15847665847665848,0.05281079526273946
498,0.4653607013766955,0.4521661406743778,3.2314447715666152,0.5067109177915728,0.5351414972857909,0.900758064069559,1,2.1405659891431634,0.003276003276003276,0.16994266994266993,0.05711234798359217
499,0.4650266023593786,0.45232105759265756,3.2330866043893014,0.5058869669070781,0.5308982629525706,0.900834096988058,1,2.1235930518102824,0.003276003276003276,0.16257166257166258,0.054749922432898536
500,0.46524891014595565,0.45267773595530103,3.234781164480656,0.5055928249483023,0.5264521190493776,0.9002973202869661,1,2.1058084761975104,0.003276003276003276,0.15847665847665848,0.052771572208671104
501,0.4649989675655715,0.4525775722479547,3.2370156214017825,0.5056335190895135,0.5193491734787341,0.9001533052335997,1,2.0773966939149364,0.0028665028665028664,0.15192465192465193,0.049232980468080924
502,0.46531458351808214,0.4525776470237609,3.2374345482750186,0.5060665934669165,0.5201985120137489,0.9000635005132901,1,2.0807940480549956,0.0028665028665028664,0.15315315315315314,0.04999593515175313
503,0.4657191540983405,0.45259814507828083,3.237171070530339,0.5062699941185138,0.523816976986149,0.8999184328505415,1,2.095267907944596,0.0028665028665028664,0.15601965601965603,0.051366560561068135
504,0.46524493979486214,0.45259708978917396,3.2385678102882016,0.5063021716806116,0.5216920581345978,0.8985765992202612,1,2.0867682325383914,0.0028665028665028664,0.15356265356265356,0.04994777140262464
505,0.4656023633033048,0.45265796660338414,3.238466295997407,0.507027465331571,0.5258236782807171,0.8979665542845402,1,2.1032947131228683,0.0028665028665028664,0.15683865683865683,0.052126156527940226
506,0.46549003643009645,0.4523724336802751,3.2376957142985154,0.5080116148756786,0.5323230306516382,0.8979380447778669,1,2.129292122606553,0.003276003276003276,0.16298116298116297,0.05479812811869005
507,0.4653412044120611,0.45262488083770674,3.2400847909301143,0.5074189400836148,0.525135125300653,0.8980755780457338,1,2.100540501202612,0.0028665028665028664,0.15642915642915642,0.05180009005792527
508,0.4657650275243024,0.4527386191762061,3.236821556329067,0.5090103678343376,0.5418072873898581,0.8981665777820439,1,2.1672291495594322,0.003276003276003276,0.17158067158067158,0.05797701572432169
509,0.46485122820465496,0.4525852299100592,3.2420758466516757,0.5065378148393328,0.5225900778489525,0.8992351355423833,1,2.09036031139581,0.0028665028665028664,0.15356265356265356,0.049937462277682546
510,0.4652706079600406,0.45219030348249234,3.241200369392561,0.5077771696754902,0.5289825770247785,0.9000987029255851,1,2.115930308099114,0.003276003276003276,0.16093366093366093,0.05384800666166964
511,0.4654989063037835,0.4522130616107116,3.2415950926073496,0.507590527762797,0.53017109434494,0.9005828137632998,1,2.12068437737976,0.003276003276003276,0.16175266175266176,0.05417921190132092
512,0.4651014282358329,0.452275427730309,3.241917661113221,0.5075620541873602,0.5319954997472112,0.9005052698225192,1,2.1279819989888447,0.003276003276003276,0.16216216216216217,0.05445369043860886
513,0.4652040626027446,0.45216180967304176,3.2433648735731766,0.5067557485241772,0.5292220113014304,0.9015596296319696,1,2.1168880452057217,0.003276003276003276,0.16134316134316135,0.05385599224378909
514,0.46528204879197654,0.452820592851369,3.246444245890868,0.5058541627621012,0.5183386300144701,0.9013881704597528,1,2.0733545200578805,0.002457002457002457,0.1466011466011466,0.04786344485617196
515,0.46535356144940215,0.4526430750861377,3.2447717010857837,0.5074111272375761,0.528276701052007,0.9013659756835458,1,2.113106804208028,0.003276003276003276,0.15847665847665848,0.05280245494347022
516,0.46503858708897905,0.4521823098857604,3.244872067322711,0.5073926905660958,0.5303224298723452,0.9014772304825429,1,2.121289719489381,0.003276003276003276,0.16134316134316135,0.0537957200712622
517,0.46517119133910967,0.4528186596548972,3.2478941866902096,0.5067192425601198,0.5200478648582764,0.9011713124297831,1,2.0801914594331055,0.0028665028665028664,0.14946764946764945,0.04859063813733411
518,0.46531032502841,0.4524750244770389,3.2447423458840277,0.50810250286814,0.5362696548660075,0.9014852503647626,1,2.14507861946403,0.003276003276003276,0.16461916461916462,0.05495150417596586
519,0.46516447381299164,0.4521825744051199,3.244816541407636,0.5088433013613002,0.5386076382702244,0.9019337408544795,1,2.1544305530808976,0.003276003276003276,0.16994266994266993,0.057087401921452494
520,0.4651072660738725,0.4525464288541225,3.2488987289170606,0.5073505726529212,0.5241022375468635,0.901807611610657,1,2.096408950187454,0.0028665028665028664,0.15438165438165438,0.05070644959871094
521,0.46556979110149904,0.4525860274769024,3.2486984525156894,0.5081466876585972,0.5271300974629033,0.9010649552755835,1,2.108520389851613,0.0028665028665028664,0.15683865683865683,0.052155380286300304
522,0.46554517091291325,0.4523302191381952,3.2475908579405264,0.5092199701311331,0.5345623914760665,0.9008020377241985,1,2.138249565904266,0.003276003276003276,0.16339066339066338,0.0551609126117417
523,0.4650986859152522,0.4525535876590179,3.2508847764879203,0.5077669553379952,0.5226539509887842,0.9009825393540846,1,2.090615803955137,0.0028665028665028664,0.15315315315315314,0.050063891441303694
524,0.46526219877122293,0.4522907459454412,3.248742130712919,0.5083113360576451,0.534173093816195,0.9011705021248549,1,2.13669237526478,0.003276003276003276,0.16298116298116297,0.05481681455391817
525,0.46482122094116535,0.4528092660324739,3.252329840020404,0.5060906806288112,0.5219988102957701,0.901862531149605,1,2.0879952411830804,0.0028665028665028664,0.14946764946764945,0.04853889985173373
526,0.4651479263471259,0.45283353179113695,3.25393674776568,0.5057433789385248,0.5172526150280051,0.901863330557273,1,2.0690104601120205,0.002457002457002457,0.14619164619164618,0.047676626072329475
527,0.4656743195782514,0.4521269218049806,3.251371162002795,0.508419851033376,0.5299944479258462,0.9017339803933903,1,2.1199777917033846,0.003276003276003276,0.16093366093366093,0.05395296641465546
528,0.4651495120922152,0.45254416075616016,3.253150125301194,0.5072141798070339,0.5260025705077448,0.9008894589074607,1,2.104010282030979,0.0028665028665028664,0.1547911547911548,0.051113537781199245
529,0.4655748623921855,0.4521886365328284,3.252112154513614,0.5093066117051371,0.5320213018201807,0.9006254030280204,1,2.128085207280723,0.003276003276003276,0.16175266175266176,0.05425460331920509
530,0.46498203861423565,0.4528169394597322,3.2550221307837006,0.5073446973011437,0.5225893590274792,0.9009506849685939,1,2.0903574361099166,0.002457002457002457,0.15028665028665028,0.04855927403202402
531,0.4653503540890297,0.45254866150964085,3.254988990484702,0.5078605763594362,0.5252553050356845,0.900804074377932,1,2.101021220142738,0.0028665028665028664,0.15356265356265356,0.04996499583917568
532,0.46558979373335874,0.452224987151686,3.253596562854237,0.5092731429195309,0.533456820771893,0.9005276140707794,1,2.133827283087572,0.003276003276003276,0.16175266175266176,0.05417979068841545
533,0.46483576370492957,0.4528254552614964,3.256976472689093,0.5079650108688906,0.521928940088684,0.8999114454164278,1,2.087715760354736,0.002457002457002457,0.14987714987714987,0.04867066884248318
534,0.46533919378035415,0.45229190287608095,3.252985638804888,0.5108236158797579,0.5414441766315163,0.8997643859971606,1,2.1657767065260654,0.003276003276003276,0.17076167076167076,0.05751583136092004
535,0.46545927503336315,0.4523371701343784,3.2548417235538296,0.5099068045736916,0.5363168085671256,0.900206788037786,1,2.1452672342685024,0.003276003276003276,0.16339066339066338,0.05479409501235246
536,0.46502244472217885,0.45283091093917704,3.2585018610410046,0.5087270000409199,0.5229213239307007,0.8993490708332921,1,2.0916852957228027,0.002457002457002457,0.14987714987714987,0.048633850908739146
537,0.4651983583844079,0.45237942729040526,3.25431152170828,0.5111586781080043,0.542727810108299,0.9004515672291487,1,2.170911240433196,0.003276003276003276,0.17117117117117117,0.057828696596875374
538,0.46512030269428317,0.4525672285230272,3.258301484467351,0.5088110762357028,0.5288192785061707,0.900312310145977,1,2.115277114024683,0.0028665028665028664,0.15642915642915642,0.05185426374171805
539,0.4652215479204932,0.4523079817683032,3.2571820940953824,0.5097534964265463,0.5362747528319414,0.8999755104588302,1,2.1450990113277655,0.003276003276003276,0.16257166257166258,0.05445976050117235
540,0.4653736890441367,0.45209969747471923,3.2568872011994063,0.5109160637857473,0.5399293536785256,0.8999456060686207,1,2.1597174147141023,0.003276003276003276,0.16912366912366913,0.0573096797223912
541,0.4649524539813823,0.45215243893862234,3.2592907849737394,0.5099685746197007,0.5325629774238231,0.9008755254817534,1,2.1302519096952923,0.003276003276003276,0.16093366093366093,0.053937886828720645
542,0.4653431798068626,0.4524891732145765,3.2582389434598604,0.5108991821163771,0.5394231541984328,0.9009012232021962,1,2.157692616793731,0.003276003276003276,0.16461916461916462,0.054997199374768074
543,0.465323642506226,0.4521994816366447,3.2598572438565947,0.5103069272515892,0.5344172488644926,0.9006933578143377,1,2.1376689954579704,0.003276003276003276,0.16175266175266176,0.05423120747286911
544,0.46517659144521334,0.4525545238921377,3.261609544274979,0.5093926391122451,0.529417396872992,0.9009128266654941,1,2.117669587491968,0.0028665028665028664,0.15642915642915642,0.051857562598638426
545,0.46543602312202903,0.45219581604682146,3.2608845988292106,0.51068718635752,0.5344535451466709,0.9004881458304177,1,2.1378141805866835,0.003276003276003276,0.16175266175266176,0.054252359504181794
546,0.46512414499149324,0.4525345180480853,3.2630115588380315,0.5098888166334424,0.5277580505124477,0.9001966885596544,1,2.111032202049791,0.002457002457002457,0.15438165438165438,0.05036488947494596
547,0.4654648282031065,0.45226124789374766,3.261311057390844,0.5108825028674773,0.5364981936243138,0.9008191463024088,1,2.1459927744972553,0.003276003276003276,0.16216216216216217,0.05449624171563618
548,0.46506836545362285,0.4525415373784373,3.26360312819056,0.5092964871677798,0.5292998097656926,0.901172198425141,1,2.1171992390627703,0.0028665028665028664,0.15601965601965603,0.05190817459220581
549,0.46535171012983007,0.45218906899559974,3.2627634304458017,0.5101616667146194,0.5348060404901408,0.9007445124814238,1,2.139224161960563,0.003276003276003276,0.16175266175266176,0.05427180031390126
550,0.46525287551244077,0.4525205915289726,3.2647250017490155,0.5098519517302594,0.5283137175511691,0.9014299194514876,1,2.1132548702046763,0.0028665028665028664,0.1547911547911548,0.051143040409922555
551,0.4654501628885895,0.4521420082131522,3.26395065335935,0.5103826428963133,0.5335425494203556,0.9012474943787974,1,2.1341701976814225,0.003276003276003276,0.16093366093366093,0.05395383141744153
552,0.465095780322672,0.4525756237851085,3.264979232509135,0.510575537842992,0.531176403434509,0.9012246353089157,1,2.124705613738036,0.0028665028665028664,0.15642915642915642,0.051769360857426706
553,0.46548023660014204,0.45261011608615187,3.265237346398098,0.5106905020857111,0.531962207773129,0.9002829763144667,1,2.127848831092516,0.0028665028665028664,0.15683865683865683,0.05214850305801541
554,0.4655289737484452,0.45232308921713604,3.2641492158817473,0.5109984777483714,0.5383644874597158,0.9007695256120701,1,2.153457949838863,0.003276003276003276,0.16339066339066338,0.054820641664133064
555,0.4650821599656854,0.45253365013358177,3.2669925357148624,0.5100003298626266,0.5288916497262438,0.9000293081045199,1,2.1155665989049752,0.002457002457002457,0.15438165438165438,0.05037396988225095
556,0.4655748664344575,0.45258631165159463,3.2665795417620287,0.5102452853516521,0.5315874883659794,0.9000195303433624,1,2.1263499534639174,0.0028665028665028664,0.15642915642915642,0.051817265686594775
557,0.46548180908890774,0.45230050977421793,3.2655038575857525,0.5111480347019951,0.5380557051175181,0.899692583191106,1,2.1522228204700724,0.003276003276003276,0.16298116298116297,0.05450303074089862
558,0.46541764386506873,0.45216638222403577,3.266567494361948,0.5112054372414666,0.5346641012595532,0.9001933357026809,1,2.138656405038213,0.003276003276003276,0.16134316134316135,0.05437225522080565
559,0.4651823406065754,0.45282113612332753,3.268978423419927,0.5099881144794264,0.5262025061761224,0.8997529156916053,1,2.1048100247044896,0.002457002457002457,0.15028665028665028,0.04859402041722653
560,0.46527563831334534,0.4525448088954927,3.2690616777942454,0.5101494253133553,0.5274738336105397,0.9000912222512227,1,2.1098953344421587,0.002457002457002457,0.15356265356265356,0.05010130164901766
561,0.4652137840414302,0.45252679173040056,3.2689457854314767,0.5115066426811733,0.5292102030172204,0.9002009956091646,1,2.1168408120688817,0.002457002457002457,0.1547911547911548,0.05079539150488338
562,0.46507960667201775,0.45252732316583827,3.2697083310003667,0.5115248790356783,0.5279555344262357,0.9003001037093629,1,2.1118221377049426,0.002457002457002457,0.15397215397215397,0.050471964484406134
563,0.46554390422293007,0.4525714860754155,3.269062872438236,0.5123340038335907,0.5316484256401319,0.8998423274932421,1,2.1265937025605277,0.002457002457002457,0.15683865683865683,0.051837292629515315
564,0.46514411178705384,0.45253095927079495,3.2701543891462355,0.5114213211687969,0.5294706368202653,0.8997247654360145,1,2.117882547281061,0.002457002457002457,0.1547911547911548,0.05081908003831565
565,0.46537257222025835,0.4522431304757532,3.2686442456623257,0.5118242431373394,0.5376348482032325,0.899760694979743,1,2.15053939281293,0.003276003276003276,0.16216216216216217,0.05459824609846159
566,0.46512657718269723,0.45253396824363196,3.271053207182169,0.5101172460014679,0.5302394523893967,0.8999456874039117,1,2.120957809557587,0.002457002457002457,0.1552006552006552,0.050799470072453695
567,0.4652953389163936,0.4521522117277523,3.27041205813928,0.5103132061834962,0.5350767285633008,0.900283062425291,1,2.140306914253203,0.003276003276003276,0.16093366093366093,0.054017772721205004
568,0.46523675231713774,0.45256757925203345,3.2714550885265767,0.5097161656973777,0.5324892285628663,0.9008886081518505,1,2.129956914251465,0.002457002457002457,0.15683865683865683,0.051847062353124904
569,0.4649748955641268,0.45251365218110584,3.2725306481373084,0.5098037866038073,0.5294119138901916,0.9010100221566305,1,2.1176476555607664,0.002457002457002457,0.15438165438165438,0.050437911799026576
570,0.4654414425704234,0.4521430208806895,3.2713688184723053,0.5106672013728988,0.5356074967755617,0.9014358897154331,1,2.142429987102247,0.003276003276003276,0.16134316134316135,0.054385813419684126
571,0.46537749470831785,0.45260156755814507,3.272133945358563,0.5105387156581489,0.5337341097656337,0.9015106239905164,1,2.134936439062535,0.0028665028665028664,0.15683865683865683,0.05214114483218378
572,0.46505462860267605,0.45279899332648055,3.274336386910016,0.5099183747820416,0.5254891407836662,0.9013973877617832,1,2.1019565631346646,0.002457002457002457,0.14987714987714987,0.04872147485278722
573,0.4655762100045708,0.4526157802257179,3.272627293115615,0.5112646664769682,0.5341111258105414,0.9010774184881122,1,2.1364445032421657,0.0028665028665028664,0.1588861588861589,0.052948345973724095
574,0.4651443216640643,0.4525026005124051,3.274075419111626,0.5112801283767038,0.5290312391524568,0.9018827347537587,1,2.116124956609827,0.002457002457002457,0.15438165438165438,0.050449962716575626
575,0.46499793931210376,0.45251044429089815,3.273861905745897,0.5118364438921382,0.5313187140337926,0.9023810308315087,1,2.1252748561351704,0.002457002457002457,0.15642915642915642,0.05191087557977726
576,0.4652189966762777,0.4525021765055704,3.2744829071693737,0.5114561307826221,0.5308717227542116,0.9025474271953277,1,2.1234868910168463,0.002457002457002457,0.15601965601965603,0.05154605645746518
577,0.4652493427896091,0.4526339562914662,3.274061830533174,0.5126718421749704,0.5351270501145371,0.9014309583993984,1,2.1405082004581484,0.003276003276003276,0.1588861588861589,0.05329518662951758
578,0.4653082013933218,0.4521889176482886,3.2737442948180893,0.5130210319565698,0.5380911020331062,0.9013549504791878,1,2.1523644081324247,0.003276003276003276,0.16216216216216217,0.05461566913616642
579,0.4654647761419326,0.45220006575283456,3.274121073283981,0.5132004925531422,0.5380066893204801,0.9009409260347684,1,2.1520267572819205,0.003276003276003276,0.16175266175266176,0.05423054818095982
580,0.4654630056452475,0.4525271456495988,3.275819565260011,0.5127200703953652,0.5321706194944379,0.9010426506324152,1,2.1286824779777516,0.002457002457002457,0.15642915642915642,0.05191393306148058
581,0.46521067249163617,0.45262856212888575,3.2755323821336404,0.513497391871639,0.5350510435999538,0.9005975454189332,1,2.1402041743998153,0.003276003276003276,0.1588861588861589,0.05334494646051297
582,0.4650763137891793,0.45281702737056834,3.2783527701203687,0.5124995884364992,0.5243035023232502,0.9005194073100683,1,2.0972140092930007,0.002457002457002457,0.1466011466011466,0.04804339599073155
583,0.46542404552824157,0.4525209149801691,3.2775701506887023,0.5138351865410733,0.5294000883646433,0.9001630131863538,1,2.117600353458573,0.002457002457002457,0.15438165438165438,0.05093865023336961
584,0.4651778688508321,0.4526302887799294,3.2766582029778277,0.5147272204995658,0.5352810998906501,0.9001848820861031,1,2.1411243995626004,0.0028665028665028664,0.1592956592956593,0.053343026306011315
585,0.46509942526185694,0.4525107790782247,3.2781966388280357,0.5137191895333786,0.5305833315042806,0.9006799390684547,1,2.1223333260171224,0.002457002457002457,0.1547911547911548,0.050850334212667526
586,0.46550597938030164,0.4525652593178984,3.2777289807795262,0.514052014189012,0.5337638785613374,0.9005860662898929,1,2.13505551424535,0.002457002457002457,0.15683865683865683,0.05182425481784205
587,0.46503207786831235,0.4526143361668072,3.2777704650972064,0.5136240040797841,0.5353850483283674,0.9012634618335602,1,2.1415401933134697,0.003276003276003276,0.1588861588861589,0.05335005762812022
588,0.4652836347369436,0.4522394545815279,3.277142518175699,0.5139650626040115,0.5400523166632487,0.9019130338001623,1,2.160209266652995,0.003276003276003276,0.16298116298116297,0.05450804201820493
589,0.46537200268549717,0.4522071597377895,3.2775812427574644,0.5132691723647804,0.5395920216877889,0.9021004684005206,1,2.1583680867511554,0.003276003276003276,0.16257166257166258,0.054562328227784535
590,0.4653268848991239,0.4525354435737892,3.2792957178140356,0.5129856366670996,0.5336292213753375,0.9018420100614533,1,2.13451688550135,0.002457002457002457,0.15683865683865683,0.051854684486182884
591,0.46521612136717516,0.4525262284678736,3.2807650098216965,0.512060687648575,0.529345350777923,0.9011138096645348,1,2.117381403111692,0.002457002457002457,0.15233415233415235,0.04934102026972288
592,0.46524668657394924,0.45250396758112793,3.2807260661998825,0.5125977053627848,0.5312551071284745,0.9010309074279483,1,2.125020428513898,0.002457002457002457,0.1547911547911548,0.05086873665561177
593,0.4653140836039327,0.45212672479939214,3.279729477586472,0.5133866776046,0.5367845838979562,0.9008780281976433,1,2.147138335591825,0.0028665028665028664,0.16175266175266176,0.05446026349228828
594,0.46515855595407085,0.45250294868996477,3.28136636978604,0.5129384771846164,0.531585985744148,0.9010302127967266,1,2.126343942976592,0.002457002457002457,0.1547911547911548,0.050852066797164794
595,0.4652347110686025,0.45217818325146764,3.2800943867243957,0.5135825752025053,0.5390934557541178,0.9016148144633797,1,2.1563738230164713,0.003276003276003276,0.16175266175266176,0.05426126066529852
596,0.4650909530763761,0.45251560401905,3.2819327314865285,0.5130891419901072,0.5331446306938235,0.9011577217044563,1,2.132578522775294,0.002457002457002457,0.15642915642915642,0.051972312092744784
597,0.46537012218928914,0.45250213471462947,3.2823142157421104,0.513173123066776,0.5329724821819855,0.9021250359194923,1,2.131889928727942,0.002457002457002457,0.15642915642915642,0.0519646711397101
598,0.4650616204508482,0.4525011826565932,3.2826588992392596,0.5134121109275346,0.5327076235064312,0.9017412725824379,1,2.1308304940257248,0.002457002457002457,0.15561015561015562,0.051183823601617724
599,0.4651274511709275,0.45258771071183734,3.282311242483747,0.5146741882742318,0.5358757790013748,0.9018571059755117,1,2.1435031160054994,0.002457002457002457,0.15765765765765766,0.05255670433106887
600,0.46503976326676305,0.45249078000285203,3.2837228060435653,0.5137283379265334,0.5319937339501449,0.9019143020726627,1,2.1279749358005797,0.002457002457002457,0.1547911547911548,0.050835380321643975
601,0.4654339953344898,0.4523748345298893,3.281432947319044,0.5152540609390566,0.5432260670292475,0.9019492787296373,1,2.17290426811699,0.003276003276003276,0.1642096642096642,0.05514945407175358
602,0.46516118316601207,0.45250622916501504,3.2840500603847356,0.5138673165571548,0.5333739317685291,0.901559042438284,1,2.1334957270741164,0.002457002457002457,0.15561015561015562,0.05116207768551989
603,0.4651446298019882,0.4527852684959416,3.285210096087827,0.5134866397527895,0.5295792483088892,0.9019460826115282,1,2.118316993235557,0.002457002457002457,0.15028665028665028,0.04858483652268779
604,0.46563025990083473,0.45219322978530874,3.2829181452822582,0.514751826006915,0.5404981937936659,0.9019090638949551,1,2.1619927751746637,0.003276003276003276,0.16257166257166258,0.054597863535375275
605,0.4651020609759646,0.4521383235301973,3.283441763589635,0.5146884630508382,0.5389295282282899,0.9023672051703125,1,2.1557181129131595,0.003276003276003276,0.16175266175266176,0.05431188884346748
606,0.4652626058575987,0.4525547781461469,3.2846871480340143,0.5136507115222831,0.5355617237334684,0.9019049996382282,1,2.1422468949338738,0.002457002457002457,0.15683865683865683,0.05181831982269888
607,0.4651847463443229,0.4525520427423695,3.2850976972432564,0.5136715485727025,0.5354232117840247,0.9014027717958217,1,2.141692847136099,0.002457002457002457,0.15683865683865683,0.051852947165775674
608,0.4652942462598304,0.4525833110948634,3.2852811370422823,0.5132530169864247,0.536440369348934,0.9015942710679775,1,2.145761477395736,0.002457002457002457,0.15683865683865683,0.05178119035757694
609,0.46522633093968546,0.45251972852248895,3.2861215582274284,0.512496874504582,0.5346886392592777,0.9016722030599881,1,2.1387545570371107,0.002457002457002457,0.15642915642915642,0.05194756646681314
610,0.465079476181004,0.4527773208196706,3.287686698431481,0.5121210969360046,0.5294061184744994,0.9025419711239818,1,2.1176244738979975,0.002457002457002457,0.15028665028665028,0.04866104507534993
611,0.46535867950384446,0.45220606427371457,3.2851354294807047,0.5137063175884982,0.5414785836387939,0.9025901566824277,1,2.1659143345551755,0.003276003276003276,0.16257166257166258,0.054572451073953046
612,0.46465300717449626,0.45278942514261267,3.289070695460797,0.5120997553339426,0.5264492015074085,0.9031184663967351,1,2.105796806029634,0.002457002457002457,0.1466011466011466,0.048059631846691875
613,0.4654137126826422,0.45214347461744736,3.2861609279229684,0.5135272079949555,0.5399731169979521,0.9028347937159601,1,2.1598924679918086,0.003276003276003276,0.16175266175266176,0.05430210544714477
614,0.46528509295035103,0.45216406598065795,3.2861487692149596,0.5137856995993401,0.5409654594749684,0.9029094163775897,1,2.1638618378998737,0.003276003276003276,0.16257166257166258,0.05462649162705951
615,0.4652596633022414,0.4521489841545602,3.2862741518232035,0.5144254834078905,0.5407598155223051,0.9034610476216394,1,2.1630392620892205,0.003276003276003276,0.16257166257166258,0.05461768845732966
616,0.46527308929030675,0.4523013759118425,3.2859844011979895,0.5142749191918409,0.543562894876787,0.9039470395379298,1,2.174251579507148,0.003276003276003276,0.1642096642096642,0.05519108376730496
617,0.4652797590101688,0.4520784861538524,3.2874641589074285,0.5135986259693819,0.5384437094915024,0.9039417223254289,1,2.1537748379660098,0.003276003276003276,0.16134316134316135,0.0544196039778914
618,0.4652618856136818,0.4520824135102509,3.287576465874942,0.5137607119483318,0.5388329080166723,0.9043061045021783,1,2.155331632066689,0.003276003276003276,0.16175266175266176,0.05437785471882748
619,0.4652241209547241,0.4525288231945366,3.2883619862189866,0.5132010188527257,0.5364240835520157,0.9045082807102633,1,2.1456963342080626,0.002457002457002457,0.15724815724815724,0.05217883829727287
620,0.46515253973895065,0.45249363488318217,3.2888960079927148,0.5134294590045846,0.5352224896327348,0.9041507330687073,1,2.140889958530939,0.002457002457002457,0.15683865683865683,0.05188172915089604
621,0.4653464117617638,0.4521105171865029,3.288023556213693,0.5146780412571057,0.5398572240751272,0.904062154858083,1,2.1594288963005086,0.003276003276003276,0.16175266175266176,0.05429841366562716
622,0.46523675953718785,0.4525745180261255,3.2885823208731217,0.5151545270252461,0.5378863225176185,0.9043662885558336,1,2.151545290070474,0.003276003276003276,0.1588861588861589,0.053292659580145785
623,0.4652006678051912,0.4524805532979831,3.289694295545352,0.5142620147939986,0.5350264453497653,0.9046272288923873,1,2.140105781399061,0.002457002457002457,0.15683865683865683,0.05188610662190855
624,0.46531560190272664,0.4521952765263668,3.288119532146295,0.5153346370986791,0.5422862905386618,0.9044097287979096,1,2.1691451621546474,0.003276003276003276,0.16298116298116297,0.05449651103679723
625,0.46518760400396647,0.4524933308619624,3.290132973199457,0.514158622874147,0.5351218498099163,0.9032296694984367,1,2.140487399239665,0.002457002457002457,0.15642915642915642,0.05193184406950203
626,0.4652895389637899,0.4521477263883667,3.289079809709631,0.5145812218045797,0.5408249671278236,0.9030188641156542,1,2.1632998685112943,0.003276003276003276,0.16175266175266176,0.054280279608821466
627,0.46518645481537324,0.4523945844967489,3.2883369481742575,0.51442640856601,0.5454166880581934,0.9042002203251772,1,2.1816667522327737,0.003276003276003276,0.16461916461916462,0.05509011110927313
628,0.4652238333332788,0.4522265618484602,3.289112931947153,0.514243330494303,0.543058557170792,0.9041006265811817,1,2.172234228683168,0.003276003276003276,0.16298116298116297,0.05448855753010041
629,0.4650306704314201,0.45255190103456566,3.2907199922195507,0.5139878159469776,0.5373944088272143,0.903568010223706,1,2.1495776353088574,0.002457002457002457,0.15724815724815724,0.05217256008728009
630,0.46529454945809423,0.4521186551887107,3.288536628673599,0.5155650767530623,0.5476762206917427,0.9031744614463597,1,2.190704882766971,0.003276003276003276,0.16994266994266993,0.05770483367264227
631,0.4650773947093644,0.45252538798368686,3.2913805357489534,0.5138769355846146,0.5367788748710277,0.9035893719690532,1,2.147115499484111,0.002457002457002457,0.15683865683865683,0.05182841565748475
632,0.46535363886552533,0.4520851247090705,3.290953614535927,0.5143083582405443,0.5392610917835484,0.9033203669113071,1,2.1570443671341937,0.0028665028665028664,0.16175266175266176,0.05444405949973309
633,0.4653139527986395,0.45247178708209573,3.292558884380071,0.5139801319863266,0.533633271399098,0.9028548187087423,1,2.134533085596392,0.002457002457002457,0.1547911547911548,0.05088339272628844
634,0.4650628587829525,0.45247373645540245,3.2929415277795338,0.5133320741236508,0.5341217955098128,0.902875627762887,1,2.136487182039251,0.002457002457002457,0.1552006552006552,0.05086670771004943
635,0.4650020141275673,0.45250204308541964,3.293810700636752,0.5136665090389223,0.5314545737162306,0.9025429303436074,1,2.1258182948649225,0.002457002457002457,0.15233415233415235,0.049409785923679714
636,0.46547649733458135,0.452485311815062,3.2936428423778126,0.5140902479747654,0.5330349793105054,0.9018442752224257,1,2.1321399172420215,0.002457002457002457,0.15438165438165438,0.050980526684159616
637,0.4653192940160675,0.4523492022709171,3.290878189930072,0.5158286701882732,0.5450640811064146,0.9019113801491369,1,2.1802563244256583,0.003276003276003276,0.1642096642096642,0.05522331484789457
638,0.46510225152341295,0.45254780305009595,3.2929474846137263,0.5144006899167555,0.5371492896623729,0.9013044842458356,1,2.1485971586494914,0.002457002457002457,0.15683865683865683,0.05189357796141759
639,0.4652721440223062,0.45251258243220943,3.2935478587531906,0.5146918633516651,0.5358766724065501,0.9009341723856885,1,2.1435066896262005,0.002457002457002457,0.15561015561015562,0.051194508376100456
640,0.4652393630681025,0.4525251210401552,3.2934796663176127,0.5148934367135983,0.5367590178601024,0.9020219392493509,1,2.1470360714404095,0.002457002457002457,0.15683865683865683,0.05190593727066223
641,0.4650932509002559,0.4525083083787712,3.2938166676618015,0.5145431565039396,0.5360307337377381,0.9016866643839727,1,2.1441229349509525,0.002457002457002457,0.15642915642915642,0.05198601809310797
642,0.46505650308284413,0.4525128559300534,3.294010662724034,0.5145829496496777,0.5363272215632039,0.9016633856080146,1,2.1453088862528156,0.002457002457002457,0.15642915642915642,0.051967715581123716
643,0.4651070983247022,0.45259083390495264,3.2936730442264186,0.5145162856362615,0.5388417857267046,0.9024077571474354,1,2.1553671429068184,0.002457002457002457,0.1597051597051597,0.05340814890910999
644,0.46496041717803227,0.45210414437873647,3.293600239967894,0.5147188570368593,0.5401913232270877,0.9023822791899339,1,2.160765292908351,0.0028665028665028664,0.16175266175266176,0.05445424955558171
645,0.4650827089827147,0.4525012271620351,3.294699622415266,0.5144871464243798,0.5363343282783596,0.9025653569283052,1,2.1453373131134383,0.002457002457002457,0.15642915642915642,0.05195879725464933
646,0.4651180310885031,0.452518522802514,3.2948005563129934,0.5146456378627147,0.5370102137411353,0.9024411683750163,1,2.1480408549645413,0.002457002457002457,0.15683865683865683,0.05190994118648478
647,0.4651391067616109,0.4524896476893647,3.296075433940998,0.5139750936169374,0.5326466702163144,0.9020039520395317,1,2.1305866808652576,0.002457002457002457,0.15274365274365273,0.049805917017995825
648,0.46544191559913056,0.4523437132121443,3.291833792228068,0.5166856763655434,0.5508245286936388,0.9025583933641541,1,2.2032981147745554,0.003276003276003276,0.17117117117117117,0.05794003915828549
649,0.46496216422643605,0.45252630485638345,3.295217192203797,0.5153702581523452,0.5374947227821825,0.9029437331083008,1,2.14997889112873,0.002457002457002457,0.15683865683865683,0.05185441784872922
650,0.4654152848946577,0.45249982317030985,3.295544526258508,0.5156787861625656,0.536539675329175,0.9026976354130141,1,2.1461587013167,0.002457002457002457,0.15642915642915642,0.05193680580702657
651,0.46517309078122265,0.45249131780031737,3.2956939432358343,0.5154923096739273,0.5362262576310998,0.9029517781515055,1,2.144905030524399,0.002457002457002457,0.15642915642915642,0.051960431444968674
652,0.4650016396461416,0.4524553349198448,3.2963537490386994,0.5156821045501144,0.533952259508522,0.9039821215026475,1,2.135809038034088,0.002457002457002457,0.1547911547911548,0.05088265286051877
653,0.4650671607920275,0.45277746171283617,3.297981545524858,0.514771480261312,0.529156623988324,0.9033089746234874,1,2.116626495953296,0.002457002457002457,0.1466011466011466,0.04800679296819271
654,0.4651959846078594,0.4524709111242326,3.2971946813020825,0.5158373138985852,0.5336086550118075,0.9027330034121875,1,2.13443462004723,0.002457002457002457,0.15438165438165438,0.05096087022590647
655,0.46515453746184166,0.45255269996995506,3.2962321698720998,0.5163103244750967,0.5386777460362826,0.9034244726690974,1,2.1547109841451304,0.002457002457002457,0.15724815724815724,0.05218377568625739
656,0.46476292894318383,0.45277014840548147,3.2984041886609727,0.5155318091598693,0.5309333159299654,0.902808873160015,1,2.1237332637198616,0.002457002457002457,0.15028665028665028,0.04871887524819597
657,0.4654924077605135,0.4521223756971372,3.2962450812376707,0.5168456363337495,0.5416158904696059,0.9027165397904842,1,2.1664635618784236,0.0028665028665028664,0.16257166257166258,0.05435695175519488
658,0.4651536676816889,0.45219938053175773,3.2961178913194606,0.5167251629917888,0.5438138364789955,0.90230629114837,1,2.175255345915982,0.003276003276003276,0.16257166257166258,0.0546053199459085
659,0.46525781362317226,0.4524893511457783,3.2981276321601416,0.5157841333683965,0.5361606490083882,0.9018338715667052,1,2.144642596033553,0.002457002457002457,0.15561015561015562,0.051232600340621264
660,0.465067330577143,0.45254217739681896,3.2978111355797277,0.5163587130675347,0.5383406256953133,0.9021186042493208,1,2.153362502781253,0.002457002457002457,0.15683865683865683,0.051855903021029014
661,0.4651412070425701,0.4524879619411755,3.299351008501744,0.5149917017586785,0.5328650672195258,0.9021310801837461,1,2.131460268878103,0.002457002457002457,0.15274365274365273,0.049841560367993316
662,0.46544995617411583,0.4522306730114978,3.2967171732349425,0.5158417629712256,0.5447048745638693,0.9030237652542549,1,2.178819498255477,0.003276003276003276,0.16298116298116297,0.05454430539604937
663,0.46499980126839535,0.45276938547886114,3.300206790404435,0.5149171787099099,0.5309699672873366,0.9031252228262516,1,2.1238798691493463,0.002457002457002457,0.14987714987714987,0.048758575601114344
664,0.46533146322553826,0.45211213614229956,3.2979444374935944,0.5163855961249898,0.5419324224027872,0.9032389218807905,1,2.1677296896111486,0.0028665028665028664,0.16216216216216217,0.054365518982205784
665,0.4654005458801782,0.452499701596636,3.2992143703456382,0.5158769457968403,0.5373616957373585,0.9025685232819168,1,2.149446782949434,0.002457002457002457,0.15642915642915642,0.05195953417750577
666,0.46543075088712105,0.45216319396400523,3.297903674510136,0.5156349263628358,0.5438054178007723,0.9034014450690137,1,2.175221671203089,0.003276003276003276,0.16257166257166258,0.05463609218860388
667,0.4651772691078398,0.4521642934433913,3.2980797792986336,0.5151219873249961,0.5440675661887882,0.9042812006411061,1,2.1762702647551526,0.003276003276003276,0.16257166257166258,0.054602916585594505
668,0.46478116769178685,0.45275480171184357,3.3012939518572684,0.5135187315236861,0.5310418274045714,0.904581315350144,1,2.1241673096182856,0.002457002457002457,0.14987714987714987,0.0487621111284588
669,0.46528363395580336,0.4524488688534708,3.300395071675726,0.5144238773782809,0.5354817704187153,0.9046733893805736,1,2.141927081674861,0.002457002457002457,0.1552006552006552,0.05086365297067935
670,0.4653025175841693,0.4522513603447398,3.298183216150145,0.5158048731655084,0.5456068982493719,0.9046416750197724,1,2.1824275929974877,0.003276003276003276,0.1642096642096642,0.05527570342568223
671,0.46501678710221567,0.4521167178048632,3.2990218878136837,0.5153012142643835,0.543190479461835,0.9045071027884245,1,2.17276191784734,0.003276003276003276,0.16257166257166258,0.054684619471384054
672,0.46530309480883975,0.4520830526737437,3.2993929864627902,0.5146345512884168,0.5420024113021384,0.9047359260760592,1,2.1680096452085538,0.0028665028665028664,0.16216216216216217,0.05438205090283812
673,0.46535231326317067,0.4521021117130923,3.2994244504559154,0.5145993602069047,0.5426223277207093,0.9048882913842526,1,2.170489310882837,0.0028665028665028664,0.16216216216216217,0.05433037428911596
674,0.46471249963256106,0.45276394179083335,3.3025559851051502,0.5144117215637687,0.5299266034452029,0.9046854922344262,1,2.1197064137808117,0.002457002457002457,0.1466011466011466,0.04802021631476456
675,0.4654247753257692,0.4521553930396004,3.2978966246636667,0.515831534039307,0.5504745183897983,0.9050599391411261,1,2.2018980735591933,0.003276003276003276,0.17076167076167076,0.05764532017136669
676,0.46514646280415,0.4525235249866789,3.3006785740701607,0.5149869218230033,0.5394788610259484,0.9054026270600802,1,2.1579154441037938,0.002457002457002457,0.15724815724815724,0.05217397667055431
677,0.46531061402437485,0.45193575335461206,3.2988616429462017,0.516061998317565,0.5480338583385018,0.9061018256492436,1,2.1921354333540073,0.003276003276003276,0.16543816543816545,0.05576876353567561
678,0.46492149906301466,0.45212498346780033,3.3001041566838314,0.5149048742630746,0.5442058050615188,0.9064339391452072,1,2.1768232202460753,0.003276003276003276,0.16257166257166258,0.054580672113202694
679,0.46512985848372285,0.4523328184159932,3.299495154497532,0.5165506265028534,0.5472390766533833,0.9057668268332497,1,2.1889563066135334,0.003276003276003276,0.1642096642096642,0.055130557825058144
680,0.46505235940036455,0.4525182124258079,3.3016945203198125,0.5159631313456039,0.5395182736067871,0.9053220817759652,1,2.1580730944271482,0.002457002457002457,0.15683865683865683,0.05177065925862019
681,0.4654064546316781,0.4521014085374285,3.3009716232974813,0.5164024297037471,0.5433011966531625,0.9048102070094834,1,2.17320478661265,0.003276003276003276,0.16257166257166258,0.05469359944426489
682,0.46516291441532504,0.4524580642986712,3.3027389887289234,0.5151618694691512,0.5369003765917172,0.9047484956192059,1,2.1476015063668688,0.002457002457002457,0.15561015561015562,0.0512109349218298
683,0.4652823541667008,0.45240863930762887,3.300261430490463,0.516978416985068,0.5481686286324035,0.9046474086220673,1,2.192674514529614,0.003276003276003276,0.16461916461916462,0.055101176633729335
684,0.46495398628906165,0.45246781703959327,3.302805528637456,0.5156610293918762,0.5379731500275731,0.905383868625497,1,2.1518926001102923,0.002457002457002457,0.15683865683865683,0.05191866984356717
685,0.46527777331718295,0.4525413509947317,3.302336240037852,0.516066615077182,0.5402742358103386,0.9051019939218796,1,2.1610969432413545,0.002457002457002457,0.1597051597051597,0.05339379747927675
686,0.4653117287655255,0.4525572005117982,3.302303236861241,0.5162615117556157,0.5407534164646213,0.9049922673517633,1,2.163013665858485,0.0028665028665028664,0.1592956592956593,0.053355446534339136
687,0.46526477771636177,0.45206514090453986,3.302050951871089,0.5168794419252477,0.5420295024126736,0.9047743845862964,1,2.1681180096506942,0.0028665028665028664,0.16175266175266176,0.0544013622339288
688,0.46512186498342933,0.4527678509482015,3.304973637707874,0.5155744580005809,0.5304372629850725,0.9042228605637562,1,2.12174905194029,0.002457002457002457,0.1466011466011466,0.0480283613162633
689,0.46541812723456893,0.4521646126182401,3.3016469981054777,0.5174196876608009,0.5448454029361056,0.9042740543872513,1,2.1793816117444225,0.003276003276003276,0.16298116298116297,0.05458562674715649
690,0.46520474553735197,0.4525290413344133,3.3030466482744076,0.5167247553395851,0.5397096794806305,0.9038089039863572,1,2.158838717922522,0.002457002457002457,0.15683865683865683,0.05181748478204892
691,0.4650241610049585,0.4524565232621337,3.3045709820961204,0.5156867791450107,0.5344941470753227,0.9041106040853352,1,2.137976588301291,0.002457002457002457,0.15438165438165438,0.05102659596305244
692,0.4648745107329287,0.4524536831700704,3.3046428813883177,0.5164002779838401,0.5353971578878156,0.9036205614670538,1,2.1415886315512624,0.002457002457002457,0.15438165438165438,0.050960920554332524
693,0.4653871645154781,0.45241563950874397,3.3017422589405108,0.5176897060924505,0.5484277798425479,0.9036107845070129,1,2.1937111193701915,0.003276003276003276,0.16461916461916462,0.05513462417163662
694,0.465001054468219,0.45208446973664423,3.303404013105593,0.5168925787389517,0.5426084678139672,0.9038595977801055,1,2.170433871255869,0.0028665028665028664,0.16175266175266176,0.05441485010092417
695,0.4652585383439527,0.45210797665188185,3.303329958021252,0.517076551897955,0.5434243726839177,0.9041763427227165,1,2.173697490735671,0.0028665028665028664,0.16257166257166258,0.05433661678736686
696,0.46525961716024133,0.45246771469335634,3.3049120659552855,0.5166922466785882,0.5376606308787205,0.9039683027505324,1,2.150642523514882,0.002457002457002457,0.15561015561015562,0.05119739303930582
697,0.46518794565906135,0.45206203679800155,3.3039929111104875,0.5171278253090602,0.542149257977985,0.9043316528369785,1,2.16859703191194,0.0028665028665028664,0.16175266175266176,0.05444663682262624
698,0.46506518545217324,0.45246193065382323,3.3050616507715382,0.517163110206532,0.5377894508770013,0.9048300032160803,1,2.151157803508005,0.002457002457002457,0.15561015561015562,0.051157649904928826
699,0.465232360020925,0.45245615782617027,3.305378786282742,0.5171863744021984,0.537324715967925,0.9045904105200466,1,2.1492988638717,0.002457002457002457,0.15561015561015562,0.05120657066104254
700,0.465243342176789,0.45245717593006685,3.3055993846793874,0.5161735144989748,0.5371988155175699,0.9041627828021989,1,2.1487952620702795,0.002457002457002457,0.15561015561015562,0.051252245772134455
701,0.46529986098788373,0.45247863279732947,3.3052992273804356,0.5162853308731356,0.5387641564427534,0.9045902369681473,1,2.1550566257710138,0.002457002457002457,0.15683865683865683,0.051927749360709506
702,0.46516726331956115,0.45221643699081204,3.303706683531327,0.5168790164567119,0.5463764640496189,0.9052597830844366,1,2.1855058561984757,0.003276003276003276,0.16298116298116297,0.054495254273971554
703,0.4650255767260997,0.4521062046189006,3.3044491110926324,0.5169634278578901,0.544234036738526,0.9047902602962045,1,2.176936146954104,0.0028665028665028664,0.16298116298116297,0.05469367067586727
704,0.4650039191919214,0.45246052408612253,3.3061654385081503,0.5163223994941998,0.5377975781088334,0.9045018678642622,1,2.1511903124353338,0.002457002457002457,0.15561015561015562,0.05120750587412676
705,0.46529388108223857,0.45208699715456974,3.3052172048832267,0.5161846975985138,0.5433288226926033,0.9043078356651528,1,2.173315290770413,0.0028665028665028664,0.16216216216216217,0.054401114647956994
706,0.46500688984880645,0.4524480920701883,3.307121682588922,0.5152897323403867,0.5358100374077781,0.9041207460976841,1,2.1432401496311124,0.002457002457002457,0.15438165438165438,0.0509927999027918
707,0.4649575219657749,0.4527607853179564,3.3077338611845506,0.5156667715232298,0.5337013594715461,0.9032951737670285,1,2.1348054378861843,0.002457002457002457,0.15028665028665028,0.04870892904510047
708,0.4650346376754775,0.452470319580907,3.3075885585059126,0.5159224891271074,0.5349603793639791,0.9030119744060233,1,2.1398415174559164,0.002457002457002457,0.15315315315315314,0.05026366434262063
709,0.46529346565260776,0.4523160338195374,3.304654746122736,0.5176092231493816,0.5478112502369625,0.9030660206028263,1,2.19124500094785,0.003276003276003276,0.1638001638001638,0.054866435976905305
710,0.4650335730554964,0.4524902182790992,3.306807676173735,0.5165994782718424,0.539290870720482,0.9037435754038768,1,2.157163482881928,0.002457002457002457,0.15642915642915642,0.05194132397713085
711,0.46520685604980017,0.45257879412957214,3.3063528980688726,0.5169604226259414,0.5418006825265417,0.9034932739176411,1,2.1672027301061667,0.002457002457002457,0.1597051597051597,0.053400812010645636
712,0.46509330561670326,0.4525870316457913,3.306449024291511,0.5171994285166747,0.5418864027724964,0.9029580951994742,1,2.167545611089986,0.002457002457002457,0.1592956592956593,0.0529992755259468
713,0.46539188442902474,0.4524813760085216,3.307152465635459,0.5176739558780966,0.5384735840699134,0.9027751363178989,1,2.1538943362796537,0.002457002457002457,0.15561015561015562,0.05120341714648503
714,0.4649682264216945,0.452794221191178,3.3091907331704977,0.5159909304816681,0.5309762643704865,0.902359369496017,1,2.123905057481946,0.002457002457002457,0.1466011466011466,0.04812592000934298
715,0.4656497007213114,0.4520876803610614,3.3064075525950423,0.5176522568208994,0.542871681212271,0.9028211821146462,1,2.171486724849084,0.0028665028665028664,0.16175266175266176,0.05448222830264702
716,0.4650676401011573,0.4525155527012468,3.3072321887139995,0.5170472106625191,0.5399150438006952,0.9027907998144422,1,2.159660175202781,0.002457002457002457,0.15683865683865683,0.05192283310759392
717,0.4652565582720637,0.452501190066391,3.3073265887390297,0.5170092117489952,0.5397293182992629,0.903591108946994,1,2.1589172731970514,0.002457002457002457,0.15683865683865683,0.051916748606309945
718,0.4651403692932864,0.45273870664843285,3.308738292458377,0.5162669803455543,0.5344927149351132,0.9037826056324382,1,2.1379708597404528,0.002457002457002457,0.1506961506961507,0.04907292584106883
719,0.465078724932045,0.4524569354053337,3.3079838111231297,0.5168155662020765,0.5382201354998901,0.9048605763517843,1,2.1528805419995605,0.002457002457002457,0.15561015561015562,0.05119800956631222
720,0.4651211085756995,0.4524578209372879,3.308279889842645,0.5172586557247811,0.537775634394096,0.9039279717841857,1,2.151102537576384,0.002457002457002457,0.15561015561015562,0.051256870570730015
721,0.46540226950498853,0.4525420250692176,3.307446355611861,0.5178889277144088,0.5412240630801489,0.9041369929081279,1,2.1648962523205957,0.002457002457002457,0.15724815724815724,0.05220090688264915
722,0.46526803542228146,0.452450138669089,3.3088708082866107,0.5172642376485933,0.5354234873960426,0.904189320573027,1,2.1416939495841705,0.002457002457002457,0.15438165438165438,0.05102347972961206
723,0.46547668254648183,0.4524513698293192,3.3089156583965886,0.5174581531084577,0.5356835602057803,0.9039207488792002,1,2.1427342408231214,0.002457002457002457,0.15438165438165438,0.0510089791084553
724,0.4653499138927645,0.45251547554364757,3.307966513316439,0.5182385762096523,0.5403089709583854,0.9035568659196428,1,2.1612358838335415,0.002457002457002457,0.15724815724815724,0.05229351472241267
725,0.46514239839786886,0.4524776774992964,3.3084508265224053,0.5178627213176363,0.5389233575003828,0.903441733307834,1,2.155693430001531,0.002457002457002457,0.15561015561015562,0.05117676307764221
726,0.4653399523192311,0.45248424113974084,3.3083649470384393,0.5177930771455747,0.5394078748026484,0.9038345037222365,1,2.1576314992105936,0.002457002457002457,0.15642915642915642,0.051943926476700306
727,0.4653464327493607,0.452586328419879,3.307591155514912,0.518746611095142,0.5424845076861168,0.903852588750333,1,2.169938030744467,0.0028665028665028664,0.1592956592956593,0.05333390835062635
728,0.46532175222361527,0.4522789145235319,3.306380465203222,0.5197889272410816,0.5476931079050751,0.9041896003790345,1,2.1907724316203003,0.003276003276003276,0.1638001638001638,0.05484437051545415
729,0.46499547655217777,0.4525344143130143,3.308113847951569,0.5180666525470055,0.5411549918723108,0.9040780500848243,1,2.164619967489243,0.002457002457002457,0.15724815724815724,0.05222019951691839
730,0.4653274256383839,0.45256752167264674,3.3078792597733884,0.5180977905270202,0.5419396058595735,0.9038687414829507,1,2.167758423438294,0.002457002457002457,0.1592956592956593,0.05298544441347566
731,0.4650123287379175,0.4524532495750638,3.308961047232768,0.5172609792952396,0.5376970313490604,0.9040255322723831,1,2.1507881253962418,0.002457002457002457,0.1552006552006552,0.050859233605592614
732,0.46527366779745893,0.45249410317767164,3.3085854790025233,0.5175719224318748,0.5398618047445652,0.9039059807935816,1,2.159447218978261,0.002457002457002457,0.15683865683865683,0.05191640399730385
733,0.4653211578697739,0.45247151835906746,3.3090872583809863,0.5176113001998127,0.5387848449423919,0.9036256877838029,1,2.1551393797695675,0.002457002457002457,0.15561015561015562,0.05120127120922006
734,0.4650138183376928,0.4525391992009748,3.3087335017375565,0.5178501842556354,0.5414008921385001,0.9039525786164718,1,2.1656035685540003,0.002457002457002457,0.15724815724815724,0.05222353188391055
735,0.4650339348413216,0.45245131509273184,3.309567493136629,0.5178228074565039,0.5379230336712483,0.9044007262945852,1,2.151692134684993,0.002457002457002457,0.15561015561015562,0.0512513662186458
736,0.46543246400631555,0.4520554114351133,3.308360847651851,0.5183455559044289,0.542791176587396,0.9042451207626615,1,2.171164706349584,0.0028665028665028664,0.16175266175266176,0.05448048461340382
737,0.4650384479300686,0.4524593286734605,3.309659169670873,0.5176445997123713,0.5380789420630908,0.903683661174621,1,2.1523157682523633,0.002457002457002457,0.15561015561015562,0.05126547285432379
738,0.4650158740785701,0.4524864121391106,3.3096755683863868,0.5174526065652345,0.5395834582958373,0.9033083582402935,1,2.1583338331833493,0.002457002457002457,0.15561015561015562,0.05116652242512656
739,0.4655301916234759,0.4523043587605967,3.3075736846967514,0.5185276789125728,0.5483431761535372,0.9037574851123361,1,2.193372704614149,0.003276003276003276,0.1638001638001638,0.054857459458811486
740,0.46503086486693085,0.4525168869780045,3.3094644943715514,0.5171885167165268,0.540949570551672,0.9040529075461455,1,2.163798282206688,0.002457002457002457,0.15683865683865683,0.05185667441895854
741,0.46514343639282785,0.45248101669326274,3.309957051051877,0.5169257539992473,0.5398651783935265,0.9043214386591454,1,2.159460713574106,0.002457002457002457,0.15642915642915642,0.051947928398183574
742,0.46537184332253717,0.45253432427145,3.309538375469361,0.5179242732421732,0.5415302619906103,0.9042440280359691,1,2.166121047962441,0.002457002457002457,0.15724815724815724,0.05222260885663412
743,0.46523048663388894,0.45275733356893644,3.311472517792752,0.5175940094738393,0.5331672312918634,0.9040643312161643,1,2.1326689251674535,0.002457002457002457,0.14987714987714987,0.04877387692346328
744,0.4654604804969326,0.45208066258188395,3.308916800474503,0.5193269246638444,0.5442080440517899,0.9050082702813276,1,2.1768321762071596,0.0028665028665028664,0.16257166257166258,0.05434282356739857
745,0.4650747038842719,0.4520462673939341,3.3093677895743703,0.5190934144464587,0.5429271241887056,0.9047810704819561,1,2.1717084967548224,0.0028665028665028664,0.16175266175266176,0.05446447269925831
746,0.4651767749475411,0.45210256375195457,3.309104109261168,0.5193518895942227,0.5447779566165619,0.9047824254642969,1,2.1791118264662477,0.0028665028665028664,0.16257166257166258,0.05430896915212716
747,0.46526658522151754,0.4520396067694762,3.3095739322535658,0.5189682966840906,0.5428829380898418,0.9050923427371276,1,2.171531752359367,0.0028665028665028664,0.16175266175266176,0.054465932147724806
748,0.46531309618349886,0.4524728107342906,3.3103510347841554,0.5183217065515687,0.5397928528332683,0.9047941807871023,1,2.159171411333073,0.002457002457002457,0.15683865683865683,0.05192316665174717
749,0.46532689244890285,0.45249487105130237,3.310347110570084,0.5186553660349805,0.5402001475697185,0.9037926223664856,1,2.160800590278874,0.002457002457002457,0.15683865683865683,0.05191480772535977
750,0.4650478442846109,0.4527293728248945,3.3116444962402753,0.5179776536051401,0.5349248962539731,0.904331693800668,1,2.1396995850158924,0.002457002457002457,0.1511056511056511,0.04949288119195538
751,0.4655283230052344,0.45232306534312566,3.3084763880840473,0.5201492170619182,0.5487301625970892,0.9043367577536159,1,2.1949206503883567,0.003276003276003276,0.1638001638001638,0.05480214254442095
752,0.46482654814786983,0.4524487393055131,3.311568206125863,0.5183545396877315,0.5367562142752499,0.9037871599173732,1,2.1470248571009996,0.002457002457002457,0.15438165438165438,0.050976111122886233
753,0.4653109979995403,0.45205915407140906,3.3101103900380866,0.5187385577526574,0.5434548269092225,0.9043980282808017,1,2.17381930763689,0.0028665028665028664,0.16175266175266176,0.05445845393509202
754,0.46490253274035337,0.45274440815651174,3.3123816586643793,0.5180953407611968,0.5342024152652634,0.9046763367833437,1,2.1368096610610534,0.002457002457002457,0.15028665028665028,0.04869294045660285
755,0.465430819386965,0.4523029147433393,3.3090209995218003,0.5197191188320434,0.5486973266093199,0.9048357984228136,1,2.1947893064372797,0.003276003276003276,0.1638001638001638,0.054810792222812425
756,0.4650697033848708,0.4520573712986248,3.3103222967644315,0.5188073418613942,0.5441220670932791,0.9056931985084729,1,2.1764882683731166,0.0028665028665028664,0.16257166257166258,0.054372120080525915
757,0.46498941150546697,0.45242581983549757,3.312150207205721,0.5179221563560241,0.5367869135043898,0.9059096681268405,1,2.147147654017559,0.002457002457002457,0.15438165438165438,0.05093471035267354
758,0.46506232557552213,0.45210367675528274,3.3086209131052384,0.5202320200038781,0.5520036817793471,0.9061160640135046,1,2.2080147271173884,0.003276003276003276,0.16994266994266993,0.057675332575467704
759,0.4649330370468403,0.45210993573268404,3.3103035064219175,0.5187695891815298,0.545855352773985,0.905388056791364,1,2.18342141109594,0.0028665028665028664,0.16298116298116297,0.05465563560784197
760,0.4649922107045157,0.4524451647536808,3.312114989477303,0.5177969754901607,0.538672223369349,0.9052651764344037,1,2.154688893477396,0.002457002457002457,0.15561015561015562,0.05122911759379672
761,0.46528152885650953,0.45250293730143964,3.311683825739603,0.5185882607504074,0.5412216242851738,0.9048527858189651,1,2.1648864971406954,0.002457002457002457,0.15724815724815724,0.05226634112972793
762,0.4652244711749081,0.4525214452895566,3.3116874358308093,0.5192985413896508,0.5413575930002479,0.9034469668493609,1,2.1654303720009915,0.002457002457002457,0.15724815724815724,0.05228338901188835
763,0.46516535843609114,0.45226652765219216,3.3099881968008678,0.5205938662098127,0.548264475490786,0.9038197139636921,1,2.193057901963144,0.0028665028665028664,0.1638001638001638,0.05447261227739503
764,0.465132452613082,0.4523737428261752,3.3098421500993256,0.5200080302991996,0.5497023896216209,0.9044696134465465,1,2.1988095584864835,0.003276003276003276,0.16461916461916462,0.05558725481952225
765,0.46512819216674123,0.4525485962628507,3.3115292468314297,0.5188805747120049,0.54278878193193,0.905445071222996,1,2.17115512772772,0.0028665028665028664,0.1592956592956593,0.05335388755385722
766,0.4654407644591094,0.4524385002710857,3.312766768130034,0.5182868916115185,0.5379911668776087,0.904836346373857,1,2.151964667510435,0.002457002457002457,0.1552006552006552,0.050882129429038775
767,0.4652519503084529,0.4524453032079127,3.3132483541857978,0.5183888913937306,0.5361720747255498,0.9045346551950764,1,2.1446882989021994,0.002457002457002457,0.15438165438165438,0.05103650492161542
768,0.4653925828728452,0.45246259897571817,3.3124871037110193,0.51874036004298,0.5395261821701206,0.9044892827315041,1,2.1581047286804824,0.002457002457002457,0.15561015561015562,0.05117788817408361
769,0.46512111397376615,0.4524663396859429,3.3125513476594075,0.5183837829340864,0.5397833834671729,0.9044531030171089,1,2.1591335338686917,0.002457002457002457,0.15561015561015562,0.05116760892982579
770,0.46511210472980313,0.4524413900522699,3.3131227579308966,0.5182880138809706,0.5377867354820737,0.9042707036138469,1,2.1511469419282947,0.002457002457002457,0.1547911547911548,0.0509216675247524
771,0.46507501412313595,0.45246492343815115,3.31275615067507,0.5185554851435119,0.5398695601641794,0.9046958408457355,1,2.1594782406567177,0.002457002457002457,0.15561015561015562,0.051155707131443275
772,0.4652960515551241,0.4525477352297357,3.3122149483336933,0.5189147824569446,0.5426822404246772,0.9048405490806855,1,2.1707289616987087,0.002457002457002457,0.1592956592956593,0.05298657462488961
773,0.46537142166807194,0.45204889727254105,3.312077727133455,0.5182827718290599,0.5436596350218256,0.9046767591417232,1,2.1746385400873023,0.0028665028665028664,0.16175266175266176,0.054489024184278374
774,0.4649379384738442,0.4524488755766889,3.313594122227318,0.5175088893281206,0.5384660557658693,0.9039430863861868,1,2.153864223063477,0.002457002457002457,0.1552006552006552,0.05090511447559414
775,0.4650570193470174,0.4520643032929674,3.3123286805738785,0.5185569675446697,0.5438772965630181,0.9038703180057623,1,2.1755091862520723,0.0028665028665028664,0.16175266175266176,0.05449663407725206
776,0.46530459939879787,0.4525059459234676,3.3129797055757386,0.5177939015802502,0.5412829329895783,0.9037729116960417,1,2.165131731958313,0.002457002457002457,0.15683865683865683,0.05190984289548651
777,0.46523654907793577,0.4525230968994435,3.31282884772246,0.5177106192905582,0.5419272590893268,0.9040443101726722,1,2.1677090363573073,0.002457002457002457,0.15724815724815724,0.052278793788184556
778,0.46512840533609623,0.4524374274917465,3.3138567113245325,0.5167597012390135,0.5377349892545134,0.9046689608410532,1,2.1509399570180534,0.002457002457002457,0.15438165438165438,0.05095915125461836
779,0.46529233936320985,0.4520218267719359,3.3125593974688505,0.5178441271786229,0.5431728763028892,0.9056319524789348,1,2.172691505211557,0.0028665028665028664,0.16175266175266176,0.054518339949360214
780,0.4651129081009369,0.45245472450164836,3.3135803944588833,0.5165436411877072,0.5397504077025896,0.9053996216089487,1,2.1590016308103586,0.002457002457002457,0.15642915642915642,0.05201666167186411
781,0.465172685191639,0.45203451542527506,3.3126318539685595,0.5176416953698569,0.5437966571573856,0.9056416032422278,1,2.1751866286295423,0.0028665028665028664,0.16175266175266176,0.05447470199176282
782,0.4651585182417557,0.45245116266746344,3.3136723082286137,0.5170671181508419,0.5394942305111395,0.9052411266661619,1,2.157976922044558,0.002457002457002457,0.15561015561015562,0.05121705297003266
783,0.46518165516277876,0.45254531945664345,3.312884314029553,0.5181944683810367,0.542759856599899,0.904807463218316,1,2.171039426399596,0.002457002457002457,0.1592956592956593,0.05301082437699845
784,0.4651081319170173,0.45245735342396226,3.313673710593824,0.518058215119671,0.5396651068655487,0.904811698190119,1,2.1586604274621948,0.002457002457002457,0.15561015561015562,0.05119810759055003
785,0.4651473047923815,0.4524501736119479,3.313941426131708,0.5180720310593235,0.5394562439345422,0.905196875338795,1,2.1578249757381687,0.002457002457002457,0.15561015561015562,0.05120876345659036
786,0.4653367009450763,0.45247079953051583,3.3137349684423434,0.5178103822741815,0.5408396246861237,0.9054876808169353,1,2.1633584987444947,0.002457002457002457,0.15683865683865683,0.0519113168443476
787,0.4652684537885445,0.45243876921343895,3.314215864604936,0.5174204985543178,0.5391340764580361,0.9058840634548548,1,2.1565363058321445,0.002457002457002457,0.15561015561015562,0.051231824518237844
788,0.46508507040663094,0.45244911747846867,3.314051821044708,0.518087091782665,0.5399797898865223,0.9060875262304646,1,2.159919159546089,0.002457002457002457,0.15642915642915642,0.05196180447497659
789,0.46537479794890724,0.45249590897691283,3.313674631207691,0.5183485251157532,0.5416195886422235,0.9053122876579647,1,2.166478354568894,0.002457002457002457,0.15724815724815724,0.05227352588997114
790,0.4652304427689923,0.4524718616701945,3.3139466669166735,0.5176704031911882,0.5409135563180029,0.905431974416297,1,2.1636542252720115,0.002457002457002457,0.15683865683865683,0.05191478497968116
791,0.4651811720497225,0.4520342939306274,3.313157506741409,0.5178001744740024,0.5441698835976716,0.9060569319450157,1,2.1766795343906864,0.0028665028665028664,0.16175266175266176,0.05444297927351333
792,0.46521629493865946,0.4525400679012896,3.3134228722485486,0.5178622339720982,0.5430133308153856,0.9056497080102489,1,2.1720533232615424,0.002457002457002457,0.1597051597051597,0.05339382224164832
793,0.46519819946805235,0.45252813651568263,3.3134416819219683,0.518366760909977,0.5426139842273103,0.9055455541931704,1,2.1704559369092413,0.002457002457002457,0.15724815724815724,0.05218491066352402
794,0.46558874546641793,0.4520845801947836,3.312763829279866,0.5191214931422357,0.5453239199506859,0.9053445981189863,1,2.1812956798027434,0.0028665028665028664,0.16257166257166258,0.05434075470469364
795,0.46515664833048515,0.45243718777250796,3.314547115356563,0.5188014035138373,0.5380262989434271,0.904604770343051,1,2.1521051957737085,0.002457002457002457,0.1547911547911548,0.05091723442310044
796,0.4651952051985734,0.4525516134300803,3.31349889153469,0.5196295251772589,0.543126977388449,0.9049383800913384,1,2.172507909553796,0.0028665028665028664,0.1588861588861589,0.05296643850587022
797,0.465074448849819,0.4525221446278883,3.3137730265834904,0.5192744422717411,0.5423944819371489,0.905018013812226,1,2.1695779277485956,0.002457002457002457,0.15724815724815724,0.05220773327186937
798,0.4651902086249094,0.45210940338740047,3.3131003330705,0.5196017430370279,0.5456806019807584,0.9041430877576001,1,2.1827224079230336,0.0028665028665028664,0.16257166257166258,0.05434748316995644
799,0.4653281923307416,0.4520574035087172,3.3134788237983788,0.519218068818491,0.5442679050620703,0.9045938356109502,1,2.1770716202482814,0.0028665028665028664,0.16175266175266176,0.05446025191376652
800,0.46509920195955395,0.45251720964036746,3.3141812509428608,0.518583078896217,0.5420573281447291,0.904081851696783,1,2.1682293125789163,0.002457002457002457,0.15724815724815724,0.05228300884900622
