row_id,ExternalRiskEstimate,neg_NetFractionRevolvingBurden,neg_PercentTradesWBalance,PercentTradesNeverDelq,RiskPerformance
1,61.0,-0.0,-0.0,100.0,0
2,67.0,-53.0,-86.0,100.0,0
3,66.0,-72.0,-91.0,93.0,0
4,81.0,-51.0,-80.0,100.0,0
9,61.0,-31.0,-62.0,95.0,0
10,82.0,-15.0,-67.0,100.0,1
12,74.0,-18.0,-67.0,100.0,0
15,63.0,-71.0,-82.0,97.0,0
16,61.0,-62.0,-86.0,87.0,0
18,89.0,-3.0,-50.0,100.0,0
19,65.0,-31.0,-75.0,100.0,0
21,72.0,-49.0,-73.0,100.0,0
23,65.0,-14.0,-50.0,85.0,0
24,64.0,-24.0,-82.0,90.0,0
26,58.0,-79.0,-91.0,55.0,0
27,79.0,-28.0,-57.0,100.0,0
29,69.0,-50.0,-89.0,100.0,0
30,71.0,-5.0,-22.0,83.0,1
34,67.0,-31.0,-67.0,88.0,0
41,90.0,-1.0,-71.0,100.0,1
42,76.0,-37.0,-88.0,100.0,0
44,73.0,-79.0,-80.0,100.0,0
45,72.0,-42.0,-82.0,100.0,0
46,83.0,-22.0,-69.0,100.0,1
47,87.0,-12.0,-56.0,100.0,1
48,55.0,-97.0,-100.0,89.0,0
50,78.0,-57.0,-67.0,100.0,0
52,75.0,-88.0,-93.0,100.0,0
54,78.0,-10.0,-67.0,98.0,0
57,76.0,-32.0,-75.0,100.0,0
60,74.0,-45.0,-93.0,88.0,0
61,63.0,-37.0,-70.0,79.0,0
62,81.0,-24.0,-78.0,100.0,0
65,59.0,-63.0,-86.0,76.0,0
69,72.0,-66.0,-78.0,96.0,0
72,86.0,-0.0,-50.0,100.0,0
73,91.0,-0.0,-0.0,100.0,0
77,75.0,-17.0,-100.0,100.0,0
81,68.0,-85.0,-100.0,87.0,1
82,67.0,-59.0,-83.0,93.0,0
84,50.0,-32.0,-67.0,82.0,0
91,65.0,-80.0,-70.0,100.0,0
94,74.0,-44.0,-69.0,98.0,1
95,77.0,-46.0,-69.0,98.0,1
96,67.0,-63.0,-94.0,89.0,0
101,81.0,-36.0,-67.0,100.0,1
102,71.0,-87.0,-100.0,96.0,0
109,91.0,-2.0,-67.0,100.0,1
113,87.0,-1.0,-75.0,100.0,0
117,78.0,-4.0,-64.0,96.0,1
120,68.0,-5.0,-71.0,86.0,1
122,63.0,-55.0,-91.0,59.0,0
123,69.0,-94.0,-100.0,92.0,0
125,49.0,-37.0,-80.0,53.0,0
127,65.0,-51.0,-80.0,76.0,0
128,80.0,-16.0,-69.0,100.0,0
130,57.0,-57.0,-100.0,92.0,0
133,86.0,-3.0,-56.0,97.0,1
134,83.0,-17.0,-60.0,100.0,1
141,78.0,-0.0,-50.0,100.0,0
142,65.0,-1.0,-50.0,100.0,1
145,59.0,-98.0,-100.0,78.0,0
148,65.0,-81.0,-88.0,100.0,0
150,73.0,-54.0,-100.0,100.0,0
152,77.0,-41.0,-75.0,100.0,0
153,61.0,-97.0,-100.0,82.0,0
154,86.0,-3.0,-43.0,100.0,1
157,79.0,-18.0,-71.0,100.0,1
171,70.0,-69.0,-100.0,88.0,1
173,55.0,-44.0,-92.0,98.0,0
175,62.0,-67.0,-100.0,90.0,1
189,67.0,-18.0,-79.0,94.0,1
191,66.0,-83.0,-100.0,100.0,0
193,62.0,-13.0,-100.0,92.0,0
199,66.0,-80.0,-83.0,97.0,0
202,81.0,-29.0,-86.0,100.0,1
204,66.0,-105.0,-100.0,100.0,0
207,72.0,-34.0,-73.0,100.0,1
209,78.0,-6.0,-56.0,96.0,0
211,70.0,-39.0,-100.0,83.0,1
215,66.0,-80.0,-88.0,100.0,1
220,81.0,-8.0,-67.0,100.0,1
223,88.0,-0.0,-29.0,100.0,1
224,82.0,-33.0,-100.0,100.0,1
226,60.0,-0.0,-63.0,67.0,0
227,75.0,-3.0,-59.0,94.0,1
229,75.0,-41.0,-80.0,100.0,1
230,73.0,-25.0,-62.0,100.0,1
233,63.0,-53.0,-89.0,100.0,1
234,89.0,-2.0,-64.0,100.0,1
236,70.0,-3.0,-55.0,100.0,1
238,75.0,-47.0,-89.0,96.0,1
240,65.0,-83.0,-79.0,100.0,0
242,92.0,-1.0,-50.0,100.0,0
243,66.0,-19.0,-57.0,98.0,0
245,63.0,-57.0,-67.0,86.0,0
247,76.0,-17.0,-50.0,100.0,1
249,89.0,-10.0,-55.0,100.0,1
252,64.0,-57.0,-100.0,67.0,1
255,55.0,-100.0,-100.0,92.0,0
257,68.0,-59.0,-75.0,97.0,0
262,75.0,-60.0,-80.0,100.0,1
263,70.0,-50.0,-90.0,82.0,0
264,77.0,-41.0,-43.0,95.0,1
266,60.0,-37.0,-95.0,89.0,1
267,77.0,-16.0,-59.0,100.0,0
273,66.0,-55.0,-80.0,85.0,0
276,66.0,-80.0,-60.0,64.0,0
279,77.0,-19.0,-50.0,100.0,1
280,79.0,-10.0,-50.0,100.0,1
281,64.0,-58.0,-67.0,92.0,0
282,67.0,-68.0,-80.0,95.0,0
283,80.0,-16.0,-78.0,87.0,0
284,74.0,-5.0,-47.0,97.0,0
285,70.0,-83.0,-100.0,100.0,1
287,69.0,-66.0,-57.0,82.0,0
288,73.0,-42.0,-56.0,95.0,0
291,80.0,-7.0,-50.0,100.0,1
292,58.0,-69.0,-78.0,96.0,0
294,64.0,-42.0,-86.0,89.0,1
295,62.0,-68.0,-85.0,89.0,0
296,73.0,-40.0,-85.0,85.0,0
297,86.0,-22.0,-43.0,100.0,0
298,66.0,-24.0,-100.0,83.0,0
299,69.0,-25.0,-45.0,96.0,1
300,58.0,-62.0,-90.0,75.0,0
311,79.0,-20.0,-50.0,100.0,0
312,77.0,-69.0,-63.0,100.0,0
316,57.0,-100.0,-100.0,71.0,0
322,79.0,-15.0,-86.0,82.0,0
323,89.0,-7.0,-36.0,100.0,1
325,64.0,-9.0,-56.0,86.0,0
329,59.0,-49.0,-78.0,88.0,0
333,61.0,-0.0,-50.0,63.0,1
334,82.0,-36.0,-40.0,100.0,1
335,88.0,-2.0,-36.0,100.0,1
338,83.0,-12.0,-63.0,100.0,1
341,66.0,-18.0,-58.0,92.0,1
342,70.0,-58.0,-60.0,100.0,1
344,65.0,-60.0,-83.0,92.0,0
347,72.0,-49.0,-33.0,83.0,0
354,63.0,-52.0,-88.0,91.0,0
358,58.0,-95.0,-100.0,85.0,0
361,62.0,-26.0,-100.0,76.0,0
364,74.0,-1.0,-36.0,91.0,0
365,63.0,-34.0,-57.0,94.0,0
368,69.0,-41.0,-75.0,96.0,0
370,55.0,-96.0,-78.0,75.0,0
372,61.0,-30.0,-75.0,82.0,0
373,52.0,-25.0,-71.0,61.0,1
374,76.0,-12.0,-60.0,92.0,0
376,81.0,-1.0,-67.0,95.0,0
377,71.0,-23.0,-75.0,95.0,1
383,82.0,-18.0,-55.0,100.0,0
386,68.0,-44.0,-63.0,85.0,1
387,68.0,-68.0,-100.0,100.0,0
388,67.0,-74.0,-100.0,93.0,0
389,66.0,-1.0,-39.0,78.0,0
392,80.0,-10.0,-55.0,98.0,0
395,66.0,-93.0,-100.0,100.0,0
399,75.0,-2.0,-57.0,100.0,1
401,84.0,-17.0,-100.0,100.0,1
403,73.0,-81.0,-50.0,100.0,0
406,65.0,-70.0,-88.0,85.0,1
407,91.0,-1.0,-80.0,100.0,1
408,89.0,-2.0,-57.0,100.0,1
409,73.0,-21.0,-63.0,89.0,0
410,68.0,-73.0,-71.0,97.0,1
411,71.0,-34.0,-71.0,95.0,0
419,77.0,-59.0,-91.0,100.0,1
420,73.0,-81.0,-83.0,95.0,0
421,74.0,-16.0,-46.0,93.0,0
422,62.0,-73.0,-91.0,96.0,0
426,86.0,-1.0,-33.0,100.0,1
427,63.0,-37.0,-78.0,100.0,0
428,56.0,-69.0,-100.0,75.0,0
430,61.0,-40.0,-55.0,95.0,1
431,66.0,-61.0,-80.0,94.0,0
434,80.0,-20.0,-38.0,100.0,0
437,74.0,-28.0,-40.0,86.0,0
439,83.0,-10.0,-50.0,100.0,1
440,60.0,-22.0,-50.0,59.0,0
441,63.0,-74.0,-75.0,86.0,1
442,69.0,-48.0,-100.0,86.0,0
444,77.0,-51.0,-78.0,100.0,0
445,63.0,-72.0,-91.0,89.0,0
446,65.0,-72.0,-90.0,92.0,0
447,67.0,-36.0,-50.0,100.0,0
450,67.0,-79.0,-75.0,88.0,0
454,55.0,-56.0,-57.0,65.0,0
459,70.0,-0.0,-80.0,97.0,1
464,67.0,-70.0,-83.0,95.0,0
465,67.0,-39.0,-80.0,97.0,1
473,74.0,-31.0,-83.0,100.0,1
477,76.0,-25.0,-63.0,95.0,1
478,62.0,-78.0,-78.0,67.0,0
479,75.0,-56.0,-60.0,100.0,1
483,79.0,-13.0,-43.0,100.0,1
492,88.0,-4.0,-75.0,100.0,0
493,72.0,-7.0,-53.0,100.0,1
494,69.0,-29.0,-58.0,87.0,0
496,59.0,-36.0,-56.0,88.0,0
497,73.0,-8.0,-83.0,89.0,1
499,63.0,-73.0,-87.0,100.0,0
500,89.0,-1.0,-38.0,100.0,1
501,86.0,-30.0,-75.0,100.0,1
503,65.0,-78.0,-75.0,78.0,0
504,59.0,-46.0,-100.0,85.0,0
505,63.0,-58.0,-57.0,100.0,0
507,63.0,-88.0,-100.0,100.0,0
508,78.0,-0.0,-50.0,50.0,0
509,72.0,-69.0,-67.0,100.0,1
510,61.0,-47.0,-86.0,73.0,0
515,77.0,-43.0,-100.0,86.0,1
516,62.0,-28.0,-78.0,90.0,0
517,72.0,-45.0,-80.0,100.0,0
525,62.0,-43.0,-90.0,86.0,0
532,70.0,-34.0,-85.0,100.0,0
534,84.0,-17.0,-56.0,100.0,1
536,75.0,-12.0,-100.0,100.0,0
541,73.0,-35.0,-43.0,91.0,1
542,86.0,-12.0,-60.0,100.0,1
543,57.0,-43.0,-67.0,43.0,0
546,77.0,-4.0,-50.0,94.0,1
547,86.0,-5.0,-29.0,100.0,0
548,69.0,-9.0,-78.0,93.0,0
549,88.0,-7.0,-50.0,100.0,1
553,58.0,-101.0,-100.0,100.0,0
557,65.0,-76.0,-100.0,100.0,0
558,58.0,-75.0,-83.0,83.0,0
559,82.0,-36.0,-100.0,100.0,1
560,57.0,-26.0,-92.0,30.0,0
561,82.0,-18.0,-75.0,100.0,1
562,75.0,-44.0,-50.0,97.0,0
564,61.0,-63.0,-91.0,94.0,0
569,69.0,-5.0,-57.0,100.0,0
571,56.0,-101.0,-100.0,75.0,0
572,73.0,-22.0,-53.0,85.0,0
574,55.0,-93.0,-75.0,77.0,0
575,85.0,-6.0,-57.0,100.0,1
576,80.0,-7.0,-67.0,100.0,0
577,87.0,-5.0,-67.0,100.0,1
578,89.0,-8.0,-43.0,100.0,1
582,58.0,-88.0,-78.0,93.0,0
584,89.0,-0.0,-21.0,100.0,1
585,63.0,-70.0,-78.0,83.0,1
586,88.0,-7.0,-33.0,100.0,1
587,69.0,-1.0,-33.0,85.0,1
590,76.0,-32.0,-50.0,94.0,1
591,72.0,-34.0,-72.0,100.0,1
592,72.0,-41.0,-86.0,90.0,1
594,72.0,-33.0,-75.0,70.0,1
599,74.0,-90.0,-73.0,100.0,0
600,75.0,-0.0,-70.0,90.0,1
602,76.0,-12.0,-44.0,96.0,1
603,85.0,-1.0,-67.0,100.0,1
605,85.0,-12.0,-47.0,100.0,1
606,63.0,-58.0,-100.0,89.0,0
607,82.0,-9.0,-50.0,92.0,1
608,66.0,-51.0,-79.0,91.0,0
611,75.0,-47.0,-71.0,96.0,1
613,88.0,-2.0,-26.0,100.0,1
614,67.0,-53.0,-82.0,94.0,0
616,76.0,-62.0,-83.0,100.0,0
618,65.0,-7.0,-33.0,97.0,0
619,65.0,-91.0,-100.0,87.0,0
620,78.0,-56.0,-73.0,100.0,0
626,72.0,-48.0,-69.0,100.0,0
627,65.0,-75.0,-50.0,100.0,0
629,68.0,-65.0,-67.0,100.0,0
632,68.0,-43.0,-67.0,89.0,1
633,89.0,-0.0,-17.0,100.0,1
637,80.0,-51.0,-69.0,100.0,1
638,87.0,-13.0,-71.0,100.0,1
640,84.0,-44.0,-80.0,100.0,1
641,64.0,-50.0,-93.0,100.0,0
642,76.0,-51.0,-84.0,100.0,0
643,79.0,-7.0,-44.0,96.0,1
645,84.0,-19.0,-70.0,100.0,0
646,60.0,-92.0,-100.0,71.0,0
647,76.0,-13.0,-63.0,96.0,1
648,56.0,-9.0,-33.0,88.0,0
652,57.0,-81.0,-90.0,89.0,0
653,84.0,-10.0,-88.0,100.0,1
654,79.0,-56.0,-50.0,100.0,1
655,83.0,-28.0,-20.0,100.0,0
666,68.0,-14.0,-67.0,100.0,0
667,80.0,-35.0,-50.0,100.0,1
668,86.0,-4.0,-86.0,100.0,1
670,88.0,-0.0,-25.0,100.0,1
673,78.0,-90.0,-80.0,100.0,1
678,67.0,-81.0,-86.0,100.0,0
680,87.0,-7.0,-44.0,100.0,0
681,64.0,-84.0,-100.0,95.0,0
686,64.0,-54.0,-57.0,91.0,0
695,78.0,-32.0,-67.0,100.0,0
696,72.0,-50.0,-73.0,100.0,1
698,79.0,-7.0,-58.0,93.0,0
699,58.0,-62.0,-89.0,94.0,0
700,64.0,-35.0,-41.0,93.0,1
705,57.0,-102.0,-100.0,75.0,0
707,85.0,-1.0,-50.0,92.0,1
711,61.0,-84.0,-67.0,86.0,1
715,45.0,-62.0,-65.0,86.0,1
720,60.0,-42.0,-80.0,81.0,0
721,86.0,-31.0,-50.0,100.0,1
723,86.0,-0.0,-0.0,100.0,0
724,64.0,-63.0,-56.0,97.0,1
727,84.0,-8.0,-30.0,94.0,1
729,79.0,-5.0,-36.0,97.0,1
730,78.0,-2.0,-20.0,92.0,1
731,57.0,-84.0,-82.0,80.0,0
732,75.0,-14.0,-86.0,100.0,1
733,58.0,-86.0,-67.0,71.0,0
734,68.0,-50.0,-64.0,100.0,0
735,84.0,-22.0,-47.0,100.0,0
739,84.0,-14.0,-46.0,100.0,1
741,75.0,-58.0,-100.0,100.0,0
742,57.0,-59.0,-82.0,79.0,1
743,83.0,-6.0,-25.0,91.0,1
747,76.0,-17.0,-50.0,91.0,0
754,71.0,-95.0,-70.0,100.0,0
758,79.0,-4.0,-63.0,95.0,1
764,72.0,-59.0,-88.0,93.0,0
767,90.0,-0.0,-33.0,100.0,1
768,67.0,-30.0,-64.0,92.0,0
771,70.0,-65.0,-68.0,100.0,1
772,85.0,-0.0,-67.0,100.0,1
773,62.0,-92.0,-100.0,100.0,1
775,88.0,-7.0,-50.0,100.0,1
776,52.0,-52.0,-82.0,76.0,1
778,87.0,-14.0,-50.0,100.0,1
779,86.0,-5.0,-20.0,94.0,1
785,81.0,-30.0,-62.0,100.0,1
788,82.0,-2.0,-44.0,97.0,1
792,75.0,-37.0,-55.0,100.0,1
794,73.0,-49.0,-75.0,92.0,0
795,90.0,-1.0,-11.0,100.0,1
796,69.0,-53.0,-100.0,93.0,0
800,82.0,-2.0,-68.0,100.0,1
801,49.0,-89.0,-86.0,67.0,1
802,66.0,-65.0,-87.0,90.0,1
804,68.0,-1.0,-57.0,100.0,1
807,73.0,-38.0,-70.0,96.0,0
809,90.0,-4.0,-33.0,100.0,1
813,82.0,-18.0,-47.0,100.0,1
816,57.0,-63.0,-88.0,62.0,0
817,70.0,-62.0,-67.0,100.0,1
822,72.0,-47.0,-74.0,100.0,0
826,87.0,-3.0,-33.0,100.0,1
828,63.0,-42.0,-73.0,96.0,1
829,87.0,-3.0,-44.0,100.0,1
830,90.0,-1.0,-30.0,100.0,1
831,80.0,-34.0,-65.0,100.0,0
832,78.0,-20.0,-56.0,100.0,1
833,86.0,-37.0,-80.0,100.0,1
838,84.0,-3.0,-42.0,100.0,1
840,64.0,-74.0,-75.0,100.0,0
841,71.0,-31.0,-39.0,100.0,1
842,80.0,-6.0,-38.0,100.0,0
845,73.0,-28.0,-77.0,94.0,1
846,61.0,-57.0,-92.0,89.0,0
860,68.0,-50.0,-88.0,94.0,0
862,81.0,-55.0,-50.0,100.0,1
864,72.0,-9.0,-53.0,98.0,1
865,88.0,-8.0,-63.0,100.0,1
866,84.0,-18.0,-60.0,100.0,1
867,63.0,-57.0,-80.0,100.0,0
868,66.0,-34.0,-57.0,75.0,0
869,68.0,-61.0,-63.0,100.0,1
873,65.0,-47.0,-86.0,70.0,1
875,81.0,-8.0,-35.0,100.0,1
878,85.0,-1.0,-57.0,100.0,1
879,84.0,-3.0,-45.0,100.0,1
882,56.0,-21.0,-55.0,86.0,0
884,80.0,-30.0,-88.0,100.0,1
887,89.0,-6.0,-100.0,100.0,1
889,74.0,-37.0,-86.0,85.0,1
894,77.0,-31.0,-83.0,100.0,1
896,71.0,-31.0,-83.0,88.0,1
899,89.0,-6.0,-55.0,100.0,1
901,81.0,-25.0,-80.0,100.0,1
902,83.0,-5.0,-55.0,100.0,1
907,80.0,-51.0,-20.0,100.0,1
908,76.0,-93.0,-100.0,95.0,1
910,75.0,-10.0,-47.0,98.0,1
917,87.0,-4.0,-33.0,100.0,1
921,64.0,-34.0,-63.0,91.0,1
922,71.0,-18.0,-48.0,97.0,1
923,61.0,-51.0,-45.0,100.0,0
924,83.0,-11.0,-53.0,97.0,1
927,73.0,-31.0,-50.0,100.0,1
931,69.0,-24.0,-86.0,93.0,1
932,77.0,-0.0,-67.0,95.0,1
937,51.0,-94.0,-86.0,94.0,0
943,69.0,-0.0,-40.0,67.0,0
944,88.0,-0.0,-8.0,100.0,1
945,86.0,-4.0,-43.0,100.0,1
948,72.0,-25.0,-65.0,100.0,1
950,69.0,-45.0,-84.0,96.0,0
953,76.0,-3.0,-59.0,90.0,1
961,64.0,-21.0,-42.0,100.0,0
963,79.0,-19.0,-88.0,95.0,1
964,83.0,-26.0,-75.0,100.0,1
966,81.0,-0.0,-33.0,96.0,1
967,85.0,-0.0,-20.0,100.0,1
968,88.0,-0.0,-46.0,100.0,1
970,72.0,-14.0,-100.0,100.0,1
972,88.0,-6.0,-38.0,100.0,1
974,80.0,-21.0,-100.0,98.0,1
977,76.0,-92.0,-100.0,100.0,1
985,87.0,-4.0,-67.0,100.0,1
987,86.0,-28.0,-75.0,100.0,1
989,84.0,-0.0,-50.0,94.0,1
990,73.0,-19.0,-80.0,89.0,0
992,83.0,-31.0,-56.0,100.0,1
995,61.0,-73.0,-90.0,100.0,0
997,82.0,-28.0,-50.0,100.0,1
998,63.0,-18.0,-64.0,86.0,0
999,63.0,-67.0,-70.0,86.0,0
1000,64.0,-55.0,-57.0,100.0,0
1002,57.0,-60.0,-86.0,93.0,0
1004,65.0,-81.0,-88.0,100.0,0
1006,55.0,-33.0,-67.0,77.0,0
1008,68.0,-6.0,-67.0,100.0,0
1012,75.0,-16.0,-83.0,91.0,0
1014,68.0,-66.0,-67.0,100.0,1
1018,76.0,-2.0,-43.0,67.0,0
1021,79.0,-21.0,-100.0,100.0,0
1026,86.0,-0.0,-83.0,100.0,1
1028,50.0,-89.0,-75.0,94.0,0
1032,73.0,-54.0,-86.0,100.0,0
1033,66.0,-78.0,-70.0,100.0,0
1036,61.0,-41.0,-57.0,88.0,0
1039,58.0,-98.0,-80.0,100.0,1
1040,83.0,-14.0,-100.0,100.0,0
1042,61.0,-76.0,-90.0,83.0,1
1043,71.0,-77.0,-64.0,100.0,0
1046,55.0,-46.0,-72.0,70.0,0
1047,81.0,-0.0,-14.0,90.0,1
1048,55.0,-79.0,-91.0,91.0,0
1049,57.0,-98.0,-86.0,79.0,0
1052,88.0,-2.0,-64.0,100.0,1
1056,70.0,-38.0,-67.0,88.0,0
1058,83.0,-16.0,-69.0,100.0,1
1060,76.0,-21.0,-59.0,98.0,1
1062,77.0,-10.0,-50.0,94.0,0
1065,69.0,-14.0,-69.0,97.0,1
1066,70.0,-6.0,-48.0,95.0,1
1068,84.0,-32.0,-25.0,100.0,1
1070,84.0,-0.0,-33.0,100.0,1
1071,77.0,-42.0,-60.0,100.0,1
1076,71.0,-24.0,-90.0,75.0,0
1077,67.0,-48.0,-70.0,100.0,1
1078,69.0,-61.0,-62.0,97.0,1
1079,70.0,-68.0,-83.0,92.0,0
1463,87.0,-9.0,-21.0,100.0,1
1465,67.0,-35.0,-75.0,100.0,0
1466,79.0,-48.0,-60.0,100.0,1
1467,69.0,-46.0,-60.0,96.0,0
1468,61.0,-56.0,-100.0,75.0,0
1469,66.0,-35.0,-57.0,84.0,0
1473,80.0,-49.0,-100.0,100.0,1
1474,66.0,-0.0,-60.0,78.0,1
1479,85.0,-14.0,-30.0,100.0,1
1482,57.0,-93.0,-83.0,57.0,0
1483,63.0,-91.0,-83.0,93.0,0
1484,64.0,-83.0,-63.0,90.0,1
1486,64.0,-88.0,-86.0,100.0,0
1488,65.0,-46.0,-82.0,100.0,0
1491,79.0,-30.0,-100.0,100.0,1
1492,63.0,-91.0,-60.0,95.0,0
1495,61.0,-88.0,-87.0,100.0,0
1496,81.0,-34.0,-60.0,100.0,1
1499,64.0,-92.0,-100.0,100.0,0
1500,86.0,-17.0,-33.0,100.0,0
1502,72.0,-37.0,-63.0,100.0,1
1503,68.0,-78.0,-76.0,100.0,1
1504,80.0,-13.0,-63.0,100.0,1
1506,60.0,-49.0,-75.0,100.0,0
1509,73.0,-59.0,-78.0,100.0,0
1512,66.0,-7.0,-40.0,92.0,0
1514,70.0,-31.0,-94.0,100.0,1
1515,69.0,-85.0,-100.0,90.0,1
1517,57.0,-36.0,-73.0,89.0,0
1519,72.0,-4.0,-100.0,100.0,0
1526,88.0,-9.0,-100.0,100.0,1
1528,77.0,-33.0,-55.0,100.0,0
1530,54.0,-44.0,-83.0,38.0,0
1539,85.0,-4.0,-15.0,88.0,0
1542,84.0,-44.0,-33.0,100.0,0
1546,67.0,-67.0,-67.0,100.0,0
1548,75.0,-33.0,-67.0,98.0,1
1549,56.0,-0.0,-50.0,50.0,0
1551,70.0,-51.0,-63.0,90.0,0
1554,75.0,-62.0,-67.0,100.0,0
1559,70.0,-39.0,-73.0,94.0,0
1562,56.0,-64.0,-69.0,80.0,0
1565,66.0,-86.0,-86.0,100.0,0
1566,72.0,-16.0,-50.0,93.0,1
1567,77.0,-44.0,-50.0,100.0,1
1569,71.0,-44.0,-50.0,98.0,0
1571,69.0,-63.0,-83.0,100.0,0
1574,69.0,-18.0,-83.0,91.0,0
1582,72.0,-20.0,-64.0,100.0,0
1583,76.0,-12.0,-25.0,91.0,0
1587,79.0,-29.0,-27.0,100.0,0
1591,68.0,-85.0,-75.0,100.0,0
1592,75.0,-20.0,-47.0,100.0,1
1594,73.0,-65.0,-40.0,100.0,0
1595,59.0,-64.0,-55.0,82.0,0
1598,59.0,-66.0,-57.0,90.0,0
1600,64.0,-48.0,-88.0,78.0,0
1603,65.0,-65.0,-71.0,93.0,0
1605,54.0,-64.0,-93.0,88.0,0
1606,66.0,-66.0,-33.0,95.0,0
1609,89.0,-8.0,-25.0,100.0,0
1611,74.0,-52.0,-74.0,100.0,0
1613,66.0,-81.0,-75.0,100.0,0
1615,70.0,-99.0,-100.0,100.0,0
1616,81.0,-4.0,-50.0,100.0,1
1620,82.0,-16.0,-50.0,100.0,0
1623,70.0,-49.0,-43.0,100.0,1
1624,82.0,-5.0,-46.0,96.0,1
1628,91.0,-1.0,-50.0,100.0,1
1629,75.0,-25.0,-50.0,97.0,0
1631,66.0,-81.0,-90.0,92.0,0
1633,60.0,-54.0,-55.0,90.0,1
1634,89.0,-17.0,-100.0,100.0,1
1636,81.0,-16.0,-33.0,100.0,1
1638,84.0,-1.0,-17.0,100.0,0
1639,79.0,-0.0,-38.0,94.0,1
1640,72.0,-6.0,-50.0,100.0,0
1641,64.0,-36.0,-50.0,64.0,0
1642,58.0,-25.0,-47.0,95.0,0
1646,85.0,-26.0,-100.0,100.0,1
1648,93.0,-1.0,-13.0,100.0,1
1650,74.0,-58.0,-80.0,100.0,1
1653,66.0,-41.0,-56.0,98.0,0
1655,86.0,-7.0,-80.0,92.0,0
1658,55.0,-94.0,-100.0,100.0,0
1660,86.0,-5.0,-57.0,92.0,0
1661,66.0,-93.0,-100.0,100.0,0
1666,67.0,-63.0,-73.0,100.0,0
1668,68.0,-16.0,-75.0,97.0,0
1669,79.0,-43.0,-55.0,100.0,0
1671,89.0,-0.0,-0.0,100.0,0
1676,68.0,-49.0,-50.0,89.0,1
1677,65.0,-64.0,-59.0,100.0,0
1679,82.0,-5.0,-60.0,100.0,0
1682,67.0,-77.0,-71.0,96.0,1
1683,73.0,-16.0,-77.0,100.0,0
1686,76.0,-43.0,-70.0,100.0,0
1693,61.0,-0.0,-33.0,76.0,0
1695,63.0,-58.0,-56.0,98.0,0
1698,72.0,-56.0,-75.0,80.0,0
1702,57.0,-75.0,-80.0,93.0,0
1704,73.0,-14.0,-43.0,50.0,0
1713,83.0,-0.0,-57.0,95.0,0
1715,84.0,-1.0,-17.0,100.0,1
1720,89.0,-0.0,-22.0,100.0,1
1723,63.0,-3.0,-100.0,83.0,0
1726,79.0,-31.0,-61.0,96.0,1
1727,71.0,-53.0,-67.0,100.0,0
1731,75.0,-19.0,-41.0,100.0,0
1732,81.0,-24.0,-67.0,100.0,1
1733,72.0,-71.0,-80.0,100.0,1
1737,64.0,-86.0,-91.0,94.0,0
1739,67.0,-9.0,-92.0,96.0,1
1743,76.0,-25.0,-47.0,100.0,0
1744,77.0,-34.0,-60.0,100.0,1
1746,66.0,-36.0,-63.0,85.0,0
1748,55.0,-84.0,-80.0,89.0,0
1750,85.0,-20.0,-67.0,100.0,1
1751,65.0,-49.0,-60.0,55.0,0
1752,76.0,-0.0,-67.0,86.0,0
1753,86.0,-3.0,-45.0,97.0,1
1755,54.0,-39.0,-100.0,94.0,1
1756,86.0,-5.0,-42.0,100.0,1
1757,74.0,-64.0,-100.0,100.0,0
1761,87.0,-0.0,-40.0,100.0,1
1762,70.0,-48.0,-18.0,98.0,1
1763,60.0,-99.0,-100.0,91.0,0
1765,61.0,-95.0,-100.0,100.0,0
1766,64.0,-79.0,-88.0,100.0,0
1768,84.0,-16.0,-30.0,100.0,1
1769,73.0,-47.0,-38.0,92.0,0
1770,79.0,-34.0,-100.0,96.0,1
1771,81.0,-1.0,-100.0,95.0,1
1772,76.0,-40.0,-22.0,80.0,0
1775,86.0,-8.0,-56.0,100.0,1
1776,66.0,-49.0,-64.0,85.0,0
1779,65.0,-53.0,-63.0,94.0,0
1780,63.0,-77.0,-70.0,85.0,0
1784,82.0,-55.0,-100.0,100.0,0
1785,59.0,-11.0,-80.0,100.0,1
1786,56.0,-101.0,-100.0,72.0,0
1787,66.0,-24.0,-75.0,100.0,1
1788,67.0,-40.0,-64.0,87.0,0
1789,74.0,-17.0,-54.0,100.0,1
1791,70.0,-79.0,-89.0,100.0,1
1792,65.0,-61.0,-84.0,94.0,0
1793,57.0,-38.0,-100.0,70.0,0
1795,61.0,-42.0,-59.0,100.0,0
1796,90.0,-0.0,-25.0,100.0,1
1797,70.0,-65.0,-82.0,95.0,0
1798,81.0,-1.0,-50.0,100.0,1
1799,69.0,-76.0,-69.0,100.0,0
1804,58.0,-93.0,-75.0,100.0,0
1806,71.0,-73.0,-71.0,100.0,1
1808,81.0,-4.0,-42.0,100.0,1
1811,86.0,-22.0,-40.0,94.0,0
1813,69.0,-84.0,-60.0,90.0,0
1819,61.0,-39.0,-53.0,98.0,1
1820,62.0,-6.0,-33.0,56.0,0
1821,63.0,-92.0,-100.0,100.0,0
1823,77.0,-36.0,-33.0,97.0,1
1824,67.0,-4.0,-60.0,75.0,0
1825,86.0,-1.0,-55.0,97.0,0
1827,79.0,-12.0,-83.0,100.0,0
1828,64.0,-27.0,-100.0,79.0,0
1829,55.0,-26.0,-71.0,79.0,0
1830,70.0,-11.0,-60.0,95.0,1
1831,83.0,-5.0,-60.0,100.0,1
1837,62.0,-54.0,-70.0,96.0,0
1841,72.0,-16.0,-39.0,96.0,1
1842,56.0,-51.0,-82.0,100.0,0
1844,64.0,-4.0,-80.0,83.0,1
1847,65.0,-43.0,-67.0,94.0,1
1848,80.0,-4.0,-75.0,92.0,0
1850,72.0,-74.0,-88.0,100.0,0
1852,64.0,-77.0,-71.0,100.0,0
1854,70.0,-22.0,-50.0,91.0,0
1856,61.0,-43.0,-53.0,86.0,0
1860,70.0,-59.0,-73.0,95.0,0
1861,75.0,-101.0,-100.0,100.0,0
1864,66.0,-65.0,-79.0,94.0,0
1867,82.0,-4.0,-70.0,100.0,1
1871,82.0,-0.0,-57.0,97.0,1
1872,82.0,-2.0,-43.0,100.0,0
1873,56.0,-94.0,-85.0,95.0,0
1874,75.0,-21.0,-89.0,100.0,0
1876,88.0,-0.0,-57.0,100.0,1
1878,68.0,-62.0,-73.0,92.0,1
1880,66.0,-31.0,-56.0,90.0,0
1883,68.0,-2.0,-70.0,95.0,1
1884,88.0,-1.0,-60.0,100.0,1
1886,73.0,-56.0,-79.0,100.0,0
1892,66.0,-12.0,-57.0,90.0,1
1894,71.0,-37.0,-43.0,96.0,1
1895,56.0,-22.0,-50.0,81.0,0
1897,63.0,-68.0,-100.0,80.0,0
1901,73.0,-0.0,-50.0,88.0,0
1902,75.0,-32.0,-83.0,100.0,0
1905,57.0,-84.0,-73.0,95.0,0
1907,58.0,-68.0,-83.0,67.0,0
1908,59.0,-99.0,-100.0,67.0,0
1911,66.0,-66.0,-100.0,100.0,0
1912,67.0,-97.0,-100.0,70.0,0
1913,68.0,-54.0,-83.0,100.0,1
1914,64.0,-53.0,-82.0,100.0,0
1915,77.0,-19.0,-44.0,100.0,0
1920,78.0,-1.0,-64.0,90.0,0
1921,70.0,-62.0,-88.0,100.0,0
1922,78.0,-22.0,-70.0,100.0,0
1924,82.0,-0.0,-21.0,100.0,1
1925,82.0,-9.0,-75.0,96.0,0
1927,79.0,-0.0,-50.0,100.0,0
1928,88.0,-9.0,-40.0,100.0,1
1930,75.0,-6.0,-50.0,92.0,0
1932,65.0,-10.0,-60.0,54.0,0
1933,68.0,-38.0,-83.0,85.0,0
1938,66.0,-61.0,-43.0,100.0,0
1940,62.0,-65.0,-79.0,100.0,0
1942,61.0,-115.0,-75.0,78.0,0
1945,57.0,-48.0,-100.0,79.0,0
1950,77.0,-13.0,-80.0,100.0,1
1951,70.0,-24.0,-67.0,93.0,0
1953,75.0,-8.0,-88.0,89.0,1
1954,70.0,-30.0,-55.0,100.0,0
1955,58.0,-19.0,-56.0,95.0,0
1956,60.0,-83.0,-89.0,81.0,0
1957,80.0,-26.0,-83.0,100.0,1
1959,66.0,-46.0,-100.0,50.0,0
1963,72.0,-49.0,-50.0,100.0,0
1964,62.0,-48.0,-100.0,71.0,1
1967,61.0,-0.0,-40.0,25.0,0
1968,69.0,-20.0,-78.0,80.0,0
1970,51.0,-87.0,-100.0,78.0,0
1971,76.0,-21.0,-65.0,100.0,1
1972,79.0,-1.0,-43.0,90.0,1
1973,68.0,-86.0,-88.0,100.0,0
1974,63.0,-56.0,-89.0,74.0,1
1979,59.0,-62.0,-89.0,100.0,0
1983,84.0,-11.0,-100.0,80.0,0
1984,58.0,-71.0,-78.0,76.0,0
1990,64.0,-9.0,-53.0,91.0,0
1991,70.0,-98.0,-100.0,100.0,0
1996,87.0,-14.0,-60.0,100.0,1
1998,86.0,-0.0,-40.0,100.0,1
1999,66.0,-12.0,-41.0,93.0,1
2001,74.0,-49.0,-88.0,100.0,0
2007,71.0,-46.0,-60.0,93.0,1
2009,77.0,-69.0,-100.0,100.0,1
2011,74.0,-25.0,-75.0,71.0,0
2012,65.0,-59.0,-80.0,94.0,0
2013,56.0,-9.0,-56.0,70.0,0
2020,66.0,-64.0,-85.0,100.0,0
2021,73.0,-19.0,-50.0,100.0,1
2025,80.0,-32.0,-83.0,100.0,0
2026,63.0,-17.0,-48.0,86.0,0
2031,86.0,-23.0,-83.0,93.0,1
2035,68.0,-33.0,-86.0,91.0,0
2041,71.0,-32.0,-59.0,100.0,1
2042,68.0,-31.0,-70.0,81.0,0
2043,60.0,-86.0,-100.0,76.0,0
2053,88.0,-1.0,-25.0,100.0,0
2054,68.0,-20.0,-44.0,91.0,0
2055,58.0,-27.0,-57.0,100.0,0
2057,69.0,-46.0,-89.0,100.0,0
2058,57.0,-94.0,-100.0,77.0,0
2060,74.0,-58.0,-67.0,97.0,1
2063,70.0,-1.0,-13.0,92.0,1
2064,57.0,-58.0,-36.0,97.0,0
2065,60.0,-64.0,-100.0,94.0,0
2066,67.0,-79.0,-87.0,100.0,0
2068,60.0,-20.0,-57.0,100.0,0
2073,79.0,-2.0,-32.0,97.0,1
2074,69.0,-23.0,-64.0,80.0,1
2075,64.0,-58.0,-89.0,95.0,0
2079,61.0,-87.0,-67.0,96.0,0
2084,79.0,-19.0,-59.0,97.0,0
2089,65.0,-8.0,-40.0,71.0,0
2091,67.0,-95.0,-82.0,100.0,0
2094,92.0,-4.0,-100.0,100.0,1
2096,68.0,-69.0,-75.0,90.0,0
2100,88.0,-16.0,-19.0,100.0,1
2103,84.0,-16.0,-57.0,100.0,1
2111,68.0,-13.0,-65.0,91.0,1
2112,57.0,-32.0,-44.0,88.0,0
2116,68.0,-63.0,-93.0,100.0,0
2120,70.0,-24.0,-67.0,86.0,0
2121,62.0,-97.0,-100.0,89.0,0
2122,65.0,-19.0,-100.0,57.0,0
2123,78.0,-13.0,-58.0,93.0,1
2124,69.0,-35.0,-71.0,92.0,1
2128,63.0,-53.0,-85.0,100.0,0
2130,79.0,-28.0,-70.0,100.0,1
2133,66.0,-90.0,-100.0,93.0,0
2135,66.0,-76.0,-100.0,75.0,0
2136,73.0,-33.0,-57.0,98.0,0
2138,74.0,-5.0,-67.0,57.0,0
2142,58.0,-96.0,-91.0,100.0,0
2143,56.0,-36.0,-63.0,50.0,0
2144,66.0,-51.0,-67.0,93.0,0
2145,73.0,-41.0,-63.0,100.0,0
2146,69.0,-18.0,-75.0,75.0,0
2148,60.0,-32.0,-50.0,94.0,0
2151,75.0,-59.0,-47.0,100.0,1
2153,58.0,-78.0,-87.0,96.0,1
2155,72.0,-72.0,-92.0,100.0,0
2158,63.0,-91.0,-86.0,100.0,0
2159,68.0,-34.0,-57.0,100.0,0
2160,66.0,-51.0,-90.0,96.0,0
2161,71.0,-28.0,-59.0,100.0,0
2162,69.0,-28.0,-60.0,94.0,1
2163,69.0,-58.0,-86.0,100.0,0
2165,70.0,-96.0,-75.0,100.0,0
2166,68.0,-67.0,-74.0,94.0,0
2167,72.0,-4.0,-86.0,100.0,1
2168,66.0,-53.0,-100.0,100.0,0
2169,71.0,-35.0,-65.0,100.0,0
2171,76.0,-48.0,-100.0,100.0,1
2179,62.0,-53.0,-54.0,90.0,0
2180,64.0,-66.0,-82.0,100.0,0
2181,60.0,-66.0,-91.0,100.0,1
2182,57.0,-100.0,-100.0,100.0,0
2188,65.0,-7.0,-55.0,91.0,0
2190,64.0,-40.0,-82.0,87.0,0
2193,79.0,-5.0,-50.0,97.0,0
2194,83.0,-2.0,-50.0,100.0,1
2195,65.0,-18.0,-46.0,93.0,0
2200,87.0,-6.0,-13.0,100.0,1
2204,65.0,-47.0,-73.0,100.0,0
2207,63.0,-4.0,-82.0,88.0,0
2210,77.0,-18.0,-65.0,100.0,1
2214,81.0,-47.0,-64.0,100.0,1
2215,77.0,-0.0,-29.0,100.0,0
2219,68.0,-81.0,-88.0,100.0,0
2220,67.0,-83.0,-91.0,100.0,0
2221,68.0,-13.0,-50.0,80.0,0
2223,60.0,-75.0,-67.0,86.0,1
2225,57.0,-19.0,-75.0,75.0,1
2226,88.0,-3.0,-64.0,100.0,1
2228,69.0,-69.0,-83.0,100.0,0
2231,59.0,-59.0,-89.0,100.0,0
2232,63.0,-97.0,-100.0,100.0,0
2234,60.0,-32.0,-90.0,92.0,0
2235,72.0,-25.0,-43.0,97.0,1
2236,68.0,-32.0,-56.0,90.0,1
2237,64.0,-63.0,-81.0,100.0,0
2238,59.0,-86.0,-100.0,60.0,0
2243,66.0,-58.0,-83.0,93.0,0
2245,80.0,-6.0,-82.0,78.0,0
2246,63.0,-82.0,-89.0,91.0,0
2248,69.0,-38.0,-50.0,91.0,0
2252,68.0,-19.0,-36.0,94.0,0
2256,63.0,-49.0,-92.0,100.0,0
2257,65.0,-0.0,-43.0,98.0,1
2269,62.0,-13.0,-36.0,69.0,0
2272,66.0,-48.0,-74.0,100.0,1
2280,72.0,-20.0,-47.0,97.0,1
2281,64.0,-71.0,-56.0,94.0,0
2283,57.0,-60.0,-100.0,89.0,0
2286,87.0,-5.0,-47.0,100.0,0
2287,70.0,-79.0,-100.0,89.0,1
2289,88.0,-8.0,-67.0,100.0,1
2291,56.0,-53.0,-80.0,78.0,0
2292,56.0,-6.0,-60.0,78.0,0
2298,70.0,-8.0,-50.0,100.0,0
2300,67.0,-41.0,-87.0,97.0,0
2302,72.0,-34.0,-33.0,100.0,1
2303,71.0,-33.0,-86.0,89.0,0
2304,59.0,-71.0,-75.0,100.0,0
2305,74.0,-51.0,-67.0,100.0,0
2306,81.0,-1.0,-75.0,80.0,1
2309,57.0,-71.0,-69.0,93.0,1
2310,73.0,-0.0,-50.0,93.0,0
2314,67.0,-59.0,-60.0,86.0,0
2316,65.0,-60.0,-80.0,98.0,0
2318,72.0,-29.0,-71.0,92.0,0
2319,85.0,-2.0,-57.0,100.0,1
2320,82.0,-13.0,-58.0,100.0,1
2321,76.0,-20.0,-40.0,100.0,0
2322,61.0,-90.0,-89.0,100.0,0
2324,71.0,-83.0,-94.0,100.0,0
2326,67.0,-40.0,-45.0,94.0,0
2327,77.0,-34.0,-38.0,100.0,0
2328,77.0,-46.0,-57.0,95.0,1
2329,65.0,-18.0,-57.0,61.0,0
2330,67.0,-32.0,-77.0,94.0,0
2331,56.0,-22.0,-100.0,88.0,1
2332,80.0,-27.0,-100.0,100.0,0
2335,75.0,-50.0,-62.0,87.0,0
2338,60.0,-76.0,-89.0,100.0,0
2340,67.0,-47.0,-71.0,91.0,0
2341,77.0,-5.0,-42.0,100.0,1
2344,74.0,-39.0,-75.0,100.0,0
2346,55.0,-53.0,-93.0,94.0,0
2347,72.0,-29.0,-44.0,89.0,1
2356,86.0,-3.0,-32.0,100.0,1
2361,63.0,-60.0,-71.0,100.0,0
2362,66.0,-72.0,-75.0,100.0,0
2363,75.0,-9.0,-50.0,100.0,0
2364,65.0,-87.0,-79.0,100.0,0
2365,59.0,-48.0,-76.0,94.0,0
2366,75.0,-8.0,-46.0,100.0,0
2371,73.0,-70.0,-91.0,100.0,1
2379,75.0,-22.0,-60.0,95.0,1
2380,66.0,-31.0,-75.0,90.0,0
2382,87.0,-15.0,-29.0,100.0,1
2383,67.0,-24.0,-86.0,100.0,1
2386,80.0,-9.0,-40.0,95.0,1
2387,70.0,-59.0,-50.0,91.0,0
2388,78.0,-12.0,-32.0,98.0,1
2389,69.0,-45.0,-59.0,100.0,1
2391,73.0,-11.0,-71.0,98.0,1
2393,70.0,-93.0,-100.0,100.0,0
2394,65.0,-57.0,-85.0,100.0,1
2398,65.0,-51.0,-59.0,93.0,1
2399,71.0,-40.0,-75.0,84.0,1
2400,64.0,-8.0,-40.0,76.0,0
2407,88.0,-7.0,-57.0,100.0,0
2411,81.0,-39.0,-100.0,100.0,1
2416,62.0,-62.0,-80.0,72.0,0
2419,71.0,-41.0,-69.0,100.0,0
2424,75.0,-41.0,-43.0,100.0,0
2426,70.0,-43.0,-100.0,87.0,0
2427,74.0,-31.0,-72.0,100.0,1
2428,69.0,-51.0,-53.0,80.0,0
2435,68.0,-34.0,-65.0,100.0,0
2437,78.0,-16.0,-89.0,86.0,0
2438,65.0,-15.0,-58.0,98.0,1
2440,61.0,-98.0,-100.0,100.0,0
2447,62.0,-44.0,-57.0,100.0,0
2450,57.0,-84.0,-100.0,100.0,0
2453,79.0,-0.0,-57.0,100.0,1
2454,81.0,-12.0,-41.0,100.0,1
2460,73.0,-0.0,-43.0,76.0,1
2465,84.0,-8.0,-67.0,95.0,0
2466,58.0,-53.0,-72.0,93.0,0
2468,74.0,-16.0,-44.0,100.0,1
2470,84.0,-3.0,-86.0,100.0,1
2471,69.0,-52.0,-67.0,90.0,0
2477,82.0,-31.0,-71.0,100.0,0
2478,84.0,-0.0,-13.0,95.0,0
2481,79.0,-0.0,-25.0,88.0,1
2485,86.0,-0.0,-25.0,100.0,1
2490,58.0,-0.0,-100.0,56.0,0
2491,72.0,-60.0,-89.0,100.0,1
2492,80.0,-7.0,-100.0,94.0,1
2493,79.0,-13.0,-90.0,100.0,1
2495,66.0,-64.0,-79.0,97.0,0
2499,82.0,-34.0,-60.0,100.0,1
2500,63.0,-78.0,-100.0,100.0,0
2505,54.0,-29.0,-67.0,58.0,1
2507,73.0,-17.0,-55.0,100.0,0
2511,75.0,-22.0,-68.0,100.0,1
2513,70.0,-74.0,-50.0,100.0,0
2517,91.0,-0.0,-75.0,100.0,1
2519,80.0,-4.0,-48.0,100.0,1
2520,76.0,-27.0,-91.0,100.0,1
2521,66.0,-38.0,-80.0,96.0,1
2522,63.0,-31.0,-75.0,100.0,1
2523,71.0,-73.0,-69.0,100.0,0
2524,69.0,-73.0,-83.0,100.0,0
2525,66.0,-68.0,-77.0,100.0,0
2530,74.0,-13.0,-50.0,100.0,0
2535,60.0,-31.0,-45.0,97.0,0
2536,71.0,-88.0,-100.0,86.0,0
2537,63.0,-15.0,-64.0,83.0,0
2538,61.0,-54.0,-83.0,92.0,0
2541,65.0,-31.0,-69.0,86.0,1
2542,66.0,-41.0,-85.0,81.0,1
2543,79.0,-3.0,-33.0,100.0,1
2544,64.0,-84.0,-100.0,70.0,1
2548,84.0,-5.0,-50.0,75.0,1
2550,81.0,-0.0,-33.0,88.0,0
2551,77.0,-13.0,-47.0,95.0,1
2557,65.0,-36.0,-63.0,100.0,1
2559,65.0,-99.0,-100.0,100.0,1
2564,66.0,-58.0,-91.0,94.0,0
2567,63.0,-65.0,-100.0,100.0,1
2570,75.0,-3.0,-50.0,83.0,0
2571,64.0,-76.0,-100.0,91.0,0
2572,58.0,-63.0,-86.0,67.0,0
2575,60.0,-56.0,-81.0,87.0,0
2577,91.0,-0.0,-50.0,100.0,1
2579,73.0,-5.0,-73.0,94.0,0
2581,63.0,-37.0,-57.0,82.0,0
2582,58.0,-10.0,-75.0,95.0,0
2583,70.0,-69.0,-82.0,91.0,0
2584,57.0,-62.0,-100.0,82.0,0
2592,82.0,-3.0,-23.0,100.0,1
2595,69.0,-44.0,-71.0,92.0,1
2596,69.0,-54.0,-56.0,71.0,0
2597,67.0,-68.0,-70.0,87.0,0
2600,68.0,-18.0,-50.0,96.0,0
2602,63.0,-36.0,-43.0,88.0,1
2603,76.0,-46.0,-100.0,100.0,0
2604,65.0,-0.0,-63.0,72.0,0
2605,75.0,-36.0,-55.0,100.0,0
2606,77.0,-20.0,-80.0,92.0,0
2607,67.0,-30.0,-64.0,94.0,0
2608,74.0,-12.0,-67.0,97.0,1
2610,73.0,-25.0,-67.0,91.0,1
2612,62.0,-31.0,-85.0,94.0,0
2615,67.0,-41.0,-56.0,86.0,0
2616,67.0,-69.0,-100.0,80.0,0
2617,74.0,-6.0,-63.0,88.0,1
2619,84.0,-17.0,-57.0,100.0,0
2620,72.0,-5.0,-33.0,92.0,1
2624,87.0,-2.0,-75.0,100.0,1
2635,76.0,-17.0,-78.0,100.0,1
2636,65.0,-16.0,-90.0,76.0,0
2637,69.0,-95.0,-100.0,93.0,0
2638,67.0,-76.0,-83.0,86.0,1
2639,56.0,-73.0,-100.0,100.0,1
2644,63.0,-15.0,-67.0,61.0,0
2646,70.0,-30.0,-80.0,94.0,0
2647,65.0,-65.0,-100.0,95.0,0
2649,57.0,-97.0,-100.0,86.0,0
2650,69.0,-16.0,-83.0,85.0,0
2651,73.0,-1.0,-57.0,92.0,0
2653,73.0,-18.0,-46.0,97.0,1
2656,73.0,-14.0,-67.0,93.0,0
2657,70.0,-95.0,-89.0,100.0,1
2658,70.0,-84.0,-79.0,100.0,0
2659,63.0,-42.0,-50.0,87.0,0
2667,76.0,-54.0,-78.0,94.0,1
2671,58.0,-29.0,-89.0,89.0,0
2674,58.0,-87.0,-81.0,100.0,0
2675,62.0,-100.0,-100.0,94.0,0
2680,71.0,-32.0,-53.0,100.0,0
2682,68.0,-27.0,-71.0,95.0,0
2683,88.0,-0.0,-44.0,100.0,1
2685,80.0,-18.0,-33.0,100.0,1
2686,80.0,-32.0,-69.0,100.0,1
2690,65.0,-71.0,-79.0,98.0,1
2691,61.0,-33.0,-70.0,85.0,0
2694,75.0,-6.0,-64.0,100.0,0
2696,73.0,-33.0,-91.0,94.0,0
2698,61.0,-96.0,-100.0,71.0,0
2700,56.0,-68.0,-71.0,95.0,0
2701,80.0,-2.0,-53.0,92.0,0
2704,77.0,-25.0,-100.0,100.0,0
2708,88.0,-17.0,-75.0,100.0,1
2709,65.0,-14.0,-55.0,88.0,0
2710,73.0,-26.0,-40.0,100.0,1
2711,70.0,-64.0,-100.0,100.0,0
2712,76.0,-66.0,-75.0,100.0,0
2718,67.0,-65.0,-70.0,100.0,0
2719,65.0,-43.0,-100.0,80.0,1
2723,66.0,-28.0,-83.0,90.0,0
2728,62.0,-23.0,-67.0,74.0,1
2729,59.0,-55.0,-62.0,58.0,0
2731,61.0,-44.0,-50.0,88.0,0
2734,62.0,-44.0,-71.0,90.0,1
2735,86.0,-19.0,-60.0,100.0,1
2736,75.0,-9.0,-57.0,90.0,1
2739,92.0,-0.0,-20.0,100.0,0
2747,75.0,-62.0,-100.0,100.0,1
2749,65.0,-103.0,-100.0,100.0,0
2753,86.0,-12.0,-35.0,100.0,0
2756,65.0,-26.0,-91.0,79.0,1
2759,56.0,-91.0,-93.0,100.0,1
2762,65.0,-20.0,-83.0,88.0,1
2766,70.0,-43.0,-80.0,83.0,0
2768,91.0,-4.0,-56.0,100.0,1
2769,68.0,-8.0,-50.0,100.0,1
2771,87.0,-0.0,-50.0,100.0,1
2773,72.0,-30.0,-44.0,100.0,0
2774,57.0,-31.0,-85.0,100.0,0
2775,77.0,-45.0,-86.0,100.0,1
2777,81.0,-21.0,-78.0,100.0,0
2779,56.0,-93.0,-83.0,69.0,0
2781,79.0,-46.0,-44.0,100.0,1
2783,75.0,-43.0,-63.0,100.0,0
2784,68.0,-52.0,-71.0,90.0,1
2785,75.0,-57.0,-36.0,100.0,1
2788,78.0,-17.0,-44.0,100.0,1
2793,55.0,-22.0,-57.0,82.0,0
2794,59.0,-42.0,-70.0,90.0,0
2796,88.0,-0.0,-57.0,100.0,0
2799,57.0,-69.0,-92.0,88.0,0
2800,77.0,-63.0,-80.0,93.0,0
2802,60.0,-8.0,-75.0,73.0,0
2804,75.0,-14.0,-54.0,95.0,1
2805,79.0,-1.0,-67.0,92.0,1
2806,75.0,-28.0,-62.0,100.0,1
2807,88.0,-4.0,-75.0,100.0,0
2808,70.0,-25.0,-36.0,81.0,0
2810,74.0,-52.0,-73.0,100.0,1
2811,59.0,-42.0,-100.0,86.0,0
2813,85.0,-13.0,-90.0,100.0,0
2815,59.0,-88.0,-88.0,78.0,0
2816,67.0,-53.0,-60.0,93.0,1
2823,63.0,-19.0,-38.0,78.0,0
2824,68.0,-32.0,-87.0,97.0,0
2826,59.0,-33.0,-75.0,73.0,0
2829,60.0,-23.0,-50.0,68.0,0
2832,62.0,-73.0,-83.0,86.0,1
2833,65.0,-45.0,-61.0,100.0,0
2834,68.0,-40.0,-78.0,95.0,0
2837,69.0,-84.0,-91.0,100.0,1
2839,69.0,-10.0,-75.0,94.0,0
2846,54.0,-26.0,-50.0,85.0,0
2849,60.0,-67.0,-76.0,94.0,0
2851,57.0,-34.0,-50.0,82.0,0
2854,59.0,-49.0,-70.0,60.0,0
2856,79.0,-5.0,-33.0,96.0,0
2859,73.0,-59.0,-53.0,100.0,0
2860,62.0,-49.0,-75.0,88.0,1
2861,84.0,-7.0,-50.0,100.0,0
2862,63.0,-59.0,-86.0,100.0,0
2864,56.0,-69.0,-55.0,94.0,0
2865,68.0,-3.0,-58.0,92.0,1
2873,61.0,-65.0,-100.0,96.0,0
2874,81.0,-8.0,-42.0,96.0,1
2875,63.0,-68.0,-83.0,100.0,0
2876,74.0,-7.0,-50.0,82.0,0
2877,73.0,-0.0,-83.0,89.0,1
2878,86.0,-20.0,-71.0,100.0,1
2880,59.0,-15.0,-60.0,98.0,0
2886,62.0,-3.0,-50.0,95.0,0
2888,73.0,-2.0,-100.0,67.0,0
2889,57.0,-62.0,-67.0,86.0,1
2890,56.0,-0.0,-78.0,82.0,0
2898,82.0,-20.0,-67.0,100.0,1
2908,74.0,-48.0,-75.0,94.0,1
2909,68.0,-38.0,-75.0,96.0,1
2911,80.0,-17.0,-69.0,100.0,1
2914,88.0,-5.0,-43.0,100.0,1
2915,89.0,-4.0,-100.0,100.0,1
2916,82.0,-8.0,-62.0,100.0,1
2920,70.0,-58.0,-82.0,89.0,0
2922,83.0,-0.0,-44.0,92.0,1
2929,60.0,-63.0,-45.0,88.0,0
2930,62.0,-40.0,-100.0,69.0,0
2932,64.0,-41.0,-67.0,85.0,0
2935,55.0,-21.0,-42.0,84.0,0
2936,69.0,-72.0,-87.0,100.0,1
2937,79.0,-43.0,-80.0,100.0,1
2940,82.0,-28.0,-63.0,100.0,1
2943,66.0,-90.0,-86.0,100.0,0
2946,69.0,-71.0,-91.0,100.0,0
2947,86.0,-0.0,-25.0,100.0,1
2948,85.0,-9.0,-50.0,100.0,1
2949,73.0,-1.0,-33.0,93.0,1
2951,66.0,-16.0,-67.0,89.0,1
2952,76.0,-23.0,-75.0,96.0,1
2954,79.0,-28.0,-58.0,100.0,1
2959,64.0,-36.0,-94.0,94.0,0
2960,80.0,-18.0,-46.0,97.0,1
2961,67.0,-41.0,-75.0,100.0,0
2962,62.0,-53.0,-87.0,85.0,0
2964,73.0,-31.0,-46.0,93.0,0
2967,70.0,-78.0,-84.0,97.0,0
2968,74.0,-61.0,-82.0,100.0,0
2969,77.0,-36.0,-91.0,100.0,0
2971,86.0,-8.0,-50.0,100.0,1
2972,85.0,-29.0,-50.0,100.0,0
2974,72.0,-45.0,-60.0,92.0,1
2975,82.0,-2.0,-50.0,100.0,1
2977,64.0,-0.0,-83.0,57.0,0
2983,73.0,-7.0,-56.0,97.0,1
2984,61.0,-76.0,-88.0,68.0,0
2985,82.0,-19.0,-59.0,100.0,0
2986,75.0,-1.0,-19.0,100.0,1
2987,79.0,-4.0,-83.0,95.0,1
2988,62.0,-30.0,-50.0,74.0,0
2990,85.0,-18.0,-70.0,100.0,1
2992,85.0,-32.0,-33.0,100.0,0
2993,90.0,-2.0,-67.0,100.0,1
2994,72.0,-25.0,-89.0,88.0,1
2995,89.0,-4.0,-60.0,100.0,1
2998,70.0,-63.0,-100.0,96.0,0
2999,71.0,-22.0,-45.0,100.0,1
3001,68.0,-19.0,-73.0,98.0,1
3002,63.0,-67.0,-82.0,82.0,0
3005,81.0,-20.0,-55.0,100.0,1
3006,72.0,-41.0,-79.0,100.0,1
3007,66.0,-55.0,-93.0,100.0,0
3008,55.0,-86.0,-100.0,69.0,0
3011,73.0,-4.0,-71.0,100.0,0
3012,43.0,-100.0,-89.0,75.0,1
3013,75.0,-4.0,-56.0,84.0,1
3015,74.0,-2.0,-75.0,100.0,1
3018,78.0,-24.0,-71.0,100.0,1
3021,69.0,-18.0,-55.0,90.0,0
3022,56.0,-81.0,-75.0,71.0,0
3023,60.0,-60.0,-63.0,100.0,0
3024,81.0,-12.0,-62.0,100.0,1
3027,60.0,-41.0,-54.0,79.0,1
3029,72.0,-24.0,-55.0,96.0,1
3030,77.0,-8.0,-90.0,97.0,1
3031,80.0,-2.0,-57.0,100.0,0
3041,55.0,-45.0,-56.0,73.0,0
3043,84.0,-0.0,-50.0,100.0,0
3044,75.0,-17.0,-50.0,100.0,1
3046,73.0,-63.0,-77.0,100.0,0
3048,80.0,-2.0,-43.0,94.0,1
3054,73.0,-11.0,-80.0,100.0,1
3055,78.0,-13.0,-40.0,94.0,0
3056,63.0,-87.0,-86.0,95.0,0
3057,72.0,-77.0,-44.0,95.0,1
3060,68.0,-14.0,-57.0,94.0,0
3061,63.0,-56.0,-73.0,93.0,1
3064,73.0,-8.0,-67.0,91.0,0
3066,86.0,-1.0,-38.0,100.0,1
3067,83.0,-5.0,-40.0,100.0,1
3068,79.0,-17.0,-30.0,100.0,0
3070,56.0,-60.0,-88.0,81.0,0
3072,57.0,-103.0,-80.0,80.0,1
3077,62.0,-61.0,-100.0,100.0,0
3079,75.0,-3.0,-40.0,100.0,0
3081,85.0,-0.0,-67.0,100.0,0
3087,67.0,-23.0,-100.0,60.0,0
3088,80.0,-31.0,-56.0,100.0,1
3090,52.0,-88.0,-90.0,75.0,0
3094,79.0,-8.0,-86.0,100.0,0
3095,74.0,-18.0,-80.0,86.0,1
3096,67.0,-74.0,-78.0,95.0,0
3098,75.0,-20.0,-55.0,100.0,0
3099,69.0,-0.0,-50.0,79.0,1
3101,77.0,-2.0,-60.0,100.0,1
3102,79.0,-2.0,-57.0,92.0,1
3106,66.0,-45.0,-74.0,100.0,0
3111,85.0,-12.0,-24.0,100.0,1
3112,64.0,-18.0,-50.0,94.0,0
3113,50.0,-58.0,-80.0,72.0,0
3116,73.0,-16.0,-40.0,96.0,0
3118,67.0,-22.0,-52.0,98.0,0
3120,79.0,-7.0,-40.0,92.0,0
3122,63.0,-7.0,-29.0,92.0,0
3129,75.0,-0.0,-50.0,75.0,0
3132,88.0,-14.0,-33.0,100.0,1
3135,63.0,-4.0,-67.0,92.0,0
3140,80.0,-20.0,-47.0,100.0,1
3142,57.0,-92.0,-67.0,67.0,0
3143,78.0,-30.0,-100.0,100.0,0
3144,73.0,-26.0,-45.0,100.0,1
3146,67.0,-26.0,-65.0,92.0,1
3148,56.0,-46.0,-73.0,71.0,1
3150,90.0,-7.0,-56.0,95.0,1
3153,69.0,-97.0,-100.0,100.0,0
3155,75.0,-17.0,-70.0,97.0,1
3157,82.0,-14.0,-80.0,96.0,1
3160,82.0,-42.0,-67.0,100.0,1
3164,61.0,-60.0,-67.0,95.0,0
3165,77.0,-3.0,-86.0,100.0,1
3166,63.0,-70.0,-70.0,97.0,0
3168,77.0,-41.0,-56.0,100.0,0
3175,84.0,-1.0,-57.0,93.0,1
3177,68.0,-26.0,-80.0,86.0,1
3179,72.0,-13.0,-85.0,96.0,1
3180,83.0,-6.0,-33.0,100.0,1
3181,60.0,-4.0,-67.0,71.0,0
3183,87.0,-0.0,-50.0,100.0,1
3185,64.0,-28.0,-65.0,88.0,0
3188,69.0,-20.0,-89.0,81.0,0
3189,59.0,-63.0,-94.0,100.0,0
3194,75.0,-28.0,-64.0,100.0,1
3196,89.0,-13.0,-67.0,100.0,1
3197,77.0,-48.0,-67.0,100.0,1
3200,88.0,-17.0,-45.0,100.0,1
3204,89.0,-1.0,-33.0,100.0,1
3205,62.0,-58.0,-89.0,92.0,0
3214,77.0,-30.0,-87.0,100.0,0
3216,66.0,-22.0,-56.0,86.0,1
3222,79.0,-14.0,-64.0,90.0,0
3223,89.0,-2.0,-57.0,100.0,0
3225,67.0,-68.0,-82.0,100.0,0
3229,78.0,-21.0,-83.0,100.0,1
3231,74.0,-57.0,-44.0,87.0,1
3233,76.0,-2.0,-58.0,95.0,1
3235,78.0,-10.0,-68.0,100.0,1
3236,85.0,-16.0,-71.0,100.0,1
3237,82.0,-37.0,-80.0,100.0,0
3239,82.0,-2.0,-43.0,100.0,0
3242,84.0,-10.0,-32.0,100.0,1
3245,70.0,-38.0,-81.0,91.0,0
3246,60.0,-60.0,-84.0,95.0,1
3252,77.0,-10.0,-33.0,96.0,1
3255,82.0,-0.0,-14.0,100.0,1
3256,82.0,-17.0,-30.0,100.0,1
3258,72.0,-8.0,-71.0,84.0,1
3262,88.0,-1.0,-33.0,100.0,0
3263,87.0,-4.0,-38.0,100.0,1
3266,86.0,-0.0,-40.0,100.0,1
3268,87.0,-0.0,-0.0,100.0,1
3269,74.0,-4.0,-60.0,71.0,0
3271,71.0,-60.0,-80.0,94.0,1
3272,86.0,-10.0,-50.0,100.0,1
3273,73.0,-20.0,-69.0,98.0,1
3274,69.0,-50.0,-46.0,100.0,0
3275,79.0,-8.0,-41.0,100.0,0
3276,81.0,-12.0,-62.0,96.0,1
3278,82.0,-0.0,-43.0,94.0,0
3285,72.0,-30.0,-56.0,100.0,1
3288,72.0,-35.0,-47.0,97.0,1
3289,74.0,-25.0,-56.0,100.0,1
3290,72.0,-61.0,-91.0,100.0,1
3292,86.0,-11.0,-63.0,100.0,1
3294,72.0,-54.0,-75.0,95.0,0
3295,59.0,-43.0,-95.0,60.0,1
3296,80.0,-18.0,-47.0,97.0,1
3298,84.0,-4.0,-67.0,100.0,1
3303,73.0,-18.0,-45.0,96.0,1
3307,70.0,-6.0,-41.0,97.0,0
3312,73.0,-28.0,-61.0,95.0,1
3313,84.0,-0.0,-29.0,100.0,1
3316,67.0,-3.0,-75.0,40.0,0
3317,76.0,-52.0,-100.0,100.0,1
3318,89.0,-5.0,-58.0,100.0,1
3325,74.0,-28.0,-78.0,93.0,0
3326,65.0,-76.0,-70.0,100.0,0
3329,71.0,-61.0,-50.0,79.0,1
3330,81.0,-0.0,-25.0,100.0,0
3331,65.0,-2.0,-46.0,70.0,1
3336,87.0,-4.0,-43.0,100.0,1
3338,80.0,-16.0,-27.0,100.0,0
3342,64.0,-90.0,-100.0,100.0,0
3344,67.0,-13.0,-50.0,67.0,0
3345,71.0,-15.0,-40.0,97.0,1
3346,69.0,-60.0,-69.0,94.0,0
3348,70.0,-78.0,-83.0,100.0,1
3350,81.0,-9.0,-43.0,100.0,1
3352,87.0,-6.0,-27.0,100.0,1
3353,70.0,-89.0,-100.0,100.0,1
3355,60.0,-21.0,-65.0,77.0,1
3360,70.0,-82.0,-71.0,98.0,0
3362,58.0,-46.0,-80.0,80.0,0
3366,72.0,-15.0,-83.0,100.0,1
3367,64.0,-59.0,-91.0,100.0,1
3369,82.0,-12.0,-46.0,100.0,0
3370,63.0,-86.0,-100.0,92.0,0
3372,71.0,-34.0,-75.0,100.0,1
3376,68.0,-49.0,-88.0,89.0,1
3378,85.0,-2.0,-38.0,100.0,1
3383,78.0,-12.0,-58.0,98.0,1
3386,80.0,-40.0,-58.0,100.0,1
3391,89.0,-5.0,-46.0,100.0,1
3393,70.0,-90.0,-80.0,100.0,1
3394,68.0,-79.0,-100.0,90.0,0
3397,65.0,-35.0,-59.0,100.0,1
3400,72.0,-6.0,-44.0,100.0,1
3402,62.0,-52.0,-95.0,100.0,0
3404,62.0,-50.0,-44.0,88.0,0
3405,77.0,-17.0,-56.0,100.0,0
3407,75.0,-33.0,-75.0,100.0,1
3411,66.0,-75.0,-100.0,100.0,1
3413,64.0,-43.0,-74.0,73.0,0
3414,61.0,-94.0,-100.0,100.0,0
3416,62.0,-37.0,-89.0,86.0,0
3417,81.0,-23.0,-65.0,96.0,1
3418,74.0,-15.0,-89.0,100.0,0
3420,86.0,-3.0,-75.0,100.0,1
3424,82.0,-6.0,-40.0,95.0,1
3431,60.0,-46.0,-82.0,65.0,1
3432,67.0,-75.0,-70.0,80.0,1
3433,70.0,-14.0,-42.0,100.0,1
3435,69.0,-85.0,-71.0,100.0,0
3439,65.0,-36.0,-59.0,100.0,0
3440,70.0,-31.0,-82.0,90.0,1
3442,72.0,-36.0,-67.0,84.0,1
3444,64.0,-45.0,-44.0,93.0,1
3445,74.0,-14.0,-71.0,97.0,0
3449,57.0,-23.0,-73.0,85.0,1
3453,77.0,-27.0,-53.0,94.0,1
3459,62.0,-10.0,-50.0,93.0,1
3460,89.0,-6.0,-67.0,100.0,1
3463,71.0,-35.0,-55.0,93.0,1
3464,81.0,-26.0,-40.0,100.0,1
3469,61.0,-55.0,-100.0,100.0,1
3471,87.0,-3.0,-43.0,100.0,1
3473,71.0,-53.0,-79.0,100.0,1
3474,86.0,-4.0,-60.0,100.0,1
3478,76.0,-35.0,-41.0,100.0,1
3481,73.0,-15.0,-80.0,92.0,1
3483,84.0,-11.0,-40.0,100.0,1
3486,92.0,-0.0,-25.0,100.0,1
3493,70.0,-49.0,-75.0,100.0,0
3494,68.0,-92.0,-100.0,100.0,1
3498,73.0,-8.0,-27.0,88.0,1
3501,76.0,-2.0,-33.0,86.0,1
3502,91.0,-2.0,-33.0,100.0,1
3504,91.0,-2.0,-22.0,100.0,1
3505,91.0,-2.0,-40.0,100.0,1
3506,68.0,-56.0,-80.0,95.0,1
3508,79.0,-2.0,-38.0,100.0,1
3509,65.0,-28.0,-65.0,96.0,0
3511,88.0,-2.0,-67.0,100.0,1
3512,61.0,-63.0,-100.0,94.0,0
3513,86.0,-3.0,-57.0,100.0,1
3516,76.0,-62.0,-100.0,100.0,0
3517,68.0,-51.0,-56.0,91.0,1
3518,87.0,-0.0,-11.0,100.0,1
3519,90.0,-3.0,-44.0,100.0,1
3520,87.0,-9.0,-33.0,100.0,1
3521,80.0,-22.0,-67.0,100.0,1
3523,61.0,-34.0,-71.0,68.0,0
3525,65.0,-16.0,-78.0,100.0,0
3527,86.0,-29.0,-88.0,100.0,1
3528,79.0,-19.0,-64.0,100.0,1
3529,56.0,-38.0,-71.0,95.0,1
3531,93.0,-1.0,-33.0,100.0,1
3533,61.0,-73.0,-82.0,100.0,0
3543,87.0,-0.0,-50.0,100.0,1
3549,79.0,-1.0,-40.0,91.0,1
3552,62.0,-0.0,-50.0,60.0,0
3553,84.0,-8.0,-31.0,95.0,0
3556,72.0,-50.0,-67.0,100.0,1
3558,65.0,-42.0,-65.0,97.0,0
3561,80.0,-11.0,-56.0,100.0,1
3562,67.0,-20.0,-30.0,80.0,0
3563,66.0,-4.0,-43.0,94.0,1
3565,71.0,-42.0,-60.0,100.0,0
3566,81.0,-6.0,-100.0,100.0,0
3569,78.0,-12.0,-30.0,100.0,1
3574,77.0,-32.0,-67.0,94.0,1
3576,82.0,-14.0,-50.0,97.0,1
3578,90.0,-0.0,-25.0,100.0,1
3579,63.0,-54.0,-52.0,100.0,0
3581,83.0,-3.0,-63.0,100.0,1
3583,56.0,-41.0,-65.0,92.0,1
3584,70.0,-61.0,-82.0,96.0,1
3586,87.0,-3.0,-67.0,100.0,1
3587,90.0,-9.0,-50.0,100.0,1
3590,82.0,-12.0,-50.0,100.0,1
3594,58.0,-84.0,-75.0,88.0,0
3595,90.0,-1.0,-57.0,100.0,1
3597,83.0,-54.0,-75.0,100.0,1
3600,81.0,-10.0,-64.0,96.0,1
3601,71.0,-7.0,-40.0,98.0,1
3603,81.0,-21.0,-40.0,100.0,1
3608,70.0,-5.0,-67.0,100.0,0
3613,84.0,-29.0,-64.0,100.0,1
3614,68.0,-62.0,-63.0,97.0,0
3615,68.0,-43.0,-42.0,94.0,0
3616,75.0,-30.0,-36.0,97.0,1
3619,73.0,-66.0,-70.0,95.0,1
3620,79.0,-6.0,-31.0,91.0,1
3621,61.0,-49.0,-91.0,88.0,0
3624,68.0,-30.0,-61.0,100.0,0
3626,64.0,-53.0,-69.0,94.0,1
3629,74.0,-59.0,-63.0,100.0,1
3633,91.0,-3.0,-60.0,100.0,1
3634,72.0,-60.0,-50.0,100.0,1
3640,92.0,-0.0,-25.0,100.0,1
3641,71.0,-12.0,-39.0,100.0,1
3642,82.0,-5.0,-29.0,100.0,1
3644,83.0,-8.0,-18.0,100.0,1
3645,60.0,-66.0,-100.0,67.0,0
3651,67.0,-7.0,-45.0,77.0,1
3653,65.0,-58.0,-83.0,100.0,1
3654,81.0,-18.0,-47.0,100.0,1
3657,55.0,-66.0,-71.0,84.0,0
3659,79.0,-16.0,-44.0,96.0,1
3660,70.0,-39.0,-50.0,96.0,1
3661,86.0,-5.0,-42.0,100.0,1
3665,73.0,-35.0,-60.0,96.0,0
3668,72.0,-2.0,-44.0,88.0,1
3669,72.0,-16.0,-67.0,100.0,1
3671,81.0,-7.0,-54.0,97.0,1
3672,79.0,-11.0,-27.0,100.0,0
3674,75.0,-58.0,-69.0,100.0,1
3675,68.0,-1.0,-73.0,95.0,1
3683,82.0,-27.0,-40.0,100.0,1
3685,69.0,-7.0,-27.0,67.0,0
3686,89.0,-4.0,-30.0,100.0,1
3687,63.0,-51.0,-70.0,98.0,0
3689,82.0,-19.0,-33.0,100.0,1
3690,82.0,-2.0,-17.0,100.0,1
3691,87.0,-3.0,-25.0,100.0,1
3692,71.0,-17.0,-53.0,100.0,1
3693,73.0,-28.0,-69.0,100.0,1
3698,70.0,-32.0,-44.0,97.0,0
3699,64.0,-60.0,-92.0,94.0,0
3701,78.0,-50.0,-67.0,100.0,1
3705,67.0,-65.0,-80.0,50.0,1
3706,59.0,-16.0,-77.0,100.0,0
3711,80.0,-1.0,-50.0,100.0,1
3712,85.0,-6.0,-50.0,100.0,1
3713,62.0,-83.0,-72.0,98.0,0
3714,86.0,-0.0,-48.0,100.0,1
3716,85.0,-1.0,-21.0,100.0,1
3717,78.0,-2.0,-36.0,97.0,1
3718,85.0,-1.0,-33.0,100.0,1
3721,86.0,-5.0,-38.0,100.0,1
3723,64.0,-5.0,-75.0,100.0,1
3724,86.0,-9.0,-73.0,100.0,1
3725,66.0,-15.0,-31.0,97.0,0
3726,69.0,-54.0,-56.0,82.0,1
3729,89.0,-2.0,-23.0,100.0,1
3731,84.0,-2.0,-53.0,100.0,1
3732,69.0,-25.0,-45.0,100.0,0
3733,66.0,-24.0,-39.0,88.0,1
3734,77.0,-14.0,-55.0,100.0,1
3735,68.0,-5.0,-68.0,86.0,1
3736,69.0,-81.0,-78.0,100.0,1
3738,59.0,-48.0,-50.0,96.0,0
3742,72.0,-8.0,-56.0,93.0,1
3745,62.0,-70.0,-71.0,77.0,1
3747,85.0,-18.0,-67.0,100.0,1
3748,66.0,-15.0,-38.0,97.0,0
3753,78.0,-41.0,-79.0,100.0,1
3754,59.0,-0.0,-43.0,96.0,1
3755,61.0,-43.0,-60.0,98.0,1
3756,70.0,-47.0,-63.0,97.0,0
3757,84.0,-22.0,-100.0,100.0,1
3759,66.0,-32.0,-91.0,98.0,0
3761,60.0,-19.0,-40.0,100.0,1
3762,79.0,-12.0,-27.0,100.0,1
3763,78.0,-5.0,-52.0,100.0,1
3764,89.0,-2.0,-30.0,100.0,1
3765,69.0,-2.0,-32.0,97.0,1
3767,79.0,-42.0,-60.0,100.0,1
3772,79.0,-3.0,-50.0,89.0,0
3773,72.0,-22.0,-44.0,100.0,1
3774,71.0,-47.0,-60.0,100.0,1
3776,74.0,-3.0,-43.0,92.0,1
3778,68.0,-35.0,-78.0,88.0,1
3780,81.0,-4.0,-41.0,100.0,1
3782,76.0,-3.0,-21.0,94.0,0
3788,91.0,-2.0,-100.0,100.0,1
3790,66.0,-0.0,-50.0,83.0,0
3791,86.0,-14.0,-38.0,100.0,1
3796,62.0,-49.0,-67.0,100.0,1
3799,83.0,-16.0,-75.0,100.0,1
3801,66.0,-49.0,-71.0,78.0,0
3802,85.0,-17.0,-33.0,100.0,1
3805,57.0,-29.0,-43.0,28.0,0
3806,86.0,-0.0,-38.0,100.0,1
3808,89.0,-6.0,-50.0,100.0,1
3809,72.0,-46.0,-67.0,90.0,0
3812,79.0,-26.0,-69.0,100.0,0
3813,65.0,-77.0,-86.0,82.0,0
3814,80.0,-3.0,-86.0,100.0,1
3818,80.0,-35.0,-29.0,100.0,1
3819,71.0,-79.0,-100.0,100.0,1
3822,87.0,-0.0,-40.0,100.0,1
3825,87.0,-0.0,-10.0,100.0,1
3827,75.0,-13.0,-33.0,95.0,1
3830,83.0,-14.0,-29.0,100.0,0
3833,77.0,-23.0,-69.0,100.0,0
3834,80.0,-6.0,-71.0,94.0,1
3836,77.0,-52.0,-100.0,100.0,0
3838,81.0,-7.0,-75.0,100.0,1
3839,77.0,-1.0,-19.0,96.0,0
3841,79.0,-0.0,-50.0,95.0,1
3842,87.0,-7.0,-67.0,100.0,1
3844,90.0,-0.0,-13.0,100.0,1
3847,88.0,-2.0,-80.0,100.0,1
3851,85.0,-0.0,-17.0,97.0,1
3854,85.0,-5.0,-46.0,100.0,1
3856,73.0,-5.0,-29.0,87.0,1
3861,84.0,-9.0,-46.0,100.0,1
3862,76.0,-22.0,-100.0,95.0,1
3865,89.0,-8.0,-80.0,100.0,1
3867,83.0,-15.0,-57.0,100.0,1
3868,76.0,-6.0,-64.0,100.0,1
3869,79.0,-14.0,-67.0,100.0,1
3871,62.0,-10.0,-33.0,88.0,0
3874,80.0,-12.0,-67.0,100.0,1
3875,70.0,-15.0,-61.0,84.0,1
3876,72.0,-38.0,-50.0,96.0,0
3877,88.0,-2.0,-63.0,100.0,1
3878,69.0,-40.0,-73.0,100.0,0
3883,83.0,-5.0,-41.0,100.0,1
3885,58.0,-4.0,-65.0,91.0,1
3889,88.0,-14.0,-50.0,100.0,1
3892,67.0,-72.0,-67.0,93.0,0
3894,85.0,-1.0,-44.0,100.0,1
3897,64.0,-33.0,-56.0,93.0,0
3901,64.0,-68.0,-65.0,100.0,1
3904,80.0,-37.0,-67.0,100.0,1
3907,87.0,-8.0,-67.0,100.0,1
3910,85.0,-0.0,-30.0,100.0,1
3911,83.0,-17.0,-63.0,91.0,1
3913,87.0,-4.0,-46.0,100.0,1
3915,69.0,-4.0,-44.0,85.0,0
3919,88.0,-6.0,-50.0,100.0,1
3922,80.0,-6.0,-47.0,97.0,1
3923,82.0,-1.0,-35.0,98.0,1
3924,81.0,-13.0,-24.0,100.0,1
3925,72.0,-37.0,-78.0,100.0,1
3929,85.0,-5.0,-36.0,100.0,1
3930,76.0,-11.0,-57.0,94.0,1
3931,85.0,-15.0,-80.0,100.0,1
3934,88.0,-7.0,-50.0,100.0,1
3938,82.0,-12.0,-67.0,100.0,1
3942,86.0,-2.0,-29.0,100.0,1
3943,86.0,-5.0,-20.0,100.0,1
3944,59.0,-19.0,-63.0,83.0,1
3947,70.0,-7.0,-46.0,95.0,1
3948,73.0,-9.0,-47.0,97.0,0
3949,75.0,-33.0,-70.0,100.0,1
3951,85.0,-3.0,-27.0,94.0,1
3952,80.0,-11.0,-53.0,98.0,1
3954,83.0,-4.0,-61.0,100.0,1
3960,82.0,-5.0,-40.0,100.0,1
3964,67.0,-36.0,-57.0,98.0,1
3967,84.0,-15.0,-58.0,100.0,1
3971,71.0,-59.0,-62.0,100.0,0
3973,75.0,-11.0,-33.0,97.0,1
3976,86.0,-9.0,-50.0,100.0,1
3979,72.0,-30.0,-58.0,100.0,1
3981,89.0,-3.0,-20.0,100.0,1
3982,67.0,-3.0,-43.0,89.0,1
3983,90.0,-0.0,-50.0,100.0,1
3984,73.0,-51.0,-50.0,100.0,1
3986,87.0,-8.0,-55.0,100.0,1
3988,63.0,-60.0,-67.0,67.0,0
3991,81.0,-26.0,-54.0,100.0,1
3994,85.0,-18.0,-40.0,100.0,1
3995,73.0,-8.0,-56.0,84.0,0
3997,70.0,-8.0,-50.0,85.0,1
3999,83.0,-0.0,-43.0,100.0,1
4000,79.0,-4.0,-63.0,91.0,0
4003,72.0,-0.0,-50.0,96.0,1
4004,85.0,-13.0,-100.0,100.0,0
4005,83.0,-2.0,-63.0,100.0,1
4007,85.0,-19.0,-100.0,100.0,0
4009,86.0,-0.0,-0.0,88.0,1
4010,82.0,-6.0,-33.0,92.0,1
4012,57.0,-71.0,-100.0,100.0,0
4014,81.0,-16.0,-47.0,96.0,1
4015,87.0,-5.0,-36.0,100.0,1
4017,91.0,-3.0,-29.0,100.0,1
4020,69.0,-12.0,-70.0,92.0,0
4022,63.0,-43.0,-79.0,96.0,1
4024,73.0,-42.0,-58.0,89.0,1
4025,71.0,-43.0,-64.0,100.0,1
4026,74.0,-7.0,-67.0,89.0,1
4027,92.0,-1.0,-43.0,100.0,1
4029,82.0,-19.0,-88.0,100.0,1
4030,84.0,-0.0,-33.0,100.0,1
4032,79.0,-13.0,-80.0,92.0,1
4034,63.0,-37.0,-100.0,89.0,0
4037,76.0,-5.0,-75.0,100.0,1
4038,89.0,-2.0,-57.0,100.0,1
4040,81.0,-11.0,-71.0,88.0,1
4041,72.0,-37.0,-71.0,100.0,0
4042,85.0,-22.0,-100.0,100.0,1
4043,67.0,-21.0,-46.0,95.0,1
4044,77.0,-6.0,-27.0,97.0,1
4045,65.0,-1.0,-38.0,100.0,1
4046,88.0,-0.0,-100.0,100.0,1
4047,91.0,-9.0,-22.0,100.0,1
4049,82.0,-14.0,-50.0,97.0,1
4050,90.0,-1.0,-40.0,100.0,1
4051,73.0,-46.0,-100.0,88.0,0
4056,70.0,-29.0,-36.0,96.0,1
4057,72.0,-42.0,-38.0,96.0,0
4059,73.0,-30.0,-58.0,100.0,1
4060,86.0,-4.0,-71.0,100.0,0
4062,65.0,-20.0,-49.0,97.0,0
4064,83.0,-7.0,-40.0,100.0,1
4066,78.0,-2.0,-55.0,90.0,0
4069,87.0,-0.0,-29.0,100.0,1
4073,64.0,-53.0,-75.0,100.0,0
4078,59.0,-83.0,-100.0,100.0,0
4079,72.0,-2.0,-23.0,84.0,0
4080,74.0,-2.0,-42.0,97.0,0
4082,64.0,-59.0,-56.0,93.0,0
4084,77.0,-43.0,-86.0,100.0,0
4085,71.0,-40.0,-67.0,67.0,0
4087,67.0,-1.0,-50.0,82.0,0
4088,85.0,-12.0,-90.0,100.0,0
4089,80.0,-2.0,-100.0,92.0,0
4095,84.0,-5.0,-40.0,97.0,0
4100,70.0,-15.0,-54.0,95.0,0
4102,57.0,-50.0,-81.0,96.0,0
4104,57.0,-89.0,-94.0,83.0,0
4108,58.0,-34.0,-63.0,100.0,0
4109,82.0,-35.0,-83.0,100.0,0
4110,60.0,-57.0,-50.0,76.0,0
4111,67.0,-47.0,-85.0,97.0,0
4112,82.0,-33.0,-88.0,100.0,0
4113,92.0,-0.0,-50.0,100.0,0
4114,83.0,-0.0,-25.0,100.0,0
4115,78.0,-7.0,-23.0,97.0,0
4122,63.0,-100.0,-100.0,100.0,0
4130,67.0,-50.0,-83.0,88.0,1
4134,65.0,-39.0,-88.0,100.0,0
4135,74.0,-0.0,-57.0,97.0,1
4136,62.0,-62.0,-70.0,95.0,0
4145,69.0,-63.0,-71.0,82.0,0
4147,56.0,-25.0,-59.0,79.0,0
4149,81.0,-15.0,-40.0,100.0,1
4151,62.0,-49.0,-50.0,91.0,0
4152,67.0,-53.0,-89.0,90.0,0
4154,74.0,-83.0,-71.0,100.0,1
4155,80.0,-35.0,-50.0,100.0,0
4156,62.0,-100.0,-100.0,100.0,0
4157,71.0,-43.0,-64.0,92.0,0
4159,64.0,-8.0,-60.0,78.0,1
4162,79.0,-66.0,-71.0,100.0,0
4165,71.0,-49.0,-67.0,85.0,0
4169,64.0,-9.0,-50.0,82.0,1
4172,62.0,-56.0,-65.0,88.0,0
4173,87.0,-26.0,-30.0,100.0,1
4174,71.0,-71.0,-29.0,88.0,0
4177,86.0,-5.0,-60.0,100.0,1
4178,73.0,-3.0,-31.0,100.0,1
4180,78.0,-46.0,-63.0,100.0,1
4181,74.0,-63.0,-86.0,94.0,1
4184,64.0,-99.0,-100.0,53.0,0
4186,82.0,-4.0,-44.0,100.0,1
4187,74.0,-19.0,-42.0,93.0,0
4189,75.0,-77.0,-100.0,86.0,0
4193,59.0,-44.0,-65.0,89.0,1
4194,70.0,-63.0,-31.0,100.0,1
4195,58.0,-80.0,-59.0,91.0,0
4197,63.0,-79.0,-83.0,100.0,0
4202,74.0,-32.0,-80.0,100.0,0
4207,57.0,-76.0,-90.0,84.0,0
4208,59.0,-30.0,-60.0,79.0,0
4210,56.0,-76.0,-67.0,100.0,0
4214,69.0,-88.0,-80.0,92.0,0
4217,67.0,-91.0,-100.0,100.0,0
4218,65.0,-55.0,-67.0,85.0,0
4223,57.0,-27.0,-45.0,71.0,0
4224,80.0,-23.0,-44.0,100.0,1
4229,82.0,-44.0,-71.0,100.0,1
4230,61.0,-41.0,-55.0,84.0,0
4232,72.0,-94.0,-100.0,100.0,0
4234,65.0,-86.0,-88.0,100.0,0
4238,72.0,-67.0,-43.0,92.0,0
4241,77.0,-41.0,-75.0,100.0,1
4243,75.0,-45.0,-50.0,89.0,1
4251,78.0,-51.0,-100.0,100.0,0
4253,66.0,-46.0,-71.0,98.0,0
4254,76.0,-0.0,-25.0,92.0,0
4260,72.0,-3.0,-31.0,100.0,0
4261,77.0,-31.0,-70.0,93.0,1
4264,76.0,-17.0,-25.0,94.0,0
4266,77.0,-23.0,-18.0,90.0,0
4272,74.0,-21.0,-70.0,92.0,0
4273,61.0,-76.0,-91.0,83.0,0
4274,63.0,-53.0,-83.0,88.0,0
4279,71.0,-29.0,-83.0,73.0,0
4281,67.0,-86.0,-58.0,87.0,0
4285,90.0,-13.0,-36.0,100.0,1
4287,65.0,-60.0,-100.0,75.0,0
4288,60.0,-42.0,-73.0,76.0,0
4290,86.0,-1.0,-29.0,100.0,1
4293,64.0,-100.0,-100.0,100.0,0
4296,76.0,-42.0,-44.0,100.0,0
4300,82.0,-34.0,-45.0,100.0,0
4302,71.0,-73.0,-100.0,94.0,1
4303,64.0,-90.0,-100.0,94.0,0
4306,60.0,-71.0,-62.0,94.0,0
4308,82.0,-13.0,-40.0,100.0,1
4313,72.0,-43.0,-57.0,94.0,0
4317,84.0,-8.0,-60.0,100.0,0
4319,82.0,-18.0,-60.0,100.0,1
4320,56.0,-84.0,-92.0,88.0,0
4322,71.0,-3.0,-50.0,100.0,1
4323,85.0,-0.0,-33.0,100.0,1
4326,62.0,-61.0,-69.0,92.0,1
4327,69.0,-19.0,-64.0,83.0,1
4328,67.0,-46.0,-75.0,75.0,0
4330,59.0,-98.0,-100.0,20.0,0
4332,68.0,-57.0,-86.0,90.0,0
4338,68.0,-81.0,-100.0,100.0,0
4340,60.0,-31.0,-33.0,86.0,1
4342,75.0,-48.0,-89.0,100.0,1
4347,71.0,-5.0,-37.0,84.0,1
4349,54.0,-58.0,-75.0,88.0,0
4350,65.0,-98.0,-100.0,100.0,0
4352,73.0,-9.0,-53.0,83.0,0
4353,65.0,-86.0,-100.0,93.0,0
4356,60.0,-2.0,-50.0,76.0,1
4357,81.0,-3.0,-36.0,100.0,1
4360,71.0,-7.0,-71.0,84.0,1
4362,84.0,-6.0,-50.0,100.0,1
4363,61.0,-59.0,-55.0,97.0,0
4364,65.0,-57.0,-70.0,88.0,0
4365,64.0,-66.0,-57.0,76.0,1
4366,73.0,-46.0,-86.0,94.0,0
4368,72.0,-76.0,-89.0,88.0,0
4371,78.0,-8.0,-86.0,95.0,1
4373,63.0,-72.0,-50.0,73.0,1
4376,82.0,-7.0,-36.0,100.0,1
4382,60.0,-80.0,-80.0,74.0,0
4383,54.0,-41.0,-58.0,89.0,0
4384,79.0,-48.0,-45.0,100.0,1
4385,69.0,-32.0,-77.0,96.0,0
4386,64.0,-43.0,-56.0,83.0,0
4389,63.0,-68.0,-100.0,100.0,0
4390,62.0,-1.0,-50.0,92.0,0
4395,61.0,-88.0,-100.0,100.0,0
4399,73.0,-45.0,-55.0,100.0,0
4402,84.0,-1.0,-43.0,100.0,1
4403,75.0,-0.0,-38.0,85.0,1
4404,56.0,-76.0,-100.0,79.0,0
4414,76.0,-59.0,-83.0,100.0,1
4417,77.0,-19.0,-67.0,100.0,0
4418,63.0,-84.0,-90.0,100.0,0
4420,64.0,-46.0,-88.0,95.0,0
4421,75.0,-59.0,-100.0,83.0,0
4426,76.0,-14.0,-42.0,96.0,1
4430,67.0,-78.0,-50.0,100.0,0
4432,61.0,-89.0,-100.0,100.0,0
4435,70.0,-4.0,-69.0,94.0,1
4438,74.0,-37.0,-60.0,100.0,1
4442,69.0,-11.0,-29.0,94.0,1
4445,84.0,-7.0,-73.0,96.0,0
4449,74.0,-38.0,-100.0,100.0,0
4459,70.0,-36.0,-47.0,100.0,0
4461,56.0,-61.0,-57.0,65.0,0
4462,66.0,-74.0,-83.0,100.0,0
4469,72.0,-44.0,-100.0,94.0,0
4472,57.0,-87.0,-80.0,92.0,0
4474,82.0,-27.0,-43.0,100.0,1
4476,65.0,-40.0,-50.0,81.0,0
4483,72.0,-42.0,-100.0,87.0,0
4485,61.0,-24.0,-61.0,98.0,0
4488,77.0,-8.0,-71.0,92.0,1
4491,58.0,-42.0,-55.0,79.0,0
4495,88.0,-15.0,-71.0,100.0,1
4498,76.0,-59.0,-75.0,100.0,1
4500,62.0,-49.0,-67.0,80.0,0
4501,78.0,-11.0,-71.0,100.0,0
4504,68.0,-24.0,-70.0,88.0,1
4506,69.0,-51.0,-77.0,100.0,0
4507,73.0,-30.0,-67.0,55.0,1
4508,70.0,-90.0,-86.0,100.0,0
4510,68.0,-51.0,-76.0,88.0,0
4513,63.0,-53.0,-50.0,79.0,0
4519,68.0,-43.0,-44.0,100.0,0
4522,76.0,-15.0,-75.0,96.0,0
4529,77.0,-18.0,-64.0,100.0,0
4532,58.0,-19.0,-67.0,61.0,0
4534,78.0,-18.0,-39.0,100.0,0
4535,76.0,-52.0,-89.0,100.0,0
4537,79.0,-19.0,-70.0,100.0,0
4539,62.0,-55.0,-78.0,68.0,0
4548,71.0,-53.0,-71.0,95.0,0
4551,60.0,-101.0,-100.0,94.0,0
4552,84.0,-15.0,-75.0,100.0,0
4554,71.0,-17.0,-33.0,91.0,1
4555,62.0,-52.0,-83.0,87.0,0
4560,83.0,-9.0,-45.0,100.0,1
4573,61.0,-93.0,-75.0,63.0,0
4575,84.0,-17.0,-33.0,92.0,0
4576,78.0,-15.0,-78.0,100.0,1
4579,67.0,-55.0,-92.0,100.0,0
4581,85.0,-2.0,-75.0,100.0,1
4582,81.0,-10.0,-60.0,100.0,0
4586,72.0,-31.0,-57.0,100.0,0
4588,57.0,-61.0,-63.0,67.0,0
4590,62.0,-82.0,-100.0,92.0,0
4591,64.0,-2.0,-18.0,90.0,1
4594,60.0,-82.0,-82.0,88.0,0
4597,68.0,-13.0,-82.0,92.0,0
4602,88.0,-8.0,-50.0,100.0,1
4603,88.0,-4.0,-80.0,100.0,1
4604,69.0,-29.0,-64.0,89.0,0
4609,67.0,-40.0,-78.0,96.0,1
4618,62.0,-54.0,-73.0,100.0,0
4622,69.0,-46.0,-83.0,85.0,1
4623,60.0,-103.0,-100.0,71.0,0
4624,79.0,-20.0,-56.0,100.0,1
4628,76.0,-47.0,-55.0,100.0,1
4632,73.0,-14.0,-40.0,92.0,0
4633,63.0,-103.0,-100.0,100.0,0
4641,69.0,-41.0,-67.0,86.0,1
4644,80.0,-11.0,-64.0,94.0,1
4646,81.0,-27.0,-44.0,100.0,0
4647,61.0,-56.0,-88.0,100.0,0
4649,60.0,-4.0,-100.0,46.0,1
4654,61.0,-64.0,-89.0,76.0,0
4655,56.0,-40.0,-85.0,95.0,0
4657,64.0,-59.0,-69.0,96.0,1
4658,62.0,-70.0,-68.0,92.0,0
4659,56.0,-81.0,-83.0,81.0,0
4660,79.0,-13.0,-56.0,100.0,1
4662,72.0,-74.0,-100.0,100.0,0
4664,59.0,-71.0,-92.0,94.0,0
4665,58.0,-55.0,-90.0,91.0,0
4666,89.0,-7.0,-43.0,100.0,1
4667,80.0,-33.0,-75.0,100.0,0
4671,81.0,-1.0,-44.0,96.0,1
4672,66.0,-86.0,-91.0,100.0,0
4673,73.0,-3.0,-55.0,95.0,1
4674,75.0,-42.0,-83.0,100.0,0
4678,66.0,-69.0,-60.0,100.0,0
4682,66.0,-54.0,-63.0,96.0,1
4687,62.0,-70.0,-92.0,100.0,1
4690,89.0,-16.0,-45.0,100.0,1
4693,83.0,-8.0,-83.0,100.0,1
4695,60.0,-76.0,-71.0,81.0,0
4698,68.0,-0.0,-50.0,92.0,0
4699,76.0,-54.0,-63.0,95.0,1
4702,71.0,-4.0,-78.0,81.0,1
4706,70.0,-9.0,-43.0,93.0,0
4707,72.0,-37.0,-60.0,100.0,0
4709,64.0,-54.0,-100.0,100.0,0
4711,74.0,-0.0,-71.0,94.0,1
4712,70.0,-2.0,-50.0,75.0,0
4713,76.0,-21.0,-54.0,100.0,1
4715,84.0,-5.0,-73.0,100.0,1
4717,75.0,-0.0,-83.0,86.0,0
4718,68.0,-51.0,-86.0,100.0,0
4719,62.0,-53.0,-90.0,90.0,0
4720,84.0,-21.0,-44.0,100.0,1
4723,63.0,-68.0,-100.0,94.0,0
4724,72.0,-7.0,-67.0,96.0,0
4727,77.0,-12.0,-71.0,100.0,0
4729,55.0,-15.0,-63.0,62.0,0
4731,58.0,-87.0,-100.0,100.0,0
4735,66.0,-79.0,-82.0,86.0,1
4737,74.0,-39.0,-45.0,98.0,1
4740,70.0,-32.0,-73.0,100.0,1
4741,73.0,-0.0,-50.0,95.0,0
4742,66.0,-98.0,-83.0,80.0,0
4745,84.0,-3.0,-50.0,96.0,1
4747,75.0,-10.0,-45.0,100.0,1
4749,83.0,-0.0,-57.0,85.0,1
4751,61.0,-91.0,-75.0,92.0,1
4752,81.0,-6.0,-36.0,95.0,1
4753,86.0,-0.0,-33.0,100.0,1
4757,81.0,-19.0,-64.0,94.0,1
4758,67.0,-81.0,-75.0,100.0,0
4760,83.0,-43.0,-83.0,100.0,0
4764,68.0,-35.0,-75.0,97.0,1
4766,75.0,-37.0,-41.0,100.0,0
4767,64.0,-0.0,-50.0,75.0,0
4769,84.0,-17.0,-67.0,100.0,0
4772,91.0,-6.0,-50.0,100.0,1
4773,88.0,-0.0,-38.0,100.0,1
4775,79.0,-23.0,-83.0,100.0,1
4776,73.0,-74.0,-73.0,96.0,1
4779,75.0,-12.0,-57.0,100.0,1
4780,76.0,-7.0,-29.0,86.0,1
4781,75.0,-18.0,-44.0,94.0,0
4782,82.0,-38.0,-50.0,100.0,1
4787,73.0,-10.0,-36.0,94.0,1
4788,77.0,-0.0,-50.0,93.0,0
4791,73.0,-11.0,-87.0,92.0,1
4792,63.0,-64.0,-90.0,74.0,1
4794,58.0,-54.0,-60.0,90.0,0
4795,66.0,-15.0,-60.0,100.0,1
4796,91.0,-3.0,-22.0,100.0,1
4797,71.0,-0.0,-25.0,100.0,1
4800,78.0,-39.0,-90.0,93.0,0
4801,89.0,-3.0,-50.0,100.0,0
4807,65.0,-73.0,-100.0,93.0,0
4809,83.0,-3.0,-64.0,96.0,1
4810,65.0,-26.0,-78.0,89.0,0
4811,61.0,-0.0,-50.0,80.0,0
4814,57.0,-50.0,-88.0,100.0,0
4815,60.0,-11.0,-73.0,63.0,1
4816,55.0,-43.0,-75.0,80.0,1
4819,77.0,-26.0,-100.0,100.0,1
4826,71.0,-48.0,-100.0,100.0,1
4827,71.0,-27.0,-50.0,97.0,0
4831,68.0,-27.0,-48.0,100.0,0
4833,60.0,-35.0,-50.0,87.0,1
4834,67.0,-11.0,-100.0,86.0,1
4836,64.0,-65.0,-71.0,100.0,0
4839,76.0,-50.0,-100.0,100.0,1
4842,67.0,-19.0,-27.0,96.0,1
4843,80.0,-20.0,-64.0,100.0,0
4844,73.0,-41.0,-74.0,100.0,1
4845,66.0,-37.0,-55.0,100.0,1
4846,61.0,-27.0,-64.0,63.0,0
4848,80.0,-41.0,-46.0,100.0,1
4850,54.0,-39.0,-55.0,87.0,0
4852,89.0,-2.0,-100.0,100.0,1
4856,69.0,-68.0,-64.0,100.0,0
4858,75.0,-34.0,-67.0,100.0,1
4859,84.0,-11.0,-57.0,100.0,1
4861,85.0,-20.0,-83.0,100.0,1
4863,92.0,-0.0,-33.0,100.0,1
4866,75.0,-16.0,-67.0,97.0,1
4868,64.0,-27.0,-50.0,77.0,0
4870,66.0,-87.0,-100.0,96.0,0
4874,84.0,-0.0,-57.0,96.0,1
4878,84.0,-1.0,-36.0,100.0,1
4879,83.0,-2.0,-56.0,100.0,1
4881,55.0,-8.0,-75.0,86.0,1
4884,70.0,-63.0,-86.0,100.0,0
4889,75.0,-70.0,-63.0,69.0,1
4890,81.0,-3.0,-25.0,98.0,1
4895,79.0,-10.0,-50.0,100.0,1
4897,82.0,-52.0,-67.0,100.0,0
4898,80.0,-25.0,-70.0,100.0,0
4899,66.0,-47.0,-100.0,79.0,1
4900,86.0,-0.0,-43.0,94.0,1
4901,91.0,-6.0,-67.0,100.0,1
4904,88.0,-14.0,-67.0,100.0,1
4910,75.0,-18.0,-63.0,100.0,0
4914,76.0,-2.0,-21.0,100.0,1
4916,64.0,-56.0,-83.0,92.0,1
4917,79.0,-11.0,-56.0,100.0,1
4918,85.0,-13.0,-60.0,100.0,1
4920,81.0,-1.0,-59.0,100.0,1
4921,81.0,-8.0,-88.0,100.0,1
4922,91.0,-1.0,-23.0,100.0,1
4923,84.0,-28.0,-67.0,100.0,1
4925,78.0,-21.0,-50.0,100.0,1
4926,90.0,-8.0,-40.0,100.0,1
4927,83.0,-2.0,-25.0,96.0,1
4928,73.0,-23.0,-54.0,95.0,1
4929,75.0,-37.0,-71.0,93.0,0
4931,77.0,-8.0,-67.0,92.0,1
4933,70.0,-63.0,-100.0,100.0,0
4934,67.0,-53.0,-65.0,100.0,1
4935,79.0,-13.0,-50.0,100.0,1
4937,85.0,-6.0,-54.0,100.0,1
4938,82.0,-15.0,-63.0,96.0,1
4939,83.0,-8.0,-36.0,100.0,1
4940,75.0,-32.0,-44.0,96.0,1
4941,78.0,-49.0,-83.0,97.0,1
4943,76.0,-12.0,-53.0,96.0,1
4944,67.0,-25.0,-46.0,80.0,1
4947,86.0,-3.0,-60.0,100.0,1
4949,65.0,-63.0,-71.0,93.0,1
4950,80.0,-47.0,-67.0,97.0,1
4951,80.0,-8.0,-67.0,90.0,0
4954,72.0,-16.0,-45.0,97.0,1
4957,56.0,-83.0,-50.0,89.0,1
4962,91.0,-3.0,-25.0,100.0,1
4964,62.0,-35.0,-71.0,94.0,0
4967,67.0,-48.0,-81.0,97.0,0
4971,81.0,-14.0,-62.0,96.0,1
4974,82.0,-6.0,-77.0,95.0,1
4976,61.0,-69.0,-89.0,100.0,0
4980,71.0,-36.0,-67.0,93.0,1
4981,79.0,-14.0,-75.0,90.0,1
4982,83.0,-12.0,-100.0,100.0,1
4983,86.0,-0.0,-50.0,100.0,1
4988,54.0,-8.0,-69.0,73.0,0
4990,73.0,-5.0,-75.0,86.0,0
4997,75.0,-31.0,-77.0,94.0,1
4999,73.0,-33.0,-82.0,93.0,1
5000,83.0,-17.0,-100.0,100.0,1
5002,79.0,-29.0,-50.0,100.0,0
5003,85.0,-9.0,-45.0,100.0,1
5004,86.0,-2.0,-86.0,100.0,1
5007,72.0,-47.0,-100.0,91.0,1
5008,73.0,-24.0,-75.0,86.0,0
5010,75.0,-7.0,-75.0,83.0,1
5011,78.0,-19.0,-55.0,100.0,1
5012,84.0,-13.0,-40.0,100.0,1
5015,85.0,-19.0,-80.0,100.0,1
5016,84.0,-2.0,-46.0,100.0,1
5018,88.0,-2.0,-45.0,100.0,1
5021,75.0,-0.0,-0.0,92.0,1
5022,77.0,-35.0,-67.0,100.0,1
5025,58.0,-44.0,-73.0,94.0,0
5026,69.0,-23.0,-67.0,100.0,1
5031,81.0,-1.0,-33.0,96.0,1
5033,64.0,-91.0,-63.0,100.0,1
5041,68.0,-83.0,-79.0,91.0,0
5043,70.0,-9.0,-40.0,75.0,0
5046,66.0,-83.0,-78.0,100.0,0
5051,72.0,-57.0,-33.0,100.0,1
5053,56.0,-64.0,-100.0,67.0,0
5055,58.0,-72.0,-92.0,85.0,0
5056,63.0,-94.0,-100.0,86.0,0
5059,72.0,-18.0,-88.0,92.0,0
5060,65.0,-65.0,-95.0,96.0,0
5061,78.0,-14.0,-83.0,100.0,0
5067,75.0,-40.0,-100.0,92.0,0
5068,71.0,-57.0,-83.0,100.0,1
5069,76.0,-21.0,-67.0,95.0,0
5070,69.0,-95.0,-100.0,100.0,0
5073,75.0,-19.0,-100.0,100.0,0
5075,70.0,-50.0,-50.0,100.0,0
5079,66.0,-36.0,-48.0,80.0,0
5082,66.0,-67.0,-82.0,100.0,1
5083,75.0,-97.0,-100.0,100.0,0
5084,89.0,-3.0,-33.0,100.0,1
5086,64.0,-74.0,-82.0,100.0,0
5089,81.0,-16.0,-61.0,100.0,1
5091,68.0,-51.0,-73.0,89.0,1
5096,63.0,-67.0,-91.0,91.0,1
5097,84.0,-27.0,-50.0,100.0,1
5098,84.0,-1.0,-55.0,100.0,1
5101,84.0,-2.0,-62.0,100.0,1
5102,67.0,-42.0,-54.0,100.0,0
5104,86.0,-6.0,-62.0,100.0,1
5105,74.0,-34.0,-50.0,94.0,1
5106,63.0,-81.0,-100.0,80.0,0
5114,68.0,-83.0,-100.0,100.0,0
5120,52.0,-78.0,-70.0,88.0,0
5123,91.0,-2.0,-17.0,100.0,1
5125,58.0,-50.0,-80.0,88.0,0
5127,74.0,-38.0,-83.0,100.0,1
5132,87.0,-7.0,-100.0,100.0,1
5135,77.0,-42.0,-50.0,100.0,1
5143,69.0,-94.0,-100.0,87.0,0
5145,83.0,-25.0,-44.0,100.0,0
5146,59.0,-99.0,-100.0,91.0,0
5149,71.0,-0.0,-71.0,92.0,0
5151,70.0,-60.0,-67.0,100.0,0
5158,55.0,-39.0,-88.0,74.0,0
5159,73.0,-97.0,-100.0,93.0,0
5162,72.0,-37.0,-71.0,100.0,0
5163,61.0,-35.0,-77.0,74.0,0
5164,85.0,-20.0,-50.0,100.0,1
5168,86.0,-11.0,-57.0,100.0,1
5169,60.0,-79.0,-86.0,81.0,0
5170,63.0,-41.0,-80.0,98.0,0
5173,92.0,-0.0,-33.0,100.0,1
5174,72.0,-48.0,-50.0,100.0,0
5175,77.0,-73.0,-78.0,100.0,1
5177,86.0,-0.0,-60.0,100.0,1
5180,81.0,-0.0,-11.0,100.0,0
5181,70.0,-11.0,-67.0,96.0,0
5189,85.0,-8.0,-70.0,100.0,1
5190,86.0,-2.0,-40.0,100.0,1
5193,62.0,-62.0,-78.0,82.0,1
5194,67.0,-58.0,-83.0,100.0,1
5196,71.0,-43.0,-80.0,100.0,1
5197,82.0,-0.0,-33.0,91.0,1
5199,56.0,-82.0,-88.0,77.0,1
5200,55.0,-55.0,-69.0,90.0,0
5204,56.0,-73.0,-80.0,88.0,1
5207,83.0,-21.0,-83.0,100.0,1
5210,81.0,-10.0,-75.0,71.0,1
5212,67.0,-79.0,-83.0,93.0,0
5215,65.0,-30.0,-100.0,82.0,0
5218,70.0,-49.0,-75.0,96.0,0
5219,63.0,-35.0,-71.0,97.0,0
5220,54.0,-59.0,-69.0,97.0,0
5224,73.0,-57.0,-63.0,97.0,0
5225,88.0,-0.0,-57.0,96.0,1
5227,77.0,-4.0,-45.0,89.0,1
5228,71.0,-0.0,-67.0,80.0,0
5230,59.0,-32.0,-75.0,84.0,0
5233,80.0,-2.0,-33.0,92.0,1
5235,75.0,-67.0,-100.0,100.0,1
5236,65.0,-17.0,-41.0,92.0,1
5238,63.0,-73.0,-100.0,67.0,1
5242,71.0,-73.0,-88.0,100.0,0
5244,66.0,-25.0,-67.0,90.0,0
5247,72.0,-1.0,-40.0,80.0,0
5251,55.0,-77.0,-100.0,96.0,0
5253,84.0,-70.0,-55.0,100.0,0
5254,76.0,-19.0,-38.0,98.0,1
5257,55.0,-17.0,-62.0,73.0,0
5259,80.0,-14.0,-30.0,100.0,0
5261,63.0,-25.0,-63.0,85.0,0
5263,77.0,-29.0,-88.0,89.0,0
5265,63.0,-27.0,-83.0,83.0,0
5271,78.0,-0.0,-50.0,100.0,1
5273,61.0,-67.0,-86.0,94.0,0
5274,74.0,-18.0,-20.0,100.0,0
5276,65.0,-36.0,-63.0,100.0,0
5280,58.0,-27.0,-82.0,70.0,0
5283,64.0,-84.0,-75.0,67.0,0
5284,72.0,-41.0,-100.0,81.0,0
5290,70.0,-47.0,-92.0,94.0,1
5291,78.0,-11.0,-75.0,100.0,1
5293,84.0,-1.0,-36.0,97.0,0
5294,67.0,-32.0,-83.0,78.0,0
5295,62.0,-75.0,-100.0,74.0,0
5296,54.0,-77.0,-100.0,67.0,0
5297,56.0,-0.0,-67.0,75.0,0
5298,64.0,-76.0,-100.0,100.0,0
5300,82.0,-73.0,-100.0,100.0,1
5301,57.0,-41.0,-71.0,71.0,0
5306,67.0,-41.0,-80.0,100.0,0
5309,56.0,-85.0,-71.0,83.0,0
5313,65.0,-20.0,-72.0,92.0,0
5316,87.0,-3.0,-33.0,100.0,1
5319,76.0,-34.0,-50.0,100.0,1
5320,77.0,-11.0,-31.0,96.0,1
5321,86.0,-8.0,-83.0,100.0,1
5323,75.0,-48.0,-82.0,100.0,1
5327,65.0,-31.0,-73.0,92.0,1
5332,68.0,-75.0,-100.0,100.0,0
5335,67.0,-31.0,-60.0,90.0,0
5337,81.0,-16.0,-45.0,100.0,1
5341,65.0,-74.0,-100.0,83.0,0
5346,72.0,-24.0,-73.0,94.0,0
5347,80.0,-3.0,-67.0,93.0,0
5348,64.0,-81.0,-100.0,92.0,0
5351,76.0,-14.0,-58.0,100.0,1
5354,78.0,-26.0,-32.0,97.0,1
5355,62.0,-63.0,-88.0,71.0,1
5356,57.0,-100.0,-93.0,95.0,0
5361,57.0,-99.0,-100.0,88.0,0
5362,73.0,-58.0,-80.0,96.0,0
5364,86.0,-22.0,-80.0,100.0,1
5368,64.0,-19.0,-64.0,78.0,0
5372,78.0,-20.0,-56.0,95.0,1
5374,72.0,-34.0,-75.0,100.0,1
5375,69.0,-51.0,-80.0,71.0,0
5376,82.0,-18.0,-71.0,100.0,0
5377,81.0,-0.0,-60.0,97.0,0
5378,55.0,-40.0,-67.0,75.0,0
5381,56.0,-51.0,-78.0,100.0,0
5383,56.0,-82.0,-100.0,86.0,0
5384,61.0,-38.0,-53.0,86.0,0
5386,70.0,-44.0,-63.0,91.0,0
5388,85.0,-0.0,-40.0,100.0,1
5390,87.0,-1.0,-42.0,100.0,1
5391,66.0,-77.0,-75.0,100.0,1
5396,65.0,-87.0,-78.0,95.0,1
5397,63.0,-68.0,-92.0,97.0,1
5398,66.0,-8.0,-50.0,88.0,0
5401,78.0,-30.0,-60.0,100.0,1
5402,56.0,-46.0,-100.0,71.0,0
5405,88.0,-3.0,-50.0,100.0,1
5408,54.0,-44.0,-86.0,90.0,0
5409,58.0,-84.0,-73.0,81.0,0
5413,54.0,-17.0,-68.0,75.0,0
5415,70.0,-10.0,-50.0,95.0,1
5416,82.0,-6.0,-33.0,98.0,1
5418,86.0,-2.0,-100.0,100.0,1
5426,68.0,-65.0,-83.0,100.0,0
5427,56.0,-101.0,-86.0,94.0,0
5431,61.0,-57.0,-79.0,88.0,0
5432,62.0,-70.0,-63.0,92.0,1
5436,84.0,-4.0,-80.0,100.0,1
5441,65.0,-81.0,-100.0,90.0,0
5442,71.0,-58.0,-86.0,87.0,1
5445,83.0,-18.0,-100.0,100.0,1
5450,55.0,-88.0,-90.0,89.0,0
5451,67.0,-87.0,-100.0,73.0,0
5452,65.0,-47.0,-33.0,73.0,1
5457,87.0,-19.0,-50.0,100.0,1
5458,67.0,-81.0,-82.0,100.0,0
5460,55.0,-92.0,-100.0,62.0,0
5465,87.0,-16.0,-64.0,100.0,1
5467,74.0,-32.0,-75.0,97.0,1
5468,65.0,-91.0,-89.0,93.0,0
5470,55.0,-44.0,-100.0,86.0,1
5472,73.0,-17.0,-33.0,100.0,0
5476,65.0,-60.0,-83.0,85.0,0
5479,90.0,-2.0,-50.0,100.0,1
5480,83.0,-29.0,-86.0,100.0,1
5484,81.0,-1.0,-80.0,90.0,1
5485,73.0,-11.0,-67.0,100.0,1
5487,83.0,-13.0,-57.0,100.0,1
5488,66.0,-36.0,-47.0,85.0,0
5489,86.0,-2.0,-57.0,100.0,1
5490,76.0,-26.0,-89.0,100.0,1
5491,79.0,-16.0,-39.0,100.0,1
5492,62.0,-49.0,-89.0,77.0,0
5493,55.0,-62.0,-56.0,84.0,0
5494,61.0,-50.0,-73.0,98.0,0
5498,82.0,-1.0,-38.0,100.0,1
5501,68.0,-27.0,-67.0,82.0,0
5503,66.0,-93.0,-100.0,100.0,1
5505,89.0,-18.0,-71.0,100.0,1
5507,66.0,-58.0,-94.0,94.0,1
5508,68.0,-39.0,-54.0,100.0,0
5511,72.0,-59.0,-67.0,100.0,1
5513,78.0,-24.0,-64.0,100.0,1
5514,76.0,-31.0,-80.0,100.0,0
5515,82.0,-12.0,-60.0,89.0,1
5518,87.0,-8.0,-75.0,100.0,1
5520,64.0,-67.0,-100.0,94.0,0
5522,86.0,-15.0,-43.0,100.0,1
5523,75.0,-15.0,-46.0,100.0,1
5526,71.0,-61.0,-80.0,100.0,1
5529,74.0,-49.0,-100.0,92.0,1
5532,76.0,-2.0,-60.0,100.0,1
5539,70.0,-67.0,-85.0,97.0,0
5541,80.0,-69.0,-86.0,100.0,1
5545,61.0,-0.0,-80.0,75.0,0
5548,70.0,-35.0,-56.0,88.0,0
5558,69.0,-1.0,-75.0,93.0,1
5559,88.0,-8.0,-33.0,100.0,0
5560,74.0,-34.0,-44.0,92.0,1
5561,69.0,-9.0,-53.0,100.0,1
5566,91.0,-4.0,-64.0,100.0,0
5567,66.0,-10.0,-45.0,90.0,1
5568,69.0,-57.0,-100.0,92.0,1
5569,69.0,-55.0,-67.0,79.0,0
5571,84.0,-0.0,-0.0,95.0,0
5583,64.0,-90.0,-83.0,90.0,0
5586,85.0,-0.0,-56.0,100.0,1
5589,72.0,-1.0,-30.0,82.0,1
5591,56.0,-42.0,-92.0,80.0,0
5593,60.0,-67.0,-75.0,100.0,0
5595,68.0,-30.0,-83.0,71.0,1
5598,89.0,-3.0,-57.0,100.0,1
5603,58.0,-24.0,-78.0,86.0,0
5604,61.0,-32.0,-52.0,100.0,1
5606,71.0,-24.0,-46.0,81.0,0
5607,54.0,-79.0,-88.0,50.0,0
5610,75.0,-17.0,-60.0,87.0,0
5612,71.0,-14.0,-50.0,98.0,0
5613,88.0,-10.0,-14.0,100.0,1
5618,58.0,-84.0,-90.0,71.0,0
5619,63.0,-74.0,-83.0,93.0,0
5622,81.0,-8.0,-82.0,100.0,0
5623,82.0,-32.0,-56.0,100.0,1
5625,71.0,-29.0,-37.0,100.0,0
5628,66.0,-9.0,-57.0,84.0,0
5629,71.0,-80.0,-80.0,85.0,0
5630,80.0,-14.0,-75.0,100.0,1
5632,91.0,-7.0,-40.0,100.0,1
5633,85.0,-24.0,-100.0,100.0,1
5634,72.0,-18.0,-42.0,94.0,1
5636,72.0,-12.0,-36.0,95.0,0
5638,83.0,-15.0,-57.0,100.0,0
5640,69.0,-45.0,-43.0,88.0,0
5644,64.0,-42.0,-75.0,83.0,0
5645,62.0,-74.0,-71.0,100.0,0
5646,59.0,-58.0,-100.0,50.0,0
5647,68.0,-10.0,-50.0,80.0,0
5650,57.0,-72.0,-100.0,81.0,0
5660,36.0,-59.0,-85.0,63.0,0
5665,74.0,-3.0,-45.0,98.0,0
5671,73.0,-82.0,-100.0,89.0,0
5674,82.0,-6.0,-60.0,100.0,1
5677,61.0,-44.0,-57.0,74.0,0
5678,63.0,-97.0,-75.0,83.0,0
5679,71.0,-24.0,-67.0,88.0,0
5680,80.0,-16.0,-74.0,100.0,1
5688,62.0,-73.0,-63.0,100.0,0
5689,74.0,-9.0,-50.0,98.0,1
5690,57.0,-24.0,-44.0,50.0,0
5691,73.0,-71.0,-88.0,100.0,0
5696,79.0,-32.0,-69.0,100.0,0
5697,77.0,-18.0,-46.0,94.0,0
5698,69.0,-23.0,-73.0,77.0,0
5699,76.0,-31.0,-100.0,100.0,0
5701,75.0,-28.0,-71.0,96.0,1
5704,73.0,-9.0,-60.0,92.0,0
5705,64.0,-86.0,-86.0,100.0,0
5706,64.0,-35.0,-39.0,95.0,0
5709,65.0,-41.0,-88.0,89.0,0
5712,75.0,-7.0,-30.0,91.0,0
5714,71.0,-60.0,-64.0,91.0,1
5715,63.0,-66.0,-50.0,71.0,0
5716,57.0,-17.0,-65.0,78.0,1
5717,61.0,-54.0,-67.0,98.0,1
5721,59.0,-63.0,-91.0,87.0,1
5722,90.0,-1.0,-50.0,100.0,0
5723,90.0,-3.0,-100.0,100.0,1
5724,54.0,-31.0,-63.0,76.0,0
5728,64.0,-31.0,-79.0,98.0,0
5731,71.0,-0.0,-0.0,100.0,0
5737,63.0,-84.0,-100.0,80.0,0
5738,60.0,-89.0,-88.0,83.0,0
5741,54.0,-21.0,-75.0,82.0,0
5742,76.0,-38.0,-67.0,100.0,0
5744,74.0,-71.0,-73.0,100.0,0
5745,59.0,-39.0,-50.0,100.0,0
5747,59.0,-53.0,-89.0,82.0,0
5748,81.0,-5.0,-40.0,95.0,1
5749,80.0,-5.0,-27.0,95.0,1
5750,55.0,-97.0,-100.0,100.0,0
5752,59.0,-4.0,-100.0,50.0,0
5757,74.0,-23.0,-80.0,100.0,0
5759,74.0,-25.0,-54.0,97.0,0
5764,69.0,-96.0,-80.0,82.0,1
5770,71.0,-51.0,-50.0,92.0,0
5774,65.0,-66.0,-100.0,100.0,0
5775,90.0,-0.0,-0.0,100.0,0
5778,57.0,-21.0,-71.0,74.0,0
5781,80.0,-5.0,-30.0,92.0,1
5782,58.0,-74.0,-83.0,78.0,0
5783,57.0,-39.0,-60.0,63.0,0
5784,63.0,-11.0,-71.0,67.0,1
5787,91.0,-3.0,-50.0,100.0,1
5789,72.0,-30.0,-86.0,94.0,0
5791,65.0,-56.0,-75.0,71.0,0
5794,70.0,-17.0,-61.0,91.0,0
5797,73.0,-0.0,-75.0,88.0,0
5801,63.0,-44.0,-50.0,88.0,0
5803,90.0,-1.0,-33.0,100.0,1
5807,67.0,-47.0,-67.0,50.0,0
5819,65.0,-56.0,-82.0,100.0,0
5820,69.0,-0.0,-75.0,89.0,1
5827,59.0,-54.0,-62.0,78.0,0
5830,70.0,-43.0,-79.0,80.0,1
5831,72.0,-0.0,-33.0,72.0,0
5834,59.0,-70.0,-79.0,87.0,0
5835,87.0,-15.0,-50.0,100.0,1
5840,57.0,-72.0,-83.0,80.0,0
5846,66.0,-66.0,-75.0,93.0,0
5847,78.0,-46.0,-75.0,100.0,0
5848,85.0,-7.0,-42.0,100.0,1
5853,66.0,-16.0,-44.0,67.0,0
5859,37.0,-71.0,-69.0,78.0,0
5860,58.0,-81.0,-75.0,88.0,0
5862,86.0,-0.0,-25.0,100.0,1
5864,84.0,-14.0,-50.0,100.0,1
5868,59.0,-0.0,-60.0,91.0,1
5874,63.0,-96.0,-100.0,100.0,0
5876,70.0,-44.0,-75.0,100.0,0
5879,59.0,-42.0,-69.0,99.0,1
5880,64.0,-69.0,-88.0,100.0,1
5882,61.0,-24.0,-75.0,83.0,0
5883,84.0,-6.0,-50.0,100.0,1
5885,80.0,-28.0,-50.0,100.0,1
5886,57.0,-46.0,-83.0,45.0,0
5888,78.0,-0.0,-43.0,95.0,0
5894,60.0,-83.0,-75.0,55.0,0
5895,83.0,-26.0,-75.0,100.0,1
5896,79.0,-8.0,-60.0,63.0,1
5897,60.0,-28.0,-78.0,56.0,0
5905,88.0,-1.0,-50.0,100.0,1
5907,75.0,-27.0,-78.0,96.0,0
5910,76.0,-24.0,-40.0,89.0,1
5911,79.0,-6.0,-64.0,69.0,0
5913,59.0,-25.0,-79.0,100.0,0
5915,59.0,-104.0,-100.0,50.0,0
5917,83.0,-48.0,-83.0,92.0,1
5918,66.0,-40.0,-80.0,94.0,1
5921,66.0,-26.0,-38.0,79.0,0
5923,58.0,-68.0,-71.0,92.0,1
5924,80.0,-25.0,-44.0,100.0,1
5925,58.0,-85.0,-78.0,53.0,0
5926,81.0,-2.0,-25.0,94.0,1
5930,88.0,-0.0,-64.0,100.0,1
5931,66.0,-39.0,-90.0,100.0,0
5932,65.0,-65.0,-63.0,92.0,1
5937,89.0,-3.0,-50.0,100.0,1
5938,72.0,-66.0,-100.0,91.0,0
5939,76.0,-31.0,-83.0,86.0,1
5940,55.0,-56.0,-89.0,50.0,1
5941,64.0,-57.0,-71.0,82.0,0
5942,64.0,-19.0,-31.0,94.0,0
5943,61.0,-35.0,-82.0,89.0,1
5947,81.0,-11.0,-60.0,93.0,1
5950,90.0,-4.0,-29.0,100.0,1
5951,87.0,-7.0,-50.0,100.0,1
5952,69.0,-73.0,-100.0,67.0,0
5959,63.0,-19.0,-40.0,89.0,0
5961,60.0,-96.0,-83.0,100.0,0
5963,56.0,-88.0,-93.0,83.0,1
5965,74.0,-58.0,-83.0,100.0,0
5967,88.0,-10.0,-67.0,100.0,1
5968,86.0,-13.0,-43.0,100.0,0
5971,68.0,-24.0,-54.0,96.0,1
5972,59.0,-60.0,-100.0,73.0,0
5974,75.0,-18.0,-45.0,89.0,1
5975,65.0,-52.0,-85.0,90.0,0
5976,85.0,-0.0,-50.0,100.0,0
5978,59.0,-110.0,-100.0,33.0,1
5979,86.0,-1.0,-11.0,100.0,1
5981,85.0,-5.0,-25.0,100.0,1
5982,79.0,-25.0,-64.0,100.0,1
5985,63.0,-60.0,-82.0,95.0,1
5986,75.0,-33.0,-75.0,100.0,1
5987,82.0,-1.0,-45.0,96.0,0
5988,54.0,-72.0,-64.0,84.0,0
5996,73.0,-10.0,-69.0,96.0,1
5998,68.0,-85.0,-90.0,96.0,1
5999,64.0,-23.0,-67.0,94.0,0
6001,59.0,-52.0,-75.0,100.0,1
6006,63.0,-80.0,-100.0,70.0,0
6007,73.0,-68.0,-100.0,100.0,0
6008,89.0,-1.0,-40.0,100.0,1
6013,84.0,-10.0,-37.0,100.0,1
6015,85.0,-3.0,-64.0,100.0,1
6018,77.0,-49.0,-50.0,100.0,0
6020,64.0,-74.0,-91.0,91.0,1
6021,91.0,-1.0,-30.0,100.0,1
6022,73.0,-3.0,-57.0,100.0,1
6027,55.0,-38.0,-67.0,40.0,0
6028,85.0,-0.0,-88.0,100.0,1
6029,76.0,-22.0,-47.0,100.0,1
6030,58.0,-0.0,-33.0,80.0,0
6031,79.0,-15.0,-75.0,100.0,1
6035,74.0,-0.0,-53.0,92.0,1
6037,71.0,-13.0,-81.0,72.0,1
6040,71.0,-23.0,-100.0,89.0,0
6041,85.0,-21.0,-50.0,100.0,1
6042,87.0,-5.0,-50.0,100.0,1
6043,81.0,-8.0,-17.0,87.0,1
6044,78.0,-10.0,-38.0,94.0,1
6045,81.0,-16.0,-47.0,89.0,1
6046,75.0,-13.0,-60.0,83.0,1
6047,60.0,-35.0,-55.0,75.0,0
6048,70.0,-74.0,-100.0,100.0,0
6052,83.0,-7.0,-71.0,100.0,1
6054,93.0,-1.0,-17.0,100.0,1
6056,56.0,-77.0,-86.0,83.0,1
6057,58.0,-54.0,-67.0,88.0,0
6061,85.0,-1.0,-50.0,100.0,0
6062,86.0,-0.0,-33.0,95.0,0
6068,81.0,-11.0,-67.0,93.0,1
6070,77.0,-7.0,-75.0,92.0,0
6074,84.0,-26.0,-56.0,100.0,1
6077,69.0,-27.0,-57.0,88.0,0
6080,84.0,-36.0,-30.0,100.0,1
6081,80.0,-19.0,-40.0,100.0,1
6082,79.0,-71.0,-100.0,100.0,1
6085,69.0,-0.0,-36.0,93.0,1
6087,68.0,-78.0,-100.0,100.0,1
6088,70.0,-22.0,-55.0,98.0,1
6089,63.0,-0.0,-60.0,90.0,1
6090,62.0,-4.0,-32.0,79.0,1
6093,83.0,-13.0,-40.0,100.0,1
6103,66.0,-45.0,-67.0,100.0,0
6105,85.0,-3.0,-50.0,100.0,1
6107,72.0,-82.0,-71.0,88.0,1
6113,82.0,-6.0,-60.0,100.0,1
6115,76.0,-2.0,-75.0,69.0,0
6119,74.0,-31.0,-73.0,100.0,1
6128,79.0,-0.0,-33.0,86.0,1
6130,55.0,-22.0,-67.0,76.0,1
6132,68.0,-49.0,-86.0,82.0,1
6133,72.0,-30.0,-91.0,87.0,1
6135,62.0,-57.0,-76.0,90.0,1
6136,88.0,-9.0,-57.0,100.0,1
6137,76.0,-20.0,-57.0,100.0,1
6138,69.0,-45.0,-65.0,100.0,0
6139,72.0,-22.0,-46.0,96.0,1
6141,81.0,-41.0,-88.0,100.0,1
6143,79.0,-34.0,-42.0,100.0,1
6144,74.0,-0.0,-75.0,63.0,0
6149,83.0,-2.0,-42.0,97.0,1
6150,90.0,-6.0,-60.0,100.0,1
6152,81.0,-14.0,-100.0,100.0,1
6153,59.0,-39.0,-56.0,69.0,0
6154,62.0,-59.0,-67.0,60.0,0
6155,77.0,-10.0,-42.0,100.0,0
6157,80.0,-7.0,-58.0,98.0,1
6160,78.0,-1.0,-38.0,100.0,1
6164,89.0,-0.0,-33.0,100.0,1
6165,71.0,-81.0,-64.0,92.0,1
6166,86.0,-0.0,-67.0,100.0,0
6170,77.0,-13.0,-36.0,92.0,1
6171,67.0,-74.0,-100.0,96.0,1
6184,69.0,-71.0,-80.0,100.0,1
6185,74.0,-13.0,-64.0,96.0,1
6186,86.0,-7.0,-42.0,94.0,0
6188,89.0,-9.0,-60.0,100.0,1
6189,88.0,-9.0,-50.0,100.0,1
6193,73.0,-48.0,-100.0,100.0,1
6194,57.0,-48.0,-81.0,86.0,0
6195,84.0,-18.0,-100.0,100.0,1
6210,86.0,-6.0,-57.0,100.0,1
6211,70.0,-60.0,-100.0,100.0,1
6212,68.0,-22.0,-71.0,85.0,1
6215,77.0,-30.0,-73.0,100.0,1
6217,77.0,-32.0,-64.0,96.0,1
6219,82.0,-38.0,-75.0,100.0,1
6228,88.0,-14.0,-36.0,100.0,1
6231,75.0,-17.0,-45.0,100.0,1
6232,59.0,-74.0,-89.0,91.0,0
6236,80.0,-11.0,-75.0,93.0,1
6238,86.0,-12.0,-50.0,100.0,1
6242,73.0,-13.0,-100.0,50.0,0
6244,87.0,-0.0,-33.0,100.0,1
6248,65.0,-18.0,-78.0,92.0,0
6252,85.0,-8.0,-60.0,100.0,1
6253,71.0,-34.0,-83.0,92.0,1
6254,83.0,-7.0,-29.0,100.0,1
6255,82.0,-0.0,-60.0,90.0,1
6256,60.0,-53.0,-89.0,70.0,1
6258,70.0,-31.0,-56.0,100.0,1
6259,87.0,-8.0,-71.0,100.0,1
6264,77.0,-9.0,-29.0,94.0,1
6267,88.0,-5.0,-63.0,100.0,1
6268,84.0,-7.0,-20.0,100.0,0
6269,69.0,-33.0,-73.0,97.0,1
6270,85.0,-4.0,-50.0,91.0,0
6274,91.0,-5.0,-86.0,100.0,1
6279,68.0,-21.0,-88.0,91.0,1
6281,59.0,-72.0,-86.0,63.0,0
6282,60.0,-75.0,-95.0,100.0,1
6284,76.0,-35.0,-47.0,100.0,1
6287,77.0,-9.0,-44.0,94.0,1
6289,73.0,-1.0,-50.0,100.0,0
6291,86.0,-0.0,-25.0,100.0,1
6296,82.0,-12.0,-44.0,100.0,1
6297,67.0,-50.0,-88.0,97.0,1
6298,68.0,-60.0,-60.0,95.0,0
6299,79.0,-11.0,-50.0,93.0,1
6300,74.0,-71.0,-100.0,91.0,1
6301,74.0,-36.0,-60.0,100.0,0
6303,91.0,-3.0,-71.0,100.0,1
6304,62.0,-39.0,-50.0,100.0,0
6306,68.0,-88.0,-100.0,100.0,0
6308,70.0,-46.0,-56.0,100.0,1
6310,61.0,-26.0,-71.0,86.0,1
6312,68.0,-43.0,-67.0,97.0,1
6313,78.0,-52.0,-86.0,100.0,0
6317,69.0,-39.0,-63.0,100.0,0
6320,68.0,-10.0,-75.0,73.0,0
6326,55.0,-37.0,-57.0,87.0,0
6332,75.0,-11.0,-44.0,100.0,0
6336,86.0,-2.0,-67.0,96.0,1
6337,79.0,-13.0,-86.0,100.0,1
6338,82.0,-9.0,-20.0,95.0,1
6339,58.0,-2.0,-80.0,73.0,0
6345,80.0,-49.0,-67.0,100.0,0
6346,70.0,-100.0,-100.0,100.0,1
6347,60.0,-64.0,-79.0,100.0,0
6348,75.0,-3.0,-67.0,92.0,0
6349,88.0,-27.0,-25.0,100.0,1
6354,73.0,-6.0,-31.0,87.0,1
6356,61.0,-33.0,-76.0,79.0,1
6357,76.0,-44.0,-60.0,100.0,0
6358,64.0,-60.0,-78.0,85.0,0
6359,59.0,-90.0,-100.0,100.0,0
6364,76.0,-40.0,-50.0,100.0,0
6365,75.0,-57.0,-57.0,93.0,0
6370,68.0,-89.0,-91.0,100.0,0
6371,77.0,-0.0,-33.0,90.0,0
6373,72.0,-28.0,-40.0,100.0,0
6375,73.0,-55.0,-100.0,83.0,1
6376,87.0,-1.0,-25.0,100.0,1
6378,64.0,-10.0,-40.0,83.0,0
6381,78.0,-25.0,-58.0,100.0,1
6383,67.0,-104.0,-100.0,100.0,0
6384,86.0,-12.0,-33.0,100.0,1
6387,84.0,-5.0,-57.0,96.0,0
6388,59.0,-82.0,-83.0,96.0,0
6391,54.0,-66.0,-90.0,86.0,0
6393,64.0,-28.0,-71.0,78.0,0
6394,81.0,-27.0,-86.0,100.0,1
6395,76.0,-21.0,-67.0,100.0,0
6398,80.0,-8.0,-55.0,91.0,0
6400,87.0,-12.0,-100.0,100.0,1
6406,59.0,-70.0,-83.0,94.0,0
6407,69.0,-55.0,-67.0,100.0,1
6409,91.0,-1.0,-29.0,100.0,0
6410,79.0,-47.0,-20.0,100.0,1
6412,65.0,-3.0,-50.0,65.0,0
6414,62.0,-8.0,-33.0,88.0,0
6415,71.0,-26.0,-38.0,100.0,0
6417,69.0,-0.0,-50.0,67.0,0
6420,54.0,-26.0,-50.0,77.0,0
6424,70.0,-34.0,-100.0,73.0,0
6426,59.0,-89.0,-90.0,85.0,1
6427,63.0,-69.0,-50.0,71.0,0
6430,65.0,-93.0,-91.0,100.0,0
6431,74.0,-56.0,-75.0,100.0,1
6433,77.0,-22.0,-64.0,94.0,0
6436,60.0,-20.0,-67.0,67.0,0
6437,65.0,-32.0,-75.0,93.0,0
6439,62.0,-39.0,-80.0,73.0,0
6440,74.0,-47.0,-67.0,100.0,0
6442,70.0,-34.0,-47.0,100.0,0
6443,66.0,-7.0,-75.0,85.0,1
6446,87.0,-3.0,-22.0,100.0,1
6447,68.0,-43.0,-89.0,100.0,0
6451,68.0,-29.0,-83.0,92.0,0
6452,68.0,-26.0,-67.0,81.0,0
6454,64.0,-73.0,-91.0,100.0,0
6456,88.0,-11.0,-43.0,100.0,1
6457,62.0,-66.0,-71.0,79.0,0
6458,60.0,-55.0,-56.0,81.0,1
6460,64.0,-44.0,-100.0,67.0,0
6461,71.0,-43.0,-46.0,100.0,0
6470,51.0,-43.0,-50.0,50.0,0
6473,59.0,-58.0,-100.0,100.0,0
6474,78.0,-12.0,-40.0,93.0,1
6475,59.0,-77.0,-100.0,42.0,0
6476,78.0,-43.0,-89.0,100.0,1
6477,85.0,-6.0,-50.0,100.0,1
6481,68.0,-7.0,-50.0,89.0,1
6485,81.0,-9.0,-50.0,100.0,1
6487,77.0,-46.0,-68.0,100.0,1
6489,60.0,-29.0,-100.0,50.0,0
6490,66.0,-47.0,-100.0,75.0,0
6491,80.0,-70.0,-100.0,100.0,1
6492,89.0,-2.0,-43.0,100.0,1
6495,75.0,-0.0,-67.0,83.0,0
6496,93.0,-1.0,-33.0,100.0,1
6497,68.0,-89.0,-83.0,100.0,0
6501,61.0,-51.0,-63.0,97.0,0
6502,63.0,-72.0,-88.0,90.0,0
6503,81.0,-3.0,-25.0,90.0,0
6504,64.0,-31.0,-69.0,90.0,1
6505,64.0,-31.0,-75.0,88.0,0
6506,67.0,-44.0,-67.0,97.0,0
6507,71.0,-95.0,-89.0,100.0,1
6513,58.0,-69.0,-67.0,94.0,0
6516,68.0,-33.0,-63.0,94.0,0
6519,75.0,-4.0,-56.0,94.0,0
6521,52.0,-61.0,-71.0,75.0,0
6524,73.0,-53.0,-100.0,97.0,1
6527,58.0,-59.0,-88.0,64.0,0
6528,64.0,-87.0,-75.0,95.0,0
6529,65.0,-45.0,-71.0,66.0,0
6530,75.0,-12.0,-44.0,58.0,1
6533,75.0,-13.0,-42.0,98.0,1
6534,59.0,-59.0,-73.0,83.0,0
6537,60.0,-29.0,-67.0,100.0,0
6539,57.0,-96.0,-100.0,100.0,0
6540,58.0,-51.0,-38.0,90.0,0
6542,63.0,-78.0,-80.0,100.0,1
6543,70.0,-56.0,-89.0,100.0,0
6544,59.0,-35.0,-80.0,82.0,0
6547,69.0,-47.0,-78.0,95.0,0
6548,70.0,-25.0,-65.0,97.0,1
6549,58.0,-4.0,-46.0,98.0,1
6550,64.0,-89.0,-91.0,89.0,0
6551,55.0,-93.0,-71.0,73.0,0
6552,87.0,-11.0,-60.0,100.0,1
6554,76.0,-80.0,-100.0,100.0,0
6557,68.0,-31.0,-58.0,96.0,1
6561,65.0,-0.0,-75.0,77.0,0
6562,70.0,-39.0,-60.0,96.0,1
6564,60.0,-36.0,-70.0,74.0,0
6568,72.0,-2.0,-75.0,82.0,0
6570,63.0,-43.0,-100.0,88.0,0
6575,59.0,-80.0,-100.0,93.0,0
6576,55.0,-93.0,-87.0,83.0,0
6577,74.0,-2.0,-67.0,82.0,1
6578,77.0,-31.0,-70.0,96.0,1
6581,75.0,-47.0,-75.0,100.0,0
6583,75.0,-20.0,-100.0,100.0,1
6584,67.0,-60.0,-78.0,88.0,0
6585,56.0,-50.0,-75.0,56.0,0
6589,67.0,-14.0,-55.0,89.0,0
6592,63.0,-90.0,-100.0,83.0,0
6595,75.0,-18.0,-57.0,88.0,1
6596,61.0,-60.0,-86.0,76.0,0
6599,60.0,-57.0,-100.0,96.0,0
6601,86.0,-4.0,-43.0,95.0,1
6603,64.0,-72.0,-100.0,90.0,1
6607,66.0,-68.0,-75.0,100.0,1
6609,64.0,-57.0,-100.0,92.0,0
6613,85.0,-34.0,-80.0,100.0,1
6614,87.0,-2.0,-67.0,100.0,1
6617,72.0,-7.0,-75.0,86.0,0
6618,89.0,-0.0,-0.0,100.0,1
6619,89.0,-3.0,-44.0,100.0,1
6621,56.0,-57.0,-87.0,100.0,0
6622,69.0,-46.0,-43.0,54.0,0
6626,63.0,-58.0,-80.0,100.0,0
6627,74.0,-61.0,-75.0,100.0,0
6628,81.0,-19.0,-63.0,100.0,1
6631,64.0,-70.0,-83.0,74.0,0
6633,68.0,-0.0,-25.0,84.0,0
6636,64.0,-56.0,-76.0,100.0,0
6638,82.0,-4.0,-38.0,77.0,1
6639,59.0,-73.0,-86.0,97.0,0
6640,82.0,-13.0,-71.0,100.0,0
6641,69.0,-15.0,-67.0,88.0,0
6646,54.0,-103.0,-71.0,87.0,0
6647,63.0,-0.0,-50.0,67.0,0
6648,68.0,-74.0,-75.0,91.0,0
6650,67.0,-5.0,-50.0,67.0,0
6651,71.0,-70.0,-78.0,100.0,1
6653,69.0,-27.0,-45.0,91.0,1
6654,82.0,-17.0,-60.0,94.0,0
6657,69.0,-22.0,-100.0,100.0,0
6658,85.0,-2.0,-33.0,100.0,1
6660,76.0,-67.0,-90.0,100.0,0
6662,83.0,-7.0,-83.0,92.0,1
6669,68.0,-37.0,-91.0,71.0,0
6671,70.0,-28.0,-40.0,98.0,1
6673,66.0,-87.0,-80.0,100.0,0
6674,68.0,-18.0,-71.0,100.0,0
6677,74.0,-59.0,-67.0,100.0,1
6678,60.0,-59.0,-71.0,93.0,0
6679,89.0,-2.0,-63.0,100.0,1
6680,62.0,-103.0,-100.0,100.0,1
6681,80.0,-39.0,-71.0,100.0,1
6682,80.0,-19.0,-71.0,91.0,1
6686,79.0,-55.0,-50.0,100.0,0
6688,74.0,-58.0,-78.0,92.0,0
6689,90.0,-1.0,-57.0,100.0,1
6690,85.0,-10.0,-57.0,100.0,0
6691,66.0,-73.0,-85.0,96.0,0
6693,80.0,-0.0,-23.0,95.0,1
6694,79.0,-25.0,-38.0,100.0,1
6695,74.0,-36.0,-63.0,92.0,0
6696,84.0,-3.0,-26.0,100.0,0
6697,70.0,-68.0,-67.0,80.0,0
6698,64.0,-3.0,-40.0,83.0,0
6699,88.0,-0.0,-50.0,100.0,0
6701,63.0,-33.0,-73.0,91.0,0
6705,58.0,-74.0,-93.0,100.0,0
6706,79.0,-9.0,-100.0,100.0,0
6707,58.0,-11.0,-83.0,54.0,1
6708,90.0,-10.0,-43.0,100.0,1
6713,79.0,-24.0,-78.0,100.0,1
6714,72.0,-59.0,-90.0,97.0,1
6715,71.0,-97.0,-100.0,92.0,1
6717,90.0,-4.0,-29.0,100.0,1
6720,87.0,-9.0,-43.0,100.0,1
6726,82.0,-8.0,-39.0,100.0,1
6732,68.0,-41.0,-70.0,94.0,0
6737,84.0,-11.0,-80.0,100.0,1
6738,68.0,-64.0,-75.0,96.0,0
6739,86.0,-6.0,-31.0,100.0,1
6740,70.0,-50.0,-67.0,100.0,0
6741,76.0,-59.0,-100.0,100.0,1
6742,91.0,-4.0,-33.0,100.0,1
6744,84.0,-22.0,-50.0,100.0,1
6750,68.0,-86.0,-80.0,100.0,1
6757,85.0,-0.0,-33.0,100.0,0
6761,71.0,-27.0,-64.0,95.0,0
6763,63.0,-75.0,-67.0,100.0,0
6766,77.0,-18.0,-70.0,100.0,1
6768,60.0,-18.0,-85.0,81.0,0
6769,80.0,-21.0,-75.0,100.0,1
6770,62.0,-52.0,-47.0,93.0,1
6773,75.0,-14.0,-62.0,100.0,1
6777,66.0,-54.0,-64.0,95.0,0
6778,80.0,-19.0,-75.0,100.0,0
6780,78.0,-31.0,-83.0,78.0,1
6781,78.0,-16.0,-77.0,97.0,1
6782,75.0,-57.0,-33.0,83.0,0
6784,75.0,-10.0,-63.0,97.0,1
6785,66.0,-30.0,-100.0,94.0,0
6786,71.0,-45.0,-64.0,100.0,1
6790,61.0,-30.0,-36.0,96.0,0
6794,66.0,-47.0,-67.0,86.0,0
6796,87.0,-0.0,-0.0,86.0,0
6797,56.0,-74.0,-83.0,100.0,0
6798,80.0,-2.0,-20.0,100.0,1
6800,82.0,-9.0,-82.0,100.0,1
6802,79.0,-36.0,-57.0,100.0,1
6804,69.0,-2.0,-100.0,75.0,1
6810,89.0,-0.0,-17.0,100.0,1
6811,85.0,-16.0,-45.0,100.0,1
6815,66.0,-55.0,-70.0,93.0,1
6816,61.0,-73.0,-33.0,73.0,0
6817,87.0,-19.0,-50.0,100.0,1
6819,89.0,-2.0,-33.0,100.0,1
6820,64.0,-64.0,-71.0,91.0,0
6822,73.0,-14.0,-75.0,30.0,0
6826,86.0,-18.0,-60.0,100.0,1
6828,68.0,-99.0,-100.0,100.0,0
6830,68.0,-68.0,-100.0,83.0,0
6833,69.0,-22.0,-100.0,94.0,1
6834,71.0,-55.0,-67.0,97.0,1
6835,79.0,-8.0,-38.0,98.0,1
6836,62.0,-30.0,-63.0,89.0,1
6837,66.0,-49.0,-100.0,83.0,0
6838,62.0,-113.0,-100.0,60.0,0
6839,72.0,-66.0,-91.0,100.0,1
6846,70.0,-16.0,-100.0,86.0,0
6849,58.0,-69.0,-83.0,100.0,0
6850,92.0,-0.0,-40.0,100.0,1
6851,73.0,-50.0,-60.0,98.0,1
6852,57.0,-57.0,-73.0,94.0,0
6853,60.0,-63.0,-71.0,73.0,0
6856,54.0,-62.0,-92.0,87.0,1
6858,90.0,-3.0,-67.0,100.0,1
6859,72.0,-26.0,-79.0,100.0,1
6861,77.0,-16.0,-38.0,100.0,1
6863,80.0,-3.0,-64.0,100.0,0
6866,70.0,-89.0,-75.0,100.0,0
6872,92.0,-1.0,-50.0,100.0,1
6873,67.0,-57.0,-90.0,97.0,0
6874,86.0,-15.0,-29.0,100.0,1
6876,88.0,-3.0,-57.0,100.0,1
6881,84.0,-7.0,-43.0,100.0,1
6884,68.0,-1.0,-25.0,96.0,1
6885,69.0,-33.0,-43.0,100.0,0
6886,77.0,-4.0,-50.0,95.0,1
6888,88.0,-1.0,-55.0,100.0,0
6891,56.0,-41.0,-88.0,88.0,0
6895,90.0,-6.0,-29.0,100.0,1
6900,75.0,-33.0,-77.0,100.0,1
6904,74.0,-12.0,-73.0,89.0,0
6905,86.0,-3.0,-50.0,96.0,1
6906,67.0,-30.0,-43.0,100.0,0
6907,73.0,-36.0,-61.0,100.0,1
6909,82.0,-29.0,-60.0,100.0,1
6912,65.0,-39.0,-53.0,94.0,0
6913,90.0,-4.0,-100.0,100.0,1
6914,56.0,-15.0,-100.0,73.0,0
6915,74.0,-44.0,-78.0,97.0,1
6917,61.0,-32.0,-77.0,97.0,1
6918,80.0,-7.0,-71.0,95.0,1
6919,86.0,-21.0,-67.0,100.0,1
6921,69.0,-17.0,-36.0,86.0,1
6925,85.0,-14.0,-67.0,100.0,1
6926,84.0,-2.0,-50.0,95.0,1
6929,79.0,-9.0,-67.0,100.0,1
6931,75.0,-34.0,-60.0,97.0,1
6932,63.0,-71.0,-100.0,100.0,0
6933,65.0,-35.0,-81.0,91.0,0
6937,86.0,-3.0,-14.0,97.0,1
6945,68.0,-39.0,-83.0,85.0,1
6946,84.0,-6.0,-50.0,100.0,1
6948,73.0,-43.0,-69.0,97.0,1
6952,71.0,-10.0,-50.0,95.0,1
6960,89.0,-14.0,-50.0,100.0,1
6965,77.0,-4.0,-59.0,100.0,1
6967,70.0,-2.0,-29.0,100.0,1
6972,73.0,-8.0,-71.0,100.0,0
6973,85.0,-5.0,-86.0,100.0,1
6974,76.0,-26.0,-55.0,100.0,1
6977,88.0,-0.0,-43.0,100.0,1
6982,60.0,-55.0,-100.0,90.0,1
6983,87.0,-19.0,-60.0,100.0,1
6990,86.0,-13.0,-67.0,100.0,1
6997,78.0,-35.0,-67.0,100.0,1
7000,89.0,-0.0,-0.0,100.0,0
7001,63.0,-69.0,-71.0,100.0,0
7002,69.0,-6.0,-88.0,82.0,0
7003,81.0,-8.0,-55.0,98.0,0
7010,79.0,-5.0,-38.0,100.0,1
7012,75.0,-16.0,-33.0,100.0,1
7013,65.0,-73.0,-100.0,100.0,1
7014,67.0,-37.0,-53.0,89.0,1
7019,69.0,-2.0,-64.0,92.0,1
7020,91.0,-4.0,-50.0,100.0,1
7022,75.0,-32.0,-77.0,95.0,1
7024,91.0,-5.0,-40.0,100.0,1
7025,79.0,-20.0,-50.0,100.0,1
7026,63.0,-79.0,-100.0,80.0,0
7029,67.0,-32.0,-78.0,100.0,0
7030,71.0,-86.0,-75.0,100.0,1
7033,84.0,-53.0,-83.0,100.0,1
7034,64.0,-75.0,-100.0,90.0,1
7036,86.0,-1.0,-36.0,100.0,1
7037,85.0,-0.0,-50.0,100.0,1
7038,79.0,-27.0,-50.0,100.0,1
7039,80.0,-6.0,-56.0,95.0,0
7040,77.0,-0.0,-78.0,100.0,1
7042,83.0,-4.0,-38.0,100.0,1
7043,63.0,-35.0,-90.0,83.0,0
7044,92.0,-1.0,-67.0,100.0,1
7048,69.0,-35.0,-70.0,97.0,0
7049,80.0,-5.0,-55.0,100.0,1
7050,75.0,-16.0,-69.0,96.0,1
7051,80.0,-33.0,-50.0,90.0,1
7052,89.0,-5.0,-40.0,100.0,1
7054,72.0,-15.0,-67.0,94.0,1
7056,63.0,-11.0,-65.0,90.0,0
7057,59.0,-41.0,-76.0,91.0,1
7058,74.0,-2.0,-57.0,93.0,1
7059,57.0,-65.0,-90.0,94.0,0
7060,60.0,-64.0,-80.0,100.0,0
7062,76.0,-15.0,-54.0,100.0,0
7063,72.0,-61.0,-67.0,97.0,1
7066,84.0,-12.0,-71.0,100.0,1
7078,68.0,-36.0,-54.0,92.0,0
7079,61.0,-65.0,-83.0,77.0,1
7082,73.0,-19.0,-53.0,97.0,1
7083,86.0,-12.0,-75.0,100.0,1
7084,86.0,-6.0,-67.0,100.0,1
7086,83.0,-15.0,-75.0,100.0,1
7091,88.0,-2.0,-70.0,100.0,1
7095,62.0,-54.0,-65.0,79.0,1
7097,73.0,-54.0,-78.0,96.0,0
7098,76.0,-34.0,-80.0,100.0,1
7100,72.0,-0.0,-50.0,83.0,0
7101,55.0,-14.0,-65.0,72.0,0
7102,84.0,-0.0,-0.0,100.0,0
7104,87.0,-11.0,-57.0,100.0,1
7108,75.0,-27.0,-69.0,100.0,0
7109,64.0,-56.0,-75.0,64.0,0
7112,47.0,-91.0,-91.0,71.0,1
7113,72.0,-34.0,-55.0,95.0,0
7117,81.0,-29.0,-100.0,100.0,0
7121,64.0,-79.0,-100.0,93.0,1
7123,66.0,-78.0,-100.0,88.0,1
7126,80.0,-1.0,-63.0,90.0,1
7128,77.0,-33.0,-63.0,93.0,1
7131,59.0,-44.0,-50.0,89.0,0
7138,63.0,-68.0,-80.0,72.0,1
7140,54.0,-97.0,-90.0,70.0,0
7143,65.0,-58.0,-73.0,82.0,0
7148,62.0,-67.0,-67.0,88.0,0
7149,85.0,-5.0,-44.0,100.0,1
7151,61.0,-88.0,-86.0,92.0,0
7155,65.0,-61.0,-79.0,86.0,0
7156,73.0,-4.0,-25.0,100.0,1
7157,62.0,-46.0,-60.0,92.0,0
7159,63.0,-3.0,-83.0,82.0,0
7160,83.0,-4.0,-40.0,100.0,0
7165,58.0,-58.0,-88.0,65.0,0
7172,87.0,-13.0,-25.0,100.0,1
7176,85.0,-3.0,-50.0,100.0,0
7179,79.0,-22.0,-80.0,100.0,1
7181,57.0,-66.0,-86.0,88.0,0
7182,76.0,-48.0,-100.0,97.0,1
7187,63.0,-76.0,-80.0,82.0,0
7192,75.0,-41.0,-50.0,80.0,0
7195,56.0,-68.0,-92.0,75.0,1
7197,84.0,-41.0,-67.0,100.0,0
7199,70.0,-72.0,-62.0,96.0,1
7200,76.0,-14.0,-36.0,95.0,0
7201,90.0,-8.0,-43.0,100.0,0
7202,72.0,-32.0,-28.0,96.0,0
7206,87.0,-21.0,-63.0,100.0,0
7208,82.0,-24.0,-63.0,100.0,0
7209,85.0,-29.0,-80.0,100.0,0
7212,36.0,-85.0,-100.0,50.0,0
7214,86.0,-9.0,-38.0,100.0,0
7215,61.0,-69.0,-83.0,97.0,0
7216,92.0,-6.0,-33.0,100.0,1
7218,60.0,-30.0,-62.0,95.0,0
7220,69.0,-43.0,-73.0,97.0,0
7222,70.0,-10.0,-50.0,59.0,0
7223,77.0,-40.0,-100.0,100.0,1
7224,55.0,-28.0,-67.0,71.0,1
7226,65.0,-58.0,-74.0,97.0,1
7230,72.0,-3.0,-88.0,83.0,0
7231,54.0,-92.0,-75.0,64.0,0
7232,62.0,-56.0,-92.0,95.0,0
7234,63.0,-93.0,-78.0,94.0,1
7235,67.0,-0.0,-50.0,80.0,0
7236,86.0,-10.0,-20.0,100.0,1
7239,84.0,-26.0,-40.0,100.0,1
7241,70.0,-60.0,-88.0,100.0,0
7242,56.0,-74.0,-93.0,88.0,0
7245,79.0,-11.0,-53.0,100.0,0
7247,69.0,-20.0,-70.0,92.0,0
7252,68.0,-87.0,-100.0,100.0,0
7257,57.0,-59.0,-73.0,75.0,1
7258,80.0,-7.0,-27.0,100.0,1
7259,60.0,-46.0,-55.0,91.0,1
7263,68.0,-38.0,-25.0,74.0,1
7266,82.0,-8.0,-50.0,93.0,0
7267,69.0,-36.0,-64.0,97.0,1
7269,82.0,-20.0,-40.0,100.0,0
7271,66.0,-70.0,-83.0,53.0,0
7276,60.0,-41.0,-100.0,80.0,0
7278,82.0,-24.0,-57.0,100.0,1
7279,56.0,-73.0,-89.0,87.0,0
7280,60.0,-72.0,-100.0,33.0,0
7281,75.0,-55.0,-89.0,100.0,0
7285,78.0,-76.0,-63.0,93.0,0
7286,75.0,-13.0,-53.0,94.0,0
7288,60.0,-27.0,-73.0,77.0,0
7293,56.0,-62.0,-88.0,53.0,1
7296,89.0,-1.0,-67.0,100.0,1
7298,68.0,-29.0,-100.0,85.0,0
7299,84.0,-1.0,-22.0,94.0,1
7303,62.0,-26.0,-52.0,100.0,0
7306,91.0,-3.0,-38.0,100.0,1
7309,71.0,-43.0,-60.0,100.0,1
7311,55.0,-31.0,-92.0,86.0,0
7312,86.0,-12.0,-33.0,100.0,1
7316,57.0,-73.0,-70.0,76.0,0
7318,77.0,-22.0,-44.0,95.0,1
7319,70.0,-77.0,-89.0,89.0,0
7320,78.0,-34.0,-55.0,100.0,1
7321,69.0,-18.0,-67.0,95.0,0
7322,70.0,-36.0,-69.0,85.0,0
7323,88.0,-6.0,-100.0,100.0,1
7324,55.0,-50.0,-57.0,70.0,0
7327,64.0,-41.0,-100.0,92.0,0
7328,67.0,-41.0,-100.0,86.0,1
7331,80.0,-34.0,-64.0,95.0,1
7332,58.0,-81.0,-100.0,29.0,0
7333,77.0,-14.0,-77.0,93.0,0
7334,63.0,-71.0,-100.0,92.0,1
7338,75.0,-24.0,-50.0,76.0,0
7340,70.0,-3.0,-33.0,87.0,0
7346,56.0,-89.0,-75.0,77.0,0
7347,88.0,-26.0,-89.0,100.0,1
7351,56.0,-74.0,-85.0,89.0,0
7353,61.0,-56.0,-73.0,100.0,0
7355,71.0,-62.0,-60.0,100.0,1
7357,63.0,-104.0,-91.0,100.0,0
7358,76.0,-86.0,-100.0,100.0,0
7359,44.0,-77.0,-77.0,81.0,0
7360,60.0,-34.0,-50.0,73.0,0
7361,68.0,-28.0,-63.0,78.0,1
7365,78.0,-54.0,-87.0,100.0,0
7366,59.0,-94.0,-100.0,86.0,0
7371,63.0,-14.0,-78.0,75.0,0
7374,86.0,-5.0,-94.0,100.0,1
7375,63.0,-93.0,-100.0,69.0,0
7377,60.0,-84.0,-100.0,100.0,0
7379,85.0,-8.0,-71.0,100.0,1
7380,76.0,-0.0,-75.0,100.0,1
7382,65.0,-23.0,-85.0,93.0,0
7385,60.0,-95.0,-100.0,100.0,0
7386,75.0,-38.0,-78.0,100.0,0
7389,83.0,-11.0,-78.0,100.0,0
7391,87.0,-1.0,-38.0,100.0,1
7392,80.0,-0.0,-50.0,93.0,1
7393,53.0,-112.0,-91.0,89.0,0
7394,56.0,-85.0,-100.0,83.0,0
7397,72.0,-56.0,-76.0,96.0,0
7402,72.0,-21.0,-50.0,100.0,1
7404,64.0,-0.0,-33.0,73.0,0
7405,51.0,-87.0,-64.0,62.0,0
7408,82.0,-33.0,-86.0,100.0,1
7412,68.0,-31.0,-70.0,96.0,0
7414,82.0,-22.0,-86.0,100.0,1
7416,68.0,-45.0,-63.0,90.0,0
7422,66.0,-25.0,-86.0,79.0,0
7423,88.0,-1.0,-44.0,100.0,1
7428,54.0,-45.0,-71.0,71.0,0
7429,91.0,-4.0,-60.0,100.0,1
7433,59.0,-76.0,-100.0,100.0,0
7435,91.0,-1.0,-33.0,100.0,0
7437,88.0,-0.0,-43.0,100.0,1
7438,58.0,-82.0,-70.0,94.0,0
7439,71.0,-13.0,-80.0,76.0,0
7441,75.0,-21.0,-50.0,100.0,1
7443,85.0,-18.0,-67.0,100.0,1
7447,61.0,-56.0,-100.0,89.0,0
7448,64.0,-76.0,-100.0,100.0,0
7449,77.0,-6.0,-75.0,100.0,1
7452,55.0,-13.0,-75.0,86.0,0
7457,89.0,-5.0,-50.0,100.0,1
7458,66.0,-79.0,-100.0,100.0,0
7460,60.0,-40.0,-90.0,100.0,0
7462,71.0,-24.0,-53.0,97.0,1
7468,72.0,-61.0,-38.0,100.0,0
7469,58.0,-79.0,-100.0,74.0,0
7470,69.0,-12.0,-41.0,100.0,1
7474,59.0,-32.0,-80.0,81.0,0
7476,65.0,-75.0,-78.0,100.0,0
7478,66.0,-0.0,-80.0,83.0,0
7480,61.0,-47.0,-88.0,88.0,0
7481,72.0,-2.0,-29.0,100.0,1
7482,72.0,-73.0,-83.0,100.0,1
7484,63.0,-34.0,-57.0,91.0,0
7485,88.0,-6.0,-43.0,100.0,0
7486,66.0,-87.0,-100.0,100.0,0
7488,58.0,-50.0,-100.0,91.0,0
7491,72.0,-17.0,-56.0,95.0,0
7493,59.0,-103.0,-100.0,56.0,0
7494,78.0,-53.0,-80.0,100.0,1
7496,62.0,-32.0,-50.0,86.0,0
7499,56.0,-31.0,-69.0,70.0,0
7501,69.0,-36.0,-78.0,100.0,1
7506,55.0,-99.0,-100.0,83.0,0
7507,83.0,-30.0,-100.0,100.0,0
7508,56.0,-49.0,-80.0,77.0,0
7514,86.0,-1.0,-54.0,100.0,1
7517,62.0,-92.0,-100.0,93.0,0
7518,57.0,-36.0,-100.0,81.0,0
7520,57.0,-14.0,-77.0,94.0,0
7523,76.0,-38.0,-67.0,95.0,0
7524,74.0,-29.0,-78.0,98.0,0
7529,87.0,-25.0,-50.0,100.0,0
7530,68.0,-31.0,-45.0,97.0,0
7531,73.0,-60.0,-64.0,100.0,0
7532,85.0,-6.0,-38.0,94.0,0
7536,77.0,-1.0,-36.0,100.0,1
7537,57.0,-68.0,-71.0,100.0,0
7540,63.0,-89.0,-100.0,77.0,0
7541,75.0,-9.0,-47.0,83.0,0
7542,87.0,-15.0,-50.0,100.0,1
7544,72.0,-51.0,-60.0,100.0,0
7547,81.0,-59.0,-57.0,100.0,0
7551,85.0,-19.0,-50.0,100.0,1
7553,65.0,-31.0,-80.0,84.0,0
7557,66.0,-47.0,-67.0,100.0,1
7561,76.0,-21.0,-50.0,100.0,1
7564,91.0,-6.0,-60.0,100.0,1
7565,70.0,-79.0,-83.0,97.0,0
7569,70.0,-19.0,-100.0,87.0,0
7570,58.0,-94.0,-80.0,100.0,1
7572,72.0,-69.0,-75.0,100.0,0
7575,82.0,-10.0,-50.0,100.0,1
7576,73.0,-23.0,-67.0,100.0,1
7580,84.0,-9.0,-73.0,100.0,1
7583,74.0,-34.0,-58.0,96.0,0
7584,80.0,-29.0,-60.0,92.0,0
7587,68.0,-17.0,-64.0,78.0,0
7590,70.0,-43.0,-92.0,88.0,0
7591,59.0,-97.0,-100.0,100.0,0
7593,64.0,-60.0,-73.0,95.0,0
7595,71.0,-18.0,-47.0,91.0,0
7597,67.0,-36.0,-89.0,89.0,0
7598,71.0,-57.0,-100.0,90.0,1
7599,86.0,-0.0,-50.0,100.0,1
7603,70.0,-9.0,-100.0,72.0,0
7604,61.0,-43.0,-69.0,88.0,0
7606,70.0,-28.0,-67.0,63.0,0
7607,68.0,-79.0,-78.0,100.0,0
7608,67.0,-44.0,-100.0,81.0,0
7609,73.0,-33.0,-60.0,95.0,0
7611,64.0,-34.0,-83.0,88.0,0
7614,90.0,-2.0,-50.0,100.0,0
7617,80.0,-1.0,-33.0,70.0,1
7618,77.0,-5.0,-57.0,96.0,1
7622,62.0,-84.0,-100.0,50.0,1
7624,68.0,-14.0,-64.0,96.0,1
7628,70.0,-61.0,-64.0,91.0,0
7629,76.0,-21.0,-60.0,93.0,0
7630,62.0,-65.0,-100.0,75.0,0
7635,51.0,-95.0,-100.0,54.0,0
7636,90.0,-5.0,-57.0,100.0,1
7637,85.0,-15.0,-75.0,100.0,1
7638,71.0,-38.0,-87.0,91.0,0
7639,70.0,-55.0,-83.0,75.0,0
7640,74.0,-0.0,-67.0,93.0,0
7643,78.0,-1.0,-56.0,89.0,1
7644,71.0,-19.0,-55.0,98.0,1
7645,66.0,-65.0,-82.0,100.0,0
7646,58.0,-72.0,-92.0,100.0,0
7647,64.0,-0.0,-50.0,87.0,0
7650,62.0,-76.0,-92.0,83.0,0
7653,82.0,-39.0,-57.0,91.0,1
7657,61.0,-71.0,-77.0,100.0,0
7663,71.0,-2.0,-60.0,77.0,0
7667,88.0,-4.0,-75.0,100.0,0
7672,87.0,-3.0,-63.0,100.0,0
7677,63.0,-54.0,-86.0,71.0,0
7680,87.0,-1.0,-38.0,100.0,1
7681,73.0,-9.0,-80.0,96.0,0
7683,63.0,-0.0,-33.0,71.0,1
7684,62.0,-31.0,-54.0,100.0,0
7685,78.0,-2.0,-54.0,98.0,0
7687,60.0,-65.0,-63.0,81.0,1
7691,78.0,-4.0,-44.0,92.0,0
7692,85.0,-7.0,-50.0,97.0,1
7695,67.0,-60.0,-73.0,95.0,0
7696,89.0,-2.0,-43.0,100.0,1
7697,56.0,-49.0,-94.0,93.0,0
7698,59.0,-78.0,-100.0,86.0,0
7699,60.0,-41.0,-50.0,59.0,1
7701,66.0,-97.0,-100.0,25.0,0
7703,82.0,-25.0,-50.0,100.0,1
7704,55.0,-11.0,-80.0,97.0,0
7706,88.0,-13.0,-75.0,100.0,0
7707,67.0,-30.0,-71.0,94.0,0
7710,61.0,-81.0,-100.0,89.0,0
7711,91.0,-7.0,-44.0,100.0,0
7714,58.0,-85.0,-100.0,96.0,0
7716,64.0,-85.0,-91.0,56.0,0
7718,67.0,-24.0,-54.0,98.0,0
7719,81.0,-16.0,-50.0,100.0,0
7720,67.0,-86.0,-67.0,93.0,1
7721,65.0,-13.0,-75.0,82.0,0
7723,48.0,-88.0,-77.0,82.0,0
7724,80.0,-17.0,-39.0,94.0,1
7726,77.0,-27.0,-56.0,100.0,0
7727,71.0,-12.0,-50.0,100.0,0
7730,70.0,-44.0,-77.0,100.0,1
7733,80.0,-1.0,-100.0,100.0,1
7735,77.0,-35.0,-91.0,100.0,1
7739,56.0,-74.0,-100.0,90.0,0
7740,55.0,-97.0,-89.0,92.0,0
7741,74.0,-23.0,-67.0,96.0,1
7742,86.0,-3.0,-43.0,100.0,1
7744,62.0,-92.0,-100.0,94.0,0
7752,66.0,-51.0,-80.0,60.0,0
7753,59.0,-42.0,-78.0,68.0,0
7754,77.0,-36.0,-40.0,95.0,0
7755,71.0,-23.0,-47.0,96.0,0
7756,72.0,-49.0,-78.0,94.0,0
7759,73.0,-61.0,-88.0,100.0,0
7761,77.0,-43.0,-63.0,97.0,0
7762,82.0,-0.0,-50.0,100.0,1
7766,55.0,-73.0,-100.0,93.0,0
7770,88.0,-12.0,-67.0,100.0,0
7771,79.0,-0.0,-50.0,75.0,0
7773,64.0,-17.0,-65.0,76.0,1
7776,84.0,-2.0,-100.0,100.0,1
7777,85.0,-9.0,-36.0,100.0,1
7778,85.0,-8.0,-25.0,100.0,1
7779,75.0,-32.0,-67.0,100.0,1
7780,56.0,-92.0,-92.0,100.0,0
7782,73.0,-55.0,-67.0,100.0,1
7787,72.0,-75.0,-89.0,100.0,1
7790,80.0,-7.0,-58.0,97.0,1
7791,88.0,-1.0,-56.0,100.0,1
7792,75.0,-32.0,-67.0,100.0,1
7796,71.0,-12.0,-60.0,93.0,1
7798,63.0,-31.0,-67.0,54.0,0
7799,77.0,-35.0,-54.0,95.0,1
7801,70.0,-60.0,-80.0,94.0,1
7802,58.0,-47.0,-79.0,88.0,1
7803,89.0,-3.0,-33.0,100.0,1
7804,57.0,-54.0,-88.0,62.0,0
7805,87.0,-4.0,-50.0,100.0,1
7807,64.0,-48.0,-50.0,78.0,0
7809,80.0,-55.0,-50.0,100.0,0
7815,76.0,-20.0,-71.0,97.0,0
7822,78.0,-63.0,-80.0,60.0,1
7826,83.0,-20.0,-44.0,100.0,1
7827,80.0,-13.0,-29.0,100.0,1
7828,64.0,-60.0,-60.0,82.0,0
7829,70.0,-30.0,-86.0,91.0,0
7831,76.0,-0.0,-40.0,96.0,1
7834,63.0,-75.0,-60.0,96.0,1
7835,69.0,-87.0,-100.0,88.0,0
7836,77.0,-44.0,-46.0,100.0,0
7837,60.0,-19.0,-67.0,11.0,0
7840,77.0,-18.0,-50.0,100.0,1
7841,69.0,-30.0,-57.0,100.0,1
7842,79.0,-24.0,-67.0,100.0,0
7843,62.0,-57.0,-80.0,36.0,1
7844,64.0,-48.0,-86.0,69.0,0
7845,81.0,-2.0,-27.0,100.0,1
7847,84.0,-4.0,-64.0,95.0,1
7848,84.0,-22.0,-86.0,100.0,0
7849,84.0,-17.0,-89.0,100.0,0
7850,78.0,-21.0,-75.0,100.0,1
7852,61.0,-36.0,-57.0,95.0,0
7853,87.0,-1.0,-78.0,100.0,0
7854,69.0,-92.0,-89.0,95.0,0
7857,78.0,-11.0,-56.0,100.0,1
7865,72.0,-56.0,-50.0,80.0,0
7866,82.0,-23.0,-50.0,97.0,1
7868,73.0,-34.0,-60.0,97.0,0
7871,66.0,-74.0,-100.0,100.0,1
7874,63.0,-70.0,-72.0,90.0,0
7876,74.0,-35.0,-73.0,100.0,1
7877,86.0,-9.0,-80.0,100.0,1
7880,72.0,-15.0,-40.0,88.0,0
7883,79.0,-10.0,-15.0,100.0,0
7886,79.0,-0.0,-50.0,92.0,1
7887,78.0,-39.0,-80.0,80.0,0
7890,86.0,-2.0,-25.0,100.0,0
7891,68.0,-15.0,-85.0,88.0,1
7892,71.0,-39.0,-73.0,96.0,1
7893,69.0,-57.0,-89.0,95.0,1
7895,71.0,-57.0,-82.0,100.0,0
7900,75.0,-46.0,-80.0,100.0,0
7904,86.0,-2.0,-83.0,100.0,0
7905,62.0,-21.0,-46.0,80.0,0
7907,82.0,-7.0,-42.0,90.0,1
7909,76.0,-2.0,-53.0,98.0,1
7913,84.0,-4.0,-45.0,100.0,1
7915,73.0,-29.0,-82.0,100.0,0
7916,76.0,-55.0,-75.0,100.0,0
7917,62.0,-44.0,-67.0,71.0,0
7923,64.0,-77.0,-100.0,100.0,0
7924,72.0,-24.0,-89.0,93.0,0
7928,71.0,-10.0,-45.0,85.0,1
7931,75.0,-63.0,-83.0,100.0,0
7934,60.0,-89.0,-100.0,81.0,0
7935,84.0,-11.0,-75.0,92.0,1
7937,70.0,-32.0,-62.0,83.0,0
7938,73.0,-28.0,-75.0,83.0,1
7941,73.0,-69.0,-56.0,87.0,1
7942,61.0,-31.0,-80.0,79.0,1
7943,90.0,-0.0,-20.0,100.0,1
7945,91.0,-3.0,-25.0,100.0,1
7946,66.0,-34.0,-100.0,60.0,1
7950,70.0,-13.0,-70.0,93.0,0
7955,73.0,-24.0,-59.0,100.0,1
7959,72.0,-56.0,-83.0,100.0,1
7974,69.0,-48.0,-80.0,100.0,0
7975,87.0,-13.0,-42.0,100.0,1
7976,84.0,-17.0,-83.0,100.0,1
7977,85.0,-45.0,-50.0,100.0,1
7978,88.0,-3.0,-43.0,100.0,1
7979,88.0,-0.0,-33.0,100.0,1
7982,73.0,-20.0,-70.0,100.0,1
7983,89.0,-0.0,-50.0,100.0,1
7985,68.0,-9.0,-33.0,97.0,1
7986,64.0,-51.0,-100.0,83.0,0
7989,63.0,-10.0,-43.0,100.0,1
7990,80.0,-38.0,-57.0,100.0,1
7995,84.0,-26.0,-80.0,100.0,1
7998,72.0,-13.0,-60.0,100.0,0
8000,73.0,-30.0,-58.0,100.0,1
8002,77.0,-22.0,-65.0,98.0,1
8004,65.0,-26.0,-43.0,97.0,0
8005,73.0,-47.0,-86.0,85.0,0
8006,73.0,-60.0,-67.0,100.0,1
8008,84.0,-11.0,-23.0,100.0,1
8009,64.0,-32.0,-75.0,95.0,0
8013,84.0,-7.0,-27.0,100.0,1
8014,87.0,-11.0,-73.0,100.0,1
8017,89.0,-6.0,-33.0,100.0,1
8019,81.0,-11.0,-33.0,100.0,1
8023,83.0,-13.0,-88.0,100.0,0
8025,81.0,-4.0,-50.0,92.0,1
8027,88.0,-1.0,-60.0,100.0,1
8033,70.0,-39.0,-100.0,75.0,1
8034,79.0,-42.0,-75.0,100.0,1
8039,91.0,-1.0,-56.0,100.0,1
8042,60.0,-58.0,-75.0,93.0,1
8045,78.0,-3.0,-33.0,100.0,1
8052,72.0,-53.0,-83.0,87.0,1
8053,56.0,-60.0,-91.0,95.0,0
8056,68.0,-6.0,-17.0,55.0,0
8061,77.0,-6.0,-67.0,100.0,1
8062,66.0,-62.0,-100.0,89.0,0
8064,68.0,-59.0,-60.0,98.0,1
8065,90.0,-3.0,-50.0,100.0,1
8066,91.0,-5.0,-29.0,100.0,1
8070,75.0,-11.0,-50.0,100.0,1
8071,65.0,-88.0,-86.0,63.0,0
8072,76.0,-12.0,-60.0,100.0,1
8074,89.0,-10.0,-57.0,100.0,1
8077,88.0,-7.0,-71.0,100.0,1
8080,77.0,-26.0,-56.0,97.0,1
8081,64.0,-19.0,-68.0,76.0,1
8082,83.0,-3.0,-46.0,100.0,1
8084,81.0,-5.0,-25.0,100.0,1
8088,83.0,-11.0,-20.0,100.0,1
8089,68.0,-87.0,-100.0,98.0,1
8091,80.0,-9.0,-57.0,100.0,1
8092,78.0,-6.0,-70.0,94.0,0
8093,80.0,-13.0,-57.0,100.0,1
8097,77.0,-18.0,-60.0,92.0,1
8098,70.0,-0.0,-40.0,93.0,0
8102,74.0,-56.0,-75.0,77.0,1
8104,70.0,-57.0,-64.0,100.0,1
8105,86.0,-10.0,-100.0,100.0,1
8109,72.0,-48.0,-65.0,100.0,1
8112,80.0,-0.0,-20.0,100.0,1
8113,57.0,-79.0,-89.0,90.0,1
8114,82.0,-44.0,-100.0,100.0,1
8115,78.0,-6.0,-33.0,97.0,1
8116,77.0,-40.0,-29.0,97.0,0
8118,78.0,-19.0,-71.0,100.0,1
8119,83.0,-8.0,-75.0,100.0,1
8125,81.0,-77.0,-100.0,100.0,0
8126,90.0,-1.0,-43.0,100.0,1
8127,78.0,-30.0,-23.0,100.0,0
8128,86.0,-27.0,-67.0,100.0,1
8129,82.0,-14.0,-25.0,100.0,1
8130,85.0,-5.0,-57.0,100.0,1
8132,66.0,-22.0,-57.0,94.0,1
8134,78.0,-51.0,-73.0,100.0,1
8140,75.0,-21.0,-67.0,100.0,1
8143,79.0,-25.0,-83.0,100.0,1
8145,80.0,-3.0,-44.0,100.0,1
8148,75.0,-43.0,-100.0,100.0,0
8150,58.0,-0.0,-30.0,79.0,0
8152,59.0,-45.0,-83.0,98.0,0
8153,77.0,-32.0,-75.0,100.0,1
8156,71.0,-3.0,-44.0,71.0,0
8163,75.0,-12.0,-52.0,100.0,1
8166,84.0,-3.0,-75.0,100.0,0
8170,80.0,-11.0,-80.0,77.0,0
8172,67.0,-56.0,-82.0,96.0,0
8174,80.0,-1.0,-35.0,97.0,1
8179,67.0,-24.0,-43.0,100.0,0
8180,77.0,-11.0,-71.0,90.0,0
8182,57.0,-89.0,-88.0,98.0,0
8184,61.0,-111.0,-100.0,71.0,0
8189,84.0,-25.0,-75.0,100.0,0
8191,85.0,-6.0,-75.0,100.0,1
8192,50.0,-13.0,-88.0,59.0,1
8198,73.0,-91.0,-100.0,100.0,0
8200,79.0,-50.0,-79.0,100.0,0
8203,69.0,-15.0,-55.0,95.0,0
8204,79.0,-40.0,-88.0,100.0,1
8207,60.0,-1.0,-83.0,96.0,1
8208,73.0,-19.0,-50.0,91.0,0
8211,70.0,-14.0,-75.0,82.0,1
8215,56.0,-38.0,-78.0,87.0,0
8218,60.0,-6.0,-40.0,78.0,0
8219,56.0,-101.0,-90.0,88.0,0
8220,65.0,-31.0,-57.0,88.0,1
8223,66.0,-89.0,-100.0,100.0,0
8227,73.0,-54.0,-62.0,92.0,0
8233,73.0,-58.0,-75.0,92.0,0
8234,68.0,-68.0,-67.0,92.0,0
8238,68.0,-42.0,-80.0,94.0,0
8240,65.0,-16.0,-74.0,91.0,0
8241,64.0,-85.0,-75.0,88.0,0
8242,68.0,-69.0,-80.0,97.0,0
8243,59.0,-77.0,-57.0,88.0,0
8244,80.0,-27.0,-54.0,100.0,0
8245,64.0,-31.0,-42.0,74.0,0
8246,66.0,-28.0,-71.0,100.0,0
8249,64.0,-37.0,-67.0,93.0,0
8251,58.0,-35.0,-56.0,91.0,1
8253,61.0,-91.0,-80.0,43.0,0
8256,74.0,-29.0,-64.0,96.0,1
8258,64.0,-49.0,-64.0,88.0,0
8259,77.0,-3.0,-46.0,100.0,1
8260,61.0,-17.0,-50.0,90.0,0
8263,66.0,-77.0,-87.0,90.0,1
8264,68.0,-65.0,-86.0,95.0,0
8267,63.0,-54.0,-71.0,97.0,1
8272,72.0,-54.0,-100.0,100.0,0
8276,65.0,-15.0,-50.0,83.0,0
8282,79.0,-26.0,-20.0,100.0,0
8284,72.0,-11.0,-82.0,93.0,1
8285,61.0,-76.0,-91.0,76.0,0
8286,61.0,-38.0,-83.0,100.0,0
8288,58.0,-60.0,-67.0,97.0,1
8292,85.0,-10.0,-54.0,100.0,1
8294,68.0,-77.0,-88.0,100.0,0
8295,70.0,-75.0,-88.0,95.0,0
8297,66.0,-65.0,-100.0,89.0,1
8300,75.0,-42.0,-80.0,97.0,1
8308,81.0,-16.0,-38.0,100.0,1
8309,71.0,-55.0,-89.0,100.0,1
8314,84.0,-19.0,-40.0,100.0,1
8316,84.0,-11.0,-50.0,97.0,1
8322,84.0,-10.0,-35.0,100.0,1
8325,72.0,-83.0,-80.0,100.0,0
8331,71.0,-3.0,-43.0,100.0,1
8332,89.0,-1.0,-50.0,100.0,1
8333,65.0,-65.0,-83.0,92.0,0
8336,72.0,-24.0,-71.0,100.0,0
8337,57.0,-62.0,-69.0,88.0,0
8339,80.0,-68.0,-71.0,100.0,1
8340,72.0,-32.0,-46.0,95.0,0
8345,56.0,-37.0,-75.0,96.0,0
8346,59.0,-70.0,-100.0,92.0,0
8350,59.0,-48.0,-59.0,100.0,0
8352,59.0,-59.0,-70.0,75.0,0
8355,83.0,-10.0,-50.0,100.0,1
8356,65.0,-28.0,-62.0,96.0,0
8359,78.0,-19.0,-41.0,100.0,0
8360,84.0,-0.0,-29.0,100.0,1
8361,70.0,-65.0,-77.0,100.0,0
8362,56.0,-59.0,-71.0,90.0,0
8363,62.0,-98.0,-100.0,100.0,0
8364,81.0,-11.0,-44.0,100.0,1
8365,68.0,-36.0,-70.0,100.0,0
8366,87.0,-5.0,-44.0,100.0,1
8368,82.0,-20.0,-56.0,100.0,0
8371,69.0,-36.0,-45.0,100.0,0
8372,58.0,-81.0,-83.0,80.0,1
8373,60.0,-0.0,-25.0,78.0,0
8374,70.0,-44.0,-38.0,90.0,1
8375,64.0,-38.0,-45.0,93.0,0
8380,72.0,-0.0,-0.0,75.0,0
8385,82.0,-7.0,-58.0,97.0,1
8387,44.0,-82.0,-88.0,47.0,0
8388,56.0,-58.0,-86.0,100.0,0
8389,74.0,-11.0,-62.0,95.0,0
8391,68.0,-78.0,-75.0,100.0,0
8397,66.0,-88.0,-100.0,80.0,1
8399,68.0,-76.0,-56.0,100.0,0
8400,83.0,-10.0,-60.0,96.0,0
8401,62.0,-45.0,-100.0,83.0,0
8402,61.0,-24.0,-57.0,97.0,1
8403,57.0,-66.0,-57.0,50.0,0
8406,59.0,-31.0,-55.0,96.0,0
8411,83.0,-9.0,-75.0,100.0,0
8412,70.0,-77.0,-83.0,94.0,0
8414,61.0,-42.0,-67.0,75.0,1
8415,76.0,-3.0,-80.0,95.0,0
8416,79.0,-3.0,-39.0,93.0,0
8421,57.0,-89.0,-82.0,96.0,0
8422,65.0,-18.0,-50.0,91.0,0
8427,77.0,-22.0,-64.0,100.0,0
8430,62.0,-84.0,-89.0,97.0,0
8431,59.0,-82.0,-78.0,80.0,0
8433,70.0,-39.0,-53.0,91.0,0
8435,57.0,-21.0,-45.0,89.0,1
8438,65.0,-72.0,-69.0,100.0,0
8440,52.0,-69.0,-85.0,89.0,0
8441,62.0,-65.0,-75.0,86.0,0
8443,76.0,-4.0,-65.0,100.0,0
8445,54.0,-108.0,-100.0,50.0,0
8447,64.0,-71.0,-92.0,83.0,0
8450,64.0,-24.0,-67.0,85.0,0
8452,63.0,-69.0,-89.0,92.0,0
8453,60.0,-57.0,-64.0,86.0,1
8454,75.0,-49.0,-83.0,100.0,0
8456,54.0,-65.0,-80.0,85.0,0
8458,77.0,-22.0,-45.0,100.0,1
8460,66.0,-60.0,-82.0,100.0,0
8464,69.0,-43.0,-64.0,100.0,1
8465,69.0,-118.0,-100.0,100.0,0
8466,69.0,-8.0,-80.0,78.0,1
8470,54.0,-99.0,-75.0,59.0,1
8471,72.0,-50.0,-100.0,100.0,1
8472,56.0,-0.0,-42.0,71.0,0
8476,88.0,-4.0,-40.0,100.0,1
8477,75.0,-100.0,-50.0,100.0,1
8478,61.0,-62.0,-74.0,100.0,0
8480,83.0,-30.0,-60.0,100.0,1
8481,57.0,-97.0,-100.0,80.0,0
8482,69.0,-98.0,-100.0,86.0,1
8483,65.0,-54.0,-80.0,100.0,0
8485,78.0,-35.0,-88.0,100.0,1
8490,61.0,-74.0,-100.0,80.0,0
8503,72.0,-29.0,-67.0,100.0,0
8505,72.0,-82.0,-86.0,100.0,0
8507,86.0,-13.0,-43.0,100.0,1
8508,68.0,-16.0,-86.0,100.0,1
8509,67.0,-90.0,-89.0,100.0,0
8510,64.0,-49.0,-61.0,100.0,0
8511,87.0,-33.0,-100.0,100.0,1
8512,78.0,-58.0,-53.0,100.0,1
8514,60.0,-44.0,-48.0,87.0,0
8515,65.0,-55.0,-68.0,100.0,0
8516,63.0,-83.0,-88.0,93.0,0
8517,69.0,-45.0,-50.0,100.0,1
8518,65.0,-66.0,-77.0,93.0,1
8519,63.0,-67.0,-80.0,100.0,0
8520,71.0,-44.0,-75.0,93.0,1
8524,77.0,-31.0,-70.0,100.0,0
8527,88.0,-0.0,-60.0,100.0,0
8528,72.0,-58.0,-67.0,100.0,0
8532,76.0,-2.0,-75.0,94.0,1
8535,71.0,-53.0,-67.0,75.0,1
8539,70.0,-12.0,-54.0,91.0,1
8543,72.0,-68.0,-86.0,100.0,0
8544,65.0,-5.0,-60.0,50.0,0
8545,79.0,-12.0,-56.0,100.0,1
8547,67.0,-53.0,-71.0,100.0,0
8549,68.0,-26.0,-63.0,93.0,0
8550,65.0,-59.0,-50.0,90.0,0
8552,73.0,-37.0,-67.0,96.0,1
8553,77.0,-34.0,-85.0,100.0,1
8554,81.0,-0.0,-13.0,100.0,1
8556,61.0,-81.0,-77.0,89.0,0
8559,73.0,-78.0,-65.0,100.0,0
8565,77.0,-0.0,-64.0,100.0,0
8566,74.0,-15.0,-48.0,100.0,1
8567,65.0,-23.0,-67.0,93.0,0
8569,66.0,-1.0,-19.0,97.0,1
8573,59.0,-56.0,-67.0,94.0,0
8575,83.0,-8.0,-67.0,100.0,1
8582,74.0,-65.0,-50.0,100.0,1
8583,57.0,-90.0,-93.0,63.0,1
8586,83.0,-18.0,-75.0,100.0,1
8587,66.0,-33.0,-50.0,90.0,1
8590,91.0,-0.0,-25.0,100.0,1
8591,66.0,-33.0,-71.0,93.0,1
8594,89.0,-11.0,-20.0,100.0,1
8597,67.0,-39.0,-67.0,96.0,1
8598,69.0,-75.0,-80.0,56.0,0
8601,76.0,-20.0,-67.0,100.0,1
8606,69.0,-72.0,-46.0,80.0,0
8608,60.0,-68.0,-62.0,95.0,0
8613,60.0,-70.0,-83.0,97.0,0
8614,85.0,-36.0,-100.0,100.0,1
8615,63.0,-16.0,-56.0,94.0,1
8617,86.0,-5.0,-41.0,100.0,1
8625,89.0,-0.0,-30.0,100.0,1
8626,63.0,-11.0,-17.0,88.0,1
8627,91.0,-3.0,-20.0,100.0,1
8628,63.0,-71.0,-53.0,95.0,1
8632,65.0,-11.0,-35.0,96.0,1
8634,85.0,-10.0,-57.0,100.0,1
8636,68.0,-69.0,-83.0,100.0,1
8637,82.0,-20.0,-47.0,100.0,1
8638,89.0,-1.0,-29.0,100.0,1
8641,76.0,-37.0,-67.0,100.0,1
8643,77.0,-4.0,-60.0,95.0,1
8645,65.0,-24.0,-33.0,95.0,0
8649,70.0,-19.0,-75.0,100.0,0
8651,87.0,-25.0,-100.0,100.0,0
8652,71.0,-39.0,-75.0,96.0,1
8653,87.0,-1.0,-67.0,100.0,1
8655,70.0,-69.0,-100.0,100.0,1
8656,84.0,-10.0,-67.0,100.0,1
8657,83.0,-4.0,-56.0,100.0,1
8659,83.0,-1.0,-38.0,100.0,1
8662,84.0,-0.0,-27.0,100.0,1
8664,72.0,-13.0,-47.0,95.0,1
8665,76.0,-81.0,-100.0,100.0,0
8669,57.0,-11.0,-39.0,97.0,1
8671,84.0,-5.0,-67.0,100.0,1
8687,59.0,-105.0,-83.0,91.0,0
8693,81.0,-9.0,-83.0,100.0,1
8694,80.0,-1.0,-35.0,97.0,1
8697,76.0,-4.0,-20.0,89.0,0
8706,71.0,-34.0,-50.0,100.0,0
8707,67.0,-34.0,-67.0,33.0,0
8709,70.0,-57.0,-55.0,100.0,0
8710,66.0,-65.0,-33.0,95.0,0
8715,76.0,-44.0,-88.0,95.0,0
8716,58.0,-40.0,-93.0,81.0,0
8717,61.0,-99.0,-100.0,88.0,1
8718,89.0,-2.0,-80.0,100.0,1
8719,61.0,-43.0,-46.0,85.0,0
8722,67.0,-33.0,-83.0,87.0,0
8723,83.0,-5.0,-64.0,95.0,1
8724,63.0,-47.0,-67.0,94.0,0
8725,71.0,-32.0,-67.0,92.0,0
8726,55.0,-87.0,-100.0,67.0,0
8728,85.0,-2.0,-33.0,100.0,1
8731,65.0,-86.0,-100.0,92.0,0
8733,66.0,-79.0,-100.0,100.0,0
8737,68.0,-38.0,-64.0,100.0,0
8738,60.0,-18.0,-100.0,100.0,1
8741,71.0,-41.0,-73.0,96.0,0
8744,81.0,-0.0,-67.0,100.0,1
8747,78.0,-37.0,-82.0,100.0,0
8748,86.0,-0.0,-29.0,95.0,1
8756,63.0,-56.0,-69.0,89.0,1
8760,48.0,-77.0,-100.0,38.0,1
8761,70.0,-39.0,-63.0,92.0,0
8763,72.0,-76.0,-75.0,100.0,0
8764,76.0,-0.0,-40.0,100.0,0
8766,62.0,-35.0,-50.0,88.0,1
8778,82.0,-0.0,-23.0,97.0,1
8780,87.0,-0.0,-18.0,100.0,0
8782,57.0,-77.0,-86.0,75.0,0
8783,58.0,-3.0,-100.0,58.0,0
8784,70.0,-55.0,-71.0,100.0,1
8791,79.0,-0.0,-25.0,80.0,1
8792,72.0,-37.0,-67.0,100.0,1
8793,65.0,-21.0,-67.0,73.0,0
8798,70.0,-57.0,-90.0,100.0,0
8802,67.0,-53.0,-78.0,100.0,0
8805,84.0,-35.0,-57.0,100.0,1
8807,57.0,-98.0,-83.0,70.0,0
8808,76.0,-22.0,-81.0,100.0,0
8810,65.0,-83.0,-86.0,100.0,0
8811,68.0,-42.0,-67.0,94.0,1
8813,67.0,-99.0,-100.0,92.0,0
8815,89.0,-6.0,-67.0,100.0,1
8817,70.0,-15.0,-38.0,81.0,0
8818,89.0,-2.0,-83.0,100.0,1
8821,91.0,-8.0,-50.0,100.0,1
8822,74.0,-23.0,-61.0,100.0,0
8823,79.0,-32.0,-75.0,100.0,0
8826,65.0,-60.0,-91.0,96.0,0
8832,64.0,-52.0,-76.0,88.0,1
8833,70.0,-43.0,-56.0,100.0,1
8838,86.0,-2.0,-22.0,100.0,1
8840,70.0,-40.0,-86.0,90.0,1
8841,65.0,-12.0,-57.0,64.0,1
8847,82.0,-0.0,-38.0,100.0,1
8849,60.0,-48.0,-91.0,96.0,0
8853,72.0,-1.0,-29.0,85.0,1
8854,86.0,-3.0,-43.0,100.0,0
8856,78.0,-8.0,-25.0,85.0,1
8858,61.0,-15.0,-50.0,43.0,0
8862,74.0,-51.0,-33.0,93.0,1
8864,75.0,-36.0,-100.0,100.0,1
8866,71.0,-49.0,-80.0,94.0,1
8867,70.0,-23.0,-29.0,90.0,0
8870,88.0,-6.0,-100.0,100.0,1
8873,69.0,-44.0,-50.0,67.0,0
8876,78.0,-79.0,-67.0,100.0,0
8883,55.0,-93.0,-100.0,100.0,0
8887,84.0,-14.0,-64.0,100.0,1
8888,63.0,-81.0,-86.0,91.0,0
8889,79.0,-13.0,-63.0,90.0,0
8890,58.0,-73.0,-80.0,93.0,0
8891,57.0,-98.0,-100.0,89.0,0
8892,73.0,-7.0,-47.0,83.0,0
8895,68.0,-44.0,-67.0,96.0,0
8899,57.0,-92.0,-100.0,95.0,0
8900,61.0,-64.0,-80.0,92.0,0
8904,60.0,-28.0,-67.0,45.0,0
8905,80.0,-44.0,-83.0,100.0,0
8906,73.0,-15.0,-47.0,97.0,0
8907,66.0,-28.0,-78.0,79.0,0
8910,69.0,-72.0,-75.0,97.0,0
8911,61.0,-86.0,-93.0,97.0,0
8912,56.0,-100.0,-85.0,55.0,0
8913,62.0,-0.0,-50.0,71.0,0
8923,66.0,-30.0,-56.0,97.0,0
8924,72.0,-47.0,-56.0,85.0,0
8925,72.0,-54.0,-64.0,98.0,0
8926,70.0,-69.0,-65.0,100.0,1
8928,67.0,-22.0,-82.0,94.0,0
8929,61.0,-75.0,-86.0,94.0,1
8930,84.0,-21.0,-67.0,100.0,1
8931,73.0,-46.0,-69.0,100.0,1
8932,66.0,-80.0,-67.0,64.0,0
8934,88.0,-0.0,-50.0,100.0,1
8935,69.0,-83.0,-75.0,95.0,0
8948,85.0,-5.0,-35.0,100.0,1
8949,62.0,-69.0,-100.0,89.0,1
8954,68.0,-78.0,-80.0,100.0,0
8956,78.0,-3.0,-50.0,100.0,1
8958,74.0,-69.0,-90.0,100.0,0
8962,82.0,-4.0,-60.0,100.0,1
8963,73.0,-34.0,-73.0,97.0,1
8964,85.0,-4.0,-67.0,100.0,1
8965,65.0,-40.0,-80.0,100.0,0
8967,66.0,-24.0,-100.0,86.0,0
8974,84.0,-8.0,-43.0,95.0,1
8976,57.0,-60.0,-91.0,83.0,0
8979,62.0,-68.0,-89.0,87.0,0
8980,67.0,-68.0,-100.0,100.0,0
8981,85.0,-10.0,-50.0,100.0,1
8982,72.0,-80.0,-60.0,88.0,1
8984,84.0,-11.0,-86.0,95.0,1
8986,80.0,-13.0,-50.0,92.0,0
8988,58.0,-71.0,-100.0,100.0,0
8999,64.0,-64.0,-100.0,100.0,0
9004,66.0,-100.0,-100.0,89.0,1
9009,58.0,-60.0,-85.0,87.0,0
9019,61.0,-80.0,-88.0,88.0,0
9021,80.0,-34.0,-75.0,100.0,1
9023,65.0,-46.0,-85.0,89.0,1
9025,86.0,-21.0,-100.0,100.0,1
9027,74.0,-42.0,-69.0,89.0,0
9030,66.0,-69.0,-100.0,94.0,0
9032,90.0,-2.0,-71.0,100.0,1
9035,74.0,-53.0,-50.0,94.0,0
9041,61.0,-65.0,-88.0,78.0,0
9042,55.0,-69.0,-89.0,80.0,0
9043,89.0,-5.0,-67.0,100.0,1
9044,87.0,-0.0,-27.0,97.0,1
9047,57.0,-72.0,-80.0,89.0,0
9049,63.0,-51.0,-100.0,100.0,0
9053,61.0,-95.0,-100.0,50.0,0
9059,42.0,-23.0,-64.0,70.0,1
9063,71.0,-52.0,-83.0,100.0,1
9065,61.0,-80.0,-78.0,79.0,0
9067,84.0,-0.0,-56.0,100.0,1
9068,72.0,-38.0,-80.0,92.0,1
9069,57.0,-69.0,-95.0,98.0,0
9070,63.0,-66.0,-73.0,72.0,0
9072,56.0,-77.0,-71.0,81.0,0
9073,72.0,-75.0,-83.0,100.0,0
9075,74.0,-11.0,-80.0,96.0,0
9077,74.0,-47.0,-100.0,100.0,0
9078,66.0,-49.0,-79.0,100.0,0
9079,61.0,-39.0,-67.0,86.0,0
9083,77.0,-9.0,-78.0,100.0,1
9086,74.0,-20.0,-31.0,97.0,1
9088,63.0,-43.0,-69.0,100.0,0
9090,77.0,-4.0,-69.0,91.0,1
9092,61.0,-41.0,-71.0,87.0,0
9098,62.0,-58.0,-88.0,85.0,0
9100,58.0,-61.0,-80.0,80.0,0
9103,72.0,-38.0,-71.0,95.0,1
9106,54.0,-79.0,-100.0,83.0,0
9109,72.0,-66.0,-67.0,95.0,0
9114,71.0,-1.0,-64.0,89.0,1
9117,78.0,-17.0,-50.0,100.0,1
9118,72.0,-57.0,-45.0,97.0,1
9119,56.0,-74.0,-80.0,100.0,0
9120,68.0,-5.0,-50.0,95.0,0
9121,80.0,-22.0,-82.0,100.0,1
9124,81.0,-3.0,-36.0,100.0,1
9126,68.0,-66.0,-91.0,100.0,0
9128,74.0,-54.0,-88.0,100.0,0
9129,73.0,-31.0,-54.0,100.0,0
9131,80.0,-0.0,-58.0,96.0,0
9134,87.0,-7.0,-75.0,100.0,1
9139,71.0,-18.0,-33.0,87.0,0
9141,75.0,-25.0,-47.0,97.0,1
9144,67.0,-67.0,-100.0,92.0,1
9149,44.0,-58.0,-79.0,68.0,0
9155,70.0,-81.0,-100.0,100.0,0
9156,62.0,-54.0,-83.0,86.0,0
9161,84.0,-6.0,-40.0,94.0,1
9162,69.0,-44.0,-80.0,100.0,1
9168,70.0,-69.0,-71.0,100.0,0
9169,65.0,-9.0,-56.0,94.0,0
9171,61.0,-41.0,-60.0,70.0,0
9172,83.0,-8.0,-47.0,100.0,1
9178,65.0,-37.0,-60.0,96.0,0
9179,75.0,-65.0,-75.0,96.0,1
9180,83.0,-38.0,-76.0,100.0,0
9182,62.0,-62.0,-78.0,96.0,0
9183,63.0,-31.0,-50.0,82.0,0
9185,87.0,-1.0,-44.0,100.0,1
9188,68.0,-54.0,-63.0,100.0,0
9189,65.0,-66.0,-82.0,96.0,0
9191,73.0,-18.0,-83.0,100.0,1
9192,82.0,-9.0,-38.0,100.0,0
9195,70.0,-3.0,-50.0,57.0,0
9196,87.0,-9.0,-36.0,100.0,1
9197,60.0,-103.0,-100.0,94.0,0
9199,68.0,-47.0,-55.0,63.0,0
9203,84.0,-16.0,-71.0,100.0,1
9211,61.0,-92.0,-100.0,93.0,0
9212,88.0,-0.0,-40.0,100.0,1
9213,67.0,-60.0,-75.0,75.0,0
9214,59.0,-61.0,-60.0,90.0,0
9217,71.0,-49.0,-82.0,100.0,0
9218,72.0,-27.0,-100.0,93.0,1
9219,72.0,-56.0,-67.0,91.0,0
9221,79.0,-33.0,-53.0,100.0,1
9222,56.0,-53.0,-71.0,93.0,0
9223,85.0,-3.0,-60.0,93.0,1
9224,69.0,-17.0,-80.0,100.0,1
9225,59.0,-47.0,-100.0,82.0,0
9226,75.0,-64.0,-50.0,96.0,0
9229,69.0,-42.0,-75.0,100.0,0
9230,68.0,-16.0,-43.0,90.0,1
9232,70.0,-43.0,-100.0,100.0,0
9233,65.0,-93.0,-60.0,98.0,1
9234,77.0,-14.0,-38.0,96.0,1
9241,83.0,-12.0,-80.0,100.0,1
9242,60.0,-26.0,-89.0,82.0,1
9243,67.0,-18.0,-44.0,88.0,1
9246,77.0,-12.0,-50.0,71.0,1
9247,74.0,-34.0,-75.0,95.0,0
9250,78.0,-34.0,-33.0,100.0,1
9252,91.0,-2.0,-50.0,100.0,1
9254,63.0,-26.0,-75.0,69.0,0
9255,79.0,-33.0,-69.0,100.0,1
9258,72.0,-21.0,-88.0,96.0,1
9262,85.0,-10.0,-80.0,100.0,0
9264,68.0,-62.0,-60.0,97.0,1
9267,72.0,-22.0,-77.0,97.0,1
9270,67.0,-37.0,-46.0,82.0,1
9271,89.0,-0.0,-44.0,100.0,1
9273,87.0,-3.0,-67.0,100.0,0
9274,75.0,-2.0,-50.0,78.0,1
9275,65.0,-0.0,-67.0,76.0,0
9277,68.0,-9.0,-80.0,95.0,0
9280,60.0,-59.0,-73.0,95.0,1
9285,89.0,-0.0,-44.0,100.0,1
9287,55.0,-16.0,-56.0,83.0,0
9291,76.0,-48.0,-78.0,97.0,1
9292,84.0,-3.0,-71.0,95.0,1
9299,86.0,-4.0,-55.0,100.0,1
9300,83.0,-0.0,-20.0,93.0,1
9302,74.0,-58.0,-57.0,95.0,1
9305,64.0,-3.0,-33.0,100.0,1
9306,83.0,-0.0,-25.0,94.0,1
9308,90.0,-2.0,-20.0,100.0,1
9311,66.0,-63.0,-80.0,100.0,1
9312,70.0,-69.0,-95.0,98.0,0
9313,87.0,-0.0,-50.0,92.0,1
9314,86.0,-10.0,-57.0,100.0,1
9315,68.0,-55.0,-90.0,89.0,1
9319,65.0,-36.0,-89.0,85.0,1
9320,86.0,-11.0,-55.0,100.0,1
9323,82.0,-21.0,-48.0,100.0,1
9326,85.0,-0.0,-50.0,100.0,0
9328,91.0,-1.0,-60.0,100.0,1
9329,85.0,-19.0,-57.0,98.0,0
9337,75.0,-1.0,-75.0,100.0,1
9338,87.0,-2.0,-58.0,100.0,1
9344,69.0,-78.0,-91.0,100.0,0
9347,86.0,-12.0,-100.0,100.0,0
9349,73.0,-1.0,-50.0,92.0,0
9350,61.0,-80.0,-83.0,100.0,0
9352,60.0,-62.0,-73.0,80.0,1
9353,69.0,-48.0,-75.0,100.0,0
9356,69.0,-31.0,-58.0,100.0,1
9357,59.0,-63.0,-100.0,78.0,0
9360,85.0,-2.0,-33.0,86.0,1
9361,81.0,-4.0,-57.0,91.0,0
9363,91.0,-1.0,-75.0,100.0,1
9365,72.0,-0.0,-50.0,100.0,0
9374,63.0,-12.0,-47.0,97.0,1
9375,75.0,-0.0,-75.0,95.0,1
9377,85.0,-6.0,-36.0,100.0,1
9378,88.0,-10.0,-44.0,97.0,1
9379,80.0,-19.0,-58.0,93.0,1
9380,79.0,-59.0,-71.0,100.0,1
9383,85.0,-3.0,-50.0,100.0,1
9387,82.0,-5.0,-40.0,87.0,1
9388,82.0,-19.0,-50.0,100.0,1
9389,65.0,-33.0,-100.0,75.0,0
9390,70.0,-21.0,-75.0,100.0,0
9394,83.0,-6.0,-87.0,100.0,1
9395,80.0,-45.0,-83.0,100.0,1
9396,84.0,-1.0,-60.0,100.0,1
9401,84.0,-12.0,-75.0,100.0,1
9403,80.0,-14.0,-54.0,92.0,1
9404,65.0,-59.0,-62.0,100.0,1
9405,88.0,-5.0,-67.0,100.0,1
9406,77.0,-2.0,-63.0,89.0,1
9410,79.0,-35.0,-36.0,100.0,1
9413,72.0,-53.0,-100.0,95.0,0
9414,66.0,-46.0,-62.0,90.0,1
9415,60.0,-60.0,-85.0,90.0,1
9417,67.0,-4.0,-83.0,89.0,0
9418,62.0,-37.0,-93.0,97.0,0
9419,91.0,-0.0,-50.0,100.0,0
9422,61.0,-232.0,-100.0,100.0,0
9424,57.0,-98.0,-89.0,81.0,0
9426,70.0,-28.0,-79.0,100.0,1
9427,76.0,-56.0,-100.0,100.0,1
9429,66.0,-37.0,-65.0,87.0,0
9430,83.0,-1.0,-63.0,100.0,0
9431,71.0,-72.0,-92.0,96.0,0
9432,72.0,-18.0,-71.0,100.0,0
9434,72.0,-69.0,-83.0,93.0,1
9435,68.0,-41.0,-82.0,90.0,1
9438,76.0,-6.0,-83.0,100.0,0
9439,65.0,-76.0,-100.0,88.0,1
9446,62.0,-39.0,-62.0,82.0,0
9447,57.0,-93.0,-86.0,67.0,1
9451,74.0,-55.0,-58.0,96.0,0
9453,88.0,-2.0,-40.0,90.0,0
9455,68.0,-27.0,-100.0,86.0,0
9460,82.0,-0.0,-20.0,68.0,0
9461,68.0,-49.0,-88.0,100.0,0
9462,41.0,-70.0,-88.0,74.0,0
9465,67.0,-5.0,-45.0,72.0,0
9466,66.0,-48.0,-83.0,93.0,0
9467,59.0,-70.0,-93.0,100.0,0
9468,72.0,-0.0,-0.0,50.0,1
9472,72.0,-85.0,-100.0,100.0,0
9473,59.0,-54.0,-63.0,89.0,0
9475,73.0,-33.0,-69.0,86.0,0
9477,64.0,-44.0,-73.0,73.0,0
9478,71.0,-23.0,-71.0,90.0,0
9480,87.0,-0.0,-33.0,100.0,1
9482,67.0,-94.0,-100.0,90.0,0
9483,69.0,-50.0,-91.0,100.0,0
9486,74.0,-29.0,-83.0,93.0,0
9487,70.0,-0.0,-80.0,88.0,0
9488,58.0,-36.0,-75.0,83.0,0
9491,76.0,-8.0,-56.0,97.0,1
9495,87.0,-1.0,-56.0,100.0,1
9498,69.0,-51.0,-86.0,100.0,1
9500,78.0,-4.0,-60.0,82.0,1
9504,69.0,-47.0,-100.0,88.0,0
9505,69.0,-36.0,-56.0,86.0,1
9509,80.0,-48.0,-50.0,92.0,0
9510,64.0,-95.0,-75.0,86.0,1
9511,63.0,-64.0,-100.0,100.0,0
9512,88.0,-0.0,-100.0,100.0,0
9513,70.0,-17.0,-60.0,94.0,0
9516,56.0,-93.0,-90.0,80.0,0
9518,54.0,-90.0,-83.0,55.0,0
9520,61.0,-81.0,-100.0,77.0,0
9521,55.0,-76.0,-100.0,75.0,0
9522,92.0,-0.0,-50.0,100.0,1
9523,71.0,-19.0,-89.0,100.0,1
9525,82.0,-1.0,-33.0,94.0,0
9528,66.0,-0.0,-33.0,87.0,0
9529,66.0,-68.0,-89.0,86.0,0
9530,72.0,-38.0,-62.0,100.0,1
9531,69.0,-48.0,-27.0,74.0,0
9533,56.0,-49.0,-67.0,71.0,0
9536,82.0,-3.0,-55.0,96.0,1
9537,67.0,-14.0,-67.0,89.0,0
9538,59.0,-83.0,-91.0,94.0,0
9540,67.0,-38.0,-83.0,71.0,0
9542,85.0,-4.0,-25.0,100.0,1
9544,79.0,-35.0,-75.0,100.0,1
9545,78.0,-43.0,-60.0,100.0,1
9546,88.0,-14.0,-67.0,100.0,1
9547,67.0,-79.0,-92.0,97.0,0
9552,57.0,-32.0,-71.0,91.0,0
9554,59.0,-58.0,-91.0,87.0,0
9555,61.0,-68.0,-85.0,93.0,1
9558,63.0,-110.0,-100.0,75.0,0
9561,67.0,-51.0,-83.0,93.0,0
9565,62.0,-59.0,-100.0,63.0,0
9567,84.0,-9.0,-53.0,100.0,1
9572,60.0,-89.0,-81.0,100.0,0
9573,81.0,-34.0,-45.0,100.0,1
9575,67.0,-21.0,-100.0,88.0,1
9576,82.0,-29.0,-54.0,100.0,1
9577,75.0,-14.0,-71.0,96.0,1
9578,64.0,-51.0,-67.0,93.0,0
9579,77.0,-1.0,-25.0,89.0,1
9581,83.0,-17.0,-47.0,100.0,1
9582,56.0,-64.0,-69.0,90.0,0
9583,72.0,-80.0,-100.0,100.0,0
9584,68.0,-19.0,-71.0,96.0,1
9588,77.0,-36.0,-67.0,100.0,0
9589,88.0,-10.0,-57.0,100.0,1
9595,78.0,-22.0,-70.0,96.0,1
9597,55.0,-103.0,-100.0,67.0,0
9598,84.0,-0.0,-67.0,100.0,0
9603,89.0,-5.0,-75.0,100.0,1
9604,54.0,-76.0,-90.0,69.0,0
9605,65.0,-56.0,-67.0,91.0,0
9606,62.0,-57.0,-89.0,95.0,0
9608,80.0,-47.0,-88.0,100.0,1
9609,68.0,-0.0,-67.0,73.0,1
9610,68.0,-4.0,-33.0,71.0,1
9612,77.0,-20.0,-80.0,100.0,1
9616,80.0,-44.0,-80.0,100.0,1
9619,66.0,-54.0,-89.0,94.0,0
9620,71.0,-54.0,-70.0,100.0,1
9621,84.0,-0.0,-50.0,100.0,1
9622,83.0,-20.0,-50.0,100.0,1
9627,66.0,-86.0,-80.0,94.0,0
9628,55.0,-78.0,-83.0,71.0,0
9629,84.0,-0.0,-20.0,100.0,0
9634,65.0,-26.0,-86.0,76.0,0
9636,76.0,-22.0,-67.0,100.0,1
9639,58.0,-76.0,-100.0,67.0,0
9641,82.0,-6.0,-80.0,100.0,1
9642,71.0,-18.0,-80.0,92.0,0
9643,71.0,-21.0,-73.0,95.0,0
9644,61.0,-75.0,-100.0,91.0,0
9647,89.0,-2.0,-75.0,100.0,1
9648,82.0,-1.0,-86.0,87.0,1
9649,82.0,-15.0,-69.0,100.0,1
9651,63.0,-45.0,-88.0,92.0,0
9653,78.0,-5.0,-50.0,100.0,1
9654,81.0,-5.0,-60.0,100.0,1
9659,75.0,-1.0,-45.0,98.0,1
9661,85.0,-1.0,-56.0,100.0,1
9666,68.0,-0.0,-85.0,91.0,1
9668,89.0,-0.0,-20.0,100.0,1
9670,63.0,-10.0,-46.0,100.0,1
9679,66.0,-93.0,-100.0,65.0,1
9680,69.0,-23.0,-78.0,91.0,1
9682,90.0,-15.0,-38.0,100.0,1
9683,85.0,-14.0,-80.0,100.0,1
9686,80.0,-8.0,-33.0,100.0,1
9689,88.0,-0.0,-75.0,100.0,1
9691,80.0,-25.0,-75.0,100.0,0
9695,84.0,-1.0,-40.0,100.0,1
9697,82.0,-10.0,-50.0,96.0,1
9701,62.0,-34.0,-67.0,85.0,0
9703,81.0,-15.0,-53.0,100.0,1
9704,73.0,-51.0,-43.0,96.0,1
9705,79.0,-22.0,-55.0,100.0,1
9706,83.0,-45.0,-40.0,100.0,1
9710,65.0,-5.0,-60.0,89.0,1
9712,90.0,-0.0,-50.0,100.0,1
9714,69.0,-34.0,-67.0,95.0,0
9716,73.0,-8.0,-100.0,100.0,1
9718,86.0,-16.0,-50.0,100.0,1
9722,72.0,-35.0,-67.0,97.0,1
9724,77.0,-29.0,-45.0,97.0,1
9727,76.0,-4.0,-67.0,89.0,1
9728,69.0,-2.0,-38.0,78.0,1
9730,77.0,-12.0,-75.0,89.0,1
9732,87.0,-10.0,-60.0,100.0,1
9733,61.0,-20.0,-40.0,74.0,0
9735,80.0,-4.0,-26.0,100.0,1
9736,80.0,-0.0,-33.0,100.0,1
9738,88.0,-9.0,-50.0,100.0,1
9739,88.0,-0.0,-38.0,100.0,1
9742,89.0,-9.0,-78.0,100.0,1
9743,84.0,-13.0,-50.0,100.0,1
9744,74.0,-30.0,-100.0,96.0,0
9750,73.0,-29.0,-67.0,91.0,0
9751,74.0,-3.0,-19.0,97.0,1
9752,71.0,-76.0,-80.0,93.0,0
9755,61.0,-48.0,-92.0,94.0,0
9758,76.0,-49.0,-86.0,100.0,0
9760,50.0,-69.0,-63.0,84.0,0
9762,79.0,-30.0,-33.0,100.0,1
9763,86.0,-2.0,-57.0,100.0,1
9764,58.0,-94.0,-100.0,100.0,0
9767,81.0,-35.0,-100.0,100.0,0
9769,77.0,-0.0,-43.0,90.0,0
9771,60.0,-91.0,-100.0,87.0,0
9772,64.0,-47.0,-83.0,85.0,0
9773,86.0,-18.0,-75.0,100.0,0
9774,56.0,-42.0,-71.0,78.0,0
9776,61.0,-70.0,-46.0,95.0,0
9777,74.0,-37.0,-83.0,100.0,0
9779,80.0,-25.0,-77.0,100.0,1
9782,73.0,-13.0,-35.0,100.0,1
9783,73.0,-18.0,-83.0,96.0,0
9784,81.0,-20.0,-29.0,77.0,1
9787,65.0,-25.0,-67.0,91.0,0
9792,90.0,-10.0,-54.0,100.0,1
9794,68.0,-89.0,-75.0,100.0,0
9802,72.0,-5.0,-58.0,96.0,0
9804,61.0,-97.0,-80.0,71.0,0
9805,81.0,-1.0,-50.0,95.0,1
9806,75.0,-41.0,-86.0,100.0,0
9808,67.0,-83.0,-100.0,100.0,0
9813,61.0,-22.0,-71.0,83.0,0
9814,59.0,-54.0,-65.0,93.0,1
9818,73.0,-35.0,-92.0,100.0,1
9819,63.0,-66.0,-80.0,86.0,0
9821,90.0,-1.0,-15.0,100.0,1
9822,74.0,-6.0,-29.0,86.0,0
9823,87.0,-4.0,-47.0,100.0,1
9825,88.0,-3.0,-64.0,100.0,1
9829,73.0,-22.0,-63.0,100.0,0
9830,84.0,-36.0,-80.0,100.0,0
9831,65.0,-86.0,-78.0,84.0,0
9832,65.0,-22.0,-63.0,79.0,0
9834,68.0,-9.0,-47.0,100.0,1
9839,75.0,-29.0,-43.0,100.0,0
9840,61.0,-86.0,-80.0,81.0,0
9841,61.0,-95.0,-100.0,95.0,1
9842,82.0,-35.0,-40.0,100.0,0
9843,78.0,-30.0,-67.0,89.0,1
9844,87.0,-10.0,-89.0,100.0,0
9848,76.0,-3.0,-36.0,86.0,1
9850,83.0,-5.0,-42.0,100.0,1
9852,85.0,-0.0,-23.0,100.0,1
9855,80.0,-18.0,-40.0,94.0,1
9857,72.0,-31.0,-38.0,100.0,0
9858,61.0,-45.0,-67.0,89.0,0
9860,55.0,-57.0,-64.0,83.0,0
9861,75.0,-18.0,-62.0,95.0,0
9863,68.0,-95.0,-100.0,100.0,1
9864,87.0,-3.0,-56.0,100.0,0
9867,85.0,-13.0,-67.0,100.0,1
9868,64.0,-88.0,-92.0,97.0,0
9869,86.0,-9.0,-80.0,100.0,1
9871,82.0,-65.0,-80.0,100.0,1
9872,66.0,-49.0,-45.0,98.0,0
9873,72.0,-21.0,-58.0,100.0,1
9874,74.0,-0.0,-57.0,100.0,1
9876,74.0,-3.0,-25.0,89.0,1
9879,81.0,-0.0,-33.0,92.0,0
9883,60.0,-64.0,-80.0,50.0,0
9884,78.0,-11.0,-67.0,100.0,0
9885,63.0,-48.0,-91.0,75.0,1
9886,64.0,-21.0,-55.0,92.0,0
9890,70.0,-49.0,-75.0,81.0,0
9893,54.0,-81.0,-100.0,50.0,1
9898,84.0,-2.0,-17.0,95.0,0
9899,83.0,-12.0,-71.0,100.0,1
9900,61.0,-43.0,-70.0,96.0,0
9904,71.0,-33.0,-60.0,93.0,0
9905,86.0,-14.0,-33.0,100.0,1
9906,69.0,-51.0,-80.0,75.0,0
9909,59.0,-64.0,-100.0,84.0,0
9910,72.0,-16.0,-43.0,95.0,0
9913,73.0,-15.0,-69.0,91.0,1
9914,78.0,-3.0,-33.0,78.0,0
9918,74.0,-44.0,-75.0,100.0,0
9919,56.0,-81.0,-71.0,91.0,0
9921,56.0,-21.0,-60.0,50.0,1
9923,66.0,-79.0,-83.0,95.0,0
9925,83.0,-2.0,-21.0,100.0,1
9927,87.0,-1.0,-38.0,100.0,1
9928,61.0,-41.0,-44.0,64.0,0
9929,80.0,-26.0,-60.0,100.0,1
9932,72.0,-78.0,-75.0,86.0,0
9934,57.0,-8.0,-67.0,69.0,0
9941,76.0,-35.0,-60.0,100.0,0
9944,56.0,-112.0,-89.0,83.0,0
9945,76.0,-33.0,-67.0,100.0,1
9946,65.0,-49.0,-75.0,95.0,0
9947,58.0,-98.0,-93.0,78.0,1
9950,63.0,-98.0,-100.0,94.0,0
9951,80.0,-0.0,-43.0,92.0,1
9954,59.0,-37.0,-58.0,91.0,0
9955,77.0,-20.0,-56.0,93.0,1
9958,59.0,-106.0,-100.0,100.0,0
9962,82.0,-29.0,-57.0,100.0,1
9965,79.0,-50.0,-70.0,96.0,1
9967,80.0,-15.0,-80.0,91.0,1
9968,75.0,-14.0,-100.0,75.0,1
9970,86.0,-13.0,-86.0,100.0,1
9972,88.0,-8.0,-40.0,100.0,1
9982,75.0,-41.0,-75.0,100.0,1
9983,67.0,-86.0,-67.0,100.0,0
9988,68.0,-13.0,-100.0,60.0,0
9989,78.0,-47.0,-60.0,100.0,1
9993,82.0,-2.0,-50.0,100.0,1
9994,58.0,-35.0,-100.0,71.0,1
10001,59.0,-32.0,-64.0,82.0,0
10002,85.0,-34.0,-60.0,100.0,1
10003,76.0,-0.0,-50.0,100.0,0
10004,60.0,-107.0,-60.0,90.0,0
10006,76.0,-67.0,-50.0,100.0,1
10007,59.0,-73.0,-67.0,100.0,0
10013,75.0,-0.0,-33.0,92.0,1
10016,85.0,-5.0,-50.0,100.0,1
10017,67.0,-65.0,-79.0,100.0,0
10019,76.0,-91.0,-78.0,100.0,0
10020,78.0,-3.0,-50.0,100.0,0
10021,77.0,-11.0,-79.0,100.0,0
10024,56.0,-87.0,-100.0,90.0,0
10025,69.0,-95.0,-100.0,100.0,0
10027,67.0,-50.0,-80.0,86.0,1
10032,73.0,-77.0,-83.0,100.0,1
10035,68.0,-86.0,-100.0,100.0,0
10036,76.0,-76.0,-67.0,100.0,1
10037,74.0,-6.0,-42.0,88.0,1
10038,68.0,-52.0,-83.0,100.0,0
10042,78.0,-32.0,-57.0,100.0,1
10044,81.0,-4.0,-56.0,100.0,0
10046,63.0,-21.0,-78.0,79.0,0
10047,79.0,-2.0,-67.0,100.0,0
10049,81.0,-19.0,-33.0,92.0,0
10051,42.0,-92.0,-100.0,69.0,0
10055,75.0,-27.0,-80.0,95.0,1
10058,90.0,-0.0,-60.0,100.0,0
10059,67.0,-81.0,-100.0,92.0,0
10060,81.0,-42.0,-60.0,100.0,1
10064,77.0,-31.0,-83.0,96.0,1
10066,73.0,-0.0,-43.0,100.0,1
10068,80.0,-7.0,-26.0,100.0,1
10071,60.0,-99.0,-100.0,88.0,0
10072,88.0,-3.0,-56.0,100.0,1
10074,56.0,-100.0,-100.0,100.0,0
10075,57.0,-17.0,-44.0,90.0,1
10078,62.0,-91.0,-100.0,76.0,0
10079,80.0,-0.0,-0.0,90.0,1
10082,66.0,-82.0,-67.0,93.0,1
10086,65.0,-102.0,-100.0,100.0,0
10089,78.0,-24.0,-67.0,100.0,1
10091,80.0,-3.0,-38.0,100.0,1
10097,62.0,-20.0,-71.0,84.0,1
10101,84.0,-16.0,-86.0,100.0,1
10103,90.0,-0.0,-25.0,100.0,1
10105,84.0,-2.0,-45.0,100.0,1
10106,76.0,-33.0,-38.0,100.0,1
10109,77.0,-19.0,-56.0,100.0,0
10113,65.0,-25.0,-44.0,93.0,1
10114,63.0,-15.0,-83.0,83.0,0
10115,59.0,-66.0,-67.0,90.0,1
10116,58.0,-51.0,-65.0,83.0,0
10117,56.0,-55.0,-91.0,75.0,0
10118,83.0,-19.0,-60.0,100.0,1
10123,84.0,-16.0,-75.0,100.0,1
10126,83.0,-13.0,-75.0,100.0,0
10128,84.0,-16.0,-67.0,100.0,1
10129,59.0,-43.0,-70.0,82.0,0
10130,69.0,-117.0,-75.0,90.0,1
10132,66.0,-3.0,-50.0,88.0,0
10136,65.0,-33.0,-50.0,92.0,0
10138,68.0,-36.0,-55.0,91.0,1
10139,85.0,-2.0,-40.0,100.0,1
10142,79.0,-16.0,-46.0,100.0,1
10147,85.0,-9.0,-36.0,100.0,1
10148,70.0,-58.0,-71.0,93.0,1
10150,65.0,-70.0,-93.0,100.0,1
10152,63.0,-52.0,-78.0,67.0,1
10153,71.0,-47.0,-50.0,100.0,0
10154,73.0,-25.0,-66.0,97.0,1
10157,88.0,-1.0,-60.0,100.0,1
10160,88.0,-6.0,-50.0,100.0,1
10161,66.0,-43.0,-94.0,83.0,1
10165,87.0,-3.0,-44.0,100.0,1
10166,83.0,-2.0,-67.0,85.0,1
10167,90.0,-51.0,-29.0,100.0,1
10168,76.0,-5.0,-33.0,82.0,1
10171,83.0,-44.0,-60.0,100.0,1
10176,63.0,-62.0,-67.0,100.0,0
10177,55.0,-52.0,-100.0,77.0,0
10178,88.0,-7.0,-71.0,100.0,1
10179,88.0,-6.0,-80.0,100.0,1
10182,69.0,-19.0,-50.0,88.0,0
10183,79.0,-49.0,-88.0,100.0,1
10186,72.0,-33.0,-31.0,85.0,0
10187,62.0,-57.0,-100.0,62.0,0
10189,70.0,-53.0,-60.0,100.0,1
10190,70.0,-33.0,-75.0,100.0,0
10192,62.0,-68.0,-78.0,52.0,0
10201,79.0,-11.0,-60.0,95.0,1
10202,62.0,-25.0,-86.0,78.0,1
10204,83.0,-20.0,-43.0,100.0,1
10205,64.0,-51.0,-67.0,89.0,0
10207,79.0,-8.0,-46.0,100.0,1
10208,67.0,-26.0,-87.0,100.0,0
10213,80.0,-0.0,-50.0,100.0,0
10218,82.0,-6.0,-64.0,100.0,1
10219,86.0,-6.0,-100.0,100.0,1
10222,63.0,-0.0,-50.0,76.0,0
10229,80.0,-11.0,-31.0,100.0,1
10233,64.0,-46.0,-60.0,50.0,0
10234,65.0,-84.0,-89.0,87.0,0
10238,88.0,-1.0,-25.0,100.0,1
10241,53.0,-64.0,-77.0,61.0,0
10243,86.0,-11.0,-60.0,100.0,1
10244,81.0,-8.0,-38.0,92.0,1
10246,79.0,-37.0,-80.0,100.0,1
10247,69.0,-34.0,-48.0,100.0,1
10249,69.0,-10.0,-64.0,85.0,0
10252,60.0,-13.0,-83.0,62.0,0
10253,79.0,-6.0,-60.0,100.0,1
10256,82.0,-0.0,-25.0,100.0,1
10268,72.0,-38.0,-67.0,96.0,1
10269,72.0,-25.0,-50.0,92.0,1
10272,80.0,-2.0,-67.0,100.0,1
10273,73.0,-18.0,-75.0,100.0,1
10274,80.0,-12.0,-42.0,100.0,1
10277,77.0,-36.0,-71.0,97.0,1
10278,89.0,-6.0,-57.0,100.0,1
10280,67.0,-7.0,-43.0,96.0,1
10281,62.0,-97.0,-100.0,80.0,0
10282,55.0,-23.0,-80.0,71.0,0
10285,85.0,-1.0,-36.0,100.0,1
10288,84.0,-5.0,-56.0,100.0,1
10289,75.0,-63.0,-100.0,100.0,0
10290,84.0,-16.0,-75.0,100.0,1
10294,60.0,-100.0,-100.0,97.0,0
10300,75.0,-22.0,-42.0,97.0,1
10306,63.0,-9.0,-25.0,71.0,0
10307,74.0,-8.0,-55.0,86.0,1
10309,67.0,-48.0,-94.0,100.0,1
10311,61.0,-30.0,-60.0,97.0,1
10312,87.0,-4.0,-39.0,98.0,1
10313,78.0,-14.0,-50.0,98.0,1
10314,78.0,-11.0,-69.0,100.0,1
10315,72.0,-27.0,-57.0,94.0,1
10317,65.0,-43.0,-75.0,71.0,1
10319,83.0,-9.0,-44.0,100.0,1
10320,83.0,-0.0,-71.0,100.0,1
10325,64.0,-43.0,-100.0,81.0,1
10334,70.0,-44.0,-38.0,63.0,1
10336,55.0,-66.0,-100.0,91.0,0
10338,75.0,-37.0,-64.0,100.0,1
10343,86.0,-18.0,-42.0,100.0,1
10346,77.0,-45.0,-60.0,100.0,1
10349,82.0,-12.0,-44.0,100.0,1
10350,76.0,-25.0,-80.0,93.0,1
10353,62.0,-18.0,-71.0,75.0,1
10355,76.0,-27.0,-100.0,93.0,1
10356,59.0,-73.0,-86.0,70.0,0
10358,75.0,-34.0,-56.0,100.0,1
10361,65.0,-11.0,-55.0,96.0,1
10362,80.0,-34.0,-73.0,100.0,1
10365,64.0,-75.0,-76.0,100.0,0
10366,71.0,-63.0,-56.0,100.0,1
10369,85.0,-42.0,-44.0,100.0,1
10370,68.0,-79.0,-83.0,97.0,0
10372,73.0,-38.0,-44.0,100.0,1
10375,81.0,-9.0,-65.0,100.0,1
10380,79.0,-24.0,-71.0,100.0,0
10383,81.0,-18.0,-57.0,100.0,1
10384,72.0,-44.0,-75.0,96.0,1
10385,63.0,-52.0,-68.0,100.0,0
10386,80.0,-33.0,-50.0,100.0,1
10389,68.0,-90.0,-100.0,89.0,1
10393,81.0,-22.0,-63.0,100.0,1
10395,86.0,-24.0,-60.0,100.0,1
10397,82.0,-7.0,-78.0,100.0,1
10404,79.0,-41.0,-50.0,100.0,1
10405,83.0,-33.0,-67.0,100.0,1
10406,72.0,-56.0,-83.0,100.0,1
10411,87.0,-17.0,-75.0,100.0,1
10414,83.0,-5.0,-60.0,100.0,1
10415,82.0,-22.0,-67.0,100.0,1
10416,78.0,-0.0,-0.0,90.0,1
10417,80.0,-30.0,-63.0,100.0,1
10423,81.0,-15.0,-63.0,96.0,1
10425,80.0,-27.0,-100.0,100.0,0
10428,73.0,-87.0,-75.0,100.0,1
10434,82.0,-2.0,-31.0,100.0,1
10435,84.0,-13.0,-100.0,100.0,1
10438,79.0,-15.0,-44.0,100.0,1
10439,79.0,-1.0,-32.0,97.0,1
10440,75.0,-27.0,-64.0,100.0,1
10442,92.0,-1.0,-40.0,100.0,1
10443,76.0,-33.0,-80.0,95.0,1
10444,76.0,-40.0,-71.0,100.0,0
10445,84.0,-14.0,-36.0,100.0,1
10448,80.0,-2.0,-67.0,80.0,1
10449,57.0,-93.0,-100.0,89.0,1
10450,84.0,-10.0,-70.0,100.0,1
10451,79.0,-1.0,-60.0,100.0,1
10453,75.0,-34.0,-53.0,83.0,0
10455,65.0,-86.0,-80.0,92.0,0
10457,72.0,-19.0,-38.0,96.0,0
