row_id,decile1b,decile3,lsat,ugpa,zfygpa,zgpa,fam_inc,tier,pass_bar
0,10.0,10.0,44.0,3.5,1.33,1.88,5.0,4.0,1
1,5.0,4.0,29.0,3.5,-0.11,-0.57,4.0,2.0,1
3,8.0,7.0,43.0,3.3,0.67,0.34,4.0,4.0,1
6,4.0,4.0,34.0,3.3,-0.32,-0.38,4.0,3.0,0
7,2.0,3.0,35.0,3.2,-0.92,-0.72,4.0,2.0,0
8,5.0,5.0,40.0,2.4,-0.05,-0.03,3.0,4.0,0
11,2.0,3.0,32.5,3.2,-0.76,-0.56,4.0,5.0,1
12,9.0,9.0,32.5,2.4,1.04,1.09,3.0,1.0,1
13,7.0,8.0,23.0,2.8,0.56,0.87,3.0,1.0,1
18,8.0,7.0,40.0,3.7,0.67,0.4,4.0,4.0,1
19,1.0,2.0,22.0,2.7,-1.8,-1.13,4.0,3.0,1
20,10.0,9.0,48.0,3.7,1.94,0.98,4.0,5.0,1
21,3.0,2.0,36.0,2.9,-0.53,-1.05,4.0,3.0,0
22,3.0,2.0,36.0,3.1,-0.67,-0.9,3.0,4.0,1
26,3.0,1.0,36.0,3.4,-0.6,-1.63,2.0,5.0,1
29,4.0,5.0,39.0,2.7,-0.39,-0.07,3.0,3.0,1
31,6.0,7.0,38.0,3.0,0.14,0.53,3.0,3.0,1
32,10.0,10.0,32.0,4.0,1.68,1.33,3.0,4.0,1
34,2.0,1.0,29.0,2.5,-1.08,-1.46,3.0,5.0,1
36,1.0,2.0,27.0,2.5,-1.4,-1.08,3.0,3.0,1
38,10.0,10.0,45.0,3.7,1.51,1.69,3.0,4.0,1
39,4.0,5.0,36.0,3.9,-0.45,-0.04,4.0,6.0,1
40,2.0,2.0,34.0,2.5,-1.14,-0.93,4.0,4.0,0
42,3.0,4.0,35.0,3.1,-0.67,-0.28,3.0,5.0,1
44,2.0,2.0,42.0,3.3,-1.06,-1.13,3.0,4.0,1
46,8.0,10.0,25.0,3.7,0.6,1.72,3.0,5.0,1
53,4.0,4.0,38.0,3.0,-0.45,-0.27,5.0,5.0,1
55,7.0,6.0,31.0,3.3,0.55,0.08,4.0,2.0,1
57,6.0,8.0,34.0,3.2,0.16,0.63,4.0,3.0,1
58,5.0,5.0,37.0,3.0,-0.11,-0.23,3.0,3.0,1
64,4.0,4.0,36.0,3.3,-0.39,-0.35,4.0,3.0,1
65,9.0,9.0,36.0,2.9,0.91,1.2,4.0,3.0,1
67,6.0,5.0,35.0,3.1,0.31,-0.01,5.0,4.0,1
71,2.0,2.0,32.0,3.0,-1.02,-1.33,3.0,4.0,0
73,2.0,3.0,34.5,3.3,-0.95,-0.8,4.0,6.0,1
76,9.0,8.0,34.0,2.9,1.31,0.64,2.0,4.0,1
78,7.0,9.0,39.0,3.4,0.36,1.23,3.0,5.0,1
80,2.0,2.0,32.0,3.9,-0.88,-1.14,4.0,2.0,1
82,8.0,10.0,35.0,2.9,0.8,1.53,3.0,5.0,1
83,3.0,5.0,34.0,2.9,-0.36,-0.08,2.0,1.0,1
86,4.0,4.0,38.0,3.6,-0.4,-0.46,4.0,4.0,1
87,3.0,3.0,37.0,3.2,-0.65,-0.59,3.0,4.0,1
88,5.0,7.0,41.0,3.8,0.02,0.33,3.0,6.0,1
89,9.0,8.0,32.0,3.1,1.04,0.64,3.0,3.0,1
91,7.0,9.0,40.0,3.4,0.55,1.01,4.0,4.0,1
92,8.0,5.0,37.0,2.7,0.61,-0.27,3.0,3.0,1
93,4.0,4.0,44.0,3.4,-0.31,-0.35,3.0,6.0,1
94,9.0,9.0,41.0,3.4,0.89,0.94,4.0,2.0,1
96,7.0,8.0,41.5,3.2,0.43,0.73,3.0,5.0,1
97,1.0,2.0,41.0,2.9,-1.13,-0.94,4.0,3.0,1
98,4.0,7.0,40.0,3.8,-0.41,0.46,3.0,5.0,1
99,10.0,3.0,28.3,3.1,1.54,-0.82,2.0,5.0,1
100,6.0,2.0,38.0,2.8,0.2,-1.06,5.0,3.0,1
104,7.0,5.0,28.0,3.5,0.48,-0.04,2.0,1.0,0
106,5.0,5.0,36.0,3.5,0.09,-0.01,3.0,4.0,1
107,8.0,8.0,48.0,3.4,0.77,0.74,3.0,3.0,1
110,5.0,5.0,34.0,2.8,0.01,-0.13,3.0,3.0,1
112,9.0,9.0,35.5,3.8,1.27,1.0,4.0,3.0,1
113,6.0,5.0,33.0,2.0,0.3,-0.05,3.0,3.0,1
115,6.0,7.0,31.0,3.5,0.3,0.34,2.0,3.0,1
118,3.0,4.0,31.0,3.7,-0.54,-0.33,2.0,2.0,0
119,7.0,6.0,44.0,2.1,0.51,0.09,4.0,3.0,1
120,7.0,7.0,36.0,3.6,0.45,0.44,3.0,3.0,1
121,4.0,5.0,36.0,3.1,-0.25,-0.05,5.0,4.0,1
124,7.0,5.0,32.0,3.0,0.37,-0.1,4.0,3.0,1
125,6.0,6.0,42.0,3.5,0.09,0.08,3.0,4.0,1
126,2.0,3.0,33.0,2.8,-0.91,-0.82,3.0,2.0,0
129,10.0,8.0,39.0,3.3,1.34,0.64,4.0,4.0,1
130,6.0,5.0,33.0,3.7,0.27,-0.14,3.0,4.0,1
131,7.0,4.0,42.0,3.7,0.4,-0.37,3.0,4.0,1
132,7.0,7.0,41.0,3.0,0.34,0.35,4.0,3.0,1
134,2.0,1.0,34.0,3.3,-0.92,-1.86,3.0,4.0,0
138,8.0,9.0,35.0,3.0,0.76,0.94,4.0,3.0,1
140,7.0,6.0,34.0,3.3,0.39,0.24,4.0,3.0,1
141,6.0,8.0,42.0,3.8,0.26,0.62,4.0,4.0,1
144,5.0,5.0,34.0,2.8,0.02,-0.07,4.0,4.0,1
146,8.0,9.0,38.0,3.0,0.7,0.89,4.0,3.0,1
147,3.0,3.0,33.0,3.1,-0.52,-0.76,3.0,3.0,1
149,6.0,7.0,37.0,3.6,0.19,0.3,4.0,3.0,1
154,3.0,3.0,26.0,3.1,-0.58,-0.69,4.0,2.0,0
156,5.0,3.0,33.0,3.5,-0.08,-0.6,4.0,5.0,0
157,1.0,1.0,34.0,3.0,-2.51,-1.5,4.0,2.0,1
159,1.0,3.0,42.0,3.3,-1.59,-0.82,4.0,3.0,1
160,2.0,2.0,48.0,3.2,-0.84,-1.09,3.0,6.0,1
164,8.0,7.0,35.5,3.4,0.85,0.37,4.0,3.0,1
165,10.0,9.0,33.0,3.8,1.58,1.24,2.0,3.0,1
168,5.0,5.0,44.0,3.5,-0.15,-0.03,3.0,4.0,1
172,7.0,8.0,35.0,3.7,0.45,0.59,4.0,4.0,1
173,7.0,8.0,40.0,3.8,0.55,0.65,4.0,6.0,1
174,10.0,10.0,40.0,2.7,1.49,1.56,3.0,3.0,1
181,1.0,1.0,29.0,3.3,-1.59,-1.42,2.0,4.0,1
186,2.0,2.0,43.0,3.6,-1.07,-0.94,2.0,6.0,1
187,9.0,3.0,26.0,2.6,1.28,-0.85,4.0,4.0,0
188,4.0,5.0,32.0,3.3,-0.37,-0.15,4.0,3.0,0
190,10.0,3.0,32.0,3.4,1.34,-0.78,3.0,3.0,1
191,2.0,2.0,46.0,2.9,-0.86,-1.09,4.0,3.0,1
192,6.0,8.0,40.0,3.0,0.14,0.57,3.0,4.0,1
193,10.0,10.0,35.0,3.4,1.34,1.42,4.0,4.0,1
195,9.0,7.0,38.0,3.0,0.96,0.3,3.0,4.0,1
198,3.0,6.0,32.0,3.5,-0.56,-0.01,3.0,3.0,1
199,3.0,2.0,31.5,3.6,-0.67,-1.3,4.0,3.0,0
203,6.0,6.0,38.0,3.6,0.22,0.18,4.0,4.0,1
205,2.0,3.0,35.5,3.2,-1.06,-0.7,4.0,4.0,1
208,4.0,8.0,32.0,3.1,-0.37,0.67,4.0,3.0,1
209,1.0,3.0,42.0,3.3,-1.13,-0.58,4.0,3.0,1
213,9.0,7.0,23.0,2.8,1.0,0.48,3.0,1.0,1
216,2.0,1.0,36.0,3.0,-0.94,-1.32,3.0,3.0,0
218,2.0,1.0,30.0,2.9,-0.86,-1.43,4.0,6.0,0
219,1.0,1.0,27.0,2.6,-1.23,-1.72,1.0,4.0,0
220,1.0,1.0,23.0,2.6,-1.42,-1.77,3.0,4.0,1
222,10.0,10.0,45.0,3.1,2.23,2.14,4.0,2.0,0
226,10.0,10.0,38.0,2.6,1.75,1.94,4.0,3.0,1
231,9.0,9.0,35.0,3.2,1.21,1.07,2.0,2.0,1
232,8.0,9.0,42.0,3.4,0.86,1.05,3.0,4.0,1
233,10.0,9.0,42.0,4.0,1.5,1.22,3.0,4.0,1
234,9.0,9.0,41.0,2.9,1.06,0.96,3.0,5.0,1
235,7.0,9.0,41.0,3.9,0.61,1.24,4.0,6.0,1
239,5.0,7.0,37.0,3.4,-0.06,0.27,4.0,6.0,1
241,5.0,5.0,36.0,3.5,-0.12,-0.06,3.0,4.0,1
242,3.0,3.0,33.0,2.9,-0.47,-0.65,3.0,3.0,1
244,1.0,1.0,31.0,3.1,-1.99,-2.03,1.0,6.0,1
247,2.0,3.0,29.0,2.5,-0.75,-0.78,4.0,3.0,0
248,1.0,1.0,40.0,3.4,-1.53,-1.49,2.0,6.0,1
251,10.0,10.0,44.0,3.8,1.36,1.5,3.0,5.0,1
252,10.0,9.0,40.0,3.6,1.4,0.91,3.0,3.0,1
253,10.0,10.0,43.0,3.6,2.45,2.8,2.0,6.0,1
255,7.0,7.0,36.0,3.9,0.6,0.3,2.0,6.0,1
256,8.0,7.0,37.0,3.8,0.64,0.45,3.0,4.0,1
257,7.0,8.0,37.0,3.7,0.59,0.75,3.0,4.0,1
259,9.0,10.0,44.0,3.6,1.26,1.57,3.0,6.0,1
261,8.0,8.0,31.0,3.5,0.61,0.7,3.0,2.0,1
263,7.0,7.0,41.0,3.8,0.43,0.41,4.0,4.0,1
264,1.0,3.0,35.0,3.4,-1.96,-0.76,3.0,5.0,1
266,2.0,2.0,38.0,2.2,-0.94,-0.91,4.0,3.0,1
269,3.0,2.0,37.0,3.1,-0.72,-1.1,4.0,4.0,1
271,7.0,5.0,47.0,3.8,0.5,-0.04,4.0,6.0,1
272,7.0,8.0,36.0,3.3,0.53,0.58,4.0,3.0,1
273,7.0,7.0,42.0,3.8,0.54,0.38,2.0,5.0,1
274,6.0,6.0,45.0,3.6,0.25,0.19,4.0,6.0,1
276,3.0,1.0,38.0,2.9,-0.58,-1.87,3.0,4.0,0
280,3.0,4.0,47.0,3.5,-0.6,-0.37,4.0,6.0,1
282,4.0,2.0,40.5,3.1,-0.43,-0.92,4.0,5.0,1
283,6.0,4.0,41.0,3.9,0.19,-0.46,3.0,4.0,1
288,4.0,1.0,39.0,3.6,-0.31,-1.77,3.0,4.0,0
291,7.0,9.0,44.0,3.7,0.55,1.02,4.0,5.0,1
292,2.0,5.0,39.0,3.5,-0.81,-0.07,3.0,4.0,1
293,9.0,7.0,48.0,3.5,1.26,0.37,3.0,6.0,1
294,5.0,5.0,42.0,3.3,-0.11,-0.22,3.0,4.0,1
295,9.0,9.0,32.5,2.8,0.94,1.12,3.0,2.0,1
297,7.0,10.0,44.0,3.9,0.44,1.31,3.0,5.0,1
301,3.0,6.0,34.0,3.0,-0.47,0.01,2.0,3.0,1
307,1.0,2.0,47.0,3.4,-1.29,-1.06,3.0,6.0,1
311,8.0,7.0,38.0,3.9,0.76,0.46,4.0,4.0,1
312,5.0,6.0,36.0,2.7,0.11,0.01,4.0,1.0,1
315,5.0,5.0,36.0,2.5,0.03,-0.15,4.0,3.0,1
319,10.0,10.0,41.0,3.8,1.6,1.49,3.0,4.0,1
320,2.0,5.0,43.0,3.6,-0.99,-0.1,4.0,5.0,1
321,1.0,3.0,33.0,3.1,-1.31,-0.84,2.0,4.0,1
322,9.0,10.0,39.0,3.3,1.06,1.32,4.0,4.0,1
323,3.0,3.0,34.0,2.6,-0.7,-0.67,4.0,2.0,1
324,1.0,4.0,28.0,3.1,-1.27,-0.53,1.0,2.0,1
325,7.0,7.0,46.0,3.9,0.43,0.33,4.0,5.0,1
326,5.0,5.0,37.0,3.4,-0.1,-0.14,3.0,3.0,1
329,1.0,1.0,35.0,3.0,-1.23,-1.41,4.0,5.0,0
334,1.0,1.0,28.0,3.1,-1.82,-2.27,3.0,4.0,0
335,1.0,1.0,22.5,2.9,-1.28,-1.44,3.0,1.0,1
336,7.0,2.0,34.0,3.3,0.33,-1.01,4.0,5.0,0
337,7.0,4.0,39.0,3.9,0.54,-0.49,3.0,4.0,1
340,1.0,1.0,38.0,2.8,-1.84,-1.33,2.0,5.0,1
341,8.0,9.0,39.0,3.6,0.75,0.91,3.0,5.0,1
343,4.0,2.0,38.0,2.8,-0.4,-1.11,3.0,4.0,0
346,10.0,10.0,39.0,3.3,1.41,1.97,5.0,5.0,1
347,8.0,8.0,41.0,3.6,0.79,0.77,4.0,4.0,1
348,3.0,5.0,43.0,3.9,-0.57,-0.04,2.0,5.0,1
349,6.0,6.0,36.0,3.3,0.29,0.03,3.0,4.0,1
351,9.0,7.0,31.0,2.8,1.1,0.47,3.0,2.0,1
352,6.0,8.0,45.0,3.5,0.23,0.62,4.0,4.0,1
353,8.0,9.0,43.0,3.6,0.93,0.87,5.0,6.0,1
361,6.0,3.0,37.0,3.6,0.29,-0.63,4.0,4.0,1
362,9.0,6.0,39.0,3.4,1.0,0.19,4.0,4.0,0
365,10.0,9.0,36.0,3.5,1.54,1.22,4.0,3.0,1
366,1.0,1.0,32.0,3.2,-1.48,-1.65,4.0,3.0,0
369,10.0,10.0,44.0,3.5,2.65,1.73,4.0,5.0,1
371,1.0,1.0,30.5,3.5,-1.99,-2.17,4.0,3.0,1
374,1.0,4.0,38.0,2.9,-1.51,-0.31,4.0,3.0,1
379,5.0,5.0,35.0,3.3,0.01,-0.15,4.0,5.0,1
381,9.0,10.0,42.0,3.1,1.18,1.74,4.0,3.0,1
382,5.0,9.0,30.5,2.7,-0.17,1.22,3.0,5.0,1
383,4.0,4.0,36.0,3.2,-0.21,-0.4,4.0,5.0,1
386,5.0,6.0,41.0,3.8,-0.08,0.05,1.0,4.0,1
387,7.0,9.0,40.0,3.6,0.41,1.24,3.0,4.0,1
388,2.0,5.0,34.0,3.2,-0.92,-0.26,4.0,3.0,1
389,1.0,1.0,31.0,2.6,-1.26,-1.87,5.0,5.0,0
390,5.0,3.0,39.0,3.2,0.08,-0.59,3.0,4.0,1
393,10.0,10.0,41.0,4.0,2.02,2.03,4.0,4.0,1
394,7.0,6.0,35.0,3.0,0.38,0.22,4.0,4.0,1
395,6.0,5.0,40.0,3.3,0.13,-0.12,3.0,6.0,1
396,6.0,3.0,37.0,3.3,0.11,-0.65,3.0,3.0,1
397,4.0,5.0,42.0,3.0,-0.4,-0.12,4.0,4.0,1
398,8.0,8.0,38.0,4.0,0.61,0.82,4.0,5.0,1
400,10.0,10.0,37.0,3.8,1.6,1.59,4.0,4.0,1
401,3.0,4.0,29.0,3.1,-0.58,-0.55,3.0,2.0,0
402,1.0,3.0,30.0,2.7,-2.29,-0.79,3.0,4.0,0
403,3.0,4.0,37.0,3.2,-0.47,-0.3,5.0,6.0,1
404,4.0,4.0,41.0,2.8,-0.42,-0.53,4.0,3.0,1
406,10.0,10.0,40.0,3.6,1.81,2.23,4.0,5.0,1
408,10.0,8.0,44.0,2.4,1.65,0.64,4.0,6.0,1
409,10.0,10.0,36.0,3.9,1.9,2.09,3.0,5.0,1
414,8.0,8.0,38.0,3.7,0.81,0.71,3.0,3.0,1
415,6.0,5.0,39.0,3.5,0.1,-0.06,3.0,5.0,1
418,10.0,10.0,39.0,2.9,2.01,1.87,3.0,5.0,1
419,2.0,2.0,37.0,3.1,-1.11,-1.03,4.0,3.0,1
422,7.0,7.0,41.0,3.0,0.49,0.38,4.0,5.0,1
425,6.0,5.0,41.0,3.1,0.16,-0.02,3.0,4.0,1
426,3.0,3.0,33.0,3.4,-0.53,-0.88,3.0,4.0,1
430,9.0,9.0,48.0,3.2,1.06,0.99,2.0,4.0,1
433,9.0,9.0,45.0,3.1,1.24,0.87,4.0,5.0,1
439,4.0,6.0,36.0,3.3,-0.17,0.19,4.0,3.0,1
443,9.0,8.0,24.5,3.7,0.96,0.56,1.0,3.0,1
446,2.0,2.0,33.0,3.0,-1.03,-1.15,3.0,3.0,1
447,1.0,2.0,38.0,3.1,-1.57,-1.2,4.0,4.0,1
452,3.0,3.0,40.0,3.3,-0.49,-0.56,5.0,3.0,1
453,3.0,4.0,39.0,3.6,-0.61,-0.46,3.0,4.0,1
454,6.0,5.0,31.0,2.7,0.12,-0.12,3.0,5.0,1
456,7.0,8.0,33.5,3.5,0.55,0.63,4.0,5.0,1
457,2.0,1.0,36.0,3.2,-0.92,-1.45,4.0,3.0,1
459,4.0,2.0,36.0,3.0,-0.41,-0.96,4.0,3.0,1
461,8.0,10.0,44.0,3.8,0.78,1.4,4.0,6.0,1
463,1.0,1.0,27.0,2.7,-1.19,-1.49,4.0,2.0,0
465,9.0,10.0,31.0,3.5,1.26,1.6,3.0,3.0,1
466,5.0,7.0,35.5,3.6,-0.09,0.38,2.0,4.0,1
468,3.0,5.0,42.0,3.4,-0.7,0.01,3.0,5.0,1
469,10.0,5.0,44.0,2.9,1.61,-0.15,4.0,6.0,1
470,3.0,2.0,25.0,3.2,-0.68,-1.24,4.0,3.0,1
471,3.0,3.0,38.0,3.5,-0.56,-0.83,3.0,5.0,1
472,2.0,4.0,37.0,3.2,-0.93,-0.42,4.0,4.0,0
478,3.0,3.0,31.0,3.6,-0.48,-0.62,2.0,3.0,1
479,7.0,9.0,37.0,3.4,0.47,1.06,4.0,3.0,1
480,6.0,8.0,36.0,3.2,0.32,0.6,4.0,4.0,1
483,7.0,7.0,34.0,3.2,0.33,0.27,4.0,2.0,1
486,5.0,5.0,30.0,3.2,0.02,-0.17,4.0,3.0,1
488,8.0,9.0,48.0,3.8,0.86,0.99,2.0,5.0,1
490,8.0,6.0,35.0,3.1,0.87,0.23,4.0,4.0,1
492,5.0,5.0,41.0,3.7,-0.14,-0.02,4.0,4.0,1
493,4.0,4.0,32.0,3.5,-0.32,-0.31,4.0,5.0,1
494,1.0,1.0,27.0,2.5,-2.0,-1.95,3.0,3.0,1
495,3.0,3.0,38.0,3.3,-0.57,-0.67,2.0,4.0,1
496,10.0,9.0,34.0,3.4,1.7,1.08,3.0,3.0,1
497,2.0,2.0,37.5,3.7,-0.85,-1.22,2.0,5.0,0
499,6.0,7.0,32.0,3.4,0.24,0.33,3.0,3.0,1
502,7.0,8.0,38.0,3.7,0.33,0.64,4.0,4.0,1
505,4.0,4.0,32.0,3.2,-0.41,-0.39,3.0,4.0,1
506,7.0,9.0,35.5,2.7,0.54,1.04,4.0,3.0,1
510,3.0,2.0,35.0,3.4,-0.74,-1.17,4.0,5.0,1
511,10.0,9.0,34.5,3.9,1.33,0.97,3.0,4.0,1
512,2.0,2.0,39.0,3.6,-0.83,-1.3,3.0,4.0,1
514,10.0,10.0,37.0,3.3,2.04,2.09,3.0,3.0,1
516,10.0,9.0,33.0,2.1,2.17,1.05,2.0,3.0,1
517,10.0,10.0,43.0,4.0,2.3,2.54,3.0,4.0,1
519,9.0,8.0,38.0,3.6,1.22,0.83,4.0,3.0,1
520,2.0,2.0,36.0,3.1,-0.79,-1.06,3.0,4.0,1
521,4.0,4.0,38.0,3.7,-0.28,-0.34,4.0,4.0,1
526,1.0,1.0,23.5,2.3,-1.38,-1.77,1.0,4.0,1
527,6.0,9.0,36.0,4.0,0.22,1.1,4.0,4.0,1
530,7.0,4.0,32.5,2.4,0.3,-0.48,4.0,2.0,1
532,1.0,1.0,29.5,2.6,-1.61,-1.48,2.0,4.0,1
534,3.0,7.0,31.0,3.8,-0.46,0.32,4.0,3.0,1
535,10.0,10.0,43.0,3.4,1.85,2.42,4.0,3.0,1
536,5.0,5.0,40.0,3.6,-0.01,-0.02,4.0,4.0,1
537,1.0,1.0,25.0,3.0,-1.14,-1.47,4.0,2.0,0
538,6.0,7.0,39.0,3.2,0.21,0.38,3.0,5.0,1
539,2.0,3.0,37.0,3.0,-0.7,-0.77,4.0,3.0,1
544,8.0,6.0,42.0,2.9,0.68,0.17,4.0,3.0,1
546,10.0,9.0,39.0,3.0,1.43,1.16,4.0,3.0,1
547,7.0,4.0,45.0,2.6,0.48,-0.26,3.0,4.0,1
548,6.0,6.0,31.0,3.2,0.09,0.24,3.0,3.0,1
552,1.0,1.0,24.0,2.6,-1.6,-1.77,3.0,4.0,0
556,10.0,10.0,37.0,3.5,1.65,1.68,4.0,4.0,1
560,6.0,8.0,35.0,3.7,0.29,0.68,3.0,4.0,1
562,4.0,1.0,42.0,3.4,-0.32,-1.73,3.0,5.0,1
564,9.0,9.0,29.0,2.7,0.88,1.06,3.0,3.0,1
565,3.0,3.0,40.0,3.4,-0.49,-0.57,3.0,4.0,0
568,6.0,5.0,29.5,3.0,0.22,-0.23,1.0,2.0,1
569,4.0,5.0,38.0,3.8,-0.41,-0.17,4.0,4.0,1
572,10.0,9.0,27.5,3.0,1.45,0.87,4.0,3.0,1
573,9.0,8.0,43.0,3.4,1.08,0.75,4.0,4.0,1
574,10.0,10.0,36.0,3.7,2.11,2.47,3.0,4.0,1
577,1.0,1.0,24.7,2.8,-1.29,-1.52,3.0,3.0,1
579,5.0,7.0,46.0,3.4,-0.06,0.32,5.0,5.0,1
581,7.0,3.0,41.0,3.7,0.49,-0.57,3.0,5.0,1
585,9.0,8.0,42.0,3.7,1.2,0.73,5.0,4.0,1
586,2.0,2.0,36.5,3.4,-0.8,-0.87,2.0,5.0,0
590,9.0,10.0,33.0,3.2,0.98,1.48,5.0,2.0,1
591,2.0,3.0,38.0,3.8,-1.03,-0.68,4.0,4.0,1
592,3.0,3.0,30.0,3.1,-0.47,-0.59,2.0,3.0,1
595,4.0,5.0,38.0,3.6,-0.19,0.0,4.0,6.0,1
596,7.0,7.0,45.0,3.0,0.35,0.49,3.0,4.0,1
601,10.0,9.0,41.0,2.9,1.81,1.24,4.0,4.0,1
602,9.0,10.0,33.0,3.7,1.26,1.33,4.0,5.0,1
604,8.0,9.0,38.0,3.4,0.88,1.23,4.0,4.0,1
607,8.0,9.0,35.0,3.5,0.81,1.33,4.0,2.0,1
608,8.0,7.0,34.0,3.6,0.67,0.31,4.0,5.0,1
611,4.0,4.0,40.0,3.0,-0.42,-0.44,4.0,3.0,1
612,2.0,2.0,41.0,3.8,-0.98,-1.12,4.0,4.0,1
614,6.0,5.0,32.0,3.3,0.28,0.0,2.0,4.0,1
615,4.0,6.0,38.0,3.3,-0.37,0.04,3.0,4.0,1
616,4.0,4.0,33.0,3.3,-0.33,-0.49,4.0,4.0,1
618,3.0,3.0,46.0,3.5,-0.6,-0.7,4.0,6.0,1
621,5.0,4.0,35.0,3.3,0.04,-0.3,4.0,3.0,1
626,6.0,7.0,33.5,3.2,0.29,0.39,4.0,3.0,1
630,9.0,9.0,44.0,3.2,1.19,0.91,3.0,3.0,1
631,9.0,9.0,37.5,3.4,0.95,1.18,4.0,3.0,1
632,3.0,3.0,41.0,3.4,-0.55,-0.64,3.0,4.0,1
637,3.0,2.0,35.0,3.0,-0.62,-0.9,2.0,4.0,1
638,1.0,1.0,35.0,4.0,-1.51,-1.57,2.0,5.0,1
640,4.0,5.0,37.5,2.7,-0.42,-0.23,2.0,4.0,1
641,6.0,5.0,40.0,3.2,0.26,-0.06,4.0,3.0,1
643,5.0,2.0,30.0,2.9,-0.2,-1.03,5.0,2.0,1
644,4.0,1.0,36.0,2.7,-0.31,-1.58,3.0,5.0,0
645,5.0,7.0,43.0,3.5,0.06,0.3,3.0,4.0,1
650,5.0,6.0,33.0,3.8,-0.14,0.26,4.0,4.0,1
654,1.0,1.0,38.0,2.8,-1.26,-1.86,2.0,3.0,1
655,3.0,2.0,27.5,3.3,-0.48,-0.9,3.0,5.0,1
656,10.0,2.0,37.0,2.5,2.29,-1.09,4.0,6.0,1
657,4.0,6.0,38.0,3.4,-0.37,0.07,4.0,5.0,1
660,3.0,5.0,31.0,3.9,-0.58,-0.16,4.0,3.0,1
661,2.0,4.0,32.0,2.8,-1.02,-0.3,4.0,3.0,1
663,8.0,6.0,33.0,3.5,0.58,0.15,3.0,3.0,1
664,7.0,8.0,34.0,3.4,0.37,0.62,3.0,3.0,1
666,5.0,5.0,38.0,2.9,0.03,-0.05,4.0,6.0,1
668,4.0,3.0,37.0,2.7,-0.39,-0.83,5.0,4.0,1
669,1.0,4.0,27.0,3.1,-1.27,-0.4,4.0,2.0,1
677,10.0,10.0,43.0,3.5,2.0,1.97,4.0,3.0,1
678,3.0,3.0,27.0,3.0,-0.44,-0.73,5.0,3.0,1
680,2.0,4.0,45.0,3.1,-0.82,-0.46,4.0,5.0,1
681,2.0,4.0,41.0,3.2,-0.84,-0.48,4.0,4.0,1
682,3.0,3.0,45.0,3.6,-0.79,-0.71,3.0,6.0,0
683,2.0,2.0,32.0,3.8,-0.86,-0.85,5.0,6.0,1
684,5.0,5.0,41.0,3.2,-0.18,-0.18,4.0,5.0,1
685,4.0,6.0,41.0,3.5,-0.28,0.25,3.0,6.0,1
686,4.0,5.0,35.5,3.6,-0.17,-0.19,3.0,4.0,1
689,10.0,9.0,40.0,3.4,1.38,1.23,2.0,4.0,1
691,2.0,2.0,35.0,2.6,-0.8,-1.09,3.0,3.0,1
695,5.0,6.0,39.0,3.6,-0.07,0.15,3.0,6.0,1
696,7.0,7.0,42.0,3.2,0.33,0.31,4.0,5.0,1
698,2.0,6.0,32.0,3.4,-0.73,0.15,4.0,2.0,1
700,3.0,3.0,32.0,2.4,-0.53,-0.7,1.0,4.0,0
702,7.0,8.0,34.5,3.2,0.33,0.55,4.0,2.0,1
703,6.0,3.0,44.0,3.9,0.09,-0.56,3.0,6.0,1
708,6.0,5.0,34.0,3.7,0.09,-0.14,4.0,2.0,1
713,7.0,7.0,35.0,3.6,0.54,0.51,3.0,4.0,1
716,10.0,9.0,32.0,3.9,1.31,1.21,4.0,3.0,1
718,3.0,3.0,38.0,3.1,-0.59,-0.86,2.0,3.0,1
723,10.0,10.0,46.0,3.6,1.83,1.6,3.0,4.0,1
728,5.0,3.0,30.0,3.0,-0.09,-0.61,3.0,3.0,0
730,9.0,9.0,36.0,3.6,1.1,0.93,3.0,3.0,1
731,8.0,9.0,35.0,3.8,0.65,1.27,4.0,3.0,1
732,3.0,2.0,35.0,2.9,-0.53,-1.11,4.0,3.0,1
733,4.0,5.0,38.0,2.9,-0.19,-0.07,3.0,3.0,1
737,8.0,10.0,32.5,2.4,0.67,1.57,3.0,3.0,1
738,1.0,1.0,35.0,2.7,-1.57,-1.58,4.0,5.0,1
741,9.0,8.0,34.0,3.0,0.9,0.83,3.0,2.0,1
743,5.0,5.0,38.0,3.6,0.01,-0.03,2.0,4.0,1
745,5.0,5.0,42.0,3.5,-0.11,-0.1,1.0,4.0,1
751,9.0,10.0,42.0,3.9,1.28,2.22,4.0,3.0,1
755,1.0,1.0,28.0,3.7,-1.8,-1.59,3.0,4.0,1
760,6.0,5.0,40.0,2.8,0.26,-0.15,4.0,4.0,1
761,10.0,10.0,30.0,3.7,1.67,1.55,4.0,2.0,1
762,6.0,7.0,30.0,2.3,0.28,0.35,2.0,1.0,1
764,9.0,9.0,45.0,3.7,1.28,1.14,3.0,3.0,1
765,9.0,8.0,42.5,3.6,0.94,0.84,5.0,5.0,1
766,4.0,3.0,39.0,3.0,-0.25,-0.65,3.0,5.0,1
767,9.0,9.0,38.0,3.4,1.13,0.93,3.0,3.0,1
768,5.0,1.0,36.0,3.7,-0.17,-1.5,3.0,2.0,0
769,7.0,5.0,39.0,4.0,0.45,-0.11,4.0,4.0,1
770,9.0,8.0,30.5,3.4,1.17,0.77,3.0,2.0,1
771,7.0,7.0,36.0,3.5,0.36,0.52,2.0,4.0,1
772,7.0,7.0,33.0,3.7,0.45,0.49,3.0,2.0,1
776,5.0,4.0,24.0,3.6,0.01,-0.29,3.0,4.0,1
785,3.0,2.0,36.0,3.1,-0.49,-0.91,2.0,6.0,1
786,7.0,8.0,28.0,3.2,0.51,0.6,4.0,3.0,1
790,5.0,5.0,42.0,3.9,-0.18,-0.08,4.0,5.0,1
791,3.0,4.0,37.0,3.7,-0.63,-0.43,3.0,4.0,1
792,2.0,4.0,44.0,3.9,-1.04,-0.26,4.0,5.0,1
796,10.0,10.0,44.0,3.7,2.12,2.43,4.0,3.0,1
797,3.0,3.0,40.0,3.0,-0.6,-0.63,3.0,4.0,1
799,7.0,6.0,36.0,3.0,0.57,0.13,4.0,4.0,1
800,9.0,10.0,41.0,3.9,1.01,1.36,2.0,3.0,1
804,3.0,3.0,44.0,3.3,-0.49,-0.6,3.0,5.0,1
805,6.0,8.0,46.0,3.4,0.32,0.58,4.0,4.0,1
806,10.0,10.0,38.0,3.5,1.61,1.68,3.0,3.0,1
807,10.0,10.0,37.0,2.7,1.89,1.91,3.0,3.0,1
808,2.0,3.0,33.0,3.2,-0.93,-0.62,5.0,4.0,1
815,4.0,1.0,33.5,3.0,-0.37,-1.69,4.0,4.0,1
816,3.0,2.0,36.0,2.9,-0.44,-1.05,4.0,3.0,1
820,8.0,7.0,40.0,3.1,0.72,0.39,4.0,4.0,1
821,1.0,2.0,27.0,2.7,-1.21,-1.19,3.0,3.0,1
822,5.0,3.0,30.5,2.7,-0.02,-0.67,3.0,3.0,1
826,2.0,3.0,42.0,3.1,-0.96,-0.58,3.0,4.0,1
827,7.0,8.0,42.0,3.4,0.38,0.56,4.0,3.0,1
829,1.0,1.0,37.0,3.8,-1.23,-1.67,3.0,5.0,1
830,8.0,8.0,33.0,3.7,0.8,0.87,4.0,4.0,1
834,7.0,8.0,33.3,2.8,0.36,0.7,3.0,3.0,1
836,4.0,3.0,31.0,3.7,-0.37,-0.63,4.0,4.0,1
837,2.0,2.0,39.0,2.9,-0.98,-0.96,3.0,6.0,1
838,1.0,1.0,32.0,3.1,-1.65,-1.61,2.0,3.0,1
839,8.0,7.0,48.0,3.4,0.71,0.51,5.0,6.0,1
840,5.0,5.0,36.0,3.3,0.06,-0.15,2.0,4.0,1
841,4.0,5.0,37.0,3.4,-0.31,-0.21,3.0,4.0,1
843,4.0,1.0,35.0,3.6,-0.32,-1.44,4.0,3.0,0
846,5.0,6.0,39.0,3.8,-0.12,0.09,3.0,4.0,1
847,7.0,6.0,42.0,3.2,0.37,0.27,4.0,4.0,1
848,4.0,4.0,35.5,3.3,-0.28,-0.42,3.0,3.0,1
850,8.0,9.0,38.0,3.6,0.63,0.92,3.0,4.0,1
854,5.0,6.0,43.0,3.4,0.08,0.14,3.0,4.0,1
857,8.0,7.0,38.0,3.3,0.74,0.45,3.0,5.0,1
858,4.0,4.0,28.5,3.2,-0.34,-0.48,4.0,3.0,1
859,10.0,10.0,39.0,3.7,1.4,1.85,1.0,2.0,1
864,8.0,9.0,33.0,3.8,0.7,1.22,3.0,3.0,1
865,6.0,7.0,41.0,3.3,0.06,0.32,4.0,5.0,1
868,9.0,9.0,40.0,2.7,1.03,1.06,3.0,3.0,1
870,2.0,1.0,28.0,2.4,-0.92,-1.35,2.0,3.0,0
871,5.0,3.0,45.0,2.5,-0.13,-0.57,4.0,6.0,1
872,6.0,7.0,32.0,2.3,0.18,0.27,4.0,3.0,1
873,8.0,10.0,46.0,2.9,0.65,1.31,4.0,5.0,1
875,10.0,10.0,44.0,3.7,2.05,2.44,4.0,3.0,1
881,7.0,7.0,29.0,2.9,0.32,0.4,3.0,3.0,1
882,6.0,4.0,43.0,3.5,0.23,-0.44,4.0,5.0,1
883,7.0,6.0,35.0,3.3,0.4,0.2,3.0,3.0,1
884,5.0,8.0,40.0,2.7,0.06,0.68,3.0,4.0,1
885,10.0,10.0,39.0,4.0,1.73,1.84,4.0,3.0,1
890,6.0,6.0,41.0,3.6,0.17,0.19,4.0,4.0,1
891,7.0,10.0,32.0,3.0,0.56,1.89,3.0,3.0,1
893,4.0,3.0,33.0,3.0,-0.4,-0.63,4.0,3.0,1
894,4.0,7.0,31.0,3.3,-0.2,0.45,3.0,3.0,1
896,6.0,6.0,31.0,3.5,0.05,0.18,3.0,5.0,1
901,3.0,3.0,34.0,3.2,-0.55,-0.58,4.0,4.0,1
902,5.0,6.0,33.5,2.9,0.0,0.11,3.0,3.0,1
905,7.0,8.0,36.0,2.9,0.46,0.59,3.0,3.0,1
906,1.0,4.0,36.0,3.2,-1.56,-0.29,3.0,3.0,1
908,7.0,7.0,38.0,2.8,0.48,0.48,3.0,2.0,1
911,5.0,6.0,31.0,3.4,-0.08,0.25,3.0,3.0,1
915,4.0,3.0,43.0,3.1,-0.21,-0.56,3.0,4.0,0
920,6.0,7.0,29.0,3.5,0.16,0.39,4.0,2.0,1
922,10.0,10.0,46.0,4.0,1.53,1.3,4.0,4.0,1
928,9.0,10.0,37.0,3.8,1.23,1.37,4.0,4.0,1
929,4.0,6.0,39.0,2.7,-0.2,0.09,4.0,3.0,1
931,4.0,5.0,42.0,3.8,-0.41,0.0,3.0,6.0,1
934,5.0,3.0,33.0,2.5,-0.14,-0.57,3.0,4.0,1
936,9.0,8.0,42.0,3.3,1.22,0.87,4.0,4.0,1
937,2.0,4.0,36.0,3.2,-0.78,-0.54,3.0,3.0,1
938,10.0,10.0,36.0,3.2,2.0,2.31,4.0,3.0,1
940,9.0,9.0,38.5,3.6,1.2,1.23,4.0,4.0,1
941,4.0,2.0,40.0,2.5,-0.34,-1.17,3.0,2.0,0
942,8.0,7.0,40.0,3.1,0.84,0.27,4.0,3.0,1
946,5.0,5.0,37.0,3.2,-0.02,-0.14,4.0,3.0,1
949,2.0,1.0,32.0,3.0,-0.94,-1.8,3.0,2.0,0
955,1.0,1.0,35.0,2.9,-2.12,-2.44,5.0,6.0,0
957,10.0,10.0,39.0,4.0,1.46,1.48,2.0,4.0,1
960,5.0,5.0,29.0,2.7,-0.04,-0.05,4.0,1.0,1
963,4.0,6.0,44.0,3.8,-0.21,0.25,5.0,6.0,1
964,2.0,2.0,38.0,3.4,-0.88,-1.22,3.0,4.0,1
965,7.0,8.0,37.0,3.3,0.55,0.57,4.0,6.0,1
966,6.0,7.0,36.0,3.4,0.3,0.44,3.0,4.0,1
974,10.0,8.0,39.0,3.1,1.44,0.84,4.0,3.0,1
977,6.0,6.0,46.0,3.2,0.19,0.23,4.0,6.0,1
979,4.0,6.0,32.0,2.9,-0.41,-0.03,4.0,2.0,0
980,4.0,6.0,44.0,3.2,-0.23,0.07,5.0,5.0,1
983,2.0,4.0,44.0,3.5,-0.95,-0.39,3.0,6.0,0
984,2.0,2.0,33.0,2.9,-0.79,-1.29,4.0,3.0,1
987,3.0,1.0,17.5,3.0,-0.58,-1.38,2.0,1.0,0
988,10.0,9.0,33.0,3.1,1.39,1.22,4.0,3.0,1
991,4.0,3.0,38.0,2.8,-0.35,-0.6,4.0,3.0,1
999,10.0,10.0,34.0,3.1,1.52,1.96,2.0,1.0,1
1000,10.0,9.0,46.0,3.1,2.03,0.98,3.0,6.0,1
1003,1.0,1.0,29.0,3.8,-1.2,-1.5,3.0,3.0,1
1004,4.0,2.0,39.0,3.0,-0.39,-1.25,4.0,4.0,0
1006,4.0,6.0,42.0,3.1,-0.19,0.05,4.0,3.0,1
1008,2.0,1.0,36.0,2.6,-0.91,-1.69,3.0,3.0,1
1011,7.0,5.0,38.0,3.3,0.37,-0.03,3.0,5.0,1
1012,3.0,3.0,34.0,2.8,-0.67,-0.69,3.0,5.0,1
1013,8.0,6.0,47.0,2.9,0.71,0.02,4.0,5.0,1
1014,1.0,1.0,30.0,2.9,-1.24,-1.53,4.0,4.0,1
1019,3.0,4.0,34.0,3.8,-0.69,-0.36,3.0,5.0,1
1020,5.0,4.0,27.5,2.7,0.0,-0.39,4.0,3.0,0
1021,10.0,10.0,35.0,2.9,2.18,2.07,4.0,3.0,1
1022,3.0,2.0,37.0,2.9,-0.53,-1.09,4.0,3.0,1
1024,3.0,6.0,39.0,2.6,-0.59,0.25,3.0,3.0,1
1027,5.0,3.0,30.0,3.3,-0.04,-0.76,4.0,3.0,1
1031,2.0,1.0,31.5,2.6,-0.96,-1.49,3.0,2.0,0
1033,3.0,5.0,42.0,3.6,-0.54,-0.09,5.0,5.0,1
1034,10.0,9.0,38.0,3.5,1.32,0.98,3.0,3.0,1
1036,5.0,4.0,30.0,3.6,0.03,-0.49,3.0,5.0,1
1038,6.0,4.0,30.0,3.4,0.14,-0.32,2.0,4.0,1
1039,4.0,7.0,35.0,3.9,-0.18,0.29,3.0,3.0,1
1042,1.0,1.0,32.0,3.2,-1.55,-1.51,3.0,3.0,0
1043,10.0,10.0,43.0,3.7,2.5,2.38,3.0,4.0,1
1045,5.0,5.0,36.0,3.3,-0.17,-0.27,3.0,3.0,1
1046,9.0,9.0,35.0,3.4,0.9,1.09,2.0,5.0,1
1047,3.0,4.0,33.0,2.5,-0.5,-0.55,4.0,2.0,1
1050,8.0,9.0,33.0,3.8,0.77,0.99,3.0,5.0,1
1051,8.0,7.0,42.0,3.3,0.77,0.37,5.0,6.0,1
1053,9.0,8.0,46.0,3.3,1.05,0.56,5.0,4.0,1
1056,2.0,3.0,40.0,3.2,-0.77,-0.64,5.0,4.0,1
1057,7.0,7.0,33.0,3.0,0.41,0.3,5.0,2.0,1
1060,8.0,4.0,29.5,3.1,0.66,-0.57,4.0,2.0,1
1067,4.0,3.0,39.0,2.7,-0.22,-0.6,3.0,5.0,1
1072,9.0,9.0,48.0,3.6,1.33,1.05,4.0,6.0,1
1073,6.0,5.0,32.5,3.5,0.28,-0.2,4.0,3.0,1
1074,1.0,1.0,30.0,2.8,-1.81,-1.81,2.0,5.0,0
1077,9.0,10.0,36.0,3.0,1.25,1.33,4.0,3.0,1
1078,4.0,4.0,35.0,3.3,-0.32,-0.43,3.0,4.0,1
1082,3.0,4.0,42.0,3.9,-0.63,-0.26,4.0,6.0,1
1086,7.0,7.0,38.0,3.0,0.48,0.31,4.0,4.0,1
1088,6.0,6.0,38.0,3.0,0.12,0.07,3.0,4.0,1
1093,1.0,1.0,27.0,2.9,-1.94,-2.22,5.0,3.0,0
1095,4.0,6.0,46.0,3.7,-0.25,0.21,4.0,5.0,1
1098,4.0,2.0,38.0,3.0,-0.18,-1.07,3.0,3.0,0
1099,10.0,9.0,37.0,3.4,1.8,1.24,3.0,3.0,1
1101,3.0,4.0,42.0,3.6,-0.62,-0.44,2.0,4.0,1
1102,2.0,2.0,32.0,3.2,-0.91,-1.16,3.0,3.0,1
1103,8.0,5.0,32.0,2.6,0.78,0.0,3.0,4.0,1
1105,7.0,6.0,32.0,3.0,0.46,0.09,2.0,1.0,1
1106,9.0,10.0,37.0,3.3,1.22,1.32,4.0,4.0,1
1107,8.0,9.0,36.0,3.4,0.78,1.19,4.0,6.0,1
1108,5.0,9.0,38.0,3.6,-0.05,0.88,4.0,3.0,1
1110,6.0,8.0,42.0,3.4,0.17,0.72,4.0,4.0,1
1111,4.0,3.0,34.0,3.7,-0.24,-0.81,3.0,4.0,1
1112,6.0,6.0,44.0,3.3,0.17,0.04,3.0,4.0,1
1113,2.0,4.0,36.0,3.6,-0.89,-0.29,2.0,3.0,1
1114,4.0,3.0,35.0,2.8,-0.35,-0.78,3.0,3.0,1
1116,6.0,6.0,48.0,4.0,0.25,0.08,3.0,5.0,1
1121,3.0,5.0,39.0,3.3,-0.59,-0.08,4.0,6.0,1
1122,6.0,3.0,40.0,3.5,0.14,-0.79,4.0,5.0,1
1123,6.0,7.0,33.0,3.4,0.28,0.38,4.0,4.0,1
1126,2.0,1.0,21.0,2.9,-0.84,-1.51,3.0,1.0,0
1127,5.0,2.0,27.5,3.1,-0.15,-0.98,5.0,3.0,0
1128,2.0,3.0,35.0,3.3,-1.06,-0.77,3.0,3.0,0
1129,3.0,3.0,30.5,3.1,-0.64,-0.63,3.0,3.0,1
1130,1.0,1.0,32.0,2.6,-1.2,-1.5,4.0,4.0,1
1137,7.0,9.0,33.0,3.3,0.5,1.07,3.0,3.0,1
1139,5.0,7.0,39.5,3.2,0.05,0.3,3.0,3.0,1
1142,8.0,7.0,34.0,3.1,0.65,0.52,3.0,3.0,1
1144,7.0,7.0,33.0,3.7,0.5,0.42,3.0,3.0,1
1145,2.0,2.0,34.0,2.8,-0.86,-0.89,4.0,3.0,1
1148,8.0,8.0,39.0,3.9,0.74,0.59,3.0,5.0,1
1149,9.0,9.0,35.0,3.2,1.23,1.15,4.0,3.0,1
1152,7.0,8.0,38.0,3.0,0.48,0.65,4.0,3.0,0
1153,8.0,4.0,40.0,3.6,0.79,-0.44,3.0,4.0,1
1155,3.0,6.0,21.5,3.4,-0.44,0.25,1.0,3.0,1
1157,5.0,6.0,44.0,3.8,0.06,0.18,4.0,6.0,1
1158,1.0,1.0,28.5,3.4,-2.87,-2.52,2.0,5.0,0
1161,3.0,4.0,36.0,2.8,-0.69,-0.48,5.0,5.0,1
1163,10.0,10.0,41.0,3.6,2.34,2.57,4.0,3.0,1
1167,8.0,9.0,35.0,3.5,0.86,1.03,2.0,4.0,1
1176,8.0,9.0,43.0,2.6,0.6,1.09,2.0,3.0,1
1189,3.0,4.0,32.0,3.1,-0.55,-0.44,3.0,3.0,1
1198,4.0,4.0,46.0,3.5,-0.45,-0.37,5.0,5.0,1
1201,7.0,7.0,40.0,2.3,0.48,0.39,1.0,3.0,1
1208,9.0,9.0,42.0,3.7,1.29,1.01,3.0,4.0,1
1209,1.0,1.0,34.0,2.8,-1.47,-1.84,2.0,2.0,1
1210,5.0,6.0,45.0,3.6,-0.11,0.2,3.0,5.0,1
1211,4.0,4.0,44.0,3.5,-0.24,-0.34,3.0,4.0,1
1212,3.0,4.0,39.0,3.6,-0.58,-0.47,5.0,6.0,1
1216,1.0,2.0,30.0,3.6,-1.15,-0.89,2.0,3.0,1
1217,8.0,8.0,40.0,3.6,0.83,0.82,3.0,4.0,1
1220,6.0,5.0,36.0,3.6,0.14,-0.21,4.0,4.0,1
1221,1.0,2.0,34.5,3.6,-1.26,-0.91,3.0,4.0,1
1222,9.0,9.0,32.0,3.5,0.96,1.06,4.0,4.0,1
1223,8.0,5.0,47.0,3.0,0.78,0.0,4.0,5.0,1
1224,3.0,2.0,29.0,3.0,-0.57,-1.02,2.0,3.0,0
1225,2.0,2.0,40.5,2.6,-0.74,-1.22,4.0,4.0,1
1226,10.0,10.0,44.0,4.0,2.85,2.73,4.0,5.0,1
1234,9.0,7.0,32.0,3.4,1.16,0.54,3.0,3.0,1
1235,3.0,5.0,39.0,3.4,-0.52,-0.21,4.0,4.0,1
1237,7.0,9.0,40.0,3.9,0.43,1.05,4.0,4.0,1
1238,8.0,8.0,42.0,3.6,0.7,0.67,4.0,3.0,1
1243,3.0,3.0,43.0,3.5,-0.66,-0.79,4.0,5.0,1
1246,4.0,2.0,30.5,3.5,-0.41,-0.93,3.0,3.0,1
1247,4.0,4.0,43.0,3.7,-0.26,-0.4,4.0,5.0,0
1250,2.0,2.0,31.0,3.6,-1.02,-1.13,3.0,6.0,1
1251,1.0,1.0,33.0,2.6,-1.35,-1.3,4.0,5.0,0
1254,4.0,3.0,34.0,3.5,-0.41,-0.65,3.0,3.0,1
1255,7.0,4.0,30.0,3.1,0.44,-0.35,4.0,3.0,1
1256,3.0,4.0,38.0,3.7,-0.54,-0.34,5.0,5.0,1
1265,10.0,9.0,35.0,3.8,1.57,1.27,3.0,2.0,1
1266,5.0,3.0,33.0,2.9,-0.02,-0.58,3.0,5.0,1
1268,6.0,7.0,33.0,3.6,0.25,0.5,2.0,3.0,0
1271,3.0,7.0,38.0,3.6,-0.56,0.47,3.0,4.0,1
1272,8.0,5.0,32.0,2.5,0.61,-0.1,3.0,3.0,1
1273,2.0,2.0,40.0,2.5,-0.94,-1.04,3.0,2.0,0
1274,2.0,4.0,43.0,2.4,-0.86,-0.31,3.0,4.0,1
1277,8.0,9.0,39.0,3.0,0.68,0.95,3.0,3.0,1
1279,9.0,10.0,41.0,3.4,0.98,1.48,3.0,4.0,1
1283,5.0,5.0,38.0,3.5,0.09,-0.09,3.0,4.0,1
1284,5.0,7.0,36.0,3.7,-0.06,0.32,5.0,5.0,1
1285,8.0,9.0,40.0,3.3,0.59,0.87,3.0,3.0,1
1290,1.0,1.0,26.0,2.8,-1.61,-1.99,4.0,3.0,0
1297,3.0,4.0,36.0,3.0,-0.54,-0.51,4.0,3.0,1
1299,3.0,3.0,31.0,3.1,-0.66,-0.72,3.0,2.0,0
1300,4.0,4.0,42.0,3.6,-0.21,-0.49,4.0,6.0,1
1302,1.0,1.0,34.5,3.1,-1.18,-1.5,3.0,4.0,1
1304,7.0,9.0,34.0,3.1,0.49,0.97,4.0,1.0,1
1305,4.0,4.0,36.0,3.6,-0.29,-0.35,3.0,6.0,1
1306,2.0,1.0,38.0,3.3,-0.87,-1.73,3.0,6.0,1
1308,3.0,2.0,43.0,3.7,-0.73,-0.91,4.0,4.0,1
1310,6.0,6.0,44.0,3.3,0.17,0.22,3.0,3.0,1
1311,1.0,3.0,28.0,3.1,-2.17,-0.77,2.0,4.0,0
1312,5.0,7.0,34.0,3.2,0.04,0.32,4.0,4.0,1
1316,6.0,5.0,40.0,3.3,0.19,-0.2,3.0,3.0,1
1318,8.0,8.0,40.0,3.4,0.8,0.76,4.0,5.0,1
1319,5.0,4.0,34.5,3.3,-0.03,-0.34,3.0,4.0,1
1321,2.0,5.0,34.0,3.2,-1.05,-0.25,3.0,3.0,1
1323,5.0,6.0,36.0,3.5,-0.06,0.16,3.0,5.0,1
1324,5.0,6.0,35.0,3.2,0.04,0.05,3.0,4.0,1
1326,8.0,8.0,37.0,3.8,0.77,0.71,3.0,3.0,1
1328,1.0,2.0,24.0,3.3,-1.39,-1.01,2.0,2.0,1
1331,7.0,6.0,39.5,2.6,0.44,0.02,4.0,4.0,1
1333,9.0,7.0,43.0,2.8,1.11,0.39,5.0,4.0,1
1334,1.0,1.0,25.0,2.4,-1.29,-1.52,4.0,3.0,0
1335,6.0,7.0,38.0,4.0,0.1,0.4,4.0,4.0,1
1336,8.0,10.0,40.0,3.5,0.69,1.47,4.0,3.0,1
1337,1.0,2.0,41.0,2.9,-1.26,-1.07,4.0,6.0,0
1338,8.0,8.0,32.0,2.9,0.71,0.67,3.0,3.0,1
1341,3.0,1.0,28.0,3.2,-0.52,-1.43,4.0,3.0,0
1343,4.0,3.0,41.0,3.7,-0.29,-0.64,5.0,5.0,1
1346,8.0,6.0,30.0,4.0,0.71,0.25,2.0,3.0,1
1350,5.0,6.0,39.0,3.2,0.01,0.04,3.0,3.0,1
1355,4.0,5.0,36.0,3.4,-0.29,-0.22,3.0,5.0,1
1357,7.0,8.0,29.0,2.5,0.32,0.61,4.0,2.0,1
1358,9.0,8.0,33.0,3.2,1.1,0.76,4.0,3.0,1
1359,9.0,10.0,36.0,3.4,1.34,1.76,4.0,6.0,1
1362,1.0,2.0,27.0,2.7,-1.9,-1.27,4.0,3.0,0
1365,2.0,5.0,36.0,2.8,-0.73,-0.13,4.0,3.0,1
1372,6.0,8.0,23.3,3.5,0.21,0.5,2.0,1.0,1
1373,2.0,4.0,33.5,4.0,-0.76,-0.31,3.0,4.0,1
1375,3.0,2.0,30.5,2.5,-0.55,-0.9,4.0,5.0,0
1376,8.0,9.0,39.0,2.6,0.68,1.07,2.0,3.0,1
1377,10.0,10.0,39.0,4.0,1.67,1.58,3.0,5.0,1
1378,8.0,4.0,42.0,3.0,0.8,-0.34,3.0,4.0,1
1379,1.0,3.0,40.0,3.9,-1.35,-0.69,3.0,4.0,1
1380,3.0,3.0,34.0,2.7,-0.52,-0.62,2.0,5.0,1
1381,7.0,6.0,32.0,3.6,0.4,0.04,5.0,3.0,1
1385,9.0,8.0,40.0,3.6,0.99,0.87,4.0,4.0,1
1389,4.0,2.0,36.0,3.1,-0.34,-1.06,5.0,5.0,1
1390,6.0,5.0,44.0,3.7,0.08,0.01,4.0,5.0,1
1391,3.0,2.0,39.0,2.6,-0.44,-0.9,5.0,3.0,1
1392,7.0,7.0,42.0,3.7,0.61,0.28,2.0,6.0,1
1399,6.0,5.0,38.0,2.5,0.16,-0.27,3.0,3.0,1
1400,1.0,1.0,30.5,2.9,-1.1,-2.25,4.0,2.0,1
1404,8.0,8.0,47.0,3.6,0.6,0.83,5.0,5.0,1
1409,4.0,5.0,30.0,2.9,-0.34,-0.22,4.0,3.0,1
1415,7.0,8.0,38.0,3.6,0.5,0.58,3.0,5.0,1
1416,7.0,5.0,28.7,3.2,0.36,-0.18,4.0,2.0,1
1417,5.0,3.0,34.0,3.8,-0.16,-0.7,3.0,5.0,0
1419,3.0,3.0,41.0,3.3,-0.47,-0.57,3.0,4.0,0
1420,5.0,3.0,46.0,3.4,-0.03,-0.69,3.0,4.0,1
1423,10.0,10.0,32.5,3.4,1.81,2.09,4.0,2.0,1
1427,6.0,7.0,40.0,3.0,0.3,0.41,4.0,4.0,1
1430,2.0,2.0,39.0,3.0,-0.76,-1.18,5.0,4.0,1
1433,3.0,2.0,37.0,3.0,-0.62,-1.03,4.0,4.0,1
1436,2.0,1.0,18.0,2.9,-0.7,-1.4,3.0,1.0,0
1438,3.0,2.0,36.0,2.6,-0.63,-0.96,4.0,3.0,1
1439,6.0,5.0,30.0,2.1,0.18,-0.17,2.0,1.0,0
1444,10.0,9.0,38.0,3.5,1.4,1.05,4.0,3.0,1
1445,4.0,5.0,39.5,3.6,-0.38,-0.15,4.0,6.0,1
1446,6.0,5.0,34.0,3.3,0.18,-0.31,4.0,2.0,0
1451,8.0,9.0,39.0,2.9,0.89,1.24,3.0,4.0,1
1455,4.0,4.0,45.0,3.5,-0.38,-0.35,4.0,3.0,1
1457,10.0,9.0,35.0,3.0,1.73,1.22,3.0,5.0,1
1460,10.0,10.0,33.0,3.3,2.15,2.08,4.0,5.0,1
1463,2.0,2.0,26.0,3.3,-0.75,-1.13,2.0,3.0,1
1465,6.0,6.0,32.0,3.2,0.11,0.18,3.0,5.0,1
1466,5.0,3.0,36.0,3.3,-0.1,-0.65,3.0,3.0,1
1467,1.0,2.0,36.0,3.2,-1.56,-1.27,3.0,5.0,0
1471,3.0,2.0,37.0,2.9,-0.7,-1.26,3.0,3.0,1
1472,4.0,6.0,35.0,3.1,-0.4,0.1,4.0,5.0,0
1473,7.0,7.0,40.0,3.0,0.34,0.33,3.0,3.0,1
1475,1.0,1.0,24.0,3.1,-1.43,-1.54,4.0,3.0,1
1476,1.0,1.0,19.5,3.1,-1.54,-2.84,2.0,3.0,0
1477,8.0,2.0,35.0,2.9,0.73,-1.07,4.0,3.0,1
1478,9.0,9.0,32.0,3.4,1.3,1.24,4.0,4.0,1
1482,5.0,4.0,18.0,3.0,-0.04,-0.56,3.0,1.0,0
1485,2.0,3.0,35.0,2.9,-0.8,-0.82,4.0,3.0,0
1486,3.0,3.0,35.0,3.2,-0.66,-0.75,2.0,6.0,1
1487,10.0,10.0,33.0,3.3,1.51,1.57,4.0,3.0,1
1489,5.0,6.0,46.0,3.6,-0.14,0.14,5.0,6.0,1
1490,4.0,6.0,38.0,3.9,-0.2,0.22,3.0,4.0,1
1492,10.0,10.0,38.0,3.9,2.41,2.25,4.0,4.0,1
1493,2.0,2.0,35.0,3.4,-0.75,-1.09,5.0,4.0,1
1495,10.0,8.0,39.0,2.6,1.68,0.76,3.0,5.0,1
1496,5.0,3.0,38.0,3.5,-0.07,-0.62,3.0,3.0,1
1502,8.0,7.0,41.0,3.5,0.58,0.45,4.0,3.0,1
1503,1.0,2.0,28.0,3.6,-1.36,-0.89,4.0,6.0,0
1506,5.0,5.0,37.5,3.7,0.05,-0.06,4.0,5.0,0
1507,8.0,7.0,33.0,3.3,0.72,0.31,3.0,3.0,1
1509,9.0,8.0,40.0,3.4,1.17,0.74,5.0,3.0,1
1514,5.0,4.0,37.0,3.4,-0.02,-0.32,4.0,5.0,1
1515,10.0,10.0,42.0,3.8,2.23,2.57,5.0,5.0,1
1516,1.0,1.0,39.0,2.8,-1.12,-1.6,3.0,3.0,1
1519,6.0,5.0,32.5,3.0,0.23,-0.24,4.0,2.0,1
1520,2.0,3.0,35.0,3.8,-1.03,-0.58,4.0,4.0,1
1522,6.0,6.0,39.0,3.7,0.09,0.09,3.0,6.0,1
1525,6.0,7.0,36.0,2.6,0.09,0.37,4.0,3.0,1
1528,5.0,7.0,33.0,3.6,0.0,0.55,4.0,4.0,1
1529,4.0,3.0,25.0,3.5,-0.26,-0.77,5.0,4.0,0
1531,4.0,4.0,40.0,3.5,-0.22,-0.37,3.0,4.0,1
1535,4.0,4.0,31.5,3.4,-0.37,-0.42,3.0,4.0,0
1537,2.0,2.0,33.0,3.5,-0.95,-1.09,4.0,4.0,0
1542,5.0,6.0,33.0,4.0,-0.01,0.22,2.0,4.0,1
1546,4.0,6.0,45.0,3.6,-0.25,0.04,4.0,5.0,1
1550,8.0,7.0,36.0,3.6,0.69,0.36,5.0,4.0,1
1551,8.0,9.0,31.5,3.5,0.6,1.03,4.0,5.0,1
1557,6.0,7.0,34.0,2.8,0.26,0.32,4.0,3.0,1
1560,7.0,7.0,33.5,2.8,0.39,0.36,4.0,3.0,1
1563,4.0,3.0,41.0,4.0,-0.32,-0.8,4.0,5.0,1
1566,7.0,6.0,39.0,2.4,0.51,0.24,5.0,3.0,1
1569,2.0,2.0,43.0,3.6,-0.87,-1.04,4.0,4.0,1
1570,6.0,8.0,37.0,3.2,0.18,0.82,4.0,4.0,1
1572,7.0,10.0,48.0,3.6,0.48,1.73,3.0,6.0,1
1573,3.0,4.0,35.0,2.5,-0.55,-0.55,3.0,3.0,1
1574,10.0,10.0,37.0,2.6,1.93,2.14,5.0,3.0,1
1578,10.0,9.0,41.0,3.4,1.36,0.88,3.0,4.0,1
1582,10.0,9.0,44.0,3.1,1.37,0.93,4.0,5.0,1
1583,3.0,3.0,34.0,3.6,-0.69,-0.68,3.0,3.0,1
1584,1.0,1.0,37.0,2.5,-1.44,-1.4,5.0,3.0,0
1587,1.0,2.0,36.5,3.4,-1.43,-0.9,1.0,4.0,1
1598,2.0,1.0,45.0,3.9,-0.85,-1.79,4.0,5.0,1
1600,8.0,8.0,32.5,2.7,0.78,0.55,3.0,3.0,1
1601,4.0,5.0,31.5,2.8,-0.31,-0.19,4.0,5.0,1
1604,6.0,4.0,30.0,2.5,0.18,-0.56,3.0,1.0,1
1607,7.0,6.0,36.0,3.6,0.3,0.25,4.0,5.0,1
1612,10.0,6.0,34.0,3.2,1.97,0.08,3.0,6.0,1
1613,10.0,10.0,41.0,3.8,1.37,1.66,4.0,5.0,1
1614,9.0,7.0,42.0,3.8,0.92,0.49,4.0,4.0,1
1618,5.0,3.0,40.0,3.3,-0.12,-0.72,4.0,3.0,0
1619,8.0,8.0,33.0,2.8,0.67,0.64,4.0,3.0,1
1622,3.0,5.0,42.0,3.0,-0.69,-0.23,3.0,4.0,1
1623,3.0,5.0,32.0,3.4,-0.65,-0.12,4.0,3.0,1
1625,8.0,6.0,44.0,3.5,0.64,0.22,5.0,6.0,1
1626,7.0,7.0,39.0,3.0,0.41,0.52,3.0,3.0,1
1627,7.0,6.0,42.0,3.1,0.48,0.21,4.0,4.0,1
1628,7.0,9.0,46.0,3.2,0.42,0.93,4.0,4.0,1
1633,7.0,10.0,36.0,4.0,0.38,1.29,4.0,4.0,1
1634,9.0,10.0,37.0,3.9,1.14,1.54,3.0,4.0,1
1636,5.0,3.0,32.5,3.4,-0.17,-0.66,3.0,3.0,1
1637,1.0,1.0,33.0,3.0,-1.44,-1.34,2.0,3.0,1
1639,4.0,5.0,46.0,3.2,-0.4,-0.12,4.0,4.0,1
1644,3.0,3.0,32.0,3.5,-0.47,-0.66,4.0,2.0,1
1646,9.0,7.0,43.0,2.7,1.2,0.41,4.0,3.0,1
1647,2.0,1.0,40.0,3.1,-0.95,-1.65,2.0,3.0,1
1652,10.0,10.0,39.0,2.7,1.63,1.86,4.0,3.0,1
1655,9.0,10.0,35.0,3.5,1.0,1.55,3.0,2.0,1
1656,9.0,8.0,20.0,2.4,0.89,0.58,3.0,1.0,1
1657,3.0,4.0,45.0,3.7,-0.47,-0.34,4.0,5.0,1
1658,3.0,3.0,36.0,3.3,-0.51,-0.81,3.0,4.0,1
1660,4.0,3.0,31.0,3.4,-0.19,-0.6,4.0,3.0,1
1663,2.0,2.0,46.0,3.0,-1.03,-1.26,3.0,5.0,1
1666,8.0,7.0,40.0,3.8,0.57,0.53,4.0,3.0,1
1668,9.0,9.0,43.0,3.4,1.0,1.13,4.0,5.0,1
1673,1.0,1.0,29.0,3.3,-1.42,-1.32,4.0,2.0,0
1676,1.0,3.0,33.0,3.8,-1.18,-0.79,3.0,5.0,1
1679,2.0,2.0,31.0,3.2,-1.04,-1.08,4.0,2.0,1
1680,9.0,9.0,33.0,2.9,0.86,1.11,4.0,2.0,1
1681,6.0,5.0,43.0,3.2,0.26,-0.03,4.0,4.0,1
1683,6.0,6.0,39.0,3.0,0.07,0.04,4.0,3.0,1
1685,1.0,1.0,36.0,2.1,-1.44,-1.54,4.0,3.0,1
1691,3.0,1.0,42.0,3.1,-0.48,-1.37,4.0,4.0,1
1694,6.0,4.0,40.0,3.2,0.09,-0.41,2.0,5.0,1
1695,4.0,3.0,26.0,2.6,-0.3,-0.6,4.0,2.0,1
1698,6.0,7.0,33.0,3.3,0.2,0.43,4.0,3.0,1
1700,8.0,7.0,38.0,2.6,0.72,0.52,3.0,2.0,1
1703,2.0,2.0,20.0,3.0,-1.02,-1.23,3.0,3.0,0
1705,9.0,8.0,37.0,3.6,0.9,0.68,3.0,3.0,1
1706,2.0,2.0,39.0,3.5,-1.11,-0.92,4.0,4.0,1
1709,2.0,1.0,26.0,2.3,-1.0,-1.58,3.0,2.0,0
1711,1.0,4.0,25.0,2.3,-1.26,-0.51,3.0,3.0,0
1712,3.0,5.0,39.0,3.6,-0.67,-0.26,4.0,4.0,1
1717,5.0,5.0,34.0,2.3,-0.05,-0.18,5.0,3.0,1
1719,9.0,7.0,42.0,3.1,0.96,0.51,4.0,4.0,1
1721,3.0,2.0,36.0,3.2,-0.72,-1.08,3.0,5.0,1
1722,6.0,6.0,30.5,3.3,0.19,0.23,4.0,3.0,1
1728,2.0,3.0,30.0,3.2,-0.8,-0.7,3.0,3.0,1
1729,8.0,1.0,28.5,3.2,0.57,-1.62,4.0,3.0,1
1731,9.0,8.0,39.0,3.8,0.91,0.75,3.0,4.0,1
1734,1.0,1.0,21.0,3.1,-1.88,-1.43,3.0,3.0,1
1736,10.0,10.0,26.0,2.5,1.79,1.46,4.0,1.0,1
1738,8.0,6.0,33.0,3.5,0.66,0.14,3.0,4.0,1
1742,8.0,8.0,42.0,3.6,0.93,0.72,3.0,6.0,1
1744,10.0,9.0,36.0,2.9,1.41,0.92,4.0,3.0,1
1747,9.0,4.0,35.0,3.4,0.91,-0.32,4.0,3.0,1
1748,10.0,10.0,40.0,3.9,2.22,2.19,4.0,4.0,1
1749,6.0,8.0,38.0,3.7,0.27,0.62,3.0,5.0,1
1750,8.0,5.0,37.0,3.1,0.74,-0.12,4.0,4.0,1
1751,1.0,1.0,30.0,2.6,-1.74,-1.47,4.0,2.0,0
1755,10.0,10.0,48.0,3.8,1.43,2.12,4.0,5.0,1
1756,10.0,10.0,43.0,4.0,2.18,2.26,3.0,3.0,1
1760,10.0,10.0,37.0,3.3,2.04,1.55,4.0,6.0,1
1762,5.0,6.0,42.0,3.8,-0.01,0.1,4.0,4.0,1
1763,6.0,5.0,39.0,3.3,0.15,-0.11,5.0,3.0,1
1764,5.0,4.0,32.0,2.7,-0.03,-0.38,4.0,3.0,1
1765,5.0,3.0,30.5,3.4,-0.1,-0.86,3.0,2.0,1
1766,8.0,7.0,26.0,3.4,0.75,0.5,3.0,3.0,1
1767,4.0,4.0,40.0,2.9,-0.28,-0.45,4.0,4.0,1
1771,3.0,5.0,37.0,3.3,-0.58,-0.07,3.0,3.0,1
1772,3.0,2.0,32.0,2.7,-0.66,-0.97,3.0,2.0,1
1774,5.0,5.0,14.0,2.9,0.04,-0.24,1.0,1.0,1
1775,1.0,1.0,37.0,2.7,-1.4,-1.65,3.0,3.0,0
1777,1.0,1.0,36.0,3.1,-1.45,-1.51,3.0,4.0,1
1779,6.0,6.0,27.0,2.8,0.14,0.06,5.0,3.0,1
1782,5.0,8.0,36.0,3.1,-0.01,0.55,4.0,2.0,1
1783,9.0,9.0,38.3,2.5,1.24,1.24,4.0,3.0,1
1785,9.0,9.0,38.0,3.1,1.12,1.03,4.0,3.0,1
1786,8.0,10.0,35.5,3.0,0.66,1.47,4.0,4.0,1
1787,3.0,5.0,33.0,3.0,-0.59,-0.02,5.0,5.0,1
1788,1.0,1.0,42.0,3.6,-1.41,-1.51,4.0,4.0,1
1791,4.0,3.0,40.0,2.8,-0.35,-0.53,3.0,6.0,1
1794,9.0,9.0,37.0,3.3,1.22,0.99,3.0,4.0,1
1798,3.0,5.0,39.0,3.7,-0.53,-0.16,4.0,5.0,1
1801,10.0,9.0,47.0,4.0,1.71,1.07,3.0,6.0,1
1803,2.0,1.0,28.0,3.6,-1.03,-1.44,3.0,4.0,1
1805,10.0,10.0,35.0,3.2,1.7,1.63,3.0,3.0,1
1809,6.0,7.0,39.0,3.0,0.12,0.42,4.0,3.0,1
1811,1.0,1.0,29.0,3.0,-1.59,-1.49,5.0,3.0,0
1813,3.0,4.0,31.0,3.1,-0.58,-0.34,4.0,3.0,1
1814,2.0,5.0,39.0,2.9,-0.91,-0.21,3.0,3.0,1
1817,6.0,3.0,32.0,2.7,0.19,-0.84,5.0,4.0,1
1819,1.0,1.0,21.0,2.9,-1.26,-1.39,3.0,3.0,1
1820,1.0,3.0,37.0,2.0,-1.23,-0.69,3.0,3.0,1
1821,2.0,5.0,42.0,3.5,-0.84,-0.28,4.0,3.0,1
1822,6.0,4.0,46.0,2.5,0.21,-0.44,3.0,3.0,1
1825,9.0,10.0,40.0,3.5,1.22,1.52,4.0,1.0,1
1826,4.0,5.0,31.0,2.4,-0.31,-0.27,4.0,3.0,1
1827,9.0,5.0,36.0,2.9,1.15,-0.18,5.0,5.0,1
1830,10.0,10.0,34.3,3.2,1.42,1.34,3.0,3.0,1
1833,5.0,5.0,37.0,2.6,-0.08,-0.25,4.0,3.0,1
1835,5.0,2.0,28.0,2.3,-0.15,-0.94,2.0,2.0,1
1840,10.0,10.0,44.0,3.3,1.73,1.3,5.0,5.0,1
1843,7.0,7.0,48.0,2.9,0.4,0.52,5.0,4.0,1
1846,1.0,4.0,32.0,3.3,-1.58,-0.43,3.0,3.0,0
1849,10.0,10.0,42.0,4.0,2.02,1.53,4.0,3.0,1
1850,10.0,10.0,36.0,3.9,1.99,1.29,4.0,4.0,1
1852,5.0,3.0,40.0,3.9,-0.12,-0.5,2.0,6.0,0
1857,5.0,5.0,41.0,2.8,-0.07,-0.2,5.0,5.0,1
1858,10.0,10.0,37.0,2.7,2.09,1.8,5.0,3.0,1
1862,5.0,3.0,27.0,4.0,-0.11,-0.86,2.0,4.0,1
1865,5.0,5.0,46.0,3.4,-0.11,-0.12,4.0,4.0,1
1866,4.0,4.0,41.0,3.7,-0.29,-0.46,5.0,5.0,1
1867,7.0,6.0,40.0,3.0,0.49,0.01,4.0,3.0,1
1868,1.0,1.0,31.0,3.3,-1.46,-1.48,3.0,3.0,1
1870,9.0,10.0,34.0,3.3,1.22,1.48,3.0,3.0,1
1872,8.0,4.0,28.0,3.5,0.66,-0.41,3.0,5.0,1
1874,4.0,3.0,44.0,2.2,-0.45,-0.62,2.0,5.0,1
1875,10.0,9.0,39.0,2.9,1.67,1.24,4.0,3.0,1
1876,5.0,5.0,40.0,3.4,-0.07,-0.11,3.0,3.0,1
1877,2.0,4.0,35.0,3.1,-0.72,-0.48,4.0,3.0,1
1878,2.0,2.0,41.0,3.2,-0.74,-0.96,4.0,4.0,0
1879,5.0,1.0,36.0,3.7,-0.03,-1.51,4.0,5.0,1
1880,4.0,4.0,36.0,3.4,-0.25,-0.42,3.0,3.0,0
1883,2.0,2.0,36.0,3.1,-0.88,-0.89,4.0,3.0,1
1887,10.0,10.0,26.7,3.0,1.82,1.91,2.0,1.0,1
1889,7.0,9.0,37.5,3.3,0.52,0.95,3.0,4.0,1
1890,8.0,8.0,38.0,2.8,0.82,0.62,3.0,3.0,1
1891,1.0,1.0,35.0,3.3,-1.81,-1.87,3.0,3.0,0
1893,3.0,1.0,26.0,3.3,-0.66,-1.35,4.0,2.0,0
1894,4.0,7.0,45.0,3.4,-0.4,0.45,4.0,6.0,1
1896,1.0,1.0,27.0,2.9,-1.28,-1.88,3.0,5.0,1
1903,3.0,3.0,41.0,3.1,-0.44,-0.71,4.0,4.0,1
1904,5.0,9.0,30.0,2.8,-0.11,0.91,4.0,5.0,1
1906,1.0,1.0,40.0,2.9,-2.44,-2.91,4.0,6.0,1
1907,1.0,2.0,37.0,2.2,-1.29,-0.99,3.0,4.0,0
1912,3.0,4.0,30.0,2.9,-0.43,-0.41,4.0,3.0,0
1914,4.0,1.0,35.0,3.4,-0.34,-1.26,4.0,2.0,0
1918,3.0,2.0,37.0,3.3,-0.62,-1.18,5.0,3.0,0
1920,7.0,7.0,38.0,3.4,0.52,0.52,2.0,3.0,1
1921,2.0,2.0,38.0,3.2,-0.72,-0.89,5.0,3.0,1
1922,4.0,7.0,40.0,3.2,-0.2,0.32,4.0,4.0,1
1925,3.0,2.0,37.0,2.6,-0.48,-0.92,3.0,2.0,1
1932,3.0,2.0,36.0,3.9,-0.44,-1.14,3.0,4.0,1
1933,8.0,7.0,38.0,3.4,0.66,0.5,3.0,3.0,1
1934,9.0,8.0,36.0,3.2,0.96,0.77,3.0,2.0,0
1935,10.0,10.0,40.0,3.4,1.72,1.58,5.0,4.0,1
1936,8.0,9.0,34.0,3.0,0.61,1.19,4.0,3.0,1
1938,7.0,8.0,36.0,3.8,0.6,0.73,4.0,6.0,1
1941,2.0,1.0,26.5,3.3,-0.75,-1.44,4.0,2.0,0
1942,4.0,4.0,39.0,3.5,-0.44,-0.44,3.0,5.0,1
1949,5.0,5.0,39.0,2.7,-0.17,-0.06,4.0,3.0,1
1951,1.0,1.0,14.5,3.2,-1.22,-1.27,3.0,2.0,0
1956,5.0,4.0,33.0,2.8,0.0,-0.42,5.0,3.0,1
1958,2.0,2.0,42.0,3.7,-1.06,-0.91,4.0,4.0,1
1960,10.0,10.0,39.5,4.0,1.96,1.9,3.0,4.0,1
1964,1.0,3.0,46.0,3.5,-1.33,-0.67,5.0,6.0,1
1966,4.0,4.0,39.0,3.8,-0.32,-0.42,4.0,3.0,1
1967,4.0,1.0,25.0,2.5,-0.34,-1.7,5.0,2.0,0
1968,8.0,8.0,39.0,2.5,0.85,0.67,3.0,4.0,1
1970,6.0,7.0,33.0,2.5,0.21,0.53,3.0,2.0,1
1973,7.0,3.0,35.0,2.8,0.39,-0.66,3.0,3.0,1
1975,5.0,3.0,32.0,3.4,0.02,-0.77,2.0,3.0,1
1978,1.0,1.0,25.0,2.9,-1.82,-1.72,4.0,4.0,0
1980,5.0,6.0,45.0,3.5,0.0,0.07,3.0,3.0,1
1983,2.0,1.0,41.0,3.5,-1.1,-1.61,4.0,5.0,0
1989,6.0,8.0,35.0,3.3,0.11,0.55,3.0,3.0,1
1990,10.0,10.0,37.0,3.5,1.36,1.38,4.0,4.0,1
1991,7.0,5.0,31.0,3.3,0.51,-0.2,4.0,3.0,1
1994,4.0,2.0,39.0,3.8,-0.37,-1.09,2.0,4.0,1
1995,5.0,4.0,25.0,2.6,0.04,-0.39,5.0,4.0,0
1996,1.0,1.0,35.3,3.1,-1.61,-1.74,3.0,3.0,1
1999,9.0,8.0,40.0,2.9,1.03,0.78,4.0,4.0,1
2005,1.0,1.0,42.0,3.0,-2.16,-1.88,3.0,4.0,0
2007,8.0,8.0,35.0,3.0,0.73,0.7,4.0,3.0,1
2012,10.0,10.0,40.0,3.5,1.49,1.57,3.0,3.0,1
2013,1.0,1.0,41.0,3.5,-1.64,-1.44,5.0,4.0,1
2016,4.0,3.0,46.0,3.7,-0.39,-0.85,2.0,5.0,1
2017,3.0,4.0,41.0,3.7,-0.44,-0.43,3.0,4.0,1
2019,4.0,6.0,43.0,3.7,-0.25,0.1,5.0,5.0,1
2020,6.0,4.0,32.5,2.5,0.1,-0.36,4.0,3.0,1
2021,10.0,10.0,37.0,3.7,2.53,2.43,4.0,2.0,1
2022,5.0,7.0,34.0,3.1,-0.07,0.48,2.0,3.0,1
2024,8.0,5.0,40.0,2.8,0.7,-0.23,5.0,4.0,1
2026,2.0,1.0,29.0,3.4,-0.97,-1.52,4.0,2.0,0
2029,1.0,2.0,45.0,3.2,-1.66,-1.05,5.0,6.0,1
2030,1.0,1.0,29.0,2.6,-1.18,-1.99,3.0,1.0,0
2031,3.0,3.0,42.0,2.6,-0.51,-0.73,4.0,4.0,1
2039,8.0,9.0,37.0,1.7,0.82,0.87,3.0,3.0,1
2040,7.0,6.0,26.5,3.0,0.39,0.13,4.0,3.0,0
2042,6.0,6.0,41.0,3.7,0.27,0.16,4.0,5.0,1
2044,9.0,8.0,39.0,3.3,1.27,0.84,3.0,3.0,1
2049,3.0,4.0,34.0,2.9,-0.46,-0.33,2.0,2.0,1
2050,5.0,3.0,37.0,3.3,-0.07,-0.6,5.0,4.0,1
2056,9.0,10.0,34.0,3.1,1.15,1.63,4.0,5.0,1
2057,6.0,4.0,36.0,3.5,0.22,-0.36,4.0,4.0,1
2058,4.0,3.0,42.0,4.0,-0.29,-0.59,3.0,4.0,1
2061,6.0,1.0,26.5,2.7,0.16,-1.48,3.0,3.0,1
2063,8.0,7.0,33.0,3.7,0.62,0.3,3.0,4.0,0
2064,1.0,2.0,36.0,3.4,-1.27,-1.12,3.0,4.0,1
2067,3.0,6.0,35.5,3.1,-0.48,0.11,3.0,5.0,1
2072,9.0,9.0,40.0,3.6,1.09,0.98,4.0,5.0,1
2073,8.0,8.0,41.0,3.6,0.73,0.84,5.0,5.0,1
2074,10.0,10.0,31.0,3.5,1.35,1.81,3.0,3.0,1
2076,4.0,4.0,42.0,3.6,-0.25,-0.28,3.0,6.0,1
2079,2.0,2.0,39.0,2.9,-1.2,-1.05,3.0,6.0,1
2081,2.0,2.0,37.0,1.9,-0.96,-1.23,4.0,1.0,0
2082,10.0,8.0,45.0,3.6,1.59,0.76,5.0,5.0,1
2084,6.0,6.0,38.0,2.8,0.21,0.01,4.0,3.0,1
2087,6.0,6.0,31.0,3.2,0.3,0.15,3.0,4.0,1
2089,3.0,4.0,38.0,3.4,-0.66,-0.4,5.0,4.0,1
2090,3.0,1.0,21.0,2.2,-0.67,-1.35,3.0,3.0,1
2092,8.0,10.0,43.0,3.4,0.73,1.83,4.0,3.0,1
2093,4.0,6.0,40.0,3.5,-0.28,0.14,3.0,5.0,1
2094,3.0,2.0,33.5,2.6,-0.62,-1.26,2.0,3.0,0
2095,10.0,10.0,42.0,3.6,1.63,1.39,3.0,6.0,1
2098,7.0,5.0,41.0,3.0,0.37,-0.14,2.0,3.0,1
2100,6.0,5.0,34.0,2.9,0.14,-0.28,3.0,3.0,1
2102,3.0,4.0,41.0,3.3,-0.49,-0.51,4.0,5.0,1
2103,4.0,5.0,33.0,3.1,-0.24,-0.08,2.0,5.0,1
2106,9.0,10.0,36.0,2.6,0.88,1.32,3.0,3.0,1
2108,7.0,4.0,42.0,3.4,0.4,-0.44,5.0,5.0,1
2111,2.0,1.0,30.0,2.7,-1.07,-1.54,4.0,4.0,0
2112,2.0,3.0,28.0,3.6,-0.89,-0.68,3.0,5.0,0
2113,10.0,10.0,34.0,3.6,1.68,1.93,3.0,4.0,1
2114,10.0,10.0,38.0,3.9,1.58,1.73,2.0,4.0,1
2117,6.0,7.0,43.0,3.0,0.23,0.49,2.0,4.0,1
2118,4.0,8.0,41.0,3.5,-0.17,0.65,3.0,4.0,1
2120,9.0,7.0,34.0,3.1,1.02,0.53,3.0,3.0,1
2124,5.0,3.0,37.0,3.1,-0.07,-0.6,4.0,4.0,1
2131,10.0,7.0,38.0,2.8,1.45,0.48,4.0,3.0,1
2132,2.0,1.0,31.0,3.0,-0.93,-1.49,3.0,2.0,0
2134,10.0,10.0,38.0,3.1,1.47,1.38,4.0,4.0,1
2135,6.0,5.0,35.0,2.9,0.17,-0.03,3.0,5.0,1
2136,2.0,4.0,36.0,2.8,-1.03,-0.54,3.0,3.0,1
2137,6.0,8.0,45.0,3.8,0.3,0.66,4.0,4.0,1
2138,7.0,8.0,33.0,3.5,0.54,0.87,4.0,3.0,1
2143,1.0,2.0,35.5,2.8,-1.52,-1.3,3.0,3.0,1
2145,5.0,7.0,39.0,3.2,-0.15,0.33,3.0,3.0,1
2149,4.0,4.0,41.0,3.6,-0.4,-0.46,4.0,4.0,1
2150,2.0,2.0,33.0,3.1,-0.8,-1.2,5.0,5.0,1
2159,2.0,4.0,36.0,3.4,-1.03,-0.36,4.0,4.0,1
2163,7.0,7.0,40.0,3.2,0.44,0.54,4.0,3.0,1
2165,5.0,7.0,42.0,3.5,-0.02,0.44,4.0,5.0,1
2167,10.0,10.0,34.0,3.1,1.43,1.47,4.0,3.0,1
2168,9.0,9.0,38.0,3.3,1.09,1.17,4.0,5.0,1
2169,8.0,7.0,44.0,3.8,0.86,0.32,3.0,5.0,1
2173,9.0,10.0,34.0,3.7,1.29,1.41,2.0,4.0,1
2174,9.0,8.0,39.0,3.5,1.24,0.59,3.0,3.0,1
2175,3.0,3.0,42.0,3.8,-0.52,-0.6,4.0,5.0,1
2178,3.0,4.0,23.0,3.2,-0.56,-0.54,3.0,3.0,1
2180,4.0,5.0,48.0,3.5,-0.19,-0.09,4.0,4.0,1
2184,5.0,7.0,43.0,3.8,-0.08,0.4,4.0,5.0,1
2185,8.0,9.0,39.0,3.4,0.75,1.19,4.0,3.0,1
2187,5.0,6.0,43.0,3.1,0.03,0.13,2.0,5.0,1
2188,2.0,2.0,30.0,3.0,-0.79,-1.06,3.0,2.0,1
2193,2.0,3.0,37.0,3.0,-0.97,-0.71,2.0,3.0,1
2195,8.0,7.0,46.0,3.4,0.81,0.39,4.0,6.0,1
2197,7.0,7.0,38.0,3.5,0.56,0.55,4.0,4.0,1
2199,7.0,6.0,42.0,3.7,0.34,0.14,4.0,4.0,1
2200,2.0,2.0,35.5,3.1,-0.76,-1.1,3.0,5.0,0
2204,7.0,6.0,39.0,3.4,0.49,0.26,3.0,5.0,1
2205,5.0,3.0,37.0,2.6,-0.16,-0.67,2.0,4.0,1
2209,4.0,3.0,30.0,3.3,-0.31,-0.81,4.0,4.0,1
2213,6.0,8.0,34.0,2.2,0.26,0.74,3.0,3.0,1
2214,5.0,9.0,42.0,3.9,-0.06,1.05,3.0,5.0,1
2215,5.0,7.0,45.0,3.2,-0.18,0.37,5.0,5.0,1
2216,3.0,3.0,31.0,3.0,-0.52,-0.7,4.0,4.0,1
2217,4.0,6.0,35.0,3.3,-0.32,0.17,3.0,5.0,1
2218,1.0,1.0,36.0,2.6,-1.63,-2.15,4.0,3.0,0
2219,4.0,3.0,34.0,2.3,-0.29,-0.67,3.0,3.0,0
2220,4.0,4.0,37.0,3.0,-0.29,-0.46,4.0,3.0,1
2221,5.0,5.0,42.0,3.4,-0.11,-0.15,3.0,3.0,1
2222,1.0,2.0,39.5,2.5,-1.43,-1.18,3.0,4.0,1
2225,7.0,7.0,39.0,2.6,0.29,0.38,5.0,2.0,1
2227,8.0,9.0,39.0,3.5,0.86,0.99,4.0,6.0,1
2232,9.0,4.0,28.5,3.3,1.03,-0.49,1.0,3.0,1
2233,8.0,6.0,35.0,3.4,0.74,0.24,3.0,5.0,1
2234,5.0,4.0,46.0,3.5,-0.12,-0.45,4.0,6.0,1
2235,6.0,6.0,40.0,3.1,0.15,0.17,4.0,2.0,1
2237,4.0,4.0,35.5,3.7,-0.4,-0.36,2.0,5.0,1
2239,9.0,10.0,29.3,2.9,1.3,1.47,4.0,4.0,1
2240,7.0,7.0,41.0,3.5,0.4,0.28,4.0,5.0,1
2242,3.0,4.0,42.0,3.9,-0.49,-0.37,4.0,5.0,1
2246,10.0,9.0,42.0,3.4,1.43,1.0,2.0,2.0,1
2248,10.0,9.0,37.0,3.3,1.49,1.28,4.0,3.0,1
2249,6.0,5.0,42.0,2.4,0.15,-0.03,4.0,6.0,0
2251,1.0,1.0,32.0,2.5,-1.87,-2.05,4.0,5.0,1
2253,3.0,4.0,35.0,3.7,-0.49,-0.39,4.0,3.0,1
2255,9.0,9.0,39.0,3.2,1.19,1.06,3.0,3.0,1
2259,4.0,4.0,32.0,3.7,-0.39,-0.44,3.0,4.0,1
2265,7.0,4.0,28.0,3.4,0.44,-0.34,3.0,2.0,0
2269,10.0,10.0,40.0,3.3,1.49,1.54,4.0,4.0,1
2270,10.0,9.0,43.0,3.3,1.82,1.22,4.0,5.0,1
2272,3.0,6.0,28.5,3.7,-0.48,-0.02,4.0,2.0,1
2276,5.0,4.0,45.0,2.6,-0.03,-0.55,1.0,3.0,0
2277,4.0,5.0,28.5,3.1,-0.41,-0.21,4.0,2.0,1
2278,2.0,3.0,33.5,2.1,-0.94,-0.64,4.0,4.0,1
2279,3.0,3.0,30.7,2.9,-0.58,-0.75,4.0,3.0,1
2280,10.0,10.0,34.0,3.4,1.73,1.59,3.0,3.0,1
2281,3.0,4.0,40.0,3.5,-0.63,-0.45,3.0,5.0,1
2282,7.0,5.0,24.5,3.1,0.33,-0.25,2.0,3.0,1
2283,8.0,7.0,42.0,3.7,0.78,0.3,4.0,4.0,1
2284,3.0,3.0,37.0,2.8,-0.54,-0.63,4.0,4.0,1
2291,6.0,3.0,36.0,2.1,0.22,-0.6,3.0,4.0,1
2294,10.0,9.0,40.0,3.2,1.4,1.24,4.0,5.0,1
2299,9.0,9.0,44.0,3.9,1.07,1.09,4.0,6.0,1
2300,4.0,3.0,31.0,3.1,-0.31,-0.58,4.0,3.0,1
2302,7.0,8.0,30.5,2.6,0.54,0.74,2.0,3.0,1
2305,8.0,7.0,39.0,3.8,0.89,0.55,4.0,4.0,1
2306,7.0,4.0,33.0,3.1,0.49,-0.3,3.0,3.0,0
2307,3.0,5.0,37.0,3.6,-0.66,-0.02,2.0,4.0,1
2308,4.0,5.0,40.0,3.6,-0.37,-0.16,4.0,5.0,1
2309,4.0,5.0,35.0,2.9,-0.3,-0.04,3.0,3.0,1
2310,8.0,5.0,42.0,2.4,0.79,0.0,5.0,5.0,1
2311,9.0,10.0,48.0,2.9,1.26,1.34,4.0,5.0,1
2313,9.0,8.0,33.0,3.1,1.19,0.59,5.0,4.0,1
2315,3.0,4.0,28.0,3.7,-0.58,-0.54,4.0,3.0,1
2316,2.0,4.0,37.0,3.0,-0.8,-0.44,4.0,5.0,1
2317,2.0,1.0,35.5,3.0,-1.14,-1.33,4.0,5.0,1
2318,10.0,10.0,39.0,2.9,2.6,2.0,3.0,1.0,1
2322,5.0,6.0,33.0,3.5,-0.13,-0.01,3.0,3.0,1
2323,10.0,10.0,39.0,3.8,1.8,1.56,2.0,4.0,1
2325,3.0,3.0,42.0,3.4,-0.5,-0.83,3.0,4.0,1
2327,2.0,4.0,40.0,2.8,-0.7,-0.52,4.0,3.0,0
2330,1.0,1.0,24.0,3.1,-1.37,-1.96,2.0,5.0,1
2332,7.0,8.0,38.0,3.3,0.35,0.74,4.0,3.0,1
2334,8.0,8.0,39.0,3.8,0.71,0.56,4.0,4.0,1
2335,8.0,5.0,42.0,2.7,0.74,-0.04,2.0,4.0,1
2337,6.0,6.0,40.0,2.9,0.09,0.05,5.0,6.0,1
2338,3.0,4.0,32.5,3.0,-0.51,-0.42,4.0,2.0,1
2339,4.0,7.0,37.0,3.5,-0.33,0.42,3.0,4.0,1
2340,4.0,3.0,31.0,3.2,-0.2,-0.63,3.0,3.0,0
2341,2.0,1.0,42.0,3.4,-0.97,-1.64,3.0,4.0,0
2342,8.0,8.0,42.0,3.8,0.84,0.73,3.0,4.0,1
2345,1.0,1.0,39.0,3.4,-1.42,-1.34,3.0,3.0,1
2346,5.0,5.0,39.0,3.1,-0.08,-0.2,5.0,3.0,1
2347,1.0,1.0,27.0,3.6,-1.9,-2.35,2.0,5.0,0
2348,9.0,7.0,39.5,3.1,0.98,0.45,3.0,3.0,1
2352,5.0,5.0,39.0,3.2,0.01,-0.07,4.0,3.0,1
2355,2.0,2.0,36.0,2.8,-0.97,-1.01,4.0,4.0,0
2360,9.0,9.0,42.0,3.9,1.3,1.1,4.0,4.0,1
2363,8.0,9.0,42.0,3.7,0.74,0.92,4.0,4.0,1
2365,4.0,2.0,37.0,3.2,-0.39,-1.03,3.0,3.0,1
2370,3.0,2.0,31.5,2.2,-0.45,-1.05,4.0,3.0,1
2372,10.0,8.0,28.5,2.7,1.44,0.69,3.0,4.0,1
2377,5.0,3.0,42.0,3.9,-0.07,-0.59,4.0,6.0,1
2380,7.0,7.0,39.0,3.4,0.49,0.39,4.0,5.0,1
2381,5.0,6.0,41.0,3.1,0.02,0.09,3.0,4.0,1
2383,4.0,6.0,40.0,3.7,-0.25,0.09,3.0,6.0,1
2384,2.0,3.0,43.0,3.4,-0.8,-0.69,4.0,4.0,1
2385,2.0,3.0,34.0,2.9,-0.73,-0.77,2.0,2.0,1
2386,9.0,8.0,47.0,2.8,0.98,0.75,3.0,4.0,1
2387,4.0,7.0,28.0,2.6,-0.3,0.22,4.0,2.0,1
2389,3.0,4.0,34.0,2.8,-0.47,-0.54,3.0,3.0,1
2390,6.0,5.0,34.0,2.8,0.22,-0.05,3.0,3.0,1
2391,7.0,5.0,40.0,3.4,0.39,-0.07,4.0,3.0,1
2392,6.0,4.0,37.0,3.0,0.1,-0.41,3.0,2.0,1
2393,5.0,4.0,31.0,3.2,-0.03,-0.35,3.0,3.0,1
2395,1.0,2.0,39.0,3.4,-1.16,-1.24,4.0,3.0,1
2396,9.0,9.0,48.0,3.1,0.99,1.24,5.0,6.0,1
2397,8.0,9.0,34.0,3.3,0.61,1.0,3.0,3.0,1
2398,7.0,4.0,39.0,3.9,0.4,-0.27,4.0,4.0,1
2399,1.0,1.0,43.0,3.3,-2.2,-1.95,3.0,5.0,1
2401,9.0,10.0,31.0,3.8,0.88,1.48,2.0,2.0,1
2403,8.0,9.0,45.0,3.1,0.92,0.91,4.0,6.0,1
2404,3.0,4.0,27.0,3.2,-0.37,-0.42,2.0,1.0,0
2406,9.0,6.0,38.0,2.6,1.01,0.11,4.0,2.0,1
2408,10.0,9.0,36.0,2.9,1.59,1.0,3.0,2.0,1
2409,10.0,10.0,42.0,3.9,2.31,2.45,3.0,4.0,1
2410,3.0,3.0,27.0,3.3,-0.56,-0.57,4.0,3.0,1
2411,2.0,4.0,36.0,3.2,-0.71,-0.36,3.0,3.0,1
2417,5.0,6.0,34.0,2.9,-0.05,0.0,4.0,3.0,1
2422,9.0,9.0,46.0,2.9,1.22,1.04,4.0,3.0,1
2426,4.0,6.0,39.0,3.5,-0.24,0.22,2.0,4.0,1
2427,9.0,3.0,35.0,3.4,0.93,-0.76,3.0,3.0,1
2429,9.0,6.0,47.0,3.7,1.07,0.24,4.0,5.0,1
2432,4.0,3.0,31.0,3.3,-0.26,-0.64,1.0,3.0,1
2436,4.0,4.0,39.0,2.8,-0.38,-0.48,3.0,2.0,0
2437,4.0,5.0,41.0,3.6,-0.25,-0.05,4.0,5.0,1
2438,8.0,6.0,39.0,2.9,0.58,0.15,4.0,3.0,1
2447,9.0,10.0,34.0,3.8,1.18,1.36,3.0,3.0,1
2449,4.0,5.0,46.0,3.6,-0.19,-0.15,3.0,6.0,1
2453,6.0,5.0,40.0,3.0,0.21,-0.01,4.0,4.0,1
2455,10.0,10.0,36.0,3.6,1.58,1.47,3.0,3.0,1
2464,10.0,10.0,40.0,3.3,2.24,2.25,5.0,5.0,1
2471,10.0,10.0,32.0,3.5,1.38,1.42,3.0,3.0,1
2472,4.0,3.0,35.0,3.4,-0.28,-0.55,1.0,4.0,0
2473,3.0,1.0,41.0,3.7,-0.81,-1.48,2.0,6.0,0
2474,10.0,10.0,41.0,3.5,1.44,1.83,4.0,4.0,1
2475,9.0,9.0,44.0,3.2,1.16,0.9,3.0,3.0,1
2477,9.0,10.0,34.0,3.2,1.22,1.33,4.0,3.0,1
2479,2.0,2.0,43.0,3.7,-0.85,-0.92,3.0,6.0,1
2481,10.0,9.0,41.0,3.9,1.6,1.26,4.0,5.0,1
2487,1.0,1.0,29.0,3.0,-2.16,-2.45,3.0,3.0,0
2488,1.0,2.0,40.0,2.5,-1.2,-1.06,5.0,5.0,1
2493,1.0,2.0,34.0,3.5,-1.12,-1.14,2.0,3.0,1
2497,10.0,8.0,41.0,2.9,1.64,0.68,4.0,3.0,1
2498,4.0,4.0,34.0,3.3,-0.17,-0.3,1.0,4.0,1
2501,5.0,7.0,30.5,3.3,-0.18,0.39,3.0,2.0,1
2504,5.0,2.0,38.0,2.8,-0.14,-1.02,3.0,4.0,1
2508,4.0,2.0,38.0,2.7,-0.35,-0.99,2.0,3.0,1
2510,9.0,8.0,30.5,3.1,0.87,0.81,4.0,3.0,1
2514,8.0,9.0,39.0,3.3,0.81,0.86,4.0,6.0,1
2515,7.0,8.0,34.0,3.5,0.35,0.76,2.0,5.0,1
2517,7.0,8.0,41.0,2.7,0.47,0.64,3.0,4.0,1
2522,4.0,5.0,28.0,2.8,-0.09,-0.24,3.0,1.0,1
2524,2.0,4.0,33.0,2.8,-0.9,-0.45,4.0,3.0,1
2525,6.0,7.0,31.0,3.5,0.22,0.27,3.0,3.0,1
2526,6.0,4.0,34.5,2.9,0.08,-0.41,4.0,3.0,1
2528,9.0,10.0,39.0,4.0,1.25,1.94,2.0,3.0,1
2530,10.0,10.0,34.0,3.1,1.73,1.58,4.0,3.0,1
2531,4.0,3.0,31.5,3.4,-0.26,-0.69,4.0,3.0,1
2535,1.0,2.0,47.0,3.5,-1.49,-1.03,3.0,6.0,1
2542,1.0,2.0,34.5,2.7,-1.34,-0.91,3.0,3.0,1
2543,3.0,5.0,41.0,3.1,-0.51,-0.08,4.0,3.0,1
2546,1.0,1.0,39.0,2.5,-1.9,-2.11,4.0,6.0,1
2548,7.0,9.0,37.0,3.5,0.45,1.14,3.0,5.0,1
2550,7.0,8.0,34.5,2.7,0.39,0.61,3.0,3.0,1
2551,5.0,9.0,38.0,3.3,-0.02,0.95,4.0,3.0,1
2554,9.0,9.0,32.0,3.1,0.92,1.04,4.0,3.0,1
2556,3.0,7.0,30.0,2.1,-0.47,0.23,4.0,2.0,1
2557,4.0,5.0,41.0,2.9,-0.2,-0.09,5.0,3.0,1
2559,7.0,7.0,38.0,3.8,0.55,0.45,5.0,3.0,1
2562,9.0,8.0,42.0,2.6,0.96,0.83,3.0,4.0,1
2563,3.0,3.0,39.0,2.8,-0.63,-0.52,5.0,5.0,1
2564,5.0,2.0,40.0,2.6,-0.1,-1.21,2.0,4.0,1
2565,10.0,10.0,44.0,4.0,1.52,1.92,3.0,5.0,1
2570,7.0,8.0,30.0,3.4,0.3,0.82,3.0,2.0,1
2573,5.0,4.0,43.0,3.4,0.06,-0.23,4.0,6.0,1
2575,3.0,2.0,39.0,3.8,-0.77,-0.9,3.0,6.0,1
2578,7.0,9.0,42.0,3.5,0.51,0.93,3.0,2.0,1
2579,5.0,3.0,41.0,3.3,-0.08,-0.6,3.0,5.0,1
2581,8.0,7.0,39.0,2.8,0.56,0.51,4.0,2.0,1
2584,8.0,8.0,41.0,2.6,0.66,0.56,3.0,4.0,1
2586,1.0,1.0,23.0,2.7,-1.39,-1.73,3.0,3.0,0
2589,10.0,8.0,42.0,3.6,1.39,0.75,4.0,5.0,1
2590,2.0,2.0,38.0,3.4,-1.02,-1.24,2.0,3.0,1
2591,5.0,4.0,44.0,3.7,-0.08,-0.32,4.0,5.0,1
2592,6.0,6.0,32.7,3.1,0.2,0.09,4.0,3.0,1
2593,6.0,4.0,43.0,3.6,0.14,-0.43,4.0,5.0,1
2596,3.0,5.0,39.0,3.2,-0.51,0.0,4.0,4.0,1
2599,2.0,2.0,32.0,3.2,-1.07,-1.16,1.0,3.0,1
2601,5.0,5.0,40.0,3.4,0.03,-0.02,4.0,4.0,1
2603,7.0,5.0,28.5,3.9,0.49,-0.05,2.0,4.0,1
2605,10.0,10.0,37.0,2.9,1.51,1.35,3.0,3.0,1
2615,4.0,2.0,32.0,2.8,-0.37,-1.2,5.0,2.0,0
2617,1.0,1.0,39.0,3.4,-2.19,-2.89,4.0,3.0,0
2618,10.0,10.0,42.0,3.4,1.9,2.02,4.0,3.0,1
2620,2.0,2.0,30.0,2.9,-1.04,-1.09,3.0,3.0,1
2622,8.0,7.0,30.0,3.1,0.63,0.34,3.0,3.0,1
2624,3.0,3.0,38.0,3.0,-0.45,-0.76,3.0,3.0,1
2625,9.0,10.0,41.0,3.3,1.39,1.27,2.0,6.0,1
2626,7.0,7.0,37.0,2.8,0.37,0.44,4.0,4.0,1
2631,2.0,2.0,36.0,3.5,-0.98,-1.12,4.0,3.0,1
2634,2.0,4.0,15.0,2.1,-0.61,-0.49,3.0,1.0,0
2635,10.0,10.0,39.0,3.4,2.14,2.08,4.0,4.0,1
2637,7.0,5.0,36.0,3.2,0.28,-0.11,3.0,5.0,1
2641,9.0,9.0,36.0,3.2,1.08,1.04,4.0,4.0,1
2642,2.0,1.0,40.0,3.7,-1.06,-1.53,2.0,4.0,0
2644,9.0,10.0,35.0,3.9,1.01,1.67,4.0,4.0,1
2645,1.0,1.0,32.5,3.6,-1.63,-1.68,3.0,4.0,1
2646,9.0,9.0,40.0,3.1,1.19,1.1,4.0,3.0,1
2647,6.0,3.0,29.5,3.0,0.05,-0.86,3.0,3.0,1
2649,2.0,4.0,35.0,2.4,-0.71,-0.56,3.0,3.0,1
2650,7.0,6.0,32.0,3.6,0.37,0.19,2.0,4.0,1
2651,4.0,4.0,32.0,2.8,-0.29,-0.54,3.0,3.0,1
2652,4.0,7.0,46.0,3.5,-0.17,0.39,4.0,6.0,1
2655,2.0,3.0,21.0,3.9,-1.09,-0.64,3.0,5.0,1
2657,7.0,7.0,37.0,3.2,0.58,0.41,2.0,4.0,1
2658,10.0,9.0,34.0,2.9,1.61,1.31,3.0,2.0,1
2659,6.0,6.0,40.0,3.7,0.2,-0.01,3.0,3.0,1
2661,4.0,4.0,35.0,3.3,-0.18,-0.3,3.0,3.0,1
2662,10.0,9.0,46.0,3.7,1.86,0.98,4.0,5.0,1
2663,3.0,4.0,44.0,4.0,-0.43,-0.48,4.0,4.0,1
2667,10.0,10.0,43.0,3.5,1.67,1.65,4.0,3.0,1
2672,6.0,4.0,33.5,3.2,0.14,-0.36,4.0,4.0,1
2674,7.0,6.0,41.0,2.9,0.45,0.2,3.0,5.0,1
2677,6.0,6.0,39.0,2.6,0.15,0.07,3.0,3.0,1
2679,1.0,2.0,47.0,3.2,-1.38,-1.21,4.0,4.0,1
2682,8.0,7.0,43.0,4.0,0.63,0.31,2.0,4.0,1
2686,1.0,2.0,43.5,3.8,-1.31,-1.0,3.0,5.0,1
2691,9.0,8.0,40.0,3.6,1.24,0.81,4.0,4.0,1
2693,9.0,9.0,48.0,3.2,1.07,1.18,3.0,5.0,1
2698,3.0,2.0,43.0,3.8,-0.7,-1.25,3.0,5.0,1
2704,6.0,7.0,32.0,3.5,0.07,0.4,3.0,5.0,0
2707,10.0,5.0,37.0,2.8,1.4,0.0,4.0,5.0,1
2708,6.0,2.0,32.5,3.3,0.1,-0.92,4.0,3.0,1
2710,9.0,9.0,39.0,3.4,1.21,1.05,3.0,4.0,1
2713,4.0,5.0,33.0,3.3,-0.2,-0.05,4.0,3.0,1
2719,3.0,4.0,29.0,3.8,-0.62,-0.52,4.0,2.0,1
2720,3.0,3.0,40.0,3.6,-0.48,-0.78,3.0,3.0,1
2724,8.0,7.0,38.0,3.5,0.86,0.4,3.0,4.0,1
2726,1.0,1.0,29.0,3.3,-2.15,-1.34,4.0,3.0,1
2731,4.0,4.0,35.0,3.6,-0.33,-0.53,2.0,3.0,1
2735,2.0,3.0,33.0,3.8,-0.89,-0.72,4.0,3.0,1
2737,3.0,1.0,34.0,2.9,-0.61,-1.37,4.0,3.0,0
2739,5.0,6.0,37.0,3.7,0.04,0.15,1.0,4.0,1
2741,8.0,7.0,35.0,3.9,0.83,0.52,4.0,4.0,1
2743,10.0,10.0,40.0,3.6,1.61,1.58,4.0,3.0,1
2744,2.0,1.0,32.0,3.6,-0.77,-1.77,2.0,3.0,0
2745,7.0,7.0,33.5,3.4,0.47,0.42,3.0,3.0,1
2746,9.0,6.0,34.0,3.3,0.99,0.12,4.0,4.0,1
2748,10.0,10.0,40.0,3.2,1.71,2.21,3.0,4.0,1
2749,8.0,2.0,33.3,2.7,0.63,-1.21,3.0,3.0,1
2752,8.0,10.0,46.0,3.9,0.59,1.6,4.0,5.0,1
2755,5.0,5.0,34.0,3.3,-0.17,-0.08,3.0,3.0,1
2757,7.0,7.0,48.0,3.0,0.42,0.45,4.0,4.0,1
2758,9.0,5.0,31.0,3.0,1.05,-0.13,3.0,4.0,1
2760,3.0,4.0,42.0,3.6,-0.64,-0.31,4.0,4.0,1
2762,3.0,3.0,38.0,3.0,-0.69,-0.73,3.0,3.0,1
2763,10.0,10.0,47.0,3.7,2.39,1.97,5.0,5.0,1
2764,5.0,4.0,38.0,3.4,-0.15,-0.27,2.0,4.0,1
2765,5.0,6.0,37.5,3.3,-0.03,0.1,4.0,4.0,1
2766,2.0,4.0,40.0,3.1,-0.78,-0.4,4.0,4.0,1
2767,4.0,4.0,35.0,3.6,-0.24,-0.45,4.0,3.0,1
2770,5.0,6.0,44.0,2.8,-0.06,0.13,4.0,4.0,1
2771,5.0,5.0,34.0,3.4,-0.06,-0.03,4.0,3.0,1
2775,10.0,9.0,44.0,3.8,1.59,1.23,4.0,5.0,1
2776,8.0,7.0,40.5,2.5,0.63,0.33,4.0,4.0,1
2780,7.0,4.0,28.0,3.0,0.43,-0.47,4.0,5.0,0
2781,5.0,4.0,47.0,3.6,-0.07,-0.29,4.0,6.0,1
2783,6.0,6.0,37.0,3.2,0.15,0.03,4.0,4.0,1
2784,1.0,1.0,30.0,2.8,-1.48,-1.6,4.0,3.0,0
2789,4.0,5.0,30.5,3.6,-0.24,-0.22,3.0,3.0,1
2790,5.0,5.0,40.0,3.8,-0.18,-0.14,3.0,5.0,1
2792,7.0,5.0,42.0,3.5,0.54,-0.11,5.0,5.0,1
2794,3.0,7.0,33.0,3.7,-0.47,0.42,4.0,3.0,1
2801,7.0,9.0,39.0,3.2,0.49,0.87,2.0,3.0,1
2804,7.0,8.0,33.0,3.6,0.46,0.72,2.0,3.0,1
2805,5.0,4.0,40.0,3.4,-0.06,-0.27,4.0,5.0,1
2806,8.0,7.0,44.0,3.6,0.82,0.47,4.0,6.0,1
2808,5.0,5.0,36.0,3.4,-0.04,-0.1,4.0,4.0,1
2809,2.0,1.0,30.0,3.3,-1.08,-1.32,2.0,3.0,1
2813,1.0,2.0,47.0,4.0,-1.24,-0.88,5.0,5.0,1
2814,2.0,3.0,25.0,3.3,-0.75,-0.66,4.0,3.0,1
2818,8.0,10.0,32.0,3.3,0.82,1.97,4.0,2.0,1
2819,7.0,6.0,32.5,3.7,0.5,0.08,3.0,4.0,1
2824,8.0,6.0,38.0,3.0,0.83,0.24,4.0,3.0,1
2827,5.0,6.0,34.0,3.1,-0.12,0.11,4.0,4.0,1
2829,3.0,5.0,35.0,3.6,-0.56,-0.21,3.0,4.0,1
2833,7.0,5.0,38.0,3.2,0.45,-0.2,5.0,3.0,1
2834,7.0,9.0,45.0,3.6,0.51,1.2,3.0,5.0,1
2835,4.0,5.0,44.0,3.0,-0.28,-0.04,4.0,4.0,1
2838,8.0,10.0,25.5,3.7,0.65,1.32,3.0,3.0,1
2842,3.0,2.0,47.0,2.5,-0.69,-1.15,3.0,4.0,1
2847,4.0,3.0,43.0,2.7,-0.39,-0.54,5.0,4.0,0
2849,3.0,4.0,39.5,3.5,-0.52,-0.29,4.0,4.0,1
2853,5.0,5.0,34.0,3.1,0.01,-0.04,3.0,4.0,1
2860,9.0,7.0,42.0,3.9,0.93,0.47,4.0,3.0,1
2861,4.0,4.0,36.5,3.2,-0.41,-0.39,2.0,3.0,1
2862,1.0,1.0,30.0,3.5,-1.6,-1.97,3.0,3.0,1
2864,5.0,7.0,43.0,3.8,-0.15,0.43,4.0,4.0,1
2867,6.0,7.0,40.0,3.3,0.19,0.55,3.0,4.0,1
2868,2.0,2.0,26.5,3.2,-0.95,-0.99,3.0,3.0,0
2869,4.0,3.0,32.5,2.8,-0.41,-0.83,5.0,2.0,1
2875,10.0,10.0,42.0,4.0,1.52,1.69,4.0,4.0,1
2879,10.0,10.0,36.0,3.3,1.39,1.38,2.0,3.0,1
2881,10.0,10.0,34.0,3.8,1.99,1.97,4.0,4.0,1
2882,2.0,3.0,34.0,3.3,-1.04,-0.72,5.0,5.0,1
2883,10.0,10.0,42.0,3.4,1.28,1.71,4.0,5.0,1
2886,5.0,2.0,28.0,3.3,0.01,-0.89,4.0,4.0,0
2890,7.0,7.0,38.0,3.8,0.39,0.33,3.0,4.0,1
2891,3.0,5.0,33.0,3.1,-0.44,-0.09,3.0,3.0,1
2893,5.0,2.0,41.0,3.9,0.04,-0.92,3.0,6.0,1
2896,10.0,10.0,38.0,3.1,1.53,1.86,4.0,5.0,1
2898,1.0,1.0,29.0,3.1,-1.55,-1.54,3.0,4.0,0
2901,7.0,7.0,34.5,2.7,0.53,0.45,3.0,3.0,1
2902,4.0,10.0,35.0,3.6,-0.26,2.24,3.0,5.0,1
2904,9.0,10.0,42.0,3.3,1.23,1.56,3.0,3.0,1
2905,6.0,5.0,35.5,2.1,0.06,-0.08,4.0,3.0,1
2907,3.0,2.0,34.0,3.0,-0.57,-0.96,3.0,3.0,1
2909,2.0,4.0,34.0,3.0,-0.81,-0.48,3.0,5.0,1
2910,6.0,6.0,47.0,2.8,0.29,0.26,4.0,6.0,1
2911,10.0,8.0,37.0,3.5,1.34,0.8,4.0,3.0,1
2912,9.0,9.0,39.0,3.5,0.89,0.89,4.0,5.0,1
2913,8.0,7.0,37.0,3.2,0.7,0.5,4.0,4.0,1
2915,7.0,9.0,41.0,2.4,0.34,1.11,2.0,3.0,1
2918,3.0,5.0,41.0,3.2,-0.48,-0.03,5.0,3.0,1
2921,8.0,9.0,38.0,2.8,0.68,1.23,4.0,1.0,1
2924,5.0,8.0,38.0,3.5,-0.13,0.72,4.0,4.0,1
2925,10.0,10.0,46.0,3.1,1.61,1.93,4.0,3.0,1
2928,7.0,7.0,32.0,3.0,0.38,0.29,3.0,5.0,1
2930,9.0,10.0,35.5,3.0,1.21,1.4,3.0,3.0,1
2932,9.0,10.0,33.0,2.1,1.23,1.46,2.0,3.0,1
2937,4.0,3.0,38.0,3.1,-0.27,-0.82,4.0,3.0,0
2939,7.0,7.0,38.0,3.3,0.36,0.37,2.0,4.0,1
2942,6.0,5.0,33.0,3.5,0.14,-0.08,4.0,3.0,1
2943,6.0,8.0,39.0,3.1,0.19,0.61,3.0,4.0,1
2945,10.0,10.0,39.0,2.8,1.36,1.55,4.0,3.0,1
2946,1.0,6.0,35.0,3.8,-1.31,0.0,3.0,3.0,1
2947,1.0,1.0,30.5,3.1,-1.52,-1.7,3.0,3.0,0
2949,10.0,10.0,41.0,3.7,1.86,1.53,4.0,4.0,1
2950,9.0,8.0,38.5,3.8,1.04,0.67,4.0,3.0,1
2951,1.0,3.0,32.0,3.2,-1.16,-0.77,4.0,3.0,1
2952,2.0,3.0,33.0,2.5,-0.99,-0.71,3.0,5.0,1
2953,10.0,10.0,39.0,3.5,1.83,1.69,3.0,4.0,1
2955,4.0,1.0,36.0,3.1,-0.35,-1.33,4.0,3.0,0
2957,1.0,3.0,29.0,3.2,-1.21,-0.73,4.0,3.0,1
2961,1.0,2.0,37.0,2.6,-1.24,-1.21,4.0,3.0,1
2964,4.0,4.0,36.0,2.9,-0.43,-0.52,3.0,2.0,1
2965,4.0,5.0,39.0,2.7,-0.28,-0.28,4.0,2.0,0
2966,9.0,7.0,33.0,3.2,1.25,0.36,4.0,3.0,0
2972,9.0,9.0,28.0,3.7,0.97,1.04,4.0,3.0,1
2974,9.0,9.0,37.0,3.7,1.19,1.18,3.0,4.0,1
2975,2.0,2.0,32.0,2.4,-1.01,-1.2,3.0,4.0,1
2977,8.0,5.0,47.0,3.6,0.61,-0.1,4.0,5.0,1
2981,4.0,4.0,35.0,2.6,-0.37,-0.53,3.0,2.0,0
2983,5.0,7.0,35.0,3.4,-0.08,0.49,4.0,3.0,1
2984,6.0,9.0,37.0,3.6,0.32,1.01,2.0,4.0,1
2986,3.0,5.0,37.0,3.4,-0.48,-0.12,3.0,5.0,1
2987,3.0,1.0,34.0,3.6,-0.63,-1.34,4.0,3.0,0
2989,10.0,10.0,33.0,3.4,1.62,1.42,4.0,3.0,1
2992,7.0,6.0,37.0,3.2,0.32,0.19,5.0,3.0,1
2997,10.0,10.0,46.0,3.9,2.02,2.06,4.0,4.0,1
2999,3.0,5.0,36.0,2.6,-0.55,-0.08,4.0,5.0,1
3004,6.0,4.0,39.0,3.1,0.3,-0.34,5.0,3.0,1
3005,6.0,6.0,33.0,2.7,0.16,0.13,4.0,2.0,1
3007,10.0,6.0,41.0,2.9,2.07,0.19,3.0,6.0,1
3011,5.0,3.0,37.0,3.7,0.01,-0.55,3.0,4.0,1
3012,7.0,7.0,46.0,3.4,0.4,0.45,3.0,5.0,1
3013,9.0,7.0,31.0,2.4,1.05,0.48,3.0,1.0,1
3016,9.0,8.0,36.0,2.9,0.98,0.69,1.0,2.0,1
3017,9.0,10.0,43.0,2.6,1.17,1.3,3.0,5.0,1
3018,6.0,6.0,32.5,3.4,0.33,0.29,4.0,4.0,1
3021,4.0,5.0,40.0,3.4,-0.29,-0.12,4.0,6.0,1
3024,1.0,1.0,29.5,2.7,-1.84,-2.2,5.0,6.0,0
3025,8.0,7.0,45.0,2.7,0.73,0.31,4.0,4.0,1
3026,10.0,9.0,46.0,2.9,1.74,1.26,4.0,3.0,1
3028,2.0,2.0,29.0,3.5,-0.71,-1.23,5.0,3.0,0
3032,3.0,2.0,40.0,3.0,-0.47,-1.26,3.0,3.0,1
3033,6.0,3.0,48.0,2.9,0.15,-0.64,4.0,2.0,1
3035,7.0,6.0,37.0,3.0,0.51,0.26,4.0,3.0,0
3038,9.0,8.0,32.0,3.1,1.09,0.73,4.0,5.0,1
3039,9.0,10.0,41.0,3.8,1.27,1.6,1.0,4.0,1
3040,5.0,6.0,24.0,3.8,-0.13,0.22,5.0,3.0,1
3041,8.0,8.0,43.0,4.0,0.64,0.69,2.0,3.0,1
3042,3.0,4.0,46.0,3.1,-0.55,-0.4,3.0,6.0,1
3043,3.0,2.0,30.0,3.3,-0.48,-1.0,5.0,4.0,1
3044,8.0,7.0,34.0,3.3,0.89,0.55,4.0,4.0,1
3045,8.0,7.0,48.0,3.5,0.71,0.51,4.0,6.0,1
3046,8.0,10.0,35.5,3.5,0.65,1.56,4.0,3.0,1
3047,9.0,10.0,33.0,2.7,1.16,1.52,4.0,1.0,1
3049,9.0,8.0,33.5,2.8,1.02,0.75,4.0,3.0,1
3055,9.0,9.0,45.0,3.7,1.04,0.92,4.0,4.0,1
3058,4.0,5.0,32.0,4.0,-0.31,-0.1,3.0,3.0,1
3061,8.0,2.0,34.0,3.1,0.85,-1.07,3.0,5.0,1
3065,3.0,3.0,46.0,2.7,-0.7,-0.62,4.0,5.0,1
3068,3.0,4.0,38.0,3.3,-0.43,-0.47,4.0,4.0,1
3069,1.0,3.0,42.0,3.0,-1.42,-0.82,4.0,5.0,1
3070,3.0,2.0,39.0,2.4,-0.64,-0.92,4.0,3.0,1
3071,4.0,5.0,36.5,3.6,-0.28,-0.1,3.0,3.0,1
3072,2.0,2.0,47.0,3.6,-1.1,-0.98,2.0,6.0,1
3073,8.0,5.0,37.0,3.2,0.64,-0.22,3.0,5.0,1
3074,5.0,6.0,34.0,3.6,-0.13,0.17,4.0,3.0,1
3075,8.0,9.0,40.0,3.7,0.82,0.9,3.0,4.0,1
3079,4.0,4.0,36.0,3.2,-0.23,-0.51,4.0,5.0,0
3081,5.0,4.0,30.0,3.6,-0.16,-0.41,3.0,3.0,1
3085,6.0,6.0,39.0,2.7,0.21,0.1,4.0,4.0,1
3086,3.0,7.0,48.0,3.8,-0.47,0.26,4.0,5.0,1
3088,1.0,2.0,39.0,3.2,-1.19,-1.18,3.0,2.0,1
3090,3.0,4.0,24.7,2.9,-0.45,-0.32,3.0,4.0,0
3091,9.0,9.0,40.0,3.2,0.99,0.93,3.0,6.0,1
3092,2.0,2.0,42.0,3.6,-0.78,-0.91,5.0,5.0,1
3093,4.0,2.0,36.0,2.3,-0.32,-1.23,3.0,3.0,1
3094,1.0,1.0,34.0,3.6,-1.87,-1.34,4.0,4.0,1
3099,10.0,10.0,35.0,3.2,1.37,1.43,4.0,5.0,1
3102,9.0,10.0,34.0,3.1,1.18,1.39,4.0,3.0,1
3105,2.0,3.0,42.0,3.4,-0.95,-0.65,3.0,3.0,1
3107,3.0,4.0,34.0,3.5,-0.48,-0.24,4.0,6.0,1
3109,8.0,8.0,38.0,3.4,0.79,0.57,4.0,3.0,1
3110,5.0,3.0,30.0,3.1,-0.03,-0.7,3.0,3.0,1
3112,6.0,6.0,37.0,3.5,0.2,0.28,4.0,4.0,1
3115,7.0,10.0,39.0,2.6,0.43,1.34,2.0,3.0,1
3118,2.0,2.0,39.0,3.4,-0.92,-0.88,4.0,4.0,1
3124,8.0,7.0,41.0,3.3,0.88,0.42,3.0,6.0,1
3126,10.0,10.0,44.0,3.3,2.22,2.33,1.0,4.0,1
3131,10.0,10.0,40.0,3.7,1.61,1.9,4.0,3.0,1
3132,8.0,8.0,38.0,3.5,0.84,0.61,4.0,3.0,1
3133,8.0,6.0,34.0,2.6,0.73,0.2,3.0,3.0,1
3134,3.0,2.0,29.0,2.7,-0.66,-1.18,3.0,4.0,1
3135,5.0,5.0,42.0,3.4,0.0,-0.27,3.0,3.0,1
3138,9.0,9.0,39.0,3.6,1.08,1.08,4.0,4.0,1
3140,10.0,10.0,30.0,3.6,1.42,1.6,4.0,3.0,1
3144,2.0,3.0,35.0,3.1,-1.02,-0.88,3.0,3.0,1
3148,7.0,9.0,39.0,3.4,0.44,0.93,2.0,5.0,1
3152,6.0,7.0,38.0,3.7,0.33,0.51,3.0,6.0,1
3154,1.0,3.0,31.0,3.2,-1.56,-0.74,2.0,3.0,0
3155,6.0,6.0,37.0,3.6,0.14,0.03,5.0,4.0,1
3158,10.0,10.0,47.0,4.0,1.62,2.24,3.0,6.0,1
3159,10.0,10.0,37.0,2.7,2.22,2.22,3.0,3.0,1
3160,9.0,8.0,29.0,2.9,1.16,0.71,4.0,3.0,1
3164,8.0,10.0,31.0,3.0,0.6,2.75,4.0,3.0,1
3165,9.0,9.0,39.0,2.5,1.09,1.08,3.0,3.0,1
3166,7.0,9.0,41.0,3.3,0.42,1.25,4.0,5.0,1
3167,8.0,9.0,39.0,3.5,0.86,0.86,5.0,6.0,1
3171,7.0,8.0,42.0,3.9,0.31,0.7,2.0,5.0,1
3172,1.0,1.0,32.0,2.8,-1.32,-1.62,4.0,4.0,0
3174,3.0,3.0,40.0,2.5,-0.73,-0.64,3.0,5.0,1
3178,4.0,2.0,42.0,2.6,-0.29,-0.9,3.0,3.0,0
3182,9.0,9.0,45.0,3.4,0.94,1.02,4.0,4.0,1
3183,9.0,8.0,30.0,3.0,1.1,0.73,4.0,2.0,1
3187,3.0,2.0,36.0,2.4,-0.5,-1.17,5.0,2.0,1
3188,2.0,3.0,26.0,3.5,-0.82,-0.6,3.0,4.0,1
3191,9.0,10.0,36.5,3.8,1.08,1.6,4.0,4.0,1
3192,7.0,7.0,34.5,3.4,0.56,0.47,3.0,2.0,1
3194,10.0,10.0,39.0,2.5,1.64,1.82,3.0,3.0,1
3199,6.0,8.0,37.0,3.6,0.32,0.63,3.0,4.0,1
3202,4.0,3.0,38.0,2.9,-0.25,-0.57,2.0,4.0,1
3207,3.0,3.0,37.0,3.6,-0.61,-0.68,3.0,4.0,1
3208,8.0,8.0,42.0,3.3,0.77,0.65,4.0,2.0,1
3210,9.0,9.0,46.0,3.9,1.04,1.2,4.0,6.0,1
3211,3.0,8.0,32.0,3.2,-0.47,0.57,4.0,3.0,1
3212,4.0,2.0,31.5,3.7,-0.2,-0.97,4.0,4.0,1
3213,10.0,10.0,39.0,3.9,1.51,1.42,2.0,4.0,1
3214,7.0,5.0,39.0,3.2,0.39,-0.04,3.0,6.0,1
3218,10.0,10.0,39.0,3.7,1.31,1.68,5.0,4.0,1
3220,1.0,3.0,35.0,3.0,-1.24,-0.79,4.0,5.0,1
3223,10.0,10.0,41.0,2.9,1.54,1.54,4.0,4.0,1
3224,4.0,6.0,33.0,4.0,-0.4,0.21,4.0,4.0,1
3225,4.0,5.0,36.0,2.6,-0.4,-0.21,3.0,5.0,1
3226,1.0,1.0,34.0,3.0,-1.85,-1.53,3.0,5.0,0
3227,5.0,5.0,31.0,3.4,-0.03,-0.11,1.0,3.0,1
3229,2.0,2.0,33.0,3.3,-0.82,-1.08,3.0,5.0,1
3234,6.0,4.0,40.0,3.6,0.33,-0.42,4.0,4.0,0
3236,1.0,1.0,25.0,3.1,-1.44,-1.5,4.0,4.0,0
3237,6.0,8.0,39.0,3.2,0.12,0.7,3.0,4.0,1
3243,5.0,5.0,34.5,3.6,0.06,-0.06,3.0,4.0,1
3244,5.0,4.0,39.0,2.9,0.02,-0.45,4.0,3.0,0
3245,7.0,7.0,39.0,3.8,0.59,0.5,3.0,4.0,1
3246,8.0,8.0,30.0,3.6,0.75,0.68,3.0,3.0,1
3247,8.0,9.0,44.0,3.4,0.88,1.03,4.0,6.0,1
3248,9.0,10.0,40.0,3.5,1.13,1.49,4.0,3.0,1
3253,5.0,6.0,41.0,3.4,-0.02,0.08,3.0,3.0,1
3254,5.0,6.0,36.0,3.4,0.04,0.18,3.0,3.0,1
3257,5.0,8.0,43.0,3.4,-0.01,0.73,5.0,6.0,1
3258,3.0,1.0,36.0,3.1,-0.46,-1.61,2.0,3.0,0
3259,5.0,4.0,39.0,3.0,-0.13,-0.44,2.0,4.0,1
3260,3.0,1.0,33.0,3.1,-0.63,-1.75,2.0,3.0,1
3263,6.0,4.0,35.0,3.3,0.12,-0.35,3.0,4.0,1
3264,9.0,8.0,39.0,3.1,1.03,0.87,1.0,4.0,1
3265,5.0,7.0,39.0,3.6,-0.02,0.31,2.0,3.0,1
3266,9.0,9.0,44.0,3.3,1.15,0.99,4.0,4.0,1
3269,2.0,3.0,30.0,2.8,-0.69,-0.79,4.0,1.0,0
3281,8.0,7.0,41.0,3.6,0.75,0.52,2.0,4.0,1
3283,4.0,4.0,35.0,3.0,-0.22,-0.35,3.0,3.0,0
3287,4.0,2.0,29.0,2.9,-0.35,-0.94,3.0,5.0,1
3288,5.0,7.0,37.0,3.5,-0.11,0.55,4.0,4.0,1
3295,8.0,9.0,37.0,3.7,0.63,1.02,4.0,4.0,1
3298,8.0,8.0,35.0,3.3,0.66,0.61,4.0,4.0,1
3300,5.0,6.0,32.0,3.4,0.1,0.09,2.0,1.0,1
3302,10.0,10.0,39.0,3.0,1.7,1.82,4.0,5.0,1
3304,6.0,6.0,37.0,3.7,0.31,0.25,3.0,4.0,1
3305,10.0,10.0,42.0,3.9,1.31,1.51,4.0,4.0,1
3306,8.0,7.0,33.0,3.2,0.8,0.38,4.0,3.0,1
3307,4.0,4.0,42.0,2.4,-0.29,-0.3,4.0,3.0,1
3311,3.0,6.0,29.0,3.0,-0.44,0.03,4.0,3.0,1
3312,10.0,10.0,34.0,4.0,1.78,2.08,3.0,2.0,1
3316,4.0,4.0,38.0,3.4,-0.18,-0.38,4.0,4.0,1
3318,10.0,10.0,45.0,3.4,2.09,2.13,4.0,3.0,0
3319,10.0,6.0,39.0,3.5,2.3,0.23,3.0,6.0,1
3321,5.0,4.0,28.5,3.4,-0.12,-0.37,3.0,3.0,1
3323,2.0,4.0,38.0,2.9,-0.92,-0.5,4.0,4.0,1
3324,3.0,6.0,30.5,3.5,-0.5,0.24,4.0,4.0,1
3325,7.0,8.0,35.0,3.4,0.47,0.81,3.0,3.0,1
3326,4.0,3.0,40.0,2.5,-0.21,-0.6,4.0,3.0,1
3335,1.0,1.0,40.0,3.2,-1.23,-1.37,4.0,4.0,1
3336,9.0,9.0,36.0,3.1,1.22,1.07,4.0,4.0,1
3337,10.0,10.0,35.5,3.0,1.88,2.3,4.0,4.0,1
3339,1.0,1.0,26.0,3.6,-1.23,-1.41,3.0,4.0,0
3340,10.0,9.0,41.0,2.8,1.68,0.97,4.0,4.0,1
3342,3.0,3.0,38.0,3.1,-0.65,-0.64,4.0,3.0,1
3345,1.0,2.0,34.0,3.1,-1.16,-1.01,3.0,1.0,0
3346,2.0,3.0,39.0,2.8,-0.8,-0.81,4.0,3.0,1
3347,4.0,3.0,33.0,2.6,-0.43,-0.67,4.0,2.0,1
3348,2.0,1.0,27.0,3.6,-0.98,-1.32,4.0,5.0,1
3350,10.0,10.0,38.0,3.2,1.92,1.98,3.0,3.0,1
3353,3.0,4.0,40.0,3.3,-0.47,-0.27,2.0,4.0,1
3354,8.0,7.0,41.0,2.9,0.75,0.46,5.0,3.0,1
3356,2.0,3.0,34.0,3.0,-1.12,-0.73,1.0,5.0,0
3357,9.0,7.0,40.0,3.1,1.06,0.31,4.0,3.0,1
3358,9.0,7.0,40.0,2.6,0.93,0.42,4.0,3.0,1
3361,2.0,5.0,41.0,3.2,-0.76,-0.19,3.0,4.0,1
3363,3.0,4.0,35.0,2.6,-0.49,-0.48,3.0,3.0,1
3365,9.0,9.0,34.0,3.1,1.09,1.12,3.0,3.0,1
3367,8.0,8.0,38.0,3.4,0.83,0.8,3.0,4.0,1
3369,6.0,7.0,33.5,2.6,0.19,0.49,4.0,3.0,1
3370,4.0,3.0,31.0,2.7,-0.22,-0.65,4.0,2.0,0
3371,2.0,2.0,36.0,2.5,-0.91,-1.1,4.0,3.0,1
3372,7.0,7.0,36.0,2.4,0.39,0.29,3.0,3.0,1
3373,5.0,7.0,35.0,3.0,-0.13,0.45,4.0,3.0,1
3374,6.0,7.0,38.0,2.9,0.17,0.38,4.0,3.0,1
3376,8.0,8.0,39.0,3.4,0.81,0.61,4.0,4.0,1
3378,6.0,7.0,37.0,3.3,0.08,0.37,3.0,3.0,1
3382,2.0,1.0,37.0,2.7,-1.01,-1.49,2.0,4.0,1
3383,4.0,3.0,37.0,3.1,-0.26,-0.58,4.0,4.0,1
3384,8.0,6.0,41.0,3.4,0.67,0.26,4.0,4.0,1
3385,6.0,4.0,32.0,3.1,0.28,-0.43,3.0,3.0,1
3387,3.0,1.0,27.0,3.2,-0.69,-1.82,2.0,4.0,1
3388,4.0,4.0,31.0,3.9,-0.28,-0.5,4.0,4.0,1
3390,9.0,7.0,36.0,3.5,0.9,0.42,4.0,3.0,1
3393,8.0,8.0,46.0,3.5,0.59,0.76,3.0,5.0,1
3394,3.0,3.0,37.0,3.5,-0.58,-0.6,3.0,4.0,0
3396,2.0,2.0,31.0,3.0,-1.04,-1.21,4.0,3.0,0
3397,2.0,3.0,44.0,3.5,-0.73,-0.85,3.0,3.0,1
3400,3.0,2.0,30.0,2.8,-0.61,-1.26,3.0,3.0,0
3401,5.0,3.0,28.3,2.4,-0.1,-0.69,3.0,2.0,1
3402,5.0,5.0,38.0,4.0,-0.03,-0.06,3.0,4.0,1
3403,2.0,2.0,33.0,2.5,-0.98,-0.93,3.0,4.0,1
3404,10.0,10.0,48.0,2.7,1.77,1.59,4.0,3.0,1
3409,5.0,4.0,37.5,3.4,-0.08,-0.52,3.0,4.0,1
3411,2.0,6.0,43.0,3.5,-0.83,0.18,1.0,5.0,1
3413,5.0,5.0,39.0,3.6,0.08,-0.14,2.0,4.0,1
3415,5.0,6.0,39.5,3.2,0.03,0.1,4.0,3.0,1
3416,5.0,4.0,39.0,2.6,0.02,-0.24,3.0,5.0,0
3419,2.0,3.0,41.0,3.4,-0.86,-0.73,3.0,4.0,1
3420,9.0,9.0,46.0,3.3,1.2,1.13,4.0,6.0,1
3423,6.0,5.0,38.0,3.0,0.14,-0.07,3.0,4.0,1
3424,4.0,5.0,45.0,3.3,-0.34,-0.09,3.0,5.0,1
3428,5.0,7.0,37.0,3.3,-0.1,0.38,2.0,3.0,1
3430,7.0,5.0,33.0,3.0,0.4,-0.06,3.0,3.0,1
3432,3.0,5.0,42.0,3.3,-0.69,-0.12,2.0,4.0,1
3434,10.0,10.0,41.0,4.0,1.64,1.64,3.0,4.0,1
3435,2.0,1.0,39.0,3.6,-0.83,-1.39,4.0,4.0,1
3438,7.0,4.0,43.0,3.7,0.48,-0.25,4.0,6.0,1
3439,3.0,5.0,42.0,2.8,-0.43,-0.14,3.0,4.0,1
3440,9.0,10.0,26.5,3.1,1.03,1.56,4.0,2.0,1
3441,1.0,3.0,39.5,2.9,-1.22,-0.81,4.0,4.0,1
3444,1.0,1.0,27.0,3.4,-1.21,-1.64,3.0,3.0,0
3445,7.0,7.0,35.0,2.3,0.46,0.28,3.0,5.0,1
3446,7.0,5.0,32.5,2.9,0.43,-0.12,4.0,3.0,1
3448,6.0,7.0,42.0,3.6,0.2,0.29,4.0,2.0,1
3450,8.0,10.0,35.0,3.0,0.84,1.54,2.0,3.0,1
3453,10.0,10.0,42.0,4.0,1.95,1.58,3.0,6.0,1
3456,9.0,10.0,37.0,3.7,1.07,1.41,4.0,4.0,1
3461,9.0,9.0,45.0,3.6,0.98,0.92,3.0,4.0,1
3463,10.0,10.0,31.0,3.4,1.64,2.13,3.0,3.0,1
3466,3.0,3.0,45.0,3.2,-0.69,-0.79,3.0,4.0,1
3467,1.0,1.0,36.5,3.4,-1.47,-1.4,4.0,3.0,0
3469,5.0,4.0,33.0,2.8,-0.1,-0.47,3.0,3.0,1
3473,10.0,10.0,40.0,3.8,1.75,1.73,2.0,4.0,1
3474,6.0,6.0,37.0,3.4,0.16,0.1,3.0,3.0,1
3478,1.0,2.0,35.0,3.4,-1.23,-1.13,3.0,2.0,1
3480,8.0,8.0,32.0,3.2,0.83,0.64,4.0,3.0,1
3482,8.0,9.0,44.0,3.4,0.81,1.28,5.0,5.0,1
3485,2.0,6.0,28.0,2.2,-0.65,0.11,4.0,1.0,0
3489,6.0,7.0,42.0,2.9,0.23,0.31,3.0,5.0,1
3491,2.0,2.0,33.0,3.1,-0.9,-0.9,4.0,3.0,1
3495,10.0,9.0,32.5,3.1,2.26,0.94,3.0,5.0,1
3500,2.0,1.0,31.0,3.4,-1.12,-1.9,4.0,5.0,1
3502,1.0,2.0,37.0,3.9,-1.38,-1.17,4.0,6.0,1
3503,6.0,7.0,41.0,3.3,0.07,0.36,4.0,5.0,1
3505,4.0,4.0,41.0,3.4,-0.39,-0.48,4.0,5.0,1
3506,3.0,2.0,26.0,3.3,-0.56,-0.97,3.0,3.0,1
3507,10.0,9.0,39.0,3.5,1.44,1.06,4.0,4.0,1
3508,9.0,6.0,35.0,3.0,0.88,0.09,3.0,5.0,1
3512,2.0,1.0,27.0,3.1,-0.79,-1.34,2.0,3.0,0
3513,2.0,3.0,30.5,2.8,-0.75,-0.86,5.0,2.0,1
3516,5.0,5.0,41.0,3.3,0.05,-0.16,3.0,3.0,1
3517,7.0,6.0,41.0,3.3,0.38,0.06,3.0,5.0,1
3518,6.0,4.0,31.5,3.2,0.17,-0.42,4.0,3.0,1
3520,3.0,2.0,35.0,2.8,-0.58,-1.13,3.0,3.0,1
3522,10.0,10.0,40.0,3.6,2.02,1.33,3.0,4.0,1
3524,4.0,4.0,39.0,2.7,-0.22,-0.28,2.0,5.0,1
3529,1.0,3.0,24.0,2.6,-1.53,-0.65,2.0,1.0,0
3531,2.0,2.0,39.0,3.4,-1.01,-0.94,3.0,4.0,1
3532,4.0,4.0,39.0,3.4,-0.17,-0.48,4.0,4.0,1
3534,7.0,7.0,36.5,3.8,0.55,0.3,4.0,3.0,1
3535,10.0,10.0,48.0,3.1,1.48,1.31,4.0,5.0,1
3536,7.0,6.0,35.0,3.1,0.45,0.19,3.0,3.0,1
3538,8.0,8.0,42.0,2.9,0.6,0.69,3.0,5.0,1
3539,10.0,9.0,36.0,3.3,1.59,0.93,3.0,4.0,1
3540,4.0,4.0,33.0,3.4,-0.33,-0.33,3.0,3.0,1
3541,1.0,2.0,33.5,2.9,-1.43,-0.91,3.0,3.0,0
3542,7.0,8.0,40.0,2.4,0.49,0.63,3.0,3.0,1
3544,9.0,8.0,34.0,3.8,1.03,0.84,3.0,4.0,1
3547,2.0,3.0,33.0,2.4,-0.75,-0.86,3.0,3.0,0
3548,7.0,8.0,41.0,3.6,0.52,0.58,4.0,3.0,1
3551,5.0,5.0,34.0,3.1,-0.15,-0.04,4.0,3.0,1
3552,5.0,2.0,30.0,2.7,-0.01,-0.93,4.0,4.0,0
3555,8.0,7.0,40.0,3.7,0.67,0.51,4.0,5.0,1
3558,1.0,2.0,37.0,3.2,-1.32,-1.09,4.0,6.0,1
3559,6.0,7.0,32.0,2.3,0.22,0.52,4.0,3.0,1
3560,5.0,5.0,30.0,3.1,-0.1,-0.21,5.0,4.0,1
3563,2.0,7.0,34.0,2.9,-0.97,0.35,3.0,3.0,1
3567,4.0,5.0,46.0,3.1,-0.29,-0.13,3.0,4.0,1
3568,8.0,7.0,38.0,3.3,0.57,0.53,3.0,3.0,1
3569,2.0,4.0,37.0,2.9,-0.81,-0.45,4.0,5.0,1
3573,6.0,4.0,37.0,3.3,0.23,-0.4,3.0,4.0,1
3574,8.0,9.0,34.0,3.8,0.8,1.17,4.0,4.0,1
3576,2.0,2.0,37.0,3.1,-0.81,-0.97,3.0,3.0,1
3577,10.0,9.0,39.0,2.7,1.83,1.25,1.0,4.0,1
3580,5.0,4.0,35.0,2.7,-0.02,-0.46,4.0,3.0,1
3582,9.0,9.0,45.0,3.8,0.97,1.04,4.0,6.0,1
3583,2.0,5.0,43.0,3.3,-0.9,-0.22,4.0,6.0,1
3586,7.0,8.0,34.0,3.4,0.55,0.68,3.0,4.0,1
3587,6.0,8.0,39.0,3.8,0.12,0.79,4.0,6.0,1
3589,1.0,1.0,26.5,2.4,-2.31,-2.42,4.0,3.0,0
3591,9.0,7.0,45.0,3.7,0.93,0.48,3.0,5.0,1
3593,9.0,9.0,33.0,3.5,0.88,0.88,3.0,5.0,1
3596,6.0,7.0,35.0,3.5,0.17,0.46,3.0,3.0,1
3598,5.0,3.0,34.0,2.9,-0.03,-0.7,3.0,3.0,1
3599,2.0,2.0,37.0,3.5,-1.03,-1.24,2.0,3.0,1
3601,2.0,1.0,34.0,3.1,-0.73,-1.8,3.0,3.0,0
3602,1.0,2.0,40.0,3.1,-1.23,-1.06,1.0,5.0,1
3604,7.0,7.0,40.0,3.6,0.54,0.38,4.0,5.0,1
3605,1.0,1.0,26.0,2.3,-1.31,-1.98,4.0,2.0,0
3612,5.0,8.0,40.0,3.5,-0.14,0.66,4.0,5.0,1
3613,8.0,8.0,37.5,3.0,0.81,0.82,4.0,3.0,1
3615,4.0,3.0,33.0,3.5,-0.24,-0.68,3.0,3.0,1
3617,1.0,2.0,26.0,2.9,-2.09,-1.07,5.0,3.0,0
3618,6.0,5.0,35.5,2.5,0.14,-0.25,3.0,4.0,1
3619,6.0,6.0,34.0,3.7,0.15,0.19,3.0,5.0,1
3621,7.0,9.0,46.0,3.9,0.55,1.05,5.0,5.0,1
3622,3.0,4.0,40.0,3.4,-0.62,-0.46,3.0,4.0,1
3625,8.0,5.0,38.5,3.5,0.69,-0.21,4.0,3.0,1
3626,10.0,10.0,40.0,3.9,1.35,1.32,3.0,4.0,1
3628,5.0,5.0,33.0,3.5,-0.12,-0.24,4.0,4.0,1
3629,5.0,4.0,31.5,3.6,-0.14,-0.26,4.0,4.0,1
3630,9.0,9.0,34.0,3.6,0.9,1.11,3.0,3.0,1
3634,2.0,2.0,29.0,3.6,-1.07,-0.99,5.0,4.0,1
3636,8.0,7.0,36.0,3.7,0.62,0.39,4.0,3.0,1
3639,2.0,2.0,30.0,3.5,-1.08,-1.22,3.0,6.0,1
3643,10.0,10.0,35.0,3.7,1.38,1.57,4.0,3.0,1
3644,2.0,4.0,34.0,3.1,-0.78,-0.47,3.0,3.0,1
3648,10.0,7.0,34.0,3.0,1.48,0.53,4.0,3.0,1
3650,6.0,8.0,39.0,3.8,0.21,0.68,4.0,4.0,1
3653,7.0,9.0,40.0,3.9,0.44,1.12,4.0,3.0,1
3657,10.0,10.0,42.0,4.0,1.48,1.63,4.0,4.0,1
3659,7.0,8.0,42.0,2.9,0.42,0.76,3.0,3.0,1
3660,5.0,6.0,41.0,2.7,0.03,0.15,4.0,4.0,1
3664,4.0,3.0,24.0,3.8,-0.23,-0.57,3.0,1.0,0
3665,3.0,3.0,33.0,3.0,-0.48,-0.68,4.0,5.0,1
3666,6.0,6.0,38.0,2.8,0.26,0.2,3.0,3.0,1
3668,9.0,9.0,46.0,3.5,1.08,1.21,4.0,6.0,1
3670,4.0,4.0,33.5,2.7,-0.23,-0.48,4.0,5.0,0
3671,9.0,8.0,36.0,3.6,1.1,0.77,4.0,3.0,1
3673,7.0,5.0,44.0,3.5,0.46,-0.06,5.0,4.0,1
3675,7.0,7.0,28.0,3.5,0.35,0.47,2.0,3.0,1
3676,5.0,6.0,37.0,3.5,0.01,0.1,4.0,4.0,1
3678,4.0,4.0,39.0,3.2,-0.39,-0.29,5.0,3.0,1
3679,2.0,5.0,32.0,3.3,-0.8,-0.13,2.0,3.0,1
3680,2.0,3.0,42.0,3.7,-0.91,-0.75,4.0,5.0,1
3681,2.0,2.0,37.0,3.2,-0.75,-1.25,4.0,4.0,1
3682,2.0,2.0,31.5,2.6,-0.75,-1.26,4.0,4.0,0
3683,3.0,2.0,34.0,3.5,-0.66,-1.19,5.0,3.0,1
3688,5.0,4.0,42.0,3.6,-0.16,-0.28,4.0,6.0,1
3689,9.0,10.0,37.0,3.6,0.9,1.41,4.0,4.0,1
3694,10.0,9.0,34.0,3.9,1.43,1.02,4.0,3.0,1
3698,5.0,5.0,38.0,2.6,-0.11,-0.05,4.0,4.0,1
3699,5.0,5.0,31.0,3.0,-0.04,-0.15,5.0,3.0,1
3700,4.0,4.0,46.0,2.8,-0.3,-0.45,4.0,6.0,1
3701,4.0,2.0,29.0,3.5,-0.08,-1.0,3.0,1.0,0
3702,9.0,9.0,46.0,4.0,1.38,1.15,2.0,6.0,1
3703,8.0,8.0,30.0,2.9,0.86,0.73,2.0,3.0,1
3715,4.0,4.0,38.0,3.5,-0.21,-0.26,4.0,4.0,1
3717,8.0,8.0,46.0,3.7,0.75,0.69,4.0,5.0,1
3719,10.0,10.0,35.0,2.8,1.31,1.43,2.0,5.0,1
3722,1.0,1.0,34.0,3.2,-1.31,-1.39,3.0,4.0,0
3723,7.0,8.0,33.0,3.0,0.32,0.55,4.0,3.0,1
3728,10.0,10.0,45.0,3.1,2.15,2.01,5.0,1.0,1
3729,8.0,6.0,41.0,3.7,0.77,0.21,3.0,4.0,1
3731,3.0,4.0,37.0,2.9,-0.46,-0.41,4.0,3.0,1
3732,9.0,9.0,40.0,3.0,1.11,1.09,3.0,1.0,1
3733,6.0,6.0,37.0,2.7,0.32,0.15,3.0,4.0,1
3734,1.0,1.0,38.0,3.1,-1.69,-1.76,3.0,5.0,0
3736,3.0,3.0,36.3,3.5,-0.56,-0.79,2.0,4.0,0
3737,5.0,6.0,39.0,3.8,0.08,0.19,4.0,4.0,1
3741,2.0,2.0,35.0,2.9,-0.84,-1.14,3.0,3.0,1
3744,6.0,8.0,38.5,3.2,0.08,0.79,1.0,3.0,1
3745,10.0,8.0,44.0,3.8,1.63,0.6,3.0,4.0,1
3746,4.0,2.0,40.0,3.4,-0.43,-1.17,2.0,5.0,1
3753,6.0,7.0,38.0,3.5,0.23,0.4,4.0,5.0,1
3754,4.0,5.0,35.0,3.0,-0.18,-0.16,3.0,3.0,1
3758,2.0,1.0,34.0,2.0,-1.12,-1.5,3.0,5.0,1
3763,9.0,10.0,43.0,2.8,1.08,1.93,5.0,4.0,1
3766,2.0,6.0,28.0,2.2,-0.79,0.07,3.0,3.0,1
3767,7.0,6.0,39.0,2.9,0.54,0.14,4.0,4.0,1
3768,2.0,2.0,39.0,2.9,-0.92,-0.93,4.0,3.0,1
3775,7.0,6.0,47.0,3.9,0.49,0.08,4.0,6.0,1
3777,7.0,6.0,36.0,3.6,0.33,0.1,4.0,4.0,1
3780,1.0,1.0,31.0,3.4,-1.45,-1.52,3.0,4.0,1
3785,7.0,6.0,36.0,3.2,0.43,0.19,3.0,5.0,1
3789,6.0,5.0,41.0,2.6,0.09,-0.1,5.0,6.0,1
3791,1.0,1.0,35.0,3.2,-2.36,-2.04,4.0,3.0,1
3793,7.0,7.0,46.0,3.4,0.59,0.42,4.0,4.0,1
3795,5.0,7.0,27.0,2.8,-0.11,0.55,2.0,3.0,0
3797,7.0,6.0,33.5,2.9,0.46,0.22,3.0,3.0,1
3798,8.0,8.0,37.0,2.8,0.8,0.84,3.0,5.0,1
3799,1.0,2.0,46.0,3.1,-1.23,-0.99,3.0,6.0,1
3800,8.0,9.0,34.0,3.6,0.85,1.03,4.0,3.0,1
3801,2.0,1.0,38.0,3.2,-1.1,-1.38,3.0,6.0,0
3802,5.0,2.0,30.0,2.8,-0.03,-0.93,3.0,4.0,1
3804,2.0,6.0,36.0,3.8,-0.93,0.13,2.0,4.0,1
3806,7.0,6.0,40.0,1.7,0.52,0.11,4.0,1.0,1
3808,1.0,4.0,36.0,3.7,-1.28,-0.48,5.0,3.0,1
3809,2.0,2.0,43.0,3.3,-1.13,-1.2,4.0,5.0,1
3814,10.0,10.0,35.0,3.2,2.06,2.51,3.0,3.0,1
3815,8.0,8.0,40.0,3.2,0.71,0.83,3.0,5.0,1
3818,9.0,7.0,37.0,3.1,1.0,0.46,4.0,5.0,1
3821,2.0,2.0,34.0,3.5,-0.84,-1.1,3.0,5.0,1
3823,8.0,7.0,46.0,3.0,0.58,0.27,2.0,3.0,1
3824,4.0,4.0,29.5,3.6,-0.26,-0.35,3.0,3.0,1
3828,4.0,3.0,45.0,3.5,-0.21,-0.54,2.0,4.0,1
3833,1.0,8.0,33.3,3.2,-1.58,0.56,4.0,3.0,1
3837,1.0,1.0,27.0,3.3,-1.76,-1.84,3.0,4.0,0
3838,7.0,9.0,34.0,3.4,0.48,1.17,4.0,5.0,1
3839,6.0,9.0,41.0,3.8,0.23,1.15,3.0,5.0,1
3840,4.0,3.0,40.0,4.0,-0.35,-0.54,4.0,4.0,1
3842,9.0,8.0,29.5,2.6,0.98,0.86,3.0,2.0,1
3843,2.0,2.0,42.0,3.4,-1.1,-1.0,4.0,6.0,1
3848,1.0,3.0,43.0,3.4,-1.3,-0.79,3.0,5.0,1
3849,9.0,9.0,35.0,3.7,1.1,1.0,3.0,1.0,1
3850,9.0,8.0,41.0,4.0,1.29,0.74,4.0,4.0,1
3852,9.0,9.0,35.0,3.9,1.07,1.25,3.0,4.0,1
3853,1.0,4.0,35.0,3.3,-1.16,-0.38,4.0,3.0,1
3854,7.0,6.0,34.0,3.1,0.35,0.2,4.0,2.0,1
3856,6.0,7.0,36.0,3.0,0.2,0.35,2.0,3.0,1
3857,6.0,8.0,42.0,3.4,0.33,0.63,5.0,4.0,1
3859,7.0,7.0,39.0,3.3,0.53,0.36,4.0,4.0,1
3860,3.0,4.0,41.0,3.2,-0.68,-0.41,3.0,3.0,1
3861,1.0,3.0,38.0,3.7,-2.75,-0.8,3.0,5.0,1
3863,3.0,2.0,39.0,2.4,-0.55,-1.16,2.0,3.0,0
3864,7.0,7.0,39.0,4.0,0.55,0.31,4.0,6.0,1
3865,3.0,6.0,46.0,3.4,-0.56,0.1,4.0,5.0,1
3866,9.0,7.0,43.0,3.4,0.97,0.46,4.0,3.0,1
3868,1.0,1.0,35.0,2.9,-1.36,-1.57,3.0,3.0,1
3874,6.0,7.0,44.0,3.0,0.19,0.55,3.0,4.0,1
3875,7.0,8.0,42.0,3.2,0.54,0.64,2.0,4.0,1
3876,8.0,9.0,42.0,3.4,0.77,0.88,4.0,4.0,1
3877,7.0,8.0,42.0,3.4,0.62,0.59,5.0,4.0,1
3878,8.0,5.0,40.0,3.2,0.69,-0.02,4.0,4.0,1
3880,8.0,8.0,38.0,3.5,0.71,0.6,4.0,4.0,1
3883,6.0,6.0,43.0,3.1,0.11,0.05,3.0,4.0,1
3886,4.0,3.0,48.0,3.9,-0.25,-0.52,4.0,5.0,1
3887,8.0,7.0,45.0,3.7,0.86,0.42,4.0,6.0,1
3888,2.0,1.0,48.0,3.5,-1.17,-1.57,3.0,5.0,0
3889,1.0,3.0,42.0,3.5,-1.17,-0.87,4.0,4.0,1
3892,2.0,2.0,35.0,3.7,-1.09,-0.99,3.0,3.0,1
3893,4.0,3.0,41.0,3.2,-0.29,-0.73,3.0,4.0,1
3896,1.0,1.0,25.0,2.5,-1.65,-1.8,4.0,4.0,0
3897,8.0,5.0,45.0,2.9,0.59,-0.18,3.0,3.0,1
3901,5.0,5.0,44.0,3.5,0.06,0.0,4.0,6.0,1
3906,3.0,3.0,42.0,3.5,-0.67,-0.77,4.0,6.0,1
3909,4.0,5.0,44.0,3.1,-0.39,-0.04,4.0,4.0,1
3910,2.0,2.0,34.0,2.9,-0.73,-1.01,4.0,3.0,0
3912,9.0,9.0,35.0,3.5,0.96,1.11,3.0,4.0,1
3915,8.0,7.0,35.0,3.1,0.62,0.5,4.0,3.0,1
3919,3.0,5.0,40.0,2.2,-0.68,-0.14,3.0,3.0,1
3920,3.0,3.0,43.0,3.8,-0.73,-0.66,4.0,6.0,1
3926,7.0,8.0,37.0,3.7,0.51,0.63,5.0,3.0,1
3927,6.0,6.0,39.0,3.1,0.17,0.14,4.0,4.0,1
3928,7.0,8.0,41.0,3.9,0.59,0.73,3.0,4.0,1
3930,5.0,4.0,32.5,3.8,-0.16,-0.43,3.0,4.0,1
3931,10.0,9.0,38.0,3.1,2.04,1.14,3.0,5.0,1
3933,3.0,4.0,28.0,2.5,-0.52,-0.42,4.0,3.0,0
3934,5.0,6.0,35.0,3.3,-0.01,-0.01,5.0,3.0,1
3935,8.0,9.0,31.0,3.8,0.69,1.22,3.0,5.0,1
3936,2.0,1.0,32.0,2.7,-1.04,-1.52,3.0,4.0,0
3937,5.0,3.0,34.0,3.1,-0.17,-0.66,4.0,3.0,0
3938,1.0,3.0,41.0,3.7,-1.21,-0.83,3.0,4.0,1
3939,7.0,7.0,38.0,3.5,0.55,0.42,3.0,3.0,1
3944,9.0,10.0,42.0,4.0,0.95,1.5,4.0,5.0,1
3946,9.0,6.0,39.0,2.5,0.88,0.1,4.0,3.0,0
3948,9.0,4.0,34.0,2.9,1.01,-0.35,4.0,4.0,1
3951,2.0,2.0,29.0,3.2,-0.99,-0.88,3.0,5.0,0
3953,1.0,2.0,34.5,3.1,-1.21,-1.1,4.0,3.0,1
3955,10.0,8.0,33.0,3.9,1.35,0.87,4.0,4.0,1
3956,4.0,5.0,45.0,3.9,-0.44,-0.12,3.0,5.0,1
3957,10.0,10.0,46.0,3.7,1.92,1.41,4.0,5.0,1
3958,2.0,2.0,41.0,3.5,-0.8,-0.96,3.0,4.0,1
3961,7.0,8.0,43.0,3.7,0.61,0.82,3.0,4.0,1
3964,3.0,4.0,45.0,3.1,-0.48,-0.34,3.0,5.0,1
3965,3.0,2.0,35.0,2.7,-0.57,-1.14,4.0,3.0,1
3966,7.0,10.0,33.0,3.1,0.56,1.63,4.0,3.0,1
3967,9.0,8.0,36.0,3.8,0.88,0.6,4.0,5.0,1
3971,3.0,3.0,30.5,3.4,-0.66,-0.78,3.0,4.0,1
3973,9.0,10.0,37.0,4.0,1.23,1.36,2.0,5.0,1
3975,2.0,6.0,36.0,3.7,-0.7,0.02,4.0,3.0,1
3977,7.0,6.0,45.0,3.0,0.44,0.16,3.0,4.0,1
3980,8.0,8.0,26.5,3.2,0.61,0.75,4.0,3.0,1
3981,2.0,1.0,31.0,2.9,-0.84,-1.38,4.0,2.0,1
3985,9.0,10.0,37.0,2.6,1.1,1.35,3.0,3.0,1
3986,2.0,2.0,31.0,3.1,-0.71,-0.95,2.0,3.0,1
3989,5.0,3.0,32.0,3.1,0.01,-0.8,3.0,2.0,1
3990,4.0,6.0,35.5,3.3,-0.2,0.19,4.0,3.0,1
3993,5.0,7.0,27.0,3.6,-0.2,0.23,3.0,2.0,1
3996,1.0,1.0,35.0,2.8,-1.72,-1.61,5.0,3.0,0
3997,4.0,7.0,34.0,3.0,-0.39,0.36,2.0,2.0,1
3998,1.0,1.0,38.0,3.1,-2.49,-1.94,5.0,3.0,1
4000,5.0,6.0,40.0,3.5,-0.06,0.03,5.0,4.0,1
4001,9.0,9.0,41.0,2.5,1.11,1.27,3.0,2.0,1
4002,3.0,3.0,48.0,2.6,-0.55,-0.85,4.0,4.0,1
4003,10.0,10.0,43.0,3.7,1.56,1.88,3.0,4.0,1
4007,3.0,3.0,44.0,3.5,-0.56,-0.68,4.0,5.0,1
4010,2.0,1.0,42.0,2.6,-0.94,-1.39,3.0,4.0,0
4014,3.0,4.0,45.0,3.6,-0.58,-0.35,3.0,5.0,1
4015,2.0,2.0,32.0,3.4,-1.13,-0.97,2.0,4.0,0
4019,2.0,2.0,37.0,3.3,-1.07,-1.18,1.0,6.0,0
4021,8.0,8.0,43.0,3.2,0.88,0.69,4.0,4.0,1
4023,5.0,6.0,47.0,2.9,0.04,0.18,4.0,3.0,1
4024,3.0,2.0,39.0,2.8,-0.6,-1.12,3.0,4.0,0
4025,5.0,5.0,41.0,3.4,-0.07,0.01,3.0,4.0,1
4029,5.0,6.0,40.5,2.5,-0.15,-0.02,4.0,3.0,1
4030,8.0,8.0,41.0,3.9,0.71,0.62,4.0,4.0,1
4034,7.0,5.0,38.0,3.0,0.56,-0.06,3.0,5.0,1
4036,10.0,10.0,38.0,3.8,1.69,1.42,5.0,3.0,1
4037,4.0,3.0,38.0,3.2,-0.35,-0.61,3.0,4.0,1
4038,2.0,1.0,47.0,2.2,-0.86,-1.99,4.0,3.0,0
4041,1.0,1.0,40.0,3.5,-1.25,-2.08,3.0,3.0,0
4046,8.0,7.0,32.5,2.9,0.85,0.41,5.0,3.0,1
4047,8.0,7.0,41.0,3.4,0.66,0.35,5.0,3.0,1
4049,5.0,5.0,42.0,3.0,-0.05,-0.09,4.0,4.0,1
4052,1.0,1.0,36.0,2.7,-1.28,-1.36,3.0,3.0,1
4055,8.0,8.0,37.5,3.6,0.65,0.56,4.0,3.0,1
4056,10.0,8.0,46.0,3.2,1.34,0.55,2.0,3.0,1
4061,10.0,9.0,42.0,4.0,1.66,1.26,4.0,5.0,1
4064,6.0,7.0,35.0,3.2,0.15,0.45,4.0,3.0,1
4066,9.0,7.0,40.0,3.3,1.2,0.32,3.0,3.0,1
4067,2.0,3.0,35.0,3.6,-0.79,-0.65,3.0,3.0,1
4070,1.0,8.0,41.0,3.6,-1.59,0.67,4.0,4.0,1
4072,9.0,10.0,45.0,3.8,1.12,1.58,5.0,5.0,1
4073,7.0,8.0,39.0,3.9,0.54,0.58,3.0,3.0,1
4075,2.0,2.0,29.0,3.3,-0.98,-1.04,3.0,3.0,0
4076,5.0,5.0,32.0,3.5,-0.13,-0.21,2.0,3.0,1
4080,9.0,9.0,40.5,3.2,1.08,1.04,4.0,3.0,1
4083,2.0,3.0,35.0,2.9,-0.86,-0.69,4.0,3.0,1
4087,9.0,10.0,39.0,3.1,0.99,1.36,4.0,3.0,1
4090,10.0,10.0,38.0,3.9,1.46,1.37,3.0,4.0,1
4093,7.0,8.0,40.0,3.8,0.55,0.62,4.0,6.0,1
4094,7.0,8.0,46.0,3.4,0.54,0.67,3.0,5.0,1
4096,5.0,5.0,31.0,3.7,-0.03,-0.22,2.0,3.0,1
4097,6.0,8.0,34.0,3.5,0.19,0.64,3.0,3.0,1
4098,4.0,5.0,40.0,3.0,-0.24,-0.14,3.0,4.0,1
4099,8.0,8.0,35.0,3.7,0.74,0.79,2.0,4.0,1
4102,10.0,10.0,38.0,2.6,2.24,2.17,4.0,5.0,1
4106,5.0,7.0,37.0,2.8,-0.09,0.45,4.0,4.0,1
4110,2.0,1.0,22.0,2.6,-0.99,-1.42,3.0,4.0,0
4111,5.0,6.0,41.0,2.4,-0.02,0.23,5.0,3.0,1
4113,6.0,8.0,38.0,3.3,0.22,0.63,4.0,4.0,1
4117,7.0,6.0,29.0,2.0,0.44,0.17,3.0,1.0,1
4119,1.0,1.0,29.0,3.0,-1.56,-1.75,3.0,2.0,0
4125,4.0,3.0,30.0,2.7,-0.28,-0.9,4.0,2.0,1
4126,7.0,7.0,37.0,3.8,0.58,0.49,3.0,4.0,1
4134,9.0,6.0,40.0,2.4,1.27,0.13,4.0,3.0,1
4136,7.0,6.0,44.0,3.8,0.36,0.12,3.0,4.0,1
4139,7.0,7.0,40.0,3.3,0.49,0.53,4.0,4.0,1
4142,10.0,10.0,43.0,3.0,2.59,2.46,4.0,3.0,1
4145,6.0,8.0,42.0,4.0,0.07,0.79,2.0,3.0,1
4146,6.0,3.0,34.0,2.6,0.27,-0.84,2.0,2.0,1
4147,6.0,5.0,29.5,2.6,0.22,-0.14,3.0,2.0,1
4148,5.0,2.0,39.0,2.1,-0.11,-1.3,4.0,3.0,1
4149,2.0,4.0,30.0,3.5,-0.81,-0.45,4.0,3.0,1
4151,6.0,8.0,19.0,3.2,0.28,0.87,1.0,1.0,1
4152,9.0,8.0,33.0,3.4,1.19,0.77,3.0,4.0,1
4153,8.0,8.0,36.0,3.4,0.66,0.82,4.0,3.0,1
4157,10.0,9.0,42.0,3.1,1.45,1.3,5.0,3.0,1
4158,4.0,4.0,37.0,3.5,-0.21,-0.52,2.0,2.0,1
4160,3.0,3.0,30.0,3.1,-0.43,-0.87,3.0,3.0,0
4162,3.0,3.0,36.5,3.1,-0.56,-0.63,4.0,3.0,1
4163,6.0,4.0,46.0,3.4,0.2,-0.36,3.0,3.0,1
4164,4.0,3.0,35.0,3.4,-0.2,-0.64,4.0,3.0,1
4165,2.0,4.0,42.0,3.9,-1.12,-0.38,4.0,5.0,1
4166,4.0,6.0,35.0,3.6,-0.22,0.1,4.0,4.0,1
4169,6.0,4.0,40.0,3.2,0.32,-0.39,3.0,4.0,1
4173,10.0,10.0,37.5,4.0,3.48,4.01,3.0,6.0,1
4174,6.0,6.0,47.0,3.5,0.15,0.08,5.0,5.0,1
4175,10.0,10.0,33.0,3.0,1.65,1.94,4.0,4.0,1
4177,6.0,7.0,29.0,2.8,0.08,0.28,3.0,3.0,1
4182,9.0,9.0,35.0,3.4,1.04,1.23,3.0,3.0,1
4183,6.0,5.0,35.0,3.0,0.18,-0.06,3.0,3.0,1
4186,9.0,7.0,41.0,3.2,0.97,0.43,3.0,5.0,1
4188,3.0,1.0,42.0,2.3,-0.57,-1.39,4.0,3.0,1
4191,1.0,1.0,37.0,3.4,-1.26,-1.38,3.0,3.0,1
4192,8.0,6.0,42.0,3.9,0.78,0.24,5.0,5.0,1
4195,2.0,1.0,41.0,3.1,-0.84,-1.41,4.0,4.0,1
4199,10.0,10.0,42.0,4.0,1.88,2.13,2.0,4.0,1
4200,2.0,6.0,34.0,3.3,-0.75,0.25,2.0,4.0,1
4202,8.0,7.0,39.0,2.9,0.64,0.5,4.0,3.0,1
4203,6.0,7.0,33.5,3.3,0.16,0.41,3.0,4.0,1
4204,9.0,8.0,33.0,2.7,1.04,0.65,3.0,3.0,1
4207,9.0,7.0,37.0,3.6,0.87,0.47,1.0,3.0,1
4209,10.0,10.0,31.0,3.4,1.64,1.58,3.0,2.0,1
4210,6.0,5.0,40.0,2.9,0.18,-0.16,3.0,4.0,1
4212,6.0,8.0,38.0,3.1,0.23,0.73,4.0,4.0,1
4216,5.0,2.0,34.0,3.6,0.05,-1.02,4.0,4.0,1
4219,9.0,8.0,32.0,2.9,1.1,0.57,5.0,3.0,1
4224,6.0,8.0,39.0,3.7,0.22,0.79,3.0,5.0,1
4225,4.0,2.0,37.0,3.4,-0.28,-1.19,4.0,4.0,1
4228,5.0,3.0,28.0,3.9,-0.01,-0.69,4.0,4.0,1
4229,7.0,7.0,31.0,3.1,0.62,0.47,3.0,1.0,1
4230,10.0,10.0,38.0,3.3,1.52,1.54,3.0,5.0,1
4244,5.0,8.0,32.0,3.8,-0.03,0.66,4.0,4.0,1
4245,7.0,6.0,29.0,2.7,0.51,0.04,2.0,1.0,1
4247,8.0,8.0,34.0,3.1,0.8,0.73,3.0,3.0,1
4249,7.0,8.0,36.0,3.5,0.5,0.63,5.0,6.0,1
4251,1.0,3.0,45.0,3.4,-1.27,-0.79,4.0,5.0,1
4252,4.0,3.0,30.5,2.7,-0.32,-0.73,3.0,5.0,0
4256,10.0,10.0,39.0,3.7,1.95,2.23,5.0,6.0,1
4258,6.0,3.0,33.0,2.4,0.12,-0.76,4.0,2.0,1
4259,8.0,8.0,48.0,3.5,0.61,0.72,4.0,5.0,1
4261,6.0,5.0,32.0,3.4,0.17,-0.09,4.0,3.0,1
4262,7.0,8.0,28.5,3.6,0.45,0.6,3.0,4.0,1
4264,6.0,6.0,39.0,3.3,0.15,0.05,3.0,3.0,1
4265,5.0,7.0,40.0,4.0,-0.08,0.34,3.0,5.0,1
4266,2.0,3.0,33.5,3.4,-1.06,-0.89,4.0,3.0,1
4267,6.0,6.0,33.0,3.7,0.17,0.12,4.0,3.0,1
4268,2.0,2.0,32.0,2.9,-0.75,-1.06,4.0,4.0,0
4270,9.0,9.0,36.0,3.1,1.08,1.16,3.0,2.0,1
4271,5.0,6.0,32.5,2.8,0.0,-0.01,4.0,2.0,1
4272,10.0,9.0,40.0,3.4,1.37,1.26,5.0,4.0,1
4275,3.0,1.0,36.0,3.1,-0.61,-1.68,4.0,3.0,0
4276,2.0,2.0,37.5,3.4,-0.88,-1.12,4.0,5.0,1
4277,10.0,10.0,42.0,2.2,1.88,1.35,4.0,3.0,1
4284,6.0,3.0,32.0,3.4,0.2,-0.61,3.0,5.0,1
4285,8.0,9.0,40.0,3.6,0.87,1.16,4.0,4.0,1
4286,8.0,5.0,47.0,2.7,0.84,0.01,5.0,6.0,1
4288,1.0,1.0,25.5,3.0,-1.15,-2.03,3.0,3.0,0
4292,6.0,8.0,30.0,3.2,0.15,0.59,4.0,2.0,1
4293,2.0,1.0,30.0,2.5,-0.99,-1.65,3.0,3.0,1
4295,9.0,8.0,40.0,3.4,0.94,0.69,2.0,4.0,1
4297,6.0,4.0,39.0,2.8,0.1,-0.29,4.0,3.0,0
4302,3.0,2.0,36.0,3.5,-0.57,-0.97,4.0,4.0,1
4303,10.0,10.0,32.0,3.9,1.54,1.85,4.0,4.0,1
4304,8.0,8.0,35.0,3.3,0.86,0.72,5.0,3.0,1
4310,1.0,3.0,34.0,3.6,-1.21,-0.8,4.0,4.0,1
4315,1.0,4.0,37.0,2.5,-1.27,-0.54,4.0,3.0,1
4316,5.0,4.0,39.0,3.8,-0.14,-0.25,5.0,5.0,1
4317,4.0,4.0,36.0,3.4,-0.28,-0.54,4.0,3.0,1
4320,4.0,7.0,34.5,2.9,-0.31,0.29,4.0,5.0,1
4321,8.0,8.0,40.0,3.4,0.69,0.63,4.0,5.0,1
4322,3.0,1.0,38.0,3.5,-0.6,-1.38,2.0,4.0,1
4324,1.0,1.0,42.0,3.6,-1.62,-1.65,3.0,6.0,1
4325,6.0,7.0,39.0,3.4,0.09,0.42,4.0,3.0,1
4326,10.0,9.0,38.0,3.9,1.69,1.29,4.0,3.0,1
4327,1.0,1.0,39.0,3.7,-1.32,-1.62,3.0,4.0,1
4328,9.0,8.0,43.0,3.4,0.89,0.8,4.0,5.0,1
4329,1.0,3.0,32.5,3.1,-1.31,-0.86,4.0,3.0,0
4337,6.0,6.0,38.0,2.7,0.11,0.1,4.0,3.0,1
4339,5.0,4.0,31.0,2.5,0.02,-0.51,4.0,3.0,1
4342,1.0,4.0,33.0,3.1,-1.16,-0.53,5.0,3.0,1
4343,1.0,1.0,37.0,3.6,-1.31,-1.45,4.0,4.0,0
4348,6.0,6.0,33.0,3.3,0.17,0.05,4.0,3.0,1
4352,6.0,8.0,35.0,3.5,0.15,0.76,4.0,5.0,1
4354,3.0,4.0,42.0,3.2,-0.49,-0.29,4.0,4.0,1
4355,5.0,6.0,34.5,3.5,-0.15,0.01,3.0,3.0,1
4356,10.0,10.0,45.0,3.7,1.79,1.53,5.0,5.0,1
4358,8.0,6.0,45.0,3.3,0.6,0.08,4.0,5.0,1
4359,8.0,8.0,35.0,3.7,0.76,0.63,3.0,3.0,1
4360,4.0,3.0,41.0,3.6,-0.22,-0.64,5.0,6.0,1
4370,1.0,4.0,40.0,3.7,-1.24,-0.5,3.0,5.0,1
4371,8.0,9.0,39.5,3.0,0.87,0.9,4.0,5.0,1
4372,4.0,6.0,29.5,3.4,-0.37,0.01,3.0,2.0,1
4377,5.0,5.0,38.0,3.2,-0.05,-0.17,4.0,3.0,1
4378,9.0,8.0,35.0,3.2,0.96,0.64,3.0,2.0,1
4379,8.0,8.0,40.0,3.7,0.61,0.56,5.0,5.0,1
4380,4.0,3.0,33.0,2.8,-0.38,-0.68,4.0,4.0,1
4381,4.0,4.0,42.0,3.0,-0.32,-0.42,4.0,3.0,1
4382,8.0,9.0,32.5,3.1,0.85,1.03,4.0,4.0,1
4385,1.0,2.0,35.0,3.6,-1.19,-0.96,3.0,4.0,1
4388,3.0,3.0,35.5,3.3,-0.68,-0.64,4.0,4.0,1
4389,6.0,4.0,44.0,2.7,0.1,-0.41,4.0,3.0,1
4392,5.0,6.0,41.0,3.0,-0.06,0.24,3.0,3.0,1
4394,7.0,6.0,36.0,2.8,0.42,0.22,4.0,4.0,1
4397,10.0,10.0,46.0,3.1,1.36,1.79,4.0,5.0,1
4398,2.0,3.0,30.0,3.5,-0.83,-0.57,2.0,5.0,1
4399,1.0,3.0,35.5,3.6,-1.52,-0.69,3.0,4.0,1
4400,8.0,9.0,35.5,3.6,0.8,0.89,4.0,3.0,1
4403,3.0,3.0,38.0,3.0,-0.69,-0.61,3.0,5.0,0
4404,8.0,9.0,33.0,3.4,0.89,1.2,3.0,4.0,1
4405,9.0,9.0,35.0,2.9,0.98,0.92,5.0,3.0,1
4406,7.0,8.0,37.0,4.0,0.35,0.68,5.0,4.0,1
4408,1.0,1.0,38.0,3.1,-1.19,-1.48,4.0,4.0,1
4409,10.0,10.0,37.0,3.2,1.93,2.14,3.0,3.0,1
4410,5.0,5.0,41.0,2.7,0.01,-0.2,4.0,3.0,1
4413,2.0,2.0,35.0,3.1,-0.74,-0.96,1.0,4.0,0
4415,5.0,1.0,34.0,3.1,-0.08,-1.35,3.0,3.0,1
4418,8.0,9.0,36.5,3.0,0.7,1.0,4.0,3.0,1
4422,1.0,3.0,36.0,3.3,-1.52,-0.76,3.0,5.0,1
4423,6.0,5.0,26.0,3.6,0.26,-0.21,4.0,4.0,1
4427,2.0,2.0,28.0,3.1,-0.85,-1.11,3.0,3.0,0
4430,8.0,5.0,35.0,2.4,0.59,-0.21,5.0,2.0,1
4431,8.0,8.0,39.0,2.6,0.66,0.79,3.0,3.0,1
4432,1.0,4.0,44.0,3.6,-1.44,-0.49,4.0,6.0,1
4436,2.0,2.0,35.0,2.4,-0.88,-1.1,4.0,5.0,0
4439,2.0,2.0,38.0,2.9,-0.91,-0.95,3.0,1.0,0
4441,6.0,5.0,37.0,3.6,0.29,-0.1,3.0,4.0,1
4442,9.0,8.0,33.0,3.2,1.01,0.84,2.0,2.0,1
4443,8.0,9.0,28.0,3.5,0.64,0.88,4.0,3.0,1
4447,10.0,10.0,39.0,3.4,1.71,1.55,4.0,3.0,1
4451,4.0,6.0,42.0,3.7,-0.43,0.13,3.0,6.0,1
4453,8.0,8.0,47.0,3.6,0.81,0.7,5.0,5.0,1
4457,10.0,9.0,39.0,3.2,1.49,1.2,3.0,4.0,1
4459,3.0,4.0,31.0,3.2,-0.52,-0.5,3.0,3.0,1
4461,8.0,8.0,42.0,3.9,0.82,0.85,4.0,4.0,1
4467,6.0,7.0,31.0,3.0,0.06,0.42,3.0,3.0,1
4468,3.0,4.0,44.0,3.6,-0.67,-0.43,4.0,4.0,1
4469,10.0,10.0,40.0,3.7,2.33,1.83,4.0,1.0,1
4470,1.0,1.0,28.0,2.6,-1.49,-2.07,4.0,3.0,1
4471,2.0,2.0,33.5,3.1,-0.95,-0.94,4.0,5.0,1
4473,8.0,7.0,46.0,3.6,0.65,0.42,4.0,5.0,1
4475,1.0,1.0,34.0,3.6,-1.26,-1.56,4.0,3.0,1
4476,7.0,8.0,42.0,3.7,0.59,0.77,3.0,4.0,1
4477,5.0,7.0,34.5,3.2,-0.02,0.42,3.0,3.0,1
4480,6.0,6.0,24.0,3.2,0.17,0.0,3.0,3.0,1
4481,5.0,6.0,31.0,2.7,0.14,0.09,5.0,1.0,0
4486,5.0,7.0,30.0,3.4,0.03,0.26,4.0,3.0,1
4488,7.0,8.0,32.0,3.4,0.56,0.78,2.0,3.0,1
4489,5.0,4.0,40.0,3.5,-0.07,-0.52,4.0,4.0,1
4490,10.0,10.0,33.0,2.5,2.28,2.23,3.0,2.0,1
4492,6.0,3.0,37.0,3.1,0.15,-0.72,4.0,4.0,1
4493,1.0,2.0,29.5,2.8,-1.33,-1.1,3.0,5.0,1
4495,9.0,9.0,34.0,3.3,1.18,1.3,2.0,3.0,1
4497,5.0,6.0,37.0,3.0,-0.12,0.17,2.0,5.0,1
4499,1.0,5.0,31.0,3.2,-1.22,-0.05,4.0,3.0,0
4508,6.0,2.0,24.0,3.3,0.18,-0.93,1.0,4.0,0
4510,9.0,9.0,36.5,3.2,1.23,0.93,4.0,4.0,1
4512,3.0,3.0,31.0,2.2,-0.63,-0.74,3.0,4.0,1
4514,10.0,10.0,41.0,3.8,1.73,2.16,3.0,4.0,1
4522,4.0,6.0,35.0,3.2,-0.21,0.2,4.0,3.0,1
4527,8.0,7.0,44.0,3.0,0.86,0.54,3.0,4.0,1
4531,5.0,4.0,39.0,3.4,0.04,-0.36,3.0,2.0,1
4532,5.0,4.0,45.0,3.1,0.07,-0.33,5.0,4.0,1
4536,7.0,7.0,41.0,3.5,0.39,0.46,3.0,4.0,1
4537,1.0,1.0,22.0,3.0,-2.01,-3.21,3.0,5.0,0
4538,6.0,7.0,37.0,3.4,0.32,0.3,4.0,4.0,1
4542,8.0,6.0,37.0,3.2,0.64,0.15,4.0,4.0,1
4545,7.0,8.0,43.0,3.6,0.32,0.54,4.0,5.0,1
4546,10.0,9.0,42.0,3.6,1.4,1.17,4.0,4.0,1
4547,3.0,7.0,35.5,3.0,-0.48,0.42,4.0,3.0,1
4548,3.0,7.0,37.0,2.4,-0.6,0.47,4.0,3.0,1
4553,8.0,7.0,34.0,3.6,0.6,0.42,2.0,5.0,1
4554,4.0,4.0,47.0,3.6,-0.37,-0.49,4.0,6.0,1
4556,10.0,10.0,44.0,3.4,1.45,1.5,2.0,4.0,1
4557,4.0,4.0,43.0,3.8,-0.3,-0.33,4.0,4.0,1
4560,4.0,4.0,38.0,3.3,-0.25,-0.38,4.0,4.0,1
4563,3.0,2.0,27.0,2.9,-0.58,-1.11,2.0,1.0,0
4564,3.0,2.0,46.0,3.8,-0.47,-1.0,4.0,5.0,1
4567,8.0,8.0,38.0,3.8,0.73,0.83,4.0,4.0,1
4568,1.0,2.0,36.0,2.4,-1.12,-1.09,4.0,2.0,0
4569,2.0,4.0,43.0,3.5,-1.14,-0.25,4.0,5.0,1
4576,9.0,7.0,48.0,3.6,0.93,0.43,4.0,5.0,1
4577,3.0,3.0,44.0,4.0,-0.5,-0.58,1.0,5.0,1
4578,1.0,1.0,25.0,3.6,-1.94,-1.62,3.0,3.0,0
4580,9.0,9.0,31.0,3.7,0.88,1.01,3.0,2.0,1
4581,2.0,5.0,33.0,3.2,-0.8,-0.05,3.0,3.0,1
4588,10.0,10.0,44.0,3.7,2.52,2.46,4.0,5.0,1
4590,7.0,7.0,42.0,3.1,0.44,0.52,3.0,4.0,1
4591,6.0,7.0,38.0,3.7,0.24,0.35,3.0,4.0,1
4594,1.0,1.0,37.0,2.5,-1.17,-1.53,4.0,4.0,1
4595,5.0,3.0,36.0,3.3,-0.12,-0.58,4.0,3.0,1
4596,8.0,7.0,42.0,3.7,0.67,0.32,5.0,5.0,1
4599,5.0,5.0,24.0,3.4,0.12,-0.17,2.0,1.0,0
4603,3.0,2.0,34.0,3.0,-0.6,-1.1,2.0,3.0,0
4604,8.0,3.0,33.0,3.0,0.7,-0.8,4.0,4.0,1
4605,4.0,4.0,34.0,3.2,-0.25,-0.41,4.0,5.0,1
4606,1.0,1.0,40.0,3.7,-1.66,-2.11,5.0,6.0,0
4607,2.0,2.0,38.0,3.1,-0.81,-1.09,4.0,4.0,1
4610,3.0,4.0,46.0,3.4,-0.64,-0.36,4.0,6.0,1
4612,3.0,5.0,48.0,3.8,-0.5,-0.17,3.0,5.0,0
4616,9.0,10.0,46.0,4.0,1.12,1.31,3.0,5.0,1
4620,2.0,3.0,41.0,3.1,-0.78,-0.7,3.0,3.0,1
4625,10.0,10.0,37.0,3.6,1.44,1.87,3.0,5.0,1
4631,4.0,5.0,34.0,3.5,-0.28,-0.12,4.0,4.0,1
4634,1.0,2.0,30.5,3.2,-1.35,-1.24,3.0,2.0,1
4637,3.0,3.0,32.0,3.3,-0.45,-0.61,4.0,4.0,1
4638,3.0,1.0,26.0,2.2,-0.67,-1.72,3.0,4.0,1
4639,2.0,3.0,35.0,3.5,-0.85,-0.77,3.0,3.0,1
4640,8.0,9.0,42.0,3.1,0.82,0.85,4.0,6.0,1
4644,3.0,2.0,42.0,3.2,-0.64,-0.96,2.0,4.0,1
4646,4.0,5.0,38.0,2.8,-0.2,-0.07,3.0,3.0,1
4649,7.0,8.0,41.0,3.3,0.48,0.83,3.0,3.0,1
4650,5.0,4.0,47.0,3.7,-0.11,-0.29,4.0,5.0,1
4651,1.0,2.0,44.0,3.4,-1.4,-1.08,4.0,5.0,1
4652,5.0,4.0,31.5,3.0,-0.12,-0.47,4.0,3.0,0
4653,9.0,8.0,37.5,3.2,1.03,0.64,3.0,5.0,1
4661,10.0,10.0,35.0,2.8,1.54,1.48,4.0,5.0,1
4664,2.0,3.0,39.0,3.7,-1.1,-0.81,4.0,5.0,1
4665,4.0,1.0,39.0,3.8,-0.32,-1.32,3.0,3.0,1
4670,1.0,1.0,40.0,3.2,-2.25,-1.83,3.0,4.0,1
4673,1.0,1.0,26.5,2.6,-1.44,-1.82,5.0,3.0,1
4674,7.0,8.0,32.5,2.9,0.43,0.59,5.0,2.0,1
4675,8.0,9.0,37.0,3.1,0.85,1.01,4.0,3.0,1
4676,10.0,9.0,40.0,3.3,1.48,1.3,4.0,3.0,1
4679,7.0,5.0,35.0,3.9,0.38,-0.06,3.0,5.0,1
4682,2.0,1.0,38.0,2.8,-0.73,-1.34,4.0,3.0,1
4685,5.0,7.0,39.0,3.6,0.01,0.35,4.0,3.0,1
4692,8.0,8.0,38.0,3.5,0.81,0.61,3.0,4.0,1
4696,9.0,10.0,44.0,3.0,1.05,1.47,3.0,3.0,1
4698,6.0,5.0,32.0,2.8,0.16,-0.14,2.0,3.0,1
4700,10.0,10.0,43.0,4.0,2.17,1.65,4.0,5.0,1
4703,5.0,8.0,36.0,3.2,-0.02,0.8,3.0,3.0,1
4704,5.0,4.0,37.0,2.5,-0.1,-0.42,4.0,3.0,1
4707,6.0,4.0,41.0,3.1,0.08,-0.45,4.0,5.0,0
4709,4.0,6.0,32.0,4.0,-0.26,0.03,3.0,4.0,1
4711,7.0,5.0,39.0,2.7,0.37,-0.13,4.0,3.0,1
4712,9.0,9.0,35.0,2.9,0.92,0.89,4.0,3.0,1
4716,9.0,9.0,34.0,3.5,1.24,1.28,3.0,2.0,1
4718,10.0,10.0,46.0,4.0,1.93,2.41,3.0,4.0,1
4719,5.0,10.0,40.0,2.6,0.05,1.67,3.0,3.0,1
4720,7.0,8.0,39.0,3.0,0.49,0.61,3.0,4.0,1
4725,6.0,5.0,41.0,3.4,0.16,-0.09,4.0,4.0,1
4727,8.0,7.0,32.0,3.0,0.68,0.39,3.0,3.0,1
4728,2.0,3.0,35.0,3.1,-0.84,-0.59,3.0,3.0,1
4734,1.0,3.0,35.0,3.7,-1.35,-0.67,4.0,4.0,1
4736,2.0,2.0,39.0,2.9,-0.76,-1.0,4.0,5.0,1
4737,3.0,3.0,37.0,2.9,-0.66,-0.64,5.0,3.0,1
4740,5.0,4.0,35.0,3.5,-0.12,-0.26,3.0,6.0,1
4748,6.0,4.0,41.0,4.0,0.15,-0.44,4.0,6.0,1
4750,7.0,7.0,36.0,3.0,0.56,0.54,4.0,3.0,1
4751,5.0,6.0,28.0,3.1,-0.12,0.06,2.0,5.0,1
4754,9.0,10.0,39.5,3.3,1.25,1.51,4.0,4.0,1
4757,7.0,8.0,33.0,3.7,0.55,0.56,4.0,3.0,1
4758,7.0,5.0,32.0,2.3,0.48,-0.1,5.0,3.0,1
4759,5.0,8.0,48.0,3.5,-0.03,0.77,4.0,5.0,1
4761,8.0,8.0,47.0,3.6,0.67,0.61,4.0,5.0,1
4765,9.0,10.0,40.0,4.0,1.05,1.34,3.0,2.0,1
4769,8.0,6.0,42.0,2.8,0.63,0.12,5.0,4.0,1
4770,3.0,6.0,37.0,3.0,-0.61,0.03,4.0,3.0,1
4773,7.0,7.0,27.0,3.3,0.39,0.27,4.0,3.0,1
4774,7.0,5.0,29.0,2.5,0.55,-0.15,4.0,3.0,1
4776,8.0,8.0,30.0,3.3,0.66,0.72,4.0,2.0,1
4778,9.0,2.0,27.0,3.0,1.0,-1.2,4.0,4.0,1
4781,4.0,4.0,39.0,2.8,-0.32,-0.4,3.0,3.0,1
4782,1.0,7.0,32.0,3.6,-1.36,0.44,4.0,3.0,1
4784,3.0,2.0,44.0,3.3,-0.57,-1.01,4.0,4.0,1
4786,6.0,5.0,29.0,3.8,0.24,-0.21,2.0,3.0,1
4788,7.0,10.0,34.0,2.9,0.29,1.36,4.0,2.0,1
4789,3.0,5.0,39.0,3.6,-0.44,-0.26,3.0,3.0,1
4791,3.0,2.0,31.0,3.6,-0.58,-0.95,4.0,4.0,1
4792,2.0,4.0,42.0,3.3,-0.84,-0.49,3.0,3.0,1
4793,6.0,6.0,36.0,3.7,0.23,0.23,3.0,4.0,1
4794,8.0,9.0,43.0,3.7,0.76,0.97,4.0,4.0,1
4795,10.0,10.0,44.0,3.3,1.64,1.91,4.0,4.0,1
4796,8.0,8.0,35.0,3.3,0.73,0.52,4.0,1.0,1
4797,5.0,8.0,33.0,3.6,-0.01,0.59,3.0,5.0,1
4798,1.0,1.0,37.0,2.9,-1.45,-1.55,3.0,4.0,0
4800,9.0,10.0,37.0,3.4,1.25,1.53,4.0,4.0,1
4804,9.0,10.0,41.0,3.7,1.14,1.3,4.0,5.0,1
4805,6.0,5.0,27.0,2.9,0.28,-0.06,3.0,2.0,1
4806,9.0,9.0,44.0,3.8,1.08,1.16,2.0,6.0,1
4808,10.0,8.0,34.5,2.5,1.3,0.68,5.0,5.0,1
4810,7.0,7.0,34.0,3.6,0.47,0.47,4.0,3.0,1
4815,7.0,9.0,39.0,3.3,0.46,0.87,3.0,3.0,1
4819,5.0,6.0,37.0,3.3,0.03,0.01,3.0,3.0,1
4820,9.0,9.0,40.0,2.0,1.2,0.91,5.0,3.0,1
4821,9.0,10.0,24.0,3.7,0.92,1.77,4.0,1.0,1
4822,2.0,1.0,42.0,2.7,-0.81,-1.37,3.0,3.0,1
4829,5.0,5.0,38.0,3.7,0.01,-0.21,2.0,4.0,1
4835,8.0,9.0,34.0,3.5,0.82,1.13,4.0,3.0,1
4838,6.0,10.0,34.0,3.8,0.14,1.41,3.0,3.0,1
4840,2.0,1.0,35.0,2.9,-1.01,-2.09,3.0,3.0,1
4846,9.0,9.0,43.0,3.7,1.26,1.28,5.0,4.0,1
4847,4.0,1.0,21.0,3.4,-0.27,-2.12,3.0,3.0,0
4848,4.0,3.0,39.0,3.2,-0.23,-0.58,4.0,3.0,1
4851,7.0,7.0,43.0,3.7,0.37,0.42,3.0,4.0,1
4852,7.0,8.0,43.0,2.6,0.31,0.81,4.0,3.0,1
4854,7.0,6.0,34.5,2.8,0.46,-0.04,4.0,2.0,1
4860,7.0,8.0,38.0,3.8,0.48,0.77,4.0,6.0,1
4862,9.0,7.0,41.0,3.1,1.04,0.51,4.0,3.0,1
4863,3.0,2.0,48.0,2.5,-0.51,-0.96,4.0,4.0,0
4867,3.0,3.0,35.0,2.6,-0.53,-0.65,3.0,3.0,1
4868,9.0,7.0,40.0,2.9,1.26,0.4,3.0,5.0,1
4876,6.0,6.0,39.0,2.9,0.29,0.15,4.0,6.0,1
4877,1.0,1.0,38.0,2.6,-1.4,-1.6,3.0,3.0,1
4878,2.0,1.0,37.0,2.9,-1.13,-1.47,5.0,4.0,0
4881,1.0,1.0,30.0,2.8,-1.85,-1.73,2.0,6.0,1
4886,6.0,5.0,34.0,3.5,0.19,-0.12,2.0,3.0,1
4887,7.0,6.0,32.0,3.3,0.48,0.19,3.0,3.0,0
4889,3.0,2.0,40.0,3.8,-0.68,-1.12,3.0,4.0,0
4891,7.0,8.0,35.0,3.4,0.56,0.83,4.0,3.0,1
4894,5.0,5.0,40.0,3.2,-0.11,-0.12,4.0,4.0,1
4895,6.0,5.0,35.0,3.4,0.3,-0.07,3.0,4.0,1
4900,8.0,7.0,37.0,3.4,0.58,0.41,3.0,5.0,1
4902,3.0,3.0,36.0,2.9,-0.67,-0.7,1.0,3.0,1
4905,3.0,3.0,36.0,3.0,-0.57,-0.76,4.0,5.0,0
4907,1.0,1.0,42.0,3.6,-1.21,-1.8,4.0,6.0,1
4912,6.0,5.0,32.5,3.1,0.28,-0.06,2.0,3.0,1
4916,2.0,4.0,33.0,3.2,-0.85,-0.54,4.0,2.0,1
4918,2.0,3.0,28.5,3.2,-0.94,-0.63,4.0,3.0,1
4919,2.0,3.0,37.0,2.4,-0.76,-0.84,4.0,3.0,1
4921,8.0,10.0,39.0,2.9,0.63,1.38,4.0,4.0,1
4925,8.0,9.0,41.0,3.9,0.87,0.96,4.0,4.0,1
4930,1.0,1.0,26.0,2.8,-1.62,-2.23,4.0,2.0,0
4931,7.0,5.0,34.0,3.8,0.44,0.0,4.0,4.0,1
4933,6.0,5.0,38.0,3.2,0.26,-0.22,3.0,4.0,1
4934,5.0,4.0,36.0,3.2,-0.14,-0.3,4.0,3.0,1
4935,10.0,10.0,39.0,3.5,2.34,2.5,5.0,3.0,1
4937,8.0,9.0,34.0,3.8,0.81,1.05,2.0,3.0,1
4938,10.0,8.0,39.0,3.3,1.34,0.83,3.0,5.0,1
4941,4.0,3.0,47.0,3.7,-0.32,-0.67,4.0,6.0,1
4943,1.0,1.0,39.0,3.0,-1.55,-1.31,3.0,5.0,1
4944,2.0,2.0,35.0,2.5,-0.98,-1.11,2.0,5.0,0
4946,9.0,8.0,48.0,3.9,1.08,0.74,4.0,5.0,1
4947,8.0,8.0,34.0,3.5,0.82,0.84,2.0,4.0,1
4950,9.0,6.0,44.0,3.9,1.03,0.18,4.0,6.0,1
4951,1.0,3.0,29.0,2.3,-1.42,-0.59,4.0,4.0,1
4952,8.0,8.0,41.0,3.3,0.64,0.76,3.0,3.0,1
4954,9.0,9.0,40.0,3.2,0.87,1.17,5.0,5.0,1
4955,6.0,3.0,34.0,2.7,0.19,-0.65,2.0,3.0,1
4956,2.0,2.0,32.0,3.7,-0.76,-1.01,5.0,3.0,0
4958,4.0,5.0,35.0,4.0,-0.41,-0.08,4.0,4.0,1
4959,5.0,3.0,35.7,3.0,-0.13,-0.79,4.0,3.0,1
4960,1.0,8.0,41.0,2.6,-1.5,0.64,4.0,5.0,1
4961,7.0,9.0,43.0,3.0,0.48,1.17,5.0,3.0,1
4962,10.0,9.0,41.0,3.4,1.63,0.98,4.0,4.0,1
4966,7.0,4.0,35.0,3.1,0.49,-0.53,4.0,4.0,0
4967,8.0,8.0,37.0,3.3,0.84,0.53,2.0,1.0,1
4968,9.0,9.0,33.0,3.8,1.2,1.02,4.0,4.0,1
4969,3.0,4.0,37.0,3.1,-0.47,-0.3,4.0,5.0,1
4970,2.0,6.0,32.0,3.4,-0.9,0.04,4.0,4.0,1
4972,9.0,9.0,42.0,3.2,0.97,1.03,3.0,3.0,1
4973,5.0,8.0,48.0,2.8,-0.04,0.64,3.0,5.0,1
4974,4.0,4.0,43.0,3.4,-0.38,-0.42,3.0,4.0,1
4983,2.0,2.0,35.0,3.2,-0.89,-1.15,3.0,3.0,1
4987,10.0,9.0,30.0,3.5,1.32,1.11,4.0,3.0,1
4988,7.0,7.0,30.0,2.6,0.42,0.4,5.0,4.0,1
4989,5.0,6.0,40.0,3.7,-0.04,0.06,3.0,5.0,1
4990,6.0,6.0,40.0,2.9,0.21,0.28,3.0,4.0,1
4992,5.0,4.0,37.0,3.3,-0.1,-0.4,3.0,5.0,1
4993,5.0,3.0,33.5,2.8,-0.17,-0.56,3.0,3.0,1
4997,4.0,5.0,42.0,3.4,-0.25,-0.1,4.0,4.0,1
4998,2.0,5.0,34.0,2.6,-0.79,0.0,3.0,5.0,1
5001,9.0,8.0,35.0,2.9,0.92,0.56,3.0,3.0,1
5002,10.0,10.0,40.0,3.1,1.85,1.69,4.0,4.0,1
5004,4.0,5.0,43.0,3.8,-0.22,-0.05,2.0,6.0,1
5008,4.0,4.0,30.0,3.4,-0.29,-0.32,3.0,4.0,1
5009,5.0,5.0,31.0,3.2,-0.1,-0.14,3.0,2.0,0
5011,6.0,7.0,32.0,3.1,0.36,0.32,2.0,1.0,1
5012,10.0,9.0,42.0,3.5,1.95,1.28,3.0,3.0,1
5013,7.0,6.0,33.5,2.9,0.38,0.19,3.0,5.0,1
5014,6.0,7.0,38.0,3.2,0.26,0.36,3.0,3.0,1
5015,7.0,6.0,44.0,3.5,0.35,0.23,3.0,4.0,1
5017,6.0,7.0,33.0,2.4,0.29,0.43,4.0,3.0,1
5019,7.0,8.0,42.0,3.7,0.47,0.59,4.0,6.0,1
5020,10.0,10.0,43.0,3.8,1.76,1.63,3.0,4.0,1
5021,3.0,4.0,41.0,3.8,-0.64,-0.5,4.0,6.0,1
5025,3.0,2.0,34.0,3.3,-0.47,-0.97,4.0,3.0,0
5026,2.0,3.0,45.0,2.8,-0.97,-0.82,4.0,5.0,1
5029,9.0,8.0,45.0,3.2,1.04,0.85,2.0,5.0,1
5032,6.0,8.0,32.0,2.7,0.13,0.61,4.0,2.0,1
5033,3.0,3.0,34.0,3.2,-0.45,-0.68,3.0,3.0,1
5036,7.0,8.0,38.0,2.4,0.5,0.68,4.0,5.0,0
5038,2.0,2.0,37.0,3.1,-0.86,-1.21,5.0,3.0,0
5039,10.0,10.0,40.0,3.3,1.96,1.93,4.0,2.0,1
5040,2.0,3.0,38.0,3.5,-1.13,-0.81,4.0,5.0,1
5042,1.0,1.0,25.0,3.2,-1.6,-2.03,3.0,3.0,0
5045,6.0,6.0,34.3,3.0,0.07,0.12,3.0,5.0,1
5048,1.0,1.0,33.0,3.7,-2.3,-1.81,3.0,5.0,1
5050,1.0,1.0,45.0,3.7,-1.47,-2.52,2.0,5.0,0
5052,4.0,5.0,34.5,3.3,-0.41,-0.14,4.0,3.0,1
5053,3.0,2.0,37.5,3.0,-0.58,-1.21,4.0,5.0,1
5054,2.0,2.0,35.0,3.1,-1.05,-0.95,4.0,4.0,1
5057,2.0,2.0,45.0,3.8,-1.13,-0.99,3.0,4.0,1
5058,5.0,8.0,38.0,3.4,0.03,0.76,4.0,4.0,1
5060,2.0,2.0,31.0,3.3,-1.02,-1.25,4.0,3.0,0
5061,7.0,9.0,38.0,3.1,0.38,1.28,4.0,3.0,1
5063,9.0,9.0,38.0,3.1,1.23,1.04,5.0,3.0,1
5064,10.0,9.0,43.0,3.0,1.51,0.85,4.0,6.0,1
5067,4.0,3.0,34.0,3.2,-0.24,-0.6,4.0,5.0,1
5070,9.0,8.0,44.0,3.8,1.23,0.59,4.0,6.0,1
5072,9.0,9.0,33.0,3.3,0.96,1.11,2.0,3.0,1
5077,9.0,9.0,46.0,3.3,1.1,1.26,4.0,5.0,1
5079,9.0,7.0,39.0,2.9,0.98,0.42,4.0,3.0,1
5080,8.0,9.0,32.0,3.2,0.75,1.2,3.0,5.0,1
5083,7.0,10.0,40.0,3.3,0.33,1.39,3.0,2.0,1
5086,2.0,5.0,41.0,3.5,-0.92,-0.22,3.0,5.0,1
5088,8.0,9.0,43.0,3.5,0.85,1.04,3.0,4.0,1
5089,10.0,10.0,28.0,3.9,2.37,2.45,1.0,3.0,1
5090,6.0,5.0,32.0,2.2,0.2,-0.06,3.0,3.0,0
5091,4.0,3.0,27.3,3.1,-0.28,-0.82,3.0,3.0,1
5095,7.0,7.0,33.0,3.2,0.53,0.34,4.0,2.0,1
5096,6.0,4.0,37.0,3.1,0.13,-0.5,3.0,4.0,1
5098,3.0,4.0,42.0,2.9,-0.58,-0.51,3.0,3.0,1
5099,8.0,7.0,38.0,3.3,0.78,0.39,4.0,3.0,1
5100,9.0,1.0,36.0,3.8,0.92,-1.51,4.0,4.0,1
5101,3.0,1.0,40.0,2.9,-0.64,-1.43,4.0,2.0,0
5102,2.0,2.0,40.0,3.7,-0.81,-1.02,3.0,4.0,1
5106,10.0,4.0,44.0,3.1,1.35,-0.31,4.0,3.0,1
5107,1.0,1.0,33.0,2.7,-1.63,-1.87,1.0,3.0,1
5108,5.0,3.0,19.0,2.5,0.05,-0.76,2.0,1.0,0
5109,5.0,5.0,33.0,2.5,-0.03,-0.15,4.0,4.0,1
5110,7.0,9.0,38.0,3.5,0.55,0.9,3.0,6.0,1
5111,9.0,6.0,36.0,3.6,1.27,0.21,4.0,5.0,1
5112,8.0,9.0,44.0,3.2,0.71,1.12,2.0,5.0,1
5114,4.0,6.0,41.0,3.3,-0.19,0.05,4.0,4.0,1
5115,3.0,5.0,38.5,3.7,-0.65,-0.11,2.0,3.0,1
5116,1.0,2.0,44.0,3.2,-1.5,-1.22,3.0,4.0,0
5121,8.0,9.0,44.0,3.0,0.75,0.91,5.0,3.0,1
5123,1.0,3.0,41.5,3.6,-1.73,-0.75,4.0,6.0,1
5129,5.0,6.0,45.0,3.8,0.02,0.25,4.0,6.0,1
5130,10.0,9.0,44.0,3.2,1.49,1.17,4.0,4.0,1
5133,7.0,6.0,46.0,3.4,0.46,0.16,4.0,3.0,1
5134,3.0,3.0,42.0,3.2,-0.46,-0.65,5.0,3.0,1
5136,6.0,5.0,36.0,2.5,0.12,-0.13,4.0,6.0,1
5144,5.0,5.0,37.0,3.3,-0.02,-0.25,5.0,4.0,1
5145,8.0,7.0,40.0,3.1,0.88,0.51,3.0,4.0,1
5146,1.0,1.0,38.0,2.5,-1.69,-2.08,1.0,5.0,0
5148,3.0,4.0,38.0,3.9,-0.43,-0.44,2.0,3.0,1
5149,8.0,6.0,42.0,3.1,0.68,0.27,5.0,4.0,1
5151,8.0,10.0,36.0,4.0,0.64,1.35,4.0,4.0,1
5153,3.0,3.0,34.0,3.6,-0.57,-0.82,4.0,5.0,1
5154,4.0,8.0,32.5,3.4,-0.34,0.64,3.0,3.0,1
5155,6.0,7.0,41.0,3.6,0.32,0.35,3.0,4.0,1
5156,9.0,10.0,38.0,3.4,0.88,1.4,4.0,3.0,1
5160,9.0,8.0,41.0,3.4,1.25,0.57,4.0,4.0,1
5162,3.0,2.0,34.0,3.3,-0.49,-0.9,4.0,4.0,1
5167,5.0,4.0,34.0,2.2,-0.14,-0.44,5.0,2.0,1
5174,4.0,2.0,35.0,2.9,-0.4,-1.01,4.0,3.0,1
5177,9.0,9.0,32.0,3.5,1.05,1.27,3.0,4.0,1
5181,8.0,6.0,24.0,2.7,0.73,0.0,3.0,2.0,1
5182,2.0,2.0,29.0,2.2,-1.02,-1.1,4.0,5.0,0
5183,7.0,7.0,37.0,3.4,0.43,0.47,3.0,3.0,1
5186,10.0,7.0,40.0,2.2,1.91,0.35,3.0,5.0,1
5187,2.0,2.0,39.0,3.4,-0.94,-1.04,4.0,4.0,1
5188,2.0,1.0,28.5,3.3,-1.14,-1.47,3.0,5.0,0
5189,4.0,3.0,35.0,3.4,-0.21,-0.87,4.0,3.0,0
5190,5.0,4.0,37.0,3.1,-0.13,-0.41,4.0,3.0,0
5192,3.0,4.0,37.0,3.6,-0.67,-0.39,3.0,3.0,1
5201,2.0,1.0,32.0,3.2,-0.96,-1.62,3.0,2.0,1
5202,5.0,3.0,34.0,3.9,-0.07,-0.62,3.0,3.0,1
5205,8.0,8.0,36.0,3.6,0.68,0.62,3.0,4.0,1
5207,3.0,2.0,30.7,2.8,-0.43,-0.94,3.0,3.0,1
5212,3.0,5.0,38.0,3.3,-0.7,-0.25,3.0,4.0,1
5213,9.0,8.0,40.0,3.8,1.21,0.66,5.0,4.0,1
5214,2.0,2.0,41.0,3.6,-0.77,-1.06,4.0,5.0,1
5215,7.0,7.0,37.0,2.9,0.49,0.39,4.0,4.0,1
5216,1.0,2.0,28.0,3.3,-1.32,-0.89,5.0,3.0,1
5217,6.0,6.0,43.0,2.9,0.2,0.06,3.0,4.0,1
5219,2.0,4.0,33.0,3.2,-0.71,-0.42,4.0,3.0,1
5221,7.0,8.0,46.0,3.1,0.49,0.73,5.0,5.0,1
5223,10.0,10.0,37.0,3.9,1.45,1.58,4.0,4.0,1
5224,9.0,7.0,41.0,3.1,0.88,0.3,3.0,3.0,1
5225,9.0,6.0,34.0,3.4,1.17,0.28,4.0,4.0,1
5226,3.0,2.0,38.0,3.1,-0.73,-1.0,3.0,5.0,1
5228,3.0,5.0,33.0,2.8,-0.44,-0.1,3.0,3.0,1
5230,5.0,8.0,35.0,3.8,0.09,0.68,5.0,4.0,1
5233,4.0,4.0,30.0,3.0,-0.33,-0.29,5.0,3.0,0
5236,10.0,10.0,29.5,3.6,1.75,1.95,3.0,3.0,1
5237,5.0,5.0,37.0,3.2,0.04,-0.1,3.0,4.0,1
5239,6.0,7.0,34.5,2.7,0.22,0.37,4.0,3.0,1
5241,4.0,3.0,39.0,3.2,-0.29,-0.7,5.0,3.0,1
5242,10.0,10.0,42.0,3.3,1.46,1.33,4.0,5.0,1
5244,2.0,2.0,40.0,3.3,-0.98,-1.32,5.0,4.0,1
5247,1.0,2.0,35.0,3.5,-1.33,-0.96,3.0,4.0,0
5248,5.0,5.0,29.5,3.0,0.04,-0.25,4.0,4.0,0
5253,9.0,8.0,37.0,3.2,0.96,0.54,3.0,2.0,1
5255,3.0,3.0,36.0,2.2,-0.69,-0.83,3.0,3.0,1
5256,8.0,10.0,32.0,3.4,0.84,1.74,4.0,3.0,1
5258,9.0,9.0,41.0,3.5,1.26,1.28,4.0,4.0,1
5260,5.0,4.0,31.5,3.5,0.02,-0.42,4.0,3.0,1
5261,2.0,3.0,17.0,3.0,-0.68,-0.82,2.0,1.0,0
5263,2.0,3.0,29.0,3.3,-0.99,-0.91,3.0,2.0,0
5272,4.0,7.0,44.0,3.7,-0.17,0.47,4.0,6.0,1
5274,7.0,7.0,39.0,3.8,0.31,0.31,4.0,3.0,1
5276,3.0,4.0,35.0,2.8,-0.59,-0.4,4.0,3.0,1
5278,9.0,8.0,41.0,3.9,0.97,0.68,4.0,6.0,1
5280,1.0,1.0,41.0,2.4,-2.45,-2.8,5.0,4.0,1
5281,10.0,10.0,35.0,2.6,2.43,2.75,4.0,2.0,1
5284,8.0,8.0,34.0,3.6,0.85,0.71,3.0,3.0,1
5285,8.0,8.0,37.0,3.2,0.57,0.66,4.0,2.0,1
5289,4.0,2.0,26.5,3.1,-0.21,-1.18,3.0,3.0,0
5290,4.0,2.0,35.0,3.0,-0.39,-1.03,3.0,3.0,1
5291,2.0,4.0,22.0,2.2,-0.67,-0.57,4.0,1.0,1
5294,10.0,10.0,43.0,3.1,1.83,1.32,3.0,6.0,1
5295,4.0,6.0,35.5,3.0,-0.18,0.12,3.0,3.0,1
5296,3.0,6.0,43.0,3.5,-0.49,0.06,4.0,5.0,1
5299,7.0,8.0,44.0,4.0,0.4,0.68,4.0,5.0,1
5300,10.0,10.0,48.0,3.7,1.89,1.79,2.0,4.0,1
5302,2.0,2.0,37.0,3.2,-0.92,-1.16,3.0,3.0,1
5307,8.0,8.0,38.0,3.6,0.68,0.58,3.0,2.0,1
5308,6.0,7.0,33.0,3.0,0.14,0.54,4.0,4.0,1
5309,8.0,7.0,40.5,3.2,0.77,0.55,5.0,4.0,1
5310,3.0,3.0,30.5,2.8,-0.67,-0.86,4.0,4.0,1
5313,4.0,3.0,34.0,3.3,-0.39,-0.65,4.0,4.0,1
5316,6.0,5.0,34.0,3.3,0.14,-0.04,4.0,3.0,1
5319,6.0,7.0,34.0,3.5,0.05,0.47,3.0,2.0,1
5320,1.0,2.0,35.0,3.8,-1.22,-1.19,4.0,5.0,0
5321,7.0,6.0,34.0,3.6,0.37,0.15,3.0,2.0,1
5322,6.0,7.0,30.0,2.7,0.22,0.45,4.0,4.0,1
5323,8.0,8.0,37.0,3.8,0.62,0.65,3.0,5.0,1
5326,4.0,5.0,36.0,3.4,-0.25,-0.15,3.0,4.0,0
5328,6.0,7.0,41.0,3.4,0.26,0.32,4.0,4.0,1
5329,2.0,1.0,38.0,3.1,-1.04,-1.49,5.0,3.0,1
5330,3.0,2.0,24.0,2.4,-0.36,-1.17,2.0,1.0,0
5332,1.0,1.0,38.0,3.7,-1.58,-1.83,4.0,5.0,1
5334,6.0,10.0,39.0,2.5,0.19,1.62,3.0,3.0,1
5336,9.0,9.0,37.0,3.4,0.91,0.91,4.0,2.0,1
5337,3.0,4.0,39.0,3.1,-0.58,-0.35,5.0,5.0,1
5342,4.0,2.0,30.5,3.3,-0.23,-1.11,3.0,3.0,1
5344,4.0,4.0,29.3,3.2,-0.33,-0.35,3.0,3.0,1
5347,10.0,10.0,39.0,2.7,1.43,1.71,3.0,4.0,1
5349,4.0,6.0,26.7,3.5,-0.28,0.08,3.0,3.0,1
5351,8.0,7.0,32.5,3.6,0.63,0.38,2.0,4.0,1
5358,10.0,8.0,33.0,2.4,1.59,0.65,4.0,5.0,0
5359,7.0,9.0,45.0,3.2,0.6,1.12,2.0,4.0,1
5361,4.0,5.0,44.0,3.4,-0.28,-0.06,4.0,6.0,1
5362,6.0,7.0,34.0,3.1,0.22,0.39,4.0,3.0,1
5364,6.0,5.0,34.0,2.7,0.16,-0.27,3.0,2.0,1
5365,8.0,7.0,39.0,3.3,0.79,0.41,4.0,3.0,1
5369,9.0,5.0,28.0,3.0,1.09,-0.24,4.0,1.0,0
5370,1.0,1.0,29.0,3.5,-1.35,-2.2,3.0,3.0,0
5372,1.0,1.0,13.5,2.7,-1.57,-3.0,3.0,5.0,1
5373,5.0,3.0,39.0,3.2,-0.07,-0.65,3.0,3.0,1
5374,9.0,10.0,39.0,3.8,1.23,1.79,3.0,6.0,1
5376,1.0,1.0,41.0,2.8,-1.51,-1.65,5.0,5.0,0
5378,3.0,4.0,33.0,3.6,-0.56,-0.37,3.0,3.0,1
5380,10.0,10.0,39.5,2.6,1.52,1.82,3.0,1.0,1
5381,10.0,10.0,43.0,3.3,1.35,1.58,4.0,3.0,1
5383,7.0,8.0,34.0,3.6,0.46,0.59,3.0,3.0,1
5384,1.0,1.0,31.0,2.7,-1.28,-1.31,5.0,2.0,0
5385,9.0,9.0,43.0,3.8,1.01,1.03,3.0,4.0,1
5401,10.0,7.0,44.0,3.3,1.53,0.54,4.0,4.0,1
5403,2.0,1.0,35.0,3.4,-0.79,-1.35,3.0,3.0,1
5405,8.0,7.0,38.0,3.6,0.77,0.55,5.0,4.0,1
5407,8.0,6.0,37.0,2.6,0.84,0.21,2.0,3.0,1
5413,5.0,6.0,42.0,3.2,0.08,0.18,4.0,4.0,1
5414,5.0,6.0,35.0,4.0,-0.16,0.04,3.0,5.0,1
5416,8.0,9.0,38.0,3.3,0.81,0.92,4.0,3.0,1
5417,2.0,4.0,32.0,3.5,-0.84,-0.43,4.0,3.0,1
5419,6.0,5.0,33.0,2.3,0.16,-0.29,2.0,1.0,1
5424,1.0,1.0,27.0,3.3,-2.04,-1.82,4.0,3.0,0
5428,1.0,2.0,40.0,3.4,-1.53,-1.27,3.0,3.0,1
5429,5.0,2.0,31.0,2.7,-0.1,-1.05,4.0,3.0,1
5430,9.0,7.0,39.0,2.7,1.1,0.5,3.0,3.0,1
5432,5.0,1.0,35.0,3.2,0.04,-1.51,4.0,4.0,1
5433,1.0,1.0,32.0,3.4,-1.99,-1.74,3.0,3.0,0
5435,6.0,5.0,40.0,3.7,0.26,-0.25,2.0,3.0,1
5438,5.0,4.0,37.0,3.4,-0.09,-0.37,4.0,4.0,1
5439,1.0,1.0,21.5,2.6,-2.06,-2.68,3.0,5.0,0
5440,7.0,6.0,40.0,3.3,0.33,0.1,4.0,4.0,1
5441,3.0,5.0,48.0,2.5,-0.46,-0.08,5.0,3.0,1
5443,10.0,9.0,42.0,2.4,2.13,1.3,3.0,2.0,1
5446,9.0,9.0,43.0,3.4,1.29,1.25,4.0,4.0,1
5447,6.0,1.0,32.0,3.3,0.1,-2.88,5.0,5.0,0
5449,10.0,9.0,37.0,3.3,1.25,1.0,4.0,2.0,1
5453,1.0,1.0,36.0,3.4,-1.42,-1.43,3.0,3.0,0
5454,9.0,9.0,39.0,3.2,1.2,1.02,2.0,4.0,1
5457,7.0,7.0,31.0,3.4,0.49,0.53,3.0,4.0,1
5459,10.0,10.0,48.0,4.0,1.91,2.51,4.0,4.0,1
5460,6.0,9.0,35.0,3.0,0.28,0.97,4.0,3.0,1
5461,4.0,3.0,34.0,3.6,-0.25,-0.58,3.0,3.0,1
5462,2.0,8.0,33.5,3.2,-1.03,0.63,4.0,4.0,1
5463,3.0,5.0,26.0,3.5,-0.58,-0.13,3.0,3.0,1
5465,6.0,5.0,34.5,3.0,0.21,0.0,3.0,4.0,1
5468,2.0,3.0,46.0,2.6,-0.93,-0.6,3.0,5.0,1
5469,9.0,5.0,37.0,2.9,0.94,-0.1,4.0,3.0,1
5470,9.0,9.0,40.0,3.2,1.01,1.01,4.0,4.0,1
5471,3.0,2.0,35.0,3.4,-0.55,-1.09,3.0,4.0,1
5472,1.0,4.0,37.0,2.6,-1.29,-0.44,3.0,5.0,1
5474,1.0,1.0,32.0,3.4,-1.11,-1.36,4.0,3.0,1
5475,7.0,6.0,37.0,3.4,0.48,0.21,4.0,4.0,1
5476,9.0,6.0,31.0,1.8,0.95,0.09,2.0,1.0,0
5479,6.0,7.0,34.0,3.2,0.2,0.45,1.0,5.0,1
5480,9.0,10.0,42.0,3.4,1.17,1.43,3.0,3.0,1
5485,8.0,8.0,45.0,3.1,0.79,0.74,4.0,4.0,1
5486,9.0,8.0,37.0,3.6,0.98,0.64,3.0,4.0,1
5487,10.0,9.0,40.5,3.4,1.4,1.17,3.0,5.0,1
5494,7.0,7.0,33.0,3.0,0.45,0.24,4.0,2.0,1
5495,7.0,7.0,34.5,3.4,0.46,0.3,3.0,4.0,1
5498,5.0,6.0,36.0,2.5,-0.03,0.09,3.0,3.0,1
5502,6.0,8.0,40.0,3.3,0.23,0.64,4.0,3.0,1
5503,4.0,4.0,48.0,3.8,-0.18,-0.29,4.0,6.0,1
5504,6.0,6.0,34.0,3.4,0.22,0.22,4.0,5.0,1
5505,3.0,2.0,33.0,3.2,-0.48,-1.2,3.0,3.0,1
5509,5.0,5.0,36.0,3.4,-0.17,-0.12,1.0,3.0,1
5519,3.0,3.0,44.0,3.7,-0.66,-0.71,4.0,6.0,1
5520,8.0,8.0,41.0,3.1,0.81,0.79,4.0,4.0,1
5522,10.0,10.0,45.0,3.4,1.41,1.63,3.0,5.0,1
5523,2.0,1.0,32.5,2.9,-1.04,-1.84,3.0,2.0,0
5528,6.0,6.0,40.0,3.4,0.17,0.23,4.0,5.0,1
5530,9.0,8.0,40.0,3.4,0.91,0.65,4.0,5.0,1
5531,1.0,2.0,35.5,3.8,-1.14,-1.26,4.0,4.0,1
5536,8.0,9.0,43.0,3.3,0.84,1.17,4.0,4.0,1
5537,4.0,6.0,32.0,3.0,-0.42,0.0,4.0,3.0,0
5541,10.0,9.0,47.0,3.5,1.88,1.29,2.0,5.0,1
5543,1.0,1.0,34.0,2.9,-1.77,-2.14,4.0,3.0,1
5546,3.0,3.0,33.7,3.1,-0.55,-0.84,4.0,3.0,1
5548,9.0,9.0,46.0,3.3,1.22,1.08,4.0,5.0,1
5550,9.0,10.0,42.0,2.7,1.07,1.34,3.0,3.0,1
5555,4.0,5.0,44.0,3.1,-0.24,-0.08,3.0,4.0,1
5557,10.0,10.0,33.0,3.6,1.52,1.38,4.0,2.0,1
5559,2.0,2.0,35.0,3.0,-0.92,-1.08,4.0,2.0,1
5560,7.0,6.0,33.0,3.1,0.43,0.15,4.0,4.0,1
5566,10.0,10.0,45.0,3.5,1.62,1.62,5.0,4.0,1
5573,7.0,5.0,33.0,3.3,0.4,-0.21,5.0,1.0,1
5574,3.0,4.0,33.0,3.3,-0.53,-0.27,3.0,5.0,1
5576,10.0,10.0,42.0,3.7,2.2,2.6,2.0,6.0,1
5577,6.0,7.0,33.0,3.8,0.27,0.35,4.0,4.0,1
5580,8.0,7.0,38.0,3.2,0.73,0.28,4.0,3.0,1
5581,4.0,3.0,44.0,3.5,-0.45,-0.59,4.0,5.0,1
5582,7.0,10.0,33.0,2.8,0.31,1.53,2.0,3.0,1
5585,8.0,6.0,48.0,2.8,0.62,0.24,4.0,5.0,1
5587,6.0,4.0,36.0,3.1,0.18,-0.43,4.0,3.0,1
5588,1.0,1.0,33.0,3.3,-1.36,-1.6,3.0,6.0,1
5589,4.0,4.0,45.0,3.0,-0.26,-0.34,5.0,5.0,1
5590,7.0,8.0,44.0,3.4,0.54,0.61,3.0,3.0,1
5591,10.0,10.0,37.0,3.5,2.29,1.47,4.0,5.0,1
5595,9.0,8.0,35.0,3.2,1.23,0.72,2.0,2.0,1
5596,7.0,4.0,42.0,3.0,0.36,-0.35,4.0,4.0,1
5599,9.0,8.0,36.0,3.2,1.02,0.57,4.0,4.0,1
5602,6.0,8.0,28.0,3.0,0.13,0.56,4.0,2.0,0
5616,7.0,8.0,45.0,3.6,0.55,0.59,4.0,4.0,1
5617,5.0,6.0,37.5,3.1,-0.01,0.15,3.0,4.0,1
5618,8.0,8.0,37.0,2.6,0.8,0.61,4.0,4.0,1
5619,2.0,2.0,43.0,3.2,-0.84,-0.93,1.0,2.0,0
5620,8.0,7.0,32.5,3.4,0.86,0.34,4.0,5.0,1
5624,3.0,6.0,44.0,3.5,-0.48,0.06,3.0,5.0,1
5625,8.0,9.0,40.0,2.7,0.75,0.9,4.0,3.0,1
5627,7.0,8.0,39.0,3.6,0.52,0.58,3.0,3.0,1
5633,9.0,9.0,32.0,3.3,0.9,1.01,4.0,3.0,1
5638,4.0,6.0,33.0,3.4,-0.19,0.12,3.0,3.0,1
5642,4.0,7.0,35.0,2.8,-0.32,0.38,4.0,3.0,1
5643,6.0,5.0,35.0,3.6,0.21,-0.01,4.0,4.0,1
5644,8.0,6.0,37.0,3.2,0.65,0.23,4.0,6.0,1
5650,7.0,6.0,39.0,2.8,0.44,0.05,3.0,4.0,1
5651,3.0,3.0,37.0,2.7,-0.44,-0.6,3.0,3.0,1
5656,7.0,7.0,36.0,3.3,0.42,0.27,2.0,3.0,1
5657,8.0,6.0,41.0,3.2,0.74,0.21,4.0,4.0,1
5661,8.0,6.0,39.0,2.9,0.58,0.06,4.0,3.0,1
5662,10.0,10.0,36.0,3.1,1.89,1.8,4.0,3.0,1
5663,10.0,10.0,32.0,3.7,1.62,1.5,4.0,3.0,1
5665,6.0,6.0,35.0,3.1,0.15,0.11,4.0,3.0,1
5666,3.0,5.0,41.0,3.7,-0.65,-0.09,4.0,5.0,1
5669,8.0,9.0,40.0,3.8,0.64,1.06,4.0,3.0,1
5673,5.0,5.0,41.0,3.4,-0.07,-0.1,4.0,5.0,1
5674,1.0,1.0,32.0,3.4,-1.33,-1.5,3.0,4.0,0
5677,1.0,3.0,27.0,3.3,-1.38,-0.62,3.0,1.0,1
5678,10.0,10.0,30.0,3.2,2.01,2.44,2.0,4.0,1
5679,1.0,4.0,30.0,3.6,-1.28,-0.35,3.0,3.0,1
5680,2.0,1.0,33.0,3.1,-0.8,-1.29,3.0,2.0,0
5683,2.0,4.0,24.0,3.3,-0.73,-0.43,3.0,3.0,0
5687,10.0,10.0,43.0,3.4,2.88,1.69,3.0,5.0,1
5688,4.0,3.0,25.0,3.7,-0.23,-0.75,1.0,3.0,0
5695,7.0,5.0,36.0,3.4,0.46,-0.13,5.0,3.0,1
5697,1.0,1.0,29.5,3.7,-1.77,-1.91,4.0,5.0,1
5700,8.0,8.0,34.0,3.4,0.6,0.63,3.0,3.0,1
5702,9.0,7.0,30.0,2.7,0.92,0.47,5.0,1.0,1
5703,4.0,2.0,27.0,2.7,-0.17,-0.93,3.0,4.0,1
5704,1.0,1.0,36.0,3.6,-1.2,-1.78,2.0,5.0,0
5705,8.0,6.0,36.0,3.1,0.74,0.17,4.0,5.0,1
5706,6.0,6.0,48.0,3.3,0.22,0.15,3.0,6.0,1
5707,2.0,4.0,44.0,3.3,-0.77,-0.45,4.0,4.0,1
5711,7.0,6.0,39.0,3.7,0.43,0.24,3.0,6.0,1
5714,5.0,5.0,44.0,3.7,-0.14,-0.1,4.0,6.0,1
5720,9.0,7.0,39.0,3.5,1.2,0.49,4.0,5.0,1
5723,2.0,2.0,29.0,2.4,-0.98,-1.26,5.0,4.0,1
5724,2.0,3.0,32.5,2.8,-0.92,-0.63,1.0,3.0,1
5731,6.0,7.0,32.0,3.2,0.3,0.47,3.0,3.0,1
5732,9.0,7.0,42.0,3.8,1.07,0.36,4.0,5.0,1
5733,4.0,7.0,39.0,3.6,-0.41,0.3,4.0,3.0,1
5734,1.0,1.0,39.0,3.3,-1.92,-2.29,3.0,4.0,1
5735,8.0,8.0,37.0,3.4,0.67,0.55,2.0,3.0,1
5739,9.0,9.0,32.0,3.3,1.2,1.08,4.0,2.0,1
5741,10.0,10.0,43.0,3.7,1.68,1.64,3.0,4.0,1
5742,8.0,8.0,34.0,2.3,0.59,0.73,4.0,3.0,1
5743,3.0,5.0,33.0,3.2,-0.53,-0.13,4.0,2.0,1
5744,2.0,4.0,42.0,3.8,-0.86,-0.3,5.0,3.0,1
5747,7.0,4.0,32.0,2.4,0.39,-0.37,4.0,3.0,1
5748,6.0,5.0,29.5,3.3,0.14,-0.04,3.0,3.0,1
5750,10.0,10.0,29.0,3.8,1.72,1.41,3.0,4.0,1
5751,6.0,5.0,40.0,3.6,0.19,-0.12,2.0,4.0,1
5752,5.0,7.0,32.0,3.3,-0.01,0.47,4.0,3.0,1
5753,1.0,1.0,34.0,2.4,-1.78,-1.4,5.0,4.0,1
5755,9.0,9.0,42.5,3.7,1.14,1.04,4.0,6.0,1
5757,1.0,1.0,34.0,3.5,-1.43,-1.42,5.0,5.0,0
5758,8.0,8.0,43.0,2.2,0.63,0.86,4.0,2.0,1
5759,10.0,10.0,39.0,2.5,1.84,1.61,4.0,3.0,1
5760,7.0,7.0,37.0,2.4,0.43,0.3,3.0,3.0,1
5764,6.0,7.0,29.0,2.6,0.19,0.36,3.0,3.0,1
5765,10.0,9.0,41.0,3.9,1.59,1.11,4.0,3.0,1
5767,10.0,10.0,34.0,3.9,1.83,2.05,4.0,4.0,1
5769,4.0,4.0,46.0,4.0,-0.39,-0.29,3.0,5.0,1
5770,2.0,2.0,31.0,3.0,-0.94,-1.09,4.0,4.0,1
5772,4.0,3.0,37.0,3.6,-0.41,-0.64,4.0,4.0,1
5773,8.0,7.0,36.0,3.2,0.62,0.34,4.0,3.0,1
5778,9.0,9.0,38.0,2.7,1.15,1.1,4.0,3.0,1
5779,8.0,6.0,48.0,3.8,0.84,0.01,4.0,3.0,0
5780,2.0,1.0,35.0,2.9,-0.86,-1.59,4.0,3.0,1
5782,2.0,1.0,35.0,2.9,-0.92,-1.39,4.0,3.0,0
5785,7.0,7.0,27.0,3.3,0.45,0.42,3.0,3.0,1
5787,8.0,9.0,41.0,3.6,0.67,0.92,4.0,4.0,1
5788,9.0,10.0,40.0,3.0,1.15,1.5,4.0,3.0,1
5789,6.0,7.0,37.0,3.4,0.16,0.37,3.0,3.0,1
5790,10.0,10.0,44.0,3.9,2.18,2.0,5.0,6.0,1
5792,4.0,5.0,40.0,3.4,-0.26,-0.16,5.0,5.0,1
5794,9.0,9.0,34.0,3.5,1.06,1.28,3.0,3.0,1
5798,1.0,1.0,36.0,3.1,-1.28,-1.38,3.0,3.0,1
5799,4.0,6.0,42.0,3.7,-0.24,0.11,2.0,4.0,1
5805,8.0,9.0,30.0,3.4,0.58,0.98,3.0,2.0,1
5811,3.0,3.0,41.0,2.5,-0.69,-0.6,4.0,3.0,0
5813,2.0,2.0,34.0,3.4,-1.09,-1.01,3.0,5.0,1
5815,5.0,4.0,35.0,3.7,-0.03,-0.34,4.0,4.0,1
5816,1.0,1.0,29.0,3.1,-1.85,-1.7,2.0,3.0,0
5817,2.0,2.0,33.0,2.2,-1.05,-1.07,1.0,3.0,1
5818,3.0,4.0,35.0,2.2,-0.42,-0.55,4.0,1.0,1
5819,5.0,6.0,31.0,3.7,0.01,0.04,3.0,3.0,1
5822,9.0,7.0,43.0,3.3,1.28,0.39,5.0,5.0,1
5823,9.0,8.0,39.0,3.5,1.2,0.86,2.0,4.0,1
5827,3.0,1.0,47.0,3.6,-0.56,-1.3,4.0,5.0,1
5830,2.0,2.0,39.0,2.5,-0.89,-1.2,3.0,5.0,0
5831,6.0,5.0,39.0,3.4,0.29,-0.1,4.0,4.0,1
5834,2.0,4.0,37.0,2.6,-0.75,-0.45,5.0,3.0,1
5838,2.0,2.0,45.0,3.9,-0.84,-1.02,3.0,5.0,1
5839,9.0,7.0,35.0,3.2,0.92,0.49,2.0,3.0,1
5846,2.0,1.0,37.5,2.8,-0.87,-1.55,3.0,3.0,1
5850,3.0,3.0,36.0,3.2,-0.56,-0.85,3.0,3.0,1
5851,7.0,6.0,34.0,3.1,0.44,0.12,4.0,3.0,1
5853,3.0,2.0,38.0,3.2,-0.59,-1.09,4.0,3.0,1
5854,1.0,1.0,26.0,3.1,-1.13,-1.5,2.0,3.0,0
5855,1.0,2.0,36.0,2.6,-1.83,-1.24,2.0,3.0,1
5856,3.0,2.0,36.0,3.9,-0.58,-0.97,3.0,3.0,0
5857,6.0,6.0,32.0,3.6,0.19,0.0,3.0,2.0,0
5858,10.0,10.0,40.0,3.8,1.45,1.6,3.0,4.0,1
5862,7.0,5.0,38.0,3.1,0.46,-0.08,4.0,3.0,1
5864,4.0,5.0,27.0,3.2,-0.21,-0.1,3.0,2.0,1
5865,10.0,10.0,41.0,3.5,2.15,1.82,4.0,5.0,1
5866,4.0,4.0,35.0,3.0,-0.32,-0.42,3.0,3.0,1
5867,5.0,3.0,39.0,3.9,-0.15,-0.81,4.0,6.0,1
5868,4.0,3.0,30.0,3.3,-0.41,-0.7,4.0,5.0,0
5869,8.0,10.0,37.5,3.4,0.69,1.39,4.0,4.0,1
5870,8.0,8.0,34.0,3.2,0.63,0.64,3.0,2.0,1
5871,4.0,4.0,45.0,3.4,-0.3,-0.4,4.0,4.0,1
5873,7.0,3.0,33.0,2.5,0.33,-0.81,5.0,3.0,0
5876,6.0,5.0,38.0,3.0,0.32,-0.18,4.0,4.0,1
5879,4.0,2.0,33.5,2.8,-0.22,-1.03,4.0,4.0,0
5880,3.0,7.0,28.7,3.5,-0.56,0.37,1.0,3.0,1
5883,10.0,9.0,45.0,3.4,1.45,1.25,4.0,3.0,1
5885,4.0,2.0,35.0,3.6,-0.42,-0.88,3.0,4.0,1
5886,2.0,5.0,38.0,3.5,-0.76,-0.02,4.0,4.0,1
5888,2.0,1.0,29.0,3.5,-0.96,-1.56,4.0,3.0,1
5890,2.0,3.0,33.7,2.6,-0.99,-0.83,2.0,3.0,1
5891,10.0,8.0,39.0,3.6,1.34,0.76,3.0,3.0,1
5893,9.0,10.0,28.0,3.8,1.06,1.53,3.0,2.0,1
5895,1.0,1.0,38.0,3.0,-1.81,-2.36,4.0,3.0,0
5897,1.0,1.0,40.0,2.9,-1.37,-1.91,2.0,5.0,1
5899,5.0,5.0,32.0,3.1,-0.07,-0.2,4.0,4.0,1
5901,8.0,8.0,40.0,3.8,0.84,0.69,2.0,4.0,1
5903,3.0,5.0,38.0,2.8,-0.66,-0.06,3.0,3.0,0
5905,6.0,2.0,18.0,2.7,0.28,-1.25,3.0,1.0,1
5907,5.0,8.0,37.0,4.0,-0.13,0.61,3.0,3.0,1
5909,10.0,10.0,39.0,3.4,1.62,1.61,4.0,5.0,1
5910,10.0,10.0,41.0,4.0,2.34,2.68,3.0,3.0,1
5911,2.0,1.0,28.0,2.7,-0.96,-1.36,4.0,4.0,0
5913,9.0,10.0,46.0,2.6,0.97,1.62,4.0,4.0,1
5917,7.0,9.0,40.0,3.9,0.54,1.13,4.0,5.0,1
5921,3.0,3.0,33.0,3.0,-0.5,-0.58,4.0,3.0,1
5922,4.0,4.0,37.0,2.6,-0.32,-0.42,4.0,3.0,1
5925,4.0,4.0,33.0,3.3,-0.38,-0.49,3.0,3.0,1
5929,6.0,6.0,40.0,2.6,0.19,0.26,5.0,4.0,1
5930,5.0,5.0,40.0,3.3,-0.16,-0.15,4.0,3.0,1
5931,7.0,7.0,39.0,2.5,0.38,0.53,4.0,3.0,1
5932,7.0,6.0,39.0,3.6,0.34,0.18,2.0,4.0,1
5935,5.0,6.0,34.0,3.6,0.01,0.12,4.0,4.0,1
5937,7.0,8.0,31.0,3.7,0.48,0.57,4.0,4.0,1
5938,10.0,9.0,40.0,3.6,1.81,1.24,4.0,4.0,1
5940,10.0,10.0,42.0,2.8,2.28,2.33,4.0,2.0,1
5942,8.0,8.0,36.0,3.4,0.71,0.66,3.0,3.0,1
5945,7.0,7.0,39.0,3.0,0.37,0.37,4.0,4.0,1
5947,10.0,10.0,35.0,3.0,1.56,1.7,3.0,2.0,1
5948,5.0,5.0,35.0,2.9,-0.14,-0.19,4.0,6.0,1
5950,5.0,5.0,31.3,2.9,0.03,-0.11,3.0,3.0,1
5953,9.0,10.0,36.5,3.3,0.91,1.5,5.0,4.0,1
5955,8.0,7.0,35.0,2.9,0.61,0.48,3.0,3.0,1
5956,7.0,8.0,39.0,3.1,0.4,0.54,2.0,5.0,1
5957,10.0,10.0,40.0,4.0,2.51,2.04,3.0,6.0,1
5960,10.0,8.0,34.0,3.3,1.44,0.81,3.0,4.0,1
5963,10.0,10.0,39.0,3.0,2.32,2.68,4.0,3.0,1
5964,1.0,1.0,29.5,2.6,-2.02,-1.64,3.0,3.0,0
5968,2.0,3.0,38.0,3.3,-0.83,-0.85,3.0,4.0,1
5969,3.0,1.0,34.0,2.9,-0.51,-1.41,4.0,3.0,1
5972,7.0,8.0,38.0,2.7,0.51,0.7,3.0,3.0,1
5974,4.0,2.0,46.0,3.6,-0.29,-0.88,4.0,5.0,0
5976,7.0,6.0,40.0,3.0,0.55,0.16,3.0,4.0,1
5981,1.0,3.0,36.0,3.0,-1.17,-0.7,5.0,3.0,1
5982,1.0,1.0,28.0,2.4,-1.92,-2.15,4.0,3.0,1
5984,1.0,1.0,23.7,2.9,-1.17,-1.8,3.0,3.0,1
5987,10.0,10.0,41.0,3.3,1.53,1.88,4.0,3.0,1
5988,6.0,5.0,35.0,3.3,0.23,-0.02,4.0,3.0,1
5989,5.0,7.0,34.0,3.5,0.08,0.3,4.0,4.0,1
5990,5.0,6.0,41.0,3.4,-0.1,0.24,4.0,4.0,1
5994,3.0,4.0,41.0,3.4,-0.54,-0.52,3.0,4.0,1
5995,9.0,5.0,39.5,3.1,1.14,-0.1,4.0,3.0,1
5996,3.0,2.0,39.0,3.2,-0.59,-1.08,3.0,4.0,1
5997,9.0,9.0,40.0,3.2,0.94,1.19,3.0,4.0,1
6000,7.0,9.0,33.0,3.3,0.55,1.06,3.0,3.0,1
6003,3.0,3.0,35.5,3.3,-0.44,-0.67,1.0,4.0,1
6011,7.0,6.0,36.0,3.4,0.36,0.21,3.0,3.0,1
6013,6.0,4.0,34.0,3.4,0.09,-0.33,4.0,2.0,1
6020,5.0,5.0,39.0,3.0,-0.06,-0.2,3.0,4.0,1
6021,7.0,9.0,37.0,3.4,0.56,0.95,4.0,5.0,1
6023,5.0,6.0,33.0,3.6,-0.04,0.24,3.0,3.0,1
6024,9.0,8.0,40.0,3.1,1.23,0.54,4.0,5.0,1
6027,5.0,7.0,33.0,2.8,-0.07,0.37,4.0,3.0,1
6028,4.0,3.0,36.0,3.7,-0.32,-0.82,5.0,4.0,1
6029,7.0,9.0,36.0,3.5,0.43,1.05,3.0,3.0,1
6032,9.0,8.0,40.0,3.5,1.18,0.82,3.0,4.0,1
6033,4.0,2.0,39.0,3.4,-0.39,-1.03,4.0,4.0,0
6034,3.0,4.0,26.0,3.5,-0.68,-0.4,2.0,2.0,1
6037,2.0,1.0,40.0,3.3,-1.11,-2.05,3.0,6.0,1
6041,10.0,10.0,27.0,3.6,1.32,1.45,2.0,3.0,1
6043,5.0,5.0,44.0,3.1,-0.13,-0.14,4.0,4.0,1
6044,5.0,6.0,29.0,2.7,0.03,0.05,4.0,2.0,1
6046,2.0,3.0,40.0,3.3,-0.98,-0.73,3.0,4.0,1
6049,7.0,8.0,35.0,3.5,0.37,0.61,3.0,4.0,1
6051,4.0,4.0,38.0,3.9,-0.32,-0.5,4.0,3.0,1
6052,6.0,5.0,23.7,2.8,0.28,-0.16,4.0,3.0,0
6053,4.0,4.0,40.0,2.4,-0.36,-0.47,4.0,4.0,1
6054,4.0,5.0,36.0,2.7,-0.3,-0.11,4.0,2.0,1
6057,2.0,4.0,44.0,3.5,-1.17,-0.4,4.0,5.0,1
6060,9.0,8.0,40.0,1.9,1.05,0.56,4.0,2.0,1
6065,3.0,5.0,43.0,3.4,-0.7,-0.11,4.0,5.0,1
6066,5.0,5.0,39.0,2.4,-0.1,-0.06,4.0,3.0,1
6068,2.0,5.0,31.0,3.6,-0.79,-0.24,3.0,3.0,1
6069,2.0,3.0,34.0,3.3,-0.76,-0.55,3.0,4.0,1
6070,9.0,9.0,35.0,3.5,1.13,0.95,3.0,2.0,1
6072,4.0,3.0,41.0,2.7,-0.45,-0.83,3.0,5.0,1
6078,3.0,3.0,35.0,2.5,-0.56,-0.78,4.0,3.0,1
6079,8.0,7.0,42.0,3.7,0.87,0.44,4.0,4.0,1
6080,3.0,2.0,36.0,3.6,-0.62,-0.9,4.0,4.0,1
6082,5.0,8.0,36.5,2.9,-0.02,0.58,4.0,5.0,1
6083,6.0,6.0,35.0,2.9,0.14,0.14,2.0,2.0,1
6086,8.0,9.0,39.0,2.9,0.67,0.88,5.0,5.0,1
6087,2.0,2.0,42.0,2.9,-0.92,-0.93,4.0,4.0,1
6091,7.0,7.0,39.0,3.1,0.48,0.4,3.0,3.0,1
6092,3.0,10.0,35.0,3.0,-0.49,2.51,3.0,3.0,1
6093,4.0,7.0,38.0,3.1,-0.27,0.32,3.0,3.0,1
6094,7.0,9.0,37.0,3.5,0.56,1.08,4.0,5.0,1
6098,2.0,2.0,39.0,3.5,-0.92,-1.02,4.0,4.0,1
6099,3.0,2.0,36.0,3.0,-0.51,-1.03,5.0,5.0,0
6106,6.0,5.0,38.0,2.8,0.21,-0.09,4.0,3.0,1
6111,5.0,4.0,40.0,2.7,-0.14,-0.39,3.0,3.0,1
6112,10.0,9.0,44.0,3.1,1.4,1.22,3.0,5.0,1
6113,2.0,4.0,37.0,3.2,-0.79,-0.34,4.0,3.0,1
6117,5.0,4.0,33.0,2.8,-0.16,-0.33,4.0,2.0,1
6118,3.0,1.0,36.0,3.2,-0.59,-1.45,2.0,3.0,1
6119,10.0,9.0,43.0,3.2,1.4,1.02,3.0,4.0,1
6120,2.0,1.0,25.5,3.1,-0.92,-1.82,2.0,4.0,1
6122,5.0,6.0,45.0,2.7,0.0,0.08,3.0,4.0,1
6123,6.0,6.0,36.0,2.7,0.2,-0.02,4.0,3.0,1
6127,2.0,1.0,37.0,2.4,-0.94,-1.56,4.0,3.0,1
6128,9.0,10.0,41.0,3.3,1.05,1.43,4.0,3.0,1
6130,2.0,4.0,22.0,2.5,-0.6,-0.55,3.0,1.0,0
6133,3.0,2.0,39.0,3.0,-0.65,-1.07,3.0,5.0,1
6136,3.0,5.0,29.0,3.3,-0.44,-0.25,3.0,2.0,1
6138,2.0,3.0,30.7,2.7,-0.87,-0.62,4.0,3.0,1
6141,7.0,7.0,37.0,3.3,0.56,0.48,4.0,5.0,1
6148,4.0,4.0,35.0,3.0,-0.42,-0.52,3.0,2.0,1
6149,9.0,9.0,39.0,3.6,1.04,0.91,3.0,5.0,1
6154,8.0,5.0,40.0,3.0,0.76,-0.19,3.0,4.0,1
6160,5.0,3.0,30.0,3.2,0.02,-0.82,1.0,2.0,1
6161,5.0,2.0,33.0,2.4,-0.05,-1.23,3.0,3.0,0
6162,10.0,10.0,41.0,3.3,1.48,1.83,4.0,2.0,1
6165,6.0,2.0,42.0,3.5,0.13,-0.91,4.0,5.0,1
6166,7.0,7.0,39.0,3.8,0.41,0.29,3.0,5.0,1
6169,3.0,6.0,36.0,3.9,-0.64,0.19,4.0,4.0,1
6172,8.0,7.0,37.0,2.8,0.59,0.35,3.0,3.0,1
6173,10.0,7.0,42.0,2.7,1.43,0.42,4.0,3.0,1
6175,4.0,8.0,38.0,2.5,-0.36,0.63,1.0,5.0,0
6178,2.0,2.0,25.5,3.3,-0.91,-1.01,3.0,4.0,0
6180,2.0,3.0,43.0,3.3,-1.06,-0.73,4.0,6.0,1
6181,10.0,10.0,37.0,3.1,1.97,1.59,4.0,3.0,1
6182,5.0,4.0,27.5,2.9,-0.1,-0.36,3.0,4.0,1
6183,8.0,8.0,39.0,3.7,0.88,0.86,3.0,4.0,1
6184,8.0,8.0,41.0,3.5,0.7,0.81,4.0,4.0,1
6187,7.0,10.0,40.0,3.7,0.33,1.31,2.0,5.0,1
6188,4.0,3.0,44.0,3.4,-0.41,-0.7,4.0,4.0,1
6192,8.0,7.0,38.0,3.1,0.69,0.52,4.0,3.0,1
6193,2.0,3.0,42.0,3.6,-0.84,-0.86,4.0,4.0,1
6194,3.0,2.0,38.0,2.9,-0.7,-0.9,3.0,3.0,1
6195,1.0,1.0,41.0,3.5,-1.22,-1.42,3.0,4.0,1
6196,5.0,4.0,36.5,3.8,-0.17,-0.55,4.0,3.0,1
6198,4.0,5.0,33.5,2.5,-0.2,-0.1,4.0,3.0,1
6202,8.0,7.0,32.0,2.8,0.71,0.32,4.0,2.0,1
6203,10.0,10.0,33.0,3.4,1.68,1.63,3.0,3.0,1
6204,10.0,10.0,40.0,3.3,1.62,1.85,4.0,4.0,1
6205,8.0,4.0,44.0,3.5,0.69,-0.33,5.0,5.0,1
6206,4.0,2.0,30.0,3.5,-0.3,-0.99,4.0,4.0,1
6212,6.0,7.0,41.0,3.4,0.24,0.4,3.0,4.0,1
6213,4.0,5.0,36.0,3.3,-0.17,-0.07,3.0,3.0,1
6216,5.0,5.0,38.0,3.4,-0.03,-0.16,4.0,5.0,1
6217,7.0,8.0,45.0,3.9,0.46,0.72,3.0,5.0,1
6218,3.0,3.0,32.0,3.3,-0.71,-0.64,2.0,2.0,0
6222,8.0,7.0,44.0,3.0,0.77,0.55,4.0,4.0,1
6224,2.0,4.0,41.0,3.7,-0.84,-0.37,3.0,5.0,0
6229,10.0,10.0,39.0,3.6,1.61,1.47,2.0,4.0,1
6230,8.0,9.0,35.0,3.1,0.57,1.09,2.0,3.0,1
6231,5.0,5.0,27.0,2.8,-0.16,-0.1,3.0,3.0,1
6232,3.0,2.0,25.0,2.4,-0.42,-1.25,4.0,1.0,0
6233,9.0,9.0,37.0,3.7,1.08,1.0,3.0,4.0,1
6236,10.0,6.0,42.0,2.4,1.55,0.06,3.0,6.0,1
6237,7.0,8.0,39.0,3.6,0.44,0.84,3.0,4.0,1
6248,8.0,7.0,44.0,3.7,0.67,0.37,3.0,6.0,1
6249,10.0,10.0,40.0,3.7,2.27,2.38,4.0,1.0,1
6250,6.0,8.0,45.0,3.8,0.2,0.57,5.0,5.0,1
6253,6.0,7.0,38.0,2.9,0.26,0.39,3.0,5.0,1
6254,1.0,1.0,36.0,3.5,-1.12,-1.34,4.0,3.0,1
6256,6.0,4.0,31.0,2.7,0.31,-0.37,3.0,1.0,1
6260,9.0,10.0,32.0,3.0,0.93,1.83,1.0,2.0,1
6262,2.0,3.0,37.3,3.7,-1.04,-0.78,4.0,5.0,1
6264,6.0,8.0,33.0,2.8,0.21,0.54,5.0,5.0,1
6265,3.0,2.0,38.0,2.7,-0.52,-1.13,4.0,3.0,1
6266,4.0,3.0,37.0,2.7,-0.29,-0.62,2.0,5.0,0
6270,1.0,2.0,30.0,3.3,-1.81,-1.07,3.0,3.0,0
6275,4.0,4.0,37.0,3.2,-0.47,-0.38,3.0,6.0,1
6278,6.0,6.0,33.0,3.6,0.24,0.11,4.0,4.0,1
6279,9.0,8.0,36.0,3.3,0.96,0.82,4.0,4.0,1
6283,2.0,2.0,38.0,3.6,-1.03,-0.92,4.0,3.0,1
6284,2.0,3.0,46.0,2.9,-0.97,-0.69,2.0,4.0,1
6287,5.0,5.0,34.0,3.5,-0.15,-0.19,4.0,3.0,1
6288,1.0,3.0,31.0,3.3,-1.18,-0.82,2.0,4.0,1
6293,7.0,9.0,40.0,3.0,0.47,1.01,4.0,3.0,1
6294,1.0,2.0,29.5,3.4,-1.87,-1.09,3.0,3.0,1
6300,4.0,6.0,34.0,3.4,-0.27,0.1,4.0,3.0,1
6301,6.0,4.0,41.0,3.7,0.1,-0.34,4.0,6.0,1
6305,2.0,2.0,34.0,3.0,-1.02,-1.13,4.0,3.0,0
6309,2.0,1.0,40.0,3.0,-1.11,-1.4,3.0,4.0,1
6310,8.0,10.0,38.0,3.9,0.93,1.32,4.0,6.0,1
6311,3.0,4.0,36.0,3.7,-0.47,-0.37,4.0,4.0,1
6312,2.0,5.0,43.0,3.5,-0.85,-0.19,4.0,6.0,1
6313,7.0,5.0,47.0,3.9,0.43,-0.04,3.0,5.0,1
6315,9.0,8.0,41.0,3.5,1.11,0.82,3.0,4.0,1
6316,2.0,2.0,33.0,2.8,-0.89,-1.0,5.0,3.0,1
6317,3.0,2.0,42.0,3.9,-0.56,-0.91,4.0,3.0,1
6319,8.0,9.0,35.0,3.1,0.65,1.15,4.0,3.0,1
6321,8.0,7.0,42.0,3.3,0.8,0.32,5.0,4.0,1
6322,1.0,1.0,26.0,3.6,-1.74,-1.8,1.0,3.0,1
6326,1.0,1.0,44.0,3.2,-1.69,-2.04,3.0,5.0,0
6327,1.0,1.0,24.0,2.5,-1.47,-1.68,4.0,2.0,1
6328,8.0,8.0,38.0,3.1,0.63,0.56,5.0,3.0,1
6332,10.0,9.0,39.0,3.8,1.38,1.17,2.0,5.0,1
6336,7.0,7.0,37.0,3.3,0.38,0.35,4.0,5.0,1
6337,7.0,9.0,40.0,3.2,0.55,1.0,3.0,4.0,1
6341,10.0,9.0,36.0,2.6,1.34,1.04,3.0,2.0,1
6342,3.0,2.0,44.0,3.6,-0.56,-0.95,3.0,3.0,1
6343,3.0,5.0,43.0,3.6,-0.66,-0.2,4.0,6.0,1
6346,8.0,6.0,38.0,3.5,0.78,0.12,3.0,5.0,1
6347,6.0,7.0,40.0,3.3,0.16,0.36,5.0,4.0,1
6348,8.0,8.0,32.5,3.0,0.64,0.77,3.0,5.0,1
6350,6.0,4.0,37.0,3.2,0.2,-0.38,3.0,6.0,1
6351,2.0,2.0,36.0,3.1,-1.02,-0.98,3.0,3.0,1
6353,7.0,7.0,43.0,3.7,0.47,0.39,4.0,6.0,1
6355,5.0,3.0,46.0,3.3,-0.12,-0.73,3.0,4.0,1
6356,7.0,7.0,34.0,3.1,0.53,0.31,3.0,3.0,1
6357,7.0,6.0,42.0,3.5,0.54,0.2,4.0,5.0,1
6358,4.0,3.0,35.0,3.2,-0.45,-0.76,3.0,5.0,1
6359,10.0,3.0,40.0,2.5,1.77,-0.52,4.0,6.0,1
6360,5.0,3.0,34.0,3.3,0.0,-0.64,2.0,2.0,0
6361,7.0,8.0,46.0,3.6,0.51,0.64,4.0,6.0,1
6362,1.0,4.0,18.0,3.5,-1.14,-0.5,1.0,3.0,1
6363,3.0,2.0,38.0,3.0,-0.55,-1.28,4.0,3.0,0
6365,5.0,7.0,37.0,3.4,-0.08,0.35,4.0,3.0,1
6366,3.0,5.0,30.0,3.1,-0.44,-0.09,3.0,2.0,1
6367,3.0,3.0,30.0,3.1,-0.61,-0.91,4.0,2.0,1
6370,7.0,7.0,36.0,3.5,0.58,0.49,4.0,4.0,1
6371,10.0,10.0,39.0,3.2,1.69,1.78,3.0,3.0,1
6373,3.0,3.0,43.0,3.8,-0.51,-0.79,4.0,6.0,0
6374,9.0,10.0,38.0,3.2,1.12,1.38,4.0,5.0,1
6375,3.0,4.0,33.0,3.2,-0.51,-0.54,4.0,3.0,0
6378,3.0,5.0,37.0,2.6,-0.57,-0.17,2.0,3.0,1
6379,6.0,7.0,41.0,3.8,0.14,0.38,3.0,3.0,1
6380,9.0,9.0,36.0,3.6,0.94,0.94,2.0,4.0,1
6381,4.0,6.0,30.0,2.1,-0.17,0.07,3.0,3.0,0
6382,2.0,2.0,40.0,2.7,-0.87,-0.91,4.0,4.0,1
6387,3.0,1.0,39.0,3.0,-0.56,-1.53,3.0,3.0,0
6390,7.0,8.0,33.0,3.7,0.38,0.67,3.0,3.0,1
6391,2.0,2.0,30.0,2.7,-1.01,-1.2,5.0,2.0,1
6392,6.0,5.0,36.0,3.9,0.29,-0.12,3.0,4.0,1
6393,2.0,2.0,40.0,3.3,-0.94,-1.16,4.0,4.0,1
6394,5.0,4.0,30.0,3.5,-0.09,-0.35,3.0,4.0,1
6398,8.0,7.0,37.0,3.3,0.65,0.28,4.0,3.0,1
6400,3.0,3.0,35.0,3.5,-0.64,-0.64,2.0,4.0,1
6401,4.0,4.0,44.0,3.3,-0.4,-0.46,4.0,4.0,1
6403,2.0,3.0,40.0,3.7,-0.84,-0.76,4.0,5.0,1
6404,8.0,7.0,41.0,2.8,0.84,0.52,3.0,4.0,1
6407,10.0,9.0,41.0,3.9,1.35,1.12,4.0,4.0,1
6415,5.0,4.0,33.5,3.1,0.05,-0.3,4.0,3.0,1
6419,7.0,7.0,36.0,3.2,0.47,0.46,3.0,3.0,1
6421,7.0,5.0,42.0,3.7,0.46,-0.21,2.0,4.0,1
6423,4.0,7.0,37.0,4.0,-0.27,0.54,4.0,3.0,0
6424,4.0,3.0,39.0,3.3,-0.29,-0.67,4.0,3.0,1
6428,7.0,8.0,34.0,3.6,0.57,0.67,3.0,4.0,1
6431,3.0,5.0,37.0,3.4,-0.47,-0.09,3.0,4.0,1
6435,6.0,6.0,33.0,3.5,0.1,0.26,4.0,5.0,1
6436,2.0,2.0,36.0,3.4,-0.84,-1.16,2.0,3.0,1
6437,3.0,4.0,33.7,3.0,-0.44,-0.36,3.0,2.0,1
6442,1.0,2.0,33.5,3.0,-1.25,-1.3,3.0,4.0,1
6443,1.0,2.0,28.0,3.4,-1.11,-1.25,4.0,2.0,0
6445,7.0,6.0,35.0,2.4,0.37,0.03,2.0,4.0,1
6446,6.0,8.0,40.0,3.0,0.27,0.69,3.0,4.0,1
6449,10.0,10.0,40.0,3.5,2.25,1.5,4.0,6.0,1
6451,8.0,6.0,34.0,3.4,0.66,0.23,4.0,3.0,1
6452,8.0,9.0,40.0,3.1,0.7,1.09,5.0,4.0,1
6453,4.0,4.0,35.0,3.2,-0.36,-0.29,4.0,3.0,1
6454,3.0,5.0,34.0,2.2,-0.54,-0.23,3.0,2.0,1
6457,1.0,1.0,27.0,2.5,-1.35,-1.48,5.0,3.0,1
6460,2.0,3.0,45.0,3.3,-1.12,-0.74,4.0,5.0,1
6461,10.0,10.0,47.0,3.3,1.4,1.53,4.0,4.0,1
6464,1.0,1.0,33.0,2.2,-1.93,-2.43,4.0,4.0,1
6467,8.0,7.0,32.0,3.6,0.64,0.46,3.0,4.0,1
6468,4.0,5.0,37.5,3.7,-0.23,-0.15,4.0,4.0,1
6469,6.0,2.0,25.0,2.0,0.28,-1.02,3.0,1.0,0
6470,4.0,5.0,40.0,2.9,-0.18,-0.2,4.0,4.0,1
6474,6.0,7.0,30.0,3.0,0.16,0.43,4.0,2.0,1
6476,7.0,6.0,43.0,3.4,0.44,0.15,5.0,4.0,1
6477,8.0,8.0,27.5,3.8,0.77,0.86,3.0,3.0,1
6478,2.0,2.0,42.0,2.3,-0.97,-0.98,4.0,3.0,1
6479,8.0,8.0,32.5,2.7,0.61,0.75,3.0,2.0,1
6481,4.0,4.0,29.0,3.0,-0.29,-0.42,3.0,3.0,1
6482,1.0,2.0,38.0,3.6,-1.26,-1.09,2.0,3.0,1
6484,10.0,10.0,42.0,3.1,1.42,1.64,4.0,4.0,1
6485,8.0,9.0,35.0,3.1,0.89,0.97,4.0,4.0,1
6487,5.0,7.0,35.0,2.7,-0.03,0.39,4.0,3.0,1
6491,7.0,7.0,47.0,3.5,0.47,0.44,4.0,6.0,1
6492,4.0,5.0,47.0,3.9,-0.38,0.02,5.0,5.0,1
6493,4.0,4.0,45.0,3.5,-0.24,-0.24,3.0,6.0,1
6496,7.0,5.0,44.0,3.6,0.48,-0.08,4.0,5.0,1
6497,6.0,8.0,41.0,3.0,0.16,0.67,3.0,4.0,1
6499,3.0,2.0,26.5,3.2,-0.62,-1.16,3.0,3.0,0
6500,10.0,10.0,42.0,3.5,1.89,1.72,4.0,3.0,1
6501,3.0,6.0,45.0,3.8,-0.54,0.13,4.0,5.0,1
6502,4.0,4.0,46.0,3.5,-0.18,-0.43,4.0,6.0,1
6508,8.0,8.0,32.0,2.6,0.65,0.63,5.0,2.0,1
6509,1.0,2.0,45.0,3.6,-1.51,-1.29,4.0,5.0,1
6510,9.0,9.0,42.0,3.2,0.99,1.12,3.0,3.0,1
6511,4.0,4.0,26.5,3.3,-0.32,-0.43,2.0,3.0,0
6512,4.0,3.0,38.0,3.4,-0.37,-0.82,3.0,5.0,1
6513,10.0,10.0,35.0,3.8,2.0,1.45,4.0,3.0,1
6514,10.0,9.0,35.0,2.9,1.7,1.03,3.0,3.0,1
6515,2.0,1.0,40.0,3.7,-0.96,-1.34,3.0,4.0,1
6516,6.0,6.0,31.5,3.6,0.19,0.03,3.0,3.0,1
6520,8.0,6.0,37.0,3.4,0.81,0.26,3.0,4.0,1
6523,2.0,2.0,35.0,2.0,-0.86,-0.95,4.0,2.0,1
6524,10.0,10.0,29.5,3.6,1.63,1.63,4.0,2.0,1
6528,5.0,6.0,32.0,3.1,0.04,0.22,4.0,3.0,1
6532,2.0,4.0,45.0,2.9,-1.01,-0.31,5.0,5.0,1
6533,1.0,1.0,40.0,3.1,-1.31,-1.42,4.0,4.0,0
6534,7.0,7.0,46.0,3.1,0.47,0.42,4.0,4.0,1
6538,2.0,2.0,29.0,2.4,-0.84,-0.96,5.0,2.0,1
6541,10.0,10.0,39.0,2.5,1.88,1.59,3.0,2.0,1
6543,4.0,5.0,35.0,3.6,-0.29,-0.26,4.0,3.0,1
6548,2.0,4.0,38.0,4.0,-0.86,-0.5,4.0,2.0,1
6549,7.0,5.0,33.0,3.0,0.4,-0.06,3.0,3.0,1
6550,7.0,9.0,37.0,3.6,0.61,0.93,3.0,4.0,1
6552,10.0,9.0,41.0,3.7,1.81,1.14,3.0,4.0,1
6554,5.0,5.0,39.0,3.5,-0.02,0.01,5.0,4.0,1
6559,9.0,8.0,41.0,3.6,1.16,0.8,4.0,1.0,1
6561,6.0,6.0,23.0,2.4,0.35,0.19,4.0,1.0,1
6566,3.0,2.0,44.0,3.9,-0.61,-0.89,3.0,5.0,1
6567,9.0,10.0,45.0,3.4,1.37,1.71,4.0,6.0,1
6568,9.0,9.0,46.0,3.0,1.14,1.07,5.0,5.0,1
6570,4.0,2.0,26.5,3.7,-0.26,-1.07,3.0,4.0,0
6571,1.0,2.0,32.3,2.7,-1.16,-1.19,3.0,3.0,0
6572,2.0,3.0,38.0,3.3,-1.02,-0.71,4.0,4.0,1
6575,3.0,5.0,38.0,3.2,-0.59,-0.14,3.0,3.0,1
6579,8.0,9.0,42.0,3.5,0.69,1.05,2.0,5.0,1
6580,1.0,1.0,27.0,3.9,-1.2,-1.45,2.0,4.0,0
6581,1.0,2.0,35.0,2.9,-1.62,-1.23,4.0,2.0,1
6586,3.0,5.0,36.0,3.0,-0.56,-0.09,4.0,3.0,1
6587,9.0,6.0,31.0,1.9,0.93,0.12,3.0,1.0,1
6588,8.0,8.0,32.0,4.0,0.64,0.73,3.0,4.0,1
6589,2.0,2.0,30.5,3.6,-1.06,-1.1,4.0,5.0,1
6592,5.0,5.0,23.0,3.2,0.08,-0.15,3.0,1.0,0
6595,7.0,5.0,29.0,3.5,0.51,-0.14,2.0,5.0,1
6597,2.0,1.0,40.0,2.6,-1.0,-1.52,4.0,3.0,0
6598,7.0,6.0,40.0,3.2,0.32,0.23,4.0,3.0,1
6599,5.0,4.0,45.0,3.9,-0.18,-0.32,3.0,5.0,0
6601,9.0,6.0,35.0,2.8,0.96,0.05,3.0,3.0,1
6603,6.0,7.0,33.0,3.5,0.17,0.39,3.0,3.0,1
6605,6.0,7.0,42.0,3.4,0.14,0.37,4.0,4.0,1
6608,5.0,2.0,34.5,2.9,-0.17,-1.2,4.0,3.0,0
6609,7.0,9.0,35.0,3.3,0.57,1.05,4.0,4.0,1
6611,4.0,7.0,44.0,3.2,-0.32,0.42,3.0,4.0,1
6612,2.0,1.0,36.0,3.0,-0.81,-1.47,2.0,2.0,1
6613,6.0,9.0,39.5,3.5,0.2,1.07,4.0,4.0,1
6615,2.0,2.0,36.0,2.6,-0.76,-1.15,4.0,2.0,1
6616,6.0,7.0,33.0,3.5,0.12,0.53,4.0,4.0,1
6618,9.0,8.0,37.0,3.7,1.09,0.81,4.0,4.0,1
6619,4.0,3.0,18.0,2.5,-0.3,-0.84,1.0,3.0,1
6623,8.0,9.0,46.0,3.4,0.63,0.91,4.0,5.0,1
6624,3.0,5.0,38.0,2.4,-0.44,-0.21,4.0,2.0,1
6625,7.0,8.0,39.0,3.3,0.43,0.84,4.0,3.0,1
6627,7.0,8.0,40.0,3.1,0.34,0.82,3.0,5.0,1
6628,4.0,7.0,45.0,3.6,-0.45,0.38,4.0,5.0,1
6629,1.0,1.0,29.3,3.0,-1.62,-2.0,3.0,3.0,1
6630,8.0,8.0,43.0,2.4,0.71,0.7,4.0,3.0,1
6632,8.0,8.0,34.0,3.5,0.86,0.77,4.0,4.0,1
6636,8.0,6.0,33.0,3.8,0.63,0.03,3.0,4.0,1
6637,2.0,3.0,32.0,3.1,-1.09,-0.65,3.0,3.0,1
6638,9.0,10.0,42.0,3.5,1.23,1.44,4.0,4.0,1
6639,8.0,7.0,40.0,3.5,0.88,0.55,4.0,4.0,1
6642,1.0,5.0,34.0,2.5,-1.27,-0.19,3.0,5.0,1
6648,7.0,7.0,38.0,3.6,0.36,0.29,3.0,3.0,1
6650,5.0,5.0,30.0,2.6,-0.04,-0.28,3.0,3.0,1
6652,8.0,6.0,45.0,3.4,0.66,0.26,4.0,6.0,1
6653,2.0,3.0,29.0,3.0,-1.08,-0.68,4.0,4.0,1
6654,2.0,5.0,40.0,3.6,-1.05,0.0,3.0,4.0,1
6655,6.0,7.0,33.0,3.3,0.2,0.35,4.0,3.0,1
6658,6.0,7.0,39.0,3.3,0.13,0.27,5.0,5.0,1
6659,10.0,8.0,42.0,3.7,1.4,0.7,4.0,5.0,1
6661,8.0,9.0,36.0,3.5,0.84,0.98,4.0,4.0,1
6663,2.0,4.0,35.0,3.2,-1.07,-0.29,4.0,3.0,1
6664,5.0,3.0,26.0,3.4,0.08,-0.63,3.0,4.0,1
6666,9.0,9.0,39.5,3.4,1.13,1.15,4.0,3.0,1
6668,3.0,2.0,41.0,3.3,-0.65,-1.28,3.0,3.0,1
6671,4.0,6.0,32.0,3.2,-0.2,0.08,3.0,3.0,1
6673,1.0,2.0,31.5,3.1,-1.72,-1.01,3.0,3.0,1
6678,2.0,2.0,34.0,2.9,-1.06,-1.04,4.0,6.0,0
6681,7.0,8.0,37.0,3.7,0.46,0.86,4.0,3.0,1
6682,9.0,9.0,37.0,3.1,0.85,1.16,3.0,2.0,1
6684,6.0,6.0,36.5,3.1,0.2,0.04,3.0,4.0,1
6685,1.0,1.0,37.0,2.9,-1.64,-2.09,3.0,5.0,0
6687,9.0,9.0,37.5,2.9,0.96,1.3,4.0,3.0,1
6688,1.0,1.0,38.0,3.2,-1.33,-1.56,2.0,4.0,1
6692,9.0,9.0,41.0,3.8,1.13,1.05,4.0,4.0,1
6693,3.0,3.0,37.0,3.2,-0.54,-0.63,4.0,3.0,1
6695,10.0,9.0,34.0,2.8,1.92,1.19,4.0,3.0,1
6700,3.0,6.0,44.0,3.2,-0.54,0.07,4.0,4.0,1
6703,5.0,6.0,35.0,3.8,0.05,0.1,3.0,3.0,1
6704,9.0,10.0,38.0,3.3,1.31,1.59,4.0,4.0,0
6705,10.0,10.0,43.0,3.3,1.8,2.02,3.0,4.0,1
6706,5.0,7.0,33.0,3.2,-0.15,0.33,4.0,4.0,1
6707,4.0,3.0,32.5,3.5,-0.31,-0.8,4.0,3.0,1
6711,2.0,2.0,48.0,3.8,-1.07,-1.06,4.0,6.0,1
6713,2.0,2.0,40.0,3.3,-0.81,-1.3,5.0,3.0,1
6716,1.0,1.0,32.0,3.0,-1.15,-1.49,2.0,3.0,0
6717,9.0,8.0,37.0,3.3,1.13,0.84,2.0,3.0,1
6721,9.0,10.0,35.0,2.6,1.07,1.41,3.0,2.0,1
6724,5.0,7.0,36.0,3.8,0.03,0.46,3.0,3.0,1
6725,6.0,4.0,27.5,3.5,0.25,-0.31,4.0,3.0,1
6726,2.0,3.0,40.0,2.7,-0.96,-0.61,4.0,4.0,1
6727,6.0,2.0,36.0,2.7,0.21,-1.32,4.0,4.0,0
6728,6.0,7.0,45.0,3.5,0.23,0.46,2.0,5.0,1
6731,8.0,9.0,36.0,2.7,0.75,1.26,3.0,3.0,1
6732,5.0,4.0,36.0,3.9,-0.12,-0.33,4.0,4.0,1
6733,2.0,1.0,39.0,3.6,-0.98,-1.54,3.0,5.0,1
6737,10.0,8.0,47.0,3.4,2.46,0.74,4.0,5.0,1
6741,8.0,7.0,27.5,3.4,0.79,0.32,5.0,2.0,1
6745,1.0,1.0,32.0,2.8,-1.11,-1.42,4.0,3.0,1
6748,3.0,5.0,33.0,3.0,-0.48,-0.19,4.0,2.0,1
6749,1.0,1.0,37.0,3.6,-1.18,-1.68,3.0,4.0,1
6750,5.0,5.0,41.0,3.5,-0.12,-0.01,4.0,5.0,1
6756,6.0,2.0,36.0,3.1,0.27,-1.19,5.0,3.0,1
6760,1.0,1.0,36.0,3.2,-2.15,-1.33,4.0,3.0,1
6761,2.0,3.0,40.0,3.0,-1.09,-0.65,5.0,5.0,1
6763,6.0,9.0,41.0,3.2,0.31,1.11,4.0,3.0,1
6765,3.0,4.0,41.0,2.9,-0.64,-0.46,4.0,5.0,1
6766,7.0,8.0,41.0,3.5,0.44,0.57,2.0,4.0,1
6771,6.0,6.0,39.0,2.9,0.26,0.03,5.0,3.0,1
6772,7.0,5.0,33.0,3.0,0.32,-0.09,3.0,5.0,1
6774,10.0,10.0,41.0,3.2,1.53,1.51,4.0,3.0,1
6776,4.0,4.0,36.0,3.0,-0.34,-0.49,4.0,5.0,1
6780,5.0,4.0,33.0,3.1,0.01,-0.39,4.0,3.0,1
6781,1.0,1.0,35.0,2.9,-1.74,-1.61,3.0,3.0,1
6782,3.0,1.0,35.5,3.6,-0.75,-1.38,2.0,5.0,1
6785,3.0,2.0,45.0,3.9,-0.78,-0.88,4.0,6.0,1
6787,2.0,2.0,23.0,3.1,-0.99,-1.06,5.0,3.0,0
6789,6.0,5.0,33.0,3.8,0.25,0.0,3.0,5.0,1
6791,1.0,1.0,40.0,3.0,-1.53,-2.1,4.0,4.0,0
6794,6.0,6.0,35.0,2.1,0.11,-0.01,4.0,3.0,1
6795,5.0,7.0,42.0,3.8,-0.02,0.29,3.0,3.0,1
6796,9.0,9.0,40.0,3.3,1.16,1.1,4.0,3.0,1
6797,7.0,5.0,34.0,3.6,0.31,-0.06,3.0,3.0,1
6798,9.0,9.0,43.0,3.7,1.08,1.08,4.0,4.0,1
6799,10.0,10.0,39.0,3.9,1.54,1.61,4.0,3.0,1
6801,10.0,10.0,36.0,3.8,1.54,1.87,3.0,5.0,1
6803,8.0,8.0,33.5,3.6,0.72,0.63,3.0,4.0,1
6804,10.0,10.0,30.5,3.3,1.76,2.18,3.0,2.0,1
6805,10.0,10.0,40.0,3.0,1.76,2.17,4.0,3.0,1
6810,2.0,4.0,35.0,2.3,-0.92,-0.29,3.0,3.0,1
6814,4.0,2.0,40.0,3.0,-0.41,-0.96,5.0,4.0,1
6815,3.0,4.0,28.0,3.7,-0.5,-0.45,4.0,3.0,1
6817,5.0,6.0,27.0,2.4,0.02,0.04,3.0,1.0,1
6820,8.0,8.0,38.0,3.6,0.88,0.65,4.0,4.0,1
6822,10.0,10.0,35.0,2.8,2.09,2.45,3.0,3.0,1
6825,3.0,1.0,39.0,3.0,-0.56,-1.57,2.0,5.0,1
6828,4.0,5.0,35.0,3.1,-0.38,-0.04,3.0,3.0,1
6831,8.0,9.0,35.0,2.9,0.87,0.88,3.0,3.0,1
6835,6.0,7.0,32.0,3.3,0.17,0.49,3.0,3.0,1
6836,4.0,6.0,38.0,3.5,-0.2,0.24,4.0,4.0,1
6837,2.0,3.0,25.0,3.7,-0.76,-0.68,4.0,3.0,0
6838,8.0,8.0,30.5,3.0,0.69,0.77,3.0,3.0,1
6841,9.0,9.0,26.0,3.1,0.93,0.99,3.0,2.0,1
6843,1.0,1.0,38.0,3.0,-1.3,-1.38,2.0,5.0,1
6845,2.0,5.0,36.0,3.6,-0.76,-0.08,4.0,4.0,1
6847,2.0,4.0,31.5,2.5,-0.75,-0.33,4.0,3.0,1
6849,8.0,7.0,31.5,4.0,0.68,0.46,5.0,4.0,1
6852,2.0,1.0,36.0,2.6,-0.85,-1.4,3.0,2.0,0
6855,2.0,3.0,23.0,2.9,-0.81,-0.71,3.0,3.0,1
6860,5.0,6.0,41.0,3.4,0.01,0.17,4.0,4.0,1
6861,1.0,1.0,33.5,2.9,-1.98,-1.46,4.0,3.0,1
6863,4.0,4.0,28.5,3.3,-0.25,-0.37,3.0,2.0,0
6869,2.0,1.0,29.0,3.6,-0.77,-1.34,3.0,2.0,0
6874,10.0,10.0,48.0,2.9,1.79,1.9,3.0,3.0,1
6876,10.0,9.0,37.0,2.9,1.35,1.24,3.0,3.0,1
6878,7.0,6.0,26.0,3.5,0.43,0.07,2.0,2.0,1
6881,3.0,4.0,20.0,3.3,-0.71,-0.52,1.0,2.0,0
6884,8.0,6.0,32.0,3.0,0.85,0.15,5.0,5.0,1
6888,7.0,8.0,34.0,3.5,0.47,0.77,3.0,3.0,1
6889,8.0,9.0,36.0,3.3,0.78,1.28,4.0,4.0,1
6893,9.0,8.0,41.0,3.1,1.02,0.8,2.0,4.0,1
6895,3.0,3.0,33.0,3.0,-0.72,-0.9,4.0,2.0,0
6898,9.0,9.0,34.0,2.9,1.27,1.19,1.0,3.0,1
6900,8.0,9.0,44.0,4.0,0.59,1.09,3.0,5.0,1
6906,5.0,4.0,33.0,2.7,-0.03,-0.3,4.0,3.0,1
6907,5.0,5.0,32.0,3.8,0.01,-0.23,3.0,4.0,1
6909,5.0,8.0,38.0,3.6,0.02,0.73,3.0,5.0,1
6910,2.0,3.0,32.0,2.7,-0.88,-0.72,4.0,3.0,0
6911,1.0,1.0,30.0,3.2,-1.49,-1.96,3.0,4.0,0
6913,9.0,9.0,37.0,3.4,1.14,1.26,4.0,4.0,1
6915,7.0,7.0,40.0,3.5,0.57,0.46,5.0,4.0,1
6917,6.0,7.0,40.0,3.2,0.17,0.52,4.0,3.0,1
6919,6.0,5.0,42.0,2.9,0.07,-0.08,3.0,2.0,1
6920,7.0,8.0,26.5,3.2,0.29,0.83,3.0,2.0,1
6921,10.0,10.0,47.0,3.7,2.36,2.32,3.0,6.0,1
6922,10.0,10.0,42.0,3.4,1.37,1.45,3.0,5.0,1
6924,1.0,2.0,39.0,3.4,-1.28,-1.18,3.0,4.0,1
6927,10.0,10.0,36.0,4.0,2.21,2.04,4.0,3.0,1
6928,9.0,9.0,41.0,3.0,1.09,1.1,3.0,4.0,1
6932,5.0,1.0,20.0,2.7,-0.04,-1.51,3.0,1.0,0
6934,7.0,5.0,36.0,3.5,0.48,-0.07,3.0,5.0,1
6935,5.0,3.0,34.0,2.7,0.01,-0.75,2.0,3.0,1
6937,1.0,1.0,35.5,2.7,-1.58,-1.45,1.0,3.0,1
6939,1.0,1.0,37.0,3.3,-2.01,-1.98,4.0,4.0,1
6945,7.0,7.0,36.0,3.6,0.42,0.42,4.0,4.0,1
6946,4.0,3.0,33.0,2.6,-0.26,-0.66,4.0,1.0,1
6948,4.0,5.0,35.5,2.7,-0.18,-0.24,3.0,3.0,1
6949,5.0,6.0,41.0,2.9,-0.07,0.12,3.0,3.0,1
6952,3.0,3.0,38.0,3.3,-0.46,-0.61,4.0,3.0,1
6953,7.0,8.0,39.0,2.8,0.36,0.61,3.0,3.0,1
6956,9.0,9.0,40.0,3.3,1.29,1.26,4.0,4.0,0
6959,8.0,7.0,32.0,2.7,0.71,0.54,2.0,5.0,1
6960,2.0,5.0,32.0,3.4,-0.71,-0.21,3.0,3.0,1
6962,5.0,7.0,37.0,3.6,-0.01,0.46,4.0,3.0,1
6964,6.0,7.0,34.0,3.1,0.19,0.29,3.0,3.0,1
6965,4.0,3.0,36.0,3.3,-0.35,-0.85,4.0,4.0,1
6966,5.0,7.0,29.0,3.3,0.03,0.23,4.0,2.0,1
6968,1.0,1.0,36.0,2.8,-1.19,-1.89,4.0,3.0,1
6969,1.0,1.0,35.0,3.4,-1.17,-1.48,4.0,3.0,1
6971,6.0,7.0,36.0,2.2,0.26,0.27,4.0,1.0,1
6973,8.0,8.0,45.0,3.7,0.86,0.66,4.0,5.0,1
6974,6.0,7.0,38.0,3.7,0.14,0.46,5.0,5.0,1
6978,9.0,9.0,30.0,3.6,1.06,1.21,3.0,3.0,1
6984,10.0,8.0,36.5,3.4,1.49,0.77,5.0,3.0,1
6985,7.0,6.0,39.0,3.7,0.38,0.16,4.0,6.0,1
6987,10.0,8.0,44.0,3.0,1.43,0.75,3.0,5.0,1
6988,7.0,7.0,48.0,3.4,0.4,0.53,3.0,5.0,1
6989,10.0,10.0,34.0,3.1,1.81,1.51,4.0,3.0,1
6990,6.0,7.0,36.0,3.7,0.1,0.45,4.0,3.0,1
6991,1.0,2.0,32.0,3.4,-1.68,-1.23,2.0,1.0,0
6998,8.0,8.0,32.0,3.5,0.71,0.67,3.0,5.0,1
6999,1.0,2.0,37.0,3.9,-1.42,-1.12,5.0,3.0,0
7002,5.0,7.0,36.0,3.7,-0.07,0.42,4.0,5.0,1
7007,7.0,10.0,36.0,3.2,0.51,2.21,3.0,4.0,1
7008,7.0,5.0,44.0,3.3,0.48,-0.06,4.0,5.0,1
7010,6.0,8.0,36.0,2.9,0.17,0.55,4.0,2.0,1
7012,9.0,8.0,38.0,4.0,1.14,0.61,2.0,5.0,1
7014,6.0,9.0,39.0,3.0,0.24,0.97,4.0,3.0,1
7015,9.0,8.0,43.0,3.3,0.89,0.83,4.0,5.0,1
7020,1.0,1.0,25.0,3.4,-1.77,-1.63,3.0,3.0,0
7023,9.0,7.0,41.0,3.2,0.92,0.48,4.0,4.0,1
7025,4.0,4.0,29.0,2.7,-0.33,-0.58,3.0,2.0,1
7027,3.0,6.0,36.0,3.6,-0.53,0.03,5.0,3.0,1
7028,2.0,3.0,34.0,2.4,-0.9,-0.77,3.0,2.0,1
7029,6.0,8.0,45.0,3.7,0.15,0.63,5.0,5.0,1
7031,7.0,6.0,36.0,3.0,0.37,0.25,3.0,3.0,1
7034,1.0,1.0,36.0,2.9,-1.39,-1.78,3.0,4.0,1
7036,7.0,7.0,31.0,3.5,0.41,0.34,4.0,5.0,1
7039,2.0,3.0,31.0,3.3,-0.86,-0.61,4.0,2.0,0
7040,3.0,6.0,39.0,3.5,-0.48,0.16,4.0,4.0,1
7041,8.0,8.0,36.0,3.6,0.76,0.68,4.0,3.0,1
7042,6.0,7.0,40.0,2.9,0.3,0.45,3.0,3.0,1
7043,1.0,1.0,30.5,3.1,-1.75,-1.83,4.0,3.0,1
7044,7.0,4.0,34.0,3.5,0.51,-0.44,3.0,3.0,1
7045,8.0,4.0,21.5,2.9,0.72,-0.43,3.0,1.0,0
7048,2.0,2.0,24.0,3.2,-0.89,-1.25,3.0,2.0,1
7050,9.0,9.0,37.0,3.7,0.96,1.12,4.0,3.0,1
7051,7.0,9.0,41.0,3.4,0.5,1.19,3.0,4.0,1
7053,8.0,8.0,40.0,2.8,0.64,0.84,4.0,3.0,1
7055,2.0,2.0,35.0,3.2,-1.14,-0.91,4.0,4.0,0
7056,9.0,8.0,44.0,3.6,1.0,0.61,4.0,5.0,1
7057,9.0,9.0,40.0,2.6,1.22,1.26,3.0,3.0,1
7058,7.0,9.0,29.0,3.8,0.28,1.03,3.0,2.0,1
7061,9.0,9.0,42.0,3.4,0.99,1.12,4.0,3.0,1
7071,4.0,4.0,40.0,2.7,-0.24,-0.29,5.0,4.0,1
7072,9.0,9.0,32.0,3.5,1.06,1.05,3.0,2.0,1
7075,7.0,6.0,37.0,3.0,0.56,0.24,4.0,3.0,1
7076,2.0,3.0,36.0,2.9,-0.8,-0.57,4.0,3.0,1
7078,8.0,6.0,36.0,3.5,0.58,0.1,4.0,5.0,1
7080,6.0,4.0,34.0,2.7,0.27,-0.46,2.0,3.0,0
7082,10.0,10.0,37.0,3.9,1.91,2.18,2.0,4.0,1
7083,3.0,3.0,34.5,2.9,-0.5,-0.85,2.0,3.0,0
7084,10.0,10.0,39.0,3.9,1.3,2.67,3.0,3.0,1
7086,6.0,7.0,37.0,2.9,0.15,0.26,5.0,2.0,1
7088,5.0,4.0,42.0,3.0,-0.16,-0.51,4.0,4.0,1
7090,4.0,2.0,38.0,3.5,-0.38,-1.06,3.0,4.0,1
7091,6.0,9.0,40.0,3.6,0.2,1.05,3.0,4.0,1
7092,5.0,8.0,36.0,3.6,-0.11,0.87,3.0,4.0,1
7093,9.0,6.0,38.0,2.7,0.9,0.26,4.0,5.0,1
7094,8.0,7.0,43.0,2.7,0.75,0.5,4.0,5.0,1
7096,6.0,5.0,27.0,3.1,0.16,-0.15,4.0,4.0,1
7097,10.0,8.0,42.0,3.3,1.31,0.83,4.0,4.0,1
7100,7.0,7.0,33.0,3.4,0.52,0.44,4.0,4.0,1
7101,9.0,9.0,42.0,3.8,0.95,1.29,4.0,5.0,1
7105,2.0,4.0,37.0,3.4,-1.03,-0.31,4.0,4.0,1
7107,5.0,3.0,38.0,3.0,-0.15,-0.64,3.0,4.0,1
7110,10.0,10.0,39.0,3.4,1.46,1.49,3.0,4.0,1
7111,1.0,1.0,31.0,2.7,-1.6,-1.45,4.0,3.0,0
7115,6.0,6.0,42.0,3.6,0.27,0.06,4.0,5.0,1
7118,10.0,10.0,46.0,3.0,1.42,1.58,2.0,4.0,1
7119,4.0,3.0,34.0,3.1,-0.2,-0.72,3.0,3.0,1
7121,9.0,8.0,48.0,3.3,1.15,0.65,4.0,5.0,1
7122,3.0,3.0,30.0,3.0,-0.51,-0.64,4.0,2.0,0
7123,6.0,8.0,36.0,3.3,0.1,0.57,3.0,5.0,1
7124,3.0,5.0,44.0,3.9,-0.66,-0.08,4.0,6.0,1
7125,6.0,3.0,35.0,2.9,0.22,-0.57,3.0,3.0,1
7128,1.0,2.0,29.0,3.0,-1.38,-1.03,3.0,3.0,0
7129,9.0,9.0,31.5,3.1,0.87,0.95,3.0,3.0,1
7130,3.0,4.0,36.0,3.6,-0.58,-0.38,4.0,3.0,1
7132,7.0,8.0,40.0,3.1,0.42,0.76,4.0,4.0,1
7139,6.0,4.0,39.0,3.4,0.13,-0.39,3.0,4.0,1
7142,2.0,1.0,32.5,2.0,-1.06,-1.45,1.0,3.0,1
7143,10.0,10.0,39.0,3.5,2.07,1.8,4.0,4.0,1
7148,8.0,8.0,44.0,2.8,0.65,0.63,4.0,3.0,1
7149,1.0,1.0,32.0,2.9,-1.28,-1.59,3.0,4.0,0
7150,10.0,10.0,46.0,3.5,2.05,1.74,4.0,6.0,1
7155,9.0,10.0,43.0,3.4,1.11,1.53,3.0,4.0,1
7156,6.0,8.0,32.5,3.1,0.21,0.77,5.0,3.0,1
7158,10.0,10.0,40.0,3.5,1.37,1.47,4.0,4.0,1
7160,3.0,2.0,38.0,3.0,-0.51,-0.9,3.0,4.0,1
7161,2.0,2.0,30.0,3.2,-0.93,-1.18,4.0,4.0,1
7164,3.0,5.0,34.5,3.4,-0.69,-0.23,5.0,5.0,1
7165,7.0,7.0,36.0,3.2,0.36,0.35,3.0,3.0,1
7166,5.0,8.0,28.5,2.7,-0.14,0.57,5.0,3.0,1
7167,9.0,8.0,34.0,3.3,0.94,0.79,3.0,3.0,1
7168,10.0,10.0,33.0,3.1,2.15,1.66,4.0,3.0,1
7170,10.0,9.0,47.0,3.5,1.44,1.29,4.0,5.0,1
7172,3.0,2.0,41.0,3.4,-0.56,-0.98,4.0,5.0,0
7176,6.0,4.0,36.0,3.0,0.19,-0.41,5.0,3.0,1
7177,9.0,10.0,35.0,3.2,1.1,1.33,3.0,3.0,1
7182,3.0,3.0,33.0,3.9,-0.48,-0.68,3.0,5.0,0
7183,2.0,2.0,25.0,3.1,-0.95,-1.06,2.0,2.0,0
7184,10.0,10.0,44.0,3.0,1.47,1.54,5.0,3.0,1
7187,5.0,2.0,36.5,3.0,0.02,-1.16,4.0,3.0,1
7188,4.0,5.0,40.0,2.9,-0.25,-0.18,4.0,6.0,1
7189,5.0,6.0,38.0,3.5,0.03,0.21,4.0,3.0,1
7190,10.0,7.0,46.0,3.6,1.34,0.43,3.0,5.0,1
7194,5.0,8.0,42.0,3.8,0.05,0.63,4.0,3.0,1
7195,2.0,1.0,24.5,3.6,-0.84,-1.44,3.0,3.0,1
7198,6.0,5.0,43.0,3.5,0.24,-0.2,4.0,5.0,1
7200,9.0,9.0,39.0,3.0,0.88,1.13,4.0,5.0,1
7201,2.0,2.0,43.0,3.4,-0.94,-0.95,4.0,5.0,1
7203,6.0,5.0,35.0,2.4,0.04,-0.16,4.0,2.0,1
7204,10.0,10.0,40.0,3.3,1.96,1.9,3.0,3.0,1
7206,5.0,3.0,32.0,3.2,-0.14,-0.67,3.0,3.0,1
7207,4.0,4.0,47.0,3.7,-0.28,-0.4,4.0,6.0,1
7208,3.0,2.0,35.0,3.2,-0.51,-1.21,1.0,3.0,0
7209,2.0,1.0,39.0,2.6,-1.02,-1.33,2.0,3.0,0
7211,9.0,9.0,38.0,3.6,1.13,1.03,3.0,4.0,1
7212,9.0,8.0,42.0,3.0,1.08,0.81,2.0,5.0,1
7213,5.0,4.0,41.0,3.0,0.05,-0.34,4.0,4.0,1
7215,4.0,1.0,31.0,2.8,-0.23,-2.15,3.0,3.0,0
7216,7.0,6.0,37.0,3.3,0.45,0.06,4.0,3.0,1
7220,10.0,10.0,34.0,4.0,2.73,2.59,5.0,4.0,1
7221,5.0,6.0,29.0,3.6,0.05,0.07,3.0,3.0,1
7222,8.0,7.0,37.0,3.3,0.57,0.29,3.0,3.0,1
7225,1.0,2.0,29.0,3.0,-1.23,-1.3,4.0,3.0,0
7230,3.0,5.0,37.0,3.3,-0.47,-0.09,4.0,3.0,1
7232,5.0,5.0,39.0,3.6,-0.1,0.01,3.0,5.0,1
7233,7.0,9.0,40.0,3.3,0.48,1.2,5.0,3.0,1
7234,6.0,6.0,39.0,3.2,0.27,0.13,3.0,3.0,1
7237,10.0,7.0,39.0,3.1,1.33,0.55,3.0,3.0,1
7238,9.0,8.0,44.0,3.6,1.13,0.61,3.0,5.0,1
7241,1.0,1.0,41.0,2.7,-1.57,-1.87,4.0,3.0,0
7243,1.0,1.0,31.0,3.5,-1.58,-1.99,4.0,5.0,0
7244,9.0,9.0,39.0,3.5,0.94,1.22,3.0,2.0,1
7245,3.0,3.0,45.0,3.3,-0.57,-0.62,4.0,4.0,1
7246,6.0,5.0,39.0,3.7,0.17,-0.02,4.0,4.0,1
7247,2.0,3.0,43.0,3.2,-0.83,-0.82,3.0,4.0,1
7248,10.0,10.0,35.5,2.5,2.29,2.24,4.0,3.0,1
7249,10.0,10.0,39.0,3.8,1.64,1.43,4.0,5.0,1
7250,1.0,1.0,40.0,2.9,-1.44,-1.82,3.0,5.0,0
7251,10.0,10.0,33.5,3.1,1.64,1.89,1.0,3.0,1
7252,7.0,5.0,27.0,3.9,0.39,-0.14,3.0,2.0,1
7253,10.0,9.0,40.0,3.2,1.31,1.12,3.0,4.0,1
7254,2.0,2.0,36.0,3.3,-1.09,-1.04,4.0,5.0,1
7256,2.0,3.0,32.0,3.3,-0.75,-0.76,3.0,3.0,1
7263,2.0,3.0,33.0,3.2,-0.98,-0.8,3.0,4.0,1
7267,6.0,5.0,36.0,2.9,0.08,-0.18,4.0,3.0,1
7268,4.0,5.0,34.0,3.1,-0.38,-0.17,4.0,3.0,0
7269,7.0,5.0,36.5,3.5,0.45,0.01,3.0,4.0,1
7272,10.0,10.0,40.0,3.7,1.48,1.72,4.0,5.0,1
7275,4.0,3.0,33.0,3.1,-0.4,-0.88,3.0,3.0,1
7279,8.0,7.0,40.0,3.4,0.67,0.4,3.0,5.0,1
7283,7.0,7.0,36.0,3.0,0.45,0.34,2.0,3.0,1
7287,1.0,1.0,25.0,2.4,-2.29,-1.73,1.0,3.0,1
7288,3.0,2.0,27.5,3.0,-0.7,-1.09,3.0,4.0,0
7290,9.0,9.0,40.0,3.8,1.27,1.11,4.0,5.0,1
7291,9.0,9.0,42.0,2.8,1.23,0.95,2.0,6.0,1
7292,4.0,4.0,32.0,3.2,-0.28,-0.48,3.0,2.0,1
7295,9.0,9.0,37.0,2.7,1.2,0.9,3.0,3.0,1
7297,1.0,2.0,37.0,3.5,-1.35,-1.05,2.0,4.0,0
7298,8.0,7.0,39.0,3.7,0.62,0.53,3.0,4.0,1
7301,2.0,3.0,34.0,3.0,-1.12,-0.67,3.0,4.0,1
7303,3.0,4.0,31.0,2.2,-0.48,-0.45,2.0,1.0,0
7304,8.0,6.0,44.0,3.8,0.6,0.12,4.0,5.0,1
7306,6.0,4.0,37.0,3.4,0.12,-0.47,3.0,5.0,1
7307,4.0,3.0,28.0,3.0,-0.19,-0.73,3.0,4.0,1
7309,2.0,3.0,24.0,3.0,-0.81,-0.62,1.0,1.0,1
7310,5.0,5.0,40.0,2.9,-0.13,-0.04,3.0,3.0,1
7312,10.0,10.0,35.0,3.2,1.93,1.69,4.0,2.0,1
7315,5.0,5.0,34.0,3.4,-0.02,-0.27,2.0,3.0,1
7318,9.0,9.0,45.0,3.8,1.24,1.24,3.0,5.0,1
7320,1.0,1.0,37.0,3.3,-1.76,-1.44,3.0,4.0,1
7325,9.0,9.0,40.0,2.8,1.16,0.87,2.0,3.0,1
7326,4.0,4.0,41.0,2.8,-0.2,-0.33,5.0,3.0,1
7327,10.0,6.0,39.0,3.5,1.97,0.2,2.0,6.0,1
7329,4.0,3.0,32.0,3.2,-0.24,-0.68,3.0,3.0,1
7333,1.0,1.0,27.7,2.3,-1.5,-1.42,4.0,3.0,0
7336,7.0,4.0,29.0,3.0,0.52,-0.43,4.0,5.0,1
7340,10.0,10.0,44.0,4.0,3.17,3.07,4.0,3.0,1
7343,6.0,4.0,38.0,3.0,0.15,-0.36,5.0,3.0,1
7344,7.0,8.0,31.5,3.4,0.33,0.65,4.0,4.0,1
7346,6.0,4.0,26.0,3.5,0.23,-0.42,3.0,3.0,1
7349,7.0,8.0,43.0,3.6,0.32,0.84,4.0,5.0,1
7354,2.0,1.0,37.0,2.4,-0.93,-1.58,5.0,3.0,0
7358,7.0,7.0,46.0,2.9,0.51,0.51,2.0,4.0,1
7360,4.0,4.0,40.0,3.2,-0.34,-0.36,2.0,6.0,1
7365,5.0,6.0,40.0,2.6,0.06,0.22,3.0,4.0,1
7369,1.0,1.0,41.0,3.7,-1.65,-1.89,4.0,4.0,0
7372,8.0,9.0,37.0,3.6,0.78,1.14,4.0,5.0,1
7373,1.0,1.0,34.0,2.8,-1.6,-1.39,2.0,2.0,1
7375,6.0,4.0,37.0,3.4,0.12,-0.4,4.0,3.0,1
7376,5.0,3.0,43.0,2.2,-0.08,-0.56,4.0,3.0,1
7377,9.0,10.0,46.0,3.6,1.08,1.58,2.0,5.0,1
7378,9.0,7.0,30.7,3.0,0.92,0.47,4.0,5.0,1
7380,1.0,2.0,40.0,2.7,-1.76,-1.24,4.0,5.0,1
7383,4.0,3.0,33.0,2.9,-0.39,-0.64,3.0,2.0,1
7384,3.0,7.0,41.0,3.8,-0.69,0.43,5.0,5.0,1
7385,3.0,3.0,44.0,3.6,-0.6,-0.83,4.0,4.0,1
7386,1.0,1.0,32.0,3.0,-1.77,-2.07,4.0,4.0,0
7389,7.0,6.0,42.0,3.3,0.44,0.16,4.0,4.0,1
7390,9.0,10.0,38.0,3.2,1.04,1.9,4.0,3.0,1
7391,4.0,2.0,31.0,2.8,-0.41,-0.99,4.0,4.0,1
7393,3.0,4.0,31.0,3.5,-0.53,-0.45,3.0,2.0,0
7394,2.0,4.0,37.5,2.8,-0.82,-0.33,4.0,4.0,1
7395,3.0,5.0,40.0,2.8,-0.59,-0.27,3.0,3.0,0
7400,2.0,2.0,37.0,3.1,-0.85,-1.11,3.0,3.0,1
7402,8.0,8.0,38.0,3.4,0.89,0.58,3.0,4.0,1
7403,5.0,4.0,41.0,3.0,-0.02,-0.44,2.0,5.0,1
7409,6.0,6.0,44.0,3.6,0.35,0.1,4.0,6.0,1
7410,7.0,10.0,35.0,3.9,0.52,1.93,4.0,5.0,1
7414,4.0,5.0,35.5,3.4,-0.21,-0.25,2.0,4.0,1
7416,10.0,8.0,33.0,3.9,1.56,0.57,2.0,5.0,1
7417,5.0,8.0,37.0,2.5,0.13,0.51,3.0,1.0,1
7419,3.0,5.0,42.0,3.4,-0.52,-0.03,4.0,5.0,1
7422,8.0,8.0,31.0,3.2,0.78,0.88,3.0,4.0,1
7426,1.0,1.0,30.0,3.2,-1.33,-1.58,4.0,3.0,1
7427,8.0,9.0,37.0,3.8,0.84,0.88,2.0,3.0,1
7431,1.0,3.0,32.5,2.5,-1.1,-0.84,3.0,2.0,1
7432,4.0,3.0,43.0,2.7,-0.18,-0.78,3.0,4.0,1
7434,9.0,8.0,39.0,3.4,1.09,0.76,4.0,4.0,1
7435,9.0,9.0,41.0,3.8,1.05,1.26,2.0,5.0,1
7436,3.0,3.0,45.0,3.4,-0.5,-0.65,2.0,6.0,1
7439,5.0,2.0,33.0,2.6,0.01,-1.12,4.0,2.0,0
7445,4.0,5.0,40.0,3.0,-0.31,-0.26,3.0,3.0,1
7447,4.0,5.0,42.0,2.7,-0.19,-0.18,5.0,3.0,1
7449,4.0,5.0,38.0,3.9,-0.43,-0.2,1.0,2.0,1
7451,4.0,8.0,38.0,3.7,-0.31,0.61,4.0,3.0,1
7453,5.0,5.0,23.0,3.3,-0.1,-0.13,5.0,3.0,1
7455,10.0,10.0,39.0,4.0,2.07,2.13,3.0,3.0,1
7457,3.0,4.0,36.0,3.5,-0.47,-0.5,3.0,4.0,1
7458,6.0,6.0,41.0,3.8,0.14,0.14,4.0,4.0,1
7461,2.0,1.0,31.0,2.7,-1.04,-1.95,5.0,3.0,0
7464,6.0,5.0,37.0,3.7,0.17,-0.16,4.0,5.0,1
7469,4.0,5.0,29.0,2.7,-0.24,-0.03,4.0,3.0,1
7471,9.0,9.0,37.0,3.3,1.1,1.0,4.0,4.0,1
7474,3.0,2.0,36.0,2.7,-0.52,-1.27,5.0,5.0,1
7475,3.0,2.0,27.0,3.1,-0.44,-1.2,3.0,2.0,0
7479,4.0,5.0,42.0,4.0,-0.26,-0.05,3.0,5.0,1
7480,7.0,9.0,31.0,3.2,0.36,1.13,4.0,3.0,1
7481,10.0,10.0,45.0,3.5,2.19,1.84,3.0,4.0,1
7482,7.0,4.0,46.0,3.5,0.59,-0.45,4.0,4.0,1
7483,5.0,4.0,48.0,3.5,-0.15,-0.4,4.0,5.0,1
7484,9.0,10.0,42.0,3.1,0.93,1.67,4.0,5.0,1
7485,5.0,5.0,30.0,3.4,-0.02,-0.13,1.0,5.0,1
7488,8.0,7.0,38.5,2.4,0.9,0.53,4.0,4.0,1
7491,9.0,9.0,34.0,2.8,1.23,0.99,4.0,5.0,1
7493,6.0,6.0,38.0,3.2,0.16,0.18,4.0,3.0,1
7501,3.0,2.0,33.0,2.7,-0.48,-1.05,3.0,5.0,1
7502,3.0,10.0,37.0,3.6,-0.72,1.61,1.0,4.0,1
7503,5.0,5.0,43.0,2.5,-0.02,-0.21,3.0,2.0,1
7504,2.0,2.0,48.0,3.7,-0.96,-1.18,3.0,6.0,1
7507,4.0,3.0,31.0,3.4,-0.21,-0.71,4.0,2.0,1
7508,5.0,4.0,31.0,3.1,-0.13,-0.44,2.0,3.0,0
7509,6.0,7.0,39.0,3.7,0.23,0.34,3.0,4.0,1
7512,8.0,7.0,28.5,3.5,0.79,0.27,3.0,2.0,1
7513,7.0,7.0,36.0,3.2,0.46,0.49,2.0,3.0,1
7515,4.0,2.0,41.0,3.4,-0.3,-1.08,4.0,5.0,1
7516,5.0,4.0,42.0,3.6,-0.02,-0.32,4.0,5.0,1
7519,2.0,2.0,40.0,3.9,-0.8,-1.26,2.0,5.0,0
7520,3.0,5.0,33.0,3.8,-0.55,-0.11,4.0,3.0,1
7522,4.0,5.0,38.0,3.6,-0.21,-0.24,4.0,4.0,1
7527,5.0,6.0,44.0,3.2,0.08,0.04,3.0,4.0,1
7528,1.0,1.0,30.0,2.4,-1.36,-1.45,3.0,3.0,1
7533,7.0,8.0,37.0,3.2,0.53,0.68,5.0,3.0,1
7539,5.0,4.0,39.0,2.7,0.01,-0.5,2.0,2.0,0
7540,8.0,6.0,40.0,3.6,0.67,0.02,5.0,5.0,1
7543,6.0,6.0,37.0,3.7,0.14,0.18,4.0,5.0,1
7547,4.0,5.0,27.0,3.5,-0.17,-0.2,4.0,3.0,1
7549,9.0,9.0,35.0,3.1,1.02,0.89,3.0,3.0,1
7553,5.0,7.0,45.0,2.8,-0.14,0.41,4.0,3.0,1
7554,4.0,4.0,36.0,3.0,-0.33,-0.39,3.0,3.0,1
7555,2.0,3.0,35.5,1.9,-0.73,-0.64,5.0,3.0,1
7558,7.0,5.0,44.0,3.6,0.56,-0.03,4.0,4.0,1
7561,2.0,1.0,33.0,3.6,-1.17,-1.37,5.0,6.0,1
7562,9.0,10.0,44.0,3.7,1.25,1.56,4.0,5.0,1
7566,5.0,5.0,39.0,3.4,0.02,-0.04,4.0,4.0,1
7568,9.0,10.0,39.0,3.3,0.91,1.35,4.0,2.0,1
7571,8.0,6.0,33.0,3.4,0.7,0.05,3.0,4.0,1
7572,2.0,3.0,37.0,2.9,-0.84,-0.54,1.0,4.0,1
7573,10.0,10.0,41.0,3.7,1.86,1.88,2.0,3.0,1
7574,4.0,4.0,38.0,3.6,-0.19,-0.35,4.0,3.0,1
7576,9.0,10.0,41.0,3.6,1.22,1.32,4.0,6.0,1
7577,8.0,8.0,42.0,3.1,0.68,0.62,3.0,3.0,1
7578,2.0,2.0,45.0,3.0,-1.03,-1.12,5.0,5.0,1
7581,5.0,5.0,33.5,3.3,0.03,-0.06,4.0,3.0,1
7590,6.0,3.0,45.0,2.2,0.12,-0.78,5.0,3.0,1
7591,7.0,4.0,37.0,2.8,0.34,-0.37,3.0,4.0,1
7593,9.0,10.0,33.0,3.8,1.06,1.79,4.0,3.0,1
7597,7.0,3.0,46.0,3.2,0.32,-0.55,3.0,5.0,1
7598,1.0,1.0,38.0,3.0,-2.03,-2.2,4.0,3.0,0
7601,2.0,2.0,36.5,3.1,-0.76,-0.92,3.0,4.0,1
7603,2.0,1.0,37.0,2.8,-1.04,-1.85,4.0,3.0,1
7606,9.0,9.0,39.0,3.6,1.1,1.04,4.0,4.0,1
7607,8.0,7.0,40.0,3.0,0.71,0.41,4.0,4.0,1
7609,7.0,7.0,43.0,3.4,0.3,0.5,2.0,5.0,1
7611,5.0,8.0,36.0,3.3,0.01,0.73,3.0,3.0,1
7612,1.0,2.0,38.0,3.1,-1.58,-0.91,3.0,4.0,1
7613,3.0,5.0,38.0,3.4,-0.64,-0.18,4.0,5.0,1
7615,6.0,6.0,30.0,3.1,0.16,-0.02,3.0,2.0,1
7616,6.0,7.0,36.0,3.3,0.3,0.4,4.0,3.0,1
7619,5.0,5.0,42.0,3.4,-0.12,-0.12,3.0,3.0,1
7620,1.0,1.0,33.0,3.8,-1.54,-1.42,3.0,3.0,0
7622,8.0,5.0,41.0,2.8,0.81,-0.01,4.0,4.0,1
7624,1.0,2.0,28.0,2.3,-1.13,-0.94,4.0,3.0,1
7625,8.0,10.0,41.0,2.5,0.85,1.46,3.0,3.0,1
7627,10.0,10.0,42.0,2.7,1.44,1.97,5.0,4.0,1
7628,4.0,5.0,40.0,3.2,-0.24,-0.07,4.0,3.0,1
7630,1.0,1.0,27.0,2.9,-1.84,-1.67,2.0,4.0,1
7631,8.0,8.0,37.0,3.8,0.69,0.81,4.0,5.0,1
7633,5.0,7.0,37.0,3.0,-0.04,0.39,4.0,1.0,1
7634,4.0,4.0,40.0,3.1,-0.38,-0.3,3.0,3.0,1
7640,1.0,1.0,44.0,2.6,-2.0,-1.46,4.0,6.0,1
7642,2.0,3.0,31.3,3.0,-0.87,-0.78,3.0,3.0,1
7644,3.0,2.0,32.0,2.9,-0.47,-1.16,4.0,4.0,1
7648,7.0,6.0,32.0,3.6,0.41,0.14,4.0,3.0,1
7649,1.0,1.0,35.5,3.1,-1.87,-2.36,4.0,3.0,0
7651,3.0,1.0,42.0,3.5,-0.72,-1.4,4.0,5.0,1
7652,4.0,5.0,35.0,3.4,-0.32,-0.17,4.0,5.0,0
7654,8.0,6.0,31.0,2.8,0.68,0.23,3.0,3.0,1
7657,10.0,5.0,32.0,3.5,1.32,-0.13,5.0,4.0,1
7658,10.0,10.0,37.0,3.4,1.52,1.41,4.0,5.0,1
7661,1.0,2.0,35.0,2.7,-1.58,-1.15,4.0,3.0,1
7665,8.0,8.0,37.0,3.5,0.64,0.56,4.0,3.0,1
7666,9.0,9.0,37.0,2.5,1.17,1.04,3.0,3.0,1
7669,9.0,8.0,42.0,3.8,1.01,0.82,4.0,4.0,1
7674,2.0,2.0,41.5,3.1,-0.96,-1.25,3.0,3.0,1
7681,2.0,1.0,35.0,3.5,-1.13,-1.42,3.0,4.0,1
7683,9.0,6.0,45.0,3.5,1.14,0.29,4.0,4.0,1
7684,9.0,10.0,37.0,3.7,0.95,1.4,4.0,3.0,1
7686,10.0,10.0,32.0,3.9,1.64,1.46,3.0,3.0,1
7688,1.0,1.0,27.0,3.6,-3.05,-3.03,3.0,5.0,0
7690,7.0,7.0,32.5,3.4,0.34,0.26,4.0,3.0,1
7691,7.0,7.0,35.0,4.0,0.28,0.45,4.0,5.0,1
7692,7.0,5.0,38.0,2.9,0.4,-0.13,3.0,3.0,1
7695,8.0,6.0,27.0,3.2,0.62,0.08,4.0,2.0,1
7697,8.0,9.0,40.0,3.5,0.65,1.08,4.0,4.0,1
7699,3.0,2.0,34.5,2.6,-0.58,-1.09,4.0,3.0,1
7702,1.0,1.0,30.0,3.7,-1.81,-1.44,4.0,5.0,0
7703,6.0,5.0,34.0,3.9,0.12,-0.09,4.0,4.0,1
7704,1.0,1.0,42.0,3.7,-1.81,-1.34,5.0,4.0,1
7705,5.0,5.0,45.0,2.8,-0.08,-0.07,4.0,4.0,1
7706,7.0,6.0,31.5,3.4,0.47,0.07,2.0,3.0,1
7709,7.0,9.0,45.0,2.8,0.48,0.88,4.0,3.0,1
7710,6.0,6.0,45.0,2.8,0.22,0.26,4.0,4.0,1
7713,9.0,9.0,37.0,2.9,0.93,0.91,4.0,3.0,1
7714,10.0,9.0,31.0,3.1,1.87,1.05,4.0,3.0,1
7718,6.0,8.0,37.0,3.6,0.23,0.73,3.0,4.0,1
7721,6.0,7.0,41.0,3.0,0.16,0.49,3.0,3.0,0
7723,2.0,4.0,36.0,2.6,-0.97,-0.42,3.0,5.0,0
7724,3.0,2.0,45.0,3.6,-0.57,-0.94,5.0,6.0,1
7725,4.0,2.0,42.0,3.6,-0.45,-1.06,3.0,6.0,0
7727,7.0,3.0,35.0,2.9,0.35,-0.65,3.0,5.0,1
7730,2.0,4.0,32.0,2.7,-0.93,-0.49,3.0,4.0,1
7731,2.0,2.0,33.0,3.3,-0.97,-0.95,3.0,3.0,1
7732,1.0,1.0,18.0,2.7,-1.97,-1.84,3.0,2.0,0
7733,1.0,2.0,19.0,3.0,-1.82,-1.09,4.0,2.0,0
7736,2.0,1.0,33.0,3.7,-1.13,-1.45,3.0,4.0,0
7737,10.0,10.0,48.0,3.4,1.58,1.76,3.0,6.0,1
7738,10.0,8.0,39.0,3.6,1.44,0.86,3.0,3.0,1
7739,5.0,5.0,32.0,3.4,0.08,0.01,3.0,4.0,1
7746,1.0,2.0,38.0,3.2,-1.15,-0.9,4.0,4.0,1
7748,6.0,4.0,43.0,3.9,0.2,-0.48,3.0,4.0,1
7752,10.0,9.0,39.0,3.5,1.5,1.08,2.0,6.0,1
7753,2.0,4.0,36.0,3.0,-0.8,-0.48,4.0,3.0,1
7756,4.0,3.0,41.0,3.0,-0.2,-0.87,3.0,4.0,1
7757,6.0,5.0,39.0,3.1,0.1,-0.13,3.0,3.0,1
7758,1.0,1.0,26.5,3.0,-1.54,-1.59,1.0,4.0,1
7760,1.0,2.0,38.0,2.9,-1.14,-0.96,4.0,4.0,0
7764,10.0,9.0,45.0,3.1,1.33,1.22,3.0,3.0,1
7769,3.0,4.0,30.0,3.3,-0.67,-0.4,4.0,3.0,1
7772,3.0,2.0,27.0,3.4,-0.62,-1.25,3.0,4.0,1
7774,1.0,1.0,29.0,3.4,-1.81,-1.61,3.0,5.0,0
7775,4.0,4.0,37.0,2.5,-0.18,-0.49,5.0,3.0,1
7778,1.0,3.0,28.5,2.9,-1.13,-0.87,3.0,2.0,0
7779,9.0,8.0,45.0,3.7,1.17,0.77,3.0,5.0,1
7782,6.0,5.0,43.0,3.0,0.12,-0.14,4.0,4.0,1
7791,3.0,2.0,42.0,3.8,-0.69,-1.24,4.0,4.0,1
7792,8.0,8.0,43.0,3.0,0.6,0.84,1.0,3.0,1
7794,1.0,2.0,27.0,2.8,-1.3,-1.08,4.0,3.0,1
7795,10.0,10.0,40.0,3.8,1.71,1.77,3.0,3.0,1
7796,2.0,1.0,36.0,3.2,-0.85,-1.52,2.0,6.0,1
7797,1.0,1.0,28.0,2.5,-1.34,-1.66,2.0,1.0,0
7798,1.0,1.0,37.0,2.6,-1.72,-2.13,2.0,3.0,1
7799,7.0,7.0,41.0,3.8,0.6,0.39,5.0,6.0,1
7800,9.0,9.0,34.5,2.8,1.03,1.03,4.0,2.0,1
7805,10.0,10.0,47.0,3.2,1.59,1.47,5.0,4.0,1
7808,5.0,5.0,30.7,3.0,-0.15,-0.14,4.0,3.0,0
7809,8.0,7.0,41.0,3.3,0.62,0.54,3.0,4.0,1
7810,10.0,10.0,41.0,3.8,1.33,1.64,4.0,4.0,1
7813,10.0,10.0,41.0,2.4,1.46,1.6,3.0,3.0,1
7814,8.0,8.0,41.0,3.4,0.71,0.84,4.0,3.0,1
7816,8.0,8.0,39.0,3.0,0.73,0.61,4.0,3.0,1
7817,2.0,3.0,45.0,3.5,-1.14,-0.79,5.0,5.0,1
7820,6.0,6.0,38.0,3.2,0.17,0.18,5.0,3.0,1
7821,8.0,10.0,31.0,3.3,0.85,1.41,3.0,3.0,1
7824,2.0,4.0,39.5,2.8,-1.05,-0.31,2.0,4.0,1
7825,1.0,1.0,36.0,2.7,-1.4,-1.32,3.0,2.0,1
7826,8.0,7.0,47.0,3.4,0.93,0.28,4.0,6.0,1
7829,8.0,8.0,38.0,3.4,0.68,0.58,5.0,3.0,1
7831,9.0,8.0,34.0,3.9,1.12,0.77,3.0,4.0,1
7832,3.0,3.0,38.0,2.9,-0.6,-0.57,4.0,4.0,1
7833,1.0,1.0,26.0,3.0,-1.7,-1.45,3.0,5.0,1
7835,9.0,9.0,40.0,3.6,1.13,1.11,3.0,4.0,1
7837,1.0,1.0,31.0,3.6,-1.13,-1.61,4.0,3.0,0
7839,8.0,10.0,32.0,3.7,0.78,1.57,3.0,4.0,1
7840,2.0,4.0,32.0,2.4,-0.79,-0.48,5.0,3.0,1
7842,9.0,8.0,45.0,3.4,0.99,0.69,4.0,5.0,1
7843,1.0,2.0,29.0,3.1,-1.27,-1.12,4.0,2.0,1
7844,9.0,10.0,39.0,3.6,1.22,1.39,3.0,4.0,1
7845,1.0,2.0,40.0,2.4,-1.15,-1.23,3.0,4.0,1
7846,4.0,4.0,38.5,3.1,-0.2,-0.4,3.0,3.0,1
7848,1.0,2.0,29.5,3.2,-1.28,-1.16,2.0,3.0,1
7854,5.0,5.0,29.5,3.5,-0.11,-0.1,2.0,3.0,1
7860,8.0,8.0,37.0,2.8,0.72,0.73,2.0,3.0,1
7861,10.0,10.0,38.0,3.8,1.56,1.84,3.0,1.0,1
7862,5.0,4.0,39.0,3.5,0.03,-0.32,4.0,5.0,1
7866,5.0,2.0,38.0,2.6,-0.1,-1.18,3.0,3.0,0
7867,7.0,5.0,38.0,3.2,0.42,-0.16,3.0,5.0,1
7871,4.0,6.0,37.0,3.8,-0.33,0.17,4.0,4.0,1
7873,1.0,1.0,38.0,3.4,-2.64,-2.52,3.0,5.0,1
7874,8.0,9.0,42.0,3.6,0.75,1.16,3.0,5.0,1
7876,1.0,1.0,32.0,2.8,-2.31,-2.15,4.0,3.0,1
7877,5.0,7.0,48.0,3.6,0.08,0.49,5.0,6.0,1
7878,4.0,4.0,36.0,3.3,-0.38,-0.46,4.0,3.0,1
7879,6.0,6.0,31.0,4.0,0.09,0.15,1.0,2.0,1
7882,4.0,5.0,37.5,3.1,-0.39,-0.26,5.0,3.0,1
7883,2.0,4.0,41.0,3.1,-0.91,-0.37,4.0,4.0,1
7884,5.0,3.0,38.0,3.2,0.0,-0.61,4.0,3.0,0
7885,7.0,7.0,48.0,2.9,0.4,0.48,3.0,5.0,1
7888,6.0,6.0,37.0,3.4,0.22,0.26,4.0,4.0,1
7893,6.0,6.0,35.0,3.2,0.07,0.01,4.0,3.0,1
7900,8.0,7.0,44.0,3.6,0.75,0.35,4.0,5.0,1
7901,1.0,1.0,45.0,3.8,-1.31,-1.34,3.0,5.0,0
7903,9.0,9.0,43.0,3.8,1.1,0.99,4.0,4.0,1
7905,2.0,2.0,37.0,3.5,-0.7,-0.91,2.0,3.0,1
7907,6.0,8.0,47.0,3.1,0.33,0.76,4.0,6.0,1
7908,10.0,6.0,41.0,3.2,1.36,0.1,4.0,5.0,1
7911,3.0,2.0,41.0,3.8,-0.52,-0.94,4.0,6.0,1
7913,6.0,8.0,29.5,3.1,0.1,0.55,3.0,2.0,1
7915,6.0,9.0,35.0,3.6,0.12,0.87,3.0,3.0,1
7916,6.0,7.0,32.0,2.9,0.11,0.44,5.0,3.0,1
7918,1.0,1.0,29.5,2.5,-1.51,-2.3,2.0,5.0,0
7920,7.0,8.0,38.0,2.7,0.51,0.71,3.0,2.0,1
7921,8.0,7.0,30.5,3.5,0.64,0.44,3.0,3.0,1
7923,10.0,10.0,42.0,3.7,1.7,1.61,4.0,5.0,1
7926,9.0,5.0,37.0,2.5,0.92,-0.23,4.0,3.0,1
7928,2.0,2.0,34.0,2.9,-1.01,-0.91,4.0,3.0,0
7934,7.0,7.0,33.5,3.1,0.44,0.44,2.0,3.0,1
7936,7.0,8.0,39.0,3.4,0.56,0.56,3.0,4.0,1
7937,1.0,2.0,38.0,3.3,-1.19,-1.04,4.0,3.0,1
7940,5.0,6.0,32.0,3.2,-0.11,0.1,3.0,5.0,1
7941,3.0,2.0,30.0,3.1,-0.66,-1.0,3.0,2.0,0
7943,9.0,9.0,43.0,3.0,0.91,1.12,4.0,3.0,1
7944,6.0,5.0,28.0,3.2,0.07,-0.03,4.0,3.0,1
7945,2.0,2.0,39.0,3.0,-0.82,-0.95,4.0,4.0,1
7946,8.0,10.0,38.5,3.8,0.64,1.34,4.0,4.0,1
7947,10.0,10.0,38.0,3.4,1.9,2.21,4.0,3.0,1
7948,3.0,2.0,30.0,2.8,-0.55,-1.14,3.0,3.0,0
7951,2.0,1.0,43.0,3.4,-1.0,-1.44,3.0,6.0,1
7952,4.0,4.0,38.0,2.4,-0.3,-0.52,4.0,3.0,1
7958,7.0,8.0,35.0,3.1,0.5,0.65,3.0,5.0,1
7959,6.0,4.0,41.0,2.4,0.28,-0.31,3.0,3.0,1
7960,6.0,7.0,35.0,2.6,0.28,0.45,3.0,3.0,1
7961,2.0,2.0,33.0,2.9,-1.04,-1.0,5.0,2.0,0
7964,9.0,9.0,35.0,3.6,1.25,1.03,3.0,4.0,1
7965,2.0,1.0,31.0,3.3,-0.87,-1.6,3.0,3.0,1
7968,3.0,1.0,35.5,3.4,-0.54,-2.27,3.0,5.0,0
7969,4.0,4.0,46.0,3.7,-0.32,-0.31,4.0,5.0,1
7971,8.0,7.0,48.0,3.4,0.69,0.43,4.0,4.0,1
7974,8.0,5.0,45.0,3.0,0.64,-0.27,4.0,3.0,1
7976,8.0,5.0,41.0,2.9,0.73,-0.09,4.0,3.0,1
7978,7.0,5.0,37.0,3.1,0.57,-0.05,4.0,4.0,1
7980,9.0,9.0,40.0,3.2,0.88,1.29,4.0,5.0,1
7982,8.0,10.0,40.0,3.9,0.78,1.27,3.0,6.0,1
7983,4.0,5.0,39.0,3.6,-0.4,0.01,4.0,5.0,1
7984,1.0,1.0,42.0,3.0,-1.22,-1.8,3.0,4.0,1
7988,1.0,1.0,36.0,3.2,-1.21,-1.4,2.0,3.0,1
7993,4.0,5.0,37.0,3.0,-0.24,-0.08,4.0,5.0,1
7994,5.0,5.0,23.0,3.2,-0.1,-0.26,3.0,3.0,1
7995,5.0,6.0,42.0,3.7,0.04,0.1,3.0,5.0,1
7996,9.0,9.0,40.0,3.6,0.93,0.87,3.0,3.0,1
7998,8.0,8.0,46.0,3.4,0.7,0.68,4.0,4.0,1
7999,8.0,7.0,35.0,2.8,0.63,0.37,4.0,4.0,1
8000,1.0,1.0,28.0,2.5,-1.85,-1.51,3.0,5.0,0
8003,3.0,4.0,33.5,3.5,-0.44,-0.43,4.0,4.0,1
8004,4.0,4.0,21.0,2.6,-0.14,-0.43,3.0,1.0,0
8006,2.0,3.0,40.5,3.2,-0.79,-0.76,4.0,4.0,1
8007,3.0,3.0,39.0,3.4,-0.53,-0.87,3.0,4.0,1
8009,9.0,9.0,34.0,4.0,1.01,1.23,4.0,3.0,1
8011,5.0,6.0,30.0,3.2,-0.01,0.08,4.0,3.0,1
8014,2.0,2.0,37.0,2.5,-0.96,-0.9,2.0,3.0,1
8015,5.0,5.0,43.0,3.7,-0.1,-0.2,4.0,5.0,1
8016,5.0,6.0,41.0,3.5,-0.14,0.11,5.0,5.0,1
8023,6.0,3.0,38.0,3.4,0.1,-0.74,4.0,3.0,1
8025,6.0,7.0,33.0,3.0,0.21,0.27,4.0,3.0,1
8026,7.0,7.0,37.0,2.9,0.56,0.33,4.0,3.0,1
8027,1.0,1.0,28.5,2.6,-1.42,-1.83,3.0,3.0,1
8030,6.0,6.0,39.0,3.7,0.16,0.04,4.0,5.0,1
8032,2.0,1.0,36.0,2.7,-0.98,-2.13,4.0,4.0,1
8033,10.0,9.0,38.0,2.8,1.26,1.11,4.0,2.0,1
8034,3.0,2.0,35.0,3.1,-0.49,-0.9,4.0,3.0,0
8036,10.0,10.0,45.0,3.8,1.98,2.52,3.0,4.0,1
8037,10.0,8.0,41.0,2.8,1.51,0.82,4.0,3.0,1
8039,8.0,8.0,40.0,3.7,0.85,0.64,3.0,4.0,1
8041,7.0,8.0,42.0,3.6,0.38,0.68,4.0,6.0,1
8042,8.0,9.0,42.0,3.6,0.87,1.2,4.0,4.0,1
8043,1.0,2.0,19.5,3.1,-1.89,-1.13,3.0,3.0,1
8052,9.0,9.0,39.0,4.0,0.88,0.97,3.0,3.0,1
8055,4.0,4.0,43.0,3.5,-0.41,-0.46,5.0,4.0,1
8056,3.0,3.0,41.0,3.6,-0.67,-0.55,5.0,6.0,1
8057,5.0,6.0,32.0,3.3,0.04,0.14,1.0,3.0,1
8062,7.0,7.0,41.0,3.7,0.42,0.53,4.0,5.0,1
8063,8.0,8.0,44.0,3.7,0.65,0.77,3.0,4.0,1
8065,5.0,5.0,39.0,3.5,-0.01,-0.17,4.0,5.0,1
8066,3.0,4.0,36.0,3.6,-0.61,-0.44,3.0,4.0,1
8068,6.0,9.0,32.0,3.5,0.31,1.01,4.0,4.0,1
8069,3.0,5.0,34.0,3.8,-0.6,-0.06,3.0,4.0,1
8071,7.0,6.0,31.5,3.4,0.44,0.16,4.0,3.0,1
8073,2.0,4.0,38.0,2.8,-0.91,-0.37,4.0,3.0,1
8077,1.0,2.0,33.0,3.3,-1.4,-1.11,4.0,3.0,1
8080,4.0,5.0,41.0,3.7,-0.18,-0.17,5.0,3.0,1
8085,7.0,4.0,27.5,2.4,0.39,-0.52,4.0,3.0,1
8087,6.0,7.0,40.5,3.3,0.22,0.51,4.0,5.0,1
8091,5.0,6.0,44.0,2.8,-0.07,0.16,4.0,3.0,1
8093,3.0,5.0,34.0,3.1,-0.6,-0.21,4.0,3.0,1
8094,6.0,3.0,43.0,3.2,0.18,-0.82,3.0,4.0,1
8099,6.0,8.0,42.0,4.0,0.11,0.82,4.0,5.0,1
8102,10.0,10.0,41.0,3.0,2.18,1.97,3.0,2.0,1
8103,1.0,1.0,25.0,2.1,-2.54,-2.96,2.0,4.0,0
8105,6.0,7.0,32.0,3.4,0.23,0.41,2.0,1.0,1
8106,4.0,2.0,31.0,3.2,-0.3,-1.01,5.0,2.0,1
8108,1.0,2.0,36.0,3.2,-1.69,-0.99,3.0,3.0,1
8110,8.0,5.0,31.0,3.1,0.56,-0.17,3.0,2.0,1
8116,4.0,7.0,32.5,2.8,-0.28,0.32,3.0,3.0,0
8118,3.0,4.0,31.0,3.6,-0.45,-0.42,2.0,4.0,1
8124,4.0,4.0,42.0,3.2,-0.33,-0.45,4.0,3.0,1
8126,10.0,10.0,48.0,3.7,1.6,1.76,4.0,6.0,1
8128,5.0,5.0,39.0,3.5,-0.11,-0.12,2.0,4.0,0
8129,3.0,1.0,28.5,2.6,-0.64,-1.58,2.0,5.0,0
8133,8.0,6.0,36.0,2.6,0.74,0.11,3.0,2.0,1
8136,1.0,5.0,21.5,3.2,-1.32,-0.28,2.0,3.0,0
8137,4.0,7.0,42.0,2.7,-0.28,0.54,4.0,4.0,1
8139,4.0,6.0,38.0,3.2,-0.18,0.18,3.0,3.0,1
8140,3.0,3.0,34.5,3.8,-0.65,-0.83,3.0,5.0,1
8141,4.0,3.0,34.0,3.1,-0.24,-0.7,4.0,3.0,1
8142,4.0,4.0,34.0,2.9,-0.37,-0.32,2.0,3.0,1
8143,2.0,1.0,35.0,3.3,-0.94,-1.69,4.0,4.0,1
8149,7.0,9.0,36.0,3.8,0.44,0.91,3.0,3.0,1
8150,1.0,1.0,26.0,3.2,-1.23,-1.68,3.0,3.0,0
8153,7.0,9.0,43.0,2.5,0.43,0.98,3.0,3.0,1
8156,5.0,5.0,36.0,2.8,-0.03,-0.09,3.0,3.0,1
8157,2.0,4.0,39.0,2.6,-1.0,-0.34,4.0,4.0,1
8161,1.0,1.0,29.0,3.3,-1.13,-1.56,4.0,2.0,0
8165,7.0,6.0,33.0,2.5,0.56,0.21,3.0,3.0,1
8166,1.0,1.0,32.0,2.7,-1.77,-1.79,3.0,3.0,1
8169,6.0,5.0,41.0,2.9,0.1,-0.12,3.0,3.0,1
8170,6.0,5.0,35.0,3.1,0.13,-0.28,4.0,2.0,1
8174,2.0,2.0,39.0,3.1,-1.07,-1.28,2.0,6.0,1
8175,1.0,3.0,39.0,2.0,-1.16,-0.89,3.0,2.0,1
8182,3.0,4.0,39.0,3.0,-0.48,-0.37,4.0,3.0,1
8184,4.0,5.0,36.0,3.7,-0.42,-0.24,4.0,4.0,1
8186,6.0,6.0,34.0,3.8,0.17,0.03,2.0,4.0,1
8187,5.0,7.0,37.0,3.1,0.05,0.42,4.0,3.0,1
8192,7.0,7.0,34.0,3.5,0.55,0.49,3.0,3.0,1
8193,10.0,10.0,36.0,3.9,1.71,1.37,3.0,4.0,1
8194,2.0,1.0,45.0,2.7,-1.14,-1.35,3.0,5.0,0
8196,6.0,8.0,25.0,2.7,0.23,0.65,2.0,3.0,1
8197,7.0,7.0,42.0,3.3,0.51,0.34,2.0,4.0,1
8199,2.0,2.0,28.0,3.3,-1.04,-0.96,4.0,2.0,1
8200,10.0,10.0,40.0,2.7,1.62,1.38,4.0,5.0,1
8201,2.0,4.0,27.5,3.7,-0.92,-0.52,4.0,2.0,1
8204,7.0,6.0,39.0,2.5,0.36,0.05,2.0,6.0,1
8205,8.0,8.0,35.0,3.7,0.58,0.71,4.0,3.0,1
8209,3.0,5.0,34.0,3.4,-0.59,-0.28,3.0,2.0,1
8212,5.0,5.0,45.0,3.7,-0.07,-0.17,4.0,6.0,1
8213,9.0,9.0,28.0,3.6,1.07,1.17,4.0,2.0,1
8214,5.0,4.0,29.5,3.0,-0.1,-0.53,3.0,3.0,1
8216,5.0,5.0,35.0,3.0,0.02,-0.31,3.0,2.0,1
8219,6.0,9.0,39.0,3.5,0.12,1.08,4.0,3.0,1
8221,2.0,2.0,31.0,3.6,-0.94,-1.1,4.0,3.0,0
8223,9.0,8.0,33.0,3.5,1.21,0.8,3.0,4.0,1
8227,9.0,8.0,46.0,3.4,0.97,0.64,4.0,6.0,1
8228,9.0,8.0,41.0,3.1,1.04,0.65,4.0,4.0,1
8233,2.0,2.0,30.0,3.2,-0.92,-1.05,4.0,3.0,1
8235,7.0,8.0,39.0,3.3,0.55,0.8,4.0,3.0,1
8237,10.0,9.0,37.0,3.6,1.54,1.2,3.0,3.0,1
8239,6.0,7.0,33.0,3.5,0.27,0.39,4.0,3.0,1
8240,1.0,1.0,39.0,2.7,-1.23,-1.37,3.0,3.0,1
8242,6.0,8.0,39.0,3.1,0.07,0.61,3.0,3.0,1
8244,6.0,6.0,48.0,3.6,0.23,0.13,4.0,5.0,1
8248,10.0,10.0,38.0,2.9,1.31,1.43,2.0,2.0,1
8251,6.0,9.0,38.0,3.3,0.25,0.83,3.0,6.0,1
8253,4.0,5.0,31.0,3.1,-0.25,-0.22,3.0,2.0,1
8254,6.0,4.0,39.0,2.8,0.2,-0.5,3.0,3.0,1
8255,5.0,7.0,22.0,3.4,-0.03,0.4,2.0,2.0,1
8257,3.0,2.0,41.0,2.6,-0.58,-0.98,3.0,3.0,1
8259,3.0,4.0,34.0,4.0,-0.58,-0.45,3.0,4.0,1
8260,1.0,1.0,43.0,2.3,-1.33,-1.7,3.0,3.0,0
8261,3.0,3.0,29.0,2.1,-0.6,-0.68,3.0,3.0,1
8264,4.0,5.0,34.0,2.8,-0.35,-0.17,4.0,2.0,1
8265,4.0,3.0,39.0,3.0,-0.42,-0.81,3.0,3.0,1
8267,8.0,7.0,35.0,3.3,0.87,0.55,4.0,3.0,1
8270,6.0,4.0,35.0,3.3,0.14,-0.39,2.0,5.0,1
8271,5.0,5.0,38.5,3.2,-0.13,-0.06,4.0,5.0,1
8272,9.0,9.0,38.0,3.5,1.16,1.27,4.0,4.0,1
8273,3.0,5.0,41.0,3.7,-0.51,-0.02,3.0,5.0,1
8274,2.0,3.0,40.0,2.4,-0.81,-0.53,4.0,5.0,1
8275,7.0,5.0,37.0,3.3,0.44,-0.26,3.0,3.0,1
8276,9.0,8.0,40.0,3.9,0.91,0.81,3.0,4.0,1
8277,6.0,5.0,39.0,3.5,0.21,-0.04,3.0,4.0,1
8278,9.0,9.0,37.0,3.3,1.04,1.24,3.0,4.0,1
8279,3.0,4.0,35.0,3.8,-0.65,-0.32,4.0,4.0,1
8282,8.0,9.0,42.0,3.8,0.87,1.3,3.0,3.0,1
8284,8.0,6.0,35.0,3.6,0.66,0.01,2.0,3.0,1
8286,10.0,10.0,37.0,3.6,1.66,1.49,2.0,5.0,1
8291,4.0,3.0,48.0,3.4,-0.4,-0.54,4.0,6.0,1
8293,7.0,6.0,37.0,3.4,0.43,0.19,4.0,5.0,1
8297,7.0,4.0,37.0,2.6,0.36,-0.44,3.0,4.0,1
8298,4.0,5.0,42.0,3.6,-0.22,-0.2,4.0,6.0,1
8301,3.0,5.0,38.0,3.0,-0.6,-0.27,4.0,3.0,0
8305,10.0,10.0,36.0,2.9,1.41,1.96,4.0,3.0,1
8308,9.0,8.0,33.5,3.4,0.94,0.83,3.0,5.0,1
8309,1.0,1.0,39.0,3.3,-1.29,-2.61,3.0,4.0,0
8311,2.0,3.0,30.5,3.6,-0.82,-0.68,3.0,3.0,1
8312,2.0,4.0,42.0,3.7,-0.87,-0.38,3.0,5.0,1
8314,9.0,6.0,41.0,2.9,1.09,0.07,3.0,4.0,1
8316,4.0,6.0,35.5,2.3,-0.3,0.1,4.0,3.0,1
8320,8.0,7.0,40.0,2.9,0.64,0.36,3.0,3.0,1
8322,9.0,10.0,38.0,3.3,1.02,1.52,4.0,5.0,1
8323,2.0,2.0,38.0,3.1,-0.95,-1.06,2.0,3.0,1
8324,1.0,1.0,34.0,2.9,-1.44,-1.67,4.0,5.0,0
8326,4.0,3.0,30.0,3.1,-0.31,-0.85,4.0,3.0,1
8329,2.0,2.0,42.0,2.8,-0.92,-1.15,5.0,5.0,1
8330,3.0,4.0,38.0,3.1,-0.48,-0.47,5.0,6.0,1
8331,5.0,7.0,35.5,3.0,-0.14,0.26,4.0,5.0,1
8332,7.0,6.0,39.0,3.5,0.59,0.17,2.0,4.0,1
8333,5.0,5.0,40.0,3.0,-0.07,-0.06,3.0,4.0,1
8336,2.0,3.0,30.5,3.6,-0.94,-0.72,3.0,5.0,0
8342,5.0,4.0,36.0,2.8,-0.19,-0.47,2.0,5.0,1
8345,8.0,6.0,39.0,2.9,0.66,0.11,4.0,3.0,1
8347,5.0,4.0,31.0,3.3,0.01,-0.33,4.0,3.0,1
8349,2.0,1.0,34.0,3.8,-0.85,-1.39,3.0,4.0,1
8353,8.0,7.0,34.5,2.7,0.81,0.35,4.0,4.0,1
8354,5.0,6.0,30.0,3.5,-0.05,0.23,4.0,3.0,1
8355,6.0,6.0,37.0,3.2,0.26,0.04,3.0,4.0,1
8356,10.0,10.0,45.0,3.8,1.71,1.86,4.0,4.0,1
8359,10.0,10.0,35.0,3.5,1.48,1.56,2.0,3.0,1
8361,3.0,2.0,37.0,2.8,-0.48,-1.13,4.0,3.0,1
8362,10.0,10.0,37.0,3.5,1.35,1.5,3.0,4.0,1
8363,9.0,8.0,39.0,3.3,1.01,0.79,4.0,4.0,1
8365,10.0,6.0,47.0,3.1,1.5,0.19,4.0,6.0,1
8366,3.0,3.0,26.0,2.5,-0.5,-0.74,4.0,3.0,0
8367,9.0,8.0,41.0,2.6,0.96,0.61,3.0,4.0,1
8369,8.0,4.0,39.0,2.9,0.8,-0.31,5.0,3.0,1
8376,1.0,4.0,34.0,2.6,-1.09,-0.5,4.0,2.0,1
8383,6.0,6.0,40.0,3.4,0.09,0.04,4.0,4.0,1
8384,8.0,6.0,38.0,3.1,0.64,0.12,2.0,4.0,1
8387,7.0,9.0,39.0,3.4,0.52,1.0,4.0,3.0,1
8388,3.0,4.0,36.5,3.1,-0.42,-0.47,4.0,3.0,1
8389,7.0,6.0,42.0,3.7,0.4,0.21,4.0,5.0,1
8391,7.0,5.0,34.0,3.5,0.55,-0.21,3.0,3.0,1
8392,5.0,3.0,41.0,3.0,-0.07,-0.84,4.0,4.0,1
8393,9.0,10.0,30.0,3.2,1.27,1.67,5.0,4.0,1
8395,1.0,1.0,27.0,2.5,-1.39,-1.36,3.0,5.0,0
8396,6.0,7.0,36.0,3.5,0.3,0.38,2.0,3.0,1
8397,2.0,4.0,33.0,3.1,-0.71,-0.5,3.0,3.0,1
8399,2.0,2.0,36.0,3.5,-1.13,-1.31,4.0,4.0,1
8400,5.0,2.0,33.0,2.4,-0.14,-0.91,4.0,2.0,1
8401,2.0,1.0,31.0,3.0,-1.16,-1.71,1.0,5.0,1
8402,2.0,1.0,37.0,3.0,-0.8,-1.35,4.0,4.0,1
8405,8.0,9.0,36.5,3.0,0.62,0.94,4.0,3.0,1
8407,4.0,8.0,47.0,3.0,-0.18,0.83,3.0,4.0,1
8408,9.0,9.0,41.0,2.4,0.93,0.94,1.0,1.0,1
8411,7.0,6.0,36.0,2.6,0.38,0.09,5.0,5.0,1
8413,2.0,4.0,34.0,3.3,-0.98,-0.59,4.0,2.0,0
8421,3.0,3.0,45.0,3.5,-0.49,-0.53,4.0,6.0,1
8422,1.0,3.0,30.0,3.6,-1.21,-0.67,4.0,3.0,1
8423,5.0,4.0,36.0,3.6,0.05,-0.3,3.0,5.0,1
8424,10.0,10.0,39.0,3.2,1.87,2.4,4.0,4.0,1
8429,9.0,10.0,44.0,3.8,1.21,1.72,4.0,5.0,1
8430,8.0,6.0,38.0,3.2,0.69,0.23,4.0,3.0,1
8434,6.0,3.0,33.0,3.3,0.32,-0.55,3.0,4.0,1
8436,5.0,5.0,40.0,3.3,-0.03,-0.17,4.0,4.0,1
8437,5.0,3.0,39.0,2.3,-0.04,-0.55,3.0,4.0,0
8439,5.0,4.0,33.0,2.8,-0.12,-0.43,4.0,3.0,1
8441,4.0,4.0,31.5,3.3,-0.4,-0.39,3.0,3.0,1
8442,8.0,8.0,43.0,3.8,0.85,0.65,4.0,5.0,1
8446,7.0,7.0,36.0,3.1,0.37,0.37,4.0,5.0,1
8447,7.0,5.0,31.0,3.6,0.34,-0.05,3.0,3.0,1
8449,3.0,4.0,35.0,3.7,-0.64,-0.48,4.0,4.0,1
8450,6.0,7.0,39.0,3.2,0.28,0.46,4.0,4.0,1
8451,6.0,6.0,37.0,3.4,0.23,0.13,3.0,5.0,1
8452,5.0,5.0,34.0,3.3,0.02,-0.18,5.0,3.0,1
8453,10.0,10.0,42.0,3.7,1.83,2.28,4.0,5.0,1
8454,4.0,5.0,25.0,3.7,-0.42,-0.19,4.0,2.0,0
8455,1.0,3.0,36.0,3.5,-1.21,-0.72,2.0,1.0,1
8456,7.0,10.0,44.0,3.7,0.34,1.32,4.0,5.0,1
8458,8.0,7.0,35.0,3.1,0.68,0.4,4.0,3.0,1
8460,1.0,1.0,35.0,2.9,-1.13,-1.45,3.0,2.0,0
8464,9.0,9.0,38.0,3.4,1.25,0.97,4.0,4.0,1
8465,4.0,1.0,38.0,3.2,-0.3,-1.52,4.0,3.0,1
8468,10.0,10.0,39.0,2.5,2.22,2.17,4.0,3.0,1
8469,8.0,7.0,36.5,3.0,0.67,0.37,5.0,3.0,1
8471,5.0,7.0,40.0,3.5,-0.05,0.46,4.0,3.0,1
8473,9.0,9.0,43.0,2.6,0.91,1.2,3.0,3.0,1
8475,6.0,6.0,41.0,2.7,0.23,0.25,3.0,4.0,1
8476,6.0,5.0,37.0,3.8,0.26,-0.08,3.0,4.0,1
8479,9.0,8.0,30.0,3.3,1.11,0.75,3.0,2.0,1
8482,6.0,4.0,42.0,3.3,0.19,-0.46,3.0,4.0,1
8484,9.0,10.0,43.0,3.7,1.0,1.35,4.0,5.0,1
8485,3.0,3.0,41.0,2.9,-0.61,-0.78,4.0,4.0,1
8486,10.0,10.0,43.0,3.7,2.11,2.0,4.0,3.0,1
8488,9.0,7.0,41.0,3.9,1.2,0.41,4.0,5.0,1
8489,1.0,1.0,36.0,2.8,-1.52,-1.56,3.0,4.0,0
8490,3.0,3.0,42.0,3.3,-0.43,-0.69,4.0,3.0,1
8493,4.0,6.0,37.0,3.0,-0.35,0.15,2.0,3.0,1
8494,1.0,1.0,37.0,3.3,-1.95,-2.3,4.0,5.0,1
8496,7.0,7.0,44.0,3.4,0.4,0.44,2.0,4.0,1
8497,6.0,7.0,44.0,2.9,0.25,0.36,3.0,4.0,1
8500,9.0,10.0,41.0,3.6,1.22,1.32,4.0,5.0,1
8501,6.0,4.0,37.0,3.5,0.34,-0.34,5.0,6.0,1
8504,7.0,9.0,48.0,3.7,0.36,1.0,5.0,5.0,1
8505,1.0,1.0,41.0,3.2,-1.36,-1.32,2.0,3.0,1
8508,10.0,10.0,48.0,3.4,1.46,1.42,4.0,6.0,1
8509,8.0,9.0,36.0,3.4,0.77,1.15,1.0,4.0,1
8513,5.0,3.0,28.0,3.5,-0.13,-0.6,5.0,2.0,1
8515,10.0,10.0,40.0,2.7,1.61,1.61,3.0,4.0,1
8517,3.0,2.0,36.5,2.8,-0.66,-0.93,2.0,3.0,1
8518,8.0,8.0,37.0,3.3,0.66,0.87,2.0,4.0,1
8519,6.0,6.0,34.0,2.7,0.09,0.04,3.0,4.0,1
8521,9.0,7.0,40.0,3.4,1.0,0.49,5.0,5.0,1
8523,8.0,7.0,41.0,3.5,0.58,0.32,3.0,5.0,1
8524,6.0,3.0,32.0,3.0,0.07,-0.86,4.0,2.0,0
8529,2.0,2.0,39.0,3.3,-0.99,-1.06,3.0,3.0,0
8530,1.0,1.0,37.0,3.0,-1.3,-2.15,5.0,4.0,1
8533,6.0,4.0,33.0,3.0,0.14,-0.48,4.0,4.0,1
8534,3.0,2.0,29.5,2.7,-0.54,-1.27,3.0,4.0,0
8536,9.0,8.0,34.0,3.6,1.05,0.75,4.0,4.0,1
8537,7.0,8.0,41.0,3.3,0.32,0.64,4.0,3.0,1
8540,7.0,9.0,37.0,3.8,0.4,1.29,3.0,3.0,1
8542,6.0,8.0,40.0,3.3,0.24,0.62,3.0,4.0,1
8547,1.0,1.0,27.0,3.1,-1.68,-1.95,2.0,3.0,1
8549,6.0,7.0,45.0,3.6,0.23,0.5,4.0,5.0,1
8551,4.0,6.0,30.5,3.3,-0.25,0.18,4.0,3.0,1
8552,5.0,5.0,35.0,3.0,-0.09,-0.03,4.0,3.0,1
8555,3.0,3.0,44.0,2.9,-0.64,-0.81,4.0,3.0,1
8557,6.0,5.0,31.0,2.9,0.22,-0.27,4.0,2.0,1
8560,8.0,9.0,42.0,3.4,0.67,1.27,4.0,5.0,1
8561,3.0,2.0,32.0,2.6,-0.59,-0.96,5.0,3.0,1
8562,1.0,3.0,33.0,3.6,-1.33,-0.88,3.0,4.0,1
8563,6.0,7.0,35.0,4.0,0.33,0.47,3.0,4.0,1
8564,3.0,2.0,38.0,2.7,-0.56,-0.89,4.0,6.0,1
8565,1.0,2.0,36.0,3.2,-1.63,-0.96,3.0,3.0,1
8566,5.0,7.0,33.0,3.2,0.01,0.51,2.0,3.0,1
8568,2.0,3.0,40.0,3.1,-0.9,-0.58,4.0,6.0,1
8569,2.0,2.0,26.0,2.4,-0.91,-1.27,3.0,4.0,1
8571,9.0,9.0,36.0,3.0,1.16,1.11,3.0,3.0,1
8576,9.0,10.0,40.0,3.2,1.25,1.3,3.0,4.0,1
8578,6.0,7.0,43.0,3.3,0.21,0.45,5.0,4.0,1
8579,8.0,9.0,33.5,3.4,0.6,0.99,4.0,3.0,1
8582,1.0,1.0,36.0,2.6,-1.17,-1.57,4.0,5.0,1
8583,4.0,2.0,40.0,3.5,-0.34,-0.93,3.0,4.0,1
8584,7.0,8.0,35.0,3.4,0.54,0.6,5.0,4.0,1
8585,4.0,4.0,41.0,3.1,-0.29,-0.53,3.0,3.0,1
8587,9.0,10.0,33.0,3.3,1.09,1.46,3.0,3.0,1
8590,4.0,5.0,34.0,2.8,-0.36,-0.19,2.0,2.0,0
8593,6.0,5.0,37.0,3.3,0.24,-0.08,4.0,3.0,1
8594,6.0,5.0,44.0,3.6,0.17,0.02,4.0,5.0,1
8601,1.0,3.0,33.0,3.5,-1.15,-0.8,3.0,3.0,1
8604,1.0,1.0,26.5,2.8,-2.14,-1.4,2.0,4.0,0
8605,1.0,3.0,43.0,3.6,-1.43,-0.85,2.0,3.0,1
8607,1.0,2.0,35.0,3.0,-1.43,-1.03,4.0,4.0,0
8609,9.0,9.0,38.0,3.2,1.24,0.93,5.0,5.0,1
8611,2.0,6.0,35.0,3.3,-1.04,0.18,3.0,5.0,1
8621,8.0,9.0,31.0,3.2,0.58,0.99,4.0,3.0,1
8622,7.0,7.0,34.0,2.9,0.5,0.43,4.0,2.0,1
8623,3.0,6.0,34.0,2.8,-0.59,0.24,4.0,6.0,1
8625,10.0,10.0,32.0,3.2,1.65,1.65,3.0,3.0,1
8627,1.0,5.0,34.0,3.3,-1.24,-0.16,3.0,1.0,1
8630,7.0,1.0,32.5,2.4,0.61,-1.6,4.0,4.0,1
8631,7.0,9.0,41.0,3.7,0.47,0.88,2.0,4.0,1
8632,1.0,3.0,35.0,3.0,-1.59,-0.86,4.0,3.0,1
8634,9.0,7.0,38.0,3.8,0.9,0.28,5.0,5.0,1
8635,7.0,7.0,43.0,2.7,0.52,0.52,4.0,6.0,1
8636,4.0,5.0,40.0,2.8,-0.2,-0.11,4.0,3.0,1
8638,4.0,5.0,39.0,3.1,-0.39,-0.22,3.0,3.0,1
8639,3.0,3.0,26.5,2.8,-0.67,-0.69,2.0,5.0,1
8643,3.0,3.0,36.0,2.9,-0.61,-0.6,2.0,4.0,1
8644,6.0,5.0,36.0,2.6,0.22,-0.01,4.0,4.0,1
8646,6.0,3.0,41.0,3.8,0.07,-0.6,4.0,5.0,1
8648,6.0,10.0,26.5,3.0,0.12,1.33,3.0,2.0,1
8649,8.0,5.0,45.0,2.5,0.87,-0.11,5.0,4.0,1
8654,10.0,10.0,44.0,4.0,1.7,1.62,3.0,4.0,1
8656,7.0,8.0,34.0,2.9,0.33,0.59,4.0,3.0,1
8657,6.0,8.0,29.0,3.2,0.12,0.78,4.0,2.0,1
8661,3.0,5.0,37.0,3.5,-0.55,-0.16,3.0,4.0,1
8662,2.0,2.0,33.5,2.6,-1.07,-1.14,4.0,3.0,0
8664,6.0,7.0,35.0,3.4,0.05,0.39,4.0,2.0,1
8665,1.0,2.0,36.0,3.2,-2.01,-1.23,2.0,4.0,0
8667,7.0,4.0,38.0,3.7,0.35,-0.36,3.0,4.0,1
8669,8.0,9.0,33.0,3.5,0.66,0.91,2.0,3.0,1
8671,3.0,3.0,33.0,3.5,-0.54,-0.66,4.0,5.0,1
8672,10.0,9.0,31.0,3.2,1.3,0.97,5.0,2.0,1
8674,8.0,9.0,42.0,3.9,0.73,0.91,4.0,5.0,1
8675,9.0,9.0,41.0,3.7,1.1,0.98,4.0,3.0,1
8676,5.0,4.0,31.0,3.1,0.01,-0.53,3.0,3.0,1
8677,3.0,5.0,41.0,3.1,-0.55,-0.12,4.0,4.0,1
8679,7.0,8.0,45.0,3.2,0.42,0.77,2.0,6.0,1
8682,3.0,4.0,42.0,3.1,-0.48,-0.42,4.0,4.0,1
8687,7.0,7.0,40.0,2.9,0.56,0.34,4.0,4.0,1
8688,10.0,10.0,35.0,3.0,1.44,1.73,4.0,3.0,1
8689,9.0,9.0,35.5,3.6,1.21,1.28,4.0,4.0,1
8690,8.0,7.0,47.0,3.5,0.57,0.34,3.0,5.0,1
8691,7.0,6.0,41.0,3.9,0.51,0.09,4.0,6.0,1
8699,5.0,4.0,33.0,2.3,0.04,-0.55,4.0,2.0,0
8700,9.0,6.0,42.0,3.0,1.01,0.28,4.0,4.0,1
8701,7.0,9.0,42.0,3.8,0.51,1.12,4.0,6.0,1
8702,5.0,8.0,39.0,3.2,-0.11,0.68,3.0,3.0,1
8703,1.0,1.0,22.5,2.1,-2.16,-2.33,2.0,4.0,0
8704,8.0,5.0,34.0,3.0,0.6,-0.14,4.0,3.0,1
8707,2.0,2.0,31.0,3.5,-0.96,-0.95,3.0,4.0,1
8708,1.0,1.0,28.0,2.7,-1.31,-1.5,2.0,4.0,1
8709,4.0,5.0,29.0,3.4,-0.36,-0.11,4.0,2.0,1
8710,9.0,9.0,35.0,3.4,0.99,0.98,4.0,3.0,1
8711,7.0,7.0,32.0,3.2,0.43,0.27,4.0,2.0,1
8712,7.0,8.0,32.0,3.4,0.46,0.83,4.0,2.0,1
8713,10.0,10.0,45.0,2.9,2.06,1.84,4.0,5.0,1
8714,3.0,4.0,37.0,3.2,-0.64,-0.47,4.0,4.0,1
8715,2.0,3.0,38.0,3.0,-0.78,-0.7,3.0,4.0,1
8716,10.0,9.0,36.0,2.9,1.49,1.28,4.0,5.0,1
8719,1.0,1.0,36.0,2.7,-1.21,-1.41,3.0,4.0,0
8723,3.0,3.0,35.0,2.7,-0.67,-0.64,3.0,3.0,1
8724,6.0,7.0,41.0,3.3,0.26,0.39,4.0,3.0,1
8728,5.0,3.0,37.0,3.5,-0.01,-0.85,4.0,4.0,1
8731,7.0,8.0,34.5,3.1,0.56,0.6,2.0,3.0,1
8737,10.0,10.0,42.0,2.7,1.74,2.16,3.0,3.0,1
8739,6.0,3.0,31.0,2.7,0.3,-0.69,2.0,3.0,1
8740,5.0,4.0,31.0,3.1,0.08,-0.47,4.0,4.0,1
8741,2.0,3.0,33.0,3.1,-0.84,-0.64,4.0,3.0,1
8744,2.0,1.0,26.0,2.8,-1.07,-1.82,3.0,5.0,0
8747,5.0,4.0,24.5,3.0,-0.05,-0.48,3.0,2.0,0
8749,3.0,5.0,36.0,2.3,-0.47,-0.25,3.0,3.0,1
8750,6.0,5.0,31.0,2.9,0.14,-0.25,3.0,3.0,1
8752,4.0,2.0,32.0,2.5,-0.3,-1.0,4.0,2.0,1
8756,4.0,3.0,43.0,3.8,-0.26,-0.54,4.0,6.0,1
8760,1.0,1.0,28.0,3.0,-1.85,-2.15,4.0,4.0,1
8765,8.0,8.0,25.0,3.4,0.78,0.59,2.0,3.0,1
8766,3.0,3.0,30.0,2.9,-0.54,-0.63,2.0,3.0,1
8769,5.0,6.0,44.0,2.7,-0.14,0.19,3.0,3.0,1
8770,10.0,10.0,46.0,3.1,1.92,1.62,5.0,4.0,1
8771,5.0,6.0,38.0,2.5,-0.14,0.18,4.0,3.0,1
8777,10.0,10.0,35.0,3.4,2.05,2.25,2.0,2.0,1
8780,6.0,6.0,33.5,3.6,0.3,0.06,3.0,3.0,1
8781,5.0,5.0,37.0,3.8,0.01,-0.07,4.0,2.0,1
8782,1.0,1.0,33.0,3.2,-1.41,-1.81,4.0,3.0,0
8785,10.0,10.0,44.0,2.9,1.96,2.62,3.0,3.0,1
8786,9.0,5.0,34.0,3.7,0.93,-0.13,3.0,4.0,1
8789,8.0,9.0,41.0,3.5,0.6,0.86,4.0,5.0,1
8791,1.0,2.0,31.0,2.8,-1.31,-1.26,3.0,3.0,1
8792,4.0,6.0,37.0,3.1,-0.28,0.08,3.0,4.0,1
8800,4.0,4.0,39.0,3.4,-0.32,-0.38,3.0,3.0,1
8805,10.0,7.0,36.0,2.6,1.38,0.5,3.0,3.0,1
8806,2.0,1.0,28.0,3.1,-1.06,-1.48,2.0,4.0,1
8807,9.0,8.0,40.0,3.3,1.12,0.69,4.0,5.0,1
8809,2.0,1.0,34.0,2.9,-0.87,-1.51,3.0,3.0,0
8810,6.0,8.0,42.0,3.3,0.25,0.6,4.0,6.0,1
8811,4.0,4.0,39.0,3.8,-0.38,-0.47,5.0,4.0,1
8813,4.0,8.0,36.0,3.8,-0.19,0.72,3.0,4.0,1
8814,6.0,8.0,32.7,3.1,0.1,0.72,3.0,3.0,1
8817,2.0,2.0,40.0,2.9,-1.05,-0.89,4.0,5.0,1
8818,9.0,9.0,32.0,3.2,1.18,0.99,3.0,5.0,1
8820,5.0,7.0,36.5,3.6,0.01,0.32,5.0,3.0,1
8821,4.0,2.0,32.0,2.9,-0.42,-0.93,1.0,4.0,1
8822,6.0,5.0,36.0,3.5,0.2,-0.04,4.0,3.0,1
8824,4.0,1.0,38.0,3.3,-0.32,-1.71,4.0,4.0,0
8827,5.0,4.0,35.0,3.1,-0.08,-0.51,3.0,5.0,1
8831,7.0,9.0,35.0,2.5,0.53,0.92,4.0,3.0,1
8835,5.0,6.0,29.0,3.5,-0.17,0.07,4.0,3.0,1
8841,5.0,6.0,39.0,2.5,-0.1,0.04,4.0,3.0,1
8845,9.0,7.0,39.0,3.4,0.95,0.46,3.0,4.0,1
8848,8.0,8.0,38.0,3.5,0.8,0.69,4.0,5.0,1
8849,3.0,2.0,28.0,3.0,-0.43,-1.09,3.0,3.0,1
8850,10.0,9.0,41.0,3.4,1.36,1.02,4.0,4.0,1
8852,6.0,7.0,42.0,3.2,0.26,0.38,3.0,4.0,1
8855,5.0,6.0,40.7,3.1,0.08,0.03,4.0,4.0,1
8856,7.0,7.0,42.0,3.4,0.48,0.47,3.0,3.0,1
8858,4.0,2.0,40.0,3.8,-0.38,-0.86,3.0,5.0,1
8861,9.0,9.0,37.0,4.0,1.15,0.97,4.0,4.0,1
8863,9.0,8.0,37.0,3.7,0.99,0.61,3.0,4.0,1
8864,1.0,1.0,22.5,2.5,-1.35,-1.63,2.0,3.0,0
8866,5.0,8.0,43.0,3.0,0.03,0.63,4.0,4.0,1
8868,8.0,4.0,36.0,3.4,0.71,-0.27,4.0,4.0,0
8871,8.0,9.0,41.0,2.9,0.87,0.95,4.0,4.0,1
8873,8.0,8.0,42.0,3.3,0.81,0.65,3.0,4.0,1
8875,6.0,6.0,45.0,3.9,0.09,0.02,3.0,5.0,1
8876,1.0,2.0,33.0,3.1,-1.26,-1.06,2.0,3.0,0
8877,7.0,6.0,39.0,3.3,0.49,0.15,4.0,4.0,1
8879,10.0,8.0,45.0,2.7,1.42,0.61,4.0,3.0,1
8886,5.0,7.0,38.0,3.3,0.05,0.34,3.0,3.0,1
8890,7.0,7.0,35.0,3.3,0.48,0.5,3.0,3.0,1
8891,9.0,10.0,47.0,3.3,1.03,1.44,3.0,4.0,1
8892,6.0,5.0,28.0,2.5,0.29,-0.04,1.0,1.0,1
8893,2.0,2.0,28.5,3.5,-1.04,-1.3,2.0,3.0,1
8898,6.0,5.0,32.0,3.5,0.26,-0.01,4.0,4.0,1
8900,10.0,9.0,36.0,3.4,1.59,1.07,4.0,3.0,1
8901,7.0,9.0,47.0,3.6,0.39,0.9,4.0,4.0,1
8903,7.0,8.0,32.0,3.1,0.53,0.74,4.0,2.0,0
8904,9.0,8.0,39.0,3.5,1.13,0.84,4.0,3.0,1
8906,2.0,4.0,35.0,3.6,-0.99,-0.28,4.0,4.0,1
8909,3.0,3.0,38.0,3.0,-0.73,-0.79,4.0,4.0,1
8915,8.0,6.0,44.0,3.8,0.64,0.18,4.0,4.0,1
8917,7.0,7.0,31.0,3.3,0.36,0.4,4.0,2.0,1
8918,6.0,9.0,36.0,3.5,0.26,0.99,4.0,3.0,1
8921,8.0,9.0,45.0,3.7,0.85,0.86,5.0,6.0,1
8922,4.0,5.0,33.0,3.6,-0.34,-0.12,4.0,3.0,1
8923,2.0,2.0,44.0,2.7,-0.89,-0.97,4.0,4.0,1
8924,9.0,10.0,43.0,3.3,1.13,1.5,3.0,4.0,1
8933,3.0,3.0,39.0,3.4,-0.56,-0.7,2.0,3.0,1
8936,6.0,7.0,36.0,2.5,0.3,0.37,4.0,3.0,1
8938,5.0,4.0,42.0,3.2,-0.03,-0.3,4.0,4.0,1
8939,1.0,2.0,41.0,3.1,-1.16,-1.28,3.0,4.0,1
8940,7.0,6.0,36.0,3.1,0.37,0.13,3.0,3.0,1
8941,3.0,3.0,24.5,2.5,-0.37,-0.69,1.0,1.0,0
8943,3.0,4.0,25.0,2.6,-0.63,-0.39,4.0,4.0,1
8945,2.0,1.0,30.0,2.7,-0.73,-1.53,1.0,3.0,1
8951,7.0,6.0,44.0,3.9,0.55,0.18,3.0,6.0,1
8954,1.0,1.0,34.0,2.5,-1.38,-2.18,3.0,2.0,1
8955,7.0,5.0,32.0,3.5,0.35,-0.12,3.0,5.0,1
8957,10.0,10.0,44.0,3.6,2.0,1.47,4.0,5.0,1
8963,3.0,2.0,37.0,3.2,-0.57,-1.17,2.0,5.0,0
8964,7.0,6.0,39.0,2.8,0.34,0.17,3.0,4.0,1
8966,3.0,5.0,35.0,3.5,-0.71,-0.13,3.0,5.0,1
8967,5.0,4.0,35.5,3.4,-0.15,-0.27,3.0,4.0,1
8968,3.0,2.0,41.0,3.8,-0.47,-0.93,3.0,5.0,1
8969,6.0,6.0,30.0,2.8,0.2,0.14,4.0,3.0,1
8970,3.0,3.0,40.0,2.6,-0.44,-0.62,2.0,3.0,1
8972,6.0,6.0,31.0,3.4,0.19,0.03,3.0,2.0,1
8975,5.0,4.0,42.0,3.4,-0.12,-0.36,3.0,4.0,1
8978,1.0,1.0,29.5,3.1,-1.46,-1.68,3.0,3.0,0
8979,1.0,1.0,29.7,3.1,-1.17,-1.78,3.0,3.0,0
8980,7.0,9.0,42.0,3.9,0.5,1.1,4.0,5.0,1
8981,3.0,3.0,25.0,3.2,-0.64,-0.61,3.0,3.0,1
8983,2.0,2.0,33.0,2.5,-0.89,-1.3,3.0,3.0,1
8984,6.0,4.0,35.0,3.5,0.12,-0.38,4.0,3.0,1
8985,10.0,10.0,40.0,3.0,1.84,1.82,4.0,3.0,1
8991,2.0,5.0,48.0,3.8,-0.84,-0.06,5.0,6.0,1
8992,5.0,5.0,35.0,2.5,-0.04,-0.05,2.0,3.0,1
8993,1.0,1.0,33.0,3.0,-1.72,-2.04,3.0,4.0,0
8994,2.0,3.0,30.0,3.7,-0.82,-0.7,4.0,2.0,0
8996,2.0,1.0,43.0,2.6,-1.06,-1.44,4.0,5.0,1
9001,10.0,5.0,36.0,3.1,1.33,-0.17,3.0,2.0,1
9004,5.0,4.0,42.0,3.2,-0.18,-0.38,3.0,5.0,1
9006,5.0,4.0,42.0,3.2,-0.11,-0.46,3.0,4.0,1
9007,5.0,3.0,35.0,2.9,-0.07,-0.58,4.0,3.0,1
9009,6.0,7.0,36.5,3.2,0.25,0.44,3.0,4.0,1
9010,1.0,1.0,31.0,2.7,-1.79,-1.77,3.0,3.0,0
9012,10.0,10.0,27.0,2.7,1.41,1.44,5.0,4.0,1
9015,3.0,4.0,40.0,3.7,-0.43,-0.35,4.0,3.0,1
9016,6.0,6.0,41.0,3.8,0.12,0.04,4.0,6.0,1
9018,8.0,9.0,34.0,3.0,0.74,0.95,5.0,3.0,1
9028,5.0,3.0,42.0,3.7,0.01,-0.74,3.0,4.0,1
9029,2.0,2.0,27.0,3.2,-0.94,-0.96,1.0,2.0,1
9031,6.0,2.0,36.0,3.2,0.26,-1.0,5.0,3.0,1
9032,9.0,10.0,35.0,3.9,1.09,1.41,2.0,4.0,1
9033,10.0,10.0,40.0,3.6,1.57,1.84,3.0,3.0,1
9035,5.0,7.0,37.0,3.4,0.06,0.53,2.0,4.0,1
9037,2.0,2.0,42.0,3.1,-1.05,-1.15,3.0,4.0,1
9038,10.0,9.0,37.0,3.1,1.37,1.07,4.0,5.0,1
9040,4.0,5.0,44.0,3.5,-0.26,-0.09,3.0,5.0,1
9041,6.0,5.0,37.0,3.7,0.25,-0.14,3.0,4.0,1
9043,1.0,1.0,39.0,2.5,-1.63,-2.44,5.0,3.0,1
9044,5.0,6.0,34.0,3.7,0.02,0.17,4.0,4.0,1
9048,6.0,4.0,40.0,3.2,0.22,-0.34,4.0,4.0,1
9051,9.0,9.0,37.0,3.4,1.22,1.22,3.0,4.0,1
9056,1.0,2.0,26.0,3.6,-1.15,-1.0,3.0,3.0,0
9057,4.0,4.0,44.0,3.5,-0.2,-0.46,4.0,4.0,1
9058,7.0,6.0,34.0,2.5,0.3,0.01,4.0,2.0,1
9064,7.0,8.0,33.0,3.2,0.45,0.56,4.0,3.0,1
9068,8.0,9.0,40.0,2.6,0.73,0.95,3.0,4.0,1
9069,4.0,4.0,26.0,2.6,-0.28,-0.34,3.0,4.0,1
9070,5.0,6.0,44.0,3.8,-0.01,0.18,3.0,6.0,1
9071,5.0,7.0,36.0,2.9,-0.05,0.35,3.0,3.0,1
9072,1.0,3.0,37.0,3.3,-1.45,-0.8,3.0,3.0,1
9074,7.0,8.0,29.0,3.7,0.54,0.84,3.0,2.0,1
9075,4.0,4.0,39.0,2.8,-0.19,-0.48,4.0,3.0,0
9076,4.0,8.0,31.0,3.5,-0.41,0.69,4.0,2.0,1
9078,4.0,4.0,43.0,2.7,-0.46,-0.49,3.0,6.0,1
9081,10.0,10.0,31.5,3.5,2.1,2.01,3.0,3.0,1
9082,5.0,9.0,38.0,3.6,0.08,0.88,4.0,4.0,1
9083,3.0,6.0,40.0,3.7,-0.6,0.18,4.0,5.0,1
9084,6.0,6.0,38.0,3.6,0.29,0.1,4.0,3.0,1
9089,5.0,10.0,35.0,3.6,0.01,1.42,3.0,4.0,1
9091,2.0,3.0,43.0,3.8,-0.84,-0.59,2.0,6.0,1
9093,8.0,7.0,38.0,3.7,0.61,0.27,2.0,2.0,1
9094,9.0,9.0,42.5,3.7,1.02,1.22,4.0,5.0,1
9095,7.0,6.0,36.5,3.5,0.47,0.2,3.0,4.0,1
9098,3.0,1.0,36.0,3.3,-0.83,-1.82,3.0,6.0,0
9104,5.0,7.0,45.0,3.1,-0.09,0.5,3.0,4.0,1
9105,3.0,7.0,37.0,3.2,-0.48,0.38,3.0,5.0,0
9108,8.0,8.0,33.5,2.5,0.75,0.66,4.0,3.0,1
9109,8.0,10.0,37.0,3.1,0.75,1.54,4.0,2.0,1
9110,9.0,8.0,44.0,3.0,0.99,0.65,4.0,4.0,1
9112,3.0,3.0,35.0,3.2,-0.5,-0.86,4.0,4.0,0
9114,4.0,4.0,41.0,2.5,-0.26,-0.47,4.0,4.0,1
9115,9.0,9.0,37.0,3.5,1.07,0.94,4.0,5.0,1
9116,6.0,6.0,26.7,3.2,0.2,0.0,4.0,3.0,1
9124,8.0,9.0,36.0,3.7,0.78,0.88,4.0,4.0,1
9127,7.0,2.0,48.0,2.2,0.41,-0.98,5.0,4.0,0
9128,10.0,9.0,42.0,3.8,1.59,1.15,4.0,6.0,1
9130,2.0,1.0,35.0,2.7,-0.96,-1.3,3.0,2.0,0
9134,4.0,4.0,27.0,3.0,-0.21,-0.36,4.0,3.0,1
9136,4.0,2.0,28.0,3.4,-0.29,-0.95,1.0,3.0,1
9139,3.0,5.0,35.0,3.8,-0.7,-0.21,3.0,5.0,1
9142,4.0,5.0,35.0,3.4,-0.28,-0.08,3.0,3.0,1
9143,7.0,4.0,34.0,3.2,0.48,-0.45,3.0,3.0,1
9145,8.0,8.0,43.0,3.5,0.64,0.58,4.0,4.0,1
9147,9.0,9.0,41.0,3.3,1.18,1.3,4.0,2.0,1
9149,6.0,7.0,39.5,3.7,0.2,0.3,3.0,4.0,1
9150,8.0,9.0,38.0,3.9,0.6,1.13,2.0,5.0,1
9162,2.0,2.0,35.0,3.5,-0.83,-1.25,4.0,5.0,0
9163,10.0,10.0,39.0,2.6,1.42,1.59,4.0,3.0,1
9166,10.0,10.0,45.0,3.9,1.85,2.36,4.0,3.0,1
9174,5.0,6.0,48.0,3.7,-0.04,0.17,4.0,6.0,1
9177,10.0,9.0,39.5,3.2,1.37,1.24,4.0,4.0,1
9185,6.0,7.0,36.0,3.4,0.12,0.42,3.0,5.0,1
9189,10.0,9.0,40.0,3.7,1.31,1.17,3.0,4.0,1
9193,3.0,2.0,45.0,3.9,-0.69,-1.05,3.0,5.0,1
9194,7.0,7.0,43.0,3.0,0.39,0.26,3.0,2.0,1
9195,9.0,9.0,43.0,3.5,1.1,1.14,4.0,4.0,1
9197,7.0,4.0,36.0,3.0,0.4,-0.52,4.0,3.0,1
9200,10.0,10.0,35.0,3.8,1.55,2.0,4.0,6.0,1
9201,10.0,10.0,43.0,3.4,2.11,1.8,3.0,5.0,1
9203,4.0,5.0,35.0,3.0,-0.38,-0.27,5.0,2.0,1
9204,8.0,8.0,43.0,3.5,0.67,0.61,4.0,5.0,1
9206,2.0,1.0,30.5,2.4,-0.92,-1.68,4.0,3.0,0
9207,10.0,5.0,32.0,3.6,2.15,0.0,3.0,4.0,1
9209,5.0,8.0,31.0,3.0,0.0,0.81,4.0,3.0,1
9211,6.0,4.0,39.0,3.4,0.16,-0.35,3.0,5.0,1
9217,4.0,4.0,44.0,3.4,-0.4,-0.46,2.0,4.0,1
9219,7.0,7.0,47.0,3.8,0.6,0.48,2.0,6.0,1
9221,2.0,2.0,39.0,3.1,-0.91,-1.15,4.0,5.0,1
9222,5.0,5.0,48.0,3.9,-0.03,0.0,4.0,5.0,1
9226,9.0,10.0,35.0,3.8,1.24,1.52,3.0,4.0,1
9227,8.0,4.0,34.0,3.3,0.75,-0.4,4.0,3.0,1
9230,1.0,1.0,27.0,3.7,-1.17,-2.06,3.0,4.0,1
9235,2.0,2.0,37.0,3.4,-0.94,-1.09,3.0,6.0,0
9236,9.0,10.0,37.0,3.8,1.08,1.95,4.0,3.0,1
9237,10.0,9.0,48.0,3.8,1.36,1.07,4.0,5.0,1
9239,1.0,1.0,20.0,3.2,-1.87,-2.77,4.0,3.0,0
9240,5.0,6.0,36.0,2.5,-0.05,0.02,4.0,2.0,0
9241,8.0,10.0,44.0,3.1,0.93,1.3,3.0,6.0,1
9242,8.0,6.0,38.0,3.0,0.7,0.05,4.0,3.0,1
9243,6.0,6.0,37.5,3.2,0.16,0.02,4.0,4.0,1
9247,9.0,7.0,42.0,3.5,0.89,0.45,1.0,3.0,1
9252,5.0,5.0,41.0,3.1,-0.05,-0.17,4.0,4.0,1
9254,8.0,8.0,42.0,3.1,0.77,0.77,3.0,4.0,1
9255,10.0,10.0,36.0,3.4,1.66,1.41,4.0,3.0,1
9256,1.0,2.0,28.0,2.7,-1.3,-1.31,3.0,4.0,1
9257,3.0,3.0,46.0,3.5,-0.52,-0.7,3.0,6.0,1
9264,5.0,6.0,40.0,3.6,-0.16,0.17,3.0,4.0,1
9266,5.0,7.0,39.0,3.5,0.06,0.54,4.0,4.0,1
9269,4.0,2.0,33.0,2.7,-0.33,-0.99,5.0,5.0,1
9270,3.0,4.0,32.0,3.4,-0.49,-0.45,1.0,5.0,1
9273,2.0,3.0,34.0,3.4,-0.74,-0.54,3.0,4.0,1
9277,2.0,1.0,34.5,3.5,-1.09,-1.36,3.0,5.0,0
9278,8.0,6.0,43.0,3.7,0.77,0.11,3.0,6.0,1
9279,2.0,1.0,39.0,2.7,-0.84,-1.35,4.0,3.0,0
9280,3.0,3.0,24.0,3.5,-0.51,-0.78,2.0,4.0,0
9282,5.0,5.0,26.0,3.5,-0.07,-0.02,3.0,5.0,1
9287,6.0,5.0,38.0,3.4,0.23,-0.04,3.0,4.0,1
9289,8.0,9.0,45.0,2.8,0.76,1.07,3.0,3.0,1
9293,1.0,2.0,28.0,3.7,-1.28,-1.02,2.0,4.0,0
9295,3.0,3.0,44.0,4.0,-0.67,-0.82,5.0,6.0,1
9298,6.0,7.0,40.0,3.6,0.29,0.47,4.0,4.0,1
9301,8.0,7.0,30.5,3.6,0.65,0.44,3.0,3.0,1
9302,10.0,10.0,39.0,2.8,1.82,2.38,2.0,5.0,1
9305,5.0,4.0,32.0,3.8,-0.14,-0.32,4.0,3.0,1
9306,6.0,7.0,33.0,3.0,0.07,0.32,3.0,3.0,1
9307,10.0,10.0,36.0,3.2,1.4,1.32,3.0,3.0,1
9310,9.0,9.0,39.0,2.9,0.92,1.23,4.0,4.0,1
9311,6.0,5.0,28.0,3.2,0.1,-0.27,3.0,2.0,1
9312,10.0,10.0,36.0,3.1,2.01,1.43,4.0,5.0,1
9313,9.0,9.0,41.0,2.7,0.89,0.99,4.0,3.0,1
9314,5.0,5.0,34.0,3.8,-0.01,-0.21,2.0,4.0,1
9315,9.0,10.0,44.0,3.0,1.1,1.39,1.0,3.0,1
9320,7.0,6.0,43.0,3.4,0.54,0.22,4.0,6.0,1
9321,9.0,7.0,46.0,2.9,1.02,0.3,4.0,3.0,1
9323,2.0,3.0,34.5,2.7,-0.76,-0.75,4.0,2.0,1
9329,7.0,6.0,40.0,3.3,0.58,0.14,4.0,6.0,1
9330,10.0,10.0,41.0,2.5,1.54,1.45,4.0,5.0,1
9333,8.0,8.0,31.0,2.9,0.59,0.73,5.0,2.0,1
9339,4.0,6.0,35.5,3.3,-0.37,0.21,3.0,3.0,1
9341,9.0,9.0,38.0,3.5,1.04,1.09,4.0,4.0,1
9342,4.0,6.0,35.0,3.9,-0.29,0.17,4.0,4.0,1
9343,9.0,5.0,39.0,3.1,1.04,-0.03,4.0,4.0,1
9349,4.0,5.0,37.0,3.2,-0.32,-0.15,4.0,3.0,1
9350,10.0,10.0,41.0,3.0,1.66,1.55,3.0,3.0,1
9352,2.0,4.0,40.0,3.7,-0.88,-0.51,3.0,4.0,1
9353,9.0,10.0,45.0,3.4,0.96,1.41,5.0,5.0,1
9354,3.0,4.0,33.0,3.5,-0.43,-0.28,4.0,4.0,1
9355,4.0,5.0,33.0,3.9,-0.42,0.01,3.0,4.0,1
9356,7.0,9.0,34.0,3.1,0.49,0.87,4.0,2.0,1
9357,6.0,7.0,30.5,3.5,0.27,0.36,3.0,3.0,1
9359,3.0,3.0,37.0,2.9,-0.61,-0.64,4.0,5.0,1
9360,7.0,8.0,29.0,2.4,0.49,0.55,3.0,1.0,1
9363,6.0,5.0,32.0,2.9,0.07,-0.08,2.0,2.0,1
9364,6.0,7.0,34.0,3.2,0.15,0.28,2.0,3.0,1
9367,10.0,10.0,42.0,3.3,1.59,1.67,5.0,4.0,1
9370,2.0,2.0,42.0,3.1,-1.06,-1.01,4.0,3.0,1
9372,8.0,10.0,44.0,2.5,0.84,2.36,4.0,5.0,1
9377,9.0,7.0,39.0,3.2,1.02,0.55,5.0,3.0,1
9378,10.0,10.0,42.0,4.0,1.7,1.86,3.0,4.0,1
9380,10.0,10.0,31.0,3.9,1.37,1.53,4.0,3.0,1
9383,3.0,2.0,28.0,2.3,-0.54,-1.05,4.0,4.0,1
9384,1.0,2.0,32.0,3.0,-1.12,-1.29,3.0,3.0,0
9385,9.0,9.0,34.0,3.3,1.13,0.88,4.0,3.0,1
9389,3.0,3.0,34.0,2.8,-0.69,-0.79,4.0,4.0,1
9390,9.0,8.0,41.0,3.5,1.11,0.79,4.0,4.0,1
9393,3.0,5.0,43.5,3.8,-0.69,-0.17,4.0,5.0,1
9397,8.0,6.0,40.0,3.7,0.76,0.19,4.0,4.0,1
9400,5.0,6.0,31.0,3.1,-0.1,0.19,4.0,2.0,1
9403,7.0,9.0,38.0,3.8,0.6,0.97,3.0,4.0,1
9413,6.0,6.0,42.0,3.8,0.16,0.23,4.0,5.0,1
9414,3.0,4.0,24.0,3.1,-0.66,-0.46,4.0,3.0,1
9420,7.0,6.0,40.0,2.1,0.48,0.15,2.0,3.0,1
9421,10.0,10.0,39.0,3.6,1.35,1.54,3.0,4.0,1
9422,6.0,6.0,37.0,3.6,0.18,0.17,4.0,5.0,1
9423,9.0,8.0,37.0,3.8,0.99,0.68,3.0,3.0,1
9428,9.0,9.0,41.0,3.6,1.11,1.13,4.0,4.0,1
9429,7.0,7.0,38.0,2.8,0.52,0.38,3.0,3.0,1
9430,1.0,5.0,38.0,3.0,-1.64,-0.27,3.0,3.0,1
9431,7.0,7.0,33.0,3.3,0.5,0.48,3.0,2.0,1
9433,9.0,10.0,36.0,3.1,1.02,1.59,3.0,5.0,1
9434,5.0,7.0,43.0,3.4,-0.06,0.44,3.0,5.0,1
9436,10.0,9.0,38.0,3.3,1.45,1.27,4.0,5.0,1
9437,9.0,8.0,31.0,2.9,1.0,0.68,4.0,2.0,1
9438,4.0,7.0,42.0,3.2,-0.22,0.29,5.0,3.0,1
9440,5.0,4.0,48.0,3.9,0.06,-0.4,5.0,6.0,1
9442,3.0,3.0,39.0,3.2,-0.66,-0.68,3.0,4.0,1
9443,8.0,7.0,33.0,2.8,0.83,0.38,4.0,2.0,1
9444,5.0,5.0,36.0,3.6,-0.02,-0.1,3.0,3.0,1
9447,6.0,5.0,32.0,2.8,0.22,-0.25,4.0,3.0,1
9448,3.0,2.0,34.0,3.4,-0.71,-1.19,4.0,4.0,1
9454,6.0,7.0,39.0,3.1,0.22,0.32,3.0,3.0,1
9455,10.0,10.0,41.0,2.8,1.43,1.34,3.0,4.0,1
9457,10.0,8.0,34.5,3.2,1.3,0.85,3.0,3.0,1
9459,10.0,10.0,37.0,3.0,1.72,2.2,3.0,3.0,1
9463,6.0,4.0,34.0,3.1,0.27,-0.29,2.0,3.0,1
9464,3.0,5.0,42.0,2.0,-0.47,-0.15,4.0,3.0,1
9469,9.0,8.0,41.5,3.4,0.99,0.87,2.0,4.0,1
9470,2.0,3.0,31.0,2.4,-0.72,-0.57,3.0,3.0,0
9472,3.0,2.0,31.0,3.9,-0.55,-0.88,3.0,5.0,1
9473,2.0,2.0,37.0,3.3,-0.74,-1.05,3.0,4.0,0
9476,3.0,4.0,41.0,2.7,-0.56,-0.4,4.0,3.0,1
9479,10.0,10.0,42.0,3.2,1.43,1.53,5.0,3.0,1
9480,7.0,7.0,44.0,3.3,0.34,0.44,4.0,4.0,1
9481,10.0,9.0,42.0,3.6,1.37,1.2,5.0,5.0,1
9483,6.0,6.0,35.0,3.1,0.31,0.18,4.0,3.0,1
9488,7.0,6.0,41.0,3.8,0.38,0.11,5.0,5.0,1
9491,6.0,7.0,38.0,3.3,0.3,0.31,3.0,3.0,1
9493,10.0,10.0,44.0,3.9,1.71,1.95,3.0,4.0,1
9497,10.0,10.0,39.0,3.9,2.43,2.15,3.0,3.0,1
9498,2.0,3.0,40.0,2.9,-0.99,-0.57,4.0,3.0,1
9500,6.0,5.0,31.0,4.0,0.08,-0.17,4.0,5.0,1
9504,9.0,9.0,35.0,3.1,1.22,0.98,4.0,3.0,1
9506,8.0,7.0,37.0,3.4,0.85,0.32,3.0,4.0,1
9507,3.0,2.0,40.0,3.2,-0.56,-1.03,3.0,3.0,1
9518,9.0,10.0,37.0,3.3,1.0,1.67,4.0,5.0,1
9519,4.0,9.0,36.0,3.3,-0.19,1.09,3.0,3.0,1
9522,9.0,8.0,36.0,3.7,0.92,0.63,4.0,4.0,1
9524,3.0,2.0,31.0,3.1,-0.61,-0.97,3.0,4.0,1
9527,10.0,10.0,39.0,3.2,1.39,1.34,4.0,4.0,1
9529,2.0,2.0,35.0,2.8,-1.1,-1.29,3.0,3.0,0
9530,4.0,6.0,36.0,3.1,-0.33,0.12,3.0,4.0,1
9531,4.0,2.0,35.0,3.5,-0.3,-1.0,4.0,6.0,1
9532,7.0,6.0,37.0,3.1,0.49,0.23,5.0,3.0,1
9536,9.0,9.0,43.0,3.6,1.05,1.11,3.0,4.0,1
9537,2.0,1.0,30.0,2.3,-0.95,-1.38,1.0,5.0,0
9540,8.0,2.0,37.0,2.0,0.7,-0.97,4.0,3.0,1
9543,2.0,2.0,31.0,3.0,-0.85,-1.01,4.0,2.0,1
9545,2.0,3.0,33.5,2.9,-0.86,-0.64,4.0,4.0,1
9546,6.0,6.0,48.0,3.1,0.25,0.23,4.0,6.0,1
9547,2.0,3.0,37.0,2.9,-0.81,-0.65,4.0,5.0,1
9550,8.0,5.0,34.0,3.7,0.62,-0.04,3.0,3.0,1
9551,2.0,4.0,40.0,3.3,-0.73,-0.48,2.0,4.0,1
9553,5.0,5.0,35.0,3.4,-0.14,-0.22,2.0,4.0,1
9555,1.0,2.0,39.0,3.6,-1.33,-1.23,3.0,6.0,0
9563,6.0,7.0,37.0,3.2,0.17,0.52,3.0,3.0,1
9564,8.0,7.0,33.5,3.4,0.69,0.35,3.0,3.0,1
9566,8.0,8.0,42.0,3.7,0.82,0.79,5.0,6.0,1
9567,7.0,7.0,36.0,3.1,0.47,0.53,4.0,3.0,1
9568,6.0,7.0,34.5,3.4,0.09,0.33,4.0,3.0,1
9572,1.0,1.0,20.0,2.4,-1.14,-1.51,4.0,1.0,0
9580,3.0,6.0,40.0,3.2,-0.72,0.09,4.0,4.0,1
9581,5.0,5.0,35.0,3.6,-0.13,-0.22,4.0,6.0,1
9582,10.0,10.0,42.0,3.5,1.85,2.09,4.0,5.0,1
9583,10.0,10.0,42.0,3.1,2.15,1.92,5.0,5.0,1
9584,1.0,3.0,31.0,3.4,-1.27,-0.88,3.0,3.0,1
9587,2.0,1.0,29.0,2.6,-0.86,-1.66,3.0,3.0,1
9590,10.0,10.0,40.0,3.4,1.85,1.52,4.0,3.0,1
9592,6.0,7.0,35.0,3.6,0.12,0.45,4.0,5.0,1
9594,8.0,9.0,42.0,3.9,0.74,0.95,3.0,4.0,1
9595,1.0,1.0,36.0,2.5,-1.5,-1.84,4.0,3.0,0
9598,10.0,10.0,40.0,3.5,1.33,1.87,5.0,3.0,1
9601,9.0,10.0,38.0,3.6,1.28,1.47,4.0,4.0,1
9602,5.0,5.0,36.0,3.4,-0.07,-0.15,3.0,3.0,1
9604,3.0,4.0,42.0,2.9,-0.69,-0.39,3.0,4.0,1
9607,8.0,8.0,34.0,3.7,0.8,0.6,3.0,5.0,1
9608,2.0,1.0,32.7,3.4,-1.0,-1.45,4.0,5.0,0
9614,3.0,1.0,35.0,3.0,-0.69,-1.5,3.0,5.0,1
9616,6.0,6.0,37.0,3.8,0.32,0.24,3.0,6.0,1
9617,6.0,7.0,35.0,3.5,0.2,0.36,4.0,3.0,1
9618,9.0,9.0,40.0,3.0,0.94,1.04,2.0,5.0,1
9621,10.0,5.0,37.0,2.8,1.32,-0.12,4.0,4.0,0
9622,8.0,9.0,40.0,3.7,0.68,1.17,4.0,1.0,1
9626,10.0,9.0,36.0,2.9,1.32,1.07,2.0,5.0,1
9632,9.0,7.0,33.5,2.9,1.12,0.45,2.0,5.0,1
9637,1.0,3.0,39.0,3.4,-1.5,-0.66,5.0,3.0,1
9639,1.0,1.0,33.0,3.2,-1.25,-1.46,3.0,3.0,1
9640,2.0,2.0,43.0,3.3,-0.8,-0.88,3.0,5.0,1
9641,2.0,3.0,35.0,2.8,-0.84,-0.77,4.0,3.0,1
9643,3.0,5.0,38.0,3.7,-0.64,-0.02,3.0,4.0,1
9646,9.0,9.0,35.0,3.4,0.98,1.21,3.0,4.0,1
9647,5.0,4.0,44.0,3.6,-0.06,-0.32,2.0,5.0,1
9648,1.0,1.0,27.0,3.7,-1.72,-1.54,4.0,2.0,1
9649,9.0,10.0,46.0,3.9,1.14,1.44,4.0,6.0,1
9650,3.0,4.0,29.0,3.6,-0.58,-0.45,4.0,1.0,0
9653,10.0,10.0,42.0,3.2,1.5,1.57,2.0,3.0,1
9654,5.0,6.0,27.0,3.7,-0.1,0.01,3.0,2.0,1
9655,3.0,3.0,34.0,3.7,-0.45,-0.73,4.0,3.0,1
9658,2.0,1.0,40.0,3.7,-1.05,-1.46,4.0,5.0,0
9659,2.0,2.0,31.0,3.1,-0.91,-1.25,2.0,3.0,1
9660,4.0,3.0,31.0,3.1,-0.19,-0.83,4.0,3.0,1
9664,6.0,7.0,34.0,3.3,0.12,0.34,4.0,3.0,1
9666,8.0,7.0,33.5,3.5,0.74,0.49,1.0,4.0,1
9667,7.0,7.0,47.0,3.9,0.52,0.52,4.0,6.0,1
9669,3.0,2.0,36.0,3.2,-0.64,-0.99,4.0,3.0,1
9672,4.0,2.0,40.0,4.0,-0.43,-0.91,3.0,5.0,1
9675,10.0,9.0,41.0,3.0,1.28,1.05,3.0,2.0,1
9676,8.0,8.0,42.0,3.5,0.71,0.73,4.0,5.0,1
9677,6.0,4.0,32.7,3.5,0.28,-0.32,3.0,3.0,1
9679,6.0,3.0,42.0,3.3,0.12,-0.66,3.0,3.0,0
9681,8.0,9.0,37.0,3.3,0.84,0.99,3.0,3.0,1
9686,2.0,3.0,39.5,2.9,-0.91,-0.67,2.0,5.0,1
9688,10.0,10.0,44.0,3.1,1.3,1.32,5.0,3.0,1
9690,10.0,10.0,37.0,2.9,1.42,1.82,4.0,3.0,1
9691,10.0,9.0,39.0,3.9,1.42,1.22,3.0,5.0,1
9692,10.0,10.0,34.5,3.5,1.89,1.7,3.0,4.0,1
9693,4.0,3.0,34.0,2.7,-0.24,-0.64,3.0,2.0,1
9695,4.0,2.0,43.0,3.0,-0.4,-1.12,3.0,4.0,1
9696,1.0,1.0,31.3,3.0,-2.13,-2.21,3.0,3.0,1
9701,10.0,10.0,38.0,3.6,2.26,2.18,4.0,2.0,1
9706,6.0,7.0,38.0,2.7,0.33,0.41,3.0,4.0,1
9711,7.0,5.0,34.0,2.7,0.51,-0.12,3.0,4.0,1
9713,2.0,3.0,41.0,3.6,-0.84,-0.62,4.0,6.0,1
9716,5.0,5.0,34.0,3.6,-0.16,-0.16,4.0,3.0,1
9717,9.0,9.0,48.0,3.5,1.02,0.98,4.0,4.0,1
9719,10.0,10.0,42.5,3.7,2.34,1.78,4.0,6.0,1
9722,9.0,10.0,35.0,3.6,1.18,1.58,4.0,3.0,1
9726,10.0,9.0,40.0,3.2,1.34,1.04,4.0,5.0,1
9728,1.0,1.0,36.0,3.0,-2.15,-1.45,2.0,6.0,1
9732,8.0,10.0,31.0,2.1,0.9,1.69,4.0,4.0,1
9733,8.0,7.0,29.7,2.8,0.63,0.41,3.0,4.0,1
9734,3.0,5.0,34.0,3.4,-0.44,-0.12,3.0,3.0,1
9737,5.0,5.0,46.0,3.0,-0.11,-0.12,3.0,4.0,1
9738,8.0,9.0,35.0,3.4,0.72,1.04,3.0,3.0,1
9739,6.0,7.0,38.0,3.0,0.13,0.27,3.0,3.0,1
9744,5.0,5.0,35.0,3.1,-0.14,-0.18,4.0,5.0,1
9749,3.0,4.0,42.0,2.5,-0.59,-0.44,2.0,5.0,1
9750,8.0,9.0,40.0,3.4,0.71,0.96,4.0,4.0,1
9754,4.0,4.0,37.0,4.0,-0.25,-0.38,4.0,4.0,1
9758,4.0,3.0,15.5,3.2,-0.26,-0.83,1.0,1.0,0
9759,6.0,4.0,42.0,3.3,0.25,-0.25,4.0,6.0,1
9760,6.0,4.0,35.0,3.4,0.26,-0.56,4.0,3.0,1
9761,8.0,7.0,43.0,3.1,0.68,0.5,3.0,3.0,1
9762,6.0,6.0,31.0,3.2,0.24,0.01,3.0,2.0,1
9764,3.0,4.0,38.0,3.0,-0.47,-0.26,3.0,5.0,1
9769,10.0,9.0,40.0,3.2,1.89,1.29,3.0,3.0,1
9774,1.0,1.0,28.0,2.5,-1.17,-1.81,1.0,4.0,1
9780,10.0,10.0,32.0,2.3,2.32,2.22,4.0,4.0,1
9781,4.0,3.0,37.0,3.0,-0.2,-0.56,3.0,4.0,1
9783,3.0,5.0,33.0,3.3,-0.68,-0.15,4.0,3.0,1
9790,1.0,1.0,38.0,2.7,-1.88,-1.81,4.0,4.0,1
9799,7.0,8.0,38.0,3.5,0.4,0.63,4.0,4.0,1
9800,8.0,10.0,45.0,3.4,0.81,1.5,2.0,6.0,1
9801,5.0,5.0,34.5,3.0,-0.03,-0.26,5.0,3.0,1
9804,2.0,3.0,34.0,3.7,-0.96,-0.87,3.0,4.0,1
9809,5.0,4.0,46.0,3.7,0.06,-0.37,4.0,6.0,1
9810,9.0,10.0,39.0,4.0,0.99,1.36,2.0,4.0,1
9812,3.0,4.0,35.0,3.9,-0.55,-0.51,4.0,4.0,1
9814,8.0,7.0,37.0,3.5,0.75,0.47,3.0,6.0,1
9824,3.0,4.0,48.0,2.7,-0.55,-0.26,4.0,4.0,1
9825,9.0,9.0,39.0,3.6,0.96,1.23,4.0,4.0,1
9828,2.0,4.0,33.0,3.4,-0.8,-0.32,4.0,5.0,1
9829,7.0,6.0,38.0,3.0,0.31,0.04,4.0,3.0,1
9837,7.0,5.0,44.0,3.8,0.39,-0.02,4.0,6.0,1
9838,8.0,8.0,31.0,3.4,0.61,0.64,3.0,5.0,1
9839,9.0,10.0,48.0,3.8,1.3,1.3,4.0,4.0,1
9841,10.0,10.0,37.0,3.7,1.94,2.12,3.0,3.0,1
9852,8.0,8.0,44.0,3.7,0.61,0.72,4.0,5.0,1
9854,6.0,7.0,45.0,2.6,0.07,0.4,3.0,3.0,1
9855,2.0,3.0,31.0,3.7,-0.73,-0.68,2.0,3.0,1
9856,10.0,9.0,40.0,3.6,1.71,1.12,4.0,4.0,1
9859,5.0,6.0,39.0,3.1,-0.07,0.01,3.0,3.0,1
9865,5.0,3.0,34.0,3.1,-0.1,-0.59,3.0,3.0,1
9866,3.0,1.0,28.0,3.4,-0.54,-1.5,2.0,5.0,0
9868,3.0,4.0,42.0,3.8,-0.82,-0.45,4.0,6.0,1
9870,9.0,10.0,38.0,2.4,1.18,1.34,2.0,3.0,1
9874,8.0,10.0,37.0,2.8,0.71,1.31,5.0,5.0,1
9875,5.0,8.0,41.0,3.8,-0.04,0.58,2.0,5.0,1
9876,4.0,5.0,41.0,3.4,-0.38,-0.19,4.0,3.0,1
9877,9.0,10.0,39.0,3.4,0.85,1.77,3.0,2.0,1
9881,4.0,9.0,44.0,3.6,-0.21,0.91,4.0,6.0,1
9883,1.0,1.0,35.5,3.0,-1.73,-1.91,3.0,3.0,1
9884,9.0,9.0,38.0,3.5,1.29,0.94,3.0,3.0,1
9887,7.0,6.0,38.0,3.3,0.47,0.19,2.0,3.0,1
9888,8.0,10.0,37.0,2.9,0.66,1.94,4.0,4.0,0
9890,4.0,3.0,48.0,2.8,-0.25,-0.69,4.0,4.0,1
9891,3.0,3.0,45.0,3.3,-0.46,-0.84,3.0,4.0,1
9894,8.0,10.0,44.0,3.4,0.93,1.24,5.0,6.0,1
9897,6.0,4.0,33.0,3.2,0.21,-0.29,4.0,3.0,1
9898,8.0,9.0,41.0,4.0,0.85,1.14,4.0,4.0,1
9899,8.0,8.0,40.0,3.4,0.73,0.72,4.0,3.0,1
9900,4.0,2.0,40.0,3.3,-0.24,-1.28,4.0,3.0,1
9905,7.0,6.0,41.0,3.5,0.52,0.26,4.0,4.0,1
9906,2.0,2.0,43.0,3.8,-1.08,-0.98,4.0,5.0,1
9908,9.0,9.0,39.0,2.9,1.1,0.98,4.0,3.0,1
9909,1.0,1.0,35.0,3.4,-1.83,-1.99,4.0,5.0,1
9911,10.0,9.0,33.0,3.5,1.34,1.28,2.0,4.0,1
9915,8.0,9.0,37.0,3.8,0.72,1.12,3.0,3.0,1
9916,7.0,7.0,38.0,3.6,0.36,0.41,4.0,3.0,1
9917,10.0,7.0,34.0,3.1,1.35,0.51,4.0,3.0,1
9919,8.0,7.0,41.0,3.1,0.59,0.38,4.0,3.0,1
9923,2.0,4.0,30.0,2.5,-0.69,-0.33,3.0,1.0,1
9924,4.0,4.0,37.0,3.2,-0.29,-0.53,3.0,3.0,1
9926,4.0,2.0,47.0,3.1,-0.41,-1.01,4.0,4.0,1
9927,5.0,9.0,39.0,3.0,0.0,0.91,4.0,3.0,1
9930,2.0,1.0,25.0,2.9,-0.71,-1.45,4.0,1.0,1
9932,2.0,2.0,44.0,2.8,-1.07,-0.99,3.0,5.0,0
9936,7.0,6.0,36.0,3.9,0.45,0.07,3.0,3.0,0
9942,5.0,6.0,34.0,2.5,-0.07,-0.04,5.0,2.0,1
9944,9.0,3.0,36.0,2.9,1.19,-0.61,3.0,4.0,1
9945,3.0,6.0,37.0,3.6,-0.56,0.23,3.0,5.0,1
9949,8.0,9.0,38.0,3.9,0.81,0.9,2.0,4.0,1
9954,2.0,3.0,31.5,3.0,-1.07,-0.62,1.0,5.0,0
9955,7.0,8.0,40.0,3.1,0.53,0.67,2.0,3.0,1
9956,3.0,1.0,36.0,2.7,-0.61,-1.45,4.0,3.0,0
9957,2.0,1.0,37.0,3.3,-1.08,-1.48,3.0,3.0,1
9960,7.0,6.0,41.0,3.0,0.42,0.21,1.0,5.0,1
9964,1.0,1.0,45.0,3.4,-2.96,-2.0,3.0,5.0,1
9966,8.0,8.0,32.0,3.9,0.71,0.56,3.0,2.0,1
9969,3.0,2.0,27.0,3.4,-0.73,-1.1,4.0,4.0,1
9971,9.0,9.0,43.0,3.9,1.15,0.91,3.0,5.0,1
9972,2.0,4.0,40.0,2.5,-0.97,-0.51,5.0,4.0,1
9973,1.0,4.0,34.5,3.3,-1.17,-0.55,4.0,3.0,1
9978,9.0,9.0,45.0,3.6,1.07,1.02,4.0,5.0,1
9979,2.0,5.0,36.5,3.5,-0.93,-0.28,4.0,3.0,1
9980,7.0,8.0,42.0,3.1,0.54,0.7,5.0,4.0,1
9982,9.0,7.0,39.0,3.2,0.94,0.27,3.0,3.0,1
9983,4.0,5.0,46.0,3.5,-0.31,-0.14,1.0,6.0,1
9985,7.0,7.0,35.0,3.2,0.47,0.39,3.0,3.0,1
9987,7.0,7.0,43.0,3.8,0.44,0.44,4.0,6.0,1
9989,6.0,6.0,42.0,3.7,0.18,0.24,4.0,4.0,1
9990,8.0,7.0,34.0,3.5,0.68,0.49,4.0,4.0,1
9992,6.0,6.0,42.0,3.6,0.32,0.07,4.0,4.0,1
9993,2.0,7.0,35.0,3.6,-0.95,0.38,3.0,3.0,1
9994,9.0,9.0,42.0,3.0,1.08,1.25,3.0,3.0,1
9995,6.0,5.0,34.0,3.0,0.07,-0.08,2.0,3.0,1
9998,9.0,10.0,33.0,3.3,1.23,1.48,3.0,4.0,1
10000,10.0,10.0,42.0,3.0,1.46,1.5,3.0,4.0,1
10004,9.0,9.0,40.0,3.7,1.04,0.86,3.0,6.0,1
10008,10.0,9.0,39.0,3.6,1.65,0.88,4.0,4.0,1
10010,9.0,9.0,42.0,3.3,1.08,1.22,3.0,5.0,1
10012,3.0,5.0,23.5,3.1,-0.6,-0.22,3.0,3.0,1
10017,1.0,1.0,26.5,2.8,-1.29,-1.9,3.0,2.0,0
10018,2.0,4.0,40.0,3.6,-0.93,-0.41,4.0,5.0,1
10019,6.0,6.0,39.0,3.2,0.23,0.05,4.0,4.0,1
10022,1.0,1.0,27.0,2.9,-1.18,-1.35,3.0,1.0,0
10026,8.0,8.0,37.0,3.2,0.9,0.6,3.0,4.0,1
10028,1.0,1.0,40.0,2.8,-1.66,-1.79,4.0,3.0,1
10031,8.0,7.0,40.0,3.8,0.62,0.49,4.0,6.0,1
10032,3.0,3.0,35.0,3.1,-0.52,-0.79,4.0,5.0,1
10033,4.0,5.0,36.0,3.6,-0.31,-0.12,4.0,4.0,0
10038,1.0,1.0,31.0,3.2,-1.18,-1.87,4.0,3.0,0
10039,5.0,4.0,37.0,3.5,-0.14,-0.44,2.0,6.0,1
10040,4.0,4.0,44.0,3.0,-0.27,-0.5,5.0,3.0,1
10041,2.0,2.0,41.0,3.6,-1.02,-1.05,3.0,4.0,1
10042,4.0,5.0,37.0,3.3,-0.17,-0.08,5.0,4.0,1
10044,3.0,4.0,32.0,2.6,-0.66,-0.4,3.0,3.0,1
10045,1.0,2.0,27.0,3.2,-1.51,-1.2,4.0,3.0,0
10046,2.0,5.0,46.0,3.9,-1.15,-0.23,4.0,5.0,1
10047,1.0,1.0,31.0,2.3,-1.26,-1.45,4.0,6.0,0
10048,4.0,6.0,32.5,2.9,-0.29,0.09,4.0,5.0,1
10052,6.0,6.0,37.0,2.6,0.18,0.1,4.0,3.0,1
10054,2.0,2.0,32.0,2.8,-0.89,-1.14,3.0,4.0,1
10057,3.0,3.0,34.0,3.9,-0.54,-0.77,2.0,5.0,1
10062,8.0,9.0,40.0,2.9,0.6,0.9,4.0,3.0,1
10071,7.0,6.0,32.0,3.7,0.38,0.26,3.0,4.0,1
10073,7.0,9.0,34.0,3.6,0.52,0.93,4.0,5.0,1
10074,3.0,4.0,35.0,3.6,-0.73,-0.44,4.0,4.0,1
10076,8.0,6.0,35.5,3.0,0.76,0.23,4.0,4.0,0
10079,6.0,6.0,35.0,3.7,0.17,0.1,4.0,4.0,1
10081,10.0,10.0,40.0,3.9,1.79,1.29,3.0,4.0,1
10082,3.0,4.0,28.0,3.7,-0.66,-0.29,4.0,4.0,1
10092,1.0,5.0,29.0,3.0,-2.84,-0.17,2.0,4.0,1
10096,10.0,9.0,42.0,3.3,1.33,1.26,2.0,3.0,1
10098,4.0,5.0,41.0,3.7,-0.24,-0.13,3.0,4.0,1
10100,10.0,10.0,43.0,3.4,1.77,1.83,3.0,5.0,1
10101,7.0,8.0,31.5,2.9,0.33,0.79,3.0,3.0,1
10104,10.0,10.0,37.0,3.9,1.84,1.55,2.0,1.0,1
10109,2.0,4.0,44.0,3.3,-0.96,-0.49,2.0,6.0,1
10113,2.0,3.0,32.5,3.8,-0.8,-0.56,4.0,4.0,0
10116,4.0,4.0,39.0,3.6,-0.41,-0.35,5.0,5.0,1
10121,6.0,7.0,33.0,2.0,0.29,0.48,4.0,3.0,0
10122,2.0,3.0,32.0,3.2,-1.03,-0.81,4.0,5.0,1
10123,8.0,7.0,35.5,3.1,0.58,0.44,4.0,3.0,1
10124,2.0,3.0,26.0,3.9,-0.74,-0.85,2.0,4.0,1
10129,1.0,2.0,28.0,2.9,-1.4,-1.21,4.0,2.0,0
10130,4.0,1.0,39.0,3.6,-0.34,-1.43,2.0,3.0,0
10133,3.0,4.0,29.0,2.1,-0.56,-0.45,3.0,1.0,1
10135,5.0,6.0,40.0,2.6,-0.04,0.06,2.0,3.0,1
10136,4.0,3.0,39.0,3.5,-0.44,-0.52,4.0,6.0,1
10142,1.0,2.0,41.0,3.6,-1.45,-1.06,4.0,4.0,1
10146,9.0,8.0,36.0,3.5,1.03,0.82,2.0,3.0,1
10147,1.0,2.0,27.0,3.5,-1.31,-1.12,3.0,3.0,0
10148,5.0,6.0,36.0,2.7,-0.11,0.18,5.0,3.0,1
10149,9.0,9.0,43.0,3.3,1.06,1.22,4.0,4.0,1
10150,2.0,2.0,35.0,3.1,-0.98,-1.02,4.0,2.0,1
10151,5.0,8.0,35.0,2.9,-0.05,0.59,3.0,3.0,1
10160,3.0,5.0,39.0,3.6,-0.49,-0.17,5.0,3.0,1
10161,9.0,8.0,41.0,2.2,1.16,0.65,3.0,3.0,1
10162,1.0,1.0,29.5,3.4,-1.44,-1.77,3.0,3.0,0
10164,8.0,9.0,41.0,3.2,0.75,1.0,4.0,3.0,1
10165,4.0,4.0,41.0,3.1,-0.35,-0.39,3.0,3.0,1
10167,6.0,4.0,40.0,2.7,0.11,-0.51,4.0,4.0,1
10168,3.0,4.0,37.0,3.0,-0.54,-0.41,4.0,6.0,1
10177,3.0,4.0,28.0,3.1,-0.48,-0.31,3.0,3.0,1
10179,1.0,5.0,32.0,3.4,-1.21,-0.16,3.0,3.0,1
10181,10.0,8.0,43.0,2.6,1.37,0.75,4.0,4.0,1
10185,1.0,2.0,34.0,3.1,-1.17,-1.21,3.0,5.0,1
10186,10.0,9.0,40.0,2.7,1.76,0.97,5.0,3.0,1
10188,7.0,8.0,32.0,3.0,0.44,0.82,4.0,2.0,0
10195,8.0,8.0,40.0,2.8,0.59,0.72,4.0,3.0,1
10197,5.0,3.0,30.5,3.1,-0.03,-0.64,2.0,3.0,1
10200,6.0,6.0,44.0,4.0,0.1,0.03,3.0,4.0,1
10201,8.0,9.0,46.0,3.2,0.7,0.84,3.0,6.0,1
10203,2.0,4.0,45.0,3.6,-0.95,-0.25,2.0,5.0,1
10204,10.0,10.0,47.0,3.2,1.77,2.42,3.0,3.0,1
10205,4.0,5.0,33.5,2.9,-0.24,-0.18,4.0,3.0,1
10208,3.0,3.0,33.0,3.1,-0.74,-0.55,4.0,5.0,1
10209,5.0,6.0,39.0,2.9,-0.11,0.1,4.0,3.0,1
10212,1.0,2.0,41.0,3.0,-1.22,-1.17,4.0,5.0,1
10218,6.0,7.0,36.0,3.5,0.24,0.32,3.0,5.0,1
10219,10.0,10.0,37.5,2.7,1.3,1.38,4.0,3.0,1
10221,10.0,10.0,37.0,3.1,2.18,1.53,4.0,5.0,1
10222,8.0,8.0,42.0,3.8,0.66,0.61,4.0,5.0,1
10223,3.0,3.0,29.5,3.1,-0.6,-0.87,3.0,2.0,1
10225,9.0,8.0,45.0,3.1,1.01,0.76,3.0,4.0,1
10226,3.0,3.0,40.0,3.3,-0.52,-0.6,4.0,5.0,1
10229,4.0,5.0,32.5,3.0,-0.28,-0.27,3.0,2.0,1
10231,6.0,6.0,35.0,3.0,0.16,0.06,4.0,4.0,0
10235,2.0,2.0,24.0,2.9,-0.91,-1.07,4.0,3.0,0
10240,10.0,10.0,42.0,3.8,1.31,1.52,4.0,4.0,1
10241,9.0,10.0,39.0,3.5,1.11,1.47,3.0,3.0,1
10243,10.0,8.0,35.0,3.6,1.4,0.77,3.0,4.0,1
10244,8.0,8.0,27.0,3.7,0.75,0.79,3.0,2.0,1
10246,2.0,1.0,30.0,3.3,-1.08,-1.67,1.0,4.0,0
10249,1.0,1.0,36.0,3.7,-1.78,-1.53,4.0,4.0,0
10251,10.0,10.0,46.0,3.7,2.64,2.52,5.0,6.0,1
10252,7.0,7.0,20.5,3.2,0.48,0.36,3.0,1.0,0
10253,1.0,2.0,31.0,2.9,-1.2,-1.29,4.0,4.0,1
10258,2.0,1.0,37.0,3.3,-1.07,-1.71,3.0,3.0,1
10260,5.0,7.0,48.0,3.7,-0.15,0.39,5.0,5.0,1
10263,5.0,4.0,30.0,3.7,0.0,-0.36,4.0,2.0,1
10264,8.0,7.0,32.0,3.0,0.68,0.46,3.0,4.0,1
10265,5.0,4.0,39.0,3.2,0.03,-0.3,5.0,3.0,1
10266,8.0,8.0,38.0,3.9,0.68,0.61,4.0,4.0,1
10270,10.0,9.0,40.0,3.1,1.7,1.24,5.0,3.0,1
10271,5.0,3.0,39.0,2.2,0.03,-0.62,4.0,3.0,1
10274,7.0,9.0,33.5,3.0,0.39,0.91,4.0,3.0,1
10275,5.0,6.0,33.0,2.9,0.04,-0.03,4.0,2.0,1
10276,8.0,9.0,39.0,3.9,0.86,1.05,3.0,4.0,1
10278,8.0,7.0,40.0,3.1,0.71,0.42,3.0,3.0,1
10281,1.0,2.0,32.0,3.8,-1.57,-1.0,3.0,2.0,0
10283,3.0,4.0,36.0,2.8,-0.44,-0.43,3.0,4.0,1
10285,1.0,1.0,29.5,3.1,-1.26,-1.34,3.0,2.0,0
10297,6.0,7.0,40.0,3.4,0.18,0.3,4.0,5.0,1
10300,9.0,8.0,40.0,3.1,1.27,0.81,2.0,4.0,1
10302,3.0,5.0,31.0,3.5,-0.66,-0.21,2.0,2.0,1
10303,7.0,5.0,37.0,3.2,0.39,-0.02,2.0,4.0,1
10305,10.0,10.0,38.0,3.1,1.67,1.47,4.0,4.0,1
10306,4.0,3.0,32.0,3.0,-0.33,-0.71,3.0,3.0,0
10307,1.0,1.0,38.0,3.1,-1.21,-1.55,3.0,3.0,1
10308,9.0,9.0,34.0,3.6,1.24,1.22,4.0,4.0,1
10309,1.0,9.0,40.0,2.3,-1.13,1.07,3.0,3.0,1
10313,3.0,6.0,39.0,2.4,-0.54,0.04,5.0,5.0,1
10318,9.0,9.0,40.0,3.9,1.02,0.95,3.0,4.0,1
10319,3.0,1.0,37.5,3.6,-0.82,-1.49,4.0,6.0,1
10320,4.0,4.0,39.0,2.5,-0.31,-0.38,4.0,3.0,1
10321,4.0,2.0,36.0,3.1,-0.23,-1.27,4.0,5.0,1
10323,9.0,9.0,44.0,3.7,1.15,0.94,4.0,5.0,1
10325,6.0,6.0,40.0,3.6,0.15,0.22,4.0,3.0,1
10328,2.0,5.0,30.5,3.1,-0.8,-0.15,4.0,3.0,1
10335,1.0,1.0,37.0,3.1,-1.15,-1.81,4.0,3.0,1
10337,10.0,9.0,46.0,3.3,1.35,1.23,4.0,4.0,1
10340,8.0,7.0,33.0,3.1,0.65,0.52,5.0,2.0,1
10341,6.0,9.0,37.0,3.1,0.26,0.91,2.0,3.0,1
10344,3.0,5.0,37.0,3.4,-0.58,-0.08,3.0,3.0,1
10347,4.0,4.0,35.0,2.2,-0.26,-0.41,3.0,2.0,1
10349,5.0,5.0,40.0,3.0,-0.1,-0.11,3.0,5.0,1
10351,7.0,7.0,44.0,3.1,0.45,0.28,5.0,5.0,1
10352,2.0,3.0,42.0,3.4,-0.83,-0.78,4.0,5.0,1
10354,7.0,10.0,32.7,3.0,0.51,1.58,5.0,3.0,1
10360,1.0,2.0,40.0,3.2,-1.16,-0.97,5.0,3.0,1
10363,9.0,9.0,34.0,3.6,1.23,0.98,4.0,5.0,1
10364,4.0,2.0,37.0,3.1,-0.4,-0.95,4.0,3.0,1
10367,9.0,9.0,46.0,3.4,1.12,1.12,4.0,4.0,1
10368,8.0,9.0,38.0,3.4,0.83,1.06,3.0,3.0,1
10369,8.0,7.0,37.0,2.9,0.66,0.39,4.0,3.0,1
10370,2.0,1.0,37.5,3.3,-0.91,-1.62,1.0,6.0,1
10372,4.0,4.0,34.0,3.1,-0.21,-0.34,4.0,3.0,1
10373,3.0,1.0,29.0,3.4,-0.63,-1.38,1.0,4.0,0
10374,8.0,7.0,38.0,3.0,0.66,0.38,4.0,4.0,1
10375,6.0,4.0,31.0,3.0,0.21,-0.34,2.0,5.0,0
10376,9.0,8.0,34.0,3.9,0.89,0.72,3.0,2.0,1
10382,5.0,6.0,40.0,3.9,0.0,0.13,2.0,5.0,1
10383,5.0,3.0,40.0,2.8,-0.16,-0.67,3.0,3.0,1
10384,7.0,6.0,34.0,3.3,0.31,0.19,4.0,5.0,1
10385,5.0,8.0,34.5,3.1,0.05,0.68,2.0,3.0,1
10386,7.0,6.0,34.0,3.4,0.55,0.1,4.0,3.0,1
10387,7.0,6.0,28.0,2.5,0.37,0.05,1.0,3.0,0
10388,8.0,7.0,42.0,3.3,0.64,0.41,5.0,6.0,1
10392,4.0,2.0,43.0,3.5,-0.37,-1.06,5.0,6.0,1
10394,9.0,8.0,38.0,2.7,1.2,0.79,4.0,5.0,1
10395,10.0,10.0,38.0,3.7,1.86,2.1,2.0,3.0,1
10396,10.0,10.0,39.0,2.9,1.64,2.17,2.0,3.0,1
10398,1.0,1.0,29.0,2.9,-2.05,-1.77,3.0,4.0,1
10399,4.0,6.0,46.0,3.1,-0.17,0.04,4.0,4.0,1
10400,9.0,10.0,38.0,3.3,1.21,1.93,3.0,3.0,1
10403,6.0,4.0,40.0,3.2,0.28,-0.48,3.0,4.0,1
10404,3.0,6.0,38.0,3.3,-0.48,0.16,3.0,4.0,1
10405,6.0,7.0,37.0,3.8,0.19,0.35,3.0,5.0,1
10406,7.0,8.0,37.0,3.1,0.56,0.82,3.0,3.0,1
10407,5.0,5.0,47.0,3.9,0.01,-0.18,4.0,6.0,1
10411,5.0,4.0,38.0,2.9,-0.07,-0.35,2.0,4.0,1
10414,5.0,6.0,41.0,2.7,-0.18,0.09,5.0,5.0,1
10419,3.0,1.0,35.0,3.0,-0.62,-1.45,3.0,5.0,1
10420,1.0,4.0,32.0,2.4,-1.11,-0.43,3.0,3.0,1
10424,10.0,10.0,37.0,3.2,1.87,1.6,3.0,2.0,1
10425,8.0,9.0,30.5,3.0,0.77,0.94,3.0,1.0,1
10426,6.0,6.0,39.0,3.5,0.19,0.21,4.0,4.0,1
10430,9.0,7.0,32.0,3.1,1.14,0.29,4.0,4.0,1
10437,2.0,2.0,35.0,3.0,-0.72,-1.08,4.0,3.0,0
10439,10.0,10.0,42.0,2.6,1.57,1.34,4.0,3.0,1
10441,7.0,2.0,31.0,2.0,0.35,-1.26,3.0,4.0,1
10447,1.0,1.0,31.0,3.3,-1.28,-1.62,3.0,4.0,0
10449,2.0,7.0,33.0,2.3,-0.73,0.32,3.0,2.0,1
10452,8.0,7.0,39.0,2.5,0.83,0.38,4.0,2.0,0
10453,2.0,2.0,40.0,3.0,-0.97,-1.1,3.0,5.0,1
10454,8.0,7.0,45.0,3.6,0.77,0.43,4.0,6.0,1
10455,8.0,9.0,34.0,3.0,0.67,1.0,4.0,2.0,1
10458,5.0,4.0,32.0,3.1,-0.11,-0.47,4.0,2.0,0
10459,6.0,5.0,38.0,3.4,0.19,-0.21,3.0,3.0,1
10462,7.0,6.0,34.0,3.0,0.39,0.23,5.0,3.0,1
10464,3.0,4.0,32.5,3.0,-0.56,-0.38,4.0,2.0,1
10465,8.0,7.0,46.0,2.7,0.81,0.4,4.0,4.0,1
10468,6.0,9.0,42.0,3.9,0.16,0.97,4.0,3.0,1
10472,5.0,5.0,38.0,3.8,-0.11,-0.27,4.0,3.0,1
10474,3.0,3.0,33.0,2.6,-0.73,-0.54,3.0,5.0,1
10475,3.0,3.0,37.0,3.6,-0.68,-0.78,4.0,4.0,1
10477,7.0,7.0,32.0,3.7,0.37,0.28,4.0,3.0,1
10481,3.0,3.0,31.0,3.1,-0.47,-0.78,3.0,2.0,1
10482,10.0,10.0,47.0,2.8,1.43,1.49,5.0,5.0,1
10483,8.0,7.0,42.0,2.9,0.62,0.39,5.0,3.0,1
10484,7.0,7.0,40.0,2.8,0.41,0.49,2.0,3.0,1
10490,2.0,2.0,36.0,3.2,-0.95,-0.89,4.0,5.0,1
10491,7.0,6.0,36.0,3.7,0.36,0.14,4.0,3.0,1
10497,6.0,6.0,41.0,3.1,0.24,0.05,4.0,4.0,0
10498,5.0,1.0,35.0,2.9,-0.13,-1.58,5.0,3.0,1
10501,7.0,7.0,36.0,3.4,0.32,0.32,3.0,3.0,1
10503,7.0,7.0,31.0,3.3,0.42,0.53,3.0,3.0,1
10504,4.0,4.0,42.0,2.9,-0.24,-0.49,4.0,3.0,1
10508,9.0,9.0,39.0,2.5,1.15,1.08,4.0,3.0,1
10510,7.0,4.0,38.0,3.2,0.45,-0.36,4.0,5.0,1
10512,7.0,8.0,33.5,3.3,0.47,0.68,4.0,3.0,1
10513,5.0,7.0,39.0,3.3,-0.1,0.52,3.0,3.0,1
10517,6.0,5.0,37.0,2.7,0.11,-0.15,4.0,3.0,1
10518,8.0,7.0,41.0,3.6,0.84,0.51,4.0,4.0,1
10520,6.0,7.0,35.0,3.2,0.22,0.28,4.0,3.0,1
10521,7.0,6.0,39.0,2.2,0.43,0.18,3.0,2.0,1
10524,3.0,4.0,32.5,3.2,-0.53,-0.34,5.0,3.0,1
10525,2.0,1.0,38.0,3.6,-1.08,-1.43,4.0,5.0,1
10528,10.0,10.0,37.0,3.8,1.31,1.49,4.0,3.0,1
10530,10.0,10.0,35.0,3.5,1.83,1.78,4.0,4.0,1
10531,7.0,9.0,41.0,3.9,0.46,0.98,2.0,4.0,1
10532,4.0,4.0,35.0,2.8,-0.27,-0.35,4.0,2.0,1
10534,5.0,5.0,39.0,3.2,0.05,-0.18,2.0,6.0,1
10536,10.0,10.0,36.0,3.4,1.37,1.63,3.0,3.0,1
10538,3.0,2.0,39.0,3.0,-0.62,-1.07,4.0,3.0,1
10539,9.0,6.0,37.0,3.2,0.92,0.08,3.0,4.0,1
10540,7.0,6.0,40.0,3.2,0.4,0.06,4.0,3.0,1
10542,4.0,4.0,33.0,3.0,-0.33,-0.49,4.0,3.0,0
10543,6.0,8.0,34.5,3.2,0.1,0.69,3.0,3.0,1
10544,3.0,5.0,42.0,3.1,-0.57,-0.21,4.0,5.0,1
10546,6.0,3.0,36.0,2.8,0.25,-0.57,4.0,3.0,1
10547,8.0,9.0,37.0,3.1,0.64,1.08,4.0,3.0,1
10553,7.0,9.0,45.0,3.0,0.54,1.14,3.0,4.0,1
10554,1.0,2.0,30.7,3.5,-1.45,-1.04,3.0,6.0,1
10556,7.0,3.0,37.0,3.3,0.39,-0.61,4.0,4.0,1
10559,6.0,9.0,39.0,3.4,0.1,1.1,3.0,6.0,1
10560,5.0,5.0,37.0,2.2,0.02,-0.24,4.0,3.0,1
10566,8.0,5.0,35.0,3.4,0.6,-0.06,5.0,5.0,1
10568,5.0,4.0,39.0,3.8,0.02,-0.31,4.0,4.0,1
10570,8.0,10.0,47.0,3.9,0.79,1.32,4.0,6.0,1
10572,4.0,5.0,38.0,3.4,-0.36,-0.15,4.0,3.0,1
10575,10.0,7.0,42.0,3.5,1.42,0.33,4.0,4.0,1
10576,3.0,3.0,29.5,3.2,-0.63,-0.74,2.0,3.0,1
10580,6.0,5.0,33.0,2.6,0.1,-0.05,3.0,3.0,1
10581,2.0,2.0,37.0,3.1,-0.8,-0.98,2.0,3.0,1
10582,6.0,4.0,38.0,2.9,0.15,-0.4,4.0,3.0,1
10584,8.0,9.0,43.0,3.0,0.58,0.88,3.0,3.0,1
10585,3.0,3.0,43.0,3.6,-0.66,-0.57,4.0,5.0,1
10587,9.0,10.0,36.0,2.9,0.97,1.3,4.0,5.0,1
10588,6.0,7.0,45.0,3.3,0.29,0.41,4.0,6.0,1
10589,3.0,2.0,29.5,3.5,-0.58,-0.97,5.0,3.0,1
10592,10.0,10.0,39.0,3.2,1.67,1.32,3.0,4.0,1
10594,2.0,3.0,27.0,3.0,-1.07,-0.84,4.0,3.0,1
10598,6.0,8.0,37.0,3.1,0.17,0.78,3.0,3.0,1
10599,7.0,8.0,37.0,3.2,0.44,0.67,4.0,3.0,1
10601,2.0,1.0,42.0,3.7,-1.1,-1.43,3.0,5.0,0
10603,1.0,3.0,44.0,3.1,-1.51,-0.74,4.0,6.0,1
10604,5.0,7.0,34.0,3.2,0.02,0.48,4.0,4.0,1
10605,4.0,3.0,42.0,3.8,-0.22,-0.69,4.0,6.0,1
10606,3.0,2.0,29.5,3.3,-0.59,-1.15,3.0,3.0,1
10609,1.0,2.0,35.0,2.8,-1.79,-0.89,4.0,5.0,0
10614,9.0,10.0,38.0,3.2,1.1,1.45,3.0,3.0,1
10615,6.0,6.0,42.0,3.4,0.16,0.15,5.0,5.0,1
10617,7.0,7.0,47.0,3.6,0.62,0.27,4.0,6.0,1
10619,4.0,3.0,32.0,3.1,-0.21,-0.57,3.0,5.0,1
10620,2.0,3.0,42.0,3.2,-0.84,-0.72,3.0,4.0,0
10621,2.0,1.0,29.0,2.5,-1.09,-1.38,3.0,5.0,1
10623,2.0,3.0,43.0,3.6,-0.94,-0.78,4.0,4.0,0
10625,6.0,3.0,31.5,2.7,0.13,-0.7,3.0,2.0,1
10628,10.0,10.0,32.0,3.4,1.6,1.9,1.0,2.0,1
10635,10.0,10.0,42.0,3.9,1.95,1.95,3.0,4.0,1
10636,5.0,5.0,42.0,3.3,0.09,-0.25,1.0,4.0,1
10638,1.0,1.0,31.0,2.9,-1.69,-1.53,4.0,1.0,0
10640,7.0,8.0,32.0,3.0,0.35,0.78,5.0,3.0,1
10644,2.0,2.0,29.3,3.2,-0.88,-0.98,4.0,3.0,1
10646,8.0,8.0,35.5,3.2,0.87,0.85,3.0,3.0,1
10648,1.0,1.0,25.0,3.3,-1.1,-1.97,3.0,2.0,1
10649,4.0,3.0,38.0,3.7,-0.28,-0.59,3.0,4.0,1
10650,6.0,6.0,37.0,3.6,0.18,0.27,3.0,4.0,1
10651,2.0,2.0,32.0,3.5,-0.79,-0.96,4.0,3.0,1
10653,10.0,10.0,33.0,3.4,1.46,1.49,4.0,2.0,1
10655,4.0,4.0,29.0,3.1,-0.32,-0.47,2.0,3.0,1
10658,3.0,3.0,36.0,3.9,-0.67,-0.73,4.0,4.0,1
10660,9.0,9.0,46.0,2.9,1.07,0.87,4.0,5.0,1
10661,3.0,4.0,43.0,3.2,-0.5,-0.31,4.0,5.0,0
10663,7.0,8.0,31.0,3.2,0.28,0.66,5.0,2.0,0
10664,10.0,9.0,36.0,3.1,1.33,1.11,4.0,4.0,1
10665,4.0,9.0,47.0,3.0,-0.34,0.89,4.0,4.0,1
10667,3.0,4.0,39.0,3.0,-0.56,-0.36,2.0,6.0,1
10668,3.0,4.0,40.0,2.9,-0.68,-0.48,3.0,3.0,1
10669,4.0,3.0,41.0,3.0,-0.4,-0.53,4.0,5.0,1
10670,9.0,8.0,41.0,3.9,1.05,0.64,4.0,4.0,1
10671,3.0,3.0,35.0,3.6,-0.43,-0.67,4.0,4.0,1
10672,5.0,5.0,39.0,3.2,-0.07,-0.02,4.0,5.0,1
10674,5.0,8.0,41.0,3.2,-0.08,0.71,4.0,3.0,1
10675,3.0,4.0,35.0,3.0,-0.63,-0.55,3.0,3.0,1
10677,10.0,10.0,38.0,3.6,1.73,1.83,4.0,4.0,1
10678,1.0,6.0,38.0,3.0,-1.23,0.08,4.0,3.0,1
10679,10.0,10.0,43.0,3.3,1.81,1.59,4.0,4.0,1
10681,2.0,5.0,27.0,3.0,-0.94,-0.08,4.0,2.0,1
10682,7.0,8.0,44.0,3.2,0.34,0.84,4.0,5.0,1
10683,10.0,10.0,35.0,3.3,2.16,1.71,4.0,3.0,1
10685,6.0,8.0,41.0,3.8,0.14,0.62,5.0,4.0,1
10686,6.0,8.0,39.0,3.5,0.26,0.66,3.0,4.0,1
10687,1.0,1.0,26.0,2.1,-1.62,-1.85,2.0,4.0,0
10688,10.0,10.0,43.0,4.0,1.93,1.76,3.0,4.0,1
10689,6.0,4.0,36.0,2.7,0.06,-0.3,4.0,3.0,1
10693,2.0,1.0,30.0,2.8,-0.89,-1.45,3.0,3.0,0
10694,4.0,5.0,44.0,3.1,-0.27,-0.18,4.0,4.0,1
10695,8.0,3.0,32.5,3.1,0.71,-0.83,3.0,3.0,1
10697,3.0,2.0,36.0,3.9,-0.63,-0.99,3.0,4.0,0
10698,9.0,10.0,46.0,2.7,1.14,1.82,3.0,4.0,1
10700,4.0,4.0,41.0,2.7,-0.26,-0.43,3.0,3.0,1
10702,9.0,9.0,37.0,3.4,1.11,1.08,5.0,3.0,1
10710,10.0,10.0,38.0,3.3,1.64,1.67,5.0,3.0,1
10713,6.0,8.0,31.0,3.6,0.18,0.64,4.0,2.0,1
10715,3.0,6.0,31.0,3.8,-0.68,0.11,4.0,4.0,1
10717,3.0,5.0,42.0,2.7,-0.6,-0.22,3.0,3.0,1
10718,7.0,9.0,40.0,2.7,0.39,1.0,4.0,3.0,1
10719,1.0,2.0,37.0,3.3,-1.23,-1.01,3.0,3.0,0
10722,2.0,3.0,28.0,2.7,-0.79,-0.84,4.0,2.0,1
10723,8.0,7.0,34.0,2.7,0.61,0.42,5.0,3.0,1
10724,6.0,9.0,40.0,3.6,0.27,1.07,3.0,6.0,1
10728,3.0,3.0,25.0,2.5,-0.36,-0.74,4.0,1.0,1
10729,4.0,3.0,38.0,2.8,-0.37,-0.62,3.0,4.0,1
10732,6.0,4.0,36.7,3.5,0.12,-0.37,4.0,5.0,0
10735,4.0,3.0,37.0,3.6,-0.31,-0.65,4.0,3.0,1
10736,6.0,7.0,36.0,3.6,0.3,0.53,3.0,3.0,1
10746,6.0,7.0,38.0,3.5,0.17,0.33,3.0,3.0,1
10747,8.0,4.0,36.0,2.3,0.77,-0.47,4.0,2.0,0
10750,9.0,7.0,45.0,3.8,1.09,0.42,4.0,4.0,1
10751,10.0,8.0,30.5,3.0,1.65,0.65,3.0,2.0,1
10754,5.0,6.0,40.0,2.7,0.08,0.07,5.0,4.0,1
10755,10.0,10.0,39.0,3.5,1.61,1.49,3.0,3.0,1
10757,5.0,8.0,41.0,3.5,0.07,0.63,3.0,6.0,1
10758,4.0,4.0,33.5,3.3,-0.22,-0.39,3.0,4.0,1
10759,2.0,3.0,38.0,3.3,-0.9,-0.79,2.0,3.0,1
10760,4.0,2.0,33.0,2.4,-0.42,-0.98,3.0,2.0,1
10761,9.0,10.0,35.0,3.8,1.01,1.7,3.0,4.0,1
10764,6.0,5.0,39.0,3.9,0.1,-0.03,3.0,6.0,0
10766,1.0,2.0,27.0,2.4,-1.66,-1.07,2.0,3.0,0
10768,8.0,6.0,42.0,3.1,0.68,0.08,3.0,5.0,1
10771,1.0,1.0,40.0,3.1,-1.5,-2.04,4.0,4.0,1
10773,9.0,8.0,45.0,3.7,0.89,0.62,1.0,5.0,1
10775,5.0,7.0,34.0,3.4,0.05,0.43,3.0,1.0,1
10776,3.0,2.0,37.0,2.6,-0.52,-1.3,5.0,3.0,1
10777,8.0,8.0,42.0,3.3,0.72,0.63,4.0,4.0,1
10781,4.0,4.0,42.0,2.6,-0.23,-0.41,4.0,4.0,1
10782,5.0,4.0,41.0,3.7,-0.05,-0.38,3.0,6.0,1
10783,2.0,2.0,27.0,2.5,-0.91,-0.95,4.0,4.0,0
10784,3.0,3.0,34.0,3.2,-0.47,-0.79,4.0,5.0,1
10786,4.0,2.0,38.0,3.7,-0.23,-1.01,3.0,2.0,0
10787,6.0,7.0,35.0,3.1,0.14,0.4,4.0,3.0,1
10788,7.0,8.0,33.0,3.0,0.56,0.6,3.0,5.0,1
10791,5.0,3.0,24.0,3.5,-0.08,-0.58,3.0,3.0,1
10792,3.0,4.0,35.0,3.0,-0.6,-0.34,3.0,4.0,1
10793,10.0,9.0,35.0,3.3,1.32,1.08,4.0,4.0,1
10794,4.0,6.0,38.0,3.9,-0.24,0.2,4.0,4.0,1
10801,10.0,5.0,31.3,2.8,2.63,-0.08,4.0,4.0,1
10804,6.0,6.0,34.5,2.6,0.3,0.11,3.0,3.0,1
10805,8.0,7.0,45.0,3.6,0.77,0.55,4.0,4.0,1
10806,9.0,9.0,40.0,2.9,0.99,0.92,3.0,4.0,1
10807,2.0,3.0,38.0,2.8,-0.91,-0.69,3.0,4.0,0
10813,10.0,10.0,42.0,3.3,1.86,1.85,4.0,4.0,1
10819,8.0,6.0,35.0,3.3,0.76,0.19,3.0,3.0,1
10822,2.0,2.0,34.0,2.9,-1.01,-1.3,4.0,3.0,1
10824,6.0,9.0,36.0,3.3,0.28,0.9,2.0,3.0,1
10827,1.0,1.0,29.5,3.0,-1.64,-1.36,4.0,2.0,1
10830,7.0,6.0,44.0,3.3,0.44,0.25,4.0,4.0,1
10831,6.0,7.0,36.0,3.4,0.07,0.36,3.0,2.0,1
10833,2.0,3.0,45.0,3.5,-0.96,-0.82,3.0,6.0,1
10837,6.0,6.0,33.5,3.5,0.26,0.08,3.0,5.0,1
10838,8.0,7.0,33.0,3.7,0.67,0.5,3.0,3.0,1
10847,3.0,3.0,35.0,2.2,-0.65,-0.83,3.0,2.0,0
10849,8.0,9.0,46.0,2.7,0.81,1.22,3.0,4.0,1
10850,1.0,1.0,33.0,2.7,-1.69,-1.86,3.0,4.0,0
10851,5.0,4.0,36.0,3.1,-0.14,-0.33,3.0,4.0,1
10855,10.0,10.0,35.0,3.0,2.58,2.65,3.0,2.0,1
10858,9.0,7.0,41.0,3.6,1.06,0.55,5.0,4.0,1
10859,3.0,2.0,37.0,2.9,-0.54,-1.31,3.0,4.0,1
10860,6.0,6.0,40.0,2.7,0.08,0.21,4.0,5.0,1
10862,6.0,8.0,42.0,2.9,0.27,0.74,4.0,4.0,1
10863,2.0,2.0,36.0,2.9,-0.91,-0.9,4.0,1.0,1
10864,3.0,6.0,46.0,3.7,-0.58,0.06,4.0,6.0,1
10865,8.0,4.0,44.0,2.4,0.89,-0.43,2.0,1.0,1
10867,10.0,5.0,37.0,3.7,2.17,-0.17,3.0,6.0,1
10873,5.0,7.0,38.0,3.1,0.08,0.54,2.0,4.0,0
10878,6.0,8.0,48.0,3.1,0.18,0.63,4.0,4.0,1
10880,9.0,9.0,46.0,3.6,1.07,1.25,3.0,5.0,1
10881,10.0,10.0,38.0,3.3,1.91,2.44,5.0,6.0,1
10882,4.0,5.0,38.0,2.9,-0.38,-0.05,3.0,3.0,1
10884,4.0,3.0,24.0,3.2,-0.41,-0.85,5.0,3.0,0
10890,7.0,7.0,33.0,2.8,0.41,0.32,5.0,1.0,0
10891,4.0,6.0,30.0,3.1,-0.35,0.18,4.0,3.0,1
10892,5.0,6.0,40.0,3.7,-0.12,0.17,3.0,3.0,1
10893,8.0,5.0,35.0,3.4,0.57,0.01,3.0,5.0,1
10895,10.0,10.0,36.5,3.1,1.52,1.44,5.0,5.0,1
10896,2.0,3.0,37.0,3.2,-0.87,-0.79,3.0,3.0,1
10899,10.0,10.0,40.0,2.9,1.59,1.48,4.0,5.0,1
10901,10.0,10.0,40.0,3.2,1.83,1.82,2.0,3.0,1
10902,4.0,2.0,20.0,3.2,-0.27,-0.93,2.0,1.0,0
10903,10.0,9.0,41.0,3.1,1.41,1.13,1.0,3.0,1
10905,4.0,3.0,41.0,2.9,-0.39,-0.78,3.0,4.0,0
10906,4.0,3.0,30.5,2.3,-0.39,-0.85,3.0,3.0,1
10907,10.0,1.0,42.0,3.9,2.39,-6.44,4.0,5.0,1
10908,4.0,5.0,34.0,2.9,-0.26,-0.23,3.0,3.0,1
10910,1.0,2.0,38.0,3.2,-1.85,-1.29,3.0,3.0,1
10911,3.0,3.0,33.0,3.3,-0.69,-0.75,4.0,3.0,1
10913,7.0,3.0,37.5,3.1,0.48,-0.65,3.0,4.0,0
10914,7.0,7.0,36.0,3.1,0.31,0.35,4.0,3.0,1
10917,6.0,7.0,44.0,3.7,0.16,0.35,4.0,6.0,1
10920,3.0,2.0,41.0,2.4,-0.59,-0.98,4.0,3.0,1
10927,8.0,7.0,48.0,3.5,0.85,0.53,3.0,4.0,1
10928,5.0,5.0,38.0,2.6,0.05,-0.02,2.0,3.0,1
10932,10.0,9.0,39.0,3.1,1.58,1.14,4.0,2.0,1
10934,1.0,1.0,34.5,3.1,-1.83,-2.92,5.0,3.0,0
10936,8.0,6.0,46.0,3.6,0.72,0.24,4.0,5.0,1
10938,5.0,1.0,35.0,3.4,-0.11,-1.33,4.0,3.0,1
10939,3.0,4.0,37.0,3.2,-0.46,-0.3,3.0,3.0,1
10944,3.0,3.0,38.5,2.8,-0.45,-0.87,5.0,3.0,1
10945,7.0,8.0,37.0,2.8,0.48,0.81,4.0,3.0,1
10946,2.0,2.0,40.0,2.5,-0.82,-1.1,4.0,5.0,1
10947,6.0,5.0,43.0,3.2,0.32,0.01,3.0,4.0,1
10948,10.0,9.0,46.0,3.8,1.83,1.2,3.0,4.0,1
10949,2.0,1.0,26.0,3.2,-0.83,-1.37,4.0,3.0,0
10950,10.0,9.0,39.5,3.5,1.31,1.05,3.0,5.0,1
10951,9.0,10.0,37.0,3.9,1.04,2.12,4.0,2.0,1
10955,4.0,4.0,43.0,3.2,-0.27,-0.27,5.0,5.0,1
10958,8.0,9.0,31.0,3.5,0.78,0.89,3.0,3.0,1
10963,6.0,7.0,48.0,3.4,0.27,0.42,4.0,5.0,1
10965,5.0,3.0,36.0,3.3,-0.14,-0.55,3.0,6.0,1
10967,3.0,4.0,41.0,3.8,-0.51,-0.39,1.0,5.0,1
10968,7.0,8.0,29.5,3.5,0.39,0.68,3.0,3.0,1
10969,8.0,7.0,46.0,4.0,0.56,0.5,4.0,5.0,1
10970,2.0,3.0,26.0,3.4,-0.99,-0.7,5.0,4.0,0
10971,2.0,1.0,35.0,3.0,-1.01,-1.48,4.0,3.0,1
10974,2.0,3.0,40.0,3.5,-0.83,-0.75,3.0,4.0,1
10976,4.0,4.0,27.0,3.5,-0.21,-0.48,3.0,5.0,1
10977,7.0,7.0,38.0,3.6,0.55,0.42,4.0,3.0,1
10978,9.0,9.0,34.0,3.5,1.14,1.08,4.0,5.0,1
10979,2.0,4.0,41.0,3.3,-0.79,-0.37,4.0,4.0,1
10982,9.0,8.0,36.0,3.3,1.2,0.79,3.0,4.0,1
10983,8.0,5.0,35.0,3.0,0.78,-0.16,4.0,5.0,1
10988,5.0,3.0,42.0,3.6,0.07,-0.55,3.0,4.0,1
10994,2.0,2.0,38.0,3.9,-1.0,-1.02,1.0,6.0,1
10998,10.0,10.0,47.0,3.0,1.89,1.79,4.0,3.0,1
10999,9.0,10.0,42.0,3.0,1.02,1.39,4.0,3.0,1
11000,9.0,10.0,35.0,2.8,1.27,1.73,3.0,3.0,1
11002,1.0,1.0,35.0,3.4,-1.31,-1.38,4.0,4.0,0
11004,10.0,10.0,42.0,3.6,1.36,1.55,4.0,4.0,1
11006,7.0,6.0,40.0,3.7,0.42,0.13,3.0,4.0,1
11009,6.0,7.0,33.0,3.5,0.3,0.34,3.0,3.0,1
11011,6.0,8.0,41.0,3.4,0.17,0.65,2.0,3.0,1
11018,2.0,2.0,35.0,2.7,-1.05,-1.12,4.0,3.0,1
11020,9.0,8.0,34.0,3.1,0.97,0.8,3.0,3.0,1
11021,4.0,5.0,39.0,3.4,-0.41,-0.22,2.0,4.0,1
11025,2.0,3.0,22.0,3.5,-0.97,-0.75,4.0,4.0,0
11028,5.0,3.0,46.0,3.5,0.06,-0.56,4.0,6.0,1
11030,7.0,6.0,43.0,3.9,0.57,0.23,4.0,6.0,1
11034,5.0,7.0,30.0,2.6,0.01,0.35,2.0,2.0,1
11035,6.0,8.0,40.0,3.7,0.15,0.72,4.0,6.0,1
11037,4.0,5.0,31.0,3.1,-0.27,-0.17,4.0,2.0,1
11038,10.0,10.0,42.0,4.0,1.67,1.98,3.0,4.0,1
11039,2.0,1.0,36.0,3.0,-1.14,-2.29,4.0,4.0,0
11040,5.0,4.0,29.0,2.9,-0.06,-0.3,3.0,1.0,1
11048,1.0,1.0,26.0,2.9,-1.7,-2.14,2.0,5.0,0
11054,7.0,7.0,32.0,2.8,0.39,0.52,3.0,3.0,1
11055,9.0,9.0,35.0,3.0,1.05,1.05,4.0,3.0,1
11057,6.0,5.0,26.0,2.7,0.28,-0.27,1.0,1.0,1
11063,2.0,3.0,35.0,3.3,-0.84,-0.57,2.0,5.0,0
11064,9.0,10.0,32.0,3.0,1.1,1.37,4.0,3.0,1
11065,4.0,3.0,31.0,3.4,-0.28,-0.82,3.0,3.0,1
11066,5.0,5.0,42.0,2.7,-0.02,-0.24,4.0,3.0,1
11067,4.0,4.0,32.0,3.7,-0.08,-0.33,2.0,1.0,1
11070,2.0,1.0,34.0,2.7,-0.84,-1.46,4.0,2.0,0
11071,8.0,6.0,43.0,2.7,0.65,0.18,3.0,5.0,1
11076,3.0,1.0,42.0,2.8,-0.64,-2.06,4.0,5.0,0
11079,8.0,4.0,41.0,2.7,0.57,-0.36,2.0,5.0,0
11081,7.0,8.0,44.0,3.2,0.58,0.77,5.0,4.0,1
11084,1.0,1.0,39.0,3.1,-1.36,-1.71,4.0,3.0,0
11087,8.0,8.0,43.0,3.7,0.8,0.71,3.0,5.0,1
11089,2.0,1.0,37.5,3.0,-0.95,-1.51,3.0,5.0,0
11090,7.0,10.0,31.0,3.4,0.46,1.43,3.0,3.0,1
11093,4.0,2.0,38.0,3.5,-0.43,-1.08,2.0,5.0,1
11095,4.0,4.0,37.0,3.5,-0.42,-0.41,3.0,2.0,1
11097,4.0,5.0,35.0,2.9,-0.22,-0.05,1.0,5.0,1
11098,10.0,6.0,33.5,3.0,1.33,0.18,4.0,3.0,1
11099,2.0,3.0,30.5,3.0,-1.09,-0.56,5.0,3.0,1
11103,1.0,1.0,25.0,2.7,-1.44,-2.02,3.0,3.0,0
11104,9.0,9.0,42.0,3.3,1.18,1.0,4.0,6.0,1
11106,9.0,10.0,40.0,3.5,1.11,1.38,4.0,3.0,1
11107,3.0,1.0,39.0,3.1,-0.68,-1.53,5.0,4.0,1
11112,3.0,5.0,38.0,3.3,-0.48,-0.08,3.0,3.0,1
11114,7.0,8.0,28.7,3.0,0.38,0.6,3.0,2.0,1
11116,10.0,10.0,42.0,2.7,1.45,1.4,4.0,2.0,1
11117,4.0,5.0,42.0,3.7,-0.38,-0.22,4.0,5.0,1
11118,1.0,2.0,33.0,3.1,-1.86,-1.28,3.0,3.0,1
11120,2.0,1.0,41.0,3.2,-0.71,-1.9,4.0,3.0,1
11121,5.0,4.0,31.0,2.5,0.08,-0.4,1.0,1.0,0
11124,1.0,1.0,22.0,3.2,-1.67,-1.78,3.0,5.0,1
11125,7.0,8.0,39.5,3.3,0.36,0.56,4.0,3.0,1
11126,1.0,1.0,19.5,2.6,-1.96,-2.36,2.0,3.0,0
11127,4.0,5.0,33.0,3.9,-0.41,-0.23,2.0,5.0,1
11128,2.0,3.0,26.5,2.7,-0.7,-0.56,2.0,3.0,1
11130,2.0,3.0,39.0,2.9,-0.76,-0.57,5.0,5.0,1
11131,9.0,7.0,39.0,3.4,1.01,0.52,3.0,3.0,1
11133,4.0,3.0,42.0,3.0,-0.32,-0.79,3.0,5.0,1
11135,3.0,3.0,45.0,2.1,-0.55,-0.76,3.0,3.0,1
11136,10.0,10.0,33.0,2.7,1.79,2.15,3.0,2.0,1
11138,3.0,6.0,40.0,3.0,-0.43,0.02,5.0,3.0,1
11139,8.0,7.0,43.0,3.5,0.75,0.34,4.0,5.0,1
11140,3.0,3.0,32.0,3.6,-0.68,-0.71,3.0,4.0,1
11142,1.0,3.0,39.0,3.6,-1.27,-0.71,5.0,5.0,1
11145,3.0,1.0,37.0,2.9,-0.69,-1.33,3.0,5.0,0
11146,7.0,8.0,27.5,3.6,0.35,0.73,3.0,5.0,1
11150,10.0,8.0,33.0,3.0,1.28,0.68,3.0,5.0,1
11152,8.0,9.0,38.0,3.1,0.87,1.16,4.0,6.0,1
11154,1.0,1.0,32.0,3.3,-1.16,-1.59,2.0,3.0,1
11157,1.0,2.0,36.0,3.5,-1.41,-0.95,4.0,4.0,0
11159,2.0,1.0,29.0,2.6,-1.01,-1.62,4.0,4.0,0
11160,2.0,2.0,33.5,3.1,-1.0,-0.94,4.0,4.0,1
11165,9.0,7.0,45.0,3.6,1.16,0.31,4.0,6.0,1
11167,2.0,2.0,17.5,2.5,-0.6,-1.02,4.0,1.0,0
11171,5.0,5.0,38.0,2.8,-0.03,0.0,5.0,5.0,1
11173,5.0,6.0,42.0,3.2,-0.04,0.14,2.0,4.0,1
11175,4.0,3.0,46.0,2.5,-0.27,-0.76,2.0,4.0,1
11176,3.0,2.0,31.5,3.0,-0.52,-0.9,5.0,3.0,1
11177,8.0,6.0,36.0,3.7,0.64,0.08,3.0,3.0,1
11179,8.0,8.0,32.5,3.2,0.76,0.66,4.0,3.0,1
11181,7.0,7.0,38.5,3.2,0.53,0.37,4.0,3.0,1
11185,3.0,2.0,43.0,2.5,-0.74,-0.96,5.0,5.0,1
11186,9.0,7.0,37.0,2.9,1.01,0.28,3.0,3.0,1
11188,5.0,6.0,32.0,3.7,-0.14,-0.04,4.0,2.0,1
11191,6.0,6.0,45.0,3.6,0.21,0.21,5.0,4.0,1
11193,1.0,1.0,26.0,3.1,-2.02,-1.89,2.0,4.0,0
11202,2.0,2.0,34.0,2.6,-0.7,-0.9,4.0,3.0,1
11205,9.0,8.0,45.0,3.9,1.02,0.61,4.0,5.0,1
11208,8.0,5.0,40.0,2.9,0.76,0.0,4.0,4.0,1
11210,8.0,10.0,40.5,3.7,0.8,1.42,5.0,4.0,1
11214,4.0,2.0,32.0,3.3,-0.41,-1.02,4.0,4.0,1
11217,1.0,1.0,20.0,2.5,-2.58,-2.44,5.0,3.0,1
11220,9.0,8.0,39.0,3.0,1.05,0.7,4.0,5.0,1
11221,5.0,5.0,41.0,3.5,-0.04,-0.21,3.0,5.0,1
11222,1.0,4.0,22.7,2.2,-1.17,-0.3,4.0,3.0,0
11231,1.0,1.0,39.0,3.2,-1.41,-1.74,3.0,4.0,0
11232,10.0,10.0,48.0,3.9,2.11,2.16,3.0,5.0,1
11234,5.0,4.0,22.0,3.3,-0.16,-0.52,4.0,4.0,1
11235,9.0,9.0,46.0,3.0,0.95,1.2,2.0,5.0,1
11236,2.0,1.0,31.0,2.8,-0.79,-1.51,4.0,3.0,0
11237,4.0,4.0,36.0,3.7,-0.24,-0.42,4.0,3.0,1
11243,6.0,5.0,25.0,3.8,0.19,-0.2,3.0,2.0,1
11244,9.0,9.0,39.0,3.8,0.95,1.15,4.0,3.0,1
11245,1.0,1.0,36.0,3.2,-1.23,-1.59,4.0,4.0,1
11246,8.0,8.0,44.0,3.2,0.75,0.65,3.0,4.0,1
11248,9.0,8.0,42.0,2.8,1.21,0.83,4.0,4.0,1
11255,5.0,5.0,29.0,3.1,-0.12,-0.23,2.0,2.0,1
11256,1.0,4.0,35.0,2.3,-1.71,-0.54,4.0,3.0,0
11258,8.0,8.0,33.0,3.0,0.81,0.82,4.0,3.0,1
11260,7.0,7.0,31.0,3.6,0.46,0.32,4.0,3.0,1
11261,2.0,2.0,45.0,3.6,-0.96,-0.99,4.0,6.0,1
11262,8.0,5.0,47.0,3.1,0.76,-0.18,4.0,4.0,1
11266,7.0,10.0,32.0,3.5,0.53,2.13,4.0,2.0,1
11268,4.0,4.0,47.0,3.1,-0.27,-0.31,4.0,4.0,1
11269,3.0,3.0,32.0,3.1,-0.52,-0.65,1.0,5.0,1
11271,6.0,4.0,44.0,2.6,0.19,-0.46,4.0,4.0,1
11273,2.0,4.0,40.0,3.9,-1.08,-0.39,4.0,5.0,1
11278,5.0,3.0,33.0,3.3,-0.14,-0.72,4.0,3.0,0
11279,4.0,3.0,43.0,3.4,-0.38,-0.55,4.0,4.0,1
11281,7.0,9.0,40.0,2.8,0.45,0.88,4.0,3.0,1
11283,3.0,6.0,41.0,2.6,-0.6,0.21,4.0,4.0,1
11284,6.0,8.0,41.0,3.2,0.09,0.82,5.0,4.0,0
11285,4.0,6.0,35.0,2.8,-0.33,0.02,2.0,4.0,1
11290,7.0,6.0,39.0,3.1,0.36,0.22,3.0,4.0,1
11291,6.0,7.0,31.5,3.2,0.29,0.35,3.0,3.0,1
11292,4.0,5.0,30.5,3.7,-0.33,-0.3,3.0,2.0,1
11293,7.0,7.0,41.0,3.7,0.47,0.53,4.0,5.0,1
11297,10.0,10.0,39.0,2.5,1.7,1.52,4.0,3.0,1
11300,5.0,7.0,40.0,2.9,-0.11,0.26,2.0,3.0,1
11302,6.0,2.0,38.0,3.5,0.12,-0.89,4.0,5.0,1
11304,6.0,8.0,31.0,3.4,0.12,0.63,3.0,4.0,1
11306,4.0,8.0,48.0,3.3,-0.19,0.61,4.0,3.0,1
11308,5.0,7.0,47.0,3.6,-0.14,0.54,4.0,6.0,1
11312,5.0,4.0,37.0,2.4,-0.05,-0.45,3.0,3.0,1
11313,4.0,5.0,40.0,3.0,-0.32,-0.17,4.0,5.0,1
11314,5.0,10.0,38.0,3.7,-0.07,2.01,4.0,5.0,1
11315,7.0,5.0,36.0,3.6,0.59,-0.12,3.0,4.0,1
11317,7.0,8.0,41.0,2.9,0.5,0.74,4.0,3.0,1
11321,3.0,6.0,24.0,3.2,-0.69,0.12,5.0,2.0,1
11323,6.0,6.0,34.5,3.6,0.25,0.18,3.0,4.0,1
11324,3.0,2.0,36.0,3.1,-0.68,-1.27,3.0,3.0,1
11327,10.0,10.0,46.0,3.6,1.84,2.29,3.0,3.0,1
11328,9.0,9.0,29.0,3.3,0.97,1.18,3.0,3.0,1
11330,1.0,1.0,38.0,3.5,-1.95,-1.69,4.0,3.0,0
11334,9.0,10.0,28.0,2.8,1.16,1.6,4.0,2.0,1
11335,10.0,10.0,38.0,3.7,1.93,1.51,5.0,5.0,1
11337,2.0,3.0,27.5,3.0,-0.89,-0.68,3.0,3.0,1
11344,9.0,9.0,18.0,3.5,0.95,0.98,1.0,1.0,0
11347,1.0,4.0,41.0,3.1,-1.3,-0.24,5.0,6.0,1
11349,9.0,9.0,34.5,3.2,1.01,1.17,4.0,3.0,1
11351,3.0,5.0,28.5,3.2,-0.47,-0.24,2.0,2.0,1
11352,1.0,3.0,35.0,3.0,-1.18,-0.73,4.0,3.0,1
11355,2.0,2.0,42.0,3.0,-0.82,-1.09,1.0,4.0,1
11356,1.0,1.0,40.0,3.7,-1.62,-1.79,4.0,6.0,0
11357,2.0,1.0,35.0,3.2,-1.1,-1.59,1.0,5.0,1
11359,5.0,2.0,37.0,2.3,-0.08,-1.19,2.0,3.0,1
11360,8.0,8.0,41.0,3.5,0.73,0.56,4.0,4.0,1
11361,5.0,6.0,38.0,2.9,-0.1,0.11,3.0,3.0,1
11362,2.0,4.0,33.0,2.9,-0.85,-0.49,4.0,2.0,0
11364,8.0,7.0,43.0,3.6,0.81,0.3,3.0,6.0,1
11365,4.0,6.0,31.5,3.0,-0.17,0.15,3.0,3.0,1
11366,2.0,2.0,30.0,3.0,-1.04,-1.08,3.0,3.0,1
11367,7.0,8.0,40.0,3.3,0.43,0.57,3.0,5.0,1
11368,3.0,9.0,42.0,3.5,-0.54,1.26,4.0,4.0,1
11369,4.0,3.0,38.0,3.1,-0.37,-0.88,4.0,3.0,1
11370,2.0,3.0,29.0,2.8,-0.67,-0.79,3.0,1.0,0
11372,1.0,2.0,35.0,3.0,-1.41,-1.25,3.0,3.0,1
11373,10.0,10.0,33.0,3.2,1.4,1.7,4.0,5.0,1
11374,1.0,1.0,31.0,3.1,-1.28,-1.5,1.0,5.0,0
11375,8.0,8.0,37.0,3.0,0.77,0.67,2.0,3.0,1
11380,10.0,10.0,38.0,2.8,2.48,2.3,3.0,3.0,1
11382,7.0,5.0,46.0,3.2,0.48,-0.12,4.0,4.0,1
11383,10.0,10.0,39.0,3.8,1.92,2.06,4.0,5.0,1
11384,1.0,1.0,39.0,3.8,-1.32,-2.0,4.0,4.0,0
11387,5.0,6.0,40.0,3.2,0.0,0.07,4.0,4.0,1
11391,8.0,6.0,34.0,3.8,0.63,0.23,3.0,4.0,1
11392,10.0,9.0,40.0,3.4,1.33,1.31,3.0,3.0,1
11393,7.0,8.0,32.0,2.9,0.33,0.57,3.0,2.0,1
11395,5.0,5.0,31.0,2.9,-0.03,-0.17,4.0,2.0,1
11396,3.0,1.0,39.0,2.6,-0.6,-1.42,2.0,4.0,0
11399,3.0,2.0,29.0,3.8,-0.62,-1.23,2.0,4.0,1
11400,6.0,5.0,35.0,2.9,0.19,-0.26,4.0,3.0,1
11404,7.0,10.0,42.0,3.8,0.57,1.31,4.0,4.0,1
11405,9.0,10.0,31.5,3.2,1.11,1.41,3.0,3.0,1
11408,8.0,8.0,33.0,4.0,0.78,0.83,4.0,4.0,1
11413,5.0,8.0,28.0,3.4,-0.05,0.57,4.0,3.0,1
11415,2.0,3.0,39.0,3.5,-0.9,-0.88,3.0,3.0,1
11416,4.0,6.0,40.0,3.5,-0.21,0.1,4.0,3.0,1
11418,2.0,2.0,46.0,3.7,-1.08,-0.99,4.0,5.0,1
11419,7.0,8.0,32.0,2.1,0.48,0.83,4.0,3.0,1
11425,10.0,9.0,36.5,2.9,1.59,1.31,2.0,1.0,1
11426,1.0,3.0,31.0,3.3,-1.17,-0.67,4.0,3.0,0
11427,7.0,8.0,46.0,2.9,0.46,0.63,3.0,4.0,1
11433,7.0,6.0,34.0,3.2,0.37,0.24,4.0,3.0,1
11437,8.0,7.0,39.0,3.4,0.75,0.51,3.0,3.0,1
11438,1.0,1.0,30.0,3.1,-1.2,-1.43,3.0,5.0,1
11439,7.0,7.0,37.0,3.2,0.46,0.55,3.0,4.0,1
11442,9.0,7.0,36.0,3.6,1.05,0.42,2.0,4.0,1
11446,4.0,6.0,31.0,3.1,-0.37,0.07,3.0,2.0,1
11447,9.0,10.0,31.0,3.7,1.04,1.64,3.0,1.0,1
11455,2.0,4.0,35.0,3.9,-0.81,-0.35,3.0,4.0,1
11457,8.0,7.0,42.0,3.1,0.79,0.46,3.0,5.0,1
11458,10.0,10.0,41.0,3.8,1.81,1.59,3.0,4.0,1
11460,7.0,6.0,43.0,3.4,0.54,0.1,3.0,3.0,1
11461,1.0,3.0,32.5,3.1,-1.12,-0.74,4.0,3.0,0
11462,1.0,1.0,32.0,3.1,-1.39,-1.71,1.0,3.0,0
11464,9.0,9.0,42.0,2.3,0.98,1.16,4.0,3.0,1
11466,1.0,1.0,34.0,2.8,-1.15,-1.38,3.0,4.0,1
11467,7.0,5.0,38.0,3.5,0.46,-0.18,3.0,4.0,1
11469,10.0,10.0,35.0,3.3,1.38,1.99,4.0,4.0,1
11470,4.0,6.0,43.0,3.5,-0.41,0.28,3.0,4.0,1
11472,8.0,7.0,39.0,3.2,0.62,0.51,4.0,4.0,1
11473,5.0,6.0,36.0,3.3,-0.13,-0.01,3.0,3.0,1
11474,4.0,1.0,33.0,3.1,-0.32,-1.9,2.0,3.0,0
11476,10.0,10.0,45.0,3.6,2.33,1.85,3.0,3.0,1
11478,1.0,5.0,36.0,3.4,-1.41,-0.26,5.0,3.0,1
11479,4.0,5.0,36.0,2.9,-0.21,-0.04,3.0,4.0,0
11480,7.0,8.0,36.0,3.4,0.55,0.78,3.0,3.0,1
11483,6.0,4.0,46.0,4.0,0.2,-0.3,4.0,5.0,1
11485,9.0,10.0,27.5,3.6,0.98,1.57,4.0,2.0,1
11491,3.0,4.0,38.0,2.9,-0.51,-0.43,4.0,3.0,1
11494,4.0,1.0,33.5,3.0,-0.45,-1.33,4.0,5.0,1
11495,4.0,6.0,42.0,3.7,-0.17,0.07,3.0,4.0,1
11496,6.0,6.0,34.0,3.1,0.2,0.23,3.0,3.0,1
11497,9.0,9.0,34.0,3.3,0.94,0.93,4.0,4.0,1
11498,3.0,4.0,40.0,3.3,-0.59,-0.5,3.0,3.0,1
11499,8.0,8.0,43.0,3.2,0.85,0.55,4.0,5.0,1
11502,7.0,5.0,33.0,3.0,0.54,-0.17,5.0,3.0,1
11503,5.0,5.0,33.0,2.1,-0.12,-0.13,3.0,2.0,1
11505,1.0,1.0,34.0,2.3,-2.36,-2.49,3.0,4.0,0
11506,5.0,6.0,34.0,3.6,0.07,0.12,2.0,4.0,1
11507,7.0,2.0,35.0,3.6,0.41,-1.18,3.0,4.0,0
11508,8.0,8.0,44.0,3.3,0.86,0.65,4.0,5.0,1
11510,3.0,1.0,40.0,2.5,-0.71,-1.68,2.0,4.0,1
11514,9.0,9.0,32.5,3.7,0.91,0.95,4.0,3.0,1
11516,5.0,7.0,40.0,3.1,-0.03,0.53,4.0,3.0,1
11521,4.0,5.0,42.0,3.7,-0.45,-0.05,4.0,5.0,1
11526,1.0,1.0,34.5,2.9,-1.73,-1.51,3.0,3.0,1
11527,3.0,4.0,47.0,3.4,-0.75,-0.49,3.0,6.0,1
11529,6.0,7.0,36.0,3.4,0.05,0.33,4.0,5.0,1
11532,9.0,9.0,42.0,3.6,1.06,0.99,3.0,4.0,1
11533,4.0,5.0,40.0,3.5,-0.3,-0.03,3.0,4.0,1
11534,10.0,10.0,42.0,3.5,2.37,2.83,4.0,3.0,1
11536,9.0,7.0,35.0,3.4,1.19,0.54,2.0,3.0,1
11538,5.0,5.0,36.0,2.1,-0.13,-0.05,3.0,3.0,1
11539,9.0,10.0,38.0,3.2,0.98,1.4,3.0,2.0,0
11543,9.0,10.0,48.0,3.6,1.14,1.63,3.0,5.0,1
11549,4.0,4.0,30.0,2.9,-0.31,-0.29,4.0,3.0,1
11551,6.0,6.0,42.0,3.7,0.29,0.2,4.0,4.0,1
11552,7.0,7.0,39.0,3.7,0.49,0.36,3.0,4.0,1
11554,4.0,4.0,45.0,3.4,-0.29,-0.47,3.0,4.0,1
11555,8.0,9.0,48.0,3.2,0.87,1.04,4.0,4.0,1
11556,4.0,6.0,42.0,3.0,-0.4,0.07,2.0,4.0,1
11560,5.0,6.0,32.0,3.0,-0.01,-0.01,3.0,2.0,0
11561,4.0,5.0,43.0,3.8,-0.33,-0.05,3.0,5.0,1
11562,2.0,4.0,35.0,2.7,-1.03,-0.4,5.0,3.0,1
11563,10.0,10.0,37.0,3.9,1.64,1.71,1.0,3.0,1
11567,6.0,7.0,40.0,3.0,0.2,0.26,4.0,3.0,1
11568,4.0,5.0,40.0,3.9,-0.19,-0.17,3.0,3.0,1
11569,5.0,3.0,30.0,2.8,-0.07,-0.62,4.0,5.0,0
11576,4.0,6.0,33.0,3.9,-0.35,0.18,3.0,3.0,1
11578,6.0,5.0,36.0,2.5,0.08,-0.04,3.0,3.0,1
11579,3.0,4.0,34.0,3.1,-0.43,-0.53,4.0,3.0,1
11580,10.0,10.0,33.0,3.7,1.72,1.63,4.0,4.0,1
11582,4.0,6.0,34.0,3.7,-0.34,0.28,4.0,4.0,1
11586,6.0,5.0,31.0,2.6,0.07,-0.19,3.0,2.0,1
11589,1.0,1.0,37.0,3.7,-1.35,-1.91,4.0,6.0,1
11590,8.0,9.0,37.0,3.4,0.82,1.02,4.0,5.0,1
11592,6.0,6.0,40.0,3.3,0.21,0.14,4.0,5.0,1
11597,3.0,3.0,40.0,3.5,-0.61,-0.6,3.0,4.0,1
11599,4.0,2.0,39.0,2.8,-0.36,-0.93,4.0,3.0,1
11607,10.0,10.0,43.0,2.9,1.89,1.63,4.0,4.0,1
11609,9.0,9.0,39.0,3.1,0.87,1.04,4.0,5.0,1
11610,7.0,7.0,41.0,3.6,0.36,0.47,3.0,5.0,1
11612,6.0,8.0,30.0,3.2,0.19,0.57,3.0,3.0,1
11615,10.0,9.0,28.0,3.2,1.32,1.15,3.0,2.0,1
11623,4.0,4.0,30.0,2.7,-0.33,-0.34,4.0,3.0,1
11624,9.0,9.0,45.0,3.9,1.08,1.0,3.0,6.0,1
11625,9.0,10.0,40.0,3.2,1.19,1.77,2.0,2.0,1
11628,5.0,5.0,48.0,3.3,-0.12,-0.06,4.0,4.0,1
11630,5.0,6.0,40.0,3.8,0.07,0.28,4.0,4.0,1
11631,10.0,10.0,45.0,3.6,1.54,1.5,4.0,5.0,1
11633,10.0,10.0,41.0,3.7,1.33,1.52,3.0,5.0,1
11634,5.0,5.0,44.0,3.3,0.05,0.0,4.0,5.0,1
11645,10.0,10.0,36.0,3.7,1.58,1.52,3.0,3.0,1
11649,5.0,4.0,36.0,2.6,-0.17,-0.54,4.0,3.0,1
11650,9.0,8.0,45.0,3.0,1.03,0.82,4.0,4.0,1
11651,4.0,7.0,28.5,3.1,-0.39,0.41,5.0,3.0,1
11653,5.0,7.0,36.0,3.2,-0.15,0.43,4.0,3.0,1
11656,10.0,9.0,35.0,3.2,1.6,0.92,3.0,4.0,1
11658,9.0,8.0,39.0,3.1,1.01,0.76,4.0,3.0,1
11659,2.0,4.0,26.0,2.9,-1.03,-0.47,4.0,2.0,1
11661,6.0,6.0,26.0,2.6,0.23,0.15,4.0,1.0,1
11666,2.0,3.0,29.0,2.8,-0.78,-0.77,2.0,3.0,1
11667,5.0,6.0,32.0,3.4,-0.14,-0.01,4.0,3.0,1
11668,6.0,5.0,38.5,3.5,0.06,-0.07,4.0,3.0,1
11670,7.0,7.0,34.0,3.9,0.55,0.4,3.0,4.0,1
11671,10.0,10.0,33.0,3.5,1.29,1.46,3.0,5.0,1
11672,8.0,6.0,37.0,3.4,0.58,-0.03,4.0,2.0,0
11674,2.0,3.0,28.0,3.1,-0.92,-0.8,3.0,3.0,1
11675,3.0,4.0,33.0,3.1,-0.49,-0.34,2.0,2.0,1
11681,7.0,7.0,35.5,2.9,0.28,0.37,3.0,5.0,1
11682,1.0,2.0,32.0,3.3,-1.13,-1.07,3.0,3.0,1
11683,4.0,4.0,21.5,3.2,-0.27,-0.51,4.0,3.0,1
11684,4.0,4.0,42.0,3.2,-0.28,-0.48,3.0,4.0,1
11687,9.0,10.0,37.0,3.3,1.11,1.31,4.0,5.0,1
11688,1.0,3.0,33.0,3.1,-1.23,-0.8,4.0,3.0,1
11690,8.0,7.0,35.0,3.1,0.72,0.51,3.0,4.0,1
11691,2.0,1.0,28.0,2.9,-0.98,-1.32,2.0,5.0,1
11694,9.0,9.0,39.0,3.3,0.96,1.24,4.0,3.0,1
11696,8.0,7.0,45.0,3.9,0.71,0.36,3.0,3.0,1
11697,1.0,1.0,36.0,3.0,-1.27,-1.48,2.0,4.0,1
11700,2.0,2.0,40.0,2.3,-1.07,-0.98,4.0,3.0,1
11703,6.0,8.0,46.0,3.2,0.23,0.67,3.0,4.0,1
11705,9.0,8.0,41.0,3.0,1.13,0.63,2.0,3.0,1
11707,6.0,5.0,34.0,3.2,0.31,-0.04,3.0,3.0,1
11708,1.0,1.0,32.0,2.5,-1.15,-1.92,3.0,4.0,0
11709,6.0,6.0,43.0,3.3,0.19,0.04,4.0,5.0,1
11710,1.0,1.0,30.5,3.0,-1.99,-1.65,2.0,4.0,0
11711,1.0,1.0,15.5,2.9,-1.3,-1.62,3.0,3.0,0
11712,6.0,7.0,31.0,3.3,0.18,0.25,3.0,2.0,1
11715,6.0,5.0,41.0,3.0,0.22,-0.02,4.0,4.0,1
11718,3.0,2.0,32.5,2.5,-0.47,-1.31,4.0,3.0,1
11719,7.0,7.0,42.0,3.7,0.46,0.32,4.0,3.0,1
11721,1.0,1.0,39.0,3.3,-1.53,-2.97,2.0,6.0,0
11722,4.0,6.0,43.0,3.3,-0.34,0.13,4.0,4.0,1
11731,4.0,3.0,34.0,3.1,-0.41,-0.63,3.0,3.0,1
11732,9.0,10.0,41.0,3.2,1.27,1.34,4.0,5.0,1
11735,8.0,8.0,41.0,3.4,0.75,0.83,3.0,4.0,1
11737,1.0,1.0,21.0,2.9,-1.78,-3.14,4.0,4.0,0
11738,5.0,7.0,34.5,3.4,-0.14,0.47,3.0,3.0,1
11739,8.0,8.0,41.0,3.3,0.72,0.78,4.0,3.0,1
11742,10.0,10.0,39.0,2.8,1.83,1.37,2.0,3.0,1
11748,7.0,8.0,45.0,3.3,0.48,0.73,4.0,3.0,1
11752,3.0,2.0,30.5,3.1,-0.69,-1.08,2.0,3.0,1
11754,4.0,5.0,30.0,3.7,-0.42,-0.32,4.0,2.0,1
11755,7.0,5.0,45.0,3.1,0.35,-0.22,4.0,4.0,1
11756,8.0,10.0,38.0,3.4,0.7,1.38,4.0,4.0,1
11758,9.0,10.0,41.0,4.0,0.9,1.62,3.0,4.0,1
11760,10.0,8.0,40.0,3.7,1.75,0.86,3.0,3.0,1
11761,9.0,9.0,37.0,2.8,1.1,1.19,4.0,4.0,1
11768,4.0,5.0,33.0,2.3,-0.35,-0.23,4.0,4.0,0
11769,7.0,7.0,43.0,2.4,0.55,0.32,3.0,3.0,1
11770,7.0,8.0,34.0,3.5,0.48,0.66,4.0,5.0,1
11772,6.0,7.0,38.0,3.2,0.07,0.38,3.0,3.0,1
11773,7.0,4.0,36.0,4.0,0.55,-0.28,2.0,4.0,1
11774,5.0,5.0,36.0,2.5,-0.11,-0.16,3.0,3.0,1
11777,3.0,3.0,33.0,3.5,-0.6,-0.82,3.0,2.0,0
11778,7.0,7.0,30.0,2.7,0.56,0.28,2.0,1.0,0
11779,9.0,10.0,38.0,3.9,1.31,1.47,5.0,6.0,1
11782,4.0,3.0,37.0,2.5,-0.29,-0.6,2.0,3.0,1
11783,2.0,3.0,35.0,3.2,-1.08,-0.7,3.0,5.0,1
11784,2.0,4.0,32.0,3.0,-0.84,-0.34,4.0,2.0,0
11785,4.0,5.0,48.0,3.8,-0.26,-0.16,3.0,5.0,1
11789,1.0,1.0,32.0,3.0,-1.81,-1.47,3.0,4.0,1
11791,8.0,9.0,36.0,3.6,0.84,0.88,4.0,3.0,1
11793,4.0,4.0,39.0,4.0,-0.44,-0.41,3.0,5.0,1
11796,5.0,5.0,32.5,3.4,-0.08,-0.15,3.0,2.0,1
11799,8.0,7.0,34.0,2.9,0.77,0.4,4.0,2.0,1
11803,8.0,7.0,44.0,3.8,0.64,0.32,4.0,5.0,1
11804,2.0,3.0,46.0,3.7,-1.03,-0.58,4.0,6.0,1
11806,10.0,8.0,39.0,3.3,1.3,0.86,4.0,5.0,1
11808,8.0,10.0,42.0,3.8,0.82,1.32,3.0,4.0,1
11812,5.0,5.0,40.0,3.1,-0.12,-0.1,5.0,3.0,1
11814,7.0,4.0,33.0,3.5,0.34,-0.31,4.0,5.0,1
11818,10.0,10.0,44.0,2.0,1.71,1.67,3.0,2.0,1
11819,1.0,2.0,36.0,3.3,-1.42,-1.29,3.0,3.0,0
11820,3.0,4.0,32.0,3.3,-0.64,-0.29,4.0,3.0,1
11821,1.0,1.0,43.0,3.1,-2.84,-1.53,3.0,5.0,1
11822,5.0,5.0,35.0,3.3,-0.15,-0.15,3.0,5.0,1
11824,5.0,6.0,36.0,3.0,0.05,0.12,3.0,3.0,0
11826,1.0,1.0,42.0,2.9,-1.17,-1.35,5.0,5.0,1
11828,8.0,9.0,44.0,3.9,0.78,1.12,4.0,6.0,1
11833,9.0,8.0,41.0,3.7,0.9,0.58,3.0,4.0,1
11836,7.0,5.0,37.0,3.0,0.44,-0.06,2.0,3.0,1
11841,9.0,9.0,41.0,2.8,1.26,0.89,3.0,5.0,1
11843,1.0,1.0,38.0,3.6,-1.45,-1.82,3.0,4.0,0
11847,10.0,9.0,37.0,3.9,1.36,1.29,4.0,3.0,1
11848,6.0,7.0,31.0,3.9,0.12,0.53,3.0,3.0,1
11856,4.0,4.0,30.5,2.6,-0.28,-0.43,4.0,4.0,1
11857,1.0,2.0,25.0,2.5,-1.33,-0.97,3.0,2.0,0
11858,6.0,8.0,40.0,2.7,0.13,0.76,3.0,6.0,1
11862,6.0,3.0,31.5,3.0,0.06,-0.61,3.0,5.0,1
11863,9.0,10.0,31.0,3.1,0.89,1.34,4.0,2.0,1
11864,2.0,2.0,38.0,2.6,-0.78,-1.15,3.0,3.0,1
11866,1.0,1.0,30.0,3.0,-1.24,-1.65,4.0,4.0,1
11867,5.0,4.0,38.0,3.1,0.01,-0.35,3.0,1.0,1
11868,10.0,10.0,40.0,4.0,1.44,1.72,3.0,2.0,1
11871,1.0,2.0,33.0,3.7,-1.86,-0.95,4.0,5.0,1
11876,3.0,4.0,30.0,3.2,-0.46,-0.42,3.0,3.0,1
11877,5.0,6.0,33.5,3.3,-0.1,0.17,4.0,5.0,1
11878,6.0,7.0,41.0,3.3,0.28,0.49,4.0,4.0,1
11882,9.0,10.0,34.0,3.2,1.22,1.91,4.0,3.0,1
11883,6.0,8.0,36.0,3.1,0.16,0.59,4.0,3.0,1
11884,5.0,4.0,31.0,4.0,-0.1,-0.32,3.0,3.0,1
11888,5.0,7.0,37.0,3.6,-0.02,0.4,4.0,3.0,1
11889,1.0,2.0,37.0,3.5,-1.49,-1.25,5.0,3.0,0
11891,9.0,10.0,43.0,3.9,1.21,1.43,4.0,5.0,1
11892,9.0,9.0,25.0,3.5,1.15,0.93,4.0,3.0,1
11897,10.0,9.0,34.0,3.6,1.4,1.25,5.0,5.0,1
11900,3.0,4.0,41.0,3.0,-0.45,-0.37,5.0,3.0,1
11902,8.0,9.0,45.0,2.6,0.8,1.01,4.0,5.0,1
11903,6.0,6.0,39.0,3.2,0.15,0.15,4.0,5.0,1
11904,1.0,1.0,11.0,3.0,-1.4,-1.55,1.0,5.0,0
11907,9.0,9.0,42.0,3.6,1.11,0.99,4.0,4.0,1
11908,6.0,6.0,37.0,3.8,0.13,0.17,3.0,3.0,1
11909,7.0,9.0,41.0,3.6,0.42,0.89,5.0,6.0,1
11910,8.0,9.0,42.0,3.7,0.86,1.03,4.0,6.0,1
11911,9.0,9.0,33.0,3.7,1.2,1.02,3.0,2.0,1
11913,8.0,9.0,39.0,3.0,0.86,1.3,2.0,3.0,1
11914,5.0,6.0,30.0,3.1,-0.11,-0.01,3.0,3.0,1
11917,3.0,2.0,41.0,3.2,-0.75,-1.03,3.0,5.0,1
11922,3.0,5.0,32.0,3.3,-0.45,-0.03,3.0,4.0,1
11923,9.0,10.0,31.0,3.7,1.12,1.31,4.0,4.0,1
11925,9.0,10.0,38.0,2.4,1.26,1.48,4.0,3.0,1
11934,5.0,2.0,41.0,3.9,0.06,-0.92,2.0,6.0,1
11937,3.0,5.0,35.0,2.9,-0.56,-0.12,4.0,5.0,1
11938,10.0,10.0,42.0,3.6,1.45,1.56,3.0,5.0,1
11944,5.0,4.0,34.0,2.4,-0.05,-0.35,3.0,4.0,1
11945,10.0,10.0,47.0,3.7,1.64,1.48,3.0,3.0,1
11947,5.0,4.0,29.5,2.9,-0.07,-0.45,5.0,5.0,1
11955,8.0,7.0,36.0,3.4,0.71,0.53,3.0,4.0,1
11957,9.0,8.0,30.0,3.4,0.89,0.86,4.0,3.0,1
11958,2.0,1.0,36.0,3.0,-0.76,-1.36,4.0,5.0,1
11961,10.0,10.0,40.0,3.8,2.25,2.36,3.0,3.0,1
11963,6.0,7.0,32.0,3.4,0.1,0.48,4.0,3.0,1
11968,6.0,8.0,46.0,3.4,0.19,0.85,4.0,5.0,1
11971,7.0,7.0,34.0,3.5,0.42,0.5,4.0,2.0,1
11973,8.0,8.0,39.0,3.1,0.61,0.58,3.0,3.0,1
11977,1.0,1.0,46.0,3.0,-1.66,-1.93,4.0,5.0,0
11978,7.0,7.0,38.0,3.3,0.33,0.44,4.0,3.0,1
11981,7.0,6.0,36.0,3.1,0.37,0.09,4.0,3.0,1
11986,1.0,1.0,35.0,3.2,-1.27,-1.4,4.0,3.0,1
11988,4.0,4.0,34.0,3.8,-0.18,-0.3,3.0,4.0,1
11989,1.0,1.0,17.5,2.5,-1.53,-1.65,3.0,3.0,0
11990,9.0,8.0,41.0,3.6,0.9,0.68,4.0,5.0,1
11992,7.0,6.0,38.5,3.6,0.56,0.19,5.0,3.0,1
11995,8.0,7.0,44.0,3.6,0.71,0.39,4.0,6.0,1
11996,4.0,5.0,39.0,2.5,-0.18,-0.25,3.0,3.0,1
11997,3.0,6.0,42.0,2.5,-0.63,0.25,3.0,4.0,1
12002,3.0,4.0,42.0,3.5,-0.52,-0.38,4.0,5.0,1
12015,7.0,6.0,39.0,4.0,0.49,0.26,3.0,3.0,1
12018,8.0,6.0,33.0,3.2,0.82,0.15,4.0,3.0,1
12023,8.0,6.0,45.0,3.9,0.66,0.09,4.0,5.0,1
12029,1.0,1.0,36.0,3.1,-1.39,-2.16,3.0,5.0,0
12031,9.0,9.0,40.0,3.3,1.13,1.21,3.0,3.0,1
12033,1.0,1.0,40.0,3.3,-1.2,-1.34,4.0,5.0,1
12034,1.0,1.0,40.0,2.5,-1.39,-1.9,4.0,3.0,0
12035,4.0,4.0,34.0,3.0,-0.36,-0.41,4.0,3.0,1
12037,1.0,1.0,26.0,4.0,-1.68,-1.72,2.0,4.0,0
12039,10.0,10.0,42.0,3.1,1.4,1.32,4.0,4.0,1
12040,5.0,7.0,32.0,2.8,-0.16,0.48,4.0,2.0,1
12041,4.0,5.0,42.0,2.8,-0.35,-0.04,4.0,3.0,1
12042,2.0,5.0,37.0,2.7,-0.64,-0.03,2.0,1.0,1
12044,4.0,5.0,37.0,3.4,-0.32,-0.11,4.0,3.0,1
12049,5.0,5.0,43.0,3.7,-0.2,-0.03,4.0,5.0,1
12051,10.0,10.0,40.0,3.8,1.73,1.63,3.0,2.0,1
12052,1.0,1.0,36.0,3.7,-1.18,-1.93,2.0,4.0,0
12062,4.0,5.0,35.5,2.6,-0.35,-0.13,4.0,3.0,1
12063,1.0,1.0,34.0,3.5,-1.99,-1.92,1.0,3.0,0
12064,2.0,2.0,32.5,3.4,-0.75,-1.25,2.0,3.0,1
12065,7.0,8.0,35.0,3.2,0.46,0.61,3.0,3.0,1
12068,2.0,1.0,30.0,3.9,-1.12,-1.45,3.0,5.0,1
12069,4.0,2.0,41.0,3.2,-0.47,-1.16,4.0,6.0,1
12071,8.0,8.0,38.0,3.2,0.94,0.59,3.0,6.0,1
12073,10.0,9.0,45.0,3.9,1.75,1.03,4.0,5.0,1
12074,10.0,10.0,43.0,3.6,1.57,1.48,3.0,4.0,1
12075,4.0,4.0,29.5,3.4,-0.36,-0.58,4.0,2.0,1
12078,3.0,3.0,35.0,3.2,-0.67,-0.62,3.0,5.0,1
12079,10.0,10.0,33.0,3.4,1.65,1.75,4.0,4.0,1
12080,6.0,8.0,38.0,3.5,0.2,0.7,4.0,5.0,1
12081,3.0,5.0,36.0,3.8,-0.64,-0.24,3.0,3.0,1
12084,7.0,6.0,39.0,2.9,0.49,0.2,5.0,5.0,1
12085,1.0,1.0,33.0,2.5,-1.6,-1.37,3.0,3.0,1
12088,4.0,4.0,37.0,3.7,-0.26,-0.36,4.0,5.0,1
12091,6.0,8.0,37.0,3.6,0.32,0.81,3.0,6.0,1
12098,3.0,5.0,46.0,3.3,-0.77,-0.12,4.0,6.0,1
12099,4.0,4.0,38.0,3.3,-0.29,-0.44,4.0,4.0,1
12100,6.0,7.0,42.0,4.0,0.14,0.41,4.0,5.0,1
12101,6.0,9.0,28.0,3.2,0.23,0.98,4.0,2.0,1
12102,5.0,2.0,38.0,2.3,0.04,-1.12,5.0,2.0,1
12104,2.0,2.0,32.0,3.2,-1.01,-1.24,4.0,3.0,1
12108,4.0,6.0,37.0,3.2,-0.24,0.11,4.0,3.0,1
12109,7.0,6.0,42.0,3.2,0.34,0.17,4.0,5.0,0
12112,8.0,9.0,43.0,3.0,0.6,1.22,4.0,5.0,1
12114,6.0,4.0,39.0,1.9,0.35,-0.53,3.0,1.0,1
12115,2.0,1.0,32.0,2.6,-1.03,-1.35,3.0,4.0,0
12119,6.0,8.0,27.0,4.0,0.12,0.67,2.0,3.0,1
12120,10.0,10.0,42.0,3.1,1.33,1.39,4.0,4.0,1
12121,10.0,10.0,38.0,3.7,1.69,1.65,3.0,3.0,1
12122,1.0,1.0,36.0,2.9,-1.77,-1.9,4.0,3.0,0
12135,10.0,10.0,43.0,3.3,1.73,1.37,3.0,4.0,1
12137,4.0,3.0,38.0,3.6,-0.28,-0.63,4.0,3.0,1
12138,5.0,5.0,36.0,2.9,-0.11,-0.01,4.0,4.0,1
12142,1.0,1.0,30.5,2.9,-1.39,-1.5,4.0,5.0,1
12147,3.0,1.0,41.0,2.4,-0.59,-1.38,2.0,2.0,0
12148,8.0,8.0,33.0,3.5,0.84,0.69,3.0,4.0,1
12149,10.0,10.0,34.0,3.5,1.54,1.66,4.0,5.0,1
12151,1.0,1.0,30.5,2.2,-1.97,-1.88,4.0,4.0,0
12152,5.0,3.0,31.3,3.5,-0.12,-0.65,2.0,3.0,1
12154,4.0,3.0,25.0,2.4,-0.25,-0.6,3.0,1.0,0
12155,4.0,5.0,33.0,3.5,-0.22,-0.27,3.0,3.0,0
12156,6.0,4.0,35.5,3.0,0.08,-0.48,4.0,5.0,1
12157,10.0,9.0,35.0,3.7,1.4,1.15,4.0,3.0,1
12158,8.0,8.0,36.0,3.1,0.84,0.84,4.0,3.0,1
12159,2.0,1.0,33.0,3.0,-1.12,-1.52,2.0,4.0,0
12160,10.0,10.0,42.0,3.5,2.5,2.05,4.0,3.0,1
12164,5.0,4.0,36.0,2.9,-0.17,-0.39,3.0,2.0,1
12165,4.0,2.0,42.0,3.1,-0.4,-1.12,4.0,4.0,1
12166,9.0,9.0,43.0,2.6,1.11,1.03,3.0,5.0,1
12171,5.0,7.0,34.5,3.6,0.08,0.37,4.0,4.0,1
12176,8.0,8.0,39.0,3.5,0.64,0.85,5.0,3.0,1
12178,7.0,9.0,36.0,3.1,0.46,1.04,5.0,3.0,1
12179,5.0,6.0,30.5,3.7,-0.01,0.07,3.0,5.0,1
12181,7.0,9.0,41.0,3.7,0.57,1.15,4.0,4.0,1
12183,6.0,6.0,39.0,3.3,0.08,-0.01,3.0,3.0,1
12189,10.0,9.0,37.5,3.6,1.5,1.0,4.0,3.0,1
12190,3.0,4.0,32.0,3.3,-0.66,-0.37,4.0,3.0,0
12192,2.0,1.0,40.0,3.0,-0.77,-1.64,3.0,4.0,1
12193,8.0,9.0,29.0,3.2,0.58,1.0,4.0,2.0,1
12194,6.0,4.0,39.0,2.5,0.2,-0.47,4.0,5.0,1
12195,7.0,7.0,42.0,3.7,0.42,0.3,4.0,4.0,1
12197,2.0,1.0,35.5,3.2,-1.06,-1.68,4.0,6.0,1
12199,4.0,3.0,39.0,3.2,-0.2,-0.57,5.0,3.0,1
12200,9.0,10.0,29.0,3.4,1.21,1.59,4.0,2.0,1
12202,5.0,5.0,34.0,3.1,-0.16,-0.05,4.0,3.0,1
12204,2.0,2.0,40.0,2.9,-0.79,-1.23,3.0,3.0,1
12205,9.0,8.0,37.0,3.8,0.93,0.85,4.0,4.0,1
12212,9.0,7.0,32.0,3.0,1.04,0.42,5.0,2.0,1
12213,9.0,6.0,37.0,2.2,1.0,0.11,4.0,4.0,1
12216,2.0,2.0,30.5,3.7,-0.91,-1.05,2.0,6.0,0
12218,3.0,3.0,34.0,3.3,-0.46,-0.61,3.0,3.0,1
12219,1.0,2.0,43.0,3.4,-1.33,-1.0,3.0,4.0,1
12220,3.0,4.0,32.0,2.8,-0.58,-0.49,4.0,3.0,1
12224,6.0,5.0,41.0,2.8,0.25,-0.08,4.0,5.0,1
12227,8.0,7.0,40.0,3.8,0.75,0.41,3.0,4.0,1
12228,10.0,10.0,44.0,2.6,1.96,2.31,4.0,3.0,1
12233,9.0,9.0,44.0,3.9,0.97,1.03,2.0,4.0,1
12234,2.0,1.0,41.0,3.7,-1.0,-2.03,2.0,4.0,1
12235,3.0,3.0,29.0,2.9,-0.64,-0.71,4.0,3.0,1
12237,6.0,8.0,37.0,3.4,0.27,0.64,4.0,3.0,1
12238,3.0,3.0,38.0,3.3,-0.65,-0.8,4.0,3.0,1
12239,7.0,7.0,29.0,3.6,0.44,0.44,3.0,3.0,1
12240,9.0,10.0,34.0,3.6,1.28,1.55,4.0,5.0,1
12245,1.0,1.0,27.0,3.2,-2.01,-2.16,3.0,5.0,0
12248,5.0,5.0,41.0,3.6,0.05,-0.11,2.0,4.0,1
12249,9.0,10.0,32.0,3.7,1.25,1.43,3.0,5.0,1
12250,10.0,10.0,37.0,3.7,1.4,1.44,4.0,3.0,1
12251,3.0,2.0,34.0,3.2,-0.48,-1.19,3.0,3.0,1
12252,6.0,7.0,38.0,3.0,0.28,0.44,5.0,3.0,1
12255,1.0,1.0,29.0,2.8,-1.56,-1.53,2.0,4.0,1
12257,8.0,6.0,37.0,3.5,0.78,0.17,4.0,3.0,1
12261,10.0,9.0,35.0,3.5,1.36,1.21,3.0,4.0,1
12262,4.0,4.0,46.0,3.5,-0.39,-0.44,4.0,5.0,1
12263,3.0,9.0,44.0,3.6,-0.58,0.84,4.0,6.0,1
12269,10.0,10.0,38.0,3.2,1.34,1.8,4.0,3.0,1
12270,7.0,8.0,41.0,3.4,0.59,0.63,3.0,4.0,1
12274,1.0,2.0,36.0,3.8,-1.23,-1.04,4.0,3.0,0
12278,6.0,3.0,30.0,2.5,0.3,-0.82,5.0,3.0,1
12281,5.0,4.0,34.0,3.0,-0.15,-0.4,4.0,3.0,1
12285,10.0,9.0,36.0,2.9,1.34,1.16,4.0,3.0,1
12287,6.0,4.0,38.0,3.2,0.08,-0.48,4.0,3.0,1
12289,2.0,2.0,32.0,3.3,-0.91,-0.87,1.0,5.0,1
12290,3.0,4.0,40.0,2.8,-0.46,-0.54,3.0,3.0,1
12291,1.0,1.0,22.0,3.8,-1.31,-2.39,2.0,3.0,0
12295,7.0,6.0,39.0,3.1,0.44,0.21,2.0,3.0,1
12296,10.0,10.0,37.0,2.6,1.4,1.65,3.0,3.0,1
12300,10.0,10.0,39.0,3.6,1.9,2.41,4.0,3.0,1
12302,5.0,5.0,35.0,2.9,0.0,-0.02,4.0,3.0,1
12303,7.0,6.0,44.0,3.5,0.35,0.28,3.0,4.0,1
12304,3.0,5.0,35.0,2.7,-0.58,-0.1,3.0,2.0,1
12307,10.0,10.0,43.0,3.6,2.11,2.09,4.0,4.0,1
12308,10.0,10.0,32.0,3.8,1.62,2.04,3.0,4.0,1
12313,7.0,7.0,30.0,3.8,0.49,0.4,3.0,2.0,1
12318,10.0,10.0,37.0,3.4,2.71,2.21,3.0,3.0,1
12322,6.0,8.0,32.0,3.4,0.31,0.63,4.0,4.0,1
12324,4.0,5.0,33.0,3.0,-0.45,-0.05,4.0,5.0,1
12328,7.0,8.0,39.0,3.5,0.46,0.72,3.0,4.0,1
12329,2.0,4.0,38.0,3.5,-0.79,-0.52,3.0,4.0,1
12331,2.0,2.0,39.0,3.3,-0.81,-1.02,4.0,3.0,1
12332,2.0,1.0,34.5,3.0,-0.9,-1.44,4.0,5.0,1
12334,7.0,6.0,38.0,3.3,0.37,0.08,4.0,3.0,1
12338,7.0,4.0,31.0,2.8,0.51,-0.47,4.0,3.0,0
12339,1.0,2.0,36.0,3.7,-1.67,-1.23,3.0,5.0,0
12342,5.0,7.0,41.0,3.6,-0.03,0.49,3.0,4.0,1
12343,5.0,8.0,39.0,3.9,-0.11,0.69,4.0,4.0,1
12346,4.0,4.0,45.0,2.9,-0.3,-0.39,4.0,4.0,1
12350,1.0,2.0,30.0,3.6,-2.16,-1.25,2.0,6.0,1
12352,3.0,2.0,25.0,3.1,-0.68,-1.14,2.0,2.0,0
12357,6.0,7.0,44.0,3.7,0.32,0.52,4.0,4.0,1
12364,5.0,7.0,36.0,2.8,0.0,0.29,5.0,5.0,1
12366,6.0,6.0,36.5,3.3,0.26,0.19,5.0,3.0,1
12368,3.0,4.0,30.0,3.8,-0.65,-0.47,2.0,4.0,1
12369,8.0,7.0,36.0,3.9,0.86,0.5,4.0,4.0,1
12372,3.0,5.0,38.0,3.3,-0.57,-0.13,1.0,4.0,1
12375,1.0,1.0,27.0,2.9,-1.95,-2.1,2.0,4.0,1
12376,10.0,10.0,41.0,3.5,1.88,1.81,4.0,3.0,1
12379,9.0,8.0,45.0,3.6,1.2,0.81,2.0,6.0,1
12382,7.0,5.0,35.0,3.0,0.45,-0.09,3.0,3.0,0
12386,5.0,6.0,35.0,3.0,-0.07,0.22,4.0,3.0,1
12387,8.0,8.0,39.0,3.4,0.64,0.84,4.0,5.0,1
12393,2.0,1.0,44.0,2.9,-1.13,-1.83,4.0,4.0,1
12394,6.0,8.0,39.0,3.1,0.11,0.79,4.0,4.0,1
12395,10.0,10.0,39.0,3.9,1.41,1.71,3.0,2.0,1
12397,2.0,3.0,40.0,3.0,-0.89,-0.81,2.0,3.0,1
12399,7.0,7.0,38.0,3.1,0.54,0.38,4.0,3.0,1
12400,8.0,7.0,36.0,3.6,0.66,0.29,3.0,5.0,1
12404,2.0,3.0,38.0,3.0,-0.75,-0.88,4.0,3.0,1
12405,5.0,8.0,37.0,3.5,-0.1,0.56,3.0,2.0,1
12408,7.0,6.0,37.0,3.0,0.52,0.29,3.0,4.0,1
12410,8.0,9.0,38.0,3.6,0.85,1.11,5.0,4.0,1
12414,10.0,10.0,41.0,3.3,1.33,1.55,4.0,4.0,1
12416,2.0,2.0,40.0,3.6,-0.78,-1.04,4.0,4.0,1
12418,5.0,3.0,36.0,3.4,-0.11,-0.57,4.0,3.0,1
12421,9.0,10.0,39.0,3.5,1.21,1.5,5.0,4.0,1
12424,1.0,1.0,36.0,3.5,-1.19,-1.38,4.0,3.0,1
12427,3.0,4.0,38.0,2.9,-0.55,-0.44,4.0,3.0,1
12428,3.0,2.0,36.0,3.2,-0.45,-1.13,4.0,4.0,1
12430,2.0,2.0,38.0,3.4,-1.04,-0.98,3.0,4.0,1
12433,9.0,9.0,39.0,3.2,1.28,1.05,4.0,3.0,1
12436,8.0,9.0,33.0,2.3,0.67,1.39,4.0,1.0,1
12437,1.0,2.0,48.0,3.7,-1.36,-1.18,4.0,5.0,1
12439,5.0,4.0,43.0,3.9,-0.01,-0.28,4.0,6.0,1
12440,9.0,8.0,48.0,2.8,1.04,0.8,3.0,4.0,1
12441,10.0,10.0,31.5,3.6,1.46,1.39,5.0,5.0,1
12442,9.0,8.0,48.0,3.4,1.26,0.63,4.0,3.0,1
12443,5.0,8.0,44.0,3.3,0.01,0.69,4.0,6.0,1
12445,7.0,7.0,33.0,2.5,0.45,0.45,4.0,2.0,1
12448,5.0,7.0,45.0,3.6,0.06,0.35,2.0,4.0,1
12450,8.0,7.0,36.0,2.8,0.71,0.48,4.0,5.0,1
12452,1.0,1.0,40.0,2.8,-1.57,-1.45,4.0,5.0,1
12456,2.0,2.0,32.5,3.1,-0.78,-0.93,3.0,2.0,1
12458,7.0,6.0,33.0,3.4,0.41,0.25,4.0,3.0,1
12461,3.0,6.0,35.0,3.1,-0.51,0.17,3.0,3.0,1
12470,6.0,5.0,36.0,3.3,0.06,-0.16,2.0,3.0,1
12473,8.0,8.0,44.0,3.4,0.77,0.82,3.0,4.0,1
12475,6.0,6.0,39.0,3.2,0.17,0.26,5.0,5.0,1
12486,5.0,8.0,35.0,3.8,-0.06,0.57,3.0,4.0,1
12488,4.0,1.0,42.0,3.1,-0.29,-1.56,4.0,4.0,1
12492,8.0,5.0,32.0,2.9,0.8,-0.16,5.0,3.0,1
12497,2.0,3.0,41.0,3.3,-1.04,-0.79,4.0,4.0,1
12498,1.0,1.0,28.0,3.7,-2.35,-1.95,1.0,4.0,0
12499,9.0,9.0,26.7,2.2,1.24,0.92,3.0,1.0,1
12500,3.0,4.0,32.5,3.6,-0.51,-0.34,3.0,4.0,1
12501,7.0,8.0,36.0,3.0,0.36,0.73,4.0,3.0,1
12503,4.0,4.0,40.0,3.5,-0.41,-0.33,5.0,4.0,1
12506,9.0,9.0,35.0,3.3,0.91,1.12,3.0,3.0,1
12508,3.0,5.0,27.0,3.4,-0.66,-0.1,4.0,2.0,1
12509,3.0,2.0,41.0,3.1,-0.61,-0.86,3.0,5.0,1
12515,8.0,8.0,48.0,3.5,0.93,0.57,3.0,6.0,1
12516,7.0,7.0,41.0,3.6,0.51,0.35,4.0,5.0,1
12519,4.0,5.0,40.0,3.3,-0.32,-0.14,3.0,4.0,1
12522,1.0,3.0,31.5,3.0,-1.6,-0.75,3.0,2.0,0
12523,10.0,10.0,44.0,2.6,1.46,1.65,5.0,4.0,1
12526,3.0,3.0,30.0,3.5,-0.71,-0.74,3.0,2.0,1
12528,9.0,9.0,41.0,3.5,1.03,1.05,3.0,3.0,1
12529,4.0,4.0,33.0,2.5,-0.37,-0.31,2.0,5.0,1
12533,7.0,9.0,44.0,3.6,0.42,0.97,5.0,6.0,1
12537,3.0,7.0,42.0,3.0,-0.43,0.3,5.0,3.0,1
12538,2.0,2.0,32.0,2.8,-0.83,-1.17,2.0,4.0,0
12539,6.0,3.0,45.0,3.5,0.15,-0.58,4.0,5.0,1
12540,6.0,7.0,34.0,3.2,0.25,0.3,4.0,4.0,1
12544,10.0,10.0,36.5,3.6,1.36,1.33,4.0,3.0,1
12548,2.0,2.0,36.0,3.7,-0.88,-0.88,4.0,4.0,1
12549,8.0,10.0,29.0,3.2,0.68,1.54,4.0,3.0,1
12550,5.0,5.0,30.0,3.4,0.05,-0.06,4.0,3.0,1
12551,10.0,10.0,42.0,3.6,1.44,1.74,3.0,4.0,1
12554,10.0,10.0,48.0,3.7,2.42,2.16,3.0,6.0,1
12556,10.0,10.0,38.0,3.7,1.27,1.66,2.0,2.0,1
12557,5.0,5.0,46.0,3.4,0.0,-0.05,4.0,5.0,1
12559,3.0,2.0,33.0,3.3,-0.59,-1.02,5.0,3.0,1
12561,8.0,7.0,33.0,3.5,0.58,0.45,4.0,5.0,1
12562,8.0,8.0,42.0,3.6,0.7,0.81,2.0,4.0,1
12570,8.0,8.0,32.0,3.1,0.74,0.78,4.0,3.0,1
12572,10.0,10.0,46.0,3.7,1.37,1.37,2.0,5.0,1
12574,10.0,10.0,42.0,3.8,1.62,1.76,4.0,3.0,1
12579,10.0,10.0,31.0,3.9,1.4,1.35,3.0,3.0,1
12580,9.0,9.0,38.0,3.2,0.97,1.09,3.0,4.0,1
12582,5.0,5.0,28.5,3.6,0.0,-0.05,4.0,3.0,1
12587,3.0,3.0,40.0,3.5,-0.61,-0.87,4.0,4.0,1
12588,7.0,8.0,36.0,3.7,0.59,0.67,4.0,4.0,1
12589,4.0,3.0,32.5,3.0,-0.19,-0.82,5.0,3.0,1
12591,5.0,4.0,38.0,3.0,0.0,-0.35,5.0,3.0,1
12592,2.0,2.0,40.0,3.6,-0.76,-0.88,4.0,4.0,1
12593,6.0,3.0,39.0,2.8,0.27,-0.78,4.0,3.0,1
12595,2.0,3.0,41.0,2.7,-0.92,-0.54,4.0,4.0,1
12596,10.0,10.0,37.0,3.6,2.05,2.17,5.0,3.0,1
12597,7.0,7.0,40.0,3.4,0.36,0.36,4.0,3.0,0
12598,9.0,9.0,46.0,3.8,1.02,0.88,4.0,6.0,1
12600,10.0,6.0,44.0,3.6,2.01,0.13,4.0,6.0,1
12601,8.0,2.0,36.0,2.9,0.66,-0.99,3.0,3.0,1
12602,2.0,1.0,40.0,3.1,-1.14,-1.4,4.0,4.0,1
12603,10.0,10.0,42.0,2.3,1.66,2.04,3.0,2.0,1
12604,1.0,1.0,45.0,3.7,-1.29,-1.46,4.0,4.0,1
12606,9.0,10.0,41.0,3.7,1.17,1.42,4.0,3.0,1
12607,5.0,7.0,42.0,3.6,0.07,0.37,5.0,4.0,1
12609,10.0,10.0,26.0,2.6,1.33,1.59,1.0,1.0,1
12610,1.0,3.0,41.0,2.7,-1.19,-0.66,4.0,4.0,0
12615,1.0,1.0,40.0,2.7,-1.74,-1.88,4.0,6.0,1
12620,8.0,9.0,41.0,3.4,0.62,0.92,4.0,4.0,1
12621,2.0,2.0,37.0,3.0,-0.86,-0.92,3.0,3.0,0
12622,8.0,8.0,34.0,2.9,0.82,0.68,3.0,2.0,1
12623,10.0,4.0,41.5,3.3,1.83,-0.4,5.0,6.0,1
12625,3.0,3.0,44.0,3.5,-0.67,-0.69,4.0,6.0,1
12627,9.0,9.0,39.0,3.3,1.17,1.01,4.0,3.0,1
12628,2.0,1.0,34.5,3.4,-0.95,-1.37,3.0,3.0,1
12631,10.0,10.0,31.0,3.5,1.54,1.69,3.0,2.0,1
12632,10.0,10.0,41.0,3.3,1.77,2.47,4.0,2.0,1
12633,9.0,8.0,44.0,3.5,1.27,0.83,4.0,5.0,1
12639,6.0,5.0,33.0,3.0,0.09,-0.28,4.0,2.0,1
12647,4.0,5.0,35.0,2.7,-0.19,-0.19,3.0,3.0,1
12648,10.0,8.0,40.0,3.7,1.45,0.73,4.0,3.0,1
12649,5.0,3.0,33.0,2.9,-0.03,-0.62,4.0,4.0,1
12654,7.0,5.0,36.0,3.0,0.57,-0.22,4.0,4.0,1
12656,5.0,2.0,29.0,3.5,0.04,-0.92,2.0,4.0,1
12657,10.0,10.0,29.0,3.3,1.48,1.4,4.0,3.0,1
12658,7.0,8.0,37.0,3.5,0.49,0.61,4.0,3.0,1
12661,2.0,1.0,32.0,3.2,-0.75,-1.33,3.0,3.0,1
12664,1.0,2.0,37.0,2.6,-1.21,-1.27,4.0,3.0,0
12665,8.0,6.0,30.0,3.9,0.75,0.24,4.0,5.0,1
12669,1.0,1.0,33.0,3.2,-2.0,-2.51,3.0,4.0,1
12670,3.0,8.0,44.0,3.5,-0.52,0.68,3.0,5.0,1
12671,5.0,6.0,39.0,3.2,0.01,0.02,5.0,4.0,1
12673,4.0,2.0,28.5,3.1,-0.36,-0.99,4.0,3.0,1
12674,4.0,2.0,39.0,3.5,-0.41,-1.26,4.0,3.0,1
12679,1.0,1.0,28.0,2.5,-1.26,-1.9,4.0,3.0,0
12680,9.0,9.0,32.0,3.5,1.04,1.05,3.0,5.0,1
12682,7.0,2.0,29.7,2.5,0.35,-0.93,4.0,5.0,1
12687,10.0,9.0,37.0,3.8,1.4,0.96,2.0,4.0,1
12688,10.0,10.0,37.0,2.8,1.35,1.57,4.0,3.0,1
12689,9.0,9.0,42.0,4.0,1.26,0.95,3.0,1.0,1
12692,2.0,2.0,28.0,2.6,-0.99,-1.13,2.0,4.0,1
12694,3.0,2.0,34.0,2.3,-0.54,-1.21,3.0,4.0,0
12696,9.0,9.0,48.0,3.9,0.89,0.99,4.0,5.0,1
12697,5.0,6.0,37.0,3.4,-0.03,0.13,5.0,3.0,1
12702,9.0,9.0,34.0,3.5,1.14,1.21,4.0,4.0,1
12703,4.0,1.0,39.0,3.8,-0.33,-1.32,4.0,3.0,0
12704,9.0,9.0,42.0,3.2,1.05,1.29,4.0,3.0,1
12705,6.0,7.0,39.0,3.6,0.26,0.41,3.0,4.0,1
12708,4.0,3.0,32.3,3.1,-0.4,-0.6,4.0,3.0,0
12713,8.0,7.0,35.5,3.3,0.64,0.4,4.0,3.0,1
12714,10.0,10.0,40.0,3.3,1.31,1.53,5.0,4.0,1
12716,7.0,6.0,36.0,3.2,0.37,0.15,4.0,4.0,1
12717,6.0,5.0,32.0,2.9,0.17,-0.21,3.0,3.0,1
12718,5.0,7.0,45.0,3.4,-0.03,0.48,5.0,4.0,1
12719,2.0,2.0,40.0,3.1,-0.85,-1.3,4.0,5.0,0
12720,6.0,2.0,24.0,3.0,0.35,-1.22,2.0,1.0,0
12721,9.0,10.0,40.0,3.8,1.08,1.53,3.0,4.0,1
12725,1.0,2.0,33.0,3.5,-1.12,-1.1,4.0,3.0,1
12729,5.0,2.0,44.0,3.4,-0.02,-1.3,4.0,4.0,1
12732,5.0,5.0,35.0,2.5,0.02,-0.02,5.0,3.0,1
12734,6.0,5.0,38.0,3.5,0.19,-0.26,2.0,3.0,1
12735,6.0,6.0,34.0,2.9,0.2,0.05,3.0,4.0,1
12736,1.0,1.0,46.0,2.9,-1.62,-2.01,4.0,4.0,1
12739,5.0,5.0,41.0,3.6,0.01,-0.1,4.0,5.0,1
12741,7.0,8.0,42.0,3.1,0.49,0.56,4.0,3.0,1
12742,8.0,9.0,43.0,2.9,0.81,0.87,1.0,5.0,1
12748,5.0,3.0,27.0,3.4,-0.19,-0.76,3.0,5.0,1
12751,4.0,3.0,38.0,3.2,-0.2,-0.7,4.0,3.0,1
12752,1.0,1.0,40.0,3.2,-1.77,-1.8,4.0,6.0,0
12753,7.0,7.0,38.0,2.9,0.48,0.5,4.0,3.0,1
12756,5.0,6.0,36.0,2.3,0.01,0.0,3.0,3.0,1
12758,3.0,3.0,31.0,3.6,-0.75,-0.61,2.0,5.0,1
12760,7.0,8.0,38.0,3.8,0.54,0.68,4.0,4.0,1
12762,8.0,7.0,33.0,4.0,0.83,0.26,3.0,2.0,1
12765,7.0,7.0,41.0,3.3,0.48,0.46,4.0,5.0,1
12766,5.0,4.0,33.0,3.1,-0.16,-0.35,3.0,5.0,1
12771,7.0,6.0,33.0,3.3,0.57,0.23,3.0,6.0,1
12772,7.0,9.0,41.0,3.6,0.35,1.05,5.0,4.0,1
12774,4.0,6.0,44.0,3.9,-0.23,0.2,4.0,6.0,1
12775,1.0,1.0,37.0,2.0,-1.63,-1.68,4.0,2.0,0
12777,9.0,8.0,43.0,3.3,1.07,0.81,4.0,4.0,1
12779,4.0,4.0,38.0,3.5,-0.41,-0.5,4.0,4.0,1
12781,8.0,8.0,34.0,3.4,0.79,0.61,4.0,3.0,1
12782,2.0,3.0,42.0,3.1,-1.08,-0.67,3.0,4.0,1
12785,9.0,10.0,39.0,2.6,1.16,1.47,3.0,4.0,1
12786,1.0,1.0,42.0,3.6,-2.42,-2.02,3.0,5.0,1
12787,5.0,3.0,40.0,3.6,-0.08,-0.62,4.0,5.0,1
12788,10.0,10.0,43.0,3.2,1.68,1.9,4.0,5.0,1
12789,6.0,5.0,29.5,3.6,0.17,-0.11,3.0,5.0,1
12790,1.0,1.0,42.0,3.3,-1.57,-2.13,2.0,4.0,1
12795,8.0,8.0,36.0,3.2,0.68,0.76,3.0,3.0,1
12798,9.0,9.0,35.0,3.5,1.08,1.12,3.0,3.0,1
12801,3.0,5.0,33.0,3.1,-0.59,-0.22,3.0,3.0,1
12802,9.0,7.0,36.0,2.9,0.89,0.45,4.0,3.0,1
12807,10.0,10.0,36.0,3.0,1.3,1.64,4.0,3.0,1
12809,1.0,1.0,31.0,2.4,-1.52,-1.57,4.0,2.0,1
12814,9.0,8.0,46.0,3.5,0.9,0.6,4.0,5.0,1
12819,3.0,5.0,36.0,3.6,-0.73,-0.15,3.0,4.0,1
12821,6.0,8.0,34.0,3.3,0.12,0.67,4.0,3.0,1
12824,6.0,8.0,36.0,3.4,0.27,0.55,5.0,3.0,1
12827,3.0,5.0,35.0,3.6,-0.49,-0.15,4.0,4.0,1
12828,9.0,10.0,42.0,3.8,0.94,1.43,4.0,5.0,1
12829,1.0,1.0,32.0,3.2,-2.26,-1.86,4.0,6.0,1
12831,8.0,8.0,42.0,3.5,0.88,0.6,2.0,4.0,1
12832,7.0,8.0,45.0,2.9,0.37,0.84,4.0,3.0,1
12833,7.0,8.0,45.0,3.6,0.37,0.64,4.0,4.0,1
12837,2.0,2.0,37.5,3.3,-0.9,-1.2,5.0,4.0,0
12839,6.0,7.0,35.0,2.9,0.09,0.42,4.0,3.0,1
12840,8.0,7.0,31.0,3.0,0.87,0.51,4.0,3.0,1
12842,10.0,10.0,42.0,3.4,1.94,1.97,5.0,5.0,1
12844,8.0,7.0,41.0,3.2,0.9,0.54,3.0,4.0,1
12845,6.0,5.0,35.0,3.0,0.1,-0.16,3.0,3.0,1
12846,4.0,5.0,42.0,3.1,-0.18,-0.13,3.0,4.0,1
12853,5.0,7.0,42.0,3.7,-0.03,0.45,4.0,6.0,1
12854,3.0,3.0,39.0,3.4,-0.56,-0.64,2.0,4.0,1
12855,5.0,7.0,41.0,3.8,-0.04,0.39,5.0,6.0,1
12856,7.0,7.0,34.0,3.2,0.35,0.3,4.0,3.0,1
12857,4.0,2.0,34.0,3.1,-0.24,-1.26,3.0,5.0,1
12860,1.0,1.0,19.3,2.3,-1.64,-2.36,3.0,2.0,0
12867,10.0,10.0,42.0,3.5,1.63,1.48,4.0,4.0,1
12875,8.0,8.0,37.0,3.2,0.65,0.57,4.0,3.0,1
12877,10.0,10.0,41.0,3.2,1.85,2.33,5.0,3.0,1
12879,5.0,5.0,24.0,3.3,-0.03,-0.02,1.0,4.0,1
12880,10.0,10.0,36.0,4.0,2.93,2.61,2.0,2.0,1
12885,8.0,8.0,31.0,3.3,0.85,0.66,3.0,3.0,1
12886,4.0,6.0,36.0,2.5,-0.21,0.13,3.0,2.0,0
12889,7.0,7.0,44.0,3.6,0.46,0.34,2.0,5.0,1
12894,8.0,8.0,33.0,3.0,0.75,0.75,4.0,3.0,1
12895,1.0,1.0,45.0,3.8,-2.08,-1.92,1.0,6.0,1
12897,6.0,7.0,36.0,3.5,0.2,0.31,3.0,3.0,1
12901,6.0,6.0,38.0,2.9,0.12,0.0,4.0,3.0,0
12902,3.0,4.0,39.0,3.3,-0.62,-0.42,4.0,4.0,1
12903,9.0,9.0,37.5,3.9,0.92,1.03,4.0,4.0,1
12908,1.0,1.0,35.0,2.4,-2.15,-1.7,2.0,3.0,1
12910,3.0,5.0,38.0,2.4,-0.66,-0.12,3.0,3.0,1
12912,5.0,7.0,34.0,3.4,0.0,0.49,3.0,6.0,1
12916,4.0,2.0,37.0,3.1,-0.35,-0.89,2.0,5.0,0
12917,5.0,6.0,34.0,3.6,0.03,0.2,4.0,2.0,1
12918,3.0,3.0,39.0,3.8,-0.72,-0.84,3.0,4.0,1
12919,7.0,7.0,47.0,3.5,0.35,0.53,4.0,4.0,1
12920,2.0,4.0,27.0,3.2,-0.71,-0.55,3.0,3.0,0
12921,2.0,3.0,30.0,3.4,-1.0,-0.66,4.0,2.0,1
12925,10.0,10.0,47.0,3.9,1.33,1.57,3.0,5.0,1
12929,3.0,3.0,36.0,2.9,-0.59,-0.8,3.0,4.0,1
12934,7.0,4.0,36.0,3.0,0.39,-0.52,4.0,3.0,1
12941,6.0,7.0,33.0,3.5,0.29,0.32,4.0,3.0,1
12948,6.0,5.0,44.0,3.7,0.27,0.02,3.0,5.0,1
12951,3.0,4.0,47.0,3.3,-0.56,-0.33,3.0,6.0,1
12952,3.0,3.0,29.0,3.5,-0.62,-0.7,4.0,4.0,1
12955,3.0,6.0,35.0,3.0,-0.55,0.03,1.0,5.0,1
12956,5.0,4.0,36.0,2.9,-0.06,-0.41,4.0,5.0,1
12957,9.0,6.0,38.0,3.2,0.87,0.22,3.0,3.0,1
12959,2.0,4.0,36.0,2.8,-0.75,-0.56,3.0,3.0,1
12960,3.0,2.0,36.0,2.6,-0.72,-1.24,3.0,4.0,1
12961,4.0,1.0,37.0,3.3,-0.43,-1.42,4.0,6.0,1
12962,2.0,2.0,44.0,3.8,-0.99,-0.86,3.0,5.0,1
12966,8.0,6.0,40.0,2.8,0.71,0.07,3.0,3.0,1
12967,3.0,2.0,43.0,2.9,-0.55,-0.88,4.0,5.0,1
12968,3.0,1.0,36.0,3.4,-0.65,-1.58,3.0,3.0,1
12973,6.0,7.0,40.0,3.4,0.22,0.45,4.0,3.0,1
12977,3.0,4.0,34.0,3.2,-0.44,-0.32,4.0,3.0,1
12980,10.0,10.0,36.0,3.6,2.1,1.96,4.0,3.0,1
12981,4.0,2.0,21.0,2.9,-0.4,-0.9,1.0,4.0,1
12984,1.0,2.0,36.0,2.4,-1.15,-1.25,4.0,3.0,1
12986,10.0,10.0,30.5,3.6,1.54,1.73,3.0,3.0,1
12987,4.0,3.0,35.0,3.6,-0.42,-0.87,4.0,3.0,1
12988,1.0,2.0,35.0,3.5,-1.19,-1.05,4.0,3.0,1
12991,10.0,10.0,35.0,3.0,1.55,2.14,1.0,3.0,1
12995,6.0,5.0,37.0,3.1,0.26,-0.11,4.0,3.0,1
12997,7.0,6.0,40.0,3.3,0.46,0.13,2.0,3.0,1
13000,2.0,3.0,37.0,3.4,-0.86,-0.85,3.0,4.0,1
13001,7.0,8.0,32.0,3.7,0.61,0.66,2.0,4.0,1
13002,3.0,3.0,32.5,3.2,-0.44,-0.6,5.0,3.0,1
13003,5.0,4.0,39.0,3.4,0.01,-0.4,4.0,3.0,1
13004,4.0,2.0,38.0,2.8,-0.27,-0.89,3.0,3.0,1
13008,4.0,6.0,36.0,3.1,-0.27,0.2,1.0,3.0,1
13010,5.0,5.0,39.0,3.1,-0.03,-0.2,4.0,3.0,1
13012,3.0,3.0,36.0,3.0,-0.47,-0.67,2.0,5.0,1
13013,7.0,5.0,36.0,2.9,0.45,-0.18,4.0,3.0,1
13014,8.0,8.0,46.0,3.3,0.6,0.75,4.0,5.0,1
13015,6.0,4.0,37.0,3.0,0.11,-0.3,3.0,4.0,1
13016,6.0,4.0,31.0,3.1,0.2,-0.41,3.0,3.0,1
13020,8.0,7.0,37.0,3.2,0.64,0.51,4.0,5.0,1
13021,9.0,8.0,36.0,3.1,0.92,0.6,3.0,5.0,1
13022,4.0,5.0,37.0,2.9,-0.24,-0.06,4.0,3.0,1
13023,8.0,9.0,38.0,3.2,0.65,0.89,3.0,3.0,1
13025,5.0,7.0,37.0,3.1,-0.17,0.43,4.0,3.0,1
13027,10.0,10.0,41.0,3.2,1.99,2.16,3.0,4.0,1
13029,7.0,10.0,33.0,3.7,0.48,1.31,3.0,3.0,1
13032,10.0,10.0,38.0,3.4,1.38,1.54,3.0,3.0,1
13035,9.0,7.0,47.0,3.3,0.95,0.44,3.0,4.0,1
13036,5.0,5.0,29.0,3.1,0.01,-0.1,3.0,2.0,1
13038,4.0,7.0,32.0,3.7,-0.31,0.47,2.0,4.0,1
13039,10.0,10.0,39.0,3.7,2.18,1.89,3.0,4.0,1
13040,5.0,8.0,35.0,3.1,-0.06,0.65,5.0,3.0,1
13046,9.0,9.0,35.0,3.0,1.22,0.95,4.0,3.0,1
13048,2.0,4.0,38.0,3.3,-0.75,-0.36,5.0,4.0,1
13054,5.0,4.0,40.0,3.4,-0.05,-0.42,3.0,4.0,1
13057,9.0,9.0,38.0,3.4,0.96,1.15,4.0,4.0,1
13058,9.0,8.0,33.0,3.7,1.12,0.83,4.0,3.0,1
13059,6.0,4.0,37.0,3.0,0.11,-0.5,4.0,3.0,1
13060,5.0,3.0,33.0,2.9,-0.06,-0.88,4.0,3.0,1
13061,3.0,4.0,34.5,2.8,-0.51,-0.34,3.0,2.0,1
13062,8.0,9.0,33.0,3.2,0.83,1.28,3.0,3.0,1
13067,1.0,1.0,41.0,3.1,-1.63,-1.47,5.0,3.0,1
13068,6.0,6.0,29.5,2.8,0.24,0.11,4.0,3.0,1
13069,3.0,2.0,34.0,3.7,-0.66,-1.19,4.0,4.0,1
13071,6.0,9.0,39.0,3.6,0.13,0.88,4.0,3.0,1
13072,1.0,2.0,20.0,3.1,-1.29,-1.18,2.0,4.0,1
13073,2.0,1.0,39.0,2.3,-0.88,-1.63,3.0,5.0,0
13075,3.0,3.0,45.0,3.7,-0.75,-0.68,4.0,5.0,1
13077,3.0,2.0,31.3,3.7,-0.68,-1.16,2.0,3.0,1
13080,7.0,6.0,42.0,2.6,0.44,0.08,4.0,4.0,1
13084,4.0,6.0,34.0,3.2,-0.34,0.07,4.0,5.0,1
13085,10.0,10.0,32.0,3.5,1.64,1.78,4.0,4.0,1
13086,8.0,9.0,40.0,3.8,0.85,1.06,5.0,6.0,1
13088,3.0,4.0,42.0,3.7,-0.5,-0.33,4.0,6.0,1
13089,7.0,7.0,36.0,2.8,0.31,0.36,3.0,3.0,1
13096,2.0,3.0,22.0,3.3,-0.71,-0.66,3.0,1.0,1
13100,10.0,9.0,45.0,3.5,1.82,1.06,3.0,5.0,1
13101,8.0,9.0,36.0,3.4,0.71,1.03,4.0,5.0,1
13103,6.0,9.0,42.0,3.3,0.28,1.25,3.0,3.0,1
13105,8.0,7.0,48.0,3.6,0.67,0.4,4.0,6.0,1
13113,6.0,5.0,37.0,3.0,0.24,-0.27,4.0,3.0,1
13114,10.0,10.0,39.0,3.6,1.53,1.79,1.0,3.0,1
13119,3.0,5.0,42.0,3.7,-0.48,-0.15,4.0,4.0,1
13120,3.0,4.0,30.5,3.2,-0.52,-0.38,4.0,3.0,1
13122,4.0,3.0,37.0,3.2,-0.23,-0.57,4.0,4.0,1
13123,2.0,2.0,41.0,3.4,-0.74,-0.89,1.0,3.0,1
13124,9.0,10.0,33.0,2.6,1.01,1.47,3.0,2.0,1
13126,6.0,6.0,34.0,3.1,0.17,-0.02,3.0,3.0,1
13129,7.0,4.0,42.0,3.1,0.52,-0.42,2.0,3.0,1
13131,2.0,2.0,39.0,3.4,-0.97,-0.9,3.0,5.0,1
13133,4.0,6.0,25.0,2.7,-0.22,0.27,2.0,4.0,1
13134,9.0,10.0,36.0,3.0,0.96,1.55,4.0,4.0,1
13136,1.0,1.0,21.0,2.9,-3.35,-2.45,4.0,4.0,0
13137,5.0,5.0,39.0,3.8,-0.11,-0.11,3.0,4.0,1
13138,8.0,8.0,32.0,3.5,0.71,0.73,3.0,4.0,1
13142,1.0,4.0,34.0,3.4,-1.4,-0.52,4.0,2.0,1
13144,7.0,7.0,39.0,3.3,0.56,0.34,3.0,4.0,1
13147,4.0,5.0,19.5,3.4,-0.38,-0.18,4.0,3.0,1
13148,1.0,1.0,34.0,2.7,-1.56,-1.61,3.0,5.0,0
13150,7.0,8.0,43.0,3.9,0.44,0.6,4.0,6.0,1
13152,7.0,7.0,38.0,3.6,0.39,0.46,5.0,3.0,1
13155,4.0,3.0,33.0,3.4,-0.36,-0.77,4.0,3.0,1
13156,3.0,2.0,31.0,2.9,-0.56,-1.1,5.0,4.0,1
13157,3.0,3.0,39.0,3.5,-0.49,-0.7,4.0,5.0,1
13164,10.0,10.0,35.0,2.8,1.9,2.26,4.0,2.0,1
13169,1.0,1.0,32.0,2.7,-2.22,-2.04,2.0,5.0,1
13172,7.0,6.0,29.0,4.0,0.36,0.04,2.0,3.0,0
13173,6.0,6.0,39.0,3.8,0.15,0.21,4.0,4.0,1
13174,6.0,6.0,47.0,3.1,0.1,0.23,3.0,5.0,1
13176,10.0,9.0,41.0,2.5,1.34,1.03,4.0,3.0,1
13179,10.0,10.0,39.5,3.4,1.58,1.93,3.0,3.0,1
13182,9.0,6.0,44.0,2.0,1.04,0.19,4.0,5.0,1
13185,10.0,10.0,45.0,3.5,2.22,1.96,3.0,4.0,1
13187,10.0,9.0,37.0,3.4,1.77,1.29,3.0,2.0,1
13189,4.0,3.0,39.0,2.6,-0.34,-0.59,4.0,4.0,1
13191,4.0,5.0,30.0,3.1,-0.28,-0.09,4.0,2.0,1
13192,5.0,5.0,37.0,3.5,0.02,-0.22,4.0,3.0,1
13194,10.0,10.0,38.0,3.8,1.98,1.62,3.0,3.0,1
13199,4.0,3.0,33.0,3.1,-0.24,-0.82,5.0,4.0,1
13201,10.0,10.0,38.0,3.9,2.0,2.2,4.0,5.0,1
13203,8.0,3.0,35.0,3.2,0.87,-0.65,5.0,3.0,1
13205,9.0,9.0,37.0,2.9,1.16,1.08,3.0,3.0,1
13206,10.0,10.0,33.5,2.6,1.6,2.06,4.0,2.0,1
13207,5.0,6.0,34.0,3.6,-0.03,0.11,4.0,4.0,1
13208,8.0,8.0,30.0,3.0,0.65,0.82,3.0,3.0,1
13210,2.0,2.0,33.0,2.6,-0.79,-1.14,3.0,3.0,1
13211,4.0,4.0,33.0,3.0,-0.39,-0.36,4.0,3.0,1
13213,5.0,2.0,26.0,2.5,-0.08,-1.02,5.0,2.0,1
13215,8.0,7.0,35.0,3.0,0.74,0.41,2.0,3.0,1
13216,6.0,6.0,28.0,2.7,0.21,0.0,3.0,3.0,0
13217,3.0,6.0,46.0,3.7,-0.63,0.17,3.0,5.0,1
13219,2.0,2.0,47.0,3.4,-0.85,-1.27,3.0,6.0,1
13220,4.0,3.0,45.0,2.9,-0.39,-0.84,5.0,4.0,1
13225,7.0,8.0,43.0,2.7,0.48,0.73,4.0,5.0,1
13227,5.0,7.0,43.0,2.1,-0.1,0.28,4.0,3.0,1
13235,3.0,4.0,47.0,3.5,-0.49,-0.24,4.0,6.0,1
13236,6.0,9.0,43.0,3.6,0.14,1.24,5.0,5.0,1
13238,8.0,10.0,42.0,3.7,0.85,1.44,3.0,4.0,1
13239,9.0,9.0,38.0,3.3,1.17,0.98,4.0,3.0,1
13240,6.0,5.0,34.5,2.9,0.13,0.0,4.0,5.0,1
13241,4.0,2.0,30.0,2.6,-0.33,-1.09,1.0,5.0,1
13242,8.0,8.0,35.0,3.7,0.75,0.63,3.0,4.0,1
13243,1.0,2.0,32.0,3.5,-1.15,-1.25,3.0,4.0,1
13244,7.0,5.0,35.0,3.4,0.47,-0.04,4.0,3.0,1
13245,4.0,4.0,30.3,2.8,-0.45,-0.27,3.0,5.0,1
13246,10.0,10.0,40.0,3.9,1.66,1.67,4.0,4.0,1
13249,4.0,6.0,39.0,3.5,-0.24,0.13,3.0,4.0,1
13253,3.0,4.0,36.0,3.0,-0.52,-0.39,4.0,3.0,1
13256,5.0,6.0,36.0,3.3,-0.2,0.12,3.0,5.0,1
13257,3.0,3.0,39.0,3.4,-0.45,-0.73,4.0,4.0,1
13262,10.0,9.0,33.0,3.3,1.31,0.95,3.0,2.0,1
13266,10.0,9.0,34.5,3.4,1.33,1.18,4.0,3.0,1
13267,4.0,3.0,35.0,2.9,-0.24,-0.62,4.0,4.0,1
13271,1.0,2.0,40.5,3.4,-1.17,-1.26,3.0,4.0,1
13273,1.0,2.0,30.0,3.6,-1.17,-1.22,2.0,5.0,1
13275,7.0,8.0,46.0,3.5,0.57,0.72,4.0,6.0,1
13277,1.0,1.0,27.0,2.8,-1.06,-1.86,3.0,1.0,0
13279,8.0,9.0,43.0,3.4,0.56,1.14,4.0,5.0,1
13280,9.0,9.0,45.0,3.7,0.89,0.92,4.0,5.0,1
13283,5.0,4.0,30.0,3.8,-0.08,-0.34,5.0,4.0,1
13284,2.0,2.0,33.0,3.4,-1.04,-1.13,3.0,3.0,1
13288,4.0,5.0,34.0,3.0,-0.24,-0.25,4.0,3.0,0
13289,1.0,2.0,36.0,2.5,-1.13,-0.95,2.0,2.0,1
13292,3.0,3.0,41.0,3.0,-0.52,-0.68,5.0,3.0,1
13299,8.0,6.0,32.0,3.2,0.64,0.24,3.0,3.0,1
13300,7.0,9.0,37.0,3.1,0.55,0.98,3.0,3.0,1
13301,10.0,8.0,41.0,2.4,1.61,0.7,3.0,3.0,1
13306,2.0,4.0,40.0,2.3,-0.92,-0.49,5.0,3.0,1
13308,8.0,8.0,41.0,3.0,0.84,0.68,4.0,3.0,1
13309,2.0,2.0,38.0,3.2,-1.05,-1.2,4.0,4.0,1
13310,1.0,1.0,32.0,3.3,-1.29,-1.34,4.0,3.0,1
13311,4.0,6.0,35.0,3.4,-0.23,0.01,5.0,3.0,1
13313,2.0,3.0,37.0,2.7,-0.87,-0.89,3.0,2.0,1
13314,2.0,3.0,31.0,3.1,-0.89,-0.74,3.0,3.0,1
13318,3.0,3.0,28.0,2.1,-0.66,-0.82,3.0,3.0,0
13320,7.0,9.0,41.0,3.8,0.47,0.89,4.0,4.0,1
13323,9.0,9.0,35.0,3.8,1.12,1.04,4.0,5.0,1
13326,7.0,4.0,31.0,3.1,0.35,-0.38,3.0,4.0,1
13329,7.0,7.0,37.0,2.9,0.34,0.38,3.0,2.0,1
13330,3.0,3.0,32.0,3.2,-0.53,-0.68,1.0,5.0,1
13331,6.0,5.0,39.0,2.5,0.16,-0.16,3.0,3.0,1
13332,8.0,9.0,37.0,3.0,0.74,1.3,4.0,3.0,1
13333,4.0,5.0,45.0,3.7,-0.43,-0.09,4.0,6.0,1
13335,1.0,2.0,40.0,3.7,-1.46,-1.29,3.0,4.0,1
13337,5.0,2.0,34.0,2.5,-0.16,-1.17,3.0,3.0,1
13339,10.0,8.0,44.0,3.0,1.45,0.82,4.0,3.0,1
13341,4.0,3.0,28.0,3.5,-0.42,-0.77,3.0,4.0,1
13343,6.0,7.0,40.0,3.4,0.12,0.38,3.0,4.0,1
13346,10.0,9.0,46.0,3.9,1.31,1.09,4.0,5.0,1
13348,4.0,4.0,35.0,3.3,-0.21,-0.43,2.0,5.0,1
13352,10.0,9.0,37.0,3.6,1.85,1.25,4.0,4.0,1
13355,4.0,9.0,37.0,3.0,-0.37,1.13,2.0,5.0,1
13357,4.0,4.0,31.5,2.7,-0.32,-0.45,4.0,3.0,1
13361,7.0,7.0,40.0,2.7,0.34,0.41,1.0,2.0,1
13364,7.0,7.0,47.0,3.7,0.56,0.47,4.0,6.0,1
13365,8.0,6.0,48.0,3.4,0.85,0.13,5.0,6.0,1
13367,10.0,10.0,46.0,3.8,1.55,1.39,3.0,6.0,1
13373,6.0,7.0,41.0,3.6,0.19,0.38,3.0,5.0,1
13374,4.0,6.0,45.0,3.7,-0.37,0.2,4.0,5.0,1
13375,4.0,3.0,38.0,3.1,-0.22,-0.62,3.0,4.0,1
13377,8.0,8.0,37.0,3.6,0.81,0.83,2.0,3.0,1
13380,5.0,2.0,36.0,3.4,-0.02,-0.97,3.0,3.0,1
13382,2.0,4.0,40.0,2.9,-0.76,-0.39,2.0,4.0,1
13383,10.0,6.0,43.0,3.0,1.32,0.24,4.0,5.0,1
13388,2.0,2.0,47.0,3.6,-1.07,-1.3,3.0,6.0,0
13390,9.0,10.0,41.0,3.9,1.43,1.76,4.0,6.0,1
13391,1.0,1.0,26.5,3.4,-1.36,-1.33,2.0,3.0,0
13392,8.0,9.0,48.0,3.6,0.84,1.07,4.0,4.0,1
13394,4.0,6.0,41.0,3.6,-0.29,0.12,3.0,4.0,1
13396,7.0,7.0,34.0,3.7,0.43,0.43,3.0,3.0,1
13397,8.0,8.0,42.0,3.6,0.63,0.58,4.0,4.0,1
13398,10.0,10.0,44.0,3.5,1.63,1.43,4.0,4.0,1
13399,8.0,8.0,37.0,3.3,0.69,0.62,5.0,3.0,1
13401,7.0,7.0,34.0,3.5,0.52,0.44,3.0,3.0,1
13402,8.0,10.0,38.0,2.8,0.78,1.47,3.0,3.0,1
13406,1.0,1.0,39.0,3.6,-1.73,-1.75,4.0,5.0,0
13407,10.0,9.0,34.0,3.8,1.36,1.03,3.0,2.0,1
13412,8.0,5.0,47.0,3.0,0.71,-0.14,5.0,5.0,1
13418,6.0,5.0,41.0,2.9,0.21,-0.06,2.0,4.0,1
13420,4.0,2.0,33.0,3.1,-0.36,-1.14,2.0,3.0,1
13422,4.0,5.0,33.5,2.4,-0.37,-0.26,4.0,3.0,1
13424,5.0,5.0,40.0,2.8,-0.04,-0.14,3.0,3.0,1
13425,1.0,2.0,31.0,3.4,-1.09,-1.17,3.0,2.0,1
13427,3.0,3.0,39.0,2.6,-0.55,-0.71,3.0,3.0,1
13428,7.0,7.0,41.0,3.5,0.37,0.49,3.0,6.0,1
13429,6.0,7.0,36.0,3.0,0.28,0.45,4.0,3.0,1
13430,7.0,5.0,35.5,3.2,0.34,-0.13,5.0,3.0,1
13432,8.0,5.0,42.0,3.4,0.64,-0.02,2.0,4.0,1
13434,9.0,8.0,39.0,3.8,1.3,0.72,3.0,4.0,1
13437,9.0,10.0,34.0,3.6,1.22,1.63,3.0,3.0,1
13439,1.0,1.0,36.5,2.7,-1.61,-1.81,2.0,3.0,1
13442,1.0,1.0,30.0,3.0,-2.01,-2.2,4.0,4.0,1
13444,6.0,6.0,28.0,3.6,0.14,0.12,3.0,4.0,1
13448,10.0,10.0,33.5,2.3,1.66,1.43,4.0,1.0,1
13451,3.0,3.0,42.0,2.6,-0.73,-0.85,4.0,4.0,1
13453,5.0,8.0,41.0,3.4,0.04,0.79,4.0,5.0,1
13454,4.0,6.0,46.0,3.8,-0.36,0.19,4.0,5.0,1
13456,8.0,7.0,35.0,3.7,0.6,0.35,2.0,5.0,1
13457,3.0,4.0,33.5,3.2,-0.52,-0.55,3.0,3.0,1
13458,4.0,1.0,42.0,3.8,-0.16,-2.09,1.0,4.0,1
13459,4.0,8.0,38.0,3.1,-0.25,0.59,4.0,4.0,1
13465,4.0,6.0,40.0,2.7,-0.38,0.13,4.0,3.0,1
13467,2.0,3.0,42.0,3.7,-1.05,-0.57,3.0,4.0,1
13472,3.0,4.0,39.0,2.9,-0.54,-0.37,2.0,3.0,1
13475,2.0,1.0,38.0,3.3,-0.95,-1.88,3.0,3.0,0
13476,2.0,1.0,24.7,3.0,-0.82,-1.35,4.0,3.0,0
13477,4.0,3.0,33.0,3.7,-0.33,-0.54,3.0,4.0,1
13480,7.0,8.0,44.0,3.5,0.61,0.6,4.0,6.0,1
13482,9.0,8.0,30.5,3.0,0.94,0.78,4.0,3.0,1
13484,2.0,4.0,40.0,2.7,-0.75,-0.44,3.0,4.0,1
13490,6.0,8.0,28.0,3.3,0.25,0.65,3.0,2.0,1
13492,2.0,2.0,41.0,3.6,-1.09,-0.98,4.0,4.0,1
13495,5.0,5.0,42.0,3.3,0.03,-0.02,4.0,4.0,1
13499,6.0,7.0,31.0,3.2,0.09,0.25,4.0,2.0,1
13500,4.0,3.0,32.0,2.9,-0.43,-0.8,3.0,2.0,0
13503,6.0,8.0,42.0,3.4,0.09,0.67,4.0,3.0,1
13507,9.0,9.0,43.0,2.9,1.11,0.96,5.0,5.0,1
13508,10.0,10.0,43.0,3.3,1.62,1.37,3.0,4.0,1
13510,7.0,8.0,41.0,3.2,0.46,0.71,5.0,2.0,1
13512,3.0,4.0,34.0,2.5,-0.46,-0.55,2.0,2.0,1
13516,6.0,7.0,44.0,4.0,0.22,0.42,3.0,6.0,1
13517,7.0,7.0,30.0,2.6,0.39,0.44,4.0,2.0,1
13518,10.0,10.0,33.0,3.6,1.56,1.57,3.0,4.0,1
13519,6.0,5.0,42.0,3.5,0.15,-0.18,4.0,6.0,1
13522,2.0,3.0,32.0,2.5,-0.78,-0.8,3.0,4.0,1
13525,8.0,9.0,45.0,3.5,0.93,0.87,3.0,6.0,1
13530,9.0,9.0,37.0,3.1,1.11,1.22,4.0,4.0,1
13532,9.0,9.0,38.0,3.6,1.2,1.06,5.0,6.0,1
13535,1.0,3.0,23.0,3.4,-1.58,-0.87,2.0,3.0,0
13537,8.0,9.0,47.0,3.9,0.87,1.1,3.0,6.0,1
13539,7.0,9.0,43.0,3.6,0.47,1.02,4.0,4.0,1
13541,6.0,4.0,37.0,3.3,0.23,-0.29,1.0,3.0,1
13542,4.0,7.0,38.0,3.2,-0.22,0.34,1.0,3.0,1
13545,3.0,5.0,34.0,3.6,-0.54,-0.24,4.0,5.0,0
13548,2.0,4.0,38.0,2.8,-0.82,-0.32,3.0,3.0,1
13550,3.0,1.0,37.0,2.6,-0.68,-1.58,4.0,3.0,0
13551,1.0,1.0,31.5,1.9,-2.13,-2.33,2.0,4.0,0
13552,7.0,8.0,42.0,3.6,0.6,0.7,3.0,6.0,1
13553,9.0,9.0,45.0,3.1,1.16,0.96,3.0,4.0,1
13554,10.0,9.0,40.0,3.5,1.39,1.12,4.0,4.0,1
13559,6.0,6.0,37.0,4.0,0.21,0.2,1.0,5.0,1
13563,6.0,6.0,44.0,3.7,0.15,0.21,4.0,6.0,1
13569,8.0,7.0,35.0,3.1,0.83,0.36,4.0,3.0,1
13570,3.0,2.0,45.0,3.3,-0.73,-1.26,4.0,4.0,0
13571,7.0,7.0,35.0,3.1,0.53,0.4,4.0,3.0,1
13577,8.0,7.0,39.0,3.1,0.81,0.41,2.0,1.0,1
13578,3.0,6.0,48.0,4.0,-0.63,0.03,3.0,5.0,1
13579,9.0,6.0,34.0,3.4,1.07,0.05,3.0,3.0,1
13580,9.0,9.0,37.0,2.9,1.28,1.25,4.0,3.0,1
13581,8.0,8.0,32.5,3.1,0.78,0.78,4.0,3.0,1
13582,1.0,1.0,30.5,3.0,-1.33,-2.4,3.0,3.0,0
13583,5.0,3.0,35.0,2.8,-0.19,-0.59,4.0,5.0,1
13586,8.0,8.0,42.0,3.6,0.82,0.84,3.0,4.0,1
13589,4.0,3.0,36.0,3.2,-0.29,-0.65,4.0,3.0,1
13598,5.0,5.0,35.0,3.3,-0.09,-0.01,4.0,4.0,1
13599,3.0,4.0,38.5,2.9,-0.7,-0.52,4.0,4.0,1
13600,6.0,7.0,45.0,3.9,0.14,0.28,3.0,5.0,1
13601,7.0,8.0,31.0,2.9,0.41,0.59,3.0,3.0,1
13602,8.0,7.0,43.0,3.2,0.61,0.51,3.0,3.0,1
13604,3.0,2.0,36.0,2.9,-0.48,-0.97,3.0,3.0,1
13605,6.0,6.0,33.0,3.1,0.2,0.09,4.0,5.0,1
13606,3.0,3.0,35.0,3.8,-0.61,-0.73,3.0,4.0,1
13607,8.0,8.0,39.0,4.0,0.82,0.75,3.0,4.0,1
13614,5.0,3.0,44.0,3.0,-0.03,-0.57,3.0,5.0,1
13615,2.0,4.0,35.5,3.4,-0.84,-0.51,4.0,5.0,1
13616,9.0,6.0,37.0,3.3,1.16,0.18,4.0,3.0,1
13619,6.0,4.0,17.0,3.7,0.28,-0.4,3.0,1.0,0
13621,9.0,10.0,41.0,3.4,1.26,1.3,5.0,5.0,1
13623,6.0,1.0,44.0,2.9,0.13,-1.49,4.0,5.0,1
13626,6.0,4.0,36.0,3.0,0.12,-0.39,4.0,5.0,1
13627,4.0,3.0,39.0,3.4,-0.3,-0.57,3.0,4.0,1
13628,7.0,5.0,48.0,3.4,0.48,-0.08,5.0,5.0,1
13629,7.0,5.0,35.0,3.3,0.46,-0.06,4.0,3.0,1
13632,2.0,1.0,37.0,2.9,-0.81,-1.68,4.0,3.0,1
13636,2.0,4.0,33.0,3.1,-0.78,-0.51,4.0,3.0,1
13637,4.0,3.0,37.0,3.3,-0.24,-0.8,4.0,4.0,1
13638,8.0,7.0,34.0,3.4,0.69,0.48,4.0,3.0,1
13641,8.0,9.0,40.0,3.3,0.65,1.19,4.0,3.0,1
13643,6.0,7.0,33.0,3.1,0.22,0.38,4.0,2.0,1
13644,3.0,2.0,30.0,3.3,-0.52,-0.88,4.0,5.0,1
13646,2.0,3.0,35.0,3.4,-0.91,-0.7,4.0,5.0,0
13647,9.0,10.0,42.0,3.7,1.26,1.61,4.0,5.0,1
13652,7.0,4.0,25.0,2.5,0.53,-0.44,2.0,1.0,1
13653,1.0,3.0,22.0,2.8,-1.33,-0.81,2.0,2.0,1
13654,7.0,10.0,32.5,2.6,0.49,1.5,4.0,3.0,1
13655,7.0,7.0,42.0,2.9,0.59,0.55,4.0,4.0,1
13657,6.0,4.0,38.0,3.2,0.13,-0.28,4.0,4.0,1
13660,10.0,10.0,43.0,3.4,1.74,1.56,4.0,4.0,1
13664,10.0,10.0,36.0,2.9,2.15,1.85,4.0,2.0,1
13666,4.0,8.0,35.0,3.4,-0.29,0.62,3.0,3.0,1
13668,4.0,4.0,34.0,3.2,-0.38,-0.34,4.0,3.0,1
13675,7.0,3.0,34.0,2.4,0.34,-0.62,3.0,3.0,0
13679,10.0,10.0,39.0,2.8,1.32,1.99,3.0,3.0,1
13683,3.0,3.0,40.0,3.1,-0.46,-0.85,4.0,4.0,0
13689,3.0,5.0,35.0,3.4,-0.47,-0.29,4.0,2.0,0
13690,6.0,5.0,39.0,3.3,0.22,-0.09,4.0,5.0,1
13691,2.0,3.0,30.0,2.6,-1.0,-0.64,3.0,4.0,1
13694,8.0,8.0,33.0,3.5,0.81,0.66,4.0,4.0,1
13695,1.0,1.0,32.0,3.3,-2.76,-2.56,1.0,5.0,0
13696,4.0,7.0,36.0,2.6,-0.26,0.47,4.0,3.0,1
13698,9.0,10.0,28.0,2.9,0.99,1.4,2.0,2.0,1
13700,1.0,1.0,32.0,2.6,-1.15,-1.55,4.0,3.0,1
13701,5.0,7.0,36.0,2.7,-0.05,0.32,3.0,3.0,1
13704,9.0,8.0,40.0,3.6,1.05,0.6,4.0,5.0,1
13705,2.0,1.0,38.0,3.0,-0.95,-2.14,3.0,3.0,0
13706,4.0,3.0,38.0,2.7,-0.22,-0.71,3.0,3.0,1
13707,2.0,3.0,38.0,3.4,-1.07,-0.63,2.0,6.0,1
13708,6.0,7.0,29.0,3.4,0.27,0.27,5.0,3.0,1
13709,1.0,1.0,22.0,3.7,-1.99,-1.54,1.0,3.0,0
13710,9.0,10.0,40.0,3.3,1.11,1.61,4.0,5.0,1
13711,5.0,5.0,33.0,3.4,-0.04,-0.19,3.0,3.0,1
13713,6.0,7.0,42.0,3.4,0.19,0.43,4.0,2.0,1
13714,2.0,4.0,39.0,3.6,-0.8,-0.4,3.0,4.0,1
13716,10.0,10.0,47.0,3.7,1.94,1.79,5.0,5.0,1
13717,6.0,3.0,38.0,3.2,0.22,-0.73,3.0,3.0,1
13718,8.0,8.0,37.0,3.0,0.63,0.74,5.0,3.0,1
13721,9.0,8.0,44.0,3.8,1.16,0.75,4.0,6.0,1
13725,9.0,9.0,39.0,3.1,1.02,1.28,4.0,5.0,1
13729,10.0,10.0,44.0,2.3,2.65,2.5,3.0,2.0,1
13730,9.0,7.0,46.0,3.5,0.94,0.51,3.0,5.0,1
13734,6.0,7.0,39.0,3.7,0.33,0.35,2.0,6.0,1
13736,7.0,9.0,40.0,2.9,0.49,0.93,4.0,4.0,1
13741,6.0,5.0,39.0,3.3,0.1,-0.05,3.0,3.0,1
13743,6.0,4.0,36.0,3.2,0.18,-0.43,3.0,2.0,1
13745,3.0,2.0,33.0,2.5,-0.67,-1.27,5.0,3.0,1
13747,8.0,7.0,36.5,3.3,0.79,0.29,3.0,2.0,1
13748,3.0,4.0,41.0,3.1,-0.63,-0.33,3.0,6.0,1
13750,10.0,9.0,39.0,3.7,1.42,1.28,2.0,3.0,1
13753,4.0,7.0,39.0,3.3,-0.44,0.32,3.0,6.0,1
13756,4.0,4.0,45.0,3.7,-0.43,-0.31,4.0,6.0,1
13758,8.0,8.0,35.3,3.1,0.67,0.72,4.0,3.0,1
13759,8.0,7.0,39.0,3.3,0.83,0.54,3.0,4.0,1
13760,2.0,2.0,40.0,3.8,-0.89,-1.05,4.0,5.0,1
13761,4.0,4.0,39.0,3.8,-0.39,-0.49,3.0,4.0,1
13764,5.0,6.0,36.5,3.1,0.05,-0.01,4.0,3.0,1
13767,4.0,5.0,39.0,3.4,-0.18,-0.21,4.0,3.0,1
13769,7.0,5.0,36.5,3.1,0.52,-0.07,4.0,3.0,1
13770,9.0,8.0,36.0,2.8,1.02,0.6,4.0,3.0,1
13771,9.0,9.0,42.0,3.2,1.09,1.28,4.0,4.0,1
13775,5.0,7.0,35.0,3.4,0.05,0.33,3.0,3.0,1
13783,10.0,10.0,41.0,3.8,1.57,1.85,3.0,3.0,1
13787,3.0,2.0,36.0,2.2,-0.55,-1.05,3.0,1.0,0
13789,5.0,5.0,42.0,3.1,-0.13,-0.14,4.0,3.0,1
13790,3.0,4.0,30.0,2.8,-0.66,-0.42,4.0,3.0,1
13794,7.0,6.0,38.0,3.6,0.41,0.03,4.0,2.0,1
13796,1.0,2.0,29.0,3.4,-1.32,-1.2,2.0,5.0,1
13801,10.0,10.0,41.0,3.6,1.55,1.65,3.0,5.0,1
13803,7.0,9.0,34.0,3.3,0.61,1.13,4.0,4.0,1
13805,2.0,2.0,36.0,3.5,-1.09,-1.22,3.0,4.0,1
13806,7.0,6.0,42.0,4.0,0.37,0.21,2.0,5.0,1
13809,2.0,1.0,20.0,3.1,-0.95,-1.37,3.0,2.0,0
13810,7.0,3.0,32.0,3.5,0.37,-0.64,3.0,4.0,1
13813,5.0,4.0,40.0,3.1,0.02,-0.25,4.0,5.0,1
13817,5.0,4.0,39.0,3.4,0.04,-0.35,3.0,4.0,1
13818,4.0,4.0,43.0,3.4,-0.34,-0.49,4.0,4.0,1
13822,7.0,5.0,37.0,3.3,0.33,-0.26,3.0,3.0,1
13823,7.0,7.0,46.0,4.0,0.55,0.39,3.0,5.0,1
13829,8.0,6.0,35.0,3.5,0.67,0.17,1.0,3.0,1
13833,3.0,4.0,45.0,3.8,-0.56,-0.3,3.0,6.0,1
13834,8.0,9.0,39.0,3.0,0.79,0.9,3.0,4.0,1
13835,6.0,5.0,36.0,3.6,0.14,-0.23,4.0,4.0,1
13839,10.0,8.0,38.0,2.4,1.73,0.78,4.0,3.0,1
13844,10.0,10.0,36.0,3.0,2.76,1.87,3.0,5.0,1
13846,2.0,3.0,28.0,3.4,-0.92,-0.65,4.0,3.0,1
13847,5.0,8.0,42.0,3.8,-0.05,0.63,3.0,5.0,1
13849,8.0,7.0,39.0,3.1,0.8,0.38,4.0,5.0,0
13850,10.0,10.0,38.0,3.5,1.33,1.68,4.0,3.0,1
13852,1.0,1.0,42.0,3.5,-1.84,-1.76,4.0,5.0,1
13855,8.0,7.0,41.0,3.8,0.7,0.49,4.0,4.0,1
13859,6.0,5.0,31.5,2.9,0.2,-0.13,4.0,3.0,1
13861,5.0,6.0,41.0,3.1,-0.11,0.21,4.0,4.0,1
13863,8.0,6.0,40.0,3.3,0.65,0.24,4.0,5.0,1
13864,7.0,8.0,41.0,3.3,0.55,0.81,3.0,2.0,1
13865,6.0,6.0,45.0,3.3,0.12,0.06,3.0,6.0,1
13866,4.0,4.0,40.0,3.2,-0.39,-0.54,4.0,3.0,1
13868,1.0,1.0,25.0,3.0,-1.54,-1.35,4.0,4.0,0
13871,10.0,10.0,33.0,3.7,1.83,1.64,4.0,1.0,1
13874,4.0,3.0,36.0,2.7,-0.36,-0.57,4.0,3.0,1
13876,10.0,9.0,39.0,2.9,1.62,1.11,3.0,3.0,1
13881,6.0,5.0,38.0,3.0,0.23,-0.09,5.0,5.0,1
13882,9.0,10.0,39.0,3.8,0.94,1.3,4.0,5.0,1
13886,4.0,1.0,39.0,2.6,-0.24,-1.52,4.0,3.0,1
13888,4.0,4.0,31.0,3.7,-0.36,-0.32,3.0,3.0,1
13891,7.0,5.0,41.5,2.3,0.44,-0.21,5.0,3.0,1
13895,2.0,3.0,39.0,2.4,-0.76,-0.62,3.0,3.0,1
13898,3.0,1.0,38.0,3.0,-0.51,-1.35,3.0,3.0,1
13899,7.0,6.0,30.0,3.9,0.33,0.13,3.0,5.0,1
13901,3.0,3.0,27.0,2.8,-0.66,-0.7,3.0,3.0,0
13902,1.0,1.0,35.0,3.0,-1.68,-1.46,2.0,6.0,1
13903,5.0,3.0,31.0,3.9,-0.1,-0.72,4.0,4.0,1
13904,8.0,7.0,42.0,3.2,0.9,0.43,3.0,4.0,1
13908,8.0,6.0,37.0,3.9,0.81,0.25,4.0,4.0,1
13913,8.0,8.0,42.0,3.5,0.79,0.85,3.0,3.0,1
13915,7.0,7.0,36.5,2.9,0.33,0.42,4.0,5.0,1
13917,1.0,3.0,33.0,3.2,-1.23,-0.68,2.0,5.0,1
13918,2.0,4.0,38.0,3.3,-0.95,-0.25,3.0,5.0,1
13919,9.0,9.0,43.0,3.5,1.22,1.16,4.0,5.0,1
13921,3.0,6.0,37.0,3.7,-0.5,0.17,4.0,4.0,1
13923,4.0,3.0,35.0,3.2,-0.18,-0.69,4.0,4.0,1
13924,7.0,9.0,39.0,4.0,0.48,0.93,2.0,5.0,1
13927,4.0,4.0,37.0,3.5,-0.24,-0.55,4.0,2.0,1
13928,8.0,8.0,39.0,3.4,0.87,0.67,3.0,4.0,1
13931,2.0,2.0,30.0,2.9,-0.74,-0.99,4.0,4.0,1
13934,3.0,4.0,36.0,3.3,-0.67,-0.29,4.0,3.0,1
13935,5.0,6.0,29.0,3.4,0.02,0.09,4.0,2.0,1
13938,4.0,3.0,31.0,2.9,-0.4,-0.64,4.0,3.0,1
13940,9.0,9.0,43.0,3.2,1.21,1.21,3.0,3.0,1
13941,8.0,8.0,41.0,2.8,0.84,0.84,4.0,3.0,1
13943,9.0,8.0,44.0,3.8,1.03,0.59,4.0,5.0,1
13951,8.0,7.0,41.0,3.5,0.59,0.28,2.0,5.0,1
13954,2.0,3.0,40.0,3.3,-0.96,-0.58,4.0,3.0,1
13955,3.0,3.0,31.0,3.5,-0.59,-0.81,4.0,4.0,1
13956,5.0,6.0,46.0,4.0,-0.19,0.16,4.0,5.0,1
13958,4.0,1.0,27.0,3.2,-0.39,-1.39,3.0,5.0,1
13959,3.0,2.0,40.0,2.7,-0.46,-0.95,3.0,4.0,1
13963,10.0,10.0,46.0,3.2,2.61,2.07,2.0,3.0,1
13967,5.0,3.0,31.0,2.2,0.05,-0.76,2.0,4.0,1
13969,10.0,10.0,48.0,4.0,1.31,1.53,5.0,5.0,1
13970,8.0,9.0,35.0,3.4,0.75,1.17,2.0,3.0,1
13971,2.0,2.0,24.0,3.0,-0.75,-1.24,3.0,3.0,0
13975,5.0,3.0,28.0,3.2,-0.17,-0.76,4.0,2.0,0
13976,6.0,6.0,38.0,3.1,0.3,-0.02,4.0,3.0,1
13977,2.0,1.0,38.0,3.1,-0.84,-1.36,3.0,3.0,1
13978,4.0,3.0,45.0,2.6,-0.17,-0.56,4.0,4.0,1
13979,1.0,1.0,38.0,3.2,-1.23,-1.5,4.0,4.0,1
13982,7.0,7.0,42.0,3.8,0.45,0.52,3.0,6.0,1
13983,4.0,5.0,37.0,2.7,-0.42,-0.1,4.0,3.0,1
13986,8.0,4.0,36.0,3.0,0.86,-0.36,4.0,5.0,1
13987,6.0,6.0,37.0,3.4,0.26,0.04,3.0,5.0,1
13988,3.0,3.0,30.0,3.4,-0.6,-0.83,3.0,4.0,1
13989,8.0,9.0,42.0,2.1,0.59,1.17,3.0,2.0,1
13990,5.0,3.0,39.0,3.3,-0.07,-0.67,3.0,5.0,1
13991,7.0,9.0,35.5,3.7,0.45,1.23,3.0,3.0,1
13992,4.0,5.0,41.0,3.7,-0.35,-0.23,4.0,5.0,1
13994,3.0,3.0,28.0,2.9,-0.47,-0.65,3.0,4.0,1
13997,4.0,5.0,33.0,2.9,-0.23,-0.03,5.0,3.0,1
14004,10.0,10.0,40.0,3.9,2.21,2.38,4.0,6.0,1
14005,7.0,6.0,34.0,3.0,0.49,0.11,4.0,3.0,1
14008,6.0,7.0,41.0,3.4,0.33,0.44,4.0,4.0,1
14009,5.0,6.0,31.0,2.9,-0.16,-0.04,4.0,2.0,1
14012,2.0,2.0,36.0,3.1,-0.89,-1.04,4.0,3.0,1
14015,7.0,6.0,35.0,2.6,0.41,0.18,3.0,2.0,1
14019,6.0,4.0,37.0,2.7,0.1,-0.36,4.0,3.0,1
14022,2.0,4.0,40.0,3.2,-0.79,-0.44,3.0,4.0,1
14030,2.0,2.0,35.0,2.8,-0.81,-1.14,1.0,2.0,1
14031,3.0,3.0,32.0,3.2,-0.65,-0.87,4.0,3.0,0
14032,7.0,7.0,44.0,3.3,0.48,0.55,4.0,4.0,1
14033,7.0,8.0,43.0,3.3,0.51,0.87,5.0,4.0,1
14040,8.0,7.0,42.0,3.2,0.65,0.43,3.0,4.0,1
14041,10.0,6.0,41.0,2.5,2.58,0.06,4.0,6.0,1
14043,5.0,7.0,43.0,3.9,-0.03,0.29,3.0,6.0,1
14044,6.0,9.0,35.0,3.9,0.2,1.01,3.0,4.0,1
14048,5.0,6.0,37.0,3.3,-0.1,0.18,2.0,2.0,1
14049,7.0,6.0,39.0,3.6,0.44,0.28,2.0,4.0,1
14052,7.0,6.0,35.0,3.5,0.35,0.16,4.0,4.0,1
14053,10.0,10.0,43.0,2.8,1.46,1.47,4.0,4.0,1
14056,3.0,2.0,25.0,3.5,-0.64,-1.17,5.0,5.0,0
14062,4.0,3.0,31.0,3.5,-0.37,-0.75,4.0,3.0,1
14065,4.0,3.0,33.0,3.4,-0.24,-0.87,3.0,3.0,1
14068,7.0,6.0,32.0,3.7,0.46,0.25,3.0,5.0,1
14070,10.0,10.0,37.0,3.3,1.89,1.62,4.0,3.0,1
14072,3.0,2.0,28.0,2.9,-0.66,-1.06,3.0,2.0,0
14077,6.0,4.0,43.0,2.9,0.18,-0.34,3.0,4.0,1
14078,3.0,4.0,34.0,3.2,-0.47,-0.41,5.0,5.0,1
14081,9.0,8.0,43.0,2.6,1.23,0.74,4.0,5.0,1
14084,5.0,2.0,35.0,3.2,0.02,-1.07,5.0,5.0,0
14086,9.0,10.0,32.0,3.2,1.14,1.57,3.0,1.0,1
14087,9.0,8.0,38.0,3.3,1.04,0.77,1.0,3.0,1
14089,7.0,7.0,38.5,3.5,0.45,0.35,5.0,3.0,1
14099,7.0,7.0,42.0,3.1,0.4,0.39,3.0,5.0,1
14101,9.0,9.0,35.0,3.3,1.19,1.21,3.0,3.0,1
14102,3.0,7.0,28.0,3.4,-0.56,0.37,3.0,4.0,1
14103,2.0,2.0,34.0,3.2,-0.81,-0.86,3.0,5.0,1
14106,8.0,10.0,39.0,2.6,0.83,1.31,3.0,5.0,1
14107,5.0,5.0,38.0,3.2,-0.01,-0.18,3.0,4.0,1
14111,10.0,10.0,33.0,3.7,2.06,2.17,3.0,3.0,1
14112,3.0,3.0,39.0,2.9,-0.54,-0.83,3.0,4.0,1
14114,2.0,1.0,32.0,3.1,-0.84,-1.36,4.0,3.0,1
14116,5.0,5.0,39.0,3.0,-0.1,-0.14,3.0,3.0,1
14117,3.0,2.0,40.0,3.5,-0.81,-1.25,3.0,6.0,1
14125,2.0,1.0,36.0,3.2,-1.09,-1.45,4.0,4.0,1
14127,7.0,7.0,33.0,3.2,0.44,0.45,2.0,3.0,1
14128,8.0,7.0,34.0,2.6,0.71,0.36,3.0,3.0,1
14130,7.0,8.0,37.0,2.9,0.48,0.55,5.0,3.0,1
14131,9.0,9.0,45.0,3.2,1.15,1.24,3.0,5.0,1
14132,5.0,5.0,34.0,3.1,0.04,-0.18,3.0,4.0,1
14134,2.0,2.0,31.0,2.9,-0.97,-0.92,3.0,3.0,1
14135,4.0,4.0,36.0,2.8,-0.38,-0.39,4.0,3.0,1
14140,6.0,8.0,44.0,3.4,0.09,0.66,3.0,4.0,1
14146,4.0,5.0,38.0,2.6,-0.24,-0.11,2.0,3.0,1
14147,1.0,2.0,28.3,2.8,-1.41,-1.14,4.0,3.0,1
14149,7.0,6.0,44.0,3.3,0.52,0.09,4.0,5.0,1
14150,2.0,2.0,41.0,2.7,-0.87,-0.99,5.0,3.0,1
14152,6.0,7.0,35.0,3.0,0.14,0.28,3.0,3.0,1
14155,2.0,1.0,29.0,3.4,-1.04,-1.44,3.0,4.0,1
14157,7.0,6.0,37.0,3.0,0.34,0.13,3.0,3.0,1
14159,3.0,2.0,40.0,3.4,-0.76,-0.95,4.0,6.0,0
14162,4.0,6.0,29.0,3.3,-0.4,0.19,3.0,3.0,0
14163,4.0,7.0,36.0,3.2,-0.33,0.43,4.0,3.0,1
14165,5.0,4.0,33.5,3.3,-0.07,-0.33,3.0,5.0,1
14166,2.0,2.0,34.0,3.4,-0.97,-1.23,4.0,4.0,0
14169,5.0,4.0,44.0,3.3,-0.15,-0.49,4.0,6.0,1
14170,9.0,9.0,39.0,3.4,1.13,0.93,2.0,4.0,1
14171,3.0,3.0,37.0,3.7,-0.54,-0.68,3.0,4.0,1
14172,10.0,10.0,32.0,2.8,1.41,1.31,3.0,5.0,1
14176,2.0,3.0,38.0,3.7,-1.06,-0.81,3.0,4.0,1
14177,6.0,4.0,31.0,2.7,0.07,-0.31,2.0,3.0,1
14179,2.0,3.0,46.0,4.0,-1.08,-0.59,4.0,5.0,1
14186,6.0,5.0,34.0,3.8,0.09,-0.01,3.0,4.0,1
14187,9.0,9.0,35.5,3.9,1.08,1.23,3.0,3.0,1
14193,4.0,4.0,45.0,2.7,-0.28,-0.3,4.0,3.0,1
14194,8.0,6.0,40.0,3.8,0.57,0.06,4.0,5.0,1
14196,2.0,1.0,28.0,2.7,-1.11,-1.87,3.0,3.0,0
14199,1.0,2.0,40.0,3.1,-1.36,-1.01,3.0,3.0,1
14203,8.0,3.0,37.0,3.7,0.68,-0.7,3.0,3.0,0
14205,6.0,8.0,40.0,3.0,0.22,0.69,4.0,4.0,1
14206,8.0,9.0,39.0,3.2,0.71,1.08,3.0,5.0,1
14208,2.0,2.0,36.0,3.5,-0.91,-1.01,3.0,5.0,1
14210,10.0,10.0,38.0,3.9,1.44,1.46,3.0,4.0,1
14216,6.0,5.0,41.0,3.2,0.24,-0.19,4.0,4.0,1
14217,3.0,1.0,32.0,3.3,-0.6,-1.51,3.0,4.0,1
14218,6.0,5.0,35.5,2.8,0.16,-0.04,3.0,4.0,1
14220,1.0,1.0,46.0,3.8,-1.66,-1.71,3.0,5.0,1
14221,5.0,7.0,37.0,2.8,-0.1,0.27,4.0,3.0,1
14222,6.0,4.0,35.0,3.2,0.29,-0.45,5.0,3.0,1
14225,2.0,1.0,42.0,3.8,-1.04,-1.49,3.0,5.0,1
14228,3.0,3.0,40.0,3.1,-0.63,-0.87,4.0,3.0,1
14230,4.0,5.0,33.0,3.2,-0.4,-0.14,3.0,3.0,0
14231,10.0,10.0,40.0,3.4,1.55,1.6,2.0,3.0,1
14234,9.0,9.0,41.0,3.1,1.11,0.98,5.0,3.0,1
14235,4.0,2.0,29.3,2.7,-0.24,-0.85,4.0,6.0,0
14238,8.0,6.0,44.0,3.3,0.71,0.25,2.0,4.0,1
14242,4.0,4.0,40.0,3.5,-0.3,-0.47,3.0,4.0,0
14246,7.0,4.0,36.0,3.2,0.39,-0.35,4.0,3.0,1
14251,1.0,1.0,38.0,2.9,-1.73,-2.0,5.0,3.0,0
14253,2.0,1.0,30.0,2.7,-0.9,-1.36,4.0,3.0,0
14254,2.0,3.0,40.0,3.2,-1.0,-0.7,4.0,4.0,1
14255,10.0,10.0,44.0,3.2,1.46,1.57,4.0,3.0,1
14258,8.0,8.0,37.0,2.9,0.59,0.79,4.0,3.0,1
14260,8.0,5.0,34.0,3.8,0.78,-0.03,1.0,3.0,1
14262,3.0,3.0,43.0,3.4,-0.58,-0.75,4.0,5.0,0
14263,2.0,3.0,41.0,3.8,-0.87,-0.67,3.0,3.0,1
14264,8.0,8.0,36.0,3.5,0.71,0.69,4.0,4.0,1
14266,8.0,6.0,38.0,3.3,0.86,0.23,3.0,3.0,1
14269,6.0,4.0,21.5,3.3,0.15,-0.47,5.0,3.0,0
14270,4.0,1.0,26.0,2.3,-0.33,-1.52,3.0,5.0,1
14274,8.0,9.0,42.0,3.6,0.81,1.21,4.0,5.0,1
14280,1.0,1.0,24.0,3.0,-1.62,-2.03,2.0,3.0,0
14284,8.0,9.0,32.0,2.9,0.68,1.23,3.0,3.0,1
14286,6.0,4.0,44.0,3.7,0.12,-0.24,2.0,6.0,1
14288,2.0,1.0,39.0,3.1,-1.07,-1.52,1.0,6.0,1
14289,9.0,7.0,41.0,2.5,1.15,0.51,3.0,3.0,1
14290,4.0,3.0,33.0,2.7,-0.39,-0.77,1.0,3.0,1
14291,9.0,7.0,41.0,3.1,1.08,0.42,5.0,3.0,1
14293,10.0,10.0,41.0,3.3,1.62,2.52,3.0,5.0,1
14294,8.0,9.0,31.0,2.7,0.62,1.28,4.0,2.0,1
14299,2.0,4.0,43.0,3.3,-0.76,-0.43,4.0,4.0,1
14300,6.0,8.0,35.0,3.4,0.09,0.71,3.0,3.0,1
14302,7.0,5.0,44.0,3.9,0.54,-0.09,2.0,6.0,1
14305,8.0,6.0,36.0,3.5,0.69,0.08,3.0,2.0,1
14309,6.0,2.0,35.0,2.8,0.19,-1.17,4.0,3.0,0
14310,5.0,10.0,30.0,3.2,-0.05,1.33,4.0,3.0,1
14311,9.0,9.0,43.0,2.6,1.14,1.29,4.0,3.0,1
14312,2.0,3.0,31.0,2.7,-1.03,-0.66,3.0,3.0,1
14314,3.0,5.0,45.0,3.1,-0.57,-0.25,4.0,4.0,1
14318,8.0,7.0,38.0,3.9,0.66,0.37,4.0,4.0,1
14321,1.0,1.0,30.0,2.1,-1.92,-1.96,3.0,1.0,1
14322,1.0,1.0,27.0,3.1,-2.22,-2.48,3.0,6.0,0
14326,7.0,7.0,34.0,4.0,0.48,0.49,3.0,4.0,1
14328,8.0,5.0,32.0,3.5,0.68,-0.11,4.0,4.0,1
14330,4.0,3.0,34.0,3.0,-0.33,-0.88,3.0,3.0,1
14332,10.0,9.0,33.5,3.5,1.56,1.0,4.0,3.0,1
14333,9.0,10.0,35.0,3.3,0.88,1.44,4.0,3.0,1
14334,5.0,6.0,30.5,3.2,-0.12,0.03,2.0,3.0,1
14337,1.0,1.0,28.0,3.4,-2.37,-2.46,2.0,4.0,0
14343,5.0,8.0,35.0,3.9,-0.16,0.71,3.0,4.0,1
14344,6.0,4.0,42.0,3.8,0.19,-0.38,5.0,5.0,1
14348,9.0,10.0,39.0,3.6,0.9,1.47,3.0,4.0,1
14350,9.0,9.0,37.0,3.4,1.23,1.03,4.0,4.0,1
14351,10.0,10.0,37.0,3.3,1.78,1.43,2.0,3.0,1
14355,3.0,4.0,36.0,3.2,-0.61,-0.48,4.0,5.0,1
14356,1.0,6.0,42.0,3.7,-1.52,0.1,3.0,3.0,1
14357,10.0,10.0,41.0,3.5,1.9,1.66,4.0,5.0,1
14358,8.0,8.0,34.5,3.8,0.63,0.58,3.0,4.0,1
14360,9.0,8.0,46.0,3.7,1.23,0.56,3.0,6.0,1
14361,8.0,8.0,34.0,3.1,0.86,0.68,3.0,3.0,1
14362,1.0,2.0,38.5,3.4,-1.92,-0.89,4.0,3.0,1
14363,1.0,1.0,31.0,2.7,-1.99,-1.37,3.0,3.0,1
14365,5.0,3.0,34.0,3.1,-0.13,-0.74,3.0,3.0,1
14366,5.0,7.0,32.0,2.4,0.05,0.32,2.0,1.0,1
14369,5.0,5.0,37.0,2.7,-0.06,-0.21,3.0,3.0,1
14372,6.0,8.0,28.0,3.4,0.12,0.59,4.0,3.0,1
14373,1.0,1.0,40.0,3.4,-1.7,-1.81,3.0,4.0,1
14374,8.0,9.0,43.0,3.7,0.75,1.23,4.0,5.0,1
14376,7.0,7.0,31.0,3.6,0.51,0.51,3.0,3.0,0
14377,8.0,9.0,34.0,3.6,0.88,1.01,4.0,1.0,1
14380,5.0,4.0,30.0,3.2,0.03,-0.55,4.0,3.0,1
14381,4.0,3.0,32.0,3.6,-0.41,-0.75,3.0,3.0,0
14382,6.0,6.0,34.0,3.4,0.17,0.21,3.0,5.0,1
14383,4.0,2.0,44.0,3.2,-0.34,-1.05,3.0,4.0,1
14384,1.0,2.0,28.0,3.2,-1.25,-1.17,5.0,2.0,1
14387,6.0,3.0,30.0,3.0,0.26,-0.67,3.0,2.0,1
14395,2.0,2.0,29.0,2.3,-0.93,-1.18,4.0,3.0,0
14396,6.0,10.0,36.0,3.6,0.15,1.47,3.0,3.0,1
14398,9.0,9.0,40.0,3.6,1.01,1.28,4.0,3.0,1
14399,5.0,3.0,33.0,3.2,-0.16,-0.66,3.0,4.0,1
14403,9.0,9.0,31.0,3.0,0.93,1.1,4.0,1.0,1
14409,7.0,6.0,32.0,3.5,0.47,0.25,4.0,3.0,1
14411,8.0,8.0,36.0,3.4,0.82,0.55,2.0,3.0,1
14412,9.0,8.0,37.0,3.5,0.97,0.62,4.0,4.0,1
14413,6.0,3.0,32.0,2.8,0.14,-0.59,3.0,4.0,1
14415,2.0,1.0,27.0,2.3,-1.01,-1.53,5.0,3.0,1
14416,5.0,5.0,26.0,3.6,-0.17,-0.2,3.0,3.0,1
14418,6.0,5.0,29.0,2.6,0.06,-0.11,4.0,2.0,1
14421,1.0,1.0,36.0,3.6,-1.62,-2.13,3.0,4.0,0
14423,4.0,3.0,41.0,2.3,-0.35,-0.59,4.0,3.0,1
14425,6.0,6.0,39.0,3.1,0.14,0.1,3.0,4.0,1
14427,8.0,3.0,43.0,1.9,0.75,-0.65,5.0,3.0,1
14429,3.0,1.0,27.0,3.0,-0.64,-1.33,2.0,2.0,0
14430,6.0,6.0,30.5,3.3,0.21,0.1,5.0,3.0,1
14432,5.0,5.0,32.0,3.2,0.01,-0.09,3.0,3.0,0
14434,5.0,5.0,27.5,3.1,-0.18,-0.14,3.0,2.0,1
14435,4.0,2.0,37.0,2.8,-0.33,-1.01,1.0,3.0,1
14438,7.0,8.0,31.0,3.3,0.37,0.83,2.0,5.0,1
14439,9.0,9.0,31.0,3.1,1.26,1.07,3.0,3.0,1
14440,7.0,7.0,39.0,3.1,0.51,0.48,4.0,4.0,1
14442,2.0,2.0,34.0,2.5,-1.02,-1.06,2.0,2.0,0
14445,1.0,2.0,39.0,2.4,-1.37,-1.03,4.0,5.0,1
14446,6.0,7.0,35.0,3.0,0.1,0.21,4.0,2.0,1
14448,10.0,10.0,39.0,3.0,1.81,1.5,4.0,5.0,1
14451,3.0,6.0,36.0,2.9,-0.52,0.13,4.0,5.0,1
14454,8.0,9.0,35.5,2.5,0.85,0.94,4.0,5.0,1
14457,9.0,9.0,41.0,3.1,0.94,1.13,4.0,3.0,1
14463,7.0,3.0,37.0,2.4,0.46,-0.72,3.0,3.0,1
14465,5.0,6.0,40.0,3.6,0.01,0.17,4.0,3.0,1
14468,7.0,6.0,40.0,2.9,0.47,0.24,4.0,3.0,1
14469,2.0,5.0,37.0,3.6,-0.84,-0.22,3.0,5.0,1
14471,4.0,5.0,38.0,3.5,-0.27,-0.25,4.0,3.0,1
14472,6.0,7.0,48.0,3.6,0.08,0.29,5.0,5.0,1
14476,7.0,7.0,31.0,3.8,0.53,0.31,4.0,3.0,1
14477,10.0,9.0,43.0,3.6,1.36,1.25,4.0,4.0,1
14478,5.0,6.0,36.0,3.5,-0.06,0.18,3.0,3.0,1
14480,1.0,2.0,32.5,3.8,-1.39,-1.27,4.0,5.0,1
14491,2.0,3.0,33.0,3.2,-0.92,-0.67,4.0,5.0,1
14493,5.0,4.0,37.0,3.2,-0.05,-0.38,4.0,3.0,1
14494,4.0,4.0,27.0,3.3,-0.29,-0.55,4.0,3.0,1
14495,5.0,3.0,35.0,2.8,-0.02,-0.85,4.0,3.0,1
14497,3.0,2.0,33.0,3.7,-0.73,-1.25,3.0,5.0,1
14498,6.0,6.0,30.0,3.2,0.24,0.28,4.0,4.0,1
14500,5.0,3.0,46.0,3.8,0.03,-0.7,2.0,4.0,1
14501,9.0,9.0,41.0,3.6,1.04,1.05,4.0,4.0,1
14503,10.0,10.0,37.0,3.5,1.71,1.8,2.0,2.0,1
14505,4.0,8.0,33.0,3.2,-0.24,0.61,4.0,3.0,1
14511,2.0,2.0,40.0,3.5,-0.99,-0.91,2.0,5.0,1
14514,7.0,9.0,42.0,3.0,0.4,1.04,3.0,3.0,1
14516,3.0,3.0,47.0,3.3,-0.65,-0.54,3.0,5.0,1
14518,2.0,2.0,31.0,3.5,-0.81,-1.15,3.0,2.0,0
14520,7.0,8.0,40.0,3.3,0.51,0.63,4.0,2.0,1
14522,9.0,7.0,39.0,3.1,1.19,0.3,3.0,3.0,1
14524,10.0,7.0,32.5,2.7,1.34,0.47,4.0,4.0,0
14525,7.0,9.0,27.7,3.6,0.55,1.07,4.0,2.0,1
14530,4.0,6.0,41.0,3.4,-0.35,0.04,4.0,4.0,1
14532,4.0,6.0,39.0,3.7,-0.24,0.23,3.0,3.0,1
14542,7.0,7.0,32.0,3.2,0.44,0.44,3.0,3.0,1
14543,5.0,7.0,42.0,3.9,0.06,0.37,3.0,4.0,1
14546,4.0,5.0,36.0,3.3,-0.27,-0.2,3.0,3.0,1
14549,10.0,10.0,43.0,4.0,1.85,1.87,3.0,3.0,1
14551,6.0,10.0,38.0,3.2,0.25,2.72,4.0,5.0,1
14552,2.0,2.0,39.0,3.1,-0.8,-1.25,4.0,5.0,1
14555,5.0,7.0,45.0,3.5,-0.02,0.53,3.0,5.0,1
14557,8.0,9.0,40.0,3.2,0.59,1.29,4.0,3.0,1
14558,10.0,10.0,40.0,3.5,1.45,1.49,2.0,4.0,1
14559,9.0,10.0,46.0,3.2,1.08,1.49,4.0,5.0,1
14562,10.0,10.0,40.0,2.6,1.82,1.61,4.0,3.0,1
14565,5.0,2.0,43.0,2.7,-0.13,-1.12,5.0,3.0,1
14566,4.0,2.0,32.5,2.9,-0.36,-1.03,4.0,3.0,1
14570,3.0,7.0,29.0,2.8,-0.59,0.37,4.0,3.0,1
14571,2.0,4.0,38.0,2.8,-0.74,-0.52,3.0,3.0,1
14572,10.0,10.0,31.5,3.0,1.4,1.59,5.0,5.0,1
14573,7.0,10.0,32.0,2.6,0.5,1.48,3.0,2.0,1
14574,1.0,1.0,26.3,3.4,-1.73,-2.0,2.0,5.0,0
14576,3.0,4.0,42.0,3.1,-0.43,-0.31,1.0,4.0,1
14577,2.0,2.0,38.0,3.7,-0.79,-0.92,4.0,4.0,1
14580,10.0,10.0,43.0,3.9,1.64,1.49,3.0,4.0,1
14581,4.0,6.0,40.0,3.6,-0.28,0.17,4.0,5.0,1
14585,1.0,1.0,34.0,3.7,-1.87,-2.19,3.0,5.0,1
14586,10.0,8.0,31.0,3.6,1.3,0.85,3.0,3.0,1
14588,3.0,4.0,36.0,3.4,-0.6,-0.48,4.0,4.0,1
14589,5.0,4.0,28.0,3.3,-0.08,-0.31,2.0,5.0,1
14590,6.0,5.0,40.0,2.4,0.31,0.0,3.0,4.0,1
14591,5.0,4.0,41.0,3.1,0.02,-0.28,3.0,6.0,1
14592,9.0,9.0,33.0,3.1,1.25,1.31,4.0,3.0,1
14594,3.0,3.0,39.0,3.8,-0.68,-0.68,4.0,4.0,0
14595,5.0,5.0,46.0,3.8,-0.14,-0.06,4.0,3.0,1
14601,6.0,8.0,35.0,3.1,0.12,0.59,2.0,3.0,1
14603,1.0,1.0,30.0,2.7,-1.56,-1.61,3.0,4.0,0
14605,5.0,7.0,40.0,3.6,-0.03,0.55,4.0,4.0,1
14606,4.0,5.0,44.0,3.6,-0.3,0.01,5.0,6.0,1
14607,2.0,1.0,35.0,2.5,-1.08,-1.74,2.0,5.0,0
14608,7.0,6.0,36.0,3.6,0.44,0.14,3.0,4.0,1
14610,2.0,2.0,42.0,3.5,-0.84,-1.04,4.0,6.0,1
14611,1.0,3.0,28.0,3.6,-1.59,-0.6,5.0,3.0,1
14614,9.0,9.0,39.0,2.7,1.24,1.26,1.0,2.0,1
14615,2.0,1.0,47.0,2.8,-1.13,-1.52,3.0,6.0,1
14617,6.0,7.0,37.0,3.6,0.27,0.5,4.0,3.0,1
14622,4.0,5.0,37.0,3.2,-0.2,-0.09,4.0,4.0,1
14625,6.0,7.0,37.0,3.2,0.06,0.36,3.0,3.0,1
14627,7.0,6.0,36.0,3.3,0.55,0.23,2.0,1.0,1
14628,5.0,4.0,44.0,3.6,-0.12,-0.42,4.0,4.0,1
14630,2.0,3.0,33.0,2.9,-0.89,-0.55,5.0,5.0,1
14631,7.0,5.0,39.0,3.4,0.36,-0.15,4.0,3.0,1
14632,10.0,10.0,29.0,3.7,2.16,2.23,4.0,2.0,1
14633,5.0,5.0,37.0,2.3,-0.1,-0.23,3.0,3.0,0
14637,10.0,10.0,37.0,3.1,2.44,2.33,3.0,3.0,1
14641,5.0,4.0,39.0,3.0,-0.01,-0.27,4.0,4.0,1
14644,4.0,8.0,35.0,2.9,-0.42,0.55,3.0,3.0,1
14645,5.0,9.0,32.0,3.2,-0.08,1.04,3.0,3.0,1
14646,4.0,6.0,40.0,2.8,-0.23,0.07,4.0,3.0,1
14648,9.0,10.0,42.0,3.1,1.28,1.45,4.0,4.0,1
14649,6.0,8.0,30.0,3.6,0.25,0.8,2.0,3.0,1
14651,3.0,5.0,44.0,3.5,-0.6,-0.13,4.0,5.0,1
14654,5.0,4.0,39.0,3.7,-0.18,-0.35,5.0,5.0,1
14655,6.0,5.0,30.5,3.3,0.16,-0.05,2.0,3.0,1
14658,2.0,3.0,23.0,3.0,-0.92,-0.67,3.0,3.0,1
14659,1.0,1.0,31.0,3.6,-1.64,-1.74,3.0,3.0,0
14665,2.0,1.0,31.5,2.6,-1.19,-1.45,3.0,6.0,1
14666,1.0,1.0,42.0,3.9,-1.3,-1.37,3.0,6.0,1
14667,2.0,1.0,32.0,2.4,-1.04,-1.33,3.0,3.0,1
14671,10.0,10.0,46.0,3.3,1.36,1.34,3.0,4.0,1
14672,2.0,2.0,34.0,3.2,-1.01,-1.24,4.0,3.0,1
14674,3.0,3.0,33.0,3.2,-0.5,-0.81,4.0,5.0,1
14677,3.0,4.0,30.0,3.7,-0.59,-0.31,4.0,3.0,1
14678,2.0,2.0,40.0,3.0,-0.82,-1.0,3.0,5.0,1
14681,2.0,2.0,29.0,2.8,-1.03,-1.21,4.0,3.0,1
14682,7.0,8.0,35.0,3.5,0.43,0.57,1.0,5.0,1
14685,4.0,3.0,32.0,3.0,-0.32,-0.85,3.0,4.0,1
14689,9.0,10.0,43.0,3.8,1.11,1.37,3.0,3.0,1
14690,9.0,9.0,32.0,2.9,1.18,1.02,3.0,3.0,1
14692,9.0,9.0,46.0,3.3,0.94,1.06,5.0,4.0,1
14693,10.0,9.0,48.0,2.8,1.94,1.22,3.0,4.0,1
14694,8.0,4.0,38.0,3.6,0.84,-0.52,4.0,3.0,1
14695,3.0,7.0,33.0,3.6,-0.43,0.4,4.0,4.0,1
14701,5.0,4.0,37.0,3.2,-0.1,-0.43,4.0,5.0,1
14703,5.0,2.0,41.0,3.4,-0.05,-1.18,3.0,3.0,1
14705,2.0,2.0,28.0,2.8,-1.05,-1.23,4.0,4.0,1
14708,2.0,3.0,41.0,2.7,-0.71,-0.78,3.0,3.0,0
14710,5.0,5.0,34.0,3.3,0.02,-0.13,3.0,4.0,1
14711,1.0,3.0,30.0,2.8,-1.25,-0.85,3.0,5.0,1
14712,9.0,9.0,39.0,3.5,1.1,1.08,3.0,4.0,1
14715,6.0,8.0,38.0,3.6,0.11,0.72,4.0,3.0,1
14716,1.0,1.0,35.0,3.3,-1.81,-1.74,4.0,6.0,1
14718,9.0,8.0,43.0,3.5,1.25,0.63,4.0,6.0,1
14726,10.0,9.0,39.0,3.4,2.39,0.98,3.0,6.0,1
14728,8.0,4.0,43.0,3.8,0.7,-0.35,5.0,6.0,1
14729,8.0,5.0,43.0,3.3,0.65,0.0,5.0,4.0,1
14733,2.0,1.0,37.0,3.0,-1.03,-1.38,1.0,5.0,1
14736,2.0,1.0,41.0,3.0,-0.98,-1.43,3.0,4.0,0
14737,3.0,5.0,36.0,3.0,-0.62,-0.25,4.0,2.0,1
14740,3.0,2.0,34.0,3.0,-0.59,-1.12,4.0,3.0,1
14741,4.0,7.0,48.0,3.2,-0.21,0.53,4.0,4.0,1
14742,3.0,2.0,45.0,3.7,-0.69,-1.08,4.0,5.0,1
14743,4.0,7.0,30.0,3.4,-0.29,0.41,3.0,6.0,1
14745,5.0,5.0,41.0,3.4,-0.11,-0.08,4.0,3.0,1
14750,2.0,1.0,30.0,2.7,-0.76,-1.84,3.0,3.0,1
14754,5.0,4.0,37.0,3.5,0.0,-0.55,3.0,3.0,1
14756,3.0,3.0,29.0,3.2,-0.59,-0.67,3.0,2.0,1
14757,3.0,4.0,31.0,2.2,-0.46,-0.42,3.0,3.0,1
14758,2.0,1.0,30.0,2.6,-0.97,-1.45,3.0,4.0,0
14760,6.0,9.0,32.0,3.3,0.08,0.9,3.0,3.0,1
14761,4.0,2.0,34.0,3.0,-0.41,-1.13,3.0,3.0,1
14764,8.0,8.0,37.5,3.3,0.73,0.8,3.0,3.0,1
14765,3.0,5.0,48.0,3.7,-0.75,-0.13,4.0,5.0,1
14766,1.0,2.0,31.0,2.8,-1.61,-1.13,3.0,5.0,1
14767,9.0,10.0,40.0,2.6,1.12,1.73,3.0,4.0,1
14769,2.0,2.0,41.0,2.8,-0.83,-1.14,3.0,5.0,1
14771,1.0,1.0,31.0,2.7,-2.17,-2.85,3.0,5.0,0
14772,7.0,6.0,40.0,2.8,0.49,0.17,2.0,4.0,1
14775,7.0,9.0,35.0,2.3,0.46,0.98,2.0,1.0,1
14778,9.0,9.0,38.0,3.0,1.1,0.98,4.0,5.0,1
14781,2.0,6.0,37.0,3.4,-1.02,0.11,4.0,4.0,1
14783,5.0,4.0,36.0,3.1,0.05,-0.35,4.0,4.0,0
14789,3.0,3.0,40.0,3.3,-0.49,-0.6,4.0,5.0,1
14790,6.0,7.0,35.0,3.5,0.28,0.49,3.0,2.0,0
14795,8.0,9.0,31.5,3.6,0.71,1.05,4.0,3.0,1
14803,2.0,2.0,30.0,3.4,-1.09,-1.13,3.0,5.0,1
14809,1.0,1.0,41.0,3.5,-1.29,-1.88,4.0,3.0,1
14812,4.0,3.0,29.0,3.1,-0.4,-0.64,4.0,2.0,1
14816,6.0,6.0,37.5,3.1,0.19,-0.02,3.0,3.0,1
14818,3.0,3.0,36.0,3.3,-0.48,-0.87,2.0,4.0,1
14820,5.0,6.0,42.0,3.3,0.05,0.12,4.0,3.0,1
14821,7.0,7.0,41.0,3.5,0.35,0.55,4.0,4.0,1
14823,9.0,9.0,38.0,3.4,1.19,1.24,4.0,1.0,1
14824,7.0,6.0,38.0,3.1,0.55,0.19,4.0,2.0,1
14826,7.0,9.0,32.5,3.3,0.56,0.9,3.0,3.0,1
14828,5.0,5.0,37.0,3.5,-0.07,-0.21,5.0,5.0,1
14831,10.0,9.0,35.0,2.6,1.47,1.2,5.0,2.0,1
14835,9.0,10.0,37.0,3.3,1.02,1.33,2.0,4.0,1
14839,7.0,6.0,34.0,3.6,0.46,0.03,5.0,4.0,1
14845,10.0,9.0,46.0,3.4,1.84,1.07,4.0,4.0,1
14847,8.0,8.0,42.0,3.7,0.64,0.65,3.0,4.0,1
14850,5.0,6.0,38.0,3.3,-0.13,0.18,3.0,4.0,1
14851,5.0,5.0,33.0,3.4,-0.11,-0.04,3.0,3.0,1
14854,6.0,3.0,39.0,2.8,0.2,-0.61,4.0,5.0,1
14856,3.0,3.0,34.0,3.6,-0.46,-0.77,3.0,3.0,1
14860,9.0,7.0,42.0,3.6,1.14,0.51,2.0,4.0,1
14861,7.0,6.0,33.0,3.0,0.39,0.02,4.0,3.0,1
14862,7.0,9.0,40.0,2.8,0.41,0.91,3.0,3.0,1
14865,10.0,10.0,41.0,3.2,1.91,1.55,4.0,6.0,1
14867,3.0,4.0,30.5,3.3,-0.52,-0.55,3.0,3.0,1
14870,4.0,5.0,41.0,4.0,-0.2,-0.07,4.0,4.0,1
14871,6.0,8.0,33.0,3.1,0.08,0.84,4.0,2.0,1
14872,6.0,7.0,38.0,3.4,0.29,0.4,4.0,4.0,1
14873,3.0,4.0,33.5,2.7,-0.48,-0.54,3.0,3.0,1
14875,6.0,7.0,40.0,3.5,0.2,0.34,2.0,3.0,1
14881,10.0,9.0,36.0,3.6,1.37,0.91,3.0,2.0,1
14882,1.0,1.0,32.0,3.3,-1.19,-2.68,2.0,3.0,0
14883,6.0,7.0,32.0,2.7,0.1,0.32,2.0,3.0,1
14885,4.0,2.0,44.0,3.0,-0.4,-1.17,3.0,4.0,1
14886,4.0,2.0,24.0,3.1,-0.24,-1.2,3.0,3.0,0
14887,6.0,6.0,43.0,3.4,0.26,0.25,4.0,4.0,1
14890,1.0,1.0,31.0,3.6,-2.12,-1.54,2.0,6.0,1
14892,9.0,5.0,32.0,2.5,0.93,-0.06,3.0,4.0,1
14895,3.0,2.0,31.0,2.7,-0.56,-1.17,5.0,2.0,0
14896,9.0,9.0,35.0,3.1,0.9,1.21,4.0,3.0,1
14897,2.0,1.0,37.0,2.4,-0.99,-2.06,4.0,3.0,0
14898,2.0,3.0,33.5,2.8,-1.15,-0.82,4.0,6.0,1
14901,2.0,1.0,32.0,2.9,-0.82,-1.42,4.0,3.0,1
14904,10.0,10.0,44.0,3.2,1.71,1.69,3.0,4.0,1
14905,6.0,5.0,36.0,3.5,0.16,-0.07,4.0,4.0,1
14906,7.0,6.0,44.0,4.0,0.56,0.22,3.0,6.0,1
14907,8.0,6.0,34.0,3.1,0.64,0.15,4.0,5.0,1
14908,1.0,1.0,34.0,2.9,-1.29,-2.18,3.0,2.0,1
14911,1.0,2.0,31.0,2.6,-1.48,-1.32,5.0,4.0,1
14913,1.0,1.0,30.0,3.1,-1.4,-1.68,2.0,3.0,0
14917,4.0,2.0,35.0,3.4,-0.36,-0.92,3.0,5.0,1
14918,6.0,6.0,31.0,2.7,0.19,0.14,3.0,4.0,1
14919,9.0,8.0,42.0,3.7,1.16,0.67,4.0,6.0,1
14920,5.0,4.0,38.0,2.7,0.0,-0.46,3.0,2.0,0
14924,4.0,5.0,33.0,3.4,-0.3,-0.15,4.0,3.0,1
14925,8.0,8.0,39.0,3.0,0.86,0.64,3.0,3.0,1
14927,1.0,1.0,42.0,3.4,-1.27,-2.04,4.0,5.0,0
14929,7.0,6.0,40.0,3.2,0.45,0.1,3.0,4.0,1
14931,2.0,1.0,23.0,3.5,-0.99,-1.81,2.0,5.0,1
14935,10.0,10.0,48.0,3.3,2.18,1.94,3.0,3.0,1
14942,6.0,5.0,33.0,3.2,0.26,0.01,1.0,4.0,1
14948,7.0,6.0,39.0,3.8,0.4,0.22,4.0,5.0,1
14951,2.0,2.0,28.0,3.6,-1.01,-1.15,2.0,2.0,0
14952,5.0,8.0,37.0,3.7,-0.08,0.57,1.0,3.0,1
14954,10.0,10.0,32.5,3.7,1.52,1.67,3.0,3.0,1
14956,4.0,4.0,32.0,2.8,-0.38,-0.3,4.0,4.0,0
14957,10.0,10.0,46.0,3.1,1.42,1.42,3.0,4.0,1
14960,10.0,10.0,37.0,3.3,1.72,1.46,3.0,1.0,1
14961,5.0,7.0,32.0,3.5,-0.13,0.49,4.0,3.0,1
14962,6.0,7.0,45.0,3.8,0.08,0.39,4.0,5.0,1
14965,10.0,10.0,41.0,3.3,1.71,1.88,4.0,4.0,1
14971,10.0,10.0,47.0,3.7,1.73,1.67,4.0,5.0,1
14973,4.0,6.0,29.0,3.6,-0.22,0.01,3.0,3.0,1
14974,5.0,4.0,44.5,3.1,-0.19,-0.26,4.0,5.0,1
14977,2.0,1.0,32.0,3.4,-1.1,-1.81,3.0,5.0,1
14983,6.0,4.0,36.0,3.4,0.24,-0.56,5.0,3.0,1
14984,5.0,5.0,37.0,2.9,0.06,-0.1,4.0,4.0,1
14985,7.0,6.0,35.0,3.5,0.39,0.15,3.0,3.0,1
14991,5.0,7.0,33.5,3.0,-0.13,0.49,1.0,3.0,1
14993,4.0,6.0,38.0,3.1,-0.21,0.02,4.0,4.0,1
14995,8.0,7.0,44.0,3.7,0.74,0.29,3.0,5.0,1
14997,1.0,1.0,44.0,3.1,-1.85,-1.44,3.0,6.0,1
14998,3.0,4.0,36.0,2.8,-0.54,-0.48,4.0,3.0,1
15002,6.0,8.0,37.0,3.5,0.3,0.62,3.0,3.0,1
15003,1.0,2.0,36.0,2.9,-1.44,-0.94,4.0,4.0,1
15006,10.0,5.0,46.0,3.1,1.98,0.0,3.0,6.0,1
15007,8.0,6.0,37.0,3.1,0.57,0.14,3.0,3.0,1
15009,10.0,9.0,40.0,3.4,1.34,0.95,4.0,3.0,1
15010,1.0,1.0,27.0,2.4,-2.01,-2.08,4.0,3.0,1
15013,6.0,5.0,40.0,3.0,0.11,-0.11,3.0,3.0,1
15014,4.0,4.0,34.0,3.6,-0.42,-0.53,3.0,4.0,1
15015,10.0,9.0,34.5,3.2,1.61,1.0,5.0,3.0,1
15017,6.0,6.0,40.0,2.4,0.1,0.18,3.0,3.0,1
15020,7.0,8.0,42.0,4.0,0.51,0.64,2.0,3.0,1
15022,7.0,8.0,30.0,3.9,0.5,0.63,3.0,3.0,1
15030,4.0,5.0,32.0,3.0,-0.42,-0.12,3.0,3.0,1
15031,4.0,5.0,42.0,3.6,-0.43,-0.18,5.0,5.0,1
15032,4.0,6.0,33.0,3.7,-0.38,0.03,4.0,3.0,1
15036,3.0,1.0,31.0,3.1,-0.52,-1.52,4.0,2.0,1
15037,2.0,3.0,41.0,3.8,-0.91,-0.54,3.0,5.0,1
15039,9.0,6.0,42.0,3.6,1.05,0.22,3.0,5.0,1
15041,8.0,7.0,29.0,3.2,0.58,0.37,4.0,3.0,1
15043,6.0,3.0,29.0,2.3,0.17,-0.75,4.0,2.0,1
15046,4.0,5.0,32.0,3.2,-0.27,-0.11,3.0,3.0,1
15048,6.0,8.0,34.0,3.0,0.15,0.65,4.0,2.0,1
15051,5.0,3.0,37.0,2.9,-0.1,-0.82,3.0,4.0,1
15055,9.0,9.0,39.0,3.5,0.95,1.02,4.0,4.0,1
15056,5.0,5.0,39.0,3.5,-0.15,-0.12,4.0,3.0,1
15057,9.0,10.0,39.0,3.6,1.23,1.57,4.0,4.0,1
15058,8.0,7.0,40.0,2.6,0.68,0.35,5.0,4.0,1
15059,6.0,5.0,44.0,3.3,0.16,-0.02,4.0,4.0,1
15061,4.0,4.0,25.0,3.3,-0.23,-0.5,3.0,4.0,1
15063,8.0,9.0,46.0,3.6,0.74,1.16,3.0,3.0,1
15065,3.0,3.0,31.0,3.3,-0.56,-0.57,3.0,3.0,1
15066,3.0,7.0,34.0,3.1,-0.35,0.45,4.0,1.0,1
15068,3.0,6.0,35.0,3.8,-0.51,0.01,3.0,3.0,1
15069,4.0,6.0,47.0,3.7,-0.22,0.08,4.0,4.0,1
15071,3.0,1.0,40.0,3.2,-0.59,-1.68,3.0,3.0,0
15072,8.0,9.0,45.0,3.6,0.71,0.85,4.0,6.0,1
15074,5.0,7.0,37.0,3.8,0.05,0.46,4.0,3.0,1
15076,3.0,3.0,29.5,3.1,-0.64,-0.76,3.0,6.0,1
15081,7.0,8.0,39.0,3.2,0.41,0.85,3.0,5.0,1
15084,6.0,8.0,36.0,3.6,0.12,0.67,5.0,4.0,1
15085,3.0,5.0,36.0,3.2,-0.51,-0.13,3.0,3.0,1
15091,9.0,8.0,40.0,3.7,0.97,0.57,2.0,5.0,1
15092,6.0,6.0,37.0,3.5,0.14,0.15,3.0,3.0,0
15093,1.0,3.0,32.0,2.3,-1.09,-0.75,2.0,2.0,0
15094,9.0,9.0,45.0,3.0,1.19,1.02,4.0,3.0,1
15095,10.0,9.0,45.0,3.6,1.35,1.22,3.0,3.0,1
15098,2.0,2.0,34.0,2.1,-0.8,-1.29,4.0,3.0,1
15100,10.0,10.0,36.0,2.3,1.55,2.03,3.0,2.0,1
15103,5.0,3.0,44.0,3.4,-0.2,-0.55,4.0,5.0,1
15107,2.0,2.0,30.5,3.1,-0.79,-0.95,3.0,4.0,1
15108,6.0,4.0,35.0,3.1,0.25,-0.39,4.0,4.0,1
15111,3.0,3.0,33.0,3.7,-0.59,-0.74,4.0,4.0,1
15118,7.0,9.0,40.5,3.8,0.54,0.87,5.0,5.0,1
15119,8.0,9.0,28.0,3.2,0.74,0.92,4.0,2.0,1
15120,10.0,10.0,39.0,2.2,1.72,1.63,4.0,1.0,1
15121,4.0,7.0,40.0,3.2,-0.32,0.53,3.0,3.0,1
15122,10.0,10.0,39.0,3.4,1.7,1.87,4.0,3.0,1
15123,6.0,7.0,34.0,2.0,0.19,0.46,4.0,5.0,1
15126,8.0,8.0,47.0,2.8,0.83,0.61,3.0,4.0,1
15129,4.0,2.0,39.0,3.8,-0.21,-0.88,3.0,4.0,1
15131,9.0,7.0,38.0,3.2,0.97,0.47,4.0,3.0,1
15132,4.0,5.0,33.0,2.8,-0.35,-0.17,5.0,2.0,0
15133,8.0,7.0,37.0,2.6,0.75,0.5,4.0,3.0,1
15134,1.0,2.0,36.5,3.0,-1.33,-1.06,3.0,3.0,1
15135,2.0,2.0,18.0,2.8,-1.04,-1.18,1.0,3.0,0
15137,7.0,9.0,36.0,3.5,0.36,0.91,4.0,4.0,1
15142,1.0,1.0,37.0,2.7,-1.71,-2.07,2.0,6.0,1
15144,9.0,9.0,37.0,3.6,1.27,1.29,3.0,3.0,1
15146,7.0,6.0,40.0,3.4,0.45,0.23,3.0,3.0,1
15147,8.0,10.0,42.0,3.0,0.57,1.39,4.0,3.0,1
15152,2.0,3.0,42.0,3.5,-0.81,-0.6,4.0,4.0,1
15157,5.0,4.0,44.0,3.4,-0.12,-0.29,5.0,5.0,1
15158,10.0,9.0,37.5,3.0,1.54,1.1,3.0,4.0,1
15163,10.0,10.0,40.0,3.0,2.12,2.05,3.0,4.0,1
15166,1.0,3.0,44.0,3.3,-1.55,-0.82,3.0,6.0,1
15171,9.0,10.0,37.0,3.5,1.3,1.5,3.0,4.0,1
15172,9.0,9.0,39.0,3.4,1.13,1.27,2.0,3.0,1
15173,3.0,2.0,36.0,3.5,-0.67,-1.1,4.0,6.0,0
15175,3.0,1.0,36.0,3.1,-0.64,-1.58,4.0,6.0,1
15176,4.0,6.0,47.0,3.6,-0.32,0.23,1.0,5.0,1
15177,10.0,10.0,47.0,3.2,2.23,1.55,4.0,4.0,1
15179,7.0,8.0,33.0,3.3,0.5,0.66,3.0,2.0,1
15180,10.0,10.0,39.0,3.3,2.04,2.41,3.0,3.0,1
15181,3.0,3.0,37.0,3.4,-0.49,-0.53,2.0,5.0,1
15183,6.0,3.0,42.0,3.4,0.18,-0.62,3.0,4.0,1
15184,4.0,4.0,32.0,3.2,-0.24,-0.39,4.0,5.0,1
15185,1.0,1.0,32.0,3.2,-1.74,-1.68,3.0,4.0,1
15186,2.0,3.0,40.0,3.3,-0.95,-0.6,3.0,5.0,1
15189,2.0,3.0,36.0,3.0,-0.96,-0.61,2.0,2.0,1
15191,8.0,9.0,39.0,3.6,0.62,1.07,4.0,4.0,1
15194,8.0,9.0,44.0,3.6,0.8,1.23,4.0,4.0,1
15195,3.0,3.0,39.0,2.9,-0.46,-0.63,3.0,3.0,1
15201,8.0,7.0,43.0,3.4,0.77,0.48,4.0,3.0,1
15204,5.0,6.0,37.0,3.3,-0.15,0.07,3.0,3.0,1
15205,3.0,3.0,45.0,3.6,-0.55,-0.61,5.0,6.0,1
15206,9.0,9.0,26.5,2.6,0.98,1.3,3.0,3.0,1
15207,9.0,9.0,40.0,3.4,0.94,0.94,4.0,3.0,1
15208,6.0,4.0,42.0,2.9,0.13,-0.53,4.0,4.0,1
15210,2.0,3.0,39.0,2.7,-1.03,-0.84,3.0,3.0,1
15211,5.0,5.0,39.0,4.0,-0.01,-0.03,4.0,6.0,1
15213,6.0,2.0,25.0,2.3,0.16,-1.07,2.0,1.0,1
15214,8.0,9.0,39.0,3.3,0.72,1.27,2.0,3.0,1
15215,1.0,1.0,41.0,3.7,-1.84,-1.77,4.0,6.0,0
15216,2.0,5.0,37.0,2.7,-0.91,-0.27,4.0,3.0,1
15218,6.0,6.0,34.0,3.5,0.31,0.28,3.0,4.0,1
15224,5.0,3.0,22.0,2.8,-0.05,-0.87,2.0,3.0,1
15225,3.0,5.0,33.5,2.5,-0.43,-0.12,3.0,2.0,1
15226,8.0,9.0,34.0,3.4,0.86,0.98,4.0,3.0,1
15227,6.0,7.0,35.0,2.7,0.17,0.49,4.0,2.0,1
15229,2.0,1.0,27.0,2.4,-0.96,-1.69,5.0,3.0,1
15232,3.0,2.0,38.0,3.7,-0.45,-1.21,4.0,4.0,1
15234,10.0,10.0,38.0,3.3,1.97,2.19,2.0,4.0,1
15237,6.0,6.0,30.0,3.5,0.1,0.19,4.0,5.0,1
15239,9.0,10.0,37.0,3.4,1.09,1.93,3.0,2.0,1
15240,5.0,6.0,37.0,3.4,-0.07,0.04,5.0,4.0,1
15241,7.0,9.0,38.0,3.5,0.48,1.24,4.0,5.0,1
15245,8.0,7.0,38.5,2.8,0.63,0.46,4.0,3.0,1
15248,10.0,5.0,30.0,2.9,1.45,-0.01,3.0,5.0,1
15250,2.0,2.0,38.5,3.8,-0.95,-0.9,2.0,5.0,1
15251,3.0,2.0,30.0,3.2,-0.43,-0.93,4.0,4.0,1
15252,8.0,9.0,36.0,4.0,0.84,1.08,3.0,2.0,1
15253,5.0,5.0,39.0,2.9,-0.12,-0.13,3.0,4.0,1
15254,8.0,5.0,33.0,3.0,0.61,-0.13,3.0,3.0,1
15255,8.0,7.0,40.0,3.3,0.75,0.46,4.0,3.0,1
15257,1.0,1.0,28.0,3.3,-1.66,-1.88,3.0,4.0,1
15259,10.0,10.0,43.0,3.9,2.11,2.24,3.0,2.0,1
15260,6.0,8.0,28.0,2.7,0.16,0.63,4.0,3.0,1
15262,7.0,7.0,44.0,3.8,0.37,0.3,4.0,6.0,1
15264,3.0,3.0,42.0,3.4,-0.58,-0.79,4.0,3.0,1
15265,1.0,1.0,29.0,3.6,-2.61,-1.86,4.0,5.0,1
15267,9.0,10.0,39.0,4.0,1.06,1.32,4.0,4.0,1
15269,10.0,10.0,39.0,3.3,2.47,1.81,4.0,3.0,1
15271,7.0,8.0,37.0,3.9,0.55,0.79,3.0,3.0,1
15272,2.0,2.0,32.0,3.3,-0.87,-1.18,2.0,4.0,1
15273,8.0,8.0,32.0,2.9,0.73,0.58,5.0,3.0,1
15275,9.0,8.0,31.5,3.0,0.9,0.76,4.0,3.0,1
15276,6.0,8.0,42.0,3.4,0.35,0.78,4.0,6.0,1
15277,4.0,5.0,33.0,2.9,-0.24,-0.15,3.0,4.0,1
15280,7.0,6.0,44.0,3.6,0.54,0.05,2.0,5.0,1
15284,10.0,9.0,37.0,3.2,1.38,1.26,4.0,3.0,1
15286,8.0,8.0,33.5,3.3,0.74,0.62,4.0,4.0,1
15288,5.0,2.0,35.0,3.5,-0.14,-1.04,2.0,4.0,1
15289,7.0,6.0,43.0,3.7,0.48,0.05,3.0,4.0,1
15291,10.0,10.0,41.0,2.5,1.39,1.6,3.0,3.0,1
15292,5.0,6.0,33.0,4.0,-0.11,0.11,4.0,3.0,1
15293,2.0,5.0,38.0,3.5,-0.88,-0.15,3.0,4.0,1
15294,8.0,8.0,43.0,3.4,0.57,0.58,3.0,3.0,1
15297,4.0,5.0,42.0,3.3,-0.25,-0.2,5.0,5.0,1
15299,9.0,10.0,39.0,2.7,1.03,2.05,2.0,3.0,1
15300,7.0,5.0,41.0,3.5,0.46,-0.1,4.0,4.0,1
15301,6.0,2.0,35.0,3.5,0.12,-0.87,4.0,6.0,1
15302,10.0,10.0,39.0,2.5,1.61,1.49,4.0,3.0,1
15306,6.0,4.0,36.0,3.4,0.07,-0.33,4.0,3.0,1
15307,4.0,5.0,36.0,2.6,-0.23,-0.17,3.0,5.0,1
15308,3.0,3.0,41.0,3.7,-0.61,-0.72,3.0,6.0,1
15311,9.0,8.0,41.0,3.3,0.98,0.85,4.0,4.0,1
15317,6.0,6.0,35.0,3.1,0.19,0.07,4.0,3.0,1
15318,2.0,2.0,31.0,2.8,-0.98,-1.17,3.0,3.0,0
15322,3.0,4.0,39.0,3.2,-0.71,-0.31,3.0,4.0,1
15323,9.0,6.0,38.0,3.1,0.96,0.01,3.0,3.0,1
15324,4.0,4.0,34.0,3.1,-0.17,-0.4,4.0,4.0,0
15328,3.0,3.0,35.0,3.4,-0.47,-0.88,5.0,4.0,1
15331,3.0,2.0,33.0,2.5,-0.67,-1.13,4.0,3.0,1
15332,10.0,10.0,41.0,3.3,2.08,1.88,3.0,5.0,1
15335,7.0,1.0,27.3,3.0,0.37,-1.36,4.0,3.0,0
15341,9.0,10.0,39.0,3.3,1.19,1.66,2.0,4.0,1
15342,7.0,6.0,33.0,3.5,0.43,0.19,3.0,4.0,1
15343,4.0,6.0,42.0,3.2,-0.39,0.11,4.0,5.0,1
15344,1.0,2.0,29.0,3.5,-1.36,-1.26,4.0,3.0,0
15345,4.0,1.0,32.0,3.0,-0.34,-1.4,4.0,4.0,1
15348,2.0,5.0,39.0,3.6,-0.87,-0.22,4.0,4.0,1
15350,8.0,8.0,23.5,3.6,0.69,0.81,3.0,1.0,1
15354,10.0,10.0,41.0,3.6,1.91,1.95,4.0,3.0,1
15355,10.0,10.0,36.0,2.4,1.35,2.14,4.0,4.0,1
15358,5.0,6.0,41.0,3.9,-0.15,0.16,2.0,6.0,1
15359,4.0,3.0,33.0,3.9,-0.31,-0.57,3.0,4.0,1
15361,4.0,1.0,37.0,3.1,-0.31,-1.49,4.0,3.0,1
15362,2.0,1.0,32.0,3.1,-0.96,-1.61,5.0,3.0,1
15363,5.0,4.0,34.0,3.1,-0.07,-0.37,2.0,4.0,1
15367,3.0,3.0,38.0,3.6,-0.71,-0.77,4.0,6.0,1
15368,2.0,2.0,44.0,3.7,-0.76,-0.86,3.0,5.0,1
15370,4.0,8.0,34.0,3.5,-0.32,0.58,4.0,3.0,1
15371,5.0,4.0,33.0,2.9,-0.03,-0.29,4.0,3.0,1
15374,9.0,6.0,33.0,2.6,1.19,0.15,4.0,4.0,1
15376,2.0,2.0,32.0,3.3,-0.87,-1.14,3.0,3.0,0
15379,8.0,6.0,45.0,3.9,0.78,0.08,4.0,6.0,1
15380,7.0,7.0,37.0,3.9,0.37,0.51,4.0,4.0,1
15384,6.0,8.0,48.0,2.8,0.2,0.7,4.0,5.0,1
15385,4.0,5.0,39.0,3.1,-0.38,-0.2,4.0,3.0,1
15387,6.0,4.0,38.0,3.1,0.27,-0.39,3.0,5.0,1
15388,6.0,4.0,35.0,3.2,0.21,-0.31,4.0,4.0,1
15390,7.0,6.0,38.5,3.5,0.3,0.12,4.0,5.0,1
15391,2.0,1.0,25.0,2.0,-0.77,-1.33,2.0,1.0,0
15392,4.0,4.0,27.0,3.9,-0.23,-0.36,3.0,3.0,0
15394,1.0,1.0,26.0,2.9,-1.55,-1.92,4.0,4.0,0
15397,3.0,2.0,39.0,3.8,-0.46,-0.92,3.0,4.0,1
15400,7.0,4.0,42.0,3.2,0.3,-0.48,3.0,5.0,1
15401,4.0,5.0,31.5,3.1,-0.35,-0.12,3.0,3.0,1
15402,6.0,5.0,43.0,3.0,0.2,-0.07,1.0,6.0,1
15403,6.0,5.0,44.0,3.2,0.24,-0.11,4.0,4.0,1
15404,3.0,5.0,35.0,2.7,-0.5,-0.09,4.0,3.0,1
15406,3.0,2.0,34.3,2.8,-0.55,-1.03,4.0,3.0,1
15408,2.0,2.0,39.0,3.3,-1.09,-0.9,2.0,4.0,1
15409,8.0,9.0,39.0,3.2,0.8,0.9,4.0,3.0,1
15410,10.0,10.0,43.0,2.9,1.34,1.47,4.0,4.0,1
15412,9.0,9.0,37.0,3.7,0.98,1.03,4.0,2.0,1
15415,9.0,10.0,43.0,3.5,1.05,1.45,5.0,6.0,1
15417,7.0,8.0,48.0,2.8,0.33,0.69,2.0,3.0,1
15418,2.0,2.0,17.0,2.5,-1.0,-0.97,3.0,2.0,0
15419,5.0,2.0,27.3,3.2,0.05,-0.99,3.0,3.0,0
15420,3.0,3.0,40.0,3.4,-0.63,-0.81,5.0,5.0,1
15423,3.0,3.0,39.0,2.7,-0.51,-0.65,4.0,3.0,1
15424,2.0,2.0,24.0,2.6,-0.89,-0.89,4.0,4.0,0
15425,1.0,1.0,36.0,2.8,-1.44,-1.66,4.0,2.0,1
15426,6.0,5.0,27.7,2.9,0.16,-0.3,4.0,2.0,1
15430,1.0,4.0,40.0,3.7,-2.51,-0.41,4.0,5.0,1
15432,7.0,4.0,35.0,3.5,0.34,-0.5,4.0,3.0,1
15436,5.0,4.0,40.0,2.9,-0.07,-0.37,4.0,3.0,1
15441,10.0,10.0,40.0,3.6,1.52,1.29,4.0,4.0,1
15443,6.0,5.0,31.0,2.2,0.14,-0.23,4.0,3.0,1
15444,4.0,3.0,34.0,3.5,-0.24,-0.68,4.0,4.0,1
15447,3.0,4.0,28.0,3.1,-0.44,-0.5,3.0,3.0,1
15449,2.0,2.0,43.0,2.7,-1.02,-1.31,3.0,4.0,1
15450,7.0,9.0,46.0,3.6,0.4,1.03,4.0,5.0,1
15451,10.0,10.0,36.0,3.5,2.09,2.14,3.0,3.0,1
15454,3.0,3.0,42.0,3.5,-0.71,-0.74,3.0,4.0,1
15455,8.0,8.0,35.5,3.7,0.79,0.69,2.0,4.0,1
15459,5.0,5.0,37.0,3.2,-0.05,-0.11,3.0,3.0,1
15460,2.0,2.0,38.0,3.8,-1.0,-0.9,1.0,4.0,1
15461,4.0,6.0,29.0,2.7,-0.4,0.17,1.0,5.0,1
15462,9.0,9.0,42.0,3.4,1.0,0.92,4.0,3.0,1
15464,9.0,7.0,31.0,3.0,0.94,0.43,3.0,4.0,1
15465,1.0,1.0,41.0,3.6,-1.23,-1.7,2.0,5.0,1
15467,2.0,2.0,34.0,3.8,-0.87,-0.95,4.0,4.0,1
15473,3.0,4.0,38.0,3.8,-0.51,-0.29,5.0,3.0,1
15474,4.0,3.0,36.0,3.4,-0.38,-0.87,3.0,4.0,1
15475,6.0,6.0,32.5,3.4,0.29,0.27,3.0,4.0,1
15477,8.0,8.0,42.0,2.3,0.83,0.67,3.0,3.0,1
15478,3.0,3.0,33.0,3.7,-0.47,-0.59,4.0,5.0,1
15487,5.0,5.0,32.5,3.0,-0.03,-0.14,3.0,5.0,1
15490,9.0,9.0,42.0,3.7,1.1,0.92,4.0,4.0,1
15491,6.0,6.0,29.0,2.4,0.1,0.04,3.0,2.0,1
15494,2.0,2.0,30.0,3.3,-1.06,-1.03,3.0,3.0,0
15495,4.0,3.0,35.3,2.7,-0.29,-0.85,4.0,5.0,0
15496,9.0,9.0,41.0,3.5,0.9,0.89,3.0,4.0,1
15497,8.0,9.0,37.0,3.5,0.82,0.92,4.0,4.0,1
15498,2.0,2.0,45.0,2.6,-1.05,-1.28,4.0,3.0,0
15502,6.0,6.0,35.0,3.2,0.1,0.04,4.0,5.0,1
15505,9.0,9.0,41.0,3.4,1.09,0.97,4.0,4.0,1
15507,6.0,8.0,36.0,2.8,0.2,0.62,5.0,4.0,1
15508,3.0,3.0,43.0,3.0,-0.55,-0.61,3.0,5.0,1
15511,3.0,4.0,38.0,3.1,-0.55,-0.38,5.0,4.0,1
15517,1.0,1.0,43.0,3.0,-1.38,-1.56,5.0,5.0,1
15519,9.0,9.0,31.0,3.0,1.17,0.95,2.0,4.0,1
15520,1.0,1.0,34.0,2.9,-1.37,-1.46,3.0,3.0,0
15521,8.0,10.0,42.0,3.1,0.83,1.45,3.0,5.0,1
15525,6.0,7.0,36.0,2.7,0.29,0.45,3.0,3.0,1
15528,9.0,8.0,37.0,2.9,0.92,0.81,3.0,3.0,1
15531,3.0,6.0,36.5,3.0,-0.44,0.04,4.0,4.0,1
15536,9.0,10.0,38.0,3.3,0.91,1.29,4.0,4.0,1
15539,4.0,5.0,28.0,3.9,-0.37,-0.28,3.0,3.0,1
15540,8.0,9.0,40.0,3.3,0.61,1.05,4.0,5.0,1
15541,7.0,8.0,43.0,3.6,0.49,0.54,4.0,5.0,1
15543,6.0,5.0,32.0,3.2,0.32,-0.09,3.0,4.0,1
15547,7.0,3.0,41.0,2.8,0.36,-0.52,4.0,6.0,1
15548,7.0,6.0,38.0,3.4,0.35,0.24,1.0,3.0,1
15549,10.0,10.0,39.0,2.1,1.65,2.08,5.0,2.0,1
15552,3.0,2.0,33.0,2.6,-0.56,-1.16,4.0,2.0,0
15553,3.0,5.0,34.0,3.1,-0.69,-0.05,3.0,3.0,1
15555,8.0,8.0,33.0,3.2,0.87,0.61,3.0,3.0,1
15558,10.0,9.0,34.0,3.6,1.6,1.04,5.0,4.0,1
15559,10.0,10.0,43.0,2.7,1.92,1.68,3.0,4.0,1
15561,7.0,8.0,44.0,3.6,0.38,0.59,4.0,6.0,1
15564,2.0,1.0,28.0,2.3,-0.92,-1.63,3.0,3.0,0
15577,5.0,3.0,37.0,3.2,-0.04,-0.6,4.0,3.0,1
15579,5.0,7.0,42.0,3.1,-0.07,0.42,3.0,5.0,1
15581,1.0,1.0,26.0,3.2,-1.81,-1.85,4.0,4.0,0
15586,1.0,1.0,34.0,3.4,-1.98,-2.06,2.0,4.0,0
15587,4.0,3.0,33.0,2.9,-0.38,-0.61,3.0,3.0,1
15590,7.0,6.0,45.0,3.5,0.34,0.05,3.0,5.0,1
15591,1.0,1.0,34.0,3.2,-1.31,-1.64,1.0,5.0,1
15592,5.0,7.0,46.0,3.3,0.07,0.32,1.0,4.0,1
15594,7.0,3.0,43.0,3.5,0.52,-0.79,4.0,5.0,1
15595,10.0,10.0,26.7,3.1,1.55,1.49,3.0,1.0,1
15596,1.0,2.0,35.5,3.4,-1.2,-1.11,4.0,5.0,1
15599,7.0,8.0,39.0,3.4,0.37,0.56,3.0,3.0,1
15601,7.0,3.0,45.0,3.2,0.39,-0.8,4.0,4.0,1
15603,7.0,6.0,43.0,3.9,0.35,0.24,5.0,6.0,1
15604,9.0,9.0,42.0,3.0,0.96,1.2,4.0,4.0,1
15605,7.0,4.0,40.0,2.9,0.56,-0.51,2.0,2.0,1
15608,1.0,2.0,35.0,2.8,-1.16,-1.08,3.0,3.0,0
15609,10.0,10.0,38.0,3.6,1.6,1.37,2.0,3.0,1
15610,3.0,1.0,39.0,3.0,-0.56,-1.38,3.0,4.0,0
15611,4.0,5.0,31.0,3.3,-0.24,-0.21,4.0,3.0,1
15614,10.0,10.0,40.0,3.1,1.34,1.38,3.0,3.0,1
15615,1.0,2.0,41.0,3.1,-1.76,-1.17,3.0,4.0,1
15617,7.0,6.0,37.0,2.8,0.36,0.23,5.0,3.0,1
15618,5.0,4.0,31.0,2.7,-0.16,-0.5,4.0,2.0,1
15619,6.0,5.0,42.0,3.1,0.16,-0.13,3.0,4.0,1
15621,5.0,5.0,46.0,3.6,-0.13,-0.16,4.0,5.0,1
15622,1.0,2.0,29.0,3.0,-1.71,-1.32,2.0,4.0,0
15625,10.0,10.0,48.0,3.2,1.78,1.6,2.0,3.0,1
15626,4.0,5.0,40.0,3.2,-0.42,-0.18,5.0,5.0,1
15628,8.0,7.0,30.0,3.4,0.67,0.29,3.0,3.0,1
15629,9.0,7.0,36.0,3.1,1.16,0.38,3.0,2.0,1
15630,7.0,6.0,31.0,3.3,0.47,0.07,3.0,2.0,1
15631,5.0,5.0,44.0,3.4,-0.12,-0.04,4.0,5.0,1
15633,5.0,6.0,41.0,3.7,-0.04,0.08,4.0,5.0,1
15634,5.0,7.0,42.0,3.0,0.05,0.52,3.0,6.0,1
15635,1.0,1.0,22.0,2.5,-1.6,-1.78,4.0,3.0,0
15636,2.0,1.0,25.5,3.4,-0.76,-1.63,1.0,4.0,1
15638,7.0,7.0,37.0,3.7,0.33,0.37,3.0,4.0,1
15640,5.0,5.0,46.0,3.5,0.0,-0.04,4.0,6.0,1
15642,6.0,5.0,33.0,2.9,0.09,-0.17,3.0,2.0,1
15647,8.0,7.0,45.0,3.6,0.9,0.53,2.0,6.0,1
15648,9.0,6.0,29.0,3.5,0.89,0.07,3.0,3.0,1
15649,8.0,8.0,41.0,3.8,0.7,0.76,2.0,6.0,1
15650,6.0,4.0,45.0,3.7,0.2,-0.48,5.0,5.0,1
15651,6.0,5.0,44.0,3.2,0.1,-0.1,4.0,3.0,1
15653,4.0,4.0,34.0,2.9,-0.25,-0.33,4.0,3.0,1
15654,5.0,6.0,40.0,3.0,-0.02,0.23,3.0,5.0,1
15655,2.0,4.0,36.0,3.8,-0.99,-0.37,4.0,3.0,1
15657,5.0,4.0,36.5,3.4,-0.02,-0.38,4.0,5.0,1
15659,6.0,7.0,39.0,3.1,0.19,0.36,4.0,3.0,1
15662,2.0,9.0,38.0,3.7,-1.11,1.11,4.0,3.0,1
15663,3.0,4.0,25.0,3.6,-0.64,-0.4,3.0,4.0,0
15664,1.0,2.0,41.0,3.6,-1.71,-0.98,3.0,6.0,1
15668,7.0,5.0,32.0,3.6,0.34,-0.06,2.0,4.0,1
15673,3.0,3.0,38.0,3.6,-0.51,-0.66,4.0,4.0,1
15674,3.0,2.0,37.0,3.6,-0.7,-1.3,4.0,5.0,1
15677,10.0,8.0,44.0,3.4,1.35,0.61,4.0,4.0,1
15678,9.0,8.0,46.0,3.0,0.97,0.74,2.0,4.0,1
15679,1.0,1.0,22.7,2.5,-1.34,-1.56,3.0,4.0,0
15680,7.0,7.0,35.0,3.4,0.33,0.43,4.0,3.0,1
15682,4.0,3.0,29.5,2.9,-0.35,-0.68,3.0,4.0,1
15683,4.0,5.0,31.0,2.8,-0.25,-0.25,3.0,4.0,1
15684,8.0,7.0,44.0,3.4,0.75,0.28,3.0,3.0,1
15687,3.0,4.0,44.0,3.4,-0.5,-0.34,2.0,4.0,1
15688,1.0,1.0,20.0,3.2,-2.1,-1.48,2.0,3.0,0
15692,8.0,6.0,37.0,3.6,0.58,0.25,4.0,3.0,1
15695,6.0,4.0,35.5,3.0,0.1,-0.29,3.0,4.0,1
15696,6.0,3.0,37.0,2.8,0.16,-0.57,4.0,5.0,0
15700,9.0,10.0,38.0,3.8,1.26,1.55,4.0,3.0,1
15703,1.0,1.0,28.0,2.8,-1.31,-1.64,3.0,4.0,1
15705,10.0,10.0,43.0,3.6,2.11,1.63,4.0,5.0,1
15709,6.0,3.0,32.0,3.1,0.07,-0.69,4.0,3.0,1
15710,8.0,7.0,37.0,3.4,0.76,0.41,3.0,3.0,1
15712,5.0,9.0,32.0,2.9,-0.01,0.99,3.0,4.0,1
15713,6.0,8.0,30.5,3.1,0.27,0.81,4.0,3.0,1
15714,9.0,9.0,29.0,3.4,0.98,0.96,4.0,5.0,1
15718,5.0,3.0,40.0,3.6,-0.01,-0.65,3.0,4.0,1
15719,9.0,9.0,40.0,2.7,1.08,1.19,4.0,3.0,1
15720,4.0,2.0,31.0,3.1,-0.39,-0.91,4.0,3.0,1
15722,5.0,8.0,39.0,3.6,0.02,0.58,4.0,4.0,1
15724,2.0,4.0,32.0,3.1,-0.76,-0.41,4.0,3.0,1
15728,4.0,7.0,39.0,2.5,-0.29,0.34,5.0,5.0,1
15731,10.0,10.0,47.0,3.0,2.85,2.65,4.0,3.0,1
15733,5.0,3.0,34.0,3.6,0.0,-0.8,4.0,4.0,1
15735,2.0,1.0,45.0,3.5,-1.02,-1.72,5.0,6.0,1
15736,5.0,6.0,29.0,2.9,-0.05,0.05,2.0,2.0,1
15738,9.0,10.0,38.0,3.1,1.15,1.3,4.0,4.0,1
15742,7.0,5.0,38.0,3.7,0.52,-0.05,2.0,3.0,1
15743,10.0,10.0,34.0,3.6,1.55,1.77,4.0,4.0,1
15745,7.0,6.0,47.0,4.0,0.31,0.22,4.0,5.0,1
15753,9.0,9.0,32.0,3.2,0.89,1.27,4.0,2.0,1
15754,2.0,4.0,25.0,2.6,-0.73,-0.34,3.0,1.0,1
15757,1.0,2.0,38.0,2.6,-1.47,-1.19,3.0,3.0,0
15759,9.0,9.0,34.0,3.7,0.97,1.03,3.0,4.0,1
15760,6.0,7.0,35.0,3.2,0.26,0.33,3.0,2.0,1
15762,5.0,5.0,38.0,3.0,-0.03,-0.23,4.0,4.0,1
15763,8.0,6.0,37.0,3.0,0.58,0.13,5.0,3.0,1
15764,6.0,6.0,35.0,3.3,0.24,0.03,3.0,5.0,0
15765,8.0,10.0,32.5,3.5,0.78,2.12,4.0,5.0,1
15766,2.0,5.0,32.0,3.3,-0.78,-0.02,4.0,3.0,1
15767,9.0,9.0,45.0,3.3,1.07,0.93,4.0,4.0,1
15768,4.0,4.0,41.0,3.5,-0.32,-0.39,4.0,5.0,1
15769,8.0,6.0,37.0,3.1,0.78,0.19,4.0,4.0,1
15770,6.0,7.0,39.0,3.3,0.14,0.47,4.0,3.0,1
15771,9.0,10.0,43.0,2.8,1.27,1.44,4.0,1.0,1
15773,8.0,7.0,35.0,3.4,0.63,0.37,4.0,4.0,1
15774,6.0,6.0,38.0,3.4,0.14,0.02,4.0,4.0,1
15775,4.0,3.0,29.0,2.9,-0.28,-0.7,5.0,3.0,1
15779,9.0,5.0,38.0,3.2,1.3,-0.13,5.0,6.0,1
15780,5.0,3.0,39.0,2.7,0.01,-0.84,4.0,3.0,0
15784,2.0,3.0,30.0,2.9,-1.14,-0.82,2.0,4.0,1
15788,5.0,6.0,36.0,2.8,0.0,0.05,4.0,3.0,1
15791,1.0,2.0,42.0,3.3,-1.66,-0.86,2.0,5.0,1
15795,8.0,9.0,38.0,3.4,0.84,1.08,4.0,3.0,1
15796,3.0,2.0,37.0,3.4,-0.71,-0.93,4.0,4.0,1
15797,7.0,4.0,46.0,3.0,0.4,-0.29,2.0,4.0,1
15800,3.0,4.0,28.0,3.6,-0.57,-0.34,3.0,3.0,1
15801,1.0,1.0,30.5,3.3,-1.52,-1.62,3.0,3.0,1
15802,10.0,9.0,47.0,3.3,1.43,1.18,4.0,4.0,1
15803,6.0,5.0,41.0,3.7,0.14,-0.01,4.0,5.0,1
15804,4.0,3.0,43.0,2.8,-0.39,-0.7,3.0,4.0,1
15805,10.0,10.0,40.0,3.2,1.92,1.46,4.0,3.0,1
15806,1.0,1.0,29.0,2.9,-1.94,-1.6,4.0,6.0,1
15807,5.0,7.0,32.5,3.4,-0.03,0.44,3.0,2.0,1
15808,9.0,8.0,41.0,3.2,1.12,0.65,2.0,3.0,1
15809,3.0,2.0,38.5,3.0,-0.73,-0.99,5.0,4.0,1
15810,7.0,5.0,35.0,3.5,0.46,-0.18,3.0,4.0,1
15811,3.0,4.0,37.0,3.3,-0.68,-0.44,3.0,3.0,1
15813,5.0,6.0,28.0,3.3,-0.07,0.06,4.0,2.0,1
15814,7.0,4.0,38.0,3.0,0.36,-0.3,4.0,3.0,1
15816,2.0,3.0,38.0,3.1,-0.98,-0.57,4.0,6.0,1
15819,4.0,2.0,34.0,3.0,-0.34,-0.9,4.0,6.0,1
15823,7.0,7.0,34.0,3.7,0.48,0.35,4.0,5.0,1
15826,4.0,3.0,37.0,2.6,-0.25,-0.75,4.0,4.0,1
15827,4.0,4.0,36.0,4.0,-0.3,-0.42,2.0,4.0,1
15830,5.0,6.0,41.0,3.9,-0.04,0.05,4.0,6.0,1
15832,4.0,3.0,39.0,2.9,-0.29,-0.84,4.0,4.0,1
15834,1.0,3.0,35.0,3.5,-1.23,-0.81,4.0,4.0,0
15837,1.0,1.0,25.5,3.0,-2.11,-1.92,4.0,4.0,1
15839,7.0,9.0,36.0,3.6,0.56,1.03,3.0,5.0,1
15840,8.0,6.0,41.0,3.2,0.76,0.04,4.0,4.0,1
15841,8.0,8.0,32.0,2.7,0.69,0.81,4.0,5.0,1
15843,2.0,3.0,32.0,3.0,-0.95,-0.62,3.0,4.0,1
15845,1.0,1.0,40.0,2.2,-1.65,-2.15,1.0,5.0,0
15847,4.0,6.0,32.0,3.2,-0.36,0.12,3.0,3.0,1
15849,2.0,4.0,37.0,3.6,-0.84,-0.44,3.0,5.0,1
15851,6.0,6.0,36.0,3.8,0.31,0.23,4.0,4.0,1
15855,10.0,9.0,43.0,3.6,1.31,1.04,4.0,4.0,1
15859,5.0,6.0,39.0,3.1,-0.03,0.24,4.0,3.0,1
15861,6.0,7.0,41.0,3.4,0.24,0.54,4.0,4.0,1
15862,7.0,4.0,26.0,3.9,0.31,-0.48,4.0,2.0,1
15863,9.0,8.0,45.0,3.1,0.91,0.76,5.0,3.0,1
15864,9.0,10.0,33.0,3.1,0.98,1.44,2.0,3.0,1
15865,10.0,10.0,40.0,3.3,1.7,2.21,4.0,3.0,1
15867,4.0,7.0,42.0,3.2,-0.24,0.27,4.0,5.0,1
15870,5.0,3.0,28.0,2.9,0.02,-0.76,4.0,1.0,1
15871,8.0,9.0,41.5,3.6,0.75,0.96,4.0,5.0,1
15872,2.0,1.0,34.5,2.6,-0.97,-1.37,4.0,4.0,1
15874,10.0,8.0,33.5,3.5,1.5,0.75,4.0,3.0,1
15877,4.0,3.0,41.0,3.5,-0.24,-0.67,3.0,5.0,1
15880,5.0,4.0,34.0,3.4,-0.03,-0.3,4.0,5.0,1
15881,5.0,3.0,39.0,3.2,-0.08,-0.59,4.0,5.0,1
15883,8.0,6.0,46.0,3.5,0.67,0.18,5.0,5.0,1
15885,6.0,6.0,42.0,3.5,0.16,0.2,4.0,4.0,1
15891,2.0,2.0,40.0,3.0,-1.1,-0.91,3.0,4.0,1
15893,9.0,8.0,41.0,3.9,0.96,0.61,2.0,3.0,1
15894,8.0,9.0,30.5,2.7,0.78,0.92,4.0,2.0,1
15895,7.0,8.0,37.0,3.6,0.46,0.75,4.0,3.0,1
15896,10.0,10.0,43.0,3.4,1.31,1.44,3.0,4.0,1
15899,2.0,3.0,35.5,2.8,-0.76,-0.67,3.0,3.0,0
15901,1.0,1.0,30.5,2.6,-1.28,-1.52,4.0,4.0,0
15902,7.0,6.0,34.0,2.7,0.46,0.19,4.0,2.0,1
15903,8.0,8.0,46.0,3.2,0.64,0.7,3.0,4.0,1
15906,5.0,7.0,37.0,4.0,0.04,0.53,3.0,4.0,1
15912,2.0,1.0,27.0,3.7,-0.96,-1.29,4.0,2.0,1
15916,3.0,2.0,16.0,2.9,-0.5,-1.22,4.0,3.0,0
15919,8.0,7.0,47.0,3.3,0.87,0.27,4.0,6.0,1
15922,5.0,6.0,48.0,3.7,0.03,0.08,3.0,5.0,1
15923,6.0,5.0,41.0,3.2,0.21,-0.05,4.0,4.0,1
15924,9.0,7.0,34.0,3.3,0.97,0.4,3.0,4.0,1
15926,1.0,1.0,38.0,3.1,-1.69,-2.17,3.0,2.0,0
15930,5.0,6.0,41.0,3.5,-0.16,0.04,3.0,5.0,1
15931,3.0,2.0,32.5,3.4,-0.6,-0.96,4.0,4.0,1
15933,2.0,1.0,37.0,2.7,-1.16,-1.58,5.0,6.0,0
15936,10.0,10.0,33.5,3.3,2.18,1.42,2.0,5.0,1
15938,2.0,3.0,35.0,3.1,-0.7,-0.72,3.0,3.0,1
15939,10.0,10.0,41.0,3.3,1.37,1.82,3.0,5.0,1
15940,8.0,5.0,44.0,3.6,0.77,-0.01,4.0,5.0,1
15941,7.0,7.0,31.0,3.2,0.34,0.52,3.0,2.0,1
15942,8.0,8.0,40.0,3.6,0.6,0.65,4.0,5.0,1
15943,2.0,1.0,35.0,3.0,-1.0,-1.44,3.0,5.0,0
15944,8.0,7.0,32.0,3.4,0.83,0.52,4.0,4.0,1
15945,6.0,6.0,33.0,3.0,0.17,0.05,4.0,3.0,1
15948,9.0,5.0,35.0,2.5,1.06,-0.07,4.0,3.0,1
15951,3.0,3.0,28.0,3.5,-0.66,-0.8,3.0,3.0,1
15953,1.0,1.0,32.0,3.5,-1.36,-2.05,3.0,6.0,1
15955,9.0,7.0,44.0,3.3,1.3,0.52,2.0,4.0,1
15960,8.0,8.0,39.0,3.0,0.57,0.78,4.0,3.0,1
15962,9.0,9.0,43.0,3.5,1.0,0.93,3.0,4.0,1
15964,3.0,2.0,35.0,3.7,-0.54,-1.17,2.0,3.0,1
15969,8.0,10.0,36.0,3.3,0.7,1.39,4.0,3.0,1
15970,8.0,10.0,45.0,3.5,0.84,1.84,4.0,4.0,1
15971,9.0,5.0,36.0,3.3,1.06,-0.05,3.0,3.0,1
15974,6.0,4.0,31.0,2.6,0.12,-0.36,5.0,3.0,1
15975,3.0,1.0,42.0,3.0,-0.69,-1.46,4.0,4.0,1
15976,8.0,7.0,35.0,3.9,0.93,0.34,3.0,6.0,1
15977,5.0,2.0,46.0,3.6,-0.15,-1.0,3.0,6.0,1
15978,9.0,10.0,41.0,3.9,1.42,1.52,2.0,6.0,1
15979,8.0,8.0,34.5,3.3,0.6,0.69,5.0,3.0,1
15981,10.0,10.0,37.0,3.9,1.7,1.85,4.0,5.0,1
15982,1.0,2.0,44.0,3.7,-1.37,-1.02,3.0,5.0,1
15983,2.0,1.0,30.0,3.5,-0.88,-2.08,4.0,3.0,0
15985,5.0,7.0,40.0,3.3,-0.05,0.43,4.0,4.0,1
15986,9.0,9.0,45.0,3.6,1.33,1.14,4.0,6.0,1
15987,7.0,7.0,35.0,2.9,0.5,0.24,4.0,2.0,1
15992,5.0,5.0,35.0,2.2,-0.1,-0.03,4.0,3.0,1
15994,10.0,10.0,41.0,3.8,1.32,1.48,3.0,4.0,1
15998,3.0,2.0,32.0,3.5,-0.55,-0.98,4.0,3.0,0
15999,1.0,1.0,47.0,3.5,-1.2,-1.48,4.0,5.0,1
16001,3.0,2.0,35.0,3.1,-0.53,-0.9,4.0,3.0,1
16009,4.0,4.0,37.0,3.5,-0.39,-0.39,4.0,4.0,1
16012,4.0,3.0,33.5,3.3,-0.29,-0.87,3.0,4.0,1
16013,10.0,10.0,43.0,3.7,1.42,1.52,4.0,4.0,1
16019,3.0,4.0,27.0,2.9,-0.72,-0.27,2.0,4.0,0
16021,6.0,7.0,37.0,2.9,0.27,0.35,3.0,4.0,1
16022,3.0,5.0,27.5,2.4,-0.45,-0.24,3.0,1.0,1
16024,9.0,9.0,36.0,3.5,1.19,0.91,3.0,3.0,1
16025,5.0,3.0,36.0,3.6,-0.06,-0.56,4.0,5.0,1
16026,1.0,3.0,39.0,2.5,-1.58,-0.79,5.0,3.0,0
16028,6.0,4.0,42.0,3.6,0.11,-0.27,4.0,5.0,1
16030,9.0,8.0,39.0,3.6,0.96,0.82,3.0,4.0,1
16036,10.0,10.0,38.0,2.9,1.45,1.42,4.0,3.0,1
16038,5.0,1.0,36.0,2.3,0.01,-1.53,2.0,4.0,1
16042,5.0,4.0,36.0,2.7,-0.15,-0.29,3.0,3.0,1
16046,8.0,8.0,45.0,3.1,0.8,0.61,3.0,5.0,1
16047,4.0,5.0,37.0,3.0,-0.21,-0.14,3.0,3.0,1
16051,10.0,9.0,39.0,2.8,1.34,1.15,3.0,3.0,1
16052,4.0,4.0,35.5,3.4,-0.19,-0.44,4.0,3.0,0
16056,3.0,5.0,34.0,4.0,-0.66,-0.15,3.0,3.0,1
16058,9.0,9.0,45.0,3.0,1.08,1.26,5.0,3.0,1
16060,5.0,4.0,38.0,2.9,0.04,-0.37,4.0,4.0,1
16065,1.0,1.0,35.0,3.4,-1.43,-1.82,4.0,5.0,0
16072,9.0,10.0,41.0,2.9,1.16,1.41,4.0,5.0,1
16073,6.0,5.0,35.0,3.5,0.3,-0.25,2.0,3.0,0
16076,7.0,7.0,35.0,3.6,0.53,0.41,4.0,5.0,1
16077,2.0,1.0,33.5,2.6,-1.03,-1.53,4.0,3.0,1
16078,1.0,1.0,32.5,3.3,-1.98,-1.61,3.0,4.0,0
16082,10.0,10.0,47.0,4.0,1.83,2.14,4.0,4.0,1
16086,3.0,3.0,44.0,2.7,-0.64,-0.81,4.0,4.0,1
16088,3.0,3.0,39.0,3.2,-0.49,-0.72,4.0,5.0,0
16089,9.0,9.0,39.0,3.3,1.01,1.19,4.0,2.0,1
16090,1.0,4.0,39.0,3.2,-1.29,-0.27,3.0,5.0,1
16091,10.0,10.0,41.5,2.8,1.72,1.6,5.0,4.0,1
16092,6.0,6.0,29.0,3.5,0.2,0.04,3.0,3.0,1
16093,10.0,10.0,36.5,3.1,1.83,1.99,4.0,3.0,1
16094,8.0,8.0,34.0,2.9,0.62,0.74,4.0,3.0,1
16097,2.0,5.0,44.0,3.2,-0.88,-0.04,4.0,5.0,1
16099,6.0,8.0,43.0,4.0,0.22,0.61,4.0,3.0,1
16102,4.0,4.0,30.0,3.1,-0.38,-0.45,4.0,5.0,0
16107,5.0,3.0,35.0,3.2,0.02,-0.84,4.0,3.0,0
16108,1.0,1.0,41.0,3.4,-1.14,-2.15,4.0,3.0,1
16109,4.0,2.0,29.7,3.1,-0.2,-0.92,4.0,4.0,1
16110,1.0,1.0,27.0,2.6,-2.11,-1.58,5.0,3.0,1
16115,9.0,10.0,46.0,3.2,1.12,1.57,4.0,3.0,1
16117,1.0,4.0,37.0,3.9,-1.16,-0.31,3.0,3.0,1
16122,10.0,10.0,31.0,3.2,1.55,1.4,4.0,3.0,1
16124,4.0,4.0,38.0,3.4,-0.34,-0.55,2.0,3.0,1
16125,10.0,7.0,41.0,2.4,2.58,0.32,4.0,4.0,1
16127,4.0,3.0,36.0,3.4,-0.29,-0.66,4.0,4.0,1
16128,4.0,2.0,39.0,3.1,-0.3,-0.99,4.0,5.0,1
16130,3.0,4.0,36.0,3.4,-0.45,-0.38,4.0,4.0,1
16132,5.0,5.0,34.0,3.7,-0.07,-0.27,4.0,3.0,1
16135,2.0,1.0,30.0,2.8,-1.14,-1.41,3.0,5.0,0
16137,5.0,5.0,30.0,3.3,0.01,-0.04,4.0,3.0,1
16141,1.0,1.0,28.0,3.2,-1.61,-1.57,4.0,4.0,0
16144,10.0,10.0,41.5,2.4,1.67,1.72,4.0,3.0,1
16145,5.0,9.0,35.3,3.4,-0.11,1.01,3.0,3.0,1
16146,10.0,10.0,32.5,3.4,2.11,1.8,3.0,3.0,1
16152,10.0,10.0,41.0,3.0,1.57,1.91,4.0,4.0,1
16155,2.0,2.0,31.0,3.7,-0.8,-1.21,4.0,3.0,1
16156,1.0,1.0,23.7,3.0,-1.62,-2.13,3.0,2.0,0
16160,5.0,9.0,32.0,3.4,-0.06,1.24,3.0,3.0,1
16161,4.0,4.0,32.0,3.1,-0.24,-0.45,3.0,3.0,1
16162,4.0,5.0,32.0,3.3,-0.32,-0.26,4.0,3.0,1
16163,4.0,3.0,43.0,3.9,-0.38,-0.71,4.0,5.0,1
16164,1.0,1.0,24.0,3.1,-1.34,-2.11,3.0,4.0,0
16169,10.0,10.0,34.5,3.1,1.88,1.62,4.0,4.0,1
16170,7.0,5.0,47.0,3.9,0.62,-0.1,4.0,6.0,1
16171,6.0,4.0,35.0,2.8,0.27,-0.34,2.0,3.0,1
16172,6.0,6.0,42.0,3.9,0.16,0.21,4.0,6.0,1
16176,5.0,7.0,35.0,3.6,0.03,0.28,4.0,3.0,1
16179,3.0,4.0,40.0,3.5,-0.67,-0.26,2.0,4.0,1
16180,2.0,3.0,39.0,3.7,-0.73,-0.63,5.0,3.0,1
16183,7.0,6.0,33.0,3.6,0.49,0.25,3.0,3.0,1
16184,6.0,7.0,48.0,3.6,0.14,0.32,3.0,5.0,1
16185,6.0,7.0,34.0,3.6,0.25,0.34,3.0,4.0,1
16187,9.0,7.0,35.0,3.5,1.11,0.34,2.0,3.0,1
16191,7.0,7.0,40.0,3.6,0.35,0.43,3.0,5.0,1
16195,5.0,8.0,33.0,3.6,0.0,0.6,4.0,3.0,1
16196,6.0,7.0,37.0,3.6,0.31,0.54,4.0,4.0,1
16197,10.0,10.0,48.0,3.8,1.78,1.96,3.0,4.0,1
16199,2.0,2.0,34.0,3.0,-0.92,-0.93,4.0,3.0,1
16206,10.0,10.0,31.0,3.9,1.31,1.79,3.0,5.0,1
16209,5.0,3.0,33.0,3.0,-0.17,-0.69,4.0,3.0,1
16217,1.0,3.0,33.0,3.4,-1.23,-0.64,4.0,5.0,1
16220,1.0,2.0,34.0,2.9,-1.17,-1.06,2.0,3.0,1
16221,9.0,10.0,42.0,3.7,1.22,1.61,4.0,4.0,1
16224,8.0,8.0,33.0,3.0,0.76,0.61,3.0,3.0,1
16225,8.0,9.0,41.0,2.9,0.81,1.29,4.0,3.0,1
16228,8.0,5.0,37.0,3.4,0.69,0.0,3.0,5.0,1
16229,3.0,5.0,41.0,3.6,-0.57,-0.03,3.0,4.0,1
16230,9.0,7.0,41.0,3.4,1.02,0.45,3.0,4.0,1
16231,5.0,3.0,42.0,3.6,-0.11,-0.79,3.0,4.0,1
16232,1.0,4.0,31.0,3.3,-1.31,-0.48,3.0,5.0,1
16234,10.0,10.0,48.0,3.7,1.77,1.59,4.0,6.0,1
16235,6.0,4.0,44.0,2.4,0.09,-0.26,4.0,5.0,1
16238,8.0,9.0,43.0,3.7,0.7,1.02,4.0,5.0,1
16239,5.0,3.0,48.0,3.3,-0.02,-0.67,4.0,5.0,1
16244,1.0,1.0,24.0,2.8,-1.84,-2.22,4.0,4.0,0
16249,8.0,7.0,38.0,3.5,0.63,0.31,4.0,4.0,1
16252,10.0,10.0,43.0,3.3,2.21,2.3,2.0,4.0,1
16253,9.0,9.0,48.0,3.8,1.2,1.27,4.0,3.0,1
16254,7.0,8.0,41.0,2.3,0.45,0.74,3.0,5.0,1
16257,8.0,6.0,35.0,3.4,0.58,0.2,3.0,3.0,1
16258,3.0,1.0,34.0,3.1,-0.65,-1.85,2.0,3.0,0
16259,4.0,3.0,41.0,3.6,-0.42,-0.57,4.0,5.0,1
16260,8.0,7.0,32.0,2.9,0.64,0.3,4.0,4.0,1
16261,8.0,9.0,43.0,3.6,0.86,0.92,5.0,6.0,1
16262,3.0,6.0,31.0,3.3,-0.5,0.08,3.0,4.0,1
16263,10.0,10.0,39.0,3.6,1.68,2.24,5.0,3.0,1
16266,9.0,9.0,37.0,3.4,1.09,1.01,4.0,3.0,1
16273,4.0,3.0,39.0,2.9,-0.39,-0.75,3.0,4.0,1
16274,4.0,6.0,45.0,3.7,-0.24,0.14,3.0,4.0,1
16275,1.0,2.0,38.0,3.4,-1.83,-1.31,3.0,3.0,1
16276,9.0,9.0,37.0,2.7,0.98,1.13,1.0,4.0,1
16277,2.0,2.0,30.7,3.6,-0.97,-0.94,2.0,3.0,1
16279,7.0,8.0,39.0,2.3,0.53,0.7,3.0,5.0,1
16280,3.0,6.0,33.0,2.4,-0.47,0.04,2.0,2.0,1
16281,3.0,3.0,29.5,3.5,-0.6,-0.74,3.0,3.0,1
16288,1.0,1.0,36.0,2.4,-1.25,-1.65,5.0,3.0,1
16290,2.0,2.0,44.0,3.6,-1.1,-1.28,4.0,5.0,1
16291,3.0,4.0,32.0,2.5,-0.67,-0.42,2.0,3.0,1
16294,2.0,2.0,35.0,2.8,-0.71,-1.11,5.0,3.0,1
16297,6.0,5.0,47.0,3.9,0.22,-0.02,3.0,6.0,1
16298,3.0,2.0,42.0,2.9,-0.58,-0.91,4.0,4.0,1
16299,9.0,9.0,33.0,3.4,1.04,1.21,4.0,2.0,1
16305,9.0,8.0,48.0,3.3,1.02,0.77,4.0,5.0,1
16309,6.0,6.0,37.0,2.8,0.1,0.1,4.0,3.0,1
16310,1.0,2.0,26.5,3.8,-1.19,-1.08,4.0,3.0,1
16311,8.0,5.0,30.0,3.8,0.61,-0.21,4.0,3.0,0
16314,9.0,10.0,43.0,2.9,1.01,1.66,4.0,3.0,1
16316,10.0,10.0,36.0,3.9,1.99,1.81,4.0,3.0,1
16319,4.0,5.0,40.0,3.4,-0.29,-0.14,3.0,3.0,1
16321,6.0,5.0,31.0,2.7,0.17,-0.09,5.0,5.0,1
16322,1.0,1.0,28.0,3.1,-2.16,-2.13,2.0,4.0,0
16324,4.0,3.0,34.0,3.5,-0.26,-0.6,4.0,3.0,1
16327,9.0,9.0,39.0,3.2,0.92,1.27,4.0,4.0,1
16328,9.0,10.0,46.0,2.6,1.22,1.61,4.0,5.0,1
16329,3.0,2.0,44.0,3.5,-0.69,-1.03,3.0,4.0,1
16330,6.0,5.0,47.0,4.0,0.2,-0.12,2.0,5.0,1
16331,8.0,6.0,28.0,3.2,0.79,0.22,3.0,3.0,0
16335,4.0,3.0,32.7,3.1,-0.37,-0.62,4.0,3.0,1
16336,3.0,3.0,36.0,2.9,-0.49,-0.62,3.0,5.0,1
16337,6.0,8.0,43.0,3.7,0.31,0.73,3.0,4.0,1
16340,7.0,5.0,42.0,3.4,0.52,-0.09,4.0,4.0,1
16345,3.0,4.0,22.5,2.9,-0.45,-0.39,3.0,3.0,1
16346,10.0,10.0,35.0,2.9,2.05,1.71,5.0,5.0,1
16349,4.0,2.0,40.0,2.5,-0.24,-1.0,3.0,3.0,1
16350,4.0,5.0,34.0,3.9,-0.18,-0.18,4.0,3.0,1
16353,9.0,9.0,37.0,3.6,0.91,1.14,3.0,4.0,1
16354,9.0,9.0,34.0,3.2,0.97,1.13,2.0,1.0,1
16355,2.0,1.0,41.0,3.1,-0.87,-1.73,5.0,5.0,1
16358,6.0,6.0,29.0,3.1,0.29,0.15,2.0,3.0,1
16359,1.0,3.0,40.0,3.7,-1.26,-0.64,3.0,5.0,1
16368,2.0,2.0,41.0,3.0,-1.14,-1.14,5.0,4.0,1
16370,4.0,5.0,36.0,3.1,-0.19,-0.08,3.0,4.0,1
16373,6.0,8.0,44.0,3.6,0.16,0.56,3.0,6.0,1
16380,5.0,8.0,43.0,3.2,0.01,0.58,2.0,4.0,1
16381,4.0,6.0,44.0,3.2,-0.31,0.22,5.0,6.0,1
16385,7.0,3.0,32.0,3.0,0.39,-0.77,3.0,3.0,1
16387,7.0,6.0,42.0,3.1,0.51,0.13,4.0,6.0,1
16392,2.0,1.0,31.0,3.1,-1.12,-1.34,3.0,4.0,1
16393,10.0,10.0,42.0,3.5,2.42,3.12,4.0,4.0,1
16395,3.0,6.0,35.0,3.2,-0.59,0.18,5.0,3.0,1
16396,3.0,5.0,37.0,3.4,-0.5,-0.05,4.0,3.0,1
16397,5.0,4.0,42.0,3.6,-0.09,-0.46,3.0,4.0,1
16400,8.0,8.0,41.0,3.1,0.86,0.73,3.0,4.0,1
16401,10.0,10.0,42.0,3.8,1.49,1.61,5.0,4.0,1
16402,3.0,3.0,35.0,3.2,-0.46,-0.71,5.0,3.0,0
16407,7.0,8.0,38.0,3.1,0.5,0.67,5.0,6.0,1
16408,2.0,1.0,31.5,3.6,-0.73,-1.46,2.0,3.0,1
16410,9.0,9.0,32.0,3.1,1.23,1.0,4.0,3.0,1
16411,10.0,10.0,48.0,3.5,1.48,1.71,3.0,6.0,1
16412,6.0,6.0,31.0,2.9,0.26,0.11,3.0,3.0,1
16413,3.0,5.0,44.0,3.5,-0.52,-0.16,3.0,5.0,1
16416,9.0,9.0,38.0,3.0,0.87,1.03,3.0,3.0,1
16417,3.0,3.0,33.0,3.3,-0.59,-0.83,3.0,4.0,1
16420,10.0,10.0,45.0,3.6,1.9,1.39,4.0,4.0,1
16421,7.0,8.0,45.0,2.8,0.56,0.71,4.0,3.0,1
16422,8.0,9.0,32.0,3.6,0.69,1.28,2.0,4.0,1
16423,1.0,1.0,20.0,3.1,-1.44,-1.75,2.0,2.0,0
16425,8.0,9.0,35.0,2.8,0.64,1.24,4.0,3.0,1
16429,5.0,4.0,31.0,3.3,-0.16,-0.32,3.0,4.0,1
16432,10.0,9.0,33.0,3.6,2.02,1.27,5.0,3.0,1
16433,6.0,5.0,38.5,3.3,0.18,-0.05,4.0,4.0,1
16436,6.0,5.0,35.0,3.0,0.18,-0.21,3.0,4.0,1
16437,2.0,1.0,48.0,3.8,-0.89,-1.32,5.0,6.0,1
16438,2.0,2.0,36.0,2.9,-0.81,-1.21,3.0,5.0,0
16439,2.0,2.0,38.0,3.0,-0.79,-1.09,4.0,4.0,1
16440,1.0,1.0,39.0,2.8,-1.96,-2.02,1.0,5.0,1
16442,7.0,5.0,35.0,2.7,0.32,-0.18,5.0,3.0,1
16445,10.0,9.0,44.0,3.6,1.8,1.27,3.0,5.0,1
16446,8.0,7.0,42.0,3.3,0.62,0.51,3.0,2.0,1
16447,4.0,3.0,36.0,3.5,-0.35,-0.7,3.0,4.0,1
16451,6.0,8.0,46.0,2.7,0.19,0.72,4.0,4.0,1
16453,5.0,4.0,40.0,3.2,-0.07,-0.38,2.0,4.0,1
16455,1.0,1.0,26.0,3.3,-1.39,-1.5,3.0,3.0,0
16458,1.0,2.0,37.5,3.3,-1.53,-0.99,3.0,4.0,1
16459,10.0,10.0,39.0,3.4,1.61,1.44,3.0,3.0,1
16462,3.0,3.0,33.0,2.4,-0.67,-0.7,4.0,4.0,1
16466,2.0,2.0,33.0,2.6,-0.86,-1.11,3.0,4.0,1
16469,1.0,3.0,32.5,2.3,-1.13,-0.64,4.0,2.0,0
16471,2.0,2.0,36.5,3.3,-0.79,-0.97,4.0,3.0,1
16472,4.0,6.0,30.0,3.4,-0.26,0.22,3.0,3.0,1
16473,1.0,1.0,29.0,2.3,-1.16,-1.34,4.0,2.0,0
16474,10.0,10.0,38.0,3.6,1.85,1.47,3.0,4.0,1
16475,3.0,2.0,26.0,3.3,-0.68,-1.01,3.0,5.0,0
16477,5.0,5.0,38.0,2.6,-0.07,-0.13,3.0,3.0,1
16478,2.0,1.0,42.0,3.2,-1.02,-1.63,3.0,5.0,0
16479,9.0,7.0,48.0,3.8,1.21,0.46,4.0,5.0,1
16484,8.0,10.0,37.0,3.2,0.68,1.47,4.0,3.0,1
16487,6.0,9.0,39.0,3.8,0.14,0.94,5.0,4.0,0
16488,7.0,4.0,44.0,3.3,0.45,-0.24,4.0,6.0,1
16490,2.0,3.0,38.0,3.8,-0.81,-0.78,3.0,4.0,1
16493,4.0,3.0,34.0,3.4,-0.41,-0.72,4.0,5.0,1
16494,7.0,6.0,37.0,3.1,0.51,0.05,4.0,3.0,1
16497,2.0,1.0,38.0,3.5,-1.05,-1.5,5.0,3.0,1
16498,10.0,9.0,39.0,2.8,1.42,1.3,5.0,3.0,1
16506,3.0,4.0,34.5,2.4,-0.61,-0.58,3.0,2.0,1
16512,10.0,10.0,36.0,3.1,1.61,1.91,4.0,3.0,1
16515,4.0,4.0,39.0,3.2,-0.42,-0.34,3.0,3.0,1
16516,3.0,3.0,36.0,2.7,-0.55,-0.69,4.0,5.0,1
16522,2.0,3.0,39.0,3.8,-0.88,-0.64,3.0,4.0,1
16523,9.0,9.0,48.0,3.6,1.08,0.85,4.0,6.0,1
16527,1.0,1.0,38.0,3.7,-1.44,-1.68,4.0,6.0,1
16528,1.0,1.0,22.5,2.7,-1.33,-1.89,1.0,4.0,1
16530,6.0,4.0,36.0,2.7,0.1,-0.3,4.0,3.0,1
16532,8.0,8.0,34.0,3.0,0.68,0.74,3.0,3.0,1
16537,1.0,1.0,35.0,3.3,-1.78,-1.8,3.0,4.0,1
16538,5.0,6.0,36.0,3.5,-0.1,0.06,4.0,3.0,1
16539,3.0,1.0,45.0,3.0,-0.55,-1.37,4.0,4.0,1
16544,9.0,9.0,46.0,3.8,0.89,1.13,3.0,5.0,1
16545,3.0,3.0,39.0,2.8,-0.63,-0.73,3.0,3.0,1
16549,5.0,5.0,37.0,3.3,-0.09,-0.22,5.0,3.0,1
16554,2.0,4.0,34.0,3.4,-0.89,-0.33,2.0,4.0,1
16557,3.0,3.0,34.0,2.7,-0.65,-0.82,4.0,4.0,0
16558,7.0,7.0,36.0,3.0,0.48,0.35,3.0,2.0,1
16559,9.0,9.0,40.0,3.1,1.06,1.22,5.0,4.0,1
16561,7.0,7.0,33.5,3.7,0.5,0.49,3.0,3.0,1
16562,9.0,10.0,44.0,3.5,1.07,1.31,1.0,5.0,1
16565,8.0,8.0,42.0,3.5,0.65,0.6,3.0,4.0,1
16568,5.0,3.0,31.0,2.7,-0.03,-0.72,4.0,3.0,1
16572,6.0,6.0,31.0,3.3,0.22,0.15,5.0,3.0,1
16574,3.0,3.0,43.0,3.4,-0.48,-0.75,4.0,5.0,1
16579,1.0,1.0,30.5,3.2,-1.72,-1.85,4.0,2.0,0
16583,8.0,6.0,37.0,3.3,0.88,0.25,4.0,4.0,1
16586,4.0,1.0,31.0,3.0,-0.39,-1.34,3.0,3.0,0
16587,9.0,10.0,43.0,4.0,0.87,1.52,4.0,5.0,1
16588,4.0,3.0,41.0,3.1,-0.22,-0.62,5.0,4.0,1
16590,5.0,4.0,30.0,2.9,-0.13,-0.47,2.0,3.0,1
16591,9.0,8.0,42.0,3.6,0.94,0.62,3.0,2.0,1
16593,10.0,5.0,39.0,3.7,2.55,-0.1,4.0,6.0,1
16594,7.0,7.0,36.0,2.5,0.41,0.32,3.0,3.0,1
16598,9.0,8.0,36.0,2.9,1.02,0.63,4.0,4.0,1
16599,9.0,8.0,38.0,3.5,0.99,0.63,5.0,3.0,1
16600,3.0,2.0,33.0,3.4,-0.46,-1.07,4.0,4.0,1
16602,7.0,6.0,47.0,3.6,0.37,0.1,3.0,6.0,1
16606,10.0,9.0,39.0,2.2,1.82,0.99,5.0,3.0,1
16607,7.0,5.0,35.0,3.4,0.51,-0.13,4.0,3.0,1
16609,4.0,7.0,36.0,3.3,-0.25,0.47,4.0,4.0,1
16610,9.0,9.0,36.0,3.4,1.15,1.15,4.0,4.0,1
16612,9.0,10.0,41.0,3.0,1.34,1.69,2.0,6.0,1
16613,7.0,6.0,48.0,3.3,0.51,0.06,3.0,6.0,1
16614,6.0,5.0,44.0,3.5,0.27,0.0,4.0,5.0,1
16618,10.0,10.0,33.0,3.2,2.29,1.36,1.0,6.0,1
16621,1.0,1.0,36.0,2.9,-1.21,-1.38,4.0,5.0,1
16622,6.0,8.0,41.0,3.7,0.32,0.76,4.0,4.0,1
16623,2.0,1.0,22.5,1.9,-0.79,-1.38,3.0,2.0,0
16624,3.0,5.0,33.0,3.3,-0.63,-0.23,3.0,3.0,1
16625,9.0,7.0,32.5,3.1,0.93,0.54,4.0,3.0,1
16626,10.0,9.0,41.0,3.5,1.66,1.12,4.0,4.0,1
16628,7.0,5.0,38.0,3.0,0.45,-0.16,4.0,5.0,1
16633,6.0,7.0,41.0,3.3,0.2,0.48,3.0,4.0,1
16635,6.0,3.0,42.0,3.2,0.16,-0.52,4.0,6.0,1
16637,1.0,1.0,39.0,3.4,-1.79,-2.19,3.0,6.0,1
16639,6.0,6.0,41.0,3.8,0.08,0.23,4.0,5.0,1
16640,10.0,9.0,35.0,3.7,1.36,1.25,2.0,5.0,1
16644,8.0,8.0,34.0,3.5,0.79,0.8,4.0,3.0,1
16648,3.0,3.0,37.0,3.6,-0.56,-0.53,2.0,5.0,1
16652,4.0,6.0,36.0,3.6,-0.18,0.05,3.0,4.0,1
16653,4.0,5.0,31.5,3.4,-0.27,-0.24,4.0,3.0,1
16654,8.0,6.0,33.0,3.2,0.56,0.01,4.0,3.0,1
16656,3.0,3.0,34.0,2.8,-0.64,-0.7,4.0,5.0,0
16659,4.0,4.0,38.0,3.0,-0.26,-0.31,5.0,3.0,1
16661,6.0,5.0,31.5,2.8,0.12,-0.12,5.0,2.0,1
16663,4.0,3.0,36.5,3.1,-0.22,-0.57,2.0,4.0,1
16666,5.0,6.0,45.0,3.3,0.08,0.1,5.0,6.0,1
16672,5.0,4.0,25.0,3.7,0.03,-0.39,4.0,2.0,1
16673,2.0,1.0,29.5,2.6,-0.91,-1.62,4.0,3.0,1
16674,2.0,2.0,35.0,3.1,-0.73,-1.14,1.0,2.0,1
16677,9.0,10.0,39.0,3.7,1.27,1.48,3.0,5.0,1
16679,8.0,10.0,45.0,3.3,0.75,1.37,5.0,3.0,1
16680,2.0,1.0,41.0,2.8,-1.12,-1.41,3.0,4.0,1
16687,5.0,5.0,37.0,3.5,-0.05,-0.21,4.0,3.0,1
16689,8.0,8.0,42.0,2.4,0.81,0.58,3.0,3.0,1
16691,4.0,2.0,38.0,2.9,-0.17,-0.92,4.0,3.0,1
16694,9.0,9.0,35.0,3.4,1.1,1.08,4.0,3.0,1
16696,8.0,6.0,39.0,3.1,0.66,0.06,3.0,3.0,1
16697,5.0,4.0,42.0,2.5,0.0,-0.37,5.0,3.0,1
16699,10.0,10.0,47.0,3.3,1.42,1.57,4.0,5.0,1
16701,7.0,6.0,39.0,3.4,0.34,0.14,5.0,3.0,1
16702,5.0,3.0,33.0,3.6,-0.03,-0.78,4.0,3.0,1
16703,9.0,9.0,39.0,3.7,1.21,1.21,3.0,5.0,1
16704,8.0,7.0,38.0,2.4,0.81,0.38,4.0,3.0,1
16706,8.0,7.0,35.5,3.6,0.81,0.43,4.0,3.0,1
16708,10.0,10.0,40.0,3.5,1.96,1.92,2.0,3.0,1
16709,7.0,9.0,42.0,2.7,0.51,1.02,3.0,2.0,1
16710,10.0,9.0,36.0,3.5,1.5,0.88,2.0,5.0,1
16711,3.0,3.0,42.0,2.9,-0.61,-0.81,4.0,4.0,1
16715,6.0,7.0,42.0,3.4,0.29,0.45,2.0,4.0,1
16716,6.0,6.0,39.0,3.7,0.18,0.19,4.0,4.0,1
16718,6.0,7.0,37.0,2.8,0.3,0.42,3.0,4.0,1
16722,6.0,5.0,30.0,2.7,0.14,-0.15,3.0,3.0,1
16731,8.0,9.0,37.0,3.7,0.81,0.97,3.0,5.0,1
16732,6.0,8.0,20.0,2.6,0.35,0.85,3.0,1.0,0
16734,2.0,1.0,42.0,3.3,-0.79,-1.43,5.0,3.0,0
16739,6.0,7.0,41.0,2.7,0.25,0.46,3.0,5.0,1
16742,5.0,6.0,39.0,3.1,-0.16,0.15,5.0,3.0,1
16749,4.0,4.0,39.0,3.3,-0.43,-0.49,4.0,5.0,1
16756,1.0,1.0,45.0,3.3,-1.28,-1.44,3.0,4.0,1
16757,2.0,2.0,35.0,3.1,-0.98,-1.0,4.0,6.0,1
16758,9.0,8.0,25.0,4.0,0.86,0.8,3.0,2.0,1
16760,1.0,3.0,32.0,3.2,-1.16,-0.77,3.0,4.0,1
16761,2.0,3.0,25.5,3.4,-0.91,-0.85,2.0,3.0,1
16767,7.0,6.0,38.0,3.7,0.55,0.11,4.0,5.0,1
16768,2.0,2.0,33.0,3.5,-1.07,-1.24,2.0,6.0,0
16772,9.0,10.0,33.0,3.6,0.89,1.57,3.0,3.0,1
16773,8.0,6.0,24.5,3.3,0.87,0.28,4.0,4.0,1
16774,7.0,8.0,36.5,3.5,0.45,0.79,3.0,3.0,1
16777,2.0,1.0,23.0,2.5,-0.97,-1.81,4.0,4.0,1
16778,5.0,4.0,39.0,3.7,-0.08,-0.24,4.0,5.0,1
16784,4.0,4.0,38.0,3.4,-0.23,-0.32,5.0,4.0,1
16789,4.0,5.0,37.0,3.3,-0.4,-0.14,3.0,5.0,1
16790,6.0,4.0,29.0,3.4,0.2,-0.51,4.0,3.0,1
16791,9.0,9.0,42.0,3.1,1.2,1.01,4.0,4.0,1
16792,9.0,9.0,45.0,3.3,1.0,1.05,4.0,5.0,1
16794,9.0,8.0,40.0,2.8,1.29,0.87,4.0,4.0,1
16795,5.0,4.0,31.0,3.1,-0.13,-0.49,2.0,2.0,1
16797,5.0,5.0,38.0,3.2,-0.07,-0.25,4.0,3.0,1
16800,7.0,9.0,43.0,3.6,0.4,1.01,4.0,3.0,1
16803,8.0,9.0,45.0,2.7,0.72,1.04,2.0,4.0,1
16804,8.0,8.0,23.0,3.5,0.8,0.83,3.0,1.0,1
16806,9.0,10.0,33.0,3.5,1.18,1.52,4.0,3.0,1
16807,1.0,2.0,25.0,2.9,-1.42,-1.19,2.0,5.0,1
16808,8.0,8.0,32.5,2.1,0.76,0.64,3.0,1.0,1
16813,8.0,9.0,37.0,3.8,0.66,0.99,2.0,4.0,1
16814,4.0,6.0,36.0,3.7,-0.35,0.1,4.0,6.0,1
16815,1.0,4.0,30.5,2.5,-1.48,-0.33,4.0,3.0,1
16816,3.0,2.0,43.0,3.6,-0.78,-1.07,4.0,6.0,1
16817,1.0,2.0,28.5,3.6,-1.36,-1.3,4.0,6.0,1
16818,7.0,7.0,41.0,3.2,0.49,0.55,4.0,4.0,1
16819,3.0,2.0,38.0,3.2,-0.44,-1.01,3.0,3.0,1
16820,4.0,8.0,41.0,2.6,-0.27,0.64,3.0,5.0,1
16821,9.0,9.0,33.0,3.3,0.94,1.0,4.0,3.0,1
16822,10.0,10.0,33.0,3.2,1.41,1.64,4.0,2.0,1
16823,1.0,2.0,28.0,3.2,-1.37,-0.95,4.0,2.0,1
16824,7.0,6.0,33.0,3.2,0.53,0.16,3.0,3.0,1
16828,7.0,5.0,37.0,2.9,0.34,-0.11,1.0,3.0,1
16834,2.0,3.0,31.5,3.1,-1.0,-0.71,4.0,3.0,1
16835,8.0,8.0,45.0,3.2,0.84,0.82,4.0,5.0,1
16839,7.0,5.0,37.0,2.6,0.57,-0.16,3.0,4.0,1
16840,2.0,3.0,39.0,2.9,-0.95,-0.87,4.0,3.0,0
16841,3.0,4.0,38.5,3.4,-0.74,-0.38,4.0,5.0,1
16842,4.0,3.0,31.5,3.1,-0.4,-0.87,3.0,3.0,1
16844,7.0,7.0,42.0,3.6,0.5,0.41,4.0,3.0,1
16847,1.0,1.0,28.0,3.8,-1.46,-1.48,3.0,3.0,0
16848,3.0,4.0,33.0,2.7,-0.56,-0.52,4.0,2.0,1
16849,6.0,9.0,29.0,3.1,0.22,1.17,3.0,3.0,1
16852,6.0,7.0,42.0,3.7,0.29,0.3,2.0,6.0,1
16857,10.0,10.0,42.0,3.1,2.39,2.06,3.0,5.0,1
16861,1.0,1.0,23.0,2.4,-1.75,-1.71,1.0,4.0,0
16863,3.0,4.0,32.5,2.3,-0.51,-0.31,2.0,3.0,1
16865,7.0,3.0,38.0,2.4,0.43,-0.6,4.0,4.0,1
16866,6.0,8.0,30.0,3.3,0.29,0.64,2.0,1.0,1
16870,6.0,7.0,35.0,2.9,0.13,0.25,3.0,2.0,1
16872,10.0,9.0,41.0,3.1,1.34,0.92,1.0,2.0,1
16874,3.0,3.0,36.0,2.5,-0.59,-0.61,4.0,3.0,1
16876,4.0,6.0,42.0,3.2,-0.3,0.04,4.0,6.0,1
16878,3.0,2.0,32.0,3.0,-0.51,-1.2,5.0,3.0,1
16882,7.0,8.0,42.0,3.9,0.39,0.73,3.0,4.0,1
16883,9.0,8.0,42.0,3.4,1.08,0.75,3.0,4.0,1
16885,5.0,4.0,36.0,3.5,-0.16,-0.46,3.0,3.0,0
16889,10.0,9.0,33.0,3.1,1.52,1.07,3.0,4.0,1
16892,6.0,8.0,36.0,2.9,0.17,0.79,4.0,5.0,1
16896,3.0,1.0,36.0,2.6,-0.56,-1.61,4.0,3.0,1
16898,6.0,8.0,35.0,3.0,0.26,0.71,4.0,3.0,1
16901,10.0,9.0,38.0,3.3,1.32,1.25,3.0,3.0,1
16903,5.0,6.0,35.5,3.1,-0.08,0.06,4.0,3.0,1
16905,7.0,6.0,36.0,3.1,0.49,0.13,3.0,4.0,1
16906,6.0,6.0,36.0,3.1,0.12,0.04,3.0,3.0,1
16907,3.0,4.0,33.0,3.3,-0.48,-0.5,3.0,4.0,1
16909,7.0,8.0,31.0,3.4,0.44,0.76,3.0,3.0,1
16910,2.0,3.0,38.0,3.0,-0.95,-0.66,2.0,3.0,1
16911,3.0,4.0,38.0,3.2,-0.59,-0.5,3.0,3.0,1
16914,5.0,4.0,26.5,2.9,-0.03,-0.51,2.0,3.0,1
16916,6.0,5.0,29.0,3.3,0.27,-0.14,5.0,3.0,1
16920,3.0,3.0,41.0,2.9,-0.72,-0.62,3.0,4.0,1
16921,6.0,8.0,38.0,3.1,0.19,0.71,4.0,5.0,1
16923,4.0,4.0,39.0,2.8,-0.19,-0.51,3.0,3.0,1
16927,2.0,2.0,33.0,3.2,-0.82,-1.13,3.0,3.0,0
16928,3.0,2.0,38.0,3.4,-0.66,-0.88,4.0,4.0,1
16929,3.0,4.0,35.0,2.8,-0.52,-0.36,2.0,1.0,0
16934,10.0,10.0,42.0,3.4,1.88,1.43,4.0,5.0,1
16935,8.0,8.0,39.0,3.0,0.67,0.6,4.0,3.0,1
16937,1.0,1.0,24.0,2.3,-1.28,-2.47,4.0,3.0,0
16938,9.0,6.0,37.0,3.4,1.05,0.14,4.0,3.0,1
16939,6.0,10.0,43.0,3.7,0.25,1.4,4.0,5.0,1
16943,4.0,7.0,41.0,3.2,-0.17,0.38,5.0,4.0,1
16944,6.0,7.0,28.0,3.4,0.24,0.48,2.0,2.0,1
16947,1.0,3.0,38.0,3.5,-1.4,-0.78,3.0,3.0,1
16948,3.0,4.0,36.0,3.2,-0.54,-0.35,4.0,4.0,1
16949,3.0,4.0,28.0,2.7,-0.64,-0.4,4.0,3.0,1
16951,10.0,10.0,41.0,3.7,2.67,2.47,4.0,4.0,1
16953,5.0,6.0,39.0,3.1,-0.08,0.09,2.0,5.0,1
16957,10.0,10.0,35.0,3.2,1.3,1.51,4.0,3.0,1
16962,9.0,8.0,44.0,3.4,1.09,0.73,5.0,3.0,1
16967,7.0,7.0,35.0,3.5,0.51,0.41,3.0,4.0,1
16969,9.0,10.0,43.0,3.4,1.37,1.55,4.0,6.0,1
16970,2.0,2.0,33.0,3.0,-0.82,-1.01,5.0,4.0,1
16972,2.0,6.0,37.0,3.3,-1.1,-0.01,5.0,3.0,0
16976,9.0,9.0,41.0,3.2,1.17,0.99,3.0,3.0,1
16977,8.0,9.0,41.0,3.9,0.62,1.22,4.0,5.0,1
16978,10.0,9.0,40.0,3.3,1.55,1.19,3.0,4.0,1
16980,2.0,1.0,34.5,2.6,-1.03,-1.37,4.0,3.0,1
16983,4.0,5.0,36.0,3.1,-0.21,-0.17,3.0,3.0,1
16985,7.0,8.0,35.0,3.4,0.4,0.82,3.0,4.0,1
16987,4.0,5.0,41.0,3.0,-0.39,-0.23,2.0,4.0,1
16988,5.0,4.0,36.0,3.7,0.04,-0.35,4.0,3.0,1
16993,7.0,7.0,36.0,2.8,0.53,0.42,5.0,3.0,1
16994,7.0,1.0,41.0,3.3,0.47,-1.35,3.0,3.0,1
16996,7.0,7.0,35.0,2.5,0.51,0.52,4.0,3.0,0
16997,8.0,7.0,36.0,3.0,0.61,0.48,3.0,3.0,1
17004,2.0,3.0,34.0,3.0,-1.09,-0.61,3.0,3.0,1
17006,9.0,6.0,31.0,3.0,1.18,0.2,4.0,3.0,1
17008,4.0,4.0,39.0,3.1,-0.31,-0.31,4.0,4.0,1
17009,5.0,7.0,31.0,3.3,0.04,0.33,4.0,2.0,1
17010,6.0,4.0,40.0,3.0,0.12,-0.33,4.0,3.0,1
17011,4.0,5.0,42.0,3.2,-0.37,0.0,3.0,4.0,1
17012,4.0,3.0,37.0,3.7,-0.41,-0.59,5.0,4.0,1
17013,7.0,8.0,37.0,3.5,0.54,0.6,2.0,4.0,1
17014,9.0,8.0,43.0,2.8,1.2,0.59,3.0,3.0,1
17016,5.0,4.0,42.0,2.9,-0.13,-0.26,4.0,4.0,1
17021,6.0,5.0,38.0,3.4,0.13,-0.03,4.0,5.0,1
17023,7.0,7.0,32.0,3.9,0.51,0.38,4.0,3.0,1
17025,8.0,9.0,32.0,3.9,0.77,1.1,2.0,3.0,1
17026,5.0,4.0,35.0,3.0,-0.11,-0.27,5.0,5.0,1
17027,5.0,5.0,36.0,3.5,-0.11,-0.22,4.0,4.0,1
17031,1.0,1.0,35.0,2.8,-1.15,-1.95,3.0,3.0,0
17033,1.0,1.0,28.5,2.4,-1.54,-1.69,3.0,5.0,0
17034,4.0,5.0,35.0,4.0,-0.37,0.01,4.0,5.0,1
17043,6.0,4.0,37.0,3.8,0.09,-0.46,4.0,4.0,1
17044,5.0,5.0,42.0,2.9,-0.15,-0.14,4.0,3.0,1
17046,6.0,6.0,31.0,2.7,0.07,0.23,3.0,3.0,1
17047,6.0,7.0,32.0,3.2,0.2,0.26,4.0,5.0,1
17050,10.0,9.0,37.0,3.2,1.78,0.94,3.0,3.0,1
17057,2.0,4.0,22.0,2.9,-0.88,-0.54,1.0,1.0,0
17062,6.0,4.0,34.0,2.9,0.05,-0.42,3.0,5.0,0
17064,5.0,6.0,39.0,3.4,-0.06,0.17,1.0,5.0,1
17069,4.0,3.0,38.0,3.5,-0.26,-0.81,1.0,5.0,1
17070,7.0,5.0,32.5,3.3,0.4,-0.09,2.0,5.0,1
17075,6.0,6.0,41.0,2.6,0.26,0.21,4.0,3.0,1
17077,5.0,6.0,40.0,3.3,-0.05,0.22,2.0,4.0,1
17080,10.0,9.0,32.0,3.6,2.07,1.25,4.0,4.0,1
17084,6.0,8.0,43.0,3.4,0.23,0.72,3.0,5.0,1
17086,3.0,5.0,38.0,3.1,-0.48,-0.08,3.0,3.0,1
17088,1.0,1.0,41.0,3.4,-2.4,-2.15,4.0,5.0,1
17090,7.0,8.0,39.0,3.3,0.54,0.83,4.0,3.0,1
17093,6.0,9.0,34.0,3.5,0.1,0.88,4.0,3.0,1
17096,2.0,5.0,33.0,3.1,-0.77,-0.22,4.0,3.0,1
17097,3.0,2.0,33.0,3.5,-0.44,-0.92,4.0,3.0,0
17099,9.0,8.0,33.0,3.1,1.06,0.62,3.0,2.0,1
17101,10.0,10.0,48.0,3.4,2.72,1.6,3.0,5.0,1
17103,9.0,9.0,48.0,3.9,1.18,0.98,4.0,5.0,1
17105,10.0,10.0,36.0,4.0,2.12,2.52,4.0,2.0,1
17106,2.0,1.0,35.0,3.3,-0.73,-1.44,5.0,3.0,1
17107,7.0,9.0,44.0,3.0,0.48,0.99,5.0,5.0,1
17108,5.0,2.0,44.0,2.6,-0.05,-1.01,3.0,2.0,0
17109,8.0,8.0,39.0,3.5,0.83,0.59,5.0,6.0,1
17112,1.0,1.0,35.0,3.2,-1.46,-1.68,4.0,4.0,1
17114,10.0,10.0,38.0,3.7,1.34,2.12,3.0,3.0,1
17118,6.0,7.0,40.0,3.4,0.15,0.39,3.0,3.0,1
17121,4.0,4.0,40.0,3.1,-0.18,-0.27,3.0,4.0,1
17122,6.0,8.0,38.0,2.9,0.21,0.63,3.0,4.0,1
17123,6.0,6.0,37.0,3.4,0.09,0.12,2.0,3.0,1
17125,3.0,3.0,36.0,3.3,-0.46,-0.64,1.0,3.0,1
17126,4.0,5.0,20.3,2.4,-0.25,-0.12,3.0,1.0,0
17128,1.0,2.0,27.0,3.3,-1.75,-1.18,4.0,3.0,1
17129,6.0,8.0,37.5,3.1,0.06,0.57,4.0,5.0,1
17131,5.0,5.0,38.0,3.4,0.05,-0.03,4.0,4.0,1
17137,4.0,3.0,33.0,3.3,-0.42,-0.67,5.0,3.0,1
17141,9.0,7.0,43.0,3.3,1.2,0.34,4.0,4.0,1
17143,10.0,10.0,37.0,3.4,2.28,3.18,5.0,5.0,1
17144,8.0,7.0,42.0,3.8,0.74,0.28,4.0,6.0,1
17147,8.0,9.0,46.0,3.6,0.8,1.09,5.0,5.0,1
17150,9.0,9.0,37.0,3.2,1.11,1.28,4.0,3.0,1
17151,8.0,8.0,33.0,2.7,0.73,0.83,4.0,4.0,1
17152,5.0,4.0,33.0,2.4,-0.17,-0.42,5.0,3.0,1
17153,5.0,4.0,42.0,2.8,-0.1,-0.56,5.0,3.0,1
17155,7.0,4.0,36.0,2.7,0.33,-0.49,2.0,3.0,1
17156,2.0,1.0,22.5,2.2,-0.91,-1.31,2.0,3.0,0
17162,2.0,2.0,40.0,3.3,-0.85,-1.06,4.0,5.0,0
17163,7.0,7.0,39.0,3.1,0.33,0.54,3.0,3.0,1
17168,4.0,4.0,46.0,3.2,-0.35,-0.35,3.0,6.0,1
17171,4.0,2.0,41.0,2.7,-0.42,-0.86,4.0,5.0,0
17172,7.0,5.0,24.3,3.1,0.47,-0.12,4.0,3.0,1
17173,10.0,10.0,44.0,3.6,2.18,1.99,3.0,4.0,1
17177,5.0,7.0,41.0,3.4,-0.02,0.5,4.0,4.0,1
17178,7.0,9.0,39.0,3.1,0.57,0.88,2.0,4.0,1
17181,7.0,5.0,37.0,2.7,0.4,-0.29,5.0,2.0,1
17182,5.0,9.0,40.0,3.0,0.04,0.86,4.0,6.0,1
17183,5.0,4.0,46.0,3.4,-0.15,-0.36,3.0,6.0,1
17184,6.0,7.0,44.0,3.6,0.27,0.4,3.0,5.0,1
17186,5.0,1.0,39.0,3.6,-0.06,-1.31,5.0,3.0,1
17188,8.0,8.0,40.0,3.6,0.68,0.75,4.0,4.0,1
17190,9.0,10.0,40.0,3.5,1.03,1.39,3.0,4.0,1
17195,8.0,7.0,44.0,3.3,0.75,0.44,4.0,5.0,1
17198,1.0,1.0,30.0,3.2,-1.28,-1.45,3.0,3.0,0
17199,9.0,9.0,38.0,2.6,1.01,1.25,3.0,3.0,1
17202,8.0,7.0,42.0,3.2,0.78,0.47,5.0,6.0,1
17203,6.0,5.0,43.0,3.3,0.23,-0.07,4.0,3.0,1
17205,2.0,1.0,33.5,2.7,-0.97,-1.31,3.0,3.0,1
17206,3.0,3.0,30.0,3.8,-0.63,-0.72,2.0,4.0,1
17207,1.0,1.0,23.0,2.8,-2.37,-1.64,1.0,3.0,0
17209,1.0,1.0,25.0,3.2,-1.42,-1.47,3.0,4.0,1
17210,8.0,8.0,43.0,3.5,0.62,0.84,3.0,5.0,1
17216,8.0,8.0,37.0,3.6,0.77,0.67,3.0,4.0,1
17217,6.0,6.0,38.0,2.7,0.05,0.07,3.0,5.0,1
17221,8.0,8.0,37.0,3.6,0.68,0.7,3.0,4.0,1
17223,10.0,10.0,43.0,3.2,1.72,1.66,4.0,5.0,1
17227,10.0,10.0,41.0,2.7,1.52,2.04,4.0,3.0,1
17230,5.0,3.0,33.0,3.2,-0.03,-0.73,2.0,3.0,1
17231,5.0,5.0,40.0,3.4,-0.1,-0.11,3.0,3.0,1
17233,2.0,5.0,38.0,2.7,-1.04,-0.03,3.0,5.0,1
17234,6.0,6.0,33.0,3.2,0.27,0.23,4.0,3.0,1
17237,6.0,6.0,41.0,3.2,0.2,0.02,5.0,5.0,1
17239,4.0,4.0,41.0,3.5,-0.26,-0.46,3.0,4.0,1
17245,8.0,7.0,40.0,4.0,0.86,0.42,2.0,4.0,1
17249,7.0,8.0,40.0,3.0,0.35,0.75,4.0,4.0,1
17252,10.0,10.0,42.0,3.8,1.73,1.43,4.0,5.0,1
17254,6.0,5.0,34.0,2.7,0.19,-0.1,4.0,3.0,1
17255,5.0,6.0,33.0,3.4,0.01,0.14,3.0,4.0,1
17257,9.0,10.0,36.0,2.8,1.09,1.41,3.0,4.0,1
17260,4.0,6.0,44.0,3.8,-0.32,0.18,3.0,5.0,1
17269,2.0,2.0,31.0,2.6,-1.05,-1.25,3.0,4.0,1
17274,7.0,8.0,38.0,3.9,0.43,0.62,4.0,3.0,1
17276,9.0,9.0,31.0,3.7,1.22,1.13,4.0,3.0,1
17277,6.0,7.0,44.0,3.4,0.09,0.45,3.0,4.0,1
17279,3.0,5.0,42.0,2.7,-0.55,-0.12,4.0,3.0,1
17280,3.0,3.0,35.0,2.9,-0.69,-0.87,4.0,3.0,1
17281,2.0,1.0,38.0,3.6,-1.0,-1.33,3.0,3.0,1
17284,6.0,4.0,43.0,3.0,0.1,-0.49,4.0,3.0,1
17286,1.0,1.0,38.0,2.5,-1.86,-1.38,4.0,3.0,1
17291,2.0,4.0,39.0,2.7,-0.82,-0.43,4.0,4.0,1
17294,9.0,8.0,36.5,3.2,1.12,0.71,3.0,3.0,1
17296,2.0,3.0,40.0,2.4,-0.82,-0.84,3.0,3.0,0
17297,4.0,5.0,38.0,3.5,-0.33,-0.2,1.0,4.0,1
17299,1.0,2.0,33.0,3.0,-1.3,-1.2,4.0,4.0,1
17302,4.0,4.0,33.0,3.7,-0.22,-0.28,3.0,6.0,1
17303,10.0,8.0,34.0,2.5,1.91,0.77,3.0,1.0,1
17304,4.0,3.0,31.0,3.2,-0.31,-0.76,3.0,2.0,0
17308,10.0,4.0,34.0,3.0,1.82,-0.34,4.0,5.0,1
17310,3.0,3.0,44.0,3.7,-0.62,-0.65,4.0,4.0,1
17314,3.0,3.0,31.0,3.6,-0.67,-0.69,4.0,4.0,0
17315,7.0,6.0,39.0,3.7,0.37,0.13,4.0,4.0,1
17317,5.0,4.0,34.5,3.3,0.05,-0.4,4.0,3.0,1
17320,6.0,8.0,32.5,3.2,0.29,0.6,2.0,3.0,1
17324,5.0,4.0,36.0,3.5,-0.07,-0.3,4.0,4.0,1
17325,8.0,9.0,42.0,3.6,0.77,0.88,4.0,4.0,1
17326,6.0,7.0,43.0,3.5,0.2,0.4,4.0,4.0,1
17329,1.0,2.0,23.0,2.5,-1.27,-0.97,4.0,2.0,0
17333,2.0,2.0,27.7,2.0,-0.81,-0.97,4.0,3.0,1
17334,1.0,1.0,33.5,3.7,-1.53,-1.36,3.0,2.0,1
17340,3.0,4.0,45.0,3.9,-0.61,-0.37,4.0,5.0,1
17341,4.0,2.0,31.0,3.4,-0.23,-1.2,3.0,3.0,1
17345,9.0,10.0,47.0,2.8,1.12,1.76,5.0,5.0,1
17346,4.0,3.0,43.0,3.7,-0.32,-0.53,4.0,5.0,1
17348,10.0,10.0,38.0,3.3,1.5,1.81,4.0,3.0,1
17349,7.0,8.0,36.0,3.4,0.43,0.79,2.0,2.0,1
17355,9.0,8.0,39.0,3.6,1.09,0.7,5.0,2.0,1
17356,9.0,9.0,38.0,3.2,1.15,1.14,4.0,5.0,1
17358,3.0,2.0,43.0,3.1,-0.64,-0.9,4.0,4.0,0
17361,8.0,7.0,38.0,3.5,0.64,0.51,3.0,5.0,1
17362,2.0,2.0,22.5,2.8,-0.93,-1.1,3.0,3.0,1
17365,3.0,4.0,42.0,3.1,-0.56,-0.28,5.0,4.0,1
17367,3.0,2.0,36.0,3.7,-0.73,-1.17,3.0,4.0,1
17368,8.0,9.0,38.0,3.2,0.84,1.27,3.0,3.0,1
17369,1.0,2.0,36.0,2.7,-1.29,-1.08,4.0,3.0,1
17371,3.0,3.0,42.5,3.7,-0.46,-0.77,4.0,4.0,1
17372,7.0,6.0,38.0,3.7,0.43,0.16,4.0,4.0,1
17375,5.0,5.0,46.0,3.1,-0.11,-0.12,4.0,4.0,1
17376,10.0,9.0,32.0,3.7,1.5,0.91,3.0,2.0,1
17378,6.0,8.0,40.0,3.7,0.2,0.59,4.0,4.0,1
17381,6.0,3.0,32.0,3.0,0.2,-0.77,4.0,4.0,1
17383,3.0,2.0,37.0,2.8,-0.71,-1.02,4.0,2.0,0
17384,5.0,6.0,40.0,3.9,-0.01,0.06,4.0,4.0,1
17388,3.0,4.0,46.0,3.5,-0.53,-0.39,4.0,5.0,1
17395,4.0,2.0,32.0,3.6,-0.21,-1.16,4.0,3.0,1
17398,9.0,9.0,37.0,3.8,0.92,1.0,2.0,3.0,1
17399,1.0,3.0,31.0,3.2,-1.35,-0.81,3.0,3.0,1
17404,7.0,8.0,45.0,2.9,0.46,0.62,4.0,4.0,1
17409,3.0,2.0,40.0,3.4,-0.52,-0.9,3.0,4.0,1
17410,9.0,10.0,42.0,3.4,1.13,1.31,3.0,4.0,1
17412,10.0,8.0,46.0,3.8,1.49,0.56,4.0,3.0,1
17413,9.0,7.0,33.0,3.3,0.89,0.47,3.0,3.0,1
17414,1.0,1.0,21.0,2.8,-1.65,-1.63,3.0,3.0,1
17415,8.0,7.0,41.0,3.4,0.85,0.52,4.0,6.0,1
17416,2.0,1.0,34.0,2.9,-0.94,-1.34,4.0,3.0,1
17419,5.0,6.0,41.0,3.5,-0.11,0.21,4.0,4.0,1
17425,3.0,1.0,42.0,3.2,-0.73,-1.41,5.0,4.0,1
17428,1.0,2.0,28.0,2.5,-1.2,-0.98,3.0,2.0,0
17429,3.0,2.0,33.0,3.3,-0.69,-1.22,5.0,2.0,0
17430,10.0,9.0,48.0,3.5,1.74,1.26,4.0,5.0,1
17432,10.0,10.0,36.0,2.7,1.34,1.79,3.0,3.0,1
17437,2.0,2.0,36.0,2.9,-0.9,-1.13,4.0,4.0,1
17438,6.0,5.0,35.0,3.8,0.07,-0.15,4.0,5.0,1
17439,10.0,8.0,41.0,3.7,1.33,0.7,3.0,4.0,1
17440,2.0,1.0,32.0,2.6,-1.06,-1.34,4.0,6.0,0
17446,2.0,1.0,37.0,3.1,-0.99,-1.61,5.0,3.0,1
17448,1.0,1.0,24.0,3.1,-1.55,-1.76,4.0,3.0,0
17449,3.0,3.0,29.0,2.9,-0.49,-0.9,3.0,2.0,0
17455,10.0,10.0,35.0,2.6,1.85,1.82,4.0,2.0,0
17456,8.0,8.0,47.0,3.5,0.94,0.6,4.0,6.0,1
17459,10.0,10.0,42.0,3.5,2.22,2.41,4.0,5.0,1
17466,7.0,8.0,47.0,3.1,0.39,0.66,4.0,3.0,1
17467,10.0,10.0,44.0,3.7,1.72,2.01,4.0,5.0,1
17470,7.0,4.0,32.0,3.7,0.43,-0.35,3.0,4.0,0
17471,3.0,2.0,40.0,3.7,-0.73,-0.88,3.0,4.0,1
17472,10.0,10.0,41.0,3.4,1.6,1.5,4.0,4.0,1
17474,8.0,10.0,38.0,2.1,0.73,1.47,4.0,3.0,1
17476,7.0,8.0,34.0,3.4,0.51,0.76,5.0,3.0,1
17477,3.0,2.0,37.0,2.8,-0.67,-1.05,4.0,6.0,1
17479,2.0,2.0,45.0,3.7,-0.94,-1.1,4.0,6.0,1
17484,3.0,2.0,33.0,2.8,-0.44,-1.2,3.0,2.0,1
17485,5.0,7.0,38.0,3.0,-0.05,0.43,4.0,3.0,1
17487,5.0,4.0,48.0,3.3,-0.06,-0.29,4.0,5.0,1
17489,2.0,2.0,34.0,3.2,-0.97,-1.0,3.0,2.0,0
17492,8.0,10.0,35.0,3.5,0.65,1.67,4.0,4.0,1
17494,2.0,6.0,31.0,3.2,-0.96,0.18,3.0,3.0,1
17495,2.0,2.0,39.0,3.1,-0.98,-1.3,3.0,3.0,1
17496,3.0,2.0,40.0,3.3,-0.65,-1.28,2.0,5.0,1
17497,9.0,9.0,34.0,3.5,1.01,1.0,5.0,3.0,1
17499,9.0,8.0,40.0,2.8,1.05,0.83,3.0,3.0,1
17503,9.0,8.0,31.5,3.3,1.11,0.76,3.0,3.0,1
17504,10.0,10.0,35.5,3.3,2.26,2.83,5.0,3.0,1
17505,2.0,2.0,32.0,2.9,-0.88,-1.17,4.0,3.0,0
17506,9.0,9.0,44.0,3.8,1.13,1.08,3.0,4.0,1
17508,2.0,3.0,27.0,3.3,-0.78,-0.56,2.0,4.0,1
17509,9.0,9.0,38.0,3.7,0.95,1.2,4.0,3.0,1
17511,1.0,2.0,41.0,2.9,-1.71,-1.09,3.0,3.0,1
17512,5.0,5.0,37.0,2.7,-0.12,-0.19,3.0,3.0,0
17513,5.0,7.0,33.0,2.8,0.02,0.46,4.0,2.0,1
17515,1.0,1.0,36.0,3.2,-1.3,-1.56,3.0,3.0,1
17516,4.0,4.0,34.0,3.2,-0.21,-0.36,3.0,3.0,1
17517,10.0,10.0,38.0,3.9,1.55,2.25,3.0,3.0,1
17518,6.0,5.0,45.0,3.8,0.12,-0.12,3.0,6.0,1
17519,4.0,2.0,29.5,2.8,-0.33,-1.02,3.0,3.0,1
17522,10.0,10.0,34.0,3.0,1.33,1.37,3.0,2.0,1
17525,6.0,4.0,19.5,2.9,0.11,-0.33,2.0,3.0,1
17527,9.0,6.0,31.0,3.4,0.97,0.02,3.0,2.0,1
17530,10.0,9.0,44.0,3.0,1.4,1.12,4.0,4.0,1
17531,10.0,10.0,32.0,3.6,1.49,1.37,5.0,4.0,1
17532,10.0,9.0,32.5,3.0,1.49,1.04,3.0,3.0,1
17536,4.0,9.0,38.0,2.7,-0.17,1.15,3.0,3.0,1
17538,3.0,7.0,43.0,3.4,-0.6,0.37,4.0,6.0,1
17539,4.0,5.0,46.0,3.9,-0.22,-0.06,5.0,6.0,1
17540,9.0,6.0,38.0,2.6,0.93,0.04,4.0,5.0,1
17542,2.0,1.0,29.0,2.8,-0.96,-1.44,2.0,5.0,1
17543,1.0,1.0,38.0,2.8,-1.73,-1.79,5.0,3.0,0
17545,6.0,7.0,35.0,3.0,0.22,0.4,3.0,3.0,1
17547,6.0,9.0,36.0,2.9,0.21,1.12,3.0,4.0,1
17549,10.0,10.0,41.0,3.3,1.77,1.55,4.0,5.0,1
17554,7.0,9.0,34.0,3.1,0.39,1.02,3.0,3.0,1
17555,6.0,4.0,38.0,3.4,0.09,-0.3,4.0,5.0,1
17557,7.0,5.0,40.0,3.5,0.39,-0.25,5.0,3.0,1
17560,9.0,9.0,39.0,3.1,1.03,1.0,4.0,6.0,1
17565,1.0,2.0,35.0,3.2,-1.13,-1.08,4.0,3.0,1
17566,5.0,5.0,47.0,3.6,-0.12,-0.15,4.0,5.0,1
17571,6.0,8.0,28.0,3.2,0.26,0.81,4.0,2.0,1
17573,4.0,2.0,32.5,3.4,-0.31,-1.14,4.0,3.0,1
17574,10.0,10.0,44.0,3.7,1.63,1.41,3.0,5.0,1
17575,4.0,5.0,30.0,3.0,-0.42,-0.2,3.0,4.0,1
17578,7.0,7.0,45.0,3.3,0.52,0.38,5.0,5.0,1
17581,8.0,6.0,32.0,3.4,0.61,0.1,3.0,5.0,0
17582,2.0,1.0,26.0,2.7,-0.94,-1.54,4.0,3.0,0
17583,5.0,6.0,32.7,2.4,-0.08,0.0,5.0,3.0,1
17584,4.0,8.0,33.5,3.0,-0.26,0.61,4.0,3.0,1
17586,6.0,7.0,43.0,2.9,0.09,0.47,4.0,5.0,1
17587,7.0,8.0,44.0,3.3,0.45,0.87,3.0,4.0,1
17591,2.0,2.0,31.5,3.3,-1.04,-1.08,3.0,4.0,1
17593,4.0,3.0,35.5,2.5,-0.24,-0.65,4.0,3.0,1
17594,5.0,4.0,46.0,3.3,0.01,-0.51,2.0,5.0,1
17596,1.0,1.0,28.0,2.6,-1.27,-1.72,3.0,4.0,0
17598,5.0,5.0,36.0,3.3,-0.08,-0.09,4.0,5.0,1
17601,2.0,1.0,42.0,2.6,-1.13,-1.69,2.0,5.0,1
17605,2.0,2.0,31.0,3.3,-0.77,-1.07,4.0,4.0,1
17607,9.0,7.0,43.0,2.8,0.94,0.4,3.0,3.0,1
17608,10.0,8.0,35.0,3.1,1.84,0.73,2.0,2.0,1
17610,4.0,7.0,30.0,3.3,-0.28,0.34,4.0,2.0,1
17620,6.0,7.0,45.0,2.9,0.22,0.41,4.0,5.0,1
17621,1.0,1.0,33.0,3.5,-1.47,-1.74,2.0,5.0,1
17622,3.0,5.0,32.5,3.3,-0.56,-0.19,3.0,3.0,0
17627,10.0,10.0,37.0,2.6,1.53,1.51,4.0,3.0,1
17628,4.0,8.0,41.0,3.1,-0.31,0.54,4.0,5.0,1
17629,2.0,1.0,46.0,3.8,-0.85,-1.49,3.0,6.0,1
17630,6.0,4.0,31.0,3.9,0.14,-0.29,2.0,3.0,1
17631,6.0,5.0,37.0,3.0,0.14,-0.07,3.0,3.0,1
17635,10.0,10.0,31.0,3.3,1.77,1.43,4.0,5.0,1
17637,6.0,9.0,30.0,2.9,0.07,0.95,4.0,2.0,0
17639,6.0,6.0,41.0,2.9,0.23,0.06,5.0,5.0,1
17644,8.0,6.0,42.0,3.5,0.65,0.21,3.0,5.0,1
17648,3.0,4.0,45.0,2.8,-0.54,-0.37,4.0,5.0,1
17650,8.0,8.0,42.0,2.8,0.57,0.61,4.0,3.0,1
17654,8.0,9.0,41.0,3.5,0.75,1.27,5.0,5.0,1
17655,3.0,3.0,38.0,2.8,-0.58,-0.68,3.0,3.0,1
17656,7.0,7.0,39.0,3.8,0.39,0.42,3.0,4.0,1
17658,10.0,10.0,42.0,3.6,1.94,1.55,4.0,4.0,1
17659,10.0,9.0,38.0,3.6,1.36,1.22,4.0,3.0,1
17661,5.0,7.0,33.0,3.4,0.03,0.38,5.0,4.0,1
17663,10.0,10.0,40.5,3.3,1.95,1.8,4.0,4.0,1
17665,6.0,6.0,34.0,2.8,0.22,0.1,3.0,5.0,1
17666,7.0,4.0,35.0,3.0,0.39,-0.53,4.0,3.0,1
17668,9.0,8.0,41.0,2.8,1.08,0.68,1.0,3.0,1
17672,9.0,6.0,35.0,3.5,1.36,0.02,4.0,6.0,1
17674,9.0,9.0,33.0,3.3,1.27,0.97,4.0,3.0,1
17678,10.0,10.0,45.0,4.0,2.08,2.08,3.0,4.0,1
17679,9.0,10.0,44.0,3.8,1.21,1.65,4.0,4.0,1
17683,9.0,10.0,28.0,3.2,1.15,1.64,4.0,1.0,1
17687,9.0,6.0,38.0,2.3,0.97,0.2,4.0,5.0,1
17690,8.0,7.0,38.0,3.5,0.57,0.37,3.0,5.0,0
17693,4.0,3.0,35.0,3.7,-0.33,-0.57,4.0,4.0,1
17695,3.0,7.0,33.0,3.4,-0.6,0.43,3.0,3.0,1
17696,7.0,7.0,34.0,3.3,0.46,0.45,3.0,2.0,1
17700,8.0,10.0,31.5,3.1,0.79,1.49,4.0,3.0,1
17702,1.0,2.0,30.0,3.0,-1.42,-1.09,4.0,4.0,1
17704,6.0,7.0,41.0,2.9,0.27,0.38,4.0,5.0,1
17707,1.0,2.0,33.0,3.3,-1.36,-1.11,3.0,3.0,1
17711,9.0,9.0,43.0,3.4,1.06,1.22,5.0,4.0,1
17714,2.0,4.0,29.0,2.9,-0.98,-0.32,3.0,3.0,1
17715,1.0,1.0,29.5,3.1,-1.23,-1.45,4.0,2.0,1
17719,5.0,5.0,33.0,3.5,-0.01,-0.09,4.0,4.0,1
17720,8.0,8.0,36.0,3.4,0.82,0.82,4.0,6.0,1
17725,8.0,9.0,38.0,3.0,0.67,1.0,4.0,5.0,1
17726,9.0,9.0,35.0,3.6,1.12,1.06,3.0,3.0,1
17729,5.0,3.0,43.0,3.7,-0.09,-0.56,3.0,4.0,1
17731,7.0,9.0,30.0,3.2,0.48,0.98,4.0,3.0,1
17732,3.0,7.0,39.0,3.1,-0.55,0.29,2.0,3.0,1
17736,6.0,5.0,41.0,2.7,0.15,0.01,4.0,4.0,1
17737,3.0,5.0,44.0,3.1,-0.67,-0.17,4.0,4.0,1
17738,7.0,5.0,46.0,3.6,0.41,-0.02,5.0,5.0,1
17741,9.0,8.0,35.0,3.1,1.09,0.82,3.0,3.0,1
17743,3.0,4.0,37.0,3.2,-0.52,-0.34,4.0,3.0,1
17746,6.0,5.0,37.0,3.1,0.09,0.01,5.0,4.0,1
17747,1.0,1.0,37.0,3.5,-1.64,-1.91,2.0,3.0,1
17748,5.0,8.0,40.0,3.0,-0.17,0.62,4.0,5.0,1
17749,10.0,10.0,40.0,3.0,2.24,2.95,2.0,3.0,1
17751,9.0,7.0,38.0,3.3,1.05,0.55,3.0,4.0,1
17752,10.0,9.0,38.0,2.4,2.16,0.92,4.0,3.0,1
17753,5.0,7.0,36.0,3.1,0.0,0.5,4.0,3.0,1
17755,4.0,3.0,34.0,3.1,-0.39,-0.64,4.0,5.0,1
17756,3.0,2.0,35.0,3.3,-0.57,-1.24,3.0,3.0,0
17757,5.0,7.0,44.0,2.9,-0.09,0.34,4.0,4.0,1
17758,6.0,8.0,36.0,3.1,0.27,0.77,4.0,3.0,1
17761,5.0,2.0,37.0,3.2,0.05,-1.25,4.0,5.0,1
17765,2.0,2.0,32.0,2.4,-0.8,-1.02,4.0,2.0,0
17767,7.0,7.0,39.5,3.0,0.43,0.41,5.0,4.0,1
17773,10.0,4.0,26.5,3.6,1.54,-0.33,5.0,3.0,1
17775,10.0,8.0,37.0,3.5,1.66,0.72,2.0,3.0,1
17779,1.0,2.0,37.0,2.9,-1.7,-1.1,3.0,5.0,1
17782,2.0,2.0,37.0,3.7,-1.03,-1.17,3.0,4.0,1
17783,9.0,10.0,42.0,3.2,1.0,1.81,3.0,3.0,1
17785,5.0,5.0,41.0,3.1,-0.14,-0.05,3.0,3.0,1
17786,10.0,4.0,40.0,3.3,1.62,-0.41,4.0,6.0,1
17788,6.0,7.0,45.0,3.6,0.16,0.44,5.0,6.0,1
17789,8.0,6.0,48.0,3.2,0.72,0.12,4.0,4.0,1
17799,1.0,1.0,35.0,3.1,-1.38,-1.48,3.0,4.0,0
17800,9.0,9.0,42.0,3.1,1.13,1.2,4.0,3.0,1
17801,10.0,10.0,30.0,3.5,1.39,1.46,3.0,3.0,1
17806,9.0,10.0,45.0,3.6,1.0,1.53,5.0,5.0,1
17809,10.0,10.0,42.0,2.5,1.63,1.58,4.0,4.0,1
17810,10.0,10.0,44.0,3.3,1.7,1.67,3.0,5.0,1
17811,10.0,10.0,37.0,2.9,1.24,1.67,4.0,2.0,1
17812,6.0,6.0,37.0,3.4,0.26,-0.01,4.0,3.0,1
17814,5.0,5.0,26.0,2.6,-0.05,-0.32,3.0,2.0,1
17817,2.0,1.0,42.0,2.9,-1.0,-1.83,4.0,4.0,1
17822,4.0,5.0,30.5,3.0,-0.2,-0.04,4.0,3.0,1
17826,5.0,7.0,42.0,3.1,0.01,0.39,4.0,4.0,1
17827,10.0,10.0,44.0,3.7,1.42,1.65,5.0,5.0,1
17832,7.0,5.0,34.0,3.3,0.35,-0.17,3.0,3.0,1
17840,7.0,7.0,31.0,2.6,0.52,0.33,4.0,3.0,1
17841,2.0,2.0,39.0,3.4,-1.03,-1.23,5.0,6.0,1
17845,7.0,6.0,35.7,3.7,0.5,0.26,3.0,4.0,1
17850,3.0,5.0,39.0,4.0,-0.51,0.02,4.0,5.0,1
17852,8.0,7.0,42.0,2.8,0.58,0.43,3.0,5.0,1
17853,6.0,6.0,37.0,3.9,0.17,0.28,3.0,4.0,1
17854,7.0,6.0,22.5,3.1,0.45,0.06,3.0,1.0,1
17858,6.0,5.0,35.0,3.4,0.3,-0.17,4.0,3.0,1
17859,6.0,4.0,23.0,2.8,0.35,-0.37,3.0,1.0,1
17861,8.0,8.0,45.0,3.8,0.65,0.78,3.0,6.0,1
17862,7.0,5.0,36.0,3.6,0.59,0.0,3.0,6.0,1
17866,5.0,7.0,39.0,3.7,0.02,0.28,3.0,3.0,1
17867,2.0,2.0,36.0,2.7,-1.11,-0.96,3.0,5.0,0
17871,10.0,10.0,37.0,3.0,1.66,2.34,3.0,5.0,1
17875,5.0,5.0,37.0,3.1,-0.07,-0.19,3.0,5.0,1
17876,3.0,2.0,35.0,2.9,-0.49,-0.98,4.0,2.0,1
17879,8.0,8.0,34.0,3.4,0.71,0.61,5.0,4.0,1
17880,3.0,5.0,32.0,3.6,-0.47,-0.22,3.0,5.0,1
17882,1.0,3.0,31.0,3.0,-2.71,-0.59,2.0,3.0,1
17883,7.0,8.0,47.0,2.9,0.56,0.8,3.0,3.0,1
17884,4.0,4.0,36.0,2.1,-0.19,-0.38,3.0,3.0,0
17887,1.0,2.0,38.5,3.1,-1.34,-1.0,4.0,4.0,1
17889,2.0,1.0,33.0,3.6,-0.96,-1.45,4.0,3.0,0
17890,5.0,6.0,32.5,3.6,0.06,0.16,3.0,4.0,1
17891,10.0,10.0,38.0,3.4,1.46,2.03,2.0,4.0,1
17893,8.0,7.0,40.0,2.8,0.67,0.52,4.0,6.0,1
17894,4.0,3.0,44.0,3.5,-0.29,-0.83,2.0,4.0,1
17895,3.0,3.0,36.0,3.5,-0.53,-0.81,4.0,4.0,1
17896,9.0,9.0,35.0,3.0,1.05,0.89,3.0,3.0,1
17897,8.0,7.0,44.0,3.3,0.66,0.34,4.0,5.0,1
17898,5.0,6.0,36.0,3.2,-0.11,0.04,4.0,5.0,1
17899,3.0,3.0,42.0,3.8,-0.78,-0.51,3.0,6.0,1
17903,5.0,5.0,31.0,2.7,-0.11,-0.18,4.0,4.0,1
17904,9.0,10.0,44.0,3.8,1.29,1.43,3.0,6.0,1
17905,6.0,2.0,40.0,3.6,0.22,-1.17,4.0,5.0,1
17906,10.0,10.0,36.0,3.7,1.9,1.96,4.0,4.0,1
17907,5.0,5.0,31.0,3.9,-0.05,-0.23,1.0,2.0,1
17909,6.0,5.0,35.0,2.8,0.24,-0.26,3.0,3.0,0
17911,7.0,6.0,31.0,3.1,0.31,0.12,4.0,3.0,1
17913,7.0,7.0,38.0,2.9,0.41,0.51,4.0,4.0,1
17916,8.0,8.0,37.0,3.1,0.63,0.69,4.0,2.0,1
17917,2.0,5.0,27.0,3.5,-0.93,-0.28,3.0,1.0,1
17918,3.0,4.0,37.0,2.7,-0.48,-0.33,5.0,4.0,1
17919,2.0,1.0,36.0,3.7,-0.73,-1.46,4.0,3.0,0
17920,9.0,9.0,36.0,3.1,0.99,1.06,4.0,3.0,1
17921,4.0,3.0,35.0,3.1,-0.4,-0.59,4.0,5.0,0
17922,4.0,5.0,44.0,3.7,-0.45,-0.01,4.0,5.0,1
17925,1.0,2.0,29.0,2.6,-1.36,-1.12,3.0,1.0,1
17926,1.0,2.0,29.0,3.3,-1.21,-1.27,3.0,3.0,0
17927,9.0,8.0,39.0,3.5,0.98,0.84,4.0,3.0,1
17931,9.0,10.0,45.0,3.1,1.29,1.39,5.0,3.0,1
17932,9.0,8.0,45.0,3.5,1.1,0.76,5.0,5.0,1
17934,10.0,10.0,43.0,3.6,2.05,1.95,4.0,3.0,1
17935,9.0,9.0,33.0,3.6,1.11,1.15,4.0,3.0,1
17936,1.0,2.0,28.0,3.1,-1.13,-1.09,2.0,3.0,1
17938,5.0,5.0,28.0,3.7,0.0,-0.12,3.0,3.0,1
17941,6.0,5.0,42.0,3.6,0.26,-0.2,4.0,3.0,1
17945,9.0,10.0,43.0,3.7,1.27,1.62,3.0,4.0,1
17948,2.0,3.0,27.0,2.7,-0.72,-0.65,4.0,3.0,1
17950,2.0,4.0,42.0,3.8,-0.96,-0.35,4.0,5.0,1
17951,2.0,2.0,29.0,3.6,-0.89,-1.05,3.0,2.0,1
17956,2.0,2.0,44.0,3.0,-0.9,-0.86,4.0,5.0,1
17957,3.0,6.0,35.5,2.8,-0.63,0.16,3.0,2.0,1
17958,3.0,4.0,30.5,3.3,-0.69,-0.51,5.0,2.0,0
17959,2.0,5.0,47.0,3.6,-0.89,-0.15,4.0,6.0,1
17966,1.0,1.0,36.0,3.3,-1.98,-1.42,4.0,5.0,1
17967,4.0,2.0,24.3,3.1,-0.36,-1.16,3.0,3.0,0
17970,5.0,3.0,26.5,3.1,-0.07,-0.64,2.0,3.0,1
17973,5.0,4.0,33.0,2.9,-0.04,-0.55,4.0,2.0,1
17974,1.0,1.0,29.0,3.5,-2.36,-2.61,3.0,6.0,1
17979,2.0,2.0,47.0,3.6,-0.93,-1.07,4.0,6.0,1
17982,3.0,3.0,34.0,3.2,-0.46,-0.81,3.0,2.0,0
17984,8.0,6.0,26.0,2.5,0.71,0.08,3.0,1.0,0
17989,4.0,2.0,37.0,2.8,-0.28,-1.17,4.0,3.0,1
17993,6.0,9.0,36.0,3.6,0.2,0.9,4.0,5.0,1
17994,9.0,9.0,48.0,3.5,1.11,0.84,5.0,6.0,1
17995,5.0,3.0,36.0,3.3,-0.07,-0.7,2.0,5.0,1
17997,10.0,10.0,46.0,3.3,1.72,2.03,4.0,6.0,1
17998,2.0,3.0,28.0,2.7,-1.08,-0.89,5.0,3.0,0
17999,8.0,10.0,37.0,3.5,0.81,1.83,2.0,3.0,1
18000,1.0,1.0,35.0,2.5,-1.23,-1.54,3.0,3.0,0
18001,2.0,1.0,26.5,2.9,-0.81,-1.44,2.0,3.0,1
18002,10.0,10.0,38.0,3.3,2.16,1.78,4.0,4.0,1
18003,4.0,4.0,48.0,3.2,-0.33,-0.46,4.0,5.0,1
18004,10.0,8.0,37.0,3.5,1.96,0.62,2.0,3.0,1
18007,1.0,1.0,30.0,2.9,-1.71,-2.1,3.0,4.0,0
18008,10.0,10.0,38.0,3.6,1.41,1.94,3.0,3.0,1
18009,8.0,9.0,44.0,3.1,0.77,1.22,4.0,4.0,1
18010,4.0,5.0,39.0,3.2,-0.18,-0.14,4.0,4.0,1
18014,1.0,1.0,30.0,2.7,-2.89,-2.87,4.0,6.0,0
18016,6.0,4.0,33.0,3.1,0.11,-0.45,3.0,3.0,1
18021,7.0,9.0,37.0,3.0,0.55,1.06,2.0,4.0,1
18023,1.0,2.0,37.0,2.6,-1.5,-1.24,4.0,3.0,0
18024,9.0,8.0,37.0,3.4,0.86,0.72,2.0,2.0,1
18026,9.0,9.0,39.0,2.6,0.9,0.9,4.0,3.0,1
18029,3.0,3.0,40.0,2.6,-0.68,-0.77,3.0,3.0,1
18031,9.0,8.0,36.5,3.2,0.9,0.7,2.0,5.0,1
18032,8.0,8.0,40.0,3.2,0.87,0.63,3.0,3.0,1
18034,8.0,9.0,40.0,2.3,0.86,1.08,2.0,5.0,1
18037,5.0,6.0,36.0,3.8,-0.06,-0.02,3.0,3.0,1
18040,3.0,4.0,36.0,3.0,-0.65,-0.36,2.0,2.0,1
18042,10.0,9.0,48.0,3.5,1.99,1.26,2.0,4.0,1
18047,8.0,6.0,44.0,2.8,0.58,0.13,5.0,3.0,1
18049,9.0,9.0,36.0,2.7,1.12,0.89,4.0,4.0,1
18050,4.0,3.0,36.0,3.9,-0.24,-0.6,3.0,5.0,1
18056,9.0,9.0,43.0,2.6,1.3,1.25,3.0,4.0,1
18057,2.0,3.0,26.5,3.3,-0.75,-0.78,4.0,2.0,1
18059,2.0,1.0,35.0,3.5,-0.98,-1.55,3.0,4.0,0
18061,9.0,9.0,34.0,3.5,0.94,1.0,4.0,4.0,1
18063,1.0,6.0,39.5,3.5,-1.28,0.07,4.0,6.0,1
18066,9.0,9.0,36.0,3.8,1.04,1.09,3.0,3.0,1
18067,8.0,6.0,33.5,2.7,0.63,0.14,3.0,4.0,1
18069,6.0,4.0,36.0,2.4,0.05,-0.33,3.0,2.0,0
18073,6.0,4.0,41.0,3.4,0.08,-0.37,4.0,5.0,1
18074,2.0,3.0,40.0,3.3,-0.78,-0.64,4.0,5.0,1
18075,6.0,5.0,41.0,3.3,0.22,-0.09,5.0,4.0,1
18076,6.0,8.0,44.0,3.5,0.21,0.55,4.0,5.0,1
18078,2.0,4.0,43.0,3.4,-0.77,-0.49,5.0,5.0,1
18079,3.0,6.0,31.0,2.8,-0.63,0.04,3.0,2.0,1
18080,10.0,5.0,36.0,3.3,1.67,-0.16,3.0,4.0,1
18082,10.0,10.0,34.0,3.4,1.7,1.92,4.0,3.0,1
18090,1.0,1.0,29.0,2.7,-1.69,-1.86,3.0,4.0,1
18093,8.0,9.0,34.0,3.3,0.63,1.15,4.0,3.0,1
18095,9.0,10.0,38.0,3.4,1.23,1.4,4.0,3.0,1
18097,1.0,1.0,23.0,3.0,-1.5,-2.01,3.0,4.0,1
18098,5.0,3.0,29.0,3.4,-0.03,-0.78,4.0,3.0,1
18101,1.0,1.0,46.0,3.7,-1.93,-2.0,4.0,5.0,1
18103,9.0,10.0,41.0,3.5,1.19,1.39,5.0,5.0,1
18106,3.0,3.0,39.0,3.3,-0.58,-0.7,3.0,5.0,1
18107,8.0,8.0,39.0,3.4,0.75,0.8,4.0,3.0,1
18109,4.0,7.0,36.0,3.2,-0.34,0.33,4.0,3.0,1
18110,10.0,10.0,40.0,3.2,1.73,1.7,4.0,4.0,1
18112,5.0,7.0,40.0,3.6,-0.01,0.44,4.0,3.0,1
18113,4.0,4.0,26.0,3.7,-0.22,-0.29,4.0,3.0,1
18115,3.0,4.0,40.0,2.6,-0.62,-0.34,2.0,3.0,1
18117,6.0,8.0,41.0,3.5,0.23,0.73,2.0,6.0,1
18121,7.0,9.0,41.0,3.1,0.57,0.91,4.0,6.0,1
18122,6.0,7.0,46.0,3.8,0.21,0.31,3.0,5.0,1
18123,10.0,9.0,31.0,3.0,1.45,0.96,4.0,2.0,1
18125,6.0,7.0,36.0,3.5,0.24,0.44,3.0,3.0,1
18127,4.0,3.0,32.0,3.9,-0.28,-0.55,3.0,4.0,1
18128,3.0,6.0,46.0,3.1,-0.66,0.1,4.0,5.0,1
18132,2.0,2.0,40.0,3.4,-1.0,-0.9,1.0,4.0,1
18133,4.0,4.0,35.0,3.2,-0.34,-0.44,3.0,4.0,1
18134,6.0,6.0,39.0,2.9,0.08,0.1,4.0,3.0,1
18135,10.0,8.0,46.0,3.4,1.51,0.72,5.0,6.0,1
18136,5.0,5.0,34.0,3.4,-0.09,-0.18,4.0,2.0,1
18140,4.0,5.0,32.0,3.1,-0.32,-0.11,5.0,5.0,1
18142,2.0,5.0,30.0,3.9,-0.93,-0.02,2.0,3.0,1
18143,8.0,9.0,39.0,3.6,0.75,0.96,4.0,6.0,1
18145,8.0,8.0,35.0,3.2,0.67,0.72,4.0,2.0,1
18146,1.0,1.0,39.5,3.0,-1.32,-1.64,5.0,5.0,0
18150,2.0,1.0,31.0,3.1,-0.75,-1.26,2.0,2.0,1
18153,9.0,10.0,37.0,2.8,1.21,1.76,5.0,5.0,1
18156,8.0,7.0,37.0,3.0,0.72,0.29,4.0,5.0,1
18157,6.0,4.0,38.0,2.3,0.14,-0.46,4.0,3.0,1
18158,7.0,8.0,38.0,3.1,0.32,0.78,2.0,5.0,1
18160,9.0,10.0,42.0,3.7,1.14,1.41,3.0,4.0,1
18163,8.0,8.0,29.0,3.5,0.7,0.56,4.0,3.0,1
18164,5.0,8.0,38.0,3.1,-0.15,0.62,4.0,4.0,1
18165,6.0,6.0,31.5,2.9,0.07,0.12,4.0,2.0,1
18168,7.0,7.0,35.5,3.1,0.46,0.35,4.0,3.0,1
18172,10.0,9.0,39.0,3.4,1.31,0.87,3.0,3.0,1
18173,3.0,5.0,38.0,2.8,-0.44,-0.07,4.0,3.0,1
18178,2.0,6.0,27.5,3.1,-0.79,-0.05,4.0,2.0,1
18180,7.0,8.0,37.0,3.4,0.56,0.66,3.0,3.0,1
18182,1.0,4.0,34.0,3.4,-1.41,-0.47,3.0,3.0,1
18185,3.0,4.0,33.0,3.4,-0.49,-0.34,4.0,4.0,1
18186,4.0,4.0,31.0,3.6,-0.26,-0.38,2.0,2.0,1
18188,3.0,2.0,40.0,3.0,-0.51,-0.96,3.0,2.0,1
18191,7.0,8.0,44.0,3.4,0.59,0.8,3.0,4.0,1
18192,2.0,2.0,33.0,2.9,-1.12,-0.94,3.0,4.0,1
18195,2.0,3.0,37.0,2.7,-0.85,-0.63,4.0,3.0,1
18198,3.0,3.0,21.7,3.6,-0.69,-0.75,2.0,3.0,1
18202,5.0,6.0,39.0,2.8,-0.05,0.24,2.0,3.0,1
18204,9.0,10.0,39.0,3.6,1.26,2.05,4.0,4.0,1
18207,5.0,4.0,32.5,2.8,-0.05,-0.48,4.0,3.0,1
18210,3.0,4.0,44.0,3.6,-0.55,-0.42,3.0,5.0,1
18212,9.0,9.0,40.0,3.6,1.19,1.15,4.0,3.0,1
18215,2.0,2.0,37.5,3.1,-1.1,-1.23,3.0,6.0,1
18217,1.0,1.0,35.0,3.5,-1.87,-1.34,4.0,4.0,1
18224,2.0,1.0,22.7,2.9,-0.74,-1.45,2.0,3.0,0
18226,6.0,8.0,45.0,3.6,0.24,0.79,4.0,4.0,1
18230,10.0,9.0,41.0,3.3,2.45,1.05,4.0,5.0,1
18233,1.0,1.0,36.0,3.2,-1.78,-1.86,3.0,4.0,1
18234,8.0,7.0,37.0,3.0,0.86,0.31,5.0,3.0,1
18235,7.0,6.0,42.0,3.8,0.41,0.26,4.0,5.0,1
18237,1.0,2.0,25.0,3.3,-1.45,-1.06,5.0,3.0,1
18238,9.0,9.0,33.0,3.3,0.99,1.02,4.0,4.0,1
18242,9.0,10.0,40.0,3.6,0.89,1.49,3.0,3.0,1
18243,1.0,1.0,31.0,3.2,-2.02,-1.96,4.0,2.0,0
18245,7.0,8.0,36.0,3.9,0.61,0.82,3.0,4.0,1
18246,7.0,7.0,33.0,2.3,0.36,0.34,3.0,3.0,1
18249,2.0,1.0,35.5,3.4,-0.85,-1.37,2.0,5.0,1
18250,5.0,4.0,40.0,3.2,-0.03,-0.34,3.0,3.0,1
18251,2.0,4.0,37.0,3.4,-0.89,-0.48,3.0,5.0,1
18257,8.0,9.0,44.0,3.2,0.83,1.07,4.0,4.0,1
18258,4.0,3.0,33.0,2.9,-0.34,-0.58,4.0,4.0,0
18261,9.0,8.0,36.0,3.5,1.02,0.63,3.0,4.0,1
18262,5.0,5.0,33.0,3.8,-0.06,-0.04,4.0,4.0,1
18264,8.0,7.0,34.0,3.6,0.64,0.41,4.0,5.0,1
18266,5.0,3.0,39.0,3.4,-0.06,-0.71,4.0,6.0,1
18269,10.0,10.0,45.0,2.9,1.32,1.41,4.0,3.0,1
18275,5.0,6.0,36.0,3.1,-0.15,0.18,2.0,4.0,1
18279,4.0,6.0,37.0,3.3,-0.24,0.13,4.0,2.0,1
18281,4.0,7.0,40.0,3.4,-0.18,0.53,4.0,4.0,1
18282,4.0,3.0,28.0,2.7,-0.35,-0.75,1.0,4.0,1
18283,3.0,2.0,27.0,3.1,-0.65,-0.97,4.0,4.0,1
18284,6.0,7.0,36.0,2.8,0.08,0.53,3.0,3.0,1
18288,8.0,9.0,40.0,3.3,0.65,1.14,3.0,4.0,1
18297,1.0,1.0,40.0,2.9,-1.45,-1.48,3.0,5.0,0
18299,1.0,4.0,46.0,3.8,-1.24,-0.31,4.0,5.0,1
18300,10.0,10.0,40.0,3.4,1.68,1.8,4.0,6.0,1
18301,8.0,8.0,35.0,3.1,0.85,0.81,4.0,3.0,1
18302,8.0,5.0,39.0,3.2,0.65,-0.17,2.0,4.0,1
18305,1.0,1.0,37.0,2.9,-1.2,-1.32,4.0,3.0,1
18306,8.0,7.0,39.0,3.5,0.64,0.46,4.0,4.0,1
18308,5.0,6.0,35.0,3.4,-0.03,0.22,3.0,4.0,1
18309,9.0,10.0,41.0,2.1,0.92,1.39,3.0,3.0,1
18310,6.0,5.0,47.0,3.5,0.21,-0.2,5.0,5.0,1
18311,5.0,8.0,41.0,3.6,-0.12,0.69,4.0,5.0,1
18312,2.0,2.0,29.0,3.1,-1.02,-0.96,3.0,5.0,1
18313,6.0,8.0,46.0,3.7,0.33,0.63,4.0,6.0,1
18314,5.0,4.0,34.0,2.9,-0.14,-0.37,3.0,4.0,1
18315,4.0,7.0,35.0,3.3,-0.26,0.29,3.0,5.0,1
18317,7.0,8.0,36.0,3.1,0.39,0.6,3.0,3.0,1
18318,1.0,3.0,41.0,3.5,-1.21,-0.73,2.0,4.0,1
18319,9.0,10.0,41.0,3.6,1.27,1.33,4.0,4.0,1
18320,6.0,6.0,36.0,3.5,0.31,0.14,3.0,4.0,1
18323,7.0,6.0,26.0,3.6,0.32,0.03,3.0,2.0,1
18326,9.0,9.0,37.0,3.0,0.88,0.89,4.0,3.0,1
18327,2.0,4.0,32.0,2.5,-0.86,-0.45,4.0,2.0,0
18328,1.0,2.0,39.0,2.9,-1.41,-1.08,4.0,3.0,0
18334,3.0,4.0,38.0,3.7,-0.53,-0.49,4.0,4.0,1
18337,10.0,10.0,35.0,3.4,2.08,1.61,4.0,4.0,1
18343,9.0,9.0,31.0,3.0,1.2,0.91,4.0,3.0,1
18344,2.0,1.0,27.0,2.4,-0.99,-1.97,4.0,2.0,0
18345,1.0,1.0,36.0,3.5,-1.85,-1.48,5.0,3.0,1
18349,9.0,8.0,44.0,3.2,1.05,0.76,3.0,4.0,1
18351,3.0,3.0,30.0,3.4,-0.52,-0.69,4.0,5.0,1
18353,4.0,5.0,36.0,3.3,-0.22,-0.23,4.0,4.0,1
18354,6.0,10.0,37.0,3.2,0.12,1.63,1.0,5.0,1
18355,10.0,10.0,45.0,3.1,1.58,1.75,3.0,5.0,1
18359,10.0,10.0,39.0,2.9,2.03,2.17,4.0,3.0,1
18362,2.0,1.0,28.5,3.0,-1.16,-1.55,4.0,5.0,1
18363,1.0,1.0,39.0,3.8,-1.58,-2.21,2.0,4.0,1
18364,9.0,9.0,40.0,3.7,1.23,0.96,3.0,4.0,1
18366,10.0,10.0,43.0,3.4,1.93,2.3,5.0,3.0,1
18368,7.0,5.0,36.0,3.2,0.53,-0.2,4.0,4.0,1
18372,4.0,4.0,31.0,2.8,-0.39,-0.55,3.0,2.0,1
18374,8.0,9.0,28.0,3.1,0.83,0.89,4.0,2.0,0
18378,6.0,5.0,38.0,3.1,0.23,-0.22,4.0,3.0,1
18381,2.0,3.0,37.0,3.1,-0.86,-0.58,4.0,3.0,1
18384,4.0,5.0,39.0,3.3,-0.32,-0.14,3.0,3.0,1
18386,7.0,8.0,35.0,3.2,0.53,0.63,4.0,3.0,1
18388,7.0,8.0,37.0,3.0,0.4,0.83,5.0,3.0,1
18389,4.0,5.0,29.0,3.3,-0.18,-0.22,3.0,4.0,1
18391,9.0,7.0,44.0,3.4,0.87,0.33,3.0,5.0,1
18392,4.0,2.0,36.0,3.3,-0.38,-1.08,4.0,3.0,1
18393,1.0,1.0,26.0,3.3,-1.5,-1.73,3.0,3.0,0
18395,8.0,9.0,47.0,3.3,0.83,0.87,2.0,5.0,1
18401,9.0,8.0,41.0,3.8,1.43,0.67,4.0,6.0,1
18402,4.0,4.0,31.5,3.5,-0.17,-0.47,4.0,3.0,1
18403,5.0,3.0,41.0,3.2,-0.08,-0.61,4.0,6.0,1
18404,9.0,9.0,41.0,3.3,1.05,1.04,4.0,5.0,1
18405,4.0,2.0,31.0,2.7,-0.39,-1.07,3.0,5.0,1
18406,2.0,5.0,40.0,3.3,-0.77,-0.1,5.0,3.0,1
18407,6.0,6.0,33.0,3.0,0.09,0.16,2.0,4.0,1
18410,8.0,9.0,43.0,3.5,0.9,0.92,4.0,4.0,1
18411,4.0,3.0,41.0,3.8,-0.32,-0.7,4.0,6.0,1
18414,4.0,5.0,40.0,3.1,-0.36,-0.07,3.0,5.0,1
18415,10.0,10.0,38.0,2.1,3.04,3.45,4.0,3.0,1
18420,5.0,6.0,36.0,3.2,-0.05,0.03,4.0,3.0,1
18424,7.0,6.0,27.0,2.6,0.47,0.2,5.0,2.0,1
18425,2.0,1.0,30.7,2.6,-0.78,-1.38,4.0,3.0,0
18429,3.0,2.0,30.0,2.6,-0.5,-1.08,2.0,4.0,1
18431,1.0,1.0,32.0,2.8,-1.57,-1.46,5.0,4.0,1
18437,7.0,7.0,36.0,3.5,0.56,0.33,2.0,4.0,1
18440,9.0,7.0,33.0,3.3,0.94,0.52,3.0,3.0,1
18442,9.0,8.0,41.0,3.4,1.28,0.6,4.0,4.0,1
18443,4.0,4.0,39.0,3.3,-0.43,-0.38,2.0,5.0,1
18444,10.0,10.0,42.0,3.6,1.65,1.91,4.0,4.0,1
18446,6.0,6.0,36.0,3.6,0.27,0.14,3.0,5.0,1
18447,7.0,6.0,29.0,3.5,0.36,0.19,4.0,3.0,1
18448,6.0,4.0,32.0,3.7,0.1,-0.34,3.0,5.0,1
18451,1.0,2.0,40.0,3.5,-1.27,-1.05,3.0,5.0,1
18452,7.0,9.0,38.0,3.0,0.45,0.87,4.0,3.0,1
18453,10.0,9.0,42.0,3.2,1.52,1.09,3.0,3.0,1
18454,2.0,5.0,28.0,2.8,-0.76,-0.2,4.0,3.0,1
18455,9.0,10.0,34.5,3.4,1.16,1.33,4.0,5.0,1
18456,1.0,2.0,33.5,3.5,-1.41,-1.09,2.0,3.0,0
18457,3.0,4.0,41.5,3.2,-0.58,-0.28,4.0,3.0,1
18458,10.0,10.0,38.0,3.6,2.34,2.08,3.0,4.0,1
18460,9.0,9.0,34.0,2.8,0.91,0.93,4.0,2.0,1
18461,6.0,6.0,36.0,3.2,0.26,0.12,3.0,3.0,1
18464,8.0,8.0,37.0,3.5,0.69,0.85,4.0,4.0,1
18468,3.0,2.0,34.0,3.7,-0.55,-1.17,3.0,5.0,1
18469,6.0,5.0,36.0,3.6,0.09,-0.07,3.0,3.0,1
18470,2.0,1.0,28.5,2.6,-0.95,-1.35,4.0,3.0,1
18471,6.0,9.0,27.0,3.5,0.07,0.98,3.0,5.0,1
18473,5.0,6.0,38.0,3.2,0.01,0.25,4.0,3.0,1
18476,10.0,7.0,32.0,3.8,1.43,0.43,5.0,3.0,1
18479,10.0,10.0,40.0,3.0,1.47,1.51,5.0,3.0,1
18480,10.0,10.0,40.0,2.8,1.69,1.41,3.0,4.0,1
18482,2.0,4.0,42.0,3.4,-0.88,-0.49,2.0,4.0,1
18483,7.0,8.0,42.0,2.9,0.43,0.61,3.0,3.0,1
18485,9.0,9.0,45.0,3.1,0.87,1.14,4.0,3.0,1
18487,9.0,9.0,41.0,3.2,1.0,1.09,3.0,6.0,1
18488,3.0,2.0,23.0,2.8,-0.58,-1.26,3.0,3.0,0
18489,3.0,1.0,43.0,2.9,-0.69,-1.56,4.0,4.0,0
18493,7.0,7.0,45.0,3.6,0.36,0.51,4.0,5.0,1
18494,6.0,6.0,47.0,3.4,0.31,0.19,3.0,6.0,1
18495,4.0,2.0,42.0,2.9,-0.31,-0.96,4.0,4.0,1
18496,3.0,2.0,35.0,3.6,-0.73,-1.02,4.0,4.0,0
18501,7.0,8.0,42.0,2.6,0.53,0.69,2.0,3.0,1
18502,7.0,7.0,37.0,3.2,0.49,0.5,4.0,5.0,1
18503,4.0,1.0,43.0,2.7,-0.34,-1.4,3.0,4.0,1
18504,5.0,3.0,38.0,2.8,-0.17,-0.82,4.0,3.0,1
18505,10.0,9.0,39.0,3.1,2.04,1.23,4.0,5.0,1
18506,6.0,3.0,32.0,3.4,0.22,-0.67,3.0,3.0,1
18507,3.0,5.0,40.0,3.7,-0.5,-0.2,1.0,6.0,1
18511,4.0,6.0,41.0,2.7,-0.25,0.08,3.0,3.0,1
18512,7.0,5.0,37.0,3.0,0.55,-0.17,4.0,4.0,1
18513,2.0,3.0,20.0,3.3,-1.05,-0.83,3.0,4.0,0
18514,1.0,1.0,26.0,3.0,-1.38,-1.68,5.0,4.0,0
18517,6.0,7.0,39.0,3.7,0.29,0.4,3.0,4.0,1
18518,1.0,1.0,40.0,3.6,-1.37,-1.63,3.0,5.0,0
18525,4.0,3.0,27.0,2.3,-0.25,-0.75,3.0,1.0,0
18526,6.0,6.0,42.0,3.7,0.28,0.17,3.0,3.0,1
18530,2.0,4.0,32.5,3.6,-0.74,-0.46,2.0,4.0,1
18531,7.0,8.0,40.0,2.9,0.42,0.66,3.0,4.0,1
18533,6.0,6.0,39.0,2.9,0.27,0.03,3.0,5.0,0
18536,5.0,6.0,33.0,3.8,0.05,0.11,3.0,3.0,1
18537,7.0,8.0,46.0,3.2,0.5,0.72,4.0,5.0,1
18538,9.0,8.0,33.0,2.5,0.98,0.86,5.0,3.0,1
18540,2.0,4.0,46.0,3.7,-0.85,-0.45,5.0,4.0,1
18541,7.0,8.0,38.0,3.8,0.45,0.73,3.0,4.0,1
18543,1.0,1.0,21.0,3.5,-1.75,-1.85,2.0,4.0,1
18545,10.0,10.0,40.0,3.1,1.86,1.66,4.0,4.0,1
18546,7.0,8.0,39.0,3.4,0.32,0.67,3.0,5.0,1
18548,10.0,10.0,47.0,3.9,2.59,2.57,2.0,5.0,1
18551,8.0,8.0,28.0,3.1,0.82,0.84,3.0,3.0,1
18553,5.0,8.0,37.0,2.9,-0.03,0.62,4.0,3.0,1
18554,7.0,9.0,40.0,3.4,0.49,0.97,4.0,5.0,1
18559,5.0,4.0,40.0,3.4,0.01,-0.35,3.0,4.0,1
18561,8.0,5.0,40.0,3.5,0.61,-0.06,4.0,5.0,1
18564,9.0,9.0,37.5,3.3,1.2,1.01,4.0,3.0,1
18565,9.0,10.0,47.0,3.3,1.08,1.5,4.0,5.0,1
18566,4.0,9.0,43.0,3.7,-0.25,1.0,4.0,5.0,1
18571,4.0,4.0,42.0,2.7,-0.28,-0.42,3.0,3.0,1
18573,4.0,4.0,29.0,3.7,-0.26,-0.41,2.0,3.0,1
18574,6.0,4.0,32.0,2.7,0.25,-0.42,4.0,3.0,1
18578,10.0,9.0,38.0,3.2,1.8,1.26,3.0,4.0,1
18582,6.0,4.0,34.0,3.6,0.22,-0.44,3.0,4.0,1
18585,9.0,9.0,29.0,2.5,1.02,1.12,3.0,4.0,1
18586,3.0,3.0,33.0,3.2,-0.69,-0.69,4.0,3.0,1
18587,5.0,5.0,41.0,3.7,-0.02,-0.15,4.0,5.0,1
18588,5.0,3.0,31.5,3.7,0.05,-0.67,3.0,5.0,1
18589,9.0,10.0,35.0,3.6,1.07,1.72,4.0,3.0,1
18592,6.0,8.0,40.0,2.5,0.12,0.74,4.0,5.0,1
18594,10.0,10.0,37.0,3.4,1.42,1.84,3.0,4.0,1
18595,3.0,5.0,35.0,3.6,-0.57,-0.11,3.0,4.0,1
18596,7.0,7.0,38.0,3.4,0.46,0.34,3.0,4.0,1
18601,3.0,2.0,43.0,2.8,-0.59,-1.0,4.0,4.0,1
18602,8.0,8.0,42.0,3.5,0.72,0.61,4.0,5.0,1
18605,2.0,2.0,39.0,3.3,-0.92,-1.21,4.0,5.0,1
18607,2.0,1.0,33.0,3.0,-1.05,-1.34,3.0,3.0,0
18614,5.0,2.0,47.0,3.1,-0.04,-0.88,4.0,4.0,1
18616,5.0,9.0,41.0,2.8,-0.03,1.05,4.0,5.0,1
18624,9.0,9.0,42.0,3.5,1.28,1.28,4.0,5.0,1
18625,8.0,7.0,35.0,3.4,0.83,0.29,3.0,3.0,1
18626,5.0,6.0,33.0,3.0,0.01,0.25,3.0,3.0,0
18627,3.0,3.0,32.0,3.0,-0.45,-0.82,3.0,3.0,1
18629,1.0,1.0,29.0,3.3,-1.6,-1.72,3.0,5.0,1
18630,10.0,10.0,38.0,2.5,1.76,1.41,5.0,3.0,1
18631,6.0,8.0,39.0,3.3,0.17,0.6,4.0,6.0,1
18635,9.0,10.0,31.0,3.2,1.16,1.43,4.0,2.0,1
18636,2.0,3.0,37.0,2.3,-0.76,-0.86,3.0,3.0,1
18641,5.0,7.0,39.0,3.2,-0.17,0.47,4.0,5.0,1
18650,3.0,4.0,42.0,3.5,-0.55,-0.32,4.0,6.0,1
18656,8.0,9.0,38.0,3.1,0.6,1.12,5.0,3.0,1
18657,3.0,2.0,39.0,3.3,-0.64,-0.97,3.0,3.0,1
18661,2.0,2.0,27.5,2.4,-0.97,-1.16,4.0,5.0,1
18663,2.0,4.0,42.0,3.0,-1.04,-0.49,4.0,4.0,1
18664,10.0,9.0,36.0,2.9,1.67,0.99,3.0,5.0,1
18668,6.0,5.0,45.0,3.4,0.12,0.0,4.0,6.0,1
18669,6.0,8.0,40.0,3.3,0.17,0.58,3.0,4.0,1
18670,1.0,3.0,36.0,3.2,-1.34,-0.66,5.0,3.0,1
18671,5.0,7.0,33.0,3.3,-0.15,0.51,4.0,3.0,1
18675,4.0,5.0,38.0,3.3,-0.28,-0.06,4.0,4.0,1
18676,2.0,3.0,28.0,3.2,-0.83,-0.78,3.0,3.0,0
18677,5.0,5.0,39.0,3.7,-0.04,-0.02,3.0,4.0,1
18682,7.0,3.0,32.0,3.8,0.42,-0.67,1.0,5.0,1
18684,10.0,9.0,44.0,3.5,1.43,1.04,3.0,4.0,1
18685,7.0,8.0,37.0,3.4,0.37,0.61,3.0,5.0,1
18686,2.0,3.0,32.5,2.7,-0.86,-0.83,4.0,4.0,1
18687,1.0,1.0,41.0,3.1,-1.17,-1.33,3.0,3.0,1
18688,1.0,1.0,36.0,3.0,-2.19,-1.59,3.0,6.0,1
18692,10.0,10.0,48.0,4.0,1.94,2.26,3.0,5.0,1
18693,6.0,5.0,37.0,3.3,0.11,-0.09,3.0,4.0,1
18694,7.0,5.0,39.0,3.6,0.52,0.0,5.0,5.0,1
18697,9.0,10.0,38.0,3.0,1.3,1.76,3.0,4.0,1
18699,4.0,3.0,32.0,3.5,-0.24,-0.73,3.0,4.0,1
18701,1.0,1.0,33.5,3.3,-1.89,-2.14,3.0,5.0,0
18703,7.0,8.0,34.0,3.7,0.37,0.66,4.0,3.0,1
18704,8.0,7.0,42.0,3.7,0.71,0.55,4.0,4.0,1
18707,9.0,9.0,42.0,3.5,1.06,1.22,4.0,4.0,1
18708,8.0,7.0,37.0,3.0,0.76,0.25,4.0,2.0,0
18709,4.0,6.0,40.0,3.6,-0.33,0.03,4.0,4.0,1
18710,2.0,4.0,38.0,3.0,-0.77,-0.54,4.0,3.0,1
18711,8.0,4.0,34.0,3.1,0.88,-0.41,5.0,4.0,1
18712,2.0,1.0,38.5,3.4,-0.97,-1.55,4.0,5.0,0
18714,9.0,9.0,38.0,3.6,1.11,1.18,3.0,2.0,1
18715,7.0,8.0,33.0,3.0,0.59,0.64,4.0,4.0,1
18717,8.0,8.0,31.0,3.6,0.62,0.57,2.0,5.0,1
18720,7.0,9.0,32.5,3.5,0.45,0.9,4.0,3.0,1
18722,4.0,2.0,44.0,2.9,-0.41,-1.04,4.0,4.0,1
18723,9.0,10.0,34.0,2.7,0.93,1.37,3.0,3.0,1
18724,3.0,4.0,35.0,3.0,-0.65,-0.46,4.0,3.0,1
18725,9.0,10.0,37.0,3.9,0.95,1.96,3.0,3.0,1
18728,3.0,9.0,40.5,4.0,-0.68,1.13,4.0,5.0,1
18729,6.0,5.0,31.0,3.1,0.12,-0.12,3.0,3.0,1
18733,1.0,1.0,42.0,3.8,-1.41,-1.61,3.0,4.0,1
18736,7.0,8.0,45.0,3.4,0.34,0.79,4.0,5.0,1
18737,4.0,6.0,33.0,3.1,-0.2,0.1,4.0,3.0,1
18738,1.0,2.0,30.0,3.7,-1.17,-0.91,3.0,3.0,0
18739,7.0,9.0,48.0,3.8,0.47,1.2,4.0,5.0,1
18741,7.0,9.0,38.0,3.0,0.47,0.97,3.0,3.0,1
18742,9.0,7.0,39.0,3.6,0.92,0.39,3.0,4.0,1
18744,9.0,8.0,36.0,3.6,1.08,0.62,3.0,5.0,1
18746,1.0,1.0,31.0,2.4,-1.53,-1.5,4.0,3.0,1
18747,8.0,9.0,42.0,3.7,0.9,1.01,4.0,4.0,1
18749,9.0,7.0,32.0,3.1,0.96,0.46,1.0,3.0,1
18753,7.0,5.0,26.0,3.4,0.34,-0.11,4.0,3.0,1
18754,2.0,3.0,40.0,2.9,-1.14,-0.6,4.0,4.0,1
18755,3.0,4.0,32.0,2.9,-0.59,-0.38,2.0,4.0,1
18757,5.0,4.0,44.0,3.5,-0.13,-0.42,5.0,5.0,1
18758,4.0,6.0,36.0,3.8,-0.34,0.12,3.0,4.0,1
18760,7.0,5.0,34.0,3.8,0.43,-0.06,3.0,4.0,1
18764,1.0,1.0,37.0,3.3,-1.24,-1.59,5.0,3.0,1
18767,6.0,6.0,44.0,3.6,0.21,0.18,4.0,5.0,1
18769,6.0,6.0,31.5,2.7,0.07,0.07,4.0,3.0,1
18770,7.0,4.0,43.0,2.6,0.57,-0.46,4.0,6.0,1
18772,8.0,5.0,34.0,2.7,0.58,-0.21,3.0,2.0,1
18776,7.0,7.0,45.0,3.6,0.49,0.37,4.0,6.0,1
18778,9.0,9.0,39.5,3.3,1.02,1.15,3.0,5.0,1
18781,1.0,1.0,29.5,3.6,-2.22,-2.21,3.0,4.0,1
18783,4.0,2.0,38.5,3.0,-0.34,-0.98,4.0,4.0,1
18784,9.0,9.0,44.0,3.4,1.18,0.97,3.0,4.0,1
18788,9.0,10.0,36.0,3.2,1.11,1.69,3.0,3.0,1
18793,9.0,6.0,30.5,3.8,1.02,0.15,3.0,3.0,1
18794,9.0,10.0,44.0,2.9,0.92,1.62,3.0,3.0,1
18795,8.0,9.0,40.0,3.2,0.7,1.17,3.0,3.0,1
18799,7.0,8.0,39.0,2.9,0.51,0.72,4.0,3.0,1
18802,9.0,10.0,33.5,3.1,1.07,1.5,4.0,3.0,1
18803,5.0,3.0,44.0,2.7,-0.16,-0.71,4.0,5.0,0
18806,7.0,7.0,40.0,3.5,0.4,0.52,4.0,6.0,1
18808,1.0,2.0,37.0,3.5,-1.3,-1.0,4.0,4.0,1
18813,8.0,7.0,43.0,2.8,0.84,0.52,3.0,3.0,1
18814,8.0,9.0,44.0,3.0,0.71,0.91,4.0,3.0,1
18815,8.0,7.0,33.0,3.5,0.57,0.42,3.0,3.0,1
18816,2.0,3.0,45.0,3.8,-0.86,-0.75,3.0,4.0,0
18818,1.0,2.0,35.0,2.9,-1.28,-1.22,3.0,6.0,0
18821,4.0,7.0,29.0,3.1,-0.25,0.36,4.0,3.0,1
18822,7.0,5.0,32.0,2.9,0.49,-0.09,4.0,3.0,1
18823,5.0,8.0,32.0,2.9,-0.08,0.82,4.0,3.0,1
18824,5.0,2.0,41.0,3.6,-0.12,-0.94,4.0,5.0,1
18825,2.0,3.0,39.0,3.2,-0.76,-0.71,4.0,5.0,0
18826,5.0,3.0,31.0,3.3,-0.03,-0.74,3.0,3.0,1
18827,10.0,10.0,41.0,3.6,1.41,1.71,5.0,3.0,1
18828,8.0,9.0,42.0,3.6,0.7,0.91,5.0,6.0,1
18832,10.0,10.0,36.0,3.8,1.61,1.44,4.0,3.0,1
18839,5.0,3.0,33.0,3.2,-0.07,-0.68,3.0,2.0,1
18841,5.0,5.0,42.0,3.4,0.08,-0.17,4.0,6.0,1
18842,5.0,3.0,39.0,1.9,-0.14,-0.56,3.0,4.0,1
18843,9.0,8.0,39.0,3.6,1.19,0.85,3.0,4.0,1
18846,5.0,3.0,32.0,3.3,-0.17,-0.63,3.0,3.0,1
18847,2.0,1.0,33.0,2.4,-0.99,-1.93,3.0,2.0,0
18850,6.0,2.0,37.0,3.0,0.06,-0.97,2.0,3.0,1
18857,9.0,8.0,34.0,3.6,0.94,0.84,4.0,3.0,1
18858,2.0,1.0,32.5,2.8,-0.83,-1.71,3.0,3.0,0
18860,4.0,6.0,36.5,3.6,-0.31,0.01,3.0,3.0,1
18861,7.0,6.0,42.0,3.3,0.44,0.29,2.0,4.0,1
18863,4.0,5.0,44.0,3.4,-0.38,-0.2,4.0,5.0,1
18864,2.0,2.0,36.0,3.6,-0.92,-0.89,4.0,5.0,1
18866,10.0,10.0,37.5,3.3,1.66,2.26,3.0,3.0,1
18867,5.0,4.0,39.0,3.3,-0.14,-0.35,2.0,4.0,1
18868,1.0,2.0,31.5,3.4,-1.76,-1.16,4.0,5.0,1
18873,7.0,7.0,40.0,3.5,0.35,0.4,2.0,4.0,1
18876,9.0,9.0,39.0,3.7,1.19,0.94,2.0,4.0,1
18877,7.0,8.0,44.0,3.9,0.58,0.77,4.0,6.0,1
18881,1.0,1.0,35.0,3.4,-1.32,-1.41,4.0,3.0,0
18884,9.0,9.0,28.5,2.9,1.17,1.23,4.0,3.0,1
18889,3.0,2.0,32.0,2.4,-0.61,-0.91,4.0,5.0,1
18890,6.0,7.0,44.0,3.5,0.35,0.43,4.0,6.0,1
18891,8.0,9.0,42.0,3.5,0.66,1.11,4.0,4.0,1
18896,1.0,1.0,34.0,3.2,-1.6,-1.79,2.0,4.0,0
18899,7.0,8.0,30.5,2.7,0.39,0.66,4.0,2.0,1
18901,8.0,9.0,44.0,2.6,0.63,0.92,3.0,4.0,1
18905,1.0,1.0,37.0,3.1,-1.79,-1.65,4.0,3.0,0
18908,9.0,8.0,42.0,3.6,0.94,0.7,2.0,4.0,1
18914,2.0,3.0,40.0,3.1,-0.8,-0.79,4.0,5.0,1
18916,10.0,10.0,35.0,3.6,1.73,2.0,3.0,4.0,1
18917,8.0,8.0,31.0,3.5,0.63,0.58,5.0,3.0,1
18918,4.0,4.0,32.0,3.7,-0.22,-0.5,3.0,3.0,1
18919,3.0,3.0,35.0,3.3,-0.47,-0.59,4.0,3.0,1
18920,9.0,9.0,30.5,3.6,1.02,1.0,5.0,4.0,1
18921,5.0,4.0,36.0,3.3,-0.08,-0.4,4.0,3.0,0
18922,4.0,8.0,44.0,3.5,-0.27,0.72,4.0,5.0,1
18923,3.0,2.0,39.0,3.9,-0.72,-0.93,4.0,5.0,1
18924,3.0,3.0,36.0,3.7,-0.59,-0.76,3.0,4.0,1
18925,2.0,1.0,40.0,3.5,-1.0,-1.38,4.0,6.0,1
18927,6.0,6.0,39.0,4.0,0.19,0.21,2.0,4.0,1
18928,1.0,2.0,26.5,3.0,-1.3,-1.28,4.0,4.0,1
18930,3.0,2.0,33.0,3.3,-0.54,-1.16,4.0,3.0,1
18933,9.0,10.0,39.0,2.9,1.19,1.47,4.0,3.0,1
18936,8.0,6.0,42.0,3.2,0.66,0.17,4.0,5.0,1
18937,9.0,9.0,31.0,3.3,0.86,1.14,4.0,2.0,1
18943,6.0,7.0,43.0,4.0,0.19,0.55,4.0,4.0,1
18951,4.0,6.0,33.0,3.6,-0.24,0.11,4.0,4.0,1
18953,6.0,6.0,48.0,3.4,0.14,0.25,4.0,4.0,1
18955,4.0,4.0,42.0,3.3,-0.34,-0.39,2.0,4.0,1
18957,9.0,8.0,34.0,3.0,0.87,0.56,4.0,2.0,1
18958,6.0,4.0,39.0,3.7,0.27,-0.5,3.0,3.0,1
18962,6.0,3.0,25.0,3.0,0.35,-0.79,4.0,1.0,1
18963,4.0,6.0,35.0,2.9,-0.4,-0.01,3.0,3.0,1
18968,9.0,8.0,43.0,2.9,0.94,0.6,2.0,4.0,1
18971,8.0,6.0,35.5,3.4,0.75,0.11,3.0,3.0,1
18972,6.0,4.0,35.0,3.4,0.28,-0.48,3.0,4.0,1
18973,10.0,10.0,39.0,3.5,1.49,1.41,2.0,4.0,1
18974,8.0,8.0,43.0,2.8,0.73,0.74,3.0,4.0,1
18975,1.0,1.0,35.0,2.6,-1.17,-1.52,2.0,3.0,1
18978,10.0,10.0,43.0,3.5,1.6,1.77,3.0,5.0,1
18979,7.0,8.0,34.0,3.2,0.34,0.67,4.0,4.0,1
18982,7.0,5.0,35.0,3.3,0.52,-0.02,4.0,4.0,1
18984,6.0,5.0,31.0,3.2,0.14,-0.07,4.0,3.0,1
18988,7.0,7.0,36.0,3.8,0.3,0.33,4.0,5.0,1
18990,10.0,10.0,42.0,3.5,1.69,1.68,4.0,6.0,1
18991,5.0,3.0,39.0,2.3,-0.04,-0.67,3.0,4.0,1
18993,10.0,4.0,44.0,3.2,2.33,-0.49,4.0,5.0,1
18995,6.0,5.0,34.0,2.5,0.12,-0.14,4.0,5.0,1
18996,6.0,3.0,41.0,3.1,0.06,-0.73,4.0,3.0,1
18998,3.0,2.0,31.0,2.7,-0.68,-0.92,4.0,3.0,0
18999,4.0,6.0,40.0,3.0,-0.29,0.06,5.0,4.0,1
19005,3.0,3.0,37.0,3.6,-0.57,-0.65,3.0,6.0,1
19006,7.0,7.0,35.0,3.4,0.51,0.32,4.0,3.0,1
19013,8.0,6.0,41.0,3.5,0.62,0.09,3.0,5.0,1
19017,1.0,1.0,28.0,3.4,-1.42,-1.85,4.0,5.0,0
19020,10.0,10.0,43.0,2.2,1.62,1.71,4.0,5.0,1
19021,7.0,8.0,36.0,2.9,0.35,0.8,3.0,4.0,1
19022,10.0,9.0,35.0,3.3,1.52,1.24,4.0,3.0,1
19024,8.0,8.0,35.0,3.5,0.6,0.6,5.0,3.0,1
19028,7.0,6.0,34.0,3.1,0.56,0.16,3.0,3.0,0
19030,8.0,7.0,38.0,3.1,0.72,0.36,5.0,6.0,1
19031,6.0,4.0,40.0,3.5,0.16,-0.48,2.0,4.0,1
19038,6.0,7.0,32.0,3.1,0.19,0.34,4.0,4.0,1
19043,10.0,10.0,34.0,3.6,1.92,2.21,4.0,5.0,1
19044,5.0,6.0,38.0,3.6,-0.05,0.1,3.0,4.0,1
19046,4.0,7.0,39.0,3.4,-0.2,0.3,3.0,3.0,1
19047,5.0,8.0,35.0,2.7,-0.02,0.58,2.0,3.0,1
19054,10.0,6.0,38.0,3.2,1.65,0.26,2.0,4.0,1
19061,7.0,3.0,33.0,4.0,0.37,-0.61,2.0,3.0,1
19063,2.0,1.0,34.0,2.4,-0.76,-1.5,3.0,3.0,0
19067,5.0,8.0,40.0,3.6,-0.09,0.61,3.0,4.0,1
19068,4.0,2.0,29.5,3.1,-0.3,-1.21,3.0,3.0,1
19073,8.0,8.0,42.0,3.5,0.74,0.61,3.0,4.0,1
19075,2.0,3.0,37.0,3.2,-0.83,-0.77,3.0,3.0,1
19077,7.0,9.0,44.0,3.6,0.48,0.88,4.0,4.0,1
19078,7.0,5.0,33.0,3.0,0.47,-0.04,4.0,3.0,1
19079,2.0,2.0,29.0,3.7,-0.97,-1.18,3.0,4.0,1
19083,6.0,6.0,36.0,2.5,0.13,0.18,4.0,2.0,1
19087,3.0,4.0,39.0,2.8,-0.49,-0.53,3.0,3.0,1
19088,4.0,2.0,26.0,3.3,-0.25,-1.03,3.0,3.0,0
19089,7.0,7.0,33.0,3.8,0.53,0.39,4.0,3.0,1
19091,3.0,3.0,39.0,2.9,-0.56,-0.73,5.0,4.0,1
19092,5.0,5.0,36.0,3.9,-0.02,-0.03,4.0,4.0,1
19093,1.0,1.0,25.5,2.8,-2.02,-1.41,1.0,3.0,1
19096,1.0,1.0,41.0,2.9,-1.41,-1.74,3.0,4.0,1
19097,6.0,7.0,34.0,2.9,0.21,0.4,4.0,4.0,1
19100,9.0,7.0,35.0,3.8,1.03,0.45,2.0,4.0,1
19104,6.0,9.0,27.5,2.8,0.25,1.03,4.0,2.0,1
19105,9.0,8.0,42.0,3.7,0.87,0.83,4.0,3.0,1
19110,3.0,5.0,35.0,3.2,-0.63,-0.19,3.0,4.0,1
19111,8.0,5.0,38.0,3.8,0.82,-0.06,4.0,4.0,1
19114,1.0,1.0,34.0,3.1,-1.85,-1.61,4.0,4.0,0
19117,4.0,5.0,36.0,2.8,-0.41,-0.15,3.0,3.0,1
19118,5.0,5.0,30.5,3.1,-0.18,-0.14,5.0,2.0,1
19124,8.0,7.0,37.0,3.7,0.67,0.43,4.0,4.0,1
19128,9.0,9.0,44.0,3.8,1.14,0.84,5.0,6.0,1
19129,3.0,3.0,29.5,2.9,-0.55,-0.6,4.0,3.0,1
19131,3.0,3.0,39.0,3.2,-0.54,-0.53,2.0,5.0,1
19132,4.0,5.0,29.0,3.0,-0.37,-0.23,5.0,4.0,1
19133,8.0,7.0,39.0,3.4,0.59,0.51,4.0,3.0,1
19138,7.0,8.0,35.0,3.8,0.48,0.75,3.0,4.0,1
19139,5.0,7.0,36.0,3.7,-0.13,0.31,3.0,4.0,1
19142,2.0,2.0,34.0,3.6,-0.85,-1.24,1.0,5.0,1
19143,7.0,6.0,39.0,3.6,0.38,0.09,4.0,4.0,1
19144,6.0,7.0,40.0,3.0,0.3,0.4,3.0,4.0,1
19149,1.0,1.0,37.0,3.9,-1.66,-1.5,3.0,4.0,1
19155,2.0,3.0,42.0,3.8,-1.02,-0.71,5.0,6.0,1
19156,2.0,1.0,32.0,3.5,-1.09,-1.44,3.0,3.0,1
19157,1.0,1.0,38.0,2.8,-1.98,-1.33,5.0,3.0,1
19161,3.0,4.0,34.0,3.1,-0.6,-0.45,3.0,3.0,1
19164,5.0,8.0,42.0,3.1,0.04,0.86,5.0,3.0,1
19165,1.0,1.0,28.0,2.8,-1.38,-1.97,5.0,3.0,0
19166,2.0,1.0,31.0,3.1,-1.01,-1.66,2.0,3.0,1
19167,2.0,2.0,28.0,3.6,-0.86,-1.05,3.0,2.0,0
19168,9.0,8.0,42.0,2.7,1.13,0.68,3.0,3.0,1
19171,8.0,9.0,34.0,3.1,0.83,0.95,3.0,4.0,1
19174,6.0,4.0,43.0,3.0,0.22,-0.34,3.0,3.0,1
19177,5.0,6.0,35.0,3.8,-0.1,0.25,2.0,3.0,1
19178,8.0,6.0,47.0,2.5,0.59,0.2,4.0,3.0,1
19180,1.0,1.0,42.0,3.0,-1.53,-1.7,3.0,4.0,0
19182,1.0,1.0,38.0,3.1,-1.55,-1.44,3.0,4.0,1
19186,2.0,2.0,46.0,3.3,-1.04,-0.88,3.0,5.0,1
19189,8.0,9.0,31.0,3.9,0.88,1.23,2.0,4.0,1
19190,4.0,6.0,30.0,3.7,-0.4,0.08,4.0,2.0,1
19194,6.0,6.0,37.0,2.5,0.23,0.15,5.0,3.0,1
19195,5.0,4.0,37.0,3.3,-0.05,-0.33,3.0,3.0,1
19196,2.0,2.0,31.0,3.0,-0.94,-1.1,4.0,3.0,1
19200,9.0,9.0,40.0,3.1,1.17,1.0,4.0,3.0,1
19201,9.0,9.0,33.0,3.8,0.98,1.02,3.0,4.0,1
19202,10.0,10.0,44.0,3.8,2.16,2.19,4.0,4.0,1
19204,1.0,1.0,45.0,3.5,-1.5,-1.82,3.0,5.0,1
19206,3.0,3.0,28.5,3.1,-0.6,-0.77,4.0,3.0,1
19208,10.0,10.0,36.0,3.0,3.25,2.47,4.0,2.0,1
19209,9.0,9.0,31.0,2.9,1.12,1.29,3.0,2.0,1
19213,9.0,10.0,39.0,3.8,1.21,1.71,2.0,2.0,1
19215,8.0,6.0,33.0,3.3,0.65,0.26,2.0,3.0,1
19218,3.0,3.0,39.0,3.6,-0.74,-0.73,4.0,5.0,1
19219,10.0,9.0,45.0,3.4,1.4,1.04,4.0,4.0,1
19221,1.0,1.0,40.0,2.9,-1.76,-1.72,2.0,4.0,1
19222,9.0,8.0,34.0,3.6,1.06,0.7,2.0,5.0,1
19224,9.0,9.0,33.0,3.3,1.27,1.01,4.0,4.0,1
19227,8.0,8.0,39.0,3.5,0.85,0.73,4.0,4.0,1
19229,1.0,2.0,40.0,3.1,-1.23,-1.26,4.0,3.0,1
19231,10.0,5.0,42.0,3.5,1.56,-0.22,4.0,6.0,1
19233,3.0,4.0,34.0,2.9,-0.55,-0.5,4.0,5.0,1
19235,2.0,3.0,42.0,4.0,-1.08,-0.56,4.0,5.0,1
19236,7.0,5.0,36.0,3.2,0.51,-0.18,4.0,4.0,1
19237,5.0,3.0,35.0,3.0,-0.05,-0.76,4.0,5.0,1
19238,10.0,9.0,42.0,2.8,1.44,1.03,3.0,4.0,1
19239,1.0,2.0,37.0,3.2,-1.15,-0.9,4.0,4.0,1
19242,8.0,9.0,42.0,3.1,0.68,1.25,3.0,4.0,1
19247,9.0,8.0,40.0,3.3,1.25,0.6,3.0,4.0,1
19249,10.0,9.0,40.0,2.8,1.45,1.0,4.0,4.0,1
19250,6.0,6.0,36.0,3.2,0.28,0.23,4.0,3.0,1
19253,9.0,9.0,42.0,3.9,1.06,1.08,4.0,4.0,1
19254,8.0,9.0,36.0,3.0,0.61,1.3,5.0,3.0,1
19260,2.0,2.0,32.0,3.5,-0.86,-0.91,3.0,3.0,1
19264,9.0,9.0,37.0,3.2,1.15,1.16,3.0,3.0,1
19265,1.0,1.0,37.0,3.0,-1.87,-1.85,4.0,5.0,1
19266,10.0,10.0,48.0,3.5,2.66,2.72,4.0,6.0,1
19267,10.0,10.0,40.0,3.0,1.75,1.45,2.0,3.0,1
19268,3.0,3.0,26.0,3.5,-0.68,-0.78,5.0,2.0,0
19277,7.0,6.0,40.0,3.7,0.55,0.03,4.0,6.0,1
19279,2.0,3.0,35.0,3.4,-1.07,-0.76,4.0,5.0,1
19283,9.0,7.0,38.0,3.6,1.12,0.43,3.0,4.0,1
19290,8.0,7.0,33.0,2.8,0.67,0.54,3.0,3.0,1
19291,2.0,1.0,35.0,2.9,-1.07,-1.54,3.0,5.0,1
19292,3.0,5.0,31.0,3.5,-0.68,-0.16,4.0,4.0,1
19293,8.0,6.0,36.0,3.2,0.83,0.04,3.0,3.0,1
19298,10.0,10.0,41.0,3.0,2.06,2.08,3.0,3.0,1
19300,6.0,6.0,36.0,2.9,0.26,0.07,4.0,3.0,1
19303,4.0,2.0,41.0,3.2,-0.38,-1.11,3.0,5.0,0
19306,2.0,2.0,39.0,2.6,-1.06,-0.94,4.0,3.0,1
19307,2.0,3.0,42.0,2.9,-0.89,-0.74,2.0,3.0,1
19310,6.0,7.0,34.0,3.0,0.19,0.48,4.0,5.0,1
19312,9.0,7.0,40.0,3.3,1.1,0.52,5.0,3.0,1
19314,6.0,7.0,37.0,3.3,0.29,0.53,4.0,3.0,1
19316,7.0,8.0,29.0,3.4,0.54,0.82,3.0,4.0,1
19317,2.0,2.0,37.0,3.7,-0.79,-1.11,4.0,4.0,1
19318,7.0,8.0,47.0,2.9,0.35,0.76,4.0,4.0,1
19319,2.0,1.0,40.0,3.6,-0.93,-1.35,3.0,4.0,1
19320,6.0,3.0,42.0,2.8,0.17,-0.79,4.0,3.0,1
19323,2.0,1.0,35.0,2.4,-0.95,-2.03,3.0,3.0,1
19324,3.0,3.0,35.0,3.2,-0.46,-0.58,3.0,3.0,1
19325,1.0,2.0,35.0,2.6,-1.47,-1.24,4.0,5.0,1
19327,6.0,7.0,34.0,3.5,0.06,0.32,4.0,3.0,1
19328,4.0,4.0,42.0,3.2,-0.39,-0.28,3.0,4.0,1
19329,8.0,8.0,38.0,3.5,0.58,0.65,2.0,3.0,1
19330,1.0,1.0,33.0,3.7,-3.21,-3.04,3.0,6.0,0
19332,6.0,5.0,38.0,2.7,0.16,-0.15,4.0,4.0,1
19333,10.0,10.0,40.0,3.6,1.76,2.05,2.0,3.0,1
19338,9.0,8.0,41.0,3.2,0.92,0.87,4.0,4.0,1
19339,9.0,10.0,30.3,3.5,0.97,1.46,4.0,3.0,1
19346,8.0,9.0,33.0,3.5,0.69,1.0,2.0,3.0,1
19347,6.0,6.0,35.0,3.7,0.12,0.19,3.0,4.0,1
19351,4.0,2.0,32.0,3.2,-0.4,-1.06,4.0,4.0,1
19352,7.0,9.0,31.0,3.7,0.51,1.28,3.0,3.0,1
19355,1.0,1.0,31.0,3.1,-1.31,-1.6,2.0,5.0,0
19356,10.0,8.0,35.0,3.3,1.34,0.65,3.0,4.0,1
19357,2.0,2.0,42.0,3.9,-0.89,-1.15,3.0,4.0,1
19359,2.0,2.0,40.0,3.8,-1.11,-1.17,2.0,5.0,1
19360,5.0,5.0,32.0,3.3,-0.12,-0.18,4.0,3.0,1
19363,1.0,1.0,40.0,3.1,-1.85,-1.38,5.0,6.0,1
19364,5.0,4.0,36.0,3.3,-0.17,-0.41,5.0,5.0,1
19365,8.0,8.0,44.0,3.8,0.79,0.7,4.0,5.0,1
19366,10.0,10.0,48.0,3.5,1.48,1.53,4.0,5.0,1
19367,1.0,1.0,32.0,2.9,-1.35,-1.99,1.0,3.0,0
19370,9.0,10.0,37.0,3.4,0.94,1.6,4.0,3.0,1
19372,4.0,5.0,27.0,3.4,-0.34,-0.25,4.0,2.0,1
19373,9.0,7.0,34.5,3.5,0.89,0.3,4.0,5.0,1
19374,1.0,4.0,32.0,2.5,-2.93,-0.51,5.0,1.0,1
19376,7.0,5.0,32.0,3.2,0.36,-0.11,3.0,3.0,1
19377,3.0,5.0,41.0,3.5,-0.57,-0.09,4.0,3.0,1
19381,5.0,6.0,28.5,3.3,-0.03,0.25,3.0,5.0,1
19382,7.0,4.0,38.0,3.6,0.49,-0.4,3.0,4.0,1
19383,9.0,6.0,35.0,3.2,0.94,0.2,3.0,3.0,0
19384,2.0,1.0,41.0,2.4,-1.09,-1.81,3.0,3.0,0
19386,2.0,5.0,43.0,3.9,-0.99,-0.22,2.0,2.0,1
19389,7.0,9.0,34.0,2.8,0.36,0.93,2.0,3.0,1
19390,4.0,8.0,34.0,3.4,-0.19,0.57,4.0,3.0,1
19391,6.0,4.0,41.0,3.0,0.2,-0.55,4.0,3.0,1
19392,2.0,2.0,30.0,2.5,-0.93,-1.27,3.0,5.0,0
19397,6.0,5.0,41.0,3.4,0.27,-0.11,4.0,4.0,1
19398,2.0,2.0,37.0,2.9,-0.92,-0.97,3.0,3.0,1
19404,8.0,5.0,31.0,3.1,0.62,-0.11,4.0,3.0,1
19406,8.0,6.0,41.0,3.6,0.59,0.08,4.0,5.0,1
19407,8.0,5.0,36.0,3.7,0.71,-0.01,4.0,4.0,1
19408,5.0,6.0,38.0,3.7,-0.14,0.21,4.0,4.0,1
19410,3.0,3.0,32.0,2.5,-0.52,-0.81,5.0,2.0,1
19412,6.0,6.0,45.0,3.4,0.09,0.09,4.0,4.0,1
19414,2.0,1.0,42.0,3.6,-0.92,-1.4,4.0,5.0,1
19415,4.0,5.0,31.0,3.6,-0.24,-0.09,5.0,3.0,1
19416,6.0,6.0,48.0,4.0,0.14,0.26,4.0,5.0,1
19417,9.0,10.0,39.0,4.0,1.19,1.77,4.0,4.0,1
19420,5.0,5.0,44.0,4.0,-0.15,-0.13,4.0,5.0,1
19425,7.0,8.0,33.0,3.7,0.39,0.58,3.0,4.0,1
19429,3.0,4.0,34.0,2.8,-0.58,-0.29,4.0,3.0,1
19430,5.0,8.0,32.5,3.1,0.0,0.6,4.0,5.0,0
19432,6.0,7.0,40.0,3.6,0.23,0.37,4.0,4.0,1
19433,6.0,2.0,38.0,3.0,0.08,-1.14,4.0,5.0,1
19434,7.0,7.0,39.0,3.4,0.42,0.35,1.0,3.0,1
19435,7.0,7.0,41.0,2.9,0.32,0.24,4.0,2.0,1
19436,4.0,2.0,26.0,3.1,-0.44,-1.26,2.0,5.0,0
19437,5.0,4.0,36.0,2.7,0.05,-0.53,4.0,3.0,0
19438,2.0,3.0,33.5,3.6,-0.77,-0.62,3.0,3.0,1
19441,2.0,2.0,30.0,3.2,-0.78,-1.04,3.0,5.0,1
19442,8.0,6.0,38.0,3.6,0.57,0.2,4.0,5.0,1
19443,8.0,8.0,35.0,2.9,0.59,0.75,3.0,2.0,0
19445,8.0,7.0,43.0,3.6,0.66,0.54,4.0,5.0,1
19446,4.0,6.0,40.0,2.4,-0.23,0.03,4.0,3.0,1
19448,2.0,1.0,41.0,2.5,-0.89,-1.46,3.0,3.0,0
19450,4.0,5.0,29.0,2.5,-0.39,-0.23,4.0,2.0,1
19451,8.0,8.0,43.0,3.5,0.58,0.64,3.0,5.0,1
19452,1.0,1.0,23.0,2.5,-1.12,-1.6,1.0,1.0,0
19455,7.0,6.0,35.5,2.8,0.33,0.03,3.0,2.0,0
19459,4.0,6.0,39.0,3.7,-0.27,0.04,4.0,5.0,1
19461,5.0,4.0,25.0,2.6,-0.08,-0.55,2.0,3.0,1
19462,6.0,7.0,32.0,3.4,0.22,0.5,4.0,4.0,1
19463,3.0,2.0,30.0,2.2,-0.43,-0.91,1.0,1.0,1
19465,5.0,6.0,38.0,3.2,-0.07,0.01,3.0,3.0,1
19466,9.0,9.0,48.0,3.2,0.93,1.16,4.0,5.0,1
19467,2.0,3.0,44.0,3.5,-0.78,-0.67,4.0,4.0,1
19470,3.0,6.0,28.0,2.8,-0.42,0.19,3.0,1.0,0
19472,3.0,5.0,39.0,2.8,-0.57,-0.24,4.0,3.0,1
19476,8.0,8.0,45.0,3.1,0.66,0.54,4.0,5.0,1
19482,8.0,9.0,47.0,3.7,0.83,0.94,4.0,6.0,1
19484,6.0,4.0,20.7,2.2,0.25,-0.4,4.0,1.0,0
19485,8.0,7.0,26.0,3.6,0.7,0.44,3.0,2.0,1
19490,3.0,1.0,30.5,3.1,-0.53,-1.36,4.0,3.0,1
19491,9.0,9.0,40.0,4.0,1.17,0.98,3.0,3.0,1
19495,6.0,6.0,41.0,2.9,0.27,0.04,4.0,5.0,1
19497,2.0,1.0,36.0,2.6,-1.06,-1.58,2.0,4.0,0
19501,10.0,9.0,37.0,3.6,1.36,1.09,4.0,3.0,1
19502,5.0,4.0,37.0,2.3,-0.14,-0.46,5.0,4.0,1
19505,9.0,8.0,46.0,3.4,1.02,0.63,3.0,4.0,1
19509,4.0,4.0,30.0,2.6,-0.26,-0.52,4.0,3.0,1
19512,10.0,10.0,34.0,3.7,2.23,2.63,1.0,2.0,1
19513,7.0,7.0,33.0,3.6,0.49,0.4,4.0,4.0,1
19517,5.0,4.0,29.5,3.2,-0.02,-0.45,1.0,5.0,1
19521,7.0,6.0,42.0,2.6,0.37,0.03,4.0,4.0,1
19522,7.0,7.0,35.0,3.7,0.43,0.5,3.0,3.0,1
19530,3.0,4.0,33.5,3.2,-0.51,-0.45,4.0,3.0,1
19531,6.0,5.0,44.0,3.3,0.23,-0.05,3.0,5.0,1
19533,3.0,4.0,28.0,2.0,-0.63,-0.54,4.0,3.0,1
19536,9.0,10.0,45.0,3.8,0.98,1.64,3.0,5.0,1
19539,8.0,8.0,34.0,3.1,0.69,0.74,4.0,4.0,1
19540,3.0,6.0,31.0,3.6,-0.48,0.03,2.0,3.0,1
19542,4.0,5.0,39.0,3.5,-0.35,-0.18,3.0,3.0,1
19544,2.0,1.0,39.0,3.1,-1.09,-1.67,3.0,3.0,1
19545,6.0,7.0,38.0,3.6,0.15,0.36,5.0,3.0,1
19546,4.0,3.0,33.0,3.0,-0.37,-0.65,4.0,2.0,1
19547,3.0,3.0,31.0,3.2,-0.64,-0.56,3.0,3.0,1
19550,4.0,4.0,33.0,2.9,-0.38,-0.46,4.0,3.0,1
19551,9.0,9.0,44.0,3.4,1.07,0.9,3.0,4.0,1
19555,2.0,2.0,39.0,3.7,-0.77,-0.91,4.0,3.0,1
19559,8.0,5.0,43.0,3.7,0.8,-0.05,3.0,5.0,1
19560,8.0,10.0,46.0,4.0,0.78,1.29,4.0,6.0,1
19561,6.0,6.0,44.0,3.2,0.17,0.24,4.0,6.0,1
19563,3.0,1.0,32.0,3.2,-0.69,-1.43,2.0,4.0,0
19564,7.0,6.0,27.7,3.3,0.33,0.08,3.0,3.0,1
19565,6.0,4.0,41.0,3.0,0.08,-0.55,3.0,3.0,1
19566,8.0,8.0,36.0,3.7,0.85,0.68,3.0,4.0,1
19567,8.0,8.0,31.0,3.2,0.75,0.55,4.0,3.0,1
19570,1.0,1.0,40.0,2.5,-1.3,-1.34,5.0,3.0,0
19572,2.0,2.0,27.0,2.9,-0.77,-1.16,4.0,3.0,1
19573,10.0,10.0,43.0,2.9,1.61,1.61,5.0,4.0,1
19578,5.0,3.0,31.5,3.2,0.04,-0.67,3.0,3.0,1
19585,9.0,10.0,33.0,2.4,1.1,1.58,3.0,4.0,1
19588,8.0,8.0,42.0,3.3,0.86,0.76,2.0,6.0,1
19592,4.0,3.0,30.5,3.6,-0.24,-0.81,4.0,3.0,1
19596,4.0,4.0,41.0,3.0,-0.24,-0.28,3.0,5.0,1
19597,2.0,2.0,30.0,2.8,-0.79,-1.2,5.0,3.0,0
19600,5.0,8.0,33.0,3.0,-0.01,0.55,3.0,2.0,1
19601,7.0,7.0,36.0,3.1,0.38,0.52,4.0,5.0,1
19602,10.0,9.0,41.0,3.6,1.36,1.22,4.0,4.0,1
19606,3.0,1.0,31.0,2.5,-0.53,-1.5,2.0,2.0,1
19607,2.0,3.0,28.0,3.1,-1.02,-0.57,4.0,5.0,1
19608,2.0,2.0,38.0,3.2,-1.04,-0.98,4.0,3.0,1
19610,9.0,10.0,37.0,2.5,1.19,1.39,4.0,2.0,1
19612,4.0,6.0,33.0,3.9,-0.3,-0.01,4.0,3.0,1
19614,9.0,9.0,36.0,3.4,1.16,1.12,4.0,4.0,1
19615,10.0,10.0,35.5,3.8,2.16,1.81,3.0,3.0,1
19617,7.0,7.0,35.0,2.7,0.52,0.35,2.0,2.0,1
19618,9.0,10.0,31.0,3.6,0.91,1.7,4.0,5.0,1
19621,4.0,3.0,37.0,3.2,-0.41,-0.55,3.0,4.0,1
19623,7.0,6.0,30.0,3.3,0.35,0.12,4.0,3.0,1
19625,10.0,10.0,38.5,3.9,1.62,1.37,3.0,3.0,1
19626,5.0,4.0,21.0,2.9,-0.05,-0.33,4.0,1.0,0
19627,2.0,2.0,35.0,3.2,-0.96,-0.98,3.0,3.0,1
19628,2.0,2.0,22.5,2.7,-0.78,-1.25,3.0,4.0,0
19630,2.0,3.0,36.0,3.6,-0.81,-0.76,2.0,3.0,1
19631,10.0,10.0,47.0,3.9,1.36,1.36,3.0,4.0,1
19634,7.0,7.0,31.0,3.2,0.31,0.47,4.0,3.0,1
19637,8.0,9.0,39.5,3.2,0.76,1.17,3.0,3.0,1
19639,8.0,9.0,46.0,2.9,0.74,1.26,4.0,4.0,1
19640,2.0,3.0,35.0,3.0,-1.02,-0.63,4.0,4.0,1
19641,9.0,10.0,44.0,4.0,1.29,1.24,4.0,6.0,1
19643,6.0,4.0,38.5,3.5,0.21,-0.44,4.0,4.0,1
19644,10.0,10.0,41.0,3.4,1.35,1.89,4.0,3.0,1
19647,9.0,9.0,41.0,3.6,1.3,1.03,4.0,4.0,1
19649,2.0,2.0,28.0,3.1,-0.97,-1.25,3.0,3.0,0
19654,8.0,9.0,38.0,3.1,0.67,1.22,4.0,3.0,1
19657,10.0,9.0,43.0,3.7,1.47,1.14,3.0,4.0,1
19658,8.0,9.0,42.0,3.3,0.71,1.02,3.0,4.0,1
19659,4.0,4.0,38.0,3.4,-0.21,-0.55,4.0,3.0,1
19662,1.0,1.0,42.0,3.5,-1.41,-1.64,3.0,4.0,1
19664,6.0,6.0,32.0,3.5,0.12,0.26,4.0,4.0,1
19668,3.0,3.0,31.0,3.9,-0.48,-0.72,3.0,4.0,1
19669,3.0,4.0,36.0,2.8,-0.67,-0.44,2.0,5.0,1
19670,8.0,9.0,36.0,3.5,0.83,1.14,4.0,3.0,1
19672,5.0,7.0,39.0,3.1,-0.1,0.48,3.0,3.0,0
19674,4.0,5.0,38.0,3.9,-0.35,0.01,4.0,5.0,1
19675,10.0,10.0,31.0,3.1,1.84,1.65,4.0,3.0,1
19676,2.0,1.0,36.5,3.2,-0.98,-1.47,4.0,5.0,1
19677,1.0,1.0,34.0,3.1,-1.26,-1.45,3.0,3.0,1
19679,9.0,7.0,31.0,3.5,1.16,0.29,2.0,3.0,1
19680,7.0,9.0,41.0,2.8,0.49,1.29,4.0,3.0,1
19681,9.0,5.0,33.0,3.3,0.87,-0.05,3.0,3.0,1
19682,2.0,2.0,32.0,2.8,-1.13,-1.3,4.0,4.0,0
19685,5.0,6.0,42.0,2.8,-0.15,0.17,3.0,5.0,1
19686,2.0,3.0,48.0,3.6,-0.84,-0.68,3.0,6.0,1
19687,3.0,1.0,32.0,3.0,-0.53,-1.31,5.0,3.0,1
19690,10.0,10.0,40.0,2.8,1.46,1.48,3.0,4.0,1
19694,5.0,6.0,34.0,3.3,-0.01,0.19,4.0,4.0,1
19696,10.0,10.0,45.0,3.6,1.78,1.71,4.0,3.0,1
19698,10.0,10.0,34.0,3.1,1.73,2.15,4.0,3.0,1
19701,10.0,10.0,43.0,3.1,2.08,2.34,3.0,3.0,1
19704,5.0,8.0,37.0,3.9,-0.1,0.81,3.0,5.0,1
19708,8.0,8.0,43.0,3.0,0.82,0.58,2.0,3.0,1
19713,6.0,8.0,48.0,3.9,0.08,0.79,3.0,5.0,1
19716,8.0,7.0,41.0,3.3,0.63,0.44,4.0,4.0,1
19717,6.0,8.0,29.0,3.4,0.11,0.62,4.0,2.0,1
19719,1.0,10.0,32.0,3.2,-1.5,1.68,3.0,4.0,0
19721,8.0,8.0,42.0,3.4,0.72,0.66,4.0,3.0,1
19724,10.0,10.0,38.0,3.7,1.41,1.41,3.0,4.0,1
19730,9.0,9.0,36.0,3.1,0.95,1.02,3.0,4.0,1
19731,10.0,9.0,34.0,2.7,1.76,1.15,5.0,2.0,1
19732,5.0,4.0,40.0,2.5,-0.12,-0.48,4.0,3.0,1
19735,5.0,5.0,38.0,2.9,-0.01,-0.07,3.0,3.0,1
19737,7.0,6.0,39.0,2.7,0.38,0.09,2.0,3.0,1
19740,5.0,4.0,45.0,3.5,-0.11,-0.38,4.0,5.0,1
19742,2.0,3.0,37.0,3.1,-0.72,-0.79,5.0,3.0,1
19743,10.0,10.0,37.0,3.0,2.1,1.57,3.0,3.0,1
19746,3.0,3.0,40.0,3.8,-0.49,-0.51,4.0,6.0,1
19747,1.0,2.0,39.0,3.2,-1.8,-0.97,4.0,4.0,1
19750,7.0,7.0,37.0,3.0,0.46,0.4,2.0,3.0,1
19752,10.0,10.0,38.0,3.0,1.38,1.56,4.0,4.0,1
19754,1.0,1.0,32.0,2.8,-1.53,-1.35,3.0,2.0,1
19755,10.0,8.0,40.0,3.1,1.44,0.81,3.0,3.0,1
19757,1.0,2.0,25.0,2.5,-1.13,-1.11,3.0,3.0,1
19758,9.0,9.0,45.0,4.0,1.04,0.98,4.0,3.0,1
19759,1.0,1.0,42.0,2.9,-1.33,-1.38,4.0,4.0,0
19760,9.0,9.0,34.0,3.7,1.23,0.89,4.0,3.0,1
19761,2.0,3.0,33.5,3.6,-0.73,-0.78,4.0,3.0,1
19763,10.0,10.0,47.0,3.7,1.78,2.03,4.0,6.0,1
19765,2.0,1.0,40.0,2.9,-0.89,-1.42,3.0,4.0,1
19766,8.0,9.0,36.0,3.2,0.65,0.89,4.0,3.0,1
19767,3.0,3.0,28.0,3.4,-0.63,-0.77,3.0,3.0,1
19770,5.0,8.0,48.0,3.6,0.01,0.72,4.0,5.0,1
19771,2.0,2.0,38.0,3.4,-1.01,-1.3,3.0,3.0,1
19772,2.0,3.0,29.0,3.1,-1.02,-0.81,4.0,2.0,1
19775,7.0,7.0,31.5,3.1,0.36,0.4,4.0,3.0,1
19776,6.0,5.0,43.0,3.9,0.08,-0.23,4.0,5.0,1
19777,4.0,4.0,37.0,3.1,-0.43,-0.49,1.0,5.0,1
19778,1.0,1.0,38.0,2.7,-1.33,-2.04,4.0,3.0,0
19779,4.0,5.0,28.5,3.3,-0.32,-0.15,3.0,5.0,1
19780,4.0,7.0,35.5,2.1,-0.32,0.41,1.0,2.0,1
19786,3.0,3.0,36.0,3.1,-0.47,-0.54,4.0,4.0,1
19789,8.0,8.0,36.0,3.3,0.75,0.73,3.0,3.0,1
19790,7.0,5.0,36.0,3.6,0.33,-0.22,4.0,5.0,1
19791,8.0,5.0,28.0,3.0,0.66,-0.07,2.0,3.0,1
19792,6.0,7.0,35.0,3.2,0.26,0.4,3.0,3.0,1
19793,4.0,6.0,42.0,3.6,-0.22,0.13,4.0,5.0,1
19794,1.0,1.0,18.0,2.6,-2.1,-2.09,1.0,3.0,0
19795,2.0,1.0,42.0,3.0,-1.02,-1.68,5.0,4.0,1
19806,5.0,8.0,41.0,2.7,-0.03,0.67,4.0,4.0,1
19807,10.0,10.0,37.0,3.8,1.78,1.67,3.0,3.0,1
19808,7.0,7.0,34.0,2.6,0.39,0.32,4.0,3.0,1
19810,3.0,3.0,33.0,3.3,-0.56,-0.75,3.0,3.0,0
19812,9.0,9.0,37.0,2.6,1.16,1.2,3.0,3.0,1
19813,6.0,6.0,35.3,3.3,0.22,0.08,5.0,3.0,1
19816,5.0,4.0,33.0,3.7,-0.2,-0.39,4.0,5.0,1
19817,8.0,9.0,37.0,3.2,0.77,0.97,3.0,4.0,1
19818,5.0,5.0,33.0,3.8,0.0,-0.15,4.0,4.0,1
19819,1.0,1.0,39.0,2.8,-1.81,-1.62,4.0,4.0,0
19820,2.0,2.0,43.0,3.2,-1.07,-0.97,5.0,5.0,1
19821,4.0,5.0,32.0,3.8,-0.4,-0.11,3.0,3.0,1
19823,1.0,3.0,32.5,2.9,-1.28,-0.81,4.0,3.0,1
19824,2.0,1.0,33.0,2.9,-0.96,-1.49,5.0,2.0,1
19825,1.0,3.0,29.0,3.2,-1.37,-0.6,4.0,3.0,1
19826,4.0,4.0,39.0,3.0,-0.25,-0.4,3.0,5.0,0
19827,8.0,8.0,42.0,2.8,0.81,0.69,3.0,4.0,1
19828,6.0,5.0,36.0,2.4,0.06,-0.04,5.0,3.0,1
19833,4.0,2.0,34.0,3.9,-0.34,-0.95,3.0,2.0,0
19834,2.0,3.0,25.5,2.4,-0.8,-0.64,3.0,3.0,0
19835,8.0,7.0,41.0,3.0,0.87,0.45,3.0,5.0,1
19837,6.0,8.0,41.0,2.9,0.33,0.6,3.0,6.0,1
19839,9.0,10.0,43.0,3.4,1.11,1.54,3.0,4.0,1
19841,3.0,4.0,38.0,3.3,-0.45,-0.36,4.0,4.0,1
19842,10.0,10.0,37.0,3.1,2.0,2.15,3.0,3.0,1
19845,6.0,8.0,35.0,3.1,0.12,0.62,4.0,5.0,1
19846,10.0,7.0,30.0,3.6,1.79,0.48,4.0,4.0,1
19848,10.0,10.0,36.0,3.9,1.78,2.21,3.0,6.0,1
19850,5.0,4.0,35.0,3.3,-0.13,-0.48,2.0,4.0,1
19851,1.0,1.0,28.0,2.7,-1.22,-1.37,2.0,4.0,0
19852,10.0,10.0,40.0,3.0,1.7,2.16,4.0,3.0,1
19854,7.0,6.0,33.0,3.0,0.4,0.17,4.0,4.0,1
19855,3.0,2.0,35.0,3.1,-0.69,-1.29,3.0,5.0,1
19858,7.0,7.0,41.5,2.5,0.37,0.32,4.0,3.0,1
19860,3.0,1.0,42.0,2.8,-0.65,-1.66,3.0,4.0,1
19867,7.0,5.0,39.0,3.4,0.34,-0.04,4.0,3.0,1
19870,9.0,8.0,36.0,3.1,1.09,0.83,4.0,4.0,1
19872,8.0,8.0,41.0,3.4,0.73,0.61,5.0,5.0,1
19873,4.0,4.0,38.0,3.5,-0.41,-0.34,4.0,4.0,1
19874,9.0,9.0,34.0,3.2,0.87,1.26,4.0,5.0,1
19875,2.0,2.0,39.0,3.0,-0.73,-0.95,3.0,3.0,1
19878,5.0,2.0,40.0,3.1,-0.11,-0.95,3.0,3.0,1
19880,7.0,7.0,28.0,2.3,0.46,0.44,4.0,3.0,1
19883,6.0,6.0,29.0,2.6,0.07,0.02,3.0,3.0,1
19891,7.0,7.0,38.0,3.7,0.35,0.5,3.0,3.0,1
19892,3.0,4.0,41.0,3.2,-0.65,-0.36,4.0,5.0,1
19893,6.0,7.0,45.0,3.0,0.22,0.36,1.0,4.0,1
19894,5.0,3.0,35.0,3.4,-0.08,-0.64,3.0,3.0,1
19896,1.0,1.0,30.3,2.9,-1.53,-1.82,4.0,4.0,1
19901,7.0,6.0,39.0,3.2,0.36,0.24,4.0,3.0,1
19903,10.0,9.0,39.0,3.6,1.31,1.15,4.0,4.0,1
19907,4.0,7.0,37.0,3.0,-0.27,0.44,4.0,3.0,1
19911,1.0,2.0,37.0,3.0,-1.21,-1.28,4.0,5.0,1
19912,10.0,10.0,39.0,3.0,1.71,1.37,4.0,4.0,1
19915,1.0,1.0,40.0,3.2,-1.16,-1.39,4.0,3.0,1
19918,6.0,5.0,39.0,2.9,0.23,-0.19,4.0,5.0,1
19923,9.0,9.0,33.0,3.5,1.25,1.13,3.0,5.0,1
19924,7.0,6.0,39.0,3.3,0.32,0.08,3.0,3.0,1
19925,3.0,2.0,36.0,2.8,-0.65,-1.15,4.0,3.0,1
19927,6.0,8.0,34.5,2.7,0.19,0.76,3.0,2.0,1
19930,8.0,9.0,42.0,3.7,0.81,1.09,3.0,3.0,1
19931,6.0,4.0,31.5,3.2,0.05,-0.55,5.0,2.0,1
19933,5.0,3.0,39.0,3.2,-0.14,-0.7,4.0,4.0,1
19934,6.0,7.0,35.5,3.3,0.17,0.54,3.0,3.0,1
19936,9.0,7.0,33.0,2.6,0.99,0.41,4.0,2.0,1
19937,7.0,5.0,35.0,3.2,0.38,-0.11,3.0,4.0,1
19938,1.0,2.0,24.0,2.8,-1.82,-1.25,3.0,3.0,0
19943,2.0,7.0,34.0,3.4,-0.83,0.35,3.0,5.0,1
19944,7.0,7.0,32.0,3.6,0.5,0.33,3.0,3.0,1
19945,1.0,3.0,40.0,3.3,-1.5,-0.56,4.0,5.0,1
19949,2.0,2.0,42.0,3.0,-0.89,-1.24,5.0,5.0,1
19950,9.0,10.0,44.0,3.2,1.06,1.39,5.0,5.0,1
19951,10.0,10.0,38.0,3.7,1.38,1.54,3.0,4.0,1
19952,10.0,10.0,48.0,3.5,2.41,2.48,4.0,4.0,1
19953,7.0,7.0,42.0,3.3,0.47,0.46,5.0,5.0,1
19956,9.0,9.0,37.5,3.4,1.1,1.14,4.0,3.0,1
19958,9.0,10.0,40.0,3.3,1.27,1.9,4.0,3.0,1
19959,4.0,2.0,41.0,2.6,-0.41,-1.03,4.0,3.0,1
19963,8.0,8.0,37.0,3.7,0.68,0.72,4.0,4.0,1
19965,3.0,3.0,40.0,3.5,-0.69,-0.82,5.0,5.0,1
19966,2.0,2.0,27.0,2.7,-1.02,-1.14,2.0,4.0,1
19968,3.0,1.0,36.5,2.1,-0.57,-1.56,3.0,2.0,0
19975,7.0,8.0,31.0,3.9,0.55,0.66,3.0,3.0,1
19976,9.0,9.0,36.0,3.6,0.96,1.13,4.0,3.0,1
19980,3.0,3.0,37.0,3.4,-0.55,-0.68,2.0,4.0,1
19982,1.0,1.0,30.5,2.6,-1.15,-1.43,4.0,3.0,1
19984,5.0,6.0,36.0,3.6,-0.03,0.2,4.0,4.0,1
19987,1.0,1.0,36.0,2.7,-1.22,-1.44,4.0,3.0,1
19988,7.0,7.0,42.0,3.4,0.52,0.5,4.0,4.0,1
19989,5.0,8.0,46.0,3.7,-0.18,0.66,3.0,5.0,1
19995,5.0,3.0,31.5,3.5,-0.14,-0.67,5.0,5.0,1
19997,4.0,6.0,29.5,2.4,-0.17,0.15,3.0,1.0,1
20001,9.0,10.0,36.0,3.7,1.04,1.71,2.0,3.0,1
20002,8.0,10.0,31.0,3.7,0.63,1.68,4.0,2.0,1
20003,5.0,3.0,32.0,3.1,0.03,-0.66,5.0,3.0,1
20004,1.0,3.0,35.0,2.8,-1.55,-0.78,4.0,3.0,1
20005,4.0,4.0,33.0,3.3,-0.35,-0.51,3.0,4.0,1
20006,4.0,4.0,34.0,3.4,-0.47,-0.48,5.0,6.0,1
20009,3.0,1.0,37.0,2.7,-0.63,-1.43,4.0,2.0,0
20010,2.0,3.0,34.0,3.8,-0.79,-0.87,3.0,4.0,1
20011,8.0,6.0,36.5,3.5,0.78,0.18,2.0,6.0,1
20012,7.0,6.0,33.0,3.1,0.34,0.14,2.0,2.0,1
20016,2.0,2.0,29.5,3.0,-0.81,-0.99,3.0,4.0,1
20023,4.0,2.0,37.0,3.2,-0.32,-0.9,4.0,3.0,0
20024,8.0,10.0,42.5,3.4,0.71,1.35,3.0,5.0,1
20025,4.0,2.0,38.0,3.7,-0.28,-0.92,3.0,4.0,1
20030,10.0,10.0,47.0,3.1,2.24,1.86,3.0,4.0,1
20031,5.0,6.0,45.0,3.5,-0.07,0.19,4.0,6.0,1
20032,2.0,1.0,38.0,2.5,-0.76,-1.37,4.0,4.0,1
20034,10.0,10.0,32.0,3.7,1.81,1.59,4.0,2.0,1
20035,9.0,8.0,31.0,3.1,0.93,0.73,3.0,3.0,1
20036,1.0,2.0,35.0,3.6,-1.22,-0.95,4.0,3.0,1
20039,2.0,3.0,36.0,2.9,-0.89,-0.72,4.0,4.0,1
20040,7.0,9.0,36.0,2.9,0.45,1.14,4.0,5.0,1
20042,2.0,1.0,35.0,3.3,-0.85,-1.53,3.0,3.0,1
20043,2.0,3.0,23.7,2.9,-0.93,-0.63,3.0,5.0,1
20044,2.0,4.0,35.0,3.2,-0.7,-0.4,3.0,3.0,1
20047,6.0,8.0,32.0,3.3,0.22,0.65,2.0,3.0,1
20048,9.0,10.0,37.0,3.2,1.04,2.34,3.0,3.0,1
20050,7.0,7.0,46.0,3.4,0.6,0.28,3.0,6.0,1
20051,7.0,7.0,47.0,3.6,0.46,0.42,3.0,4.0,1
20052,4.0,5.0,37.0,3.7,-0.25,-0.24,3.0,4.0,1
20055,10.0,10.0,36.0,3.4,2.21,2.11,4.0,3.0,1
20057,1.0,1.0,44.0,3.5,-1.53,-2.56,4.0,5.0,1
20059,1.0,1.0,26.0,3.7,-1.27,-1.38,2.0,4.0,0
20060,2.0,3.0,34.0,3.5,-0.79,-0.59,2.0,4.0,1
20061,7.0,8.0,40.5,2.6,0.46,0.64,4.0,3.0,1
20062,6.0,9.0,33.0,3.5,0.17,1.07,3.0,3.0,1
20064,7.0,3.0,38.0,2.6,0.4,-0.6,4.0,4.0,1
20076,3.0,4.0,41.0,3.1,-0.59,-0.45,3.0,3.0,1
20081,5.0,5.0,37.0,2.4,-0.12,-0.07,3.0,2.0,1
20084,4.0,3.0,42.0,3.4,-0.21,-0.57,2.0,4.0,1
20085,3.0,2.0,28.0,2.2,-0.66,-0.89,4.0,3.0,1
20095,4.0,7.0,31.5,3.2,-0.24,0.42,4.0,3.0,1
20102,6.0,7.0,34.0,2.7,0.19,0.33,3.0,3.0,1
20103,9.0,10.0,39.0,3.1,1.25,1.39,2.0,3.0,1
20104,9.0,9.0,40.0,3.2,1.11,1.14,3.0,3.0,1
20107,6.0,5.0,45.0,3.4,0.14,-0.05,4.0,6.0,1
20108,6.0,3.0,35.0,3.2,0.27,-0.78,3.0,3.0,1
20118,1.0,1.0,18.0,3.4,-1.49,-1.45,3.0,3.0,1
20122,6.0,5.0,47.0,3.0,0.27,-0.08,5.0,4.0,1
20123,9.0,9.0,40.0,3.9,1.03,1.09,3.0,4.0,1
20124,7.0,6.0,35.0,3.1,0.39,0.06,4.0,4.0,1
20125,3.0,3.0,36.0,3.6,-0.67,-0.67,4.0,4.0,1
20136,9.0,10.0,33.0,2.9,1.08,1.5,4.0,3.0,1
20137,6.0,6.0,34.0,3.4,0.09,0.19,3.0,2.0,0
20139,5.0,5.0,34.0,3.5,-0.11,-0.3,4.0,2.0,1
20140,5.0,9.0,39.0,2.9,-0.09,1.04,4.0,4.0,1
20142,8.0,9.0,40.0,2.9,0.8,0.92,3.0,4.0,1
20144,10.0,4.0,32.5,2.6,1.29,-0.37,3.0,5.0,1
20145,10.0,10.0,40.0,3.8,1.32,1.33,3.0,3.0,1
20146,3.0,5.0,44.0,3.6,-0.74,-0.05,5.0,5.0,1
20150,6.0,8.0,34.0,3.6,0.13,0.79,4.0,3.0,1
20153,1.0,1.0,36.0,2.2,-1.57,-1.61,3.0,5.0,1
20157,7.0,2.0,34.0,2.7,0.43,-0.98,3.0,4.0,0
20160,1.0,1.0,36.0,3.0,-1.33,-1.37,3.0,3.0,1
20164,1.0,2.0,22.0,3.3,-1.44,-1.1,5.0,2.0,1
20169,1.0,3.0,36.0,3.5,-1.37,-0.85,2.0,5.0,0
20170,4.0,5.0,34.0,3.9,-0.23,-0.04,2.0,4.0,1
20171,8.0,7.0,47.0,2.6,0.78,0.49,3.0,3.0,1
20174,6.0,8.0,37.0,3.3,0.3,0.55,4.0,3.0,1
20177,1.0,2.0,28.5,3.5,-1.37,-1.07,3.0,5.0,0
20184,3.0,6.0,41.0,3.3,-0.54,0.14,4.0,4.0,1
20185,6.0,5.0,37.0,3.6,0.31,-0.02,2.0,4.0,1
20187,7.0,7.0,35.0,3.1,0.28,0.26,3.0,5.0,1
20193,4.0,4.0,34.0,3.7,-0.41,-0.37,4.0,4.0,1
20194,8.0,9.0,42.0,3.2,0.75,1.16,4.0,3.0,1
20195,7.0,7.0,38.0,3.3,0.44,0.5,4.0,3.0,1
20198,4.0,3.0,40.0,3.2,-0.3,-0.69,5.0,6.0,1
20200,7.0,7.0,36.0,2.9,0.34,0.27,4.0,3.0,1
20201,4.0,4.0,46.0,3.3,-0.39,-0.32,3.0,5.0,1
20203,7.0,8.0,30.0,2.9,0.38,0.56,4.0,2.0,1
20205,9.0,8.0,31.0,3.1,1.18,0.6,3.0,3.0,1
20206,4.0,5.0,35.0,3.4,-0.37,-0.1,4.0,3.0,1
20207,2.0,1.0,27.7,3.2,-1.1,-1.39,3.0,5.0,1
20210,3.0,1.0,16.5,2.9,-0.6,-1.32,3.0,3.0,0
20211,7.0,7.0,38.0,3.2,0.56,0.4,4.0,3.0,1
20215,7.0,8.0,32.0,3.1,0.37,0.57,5.0,3.0,1
20217,10.0,10.0,45.0,3.9,1.56,1.91,4.0,5.0,1
20218,2.0,1.0,28.5,2.4,-0.86,-1.53,5.0,3.0,0
20219,8.0,10.0,36.0,2.9,0.59,1.68,3.0,3.0,1
20222,5.0,9.0,40.0,3.9,-0.07,0.97,2.0,6.0,1
20226,4.0,5.0,40.0,3.5,-0.27,-0.26,3.0,4.0,1
20230,5.0,3.0,37.0,3.8,0.06,-0.58,3.0,4.0,1
20232,2.0,2.0,36.0,3.0,-0.97,-1.03,4.0,3.0,1
20233,2.0,2.0,36.0,3.1,-1.04,-0.87,3.0,6.0,1
20234,6.0,1.0,38.0,2.6,0.15,-1.62,3.0,3.0,1
20236,2.0,3.0,30.0,2.4,-0.74,-0.79,4.0,3.0,0
20239,8.0,9.0,43.0,3.6,0.69,1.15,3.0,5.0,1
20240,7.0,4.0,33.0,3.3,0.51,-0.39,2.0,5.0,1
20241,5.0,5.0,34.0,3.6,-0.07,-0.18,3.0,4.0,1
20242,1.0,1.0,27.0,2.5,-1.7,-1.48,3.0,4.0,1
20243,4.0,9.0,39.0,3.7,-0.39,0.95,2.0,3.0,1
20250,3.0,5.0,35.0,3.6,-0.62,-0.11,4.0,3.0,1
20252,5.0,10.0,33.0,3.5,0.05,1.38,4.0,5.0,1
20254,9.0,9.0,42.0,3.3,1.02,1.14,5.0,5.0,1
20261,3.0,5.0,31.0,3.0,-0.54,-0.28,4.0,3.0,1
20262,4.0,4.0,41.0,3.2,-0.21,-0.45,3.0,5.0,1
20263,7.0,9.0,39.0,2.4,0.51,1.15,4.0,4.0,1
20266,10.0,9.0,34.0,3.9,1.44,1.05,3.0,3.0,1
20269,9.0,9.0,25.0,3.3,1.21,1.27,2.0,4.0,1
20271,3.0,6.0,35.0,3.3,-0.69,0.06,4.0,5.0,1
20274,8.0,9.0,32.0,2.8,0.6,1.28,3.0,3.0,1
20275,4.0,4.0,35.0,3.7,-0.46,-0.45,1.0,6.0,1
20276,1.0,1.0,32.5,2.5,-1.24,-1.51,3.0,3.0,0
20278,7.0,5.0,32.0,3.1,0.51,-0.22,2.0,2.0,1
20280,4.0,3.0,28.0,3.5,-0.32,-0.82,3.0,2.0,0
20281,3.0,4.0,38.0,3.3,-0.5,-0.52,4.0,4.0,1
20283,9.0,5.0,41.0,2.5,0.9,-0.07,4.0,3.0,1
20290,10.0,10.0,48.0,3.5,1.89,1.3,4.0,4.0,1
20291,3.0,5.0,41.0,3.2,-0.57,-0.24,2.0,4.0,1
20295,2.0,2.0,37.0,3.2,-1.12,-1.32,3.0,4.0,1
20299,2.0,2.0,19.5,3.4,-0.89,-1.17,5.0,3.0,0
20302,2.0,1.0,37.0,2.9,-0.87,-1.59,5.0,3.0,1
20306,2.0,2.0,42.0,3.0,-0.92,-1.24,4.0,4.0,0
20313,6.0,6.0,43.0,3.9,0.2,0.23,4.0,5.0,1
20315,6.0,4.0,32.0,3.3,0.17,-0.51,5.0,3.0,1
20316,2.0,1.0,41.0,2.8,-1.03,-1.42,5.0,3.0,1
20318,1.0,1.0,42.0,3.7,-1.54,-1.42,2.0,6.0,0
20320,6.0,6.0,31.0,3.7,0.24,0.08,3.0,3.0,1
20324,9.0,7.0,41.0,3.1,0.92,0.44,4.0,5.0,1
20325,3.0,4.0,42.0,2.8,-0.54,-0.28,4.0,4.0,1
20338,2.0,4.0,31.0,2.9,-0.74,-0.46,3.0,2.0,1
20340,10.0,10.0,41.0,2.9,1.85,2.0,4.0,5.0,1
20342,5.0,6.0,33.0,3.2,0.02,0.16,4.0,2.0,1
20343,6.0,6.0,42.0,3.3,0.07,0.22,4.0,5.0,1
20344,8.0,7.0,29.3,3.5,0.58,0.41,3.0,3.0,1
20345,5.0,6.0,39.0,3.6,0.0,0.11,3.0,4.0,1
20346,1.0,1.0,34.0,2.8,-1.26,-1.79,5.0,3.0,1
20347,7.0,7.0,45.0,3.0,0.4,0.45,4.0,3.0,1
20349,4.0,4.0,41.0,3.6,-0.46,-0.42,3.0,5.0,1
20350,1.0,1.0,27.7,3.0,-1.61,-2.61,3.0,5.0,1
20352,7.0,6.0,35.0,3.9,0.5,0.2,3.0,3.0,1
20354,6.0,8.0,34.0,2.8,0.13,0.68,4.0,2.0,1
20358,4.0,2.0,32.0,3.5,-0.34,-1.06,4.0,3.0,1
20359,6.0,7.0,33.5,3.5,0.19,0.31,4.0,3.0,1
20360,2.0,3.0,41.0,2.9,-0.8,-0.56,3.0,5.0,1
20363,10.0,9.0,26.0,3.0,1.49,1.05,4.0,1.0,1
20364,10.0,9.0,32.5,3.1,1.46,0.91,3.0,4.0,1
20365,10.0,9.0,41.0,2.8,1.54,1.27,3.0,4.0,1
20366,5.0,7.0,43.0,2.9,0.07,0.27,3.0,6.0,1
20369,8.0,10.0,39.5,3.4,0.87,1.41,4.0,4.0,1
20371,1.0,4.0,42.0,3.1,-1.39,-0.38,1.0,3.0,1
20372,5.0,7.0,40.0,3.8,-0.02,0.46,3.0,4.0,1
20374,3.0,3.0,32.0,3.2,-0.44,-0.69,3.0,3.0,1
20380,2.0,3.0,32.0,3.1,-0.74,-0.62,3.0,2.0,1
20383,10.0,10.0,43.0,3.4,1.78,1.73,3.0,5.0,1
20384,10.0,10.0,47.0,3.4,1.92,1.46,2.0,5.0,1
20387,6.0,9.0,37.0,3.0,0.26,1.11,3.0,5.0,1
20390,4.0,5.0,36.0,3.4,-0.4,-0.26,3.0,2.0,1
20397,3.0,6.0,37.0,3.3,-0.64,0.13,4.0,4.0,1
20399,6.0,2.0,38.0,3.8,0.26,-0.96,4.0,3.0,1
20402,9.0,7.0,42.0,2.5,1.06,0.5,3.0,3.0,1
20405,2.0,2.0,43.0,3.1,-1.01,-1.28,3.0,4.0,1
20407,6.0,8.0,35.0,2.9,0.15,0.79,2.0,3.0,1
20408,3.0,2.0,36.0,3.0,-0.62,-1.15,4.0,4.0,1
20409,4.0,5.0,38.0,3.3,-0.16,-0.07,2.0,4.0,1
20411,6.0,7.0,27.0,3.5,0.27,0.26,4.0,3.0,1
20412,7.0,6.0,33.0,3.4,0.37,0.11,5.0,3.0,1
20413,9.0,8.0,34.0,3.9,1.25,0.84,4.0,4.0,1
20414,4.0,5.0,35.3,2.7,-0.42,-0.21,4.0,4.0,1
20415,4.0,3.0,38.0,3.5,-0.22,-0.63,4.0,3.0,1
20416,2.0,2.0,37.0,3.0,-0.91,-0.97,3.0,3.0,1
20417,2.0,2.0,25.0,3.2,-0.88,-1.17,3.0,4.0,1
20418,10.0,8.0,39.0,3.8,1.4,0.59,3.0,4.0,1
20421,5.0,6.0,31.0,3.3,0.05,0.13,5.0,5.0,1
20425,5.0,4.0,43.0,3.5,0.05,-0.44,4.0,5.0,1
20426,10.0,10.0,46.0,3.9,1.73,1.58,3.0,5.0,1
20427,5.0,4.0,35.0,3.5,-0.04,-0.36,4.0,3.0,1
20428,9.0,6.0,41.0,2.9,1.29,0.23,3.0,3.0,1
20430,3.0,2.0,34.0,3.3,-0.44,-1.22,4.0,3.0,1
20433,8.0,5.0,38.0,3.0,0.73,-0.14,3.0,3.0,1
20435,4.0,5.0,36.0,3.8,-0.32,-0.07,3.0,4.0,1
20436,2.0,1.0,23.0,3.8,-1.07,-1.54,3.0,5.0,0
20437,1.0,1.0,42.0,2.7,-1.61,-1.79,5.0,6.0,1
20439,9.0,9.0,48.0,3.5,1.29,0.85,5.0,6.0,1
20441,6.0,6.0,40.0,3.4,0.14,0.05,4.0,4.0,1
20445,6.0,7.0,47.0,3.5,0.25,0.31,4.0,6.0,1
20446,10.0,10.0,46.0,3.8,1.74,1.47,3.0,4.0,1
20447,9.0,8.0,41.0,3.5,1.14,0.81,3.0,3.0,1
20451,8.0,8.0,32.0,3.3,0.63,0.58,2.0,4.0,1
20453,2.0,3.0,39.0,3.0,-0.81,-0.86,3.0,3.0,1
20454,7.0,8.0,42.0,2.9,0.55,0.73,4.0,4.0,1
20457,10.0,10.0,40.0,3.6,1.9,2.12,3.0,3.0,1
20458,9.0,6.0,35.0,3.2,1.19,0.14,1.0,3.0,1
20463,3.0,4.0,42.0,3.0,-0.67,-0.34,5.0,3.0,1
20464,5.0,6.0,38.0,3.3,-0.1,0.03,5.0,5.0,1
20468,7.0,7.0,41.0,3.6,0.48,0.47,3.0,4.0,1
20470,5.0,4.0,39.0,3.8,-0.14,-0.29,3.0,5.0,1
20474,10.0,10.0,32.0,3.3,1.78,1.87,4.0,3.0,1
20477,8.0,7.0,39.0,3.0,0.59,0.3,4.0,3.0,1
20478,6.0,7.0,33.0,3.4,0.1,0.29,3.0,5.0,1
20480,1.0,1.0,44.0,3.0,-1.19,-1.73,4.0,4.0,1
20481,4.0,1.0,32.0,3.0,-0.41,-1.7,3.0,3.0,0
20483,2.0,3.0,39.0,3.0,-1.09,-0.85,4.0,4.0,1
20485,6.0,6.0,24.0,2.6,0.17,0.23,5.0,1.0,1
20487,8.0,8.0,42.0,3.0,0.78,0.72,3.0,4.0,1
20491,3.0,2.0,28.0,2.9,-0.66,-1.0,4.0,5.0,0
20496,2.0,2.0,37.0,3.5,-1.1,-1.2,4.0,4.0,1
20497,6.0,8.0,31.0,3.1,0.27,0.55,4.0,2.0,1
20498,8.0,9.0,47.0,3.1,0.86,0.88,2.0,5.0,1
20501,10.0,10.0,38.0,3.6,1.46,1.86,4.0,4.0,1
20504,1.0,1.0,27.0,3.0,-1.17,-2.19,3.0,4.0,0
20505,2.0,2.0,38.0,3.7,-0.96,-0.87,2.0,6.0,1
20507,4.0,3.0,37.0,3.3,-0.29,-0.64,3.0,3.0,1
20510,4.0,3.0,35.0,3.1,-0.28,-0.62,4.0,3.0,1
20511,6.0,5.0,38.5,3.3,0.12,-0.25,2.0,4.0,1
20512,3.0,1.0,37.0,3.2,-0.67,-1.33,3.0,3.0,1
20514,1.0,2.0,34.0,2.4,-1.11,-1.2,4.0,3.0,0
20515,9.0,10.0,32.0,4.0,1.29,1.3,3.0,4.0,1
20518,5.0,6.0,35.0,3.1,-0.1,0.17,3.0,5.0,1
20519,4.0,2.0,41.5,2.9,-0.37,-0.89,3.0,4.0,1
20520,7.0,8.0,32.0,3.3,0.5,0.85,3.0,3.0,1
20521,9.0,7.0,41.0,3.6,0.93,0.32,2.0,4.0,1
20522,7.0,9.0,47.0,3.4,0.59,1.03,4.0,4.0,1
20523,6.0,9.0,32.0,3.0,0.25,1.12,3.0,2.0,1
20524,2.0,3.0,38.0,3.4,-0.89,-0.75,4.0,4.0,1
20525,5.0,3.0,47.0,3.8,-0.13,-0.65,3.0,6.0,1
20526,2.0,3.0,42.0,3.0,-0.79,-0.82,3.0,4.0,1
20528,8.0,10.0,21.0,3.8,0.77,1.78,1.0,1.0,1
20529,3.0,1.0,20.3,2.2,-0.4,-1.91,4.0,1.0,0
20531,10.0,10.0,40.0,3.7,2.07,2.08,4.0,3.0,1
20535,1.0,1.0,27.0,2.6,-1.48,-2.2,2.0,4.0,1
20536,7.0,4.0,41.0,3.5,0.34,-0.44,3.0,5.0,1
20537,4.0,3.0,33.0,2.3,-0.26,-0.86,4.0,3.0,0
20539,3.0,5.0,38.0,4.0,-0.48,-0.21,4.0,4.0,1
20540,2.0,2.0,31.0,3.0,-1.06,-0.96,3.0,3.0,0
20541,2.0,2.0,36.0,3.0,-0.99,-0.9,4.0,3.0,1
20544,1.0,2.0,39.0,3.1,-1.64,-1.3,4.0,3.0,0
20551,4.0,4.0,36.0,3.6,-0.37,-0.41,4.0,3.0,1
20552,4.0,4.0,47.0,3.9,-0.2,-0.43,4.0,4.0,1
20555,3.0,4.0,33.5,2.2,-0.68,-0.38,3.0,3.0,1
20558,1.0,2.0,36.0,2.8,-1.17,-0.98,2.0,3.0,1
20560,6.0,7.0,41.0,2.0,0.2,0.39,3.0,1.0,1
20564,8.0,8.0,31.5,3.6,0.83,0.76,2.0,1.0,1
20565,4.0,3.0,28.5,3.6,-0.41,-0.72,3.0,5.0,1
20569,6.0,5.0,41.0,4.0,0.09,-0.2,3.0,6.0,1
20573,5.0,4.0,39.0,2.8,-0.13,-0.27,4.0,5.0,1
20574,6.0,6.0,40.0,3.0,0.25,0.1,4.0,5.0,1
20575,3.0,3.0,30.0,2.4,-0.45,-0.66,3.0,3.0,1
20577,8.0,8.0,38.0,3.0,0.58,0.62,5.0,5.0,0
20578,10.0,10.0,33.0,3.6,2.39,2.42,3.0,3.0,1
20579,1.0,1.0,38.0,3.5,-1.93,-1.36,4.0,5.0,0
20581,8.0,8.0,40.0,3.4,0.88,0.84,3.0,4.0,1
20582,7.0,7.0,40.0,3.1,0.35,0.32,3.0,5.0,1
20586,10.0,10.0,46.0,3.9,2.24,2.87,3.0,6.0,1
20588,10.0,10.0,44.0,3.0,1.96,1.93,3.0,3.0,1
20589,9.0,9.0,33.0,3.6,1.27,1.2,2.0,4.0,1
20591,9.0,9.0,36.0,3.2,1.26,1.11,3.0,3.0,1
20597,3.0,3.0,41.0,3.1,-0.68,-0.85,4.0,4.0,1
20598,1.0,2.0,41.0,3.8,-1.15,-1.17,2.0,4.0,1
20599,9.0,8.0,39.0,3.6,0.99,0.74,5.0,4.0,1
20602,6.0,5.0,36.0,2.9,0.28,-0.19,3.0,4.0,1
20603,4.0,3.0,42.0,3.0,-0.42,-0.52,5.0,6.0,1
20608,10.0,10.0,42.0,3.4,2.04,2.58,4.0,3.0,1
20612,10.0,10.0,47.0,3.4,1.5,1.35,4.0,6.0,1
20613,4.0,5.0,44.0,3.6,-0.46,-0.16,5.0,6.0,1
20614,9.0,9.0,34.0,3.6,0.9,0.9,4.0,5.0,1
20618,4.0,5.0,46.0,3.9,-0.42,-0.06,4.0,6.0,1
20619,10.0,10.0,37.0,3.8,1.49,1.82,3.0,3.0,1
20621,2.0,2.0,36.0,3.5,-1.03,-1.19,4.0,3.0,1
20624,8.0,7.0,40.0,3.4,0.87,0.46,4.0,4.0,1
20625,8.0,8.0,34.0,3.1,0.71,0.85,3.0,4.0,1
20626,10.0,9.0,34.0,3.3,1.32,1.01,3.0,2.0,1
20632,9.0,8.0,36.0,3.3,0.99,0.66,4.0,3.0,1
20638,2.0,1.0,29.0,2.7,-0.76,-1.5,1.0,4.0,0
20648,5.0,6.0,33.0,3.4,-0.02,0.01,5.0,3.0,1
20651,5.0,5.0,37.0,3.2,-0.08,-0.12,4.0,4.0,1
20653,4.0,3.0,36.0,3.2,-0.38,-0.88,2.0,4.0,1
20654,1.0,1.0,21.0,2.2,-1.72,-1.74,2.0,4.0,0
20655,2.0,2.0,32.0,2.7,-0.79,-1.11,4.0,4.0,0
20656,10.0,10.0,45.0,3.9,1.58,1.86,4.0,5.0,1
20658,5.0,4.0,40.0,3.3,-0.05,-0.39,4.0,4.0,1
20666,10.0,10.0,43.0,3.4,2.03,1.5,4.0,5.0,1
20667,3.0,5.0,38.0,3.4,-0.61,-0.04,4.0,3.0,1
20674,4.0,4.0,31.0,3.6,-0.19,-0.38,4.0,6.0,1
20676,2.0,3.0,39.0,2.4,-0.84,-0.85,4.0,4.0,1
20680,9.0,10.0,47.0,3.7,1.39,1.26,5.0,6.0,1
20681,2.0,2.0,40.0,3.2,-1.03,-0.93,3.0,6.0,1
20684,4.0,8.0,43.0,3.5,-0.25,0.55,4.0,5.0,1
20685,2.0,4.0,43.0,3.0,-1.05,-0.52,4.0,4.0,1
20693,2.0,3.0,42.0,3.5,-0.99,-0.62,3.0,4.0,1
20695,1.0,2.0,38.0,2.7,-1.21,-1.14,4.0,5.0,1
20696,4.0,4.0,32.0,3.2,-0.2,-0.4,4.0,4.0,1
20697,7.0,6.0,31.0,3.2,0.5,0.03,4.0,5.0,1
20699,8.0,8.0,45.0,3.9,0.68,0.83,4.0,5.0,1
20702,10.0,10.0,34.0,3.2,1.85,1.6,4.0,4.0,1
20704,3.0,2.0,35.5,3.0,-0.57,-1.27,4.0,5.0,1
20707,6.0,6.0,37.0,3.0,0.26,0.02,4.0,4.0,1
20710,4.0,4.0,38.5,3.1,-0.45,-0.29,4.0,5.0,1
20712,7.0,9.0,39.0,2.9,0.59,1.14,3.0,4.0,1
20714,10.0,10.0,27.5,3.6,2.1,1.96,3.0,3.0,1
20716,5.0,5.0,39.0,3.7,-0.03,-0.12,3.0,3.0,1
20717,5.0,4.0,33.0,2.7,-0.1,-0.59,4.0,2.0,1
20721,10.0,9.0,40.0,3.2,1.85,1.02,4.0,3.0,1
20727,3.0,5.0,29.0,3.1,-0.44,-0.22,4.0,3.0,1
20731,10.0,10.0,46.0,3.9,2.18,2.08,3.0,3.0,1
20733,1.0,2.0,43.0,3.5,-1.15,-1.26,4.0,4.0,1
20737,8.0,7.0,39.0,2.6,0.7,0.26,4.0,3.0,1
20742,1.0,3.0,32.5,3.1,-1.25,-0.81,3.0,3.0,1
20743,10.0,10.0,37.0,4.0,1.4,1.6,3.0,4.0,1
20744,8.0,2.0,36.0,2.2,0.81,-0.95,2.0,3.0,0
20745,7.0,10.0,45.0,3.8,0.57,1.37,4.0,6.0,1
20749,7.0,6.0,38.0,3.9,0.34,0.26,4.0,4.0,1
20750,1.0,1.0,25.0,2.7,-2.08,-2.27,1.0,4.0,0
20757,3.0,3.0,34.0,2.7,-0.67,-0.73,4.0,3.0,1
20758,8.0,10.0,39.0,3.3,0.69,1.29,4.0,4.0,1
20759,5.0,4.0,37.0,3.4,0.08,-0.37,1.0,4.0,1
20760,7.0,8.0,34.0,3.0,0.39,0.62,3.0,3.0,1
20762,3.0,5.0,39.5,3.1,-0.53,-0.24,3.0,4.0,1
20767,10.0,10.0,41.0,3.5,2.06,1.75,3.0,4.0,1
20768,6.0,8.0,41.0,2.8,0.24,0.73,4.0,4.0,1
20770,6.0,6.0,33.0,3.1,0.17,0.17,3.0,5.0,1
20771,1.0,2.0,47.0,3.2,-1.15,-0.89,3.0,4.0,1
20775,1.0,1.0,29.0,2.7,-1.23,-1.63,4.0,4.0,1
20778,8.0,8.0,40.0,3.8,0.68,0.87,3.0,4.0,1
20780,2.0,2.0,35.0,3.3,-1.09,-0.89,3.0,4.0,1
20782,8.0,7.0,39.0,3.3,0.74,0.51,3.0,4.0,1
20783,4.0,6.0,39.0,3.7,-0.21,0.14,3.0,3.0,1
20785,2.0,2.0,29.5,3.2,-0.96,-0.93,2.0,3.0,1
20787,5.0,5.0,42.0,3.3,-0.2,-0.04,4.0,5.0,1
20789,8.0,7.0,29.5,3.3,0.76,0.4,4.0,3.0,1
20792,9.0,9.0,35.0,3.2,1.21,1.29,4.0,2.0,1
20793,9.0,8.0,42.0,3.0,1.19,0.6,4.0,6.0,1
20794,3.0,9.0,29.5,3.5,-0.45,1.18,4.0,3.0,1
20795,1.0,1.0,33.0,3.1,-1.92,-1.5,3.0,3.0,0
20796,4.0,5.0,32.0,3.0,-0.37,-0.16,3.0,3.0,1
20797,9.0,3.0,36.0,3.2,1.23,-0.53,3.0,5.0,1
