row_id,decile1b,decile3,lsat,ugpa,zfygpa,zgpa,fam_inc,tier,pass_bar
2,8.0,7.0,37.0,3.4,0.63,0.37,3.0,4.0,1
4,3.0,2.0,41.0,3.3,-0.67,-1.3,4.0,5.0,1
5,1.0,1.0,24.5,2.2,-1.73,-1.34,4.0,3.0,0
6,4.0,4.0,34.0,3.3,-0.32,-0.38,4.0,3.0,0
9,8.0,9.0,35.0,2.9,0.73,0.94,3.0,4.0,1
13,7.0,8.0,23.0,2.8,0.56,0.87,3.0,1.0,1
18,8.0,7.0,40.0,3.7,0.67,0.4,4.0,4.0,1
19,1.0,2.0,22.0,2.7,-1.8,-1.13,4.0,3.0,1
20,10.0,9.0,48.0,3.7,1.94,0.98,4.0,5.0,1
21,3.0,2.0,36.0,2.9,-0.53,-1.05,4.0,3.0,0
22,3.0,2.0,36.0,3.1,-0.67,-0.9,3.0,4.0,1
29,4.0,5.0,39.0,2.7,-0.39,-0.07,3.0,3.0,1
30,10.0,10.0,39.0,4.0,2.88,2.87,3.0,5.0,1
33,7.0,4.0,39.0,3.5,0.34,-0.49,4.0,3.0,1
43,1.0,1.0,36.0,3.9,-1.5,-2.18,4.0,6.0,1
47,4.0,2.0,31.5,3.6,-0.37,-1.04,3.0,5.0,1
49,3.0,5.0,40.0,3.5,-0.64,-0.12,4.0,3.0,1
51,9.0,7.0,34.0,3.5,0.96,0.45,3.0,3.0,1
53,4.0,4.0,38.0,3.0,-0.45,-0.27,5.0,5.0,1
55,7.0,6.0,31.0,3.3,0.55,0.08,4.0,2.0,1
56,5.0,4.0,42.0,3.6,-0.03,-0.28,3.0,6.0,1
58,5.0,5.0,37.0,3.0,-0.11,-0.23,3.0,3.0,1
61,9.0,8.0,42.0,3.0,1.05,0.62,3.0,3.0,1
63,8.0,9.0,29.0,2.8,0.81,1.37,2.0,1.0,1
66,4.0,4.0,37.0,2.7,-0.33,-0.3,4.0,3.0,1
70,2.0,3.0,33.5,3.4,-0.91,-0.57,4.0,6.0,1
71,2.0,2.0,32.0,3.0,-1.02,-1.33,3.0,4.0,0
72,6.0,5.0,36.0,3.7,0.12,-0.13,4.0,2.0,1
75,9.0,9.0,35.0,3.3,0.91,1.26,4.0,2.0,1
78,7.0,9.0,39.0,3.4,0.36,1.23,3.0,5.0,1
79,4.0,2.0,40.0,3.5,-0.44,-1.01,4.0,5.0,1
81,3.0,2.0,42.0,3.3,-0.64,-1.1,3.0,4.0,1
83,3.0,5.0,34.0,2.9,-0.36,-0.08,2.0,1.0,1
86,4.0,4.0,38.0,3.6,-0.4,-0.46,4.0,4.0,1
94,9.0,9.0,41.0,3.4,0.89,0.94,4.0,2.0,1
95,6.0,7.0,42.0,3.8,0.35,0.35,4.0,6.0,1
100,6.0,2.0,38.0,2.8,0.2,-1.06,5.0,3.0,1
104,7.0,5.0,28.0,3.5,0.48,-0.04,2.0,1.0,0
107,8.0,8.0,48.0,3.4,0.77,0.74,3.0,3.0,1
113,6.0,5.0,33.0,2.0,0.3,-0.05,3.0,3.0,1
114,5.0,4.0,28.0,2.3,-0.16,-0.5,3.0,3.0,1
115,6.0,7.0,31.0,3.5,0.3,0.34,2.0,3.0,1
117,6.0,3.0,35.5,3.1,0.14,-0.65,5.0,5.0,1
118,3.0,4.0,31.0,3.7,-0.54,-0.33,2.0,2.0,0
121,4.0,5.0,36.0,3.1,-0.25,-0.05,5.0,4.0,1
122,1.0,1.0,44.0,3.7,-1.26,-1.42,3.0,4.0,1
128,7.0,4.0,34.0,3.6,0.45,-0.5,4.0,4.0,1
130,6.0,5.0,33.0,3.7,0.27,-0.14,3.0,4.0,1
131,7.0,4.0,42.0,3.7,0.4,-0.37,3.0,4.0,1
137,10.0,9.0,40.0,2.7,1.49,1.14,3.0,3.0,1
138,8.0,9.0,35.0,3.0,0.76,0.94,4.0,3.0,1
149,6.0,7.0,37.0,3.6,0.19,0.3,4.0,3.0,1
151,6.0,6.0,39.0,3.5,0.23,0.11,4.0,5.0,1
152,8.0,8.0,40.0,3.7,0.8,0.64,4.0,4.0,1
153,10.0,10.0,42.0,3.9,2.18,2.0,4.0,5.0,1
154,3.0,3.0,26.0,3.1,-0.58,-0.69,4.0,2.0,0
156,5.0,3.0,33.0,3.5,-0.08,-0.6,4.0,5.0,0
157,1.0,1.0,34.0,3.0,-2.51,-1.5,4.0,2.0,1
160,2.0,2.0,48.0,3.2,-0.84,-1.09,3.0,6.0,1
161,3.0,3.0,25.5,2.5,-0.4,-0.75,4.0,1.0,1
163,8.0,10.0,40.0,4.0,0.66,1.57,4.0,4.0,1
166,6.0,5.0,34.0,3.7,0.33,-0.01,4.0,4.0,1
168,5.0,5.0,44.0,3.5,-0.15,-0.03,3.0,4.0,1
169,2.0,3.0,37.0,2.4,-1.1,-0.73,3.0,3.0,1
170,8.0,7.0,38.0,3.3,0.61,0.4,4.0,3.0,1
171,6.0,7.0,41.0,3.4,0.12,0.4,4.0,4.0,1
173,7.0,8.0,40.0,3.8,0.55,0.65,4.0,6.0,1
176,7.0,4.0,36.0,2.6,0.39,-0.39,4.0,3.0,1
179,9.0,10.0,37.0,3.4,1.02,2.04,4.0,3.0,1
180,2.0,1.0,32.3,2.5,-0.79,-1.75,4.0,3.0,1
181,1.0,1.0,29.0,3.3,-1.59,-1.42,2.0,4.0,1
185,4.0,6.0,33.0,2.7,-0.24,0.1,4.0,3.0,1
188,4.0,5.0,32.0,3.3,-0.37,-0.15,4.0,3.0,0
189,6.0,7.0,35.5,3.7,0.15,0.32,4.0,5.0,1
190,10.0,3.0,32.0,3.4,1.34,-0.78,3.0,3.0,1
195,9.0,7.0,38.0,3.0,0.96,0.3,3.0,4.0,1
196,4.0,7.0,36.0,3.9,-0.25,0.39,3.0,5.0,1
197,7.0,8.0,33.5,3.1,0.34,0.55,4.0,2.0,1
199,3.0,2.0,31.5,3.6,-0.67,-1.3,4.0,3.0,0
200,7.0,8.0,42.0,3.4,0.55,0.7,2.0,5.0,1
203,6.0,6.0,38.0,3.6,0.22,0.18,4.0,4.0,1
204,8.0,9.0,42.0,3.2,0.82,1.09,4.0,3.0,1
206,9.0,7.0,34.0,3.3,1.19,0.44,3.0,3.0,1
215,10.0,10.0,40.0,3.3,2.15,1.84,3.0,3.0,1
216,2.0,1.0,36.0,3.0,-0.94,-1.32,3.0,3.0,0
219,1.0,1.0,27.0,2.6,-1.23,-1.72,1.0,4.0,0
220,1.0,1.0,23.0,2.6,-1.42,-1.77,3.0,4.0,1
221,7.0,9.0,38.0,2.7,0.35,0.94,3.0,5.0,1
223,3.0,1.0,40.0,2.6,-0.44,-1.36,4.0,3.0,0
226,10.0,10.0,38.0,2.6,1.75,1.94,4.0,3.0,1
228,2.0,5.0,33.5,3.2,-0.83,-0.17,3.0,5.0,1
230,7.0,8.0,30.0,3.2,0.54,0.74,4.0,3.0,1
232,8.0,9.0,42.0,3.4,0.86,1.05,3.0,4.0,1
233,10.0,9.0,42.0,4.0,1.5,1.22,3.0,4.0,1
236,2.0,2.0,39.0,3.4,-0.89,-0.97,4.0,4.0,1
237,8.0,8.0,40.0,3.3,0.86,0.78,3.0,4.0,1
238,1.0,1.0,30.0,3.5,-1.32,-1.51,3.0,3.0,1
240,10.0,10.0,36.0,3.9,1.77,1.91,2.0,5.0,1
241,5.0,5.0,36.0,3.5,-0.12,-0.06,3.0,4.0,1
243,7.0,7.0,38.0,3.5,0.55,0.46,3.0,3.0,1
247,2.0,3.0,29.0,2.5,-0.75,-0.78,4.0,3.0,0
248,1.0,1.0,40.0,3.4,-1.53,-1.49,2.0,6.0,1
250,9.0,8.0,37.0,2.9,0.92,0.62,5.0,3.0,1
251,10.0,10.0,44.0,3.8,1.36,1.5,3.0,5.0,1
255,7.0,7.0,36.0,3.9,0.6,0.3,2.0,6.0,1
257,7.0,8.0,37.0,3.7,0.59,0.75,3.0,4.0,1
265,5.0,6.0,42.0,3.2,-0.1,0.0,4.0,3.0,1
266,2.0,2.0,38.0,2.2,-0.94,-0.91,4.0,3.0,1
268,10.0,10.0,28.0,3.1,2.23,2.18,3.0,1.0,1
270,2.0,1.0,37.0,2.5,-0.77,-1.55,5.0,3.0,0
272,7.0,8.0,36.0,3.3,0.53,0.58,4.0,3.0,1
274,6.0,6.0,45.0,3.6,0.25,0.19,4.0,6.0,1
275,2.0,2.0,40.0,2.5,-0.93,-1.04,3.0,3.0,1
276,3.0,1.0,38.0,2.9,-0.58,-1.87,3.0,4.0,0
278,1.0,1.0,34.0,3.0,-1.27,-1.48,3.0,2.0,0
280,3.0,4.0,47.0,3.5,-0.6,-0.37,4.0,6.0,1
281,5.0,6.0,30.7,1.9,-0.02,0.03,4.0,1.0,0
282,4.0,2.0,40.5,3.1,-0.43,-0.92,4.0,5.0,1
287,1.0,1.0,31.5,3.3,-1.62,-1.66,4.0,3.0,1
293,9.0,7.0,48.0,3.5,1.26,0.37,3.0,6.0,1
295,9.0,9.0,32.5,2.8,0.94,1.12,3.0,2.0,1
297,7.0,10.0,44.0,3.9,0.44,1.31,3.0,5.0,1
300,6.0,4.0,37.0,3.5,0.23,-0.53,1.0,4.0,1
303,10.0,10.0,38.0,3.2,1.49,1.7,2.0,3.0,1
304,3.0,1.0,34.0,3.0,-0.5,-1.41,4.0,3.0,0
305,6.0,4.0,41.0,3.6,0.16,-0.35,4.0,5.0,1
307,1.0,2.0,47.0,3.4,-1.29,-1.06,3.0,6.0,1
312,5.0,6.0,36.0,2.7,0.11,0.01,4.0,1.0,1
315,5.0,5.0,36.0,2.5,0.03,-0.15,4.0,3.0,1
316,9.0,9.0,30.5,3.1,0.96,0.91,4.0,3.0,1
318,8.0,7.0,34.0,3.2,0.75,0.47,3.0,3.0,1
321,1.0,3.0,33.0,3.1,-1.31,-0.84,2.0,4.0,1
322,9.0,10.0,39.0,3.3,1.06,1.32,4.0,4.0,1
323,3.0,3.0,34.0,2.6,-0.7,-0.67,4.0,2.0,1
324,1.0,4.0,28.0,3.1,-1.27,-0.53,1.0,2.0,1
326,5.0,5.0,37.0,3.4,-0.1,-0.14,3.0,3.0,1
334,1.0,1.0,28.0,3.1,-1.82,-2.27,3.0,4.0,0
335,1.0,1.0,22.5,2.9,-1.28,-1.44,3.0,1.0,1
338,9.0,7.0,44.0,3.8,0.89,0.29,4.0,5.0,1
339,3.0,3.0,33.0,3.5,-0.48,-0.76,3.0,3.0,1
342,10.0,10.0,48.0,3.2,1.55,1.67,4.0,3.0,1
343,4.0,2.0,38.0,2.8,-0.4,-1.11,3.0,4.0,0
344,4.0,4.0,46.0,3.0,-0.21,-0.46,4.0,6.0,1
345,6.0,5.0,40.0,3.1,0.19,-0.11,3.0,4.0,1
346,10.0,10.0,39.0,3.3,1.41,1.97,5.0,5.0,1
347,8.0,8.0,41.0,3.6,0.79,0.77,4.0,4.0,1
350,7.0,6.0,33.0,2.8,0.44,0.03,5.0,3.0,1
351,9.0,7.0,31.0,2.8,1.1,0.47,3.0,2.0,1
354,8.0,9.0,41.0,3.7,0.9,1.1,4.0,6.0,1
355,4.0,4.0,41.0,3.6,-0.43,-0.39,3.0,5.0,1
358,8.0,8.0,37.0,3.6,0.81,0.74,3.0,4.0,1
359,10.0,10.0,34.0,2.7,1.59,2.37,2.0,1.0,1
360,4.0,6.0,42.0,3.7,-0.35,0.11,4.0,6.0,1
366,1.0,1.0,32.0,3.2,-1.48,-1.65,4.0,3.0,0
370,1.0,2.0,30.0,3.2,-1.38,-1.32,3.0,4.0,0
373,9.0,9.0,42.0,3.7,1.1,0.93,3.0,6.0,1
374,1.0,4.0,38.0,2.9,-1.51,-0.31,4.0,3.0,1
376,10.0,10.0,40.0,3.5,2.17,2.27,3.0,4.0,1
378,7.0,9.0,48.0,3.5,0.4,0.87,4.0,5.0,1
384,3.0,3.0,37.0,3.3,-0.56,-0.64,4.0,4.0,1
385,10.0,9.0,36.0,3.6,1.47,1.19,4.0,6.0,1
388,2.0,5.0,34.0,3.2,-0.92,-0.26,4.0,3.0,1
391,6.0,6.0,39.0,3.2,0.27,0.28,2.0,4.0,1
392,8.0,9.0,29.0,3.3,0.58,0.97,3.0,3.0,1
397,4.0,5.0,42.0,3.0,-0.4,-0.12,4.0,4.0,1
401,3.0,4.0,29.0,3.1,-0.58,-0.55,3.0,2.0,0
402,1.0,3.0,30.0,2.7,-2.29,-0.79,3.0,4.0,0
404,4.0,4.0,41.0,2.8,-0.42,-0.53,4.0,3.0,1
406,10.0,10.0,40.0,3.6,1.81,2.23,4.0,5.0,1
409,10.0,10.0,36.0,3.9,1.9,2.09,3.0,5.0,1
412,8.0,8.0,37.0,3.1,0.62,0.56,3.0,3.0,1
413,6.0,7.0,44.0,3.9,0.19,0.29,3.0,4.0,1
416,7.0,3.0,35.3,2.6,0.47,-0.8,4.0,3.0,1
417,2.0,1.0,42.0,3.4,-0.9,-1.46,3.0,6.0,1
419,2.0,2.0,37.0,3.1,-1.11,-1.03,4.0,3.0,1
421,1.0,1.0,33.0,2.5,-1.4,-1.63,4.0,3.0,1
422,7.0,7.0,41.0,3.0,0.49,0.38,4.0,5.0,1
424,8.0,9.0,38.0,3.6,0.81,0.99,4.0,3.0,1
425,6.0,5.0,41.0,3.1,0.16,-0.02,3.0,4.0,1
426,3.0,3.0,33.0,3.4,-0.53,-0.88,3.0,4.0,1
427,1.0,2.0,37.0,2.9,-1.45,-1.11,4.0,4.0,1
429,10.0,10.0,40.5,3.2,2.09,2.36,4.0,3.0,1
433,9.0,9.0,45.0,3.1,1.24,0.87,4.0,5.0,1
434,9.0,8.0,41.0,3.0,1.01,0.66,3.0,3.0,1
441,5.0,5.0,38.0,3.0,-0.02,-0.23,4.0,3.0,1
442,1.0,1.0,34.0,2.7,-1.71,-1.54,4.0,3.0,0
443,9.0,8.0,24.5,3.7,0.96,0.56,1.0,3.0,1
450,5.0,4.0,25.0,3.3,-0.09,-0.24,2.0,5.0,0
458,6.0,5.0,35.0,3.2,0.15,-0.25,4.0,3.0,1
460,2.0,1.0,38.0,3.3,-0.98,-1.76,3.0,4.0,1
464,8.0,8.0,36.0,3.1,0.68,0.63,4.0,3.0,1
465,9.0,10.0,31.0,3.5,1.26,1.6,3.0,3.0,1
466,5.0,7.0,35.5,3.6,-0.09,0.38,2.0,4.0,1
467,2.0,3.0,32.0,3.5,-0.86,-0.65,4.0,3.0,1
470,3.0,2.0,25.0,3.2,-0.68,-1.24,4.0,3.0,1
471,3.0,3.0,38.0,3.5,-0.56,-0.83,3.0,5.0,1
475,4.0,6.0,36.0,4.0,-0.28,0.2,3.0,4.0,1
476,9.0,10.0,46.0,4.0,1.31,1.77,4.0,6.0,1
478,3.0,3.0,31.0,3.6,-0.48,-0.62,2.0,3.0,1
482,7.0,10.0,30.0,3.5,0.53,1.83,4.0,3.0,1
484,8.0,8.0,37.0,3.1,0.65,0.59,4.0,3.0,1
488,8.0,9.0,48.0,3.8,0.86,0.99,2.0,5.0,1
490,8.0,6.0,35.0,3.1,0.87,0.23,4.0,4.0,1
491,8.0,4.0,48.0,3.4,0.7,-0.26,4.0,6.0,1
492,5.0,5.0,41.0,3.7,-0.14,-0.02,4.0,4.0,1
494,1.0,1.0,27.0,2.5,-2.0,-1.95,3.0,3.0,1
496,10.0,9.0,34.0,3.4,1.7,1.08,3.0,3.0,1
498,1.0,2.0,47.0,3.7,-1.47,-1.3,5.0,6.0,1
499,6.0,7.0,32.0,3.4,0.24,0.33,3.0,3.0,1
502,7.0,8.0,38.0,3.7,0.33,0.64,4.0,4.0,1
503,10.0,10.0,37.0,3.6,1.45,1.39,3.0,3.0,1
507,5.0,7.0,39.0,3.1,-0.06,0.29,4.0,3.0,1
509,7.0,8.0,42.0,3.2,0.58,0.74,4.0,4.0,1
513,1.0,4.0,39.0,3.1,-1.15,-0.4,4.0,4.0,1
516,10.0,9.0,33.0,2.1,2.17,1.05,2.0,3.0,1
520,2.0,2.0,36.0,3.1,-0.79,-1.06,3.0,4.0,1
522,5.0,5.0,39.0,3.1,0.08,-0.09,4.0,4.0,1
527,6.0,9.0,36.0,4.0,0.22,1.1,4.0,4.0,1
533,6.0,7.0,38.0,3.6,0.19,0.37,3.0,4.0,1
535,10.0,10.0,43.0,3.4,1.85,2.42,4.0,3.0,1
536,5.0,5.0,40.0,3.6,-0.01,-0.02,4.0,4.0,1
537,1.0,1.0,25.0,3.0,-1.14,-1.47,4.0,2.0,0
538,6.0,7.0,39.0,3.2,0.21,0.38,3.0,5.0,1
542,8.0,7.0,37.0,3.8,0.75,0.49,4.0,4.0,1
543,3.0,4.0,37.5,3.0,-0.54,-0.51,4.0,5.0,1
546,10.0,9.0,39.0,3.0,1.43,1.16,4.0,3.0,1
548,6.0,6.0,31.0,3.2,0.09,0.24,3.0,3.0,1
562,4.0,1.0,42.0,3.4,-0.32,-1.73,3.0,5.0,1
564,9.0,9.0,29.0,2.7,0.88,1.06,3.0,3.0,1
566,10.0,10.0,37.0,3.8,2.26,2.13,5.0,3.0,1
568,6.0,5.0,29.5,3.0,0.22,-0.23,1.0,2.0,1
569,4.0,5.0,38.0,3.8,-0.41,-0.17,4.0,4.0,1
572,10.0,9.0,27.5,3.0,1.45,0.87,4.0,3.0,1
573,9.0,8.0,43.0,3.4,1.08,0.75,4.0,4.0,1
574,10.0,10.0,36.0,3.7,2.11,2.47,3.0,4.0,1
578,8.0,6.0,35.0,3.3,0.76,0.29,5.0,4.0,1
580,1.0,1.0,27.0,2.8,-1.28,-1.79,3.0,4.0,1
583,5.0,5.0,45.0,3.8,-0.04,-0.12,3.0,6.0,1
588,5.0,3.0,42.0,3.4,-0.16,-0.73,5.0,5.0,1
589,8.0,4.0,48.0,2.7,0.84,-0.44,4.0,3.0,1
590,9.0,10.0,33.0,3.2,0.98,1.48,5.0,2.0,1
591,2.0,3.0,38.0,3.8,-1.03,-0.68,4.0,4.0,1
594,1.0,1.0,37.0,3.8,-2.66,-2.58,4.0,4.0,1
595,4.0,5.0,38.0,3.6,-0.19,0.0,4.0,6.0,1
597,4.0,4.0,39.0,3.7,-0.29,-0.49,4.0,4.0,1
600,3.0,2.0,37.0,2.2,-0.47,-0.9,5.0,3.0,0
605,1.0,1.0,23.0,2.7,-2.15,-2.62,4.0,5.0,0
608,8.0,7.0,34.0,3.6,0.67,0.31,4.0,5.0,1
609,2.0,1.0,37.0,3.5,-0.83,-1.76,4.0,5.0,1
610,2.0,3.0,30.0,3.4,-1.07,-0.87,4.0,4.0,1
611,4.0,4.0,40.0,3.0,-0.42,-0.44,4.0,3.0,1
613,8.0,9.0,34.0,3.1,0.82,0.94,3.0,3.0,1
617,2.0,1.0,35.0,3.2,-0.82,-1.71,4.0,4.0,1
618,3.0,3.0,46.0,3.5,-0.6,-0.7,4.0,6.0,1
619,2.0,1.0,37.0,3.8,-1.04,-1.73,3.0,5.0,1
622,2.0,3.0,39.0,3.5,-0.99,-0.73,4.0,5.0,1
623,9.0,9.0,44.0,4.0,1.03,1.16,4.0,6.0,1
626,6.0,7.0,33.5,3.2,0.29,0.39,4.0,3.0,1
627,9.0,9.0,33.0,3.6,1.1,0.89,4.0,4.0,1
628,3.0,5.0,31.5,3.0,-0.44,-0.17,4.0,3.0,1
630,9.0,9.0,44.0,3.2,1.19,0.91,3.0,3.0,1
632,3.0,3.0,41.0,3.4,-0.55,-0.64,3.0,4.0,1
635,1.0,1.0,31.0,2.8,-1.32,-2.05,4.0,5.0,0
636,6.0,7.0,41.0,3.2,0.13,0.46,4.0,6.0,1
637,3.0,2.0,35.0,3.0,-0.62,-0.9,2.0,4.0,1
640,4.0,5.0,37.5,2.7,-0.42,-0.23,2.0,4.0,1
641,6.0,5.0,40.0,3.2,0.26,-0.06,4.0,3.0,1
644,4.0,1.0,36.0,2.7,-0.31,-1.58,3.0,5.0,0
647,3.0,3.0,39.0,3.2,-0.52,-0.77,3.0,3.0,1
649,8.0,8.0,34.0,3.5,0.84,0.68,4.0,3.0,1
651,4.0,5.0,30.0,2.6,-0.41,-0.33,3.0,2.0,1
653,7.0,6.0,45.5,3.9,0.55,0.15,5.0,5.0,1
654,1.0,1.0,38.0,2.8,-1.26,-1.86,2.0,3.0,1
655,3.0,2.0,27.5,3.3,-0.48,-0.9,3.0,5.0,1
658,6.0,7.0,33.0,3.0,0.08,0.36,4.0,3.0,1
664,7.0,8.0,34.0,3.4,0.37,0.62,3.0,3.0,1
665,5.0,6.0,45.0,3.6,-0.12,0.18,2.0,5.0,1
668,4.0,3.0,37.0,2.7,-0.39,-0.83,5.0,4.0,1
672,6.0,4.0,32.3,3.3,0.27,-0.48,3.0,3.0,1
676,10.0,9.0,43.0,3.0,1.4,1.2,4.0,4.0,1
679,2.0,2.0,31.0,3.2,-0.82,-1.07,4.0,3.0,1
682,3.0,3.0,45.0,3.6,-0.79,-0.71,3.0,6.0,0
683,2.0,2.0,32.0,3.8,-0.86,-0.85,5.0,6.0,1
684,5.0,5.0,41.0,3.2,-0.18,-0.18,4.0,5.0,1
687,9.0,8.0,32.0,3.0,0.94,0.85,4.0,3.0,1
691,2.0,2.0,35.0,2.6,-0.8,-1.09,3.0,3.0,1
693,9.0,10.0,33.0,2.9,1.21,1.32,4.0,4.0,1
695,5.0,6.0,39.0,3.6,-0.07,0.15,3.0,6.0,1
697,2.0,4.0,31.0,3.0,-0.93,-0.43,3.0,3.0,1
698,2.0,6.0,32.0,3.4,-0.73,0.15,4.0,2.0,1
699,1.0,3.0,31.0,3.0,-1.8,-0.85,4.0,3.0,1
700,3.0,3.0,32.0,2.4,-0.53,-0.7,1.0,4.0,0
701,2.0,2.0,31.5,3.6,-1.0,-1.17,4.0,4.0,1
703,6.0,3.0,44.0,3.9,0.09,-0.56,3.0,6.0,1
704,4.0,3.0,34.0,3.2,-0.2,-0.88,5.0,3.0,1
710,6.0,3.0,37.0,3.1,0.06,-0.57,3.0,5.0,1
711,7.0,8.0,30.0,3.1,0.54,0.69,4.0,2.0,1
712,10.0,10.0,33.0,3.4,1.55,1.48,3.0,3.0,1
713,7.0,7.0,35.0,3.6,0.54,0.51,3.0,4.0,1
716,10.0,9.0,32.0,3.9,1.31,1.21,4.0,3.0,1
719,9.0,7.0,35.0,3.1,0.89,0.48,2.0,5.0,1
720,1.0,1.0,29.0,2.8,-1.32,-2.31,2.0,4.0,0
725,6.0,6.0,41.0,3.7,0.25,0.17,4.0,4.0,0
726,6.0,7.0,36.0,3.3,0.14,0.53,3.0,3.0,1
727,6.0,7.0,46.0,3.7,0.2,0.5,2.0,5.0,1
729,5.0,7.0,22.0,3.7,0.12,0.28,2.0,1.0,1
731,8.0,9.0,35.0,3.8,0.65,1.27,4.0,3.0,1
732,3.0,2.0,35.0,2.9,-0.53,-1.11,4.0,3.0,1
733,4.0,5.0,38.0,2.9,-0.19,-0.07,3.0,3.0,1
738,1.0,1.0,35.0,2.7,-1.57,-1.58,4.0,5.0,1
739,4.0,4.0,48.0,2.4,-0.45,-0.44,3.0,5.0,1
742,4.0,3.0,35.0,3.4,-0.2,-0.7,5.0,4.0,1
745,5.0,5.0,42.0,3.5,-0.11,-0.1,1.0,4.0,1
747,10.0,10.0,45.0,2.8,1.42,1.56,1.0,3.0,1
750,2.0,2.0,40.0,3.2,-0.78,-1.25,4.0,4.0,1
751,9.0,10.0,42.0,3.9,1.28,2.22,4.0,3.0,1
752,4.0,6.0,44.0,3.2,-0.28,0.25,4.0,5.0,1
753,10.0,10.0,48.0,3.2,2.06,1.8,3.0,3.0,1
754,2.0,2.0,34.0,3.3,-0.82,-1.03,2.0,4.0,1
756,3.0,5.0,36.0,3.8,-0.43,-0.17,3.0,4.0,1
759,6.0,3.0,41.0,3.0,0.13,-0.66,4.0,5.0,1
767,9.0,9.0,38.0,3.4,1.13,0.93,3.0,3.0,1
768,5.0,1.0,36.0,3.7,-0.17,-1.5,3.0,2.0,0
769,7.0,5.0,39.0,4.0,0.45,-0.11,4.0,4.0,1
771,7.0,7.0,36.0,3.5,0.36,0.52,2.0,4.0,1
774,4.0,5.0,35.0,2.9,-0.24,-0.11,3.0,3.0,1
775,2.0,1.0,33.0,3.1,-0.81,-1.55,3.0,4.0,0
776,5.0,4.0,24.0,3.6,0.01,-0.29,3.0,4.0,1
777,5.0,4.0,39.0,3.4,-0.05,-0.35,4.0,3.0,0
778,7.0,8.0,37.0,3.1,0.43,0.85,3.0,5.0,1
781,3.0,4.0,37.0,3.1,-0.5,-0.51,4.0,3.0,1
784,1.0,5.0,34.0,3.3,-1.56,-0.02,3.0,5.0,1
786,7.0,8.0,28.0,3.2,0.51,0.6,4.0,3.0,1
790,5.0,5.0,42.0,3.9,-0.18,-0.08,4.0,5.0,1
791,3.0,4.0,37.0,3.7,-0.63,-0.43,3.0,4.0,1
792,2.0,4.0,44.0,3.9,-1.04,-0.26,4.0,5.0,1
794,1.0,3.0,35.5,3.2,-1.52,-0.78,2.0,3.0,1
795,7.0,6.0,39.0,3.0,0.4,0.13,4.0,4.0,1
796,10.0,10.0,44.0,3.7,2.12,2.43,4.0,3.0,1
797,3.0,3.0,40.0,3.0,-0.6,-0.63,3.0,4.0,1
799,7.0,6.0,36.0,3.0,0.57,0.13,4.0,4.0,1
800,9.0,10.0,41.0,3.9,1.01,1.36,2.0,3.0,1
806,10.0,10.0,38.0,3.5,1.61,1.68,3.0,3.0,1
807,10.0,10.0,37.0,2.7,1.89,1.91,3.0,3.0,1
808,2.0,3.0,33.0,3.2,-0.93,-0.62,5.0,4.0,1
810,9.0,9.0,36.0,3.1,1.27,1.04,3.0,4.0,1
811,2.0,3.0,45.0,3.8,-0.85,-0.67,5.0,6.0,1
812,2.0,2.0,28.0,2.9,-1.09,-0.96,3.0,3.0,0
814,10.0,10.0,41.0,3.6,1.5,1.88,3.0,2.0,1
816,3.0,2.0,36.0,2.9,-0.44,-1.05,4.0,3.0,1
817,1.0,2.0,31.0,3.0,-1.66,-0.95,3.0,5.0,0
823,9.0,10.0,33.0,2.9,1.21,2.3,4.0,2.0,1
825,6.0,8.0,37.0,2.8,0.23,0.63,3.0,3.0,1
828,8.0,7.0,38.0,4.0,0.65,0.27,2.0,3.0,1
829,1.0,1.0,37.0,3.8,-1.23,-1.67,3.0,5.0,1
831,4.0,4.0,40.0,3.7,-0.43,-0.29,3.0,5.0,1
837,2.0,2.0,39.0,2.9,-0.98,-0.96,3.0,6.0,1
838,1.0,1.0,32.0,3.1,-1.65,-1.61,2.0,3.0,1
842,3.0,5.0,30.3,2.5,-0.43,-0.06,4.0,1.0,1
843,4.0,1.0,35.0,3.6,-0.32,-1.44,4.0,3.0,0
844,10.0,10.0,42.0,3.9,1.47,1.47,3.0,4.0,1
845,6.0,6.0,37.5,2.9,0.18,0.06,5.0,3.0,1
848,4.0,4.0,35.5,3.3,-0.28,-0.42,3.0,3.0,1
850,8.0,9.0,38.0,3.6,0.63,0.92,3.0,4.0,1
854,5.0,6.0,43.0,3.4,0.08,0.14,3.0,4.0,1
864,8.0,9.0,33.0,3.8,0.7,1.22,3.0,3.0,1
865,6.0,7.0,41.0,3.3,0.06,0.32,4.0,5.0,1
866,8.0,8.0,47.0,3.7,0.81,0.56,4.0,5.0,1
869,5.0,3.0,42.0,2.6,-0.08,-0.66,4.0,3.0,1
872,6.0,7.0,32.0,2.3,0.18,0.27,4.0,3.0,1
874,8.0,9.0,43.0,2.6,0.64,0.89,4.0,5.0,1
875,10.0,10.0,44.0,3.7,2.05,2.44,4.0,3.0,1
876,8.0,5.0,35.0,3.2,0.57,-0.08,4.0,5.0,1
877,5.0,2.0,40.0,3.2,-0.06,-1.09,3.0,2.0,1
880,7.0,7.0,37.7,3.5,0.46,0.51,3.0,4.0,1
881,7.0,7.0,29.0,2.9,0.32,0.4,3.0,3.0,1
882,6.0,4.0,43.0,3.5,0.23,-0.44,4.0,5.0,1
886,10.0,10.0,46.0,3.9,1.84,2.39,4.0,6.0,1
887,6.0,2.0,30.5,2.8,0.11,-0.91,5.0,2.0,1
888,10.0,10.0,41.0,3.9,2.26,2.19,3.0,5.0,1
891,7.0,10.0,32.0,3.0,0.56,1.89,3.0,3.0,1
895,8.0,8.0,42.0,2.9,0.77,0.69,3.0,3.0,1
896,6.0,6.0,31.0,3.5,0.05,0.18,3.0,5.0,1
904,8.0,7.0,30.5,3.7,0.64,0.27,3.0,3.0,1
905,7.0,8.0,36.0,2.9,0.46,0.59,3.0,3.0,1
906,1.0,4.0,36.0,3.2,-1.56,-0.29,3.0,3.0,1
907,9.0,8.0,37.0,3.8,0.94,0.68,4.0,2.0,1
908,7.0,7.0,38.0,2.8,0.48,0.48,3.0,2.0,1
914,9.0,9.0,44.0,3.3,1.02,0.92,4.0,4.0,1
916,4.0,7.0,35.0,3.5,-0.22,0.41,3.0,3.0,0
917,1.0,2.0,45.0,3.4,-1.25,-1.21,2.0,5.0,1
918,9.0,10.0,43.5,3.5,1.19,1.31,5.0,5.0,1
922,10.0,10.0,46.0,4.0,1.53,1.3,4.0,4.0,1
923,10.0,10.0,38.0,2.5,1.7,1.43,4.0,3.0,1
924,5.0,4.0,38.0,3.5,0.05,-0.35,3.0,4.0,1
927,1.0,1.0,33.5,3.2,-1.4,-1.79,3.0,4.0,1
930,6.0,7.0,39.0,3.7,0.15,0.48,3.0,6.0,1
931,4.0,5.0,42.0,3.8,-0.41,0.0,3.0,6.0,1
932,6.0,7.0,37.0,3.5,0.24,0.52,4.0,3.0,1
934,5.0,3.0,33.0,2.5,-0.14,-0.57,3.0,4.0,1
942,8.0,7.0,40.0,3.1,0.84,0.27,4.0,3.0,1
944,6.0,6.0,42.0,3.7,0.32,0.03,4.0,6.0,1
945,9.0,9.0,43.0,3.3,0.87,0.92,4.0,5.0,1
950,2.0,5.0,38.0,2.7,-0.98,-0.23,5.0,3.0,1
952,1.0,1.0,30.0,3.2,-1.13,-1.27,3.0,2.0,0
953,7.0,7.0,35.0,3.8,0.5,0.42,4.0,4.0,1
954,6.0,8.0,42.0,3.7,0.3,0.85,3.0,4.0,1
955,1.0,1.0,35.0,2.9,-2.12,-2.44,5.0,6.0,0
958,8.0,8.0,30.0,3.1,0.75,0.8,5.0,3.0,1
959,1.0,2.0,29.0,2.8,-1.65,-1.21,3.0,4.0,0
960,5.0,5.0,29.0,2.7,-0.04,-0.05,4.0,1.0,1
964,2.0,2.0,38.0,3.4,-0.88,-1.22,3.0,4.0,1
965,7.0,8.0,37.0,3.3,0.55,0.57,4.0,6.0,1
966,6.0,7.0,36.0,3.4,0.3,0.44,3.0,4.0,1
969,7.0,6.0,43.0,3.2,0.49,0.16,4.0,4.0,1
972,9.0,9.0,23.5,2.5,1.21,1.0,5.0,1.0,1
973,4.0,2.0,35.0,3.3,-0.32,-1.17,2.0,3.0,1
979,4.0,6.0,32.0,2.9,-0.41,-0.03,4.0,2.0,0
981,5.0,4.0,35.0,3.0,-0.09,-0.51,4.0,3.0,0
982,7.0,5.0,34.0,3.4,0.61,-0.09,2.0,4.0,1
985,4.0,5.0,42.0,2.9,-0.36,0.01,4.0,5.0,1
986,6.0,5.0,27.0,2.9,0.29,-0.22,4.0,3.0,1
987,3.0,1.0,17.5,3.0,-0.58,-1.38,2.0,1.0,0
988,10.0,9.0,33.0,3.1,1.39,1.22,4.0,3.0,1
989,6.0,5.0,34.5,3.3,0.2,-0.06,3.0,3.0,1
990,3.0,7.0,34.0,3.0,-0.55,0.43,4.0,2.0,1
999,10.0,10.0,34.0,3.1,1.52,1.96,2.0,1.0,1
1000,10.0,9.0,46.0,3.1,2.03,0.98,3.0,6.0,1
1003,1.0,1.0,29.0,3.8,-1.2,-1.5,3.0,3.0,1
1004,4.0,2.0,39.0,3.0,-0.39,-1.25,4.0,4.0,0
1007,9.0,9.0,39.0,3.1,0.97,1.03,3.0,3.0,1
1010,9.0,9.0,39.0,3.2,1.19,1.03,4.0,3.0,1
1011,7.0,5.0,38.0,3.3,0.37,-0.03,3.0,5.0,1
1012,3.0,3.0,34.0,2.8,-0.67,-0.69,3.0,5.0,1
1013,8.0,6.0,47.0,2.9,0.71,0.02,4.0,5.0,1
1016,6.0,5.0,25.0,2.8,0.16,-0.22,1.0,1.0,1
1017,6.0,6.0,36.0,3.4,0.2,0.11,4.0,3.0,1
1020,5.0,4.0,27.5,2.7,0.0,-0.39,4.0,3.0,0
1021,10.0,10.0,35.0,2.9,2.18,2.07,4.0,3.0,1
1023,3.0,3.0,38.0,3.4,-0.53,-0.67,3.0,4.0,1
1024,3.0,6.0,39.0,2.6,-0.59,0.25,3.0,3.0,1
1026,5.0,3.0,34.0,3.1,-0.1,-0.64,2.0,4.0,1
1027,5.0,3.0,30.0,3.3,-0.04,-0.76,4.0,3.0,1
1032,3.0,4.0,37.0,2.9,-0.51,-0.41,4.0,3.0,1
1033,3.0,5.0,42.0,3.6,-0.54,-0.09,5.0,5.0,1
1034,10.0,9.0,38.0,3.5,1.32,0.98,3.0,3.0,1
1036,5.0,4.0,30.0,3.6,0.03,-0.49,3.0,5.0,1
1038,6.0,4.0,30.0,3.4,0.14,-0.32,2.0,4.0,1
1041,3.0,2.0,36.0,3.0,-0.71,-1.12,3.0,4.0,1
1043,10.0,10.0,43.0,3.7,2.5,2.38,3.0,4.0,1
1046,9.0,9.0,35.0,3.4,0.9,1.09,2.0,5.0,1
1048,3.0,2.0,44.0,3.1,-0.69,-1.21,4.0,3.0,1
1049,6.0,6.0,36.0,3.3,0.06,0.02,2.0,3.0,1
1054,1.0,1.0,25.0,2.6,-1.64,-2.53,2.0,5.0,0
1055,2.0,4.0,32.0,3.8,-0.8,-0.52,3.0,3.0,0
1057,7.0,7.0,33.0,3.0,0.41,0.3,5.0,2.0,1
1061,7.0,7.0,41.0,2.4,0.32,0.34,4.0,3.0,1
1062,9.0,9.0,36.0,3.3,1.28,0.88,3.0,3.0,1
1063,6.0,5.0,39.0,2.6,0.22,-0.06,4.0,4.0,1
1067,4.0,3.0,39.0,2.7,-0.22,-0.6,3.0,5.0,1
1069,5.0,3.0,32.0,2.5,-0.19,-0.59,3.0,5.0,1
1071,6.0,9.0,45.0,3.5,0.15,0.95,2.0,3.0,0
1072,9.0,9.0,48.0,3.6,1.33,1.05,4.0,6.0,1
1073,6.0,5.0,32.5,3.5,0.28,-0.2,4.0,3.0,1
1077,9.0,10.0,36.0,3.0,1.25,1.33,4.0,3.0,1
1079,9.0,9.0,31.0,3.6,1.27,1.05,4.0,3.0,1
1080,9.0,1.0,36.5,3.6,1.11,-1.31,3.0,6.0,1
1082,3.0,4.0,42.0,3.9,-0.63,-0.26,4.0,6.0,1
1083,7.0,6.0,37.0,3.7,0.41,0.1,3.0,5.0,1
1088,6.0,6.0,38.0,3.0,0.12,0.07,3.0,4.0,1
1089,9.0,9.0,41.0,3.0,1.22,1.03,4.0,3.0,1
1091,3.0,3.0,41.0,3.1,-0.65,-0.71,5.0,4.0,1
1093,1.0,1.0,27.0,2.9,-1.94,-2.22,5.0,3.0,0
1094,5.0,5.0,27.0,3.3,-0.11,-0.15,4.0,3.0,1
1095,4.0,6.0,46.0,3.7,-0.25,0.21,4.0,5.0,1
1096,7.0,8.0,39.0,3.3,0.55,0.61,4.0,3.0,1
1098,4.0,2.0,38.0,3.0,-0.18,-1.07,3.0,3.0,0
1099,10.0,9.0,37.0,3.4,1.8,1.24,3.0,3.0,1
1100,10.0,7.0,40.0,3.7,1.44,0.43,4.0,4.0,1
1102,2.0,2.0,32.0,3.2,-0.91,-1.16,3.0,3.0,1
1105,7.0,6.0,32.0,3.0,0.46,0.09,2.0,1.0,1
1110,6.0,8.0,42.0,3.4,0.17,0.72,4.0,4.0,1
1113,2.0,4.0,36.0,3.6,-0.89,-0.29,2.0,3.0,1
1114,4.0,3.0,35.0,2.8,-0.35,-0.78,3.0,3.0,1
1116,6.0,6.0,48.0,4.0,0.25,0.08,3.0,5.0,1
1117,4.0,5.0,33.0,3.1,-0.3,-0.29,4.0,2.0,1
1119,7.0,7.0,29.7,2.5,0.41,0.36,4.0,3.0,1
1120,5.0,5.0,39.0,3.5,0.02,-0.1,4.0,3.0,1
1121,3.0,5.0,39.0,3.3,-0.59,-0.08,4.0,6.0,1
1122,6.0,3.0,40.0,3.5,0.14,-0.79,4.0,5.0,1
1126,2.0,1.0,21.0,2.9,-0.84,-1.51,3.0,1.0,0
1127,5.0,2.0,27.5,3.1,-0.15,-0.98,5.0,3.0,0
1128,2.0,3.0,35.0,3.3,-1.06,-0.77,3.0,3.0,0
1129,3.0,3.0,30.5,3.1,-0.64,-0.63,3.0,3.0,1
1130,1.0,1.0,32.0,2.6,-1.2,-1.5,4.0,4.0,1
1134,1.0,2.0,33.0,3.1,-1.42,-1.03,3.0,3.0,0
1135,8.0,9.0,38.0,3.1,0.84,0.94,5.0,3.0,1
1137,7.0,9.0,33.0,3.3,0.5,1.07,3.0,3.0,1
1139,5.0,7.0,39.5,3.2,0.05,0.3,3.0,3.0,1
1140,6.0,6.0,39.0,3.3,0.3,0.09,4.0,4.0,1
1145,2.0,2.0,34.0,2.8,-0.86,-0.89,4.0,3.0,1
1146,4.0,4.0,39.0,3.6,-0.4,-0.46,2.0,4.0,1
1147,8.0,7.0,29.0,3.3,0.8,0.46,4.0,4.0,1
1148,8.0,8.0,39.0,3.9,0.74,0.59,3.0,5.0,1
1152,7.0,8.0,38.0,3.0,0.48,0.65,4.0,3.0,0
1154,6.0,4.0,44.0,2.6,0.26,-0.37,3.0,3.0,1
1156,3.0,5.0,35.0,3.3,-0.43,-0.18,3.0,3.0,1
1157,5.0,6.0,44.0,3.8,0.06,0.18,4.0,6.0,1
1158,1.0,1.0,28.5,3.4,-2.87,-2.52,2.0,5.0,0
1159,4.0,2.0,28.0,2.7,-0.43,-1.06,2.0,5.0,0
1161,3.0,4.0,36.0,2.8,-0.69,-0.48,5.0,5.0,1
1163,10.0,10.0,41.0,3.6,2.34,2.57,4.0,3.0,1
1165,2.0,2.0,29.5,3.2,-0.73,-1.11,3.0,3.0,1
1168,6.0,8.0,39.0,3.2,0.25,0.58,4.0,3.0,1
1174,4.0,4.0,31.0,3.0,-0.34,-0.36,3.0,3.0,1
1175,3.0,6.0,31.0,3.2,-0.63,0.06,3.0,3.0,1
1178,10.0,10.0,40.0,2.9,1.71,1.7,4.0,3.0,1
1182,2.0,1.0,42.0,3.4,-1.13,-1.74,3.0,4.0,1
1183,8.0,9.0,34.0,3.7,0.79,0.98,2.0,3.0,1
1186,7.0,7.0,31.0,2.7,0.48,0.27,2.0,5.0,1
1188,7.0,7.0,31.0,2.6,0.54,0.3,4.0,4.0,1
1189,3.0,4.0,32.0,3.1,-0.55,-0.44,3.0,3.0,1
1192,7.0,6.0,27.0,3.0,0.44,0.25,4.0,1.0,1
1193,5.0,7.0,42.0,3.2,0.06,0.32,3.0,4.0,1
1195,1.0,1.0,28.0,2.9,-1.25,-1.65,3.0,3.0,0
1197,9.0,4.0,43.0,3.4,1.2,-0.23,3.0,6.0,1
1198,4.0,4.0,46.0,3.5,-0.45,-0.37,5.0,5.0,1
1199,8.0,8.0,45.0,3.2,0.85,0.79,3.0,6.0,1
1200,3.0,6.0,41.0,3.0,-0.46,0.14,4.0,4.0,1
1201,7.0,7.0,40.0,2.3,0.48,0.39,1.0,3.0,1
1204,5.0,7.0,38.0,2.7,-0.03,0.3,5.0,3.0,1
1205,2.0,1.0,35.0,2.8,-0.96,-1.4,2.0,5.0,1
1206,1.0,1.0,36.0,3.0,-1.61,-1.69,1.0,4.0,1
1207,1.0,2.0,37.0,3.3,-1.7,-1.18,5.0,4.0,0
1211,4.0,4.0,44.0,3.5,-0.24,-0.34,3.0,4.0,1
1212,3.0,4.0,39.0,3.6,-0.58,-0.47,5.0,6.0,1
1217,8.0,8.0,40.0,3.6,0.83,0.82,3.0,4.0,1
1219,6.0,9.0,42.0,3.5,0.24,1.29,4.0,3.0,1
1220,6.0,5.0,36.0,3.6,0.14,-0.21,4.0,4.0,1
1221,1.0,2.0,34.5,3.6,-1.26,-0.91,3.0,4.0,1
1223,8.0,5.0,47.0,3.0,0.78,0.0,4.0,5.0,1
1224,3.0,2.0,29.0,3.0,-0.57,-1.02,2.0,3.0,0
1226,10.0,10.0,44.0,4.0,2.85,2.73,4.0,5.0,1
1227,5.0,5.0,40.0,3.7,-0.07,-0.14,4.0,6.0,1
1228,1.0,2.0,37.0,3.2,-1.21,-1.22,4.0,4.0,1
1229,9.0,9.0,35.0,3.0,0.88,1.27,2.0,3.0,1
1231,6.0,6.0,33.0,3.0,0.06,0.1,3.0,2.0,1
1234,9.0,7.0,32.0,3.4,1.16,0.54,3.0,3.0,1
1235,3.0,5.0,39.0,3.4,-0.52,-0.21,4.0,4.0,1
1238,8.0,8.0,42.0,3.6,0.7,0.67,4.0,3.0,1
1242,4.0,4.0,40.0,3.3,-0.33,-0.26,4.0,5.0,1
1247,4.0,4.0,43.0,3.7,-0.26,-0.4,4.0,5.0,0
1248,3.0,2.0,34.0,3.1,-0.81,-1.02,4.0,6.0,1
1258,3.0,2.0,33.0,2.9,-0.54,-0.98,4.0,2.0,1
1259,6.0,9.0,38.0,3.7,0.24,0.89,4.0,2.0,1
1260,5.0,4.0,29.0,3.0,-0.11,-0.41,4.0,4.0,1
1261,3.0,1.0,18.0,3.2,-0.58,-1.38,3.0,1.0,0
1264,1.0,1.0,38.0,2.1,-1.81,-1.82,4.0,5.0,0
1266,5.0,3.0,33.0,2.9,-0.02,-0.58,3.0,5.0,1
1267,3.0,3.0,37.0,2.7,-0.49,-0.78,4.0,3.0,1
1268,6.0,7.0,33.0,3.6,0.25,0.5,2.0,3.0,0
1273,2.0,2.0,40.0,2.5,-0.94,-1.04,3.0,2.0,0
1276,7.0,4.0,29.0,3.4,0.51,-0.3,3.0,3.0,0
1277,8.0,9.0,39.0,3.0,0.68,0.95,3.0,3.0,1
1278,5.0,6.0,37.0,2.9,-0.14,0.1,4.0,3.0,1
1279,9.0,10.0,41.0,3.4,0.98,1.48,3.0,4.0,1
1280,10.0,9.0,35.5,2.8,1.78,1.3,4.0,3.0,1
1281,1.0,1.0,33.0,3.2,-1.61,-1.65,4.0,3.0,1
1283,5.0,5.0,38.0,3.5,0.09,-0.09,3.0,4.0,1
1286,3.0,5.0,34.0,3.7,-0.63,-0.22,2.0,3.0,1
1289,5.0,6.0,40.0,3.1,0.07,0.08,4.0,4.0,1
1290,1.0,1.0,26.0,2.8,-1.61,-1.99,4.0,3.0,0
1291,8.0,4.0,35.0,3.4,0.72,-0.48,4.0,4.0,0
1295,9.0,9.0,39.0,3.3,1.03,1.05,2.0,4.0,1
1296,4.0,3.0,37.0,2.9,-0.31,-0.74,2.0,3.0,1
1300,4.0,4.0,42.0,3.6,-0.21,-0.49,4.0,6.0,1
1301,6.0,4.0,34.5,3.2,0.22,-0.49,3.0,2.0,1
1306,2.0,1.0,38.0,3.3,-0.87,-1.73,3.0,6.0,1
1309,7.0,7.0,38.0,3.1,0.51,0.51,3.0,3.0,1
1310,6.0,6.0,44.0,3.3,0.17,0.22,3.0,3.0,1
1311,1.0,3.0,28.0,3.1,-2.17,-0.77,2.0,4.0,0
1313,10.0,3.0,27.0,2.6,1.63,-0.82,3.0,3.0,1
1315,8.0,9.0,48.0,3.6,0.78,0.84,4.0,6.0,1
1317,9.0,9.0,43.0,3.3,0.87,0.96,4.0,5.0,1
1319,5.0,4.0,34.5,3.3,-0.03,-0.34,3.0,4.0,1
1321,2.0,5.0,34.0,3.2,-1.05,-0.25,3.0,3.0,1
1322,5.0,4.0,31.0,3.4,-0.18,-0.53,3.0,2.0,1
1325,6.0,6.0,30.0,3.2,0.24,0.23,4.0,3.0,1
1326,8.0,8.0,37.0,3.8,0.77,0.71,3.0,3.0,1
1328,1.0,2.0,24.0,3.3,-1.39,-1.01,2.0,2.0,1
1329,1.0,1.0,23.5,2.6,-1.16,-1.59,3.0,3.0,1
1330,9.0,9.0,41.0,3.5,1.0,1.09,4.0,5.0,1
1331,7.0,6.0,39.5,2.6,0.44,0.02,4.0,4.0,1
1332,7.0,5.0,35.0,2.3,0.44,-0.15,4.0,2.0,1
1333,9.0,7.0,43.0,2.8,1.11,0.39,5.0,4.0,1
1335,6.0,7.0,38.0,4.0,0.1,0.4,4.0,4.0,1
1336,8.0,10.0,40.0,3.5,0.69,1.47,4.0,3.0,1
1337,1.0,2.0,41.0,2.9,-1.26,-1.07,4.0,6.0,0
1339,1.0,1.0,40.0,3.7,-1.96,-1.43,4.0,5.0,1
1340,7.0,7.0,34.0,3.1,0.46,0.5,4.0,4.0,1
1342,8.0,8.0,39.0,3.4,0.88,0.74,3.0,4.0,1
1344,2.0,2.0,36.0,2.9,-1.04,-1.22,3.0,3.0,1
1345,2.0,1.0,34.0,2.8,-0.89,-1.29,3.0,2.0,1
1346,8.0,6.0,30.0,4.0,0.71,0.25,2.0,3.0,1
1348,5.0,8.0,36.0,3.2,-0.13,0.66,4.0,2.0,1
1349,10.0,10.0,36.0,3.0,1.37,1.36,4.0,5.0,1
1350,5.0,6.0,39.0,3.2,0.01,0.04,3.0,3.0,1
1353,1.0,1.0,32.7,2.8,-2.5,-1.53,4.0,4.0,1
1354,9.0,9.0,28.5,3.6,1.04,1.07,2.0,3.0,1
1356,3.0,3.0,44.0,3.7,-0.66,-0.53,4.0,5.0,1
1357,7.0,8.0,29.0,2.5,0.32,0.61,4.0,2.0,1
1358,9.0,8.0,33.0,3.2,1.1,0.76,4.0,3.0,1
1359,9.0,10.0,36.0,3.4,1.34,1.76,4.0,6.0,1
1360,9.0,9.0,36.0,4.0,0.99,0.88,4.0,4.0,1
1361,3.0,2.0,31.0,3.4,-0.54,-1.03,4.0,3.0,1
1368,7.0,7.0,37.0,2.8,0.34,0.39,3.0,3.0,1
1369,6.0,7.0,37.0,3.3,0.32,0.53,3.0,4.0,1
1370,8.0,8.0,35.0,2.8,0.71,0.75,4.0,1.0,1
1373,2.0,4.0,33.5,4.0,-0.76,-0.31,3.0,4.0,1
1374,4.0,4.0,36.0,3.3,-0.38,-0.41,4.0,5.0,1
1383,4.0,5.0,43.0,3.6,-0.28,-0.07,4.0,4.0,1
1384,7.0,7.0,33.0,3.0,0.47,0.28,4.0,3.0,1
1385,9.0,8.0,40.0,3.6,0.99,0.87,4.0,4.0,1
1386,9.0,6.0,42.0,3.5,1.0,0.03,4.0,5.0,1
1387,8.0,8.0,32.0,3.8,0.61,0.73,4.0,5.0,1
1388,8.0,7.0,47.0,3.8,0.9,0.54,3.0,6.0,1
1389,4.0,2.0,36.0,3.1,-0.34,-1.06,5.0,5.0,1
1392,7.0,7.0,42.0,3.7,0.61,0.28,2.0,6.0,1
1395,10.0,10.0,47.0,3.5,1.87,1.68,3.0,5.0,1
1396,5.0,7.0,34.5,3.6,-0.03,0.33,4.0,4.0,1
1397,7.0,7.0,45.0,3.2,0.43,0.47,4.0,4.0,1
1398,7.0,6.0,36.0,3.0,0.33,0.03,3.0,3.0,1
1400,1.0,1.0,30.5,2.9,-1.1,-2.25,4.0,2.0,1
1401,2.0,5.0,46.0,3.3,-0.76,-0.17,4.0,5.0,1
1404,8.0,8.0,47.0,3.6,0.6,0.83,5.0,5.0,1
1405,9.0,7.0,37.0,2.9,1.02,0.43,3.0,5.0,1
1409,4.0,5.0,30.0,2.9,-0.34,-0.22,4.0,3.0,1
1415,7.0,8.0,38.0,3.6,0.5,0.58,3.0,5.0,1
1417,5.0,3.0,34.0,3.8,-0.16,-0.7,3.0,5.0,0
1418,1.0,1.0,31.0,2.9,-2.79,-2.54,2.0,4.0,0
1420,5.0,3.0,46.0,3.4,-0.03,-0.69,3.0,4.0,1
1421,7.0,6.0,35.0,3.2,0.46,0.07,4.0,3.0,1
1422,7.0,8.0,36.0,3.2,0.51,0.66,2.0,3.0,1
1423,10.0,10.0,32.5,3.4,1.81,2.09,4.0,2.0,1
1424,6.0,5.0,36.0,2.5,0.07,-0.04,4.0,3.0,1
1427,6.0,7.0,40.0,3.0,0.3,0.41,4.0,4.0,1
1430,2.0,2.0,39.0,3.0,-0.76,-1.18,5.0,4.0,1
1442,1.0,1.0,35.0,3.0,-1.28,-1.63,1.0,5.0,1
1444,10.0,9.0,38.0,3.5,1.4,1.05,4.0,3.0,1
1445,4.0,5.0,39.5,3.6,-0.38,-0.15,4.0,6.0,1
1447,10.0,9.0,41.0,4.0,1.45,1.26,4.0,3.0,1
1451,8.0,9.0,39.0,2.9,0.89,1.24,3.0,4.0,1
1452,3.0,3.0,43.0,3.5,-0.6,-0.57,4.0,6.0,1
1454,4.0,5.0,37.0,3.3,-0.21,-0.18,4.0,4.0,1
1456,5.0,4.0,33.0,3.4,-0.05,-0.53,3.0,2.0,1
1457,10.0,9.0,35.0,3.0,1.73,1.22,3.0,5.0,1
1458,7.0,7.0,28.5,2.9,0.41,0.35,3.0,2.0,1
1459,7.0,6.0,36.0,3.1,0.5,0.16,2.0,3.0,1
1460,10.0,10.0,33.0,3.3,2.15,2.08,4.0,5.0,1
1461,6.0,5.0,37.0,2.9,0.15,-0.2,3.0,3.0,0
1462,9.0,10.0,40.0,3.4,1.11,1.37,2.0,4.0,1
1464,2.0,3.0,30.0,3.4,-0.98,-0.67,3.0,3.0,0
1471,3.0,2.0,37.0,2.9,-0.7,-1.26,3.0,3.0,1
1472,4.0,6.0,35.0,3.1,-0.4,0.1,4.0,5.0,0
1476,1.0,1.0,19.5,3.1,-1.54,-2.84,2.0,3.0,0
1477,8.0,2.0,35.0,2.9,0.73,-1.07,4.0,3.0,1
1479,6.0,5.0,36.0,3.2,0.25,-0.19,4.0,5.0,1
1482,5.0,4.0,18.0,3.0,-0.04,-0.56,3.0,1.0,0
1485,2.0,3.0,35.0,2.9,-0.8,-0.82,4.0,3.0,0
1486,3.0,3.0,35.0,3.2,-0.66,-0.75,2.0,6.0,1
1489,5.0,6.0,46.0,3.6,-0.14,0.14,5.0,6.0,1
1492,10.0,10.0,38.0,3.9,2.41,2.25,4.0,4.0,1
1497,8.0,9.0,43.0,3.8,0.78,0.91,4.0,6.0,1
1499,3.0,5.0,36.0,2.7,-0.68,-0.28,3.0,3.0,1
1501,1.0,1.0,31.0,2.8,-2.17,-2.41,2.0,4.0,1
1503,1.0,2.0,28.0,3.6,-1.36,-0.89,4.0,6.0,0
1505,7.0,6.0,39.5,3.2,0.5,0.08,4.0,4.0,1
1513,2.0,1.0,33.0,2.7,-1.1,-1.58,5.0,6.0,1
1514,5.0,4.0,37.0,3.4,-0.02,-0.32,4.0,5.0,1
1516,1.0,1.0,39.0,2.8,-1.12,-1.6,3.0,3.0,1
1518,2.0,1.0,39.5,1.7,-0.94,-1.42,4.0,3.0,0
1519,6.0,5.0,32.5,3.0,0.23,-0.24,4.0,2.0,1
1520,2.0,3.0,35.0,3.8,-1.03,-0.58,4.0,4.0,1
1522,6.0,6.0,39.0,3.7,0.09,0.09,3.0,6.0,1
1523,9.0,7.0,40.0,2.9,1.14,0.49,4.0,3.0,1
1524,2.0,4.0,37.0,3.5,-0.82,-0.52,3.0,4.0,1
1526,5.0,7.0,34.0,3.0,-0.05,0.28,4.0,3.0,1
1527,3.0,4.0,30.0,3.7,-0.64,-0.51,3.0,5.0,0
1528,5.0,7.0,33.0,3.6,0.0,0.55,4.0,4.0,1
1530,6.0,4.0,30.0,3.8,0.22,-0.47,4.0,2.0,1
1531,4.0,4.0,40.0,3.5,-0.22,-0.37,3.0,4.0,1
1533,2.0,2.0,34.5,3.1,-0.8,-1.2,4.0,5.0,1
1539,3.0,2.0,27.5,3.0,-0.52,-1.07,3.0,3.0,1
1542,5.0,6.0,33.0,4.0,-0.01,0.22,2.0,4.0,1
1543,5.0,5.0,34.0,2.4,-0.1,-0.21,4.0,2.0,1
1545,6.0,8.0,38.0,3.7,0.29,0.58,4.0,3.0,1
1546,4.0,6.0,45.0,3.6,-0.25,0.04,4.0,5.0,1
1548,2.0,1.0,40.5,3.6,-1.12,-1.4,4.0,5.0,1
1549,7.0,7.0,40.0,2.6,0.39,0.38,4.0,3.0,1
1550,8.0,7.0,36.0,3.6,0.69,0.36,5.0,4.0,1
1553,3.0,4.0,27.0,3.2,-0.7,-0.37,4.0,2.0,1
1559,1.0,1.0,24.7,2.6,-1.54,-1.43,3.0,2.0,0
1563,4.0,3.0,41.0,4.0,-0.32,-0.8,4.0,5.0,1
1564,7.0,8.0,39.0,3.5,0.39,0.61,4.0,3.0,1
1565,1.0,1.0,28.0,2.9,-1.4,-1.73,4.0,3.0,0
1566,7.0,6.0,39.0,2.4,0.51,0.24,5.0,3.0,1
1568,10.0,10.0,37.0,2.5,1.39,1.3,4.0,4.0,1
1569,2.0,2.0,43.0,3.6,-0.87,-1.04,4.0,4.0,1
1570,6.0,8.0,37.0,3.2,0.18,0.82,4.0,4.0,1
1575,1.0,1.0,36.0,3.0,-2.14,-2.28,2.0,5.0,1
1577,7.0,8.0,40.0,3.1,0.58,0.6,3.0,4.0,1
1578,10.0,9.0,41.0,3.4,1.36,0.88,3.0,4.0,1
1580,1.0,1.0,33.5,3.1,-1.57,-2.2,2.0,3.0,1
1583,3.0,3.0,34.0,3.6,-0.69,-0.68,3.0,3.0,1
1585,2.0,2.0,34.0,3.1,-1.02,-0.86,2.0,5.0,1
1586,1.0,2.0,36.0,2.9,-1.35,-1.17,4.0,3.0,1
1589,2.0,1.0,34.5,3.0,-0.83,-1.75,2.0,5.0,1
1590,3.0,3.0,37.0,3.9,-0.49,-0.54,3.0,5.0,1
1592,10.0,10.0,47.0,3.8,1.6,1.53,4.0,6.0,1
1594,7.0,8.0,43.0,3.5,0.46,0.58,3.0,5.0,1
1595,6.0,6.0,34.0,3.4,0.23,0.14,3.0,5.0,1
1596,3.0,2.0,37.0,3.0,-0.54,-0.93,3.0,3.0,1
1597,2.0,2.0,32.0,3.0,-0.81,-1.04,2.0,4.0,0
1598,2.0,1.0,45.0,3.9,-0.85,-1.79,4.0,5.0,1
1599,3.0,5.0,27.5,3.3,-0.47,-0.14,4.0,2.0,1
1606,3.0,2.0,31.0,3.1,-0.53,-0.92,4.0,3.0,1
1607,7.0,6.0,36.0,3.6,0.3,0.25,4.0,5.0,1
1609,9.0,9.0,39.0,3.2,1.1,1.11,3.0,4.0,1
1610,7.0,5.0,32.0,3.2,0.54,-0.21,4.0,3.0,1
1613,10.0,10.0,41.0,3.8,1.37,1.66,4.0,5.0,1
1616,7.0,8.0,36.0,2.8,0.48,0.56,5.0,3.0,1
1617,5.0,6.0,30.0,2.8,0.05,0.06,2.0,1.0,0
1618,5.0,3.0,40.0,3.3,-0.12,-0.72,4.0,3.0,0
1619,8.0,8.0,33.0,2.8,0.67,0.64,4.0,3.0,1
1622,3.0,5.0,42.0,3.0,-0.69,-0.23,3.0,4.0,1
1624,1.0,2.0,33.0,3.2,-1.25,-1.17,4.0,3.0,1
1627,7.0,6.0,42.0,3.1,0.48,0.21,4.0,4.0,1
1628,7.0,9.0,46.0,3.2,0.42,0.93,4.0,4.0,1
1630,2.0,2.0,41.0,3.4,-0.85,-0.95,3.0,6.0,1
1634,9.0,10.0,37.0,3.9,1.14,1.54,3.0,4.0,1
1635,8.0,8.0,34.0,3.1,0.69,0.61,4.0,2.0,1
1636,5.0,3.0,32.5,3.4,-0.17,-0.66,3.0,3.0,1
1637,1.0,1.0,33.0,3.0,-1.44,-1.34,2.0,3.0,1
1638,10.0,10.0,31.0,2.8,2.05,1.59,3.0,1.0,0
1640,9.0,9.0,40.0,3.3,1.03,1.06,4.0,3.0,1
1641,2.0,3.0,38.0,3.0,-0.73,-0.79,4.0,3.0,1
1642,9.0,7.0,30.0,3.1,1.29,0.32,4.0,3.0,1
1644,3.0,3.0,32.0,3.5,-0.47,-0.66,4.0,2.0,1
1646,9.0,7.0,43.0,2.7,1.2,0.41,4.0,3.0,1
1647,2.0,1.0,40.0,3.1,-0.95,-1.65,2.0,3.0,1
1649,4.0,4.0,38.0,3.6,-0.44,-0.38,4.0,5.0,1
1650,3.0,6.0,40.0,3.1,-0.69,0.19,4.0,4.0,1
1652,10.0,10.0,39.0,2.7,1.63,1.86,4.0,3.0,1
1657,3.0,4.0,45.0,3.7,-0.47,-0.34,4.0,5.0,1
1658,3.0,3.0,36.0,3.3,-0.51,-0.81,3.0,4.0,1
1662,5.0,7.0,42.0,3.0,0.07,0.31,4.0,6.0,1
1668,9.0,9.0,43.0,3.4,1.0,1.13,4.0,5.0,1
1669,7.0,7.0,39.0,3.7,0.5,0.35,3.0,3.0,1
1675,7.0,9.0,40.0,3.2,0.43,1.16,4.0,3.0,1
1679,2.0,2.0,31.0,3.2,-1.04,-1.08,4.0,2.0,1
1683,6.0,6.0,39.0,3.0,0.07,0.04,4.0,3.0,1
1686,5.0,6.0,37.0,3.7,-0.05,0.07,3.0,2.0,1
1689,5.0,3.0,33.0,3.4,-0.12,-0.7,4.0,4.0,1
1691,3.0,1.0,42.0,3.1,-0.48,-1.37,4.0,4.0,1
1692,6.0,10.0,31.0,2.1,0.14,1.48,3.0,3.0,1
1693,2.0,2.0,32.0,3.0,-0.96,-1.31,4.0,3.0,1
1696,2.0,2.0,41.0,3.4,-0.95,-0.91,4.0,5.0,1
1697,4.0,4.0,26.0,2.7,-0.1,-0.5,2.0,1.0,0
1698,6.0,7.0,33.0,3.3,0.2,0.43,4.0,3.0,1
1706,2.0,2.0,39.0,3.5,-1.11,-0.92,4.0,4.0,1
1707,8.0,3.0,39.0,2.7,0.57,-0.84,3.0,3.0,1
1708,5.0,4.0,35.0,2.7,0.05,-0.33,4.0,4.0,1
1709,2.0,1.0,26.0,2.3,-1.0,-1.58,3.0,2.0,0
1715,5.0,5.0,41.0,3.4,-0.2,-0.08,2.0,5.0,1
1716,9.0,8.0,35.0,2.6,1.23,0.65,4.0,3.0,1
1719,9.0,7.0,42.0,3.1,0.96,0.51,4.0,4.0,1
1722,6.0,6.0,30.5,3.3,0.19,0.23,4.0,3.0,1
1724,9.0,9.0,32.0,2.8,1.21,1.21,4.0,2.0,1
1725,10.0,10.0,35.5,3.5,1.61,1.36,4.0,5.0,1
1728,2.0,3.0,30.0,3.2,-0.8,-0.7,3.0,3.0,1
1730,7.0,5.0,30.0,2.6,0.31,-0.23,2.0,3.0,1
1731,9.0,8.0,39.0,3.8,0.91,0.75,3.0,4.0,1
1732,1.0,1.0,34.0,3.4,-1.22,-1.46,4.0,3.0,1
1737,2.0,3.0,34.0,3.3,-0.86,-0.61,4.0,5.0,1
1738,8.0,6.0,33.0,3.5,0.66,0.14,3.0,4.0,1
1739,1.0,2.0,34.0,3.9,-1.28,-1.01,3.0,4.0,1
1740,1.0,1.0,35.0,3.2,-2.2,-1.62,4.0,5.0,0
1742,8.0,8.0,42.0,3.6,0.93,0.72,3.0,6.0,1
1744,10.0,9.0,36.0,2.9,1.41,0.92,4.0,3.0,1
1747,9.0,4.0,35.0,3.4,0.91,-0.32,4.0,3.0,1
1749,6.0,8.0,38.0,3.7,0.27,0.62,3.0,5.0,1
1753,3.0,3.0,35.0,2.7,-0.56,-0.75,5.0,2.0,1
1755,10.0,10.0,48.0,3.8,1.43,2.12,4.0,5.0,1
1756,10.0,10.0,43.0,4.0,2.18,2.26,3.0,3.0,1
1757,7.0,9.0,35.5,3.2,0.32,0.94,4.0,3.0,1
1759,10.0,10.0,37.0,3.2,1.36,1.59,4.0,2.0,1
1763,6.0,5.0,39.0,3.3,0.15,-0.11,5.0,3.0,1
1767,4.0,4.0,40.0,2.9,-0.28,-0.45,4.0,4.0,1
1769,3.0,4.0,31.0,3.4,-0.7,-0.58,3.0,2.0,1
1771,3.0,5.0,37.0,3.3,-0.58,-0.07,3.0,3.0,1
1775,1.0,1.0,37.0,2.7,-1.4,-1.65,3.0,3.0,0
1779,6.0,6.0,27.0,2.8,0.14,0.06,5.0,3.0,1
1780,7.0,7.0,44.0,3.0,0.45,0.44,4.0,5.0,1
1781,1.0,1.0,23.0,2.7,-1.31,-1.65,2.0,4.0,1
1784,9.0,9.0,48.0,3.4,1.38,1.11,4.0,6.0,1
1785,9.0,9.0,38.0,3.1,1.12,1.03,4.0,3.0,1
1789,2.0,2.0,40.0,3.7,-0.78,-1.03,3.0,4.0,1
1790,10.0,9.0,40.0,3.8,1.52,1.18,2.0,4.0,1
1793,6.0,6.0,34.0,2.1,0.07,0.2,3.0,5.0,1
1794,9.0,9.0,37.0,3.3,1.22,0.99,3.0,4.0,1
1795,9.0,9.0,42.0,3.0,1.24,1.06,3.0,3.0,1
1796,9.0,9.0,43.0,3.4,0.97,0.94,4.0,4.0,1
1797,7.0,3.0,44.0,3.6,0.35,-0.54,3.0,6.0,1
1798,3.0,5.0,39.0,3.7,-0.53,-0.16,4.0,5.0,1
1800,2.0,2.0,38.0,3.1,-0.94,-1.11,4.0,3.0,1
1801,10.0,9.0,47.0,4.0,1.71,1.07,3.0,6.0,1
1803,2.0,1.0,28.0,3.6,-1.03,-1.44,3.0,4.0,1
1806,5.0,5.0,30.0,2.9,-0.14,-0.11,3.0,4.0,1
1807,6.0,9.0,40.0,3.7,0.09,0.89,3.0,5.0,1
1809,6.0,7.0,39.0,3.0,0.12,0.42,4.0,3.0,1
1810,8.0,7.0,32.0,3.4,0.85,0.52,1.0,3.0,1
1813,3.0,4.0,31.0,3.1,-0.58,-0.34,4.0,3.0,1
1814,2.0,5.0,39.0,2.9,-0.91,-0.21,3.0,3.0,1
1815,6.0,6.0,40.0,3.8,0.23,0.18,2.0,5.0,1
1816,7.0,6.0,44.0,3.8,0.43,0.09,3.0,5.0,1
1820,1.0,3.0,37.0,2.0,-1.23,-0.69,3.0,3.0,1
1822,6.0,4.0,46.0,2.5,0.21,-0.44,3.0,3.0,1
1825,9.0,10.0,40.0,3.5,1.22,1.52,4.0,1.0,1
1826,4.0,5.0,31.0,2.4,-0.31,-0.27,4.0,3.0,1
1834,10.0,10.0,44.0,3.6,1.38,1.34,4.0,4.0,1
1835,5.0,2.0,28.0,2.3,-0.15,-0.94,2.0,2.0,1
1837,4.0,6.0,44.0,3.9,-0.27,0.09,3.0,6.0,1
1841,8.0,10.0,46.0,4.0,0.78,1.6,4.0,5.0,1
1844,7.0,7.0,28.5,3.9,0.48,0.39,3.0,3.0,1
1848,1.0,1.0,31.0,3.1,-1.72,-1.34,4.0,3.0,0
1850,10.0,10.0,36.0,3.9,1.99,1.29,4.0,4.0,1
1851,8.0,8.0,30.0,2.6,0.89,0.59,2.0,1.0,0
1853,5.0,5.0,39.0,3.3,0.01,-0.17,4.0,4.0,1
1854,7.0,6.0,37.0,3.4,0.4,0.02,3.0,4.0,1
1856,8.0,7.0,41.0,2.3,0.64,0.42,3.0,5.0,1
1860,10.0,10.0,41.0,3.8,1.75,1.31,4.0,5.0,1
1861,10.0,10.0,42.0,3.0,1.42,1.72,4.0,4.0,1
1862,5.0,3.0,27.0,4.0,-0.11,-0.86,2.0,4.0,1
1865,5.0,5.0,46.0,3.4,-0.11,-0.12,4.0,4.0,1
1866,4.0,4.0,41.0,3.7,-0.29,-0.46,5.0,5.0,1
1871,7.0,9.0,45.0,3.4,0.55,1.26,4.0,4.0,1
1873,8.0,8.0,37.0,3.1,0.7,0.63,4.0,3.0,1
1874,4.0,3.0,44.0,2.2,-0.45,-0.62,2.0,5.0,1
1876,5.0,5.0,40.0,3.4,-0.07,-0.11,3.0,3.0,1
1877,2.0,4.0,35.0,3.1,-0.72,-0.48,4.0,3.0,1
1878,2.0,2.0,41.0,3.2,-0.74,-0.96,4.0,4.0,0
1881,8.0,6.0,28.5,2.9,0.61,0.16,4.0,3.0,1
1884,9.0,5.0,42.0,3.4,0.94,-0.14,5.0,4.0,1
1886,3.0,6.0,42.0,2.9,-0.5,-0.02,4.0,3.0,1
1888,1.0,2.0,35.0,3.6,-1.36,-1.12,3.0,5.0,1
1889,7.0,9.0,37.5,3.3,0.52,0.95,3.0,4.0,1
1891,1.0,1.0,35.0,3.3,-1.81,-1.87,3.0,3.0,0
1892,4.0,3.0,39.0,3.1,-0.35,-0.62,3.0,4.0,1
1894,4.0,7.0,45.0,3.4,-0.4,0.45,4.0,6.0,1
1898,8.0,8.0,38.0,2.5,0.74,0.86,3.0,2.0,1
1900,7.0,5.0,34.0,3.4,0.36,-0.05,2.0,3.0,1
1902,8.0,8.0,32.0,2.7,0.74,0.61,5.0,2.0,1
1905,10.0,10.0,42.0,4.0,1.39,1.56,4.0,3.0,1
1906,1.0,1.0,40.0,2.9,-2.44,-2.91,4.0,6.0,1
1907,1.0,2.0,37.0,2.2,-1.29,-0.99,3.0,4.0,0
1909,1.0,1.0,35.0,3.3,-1.52,-1.42,3.0,3.0,1
1912,3.0,4.0,30.0,2.9,-0.43,-0.41,4.0,3.0,0
1914,4.0,1.0,35.0,3.4,-0.34,-1.26,4.0,2.0,0
1915,5.0,4.0,39.0,3.5,-0.08,-0.3,4.0,4.0,1
1919,4.0,3.0,40.0,3.4,-0.2,-0.73,4.0,4.0,1
1921,2.0,2.0,38.0,3.2,-0.72,-0.89,5.0,3.0,1
1922,4.0,7.0,40.0,3.2,-0.2,0.32,4.0,4.0,1
1924,2.0,2.0,35.0,2.5,-0.85,-1.12,4.0,3.0,1
1927,7.0,9.0,39.0,3.5,0.52,0.86,2.0,5.0,1
1928,6.0,7.0,39.0,3.6,0.2,0.45,3.0,3.0,1
1933,8.0,7.0,38.0,3.4,0.66,0.5,3.0,3.0,1
1934,9.0,8.0,36.0,3.2,0.96,0.77,3.0,2.0,0
1935,10.0,10.0,40.0,3.4,1.72,1.58,5.0,4.0,1
1936,8.0,9.0,34.0,3.0,0.61,1.19,4.0,3.0,1
1938,7.0,8.0,36.0,3.8,0.6,0.73,4.0,6.0,1
1940,9.0,1.0,41.0,3.2,1.11,-2.63,4.0,5.0,1
1941,2.0,1.0,26.5,3.3,-0.75,-1.44,4.0,2.0,0
1943,7.0,5.0,40.5,3.7,0.4,-0.2,3.0,5.0,1
1946,10.0,10.0,38.0,3.2,1.6,1.52,4.0,3.0,1
1948,7.0,5.0,33.0,3.0,0.51,-0.08,2.0,5.0,1
1949,5.0,5.0,39.0,2.7,-0.17,-0.06,4.0,3.0,1
1950,10.0,9.0,34.5,3.6,1.68,1.24,4.0,5.0,1
1951,1.0,1.0,14.5,3.2,-1.22,-1.27,3.0,2.0,0
1955,4.0,2.0,36.0,3.1,-0.23,-1.06,5.0,3.0,1
1957,10.0,9.0,20.0,3.3,1.42,1.07,3.0,1.0,1
1958,2.0,2.0,42.0,3.7,-1.06,-0.91,4.0,4.0,1
1962,7.0,5.0,34.0,3.5,0.34,-0.06,4.0,4.0,1
1964,1.0,3.0,46.0,3.5,-1.33,-0.67,5.0,6.0,1
1965,1.0,1.0,38.0,3.2,-1.24,-1.73,3.0,6.0,1
1966,4.0,4.0,39.0,3.8,-0.32,-0.42,4.0,3.0,1
1969,5.0,5.0,34.0,3.7,0.01,-0.06,4.0,4.0,1
1971,6.0,9.0,35.0,3.0,0.17,0.95,4.0,3.0,1
1973,7.0,3.0,35.0,2.8,0.39,-0.66,3.0,3.0,1
1980,5.0,6.0,45.0,3.5,0.0,0.07,3.0,3.0,1
1981,8.0,6.0,47.0,4.0,0.66,0.1,3.0,5.0,1
1982,6.0,6.0,33.5,2.7,0.18,0.26,3.0,3.0,1
1986,3.0,5.0,32.0,3.5,-0.58,-0.2,3.0,2.0,1
1988,4.0,2.0,39.0,3.2,-0.28,-1.29,4.0,3.0,1
1998,7.0,4.0,34.0,3.6,0.28,-0.28,4.0,5.0,1
1999,9.0,8.0,40.0,2.9,1.03,0.78,4.0,4.0,1
2000,2.0,3.0,38.5,2.8,-0.76,-0.58,4.0,3.0,1
2003,5.0,5.0,44.0,3.2,-0.11,-0.27,2.0,3.0,1
2005,1.0,1.0,42.0,3.0,-2.16,-1.88,3.0,4.0,0
2007,8.0,8.0,35.0,3.0,0.73,0.7,4.0,3.0,1
2011,4.0,6.0,37.0,2.2,-0.22,0.21,4.0,3.0,1
2012,10.0,10.0,40.0,3.5,1.49,1.57,3.0,3.0,1
2015,7.0,7.0,35.0,2.9,0.4,0.53,4.0,4.0,1
2020,6.0,4.0,32.5,2.5,0.1,-0.36,4.0,3.0,1
2021,10.0,10.0,37.0,3.7,2.53,2.43,4.0,2.0,1
2023,1.0,1.0,33.0,3.4,-2.29,-2.77,4.0,3.0,0
2024,8.0,5.0,40.0,2.8,0.7,-0.23,5.0,4.0,1
2025,2.0,2.0,37.0,3.7,-0.91,-1.11,3.0,3.0,1
2026,2.0,1.0,29.0,3.4,-0.97,-1.52,4.0,2.0,0
2028,9.0,10.0,43.0,3.8,1.14,1.48,3.0,6.0,1
2029,1.0,2.0,45.0,3.2,-1.66,-1.05,5.0,6.0,1
2030,1.0,1.0,29.0,2.6,-1.18,-1.99,3.0,1.0,0
2031,3.0,3.0,42.0,2.6,-0.51,-0.73,4.0,4.0,1
2032,5.0,4.0,32.5,2.7,-0.17,-0.55,3.0,2.0,0
2034,2.0,4.0,32.0,2.5,-1.05,-0.52,3.0,3.0,0
2035,7.0,5.0,45.0,2.6,0.35,-0.03,3.0,4.0,1
2036,1.0,1.0,28.0,2.8,-1.48,-1.59,3.0,3.0,0
2039,8.0,9.0,37.0,1.7,0.82,0.87,3.0,3.0,1
2040,7.0,6.0,26.5,3.0,0.39,0.13,4.0,3.0,0
2041,1.0,2.0,33.5,3.3,-1.5,-1.31,3.0,4.0,0
2045,3.0,2.0,37.0,2.5,-0.63,-1.3,4.0,3.0,1
2046,1.0,2.0,36.0,2.7,-1.27,-0.99,4.0,3.0,1
2047,9.0,10.0,44.0,3.5,1.37,1.4,4.0,6.0,1
2051,7.0,8.0,38.0,2.9,0.32,0.56,3.0,3.0,1
2054,6.0,4.0,35.0,3.2,0.19,-0.46,4.0,3.0,0
2056,9.0,10.0,34.0,3.1,1.15,1.63,4.0,5.0,1
2058,4.0,3.0,42.0,4.0,-0.29,-0.59,3.0,4.0,1
2064,1.0,2.0,36.0,3.4,-1.27,-1.12,3.0,4.0,1
2069,4.0,4.0,42.0,3.6,-0.19,-0.49,4.0,4.0,1
2070,5.0,6.0,36.5,2.9,0.04,0.18,3.0,6.0,1
2073,8.0,8.0,41.0,3.6,0.73,0.84,5.0,5.0,1
2075,7.0,9.0,42.0,3.3,0.51,1.15,4.0,3.0,1
2077,7.0,9.0,30.5,3.8,0.57,0.93,4.0,4.0,1
2079,2.0,2.0,39.0,2.9,-1.2,-1.05,3.0,6.0,1
2080,9.0,8.0,37.0,3.4,1.25,0.8,4.0,4.0,1
2081,2.0,2.0,37.0,1.9,-0.96,-1.23,4.0,1.0,0
2083,2.0,2.0,32.0,2.9,-0.82,-1.18,4.0,4.0,1
2084,6.0,6.0,38.0,2.8,0.21,0.01,4.0,3.0,1
2087,6.0,6.0,31.0,3.2,0.3,0.15,3.0,4.0,1
2090,3.0,1.0,21.0,2.2,-0.67,-1.35,3.0,3.0,1
2098,7.0,5.0,41.0,3.0,0.37,-0.14,2.0,3.0,1
2099,7.0,4.0,47.0,3.4,0.46,-0.29,4.0,5.0,1
2100,6.0,5.0,34.0,2.9,0.14,-0.28,3.0,3.0,1
2101,4.0,5.0,40.0,2.5,-0.25,-0.23,4.0,3.0,1
2104,3.0,4.0,29.7,2.8,-0.58,-0.55,4.0,3.0,1
2105,10.0,10.0,30.0,3.4,1.61,1.81,2.0,3.0,1
2108,7.0,4.0,42.0,3.4,0.4,-0.44,5.0,5.0,1
2116,7.0,6.0,36.0,3.5,0.34,0.22,4.0,3.0,1
2120,9.0,7.0,34.0,3.1,1.02,0.53,3.0,3.0,1
2129,8.0,6.0,29.0,3.0,0.77,-0.04,4.0,2.0,1
2132,2.0,1.0,31.0,3.0,-0.93,-1.49,3.0,2.0,0
2133,2.0,1.0,44.0,3.2,-1.08,-1.33,5.0,6.0,1
2137,6.0,8.0,45.0,3.8,0.3,0.66,4.0,4.0,1
2141,7.0,7.0,40.0,3.9,0.44,0.37,3.0,5.0,1
2144,6.0,7.0,47.0,2.6,0.32,0.46,4.0,4.0,1
2147,2.0,4.0,35.0,3.1,-0.81,-0.34,4.0,5.0,1
2148,2.0,5.0,37.0,3.3,-0.82,-0.06,3.0,3.0,1
2149,4.0,4.0,41.0,3.6,-0.4,-0.46,4.0,4.0,1
2152,4.0,5.0,39.0,3.3,-0.21,-0.26,3.0,3.0,0
2155,9.0,7.0,40.5,3.2,1.13,0.54,4.0,3.0,1
2158,1.0,1.0,30.5,3.6,-1.29,-2.08,3.0,6.0,1
2159,2.0,4.0,36.0,3.4,-1.03,-0.36,4.0,4.0,1
2160,3.0,4.0,36.0,2.8,-0.56,-0.46,3.0,3.0,1
2161,7.0,4.0,39.0,3.6,0.38,-0.36,3.0,4.0,1
2163,7.0,7.0,40.0,3.2,0.44,0.54,4.0,3.0,1
2165,5.0,7.0,42.0,3.5,-0.02,0.44,4.0,5.0,1
2166,10.0,10.0,39.0,3.7,1.37,1.34,4.0,5.0,1
2167,10.0,10.0,34.0,3.1,1.43,1.47,4.0,3.0,1
2169,8.0,7.0,44.0,3.8,0.86,0.32,3.0,5.0,1
2170,1.0,1.0,37.0,2.5,-1.67,-2.12,2.0,5.0,0
2175,3.0,3.0,42.0,3.8,-0.52,-0.6,4.0,5.0,1
2177,3.0,4.0,37.0,2.8,-0.51,-0.53,3.0,2.0,0
2179,8.0,10.0,39.0,3.8,0.79,1.29,4.0,6.0,1
2180,4.0,5.0,48.0,3.5,-0.19,-0.09,4.0,4.0,1
2182,9.0,7.0,42.0,3.5,1.07,0.37,4.0,4.0,1
2184,5.0,7.0,43.0,3.8,-0.08,0.4,4.0,5.0,1
2193,2.0,3.0,37.0,3.0,-0.97,-0.71,2.0,3.0,1
2194,4.0,6.0,37.0,3.2,-0.27,-0.02,3.0,3.0,1
2197,7.0,7.0,38.0,3.5,0.56,0.55,4.0,4.0,1
2198,6.0,3.0,26.0,3.1,0.1,-0.66,4.0,4.0,0
2199,7.0,6.0,42.0,3.7,0.34,0.14,4.0,4.0,1
2201,2.0,1.0,22.0,2.6,-0.58,-1.38,3.0,1.0,1
2202,1.0,1.0,42.0,3.4,-1.26,-1.46,2.0,4.0,1
2203,8.0,8.0,35.0,3.9,0.8,0.77,4.0,4.0,1
2204,7.0,6.0,39.0,3.4,0.49,0.26,3.0,5.0,1
2209,4.0,3.0,30.0,3.3,-0.31,-0.81,4.0,4.0,1
2211,2.0,5.0,32.5,3.8,-0.91,-0.25,2.0,3.0,1
2213,6.0,8.0,34.0,2.2,0.26,0.74,3.0,3.0,1
2215,5.0,7.0,45.0,3.2,-0.18,0.37,5.0,5.0,1
2217,4.0,6.0,35.0,3.3,-0.32,0.17,3.0,5.0,1
2220,4.0,4.0,37.0,3.0,-0.29,-0.46,4.0,3.0,1
2221,5.0,5.0,42.0,3.4,-0.11,-0.15,3.0,3.0,1
2223,8.0,9.0,35.0,3.7,0.57,1.14,3.0,3.0,1
2227,8.0,9.0,39.0,3.5,0.86,0.99,4.0,6.0,1
2232,9.0,4.0,28.5,3.3,1.03,-0.49,1.0,3.0,1
2234,5.0,4.0,46.0,3.5,-0.12,-0.45,4.0,6.0,1
2235,6.0,6.0,40.0,3.1,0.15,0.17,4.0,2.0,1
2237,4.0,4.0,35.5,3.7,-0.4,-0.36,2.0,5.0,1
2239,9.0,10.0,29.3,2.9,1.3,1.47,4.0,4.0,1
2240,7.0,7.0,41.0,3.5,0.4,0.28,4.0,5.0,1
2242,3.0,4.0,42.0,3.9,-0.49,-0.37,4.0,5.0,1
2244,3.0,5.0,45.0,3.7,-0.79,-0.03,3.0,6.0,1
2245,8.0,6.0,41.0,3.1,0.85,0.15,3.0,4.0,1
2246,10.0,9.0,42.0,3.4,1.43,1.0,2.0,2.0,1
2249,6.0,5.0,42.0,2.4,0.15,-0.03,4.0,6.0,0
2251,1.0,1.0,32.0,2.5,-1.87,-2.05,4.0,5.0,1
2252,7.0,6.0,40.0,3.4,0.42,0.19,3.0,4.0,1
2256,2.0,2.0,46.0,3.6,-0.9,-1.24,4.0,6.0,1
2257,9.0,8.0,39.0,3.5,1.08,0.64,3.0,4.0,1
2259,4.0,4.0,32.0,3.7,-0.39,-0.44,3.0,4.0,1
2260,4.0,6.0,31.0,3.1,-0.36,0.09,3.0,5.0,0
2261,3.0,3.0,35.0,3.3,-0.69,-0.75,4.0,4.0,1
2262,3.0,1.0,44.0,3.6,-0.64,-1.3,4.0,6.0,1
2263,6.0,7.0,33.0,3.2,0.28,0.55,4.0,4.0,1
2264,8.0,9.0,38.0,3.1,0.73,0.9,5.0,2.0,1
2265,7.0,4.0,28.0,3.4,0.44,-0.34,3.0,2.0,0
2269,10.0,10.0,40.0,3.3,1.49,1.54,4.0,4.0,1
2272,3.0,6.0,28.5,3.7,-0.48,-0.02,4.0,2.0,1
2275,9.0,10.0,40.0,3.6,0.98,1.3,4.0,4.0,1
2277,4.0,5.0,28.5,3.1,-0.41,-0.21,4.0,2.0,1
2285,2.0,2.0,27.0,2.8,-0.77,-1.03,3.0,3.0,1
2289,2.0,1.0,36.0,3.2,-0.77,-1.44,4.0,3.0,1
2294,10.0,9.0,40.0,3.2,1.4,1.24,4.0,5.0,1
2295,6.0,3.0,41.0,3.5,0.25,-0.57,3.0,4.0,1
2296,4.0,3.0,38.0,2.6,-0.36,-0.78,3.0,4.0,1
2297,10.0,9.0,40.0,3.0,1.45,1.06,3.0,3.0,1
2298,10.0,10.0,35.0,3.3,1.88,2.09,4.0,2.0,1
2299,9.0,9.0,44.0,3.9,1.07,1.09,4.0,6.0,1
2303,6.0,5.0,36.0,3.2,0.2,-0.18,4.0,3.0,1
2308,4.0,5.0,40.0,3.6,-0.37,-0.16,4.0,5.0,1
2309,4.0,5.0,35.0,2.9,-0.3,-0.04,3.0,3.0,1
2310,8.0,5.0,42.0,2.4,0.79,0.0,5.0,5.0,1
2311,9.0,10.0,48.0,2.9,1.26,1.34,4.0,5.0,1
2314,5.0,2.0,34.0,3.4,-0.02,-1.22,5.0,4.0,1
2315,3.0,4.0,28.0,3.7,-0.58,-0.54,4.0,3.0,1
2316,2.0,4.0,37.0,3.0,-0.8,-0.44,4.0,5.0,1
2317,2.0,1.0,35.5,3.0,-1.14,-1.33,4.0,5.0,1
2318,10.0,10.0,39.0,2.9,2.6,2.0,3.0,1.0,1
2322,5.0,6.0,33.0,3.5,-0.13,-0.01,3.0,3.0,1
2323,10.0,10.0,39.0,3.8,1.8,1.56,2.0,4.0,1
2325,3.0,3.0,42.0,3.4,-0.5,-0.83,3.0,4.0,1
2327,2.0,4.0,40.0,2.8,-0.7,-0.52,4.0,3.0,0
2329,5.0,3.0,41.0,3.0,-0.11,-0.83,5.0,3.0,1
2330,1.0,1.0,24.0,3.1,-1.37,-1.96,2.0,5.0,1
2332,7.0,8.0,38.0,3.3,0.35,0.74,4.0,3.0,1
2333,1.0,1.0,27.0,2.7,-1.65,-1.54,3.0,3.0,1
2334,8.0,8.0,39.0,3.8,0.71,0.56,4.0,4.0,1
2335,8.0,5.0,42.0,2.7,0.74,-0.04,2.0,4.0,1
2343,10.0,9.0,38.0,3.4,1.37,1.13,2.0,4.0,1
2344,5.0,7.0,35.0,3.0,-0.05,0.42,2.0,5.0,1
2346,5.0,5.0,39.0,3.1,-0.08,-0.2,5.0,3.0,1
2350,9.0,7.0,40.0,3.9,0.94,0.53,3.0,4.0,1
2352,5.0,5.0,39.0,3.2,0.01,-0.07,4.0,3.0,1
2353,4.0,2.0,40.0,2.7,-0.21,-0.88,4.0,4.0,0
2354,10.0,9.0,40.0,3.8,1.3,1.04,3.0,2.0,1
2355,2.0,2.0,36.0,2.8,-0.97,-1.01,4.0,4.0,0
2357,2.0,2.0,40.0,3.4,-0.87,-0.92,3.0,3.0,1
2360,9.0,9.0,42.0,3.9,1.3,1.1,4.0,4.0,1
2365,4.0,2.0,37.0,3.2,-0.39,-1.03,3.0,3.0,1
2366,10.0,10.0,40.0,2.5,1.59,1.6,4.0,3.0,1
2368,7.0,8.0,46.0,3.7,0.41,0.59,4.0,5.0,1
2370,3.0,2.0,31.5,2.2,-0.45,-1.05,4.0,3.0,1
2373,9.0,8.0,32.0,3.9,1.14,0.74,3.0,4.0,1
2377,5.0,3.0,42.0,3.9,-0.07,-0.59,4.0,6.0,1
2379,3.0,2.0,27.0,3.3,-0.59,-1.0,4.0,2.0,1
2380,7.0,7.0,39.0,3.4,0.49,0.39,4.0,5.0,1
2386,9.0,8.0,47.0,2.8,0.98,0.75,3.0,4.0,1
2387,4.0,7.0,28.0,2.6,-0.3,0.22,4.0,2.0,1
2392,6.0,4.0,37.0,3.0,0.1,-0.41,3.0,2.0,1
2393,5.0,4.0,31.0,3.2,-0.03,-0.35,3.0,3.0,1
2394,3.0,3.0,34.0,3.6,-0.55,-0.79,4.0,5.0,1
2396,9.0,9.0,48.0,3.1,0.99,1.24,5.0,6.0,1
2397,8.0,9.0,34.0,3.3,0.61,1.0,3.0,3.0,1
2398,7.0,4.0,39.0,3.9,0.4,-0.27,4.0,4.0,1
2399,1.0,1.0,43.0,3.3,-2.2,-1.95,3.0,5.0,1
2400,9.0,8.0,31.0,2.8,1.01,0.67,4.0,2.0,1
2401,9.0,10.0,31.0,3.8,0.88,1.48,2.0,2.0,1
2405,7.0,6.0,36.0,3.2,0.48,0.18,3.0,4.0,1
2411,2.0,4.0,36.0,3.2,-0.71,-0.36,3.0,3.0,1
2416,4.0,3.0,44.0,3.3,-0.33,-0.71,5.0,6.0,1
2418,2.0,2.0,42.0,3.8,-0.98,-1.22,1.0,4.0,1
2419,8.0,8.0,38.0,2.7,0.68,0.82,2.0,2.0,1
2420,9.0,8.0,31.0,3.2,0.9,0.75,3.0,3.0,1
2424,2.0,3.0,37.0,3.0,-0.81,-0.81,5.0,3.0,1
2425,10.0,10.0,30.0,2.8,1.39,1.44,3.0,3.0,1
2426,4.0,6.0,39.0,3.5,-0.24,0.22,2.0,4.0,1
2427,9.0,3.0,35.0,3.4,0.93,-0.76,3.0,3.0,1
2428,7.0,7.0,41.0,3.0,0.37,0.4,4.0,4.0,1
2429,9.0,6.0,47.0,3.7,1.07,0.24,4.0,5.0,1
2431,5.0,2.0,45.0,3.7,-0.07,-1.17,4.0,4.0,1
2433,6.0,6.0,40.0,3.7,0.09,0.25,4.0,5.0,1
2434,5.0,4.0,38.0,3.2,0.0,-0.36,3.0,5.0,0
2435,6.0,5.0,38.0,3.7,0.1,-0.1,4.0,4.0,1
2436,4.0,4.0,39.0,2.8,-0.38,-0.48,3.0,2.0,0
2439,9.0,8.0,36.0,3.1,0.92,0.79,5.0,3.0,1
2442,6.0,6.0,36.0,2.9,0.09,0.21,2.0,4.0,1
2446,9.0,6.0,48.0,3.4,0.91,0.17,3.0,4.0,1
2452,6.0,7.0,35.0,3.6,0.2,0.3,3.0,2.0,1
2453,6.0,5.0,40.0,3.0,0.21,-0.01,4.0,4.0,1
2455,10.0,10.0,36.0,3.6,1.58,1.47,3.0,3.0,1
2458,7.0,9.0,45.0,2.5,0.35,1.12,2.0,4.0,1
2459,2.0,5.0,47.0,3.4,-0.85,-0.09,3.0,6.0,1
2460,1.0,2.0,33.0,3.0,-1.28,-1.07,4.0,5.0,0
2464,10.0,10.0,40.0,3.3,2.24,2.25,5.0,5.0,1
2465,1.0,2.0,29.0,3.6,-1.26,-1.14,4.0,4.0,0
2470,1.0,1.0,39.0,2.3,-1.25,-1.3,5.0,2.0,1
2471,10.0,10.0,32.0,3.5,1.38,1.42,3.0,3.0,1
2476,10.0,10.0,43.0,3.2,2.21,1.62,3.0,5.0,1
2478,4.0,2.0,32.5,3.1,-0.19,-1.19,4.0,4.0,1
2480,5.0,5.0,37.0,3.8,0.02,-0.15,3.0,4.0,1
2483,9.0,7.0,36.0,3.3,0.94,0.5,3.0,3.0,1
2484,10.0,10.0,22.0,2.6,1.91,2.14,2.0,1.0,1
2485,1.0,1.0,30.5,3.2,-1.92,-1.36,4.0,4.0,0
2486,8.0,5.0,38.0,2.9,0.76,-0.11,3.0,2.0,1
2487,1.0,1.0,29.0,3.0,-2.16,-2.45,3.0,3.0,0
2490,4.0,4.0,34.0,2.7,-0.29,-0.47,4.0,2.0,1
2494,2.0,1.0,26.0,3.1,-0.84,-1.71,1.0,2.0,0
2496,9.0,9.0,33.0,3.5,0.96,0.97,2.0,5.0,1
2497,10.0,8.0,41.0,2.9,1.64,0.68,4.0,3.0,1
2508,4.0,2.0,38.0,2.7,-0.35,-0.99,2.0,3.0,1
2509,7.0,6.0,39.0,3.3,0.52,0.13,3.0,5.0,1
2513,4.0,6.0,41.0,3.1,-0.19,0.29,4.0,4.0,1
2514,8.0,9.0,39.0,3.3,0.81,0.86,4.0,6.0,1
2516,7.0,7.0,39.0,3.6,0.4,0.44,4.0,5.0,1
2521,6.0,2.0,35.0,2.8,0.08,-1.16,3.0,3.0,1
2523,7.0,8.0,32.0,3.7,0.55,0.72,4.0,3.0,1
2528,9.0,10.0,39.0,4.0,1.25,1.94,2.0,3.0,1
2529,10.0,10.0,48.0,4.0,1.64,1.57,4.0,5.0,1
2532,4.0,2.0,31.0,3.0,-0.39,-1.04,3.0,3.0,1
2537,2.0,4.0,36.0,2.9,-0.74,-0.49,5.0,3.0,1
2539,1.0,1.0,39.0,3.0,-1.64,-1.93,5.0,3.0,0
2542,1.0,2.0,34.5,2.7,-1.34,-0.91,3.0,3.0,1
2547,4.0,6.0,38.0,3.7,-0.19,0.03,4.0,3.0,1
2548,7.0,9.0,37.0,3.5,0.45,1.14,3.0,5.0,1
2549,5.0,4.0,31.0,3.5,-0.18,-0.44,4.0,2.0,1
2550,7.0,8.0,34.5,2.7,0.39,0.61,3.0,3.0,1
2551,5.0,9.0,38.0,3.3,-0.02,0.95,4.0,3.0,1
2553,6.0,7.0,47.0,3.8,0.25,0.41,4.0,6.0,1
2555,4.0,3.0,29.0,2.4,-0.41,-0.71,3.0,3.0,1
2558,6.0,7.0,43.0,3.7,0.19,0.39,3.0,5.0,1
2560,2.0,1.0,31.0,3.5,-1.06,-1.48,3.0,5.0,1
2561,10.0,3.0,35.0,3.2,1.97,-0.75,5.0,6.0,1
2572,3.0,5.0,47.0,3.5,-0.62,-0.1,3.0,4.0,1
2573,5.0,4.0,43.0,3.4,0.06,-0.23,4.0,6.0,1
2574,9.0,8.0,42.0,2.9,0.96,0.84,2.0,4.0,1
2575,3.0,2.0,39.0,3.8,-0.77,-0.9,3.0,6.0,1
2577,3.0,2.0,32.0,2.6,-0.63,-1.22,3.0,5.0,1
2578,7.0,9.0,42.0,3.5,0.51,0.93,3.0,2.0,1
2580,8.0,9.0,31.5,3.1,0.8,1.14,4.0,3.0,1
2581,8.0,7.0,39.0,2.8,0.56,0.51,4.0,2.0,1
2584,8.0,8.0,41.0,2.6,0.66,0.56,3.0,4.0,1
2585,7.0,7.0,43.0,2.9,0.54,0.34,4.0,4.0,1
2586,1.0,1.0,23.0,2.7,-1.39,-1.73,3.0,3.0,0
2588,4.0,5.0,36.0,3.2,-0.18,-0.11,4.0,3.0,1
2591,5.0,4.0,44.0,3.7,-0.08,-0.32,4.0,5.0,1
2593,6.0,4.0,43.0,3.6,0.14,-0.43,4.0,5.0,1
2594,10.0,10.0,34.0,3.5,2.56,2.18,3.0,3.0,1
2602,2.0,1.0,31.0,3.2,-0.73,-1.46,3.0,2.0,1
2604,7.0,6.0,46.0,3.5,0.47,0.06,4.0,5.0,1
2610,2.0,1.0,33.0,3.1,-0.89,-1.32,3.0,5.0,1
2611,6.0,5.0,41.0,3.3,0.22,-0.08,4.0,4.0,1
2616,5.0,2.0,39.0,3.3,-0.13,-1.1,4.0,3.0,0
2617,1.0,1.0,39.0,3.4,-2.19,-2.89,4.0,3.0,0
2618,10.0,10.0,42.0,3.4,1.9,2.02,4.0,3.0,1
2623,10.0,10.0,46.0,3.7,2.18,2.43,2.0,2.0,1
2624,3.0,3.0,38.0,3.0,-0.45,-0.76,3.0,3.0,1
2626,7.0,7.0,37.0,2.8,0.37,0.44,4.0,4.0,1
2628,8.0,8.0,35.0,3.0,0.69,0.73,2.0,3.0,1
2631,2.0,2.0,36.0,3.5,-0.98,-1.12,4.0,3.0,1
2639,8.0,6.0,36.0,3.1,0.79,0.0,2.0,3.0,1
2642,2.0,1.0,40.0,3.7,-1.06,-1.53,2.0,4.0,0
2646,9.0,9.0,40.0,3.1,1.19,1.1,4.0,3.0,1
2647,6.0,3.0,29.5,3.0,0.05,-0.86,3.0,3.0,1
2648,6.0,8.0,31.0,3.4,0.23,0.61,4.0,3.0,1
2650,7.0,6.0,32.0,3.6,0.37,0.19,2.0,4.0,1
2651,4.0,4.0,32.0,2.8,-0.29,-0.54,3.0,3.0,1
2653,1.0,1.0,40.0,2.8,-1.43,-1.48,3.0,4.0,1
2655,2.0,3.0,21.0,3.9,-1.09,-0.64,3.0,5.0,1
2656,1.0,5.0,24.0,3.3,-1.24,-0.19,3.0,4.0,1
2659,6.0,6.0,40.0,3.7,0.2,-0.01,3.0,3.0,1
2665,8.0,9.0,40.0,3.8,0.57,0.96,4.0,5.0,1
2666,4.0,4.0,43.0,3.9,-0.26,-0.46,4.0,6.0,1
2667,10.0,10.0,43.0,3.5,1.67,1.65,4.0,3.0,1
2669,3.0,2.0,28.5,2.9,-0.66,-1.06,4.0,3.0,1
2671,5.0,4.0,35.0,3.1,-0.02,-0.4,3.0,3.0,1
2672,6.0,4.0,33.5,3.2,0.14,-0.36,4.0,4.0,1
2673,6.0,4.0,37.0,2.9,0.3,-0.39,3.0,3.0,1
2674,7.0,6.0,41.0,2.9,0.45,0.2,3.0,5.0,1
2676,3.0,2.0,42.0,3.4,-0.5,-0.96,2.0,5.0,1
2677,6.0,6.0,39.0,2.6,0.15,0.07,3.0,3.0,1
2680,5.0,4.0,30.0,2.9,-0.06,-0.5,4.0,2.0,0
2681,5.0,6.0,41.0,2.6,-0.06,0.04,4.0,6.0,1
2685,5.0,2.0,34.0,3.2,-0.16,-1.22,2.0,5.0,0
2690,8.0,7.0,38.0,3.0,0.74,0.53,4.0,2.0,1
2692,4.0,4.0,22.0,3.5,-0.37,-0.48,4.0,3.0,0
2695,5.0,2.0,35.0,2.8,0.01,-0.95,4.0,2.0,0
2699,8.0,3.0,29.0,3.2,0.7,-0.79,3.0,4.0,1
2705,1.0,3.0,39.0,3.4,-1.82,-0.83,2.0,1.0,0
2709,9.0,10.0,44.0,3.4,1.28,1.65,3.0,5.0,1
2712,8.0,6.0,36.0,3.8,0.7,0.19,3.0,3.0,1
2714,6.0,3.0,32.5,3.6,0.24,-0.64,4.0,3.0,1
2720,3.0,3.0,40.0,3.6,-0.48,-0.78,3.0,3.0,1
2721,8.0,7.0,35.0,2.9,0.71,0.41,3.0,3.0,1
2722,8.0,9.0,34.0,3.3,0.68,1.19,2.0,3.0,1
2723,7.0,8.0,48.0,3.8,0.54,0.82,3.0,6.0,1
2725,10.0,9.0,31.0,2.8,1.71,1.18,4.0,3.0,1
2726,1.0,1.0,29.0,3.3,-2.15,-1.34,4.0,3.0,1
2728,3.0,4.0,20.0,2.8,-0.48,-0.47,1.0,1.0,0
2729,4.0,4.0,31.5,3.3,-0.38,-0.45,3.0,3.0,1
2731,4.0,4.0,35.0,3.6,-0.33,-0.53,2.0,3.0,1
2733,1.0,1.0,33.0,2.3,-1.56,-1.46,4.0,6.0,1
2734,9.0,7.0,40.0,2.4,1.16,0.45,4.0,5.0,0
2735,2.0,3.0,33.0,3.8,-0.89,-0.72,4.0,3.0,1
2739,5.0,6.0,37.0,3.7,0.04,0.15,1.0,4.0,1
2741,8.0,7.0,35.0,3.9,0.83,0.52,4.0,4.0,1
2742,6.0,9.0,38.5,3.6,0.25,1.0,5.0,4.0,1
2745,7.0,7.0,33.5,3.4,0.47,0.42,3.0,3.0,1
2746,9.0,6.0,34.0,3.3,0.99,0.12,4.0,4.0,1
2747,8.0,8.0,32.0,3.4,0.75,0.56,4.0,3.0,1
2751,3.0,3.0,32.0,3.8,-0.48,-0.76,4.0,4.0,1
2752,8.0,10.0,46.0,3.9,0.59,1.6,4.0,5.0,1
2753,5.0,6.0,39.0,3.6,0.04,0.22,3.0,4.0,0
2754,3.0,3.0,33.0,3.1,-0.66,-0.6,4.0,3.0,1
2755,5.0,5.0,34.0,3.3,-0.17,-0.08,3.0,3.0,1
2756,7.0,8.0,39.0,3.3,0.34,0.86,4.0,4.0,1
2757,7.0,7.0,48.0,3.0,0.42,0.45,4.0,4.0,1
2758,9.0,5.0,31.0,3.0,1.05,-0.13,3.0,4.0,1
2759,2.0,3.0,31.0,2.9,-0.97,-0.7,3.0,3.0,1
2761,9.0,9.0,39.0,3.6,1.21,1.28,4.0,4.0,1
2763,10.0,10.0,47.0,3.7,2.39,1.97,5.0,5.0,1
2764,5.0,4.0,38.0,3.4,-0.15,-0.27,2.0,4.0,1
2765,5.0,6.0,37.5,3.3,-0.03,0.1,4.0,4.0,1
2767,4.0,4.0,35.0,3.6,-0.24,-0.45,4.0,3.0,1
2769,10.0,10.0,36.0,3.7,1.71,1.96,2.0,5.0,1
2771,5.0,5.0,34.0,3.4,-0.06,-0.03,4.0,3.0,1
2773,3.0,3.0,34.0,3.3,-0.53,-0.76,3.0,3.0,1
2774,9.0,7.0,38.0,3.8,1.12,0.43,4.0,3.0,1
2775,10.0,9.0,44.0,3.8,1.59,1.23,4.0,5.0,1
2776,8.0,7.0,40.5,2.5,0.63,0.33,4.0,4.0,1
2778,3.0,3.0,38.0,3.5,-0.6,-0.75,3.0,4.0,1
2779,9.0,10.0,37.0,3.6,1.13,1.54,3.0,3.0,1
2780,7.0,4.0,28.0,3.0,0.43,-0.47,4.0,5.0,0
2781,5.0,4.0,47.0,3.6,-0.07,-0.29,4.0,6.0,1
2782,4.0,5.0,40.0,3.2,-0.19,-0.18,4.0,6.0,1
2783,6.0,6.0,37.0,3.2,0.15,0.03,4.0,4.0,1
2785,2.0,3.0,38.0,2.6,-0.84,-0.81,4.0,3.0,1
2791,8.0,4.0,37.0,3.7,0.74,-0.35,3.0,4.0,1
2795,8.0,9.0,35.0,3.6,0.68,1.04,4.0,3.0,1
2797,3.0,4.0,37.0,3.7,-0.59,-0.44,3.0,4.0,1
2799,5.0,4.0,31.5,3.2,0.04,-0.41,2.0,3.0,1
2800,8.0,7.0,39.0,3.8,0.58,0.32,3.0,5.0,1
2801,7.0,9.0,39.0,3.2,0.49,0.87,2.0,3.0,1
2804,7.0,8.0,33.0,3.6,0.46,0.72,2.0,3.0,1
2805,5.0,4.0,40.0,3.4,-0.06,-0.27,4.0,5.0,1
2806,8.0,7.0,44.0,3.6,0.82,0.47,4.0,6.0,1
2807,2.0,3.0,25.5,2.6,-1.01,-0.8,4.0,3.0,1
2810,10.0,10.0,39.0,3.9,1.33,1.63,4.0,4.0,1
2815,5.0,8.0,46.0,3.2,-0.12,0.68,4.0,5.0,1
2817,2.0,1.0,35.0,2.6,-1.05,-1.44,3.0,5.0,0
2818,8.0,10.0,32.0,3.3,0.82,1.97,4.0,2.0,1
2819,7.0,6.0,32.5,3.7,0.5,0.08,3.0,4.0,1
2821,4.0,4.0,38.7,3.3,-0.4,-0.51,3.0,4.0,1
2822,1.0,1.0,34.0,2.3,-1.66,-1.81,4.0,6.0,1
2823,10.0,10.0,42.0,3.6,1.5,1.49,4.0,4.0,1
2827,5.0,6.0,34.0,3.1,-0.12,0.11,4.0,4.0,1
2828,10.0,9.0,35.0,2.4,1.57,0.88,4.0,5.0,1
2829,3.0,5.0,35.0,3.6,-0.56,-0.21,3.0,4.0,1
2832,7.0,6.0,37.0,3.3,0.35,0.27,4.0,4.0,1
2834,7.0,9.0,45.0,3.6,0.51,1.2,3.0,5.0,1
2835,4.0,5.0,44.0,3.0,-0.28,-0.04,4.0,4.0,1
2836,6.0,9.0,41.0,2.5,0.12,1.15,3.0,4.0,1
2837,6.0,4.0,37.0,3.2,0.11,-0.44,4.0,3.0,1
2843,4.0,9.0,39.0,3.6,-0.3,0.91,4.0,3.0,1
2845,10.0,9.0,24.3,2.7,1.57,1.26,2.0,3.0,1
2849,3.0,4.0,39.5,3.5,-0.52,-0.29,4.0,4.0,1
2850,7.0,8.0,42.0,3.8,0.28,0.72,1.0,5.0,1
2854,8.0,5.0,29.0,2.9,0.68,-0.22,3.0,3.0,1
2856,4.0,4.0,41.0,3.0,-0.39,-0.35,4.0,3.0,1
2858,5.0,8.0,37.0,2.7,-0.07,0.68,3.0,5.0,1
2861,4.0,4.0,36.5,3.2,-0.41,-0.39,2.0,3.0,1
2862,1.0,1.0,30.0,3.5,-1.6,-1.97,3.0,3.0,1
2864,5.0,7.0,43.0,3.8,-0.15,0.43,4.0,4.0,1
2871,6.0,4.0,47.0,3.8,0.15,-0.3,4.0,6.0,1
2874,8.0,8.0,37.0,3.5,0.87,0.81,3.0,4.0,1
2878,2.0,3.0,44.0,3.1,-0.89,-0.83,3.0,4.0,0
2881,10.0,10.0,34.0,3.8,1.99,1.97,4.0,4.0,1
2887,6.0,5.0,37.0,3.7,0.08,-0.27,1.0,3.0,1
2888,3.0,4.0,37.0,3.2,-0.64,-0.53,3.0,4.0,1
2889,6.0,7.0,35.5,3.1,0.24,0.29,4.0,3.0,1
2890,7.0,7.0,38.0,3.8,0.39,0.33,3.0,4.0,1
2893,5.0,2.0,41.0,3.9,0.04,-0.92,3.0,6.0,1
2895,5.0,4.0,35.0,2.6,0.02,-0.41,4.0,3.0,1
2897,7.0,9.0,33.0,2.9,0.33,1.05,4.0,3.0,1
2898,1.0,1.0,29.0,3.1,-1.55,-1.54,3.0,4.0,0
2902,4.0,10.0,35.0,3.6,-0.26,2.24,3.0,5.0,1
2905,6.0,5.0,35.5,2.1,0.06,-0.08,4.0,3.0,1
2907,3.0,2.0,34.0,3.0,-0.57,-0.96,3.0,3.0,1
2909,2.0,4.0,34.0,3.0,-0.81,-0.48,3.0,5.0,1
2917,3.0,5.0,37.0,3.0,-0.59,-0.25,3.0,3.0,1
2920,10.0,10.0,45.0,4.0,1.95,1.89,3.0,4.0,1
2921,8.0,9.0,38.0,2.8,0.68,1.23,4.0,1.0,1
2924,5.0,8.0,38.0,3.5,-0.13,0.72,4.0,4.0,1
2926,5.0,3.0,38.0,3.4,-0.15,-0.72,3.0,4.0,1
2928,7.0,7.0,32.0,3.0,0.38,0.29,3.0,5.0,1
2930,9.0,10.0,35.5,3.0,1.21,1.4,3.0,3.0,1
2934,4.0,3.0,36.0,3.4,-0.34,-0.74,4.0,3.0,1
2935,1.0,4.0,32.0,2.7,-1.04,-0.46,4.0,1.0,1
2936,1.0,1.0,34.0,3.3,-1.49,-1.69,3.0,6.0,1
2938,3.0,2.0,32.5,3.3,-0.48,-0.9,3.0,4.0,1
2939,7.0,7.0,38.0,3.3,0.36,0.37,2.0,4.0,1
2940,4.0,6.0,38.0,2.6,-0.29,0.23,4.0,5.0,1
2945,10.0,10.0,39.0,2.8,1.36,1.55,4.0,3.0,1
2950,9.0,8.0,38.5,3.8,1.04,0.67,4.0,3.0,1
2954,7.0,8.0,38.0,2.8,0.49,0.59,1.0,5.0,1
2956,3.0,5.0,42.0,3.1,-0.66,-0.22,4.0,3.0,1
2957,1.0,3.0,29.0,3.2,-1.21,-0.73,4.0,3.0,1
2959,4.0,6.0,42.0,3.5,-0.27,0.18,4.0,3.0,1
2962,8.0,9.0,36.0,3.4,0.77,0.99,4.0,3.0,1
2965,4.0,5.0,39.0,2.7,-0.28,-0.28,4.0,2.0,0
2967,7.0,8.0,31.0,3.6,0.56,0.56,3.0,3.0,1
2968,2.0,1.0,36.0,3.5,-0.87,-1.34,3.0,4.0,0
2970,8.0,7.0,30.5,3.5,0.73,0.46,3.0,2.0,1
2972,9.0,9.0,28.0,3.7,0.97,1.04,4.0,3.0,1
2973,5.0,4.0,36.0,4.0,-0.11,-0.37,4.0,6.0,1
2976,10.0,10.0,36.0,3.8,1.44,1.33,3.0,2.0,1
2982,1.0,2.0,36.0,3.5,-1.45,-0.93,4.0,3.0,0
2987,3.0,1.0,34.0,3.6,-0.63,-1.34,4.0,3.0,0
2989,10.0,10.0,33.0,3.4,1.62,1.42,4.0,3.0,1
2990,8.0,8.0,32.0,3.2,0.83,0.77,3.0,2.0,1
2992,7.0,6.0,37.0,3.2,0.32,0.19,5.0,3.0,1
2996,4.0,5.0,29.0,3.0,-0.42,-0.1,3.0,4.0,1
3000,7.0,9.0,37.0,3.0,0.47,0.94,4.0,3.0,1
3001,3.0,6.0,41.0,3.4,-0.69,0.21,4.0,4.0,1
3004,6.0,4.0,39.0,3.1,0.3,-0.34,5.0,3.0,1
3005,6.0,6.0,33.0,2.7,0.16,0.13,4.0,2.0,1
3007,10.0,6.0,41.0,2.9,2.07,0.19,3.0,6.0,1
3009,6.0,7.0,47.0,4.0,0.2,0.34,3.0,5.0,1
3011,5.0,3.0,37.0,3.7,0.01,-0.55,3.0,4.0,1
3012,7.0,7.0,46.0,3.4,0.4,0.45,3.0,5.0,1
3014,5.0,8.0,34.0,4.0,0.05,0.65,4.0,3.0,1
3016,9.0,8.0,36.0,2.9,0.98,0.69,1.0,2.0,1
3017,9.0,10.0,43.0,2.6,1.17,1.3,3.0,5.0,1
3019,4.0,3.0,43.0,3.4,-0.26,-0.74,5.0,3.0,1
3020,4.0,3.0,32.0,3.2,-0.26,-0.55,3.0,4.0,1
3021,4.0,5.0,40.0,3.4,-0.29,-0.12,4.0,6.0,1
3023,4.0,5.0,33.0,3.4,-0.38,-0.15,5.0,4.0,1
3027,2.0,3.0,35.0,3.1,-0.76,-0.7,4.0,3.0,1
3028,2.0,2.0,29.0,3.5,-0.71,-1.23,5.0,3.0,0
3030,7.0,6.0,47.0,3.8,0.54,0.13,4.0,6.0,1
3032,3.0,2.0,40.0,3.0,-0.47,-1.26,3.0,3.0,1
3033,6.0,3.0,48.0,2.9,0.15,-0.64,4.0,2.0,1
3034,2.0,2.0,33.0,3.0,-1.06,-1.31,3.0,3.0,1
3035,7.0,6.0,37.0,3.0,0.51,0.26,4.0,3.0,0
3036,9.0,7.0,42.0,3.6,1.07,0.54,2.0,5.0,1
3038,9.0,8.0,32.0,3.1,1.09,0.73,4.0,5.0,1
3040,5.0,6.0,24.0,3.8,-0.13,0.22,5.0,3.0,1
3041,8.0,8.0,43.0,4.0,0.64,0.69,2.0,3.0,1
3042,3.0,4.0,46.0,3.1,-0.55,-0.4,3.0,6.0,1
3044,8.0,7.0,34.0,3.3,0.89,0.55,4.0,4.0,1
3045,8.0,7.0,48.0,3.5,0.71,0.51,4.0,6.0,1
3051,8.0,5.0,40.0,3.5,0.8,-0.03,3.0,5.0,1
3052,8.0,8.0,38.0,2.9,0.8,0.63,4.0,4.0,1
3054,6.0,4.0,40.0,3.5,0.12,-0.28,2.0,4.0,1
3055,9.0,9.0,45.0,3.7,1.04,0.92,4.0,4.0,1
3056,10.0,9.0,40.0,3.2,2.23,0.88,2.0,4.0,1
3057,1.0,4.0,39.0,3.6,-1.21,-0.42,3.0,6.0,1
3058,4.0,5.0,32.0,4.0,-0.31,-0.1,3.0,3.0,1
3061,8.0,2.0,34.0,3.1,0.85,-1.07,3.0,5.0,1
3062,6.0,6.0,42.0,3.1,0.21,0.2,4.0,4.0,1
3063,6.0,8.0,40.0,3.7,0.17,0.55,5.0,6.0,1
3065,3.0,3.0,46.0,2.7,-0.7,-0.62,4.0,5.0,1
3067,3.0,5.0,35.0,3.1,-0.74,-0.08,2.0,5.0,1
3069,1.0,3.0,42.0,3.0,-1.42,-0.82,4.0,5.0,1
3070,3.0,2.0,39.0,2.4,-0.64,-0.92,4.0,3.0,1
3072,2.0,2.0,47.0,3.6,-1.1,-0.98,2.0,6.0,1
3073,8.0,5.0,37.0,3.2,0.64,-0.22,3.0,5.0,1
3074,5.0,6.0,34.0,3.6,-0.13,0.17,4.0,3.0,1
3076,6.0,6.0,39.0,3.4,0.17,0.04,4.0,5.0,1
3078,7.0,9.0,47.0,3.2,0.45,1.07,4.0,5.0,1
3079,4.0,4.0,36.0,3.2,-0.23,-0.51,4.0,5.0,0
3081,5.0,4.0,30.0,3.6,-0.16,-0.41,3.0,3.0,1
3083,10.0,10.0,38.0,3.5,2.54,2.64,1.0,5.0,1
3092,2.0,2.0,42.0,3.6,-0.78,-0.91,5.0,5.0,1
3093,4.0,2.0,36.0,2.3,-0.32,-1.23,3.0,3.0,1
3095,5.0,7.0,33.0,3.5,0.01,0.45,5.0,3.0,1
3096,5.0,5.0,42.0,3.8,-0.18,-0.04,4.0,5.0,1
3098,10.0,10.0,39.0,3.1,1.25,1.69,3.0,2.0,1
3103,1.0,1.0,25.0,2.5,-1.86,-2.4,1.0,5.0,0
3104,4.0,6.0,40.0,3.6,-0.41,0.16,4.0,4.0,1
3108,1.0,1.0,23.3,2.7,-1.56,-1.95,3.0,1.0,0
3112,6.0,6.0,37.0,3.5,0.2,0.28,4.0,4.0,1
3113,2.0,1.0,36.0,2.8,-0.97,-1.63,4.0,3.0,1
3116,6.0,5.0,40.0,3.4,0.16,-0.18,3.0,5.0,1
3117,4.0,3.0,32.5,3.2,-0.33,-0.85,5.0,3.0,1
3118,2.0,2.0,39.0,3.4,-0.92,-0.88,4.0,4.0,1
3119,2.0,1.0,20.0,2.5,-0.8,-1.39,3.0,3.0,0
3127,3.0,1.0,22.0,2.5,-0.47,-1.87,3.0,1.0,0
3128,1.0,1.0,42.0,2.9,-2.02,-2.23,4.0,4.0,0
3130,4.0,5.0,40.0,3.7,-0.19,0.0,3.0,4.0,1
3133,8.0,6.0,34.0,2.6,0.73,0.2,3.0,3.0,1
3134,3.0,2.0,29.0,2.7,-0.66,-1.18,3.0,4.0,1
3135,5.0,5.0,42.0,3.4,0.0,-0.27,3.0,3.0,1
3136,3.0,4.0,36.0,2.7,-0.62,-0.47,3.0,4.0,1
3140,10.0,10.0,30.0,3.6,1.42,1.6,4.0,3.0,1
3143,1.0,2.0,32.0,2.8,-1.36,-1.17,4.0,3.0,0
3144,2.0,3.0,35.0,3.1,-1.02,-0.88,3.0,3.0,1
3146,10.0,10.0,38.0,2.9,2.37,2.24,3.0,5.0,1
3148,7.0,9.0,39.0,3.4,0.44,0.93,2.0,5.0,1
3149,4.0,5.0,35.0,3.3,-0.26,-0.09,4.0,3.0,1
3150,2.0,1.0,33.0,3.2,-0.73,-1.51,4.0,4.0,0
3156,5.0,2.0,29.0,2.8,-0.13,-0.95,3.0,3.0,1
3157,6.0,6.0,44.0,3.5,0.14,0.04,4.0,5.0,1
3162,1.0,1.0,33.0,3.4,-1.41,-1.54,4.0,3.0,0
3166,7.0,9.0,41.0,3.3,0.42,1.25,4.0,5.0,1
3171,7.0,8.0,42.0,3.9,0.31,0.7,2.0,5.0,1
3172,1.0,1.0,32.0,2.8,-1.32,-1.62,4.0,4.0,0
3173,6.0,6.0,34.0,3.1,0.2,0.15,4.0,5.0,1
3174,3.0,3.0,40.0,2.5,-0.73,-0.64,3.0,5.0,1
3177,5.0,3.0,48.0,3.6,-0.03,-0.63,4.0,6.0,1
3178,4.0,2.0,42.0,2.6,-0.29,-0.9,3.0,3.0,0
3179,2.0,1.0,36.0,2.8,-1.14,-1.55,4.0,4.0,1
3180,9.0,7.0,39.0,2.8,0.98,0.4,4.0,4.0,1
3181,7.0,6.0,35.0,2.5,0.43,0.09,4.0,1.0,1
3183,9.0,8.0,30.0,3.0,1.1,0.73,4.0,2.0,1
3184,5.0,6.0,44.0,3.6,-0.09,0.04,4.0,4.0,1
3186,10.0,10.0,36.0,3.0,1.46,1.52,4.0,3.0,1
3188,2.0,3.0,26.0,3.5,-0.82,-0.6,3.0,4.0,1
3189,5.0,2.0,41.0,3.3,-0.13,-1.07,4.0,3.0,1
3190,1.0,2.0,25.0,3.1,-1.62,-1.23,3.0,4.0,1
3194,10.0,10.0,39.0,2.5,1.64,1.82,3.0,3.0,1
3195,10.0,8.0,33.0,3.0,1.37,0.6,3.0,3.0,1
3197,10.0,9.0,38.0,3.4,1.34,0.99,3.0,3.0,1
3199,6.0,8.0,37.0,3.6,0.32,0.63,3.0,4.0,1
3200,2.0,4.0,35.0,3.0,-1.14,-0.37,4.0,4.0,1
3202,4.0,3.0,38.0,2.9,-0.25,-0.57,2.0,4.0,1
3203,7.0,6.0,39.0,2.9,0.46,-0.01,4.0,3.0,1
3204,6.0,6.0,37.0,3.2,0.11,0.14,4.0,4.0,1
3207,3.0,3.0,37.0,3.6,-0.61,-0.68,3.0,4.0,1
3209,10.0,9.0,34.0,2.7,1.51,1.11,3.0,3.0,1
3211,3.0,8.0,32.0,3.2,-0.47,0.57,4.0,3.0,1
3212,4.0,2.0,31.5,3.7,-0.2,-0.97,4.0,4.0,1
3213,10.0,10.0,39.0,3.9,1.51,1.42,2.0,4.0,1
3215,5.0,6.0,43.0,3.1,-0.11,0.16,4.0,4.0,1
3216,9.0,8.0,32.0,2.1,1.28,0.66,3.0,4.0,1
3217,2.0,3.0,42.0,3.1,-0.86,-0.67,5.0,4.0,1
3218,10.0,10.0,39.0,3.7,1.31,1.68,5.0,4.0,1
3219,5.0,6.0,26.0,3.1,-0.05,0.17,2.0,1.0,0
3220,1.0,3.0,35.0,3.0,-1.24,-0.79,4.0,5.0,1
3222,10.0,10.0,41.0,4.0,2.3,2.51,3.0,4.0,1
3226,1.0,1.0,34.0,3.0,-1.85,-1.53,3.0,5.0,0
3227,5.0,5.0,31.0,3.4,-0.03,-0.11,1.0,3.0,1
3229,2.0,2.0,33.0,3.3,-0.82,-1.08,3.0,5.0,1
3235,1.0,2.0,30.0,3.2,-1.23,-1.16,2.0,4.0,1
3236,1.0,1.0,25.0,3.1,-1.44,-1.5,4.0,4.0,0
3237,6.0,8.0,39.0,3.2,0.12,0.7,3.0,4.0,1
3239,4.0,3.0,30.0,3.7,-0.32,-0.73,3.0,4.0,1
3241,5.0,5.0,40.0,3.8,0.03,-0.11,3.0,5.0,1
3243,5.0,5.0,34.5,3.6,0.06,-0.06,3.0,4.0,1
3244,5.0,4.0,39.0,2.9,0.02,-0.45,4.0,3.0,0
3245,7.0,7.0,39.0,3.8,0.59,0.5,3.0,4.0,1
3246,8.0,8.0,30.0,3.6,0.75,0.68,3.0,3.0,1
3248,9.0,10.0,40.0,3.5,1.13,1.49,4.0,3.0,1
3252,10.0,9.0,43.5,3.5,1.84,1.05,3.0,6.0,1
3253,5.0,6.0,41.0,3.4,-0.02,0.08,3.0,3.0,1
3255,7.0,6.0,40.0,3.2,0.56,0.16,3.0,4.0,1
3256,8.0,9.0,39.0,3.7,0.58,1.19,4.0,3.0,1
3257,5.0,8.0,43.0,3.4,-0.01,0.73,5.0,6.0,1
3261,7.0,6.0,33.5,3.7,0.43,0.17,3.0,3.0,1
3263,6.0,4.0,35.0,3.3,0.12,-0.35,3.0,4.0,1
3264,9.0,8.0,39.0,3.1,1.03,0.87,1.0,4.0,1
3266,9.0,9.0,44.0,3.3,1.15,0.99,4.0,4.0,1
3268,8.0,9.0,32.0,3.8,0.81,1.07,3.0,3.0,1
3270,10.0,3.0,33.0,2.6,1.75,-0.54,3.0,4.0,0
3271,2.0,2.0,39.0,3.6,-1.03,-1.11,3.0,4.0,1
3274,3.0,6.0,26.0,3.8,-0.67,0.01,4.0,3.0,1
3277,4.0,4.0,30.0,3.2,-0.36,-0.46,2.0,3.0,1
3279,1.0,2.0,32.0,4.0,-1.39,-1.17,4.0,5.0,1
3283,4.0,4.0,35.0,3.0,-0.22,-0.35,3.0,3.0,0
3286,7.0,8.0,42.0,2.9,0.5,0.73,2.0,3.0,1
3288,5.0,7.0,37.0,3.5,-0.11,0.55,4.0,4.0,1
3289,8.0,9.0,37.0,3.7,0.77,0.93,3.0,2.0,1
3291,1.0,3.0,33.0,2.5,-1.27,-0.76,4.0,2.0,1
3292,10.0,9.0,34.0,2.8,1.51,0.92,4.0,3.0,1
3294,3.0,1.0,29.0,2.9,-0.56,-1.55,5.0,3.0,1
3295,8.0,9.0,37.0,3.7,0.63,1.02,4.0,4.0,1
3299,4.0,6.0,39.0,2.7,-0.43,0.06,2.0,5.0,1
3302,10.0,10.0,39.0,3.0,1.7,1.82,4.0,5.0,1
3306,8.0,7.0,33.0,3.2,0.8,0.38,4.0,3.0,1
3307,4.0,4.0,42.0,2.4,-0.29,-0.3,4.0,3.0,1
3308,7.0,7.0,42.0,3.8,0.57,0.3,3.0,4.0,1
3309,3.0,3.0,42.0,2.9,-0.56,-0.82,3.0,5.0,1
3311,3.0,6.0,29.0,3.0,-0.44,0.03,4.0,3.0,1
3313,3.0,2.0,28.0,2.9,-0.66,-1.12,5.0,3.0,1
3323,2.0,4.0,38.0,2.9,-0.92,-0.5,4.0,4.0,1
3330,4.0,4.0,41.0,3.2,-0.24,-0.25,4.0,5.0,1
3332,9.0,8.0,42.0,2.5,0.95,0.86,3.0,3.0,1
3334,9.0,9.0,47.0,3.7,1.16,0.86,3.0,6.0,1
3335,1.0,1.0,40.0,3.2,-1.23,-1.37,4.0,4.0,1
3336,9.0,9.0,36.0,3.1,1.22,1.07,4.0,4.0,1
3339,1.0,1.0,26.0,3.6,-1.23,-1.41,3.0,4.0,0
3340,10.0,9.0,41.0,2.8,1.68,0.97,4.0,4.0,1
3344,5.0,5.0,39.0,2.9,-0.14,-0.16,4.0,6.0,1
3347,4.0,3.0,33.0,2.6,-0.43,-0.67,4.0,2.0,1
3348,2.0,1.0,27.0,3.6,-0.98,-1.32,4.0,5.0,1
3349,7.0,9.0,39.0,3.0,0.36,1.09,4.0,3.0,1
3351,6.0,7.0,44.0,3.2,0.24,0.31,4.0,4.0,1
3354,8.0,7.0,41.0,2.9,0.75,0.46,5.0,3.0,1
3356,2.0,3.0,34.0,3.0,-1.12,-0.73,1.0,5.0,0
3357,9.0,7.0,40.0,3.1,1.06,0.31,4.0,3.0,1
3358,9.0,7.0,40.0,2.6,0.93,0.42,4.0,3.0,1
3359,2.0,1.0,37.0,2.1,-0.7,-1.32,3.0,3.0,1
3361,2.0,5.0,41.0,3.2,-0.76,-0.19,3.0,4.0,1
3364,2.0,2.0,31.0,3.2,-0.94,-1.13,3.0,2.0,1
3367,8.0,8.0,38.0,3.4,0.83,0.8,3.0,4.0,1
3370,4.0,3.0,31.0,2.7,-0.22,-0.65,4.0,2.0,0
3371,2.0,2.0,36.0,2.5,-0.91,-1.1,4.0,3.0,1
3374,6.0,7.0,38.0,2.9,0.17,0.38,4.0,3.0,1
3375,8.0,7.0,38.0,3.9,0.85,0.5,4.0,5.0,1
3376,8.0,8.0,39.0,3.4,0.81,0.61,4.0,4.0,1
3378,6.0,7.0,37.0,3.3,0.08,0.37,3.0,3.0,1
3380,5.0,5.0,33.0,3.1,-0.05,-0.06,3.0,3.0,1
3381,4.0,5.0,34.0,3.5,-0.3,-0.18,3.0,3.0,1
3382,2.0,1.0,37.0,2.7,-1.01,-1.49,2.0,4.0,1
3383,4.0,3.0,37.0,3.1,-0.26,-0.58,4.0,4.0,1
3386,7.0,6.0,43.0,3.1,0.41,0.26,4.0,6.0,0
3387,3.0,1.0,27.0,3.2,-0.69,-1.82,2.0,4.0,1
3389,7.0,9.0,40.0,3.6,0.55,0.94,4.0,4.0,1
3390,9.0,7.0,36.0,3.5,0.9,0.42,4.0,3.0,1
3391,7.0,7.0,33.0,3.7,0.3,0.41,3.0,2.0,1
3394,3.0,3.0,37.0,3.5,-0.58,-0.6,3.0,4.0,0
3397,2.0,3.0,44.0,3.5,-0.73,-0.85,3.0,3.0,1
3398,7.0,5.0,45.0,3.6,0.37,-0.07,4.0,6.0,1
3400,3.0,2.0,30.0,2.8,-0.61,-1.26,3.0,3.0,0
3403,2.0,2.0,33.0,2.5,-0.98,-0.93,3.0,4.0,1
3404,10.0,10.0,48.0,2.7,1.77,1.59,4.0,3.0,1
3406,7.0,8.0,47.0,3.7,0.6,0.56,2.0,6.0,1
3407,1.0,1.0,31.0,2.9,-1.37,-1.84,3.0,3.0,1
3417,1.0,2.0,33.0,3.3,-1.39,-1.12,4.0,3.0,1
3418,2.0,2.0,30.0,3.0,-0.89,-0.95,3.0,3.0,1
3421,8.0,8.0,35.0,3.2,0.7,0.65,2.0,3.0,1
3423,6.0,5.0,38.0,3.0,0.14,-0.07,3.0,4.0,1
3435,2.0,1.0,39.0,3.6,-0.83,-1.39,4.0,4.0,1
3437,9.0,7.0,39.0,2.6,1.22,0.5,4.0,3.0,1
3438,7.0,4.0,43.0,3.7,0.48,-0.25,4.0,6.0,1
3439,3.0,5.0,42.0,2.8,-0.43,-0.14,3.0,4.0,1
3441,1.0,3.0,39.5,2.9,-1.22,-0.81,4.0,4.0,1
3446,7.0,5.0,32.5,2.9,0.43,-0.12,4.0,3.0,1
3448,6.0,7.0,42.0,3.6,0.2,0.29,4.0,2.0,1
3449,4.0,6.0,42.0,3.5,-0.43,0.11,4.0,5.0,1
3451,4.0,7.0,33.0,3.8,-0.28,0.48,3.0,5.0,1
3452,9.0,7.0,33.0,2.9,0.97,0.3,3.0,2.0,1
3453,10.0,10.0,42.0,4.0,1.95,1.58,3.0,6.0,1
3455,6.0,5.0,32.0,3.3,0.26,-0.12,3.0,3.0,1
3456,9.0,10.0,37.0,3.7,1.07,1.41,4.0,4.0,1
3466,3.0,3.0,45.0,3.2,-0.69,-0.79,3.0,4.0,1
3468,8.0,8.0,40.0,3.0,0.77,0.77,5.0,4.0,1
3470,10.0,10.0,38.0,4.0,1.39,1.47,1.0,3.0,1
3472,3.0,3.0,36.0,3.0,-0.62,-0.87,3.0,3.0,1
3473,10.0,10.0,40.0,3.8,1.75,1.73,2.0,4.0,1
3474,6.0,6.0,37.0,3.4,0.16,0.1,3.0,3.0,1
3476,1.0,1.0,34.0,3.1,-1.93,-1.85,3.0,5.0,0
3480,8.0,8.0,32.0,3.2,0.83,0.64,4.0,3.0,1
3487,7.0,7.0,34.0,2.2,0.38,0.41,3.0,4.0,1
3488,10.0,10.0,46.0,3.9,1.76,1.24,3.0,6.0,1
3489,6.0,7.0,42.0,2.9,0.23,0.31,3.0,5.0,1
3490,6.0,6.0,37.0,3.4,0.2,0.13,3.0,3.0,1
3492,10.0,9.0,46.0,3.4,1.4,1.12,5.0,5.0,1
3493,8.0,8.0,40.0,3.1,0.84,0.58,2.0,3.0,1
3496,3.0,2.0,42.0,3.4,-0.58,-1.04,5.0,4.0,1
3498,2.0,2.0,28.0,3.4,-0.81,-1.01,4.0,3.0,1
3500,2.0,1.0,31.0,3.4,-1.12,-1.9,4.0,5.0,1
3503,6.0,7.0,41.0,3.3,0.07,0.36,4.0,5.0,1
3505,4.0,4.0,41.0,3.4,-0.39,-0.48,4.0,5.0,1
3508,9.0,6.0,35.0,3.0,0.88,0.09,3.0,5.0,1
3511,4.0,4.0,30.0,3.8,-0.21,-0.45,3.0,2.0,1
3512,2.0,1.0,27.0,3.1,-0.79,-1.34,2.0,3.0,0
3513,2.0,3.0,30.5,2.8,-0.75,-0.86,5.0,2.0,1
3514,7.0,7.0,31.0,3.0,0.4,0.35,3.0,3.0,0
3515,4.0,3.0,41.0,2.9,-0.37,-0.59,4.0,3.0,1
3516,5.0,5.0,41.0,3.3,0.05,-0.16,3.0,3.0,1
3517,7.0,6.0,41.0,3.3,0.38,0.06,3.0,5.0,1
3524,4.0,4.0,39.0,2.7,-0.22,-0.28,2.0,5.0,1
3526,1.0,1.0,39.0,3.1,-1.76,-1.44,2.0,4.0,0
3529,1.0,3.0,24.0,2.6,-1.53,-0.65,2.0,1.0,0
3532,4.0,4.0,39.0,3.4,-0.17,-0.48,4.0,4.0,1
3533,1.0,1.0,33.0,3.6,-1.68,-1.79,4.0,6.0,1
3535,10.0,10.0,48.0,3.1,1.48,1.31,4.0,5.0,1
3539,10.0,9.0,36.0,3.3,1.59,0.93,3.0,4.0,1
3541,1.0,2.0,33.5,2.9,-1.43,-0.91,3.0,3.0,0
3542,7.0,8.0,40.0,2.4,0.49,0.63,3.0,3.0,1
3543,10.0,10.0,42.0,3.0,2.36,2.74,4.0,3.0,1
3544,9.0,8.0,34.0,3.8,1.03,0.84,3.0,4.0,1
3546,4.0,4.0,36.0,3.3,-0.18,-0.44,3.0,4.0,1
3548,7.0,8.0,41.0,3.6,0.52,0.58,4.0,3.0,1
3550,3.0,4.0,39.0,2.9,-0.81,-0.5,3.0,6.0,1
3553,5.0,3.0,44.0,3.5,-0.18,-0.56,4.0,5.0,1
3556,7.0,4.0,35.0,3.5,0.46,-0.31,4.0,3.0,1
3557,5.0,7.0,37.0,3.6,0.03,0.45,3.0,4.0,1
3561,7.0,5.0,40.0,3.8,0.46,-0.2,4.0,2.0,0
3563,2.0,7.0,34.0,2.9,-0.97,0.35,3.0,3.0,1
3564,4.0,6.0,38.0,4.0,-0.35,0.18,3.0,4.0,1
3570,9.0,9.0,44.0,3.8,1.3,0.94,4.0,4.0,1
3571,2.0,2.0,39.0,3.4,-1.1,-0.9,4.0,4.0,1
3572,7.0,6.0,44.0,2.7,0.35,0.13,5.0,3.0,1
3575,3.0,4.0,37.0,3.5,-0.73,-0.44,4.0,4.0,1
3577,10.0,9.0,39.0,2.7,1.83,1.25,1.0,4.0,1
3578,10.0,10.0,34.0,3.1,1.45,1.43,3.0,2.0,1
3582,9.0,9.0,45.0,3.8,0.97,1.04,4.0,6.0,1
3583,2.0,5.0,43.0,3.3,-0.9,-0.22,4.0,6.0,1
3584,10.0,10.0,38.0,3.7,1.68,1.92,3.0,5.0,1
3587,6.0,8.0,39.0,3.8,0.12,0.79,4.0,6.0,1
3588,8.0,9.0,45.0,3.6,0.76,0.89,3.0,4.0,1
3590,1.0,3.0,40.0,2.9,-1.22,-0.88,4.0,3.0,1
3593,9.0,9.0,33.0,3.5,0.88,0.88,3.0,5.0,1
3594,2.0,1.0,33.0,3.1,-0.71,-1.36,4.0,3.0,1
3597,4.0,5.0,38.0,3.5,-0.27,-0.06,5.0,5.0,1
3599,2.0,2.0,37.0,3.5,-1.03,-1.24,2.0,3.0,1
3600,6.0,7.0,35.0,3.3,0.27,0.52,4.0,3.0,1
3602,1.0,2.0,40.0,3.1,-1.23,-1.06,1.0,5.0,1
3603,5.0,3.0,41.5,3.7,0.03,-0.79,4.0,6.0,1
3606,4.0,3.0,32.0,3.1,-0.34,-0.63,3.0,3.0,0
3607,1.0,1.0,40.0,3.7,-1.37,-1.45,3.0,5.0,1
3610,5.0,4.0,32.0,2.7,0.01,-0.36,4.0,3.0,0
3612,5.0,8.0,40.0,3.5,-0.14,0.66,4.0,5.0,1
3613,8.0,8.0,37.5,3.0,0.81,0.82,4.0,3.0,1
3614,4.0,7.0,34.0,3.0,-0.41,0.29,4.0,3.0,1
3615,4.0,3.0,33.0,3.5,-0.24,-0.68,3.0,3.0,1
3619,6.0,6.0,34.0,3.7,0.15,0.19,3.0,5.0,1
3625,8.0,5.0,38.5,3.5,0.69,-0.21,4.0,3.0,1
3626,10.0,10.0,40.0,3.9,1.35,1.32,3.0,4.0,1
3627,4.0,6.0,32.0,2.6,-0.37,0.04,3.0,2.0,1
3629,5.0,4.0,31.5,3.6,-0.14,-0.26,4.0,4.0,1
3631,7.0,5.0,44.0,3.1,0.32,0.01,5.0,5.0,1
3632,4.0,2.0,32.3,3.3,-0.44,-1.23,3.0,6.0,1
3638,1.0,1.0,45.0,3.5,-1.7,-1.38,4.0,5.0,1
3640,5.0,6.0,34.5,2.8,-0.18,0.02,4.0,5.0,1
3641,8.0,6.0,38.0,2.8,0.66,0.03,4.0,3.0,1
3642,2.0,2.0,36.0,3.6,-0.88,-1.17,3.0,4.0,1
3643,10.0,10.0,35.0,3.7,1.38,1.57,4.0,3.0,1
3645,5.0,8.0,46.0,3.2,-0.01,0.87,3.0,4.0,1
3649,6.0,3.0,33.0,3.3,0.11,-0.72,3.0,3.0,1
3650,6.0,8.0,39.0,3.8,0.21,0.68,4.0,4.0,1
3652,3.0,2.0,32.0,3.7,-0.7,-1.2,3.0,5.0,1
3659,7.0,8.0,42.0,2.9,0.42,0.76,3.0,3.0,1
3660,5.0,6.0,41.0,2.7,0.03,0.15,4.0,4.0,1
3661,9.0,8.0,41.0,3.9,1.02,0.79,4.0,4.0,1
3662,9.0,10.0,38.0,3.8,1.01,1.56,4.0,2.0,1
3666,6.0,6.0,38.0,2.8,0.26,0.2,3.0,3.0,1
3667,6.0,2.0,33.0,3.6,0.08,-0.95,4.0,3.0,1
3674,2.0,4.0,35.0,2.9,-0.95,-0.28,4.0,5.0,1
3679,2.0,5.0,32.0,3.3,-0.8,-0.13,2.0,3.0,1
3680,2.0,3.0,42.0,3.7,-0.91,-0.75,4.0,5.0,1
3683,3.0,2.0,34.0,3.5,-0.66,-1.19,5.0,3.0,1
3684,9.0,8.0,43.0,3.1,1.21,0.8,4.0,3.0,1
3685,6.0,6.0,34.0,2.4,0.19,0.11,2.0,2.0,1
3687,1.0,1.0,35.0,2.9,-1.24,-1.32,4.0,3.0,1
3688,5.0,4.0,42.0,3.6,-0.16,-0.28,4.0,6.0,1
3691,6.0,8.0,29.0,3.1,0.19,0.72,3.0,2.0,1
3692,7.0,8.0,38.0,3.4,0.36,0.71,4.0,4.0,1
3694,10.0,9.0,34.0,3.9,1.43,1.02,4.0,3.0,1
3695,7.0,5.0,30.0,3.6,0.53,-0.17,3.0,3.0,1
3697,10.0,10.0,32.0,3.6,1.75,1.9,3.0,4.0,1
3699,5.0,5.0,31.0,3.0,-0.04,-0.15,5.0,3.0,1
3701,4.0,2.0,29.0,3.5,-0.08,-1.0,3.0,1.0,0
3702,9.0,9.0,46.0,4.0,1.38,1.15,2.0,6.0,1
3706,5.0,5.0,35.0,3.4,-0.11,-0.05,4.0,4.0,1
3707,10.0,9.0,38.0,3.0,1.35,1.14,3.0,3.0,1
3710,6.0,6.0,37.0,3.4,0.26,0.14,3.0,4.0,1
3712,8.0,6.0,39.0,3.1,0.57,0.09,3.0,3.0,1
3713,2.0,4.0,28.0,3.5,-0.81,-0.37,4.0,3.0,0
3715,4.0,4.0,38.0,3.5,-0.21,-0.26,4.0,4.0,1
3717,8.0,8.0,46.0,3.7,0.75,0.69,4.0,5.0,1
3719,10.0,10.0,35.0,2.8,1.31,1.43,2.0,5.0,1
3721,9.0,9.0,32.0,3.2,1.04,1.25,4.0,3.0,1
3722,1.0,1.0,34.0,3.2,-1.31,-1.39,3.0,4.0,0
3727,7.0,8.0,35.5,3.2,0.4,0.64,3.0,4.0,1
3728,10.0,10.0,45.0,3.1,2.15,2.01,5.0,1.0,1
3729,8.0,6.0,41.0,3.7,0.77,0.21,3.0,4.0,1
3733,6.0,6.0,37.0,2.7,0.32,0.15,3.0,4.0,1
3734,1.0,1.0,38.0,3.1,-1.69,-1.76,3.0,5.0,0
3735,5.0,7.0,34.0,3.2,-0.01,0.41,1.0,5.0,1
3738,7.0,9.0,34.0,3.7,0.46,0.91,4.0,4.0,1
3741,2.0,2.0,35.0,2.9,-0.84,-1.14,3.0,3.0,1
3743,10.0,8.0,31.0,2.7,1.89,0.79,5.0,2.0,1
3749,2.0,1.0,30.0,2.3,-0.93,-1.63,3.0,4.0,0
3750,6.0,3.0,29.5,3.3,0.16,-0.76,3.0,2.0,1
3751,10.0,10.0,41.0,3.5,1.55,1.63,3.0,3.0,1
3753,6.0,7.0,38.0,3.5,0.23,0.4,4.0,5.0,1
3755,10.0,10.0,39.0,3.6,1.63,1.68,5.0,4.0,1
3756,9.0,9.0,35.0,3.1,1.01,1.32,4.0,2.0,1
3757,6.0,4.0,45.0,3.6,0.26,-0.35,5.0,5.0,1
3758,2.0,1.0,34.0,2.0,-1.12,-1.5,3.0,5.0,1
3762,9.0,8.0,44.0,3.8,1.01,0.69,4.0,5.0,1
3765,9.0,9.0,37.0,3.4,1.06,1.06,4.0,3.0,1
3768,2.0,2.0,39.0,2.9,-0.92,-0.93,4.0,3.0,1
3770,6.0,2.0,37.0,3.5,0.11,-0.95,4.0,3.0,0
3773,3.0,1.0,41.0,3.2,-0.55,-1.48,5.0,5.0,0
3775,7.0,6.0,47.0,3.9,0.49,0.08,4.0,6.0,1
3778,5.0,6.0,33.0,2.7,0.03,0.06,3.0,3.0,1
3786,5.0,6.0,33.0,3.1,-0.04,0.18,4.0,5.0,1
3787,4.0,8.0,44.0,3.4,-0.33,0.58,3.0,5.0,1
3789,6.0,5.0,41.0,2.6,0.09,-0.1,5.0,6.0,1
3791,1.0,1.0,35.0,3.2,-2.36,-2.04,4.0,3.0,1
3793,7.0,7.0,46.0,3.4,0.59,0.42,4.0,4.0,1
3795,5.0,7.0,27.0,2.8,-0.11,0.55,2.0,3.0,0
3806,7.0,6.0,40.0,1.7,0.52,0.11,4.0,1.0,1
3808,1.0,4.0,36.0,3.7,-1.28,-0.48,5.0,3.0,1
3809,2.0,2.0,43.0,3.3,-1.13,-1.2,4.0,5.0,1
3810,2.0,2.0,29.0,3.6,-0.84,-1.09,2.0,5.0,1
3815,8.0,8.0,40.0,3.2,0.71,0.83,3.0,5.0,1
3818,9.0,7.0,37.0,3.1,1.0,0.46,4.0,5.0,1
3819,4.0,2.0,37.5,3.5,-0.21,-1.15,3.0,3.0,0
3821,2.0,2.0,34.0,3.5,-0.84,-1.1,3.0,5.0,1
3822,6.0,8.0,41.0,3.3,0.27,0.66,4.0,5.0,1
3825,7.0,9.0,39.0,3.6,0.54,0.99,4.0,4.0,1
3828,4.0,3.0,45.0,3.5,-0.21,-0.54,2.0,4.0,1
3829,5.0,4.0,31.5,3.2,-0.14,-0.37,3.0,3.0,1
3835,7.0,9.0,32.0,3.0,0.33,0.99,3.0,3.0,1
3836,9.0,10.0,43.0,3.7,1.28,1.35,4.0,6.0,1
3838,7.0,9.0,34.0,3.4,0.48,1.17,4.0,5.0,1
3839,6.0,9.0,41.0,3.8,0.23,1.15,3.0,5.0,1
3841,7.0,6.0,32.0,3.2,0.33,0.05,4.0,3.0,1
3843,2.0,2.0,42.0,3.4,-1.1,-1.0,4.0,6.0,1
3848,1.0,3.0,43.0,3.4,-1.3,-0.79,3.0,5.0,1
3849,9.0,9.0,35.0,3.7,1.1,1.0,3.0,1.0,1
3853,1.0,4.0,35.0,3.3,-1.16,-0.38,4.0,3.0,1
3854,7.0,6.0,34.0,3.1,0.35,0.2,4.0,2.0,1
3858,2.0,6.0,34.5,3.3,-0.82,0.15,4.0,3.0,1
3859,7.0,7.0,39.0,3.3,0.53,0.36,4.0,4.0,1
3861,1.0,3.0,38.0,3.7,-2.75,-0.8,3.0,5.0,1
3864,7.0,7.0,39.0,4.0,0.55,0.31,4.0,6.0,1
3866,9.0,7.0,43.0,3.4,0.97,0.46,4.0,3.0,1
3869,8.0,10.0,43.0,3.2,0.85,1.37,4.0,3.0,1
3870,1.0,2.0,31.0,3.6,-1.25,-1.11,1.0,6.0,0
3871,6.0,5.0,36.0,2.9,0.28,-0.14,4.0,3.0,1
3876,8.0,9.0,42.0,3.4,0.77,0.88,4.0,4.0,1
3881,7.0,3.0,42.0,3.0,0.33,-0.78,4.0,5.0,1
3883,6.0,6.0,43.0,3.1,0.11,0.05,3.0,4.0,1
3885,1.0,1.0,31.0,3.2,-1.26,-1.62,4.0,3.0,1
3886,4.0,3.0,48.0,3.9,-0.25,-0.52,4.0,5.0,1
3888,2.0,1.0,48.0,3.5,-1.17,-1.57,3.0,5.0,0
3889,1.0,3.0,42.0,3.5,-1.17,-0.87,4.0,4.0,1
3890,7.0,3.0,37.0,3.1,0.34,-0.57,3.0,3.0,1
3892,2.0,2.0,35.0,3.7,-1.09,-0.99,3.0,3.0,1
3893,4.0,3.0,41.0,3.2,-0.29,-0.73,3.0,4.0,1
3894,4.0,5.0,36.0,3.4,-0.39,-0.19,4.0,3.0,1
3895,1.0,1.0,22.0,2.5,-1.54,-1.84,3.0,4.0,0
3896,1.0,1.0,25.0,2.5,-1.65,-1.8,4.0,4.0,0
3897,8.0,5.0,45.0,2.9,0.59,-0.18,3.0,3.0,1
3899,8.0,9.0,30.0,2.9,0.61,1.03,4.0,3.0,1
3904,5.0,6.0,36.0,2.8,-0.07,0.09,3.0,5.0,1
3907,3.0,4.0,35.0,2.8,-0.58,-0.38,3.0,3.0,1
3909,4.0,5.0,44.0,3.1,-0.39,-0.04,4.0,4.0,1
3911,6.0,8.0,39.0,3.4,0.21,0.84,3.0,3.0,1
3912,9.0,9.0,35.0,3.5,0.96,1.11,3.0,4.0,1
3916,5.0,4.0,38.0,3.1,-0.07,-0.38,4.0,4.0,1
3917,6.0,8.0,40.0,3.9,0.13,0.75,4.0,4.0,1
3918,4.0,5.0,39.0,3.1,-0.18,0.0,3.0,4.0,1
3920,3.0,3.0,43.0,3.8,-0.73,-0.66,4.0,6.0,1
3922,9.0,9.0,25.0,2.7,0.97,0.89,1.0,3.0,1
3924,4.0,2.0,42.0,2.9,-0.26,-1.05,3.0,4.0,1
3925,9.0,10.0,33.0,3.1,1.15,1.39,4.0,2.0,1
3927,6.0,6.0,39.0,3.1,0.17,0.14,4.0,4.0,1
3928,7.0,8.0,41.0,3.9,0.59,0.73,3.0,4.0,1
3929,8.0,8.0,37.0,3.6,0.84,0.57,3.0,2.0,1
3931,10.0,9.0,38.0,3.1,2.04,1.14,3.0,5.0,1
3934,5.0,6.0,35.0,3.3,-0.01,-0.01,5.0,3.0,1
3935,8.0,9.0,31.0,3.8,0.69,1.22,3.0,5.0,1
3938,1.0,3.0,41.0,3.7,-1.21,-0.83,3.0,4.0,1
3941,9.0,7.0,37.0,3.0,0.94,0.44,4.0,3.0,1
3942,4.0,2.0,44.0,2.2,-0.29,-0.89,3.0,3.0,0
3943,6.0,4.0,40.0,2.5,0.1,-0.35,3.0,3.0,1
3944,9.0,10.0,42.0,4.0,0.95,1.5,4.0,5.0,1
3950,10.0,10.0,40.0,3.1,2.54,2.74,4.0,3.0,1
3956,4.0,5.0,45.0,3.9,-0.44,-0.12,3.0,5.0,1
3957,10.0,10.0,46.0,3.7,1.92,1.41,4.0,5.0,1
3958,2.0,2.0,41.0,3.5,-0.8,-0.96,3.0,4.0,1
3961,7.0,8.0,43.0,3.7,0.61,0.82,3.0,4.0,1
3962,5.0,5.0,41.0,3.5,0.02,-0.06,4.0,4.0,1
3966,7.0,10.0,33.0,3.1,0.56,1.63,4.0,3.0,1
3971,3.0,3.0,30.5,3.4,-0.66,-0.78,3.0,4.0,1
3973,9.0,10.0,37.0,4.0,1.23,1.36,2.0,5.0,1
3974,8.0,9.0,37.5,3.6,0.8,0.99,5.0,5.0,1
3976,10.0,10.0,44.0,2.5,1.52,1.53,4.0,3.0,1
3978,1.0,2.0,35.5,3.6,-1.23,-0.98,4.0,5.0,0
3982,9.0,9.0,31.0,3.6,1.23,1.31,3.0,3.0,1
3992,6.0,7.0,48.0,3.7,0.26,0.29,5.0,6.0,1
3994,2.0,3.0,33.0,2.5,-0.75,-0.74,4.0,3.0,1
3995,10.0,9.0,35.0,3.2,1.33,1.25,4.0,4.0,1
3996,1.0,1.0,35.0,2.8,-1.72,-1.61,5.0,3.0,0
4000,5.0,6.0,40.0,3.5,-0.06,0.03,5.0,4.0,1
4003,10.0,10.0,43.0,3.7,1.56,1.88,3.0,4.0,1
4006,3.0,4.0,42.0,3.8,-0.69,-0.46,4.0,4.0,1
4007,3.0,3.0,44.0,3.5,-0.56,-0.68,4.0,5.0,1
4010,2.0,1.0,42.0,2.6,-0.94,-1.39,3.0,4.0,0
4013,10.0,10.0,28.5,2.8,1.49,2.73,3.0,1.0,1
4014,3.0,4.0,45.0,3.6,-0.58,-0.35,3.0,5.0,1
4015,2.0,2.0,32.0,3.4,-1.13,-0.97,2.0,4.0,0
4017,3.0,3.0,31.0,3.3,-0.59,-0.76,4.0,3.0,1
4018,5.0,7.0,41.0,3.5,0.08,0.34,3.0,4.0,1
4019,2.0,2.0,37.0,3.3,-1.07,-1.18,1.0,6.0,0
4024,3.0,2.0,39.0,2.8,-0.6,-1.12,3.0,4.0,0
4025,5.0,5.0,41.0,3.4,-0.07,0.01,3.0,4.0,1
4026,3.0,5.0,38.0,3.3,-0.73,-0.2,3.0,5.0,1
4027,1.0,4.0,44.0,3.1,-1.66,-0.49,3.0,4.0,1
4030,8.0,8.0,41.0,3.9,0.71,0.62,4.0,4.0,1
4031,1.0,1.0,29.0,2.4,-2.26,-1.98,3.0,3.0,0
4034,7.0,5.0,38.0,3.0,0.56,-0.06,3.0,5.0,1
4037,4.0,3.0,38.0,3.2,-0.35,-0.61,3.0,4.0,1
4043,8.0,8.0,40.0,3.3,0.74,0.76,4.0,5.0,1
4046,8.0,7.0,32.5,2.9,0.85,0.41,5.0,3.0,1
4048,5.0,5.0,40.0,3.5,-0.06,-0.23,2.0,4.0,1
4050,8.0,8.0,35.0,3.7,0.78,0.74,3.0,3.0,1
4052,1.0,1.0,36.0,2.7,-1.28,-1.36,3.0,3.0,1
4053,7.0,6.0,37.0,3.3,0.54,0.12,5.0,5.0,1
4055,8.0,8.0,37.5,3.6,0.65,0.56,4.0,3.0,1
4058,9.0,9.0,33.0,3.2,1.23,1.18,4.0,3.0,1
4061,10.0,9.0,42.0,4.0,1.66,1.26,4.0,5.0,1
4065,5.0,2.0,37.0,3.0,-0.05,-1.15,3.0,3.0,1
4066,9.0,7.0,40.0,3.3,1.2,0.32,3.0,3.0,1
4067,2.0,3.0,35.0,3.6,-0.79,-0.65,3.0,3.0,1
4068,8.0,8.0,41.0,3.8,0.62,0.77,3.0,4.0,1
4069,8.0,7.0,34.0,2.1,0.74,0.46,3.0,4.0,1
4072,9.0,10.0,45.0,3.8,1.12,1.58,5.0,5.0,1
4074,6.0,6.0,36.0,3.5,0.17,0.07,3.0,5.0,1
4079,1.0,1.0,28.0,2.9,-1.34,-1.5,1.0,1.0,1
4082,9.0,7.0,34.0,3.3,1.15,0.42,3.0,3.0,1
4083,2.0,3.0,35.0,2.9,-0.86,-0.69,4.0,3.0,1
4087,9.0,10.0,39.0,3.1,0.99,1.36,4.0,3.0,1
4091,3.0,7.0,35.0,3.3,-0.73,0.38,4.0,5.0,1
4092,8.0,5.0,39.0,2.7,0.61,-0.25,4.0,3.0,1
4093,7.0,8.0,40.0,3.8,0.55,0.62,4.0,6.0,1
4097,6.0,8.0,34.0,3.5,0.19,0.64,3.0,3.0,1
4098,4.0,5.0,40.0,3.0,-0.24,-0.14,3.0,4.0,1
4100,6.0,5.0,31.0,3.2,0.08,-0.15,4.0,3.0,1
4101,1.0,3.0,45.0,3.8,-1.28,-0.79,3.0,6.0,1
4102,10.0,10.0,38.0,2.6,2.24,2.17,4.0,5.0,1
4106,5.0,7.0,37.0,2.8,-0.09,0.45,4.0,4.0,1
4107,2.0,2.0,34.0,2.9,-0.83,-1.12,2.0,2.0,1
4108,10.0,7.0,35.5,3.5,1.48,0.46,4.0,6.0,1
4110,2.0,1.0,22.0,2.6,-0.99,-1.42,3.0,4.0,0
4113,6.0,8.0,38.0,3.3,0.22,0.63,4.0,4.0,1
4114,7.0,7.0,40.0,3.7,0.35,0.52,4.0,4.0,1
4116,1.0,1.0,39.0,3.0,-1.7,-2.01,3.0,3.0,1
4119,1.0,1.0,29.0,3.0,-1.56,-1.75,3.0,2.0,0
4120,6.0,5.0,36.0,2.7,0.26,0.0,4.0,5.0,1
4123,3.0,3.0,31.0,3.8,-0.45,-0.68,2.0,4.0,1
4126,7.0,7.0,37.0,3.8,0.58,0.49,3.0,4.0,1
4128,7.0,6.0,44.0,3.4,0.51,0.25,3.0,4.0,1
4132,4.0,2.0,33.0,2.5,-0.29,-1.06,3.0,2.0,1
4134,9.0,6.0,40.0,2.4,1.27,0.13,4.0,3.0,1
4138,9.0,9.0,31.0,3.2,0.94,1.03,4.0,3.0,1
4140,8.0,9.0,38.0,3.1,0.8,1.01,5.0,6.0,1
4143,2.0,1.0,33.5,2.9,-1.04,-1.48,4.0,3.0,0
4151,6.0,8.0,19.0,3.2,0.28,0.87,1.0,1.0,1
4152,9.0,8.0,33.0,3.4,1.19,0.77,3.0,4.0,1
4154,9.0,9.0,36.0,3.8,0.88,1.08,2.0,3.0,1
4158,4.0,4.0,37.0,3.5,-0.21,-0.52,2.0,2.0,1
4159,8.0,6.0,33.0,3.1,0.67,0.1,4.0,3.0,1
4161,6.0,5.0,34.0,3.1,0.3,-0.12,3.0,3.0,1
4164,4.0,3.0,35.0,3.4,-0.2,-0.64,4.0,3.0,1
4165,2.0,4.0,42.0,3.9,-1.12,-0.38,4.0,5.0,1
4174,6.0,6.0,47.0,3.5,0.15,0.08,5.0,5.0,1
4175,10.0,10.0,33.0,3.0,1.65,1.94,4.0,4.0,1
4176,3.0,4.0,36.0,3.2,-0.47,-0.46,3.0,4.0,1
4177,6.0,7.0,29.0,2.8,0.08,0.28,3.0,3.0,1
4178,9.0,8.0,41.0,3.2,1.04,0.87,4.0,3.0,1
4179,1.0,2.0,34.0,2.7,-1.47,-1.32,3.0,4.0,1
4181,2.0,4.0,32.0,3.7,-0.85,-0.42,3.0,3.0,1
4182,9.0,9.0,35.0,3.4,1.04,1.23,3.0,3.0,1
4183,6.0,5.0,35.0,3.0,0.18,-0.06,3.0,3.0,1
4184,5.0,6.0,37.0,3.6,-0.02,0.2,3.0,3.0,1
4186,9.0,7.0,41.0,3.2,0.97,0.43,3.0,5.0,1
4188,3.0,1.0,42.0,2.3,-0.57,-1.39,4.0,3.0,1
4190,7.0,6.0,35.0,2.4,0.53,0.23,2.0,3.0,1
4191,1.0,1.0,37.0,3.4,-1.26,-1.38,3.0,3.0,1
4194,10.0,10.0,41.0,2.8,1.37,1.56,3.0,3.0,1
4196,6.0,3.0,37.0,2.8,0.18,-0.62,4.0,4.0,1
4197,1.0,2.0,39.0,3.2,-1.41,-1.0,3.0,4.0,1
4200,2.0,6.0,34.0,3.3,-0.75,0.25,2.0,4.0,1
4208,4.0,6.0,38.0,3.4,-0.18,0.18,4.0,3.0,1
4209,10.0,10.0,31.0,3.4,1.64,1.58,3.0,2.0,1
4210,6.0,5.0,40.0,2.9,0.18,-0.16,3.0,4.0,1
4217,4.0,3.0,34.0,3.3,-0.33,-0.61,3.0,4.0,1
4218,7.0,8.0,34.0,2.9,0.38,0.76,3.0,3.0,1
4219,9.0,8.0,32.0,2.9,1.1,0.57,5.0,3.0,1
4220,5.0,4.0,36.0,3.6,-0.1,-0.42,3.0,3.0,1
4222,9.0,10.0,37.0,4.0,1.22,1.32,3.0,6.0,1
4223,5.0,3.0,41.0,3.3,-0.16,-0.77,3.0,5.0,0
4226,4.0,5.0,33.5,2.6,-0.22,-0.26,3.0,3.0,1
4227,4.0,4.0,40.0,3.5,-0.35,-0.46,3.0,5.0,1
4228,5.0,3.0,28.0,3.9,-0.01,-0.69,4.0,4.0,1
4231,6.0,7.0,30.5,3.4,0.25,0.53,4.0,3.0,1
4232,7.0,8.0,42.0,3.0,0.55,0.86,4.0,3.0,1
4233,1.0,1.0,39.0,2.7,-1.38,-1.56,4.0,5.0,1
4235,8.0,9.0,45.0,3.9,0.62,1.1,4.0,4.0,1
4236,9.0,9.0,38.0,2.4,1.28,1.09,3.0,3.0,1
4240,3.0,6.0,30.0,3.5,-0.6,0.01,3.0,4.0,1
4241,6.0,4.0,36.0,3.7,0.17,-0.44,3.0,3.0,1
4242,3.0,5.0,39.0,2.7,-0.53,-0.25,4.0,3.0,1
4243,9.0,9.0,33.0,3.2,1.01,1.27,4.0,1.0,1
4244,5.0,8.0,32.0,3.8,-0.03,0.66,4.0,4.0,1
4245,7.0,6.0,29.0,2.7,0.51,0.04,2.0,1.0,1
4248,3.0,3.0,25.0,2.5,-0.52,-0.71,2.0,3.0,0
4251,1.0,3.0,45.0,3.4,-1.27,-0.79,4.0,5.0,1
4252,4.0,3.0,30.5,2.7,-0.32,-0.73,3.0,5.0,0
4254,3.0,3.0,37.0,3.8,-0.52,-0.76,5.0,4.0,1
4255,6.0,5.0,41.0,3.2,0.27,-0.07,4.0,4.0,1
4256,10.0,10.0,39.0,3.7,1.95,2.23,5.0,6.0,1
4257,1.0,1.0,31.0,2.1,-2.78,-2.56,2.0,4.0,1
4260,10.0,10.0,41.0,3.9,2.1,2.22,4.0,4.0,1
4261,6.0,5.0,32.0,3.4,0.17,-0.09,4.0,3.0,1
4263,5.0,6.0,47.0,3.6,0.08,0.1,4.0,6.0,1
4265,5.0,7.0,40.0,4.0,-0.08,0.34,3.0,5.0,1
4267,6.0,6.0,33.0,3.7,0.17,0.12,4.0,3.0,1
4268,2.0,2.0,32.0,2.9,-0.75,-1.06,4.0,4.0,0
4270,9.0,9.0,36.0,3.1,1.08,1.16,3.0,2.0,1
4279,5.0,5.0,34.0,4.0,-0.1,-0.16,3.0,4.0,1
4281,9.0,8.0,32.0,2.5,1.01,0.8,4.0,3.0,1
4286,8.0,5.0,47.0,2.7,0.84,0.01,5.0,6.0,1
4287,2.0,3.0,29.5,3.4,-0.93,-0.84,3.0,4.0,1
4288,1.0,1.0,25.5,3.0,-1.15,-2.03,3.0,3.0,0
4289,6.0,7.0,41.0,3.7,0.31,0.47,3.0,4.0,1
4290,4.0,6.0,43.0,3.2,-0.28,0.1,4.0,4.0,1
4293,2.0,1.0,30.0,2.5,-0.99,-1.65,3.0,3.0,1
4294,4.0,4.0,26.5,2.4,-0.43,-0.36,3.0,5.0,1
4298,9.0,8.0,38.0,3.1,1.25,0.79,4.0,5.0,1
4301,4.0,3.0,36.0,3.5,-0.41,-0.76,5.0,3.0,1
4304,8.0,8.0,35.0,3.3,0.86,0.72,5.0,3.0,1
4305,4.0,4.0,44.0,3.5,-0.21,-0.37,3.0,4.0,1
4306,5.0,8.0,44.0,3.7,0.03,0.6,3.0,3.0,1
4308,10.0,10.0,38.0,3.2,1.83,1.46,4.0,4.0,1
4309,8.0,9.0,35.0,3.3,0.78,1.02,5.0,3.0,1
4310,1.0,3.0,34.0,3.6,-1.21,-0.8,4.0,4.0,1
4311,6.0,1.0,36.0,2.9,0.13,-1.44,4.0,2.0,0
4312,5.0,6.0,42.0,2.9,0.03,0.08,4.0,4.0,1
4315,1.0,4.0,37.0,2.5,-1.27,-0.54,4.0,3.0,1
4316,5.0,4.0,39.0,3.8,-0.14,-0.25,5.0,5.0,1
4321,8.0,8.0,40.0,3.4,0.69,0.63,4.0,5.0,1
4324,1.0,1.0,42.0,3.6,-1.62,-1.65,3.0,6.0,1
4325,6.0,7.0,39.0,3.4,0.09,0.42,4.0,3.0,1
4326,10.0,9.0,38.0,3.9,1.69,1.29,4.0,3.0,1
4327,1.0,1.0,39.0,3.7,-1.32,-1.62,3.0,4.0,1
4333,9.0,9.0,31.0,3.1,1.13,0.99,4.0,3.0,1
4337,6.0,6.0,38.0,2.7,0.11,0.1,4.0,3.0,1
4340,7.0,7.0,38.0,3.6,0.48,0.32,3.0,3.0,1
4345,8.0,9.0,42.0,3.4,0.69,0.99,5.0,4.0,1
4350,7.0,7.0,38.0,3.0,0.52,0.49,4.0,5.0,1
4352,6.0,8.0,35.0,3.5,0.15,0.76,4.0,5.0,1
4353,4.0,4.0,32.5,3.8,-0.44,-0.31,3.0,5.0,1
4354,3.0,4.0,42.0,3.2,-0.49,-0.29,4.0,4.0,1
4355,5.0,6.0,34.5,3.5,-0.15,0.01,3.0,3.0,1
4356,10.0,10.0,45.0,3.7,1.79,1.53,5.0,5.0,1
4361,2.0,2.0,32.0,2.2,-0.91,-1.31,2.0,1.0,0
4365,8.0,9.0,42.0,3.8,0.77,0.88,4.0,4.0,1
4366,2.0,2.0,33.0,3.4,-1.11,-1.04,4.0,6.0,1
4369,2.0,4.0,31.0,3.3,-0.89,-0.48,4.0,3.0,1
4370,1.0,4.0,40.0,3.7,-1.24,-0.5,3.0,5.0,1
4375,1.0,2.0,31.5,3.2,-1.49,-1.29,4.0,4.0,1
4376,6.0,6.0,41.0,3.4,0.3,0.16,3.0,3.0,1
4379,8.0,8.0,40.0,3.7,0.61,0.56,5.0,5.0,1
4380,4.0,3.0,33.0,2.8,-0.38,-0.68,4.0,4.0,1
4383,9.0,5.0,39.0,2.6,0.9,-0.12,4.0,3.0,1
4384,3.0,6.0,30.0,3.9,-0.49,-0.05,3.0,2.0,1
4385,1.0,2.0,35.0,3.6,-1.19,-0.96,3.0,4.0,1
4388,3.0,3.0,35.5,3.3,-0.68,-0.64,4.0,4.0,1
4389,6.0,4.0,44.0,2.7,0.1,-0.41,4.0,3.0,1
4390,10.0,10.0,40.0,3.4,2.03,1.41,4.0,4.0,1
4392,5.0,6.0,41.0,3.0,-0.06,0.24,3.0,3.0,1
4393,10.0,10.0,41.0,3.8,1.66,1.61,3.0,4.0,1
4396,8.0,6.0,43.0,2.7,0.65,0.02,4.0,6.0,1
4398,2.0,3.0,30.0,3.5,-0.83,-0.57,2.0,5.0,1
4399,1.0,3.0,35.5,3.6,-1.52,-0.69,3.0,4.0,1
4402,4.0,6.0,35.0,3.3,-0.26,0.01,4.0,3.0,1
4404,8.0,9.0,33.0,3.4,0.89,1.2,3.0,4.0,1
4408,1.0,1.0,38.0,3.1,-1.19,-1.48,4.0,4.0,1
4409,10.0,10.0,37.0,3.2,1.93,2.14,3.0,3.0,1
4410,5.0,5.0,41.0,2.7,0.01,-0.2,4.0,3.0,1
4411,7.0,7.0,25.0,3.6,0.33,0.4,3.0,2.0,1
4412,5.0,6.0,35.0,3.0,0.02,0.06,3.0,4.0,1
4413,2.0,2.0,35.0,3.1,-0.74,-0.96,1.0,4.0,0
4417,4.0,3.0,33.5,3.4,-0.43,-0.74,5.0,4.0,1
4420,9.0,9.0,39.0,3.3,1.15,1.23,4.0,3.0,1
4429,7.0,4.0,35.0,3.2,0.46,-0.5,2.0,2.0,1
4430,8.0,5.0,35.0,2.4,0.59,-0.21,5.0,2.0,1
4431,8.0,8.0,39.0,2.6,0.66,0.79,3.0,3.0,1
4432,1.0,4.0,44.0,3.6,-1.44,-0.49,4.0,6.0,1
4433,1.0,1.0,27.0,3.4,-1.84,-1.65,4.0,3.0,0
4435,1.0,1.0,26.5,2.9,-1.81,-1.89,3.0,5.0,1
4439,2.0,2.0,38.0,2.9,-0.91,-0.95,3.0,1.0,0
4440,9.0,8.0,36.0,3.0,1.21,0.65,3.0,3.0,1
4443,8.0,9.0,28.0,3.5,0.64,0.88,4.0,3.0,1
4445,9.0,9.0,29.0,2.0,1.31,1.32,3.0,1.0,1
4447,10.0,10.0,39.0,3.4,1.71,1.55,4.0,3.0,1
4452,10.0,9.0,40.0,3.1,1.38,1.13,3.0,3.0,1
4457,10.0,9.0,39.0,3.2,1.49,1.2,3.0,4.0,1
4458,7.0,7.0,35.0,3.0,0.42,0.34,4.0,4.0,1
4463,1.0,2.0,40.0,3.9,-1.37,-1.24,5.0,5.0,1
4465,2.0,1.0,33.0,3.2,-1.06,-1.72,2.0,6.0,1
4466,1.0,1.0,41.0,2.7,-1.32,-1.64,4.0,3.0,0
4468,3.0,4.0,44.0,3.6,-0.67,-0.43,4.0,4.0,1
4472,9.0,6.0,41.0,3.2,0.9,0.06,4.0,3.0,1
4475,1.0,1.0,34.0,3.6,-1.26,-1.56,4.0,3.0,1
4478,7.0,6.0,35.0,3.2,0.38,0.14,4.0,5.0,1
4480,6.0,6.0,24.0,3.2,0.17,0.0,3.0,3.0,1
4481,5.0,6.0,31.0,2.7,0.14,0.09,5.0,1.0,0
4482,8.0,4.0,32.0,1.8,0.65,-0.41,4.0,4.0,1
4486,5.0,7.0,30.0,3.4,0.03,0.26,4.0,3.0,1
4487,10.0,10.0,40.0,2.8,1.64,1.42,3.0,4.0,1
4490,10.0,10.0,33.0,2.5,2.28,2.23,3.0,2.0,1
4491,6.0,4.0,34.0,3.2,0.18,-0.53,2.0,4.0,1
4493,1.0,2.0,29.5,2.8,-1.33,-1.1,3.0,5.0,1
4494,7.0,7.0,42.0,3.7,0.34,0.35,3.0,5.0,1
4498,6.0,4.0,44.0,3.7,0.08,-0.28,3.0,5.0,1
4504,7.0,6.0,44.0,3.6,0.41,0.03,4.0,5.0,1
4505,4.0,3.0,36.0,3.9,-0.32,-0.69,3.0,4.0,0
4506,5.0,6.0,42.0,3.2,-0.02,0.15,3.0,3.0,1
4508,6.0,2.0,24.0,3.3,0.18,-0.93,1.0,4.0,0
4509,10.0,9.0,43.0,3.6,1.31,1.15,4.0,5.0,1
4511,6.0,8.0,39.0,3.2,0.27,0.59,1.0,5.0,1
4512,3.0,3.0,31.0,2.2,-0.63,-0.74,3.0,4.0,1
4515,1.0,1.0,20.5,2.8,-1.38,-1.91,3.0,3.0,0
4517,9.0,9.0,41.5,3.3,0.95,0.92,2.0,5.0,1
4518,8.0,8.0,34.0,3.0,0.58,0.62,4.0,3.0,1
4521,1.0,1.0,27.0,4.0,-2.12,-2.23,2.0,5.0,0
4524,4.0,6.0,36.0,2.8,-0.39,0.18,3.0,5.0,1
4525,10.0,5.0,36.0,3.6,1.84,-0.24,3.0,4.0,1
4527,8.0,7.0,44.0,3.0,0.86,0.54,3.0,4.0,1
4533,9.0,8.0,35.5,3.3,1.22,0.64,3.0,3.0,1
4534,8.0,9.0,36.0,3.3,0.72,1.18,4.0,5.0,1
4535,10.0,10.0,42.0,3.2,1.61,1.85,3.0,3.0,1
4540,7.0,7.0,42.0,2.4,0.32,0.46,4.0,3.0,1
4541,6.0,8.0,40.0,3.4,0.15,0.59,3.0,4.0,1
4548,3.0,7.0,37.0,2.4,-0.6,0.47,4.0,3.0,1
4549,1.0,1.0,29.0,3.0,-1.3,-1.77,2.0,5.0,0
4550,2.0,1.0,39.0,3.1,-1.01,-1.64,4.0,5.0,1
4552,1.0,2.0,35.0,3.4,-1.27,-1.03,4.0,4.0,0
4553,8.0,7.0,34.0,3.6,0.6,0.42,2.0,5.0,1
4554,4.0,4.0,47.0,3.6,-0.37,-0.49,4.0,6.0,1
4555,1.0,1.0,29.0,2.8,-1.75,-2.04,3.0,4.0,0
4557,4.0,4.0,43.0,3.8,-0.3,-0.33,4.0,4.0,1
4560,4.0,4.0,38.0,3.3,-0.25,-0.38,4.0,4.0,1
4562,7.0,6.0,46.0,2.8,0.54,0.18,4.0,3.0,1
4566,10.0,9.0,45.0,3.7,1.38,1.14,4.0,4.0,1
4567,8.0,8.0,38.0,3.8,0.73,0.83,4.0,4.0,1
4572,2.0,4.0,31.0,3.3,-0.95,-0.47,3.0,3.0,1
4574,2.0,2.0,45.0,3.1,-0.73,-0.92,4.0,3.0,1
4575,3.0,3.0,29.0,2.9,-0.45,-0.67,3.0,3.0,1
4577,3.0,3.0,44.0,4.0,-0.5,-0.58,1.0,5.0,1
4579,7.0,3.0,46.0,2.9,0.39,-0.76,3.0,4.0,0
4580,9.0,9.0,31.0,3.7,0.88,1.01,3.0,2.0,1
4582,6.0,7.0,42.0,3.0,0.15,0.5,4.0,5.0,1
4585,8.0,7.0,48.0,3.5,0.77,0.55,4.0,4.0,1
4586,4.0,5.0,40.0,2.6,-0.19,-0.18,2.0,6.0,1
4591,6.0,7.0,38.0,3.7,0.24,0.35,3.0,4.0,1
4594,1.0,1.0,37.0,2.5,-1.17,-1.53,4.0,4.0,1
4595,5.0,3.0,36.0,3.3,-0.12,-0.58,4.0,3.0,1
4596,8.0,7.0,42.0,3.7,0.67,0.32,5.0,5.0,1
4599,5.0,5.0,24.0,3.4,0.12,-0.17,2.0,1.0,0
4600,1.0,2.0,22.0,2.9,-1.31,-1.21,2.0,4.0,0
4607,2.0,2.0,38.0,3.1,-0.81,-1.09,4.0,4.0,1
4608,7.0,5.0,39.0,3.2,0.52,-0.01,5.0,4.0,1
4609,8.0,10.0,38.0,2.8,0.83,1.45,3.0,2.0,1
4611,6.0,6.0,32.0,3.8,0.13,0.26,4.0,4.0,1
4615,9.0,9.0,37.0,3.6,1.1,1.1,2.0,3.0,1
4619,10.0,10.0,41.0,3.7,1.5,1.74,3.0,4.0,1
4624,5.0,4.0,29.5,3.7,-0.05,-0.29,3.0,6.0,1
4625,10.0,10.0,37.0,3.6,1.44,1.87,3.0,5.0,1
4628,10.0,10.0,38.0,3.1,1.46,1.78,4.0,3.0,1
4632,9.0,10.0,41.0,4.0,1.22,1.89,4.0,4.0,1
4633,8.0,9.0,40.0,3.9,0.75,1.2,2.0,4.0,1
4636,6.0,5.0,36.0,2.8,0.14,-0.02,4.0,4.0,1
4638,3.0,1.0,26.0,2.2,-0.67,-1.72,3.0,4.0,1
4642,3.0,2.0,33.0,3.6,-0.62,-0.98,3.0,3.0,1
4644,3.0,2.0,42.0,3.2,-0.64,-0.96,2.0,4.0,1
4647,10.0,9.0,40.0,2.5,1.38,1.22,3.0,3.0,1
4648,6.0,7.0,41.0,3.0,0.05,0.35,4.0,5.0,1
4651,1.0,2.0,44.0,3.4,-1.4,-1.08,4.0,5.0,1
4653,9.0,8.0,37.5,3.2,1.03,0.64,3.0,5.0,1
4656,2.0,1.0,40.0,2.2,-1.09,-1.83,4.0,4.0,1
4657,9.0,9.0,36.0,3.0,0.98,0.9,4.0,3.0,1
4658,7.0,6.0,33.0,2.5,0.61,0.15,4.0,1.0,1
4660,9.0,8.0,35.0,3.2,1.1,0.81,2.0,3.0,1
4662,3.0,5.0,39.0,3.6,-0.66,-0.27,4.0,3.0,1
4665,4.0,1.0,39.0,3.8,-0.32,-1.32,3.0,3.0,1
4667,1.0,1.0,34.0,3.1,-2.1,-1.86,4.0,2.0,1
4668,10.0,10.0,39.0,3.9,2.18,2.02,4.0,3.0,1
4670,1.0,1.0,40.0,3.2,-2.25,-1.83,3.0,4.0,1
4671,8.0,9.0,34.0,3.6,0.61,0.94,4.0,5.0,1
4683,9.0,7.0,38.0,3.0,0.92,0.51,4.0,3.0,1
4686,3.0,4.0,44.0,3.9,-0.69,-0.46,2.0,4.0,1
4688,3.0,4.0,34.0,3.4,-0.64,-0.26,4.0,4.0,1
4695,9.0,9.0,34.0,2.7,0.89,1.02,2.0,5.0,1
4696,9.0,10.0,44.0,3.0,1.05,1.47,3.0,3.0,1
4698,6.0,5.0,32.0,2.8,0.16,-0.14,2.0,3.0,1
4699,10.0,9.0,37.0,3.6,1.79,0.86,5.0,6.0,1
4700,10.0,10.0,43.0,4.0,2.17,1.65,4.0,5.0,1
4704,5.0,4.0,37.0,2.5,-0.1,-0.42,4.0,3.0,1
4706,6.0,7.0,37.0,4.0,0.21,0.36,4.0,4.0,1
4708,8.0,7.0,42.0,3.3,0.62,0.43,4.0,3.0,1
4709,4.0,6.0,32.0,4.0,-0.26,0.03,3.0,4.0,1
4710,7.0,7.0,43.0,2.7,0.37,0.48,4.0,3.0,1
4713,3.0,5.0,37.0,3.4,-0.51,-0.14,3.0,5.0,1
4719,5.0,10.0,40.0,2.6,0.05,1.67,3.0,3.0,1
4722,10.0,10.0,42.0,3.1,2.08,2.12,4.0,3.0,1
4723,5.0,6.0,46.0,3.9,-0.14,0.09,3.0,6.0,1
4725,6.0,5.0,41.0,3.4,0.16,-0.09,4.0,4.0,1
4726,6.0,5.0,39.5,3.1,0.33,-0.14,5.0,4.0,1
4727,8.0,7.0,32.0,3.0,0.68,0.39,3.0,3.0,1
4731,3.0,5.0,35.0,2.9,-0.52,-0.26,3.0,3.0,1
4735,10.0,10.0,35.0,3.4,1.51,1.7,3.0,3.0,1
4736,2.0,2.0,39.0,2.9,-0.76,-1.0,4.0,5.0,1
4738,8.0,6.0,28.0,3.5,0.81,0.25,3.0,3.0,1
4741,7.0,7.0,42.0,3.9,0.4,0.45,2.0,4.0,1
4743,7.0,7.0,40.0,2.4,0.41,0.53,4.0,3.0,1
4744,4.0,6.0,36.0,3.3,-0.07,0.19,4.0,1.0,0
4745,5.0,5.0,42.0,3.5,-0.07,-0.19,4.0,4.0,1
4746,7.0,7.0,42.0,3.7,0.34,0.39,4.0,5.0,1
4748,6.0,4.0,41.0,4.0,0.15,-0.44,4.0,6.0,1
4749,1.0,2.0,30.0,3.0,-1.17,-1.16,2.0,3.0,1
4751,5.0,6.0,28.0,3.1,-0.12,0.06,2.0,5.0,1
4752,5.0,3.0,38.0,3.2,-0.04,-0.62,5.0,4.0,1
4753,5.0,1.0,40.0,3.4,-0.13,-1.62,4.0,3.0,1
4757,7.0,8.0,33.0,3.7,0.55,0.56,4.0,3.0,1
4758,7.0,5.0,32.0,2.3,0.48,-0.1,5.0,3.0,1
4762,2.0,4.0,37.5,3.5,-1.01,-0.49,4.0,3.0,1
4763,8.0,6.0,48.0,3.3,0.86,0.25,4.0,5.0,1
4767,1.0,1.0,22.5,2.7,-1.65,-2.02,4.0,3.0,0
4768,6.0,5.0,41.0,3.4,0.18,-0.05,3.0,5.0,1
4769,8.0,6.0,42.0,2.8,0.63,0.12,5.0,4.0,1
4770,3.0,6.0,37.0,3.0,-0.61,0.03,4.0,3.0,1
4771,2.0,3.0,35.0,3.3,-0.7,-0.59,4.0,3.0,1
4772,2.0,2.0,35.0,3.0,-0.82,-1.24,3.0,2.0,0
4774,7.0,5.0,29.0,2.5,0.55,-0.15,4.0,3.0,1
4776,8.0,8.0,30.0,3.3,0.66,0.72,4.0,2.0,1
4779,9.0,9.0,48.0,3.5,1.27,1.13,5.0,5.0,1
4781,4.0,4.0,39.0,2.8,-0.32,-0.4,3.0,3.0,1
4783,5.0,5.0,37.0,3.3,0.0,-0.17,3.0,3.0,1
4786,6.0,5.0,29.0,3.8,0.24,-0.21,2.0,3.0,1
4787,1.0,1.0,37.0,2.9,-1.95,-1.44,3.0,5.0,1
4788,7.0,10.0,34.0,2.9,0.29,1.36,4.0,2.0,1
4790,5.0,4.0,42.0,3.3,-0.11,-0.46,4.0,4.0,1
4796,8.0,8.0,35.0,3.3,0.73,0.52,4.0,1.0,1
4804,9.0,10.0,41.0,3.7,1.14,1.3,4.0,5.0,1
4808,10.0,8.0,34.5,2.5,1.3,0.68,5.0,5.0,1
4809,6.0,5.0,42.0,2.8,0.13,-0.2,4.0,3.0,1
4814,2.0,1.0,37.0,3.7,-0.98,-1.46,4.0,4.0,1
4815,7.0,9.0,39.0,3.3,0.46,0.87,3.0,3.0,1
4816,6.0,4.0,41.0,2.9,0.25,-0.34,4.0,3.0,1
4817,9.0,10.0,47.0,3.5,0.99,1.39,4.0,5.0,1
4818,8.0,6.0,37.0,3.0,0.62,0.19,3.0,3.0,1
4819,5.0,6.0,37.0,3.3,0.03,0.01,3.0,3.0,1
4823,8.0,10.0,35.0,2.7,0.82,1.44,5.0,3.0,1
4825,10.0,10.0,43.0,3.0,1.42,1.36,3.0,3.0,1
4826,3.0,2.0,36.0,3.7,-0.64,-1.09,3.0,4.0,1
4827,10.0,10.0,42.0,3.3,1.98,1.93,1.0,4.0,1
4832,7.0,7.0,33.0,3.4,0.41,0.37,3.0,3.0,1
4834,9.0,10.0,43.0,3.7,1.06,1.42,5.0,5.0,1
4835,8.0,9.0,34.0,3.5,0.82,1.13,4.0,3.0,1
4836,1.0,1.0,36.0,2.4,-1.57,-1.91,4.0,3.0,1
4837,9.0,8.0,41.0,2.4,0.97,0.63,4.0,3.0,1
4841,7.0,6.0,39.0,3.2,0.35,0.06,3.0,3.0,1
4842,10.0,9.0,38.0,3.1,1.53,1.14,3.0,4.0,1
4843,2.0,1.0,23.5,3.4,-0.85,-1.4,3.0,3.0,0
4844,9.0,10.0,32.5,3.5,1.11,1.57,4.0,2.0,1
4845,9.0,10.0,30.0,3.2,1.17,1.5,2.0,3.0,1
4847,4.0,1.0,21.0,3.4,-0.27,-2.12,3.0,3.0,0
4849,6.0,4.0,34.5,2.9,0.26,-0.46,4.0,3.0,1
4850,8.0,5.0,38.0,2.5,0.62,-0.08,3.0,2.0,1
4851,7.0,7.0,43.0,3.7,0.37,0.42,3.0,4.0,1
4852,7.0,8.0,43.0,2.6,0.31,0.81,4.0,3.0,1
4856,5.0,4.0,29.0,3.0,0.0,-0.46,5.0,5.0,1
4857,9.0,8.0,40.0,2.8,0.98,0.64,4.0,3.0,1
4861,9.0,7.0,35.0,3.5,0.89,0.39,4.0,3.0,1
4863,3.0,2.0,48.0,2.5,-0.51,-0.96,4.0,4.0,0
4869,3.0,3.0,35.5,3.0,-0.67,-0.77,2.0,3.0,1
4870,5.0,5.0,40.0,2.8,0.04,-0.23,2.0,4.0,1
4871,7.0,5.0,43.0,3.7,0.28,0.02,5.0,5.0,1
4872,3.0,3.0,44.0,3.4,-0.62,-0.67,4.0,5.0,1
4874,7.0,8.0,40.0,3.4,0.38,0.63,4.0,5.0,1
4875,5.0,5.0,40.0,2.9,-0.08,-0.13,4.0,3.0,1
4877,1.0,1.0,38.0,2.6,-1.4,-1.6,3.0,3.0,1
4878,2.0,1.0,37.0,2.9,-1.13,-1.47,5.0,4.0,0
4880,10.0,9.0,39.0,3.7,1.36,1.22,3.0,4.0,1
4884,5.0,7.0,40.0,3.4,-0.11,0.55,4.0,4.0,1
4886,6.0,5.0,34.0,3.5,0.19,-0.12,2.0,3.0,1
4887,7.0,6.0,32.0,3.3,0.48,0.19,3.0,3.0,0
4889,3.0,2.0,40.0,3.8,-0.68,-1.12,3.0,4.0,0
4890,3.0,3.0,44.0,3.2,-0.49,-0.7,5.0,5.0,1
4892,2.0,2.0,41.0,3.0,-0.98,-1.14,4.0,4.0,1
4894,5.0,5.0,40.0,3.2,-0.11,-0.12,4.0,4.0,1
4896,6.0,6.0,25.0,3.8,0.25,0.22,3.0,3.0,1
4900,8.0,7.0,37.0,3.4,0.58,0.41,3.0,5.0,1
4903,4.0,4.0,38.0,2.6,-0.33,-0.51,4.0,3.0,0
4905,3.0,3.0,36.0,3.0,-0.57,-0.76,4.0,5.0,0
4907,1.0,1.0,42.0,3.6,-1.21,-1.8,4.0,6.0,1
4908,10.0,10.0,36.0,3.7,2.38,1.95,4.0,4.0,1
4909,2.0,2.0,35.0,3.1,-0.83,-0.9,3.0,5.0,1
4912,6.0,5.0,32.5,3.1,0.28,-0.06,2.0,3.0,1
4913,10.0,10.0,39.0,3.3,1.79,1.6,3.0,4.0,1
4914,8.0,6.0,31.0,3.1,0.78,-0.02,3.0,3.0,1
4915,5.0,6.0,47.0,3.7,-0.03,0.24,4.0,5.0,1
4917,4.0,5.0,27.7,2.6,-0.15,-0.19,4.0,1.0,0
4920,8.0,8.0,39.0,3.4,0.78,0.55,3.0,5.0,1
4922,1.0,1.0,39.0,3.6,-1.85,-1.83,4.0,6.0,1
4924,1.0,1.0,19.0,2.4,-1.26,-1.91,3.0,5.0,0
4928,8.0,6.0,32.0,3.1,0.78,0.15,3.0,5.0,0
4930,1.0,1.0,26.0,2.8,-1.62,-2.23,4.0,2.0,0
4933,6.0,5.0,38.0,3.2,0.26,-0.22,3.0,4.0,1
4934,5.0,4.0,36.0,3.2,-0.14,-0.3,4.0,3.0,1
4937,8.0,9.0,34.0,3.8,0.81,1.05,2.0,3.0,1
4941,4.0,3.0,47.0,3.7,-0.32,-0.67,4.0,6.0,1
4942,2.0,2.0,33.0,3.3,-0.92,-1.2,3.0,4.0,1
4944,2.0,2.0,35.0,2.5,-0.98,-1.11,2.0,5.0,0
4947,8.0,8.0,34.0,3.5,0.82,0.84,2.0,4.0,1
4948,6.0,6.0,40.0,3.6,0.28,0.03,4.0,3.0,1
4954,9.0,9.0,40.0,3.2,0.87,1.17,5.0,5.0,1
4956,2.0,2.0,32.0,3.7,-0.76,-1.01,5.0,3.0,0
4960,1.0,8.0,41.0,2.6,-1.5,0.64,4.0,5.0,1
4964,2.0,3.0,29.5,2.9,-0.75,-0.79,4.0,2.0,1
4966,7.0,4.0,35.0,3.1,0.49,-0.53,4.0,4.0,0
4968,9.0,9.0,33.0,3.8,1.2,1.02,4.0,4.0,1
4970,2.0,6.0,32.0,3.4,-0.9,0.04,4.0,4.0,1
4971,1.0,3.0,30.3,3.1,-1.13,-0.66,5.0,3.0,1
4973,5.0,8.0,48.0,2.8,-0.04,0.64,3.0,5.0,1
4974,4.0,4.0,43.0,3.4,-0.38,-0.42,3.0,4.0,1
4975,5.0,6.0,42.5,3.2,-0.12,0.12,4.0,4.0,1
4978,1.0,2.0,33.0,2.7,-1.23,-1.13,3.0,2.0,1
4979,3.0,4.0,46.0,3.5,-0.62,-0.45,4.0,4.0,1
4980,2.0,5.0,36.0,3.5,-0.78,-0.08,2.0,5.0,1
4982,10.0,10.0,42.0,3.1,2.13,2.36,5.0,5.0,1
4983,2.0,2.0,35.0,3.2,-0.89,-1.15,3.0,3.0,1
4987,10.0,9.0,30.0,3.5,1.32,1.11,4.0,3.0,1
4988,7.0,7.0,30.0,2.6,0.42,0.4,5.0,4.0,1
4989,5.0,6.0,40.0,3.7,-0.04,0.06,3.0,5.0,1
4991,8.0,7.0,39.0,3.7,0.78,0.35,4.0,3.0,1
4992,5.0,4.0,37.0,3.3,-0.1,-0.4,3.0,5.0,1
4994,8.0,8.0,42.0,3.4,0.83,0.59,5.0,5.0,1
4995,2.0,1.0,31.0,3.0,-1.09,-1.52,2.0,4.0,0
4999,9.0,9.0,45.5,3.9,1.23,1.01,4.0,6.0,1
5000,2.0,1.0,39.0,3.3,-1.03,-1.59,3.0,6.0,1
5001,9.0,8.0,35.0,2.9,0.92,0.56,3.0,3.0,1
5003,6.0,8.0,39.0,2.9,0.17,0.57,4.0,3.0,1
5004,4.0,5.0,43.0,3.8,-0.22,-0.05,2.0,6.0,1
5005,5.0,8.0,36.0,3.5,0.04,0.73,4.0,2.0,1
5010,5.0,4.0,41.0,3.0,0.0,-0.44,4.0,3.0,1
5011,6.0,7.0,32.0,3.1,0.36,0.32,2.0,1.0,1
5012,10.0,9.0,42.0,3.5,1.95,1.28,3.0,3.0,1
5014,6.0,7.0,38.0,3.2,0.26,0.36,3.0,3.0,1
5016,8.0,9.0,37.0,3.4,0.81,0.94,4.0,4.0,1
5018,8.0,7.0,39.0,3.4,0.61,0.31,3.0,3.0,1
5019,7.0,8.0,42.0,3.7,0.47,0.59,4.0,6.0,1
5020,10.0,10.0,43.0,3.8,1.76,1.63,3.0,4.0,1
5021,3.0,4.0,41.0,3.8,-0.64,-0.5,4.0,6.0,1
5022,9.0,10.0,44.0,3.2,0.99,1.39,3.0,6.0,1
5024,9.0,7.0,30.0,2.7,0.9,0.28,4.0,3.0,0
5032,6.0,8.0,32.0,2.7,0.13,0.61,4.0,2.0,1
5034,10.0,10.0,39.0,3.5,1.78,1.9,4.0,6.0,1
5041,6.0,9.0,47.0,3.3,0.17,1.06,4.0,4.0,1
5045,6.0,6.0,34.3,3.0,0.07,0.12,3.0,5.0,1
5047,4.0,5.0,37.0,3.7,-0.39,-0.09,3.0,4.0,1
5048,1.0,1.0,33.0,3.7,-2.3,-1.81,3.0,5.0,1
5050,1.0,1.0,45.0,3.7,-1.47,-2.52,2.0,5.0,0
5056,1.0,1.0,30.5,3.1,-1.19,-1.54,4.0,3.0,1
5059,3.0,3.0,45.0,3.1,-0.51,-0.74,3.0,6.0,1
5062,8.0,4.0,22.0,2.8,0.64,-0.55,3.0,1.0,0
5063,9.0,9.0,38.0,3.1,1.23,1.04,5.0,3.0,1
5065,10.0,10.0,39.0,3.6,2.07,1.41,3.0,4.0,1
5067,4.0,3.0,34.0,3.2,-0.24,-0.6,4.0,5.0,1
5068,8.0,9.0,45.0,2.6,0.66,1.12,4.0,3.0,1
5069,10.0,9.0,44.0,3.5,1.62,1.12,3.0,3.0,1
5070,9.0,8.0,44.0,3.8,1.23,0.59,4.0,6.0,1
5072,9.0,9.0,33.0,3.3,0.96,1.11,2.0,3.0,1
5074,2.0,2.0,29.5,3.5,-0.99,-1.21,5.0,3.0,0
5075,3.0,4.0,31.0,2.4,-0.45,-0.44,4.0,2.0,1
5077,9.0,9.0,46.0,3.3,1.1,1.26,4.0,5.0,1
5079,9.0,7.0,39.0,2.9,0.98,0.42,4.0,3.0,1
5081,1.0,2.0,31.0,2.9,-1.47,-1.09,2.0,4.0,1
5085,4.0,7.0,39.5,3.7,-0.22,0.29,5.0,3.0,1
5086,2.0,5.0,41.0,3.5,-0.92,-0.22,3.0,5.0,1
5087,10.0,10.0,34.0,3.4,1.81,1.81,4.0,5.0,1
5088,8.0,9.0,43.0,3.5,0.85,1.04,3.0,4.0,1
5089,10.0,10.0,28.0,3.9,2.37,2.45,1.0,3.0,1
5094,4.0,4.0,30.0,2.9,-0.38,-0.34,3.0,3.0,1
5095,7.0,7.0,33.0,3.2,0.53,0.34,4.0,2.0,1
5096,6.0,4.0,37.0,3.1,0.13,-0.5,3.0,4.0,1
5097,10.0,10.0,40.0,3.8,2.44,2.43,4.0,4.0,1
5100,9.0,1.0,36.0,3.8,0.92,-1.51,4.0,4.0,1
5102,2.0,2.0,40.0,3.7,-0.81,-1.02,3.0,4.0,1
5105,10.0,10.0,38.0,3.1,1.3,1.33,2.0,5.0,1
5107,1.0,1.0,33.0,2.7,-1.63,-1.87,1.0,3.0,1
5108,5.0,3.0,19.0,2.5,0.05,-0.76,2.0,1.0,0
5112,8.0,9.0,44.0,3.2,0.71,1.12,2.0,5.0,1
5114,4.0,6.0,41.0,3.3,-0.19,0.05,4.0,4.0,1
5117,8.0,6.0,34.0,2.7,0.59,-0.04,2.0,2.0,1
5118,10.0,10.0,46.0,3.6,1.85,1.68,3.0,6.0,1
5124,4.0,4.0,42.0,4.0,-0.35,-0.27,2.0,6.0,1
5125,10.0,10.0,45.0,3.6,1.58,1.5,4.0,5.0,1
5126,8.0,8.0,32.5,3.3,0.6,0.58,3.0,3.0,1
5127,7.0,7.0,46.0,3.5,0.48,0.48,4.0,4.0,1
5130,10.0,9.0,44.0,3.2,1.49,1.17,4.0,4.0,1
5135,3.0,3.0,41.0,3.1,-0.72,-0.64,2.0,4.0,1
5137,5.0,5.0,37.0,3.1,-0.09,-0.21,3.0,4.0,1
5138,1.0,1.0,41.0,3.9,-1.31,-1.47,2.0,5.0,1
5141,7.0,8.0,46.0,3.3,0.42,0.56,5.0,6.0,1
5143,9.0,10.0,40.0,3.5,1.05,1.47,4.0,4.0,1
5148,3.0,4.0,38.0,3.9,-0.43,-0.44,2.0,3.0,1
5149,8.0,6.0,42.0,3.1,0.68,0.27,5.0,4.0,1
5150,10.0,10.0,39.0,3.6,1.88,2.02,5.0,4.0,1
5151,8.0,10.0,36.0,4.0,0.64,1.35,4.0,4.0,1
5152,7.0,8.0,47.0,3.7,0.4,0.58,3.0,5.0,1
5153,3.0,3.0,34.0,3.6,-0.57,-0.82,4.0,5.0,1
5157,1.0,1.0,42.0,3.0,-2.14,-2.26,4.0,4.0,0
5158,9.0,9.0,33.0,3.5,0.89,1.17,3.0,3.0,1
5161,9.0,9.0,32.0,3.8,1.26,1.24,4.0,3.0,1
5163,4.0,8.0,37.0,3.4,-0.23,0.55,3.0,3.0,1
5164,3.0,3.0,33.0,2.7,-0.52,-0.53,2.0,5.0,1
5165,6.0,9.0,34.0,3.0,0.23,1.17,3.0,5.0,1
5166,3.0,3.0,31.0,3.7,-0.52,-0.79,4.0,6.0,1
5171,9.0,10.0,40.0,3.9,1.28,1.32,3.0,4.0,1
5172,3.0,4.0,27.5,3.4,-0.6,-0.28,3.0,5.0,1
5176,2.0,2.0,32.0,3.5,-0.91,-1.1,2.0,3.0,1
5177,9.0,9.0,32.0,3.5,1.05,1.27,3.0,4.0,1
5179,2.0,1.0,38.5,3.0,-0.81,-1.34,4.0,5.0,1
5181,8.0,6.0,24.0,2.7,0.73,0.0,3.0,2.0,1
5182,2.0,2.0,29.0,2.2,-1.02,-1.1,4.0,5.0,0
5188,2.0,1.0,28.5,3.3,-1.14,-1.47,3.0,5.0,0
5189,4.0,3.0,35.0,3.4,-0.21,-0.87,4.0,3.0,0
5192,3.0,4.0,37.0,3.6,-0.67,-0.39,3.0,3.0,1
5195,6.0,5.0,40.0,3.1,0.19,-0.16,4.0,4.0,1
5197,10.0,10.0,33.0,4.0,1.69,1.75,4.0,4.0,1
5199,8.0,10.0,44.0,3.9,0.74,1.54,3.0,3.0,1
5201,2.0,1.0,32.0,3.2,-0.96,-1.62,3.0,2.0,1
5202,5.0,3.0,34.0,3.9,-0.07,-0.62,3.0,3.0,1
5203,6.0,3.0,29.0,2.4,0.14,-0.7,4.0,4.0,1
5205,8.0,8.0,36.0,3.6,0.68,0.62,3.0,4.0,1
5206,2.0,2.0,39.0,3.1,-0.86,-0.9,1.0,6.0,1
5208,1.0,1.0,33.0,2.7,-1.28,-1.46,4.0,4.0,1
5210,10.0,5.0,39.0,2.3,1.47,0.02,4.0,5.0,1
5211,1.0,3.0,40.0,2.8,-1.4,-0.83,3.0,5.0,1
5212,3.0,5.0,38.0,3.3,-0.7,-0.25,3.0,4.0,1
5213,9.0,8.0,40.0,3.8,1.21,0.66,5.0,4.0,1
5214,2.0,2.0,41.0,3.6,-0.77,-1.06,4.0,5.0,1
5216,1.0,2.0,28.0,3.3,-1.32,-0.89,5.0,3.0,1
5217,6.0,6.0,43.0,2.9,0.2,0.06,3.0,4.0,1
5219,2.0,4.0,33.0,3.2,-0.71,-0.42,4.0,3.0,1
5220,7.0,6.0,30.0,3.4,0.5,0.13,4.0,3.0,1
5225,9.0,6.0,34.0,3.4,1.17,0.28,4.0,4.0,1
5226,3.0,2.0,38.0,3.1,-0.73,-1.0,3.0,5.0,1
5227,8.0,2.0,36.5,2.9,0.64,-0.98,3.0,3.0,1
5231,4.0,6.0,30.5,2.9,-0.37,0.01,4.0,3.0,1
5232,10.0,10.0,42.0,3.0,1.75,1.74,2.0,4.0,1
5239,6.0,7.0,34.5,2.7,0.22,0.37,4.0,3.0,1
5240,3.0,3.0,31.0,3.2,-0.44,-0.68,3.0,2.0,1
5241,4.0,3.0,39.0,3.2,-0.29,-0.7,5.0,3.0,1
5242,10.0,10.0,42.0,3.3,1.46,1.33,4.0,5.0,1
5243,8.0,8.0,29.0,3.5,0.73,0.56,3.0,3.0,1
5244,2.0,2.0,40.0,3.3,-0.98,-1.32,5.0,4.0,1
5247,1.0,2.0,35.0,3.5,-1.33,-0.96,3.0,4.0,0
5249,6.0,6.0,30.0,2.7,0.06,0.22,3.0,3.0,1
5250,10.0,10.0,48.0,3.7,1.77,1.39,5.0,5.0,1
5252,1.0,3.0,21.5,2.6,-1.23,-0.83,3.0,4.0,0
5254,6.0,5.0,39.0,3.1,0.25,-0.1,5.0,6.0,1
5255,3.0,3.0,36.0,2.2,-0.69,-0.83,3.0,3.0,1
5256,8.0,10.0,32.0,3.4,0.84,1.74,4.0,3.0,1
5257,1.0,1.0,38.0,3.4,-1.13,-1.59,4.0,3.0,1
5259,9.0,10.0,39.0,3.5,1.28,1.67,3.0,4.0,1
5267,9.0,9.0,40.0,2.5,1.1,1.1,3.0,3.0,1
5270,7.0,9.0,45.0,3.5,0.49,0.91,4.0,5.0,1
5271,2.0,6.0,22.0,2.7,-0.76,0.04,3.0,2.0,1
5273,6.0,6.0,48.0,3.4,0.33,0.22,4.0,6.0,1
5274,7.0,7.0,39.0,3.8,0.31,0.31,4.0,3.0,1
5276,3.0,4.0,35.0,2.8,-0.59,-0.4,4.0,3.0,1
5278,9.0,8.0,41.0,3.9,0.97,0.68,4.0,6.0,1
5279,9.0,9.0,33.5,4.0,0.94,0.92,2.0,3.0,1
5281,10.0,10.0,35.0,2.6,2.43,2.75,4.0,2.0,1
5283,7.0,6.0,35.0,3.0,0.53,0.22,4.0,3.0,1
5284,8.0,8.0,34.0,3.6,0.85,0.71,3.0,3.0,1
5285,8.0,8.0,37.0,3.2,0.57,0.66,4.0,2.0,1
5287,8.0,9.0,31.0,2.9,0.67,0.98,4.0,2.0,1
5290,4.0,2.0,35.0,3.0,-0.39,-1.03,3.0,3.0,1
5292,7.0,7.0,34.0,3.1,0.45,0.32,4.0,3.0,1
5293,2.0,1.0,21.0,2.9,-1.07,-1.39,1.0,3.0,1
5296,3.0,6.0,43.0,3.5,-0.49,0.06,4.0,5.0,1
5297,8.0,7.0,47.0,3.6,0.9,0.47,4.0,6.0,1
5299,7.0,8.0,44.0,4.0,0.4,0.68,4.0,5.0,1
5301,8.0,8.0,43.0,3.1,0.7,0.56,4.0,4.0,1
5304,1.0,1.0,29.0,2.9,-1.24,-1.84,2.0,4.0,0
5306,9.0,8.0,33.0,3.5,0.98,0.63,4.0,3.0,1
5309,8.0,7.0,40.5,3.2,0.77,0.55,5.0,4.0,1
5313,4.0,3.0,34.0,3.3,-0.39,-0.65,4.0,4.0,1
5316,6.0,5.0,34.0,3.3,0.14,-0.04,4.0,3.0,1
5317,6.0,4.0,34.0,3.5,0.23,-0.5,3.0,3.0,1
5320,1.0,2.0,35.0,3.8,-1.22,-1.19,4.0,5.0,0
5323,8.0,8.0,37.0,3.8,0.62,0.65,3.0,5.0,1
5324,7.0,6.0,36.0,3.4,0.42,-0.02,5.0,3.0,1
5325,10.0,10.0,32.0,3.4,1.26,1.74,5.0,2.0,1
5327,5.0,5.0,35.0,2.9,-0.02,-0.2,4.0,3.0,1
5328,6.0,7.0,41.0,3.4,0.26,0.32,4.0,4.0,1
5330,3.0,2.0,24.0,2.4,-0.36,-1.17,2.0,1.0,0
5331,1.0,1.0,40.0,3.7,-1.3,-1.47,3.0,5.0,1
5334,6.0,10.0,39.0,2.5,0.19,1.62,3.0,3.0,1
5335,1.0,1.0,27.5,3.3,-1.49,-1.42,5.0,3.0,1
5337,3.0,4.0,39.0,3.1,-0.58,-0.35,5.0,5.0,1
5338,2.0,3.0,33.0,3.2,-0.93,-0.81,4.0,5.0,1
5339,10.0,9.0,36.0,4.0,1.61,0.89,4.0,4.0,1
5341,9.0,9.0,38.0,3.6,1.01,1.03,3.0,3.0,1
5342,4.0,2.0,30.5,3.3,-0.23,-1.11,3.0,3.0,1
5345,10.0,7.0,45.0,3.7,1.28,0.46,3.0,5.0,1
5348,8.0,8.0,39.0,3.3,0.9,0.7,4.0,4.0,1
5349,4.0,6.0,26.7,3.5,-0.28,0.08,3.0,3.0,1
5351,8.0,7.0,32.5,3.6,0.63,0.38,2.0,4.0,1
5352,1.0,3.0,38.0,3.4,-1.74,-0.8,3.0,3.0,0
5353,5.0,5.0,41.0,3.1,-0.07,-0.08,3.0,4.0,1
5357,7.0,9.0,40.0,3.1,0.52,0.92,2.0,4.0,1
5360,1.0,1.0,31.0,3.6,-2.18,-1.37,3.0,3.0,1
5361,4.0,5.0,44.0,3.4,-0.28,-0.06,4.0,6.0,1
5362,6.0,7.0,34.0,3.1,0.22,0.39,4.0,3.0,1
5364,6.0,5.0,34.0,2.7,0.16,-0.27,3.0,2.0,1
5365,8.0,7.0,39.0,3.3,0.79,0.41,4.0,3.0,1
5366,6.0,2.0,24.7,3.0,0.12,-1.34,3.0,4.0,0
5367,8.0,6.0,33.5,3.2,0.87,0.01,4.0,3.0,1
5369,9.0,5.0,28.0,3.0,1.09,-0.24,4.0,1.0,0
5372,1.0,1.0,13.5,2.7,-1.57,-3.0,3.0,5.0,1
5373,5.0,3.0,39.0,3.2,-0.07,-0.65,3.0,3.0,1
5377,5.0,6.0,29.0,3.5,0.01,-0.02,5.0,2.0,1
5381,10.0,10.0,43.0,3.3,1.35,1.58,4.0,3.0,1
5382,3.0,3.0,43.0,3.0,-0.71,-0.59,3.0,4.0,0
5383,7.0,8.0,34.0,3.6,0.46,0.59,3.0,3.0,1
5387,7.0,4.0,41.0,2.9,0.35,-0.47,3.0,3.0,1
5391,4.0,4.0,43.0,3.2,-0.26,-0.32,4.0,4.0,1
5394,10.0,9.0,42.0,3.2,1.36,0.88,3.0,4.0,1
5406,6.0,6.0,33.0,3.9,0.19,0.1,2.0,5.0,1
5408,3.0,4.0,37.0,2.7,-0.51,-0.45,3.0,3.0,1
5413,5.0,6.0,42.0,3.2,0.08,0.18,4.0,4.0,1
5415,5.0,6.0,38.0,3.4,0.01,0.04,4.0,4.0,1
5417,2.0,4.0,32.0,3.5,-0.84,-0.43,4.0,3.0,1
5418,5.0,8.0,40.0,3.4,0.01,0.85,4.0,3.0,1
5419,6.0,5.0,33.0,2.3,0.16,-0.29,2.0,1.0,1
5420,9.0,8.0,31.5,2.9,0.89,0.81,4.0,2.0,1
5422,4.0,6.0,28.0,2.9,-0.15,-0.03,3.0,1.0,0
5423,9.0,8.0,47.0,3.6,0.98,0.8,4.0,6.0,1
5424,1.0,1.0,27.0,3.3,-2.04,-1.82,4.0,3.0,0
5425,1.0,1.0,34.0,3.3,-1.91,-2.28,3.0,3.0,1
5426,7.0,7.0,39.0,3.4,0.55,0.48,4.0,3.0,1
5431,10.0,5.0,41.0,3.8,1.73,0.0,4.0,6.0,1
5432,5.0,1.0,35.0,3.2,0.04,-1.51,4.0,4.0,1
5433,1.0,1.0,32.0,3.4,-1.99,-1.74,3.0,3.0,0
5434,2.0,4.0,35.0,2.4,-0.92,-0.53,3.0,3.0,1
5435,6.0,5.0,40.0,3.7,0.26,-0.25,2.0,3.0,1
5436,5.0,3.0,39.0,3.7,-0.16,-0.55,3.0,4.0,1
5437,2.0,4.0,26.0,3.6,-1.05,-0.52,3.0,3.0,1
5439,1.0,1.0,21.5,2.6,-2.06,-2.68,3.0,5.0,0
5440,7.0,6.0,40.0,3.3,0.33,0.1,4.0,4.0,1
5443,10.0,9.0,42.0,2.4,2.13,1.3,3.0,2.0,1
5444,3.0,2.0,33.0,3.1,-0.57,-1.16,3.0,3.0,1
5445,5.0,4.0,32.0,2.6,-0.04,-0.43,3.0,4.0,0
5448,2.0,4.0,32.0,3.2,-0.81,-0.42,3.0,3.0,1
5449,10.0,9.0,37.0,3.3,1.25,1.0,4.0,2.0,1
5451,6.0,4.0,36.0,2.9,0.08,-0.3,4.0,3.0,0
5456,6.0,5.0,42.0,3.8,0.25,-0.01,4.0,5.0,1
5457,7.0,7.0,31.0,3.4,0.49,0.53,3.0,4.0,1
5458,4.0,2.0,28.0,3.2,-0.23,-0.95,3.0,3.0,1
5459,10.0,10.0,48.0,4.0,1.91,2.51,4.0,4.0,1
5463,3.0,5.0,26.0,3.5,-0.58,-0.13,3.0,3.0,1
5464,5.0,4.0,37.0,3.3,0.03,-0.37,3.0,3.0,1
5467,6.0,4.0,41.0,3.3,0.24,-0.45,2.0,4.0,1
5469,9.0,5.0,37.0,2.9,0.94,-0.1,4.0,3.0,1
5470,9.0,9.0,40.0,3.2,1.01,1.01,4.0,4.0,1
5471,3.0,2.0,35.0,3.4,-0.55,-1.09,3.0,4.0,1
5472,1.0,4.0,37.0,2.6,-1.29,-0.44,3.0,5.0,1
5473,3.0,2.0,34.0,2.9,-0.59,-1.13,2.0,3.0,1
5479,6.0,7.0,34.0,3.2,0.2,0.45,1.0,5.0,1
5480,9.0,10.0,42.0,3.4,1.17,1.43,3.0,3.0,1
5481,7.0,8.0,37.0,3.7,0.56,0.61,3.0,4.0,1
5485,8.0,8.0,45.0,3.1,0.79,0.74,4.0,4.0,1
5486,9.0,8.0,37.0,3.6,0.98,0.64,3.0,4.0,1
5487,10.0,9.0,40.5,3.4,1.4,1.17,3.0,5.0,1
5488,8.0,8.0,42.0,3.5,0.93,0.57,4.0,6.0,1
5489,1.0,2.0,42.0,3.3,-1.26,-0.96,2.0,4.0,1
5491,9.0,10.0,37.0,4.0,0.94,1.36,4.0,2.0,1
5496,9.0,9.0,41.0,3.7,1.09,1.16,3.0,4.0,1
5497,1.0,1.0,18.3,2.1,-1.15,-1.38,3.0,1.0,0
5498,5.0,6.0,36.0,2.5,-0.03,0.09,3.0,3.0,1
5501,3.0,2.0,35.0,3.4,-0.6,-1.2,4.0,3.0,1
5502,6.0,8.0,40.0,3.3,0.23,0.64,4.0,3.0,1
5503,4.0,4.0,48.0,3.8,-0.18,-0.29,4.0,6.0,1
5504,6.0,6.0,34.0,3.4,0.22,0.22,4.0,5.0,1
5507,8.0,3.0,39.0,3.1,0.63,-0.64,3.0,3.0,0
5508,9.0,8.0,36.0,4.0,1.11,0.83,2.0,3.0,1
5510,9.0,9.0,38.0,3.1,1.19,1.27,2.0,5.0,1
5512,8.0,8.0,43.0,3.0,0.73,0.67,4.0,4.0,1
5513,2.0,1.0,32.0,2.9,-0.88,-1.66,4.0,3.0,1
5517,5.0,4.0,30.0,3.2,-0.03,-0.38,4.0,3.0,1
5519,3.0,3.0,44.0,3.7,-0.66,-0.71,4.0,6.0,1
5520,8.0,8.0,41.0,3.1,0.81,0.79,4.0,4.0,1
5522,10.0,10.0,45.0,3.4,1.41,1.63,3.0,5.0,1
5523,2.0,1.0,32.5,2.9,-1.04,-1.84,3.0,2.0,0
5525,7.0,8.0,42.0,3.4,0.46,0.84,4.0,4.0,1
5526,2.0,1.0,41.0,3.5,-1.08,-1.5,3.0,6.0,1
5528,6.0,6.0,40.0,3.4,0.17,0.23,4.0,5.0,1
5530,9.0,8.0,40.0,3.4,0.91,0.65,4.0,5.0,1
5531,1.0,2.0,35.5,3.8,-1.14,-1.26,4.0,4.0,1
5532,6.0,8.0,38.0,3.8,0.11,0.81,4.0,5.0,1
5536,8.0,9.0,43.0,3.3,0.84,1.17,4.0,4.0,1
5538,2.0,6.0,40.0,3.0,-0.79,0.21,3.0,5.0,1
5541,10.0,9.0,47.0,3.5,1.88,1.29,2.0,5.0,1
5547,4.0,5.0,33.5,3.0,-0.34,-0.18,3.0,3.0,1
5548,9.0,9.0,46.0,3.3,1.22,1.08,4.0,5.0,1
5551,6.0,5.0,44.0,3.7,0.27,0.02,2.0,5.0,1
5552,8.0,10.0,42.0,1.7,0.57,1.47,4.0,3.0,1
5555,4.0,5.0,44.0,3.1,-0.24,-0.08,3.0,4.0,1
5559,2.0,2.0,35.0,3.0,-0.92,-1.08,4.0,2.0,1
5563,9.0,9.0,37.0,3.4,0.95,1.27,3.0,3.0,1
5566,10.0,10.0,45.0,3.5,1.62,1.62,5.0,4.0,1
5567,9.0,9.0,39.5,4.0,0.9,1.05,5.0,5.0,1
5569,4.0,3.0,40.0,3.4,-0.32,-0.85,4.0,3.0,1
5572,10.0,10.0,42.0,3.9,1.75,1.82,3.0,3.0,1
5575,1.0,1.0,34.0,2.3,-1.65,-1.67,4.0,4.0,1
5576,10.0,10.0,42.0,3.7,2.2,2.6,2.0,6.0,1
5591,10.0,10.0,37.0,3.5,2.29,1.47,4.0,5.0,1
5599,9.0,8.0,36.0,3.2,1.02,0.57,4.0,4.0,1
5602,6.0,8.0,28.0,3.0,0.13,0.56,4.0,2.0,0
5604,5.0,7.0,38.0,3.8,0.07,0.51,3.0,4.0,1
5605,2.0,3.0,35.0,2.6,-0.85,-0.72,4.0,3.0,1
5606,2.0,5.0,36.0,3.2,-0.7,-0.08,5.0,3.0,1
5607,4.0,6.0,43.0,3.1,-0.18,0.21,3.0,3.0,1
5608,8.0,10.0,40.0,3.2,0.86,1.43,4.0,5.0,1
5609,4.0,4.0,36.0,3.4,-0.36,-0.27,4.0,4.0,1
5611,5.0,4.0,31.0,2.4,-0.19,-0.45,3.0,5.0,0
5612,3.0,2.0,37.0,2.4,-0.44,-1.0,4.0,3.0,0
5613,8.0,9.0,39.0,3.2,0.58,0.91,3.0,3.0,1
5614,2.0,2.0,35.0,2.9,-1.1,-1.2,4.0,3.0,1
5616,7.0,8.0,45.0,3.6,0.55,0.59,4.0,4.0,1
5617,5.0,6.0,37.5,3.1,-0.01,0.15,3.0,4.0,1
5618,8.0,8.0,37.0,2.6,0.8,0.61,4.0,4.0,1
5624,3.0,6.0,44.0,3.5,-0.48,0.06,3.0,5.0,1
5627,7.0,8.0,39.0,3.6,0.52,0.58,3.0,3.0,1
5628,7.0,7.0,35.0,3.0,0.52,0.42,3.0,5.0,1
5632,4.0,4.0,37.0,3.3,-0.32,-0.48,4.0,3.0,1
5633,9.0,9.0,32.0,3.3,0.9,1.01,4.0,3.0,1
5638,4.0,6.0,33.0,3.4,-0.19,0.12,3.0,3.0,1
5639,4.0,6.0,34.0,3.5,-0.38,0.12,2.0,3.0,1
5640,1.0,1.0,27.0,3.4,-1.39,-1.64,2.0,4.0,1
5650,7.0,6.0,39.0,2.8,0.44,0.05,3.0,4.0,1
5652,3.0,3.0,34.0,3.1,-0.7,-0.68,4.0,3.0,1
5656,7.0,7.0,36.0,3.3,0.42,0.27,2.0,3.0,1
5657,8.0,6.0,41.0,3.2,0.74,0.21,4.0,4.0,1
5661,8.0,6.0,39.0,2.9,0.58,0.06,4.0,3.0,1
5662,10.0,10.0,36.0,3.1,1.89,1.8,4.0,3.0,1
5664,1.0,1.0,48.0,2.8,-1.88,-1.82,3.0,4.0,1
5665,6.0,6.0,35.0,3.1,0.15,0.11,4.0,3.0,1
5668,2.0,2.0,28.0,3.8,-0.93,-1.02,4.0,3.0,1
5669,8.0,9.0,40.0,3.8,0.64,1.06,4.0,3.0,1
5671,10.0,10.0,27.0,3.3,1.81,1.84,4.0,3.0,1
5678,10.0,10.0,30.0,3.2,2.01,2.44,2.0,4.0,1
5681,3.0,3.0,41.0,3.3,-0.67,-0.86,4.0,4.0,1
5685,4.0,7.0,42.0,3.6,-0.33,0.35,3.0,5.0,1
5686,3.0,1.0,26.0,2.3,-0.49,-1.32,2.0,2.0,0
5688,4.0,3.0,25.0,3.7,-0.23,-0.75,1.0,3.0,0
5690,7.0,8.0,39.0,3.4,0.47,0.84,4.0,4.0,1
5693,2.0,2.0,40.0,3.7,-0.83,-1.03,3.0,5.0,1
5697,1.0,1.0,29.5,3.7,-1.77,-1.91,4.0,5.0,1
5698,9.0,9.0,38.0,2.4,1.03,1.25,4.0,3.0,1
5701,5.0,4.0,32.0,3.1,0.02,-0.5,3.0,2.0,1
5708,1.0,1.0,38.0,2.4,-1.75,-2.28,4.0,3.0,0
5711,7.0,6.0,39.0,3.7,0.43,0.24,3.0,6.0,1
5713,5.0,5.0,42.0,2.8,-0.08,-0.14,4.0,4.0,1
5716,6.0,4.0,35.0,3.9,0.14,-0.4,4.0,4.0,1
5721,8.0,7.0,39.0,3.2,0.74,0.44,4.0,3.0,1
5722,3.0,4.0,42.0,3.6,-0.43,-0.45,4.0,4.0,1
5724,2.0,3.0,32.5,2.8,-0.92,-0.63,1.0,3.0,1
5727,6.0,5.0,40.0,2.9,0.08,-0.02,5.0,5.0,1
5730,7.0,7.0,30.3,2.7,0.3,0.32,4.0,2.0,1
5731,6.0,7.0,32.0,3.2,0.3,0.47,3.0,3.0,1
5733,4.0,7.0,39.0,3.6,-0.41,0.3,4.0,3.0,1
5738,9.0,8.0,40.0,3.4,1.12,0.59,4.0,5.0,1
5739,9.0,9.0,32.0,3.3,1.2,1.08,4.0,2.0,1
5740,7.0,7.0,48.0,3.5,0.55,0.28,5.0,5.0,1
5743,3.0,5.0,33.0,3.2,-0.53,-0.13,4.0,2.0,1
5751,6.0,5.0,40.0,3.6,0.19,-0.12,2.0,4.0,1
5752,5.0,7.0,32.0,3.3,-0.01,0.47,4.0,3.0,1
5762,4.0,4.0,30.0,3.1,-0.42,-0.47,3.0,2.0,1
5766,4.0,6.0,35.0,2.9,-0.24,0.1,4.0,3.0,1
5769,4.0,4.0,46.0,4.0,-0.39,-0.29,3.0,5.0,1
5770,2.0,2.0,31.0,3.0,-0.94,-1.09,4.0,4.0,1
5773,8.0,7.0,36.0,3.2,0.62,0.34,4.0,3.0,1
5775,6.0,7.0,48.0,3.2,0.21,0.48,4.0,6.0,1
5776,7.0,6.0,39.0,2.0,0.6,0.12,2.0,4.0,1
5777,10.0,10.0,39.0,3.7,1.42,1.43,4.0,2.0,1
5778,9.0,9.0,38.0,2.7,1.15,1.1,4.0,3.0,1
5779,8.0,6.0,48.0,3.8,0.84,0.01,4.0,3.0,0
5780,2.0,1.0,35.0,2.9,-0.86,-1.59,4.0,3.0,1
5784,3.0,7.0,47.0,3.2,-0.66,0.45,4.0,3.0,1
5785,7.0,7.0,27.0,3.3,0.45,0.42,3.0,3.0,1
5788,9.0,10.0,40.0,3.0,1.15,1.5,4.0,3.0,1
5791,7.0,8.0,33.0,3.4,0.55,0.67,3.0,3.0,1
5792,4.0,5.0,40.0,3.4,-0.26,-0.16,5.0,5.0,1
5793,10.0,10.0,33.0,3.3,1.36,1.39,4.0,3.0,1
5794,9.0,9.0,34.0,3.5,1.06,1.28,3.0,3.0,1
5795,5.0,7.0,29.5,3.5,-0.03,0.39,4.0,3.0,1
5796,4.0,5.0,40.0,3.5,-0.37,-0.07,4.0,3.0,1
5801,4.0,2.0,30.0,3.9,-0.45,-0.86,3.0,5.0,0
5802,3.0,2.0,44.0,3.0,-0.72,-1.24,4.0,4.0,1
5805,8.0,9.0,30.0,3.4,0.58,0.98,3.0,2.0,1
5807,10.0,7.0,37.0,3.3,1.45,0.49,3.0,4.0,1
5811,3.0,3.0,41.0,2.5,-0.69,-0.6,4.0,3.0,0
5813,2.0,2.0,34.0,3.4,-1.09,-1.01,3.0,5.0,1
5814,7.0,8.0,38.0,4.0,0.61,0.78,3.0,4.0,1
5815,5.0,4.0,35.0,3.7,-0.03,-0.34,4.0,4.0,1
5816,1.0,1.0,29.0,3.1,-1.85,-1.7,2.0,3.0,0
5818,3.0,4.0,35.0,2.2,-0.42,-0.55,4.0,1.0,1
5820,8.0,8.0,43.0,3.6,0.84,0.58,5.0,4.0,1
5821,3.0,2.0,37.0,3.5,-0.61,-1.14,4.0,3.0,0
5823,9.0,8.0,39.0,3.5,1.2,0.86,2.0,4.0,1
5824,7.0,7.0,29.0,3.2,0.41,0.27,3.0,3.0,1
5825,2.0,1.0,35.0,3.4,-1.09,-1.46,3.0,4.0,0
5826,1.0,1.0,26.0,3.4,-1.51,-1.79,4.0,4.0,0
5828,7.0,8.0,39.0,3.4,0.4,0.75,4.0,5.0,1
5829,3.0,4.0,40.0,3.3,-0.48,-0.52,4.0,4.0,1
5830,2.0,2.0,39.0,2.5,-0.89,-1.2,3.0,5.0,0
5832,10.0,9.0,41.0,3.7,1.65,1.22,4.0,4.0,1
5833,7.0,9.0,38.0,2.5,0.52,0.96,4.0,3.0,1
5834,2.0,4.0,37.0,2.6,-0.75,-0.45,5.0,3.0,1
5836,8.0,6.0,34.0,3.2,0.6,0.26,4.0,3.0,1
5838,2.0,2.0,45.0,3.9,-0.84,-1.02,3.0,5.0,1
5840,10.0,10.0,48.0,3.9,1.75,1.76,4.0,5.0,1
5841,9.0,7.0,44.0,2.8,0.96,0.48,4.0,5.0,1
5842,6.0,8.0,32.0,3.4,0.2,0.78,3.0,3.0,0
5843,4.0,4.0,31.5,2.9,-0.25,-0.29,5.0,3.0,1
5844,2.0,1.0,30.0,3.5,-1.04,-1.32,3.0,3.0,0
5848,2.0,1.0,38.0,3.1,-1.03,-1.87,3.0,3.0,1
5849,9.0,7.0,35.0,2.7,0.88,0.53,3.0,3.0,1
5854,1.0,1.0,26.0,3.1,-1.13,-1.5,2.0,3.0,0
5857,6.0,6.0,32.0,3.6,0.19,0.0,3.0,2.0,0
5860,4.0,5.0,36.0,2.5,-0.27,-0.09,4.0,3.0,1
5861,5.0,5.0,33.0,3.2,-0.14,-0.12,4.0,5.0,1
5862,7.0,5.0,38.0,3.1,0.46,-0.08,4.0,3.0,1
5863,3.0,5.0,38.0,3.1,-0.57,-0.03,4.0,5.0,1
5864,4.0,5.0,27.0,3.2,-0.21,-0.1,3.0,2.0,1
5865,10.0,10.0,41.0,3.5,2.15,1.82,4.0,5.0,1
5867,5.0,3.0,39.0,3.9,-0.15,-0.81,4.0,6.0,1
5871,4.0,4.0,45.0,3.4,-0.3,-0.4,4.0,4.0,1
5872,10.0,10.0,42.0,3.6,2.02,2.17,3.0,5.0,1
5875,10.0,10.0,39.0,3.4,1.54,1.53,3.0,5.0,1
5877,5.0,6.0,39.0,2.6,-0.04,0.04,3.0,3.0,1
5878,2.0,3.0,41.0,2.8,-0.95,-0.74,4.0,3.0,1
5880,3.0,7.0,28.7,3.5,-0.56,0.37,1.0,3.0,1
5881,9.0,9.0,41.0,3.6,1.28,1.17,4.0,6.0,1
5891,10.0,8.0,39.0,3.6,1.34,0.76,3.0,3.0,1
5893,9.0,10.0,28.0,3.8,1.06,1.53,3.0,2.0,1
5899,5.0,5.0,32.0,3.1,-0.07,-0.2,4.0,4.0,1
5902,1.0,1.0,40.0,3.6,-1.52,-1.44,3.0,3.0,1
5903,3.0,5.0,38.0,2.8,-0.66,-0.06,3.0,3.0,0
5906,1.0,2.0,38.0,2.8,-1.72,-0.9,4.0,4.0,1
5909,10.0,10.0,39.0,3.4,1.62,1.61,4.0,5.0,1
5911,2.0,1.0,28.0,2.7,-0.96,-1.36,4.0,4.0,0
5913,9.0,10.0,46.0,2.6,0.97,1.62,4.0,4.0,1
5915,3.0,5.0,37.0,3.6,-0.65,-0.14,3.0,5.0,1
5918,3.0,3.0,39.0,3.6,-0.69,-0.59,4.0,4.0,1
5920,3.0,4.0,36.0,3.4,-0.64,-0.32,4.0,6.0,1
5921,3.0,3.0,33.0,3.0,-0.5,-0.58,4.0,3.0,1
5924,5.0,6.0,38.0,2.8,-0.11,0.13,4.0,4.0,1
5925,4.0,4.0,33.0,3.3,-0.38,-0.49,3.0,3.0,1
5927,8.0,9.0,45.0,3.7,0.6,0.9,4.0,5.0,1
5928,9.0,10.0,42.0,3.1,1.28,1.63,3.0,4.0,1
5930,5.0,5.0,40.0,3.3,-0.16,-0.15,4.0,3.0,1
5933,6.0,5.0,40.0,3.4,0.13,-0.04,4.0,3.0,1
5935,5.0,6.0,34.0,3.6,0.01,0.12,4.0,4.0,1
5940,10.0,10.0,42.0,2.8,2.28,2.33,4.0,2.0,1
5941,3.0,3.0,40.0,3.9,-0.63,-0.77,3.0,6.0,1
5942,8.0,8.0,36.0,3.4,0.71,0.66,3.0,3.0,1
5943,7.0,7.0,36.0,3.1,0.36,0.35,4.0,3.0,1
5944,4.0,3.0,34.0,2.8,-0.26,-0.6,5.0,4.0,1
5945,7.0,7.0,39.0,3.0,0.37,0.37,4.0,4.0,1
5946,8.0,9.0,37.0,2.8,0.77,1.12,3.0,3.0,1
5947,10.0,10.0,35.0,3.0,1.56,1.7,3.0,2.0,1
5949,8.0,8.0,36.5,2.4,0.61,0.58,4.0,3.0,1
5951,7.0,6.0,38.0,2.8,0.44,0.18,4.0,3.0,1
5952,2.0,2.0,29.0,3.1,-0.74,-1.18,2.0,3.0,0
5955,8.0,7.0,35.0,2.9,0.61,0.48,3.0,3.0,1
5960,10.0,8.0,34.0,3.3,1.44,0.81,3.0,4.0,1
5961,5.0,3.0,28.0,3.0,-0.16,-0.6,3.0,2.0,1
5965,1.0,2.0,36.0,2.8,-1.19,-1.06,3.0,3.0,0
5966,5.0,5.0,37.0,3.8,-0.12,-0.23,3.0,5.0,1
5967,9.0,5.0,35.0,2.9,1.01,-0.09,3.0,3.0,1
5968,2.0,3.0,38.0,3.3,-0.83,-0.85,3.0,4.0,1
5972,7.0,8.0,38.0,2.7,0.51,0.7,3.0,3.0,1
5974,4.0,2.0,46.0,3.6,-0.29,-0.88,4.0,5.0,0
5976,7.0,6.0,40.0,3.0,0.55,0.16,3.0,4.0,1
5980,6.0,5.0,39.0,3.0,0.3,-0.14,3.0,3.0,1
5981,1.0,3.0,36.0,3.0,-1.17,-0.7,5.0,3.0,1
5986,9.0,10.0,39.0,3.5,1.07,1.41,4.0,5.0,1
5987,10.0,10.0,41.0,3.3,1.53,1.88,4.0,3.0,1
5989,5.0,7.0,34.0,3.5,0.08,0.3,4.0,4.0,1
5994,3.0,4.0,41.0,3.4,-0.54,-0.52,3.0,4.0,1
5995,9.0,5.0,39.5,3.1,1.14,-0.1,4.0,3.0,1
5997,9.0,9.0,40.0,3.2,0.94,1.19,3.0,4.0,1
6000,7.0,9.0,33.0,3.3,0.55,1.06,3.0,3.0,1
6001,6.0,5.0,31.0,2.8,0.2,-0.17,4.0,3.0,1
6005,9.0,6.0,26.3,2.8,0.92,0.14,4.0,2.0,0
6009,5.0,3.0,37.0,3.5,-0.09,-0.58,4.0,5.0,1
6010,2.0,2.0,40.0,3.5,-0.92,-0.93,5.0,5.0,1
6016,1.0,4.0,39.0,4.0,-1.86,-0.4,5.0,4.0,1
6018,5.0,4.0,43.0,2.4,-0.15,-0.54,4.0,3.0,1
6020,5.0,5.0,39.0,3.0,-0.06,-0.2,3.0,4.0,1
6024,9.0,8.0,40.0,3.1,1.23,0.54,4.0,5.0,1
6026,10.0,9.0,35.0,3.6,1.33,1.26,3.0,3.0,1
6027,5.0,7.0,33.0,2.8,-0.07,0.37,4.0,3.0,1
6031,5.0,6.0,41.0,3.5,-0.17,0.05,2.0,3.0,1
6032,9.0,8.0,40.0,3.5,1.18,0.82,3.0,4.0,1
6033,4.0,2.0,39.0,3.4,-0.39,-1.03,4.0,4.0,0
6037,2.0,1.0,40.0,3.3,-1.11,-2.05,3.0,6.0,1
6039,4.0,6.0,35.0,3.7,-0.24,0.05,3.0,3.0,1
6040,3.0,2.0,30.5,3.6,-0.7,-1.18,4.0,4.0,1
6041,10.0,10.0,27.0,3.6,1.32,1.45,2.0,3.0,1
6042,1.0,1.0,39.0,2.9,-1.53,-1.38,4.0,4.0,1
6043,5.0,5.0,44.0,3.1,-0.13,-0.14,4.0,4.0,1
6044,5.0,6.0,29.0,2.7,0.03,0.05,4.0,2.0,1
6047,6.0,6.0,35.0,3.3,0.12,0.22,4.0,3.0,1
6050,7.0,7.0,30.0,3.2,0.51,0.41,3.0,3.0,1
6054,4.0,5.0,36.0,2.7,-0.3,-0.11,4.0,2.0,1
6055,3.0,4.0,30.0,3.5,-0.44,-0.33,2.0,2.0,1
6056,1.0,3.0,39.0,3.0,-1.43,-0.76,3.0,3.0,1
6060,9.0,8.0,40.0,1.9,1.05,0.56,4.0,2.0,1
6066,5.0,5.0,39.0,2.4,-0.1,-0.06,4.0,3.0,1
6068,2.0,5.0,31.0,3.6,-0.79,-0.24,3.0,3.0,1
6075,9.0,9.0,39.0,3.6,1.3,1.05,4.0,4.0,1
6077,5.0,4.0,33.0,3.4,-0.07,-0.53,3.0,3.0,1
6079,8.0,7.0,42.0,3.7,0.87,0.44,4.0,4.0,1
6080,3.0,2.0,36.0,3.6,-0.62,-0.9,4.0,4.0,1
6082,5.0,8.0,36.5,2.9,-0.02,0.58,4.0,5.0,1
6083,6.0,6.0,35.0,2.9,0.14,0.14,2.0,2.0,1
6084,8.0,10.0,35.0,3.4,0.83,1.59,3.0,4.0,1
6085,10.0,9.0,40.0,2.9,1.96,1.12,3.0,3.0,1
6086,8.0,9.0,39.0,2.9,0.67,0.88,5.0,5.0,1
6087,2.0,2.0,42.0,2.9,-0.92,-0.93,4.0,4.0,1
6089,10.0,10.0,38.0,2.2,1.93,1.44,3.0,3.0,1
6091,7.0,7.0,39.0,3.1,0.48,0.4,3.0,3.0,1
6093,4.0,7.0,38.0,3.1,-0.27,0.32,3.0,3.0,1
6095,7.0,6.0,36.0,2.9,0.32,-0.02,3.0,3.0,1
6098,2.0,2.0,39.0,3.5,-0.92,-1.02,4.0,4.0,1
6100,10.0,10.0,35.0,3.8,1.37,1.6,2.0,4.0,1
6101,4.0,1.0,37.0,3.2,-0.42,-1.41,3.0,5.0,1
6102,8.0,6.0,38.0,2.8,0.77,0.17,5.0,4.0,1
6103,2.0,2.0,36.0,3.2,-0.84,-0.92,4.0,3.0,1
6106,6.0,5.0,38.0,2.8,0.21,-0.09,4.0,3.0,1
6109,2.0,2.0,46.0,3.8,-0.97,-1.11,3.0,5.0,1
6111,5.0,4.0,40.0,2.7,-0.14,-0.39,3.0,3.0,1
6112,10.0,9.0,44.0,3.1,1.4,1.22,3.0,5.0,1
6113,2.0,4.0,37.0,3.2,-0.79,-0.34,4.0,3.0,1
6114,2.0,5.0,35.0,2.6,-0.91,-0.25,4.0,4.0,1
6116,9.0,9.0,36.0,3.9,1.13,0.93,3.0,3.0,1
6117,5.0,4.0,33.0,2.8,-0.16,-0.33,4.0,2.0,1
6122,5.0,6.0,45.0,2.7,0.0,0.08,3.0,4.0,1
6125,8.0,7.0,42.0,3.0,0.78,0.55,5.0,4.0,1
6127,2.0,1.0,37.0,2.4,-0.94,-1.56,4.0,3.0,1
6128,9.0,10.0,41.0,3.3,1.05,1.43,4.0,3.0,1
6130,2.0,4.0,22.0,2.5,-0.6,-0.55,3.0,1.0,0
6131,8.0,5.0,22.0,2.9,0.67,-0.08,2.0,1.0,0
6135,4.0,4.0,37.0,3.9,-0.36,-0.4,3.0,3.0,1
6137,8.0,4.0,39.0,2.4,0.82,-0.25,3.0,5.0,0
6138,2.0,3.0,30.7,2.7,-0.87,-0.62,4.0,3.0,1
6139,2.0,4.0,42.0,2.6,-0.94,-0.5,5.0,4.0,1
6142,1.0,1.0,27.5,2.7,-1.76,-1.84,2.0,4.0,1
6144,3.0,4.0,28.0,3.7,-0.44,-0.35,2.0,3.0,1
6145,3.0,2.0,35.0,3.1,-0.68,-1.12,4.0,3.0,1
6146,10.0,7.0,33.0,2.8,2.79,0.46,1.0,4.0,1
6149,9.0,9.0,39.0,3.6,1.04,0.91,3.0,5.0,1
6150,10.0,10.0,35.0,2.7,1.85,2.56,3.0,2.0,1
6152,6.0,4.0,42.0,3.3,0.24,-0.34,3.0,4.0,1
6160,5.0,3.0,30.0,3.2,0.02,-0.82,1.0,2.0,1
6161,5.0,2.0,33.0,2.4,-0.05,-1.23,3.0,3.0,0
6162,10.0,10.0,41.0,3.3,1.48,1.83,4.0,2.0,1
6169,3.0,6.0,36.0,3.9,-0.64,0.19,4.0,4.0,1
6173,10.0,7.0,42.0,2.7,1.43,0.42,4.0,3.0,1
6174,6.0,5.0,41.0,3.0,0.29,-0.05,3.0,4.0,1
6175,4.0,8.0,38.0,2.5,-0.36,0.63,1.0,5.0,0
6178,2.0,2.0,25.5,3.3,-0.91,-1.01,3.0,4.0,0
6179,9.0,8.0,28.3,3.3,1.02,0.71,4.0,3.0,1
6180,2.0,3.0,43.0,3.3,-1.06,-0.73,4.0,6.0,1
6181,10.0,10.0,37.0,3.1,1.97,1.59,4.0,3.0,1
6186,5.0,4.0,33.0,3.6,-0.05,-0.27,3.0,4.0,1
6187,7.0,10.0,40.0,3.7,0.33,1.31,2.0,5.0,1
6188,4.0,3.0,44.0,3.4,-0.41,-0.7,4.0,4.0,1
6189,7.0,8.0,43.0,2.7,0.57,0.61,3.0,4.0,1
6190,6.0,6.0,41.0,3.3,0.16,0.09,3.0,5.0,1
6191,8.0,10.0,42.0,3.4,0.96,1.38,4.0,6.0,1
6194,3.0,2.0,38.0,2.9,-0.7,-0.9,3.0,3.0,1
6195,1.0,1.0,41.0,3.5,-1.22,-1.42,3.0,4.0,1
6197,1.0,1.0,33.5,2.6,-1.45,-1.67,3.0,3.0,0
6198,4.0,5.0,33.5,2.5,-0.2,-0.1,4.0,3.0,1
6199,7.0,8.0,42.0,3.3,0.54,0.73,3.0,4.0,1
6200,1.0,1.0,38.0,3.6,-2.01,-1.61,4.0,5.0,1
6205,8.0,4.0,44.0,3.5,0.69,-0.33,5.0,5.0,1
6206,4.0,2.0,30.0,3.5,-0.3,-0.99,4.0,4.0,1
6207,1.0,1.0,39.0,3.5,-1.56,-1.57,4.0,4.0,1
6209,7.0,7.0,43.0,3.6,0.45,0.46,4.0,5.0,1
6210,6.0,5.0,39.0,3.5,0.24,-0.26,4.0,3.0,1
6211,2.0,2.0,41.0,3.2,-0.9,-0.89,4.0,4.0,1
6212,6.0,7.0,41.0,3.4,0.24,0.4,3.0,4.0,1
6213,4.0,5.0,36.0,3.3,-0.17,-0.07,3.0,3.0,1
6214,2.0,1.0,27.0,3.5,-1.05,-1.64,3.0,3.0,0
6215,5.0,7.0,42.0,3.1,-0.12,0.31,5.0,4.0,1
6216,5.0,5.0,38.0,3.4,-0.03,-0.16,4.0,5.0,1
6217,7.0,8.0,45.0,3.9,0.46,0.72,3.0,5.0,1
6219,10.0,9.0,37.0,2.5,1.36,1.17,4.0,2.0,1
6222,8.0,7.0,44.0,3.0,0.77,0.55,4.0,4.0,1
6224,2.0,4.0,41.0,3.7,-0.84,-0.37,3.0,5.0,0
6226,8.0,9.0,46.0,3.6,0.78,1.05,4.0,6.0,1
6227,3.0,3.0,47.0,3.7,-0.47,-0.79,4.0,5.0,1
6229,10.0,10.0,39.0,3.6,1.61,1.47,2.0,4.0,1
6231,5.0,5.0,27.0,2.8,-0.16,-0.1,3.0,3.0,1
6232,3.0,2.0,25.0,2.4,-0.42,-1.25,4.0,1.0,0
6235,4.0,1.0,39.0,3.3,-0.29,-1.32,4.0,3.0,1
6236,10.0,6.0,42.0,2.4,1.55,0.06,3.0,6.0,1
6237,7.0,8.0,39.0,3.6,0.44,0.84,3.0,4.0,1
6238,1.0,1.0,23.7,2.7,-2.27,-1.47,4.0,5.0,1
6239,7.0,8.0,44.0,2.2,0.58,0.56,4.0,4.0,0
6242,6.0,5.0,46.0,3.9,0.15,-0.15,5.0,5.0,1
6243,10.0,9.0,44.0,3.3,1.37,1.18,4.0,5.0,1
6244,3.0,3.0,30.0,3.6,-0.67,-0.55,3.0,6.0,1
6246,9.0,9.0,40.0,2.9,1.12,1.13,3.0,5.0,1
6248,8.0,7.0,44.0,3.7,0.67,0.37,3.0,6.0,1
6249,10.0,10.0,40.0,3.7,2.27,2.38,4.0,1.0,1
6251,3.0,2.0,36.0,3.3,-0.48,-0.93,3.0,3.0,1
6253,6.0,7.0,38.0,2.9,0.26,0.39,3.0,5.0,1
6255,3.0,2.0,42.0,2.8,-0.5,-0.89,4.0,3.0,1
6256,6.0,4.0,31.0,2.7,0.31,-0.37,3.0,1.0,1
6257,5.0,3.0,34.0,2.8,-0.13,-0.58,4.0,3.0,1
6258,5.0,4.0,32.0,3.3,0.02,-0.34,4.0,3.0,1
6260,9.0,10.0,32.0,3.0,0.93,1.83,1.0,2.0,1
6262,2.0,3.0,37.3,3.7,-1.04,-0.78,4.0,5.0,1
6268,3.0,6.0,33.0,3.7,-0.55,0.01,3.0,1.0,1
6269,8.0,9.0,35.0,3.5,0.66,1.1,3.0,5.0,1
6272,3.0,1.0,33.0,3.2,-0.52,-1.46,5.0,5.0,1
6275,4.0,4.0,37.0,3.2,-0.47,-0.38,3.0,6.0,1
6277,1.0,3.0,40.0,2.6,-1.26,-0.7,2.0,4.0,1
6278,6.0,6.0,33.0,3.6,0.24,0.11,4.0,4.0,1
6279,9.0,8.0,36.0,3.3,0.96,0.82,4.0,4.0,1
6280,2.0,4.0,35.0,3.9,-1.05,-0.37,3.0,4.0,1
6281,4.0,4.0,36.0,3.4,-0.26,-0.42,2.0,3.0,1
6287,5.0,5.0,34.0,3.5,-0.15,-0.19,4.0,3.0,1
6288,1.0,3.0,31.0,3.3,-1.18,-0.82,2.0,4.0,1
6292,9.0,9.0,46.0,3.5,1.3,0.9,3.0,4.0,1
6295,6.0,7.0,34.0,3.0,0.15,0.43,2.0,3.0,1
6297,1.0,2.0,28.0,3.0,-1.2,-1.05,2.0,4.0,0
6302,8.0,10.0,42.0,2.8,0.88,1.36,3.0,4.0,1
6304,7.0,9.0,37.0,3.7,0.51,0.93,3.0,2.0,1
6308,7.0,6.0,48.0,3.6,0.29,0.13,5.0,5.0,1
6309,2.0,1.0,40.0,3.0,-1.11,-1.4,3.0,4.0,1
6311,3.0,4.0,36.0,3.7,-0.47,-0.37,4.0,4.0,1
6315,9.0,8.0,41.0,3.5,1.11,0.82,3.0,4.0,1
6316,2.0,2.0,33.0,2.8,-0.89,-1.0,5.0,3.0,1
6317,3.0,2.0,42.0,3.9,-0.56,-0.91,4.0,3.0,1
6319,8.0,9.0,35.0,3.1,0.65,1.15,4.0,3.0,1
6320,3.0,4.0,31.0,2.9,-0.64,-0.36,4.0,3.0,1
6321,8.0,7.0,42.0,3.3,0.8,0.32,5.0,4.0,1
6322,1.0,1.0,26.0,3.6,-1.74,-1.8,1.0,3.0,1
6323,8.0,5.0,45.0,2.8,0.84,0.0,4.0,5.0,1
6324,7.0,7.0,33.0,2.8,0.32,0.41,4.0,2.0,1
6327,1.0,1.0,24.0,2.5,-1.47,-1.68,4.0,2.0,1
6328,8.0,8.0,38.0,3.1,0.63,0.56,5.0,3.0,1
6334,7.0,7.0,32.0,3.3,0.4,0.51,4.0,5.0,1
6335,6.0,6.0,41.0,2.8,0.11,0.08,5.0,4.0,1
6341,10.0,9.0,36.0,2.6,1.34,1.04,3.0,2.0,1
6343,3.0,5.0,43.0,3.6,-0.66,-0.2,4.0,6.0,1
6344,2.0,3.0,40.0,3.6,-0.87,-0.67,4.0,5.0,1
6345,9.0,9.0,48.0,3.4,1.44,1.11,4.0,6.0,1
6347,6.0,7.0,40.0,3.3,0.16,0.36,5.0,4.0,1
6348,8.0,8.0,32.5,3.0,0.64,0.77,3.0,5.0,1
6349,5.0,4.0,30.0,3.8,-0.08,-0.47,5.0,3.0,0
6350,6.0,4.0,37.0,3.2,0.2,-0.38,3.0,6.0,1
6351,2.0,2.0,36.0,3.1,-1.02,-0.98,3.0,3.0,1
6353,7.0,7.0,43.0,3.7,0.47,0.39,4.0,6.0,1
6355,5.0,3.0,46.0,3.3,-0.12,-0.73,3.0,4.0,1
6359,10.0,3.0,40.0,2.5,1.77,-0.52,4.0,6.0,1
6361,7.0,8.0,46.0,3.6,0.51,0.64,4.0,6.0,1
6362,1.0,4.0,18.0,3.5,-1.14,-0.5,1.0,3.0,1
6363,3.0,2.0,38.0,3.0,-0.55,-1.28,4.0,3.0,0
6364,8.0,8.0,36.0,3.3,0.82,0.79,4.0,5.0,1
6368,4.0,3.0,31.0,3.6,-0.42,-0.79,2.0,4.0,1
6369,4.0,6.0,31.5,3.4,-0.45,0.21,4.0,5.0,1
6370,7.0,7.0,36.0,3.5,0.58,0.49,4.0,4.0,1
6371,10.0,10.0,39.0,3.2,1.69,1.78,3.0,3.0,1
6373,3.0,3.0,43.0,3.8,-0.51,-0.79,4.0,6.0,0
6375,3.0,4.0,33.0,3.2,-0.51,-0.54,4.0,3.0,0
6376,3.0,3.0,34.0,3.1,-0.56,-0.68,3.0,3.0,1
6377,5.0,5.0,36.0,3.3,0.04,-0.1,1.0,4.0,1
6383,8.0,8.0,47.0,3.5,0.7,0.61,4.0,6.0,1
6386,4.0,1.0,33.0,3.0,-0.34,-1.34,4.0,3.0,1
6387,3.0,1.0,39.0,3.0,-0.56,-1.53,3.0,3.0,0
6390,7.0,8.0,33.0,3.7,0.38,0.67,3.0,3.0,1
6391,2.0,2.0,30.0,2.7,-1.01,-1.2,5.0,2.0,1
6392,6.0,5.0,36.0,3.9,0.29,-0.12,3.0,4.0,1
6395,3.0,7.0,36.0,2.9,-0.59,0.26,3.0,3.0,1
6396,9.0,6.0,33.0,3.1,1.08,0.29,4.0,4.0,0
6403,2.0,3.0,40.0,3.7,-0.84,-0.76,4.0,5.0,1
6405,2.0,5.0,39.0,3.3,-0.88,-0.15,4.0,4.0,1
6406,7.0,3.0,41.0,2.8,0.42,-0.61,3.0,5.0,1
6407,10.0,9.0,41.0,3.9,1.35,1.12,4.0,4.0,1
6410,2.0,2.0,28.0,3.3,-0.79,-1.02,2.0,3.0,1
6412,10.0,8.0,47.0,3.6,1.41,0.76,4.0,3.0,1
6414,7.0,3.0,30.0,3.6,0.54,-0.67,4.0,4.0,1
6415,5.0,4.0,33.5,3.1,0.05,-0.3,4.0,3.0,1
6416,5.0,5.0,44.0,3.4,-0.02,-0.16,3.0,4.0,1
6418,2.0,3.0,39.0,3.3,-0.78,-0.71,4.0,4.0,1
6421,7.0,5.0,42.0,3.7,0.46,-0.21,2.0,4.0,1
6423,4.0,7.0,37.0,4.0,-0.27,0.54,4.0,3.0,0
6424,4.0,3.0,39.0,3.3,-0.29,-0.67,4.0,3.0,1
6425,2.0,2.0,25.0,3.5,-0.89,-1.17,3.0,3.0,0
6433,3.0,5.0,38.0,3.2,-0.59,-0.2,4.0,4.0,1
6435,6.0,6.0,33.0,3.5,0.1,0.26,4.0,5.0,1
6437,3.0,4.0,33.7,3.0,-0.44,-0.36,3.0,2.0,1
6438,7.0,6.0,35.0,3.2,0.35,0.17,4.0,5.0,1
6441,2.0,1.0,21.0,3.2,-1.09,-1.31,3.0,3.0,0
6442,1.0,2.0,33.5,3.0,-1.25,-1.3,3.0,4.0,1
6443,1.0,2.0,28.0,3.4,-1.11,-1.25,4.0,2.0,0
6444,3.0,4.0,33.0,3.3,-0.59,-0.43,3.0,3.0,1
6445,7.0,6.0,35.0,2.4,0.37,0.03,2.0,4.0,1
6446,6.0,8.0,40.0,3.0,0.27,0.69,3.0,4.0,1
6447,4.0,2.0,36.0,2.8,-0.26,-0.9,5.0,3.0,1
6448,2.0,1.0,32.0,3.1,-0.85,-1.43,4.0,6.0,0
6451,8.0,6.0,34.0,3.4,0.66,0.23,4.0,3.0,1
6454,3.0,5.0,34.0,2.2,-0.54,-0.23,3.0,2.0,1
6455,7.0,5.0,38.0,3.5,0.42,-0.23,3.0,3.0,1
6456,4.0,3.0,35.0,3.0,-0.31,-0.67,3.0,3.0,0
6457,1.0,1.0,27.0,2.5,-1.35,-1.48,5.0,3.0,1
6458,1.0,1.0,38.0,3.1,-1.36,-2.11,4.0,4.0,1
6459,6.0,6.0,38.0,2.5,0.24,0.08,4.0,3.0,1
6460,2.0,3.0,45.0,3.3,-1.12,-0.74,4.0,5.0,1
6466,9.0,6.0,35.0,3.3,0.96,0.18,4.0,3.0,1
6468,4.0,5.0,37.5,3.7,-0.23,-0.15,4.0,4.0,1
6469,6.0,2.0,25.0,2.0,0.28,-1.02,3.0,1.0,0
6477,8.0,8.0,27.5,3.8,0.77,0.86,3.0,3.0,1
6478,2.0,2.0,42.0,2.3,-0.97,-0.98,4.0,3.0,1
6481,4.0,4.0,29.0,3.0,-0.29,-0.42,3.0,3.0,1
6486,5.0,4.0,33.5,2.5,-0.01,-0.52,4.0,2.0,1
6488,1.0,2.0,47.0,3.4,-1.16,-1.21,4.0,4.0,1
6493,4.0,4.0,45.0,3.5,-0.24,-0.24,3.0,6.0,1
6494,9.0,9.0,43.0,3.7,1.07,0.98,4.0,5.0,1
6499,3.0,2.0,26.5,3.2,-0.62,-1.16,3.0,3.0,0
6500,10.0,10.0,42.0,3.5,1.89,1.72,4.0,3.0,1
6505,8.0,7.0,41.0,2.9,0.61,0.51,4.0,3.0,1
6508,8.0,8.0,32.0,2.6,0.65,0.63,5.0,2.0,1
6509,1.0,2.0,45.0,3.6,-1.51,-1.29,4.0,5.0,1
6510,9.0,9.0,42.0,3.2,0.99,1.12,3.0,3.0,1
6511,4.0,4.0,26.5,3.3,-0.32,-0.43,2.0,3.0,0
6516,6.0,6.0,31.5,3.6,0.19,0.03,3.0,3.0,1
6518,8.0,7.0,36.0,3.3,0.61,0.33,5.0,3.0,1
6519,2.0,2.0,45.0,4.0,-1.07,-1.09,5.0,6.0,1
6521,10.0,9.0,40.0,3.3,1.57,0.93,4.0,6.0,1
6526,3.0,3.0,33.0,3.4,-0.46,-0.74,4.0,3.0,1
6531,2.0,2.0,37.0,3.2,-0.87,-1.02,4.0,3.0,1
6534,7.0,7.0,46.0,3.1,0.47,0.42,4.0,4.0,1
6537,7.0,8.0,34.0,3.6,0.5,0.69,4.0,4.0,1
6538,2.0,2.0,29.0,2.4,-0.84,-0.96,5.0,2.0,1
6539,4.0,6.0,31.5,3.2,-0.34,0.13,3.0,3.0,1
6540,10.0,10.0,36.0,3.0,1.96,1.8,4.0,4.0,1
6541,10.0,10.0,39.0,2.5,1.88,1.59,3.0,2.0,1
6543,4.0,5.0,35.0,3.6,-0.29,-0.26,4.0,3.0,1
6544,5.0,7.0,46.0,3.2,-0.12,0.49,4.0,4.0,1
6547,2.0,4.0,33.0,3.5,-0.76,-0.3,3.0,3.0,0
6548,2.0,4.0,38.0,4.0,-0.86,-0.5,4.0,2.0,1
6549,7.0,5.0,33.0,3.0,0.4,-0.06,3.0,3.0,1
6551,6.0,8.0,46.0,3.5,0.32,0.7,4.0,4.0,1
6553,8.0,10.0,37.0,3.9,0.84,1.43,4.0,5.0,1
6559,9.0,8.0,41.0,3.6,1.16,0.8,4.0,1.0,1
6560,5.0,2.0,31.0,3.5,-0.01,-0.92,5.0,3.0,1
6564,3.0,5.0,42.0,2.3,-0.59,-0.02,4.0,5.0,1
6565,1.0,2.0,38.0,2.1,-1.3,-1.08,3.0,3.0,1
6566,3.0,2.0,44.0,3.9,-0.61,-0.89,3.0,5.0,1
6568,9.0,9.0,46.0,3.0,1.14,1.07,5.0,5.0,1
6572,2.0,3.0,38.0,3.3,-1.02,-0.71,4.0,4.0,1
6575,3.0,5.0,38.0,3.2,-0.59,-0.14,3.0,3.0,1
6576,10.0,10.0,37.0,3.4,2.27,1.85,4.0,4.0,1
6578,5.0,5.0,34.0,2.8,-0.11,-0.12,2.0,3.0,1
6579,8.0,9.0,42.0,3.5,0.69,1.05,2.0,5.0,1
6580,1.0,1.0,27.0,3.9,-1.2,-1.45,2.0,4.0,0
6584,6.0,7.0,44.0,3.1,0.17,0.4,3.0,4.0,1
6588,8.0,8.0,32.0,4.0,0.64,0.73,3.0,4.0,1
6589,2.0,2.0,30.5,3.6,-1.06,-1.1,4.0,5.0,1
6591,9.0,8.0,35.0,2.8,1.22,0.7,4.0,3.0,1
6599,5.0,4.0,45.0,3.9,-0.18,-0.32,3.0,5.0,0
6600,1.0,1.0,38.0,3.4,-1.55,-2.02,3.0,3.0,0
6601,9.0,6.0,35.0,2.8,0.96,0.05,3.0,3.0,1
6610,2.0,2.0,33.0,2.5,-0.97,-1.15,3.0,2.0,0
6611,4.0,7.0,44.0,3.2,-0.32,0.42,3.0,4.0,1
6612,2.0,1.0,36.0,3.0,-0.81,-1.47,2.0,2.0,1
6613,6.0,9.0,39.5,3.5,0.2,1.07,4.0,4.0,1
6615,2.0,2.0,36.0,2.6,-0.76,-1.15,4.0,2.0,1
6625,7.0,8.0,39.0,3.3,0.43,0.84,4.0,3.0,1
6627,7.0,8.0,40.0,3.1,0.34,0.82,3.0,5.0,1
6628,4.0,7.0,45.0,3.6,-0.45,0.38,4.0,5.0,1
6630,8.0,8.0,43.0,2.4,0.71,0.7,4.0,3.0,1
6631,4.0,4.0,35.0,3.7,-0.38,-0.47,4.0,4.0,1
6634,8.0,9.0,42.0,3.9,0.65,0.92,4.0,4.0,1
6635,6.0,4.0,38.0,3.5,0.16,-0.33,3.0,4.0,1
6637,2.0,3.0,32.0,3.1,-1.09,-0.65,3.0,3.0,1
6641,8.0,8.0,43.0,3.6,0.71,0.71,3.0,3.0,1
6649,10.0,10.0,38.0,2.8,1.32,1.41,3.0,3.0,1
6651,6.0,6.0,37.0,2.6,0.15,0.0,4.0,2.0,1
6653,2.0,3.0,29.0,3.0,-1.08,-0.68,4.0,4.0,1
6655,6.0,7.0,33.0,3.3,0.2,0.35,4.0,3.0,1
6657,4.0,4.0,35.0,3.4,-0.38,-0.42,3.0,5.0,1
6659,10.0,8.0,42.0,3.7,1.4,0.7,4.0,5.0,1
6661,8.0,9.0,36.0,3.5,0.84,0.98,4.0,4.0,1
6663,2.0,4.0,35.0,3.2,-1.07,-0.29,4.0,3.0,1
6669,10.0,10.0,39.0,2.9,2.06,1.77,3.0,3.0,1
6670,10.0,10.0,25.0,3.9,1.69,1.85,3.0,2.0,1
6673,1.0,2.0,31.5,3.1,-1.72,-1.01,3.0,3.0,1
6674,1.0,1.0,34.0,3.4,-1.36,-1.52,5.0,5.0,1
6675,8.0,6.0,42.0,3.2,0.63,0.01,4.0,4.0,1
6678,2.0,2.0,34.0,2.9,-1.06,-1.04,4.0,6.0,0
6679,7.0,7.0,45.0,3.6,0.49,0.54,3.0,4.0,1
6682,9.0,9.0,37.0,3.1,0.85,1.16,3.0,2.0,1
6683,10.0,10.0,42.0,3.1,1.91,1.58,4.0,4.0,1
6684,6.0,6.0,36.5,3.1,0.2,0.04,3.0,4.0,1
6690,6.0,5.0,33.0,3.5,0.25,-0.07,3.0,3.0,1
6691,5.0,7.0,40.0,4.0,0.07,0.27,2.0,6.0,1
6693,3.0,3.0,37.0,3.2,-0.54,-0.63,4.0,3.0,1
6697,9.0,8.0,48.0,3.6,1.16,0.67,5.0,6.0,1
6699,6.0,6.0,41.0,3.7,0.21,0.12,3.0,5.0,1
6701,7.0,5.0,40.0,2.4,0.61,0.0,3.0,4.0,1
6702,4.0,5.0,31.0,3.3,-0.11,-0.09,3.0,1.0,1
6705,10.0,10.0,43.0,3.3,1.8,2.02,3.0,4.0,1
6708,8.0,9.0,39.0,3.6,0.85,1.07,4.0,4.0,1
6710,1.0,1.0,29.0,3.2,-1.98,-1.75,4.0,5.0,1
6711,2.0,2.0,48.0,3.8,-1.07,-1.06,4.0,6.0,1
6713,2.0,2.0,40.0,3.3,-0.81,-1.3,5.0,3.0,1
6716,1.0,1.0,32.0,3.0,-1.15,-1.49,2.0,3.0,0
6719,10.0,9.0,40.0,3.3,1.31,1.2,4.0,5.0,1
6725,6.0,4.0,27.5,3.5,0.25,-0.31,4.0,3.0,1
6726,2.0,3.0,40.0,2.7,-0.96,-0.61,4.0,4.0,1
6728,6.0,7.0,45.0,3.5,0.23,0.46,2.0,5.0,1
6729,2.0,2.0,19.0,3.0,-0.8,-1.09,2.0,5.0,0
6733,2.0,1.0,39.0,3.6,-0.98,-1.54,3.0,5.0,1
6735,4.0,3.0,42.0,2.9,-0.23,-0.83,3.0,4.0,1
6737,10.0,8.0,47.0,3.4,2.46,0.74,4.0,5.0,1
6740,5.0,4.0,36.0,3.8,-0.03,-0.53,2.0,4.0,1
6741,8.0,7.0,27.5,3.4,0.79,0.32,5.0,2.0,1
6742,10.0,8.0,39.0,3.4,1.29,0.82,4.0,5.0,1
6743,7.0,5.0,32.0,3.1,0.43,-0.12,3.0,3.0,1
6746,8.0,8.0,37.0,3.5,0.68,0.58,4.0,4.0,1
6747,2.0,1.0,19.0,2.2,-1.03,-1.32,3.0,2.0,0
6750,5.0,5.0,41.0,3.5,-0.12,-0.01,4.0,5.0,1
6755,7.0,9.0,32.0,3.0,0.56,1.01,3.0,1.0,1
6757,3.0,5.0,45.0,3.4,-0.62,-0.28,3.0,3.0,1
6763,6.0,9.0,41.0,3.2,0.31,1.11,4.0,3.0,1
6764,2.0,4.0,44.0,2.7,-0.75,-0.49,4.0,4.0,1
6767,9.0,8.0,47.0,3.1,1.1,0.62,3.0,6.0,1
6769,2.0,6.0,35.0,3.2,-0.86,0.1,4.0,3.0,1
6771,6.0,6.0,39.0,2.9,0.26,0.03,5.0,3.0,1
6772,7.0,5.0,33.0,3.0,0.32,-0.09,3.0,5.0,1
6773,9.0,9.0,41.0,3.7,1.06,1.28,4.0,3.0,1
6774,10.0,10.0,41.0,3.2,1.53,1.51,4.0,3.0,1
6778,2.0,4.0,35.0,3.0,-0.8,-0.3,3.0,3.0,1
6780,5.0,4.0,33.0,3.1,0.01,-0.39,4.0,3.0,1
6781,1.0,1.0,35.0,2.9,-1.74,-1.61,3.0,3.0,1
6782,3.0,1.0,35.5,3.6,-0.75,-1.38,2.0,5.0,1
6783,3.0,2.0,37.5,3.1,-0.62,-0.88,4.0,4.0,0
6784,1.0,3.0,35.5,2.9,-1.37,-0.71,3.0,3.0,1
6785,3.0,2.0,45.0,3.9,-0.78,-0.88,4.0,6.0,1
6786,2.0,2.0,46.0,3.8,-0.88,-0.98,3.0,6.0,1
6787,2.0,2.0,23.0,3.1,-0.99,-1.06,5.0,3.0,0
6790,3.0,2.0,37.0,3.3,-0.48,-0.95,4.0,3.0,1
6794,6.0,6.0,35.0,2.1,0.11,-0.01,4.0,3.0,1
6795,5.0,7.0,42.0,3.8,-0.02,0.29,3.0,3.0,1
6800,9.0,8.0,38.0,3.3,0.98,0.63,4.0,3.0,1
6804,10.0,10.0,30.5,3.3,1.76,2.18,3.0,2.0,1
6805,10.0,10.0,40.0,3.0,1.76,2.17,4.0,3.0,1
6808,6.0,9.0,32.5,3.1,0.09,0.94,4.0,5.0,1
6811,8.0,9.0,40.0,3.3,0.83,1.12,4.0,3.0,1
6816,7.0,4.0,45.0,3.6,0.34,-0.28,2.0,5.0,1
6817,5.0,6.0,27.0,2.4,0.02,0.04,3.0,1.0,1
6819,10.0,10.0,29.7,3.8,1.74,1.46,3.0,3.0,1
6824,10.0,10.0,40.0,3.7,1.59,1.75,3.0,5.0,1
6825,3.0,1.0,39.0,3.0,-0.56,-1.57,2.0,5.0,1
6827,1.0,1.0,36.0,3.2,-1.4,-1.49,4.0,4.0,1
6828,4.0,5.0,35.0,3.1,-0.38,-0.04,3.0,3.0,1
6830,7.0,9.0,37.0,3.3,0.41,0.98,3.0,3.0,1
6831,8.0,9.0,35.0,2.9,0.87,0.88,3.0,3.0,1
6832,8.0,8.0,43.0,3.7,0.85,0.84,4.0,4.0,1
6833,10.0,10.0,33.0,3.3,1.83,2.14,4.0,4.0,1
6836,4.0,6.0,38.0,3.5,-0.2,0.24,4.0,4.0,1
6844,7.0,8.0,44.0,3.1,0.35,0.58,5.0,4.0,1
6846,5.0,6.0,41.0,3.7,-0.02,0.06,3.0,4.0,1
6847,2.0,4.0,31.5,2.5,-0.75,-0.33,4.0,3.0,1
6852,2.0,1.0,36.0,2.6,-0.85,-1.4,3.0,2.0,0
6853,8.0,9.0,40.0,3.7,0.66,1.22,4.0,4.0,1
6856,1.0,2.0,22.7,3.6,-1.28,-1.28,3.0,3.0,0
6857,2.0,7.0,32.0,3.2,-0.95,0.35,3.0,5.0,1
6858,10.0,10.0,39.0,3.1,1.77,2.03,3.0,3.0,1
6861,1.0,1.0,33.5,2.9,-1.98,-1.46,4.0,3.0,1
6862,4.0,3.0,38.0,3.2,-0.28,-0.61,4.0,4.0,1
6863,4.0,4.0,28.5,3.3,-0.25,-0.37,3.0,2.0,0
6864,4.0,3.0,23.0,4.0,-0.29,-0.82,2.0,1.0,1
6871,5.0,8.0,44.0,2.5,0.03,0.69,3.0,3.0,1
6876,10.0,9.0,37.0,2.9,1.35,1.24,3.0,3.0,1
6877,7.0,8.0,36.0,3.4,0.51,0.77,4.0,4.0,1
6878,7.0,6.0,26.0,3.5,0.43,0.07,2.0,2.0,1
6879,3.0,2.0,35.0,2.6,-0.48,-1.02,4.0,3.0,1
6880,10.0,9.0,43.0,3.8,1.76,1.26,4.0,5.0,1
6881,3.0,4.0,20.0,3.3,-0.71,-0.52,1.0,2.0,0
6885,6.0,8.0,46.0,3.7,0.21,0.61,4.0,5.0,1
6886,5.0,5.0,40.0,3.5,-0.12,-0.11,4.0,4.0,1
6888,7.0,8.0,34.0,3.5,0.47,0.77,3.0,3.0,1
6893,9.0,8.0,41.0,3.1,1.02,0.8,2.0,4.0,1
6894,9.0,9.0,35.5,2.7,1.17,1.06,3.0,3.0,1
6895,3.0,3.0,33.0,3.0,-0.72,-0.9,4.0,2.0,0
6896,9.0,10.0,45.0,3.2,0.97,1.63,4.0,4.0,1
6903,3.0,3.0,48.0,3.9,-0.73,-0.59,4.0,5.0,1
6906,5.0,4.0,33.0,2.7,-0.03,-0.3,4.0,3.0,1
6907,5.0,5.0,32.0,3.8,0.01,-0.23,3.0,4.0,1
6908,5.0,7.0,34.0,3.8,-0.06,0.4,4.0,4.0,1
6911,1.0,1.0,30.0,3.2,-1.49,-1.96,3.0,4.0,0
6913,9.0,9.0,37.0,3.4,1.14,1.26,4.0,4.0,1
6914,1.0,2.0,37.0,3.9,-1.17,-1.11,3.0,5.0,0
6916,10.0,9.0,33.0,2.7,1.35,1.07,4.0,3.0,1
6917,6.0,7.0,40.0,3.2,0.17,0.52,4.0,3.0,1
6920,7.0,8.0,26.5,3.2,0.29,0.83,3.0,2.0,1
6923,5.0,3.0,27.5,3.6,-0.06,-0.56,4.0,3.0,1
6925,2.0,3.0,34.0,3.2,-0.92,-0.63,4.0,4.0,1
6926,3.0,3.0,31.0,2.8,-0.68,-0.87,3.0,2.0,1
6928,9.0,9.0,41.0,3.0,1.09,1.1,3.0,4.0,1
6929,10.0,10.0,34.0,3.6,2.18,2.44,4.0,5.0,1
6930,9.0,9.0,36.0,3.5,1.24,1.11,3.0,5.0,1
6931,9.0,8.0,36.0,3.4,0.97,0.57,4.0,3.0,1
6932,5.0,1.0,20.0,2.7,-0.04,-1.51,3.0,1.0,0
6933,5.0,2.0,35.0,3.1,-0.14,-0.96,4.0,3.0,1
6938,10.0,9.0,27.5,3.2,1.52,1.12,3.0,2.0,1
6939,1.0,1.0,37.0,3.3,-2.01,-1.98,4.0,4.0,1
6941,5.0,3.0,30.0,3.3,0.01,-0.64,5.0,3.0,1
6943,10.0,10.0,46.0,2.8,1.91,1.63,3.0,4.0,1
6944,2.0,1.0,20.0,2.9,-0.95,-1.37,1.0,3.0,1
6945,7.0,7.0,36.0,3.6,0.42,0.42,4.0,4.0,1
6946,4.0,3.0,33.0,2.6,-0.26,-0.66,4.0,1.0,1
6947,7.0,6.0,38.0,3.6,0.4,-0.01,4.0,3.0,1
6950,2.0,2.0,41.0,3.8,-0.84,-0.86,3.0,5.0,0
6952,3.0,3.0,38.0,3.3,-0.46,-0.61,4.0,3.0,1
6953,7.0,8.0,39.0,2.8,0.36,0.61,3.0,3.0,1
6957,1.0,2.0,41.0,3.2,-1.57,-1.22,4.0,4.0,1
6958,2.0,3.0,33.0,3.5,-0.76,-0.88,3.0,3.0,1
6960,2.0,5.0,32.0,3.4,-0.71,-0.21,3.0,3.0,1
6961,3.0,3.0,39.0,3.4,-0.7,-0.71,5.0,6.0,1
6964,6.0,7.0,34.0,3.1,0.19,0.29,3.0,3.0,1
6966,5.0,7.0,29.0,3.3,0.03,0.23,4.0,2.0,1
6967,7.0,6.0,37.0,3.1,0.38,0.16,2.0,4.0,1
6975,9.0,9.0,48.0,3.9,1.25,0.95,4.0,5.0,1
6979,9.0,9.0,44.0,2.6,1.24,0.9,3.0,5.0,1
6981,9.0,10.0,41.0,3.9,0.95,1.34,4.0,4.0,1
6987,10.0,8.0,44.0,3.0,1.43,0.75,3.0,5.0,1
6989,10.0,10.0,34.0,3.1,1.81,1.51,4.0,3.0,1
6990,6.0,7.0,36.0,3.7,0.1,0.45,4.0,3.0,1
6991,1.0,2.0,32.0,3.4,-1.68,-1.23,2.0,1.0,0
6992,6.0,6.0,46.0,3.6,0.07,0.19,4.0,5.0,1
6998,8.0,8.0,32.0,3.5,0.71,0.67,3.0,5.0,1
7000,4.0,4.0,35.0,3.3,-0.18,-0.41,3.0,3.0,1
7001,1.0,2.0,38.0,3.4,-1.51,-0.92,3.0,3.0,1
7003,10.0,7.0,46.0,3.5,2.11,0.51,3.0,6.0,1
7004,3.0,2.0,23.0,2.9,-0.56,-1.28,3.0,1.0,0
7006,1.0,2.0,36.0,3.7,-1.57,-0.94,2.0,5.0,0
7008,7.0,5.0,44.0,3.3,0.48,-0.06,4.0,5.0,1
7009,8.0,9.0,34.0,3.2,0.76,1.01,4.0,3.0,1
7013,10.0,10.0,40.0,3.5,1.38,1.58,4.0,4.0,1
7014,6.0,9.0,39.0,3.0,0.24,0.97,4.0,3.0,1
7015,9.0,8.0,43.0,3.3,0.89,0.83,4.0,5.0,1
7017,8.0,7.0,34.0,3.5,0.85,0.51,4.0,3.0,1
7019,8.0,5.0,38.0,2.9,0.68,-0.23,4.0,3.0,1
7021,3.0,1.0,32.0,2.4,-0.65,-1.48,2.0,5.0,1
7022,1.0,2.0,37.0,3.4,-1.42,-1.1,4.0,4.0,1
7023,9.0,7.0,41.0,3.2,0.92,0.48,4.0,4.0,1
7030,5.0,6.0,27.0,3.8,-0.03,0.04,3.0,2.0,1
7033,1.0,1.0,40.0,3.3,-2.3,-2.41,3.0,6.0,0
7034,1.0,1.0,36.0,2.9,-1.39,-1.78,3.0,4.0,1
7035,3.0,2.0,38.0,2.7,-0.45,-1.13,4.0,3.0,1
7037,1.0,5.0,34.0,3.5,-1.41,-0.04,3.0,3.0,1
7038,8.0,8.0,47.0,3.9,0.7,0.84,3.0,5.0,1
7042,6.0,7.0,40.0,2.9,0.3,0.45,3.0,3.0,1
7043,1.0,1.0,30.5,3.1,-1.75,-1.83,4.0,3.0,1
7044,7.0,4.0,34.0,3.5,0.51,-0.44,3.0,3.0,1
7045,8.0,4.0,21.5,2.9,0.72,-0.43,3.0,1.0,0
7049,2.0,4.0,33.0,3.3,-0.94,-0.41,3.0,2.0,1
7050,9.0,9.0,37.0,3.7,0.96,1.12,4.0,3.0,1
7053,8.0,8.0,40.0,2.8,0.64,0.84,4.0,3.0,1
7055,2.0,2.0,35.0,3.2,-1.14,-0.91,4.0,4.0,0
7056,9.0,8.0,44.0,3.6,1.0,0.61,4.0,5.0,1
7057,9.0,9.0,40.0,2.6,1.22,1.26,3.0,3.0,1
7060,1.0,2.0,34.0,2.4,-1.18,-1.14,3.0,5.0,1
7066,7.0,6.0,37.5,3.4,0.35,0.11,2.0,5.0,1
7067,8.0,8.0,30.0,3.4,0.73,0.67,4.0,3.0,1
7068,10.0,10.0,43.0,3.7,2.43,2.49,5.0,5.0,1
7069,3.0,1.0,27.0,2.6,-0.46,-1.32,2.0,1.0,0
7071,4.0,4.0,40.0,2.7,-0.24,-0.29,5.0,4.0,1
7072,9.0,9.0,32.0,3.5,1.06,1.05,3.0,2.0,1
7073,7.0,7.0,44.0,3.8,0.39,0.31,3.0,6.0,1
7074,5.0,5.0,48.0,3.5,0.06,-0.22,4.0,4.0,1
7076,2.0,3.0,36.0,2.9,-0.8,-0.57,4.0,3.0,1
7080,6.0,4.0,34.0,2.7,0.27,-0.46,2.0,3.0,0
7081,10.0,10.0,33.0,3.4,2.37,2.21,5.0,2.0,1
7082,10.0,10.0,37.0,3.9,1.91,2.18,2.0,4.0,1
7084,10.0,10.0,39.0,3.9,1.3,2.67,3.0,3.0,1
7085,2.0,1.0,33.5,2.1,-0.9,-1.81,4.0,2.0,0
7088,5.0,4.0,42.0,3.0,-0.16,-0.51,4.0,4.0,1
7092,5.0,8.0,36.0,3.6,-0.11,0.87,3.0,4.0,1
7093,9.0,6.0,38.0,2.7,0.9,0.26,4.0,5.0,1
7094,8.0,7.0,43.0,2.7,0.75,0.5,4.0,5.0,1
7095,8.0,9.0,40.0,3.4,0.85,1.2,4.0,5.0,1
7098,7.0,6.0,34.5,3.1,0.5,0.21,4.0,5.0,1
7099,3.0,2.0,35.0,3.2,-0.66,-1.28,3.0,3.0,0
7100,7.0,7.0,33.0,3.4,0.52,0.44,4.0,4.0,1
7101,9.0,9.0,42.0,3.8,0.95,1.29,4.0,5.0,1
7102,8.0,8.0,46.0,3.8,0.74,0.66,3.0,5.0,0
7103,3.0,4.0,42.0,3.3,-0.69,-0.46,4.0,4.0,1
7104,6.0,8.0,40.0,3.4,0.14,0.56,3.0,4.0,1
7107,5.0,3.0,38.0,3.0,-0.15,-0.64,3.0,4.0,1
7108,5.0,5.0,38.0,3.1,-0.07,-0.13,3.0,4.0,1
7113,10.0,9.0,36.0,2.9,1.98,0.91,5.0,5.0,1
7120,8.0,9.0,30.0,2.6,0.69,1.17,3.0,2.0,1
7125,6.0,3.0,35.0,2.9,0.22,-0.57,3.0,3.0,1
7127,1.0,2.0,37.0,3.1,-1.5,-0.96,4.0,5.0,1
7131,9.0,9.0,33.0,3.0,0.86,0.97,4.0,2.0,1
7132,7.0,8.0,40.0,3.1,0.42,0.76,4.0,4.0,1
7137,2.0,3.0,30.0,3.4,-1.07,-0.56,5.0,3.0,1
7138,9.0,10.0,32.0,3.2,1.15,1.62,2.0,2.0,1
7139,6.0,4.0,39.0,3.4,0.13,-0.39,3.0,4.0,1
7141,8.0,8.0,35.0,3.0,0.69,0.57,3.0,2.0,1
7142,2.0,1.0,32.5,2.0,-1.06,-1.45,1.0,3.0,1
7143,10.0,10.0,39.0,3.5,2.07,1.8,4.0,4.0,1
7146,10.0,10.0,33.0,3.0,2.3,1.66,4.0,4.0,1
7147,8.0,8.0,39.0,3.5,0.69,0.64,4.0,4.0,1
7148,8.0,8.0,44.0,2.8,0.65,0.63,4.0,3.0,1
7153,2.0,3.0,34.0,3.5,-0.95,-0.57,1.0,5.0,0
7155,9.0,10.0,43.0,3.4,1.11,1.53,3.0,4.0,1
7159,1.0,1.0,35.0,2.3,-1.29,-1.87,2.0,3.0,0
7161,2.0,2.0,30.0,3.2,-0.93,-1.18,4.0,4.0,1
7164,3.0,5.0,34.5,3.4,-0.69,-0.23,5.0,5.0,1
7172,3.0,2.0,41.0,3.4,-0.56,-0.98,4.0,5.0,0
7181,8.0,9.0,42.0,3.7,0.77,1.27,3.0,3.0,1
7183,2.0,2.0,25.0,3.1,-0.95,-1.06,2.0,2.0,0
7193,10.0,10.0,35.0,4.0,1.54,2.19,4.0,5.0,1
7196,3.0,1.0,31.0,2.6,-0.52,-1.29,4.0,2.0,0
7199,6.0,7.0,43.0,3.6,0.21,0.33,4.0,5.0,1
7200,9.0,9.0,39.0,3.0,0.88,1.13,4.0,5.0,1
7202,1.0,1.0,33.0,2.7,-1.52,-1.49,4.0,5.0,0
7207,4.0,4.0,47.0,3.7,-0.28,-0.4,4.0,6.0,1
7211,9.0,9.0,38.0,3.6,1.13,1.03,3.0,4.0,1
7214,3.0,4.0,33.0,3.2,-0.56,-0.37,4.0,3.0,1
7216,7.0,6.0,37.0,3.3,0.45,0.06,4.0,3.0,1
7222,8.0,7.0,37.0,3.3,0.57,0.29,3.0,3.0,1
7223,8.0,8.0,38.0,3.1,0.72,0.68,3.0,4.0,1
7224,6.0,6.0,35.0,2.8,0.14,0.07,3.0,4.0,1
7227,10.0,10.0,42.0,4.0,1.71,2.01,2.0,2.0,1
7230,3.0,5.0,37.0,3.3,-0.47,-0.09,4.0,3.0,1
7233,7.0,9.0,40.0,3.3,0.48,1.2,5.0,3.0,1
7234,6.0,6.0,39.0,3.2,0.27,0.13,3.0,3.0,1
7236,10.0,10.0,35.0,3.9,1.47,1.84,3.0,3.0,1
7237,10.0,7.0,39.0,3.1,1.33,0.55,3.0,3.0,1
7238,9.0,8.0,44.0,3.6,1.13,0.61,3.0,5.0,1
7239,2.0,5.0,36.0,3.1,-1.06,-0.2,2.0,3.0,1
7240,10.0,10.0,39.0,3.0,1.39,1.35,2.0,3.0,1
7242,8.0,5.0,35.0,2.7,0.58,-0.2,2.0,3.0,1
7246,6.0,5.0,39.0,3.7,0.17,-0.02,4.0,4.0,1
7247,2.0,3.0,43.0,3.2,-0.83,-0.82,3.0,4.0,1
7253,10.0,9.0,40.0,3.2,1.31,1.12,3.0,4.0,1
7256,2.0,3.0,32.0,3.3,-0.75,-0.76,3.0,3.0,1
7257,6.0,6.0,40.0,3.7,0.29,0.14,3.0,4.0,1
7258,1.0,1.0,35.5,3.3,-1.29,-1.41,4.0,3.0,0
7261,5.0,6.0,37.0,2.9,0.03,0.19,4.0,3.0,1
7262,6.0,8.0,33.0,3.0,0.16,0.59,3.0,3.0,1
7264,6.0,7.0,35.0,3.7,0.14,0.28,2.0,3.0,1
7267,6.0,5.0,36.0,2.9,0.08,-0.18,4.0,3.0,1
7273,1.0,2.0,38.0,3.2,-1.22,-1.09,4.0,4.0,1
7279,8.0,7.0,40.0,3.4,0.67,0.4,3.0,5.0,1
7282,10.0,10.0,40.0,3.6,2.04,1.38,5.0,5.0,1
7283,7.0,7.0,36.0,3.0,0.45,0.34,2.0,3.0,1
7285,10.0,10.0,44.0,3.4,2.21,2.16,5.0,5.0,1
7288,3.0,2.0,27.5,3.0,-0.7,-1.09,3.0,4.0,0
7291,9.0,9.0,42.0,2.8,1.23,0.95,2.0,6.0,1
7292,4.0,4.0,32.0,3.2,-0.28,-0.48,3.0,2.0,1
7294,10.0,10.0,42.0,3.1,1.65,1.42,4.0,4.0,1
7295,9.0,9.0,37.0,2.7,1.2,0.9,3.0,3.0,1
7299,9.0,9.0,31.0,3.4,1.17,1.15,4.0,4.0,1
7300,4.0,4.0,34.0,3.6,-0.25,-0.45,4.0,3.0,1
7303,3.0,4.0,31.0,2.2,-0.48,-0.45,2.0,1.0,0
7304,8.0,6.0,44.0,3.8,0.6,0.12,4.0,5.0,1
7309,2.0,3.0,24.0,3.0,-0.81,-0.62,1.0,1.0,1
7310,5.0,5.0,40.0,2.9,-0.13,-0.04,3.0,3.0,1
7311,3.0,5.0,41.0,3.3,-0.6,-0.07,3.0,3.0,1
7313,10.0,10.0,42.0,3.2,1.7,1.58,4.0,6.0,1
7318,9.0,9.0,45.0,3.8,1.24,1.24,3.0,5.0,1
7322,8.0,10.0,33.0,3.4,0.75,1.38,3.0,3.0,1
7325,9.0,9.0,40.0,2.8,1.16,0.87,2.0,3.0,1
7328,7.0,8.0,34.0,3.4,0.63,0.71,2.0,1.0,1
7334,9.0,9.0,40.0,3.7,1.06,1.22,3.0,4.0,1
7335,6.0,3.0,31.5,3.7,0.12,-0.83,2.0,4.0,1
7338,10.0,10.0,33.0,3.7,1.4,1.33,3.0,3.0,1
7343,6.0,4.0,38.0,3.0,0.15,-0.36,5.0,3.0,1
7344,7.0,8.0,31.5,3.4,0.33,0.65,4.0,4.0,1
7345,6.0,7.0,37.0,3.8,0.15,0.46,3.0,2.0,1
7347,6.0,8.0,38.0,3.2,0.21,0.59,4.0,5.0,1
7354,2.0,1.0,37.0,2.4,-0.93,-1.58,5.0,3.0,0
7360,4.0,4.0,40.0,3.2,-0.34,-0.36,2.0,6.0,1
7361,2.0,2.0,35.0,2.8,-0.87,-1.31,3.0,4.0,1
7362,6.0,6.0,41.0,3.4,0.21,0.19,5.0,4.0,1
7363,5.0,2.0,34.0,2.8,-0.14,-0.87,4.0,5.0,0
7365,5.0,6.0,40.0,2.6,0.06,0.22,3.0,4.0,1
7366,4.0,5.0,35.0,3.6,-0.21,-0.06,4.0,3.0,1
7370,3.0,3.0,34.0,3.5,-0.46,-0.7,3.0,3.0,1
7374,6.0,6.0,36.0,3.5,0.21,0.24,4.0,4.0,1
7375,6.0,4.0,37.0,3.4,0.12,-0.4,4.0,3.0,1
7380,1.0,2.0,40.0,2.7,-1.76,-1.24,4.0,5.0,1
7381,7.0,8.0,38.0,3.7,0.47,0.73,3.0,4.0,1
7382,6.0,6.0,37.0,4.0,0.09,0.06,3.0,4.0,1
7384,3.0,7.0,41.0,3.8,-0.69,0.43,5.0,5.0,1
7385,3.0,3.0,44.0,3.6,-0.6,-0.83,4.0,4.0,1
7386,1.0,1.0,32.0,3.0,-1.77,-2.07,4.0,4.0,0
7387,1.0,1.0,36.0,2.9,-1.38,-1.41,4.0,3.0,0
7389,7.0,6.0,42.0,3.3,0.44,0.16,4.0,4.0,1
7391,4.0,2.0,31.0,2.8,-0.41,-0.99,4.0,4.0,1
7393,3.0,4.0,31.0,3.5,-0.53,-0.45,3.0,2.0,0
7394,2.0,4.0,37.5,2.8,-0.82,-0.33,4.0,4.0,1
7395,3.0,5.0,40.0,2.8,-0.59,-0.27,3.0,3.0,0
7396,3.0,3.0,36.0,4.0,-0.6,-0.82,3.0,3.0,1
7402,8.0,8.0,38.0,3.4,0.89,0.58,3.0,4.0,1
7404,8.0,6.0,33.0,3.1,0.59,0.12,4.0,3.0,1
7406,7.0,8.0,35.0,3.6,0.46,0.67,2.0,4.0,1
7408,1.0,1.0,29.5,3.3,-1.21,-1.76,3.0,6.0,1
7410,7.0,10.0,35.0,3.9,0.52,1.93,4.0,5.0,1
7412,1.0,1.0,44.0,2.8,-1.38,-1.72,4.0,4.0,1
7413,5.0,3.0,36.0,3.1,-0.1,-0.57,4.0,3.0,1
7414,4.0,5.0,35.5,3.4,-0.21,-0.25,2.0,4.0,1
7416,10.0,8.0,33.0,3.9,1.56,0.57,2.0,5.0,1
7420,7.0,7.0,36.0,3.3,0.33,0.38,4.0,5.0,1
7424,8.0,6.0,43.0,2.5,0.79,0.11,3.0,4.0,1
7425,1.0,1.0,35.0,3.5,-1.75,-1.46,3.0,3.0,1
7428,8.0,8.0,41.0,3.2,0.77,0.76,3.0,4.0,1
7429,3.0,4.0,37.0,3.1,-0.58,-0.35,4.0,3.0,1
7433,9.0,9.0,36.0,3.8,1.23,1.02,3.0,4.0,1
7434,9.0,8.0,39.0,3.4,1.09,0.76,4.0,4.0,1
7435,9.0,9.0,41.0,3.8,1.05,1.26,2.0,5.0,1
7436,3.0,3.0,45.0,3.4,-0.5,-0.65,2.0,6.0,1
7442,4.0,4.0,32.0,3.4,-0.28,-0.24,4.0,5.0,1
7445,4.0,5.0,40.0,3.0,-0.31,-0.26,3.0,3.0,1
7448,10.0,10.0,35.0,3.4,1.52,1.67,2.0,3.0,1
7452,10.0,10.0,37.0,3.7,2.0,1.71,4.0,5.0,1
7454,3.0,3.0,37.0,2.8,-0.66,-0.63,3.0,3.0,1
7456,9.0,6.0,34.0,2.5,1.12,0.07,4.0,2.0,1
7458,6.0,6.0,41.0,3.8,0.14,0.14,4.0,4.0,1
7461,2.0,1.0,31.0,2.7,-1.04,-1.95,5.0,3.0,0
7463,10.0,10.0,42.0,2.7,1.77,1.84,3.0,4.0,1
7466,8.0,9.0,35.0,2.6,0.73,0.98,4.0,2.0,0
7468,8.0,7.0,38.0,3.6,0.65,0.54,3.0,3.0,1
7471,9.0,9.0,37.0,3.3,1.1,1.0,4.0,4.0,1
7474,3.0,2.0,36.0,2.7,-0.52,-1.27,5.0,5.0,1
7475,3.0,2.0,27.0,3.1,-0.44,-1.2,3.0,2.0,0
7477,4.0,7.0,38.0,3.9,-0.31,0.33,3.0,6.0,1
7478,4.0,3.0,35.0,2.9,-0.41,-0.75,3.0,3.0,1
7482,7.0,4.0,46.0,3.5,0.59,-0.45,4.0,4.0,1
7487,1.0,1.0,26.0,3.1,-1.5,-1.93,3.0,4.0,1
7489,10.0,10.0,43.0,3.3,1.8,1.59,4.0,3.0,1
7490,5.0,6.0,41.0,2.7,0.03,0.17,3.0,1.0,1
7496,4.0,4.0,38.0,3.4,-0.3,-0.47,4.0,4.0,1
7497,9.0,7.0,36.0,3.6,0.94,0.43,4.0,3.0,1
7500,5.0,4.0,31.0,2.8,0.02,-0.34,3.0,1.0,1
7501,3.0,2.0,33.0,2.7,-0.48,-1.05,3.0,5.0,1
7502,3.0,10.0,37.0,3.6,-0.72,1.61,1.0,4.0,1
7503,5.0,5.0,43.0,2.5,-0.02,-0.21,3.0,2.0,1
7505,8.0,9.0,32.0,3.4,0.67,0.92,3.0,3.0,1
7509,6.0,7.0,39.0,3.7,0.23,0.34,3.0,4.0,1
7514,7.0,8.0,38.0,3.3,0.49,0.67,5.0,4.0,1
7518,7.0,6.0,36.0,3.5,0.53,0.16,4.0,2.0,1
7519,2.0,2.0,40.0,3.9,-0.8,-1.26,2.0,5.0,0
7521,2.0,2.0,36.0,3.2,-0.93,-0.89,4.0,6.0,1
7524,10.0,9.0,40.0,3.2,1.58,0.99,3.0,4.0,1
7526,3.0,3.0,33.0,3.1,-0.45,-0.71,3.0,4.0,0
7527,5.0,6.0,44.0,3.2,0.08,0.04,3.0,4.0,1
7529,10.0,10.0,41.0,3.1,1.65,1.8,4.0,3.0,1
7530,6.0,7.0,41.0,3.3,0.24,0.39,4.0,4.0,1
7533,7.0,8.0,37.0,3.2,0.53,0.68,5.0,3.0,1
7535,2.0,1.0,37.0,3.5,-0.98,-1.46,4.0,6.0,1
7536,6.0,4.0,37.0,2.6,0.06,-0.39,4.0,3.0,1
7537,2.0,2.0,35.0,2.8,-0.77,-1.24,3.0,4.0,1
7538,4.0,3.0,33.0,3.2,-0.33,-0.78,3.0,3.0,1
7541,5.0,6.0,39.0,3.6,-0.11,0.29,3.0,4.0,1
7542,1.0,2.0,27.5,3.0,-1.34,-1.17,2.0,2.0,1
7548,9.0,9.0,35.0,3.5,0.87,0.89,4.0,3.0,1
7552,8.0,10.0,31.0,3.3,0.77,1.28,2.0,6.0,1
7553,5.0,7.0,45.0,2.8,-0.14,0.41,4.0,3.0,1
7554,4.0,4.0,36.0,3.0,-0.33,-0.39,3.0,3.0,1
7559,3.0,4.0,34.0,3.4,-0.43,-0.37,4.0,3.0,1
7560,6.0,3.0,28.0,3.2,0.25,-0.71,5.0,5.0,1
7561,2.0,1.0,33.0,3.6,-1.17,-1.37,5.0,6.0,1
7562,9.0,10.0,44.0,3.7,1.25,1.56,4.0,5.0,1
7564,3.0,2.0,33.0,3.1,-0.54,-1.24,1.0,5.0,1
7571,8.0,6.0,33.0,3.4,0.7,0.05,3.0,4.0,1
7572,2.0,3.0,37.0,2.9,-0.84,-0.54,1.0,4.0,1
7573,10.0,10.0,41.0,3.7,1.86,1.88,2.0,3.0,1
7575,4.0,5.0,33.0,2.3,-0.18,-0.23,2.0,3.0,1
7577,8.0,8.0,42.0,3.1,0.68,0.62,3.0,3.0,1
7578,2.0,2.0,45.0,3.0,-1.03,-1.12,5.0,5.0,1
7581,5.0,5.0,33.5,3.3,0.03,-0.06,4.0,3.0,1
7585,6.0,8.0,40.0,3.3,0.18,0.84,4.0,3.0,1
7586,9.0,8.0,40.0,3.1,1.11,0.75,4.0,4.0,1
7593,9.0,10.0,33.0,3.8,1.06,1.79,4.0,3.0,1
7594,5.0,4.0,34.0,3.2,-0.15,-0.57,3.0,2.0,1
7598,1.0,1.0,38.0,3.0,-2.03,-2.2,4.0,3.0,0
7600,7.0,8.0,30.0,3.6,0.31,0.81,4.0,3.0,1
7601,2.0,2.0,36.5,3.1,-0.76,-0.92,3.0,4.0,1
7603,2.0,1.0,37.0,2.8,-1.04,-1.85,4.0,3.0,1
7604,7.0,6.0,38.0,3.0,0.35,0.21,5.0,4.0,1
7605,3.0,3.0,39.0,4.0,-0.6,-0.78,2.0,6.0,1
7607,8.0,7.0,40.0,3.0,0.71,0.41,4.0,4.0,1
7608,4.0,4.0,36.0,2.9,-0.35,-0.46,1.0,3.0,1
7609,7.0,7.0,43.0,3.4,0.3,0.5,2.0,5.0,1
7612,1.0,2.0,38.0,3.1,-1.58,-0.91,3.0,4.0,1
7617,8.0,8.0,43.0,2.8,0.66,0.75,4.0,4.0,1
7618,1.0,1.0,41.0,3.8,-2.09,-2.25,5.0,4.0,1
7619,5.0,5.0,42.0,3.4,-0.12,-0.12,3.0,3.0,1
7620,1.0,1.0,33.0,3.8,-1.54,-1.42,3.0,3.0,0
7621,7.0,6.0,46.0,2.7,0.56,0.11,3.0,3.0,1
7622,8.0,5.0,41.0,2.8,0.81,-0.01,4.0,4.0,1
7624,1.0,2.0,28.0,2.3,-1.13,-0.94,4.0,3.0,1
7625,8.0,10.0,41.0,2.5,0.85,1.46,3.0,3.0,1
7626,8.0,7.0,38.0,3.7,0.87,0.5,4.0,4.0,1
7629,7.0,6.0,44.0,3.8,0.55,0.2,5.0,5.0,1
7631,8.0,8.0,37.0,3.8,0.69,0.81,4.0,5.0,1
7634,4.0,4.0,40.0,3.1,-0.38,-0.3,3.0,3.0,1
7636,4.0,5.0,42.0,3.1,-0.22,-0.2,5.0,6.0,1
7638,4.0,4.0,38.0,3.1,-0.39,-0.3,4.0,5.0,1
7645,10.0,10.0,33.5,2.7,2.32,1.96,3.0,2.0,1
7648,7.0,6.0,32.0,3.6,0.41,0.14,4.0,3.0,1
7650,8.0,9.0,40.0,3.6,0.86,1.08,4.0,4.0,1
7652,4.0,5.0,35.0,3.4,-0.32,-0.17,4.0,5.0,0
7655,4.0,3.0,41.0,2.4,-0.27,-0.69,5.0,5.0,1
7656,2.0,2.0,28.0,3.6,-1.08,-1.05,3.0,3.0,1
7658,10.0,10.0,37.0,3.4,1.52,1.41,4.0,5.0,1
7660,7.0,8.0,40.0,3.8,0.48,0.71,4.0,6.0,1
7662,9.0,10.0,37.0,3.0,1.26,1.33,4.0,4.0,1
7665,8.0,8.0,37.0,3.5,0.64,0.56,4.0,3.0,1
7667,4.0,3.0,31.0,3.8,-0.17,-0.77,3.0,4.0,0
7670,4.0,7.0,29.0,3.5,-0.28,0.32,3.0,2.0,0
7679,1.0,1.0,22.5,2.2,-1.57,-1.65,5.0,3.0,0
7682,8.0,8.0,44.0,3.4,0.77,0.66,4.0,4.0,1
7683,9.0,6.0,45.0,3.5,1.14,0.29,4.0,4.0,1
7684,9.0,10.0,37.0,3.7,0.95,1.4,4.0,3.0,1
7686,10.0,10.0,32.0,3.9,1.64,1.46,3.0,3.0,1
7687,2.0,3.0,35.5,2.7,-0.89,-0.67,2.0,3.0,1
7693,4.0,3.0,24.0,2.4,-0.24,-0.6,4.0,2.0,0
7695,8.0,6.0,27.0,3.2,0.62,0.08,4.0,2.0,1
7696,8.0,7.0,43.0,3.1,0.67,0.42,4.0,3.0,1
7698,5.0,4.0,34.0,3.3,-0.01,-0.42,3.0,4.0,1
7700,7.0,8.0,41.0,3.7,0.34,0.79,4.0,5.0,1
7701,8.0,7.0,38.0,3.6,0.81,0.55,3.0,4.0,1
7702,1.0,1.0,30.0,3.7,-1.81,-1.44,4.0,5.0,0
7704,1.0,1.0,42.0,3.7,-1.81,-1.34,5.0,4.0,1
7705,5.0,5.0,45.0,2.8,-0.08,-0.07,4.0,4.0,1
7708,1.0,1.0,26.0,2.5,-1.24,-1.68,2.0,3.0,0
7709,7.0,9.0,45.0,2.8,0.48,0.88,4.0,3.0,1
7713,9.0,9.0,37.0,2.9,0.93,0.91,4.0,3.0,1
7718,6.0,8.0,37.0,3.6,0.23,0.73,3.0,4.0,1
7719,3.0,3.0,29.5,2.9,-0.74,-0.7,3.0,5.0,1
7721,6.0,7.0,41.0,3.0,0.16,0.49,3.0,3.0,0
7722,10.0,8.0,42.0,3.8,1.6,0.75,4.0,5.0,1
7723,2.0,4.0,36.0,2.6,-0.97,-0.42,3.0,5.0,0
7726,4.0,3.0,38.0,3.2,-0.29,-0.59,3.0,4.0,1
7728,2.0,2.0,35.0,3.4,-0.91,-0.86,4.0,6.0,1
7732,1.0,1.0,18.0,2.7,-1.97,-1.84,3.0,2.0,0
7734,6.0,7.0,45.0,2.7,0.25,0.32,4.0,6.0,1
7735,1.0,2.0,31.0,3.0,-1.53,-1.17,2.0,3.0,0
7736,2.0,1.0,33.0,3.7,-1.13,-1.45,3.0,4.0,0
7737,10.0,10.0,48.0,3.4,1.58,1.76,3.0,6.0,1
7740,3.0,5.0,40.0,3.6,-0.59,-0.19,4.0,4.0,1
7742,2.0,5.0,32.0,2.8,-0.85,-0.16,4.0,3.0,1
7743,10.0,10.0,39.0,3.7,2.04,1.65,2.0,4.0,1
7744,5.0,3.0,41.0,3.5,-0.02,-0.66,3.0,3.0,1
7745,10.0,10.0,42.0,3.0,1.74,1.66,3.0,5.0,1
7748,6.0,4.0,43.0,3.9,0.2,-0.48,3.0,4.0,1
7752,10.0,9.0,39.0,3.5,1.5,1.08,2.0,6.0,1
7754,10.0,8.0,39.0,3.5,1.5,0.83,4.0,4.0,1
7758,1.0,1.0,26.5,3.0,-1.54,-1.59,1.0,4.0,1
7759,10.0,10.0,37.0,3.3,2.15,1.64,4.0,4.0,1
7761,7.0,8.0,37.0,2.8,0.42,0.58,5.0,4.0,1
7763,9.0,10.0,35.5,3.7,1.03,1.39,3.0,3.0,1
7767,5.0,7.0,37.0,3.3,-0.01,0.33,2.0,3.0,1
7768,4.0,3.0,36.0,3.2,-0.36,-0.62,5.0,5.0,1
7770,1.0,1.0,37.0,2.5,-1.42,-2.05,3.0,3.0,1
7771,3.0,3.0,36.0,3.2,-0.69,-0.82,3.0,4.0,1
7773,5.0,2.0,40.0,3.2,-0.12,-0.89,4.0,3.0,1
7775,4.0,4.0,37.0,2.5,-0.18,-0.49,5.0,3.0,1
7776,4.0,4.0,42.0,4.0,-0.44,-0.42,5.0,6.0,1
7780,6.0,6.0,37.0,3.7,0.2,0.1,3.0,4.0,1
7781,8.0,9.0,44.0,3.4,0.87,0.96,3.0,5.0,1
7784,10.0,9.0,48.0,3.3,1.69,1.24,2.0,6.0,1
7786,4.0,5.0,38.0,3.5,-0.36,-0.21,3.0,4.0,1
7789,6.0,5.0,41.0,3.4,0.21,-0.16,5.0,5.0,1
7791,3.0,2.0,42.0,3.8,-0.69,-1.24,4.0,4.0,1
7793,5.0,8.0,46.0,3.5,-0.16,0.6,3.0,5.0,1
7794,1.0,2.0,27.0,2.8,-1.3,-1.08,4.0,3.0,1
7795,10.0,10.0,40.0,3.8,1.71,1.77,3.0,3.0,1
7797,1.0,1.0,28.0,2.5,-1.34,-1.66,2.0,1.0,0
7799,7.0,7.0,41.0,3.8,0.6,0.39,5.0,6.0,1
7804,3.0,5.0,33.0,3.0,-0.73,-0.12,4.0,5.0,0
7805,10.0,10.0,47.0,3.2,1.59,1.47,5.0,4.0,1
7807,8.0,8.0,46.0,2.6,0.62,0.62,3.0,5.0,1
7810,10.0,10.0,41.0,3.8,1.33,1.64,4.0,4.0,1
7819,7.0,2.0,34.0,2.8,0.53,-1.05,4.0,3.0,1
7823,1.0,1.0,39.0,3.2,-1.27,-2.13,5.0,4.0,0
7824,2.0,4.0,39.5,2.8,-1.05,-0.31,2.0,4.0,1
7825,1.0,1.0,36.0,2.7,-1.4,-1.32,3.0,2.0,1
7826,8.0,7.0,47.0,3.4,0.93,0.28,4.0,6.0,1
7828,2.0,1.0,21.0,3.0,-0.96,-1.62,3.0,4.0,0
7835,9.0,9.0,40.0,3.6,1.13,1.11,3.0,4.0,1
7837,1.0,1.0,31.0,3.6,-1.13,-1.61,4.0,3.0,0
7838,5.0,5.0,38.0,3.5,-0.2,-0.12,4.0,5.0,1
7839,8.0,10.0,32.0,3.7,0.78,1.57,3.0,4.0,1
7840,2.0,4.0,32.0,2.4,-0.79,-0.48,5.0,3.0,1
7842,9.0,8.0,45.0,3.4,0.99,0.69,4.0,5.0,1
7845,1.0,2.0,40.0,2.4,-1.15,-1.23,3.0,4.0,1
7848,1.0,2.0,29.5,3.2,-1.28,-1.16,2.0,3.0,1
7852,8.0,8.0,40.0,3.0,0.69,0.79,4.0,3.0,1
7853,4.0,6.0,40.0,3.7,-0.22,0.18,5.0,5.0,1
7855,3.0,3.0,36.5,3.4,-0.54,-0.62,4.0,5.0,1
7856,1.0,1.0,38.0,2.8,-1.39,-1.94,5.0,3.0,1
7859,5.0,6.0,34.0,2.9,-0.14,0.25,3.0,3.0,1
7861,10.0,10.0,38.0,3.8,1.56,1.84,3.0,1.0,1
7864,1.0,1.0,25.0,1.8,-1.72,-1.84,3.0,2.0,0
7866,5.0,2.0,38.0,2.6,-0.1,-1.18,3.0,3.0,0
7867,7.0,5.0,38.0,3.2,0.42,-0.16,3.0,5.0,1
7870,6.0,5.0,38.0,3.1,0.25,-0.08,4.0,3.0,1
7872,2.0,3.0,35.0,2.9,-0.96,-0.68,4.0,2.0,0
7873,1.0,1.0,38.0,3.4,-2.64,-2.52,3.0,5.0,1
7877,5.0,7.0,48.0,3.6,0.08,0.49,5.0,6.0,1
7878,4.0,4.0,36.0,3.3,-0.38,-0.46,4.0,3.0,1
7881,2.0,1.0,40.0,2.8,-0.98,-1.42,4.0,5.0,1
7882,4.0,5.0,37.5,3.1,-0.39,-0.26,5.0,3.0,1
7883,2.0,4.0,41.0,3.1,-0.91,-0.37,4.0,4.0,1
7884,5.0,3.0,38.0,3.2,0.0,-0.61,4.0,3.0,0
7886,8.0,8.0,25.5,2.1,0.88,0.67,4.0,1.0,1
7890,4.0,3.0,33.0,3.4,-0.29,-0.81,4.0,2.0,1
7897,1.0,1.0,39.0,3.2,-1.48,-1.54,5.0,4.0,1
7898,8.0,8.0,36.0,3.0,0.71,0.57,3.0,3.0,1
7899,6.0,6.0,34.0,2.3,0.07,0.13,3.0,5.0,1
7900,8.0,7.0,44.0,3.6,0.75,0.35,4.0,5.0,1
7907,6.0,8.0,47.0,3.1,0.33,0.76,4.0,6.0,1
7911,3.0,2.0,41.0,3.8,-0.52,-0.94,4.0,6.0,1
7912,7.0,6.0,35.5,3.4,0.55,0.14,3.0,4.0,1
7913,6.0,8.0,29.5,3.1,0.1,0.55,3.0,2.0,1
7920,7.0,8.0,38.0,2.7,0.51,0.71,3.0,2.0,1
7925,4.0,3.0,37.0,3.6,-0.23,-0.68,5.0,3.0,1
7926,9.0,5.0,37.0,2.5,0.92,-0.23,4.0,3.0,1
7927,7.0,8.0,34.0,2.9,0.33,0.6,3.0,3.0,1
7928,2.0,2.0,34.0,2.9,-1.01,-0.91,4.0,3.0,0
7929,10.0,9.0,41.0,3.8,1.55,1.06,4.0,6.0,1
7932,9.0,8.0,39.0,3.4,0.94,0.84,3.0,3.0,1
7933,1.0,1.0,38.0,2.9,-1.78,-2.02,3.0,3.0,0
7936,7.0,8.0,39.0,3.4,0.56,0.56,3.0,4.0,1
7938,3.0,4.0,36.0,4.0,-0.47,-0.38,2.0,3.0,1
7943,9.0,9.0,43.0,3.0,0.91,1.12,4.0,3.0,1
7946,8.0,10.0,38.5,3.8,0.64,1.34,4.0,4.0,1
7949,6.0,5.0,36.0,3.4,0.22,-0.08,4.0,3.0,1
7951,2.0,1.0,43.0,3.4,-1.0,-1.44,3.0,6.0,1
7952,4.0,4.0,38.0,2.4,-0.3,-0.52,4.0,3.0,1
7963,6.0,5.0,33.0,3.5,0.16,-0.09,4.0,3.0,1
7966,9.0,6.0,46.0,3.5,0.89,0.18,4.0,5.0,1
7970,1.0,1.0,36.0,2.4,-2.13,-1.98,3.0,4.0,1
7972,3.0,4.0,47.0,2.7,-0.72,-0.53,4.0,4.0,1
7979,10.0,9.0,35.0,3.2,1.36,1.15,4.0,3.0,1
7981,7.0,8.0,34.5,2.9,0.52,0.55,4.0,3.0,1
7982,8.0,10.0,40.0,3.9,0.78,1.27,3.0,6.0,1
7984,1.0,1.0,42.0,3.0,-1.22,-1.8,3.0,4.0,1
7986,5.0,4.0,44.0,3.7,-0.03,-0.47,4.0,6.0,1
7987,4.0,5.0,30.5,2.8,-0.43,-0.08,4.0,5.0,1
7988,1.0,1.0,36.0,3.2,-1.21,-1.4,2.0,3.0,1
7989,4.0,6.0,42.0,2.9,-0.16,0.11,3.0,4.0,1
7991,2.0,1.0,20.0,2.7,-0.93,-1.69,4.0,1.0,0
7993,4.0,5.0,37.0,3.0,-0.24,-0.08,4.0,5.0,1
7994,5.0,5.0,23.0,3.2,-0.1,-0.26,3.0,3.0,1
7997,8.0,8.0,29.0,2.9,0.69,0.76,3.0,3.0,1
7999,8.0,7.0,35.0,2.8,0.63,0.37,4.0,4.0,1
8002,1.0,1.0,39.0,3.1,-1.14,-1.37,3.0,2.0,1
8004,4.0,4.0,21.0,2.6,-0.14,-0.43,3.0,1.0,0
8007,3.0,3.0,39.0,3.4,-0.53,-0.87,3.0,4.0,1
8009,9.0,9.0,34.0,4.0,1.01,1.23,4.0,3.0,1
8011,5.0,6.0,30.0,3.2,-0.01,0.08,4.0,3.0,1
8017,5.0,3.0,45.0,3.7,-0.12,-0.61,3.0,4.0,1
8021,8.0,8.0,33.0,3.5,0.86,0.58,3.0,3.0,1
8022,8.0,8.0,38.0,3.4,0.81,0.57,3.0,4.0,1
8025,6.0,7.0,33.0,3.0,0.21,0.27,4.0,3.0,1
8026,7.0,7.0,37.0,2.9,0.56,0.33,4.0,3.0,1
8027,1.0,1.0,28.5,2.6,-1.42,-1.83,3.0,3.0,1
8029,6.0,6.0,43.0,3.6,0.27,0.12,5.0,5.0,1
8031,5.0,4.0,33.0,3.6,-0.07,-0.24,3.0,5.0,1
8032,2.0,1.0,36.0,2.7,-0.98,-2.13,4.0,4.0,1
8037,10.0,8.0,41.0,2.8,1.51,0.82,4.0,3.0,1
8038,1.0,1.0,36.0,3.2,-1.21,-1.34,4.0,4.0,1
8039,8.0,8.0,40.0,3.7,0.85,0.64,3.0,4.0,1
8041,7.0,8.0,42.0,3.6,0.38,0.68,4.0,6.0,1
8042,8.0,9.0,42.0,3.6,0.87,1.2,4.0,4.0,1
8045,9.0,9.0,40.0,3.3,1.05,1.13,3.0,4.0,1
8052,9.0,9.0,39.0,4.0,0.88,0.97,3.0,3.0,1
8056,3.0,3.0,41.0,3.6,-0.67,-0.55,5.0,6.0,1
8058,9.0,9.0,44.0,2.7,1.11,1.15,4.0,4.0,1
8059,7.0,6.0,30.0,3.5,0.33,0.01,4.0,3.0,1
8060,3.0,5.0,39.0,2.8,-0.49,-0.17,3.0,3.0,1
8061,7.0,4.0,31.5,3.0,0.35,-0.4,2.0,3.0,1
8062,7.0,7.0,41.0,3.7,0.42,0.53,4.0,5.0,1
8063,8.0,8.0,44.0,3.7,0.65,0.77,3.0,4.0,1
8065,5.0,5.0,39.0,3.5,-0.01,-0.17,4.0,5.0,1
8066,3.0,4.0,36.0,3.6,-0.61,-0.44,3.0,4.0,1
8069,3.0,5.0,34.0,3.8,-0.6,-0.06,3.0,4.0,1
8070,9.0,8.0,37.0,3.5,0.92,0.63,4.0,3.0,1
8071,7.0,6.0,31.5,3.4,0.44,0.16,4.0,3.0,1
8076,9.0,10.0,41.0,3.5,1.22,1.64,4.0,4.0,1
8077,1.0,2.0,33.0,3.3,-1.4,-1.11,4.0,3.0,1
8079,10.0,10.0,34.0,2.4,1.41,1.73,3.0,2.0,1
8082,8.0,8.0,43.0,3.2,0.73,0.83,4.0,5.0,1
8084,4.0,6.0,45.0,3.5,-0.22,0.13,5.0,4.0,1
8088,9.0,9.0,48.0,3.7,1.26,0.96,4.0,5.0,1
8094,6.0,3.0,43.0,3.2,0.18,-0.82,3.0,4.0,1
8096,10.0,10.0,35.0,3.4,1.97,1.4,3.0,4.0,1
8098,10.0,9.0,37.0,2.9,1.65,1.28,4.0,2.0,1
8099,6.0,8.0,42.0,4.0,0.11,0.82,4.0,5.0,1
8100,7.0,9.0,35.0,3.2,0.42,1.11,4.0,3.0,1
8104,7.0,6.0,38.0,3.0,0.47,0.13,4.0,3.0,1
8106,4.0,2.0,31.0,3.2,-0.3,-1.01,5.0,2.0,1
8108,1.0,2.0,36.0,3.2,-1.69,-0.99,3.0,3.0,1
8112,9.0,8.0,29.5,1.6,1.1,0.81,3.0,1.0,1
8113,4.0,4.0,31.0,2.7,-0.2,-0.48,4.0,3.0,0
8114,1.0,1.0,39.0,2.9,-1.75,-2.01,5.0,3.0,1
8122,10.0,9.0,43.5,3.0,1.36,1.22,3.0,5.0,1
8124,4.0,4.0,42.0,3.2,-0.33,-0.45,4.0,3.0,1
8127,6.0,7.0,40.0,3.2,0.25,0.37,5.0,4.0,1
8130,6.0,8.0,40.0,3.8,0.3,0.61,3.0,4.0,1
8132,7.0,8.0,40.0,3.3,0.45,0.84,5.0,4.0,1
8134,2.0,2.0,36.5,3.4,-0.74,-1.11,3.0,3.0,0
8136,1.0,5.0,21.5,3.2,-1.32,-0.28,2.0,3.0,0
8140,3.0,3.0,34.5,3.8,-0.65,-0.83,3.0,5.0,1
8147,7.0,5.0,32.0,3.4,0.53,-0.13,4.0,2.0,0
8150,1.0,1.0,26.0,3.2,-1.23,-1.68,3.0,3.0,0
8151,2.0,2.0,37.0,3.2,-0.73,-1.24,5.0,4.0,1
8154,8.0,7.0,30.5,3.6,0.87,0.49,4.0,4.0,1
8155,10.0,10.0,42.0,3.3,1.54,1.59,2.0,4.0,1
8160,9.0,10.0,46.0,3.2,1.21,1.64,4.0,3.0,1
8164,7.0,8.0,35.0,2.4,0.47,0.83,4.0,3.0,1
8166,1.0,1.0,32.0,2.7,-1.77,-1.79,3.0,3.0,1
8167,7.0,8.0,48.0,3.2,0.52,0.83,4.0,5.0,1
8168,4.0,5.0,40.0,3.4,-0.29,-0.04,4.0,4.0,1
8169,6.0,5.0,41.0,2.9,0.1,-0.12,3.0,3.0,1
8171,10.0,6.0,32.0,3.4,1.64,0.16,3.0,6.0,1
8175,1.0,3.0,39.0,2.0,-1.16,-0.89,3.0,2.0,1
8176,10.0,10.0,37.0,3.8,1.33,1.62,4.0,5.0,1
8179,3.0,5.0,39.0,3.5,-0.69,-0.12,4.0,4.0,1
8180,1.0,3.0,41.0,2.7,-1.92,-0.82,3.0,5.0,1
8194,2.0,1.0,45.0,2.7,-1.14,-1.35,3.0,5.0,0
8196,6.0,8.0,25.0,2.7,0.23,0.65,2.0,3.0,1
8198,6.0,4.0,40.0,3.9,0.14,-0.38,4.0,5.0,1
8199,2.0,2.0,28.0,3.3,-1.04,-0.96,4.0,2.0,1
8200,10.0,10.0,40.0,2.7,1.62,1.38,4.0,5.0,1
8201,2.0,4.0,27.5,3.7,-0.92,-0.52,4.0,2.0,1
8203,4.0,1.0,36.0,3.4,-0.21,-1.34,4.0,6.0,0
8204,7.0,6.0,39.0,2.5,0.36,0.05,2.0,6.0,1
8207,7.0,2.0,38.0,3.3,0.43,-1.2,4.0,3.0,1
8208,2.0,1.0,30.0,3.8,-0.96,-1.52,3.0,4.0,0
8209,3.0,5.0,34.0,3.4,-0.59,-0.28,3.0,2.0,1
8216,5.0,5.0,35.0,3.0,0.02,-0.31,3.0,2.0,1
8220,4.0,4.0,41.0,3.5,-0.2,-0.4,4.0,4.0,1
8222,8.0,8.0,45.0,2.7,0.77,0.59,5.0,3.0,1
8224,2.0,1.0,34.0,3.4,-0.86,-1.33,4.0,3.0,1
8228,9.0,8.0,41.0,3.1,1.04,0.65,4.0,4.0,1
8229,3.0,3.0,34.0,2.8,-0.63,-0.81,4.0,3.0,1
8230,6.0,7.0,38.0,3.0,0.23,0.32,4.0,4.0,1
8233,2.0,2.0,30.0,3.2,-0.92,-1.05,4.0,3.0,1
8238,7.0,6.0,42.0,3.3,0.48,0.21,2.0,4.0,1
8239,6.0,7.0,33.0,3.5,0.27,0.39,4.0,3.0,1
8241,2.0,1.0,22.0,3.0,-1.0,-2.05,3.0,4.0,1
8244,6.0,6.0,48.0,3.6,0.23,0.13,4.0,5.0,1
8247,5.0,7.0,39.7,2.8,-0.05,0.32,2.0,4.0,1
8253,4.0,5.0,31.0,3.1,-0.25,-0.22,3.0,2.0,1
8256,2.0,2.0,29.0,2.7,-1.03,-1.2,1.0,5.0,1
8258,2.0,3.0,43.0,3.7,-0.91,-0.54,4.0,5.0,1
8259,3.0,4.0,34.0,4.0,-0.58,-0.45,3.0,4.0,1
8260,1.0,1.0,43.0,2.3,-1.33,-1.7,3.0,3.0,0
8263,8.0,8.0,38.0,3.1,0.71,0.58,4.0,2.0,1
8264,4.0,5.0,34.0,2.8,-0.35,-0.17,4.0,2.0,1
8266,6.0,7.0,43.0,3.5,0.15,0.44,3.0,6.0,1
8268,2.0,3.0,46.0,3.5,-0.89,-0.82,3.0,6.0,1
8269,3.0,3.0,25.0,3.1,-0.66,-0.86,3.0,3.0,0
8270,6.0,4.0,35.0,3.3,0.14,-0.39,2.0,5.0,1
8271,5.0,5.0,38.5,3.2,-0.13,-0.06,4.0,5.0,1
8272,9.0,9.0,38.0,3.5,1.16,1.27,4.0,4.0,1
8276,9.0,8.0,40.0,3.9,0.91,0.81,3.0,4.0,1
8278,9.0,9.0,37.0,3.3,1.04,1.24,3.0,4.0,1
8279,3.0,4.0,35.0,3.8,-0.65,-0.32,4.0,4.0,1
8280,6.0,5.0,40.5,3.0,0.07,-0.04,5.0,3.0,1
8283,10.0,10.0,36.0,3.5,2.02,1.52,1.0,3.0,1
8284,8.0,6.0,35.0,3.6,0.66,0.01,2.0,3.0,1
8286,10.0,10.0,37.0,3.6,1.66,1.49,2.0,5.0,1
8288,3.0,2.0,37.0,3.1,-0.51,-1.05,4.0,3.0,1
8291,4.0,3.0,48.0,3.4,-0.4,-0.54,4.0,6.0,1
8292,1.0,1.0,36.0,3.0,-1.17,-2.34,4.0,5.0,1
8295,4.0,4.0,31.0,3.4,-0.36,-0.47,3.0,4.0,1
8297,7.0,4.0,37.0,2.6,0.36,-0.44,3.0,4.0,1
8298,4.0,5.0,42.0,3.6,-0.22,-0.2,4.0,6.0,1
8300,4.0,6.0,36.0,3.2,-0.25,0.2,4.0,5.0,1
8302,4.0,3.0,42.0,3.3,-0.23,-0.65,3.0,1.0,1
8303,9.0,8.0,41.0,2.7,1.15,0.66,3.0,4.0,1
8304,2.0,3.0,40.0,2.8,-0.83,-0.72,3.0,3.0,1
8306,1.0,1.0,46.0,3.6,-1.6,-1.68,3.0,6.0,1
8307,8.0,8.0,39.0,3.0,0.59,0.66,3.0,3.0,1
8308,9.0,8.0,33.5,3.4,0.94,0.83,3.0,5.0,1
8309,1.0,1.0,39.0,3.3,-1.29,-2.61,3.0,4.0,0
8313,1.0,2.0,34.0,3.3,-1.5,-1.15,1.0,5.0,1
8314,9.0,6.0,41.0,2.9,1.09,0.07,3.0,4.0,1
8315,2.0,3.0,47.0,3.9,-0.83,-0.58,3.0,6.0,1
8316,4.0,6.0,35.5,2.3,-0.3,0.1,4.0,3.0,1
8319,3.0,6.0,35.0,3.5,-0.6,0.07,4.0,3.0,1
8320,8.0,7.0,40.0,2.9,0.64,0.36,3.0,3.0,1
8323,2.0,2.0,38.0,3.1,-0.95,-1.06,2.0,3.0,1
8325,10.0,10.0,41.0,2.8,1.7,1.9,3.0,3.0,1
8328,2.0,2.0,44.0,3.4,-1.06,-0.91,4.0,5.0,1
8333,5.0,5.0,40.0,3.0,-0.07,-0.06,3.0,4.0,1
8335,10.0,10.0,42.0,3.3,1.6,1.46,4.0,6.0,1
8337,10.0,10.0,40.0,3.9,1.74,1.51,4.0,3.0,1
8343,7.0,9.0,32.0,3.7,0.55,1.2,3.0,3.0,1
8344,6.0,8.0,39.0,3.3,0.17,0.61,3.0,6.0,1
8348,6.0,6.0,37.0,3.1,0.14,0.03,4.0,4.0,1
8352,5.0,4.0,37.0,3.4,-0.16,-0.38,4.0,3.0,0
8353,8.0,7.0,34.5,2.7,0.81,0.35,4.0,4.0,1
8354,5.0,6.0,30.0,3.5,-0.05,0.23,4.0,3.0,1
8355,6.0,6.0,37.0,3.2,0.26,0.04,3.0,4.0,1
8356,10.0,10.0,45.0,3.8,1.71,1.86,4.0,4.0,1
8358,9.0,10.0,36.0,3.3,0.89,1.47,4.0,3.0,1
8361,3.0,2.0,37.0,2.8,-0.48,-1.13,4.0,3.0,1
8362,10.0,10.0,37.0,3.5,1.35,1.5,3.0,4.0,1
8363,9.0,8.0,39.0,3.3,1.01,0.79,4.0,4.0,1
8364,10.0,10.0,36.0,3.0,1.53,1.75,4.0,3.0,1
8365,10.0,6.0,47.0,3.1,1.5,0.19,4.0,6.0,1
8366,3.0,3.0,26.0,2.5,-0.5,-0.74,4.0,3.0,0
8369,8.0,4.0,39.0,2.9,0.8,-0.31,5.0,3.0,1
8371,10.0,10.0,36.0,3.4,1.66,1.81,4.0,3.0,1
8372,4.0,1.0,34.0,2.9,-0.42,-1.38,4.0,3.0,1
8375,2.0,2.0,42.0,3.6,-0.8,-1.13,3.0,5.0,1
8379,3.0,3.0,36.0,3.0,-0.62,-0.68,5.0,5.0,1
8381,5.0,5.0,40.0,3.2,-0.02,-0.26,4.0,3.0,1
8382,9.0,9.0,37.0,2.9,1.19,0.9,4.0,4.0,1
8384,8.0,6.0,38.0,3.1,0.64,0.12,2.0,4.0,1
8385,3.0,4.0,41.0,2.7,-0.49,-0.39,3.0,3.0,1
8386,10.0,10.0,47.0,3.4,1.34,1.75,4.0,5.0,1
8389,7.0,6.0,42.0,3.7,0.4,0.21,4.0,5.0,1
8390,3.0,4.0,33.5,3.5,-0.54,-0.28,4.0,5.0,1
8394,5.0,6.0,39.0,2.4,-0.1,0.19,3.0,3.0,1
8399,2.0,2.0,36.0,3.5,-1.13,-1.31,4.0,4.0,1
8400,5.0,2.0,33.0,2.4,-0.14,-0.91,4.0,2.0,1
8403,2.0,2.0,33.0,3.6,-0.81,-1.06,4.0,4.0,1
8404,10.0,9.0,43.0,3.8,1.51,1.22,3.0,3.0,1
8405,8.0,9.0,36.5,3.0,0.62,0.94,4.0,3.0,1
8406,5.0,5.0,35.0,3.4,0.07,-0.2,2.0,4.0,1
8410,6.0,6.0,41.0,3.3,0.35,0.05,4.0,1.0,1
8412,5.0,3.0,38.0,2.9,0.07,-0.6,4.0,4.0,1
8417,2.0,2.0,34.0,3.2,-1.08,-1.0,4.0,4.0,0
8418,4.0,7.0,36.0,3.0,-0.18,0.28,4.0,3.0,1
8420,4.0,3.0,29.0,2.5,-0.29,-0.87,4.0,3.0,1
8422,1.0,3.0,30.0,3.6,-1.21,-0.67,4.0,3.0,1
8426,7.0,10.0,33.0,3.8,0.56,1.35,2.0,4.0,1
8429,9.0,10.0,44.0,3.8,1.21,1.72,4.0,5.0,1
8431,7.0,2.0,34.0,2.1,0.47,-0.95,4.0,3.0,1
8432,6.0,6.0,40.0,3.6,0.28,0.11,3.0,3.0,1
8433,6.0,7.0,39.0,3.3,0.18,0.4,4.0,5.0,1
8434,6.0,3.0,33.0,3.3,0.32,-0.55,3.0,4.0,1
8436,5.0,5.0,40.0,3.3,-0.03,-0.17,4.0,4.0,1
8439,5.0,4.0,33.0,2.8,-0.12,-0.43,4.0,3.0,1
8440,2.0,3.0,36.0,3.4,-0.85,-0.83,5.0,4.0,1
8443,10.0,10.0,34.0,3.9,2.32,2.23,4.0,1.0,1
8444,8.0,5.0,35.0,3.3,0.63,-0.18,4.0,2.0,1
8445,4.0,3.0,32.0,2.9,-0.3,-0.67,3.0,4.0,1
8448,8.0,9.0,42.0,3.4,0.77,0.94,4.0,5.0,0
8455,1.0,3.0,36.0,3.5,-1.21,-0.72,2.0,1.0,1
8458,8.0,7.0,35.0,3.1,0.68,0.4,4.0,3.0,1
8459,6.0,4.0,40.0,3.2,0.08,-0.29,4.0,3.0,1
8462,10.0,10.0,34.0,3.7,1.63,2.01,2.0,4.0,1
8464,9.0,9.0,38.0,3.4,1.25,0.97,4.0,4.0,1
8465,4.0,1.0,38.0,3.2,-0.3,-1.52,4.0,3.0,1
8466,9.0,9.0,36.0,3.4,1.07,1.05,4.0,5.0,1
8467,1.0,1.0,47.0,3.4,-1.24,-1.63,4.0,6.0,1
8468,10.0,10.0,39.0,2.5,2.22,2.17,4.0,3.0,1
8469,8.0,7.0,36.5,3.0,0.67,0.37,5.0,3.0,1
8470,4.0,5.0,42.0,2.9,-0.27,-0.08,3.0,4.0,1
8476,6.0,5.0,37.0,3.8,0.26,-0.08,3.0,4.0,1
8477,1.0,1.0,29.0,3.1,-2.01,-2.22,3.0,4.0,0
8478,3.0,3.0,37.0,3.0,-0.61,-0.85,3.0,5.0,1
8482,6.0,4.0,42.0,3.3,0.19,-0.46,3.0,4.0,1
8483,5.0,4.0,36.0,3.7,-0.02,-0.29,4.0,4.0,1
8486,10.0,10.0,43.0,3.7,2.11,2.0,4.0,3.0,1
8489,1.0,1.0,36.0,2.8,-1.52,-1.56,3.0,4.0,0
8490,3.0,3.0,42.0,3.3,-0.43,-0.69,4.0,3.0,1
8491,3.0,1.0,28.0,3.3,-0.5,-1.54,2.0,3.0,1
8494,1.0,1.0,37.0,3.3,-1.95,-2.3,4.0,5.0,1
8496,7.0,7.0,44.0,3.4,0.4,0.44,2.0,4.0,1
8497,6.0,7.0,44.0,2.9,0.25,0.36,3.0,4.0,1
8498,4.0,4.0,39.0,3.3,-0.24,-0.38,4.0,4.0,1
8499,2.0,1.0,33.0,3.0,-1.02,-1.35,5.0,3.0,1
8502,3.0,4.0,39.0,3.5,-0.62,-0.49,5.0,3.0,1
8503,4.0,3.0,43.0,3.9,-0.46,-0.79,4.0,6.0,1
8504,7.0,9.0,48.0,3.7,0.36,1.0,5.0,5.0,1
8505,1.0,1.0,41.0,3.2,-1.36,-1.32,2.0,3.0,1
8507,3.0,5.0,38.0,3.7,-0.51,-0.16,3.0,5.0,1
8508,10.0,10.0,48.0,3.4,1.46,1.42,4.0,6.0,1
8509,8.0,9.0,36.0,3.4,0.77,1.15,1.0,4.0,1
8510,8.0,7.0,47.0,3.3,0.79,0.39,4.0,3.0,1
8511,3.0,3.0,28.0,3.0,-0.7,-0.65,3.0,5.0,1
8514,4.0,5.0,40.0,3.6,-0.25,-0.19,5.0,6.0,1
8515,10.0,10.0,40.0,2.7,1.61,1.61,3.0,4.0,1
8517,3.0,2.0,36.5,2.8,-0.66,-0.93,2.0,3.0,1
8518,8.0,8.0,37.0,3.3,0.66,0.87,2.0,4.0,1
8519,6.0,6.0,34.0,2.7,0.09,0.04,3.0,4.0,1
8521,9.0,7.0,40.0,3.4,1.0,0.49,5.0,5.0,1
8523,8.0,7.0,41.0,3.5,0.58,0.32,3.0,5.0,1
8526,3.0,5.0,33.0,2.9,-0.44,-0.13,4.0,3.0,1
8529,2.0,2.0,39.0,3.3,-0.99,-1.06,3.0,3.0,0
8531,7.0,7.0,38.0,3.1,0.53,0.49,4.0,5.0,1
8532,10.0,9.0,40.5,3.5,1.33,0.94,4.0,4.0,1
8535,9.0,10.0,29.0,3.7,0.98,1.53,2.0,4.0,1
8536,9.0,8.0,34.0,3.6,1.05,0.75,4.0,4.0,1
8538,3.0,3.0,35.0,3.4,-0.58,-0.88,4.0,4.0,0
8540,7.0,9.0,37.0,3.8,0.4,1.29,3.0,3.0,1
8541,3.0,3.0,28.0,2.5,-0.59,-0.84,4.0,3.0,1
8542,6.0,8.0,40.0,3.3,0.24,0.62,3.0,4.0,1
8543,1.0,1.0,31.5,3.6,-2.14,-1.4,2.0,5.0,0
8545,6.0,4.0,42.0,3.0,0.16,-0.34,4.0,4.0,1
8547,1.0,1.0,27.0,3.1,-1.68,-1.95,2.0,3.0,1
8548,5.0,5.0,38.0,3.3,0.03,-0.05,3.0,4.0,1
8554,8.0,8.0,39.0,3.0,0.68,0.66,4.0,4.0,1
8558,4.0,3.0,38.5,3.7,-0.26,-0.57,4.0,4.0,0
8560,8.0,9.0,42.0,3.4,0.67,1.27,4.0,5.0,1
8561,3.0,2.0,32.0,2.6,-0.59,-0.96,5.0,3.0,1
8563,6.0,7.0,35.0,4.0,0.33,0.47,3.0,4.0,1
8564,3.0,2.0,38.0,2.7,-0.56,-0.89,4.0,6.0,1
8565,1.0,2.0,36.0,3.2,-1.63,-0.96,3.0,3.0,1
8566,5.0,7.0,33.0,3.2,0.01,0.51,2.0,3.0,1
8567,9.0,9.0,44.0,2.9,1.3,1.18,2.0,4.0,1
8568,2.0,3.0,40.0,3.1,-0.9,-0.58,4.0,6.0,1
8569,2.0,2.0,26.0,2.4,-0.91,-1.27,3.0,4.0,1
8570,5.0,5.0,28.0,2.9,-0.03,-0.12,4.0,3.0,1
8573,2.0,3.0,38.0,3.7,-0.73,-0.73,3.0,3.0,1
8577,2.0,1.0,30.0,3.2,-0.84,-2.02,2.0,4.0,0
8578,6.0,7.0,43.0,3.3,0.21,0.45,5.0,4.0,1
8582,1.0,1.0,36.0,2.6,-1.17,-1.57,4.0,5.0,1
8583,4.0,2.0,40.0,3.5,-0.34,-0.93,3.0,4.0,1
8588,10.0,10.0,29.0,3.2,1.82,1.48,3.0,3.0,1
8590,4.0,5.0,34.0,2.8,-0.36,-0.19,2.0,2.0,0
8592,9.0,8.0,35.0,3.5,0.88,0.68,3.0,3.0,1
8599,4.0,4.0,40.0,3.0,-0.41,-0.38,4.0,4.0,1
8600,2.0,2.0,28.5,3.0,-1.01,-1.04,3.0,2.0,0
8605,1.0,3.0,43.0,3.6,-1.43,-0.85,2.0,3.0,1
8606,6.0,7.0,28.0,3.4,0.06,0.37,4.0,3.0,1
8610,2.0,4.0,40.0,3.1,-0.76,-0.36,4.0,4.0,1
8612,8.0,10.0,39.0,3.2,0.85,1.46,4.0,3.0,1
8616,5.0,2.0,30.0,2.9,-0.15,-1.08,4.0,5.0,1
8620,5.0,4.0,41.0,3.5,-0.1,-0.33,4.0,4.0,1
8623,3.0,6.0,34.0,2.8,-0.59,0.24,4.0,6.0,1
8624,4.0,3.0,32.5,2.7,-0.23,-0.78,4.0,3.0,0
8627,1.0,5.0,34.0,3.3,-1.24,-0.16,3.0,1.0,1
8628,9.0,9.0,45.0,2.8,1.03,1.08,4.0,4.0,1
8629,1.0,1.0,31.0,2.8,-1.42,-1.62,3.0,3.0,0
8630,7.0,1.0,32.5,2.4,0.61,-1.6,4.0,4.0,1
8631,7.0,9.0,41.0,3.7,0.47,0.88,2.0,4.0,1
8632,1.0,3.0,35.0,3.0,-1.59,-0.86,4.0,3.0,1
8634,9.0,7.0,38.0,3.8,0.9,0.28,5.0,5.0,1
8636,4.0,5.0,40.0,2.8,-0.2,-0.11,4.0,3.0,1
8639,3.0,3.0,26.5,2.8,-0.67,-0.69,2.0,5.0,1
8640,5.0,6.0,32.0,3.7,0.05,0.12,3.0,4.0,1
8643,3.0,3.0,36.0,2.9,-0.61,-0.6,2.0,4.0,1
8646,6.0,3.0,41.0,3.8,0.07,-0.6,4.0,5.0,1
8648,6.0,10.0,26.5,3.0,0.12,1.33,3.0,2.0,1
8649,8.0,5.0,45.0,2.5,0.87,-0.11,5.0,4.0,1
8652,8.0,7.0,37.0,3.1,0.88,0.54,4.0,4.0,1
8655,5.0,5.0,36.0,3.5,0.01,-0.19,3.0,4.0,1
8656,7.0,8.0,34.0,2.9,0.33,0.59,4.0,3.0,1
8657,6.0,8.0,29.0,3.2,0.12,0.78,4.0,2.0,1
8660,4.0,4.0,48.0,3.6,-0.26,-0.22,4.0,6.0,1
8661,3.0,5.0,37.0,3.5,-0.55,-0.16,3.0,4.0,1
8662,2.0,2.0,33.5,2.6,-1.07,-1.14,4.0,3.0,0
8664,6.0,7.0,35.0,3.4,0.05,0.39,4.0,2.0,1
8666,5.0,6.0,40.0,3.3,-0.13,0.2,3.0,5.0,1
8667,7.0,4.0,38.0,3.7,0.35,-0.36,3.0,4.0,1
8668,1.0,2.0,42.0,3.2,-1.21,-0.88,3.0,4.0,1
8670,9.0,8.0,45.0,2.6,0.94,0.8,2.0,3.0,1
8671,3.0,3.0,33.0,3.5,-0.54,-0.66,4.0,5.0,1
8672,10.0,9.0,31.0,3.2,1.3,0.97,5.0,2.0,1
8673,6.0,6.0,34.5,3.1,0.2,-0.02,3.0,3.0,1
8674,8.0,9.0,42.0,3.9,0.73,0.91,4.0,5.0,1
8675,9.0,9.0,41.0,3.7,1.1,0.98,4.0,3.0,1
8677,3.0,5.0,41.0,3.1,-0.55,-0.12,4.0,4.0,1
8680,3.0,4.0,41.0,3.9,-0.48,-0.24,3.0,6.0,1
8683,8.0,6.0,34.0,3.4,0.77,0.16,3.0,2.0,1
8689,9.0,9.0,35.5,3.6,1.21,1.28,4.0,4.0,1
8690,8.0,7.0,47.0,3.5,0.57,0.34,3.0,5.0,1
8695,5.0,3.0,40.0,3.0,0.0,-0.58,4.0,3.0,1
8698,10.0,9.0,38.0,3.7,1.36,0.88,5.0,4.0,1
8699,5.0,4.0,33.0,2.3,0.04,-0.55,4.0,2.0,0
8706,2.0,4.0,41.0,3.3,-0.76,-0.42,4.0,3.0,1
8707,2.0,2.0,31.0,3.5,-0.96,-0.95,3.0,4.0,1
8710,9.0,9.0,35.0,3.4,0.99,0.98,4.0,3.0,1
8711,7.0,7.0,32.0,3.2,0.43,0.27,4.0,2.0,1
8714,3.0,4.0,37.0,3.2,-0.64,-0.47,4.0,4.0,1
8715,2.0,3.0,38.0,3.0,-0.78,-0.7,3.0,4.0,1
8716,10.0,9.0,36.0,2.9,1.49,1.28,4.0,5.0,1
8720,7.0,4.0,45.0,2.9,0.52,-0.22,2.0,6.0,1
8723,3.0,3.0,35.0,2.7,-0.67,-0.64,3.0,3.0,1
8727,5.0,5.0,40.0,3.4,-0.11,-0.12,4.0,4.0,1
8729,10.0,10.0,42.0,3.7,1.34,1.42,3.0,4.0,1
8730,1.0,1.0,44.0,2.7,-1.26,-1.35,2.0,4.0,0
8731,7.0,8.0,34.5,3.1,0.56,0.6,2.0,3.0,1
8737,10.0,10.0,42.0,2.7,1.74,2.16,3.0,3.0,1
8738,4.0,5.0,36.5,3.2,-0.21,-0.11,5.0,5.0,1
8743,8.0,7.0,36.5,3.9,0.65,0.31,3.0,5.0,1
8745,7.0,7.0,45.0,3.6,0.39,0.38,4.0,4.0,1
8747,5.0,4.0,24.5,3.0,-0.05,-0.48,3.0,2.0,0
8752,4.0,2.0,32.0,2.5,-0.3,-1.0,4.0,2.0,1
8754,4.0,5.0,35.0,3.8,-0.32,-0.06,4.0,5.0,1
8755,3.0,1.0,32.0,3.1,-0.44,-1.47,4.0,3.0,0
8756,4.0,3.0,43.0,3.8,-0.26,-0.54,4.0,6.0,1
8757,7.0,8.0,38.0,3.8,0.59,0.85,4.0,4.0,1
8761,9.0,8.0,45.0,3.0,1.08,0.81,4.0,4.0,1
8763,5.0,6.0,43.0,2.4,-0.04,0.28,3.0,4.0,1
8770,10.0,10.0,46.0,3.1,1.92,1.62,5.0,4.0,1
8771,5.0,6.0,38.0,2.5,-0.14,0.18,4.0,3.0,1
8772,5.0,6.0,36.5,2.9,-0.03,0.08,5.0,4.0,1
8774,9.0,7.0,40.0,3.7,1.23,0.38,5.0,6.0,1
8777,10.0,10.0,35.0,3.4,2.05,2.25,2.0,2.0,1
8780,6.0,6.0,33.5,3.6,0.3,0.06,3.0,3.0,1
8781,5.0,5.0,37.0,3.8,0.01,-0.07,4.0,2.0,1
8783,5.0,6.0,32.0,3.1,-0.15,0.0,3.0,3.0,0
8785,10.0,10.0,44.0,2.9,1.96,2.62,3.0,3.0,1
8788,5.0,5.0,32.0,3.8,-0.14,-0.01,4.0,4.0,1
8789,8.0,9.0,41.0,3.5,0.6,0.86,4.0,5.0,1
8792,4.0,6.0,37.0,3.1,-0.28,0.08,3.0,4.0,1
8793,1.0,4.0,40.0,3.2,-1.51,-0.27,4.0,5.0,1
8796,4.0,3.0,29.0,3.4,-0.3,-0.72,4.0,5.0,0
8797,5.0,6.0,37.0,3.2,-0.12,0.14,4.0,3.0,1
8798,10.0,10.0,41.0,3.6,1.56,1.44,4.0,3.0,1
8800,4.0,4.0,39.0,3.4,-0.32,-0.38,3.0,3.0,1
8801,4.0,7.0,30.0,3.5,-0.2,0.46,2.0,3.0,1
8802,7.0,7.0,44.0,3.4,0.48,0.55,5.0,4.0,1
8806,2.0,1.0,28.0,3.1,-1.06,-1.48,2.0,4.0,1
8812,1.0,1.0,33.0,2.7,-1.43,-1.77,3.0,3.0,0
8816,7.0,8.0,40.0,3.7,0.51,0.72,3.0,4.0,1
8817,2.0,2.0,40.0,2.9,-1.05,-0.89,4.0,5.0,1
8818,9.0,9.0,32.0,3.2,1.18,0.99,3.0,5.0,1
8819,6.0,7.0,38.0,3.8,0.26,0.48,3.0,5.0,1
8821,4.0,2.0,32.0,2.9,-0.42,-0.93,1.0,4.0,1
8824,4.0,1.0,38.0,3.3,-0.32,-1.71,4.0,4.0,0
8828,5.0,6.0,38.0,3.9,-0.16,0.17,4.0,4.0,1
8829,10.0,10.0,40.0,2.1,1.32,1.94,4.0,2.0,1
8832,9.0,10.0,36.0,2.8,1.07,1.39,4.0,5.0,1
8835,5.0,6.0,29.0,3.5,-0.17,0.07,4.0,3.0,1
8844,4.0,1.0,34.3,2.8,-0.21,-1.59,4.0,4.0,0
8846,10.0,8.0,42.0,3.4,1.45,0.67,4.0,5.0,1
8848,8.0,8.0,38.0,3.5,0.8,0.69,4.0,5.0,1
8852,6.0,7.0,42.0,3.2,0.26,0.38,3.0,4.0,1
8854,2.0,4.0,36.0,3.2,-0.76,-0.5,3.0,4.0,1
8859,8.0,9.0,20.0,2.2,0.89,1.25,3.0,1.0,1
8864,1.0,1.0,22.5,2.5,-1.35,-1.63,2.0,3.0,0
8870,4.0,5.0,38.0,3.6,-0.36,-0.06,4.0,4.0,1
8871,8.0,9.0,41.0,2.9,0.87,0.95,4.0,4.0,1
8872,1.0,2.0,26.0,3.0,-1.27,-1.28,3.0,4.0,1
8875,6.0,6.0,45.0,3.9,0.09,0.02,3.0,5.0,1
8880,9.0,9.0,37.0,3.3,0.95,1.08,3.0,5.0,1
8883,1.0,1.0,39.0,3.8,-2.14,-1.89,4.0,4.0,0
8885,9.0,9.0,36.0,3.8,0.94,1.12,3.0,4.0,1
8886,5.0,7.0,38.0,3.3,0.05,0.34,3.0,3.0,1
8887,8.0,9.0,37.0,3.4,0.63,0.9,3.0,3.0,1
8890,7.0,7.0,35.0,3.3,0.48,0.5,3.0,3.0,1
8891,9.0,10.0,47.0,3.3,1.03,1.44,3.0,4.0,1
8897,7.0,8.0,37.0,3.1,0.46,0.82,3.0,6.0,1
8902,3.0,3.0,40.0,3.7,-0.49,-0.55,1.0,5.0,1
8904,9.0,8.0,39.0,3.5,1.13,0.84,4.0,3.0,1
8909,3.0,3.0,38.0,3.0,-0.73,-0.79,4.0,4.0,1
8911,7.0,5.0,29.0,3.4,0.39,-0.03,5.0,3.0,1
8914,10.0,10.0,35.0,3.2,1.47,1.8,3.0,3.0,1
8915,8.0,6.0,44.0,3.8,0.64,0.18,4.0,4.0,1
8918,6.0,9.0,36.0,3.5,0.26,0.99,4.0,3.0,1
8919,2.0,4.0,41.0,3.2,-0.92,-0.39,4.0,3.0,1
8920,4.0,8.0,33.5,2.9,-0.21,0.67,4.0,3.0,1
8921,8.0,9.0,45.0,3.7,0.85,0.86,5.0,6.0,1
8922,4.0,5.0,33.0,3.6,-0.34,-0.12,4.0,3.0,1
8923,2.0,2.0,44.0,2.7,-0.89,-0.97,4.0,4.0,1
8926,7.0,6.0,33.0,3.2,0.38,-0.03,3.0,2.0,1
8930,2.0,3.0,34.0,3.1,-0.81,-0.81,4.0,4.0,1
8934,8.0,10.0,37.0,3.8,0.86,1.6,3.0,3.0,1
8935,2.0,2.0,38.0,3.1,-1.03,-1.13,4.0,6.0,1
8939,1.0,2.0,41.0,3.1,-1.16,-1.28,3.0,4.0,1
8941,3.0,3.0,24.5,2.5,-0.37,-0.69,1.0,1.0,0
8944,5.0,7.0,34.0,3.2,-0.08,0.36,3.0,2.0,0
8950,5.0,4.0,24.0,3.5,0.03,-0.44,2.0,3.0,1
8953,10.0,10.0,41.0,3.3,1.88,1.64,3.0,3.0,1
8955,7.0,5.0,32.0,3.5,0.35,-0.12,3.0,5.0,1
8957,10.0,10.0,44.0,3.6,2.0,1.47,4.0,5.0,1
8958,10.0,10.0,42.0,3.5,1.91,1.99,4.0,3.0,1
8959,3.0,3.0,40.0,3.1,-0.58,-0.7,1.0,5.0,1
8960,3.0,6.0,37.0,3.4,-0.52,0.04,4.0,5.0,1
8962,8.0,5.0,37.0,2.8,0.63,-0.21,5.0,3.0,1
8963,3.0,2.0,37.0,3.2,-0.57,-1.17,2.0,5.0,0
8968,3.0,2.0,41.0,3.8,-0.47,-0.93,3.0,5.0,1
8969,6.0,6.0,30.0,2.8,0.2,0.14,4.0,3.0,1
8973,3.0,2.0,37.0,3.6,-0.51,-0.99,3.0,4.0,0
8975,5.0,4.0,42.0,3.4,-0.12,-0.36,3.0,4.0,1
8977,3.0,3.0,30.0,3.2,-0.71,-0.73,4.0,2.0,0
8978,1.0,1.0,29.5,3.1,-1.46,-1.68,3.0,3.0,0
8986,4.0,3.0,39.0,3.3,-0.32,-0.65,3.0,3.0,1
8987,1.0,2.0,35.0,3.3,-1.39,-0.96,3.0,3.0,0
8990,9.0,8.0,41.0,3.3,0.98,0.64,3.0,5.0,1
8992,5.0,5.0,35.0,2.5,-0.04,-0.05,2.0,3.0,1
8994,2.0,3.0,30.0,3.7,-0.82,-0.7,4.0,2.0,0
8996,2.0,1.0,43.0,2.6,-1.06,-1.44,4.0,5.0,1
9002,6.0,3.0,38.0,3.2,0.14,-0.8,3.0,3.0,1
9006,5.0,4.0,42.0,3.2,-0.11,-0.46,3.0,4.0,1
9007,5.0,3.0,35.0,2.9,-0.07,-0.58,4.0,3.0,1
9010,1.0,1.0,31.0,2.7,-1.79,-1.77,3.0,3.0,0
9011,8.0,8.0,39.0,3.1,0.67,0.68,5.0,5.0,1
9015,3.0,4.0,40.0,3.7,-0.43,-0.35,4.0,3.0,1
9017,7.0,8.0,41.0,3.6,0.45,0.74,4.0,3.0,1
9023,10.0,10.0,39.0,4.0,2.01,2.14,4.0,4.0,1
9028,5.0,3.0,42.0,3.7,0.01,-0.74,3.0,4.0,1
9029,2.0,2.0,27.0,3.2,-0.94,-0.96,1.0,2.0,1
9031,6.0,2.0,36.0,3.2,0.26,-1.0,5.0,3.0,1
9032,9.0,10.0,35.0,3.9,1.09,1.41,2.0,4.0,1
9033,10.0,10.0,40.0,3.6,1.57,1.84,3.0,3.0,1
9034,3.0,4.0,31.0,3.2,-0.51,-0.37,3.0,3.0,1
9039,4.0,3.0,37.0,2.9,-0.17,-0.72,4.0,3.0,1
9044,5.0,6.0,34.0,3.7,0.02,0.17,4.0,4.0,1
9045,1.0,1.0,29.0,2.6,-1.22,-1.69,3.0,3.0,1
9048,6.0,4.0,40.0,3.2,0.22,-0.34,4.0,4.0,1
9051,9.0,9.0,37.0,3.4,1.22,1.22,3.0,4.0,1
9053,2.0,1.0,26.0,3.0,-1.02,-1.48,3.0,4.0,0
9054,10.0,9.0,36.5,3.5,1.37,1.11,3.0,3.0,1
9056,1.0,2.0,26.0,3.6,-1.15,-1.0,3.0,3.0,0
9057,4.0,4.0,44.0,3.5,-0.2,-0.46,4.0,4.0,1
9058,7.0,6.0,34.0,2.5,0.3,0.01,4.0,2.0,1
9062,3.0,4.0,38.0,3.5,-0.65,-0.45,3.0,5.0,1
9064,7.0,8.0,33.0,3.2,0.45,0.56,4.0,3.0,1
9065,9.0,2.0,39.0,2.9,1.23,-1.21,5.0,5.0,1
9066,4.0,6.0,37.0,3.4,-0.24,0.25,4.0,4.0,1
9067,6.0,6.0,38.0,3.3,0.18,0.24,3.0,3.0,1
9073,8.0,6.0,38.0,2.9,0.74,0.16,3.0,3.0,1
9074,7.0,8.0,29.0,3.7,0.54,0.84,3.0,2.0,1
9075,4.0,4.0,39.0,2.8,-0.19,-0.48,4.0,3.0,0
9077,8.0,8.0,47.0,3.6,0.75,0.65,5.0,6.0,1
9084,6.0,6.0,38.0,3.6,0.29,0.1,4.0,3.0,1
9086,4.0,5.0,42.0,3.8,-0.25,-0.21,4.0,4.0,1
9090,10.0,10.0,42.0,3.9,2.15,2.77,4.0,4.0,1
9091,2.0,3.0,43.0,3.8,-0.84,-0.59,2.0,6.0,1
9092,5.0,4.0,36.0,3.0,-0.1,-0.48,4.0,5.0,1
9093,8.0,7.0,38.0,3.7,0.61,0.27,2.0,2.0,1
9094,9.0,9.0,42.5,3.7,1.02,1.22,4.0,5.0,1
9095,7.0,6.0,36.5,3.5,0.47,0.2,3.0,4.0,1
9097,5.0,5.0,36.0,3.0,-0.03,-0.21,3.0,6.0,1
9100,3.0,6.0,36.0,2.9,-0.44,0.21,4.0,3.0,1
9101,10.0,10.0,36.0,3.8,2.12,2.84,3.0,4.0,1
9106,9.0,10.0,36.5,3.6,1.13,1.67,3.0,5.0,1
9107,5.0,4.0,40.0,3.6,-0.09,-0.39,3.0,4.0,1
9108,8.0,8.0,33.5,2.5,0.75,0.66,4.0,3.0,1
9112,3.0,3.0,35.0,3.2,-0.5,-0.86,4.0,4.0,0
9116,6.0,6.0,26.7,3.2,0.2,0.0,4.0,3.0,1
9117,1.0,2.0,36.0,3.7,-1.35,-0.94,4.0,4.0,0
9125,8.0,8.0,32.5,3.1,0.71,0.76,4.0,5.0,1
9126,7.0,4.0,32.0,2.6,0.28,-0.39,2.0,2.0,1
9128,10.0,9.0,42.0,3.8,1.59,1.15,4.0,6.0,1
9130,2.0,1.0,35.0,2.7,-0.96,-1.3,3.0,2.0,0
9131,3.0,4.0,46.0,3.3,-0.51,-0.26,3.0,5.0,1
9134,4.0,4.0,27.0,3.0,-0.21,-0.36,4.0,3.0,1
9135,9.0,10.0,34.0,3.6,1.08,1.38,4.0,5.0,1
9136,4.0,2.0,28.0,3.4,-0.29,-0.95,1.0,3.0,1
9137,6.0,7.0,36.5,3.4,0.23,0.46,4.0,4.0,1
9139,3.0,5.0,35.0,3.8,-0.7,-0.21,3.0,5.0,1
9141,7.0,8.0,37.0,3.5,0.6,0.7,4.0,6.0,1
9142,4.0,5.0,35.0,3.4,-0.28,-0.08,3.0,3.0,1
9143,7.0,4.0,34.0,3.2,0.48,-0.45,3.0,3.0,1
9145,8.0,8.0,43.0,3.5,0.64,0.58,4.0,4.0,1
9149,6.0,7.0,39.5,3.7,0.2,0.3,3.0,4.0,1
9151,6.0,6.0,44.0,3.3,0.1,0.03,4.0,4.0,1
9152,7.0,9.0,45.0,3.5,0.53,1.03,3.0,3.0,1
9154,7.0,7.0,36.0,2.8,0.4,0.35,3.0,4.0,1
9155,9.0,8.0,38.0,3.5,0.97,0.73,5.0,6.0,1
9158,10.0,10.0,42.0,3.7,1.44,1.6,4.0,4.0,1
9159,1.0,1.0,23.0,2.7,-1.57,-1.8,3.0,4.0,0
9165,1.0,1.0,24.0,2.9,-2.13,-1.92,1.0,4.0,1
9167,6.0,7.0,37.0,3.4,0.33,0.32,3.0,4.0,1
9172,4.0,6.0,36.0,3.2,-0.28,0.05,4.0,4.0,1
9179,7.0,7.0,41.0,3.3,0.48,0.55,4.0,4.0,1
9180,3.0,3.0,36.5,2.5,-0.51,-0.65,3.0,3.0,1
9181,10.0,10.0,29.0,3.9,1.38,1.33,4.0,5.0,1
9183,4.0,4.0,37.0,2.8,-0.34,-0.36,4.0,4.0,1
9185,6.0,7.0,36.0,3.4,0.12,0.42,3.0,5.0,1
9189,10.0,9.0,40.0,3.7,1.31,1.17,3.0,4.0,1
9190,3.0,3.0,41.0,3.6,-0.47,-0.53,2.0,5.0,1
9192,6.0,8.0,39.0,2.8,0.18,0.71,2.0,1.0,1
9193,3.0,2.0,45.0,3.9,-0.69,-1.05,3.0,5.0,1
9196,2.0,2.0,40.0,3.2,-1.09,-1.04,4.0,4.0,1
9202,5.0,4.0,35.0,3.3,-0.15,-0.34,2.0,4.0,1
9203,4.0,5.0,35.0,3.0,-0.38,-0.27,5.0,2.0,1
9204,8.0,8.0,43.0,3.5,0.67,0.61,4.0,5.0,1
9205,9.0,6.0,41.0,2.7,0.98,0.1,4.0,3.0,1
9207,10.0,5.0,32.0,3.6,2.15,0.0,3.0,4.0,1
9210,5.0,4.0,36.0,2.8,-0.17,-0.49,4.0,3.0,1
9211,6.0,4.0,39.0,3.4,0.16,-0.35,3.0,5.0,1
9213,9.0,9.0,48.0,3.7,1.13,0.85,3.0,6.0,1
9214,9.0,9.0,39.0,3.3,1.2,0.96,2.0,4.0,1
9218,7.0,8.0,36.0,3.3,0.41,0.73,4.0,5.0,1
9219,7.0,7.0,47.0,3.8,0.6,0.48,2.0,6.0,1
9222,5.0,5.0,48.0,3.9,-0.03,0.0,4.0,5.0,1
9227,8.0,4.0,34.0,3.3,0.75,-0.4,4.0,3.0,1
9229,4.0,4.0,20.0,3.2,-0.2,-0.4,4.0,4.0,0
9232,9.0,7.0,37.0,3.6,1.16,0.47,2.0,4.0,1
9233,8.0,7.0,43.0,3.1,0.84,0.43,4.0,3.0,1
9235,2.0,2.0,37.0,3.4,-0.94,-1.09,3.0,6.0,0
9237,10.0,9.0,48.0,3.8,1.36,1.07,4.0,5.0,1
9238,1.0,2.0,42.0,3.1,-1.49,-1.26,3.0,1.0,1
9240,5.0,6.0,36.0,2.5,-0.05,0.02,4.0,2.0,0
9241,8.0,10.0,44.0,3.1,0.93,1.3,3.0,6.0,1
9242,8.0,6.0,38.0,3.0,0.7,0.05,4.0,3.0,1
9244,7.0,7.0,43.0,3.8,0.61,0.49,4.0,6.0,1
9245,3.0,2.0,34.0,3.4,-0.54,-1.17,3.0,5.0,0
9247,9.0,7.0,42.0,3.5,0.89,0.45,1.0,3.0,1
9249,5.0,3.0,31.5,3.1,-0.04,-0.67,3.0,3.0,1
9252,5.0,5.0,41.0,3.1,-0.05,-0.17,4.0,4.0,1
9254,8.0,8.0,42.0,3.1,0.77,0.77,3.0,4.0,1
9255,10.0,10.0,36.0,3.4,1.66,1.41,4.0,3.0,1
9259,7.0,8.0,38.0,3.6,0.57,0.58,4.0,4.0,1
9266,5.0,7.0,39.0,3.5,0.06,0.54,4.0,4.0,1
9267,2.0,3.0,25.5,3.4,-0.75,-0.53,3.0,5.0,1
9272,5.0,5.0,33.0,3.4,-0.03,-0.14,5.0,4.0,1
9273,2.0,3.0,34.0,3.4,-0.74,-0.54,3.0,4.0,1
9275,2.0,2.0,37.0,2.9,-0.81,-0.85,3.0,5.0,1
9276,6.0,8.0,46.0,3.4,0.3,0.66,3.0,6.0,1
9280,3.0,3.0,24.0,3.5,-0.51,-0.78,2.0,4.0,0
9283,1.0,1.0,39.0,3.0,-1.41,-1.35,4.0,4.0,1
9285,2.0,4.0,43.0,3.3,-0.98,-0.46,5.0,4.0,1
9286,4.0,6.0,38.0,3.4,-0.25,0.23,4.0,3.0,1
9288,5.0,7.0,36.0,3.6,-0.17,0.33,4.0,3.0,1
9290,6.0,6.0,32.0,3.3,0.19,0.17,4.0,4.0,1
9292,9.0,9.0,41.0,2.8,1.04,0.94,4.0,3.0,1
9294,1.0,1.0,35.0,3.3,-1.29,-1.57,3.0,3.0,1
9295,3.0,3.0,44.0,4.0,-0.67,-0.82,5.0,6.0,1
9298,6.0,7.0,40.0,3.6,0.29,0.47,4.0,4.0,1
9299,7.0,7.0,38.0,2.3,0.41,0.5,5.0,3.0,1
9300,5.0,5.0,40.0,3.3,-0.01,-0.01,3.0,4.0,1
9301,8.0,7.0,30.5,3.6,0.65,0.44,3.0,3.0,1
9303,10.0,10.0,40.0,3.9,1.66,1.69,3.0,4.0,1
9305,5.0,4.0,32.0,3.8,-0.14,-0.32,4.0,3.0,1
9307,10.0,10.0,36.0,3.2,1.4,1.32,3.0,3.0,1
9310,9.0,9.0,39.0,2.9,0.92,1.23,4.0,4.0,1
9312,10.0,10.0,36.0,3.1,2.01,1.43,4.0,5.0,1
9314,5.0,5.0,34.0,3.8,-0.01,-0.21,2.0,4.0,1
9315,9.0,10.0,44.0,3.0,1.1,1.39,1.0,3.0,1
9316,10.0,9.0,35.0,3.8,1.79,1.04,3.0,3.0,1
9318,9.0,8.0,37.0,3.2,0.91,0.69,3.0,2.0,1
9319,6.0,5.0,33.0,3.3,0.24,-0.21,2.0,3.0,1
9321,9.0,7.0,46.0,2.9,1.02,0.3,4.0,3.0,1
9325,1.0,1.0,39.0,2.1,-1.84,-1.81,5.0,3.0,0
9326,2.0,1.0,27.0,3.0,-0.97,-1.58,4.0,3.0,1
9332,2.0,2.0,37.0,2.6,-0.8,-1.12,4.0,3.0,1
9333,8.0,8.0,31.0,2.9,0.59,0.73,5.0,2.0,1
9336,2.0,2.0,39.0,3.6,-1.06,-1.06,4.0,3.0,1
9338,10.0,10.0,39.0,3.5,1.44,2.54,4.0,3.0,1
9339,4.0,6.0,35.5,3.3,-0.37,0.21,3.0,3.0,1
9350,10.0,10.0,41.0,3.0,1.66,1.55,3.0,3.0,1
9351,9.0,6.0,30.0,3.2,0.98,0.08,4.0,3.0,1
9353,9.0,10.0,45.0,3.4,0.96,1.41,5.0,5.0,1
9355,4.0,5.0,33.0,3.9,-0.42,0.01,3.0,4.0,1
9357,6.0,7.0,30.5,3.5,0.27,0.36,3.0,3.0,1
9358,8.0,9.0,35.0,2.4,0.59,1.23,4.0,2.0,1
9359,3.0,3.0,37.0,2.9,-0.61,-0.64,4.0,5.0,1
9362,10.0,10.0,39.0,3.6,1.66,1.76,4.0,4.0,1
9364,6.0,7.0,34.0,3.2,0.15,0.28,2.0,3.0,1
9365,2.0,2.0,42.0,3.7,-1.06,-1.15,4.0,6.0,1
9366,8.0,8.0,40.0,3.6,0.7,0.85,5.0,3.0,1
9369,3.0,3.0,44.0,3.7,-0.63,-0.83,5.0,5.0,1
9370,2.0,2.0,42.0,3.1,-1.06,-1.01,4.0,3.0,1
9372,8.0,10.0,44.0,2.5,0.84,2.36,4.0,5.0,1
9373,2.0,1.0,27.5,2.9,-0.96,-1.62,3.0,4.0,1
9376,4.0,2.0,42.0,3.1,-0.39,-1.1,4.0,4.0,1
9377,9.0,7.0,39.0,3.2,1.02,0.55,5.0,3.0,1
9383,3.0,2.0,28.0,2.3,-0.54,-1.05,4.0,4.0,1
9384,1.0,2.0,32.0,3.0,-1.12,-1.29,3.0,3.0,0
9386,4.0,5.0,40.0,2.9,-0.26,-0.1,4.0,4.0,1
9387,2.0,1.0,27.0,2.9,-0.71,-2.06,3.0,3.0,0
9389,3.0,3.0,34.0,2.8,-0.69,-0.79,4.0,4.0,1
9390,9.0,8.0,41.0,3.5,1.11,0.79,4.0,4.0,1
9391,2.0,3.0,41.0,2.3,-0.76,-0.61,5.0,5.0,1
9393,3.0,5.0,43.5,3.8,-0.69,-0.17,4.0,5.0,1
9397,8.0,6.0,40.0,3.7,0.76,0.19,4.0,4.0,1
9399,1.0,1.0,26.0,3.0,-1.4,-1.6,3.0,3.0,0
9400,5.0,6.0,31.0,3.1,-0.1,0.19,4.0,2.0,1
9401,7.0,8.0,37.0,3.9,0.36,0.56,4.0,2.0,1
9406,2.0,2.0,31.0,3.4,-0.7,-1.14,3.0,3.0,0
9408,4.0,6.0,34.5,3.2,-0.41,0.14,4.0,4.0,1
9409,3.0,4.0,33.5,3.4,-0.54,-0.53,4.0,3.0,1
9411,7.0,8.0,27.0,3.1,0.47,0.56,4.0,3.0,1
9412,3.0,4.0,35.0,2.3,-0.5,-0.45,4.0,3.0,1
9413,6.0,6.0,42.0,3.8,0.16,0.23,4.0,5.0,1
9414,3.0,4.0,24.0,3.1,-0.66,-0.46,4.0,3.0,1
9415,5.0,6.0,36.0,3.5,-0.01,0.1,4.0,3.0,1
9417,2.0,3.0,37.0,2.3,-0.8,-0.81,4.0,3.0,1
9418,7.0,8.0,47.0,3.5,0.47,0.55,4.0,6.0,1
9420,7.0,6.0,40.0,2.1,0.48,0.15,2.0,3.0,1
9422,6.0,6.0,37.0,3.6,0.18,0.17,4.0,5.0,1
9424,5.0,7.0,39.0,2.8,-0.14,0.29,3.0,3.0,1
9431,7.0,7.0,33.0,3.3,0.5,0.48,3.0,2.0,1
9433,9.0,10.0,36.0,3.1,1.02,1.59,3.0,5.0,1
9435,8.0,5.0,31.0,3.0,0.83,-0.04,3.0,3.0,1
9439,2.0,3.0,33.5,3.3,-0.8,-0.77,3.0,2.0,0
9444,5.0,5.0,36.0,3.6,-0.02,-0.1,3.0,3.0,1
9447,6.0,5.0,32.0,2.8,0.22,-0.25,4.0,3.0,1
9452,5.0,6.0,39.0,3.9,-0.11,0.14,3.0,4.0,1
9454,6.0,7.0,39.0,3.1,0.22,0.32,3.0,3.0,1
9455,10.0,10.0,41.0,2.8,1.43,1.34,3.0,4.0,1
9456,1.0,1.0,26.0,3.2,-1.57,-1.95,3.0,4.0,0
9457,10.0,8.0,34.5,3.2,1.3,0.85,3.0,3.0,1
9458,9.0,9.0,34.0,3.1,1.21,1.06,3.0,4.0,1
9459,10.0,10.0,37.0,3.0,1.72,2.2,3.0,3.0,1
9461,7.0,6.0,43.0,3.5,0.52,0.21,4.0,6.0,1
9465,1.0,5.0,41.0,3.7,-1.54,-0.2,4.0,6.0,1
9469,9.0,8.0,41.5,3.4,0.99,0.87,2.0,4.0,1
9473,2.0,2.0,37.0,3.3,-0.74,-1.05,3.0,4.0,0
9476,3.0,4.0,41.0,2.7,-0.56,-0.4,4.0,3.0,1
9486,3.0,3.0,36.0,3.5,-0.6,-0.6,4.0,5.0,1
9488,7.0,6.0,41.0,3.8,0.38,0.11,5.0,5.0,1
9491,6.0,7.0,38.0,3.3,0.3,0.31,3.0,3.0,1
9493,10.0,10.0,44.0,3.9,1.71,1.95,3.0,4.0,1
9497,10.0,10.0,39.0,3.9,2.43,2.15,3.0,3.0,1
9498,2.0,3.0,40.0,2.9,-0.99,-0.57,4.0,3.0,1
9499,1.0,1.0,40.0,2.6,-1.68,-1.69,2.0,5.0,1
9500,6.0,5.0,31.0,4.0,0.08,-0.17,4.0,5.0,1
9501,10.0,10.0,37.0,3.6,1.62,1.93,4.0,3.0,1
9502,8.0,6.0,42.0,2.7,0.71,0.17,5.0,4.0,1
9503,6.0,4.0,45.0,3.3,0.19,-0.46,4.0,4.0,1
9508,7.0,10.0,33.0,2.7,0.54,1.34,3.0,6.0,1
9509,2.0,6.0,37.0,3.1,-0.73,0.02,4.0,3.0,1
9510,3.0,3.0,30.0,3.2,-0.46,-0.79,4.0,3.0,0
9511,9.0,9.0,40.0,3.2,0.92,1.16,4.0,5.0,1
9512,2.0,1.0,30.5,2.8,-0.76,-1.42,2.0,4.0,0
9513,1.0,1.0,35.0,2.7,-1.45,-2.14,3.0,3.0,0
9514,10.0,5.0,32.0,3.1,1.67,-0.14,4.0,3.0,1
9517,9.0,9.0,33.0,3.5,1.06,0.89,2.0,2.0,1
9518,9.0,10.0,37.0,3.3,1.0,1.67,4.0,5.0,1
9519,4.0,9.0,36.0,3.3,-0.19,1.09,3.0,3.0,1
9521,3.0,4.0,34.0,3.4,-0.47,-0.32,5.0,4.0,1
9524,3.0,2.0,31.0,3.1,-0.61,-0.97,3.0,4.0,1
9527,10.0,10.0,39.0,3.2,1.39,1.34,4.0,4.0,1
9531,4.0,2.0,35.0,3.5,-0.3,-1.0,4.0,6.0,1
9532,7.0,6.0,37.0,3.1,0.49,0.23,5.0,3.0,1
9533,9.0,9.0,31.0,3.3,1.16,1.05,4.0,2.0,1
9537,2.0,1.0,30.0,2.3,-0.95,-1.38,1.0,5.0,0
9547,2.0,3.0,37.0,2.9,-0.81,-0.65,4.0,5.0,1
9549,9.0,9.0,38.0,3.0,1.15,0.88,3.0,2.0,1
9551,2.0,4.0,40.0,3.3,-0.73,-0.48,2.0,4.0,1
9552,7.0,7.0,35.0,3.1,0.55,0.32,2.0,2.0,1
9553,5.0,5.0,35.0,3.4,-0.14,-0.22,2.0,4.0,1
9555,1.0,2.0,39.0,3.6,-1.33,-1.23,3.0,6.0,0
9557,3.0,2.0,42.0,2.4,-0.44,-1.13,1.0,3.0,1
9558,6.0,5.0,35.5,3.3,0.21,-0.14,4.0,3.0,1
9561,6.0,3.0,34.0,3.3,0.3,-0.65,4.0,4.0,1
9563,6.0,7.0,37.0,3.2,0.17,0.52,3.0,3.0,1
9565,3.0,2.0,44.0,3.4,-0.51,-1.27,3.0,4.0,1
9568,6.0,7.0,34.5,3.4,0.09,0.33,4.0,3.0,1
9569,2.0,2.0,40.0,3.2,-1.07,-1.3,3.0,6.0,1
9571,10.0,10.0,42.0,3.3,1.9,1.41,4.0,5.0,1
9573,2.0,2.0,38.0,2.9,-0.74,-1.15,3.0,3.0,1
9575,4.0,4.0,31.0,3.4,-0.37,-0.54,4.0,3.0,1
9583,10.0,10.0,42.0,3.1,2.15,1.92,5.0,5.0,1
9584,1.0,3.0,31.0,3.4,-1.27,-0.88,3.0,3.0,1
9587,2.0,1.0,29.0,2.6,-0.86,-1.66,3.0,3.0,1
9590,10.0,10.0,40.0,3.4,1.85,1.52,4.0,3.0,1
9591,7.0,9.0,36.0,3.6,0.51,1.03,4.0,3.0,1
9594,8.0,9.0,42.0,3.9,0.74,0.95,3.0,4.0,1
9599,4.0,8.0,39.0,3.4,-0.43,0.58,3.0,5.0,1
9600,5.0,5.0,34.0,3.9,-0.05,-0.06,3.0,4.0,1
9603,4.0,3.0,37.0,2.8,-0.24,-0.56,1.0,5.0,1
9604,3.0,4.0,42.0,2.9,-0.69,-0.39,3.0,4.0,1
9605,1.0,1.0,39.0,2.4,-2.24,-1.51,2.0,3.0,0
9609,6.0,6.0,29.5,3.1,0.31,0.03,4.0,3.0,1
9615,3.0,2.0,46.0,3.9,-0.47,-1.14,4.0,5.0,1
9617,6.0,7.0,35.0,3.5,0.2,0.36,4.0,3.0,1
9620,4.0,4.0,42.0,3.2,-0.33,-0.29,4.0,5.0,1
9622,8.0,9.0,40.0,3.7,0.68,1.17,4.0,1.0,1
9624,4.0,6.0,41.0,3.8,-0.22,0.13,4.0,5.0,1
9627,9.0,8.0,43.0,3.4,0.94,0.71,2.0,4.0,1
9634,10.0,9.0,40.0,3.4,1.34,0.9,3.0,5.0,1
9635,10.0,10.0,42.0,3.5,1.31,1.54,3.0,4.0,1
9637,1.0,3.0,39.0,3.4,-1.5,-0.66,5.0,3.0,1
9639,1.0,1.0,33.0,3.2,-1.25,-1.46,3.0,3.0,1
9640,2.0,2.0,43.0,3.3,-0.8,-0.88,3.0,5.0,1
9641,2.0,3.0,35.0,2.8,-0.84,-0.77,4.0,3.0,1
9644,3.0,2.0,32.0,3.2,-0.66,-1.13,4.0,2.0,1
9646,9.0,9.0,35.0,3.4,0.98,1.21,3.0,4.0,1
9650,3.0,4.0,29.0,3.6,-0.58,-0.45,4.0,1.0,0
9652,10.0,10.0,35.5,2.6,1.88,1.8,4.0,2.0,1
9654,5.0,6.0,27.0,3.7,-0.1,0.01,3.0,2.0,1
9657,6.0,4.0,40.0,3.6,0.07,-0.36,4.0,3.0,1
9659,2.0,2.0,31.0,3.1,-0.91,-1.25,2.0,3.0,1
9667,7.0,7.0,47.0,3.9,0.52,0.52,4.0,6.0,1
9670,7.0,6.0,37.0,3.7,0.41,0.05,4.0,4.0,1
9672,4.0,2.0,40.0,4.0,-0.43,-0.91,3.0,5.0,1
9673,1.0,1.0,34.0,3.1,-1.34,-1.5,4.0,3.0,1
9675,10.0,9.0,41.0,3.0,1.28,1.05,3.0,2.0,1
9677,6.0,4.0,32.7,3.5,0.28,-0.32,3.0,3.0,1
9679,6.0,3.0,42.0,3.3,0.12,-0.66,3.0,3.0,0
9684,6.0,6.0,41.0,3.4,0.26,0.19,4.0,3.0,1
9689,6.0,5.0,37.0,3.1,0.09,-0.09,3.0,4.0,1
9691,10.0,9.0,39.0,3.9,1.42,1.22,3.0,5.0,1
9692,10.0,10.0,34.5,3.5,1.89,1.7,3.0,4.0,1
9694,3.0,2.0,20.0,2.7,-0.54,-1.09,3.0,3.0,1
9695,4.0,2.0,43.0,3.0,-0.4,-1.12,3.0,4.0,1
9698,6.0,9.0,33.0,3.4,0.16,0.93,3.0,2.0,1
9700,9.0,9.0,45.0,3.6,1.16,1.23,5.0,4.0,1
9701,10.0,10.0,38.0,3.6,2.26,2.18,4.0,2.0,1
9702,2.0,2.0,39.0,3.0,-1.07,-1.17,4.0,5.0,0
9703,10.0,9.0,42.0,3.8,1.29,0.87,3.0,5.0,1
9704,10.0,10.0,37.0,3.9,1.48,1.31,3.0,5.0,1
9705,3.0,3.0,29.5,3.5,-0.5,-0.65,3.0,3.0,1
9707,2.0,2.0,38.0,3.4,-1.0,-1.02,5.0,3.0,1
9708,8.0,8.0,47.0,3.1,0.69,0.66,1.0,4.0,1
9713,2.0,3.0,41.0,3.6,-0.84,-0.62,4.0,6.0,1
9717,9.0,9.0,48.0,3.5,1.02,0.98,4.0,4.0,1
9719,10.0,10.0,42.5,3.7,2.34,1.78,4.0,6.0,1
9720,8.0,8.0,43.0,3.0,0.64,0.65,4.0,4.0,1
9721,6.0,8.0,39.0,3.2,0.29,0.57,4.0,4.0,1
9722,9.0,10.0,35.0,3.6,1.18,1.58,4.0,3.0,1
9723,4.0,4.0,30.0,3.5,-0.21,-0.41,4.0,2.0,1
9724,6.0,3.0,41.0,3.5,0.27,-0.79,4.0,4.0,1
9725,6.0,6.0,44.0,3.5,0.13,0.21,2.0,5.0,1
9726,10.0,9.0,40.0,3.2,1.34,1.04,4.0,5.0,1
9730,1.0,3.0,37.0,3.4,-1.18,-0.79,2.0,4.0,1
9732,8.0,10.0,31.0,2.1,0.9,1.69,4.0,4.0,1
9734,3.0,5.0,34.0,3.4,-0.44,-0.12,3.0,3.0,1
9735,10.0,10.0,40.0,3.5,1.54,1.31,4.0,3.0,1
9743,10.0,10.0,46.0,3.7,1.44,1.53,3.0,4.0,1
9746,3.0,2.0,42.0,3.0,-0.46,-1.06,1.0,3.0,0
9747,6.0,6.0,42.0,3.9,0.09,0.03,2.0,4.0,1
9748,3.0,7.0,34.0,3.8,-0.51,0.5,4.0,4.0,1
9754,4.0,4.0,37.0,4.0,-0.25,-0.38,4.0,4.0,1
9756,1.0,2.0,38.0,2.9,-1.39,-0.93,4.0,3.0,0
9758,4.0,3.0,15.5,3.2,-0.26,-0.83,1.0,1.0,0
9759,6.0,4.0,42.0,3.3,0.25,-0.25,4.0,6.0,1
9761,8.0,7.0,43.0,3.1,0.68,0.5,3.0,3.0,1
9762,6.0,6.0,31.0,3.2,0.24,0.01,3.0,2.0,1
9764,3.0,4.0,38.0,3.0,-0.47,-0.26,3.0,5.0,1
9767,1.0,1.0,26.0,2.8,-2.02,-1.46,3.0,4.0,0
9768,8.0,8.0,42.0,3.4,0.7,0.56,3.0,4.0,1
9769,10.0,9.0,40.0,3.2,1.89,1.29,3.0,3.0,1
9770,5.0,4.0,46.0,3.7,-0.16,-0.3,4.0,6.0,1
9778,1.0,1.0,38.0,3.5,-1.3,-1.61,3.0,5.0,1
9783,3.0,5.0,33.0,3.3,-0.68,-0.15,4.0,3.0,1
9788,6.0,4.0,42.0,3.1,0.09,-0.26,4.0,5.0,1
9789,8.0,2.0,32.5,2.7,0.84,-1.19,4.0,2.0,0
9791,1.0,1.0,20.5,2.5,-2.42,-2.12,2.0,4.0,1
9792,7.0,6.0,34.0,2.6,0.4,0.04,1.0,5.0,1
9795,6.0,5.0,35.0,3.0,0.15,-0.22,3.0,4.0,1
9798,10.0,10.0,39.5,3.2,1.49,1.51,4.0,3.0,1
9804,2.0,3.0,34.0,3.7,-0.96,-0.87,3.0,4.0,1
9805,9.0,10.0,41.0,3.9,1.17,1.55,3.0,3.0,1
9806,10.0,10.0,33.0,3.9,1.7,1.88,4.0,4.0,1
9808,5.0,4.0,45.0,3.6,-0.12,-0.25,2.0,5.0,1
9815,4.0,2.0,30.5,2.7,-0.32,-1.11,4.0,5.0,0
9819,7.0,8.0,34.0,3.0,0.43,0.82,3.0,3.0,1
9820,10.0,10.0,41.0,2.9,2.07,1.76,3.0,3.0,1
9832,6.0,7.0,35.0,3.3,0.07,0.31,4.0,5.0,1
9833,4.0,6.0,33.0,3.8,-0.36,0.03,2.0,4.0,1
9835,3.0,2.0,35.0,3.4,-0.74,-0.9,4.0,5.0,0
9836,4.0,2.0,33.0,2.6,-0.2,-0.98,4.0,3.0,1
9837,7.0,5.0,44.0,3.8,0.39,-0.02,4.0,6.0,1
9838,8.0,8.0,31.0,3.4,0.61,0.64,3.0,5.0,1
9841,10.0,10.0,37.0,3.7,1.94,2.12,3.0,3.0,1
9843,9.0,8.0,46.0,3.3,1.04,0.75,3.0,5.0,1
9845,10.0,10.0,41.0,3.6,2.19,1.32,3.0,4.0,1
9849,1.0,1.0,30.5,3.0,-1.52,-2.01,2.0,3.0,0
9850,3.0,4.0,45.0,3.7,-0.71,-0.39,4.0,6.0,1
9851,1.0,1.0,42.0,3.5,-1.64,-1.76,4.0,5.0,1
9852,8.0,8.0,44.0,3.7,0.61,0.72,4.0,5.0,1
9853,5.0,1.0,34.0,2.9,-0.05,-1.87,1.0,4.0,1
9855,2.0,3.0,31.0,3.7,-0.73,-0.68,2.0,3.0,1
9859,5.0,6.0,39.0,3.1,-0.07,0.01,3.0,3.0,1
9863,9.0,9.0,38.0,3.5,0.98,1.19,4.0,4.0,1
9864,3.0,3.0,29.0,3.4,-0.64,-0.68,2.0,5.0,1
9866,3.0,1.0,28.0,3.4,-0.54,-1.5,2.0,5.0,0
9867,4.0,5.0,33.0,3.6,-0.21,-0.02,2.0,4.0,1
9870,9.0,10.0,38.0,2.4,1.18,1.34,2.0,3.0,1
9872,5.0,5.0,45.0,3.9,0.05,-0.05,4.0,6.0,1
9873,2.0,2.0,30.0,3.1,-0.7,-1.07,3.0,3.0,1
9874,8.0,10.0,37.0,2.8,0.71,1.31,5.0,5.0,1
9876,4.0,5.0,41.0,3.4,-0.38,-0.19,4.0,3.0,1
9877,9.0,10.0,39.0,3.4,0.85,1.77,3.0,2.0,1
9880,9.0,10.0,39.0,3.2,1.17,1.5,3.0,3.0,1
9881,4.0,9.0,44.0,3.6,-0.21,0.91,4.0,6.0,1
9882,9.0,9.0,37.0,3.0,1.05,0.91,2.0,3.0,1
9883,1.0,1.0,35.5,3.0,-1.73,-1.91,3.0,3.0,1
9886,5.0,8.0,44.0,2.8,0.02,0.78,4.0,4.0,1
9887,7.0,6.0,38.0,3.3,0.47,0.19,2.0,3.0,1
9893,7.0,9.0,31.5,3.4,0.34,0.89,4.0,3.0,1
9894,8.0,10.0,44.0,3.4,0.93,1.24,5.0,6.0,1
9895,6.0,5.0,32.5,3.5,0.14,-0.16,3.0,3.0,1
9896,6.0,5.0,44.0,3.1,0.19,-0.12,4.0,4.0,1
9898,8.0,9.0,41.0,4.0,0.85,1.14,4.0,4.0,1
9899,8.0,8.0,40.0,3.4,0.73,0.72,4.0,3.0,1
9904,3.0,4.0,29.0,3.1,-0.54,-0.56,4.0,2.0,1
9905,7.0,6.0,41.0,3.5,0.52,0.26,4.0,4.0,1
9909,1.0,1.0,35.0,3.4,-1.83,-1.99,4.0,5.0,1
9911,10.0,9.0,33.0,3.5,1.34,1.28,2.0,4.0,1
9913,1.0,1.0,30.0,3.2,-1.51,-1.67,3.0,3.0,0
9914,1.0,1.0,23.5,2.1,-2.13,-1.71,2.0,5.0,0
9916,7.0,7.0,38.0,3.6,0.36,0.41,4.0,3.0,1
9918,6.0,5.0,37.0,2.9,0.08,-0.2,3.0,3.0,1
9919,8.0,7.0,41.0,3.1,0.59,0.38,4.0,3.0,1
9921,9.0,9.0,37.0,4.0,1.24,1.28,3.0,4.0,1
9923,2.0,4.0,30.0,2.5,-0.69,-0.33,3.0,1.0,1
9925,8.0,9.0,36.0,2.7,0.81,0.95,4.0,3.0,1
9926,4.0,2.0,47.0,3.1,-0.41,-1.01,4.0,4.0,1
9927,5.0,9.0,39.0,3.0,0.0,0.91,4.0,3.0,1
9928,8.0,3.0,31.0,2.6,0.62,-0.6,2.0,3.0,1
9932,2.0,2.0,44.0,2.8,-1.07,-0.99,3.0,5.0,0
9933,5.0,5.0,41.0,3.3,0.01,-0.18,5.0,5.0,1
9938,10.0,10.0,32.0,3.7,1.44,1.86,4.0,3.0,1
9942,5.0,6.0,34.0,2.5,-0.07,-0.04,5.0,2.0,1
9949,8.0,9.0,38.0,3.9,0.81,0.9,2.0,4.0,1
9951,3.0,1.0,48.0,3.8,-0.61,-1.4,4.0,5.0,1
9952,7.0,8.0,40.0,3.7,0.6,0.76,2.0,4.0,1
9954,2.0,3.0,31.5,3.0,-1.07,-0.62,1.0,5.0,0
9955,7.0,8.0,40.0,3.1,0.53,0.67,2.0,3.0,1
9957,2.0,1.0,37.0,3.3,-1.08,-1.48,3.0,3.0,1
9958,1.0,2.0,35.0,3.6,-1.09,-1.15,3.0,2.0,0
9961,4.0,4.0,27.0,3.2,-0.24,-0.38,4.0,4.0,0
9962,4.0,6.0,41.0,3.5,-0.17,0.13,3.0,4.0,1
9963,5.0,6.0,34.0,2.5,-0.1,0.14,5.0,2.0,1
9964,1.0,1.0,45.0,3.4,-2.96,-2.0,3.0,5.0,1
9965,4.0,2.0,40.0,3.2,-0.28,-1.12,4.0,5.0,0
9967,3.0,5.0,37.0,3.2,-0.42,-0.23,4.0,3.0,1
9968,6.0,7.0,37.0,3.3,0.21,0.33,3.0,5.0,1
9969,3.0,2.0,27.0,3.4,-0.73,-1.1,4.0,4.0,1
9970,8.0,10.0,38.0,3.6,0.74,1.66,4.0,3.0,1
9971,9.0,9.0,43.0,3.9,1.15,0.91,3.0,5.0,1
9973,1.0,4.0,34.5,3.3,-1.17,-0.55,4.0,3.0,1
9974,8.0,8.0,35.0,3.6,0.68,0.74,3.0,4.0,1
9977,3.0,1.0,34.0,3.4,-0.72,-1.43,3.0,4.0,1
9978,9.0,9.0,45.0,3.6,1.07,1.02,4.0,5.0,1
9984,8.0,8.0,35.0,2.7,0.7,0.84,3.0,2.0,1
9985,7.0,7.0,35.0,3.2,0.47,0.39,3.0,3.0,1
9988,5.0,5.0,41.0,2.6,-0.01,-0.09,5.0,3.0,1
9990,8.0,7.0,34.0,3.5,0.68,0.49,4.0,4.0,1
9991,2.0,3.0,34.0,3.5,-0.81,-0.82,4.0,2.0,1
9993,2.0,7.0,35.0,3.6,-0.95,0.38,3.0,3.0,1
9998,9.0,10.0,33.0,3.3,1.23,1.48,3.0,4.0,1
10000,10.0,10.0,42.0,3.0,1.46,1.5,3.0,4.0,1
10002,5.0,3.0,38.0,2.6,-0.1,-0.65,4.0,3.0,1
10004,9.0,9.0,40.0,3.7,1.04,0.86,3.0,6.0,1
10006,8.0,6.0,40.0,3.4,0.73,0.07,2.0,5.0,1
10010,9.0,9.0,42.0,3.3,1.08,1.22,3.0,5.0,1
10013,5.0,5.0,32.5,2.9,0.05,-0.12,3.0,3.0,1
10015,2.0,1.0,31.0,3.2,-1.04,-1.91,2.0,2.0,0
10016,7.0,9.0,40.0,3.8,0.54,0.89,4.0,4.0,1
10017,1.0,1.0,26.5,2.8,-1.29,-1.9,3.0,2.0,0
10018,2.0,4.0,40.0,3.6,-0.93,-0.41,4.0,5.0,1
10019,6.0,6.0,39.0,3.2,0.23,0.05,4.0,4.0,1
10021,10.0,10.0,43.0,3.6,1.91,1.88,2.0,6.0,1
10022,1.0,1.0,27.0,2.9,-1.18,-1.35,3.0,1.0,0
10023,1.0,1.0,39.0,3.5,-1.43,-1.46,3.0,4.0,1
10024,4.0,6.0,33.0,3.0,-0.39,0.08,3.0,4.0,1
10029,4.0,6.0,39.0,3.4,-0.24,0.09,3.0,6.0,1
10030,1.0,1.0,35.0,2.9,-1.6,-1.62,3.0,5.0,0
10031,8.0,7.0,40.0,3.8,0.62,0.49,4.0,6.0,1
10032,3.0,3.0,35.0,3.1,-0.52,-0.79,4.0,5.0,1
10034,7.0,9.0,39.0,4.0,0.32,1.2,2.0,5.0,1
10036,5.0,5.0,35.0,3.1,-0.04,-0.21,4.0,3.0,1
10040,4.0,4.0,44.0,3.0,-0.27,-0.5,5.0,3.0,1
10043,4.0,5.0,36.0,3.7,-0.33,-0.05,2.0,3.0,1
10045,1.0,2.0,27.0,3.2,-1.51,-1.2,4.0,3.0,0
10046,2.0,5.0,46.0,3.9,-1.15,-0.23,4.0,5.0,1
10050,3.0,2.0,24.0,2.6,-0.53,-1.08,3.0,3.0,1
10051,8.0,9.0,35.0,3.0,0.88,1.13,5.0,4.0,1
10052,6.0,6.0,37.0,2.6,0.18,0.1,4.0,3.0,1
10053,7.0,8.0,35.0,2.7,0.39,0.71,3.0,5.0,1
10054,2.0,2.0,32.0,2.8,-0.89,-1.14,3.0,4.0,1
10055,5.0,4.0,33.0,3.2,-0.14,-0.27,3.0,5.0,0
10057,3.0,3.0,34.0,3.9,-0.54,-0.77,2.0,5.0,1
10060,1.0,2.0,32.0,3.0,-1.37,-1.23,4.0,2.0,0
10062,8.0,9.0,40.0,2.9,0.6,0.9,4.0,3.0,1
10067,7.0,8.0,37.0,3.0,0.47,0.57,4.0,5.0,1
10068,3.0,3.0,36.0,3.7,-0.5,-0.64,4.0,5.0,1
10069,5.0,7.0,41.0,2.9,0.02,0.31,4.0,6.0,1
10070,9.0,9.0,36.5,3.0,1.27,0.9,2.0,5.0,1
10071,7.0,6.0,32.0,3.7,0.38,0.26,3.0,4.0,1
10073,7.0,9.0,34.0,3.6,0.52,0.93,4.0,5.0,1
10077,6.0,6.0,33.0,3.7,0.1,0.1,4.0,3.0,1
10078,6.0,6.0,34.0,2.7,0.2,0.01,4.0,3.0,1
10080,6.0,5.0,30.0,2.4,0.28,-0.04,3.0,1.0,1
10085,4.0,2.0,39.0,3.0,-0.3,-0.92,3.0,3.0,1
10091,5.0,9.0,43.0,3.3,-0.07,1.08,5.0,4.0,1
10092,1.0,5.0,29.0,3.0,-2.84,-0.17,2.0,4.0,1
10093,3.0,5.0,39.0,2.9,-0.54,-0.07,2.0,3.0,1
10094,9.0,5.0,40.0,3.3,0.93,-0.03,2.0,5.0,1
10097,1.0,3.0,29.3,2.4,-1.73,-0.59,3.0,5.0,0
10098,4.0,5.0,41.0,3.7,-0.24,-0.13,3.0,4.0,1
10103,10.0,8.0,34.0,3.1,1.3,0.83,3.0,3.0,1
10104,10.0,10.0,37.0,3.9,1.84,1.55,2.0,1.0,1
10105,6.0,6.0,42.0,2.1,0.25,-0.01,4.0,3.0,1
10106,5.0,6.0,41.0,2.6,-0.07,0.03,5.0,3.0,1
10107,5.0,7.0,39.0,4.0,0.02,0.43,2.0,4.0,1
10110,1.0,1.0,29.0,3.0,-1.13,-1.75,4.0,3.0,1
10113,2.0,3.0,32.5,3.8,-0.8,-0.56,4.0,4.0,0
10117,1.0,3.0,38.0,3.4,-1.39,-0.79,3.0,4.0,1
10119,5.0,2.0,34.0,3.1,-0.1,-1.03,2.0,5.0,1
10120,7.0,9.0,43.0,3.4,0.38,0.96,5.0,4.0,1
10123,8.0,7.0,35.5,3.1,0.58,0.44,4.0,3.0,1
10124,2.0,3.0,26.0,3.9,-0.74,-0.85,2.0,4.0,1
10129,1.0,2.0,28.0,2.9,-1.4,-1.21,4.0,2.0,0
10130,4.0,1.0,39.0,3.6,-0.34,-1.43,2.0,3.0,0
10134,4.0,4.0,37.0,2.8,-0.29,-0.35,4.0,4.0,0
10136,4.0,3.0,39.0,3.5,-0.44,-0.52,4.0,6.0,1
10137,2.0,2.0,22.0,3.3,-0.76,-0.98,1.0,3.0,1
10139,5.0,6.0,35.0,3.1,-0.03,0.07,4.0,4.0,1
10140,2.0,1.0,38.0,2.6,-0.8,-1.34,2.0,5.0,1
10145,2.0,5.0,47.0,2.5,-0.76,-0.26,2.0,4.0,1
10148,5.0,6.0,36.0,2.7,-0.11,0.18,5.0,3.0,1
10149,9.0,9.0,43.0,3.3,1.06,1.22,4.0,4.0,1
10150,2.0,2.0,35.0,3.1,-0.98,-1.02,4.0,2.0,1
10151,5.0,8.0,35.0,2.9,-0.05,0.59,3.0,3.0,1
10155,6.0,4.0,32.0,3.6,0.07,-0.31,3.0,5.0,1
10157,2.0,3.0,32.0,3.7,-0.85,-0.79,4.0,5.0,0
10158,5.0,6.0,36.5,2.4,-0.08,0.13,2.0,4.0,1
10161,9.0,8.0,41.0,2.2,1.16,0.65,3.0,3.0,1
10162,1.0,1.0,29.5,3.4,-1.44,-1.77,3.0,3.0,0
10165,4.0,4.0,41.0,3.1,-0.35,-0.39,3.0,3.0,1
10167,6.0,4.0,40.0,2.7,0.11,-0.51,4.0,4.0,1
10171,8.0,8.0,33.0,3.1,0.61,0.74,4.0,5.0,1
10172,1.0,1.0,26.5,3.9,-2.23,-1.88,1.0,3.0,0
10175,1.0,1.0,31.0,3.3,-1.3,-1.68,3.0,5.0,1
10176,10.0,10.0,40.0,3.6,1.56,1.57,4.0,4.0,1
10177,3.0,4.0,28.0,3.1,-0.48,-0.31,3.0,3.0,1
10178,6.0,7.0,43.0,3.7,0.35,0.35,4.0,6.0,1
10179,1.0,5.0,32.0,3.4,-1.21,-0.16,3.0,3.0,1
10180,1.0,1.0,30.0,3.4,-2.6,-2.26,4.0,5.0,0
10182,4.0,3.0,40.0,3.2,-0.36,-0.84,3.0,3.0,1
10183,6.0,6.0,39.0,3.4,0.31,0.12,5.0,4.0,1
10186,10.0,9.0,40.0,2.7,1.76,0.97,5.0,3.0,1
10191,9.0,8.0,40.0,3.2,1.16,0.82,3.0,4.0,1
10193,9.0,8.0,48.0,3.4,0.88,0.61,2.0,5.0,1
10196,10.0,6.0,42.0,2.4,1.61,0.17,5.0,6.0,1
10202,4.0,6.0,37.0,3.0,-0.3,0.14,4.0,3.0,1
10203,2.0,4.0,45.0,3.6,-0.95,-0.25,2.0,5.0,1
10204,10.0,10.0,47.0,3.2,1.77,2.42,3.0,3.0,1
10206,8.0,10.0,42.0,3.1,0.9,1.34,3.0,4.0,1
10207,1.0,1.0,46.0,3.5,-1.43,-1.53,5.0,6.0,1
10209,5.0,6.0,39.0,2.9,-0.11,0.1,4.0,3.0,1
10210,3.0,3.0,31.0,3.6,-0.83,-0.63,3.0,6.0,1
10211,8.0,7.0,42.0,3.0,0.71,0.4,3.0,3.0,1
10212,1.0,2.0,41.0,3.0,-1.22,-1.17,4.0,5.0,1
10215,2.0,4.0,34.0,3.4,-0.86,-0.35,3.0,3.0,0
10217,4.0,4.0,38.0,3.5,-0.39,-0.3,4.0,3.0,1
10219,10.0,10.0,37.5,2.7,1.3,1.38,4.0,3.0,1
10220,10.0,10.0,29.5,3.2,1.97,1.48,4.0,5.0,1
10221,10.0,10.0,37.0,3.1,2.18,1.53,4.0,5.0,1
10223,3.0,3.0,29.5,3.1,-0.6,-0.87,3.0,2.0,1
10224,10.0,10.0,40.0,2.8,3.11,2.12,2.0,6.0,1
10225,9.0,8.0,45.0,3.1,1.01,0.76,3.0,4.0,1
10234,2.0,1.0,41.0,3.4,-0.74,-1.75,4.0,3.0,0
10235,2.0,2.0,24.0,2.9,-0.91,-1.07,4.0,3.0,0
10242,4.0,3.0,40.0,2.8,-0.2,-0.71,4.0,4.0,1
10248,8.0,7.0,34.0,3.5,0.72,0.36,3.0,2.0,1
10249,1.0,1.0,36.0,3.7,-1.78,-1.53,4.0,4.0,0
10250,2.0,2.0,35.0,3.2,-1.04,-1.07,3.0,2.0,0
10251,10.0,10.0,46.0,3.7,2.64,2.52,5.0,6.0,1
10252,7.0,7.0,20.5,3.2,0.48,0.36,3.0,1.0,0
10253,1.0,2.0,31.0,2.9,-1.2,-1.29,4.0,4.0,1
10256,2.0,2.0,36.0,3.2,-1.05,-1.06,4.0,4.0,1
10258,2.0,1.0,37.0,3.3,-1.07,-1.71,3.0,3.0,1
10262,10.0,10.0,37.5,2.8,1.9,1.66,3.0,4.0,1
10263,5.0,4.0,30.0,3.7,0.0,-0.36,4.0,2.0,1
10265,5.0,4.0,39.0,3.2,0.03,-0.3,5.0,3.0,1
10266,8.0,8.0,38.0,3.9,0.68,0.61,4.0,4.0,1
10267,2.0,10.0,33.0,3.5,-0.82,1.59,3.0,5.0,0
10268,1.0,2.0,37.0,3.4,-1.2,-0.86,3.0,5.0,1
10269,5.0,5.0,38.0,3.2,-0.07,-0.27,3.0,2.0,1
10270,10.0,9.0,40.0,3.1,1.7,1.24,5.0,3.0,1
10273,3.0,4.0,40.0,3.3,-0.54,-0.49,4.0,3.0,1
10274,7.0,9.0,33.5,3.0,0.39,0.91,4.0,3.0,1
10277,8.0,9.0,39.0,3.7,0.74,1.22,4.0,3.0,1
10278,8.0,7.0,40.0,3.1,0.71,0.42,3.0,3.0,1
10280,8.0,10.0,40.0,3.8,0.89,1.79,2.0,4.0,1
10281,1.0,2.0,32.0,3.8,-1.57,-1.0,3.0,2.0,0
10288,9.0,10.0,38.0,3.9,0.99,1.35,3.0,2.0,1
10290,7.0,5.0,42.0,3.4,0.42,-0.17,4.0,5.0,1
10291,6.0,6.0,30.5,3.1,0.25,0.26,3.0,3.0,1
10292,4.0,7.0,33.0,3.2,-0.4,0.28,3.0,3.0,1
10295,10.0,10.0,41.0,3.5,1.69,2.03,4.0,3.0,1
10296,1.0,1.0,33.0,2.9,-1.39,-1.64,3.0,2.0,0
10303,7.0,5.0,37.0,3.2,0.39,-0.02,2.0,4.0,1
10305,10.0,10.0,38.0,3.1,1.67,1.47,4.0,4.0,1
10306,4.0,3.0,32.0,3.0,-0.33,-0.71,3.0,3.0,0
10308,9.0,9.0,34.0,3.6,1.24,1.22,4.0,4.0,1
10311,2.0,3.0,36.5,2.7,-0.94,-0.7,4.0,3.0,1
10313,3.0,6.0,39.0,2.4,-0.54,0.04,5.0,5.0,1
10314,5.0,2.0,39.0,3.0,-0.12,-1.27,4.0,3.0,1
10320,4.0,4.0,39.0,2.5,-0.31,-0.38,4.0,3.0,1
10322,8.0,8.0,43.0,2.6,0.58,0.82,3.0,3.0,1
10325,6.0,6.0,40.0,3.6,0.15,0.22,4.0,3.0,1
10326,5.0,5.0,37.0,3.3,-0.13,-0.08,4.0,3.0,1
10327,6.0,6.0,39.0,2.8,0.3,0.16,5.0,3.0,1
10328,2.0,5.0,30.5,3.1,-0.8,-0.15,4.0,3.0,1
10329,6.0,5.0,33.0,2.6,0.1,-0.1,2.0,2.0,1
10331,9.0,9.0,39.0,3.6,1.1,1.16,4.0,3.0,1
10332,8.0,10.0,45.0,3.3,0.64,1.45,5.0,3.0,1
10333,7.0,4.0,23.0,3.9,0.44,-0.54,3.0,2.0,1
10334,3.0,3.0,37.0,3.1,-0.67,-0.57,3.0,4.0,1
10335,1.0,1.0,37.0,3.1,-1.15,-1.81,4.0,3.0,1
10339,7.0,7.0,39.0,3.1,0.56,0.52,4.0,3.0,1
10341,6.0,9.0,37.0,3.1,0.26,0.91,2.0,3.0,1
10342,1.0,3.0,35.0,3.5,-1.41,-0.84,4.0,4.0,0
10343,2.0,3.0,30.0,2.7,-1.05,-0.69,3.0,2.0,1
10347,4.0,4.0,35.0,2.2,-0.26,-0.41,3.0,2.0,1
10348,6.0,5.0,28.5,3.0,0.25,-0.16,3.0,4.0,1
10350,6.0,6.0,42.0,3.3,0.26,0.27,4.0,4.0,1
10351,7.0,7.0,44.0,3.1,0.45,0.28,5.0,5.0,1
10353,2.0,3.0,30.5,2.4,-0.89,-0.78,4.0,3.0,0
10354,7.0,10.0,32.7,3.0,0.51,1.58,5.0,3.0,1
10356,10.0,10.0,29.0,3.7,1.62,2.26,4.0,2.0,1
10357,5.0,6.0,34.0,3.4,-0.13,0.07,4.0,3.0,1
10358,2.0,5.0,33.0,2.9,-1.02,-0.32,4.0,2.0,1
10359,3.0,1.0,34.0,3.5,-0.54,-1.51,4.0,4.0,1
10360,1.0,2.0,40.0,3.2,-1.16,-0.97,5.0,3.0,1
10362,7.0,8.0,31.0,3.0,0.33,0.61,3.0,2.0,1
10364,4.0,2.0,37.0,3.1,-0.4,-0.95,4.0,3.0,1
10366,2.0,1.0,32.0,2.8,-0.96,-1.44,4.0,2.0,1
10367,9.0,9.0,46.0,3.4,1.12,1.12,4.0,4.0,1
10368,8.0,9.0,38.0,3.4,0.83,1.06,3.0,3.0,1
10372,4.0,4.0,34.0,3.1,-0.21,-0.34,4.0,3.0,1
10373,3.0,1.0,29.0,3.4,-0.63,-1.38,1.0,4.0,0
10375,6.0,4.0,31.0,3.0,0.21,-0.34,2.0,5.0,0
10376,9.0,8.0,34.0,3.9,0.89,0.72,3.0,2.0,1
10381,9.0,9.0,32.0,3.0,0.96,1.0,2.0,2.0,1
10392,4.0,2.0,43.0,3.5,-0.37,-1.06,5.0,6.0,1
10393,6.0,6.0,36.0,3.2,0.32,0.03,3.0,4.0,1
10394,9.0,8.0,38.0,2.7,1.2,0.79,4.0,5.0,1
10395,10.0,10.0,38.0,3.7,1.86,2.1,2.0,3.0,1
10396,10.0,10.0,39.0,2.9,1.64,2.17,2.0,3.0,1
10398,1.0,1.0,29.0,2.9,-2.05,-1.77,3.0,4.0,1
10400,9.0,10.0,38.0,3.3,1.21,1.93,3.0,3.0,1
10403,6.0,4.0,40.0,3.2,0.28,-0.48,3.0,4.0,1
10404,3.0,6.0,38.0,3.3,-0.48,0.16,3.0,4.0,1
10405,6.0,7.0,37.0,3.8,0.19,0.35,3.0,5.0,1
10408,1.0,1.0,33.0,3.2,-1.09,-1.31,4.0,2.0,1
10409,3.0,3.0,39.0,3.5,-0.71,-0.71,3.0,4.0,1
10411,5.0,4.0,38.0,2.9,-0.07,-0.35,2.0,4.0,1
10412,3.0,6.0,43.0,3.2,-0.49,0.07,4.0,4.0,1
10413,9.0,6.0,40.0,3.1,0.96,0.18,4.0,5.0,1
10414,5.0,6.0,41.0,2.7,-0.18,0.09,5.0,5.0,1
10418,6.0,7.0,39.0,3.4,0.13,0.27,4.0,3.0,1
10424,10.0,10.0,37.0,3.2,1.87,1.6,3.0,2.0,1
10425,8.0,9.0,30.5,3.0,0.77,0.94,3.0,1.0,1
10426,6.0,6.0,39.0,3.5,0.19,0.21,4.0,4.0,1
10429,2.0,3.0,39.5,3.6,-0.89,-0.84,3.0,5.0,1
10430,9.0,7.0,32.0,3.1,1.14,0.29,4.0,4.0,1
10431,7.0,8.0,44.0,3.6,0.5,0.77,3.0,4.0,1
10433,2.0,7.0,37.0,3.0,-0.94,0.43,3.0,3.0,1
10437,2.0,2.0,35.0,3.0,-0.72,-1.08,4.0,3.0,0
10441,7.0,2.0,31.0,2.0,0.35,-1.26,3.0,4.0,1
10442,4.0,5.0,35.0,3.4,-0.21,-0.19,4.0,5.0,1
10443,1.0,1.0,42.0,3.7,-2.36,-2.62,2.0,5.0,1
10444,1.0,1.0,38.0,3.4,-1.48,-1.81,3.0,3.0,1
10446,6.0,6.0,47.0,3.7,0.19,0.17,4.0,5.0,1
10449,2.0,7.0,33.0,2.3,-0.73,0.32,3.0,2.0,1
10450,7.0,5.0,38.0,3.7,0.4,-0.05,2.0,5.0,1
10454,8.0,7.0,45.0,3.6,0.77,0.43,4.0,6.0,1
10455,8.0,9.0,34.0,3.0,0.67,1.0,4.0,2.0,1
10457,10.0,7.0,29.0,3.3,1.76,0.48,3.0,2.0,1
10459,6.0,5.0,38.0,3.4,0.19,-0.21,3.0,3.0,1
10460,3.0,4.0,34.0,3.5,-0.51,-0.53,3.0,4.0,1
10465,8.0,7.0,46.0,2.7,0.81,0.4,4.0,4.0,1
10467,10.0,10.0,45.0,3.6,2.05,1.59,5.0,6.0,1
10468,6.0,9.0,42.0,3.9,0.16,0.97,4.0,3.0,1
10469,4.0,3.0,39.0,2.5,-0.23,-0.55,4.0,5.0,1
10472,5.0,5.0,38.0,3.8,-0.11,-0.27,4.0,3.0,1
10474,3.0,3.0,33.0,2.6,-0.73,-0.54,3.0,5.0,1
10475,3.0,3.0,37.0,3.6,-0.68,-0.78,4.0,4.0,1
10476,8.0,9.0,36.0,3.7,0.82,0.97,2.0,3.0,1
10478,8.0,8.0,48.0,3.3,0.95,0.81,4.0,6.0,1
10481,3.0,3.0,31.0,3.1,-0.47,-0.78,3.0,2.0,1
10484,7.0,7.0,40.0,2.8,0.41,0.49,2.0,3.0,1
10487,1.0,1.0,22.5,3.0,-1.39,-1.95,4.0,3.0,0
10490,2.0,2.0,36.0,3.2,-0.95,-0.89,4.0,5.0,1
10494,3.0,4.0,29.0,3.5,-0.61,-0.3,3.0,3.0,1
10495,4.0,5.0,40.0,3.0,-0.28,-0.11,3.0,4.0,1
10502,5.0,4.0,42.0,3.2,-0.06,-0.4,4.0,4.0,1
10504,4.0,4.0,42.0,2.9,-0.24,-0.49,4.0,3.0,1
10508,9.0,9.0,39.0,2.5,1.15,1.08,4.0,3.0,1
10513,5.0,7.0,39.0,3.3,-0.1,0.52,3.0,3.0,1
10514,4.0,6.0,36.0,3.2,-0.2,0.28,4.0,4.0,1
10515,2.0,4.0,36.5,3.1,-0.74,-0.35,5.0,4.0,1
10517,6.0,5.0,37.0,2.7,0.11,-0.15,4.0,3.0,1
10518,8.0,7.0,41.0,3.6,0.84,0.51,4.0,4.0,1
10521,7.0,6.0,39.0,2.2,0.43,0.18,3.0,2.0,1
10522,9.0,7.0,31.0,2.9,1.1,0.43,4.0,4.0,1
10525,2.0,1.0,38.0,3.6,-1.08,-1.43,4.0,5.0,1
10526,8.0,8.0,48.0,2.8,0.72,0.58,4.0,4.0,1
10528,10.0,10.0,37.0,3.8,1.31,1.49,4.0,3.0,1
10531,7.0,9.0,41.0,3.9,0.46,0.98,2.0,4.0,1
10532,4.0,4.0,35.0,2.8,-0.27,-0.35,4.0,2.0,1
10535,10.0,10.0,40.0,3.7,1.77,1.43,4.0,1.0,1
10536,10.0,10.0,36.0,3.4,1.37,1.63,3.0,3.0,1
10537,3.0,2.0,32.0,3.3,-0.65,-1.08,3.0,2.0,0
10538,3.0,2.0,39.0,3.0,-0.62,-1.07,4.0,3.0,1
10539,9.0,6.0,37.0,3.2,0.92,0.08,3.0,4.0,1
10544,3.0,5.0,42.0,3.1,-0.57,-0.21,4.0,5.0,1
10554,1.0,2.0,30.7,3.5,-1.45,-1.04,3.0,6.0,1
10555,2.0,3.0,31.0,3.0,-0.88,-0.55,3.0,4.0,1
10556,7.0,3.0,37.0,3.3,0.39,-0.61,4.0,4.0,1
10559,6.0,9.0,39.0,3.4,0.1,1.1,3.0,6.0,1
10560,5.0,5.0,37.0,2.2,0.02,-0.24,4.0,3.0,1
10562,3.0,6.0,34.0,2.6,-0.52,0.08,4.0,3.0,1
10567,4.0,5.0,30.0,3.3,-0.41,-0.14,4.0,2.0,1
10568,5.0,4.0,39.0,3.8,0.02,-0.31,4.0,4.0,1
10569,4.0,3.0,37.0,3.4,-0.39,-0.59,5.0,3.0,1
10570,8.0,10.0,47.0,3.9,0.79,1.32,4.0,6.0,1
10573,4.0,8.0,44.0,3.4,-0.38,0.57,4.0,5.0,1
10575,10.0,7.0,42.0,3.5,1.42,0.33,4.0,4.0,1
10576,3.0,3.0,29.5,3.2,-0.63,-0.74,2.0,3.0,1
10580,6.0,5.0,33.0,2.6,0.1,-0.05,3.0,3.0,1
10581,2.0,2.0,37.0,3.1,-0.8,-0.98,2.0,3.0,1
10582,6.0,4.0,38.0,2.9,0.15,-0.4,4.0,3.0,1
10585,3.0,3.0,43.0,3.6,-0.66,-0.57,4.0,5.0,1
10586,7.0,6.0,39.0,3.4,0.61,0.11,4.0,4.0,1
10588,6.0,7.0,45.0,3.3,0.29,0.41,4.0,6.0,1
10590,5.0,5.0,38.0,3.9,0.04,-0.12,1.0,3.0,1
10593,7.0,7.0,43.0,3.7,0.55,0.3,3.0,6.0,1
10594,2.0,3.0,27.0,3.0,-1.07,-0.84,4.0,3.0,1
10596,10.0,10.0,46.0,2.7,1.94,2.38,3.0,4.0,1
10597,7.0,9.0,37.0,2.8,0.55,1.14,2.0,4.0,1
10599,7.0,8.0,37.0,3.2,0.44,0.67,4.0,3.0,1
10600,9.0,10.0,47.0,3.7,1.44,1.59,4.0,6.0,1
10601,2.0,1.0,42.0,3.7,-1.1,-1.43,3.0,5.0,0
10602,6.0,6.0,34.0,3.1,0.07,0.15,5.0,3.0,1
10603,1.0,3.0,44.0,3.1,-1.51,-0.74,4.0,6.0,1
10604,5.0,7.0,34.0,3.2,0.02,0.48,4.0,4.0,1
10605,4.0,3.0,42.0,3.8,-0.22,-0.69,4.0,6.0,1
10606,3.0,2.0,29.5,3.3,-0.59,-1.15,3.0,3.0,1
10607,2.0,3.0,38.0,2.5,-0.91,-0.81,4.0,3.0,1
10608,6.0,9.0,35.0,3.1,0.07,0.95,4.0,3.0,1
10612,3.0,4.0,40.0,2.9,-0.47,-0.39,3.0,5.0,1
10613,8.0,8.0,45.0,2.2,0.86,0.74,3.0,4.0,1
10614,9.0,10.0,38.0,3.2,1.1,1.45,3.0,3.0,1
10616,3.0,2.0,37.0,3.2,-0.51,-0.99,3.0,4.0,0
10625,6.0,3.0,31.5,2.7,0.13,-0.7,3.0,2.0,1
10627,1.0,1.0,36.0,3.2,-1.4,-1.59,3.0,3.0,1
10633,8.0,6.0,40.0,3.1,0.84,0.09,4.0,2.0,1
10636,5.0,5.0,42.0,3.3,0.09,-0.25,1.0,4.0,1
10639,1.0,5.0,37.0,3.2,-1.18,-0.01,4.0,5.0,1
10641,6.0,4.0,33.0,2.7,0.3,-0.44,4.0,3.0,1
10643,4.0,5.0,37.0,3.3,-0.19,-0.12,5.0,3.0,1
10644,2.0,2.0,29.3,3.2,-0.88,-0.98,4.0,3.0,1
10652,10.0,10.0,47.0,3.3,2.18,1.96,4.0,4.0,1
10654,8.0,10.0,46.0,4.0,0.86,1.74,4.0,6.0,1
10655,4.0,4.0,29.0,3.1,-0.32,-0.47,2.0,3.0,1
10658,3.0,3.0,36.0,3.9,-0.67,-0.73,4.0,4.0,1
10663,7.0,8.0,31.0,3.2,0.28,0.66,5.0,2.0,0
10664,10.0,9.0,36.0,3.1,1.33,1.11,4.0,4.0,1
10665,4.0,9.0,47.0,3.0,-0.34,0.89,4.0,4.0,1
10666,10.0,9.0,40.0,3.3,1.77,1.06,4.0,3.0,1
10667,3.0,4.0,39.0,3.0,-0.56,-0.36,2.0,6.0,1
10669,4.0,3.0,41.0,3.0,-0.4,-0.53,4.0,5.0,1
10670,9.0,8.0,41.0,3.9,1.05,0.64,4.0,4.0,1
10671,3.0,3.0,35.0,3.6,-0.43,-0.67,4.0,4.0,1
10672,5.0,5.0,39.0,3.2,-0.07,-0.02,4.0,5.0,1
10675,3.0,4.0,35.0,3.0,-0.63,-0.55,3.0,3.0,1
10678,1.0,6.0,38.0,3.0,-1.23,0.08,4.0,3.0,1
10679,10.0,10.0,43.0,3.3,1.81,1.59,4.0,4.0,1
10681,2.0,5.0,27.0,3.0,-0.94,-0.08,4.0,2.0,1
10682,7.0,8.0,44.0,3.2,0.34,0.84,4.0,5.0,1
10686,6.0,8.0,39.0,3.5,0.26,0.66,3.0,4.0,1
10687,1.0,1.0,26.0,2.1,-1.62,-1.85,2.0,4.0,0
10689,6.0,4.0,36.0,2.7,0.06,-0.3,4.0,3.0,1
10690,2.0,4.0,30.0,3.3,-0.94,-0.42,4.0,2.0,1
10691,2.0,3.0,39.0,3.6,-0.86,-0.8,4.0,6.0,0
10692,5.0,6.0,33.0,2.9,0.02,0.23,2.0,3.0,1
10694,4.0,5.0,44.0,3.1,-0.27,-0.18,4.0,4.0,1
10696,3.0,2.0,38.0,2.8,-0.61,-1.07,4.0,3.0,1
10697,3.0,2.0,36.0,3.9,-0.63,-0.99,3.0,4.0,0
10700,4.0,4.0,41.0,2.7,-0.26,-0.43,3.0,3.0,1
10702,9.0,9.0,37.0,3.4,1.11,1.08,5.0,3.0,1
10703,2.0,3.0,38.0,2.6,-1.03,-0.58,4.0,3.0,1
10704,4.0,3.0,31.0,3.3,-0.4,-0.69,4.0,3.0,1
10707,10.0,10.0,38.0,3.0,2.35,2.71,4.0,4.0,1
10709,2.0,3.0,29.5,2.9,-0.84,-0.86,2.0,3.0,1
10710,10.0,10.0,38.0,3.3,1.64,1.67,5.0,3.0,1
10711,6.0,3.0,43.0,3.1,0.29,-0.63,4.0,3.0,1
10712,5.0,4.0,34.0,3.6,-0.14,-0.39,5.0,4.0,1
10713,6.0,8.0,31.0,3.6,0.18,0.64,4.0,2.0,1
10716,2.0,1.0,28.0,2.7,-1.16,-1.83,4.0,5.0,1
10717,3.0,5.0,42.0,2.7,-0.6,-0.22,3.0,3.0,1
10718,7.0,9.0,40.0,2.7,0.39,1.0,4.0,3.0,1
10719,1.0,2.0,37.0,3.3,-1.23,-1.01,3.0,3.0,0
10720,5.0,9.0,35.0,3.0,0.05,1.15,4.0,1.0,0
10721,8.0,8.0,41.0,3.4,0.8,0.56,4.0,5.0,1
10723,8.0,7.0,34.0,2.7,0.61,0.42,5.0,3.0,1
10724,6.0,9.0,40.0,3.6,0.27,1.07,3.0,6.0,1
10725,4.0,5.0,33.5,3.5,-0.26,-0.13,5.0,5.0,1
10726,7.0,6.0,38.0,3.9,0.46,0.11,4.0,4.0,1
10730,6.0,3.0,30.0,3.1,0.09,-0.57,5.0,5.0,1
10733,5.0,7.0,40.0,2.8,-0.04,0.5,5.0,3.0,1
10735,4.0,3.0,37.0,3.6,-0.31,-0.65,4.0,3.0,1
10738,4.0,5.0,43.0,3.1,-0.39,-0.25,4.0,4.0,1
10739,1.0,2.0,40.0,3.5,-1.2,-1.09,4.0,3.0,1
10746,6.0,7.0,38.0,3.5,0.17,0.33,3.0,3.0,1
10747,8.0,4.0,36.0,2.3,0.77,-0.47,4.0,2.0,0
10748,3.0,3.0,35.0,3.5,-0.47,-0.55,3.0,4.0,1
10753,10.0,10.0,32.0,3.1,1.98,1.84,4.0,3.0,1
10754,5.0,6.0,40.0,2.7,0.08,0.07,5.0,4.0,1
10756,3.0,1.0,33.0,2.1,-0.62,-1.35,4.0,3.0,1
10757,5.0,8.0,41.0,3.5,0.07,0.63,3.0,6.0,1
10759,2.0,3.0,38.0,3.3,-0.9,-0.79,2.0,3.0,1
10763,8.0,7.0,36.0,3.8,0.7,0.53,4.0,3.0,1
10765,10.0,10.0,35.0,3.0,1.74,2.19,3.0,4.0,1
10766,1.0,2.0,27.0,2.4,-1.66,-1.07,2.0,3.0,0
10768,8.0,6.0,42.0,3.1,0.68,0.08,3.0,5.0,1
10769,2.0,1.0,37.0,3.2,-0.82,-1.91,4.0,4.0,0
10770,5.0,5.0,38.0,3.8,-0.08,-0.23,2.0,3.0,1
10772,6.0,4.0,39.0,2.9,0.22,-0.26,4.0,4.0,1
10775,5.0,7.0,34.0,3.4,0.05,0.43,3.0,1.0,1
10776,3.0,2.0,37.0,2.6,-0.52,-1.3,5.0,3.0,1
10777,8.0,8.0,42.0,3.3,0.72,0.63,4.0,4.0,1
10778,5.0,7.0,44.0,3.2,-0.16,0.33,4.0,5.0,1
10779,6.0,7.0,43.0,3.5,0.21,0.53,4.0,5.0,1
10780,8.0,7.0,33.0,3.5,0.69,0.29,4.0,4.0,1
10781,4.0,4.0,42.0,2.6,-0.23,-0.41,4.0,4.0,1
10782,5.0,4.0,41.0,3.7,-0.05,-0.38,3.0,6.0,1
10785,3.0,5.0,37.0,2.3,-0.52,-0.06,1.0,3.0,1
10786,4.0,2.0,38.0,3.7,-0.23,-1.01,3.0,2.0,0
10790,4.0,3.0,36.5,2.2,-0.27,-0.82,4.0,3.0,1
10792,3.0,4.0,35.0,3.0,-0.6,-0.34,3.0,4.0,1
10794,4.0,6.0,38.0,3.9,-0.24,0.2,4.0,4.0,1
10795,6.0,7.0,40.0,3.0,0.2,0.39,4.0,6.0,1
10796,3.0,2.0,34.0,3.3,-0.71,-1.0,3.0,4.0,1
10797,6.0,3.0,40.0,3.7,0.14,-0.61,4.0,4.0,1
10798,5.0,4.0,33.0,3.5,-0.05,-0.56,4.0,2.0,1
10800,4.0,3.0,37.0,3.4,-0.39,-0.74,4.0,3.0,1
10806,9.0,9.0,40.0,2.9,0.99,0.92,3.0,4.0,1
10807,2.0,3.0,38.0,2.8,-0.91,-0.69,3.0,4.0,0
10808,2.0,3.0,48.0,3.1,-0.91,-0.61,4.0,4.0,1
10810,4.0,3.0,36.0,3.7,-0.34,-0.66,2.0,4.0,1
10811,8.0,7.0,39.0,2.8,0.67,0.31,4.0,3.0,1
10813,10.0,10.0,42.0,3.3,1.86,1.85,4.0,4.0,1
10814,8.0,6.0,35.0,3.5,0.69,0.19,2.0,3.0,0
10816,3.0,5.0,37.0,3.6,-0.55,-0.25,4.0,3.0,1
10818,4.0,2.0,35.0,3.9,-0.36,-1.13,2.0,2.0,1
10819,8.0,6.0,35.0,3.3,0.76,0.19,3.0,3.0,1
10820,1.0,2.0,29.0,3.2,-1.24,-1.32,4.0,4.0,1
10823,5.0,5.0,42.0,3.9,-0.14,-0.03,2.0,6.0,1
10827,1.0,1.0,29.5,3.0,-1.64,-1.36,4.0,2.0,1
10829,8.0,7.0,34.0,3.3,0.62,0.52,4.0,3.0,1
10830,7.0,6.0,44.0,3.3,0.44,0.25,4.0,4.0,1
10833,2.0,3.0,45.0,3.5,-0.96,-0.82,3.0,6.0,1
10834,8.0,8.0,40.0,3.4,0.72,0.63,4.0,3.0,1
10841,1.0,2.0,35.0,3.2,-1.77,-1.17,3.0,3.0,0
10845,8.0,8.0,36.0,3.2,0.63,0.77,2.0,3.0,1
10846,2.0,2.0,42.0,3.0,-1.04,-1.3,1.0,3.0,1
10849,8.0,9.0,46.0,2.7,0.81,1.22,3.0,4.0,1
10850,1.0,1.0,33.0,2.7,-1.69,-1.86,3.0,4.0,0
10851,5.0,4.0,36.0,3.1,-0.14,-0.33,3.0,4.0,1
10854,4.0,4.0,42.0,3.7,-0.27,-0.26,5.0,5.0,1
10855,10.0,10.0,35.0,3.0,2.58,2.65,3.0,2.0,1
10856,5.0,7.0,41.0,3.3,-0.06,0.45,3.0,3.0,1
10857,7.0,7.0,47.0,3.2,0.4,0.52,5.0,4.0,1
10858,9.0,7.0,41.0,3.6,1.06,0.55,5.0,4.0,1
10862,6.0,8.0,42.0,2.9,0.27,0.74,4.0,4.0,1
10865,8.0,4.0,44.0,2.4,0.89,-0.43,2.0,1.0,1
10869,9.0,8.0,48.0,4.0,1.14,0.8,3.0,6.0,1
10871,7.0,6.0,39.0,2.6,0.46,0.06,4.0,2.0,1
10872,1.0,1.0,33.0,2.7,-1.23,-1.52,3.0,3.0,0
10876,6.0,5.0,35.0,3.4,0.2,-0.21,3.0,3.0,1
10881,10.0,10.0,38.0,3.3,1.91,2.44,5.0,6.0,1
10882,4.0,5.0,38.0,2.9,-0.38,-0.05,3.0,3.0,1
10884,4.0,3.0,24.0,3.2,-0.41,-0.85,5.0,3.0,0
10891,4.0,6.0,30.0,3.1,-0.35,0.18,4.0,3.0,1
10895,10.0,10.0,36.5,3.1,1.52,1.44,5.0,5.0,1
10896,2.0,3.0,37.0,3.2,-0.87,-0.79,3.0,3.0,1
10897,10.0,8.0,39.0,3.2,1.37,0.75,4.0,4.0,1
10899,10.0,10.0,40.0,2.9,1.59,1.48,4.0,5.0,1
10903,10.0,9.0,41.0,3.1,1.41,1.13,1.0,3.0,1
10904,5.0,6.0,37.0,3.6,-0.07,0.07,4.0,6.0,1
10905,4.0,3.0,41.0,2.9,-0.39,-0.78,3.0,4.0,0
10906,4.0,3.0,30.5,2.3,-0.39,-0.85,3.0,3.0,1
10907,10.0,1.0,42.0,3.9,2.39,-6.44,4.0,5.0,1
10909,2.0,1.0,36.0,2.4,-0.9,-1.63,3.0,4.0,1
10910,1.0,2.0,38.0,3.2,-1.85,-1.29,3.0,3.0,1
10915,2.0,2.0,36.0,2.9,-0.91,-0.93,4.0,3.0,1
10917,6.0,7.0,44.0,3.7,0.16,0.35,4.0,6.0,1
10919,3.0,3.0,34.0,3.5,-0.45,-0.58,3.0,4.0,1
10920,3.0,2.0,41.0,2.4,-0.59,-0.98,4.0,3.0,1
10927,8.0,7.0,48.0,3.5,0.85,0.53,3.0,4.0,1
10929,6.0,6.0,33.0,3.1,0.12,0.02,3.0,3.0,1
10936,8.0,6.0,46.0,3.6,0.72,0.24,4.0,5.0,1
10939,3.0,4.0,37.0,3.2,-0.46,-0.3,3.0,3.0,1
10944,3.0,3.0,38.5,2.8,-0.45,-0.87,5.0,3.0,1
10945,7.0,8.0,37.0,2.8,0.48,0.81,4.0,3.0,1
10946,2.0,2.0,40.0,2.5,-0.82,-1.1,4.0,5.0,1
10947,6.0,5.0,43.0,3.2,0.32,0.01,3.0,4.0,1
10950,10.0,9.0,39.5,3.5,1.31,1.05,3.0,5.0,1
10951,9.0,10.0,37.0,3.9,1.04,2.12,4.0,2.0,1
10952,8.0,8.0,37.0,2.5,0.87,0.76,2.0,4.0,1
10953,9.0,9.0,38.0,3.2,0.99,1.16,4.0,6.0,1
10954,2.0,3.0,34.0,2.4,-0.85,-0.86,3.0,3.0,1
10955,4.0,4.0,43.0,3.2,-0.27,-0.27,5.0,5.0,1
10957,3.0,4.0,41.0,3.4,-0.7,-0.52,4.0,4.0,1
10958,8.0,9.0,31.0,3.5,0.78,0.89,3.0,3.0,1
10959,2.0,3.0,36.0,2.6,-0.72,-0.82,4.0,3.0,0
10962,4.0,3.0,34.0,3.6,-0.18,-0.73,3.0,6.0,1
10964,6.0,7.0,45.0,3.6,0.19,0.49,5.0,5.0,1
10965,5.0,3.0,36.0,3.3,-0.14,-0.55,3.0,6.0,1
10966,1.0,1.0,25.5,2.2,-2.14,-1.45,4.0,3.0,0
10968,7.0,8.0,29.5,3.5,0.39,0.68,3.0,3.0,1
10969,8.0,7.0,46.0,4.0,0.56,0.5,4.0,5.0,1
10971,2.0,1.0,35.0,3.0,-1.01,-1.48,4.0,3.0,1
10973,10.0,10.0,43.0,3.4,2.11,1.96,3.0,4.0,1
10976,4.0,4.0,27.0,3.5,-0.21,-0.48,3.0,5.0,1
10977,7.0,7.0,38.0,3.6,0.55,0.42,4.0,3.0,1
10981,1.0,1.0,34.0,3.0,-2.22,-1.93,4.0,3.0,0
10982,9.0,8.0,36.0,3.3,1.2,0.79,3.0,4.0,1
10983,8.0,5.0,35.0,3.0,0.78,-0.16,4.0,5.0,1
10988,5.0,3.0,42.0,3.6,0.07,-0.55,3.0,4.0,1
10989,6.0,6.0,37.0,3.4,0.32,0.01,5.0,4.0,1
10990,7.0,7.0,39.0,3.4,0.56,0.53,4.0,3.0,1
10991,10.0,10.0,42.0,3.7,1.92,1.71,5.0,5.0,1
10993,9.0,9.0,42.0,3.3,1.2,1.17,3.0,4.0,1
10994,2.0,2.0,38.0,3.9,-1.0,-1.02,1.0,6.0,1
10999,9.0,10.0,42.0,3.0,1.02,1.39,4.0,3.0,1
11000,9.0,10.0,35.0,2.8,1.27,1.73,3.0,3.0,1
11002,1.0,1.0,35.0,3.4,-1.31,-1.38,4.0,4.0,0
11003,9.0,9.0,39.0,3.2,1.03,1.19,2.0,1.0,1
11004,10.0,10.0,42.0,3.6,1.36,1.55,4.0,4.0,1
11005,9.0,9.0,38.0,3.2,1.28,1.16,4.0,4.0,1
11006,7.0,6.0,40.0,3.7,0.42,0.13,3.0,4.0,1
11012,3.0,4.0,36.0,3.4,-0.55,-0.31,3.0,5.0,1
11014,3.0,4.0,32.0,3.5,-0.83,-0.42,4.0,6.0,1
11015,9.0,9.0,39.0,3.6,1.3,1.27,4.0,4.0,1
11016,9.0,7.0,34.5,3.5,1.1,0.39,3.0,3.0,1
11017,7.0,8.0,44.0,3.1,0.36,0.58,4.0,4.0,1
11019,4.0,5.0,44.0,3.2,-0.34,-0.18,4.0,4.0,1
11020,9.0,8.0,34.0,3.1,0.97,0.8,3.0,3.0,1
11021,4.0,5.0,39.0,3.4,-0.41,-0.22,2.0,4.0,1
11025,2.0,3.0,22.0,3.5,-0.97,-0.75,4.0,4.0,0
11026,7.0,4.0,40.0,2.7,0.47,-0.38,4.0,4.0,1
11027,7.0,8.0,30.5,2.7,0.52,0.66,4.0,3.0,1
11028,5.0,3.0,46.0,3.5,0.06,-0.56,4.0,6.0,1
11029,8.0,7.0,34.0,3.6,0.61,0.39,4.0,2.0,1
11030,7.0,6.0,43.0,3.9,0.57,0.23,4.0,6.0,1
11033,1.0,2.0,29.0,3.1,-1.09,-1.09,3.0,2.0,1
11035,6.0,8.0,40.0,3.7,0.15,0.72,4.0,6.0,1
11037,4.0,5.0,31.0,3.1,-0.27,-0.17,4.0,2.0,1
11038,10.0,10.0,42.0,4.0,1.67,1.98,3.0,4.0,1
11042,5.0,8.0,39.0,3.2,0.05,0.58,3.0,4.0,1
11045,3.0,4.0,35.0,3.7,-0.74,-0.27,3.0,5.0,1
11046,2.0,6.0,33.0,3.0,-0.79,0.13,3.0,3.0,1
11047,8.0,7.0,28.0,2.5,0.61,0.51,3.0,5.0,0
11048,1.0,1.0,26.0,2.9,-1.7,-2.14,2.0,5.0,0
11049,3.0,4.0,33.0,2.5,-0.64,-0.46,4.0,2.0,0
11050,8.0,8.0,36.0,3.3,0.79,0.86,3.0,4.0,1
11051,4.0,4.0,30.0,3.4,-0.17,-0.38,3.0,4.0,1
11052,8.0,3.0,45.0,3.1,0.79,-0.58,4.0,4.0,1
11053,3.0,2.0,41.5,3.0,-0.62,-1.09,5.0,4.0,1
11054,7.0,7.0,32.0,2.8,0.39,0.52,3.0,3.0,1
11055,9.0,9.0,35.0,3.0,1.05,1.05,4.0,3.0,1
11059,8.0,9.0,43.0,3.4,0.75,0.89,2.0,5.0,1
11060,2.0,1.0,37.0,2.2,-0.8,-1.42,4.0,3.0,1
11062,2.0,3.0,32.0,3.3,-0.82,-0.88,3.0,3.0,1
11063,2.0,3.0,35.0,3.3,-0.84,-0.57,2.0,5.0,0
11064,9.0,10.0,32.0,3.0,1.1,1.37,4.0,3.0,1
11065,4.0,3.0,31.0,3.4,-0.28,-0.82,3.0,3.0,1
11072,5.0,6.0,34.0,3.3,-0.07,0.08,3.0,4.0,1
11075,7.0,7.0,32.0,3.6,0.4,0.33,4.0,3.0,1
11077,8.0,5.0,40.0,2.7,0.75,-0.2,4.0,3.0,1
11078,5.0,6.0,39.0,3.0,-0.13,0.17,5.0,3.0,1
11079,8.0,4.0,41.0,2.7,0.57,-0.36,2.0,5.0,0
11080,7.0,8.0,35.5,2.9,0.41,0.6,4.0,4.0,0
11081,7.0,8.0,44.0,3.2,0.58,0.77,5.0,4.0,1
11082,8.0,9.0,33.0,3.8,0.78,1.08,4.0,3.0,1
11083,10.0,9.0,41.0,3.3,1.39,1.27,2.0,4.0,1
11085,3.0,3.0,45.0,3.9,-0.66,-0.69,5.0,6.0,1
11086,10.0,10.0,42.0,4.0,2.08,1.77,3.0,5.0,1
11091,7.0,7.0,32.5,3.0,0.52,0.32,4.0,2.0,1
11094,6.0,5.0,28.0,3.1,0.26,-0.29,4.0,2.0,1
11096,5.0,4.0,38.0,3.1,0.01,-0.34,5.0,5.0,1
11098,10.0,6.0,33.5,3.0,1.33,0.18,4.0,3.0,1
11099,2.0,3.0,30.5,3.0,-1.09,-0.56,5.0,3.0,1
11101,1.0,2.0,46.0,3.5,-1.45,-1.16,4.0,4.0,1
11102,2.0,5.0,30.0,3.2,-0.97,-0.29,2.0,2.0,1
11103,1.0,1.0,25.0,2.7,-1.44,-2.02,3.0,3.0,0
11106,9.0,10.0,40.0,3.5,1.11,1.38,4.0,3.0,1
11108,5.0,5.0,41.0,3.0,-0.11,-0.16,4.0,4.0,1
11109,9.0,10.0,44.0,3.7,1.21,1.34,2.0,5.0,1
11110,6.0,8.0,35.0,3.7,0.12,0.64,4.0,4.0,1
11111,9.0,7.0,42.0,3.4,0.99,0.39,4.0,5.0,1
11112,3.0,5.0,38.0,3.3,-0.48,-0.08,3.0,3.0,1
11113,9.0,7.0,35.0,3.1,1.15,0.52,5.0,3.0,1
11114,7.0,8.0,28.7,3.0,0.38,0.6,3.0,2.0,1
11115,5.0,4.0,30.0,3.2,-0.16,-0.52,2.0,4.0,1
11116,10.0,10.0,42.0,2.7,1.45,1.4,4.0,2.0,1
11117,4.0,5.0,42.0,3.7,-0.38,-0.22,4.0,5.0,1
11119,6.0,5.0,47.0,3.7,0.1,-0.07,3.0,6.0,1
11121,5.0,4.0,31.0,2.5,0.08,-0.4,1.0,1.0,0
11124,1.0,1.0,22.0,3.2,-1.67,-1.78,3.0,5.0,1
11125,7.0,8.0,39.5,3.3,0.36,0.56,4.0,3.0,1
11128,2.0,3.0,26.5,2.7,-0.7,-0.56,2.0,3.0,1
11129,3.0,4.0,38.0,2.6,-0.48,-0.42,5.0,3.0,1
11130,2.0,3.0,39.0,2.9,-0.76,-0.57,5.0,5.0,1
11131,9.0,7.0,39.0,3.4,1.01,0.52,3.0,3.0,1
11139,8.0,7.0,43.0,3.5,0.75,0.34,4.0,5.0,1
11145,3.0,1.0,37.0,2.9,-0.69,-1.33,3.0,5.0,0
11148,10.0,10.0,37.0,3.8,2.61,2.76,3.0,4.0,1
11150,10.0,8.0,33.0,3.0,1.28,0.68,3.0,5.0,1
11152,8.0,9.0,38.0,3.1,0.87,1.16,4.0,6.0,1
11156,7.0,7.0,32.0,3.0,0.54,0.4,2.0,3.0,1
11157,1.0,2.0,36.0,3.5,-1.41,-0.95,4.0,4.0,0
11159,2.0,1.0,29.0,2.6,-1.01,-1.62,4.0,4.0,0
11164,4.0,4.0,40.0,2.8,-0.3,-0.33,3.0,5.0,1
11165,9.0,7.0,45.0,3.6,1.16,0.31,4.0,6.0,1
11167,2.0,2.0,17.5,2.5,-0.6,-1.02,4.0,1.0,0
11168,4.0,5.0,39.0,3.3,-0.31,-0.18,4.0,4.0,1
11175,4.0,3.0,46.0,2.5,-0.27,-0.76,2.0,4.0,1
11179,8.0,8.0,32.5,3.2,0.76,0.66,4.0,3.0,1
11180,8.0,9.0,37.0,3.3,0.86,1.03,4.0,3.0,1
11183,8.0,7.0,47.0,2.8,0.65,0.49,4.0,5.0,1
11185,3.0,2.0,43.0,2.5,-0.74,-0.96,5.0,5.0,1
11187,2.0,2.0,39.5,2.9,-1.11,-1.1,5.0,5.0,1
11191,6.0,6.0,45.0,3.6,0.21,0.21,5.0,4.0,1
11193,1.0,1.0,26.0,3.1,-2.02,-1.89,2.0,4.0,0
11194,9.0,8.0,26.5,3.2,1.18,0.87,2.0,3.0,1
11196,6.0,6.0,41.0,3.5,0.12,0.12,4.0,4.0,1
11199,5.0,2.0,42.0,2.4,-0.13,-0.95,3.0,3.0,1
11200,2.0,2.0,39.0,3.5,-1.03,-1.18,4.0,4.0,0
11201,3.0,4.0,29.0,3.3,-0.53,-0.56,3.0,3.0,1
11203,5.0,6.0,37.0,3.3,-0.02,0.15,5.0,3.0,1
11204,3.0,3.0,41.0,3.4,-0.6,-0.67,4.0,6.0,1
11209,2.0,2.0,46.0,3.7,-0.98,-0.91,4.0,6.0,1
11210,8.0,10.0,40.5,3.7,0.8,1.42,5.0,4.0,1
11212,8.0,9.0,35.0,3.4,0.77,1.22,4.0,4.0,1
11213,5.0,9.0,46.0,3.7,-0.03,0.92,4.0,6.0,1
11215,4.0,4.0,36.0,3.7,-0.32,-0.45,4.0,5.0,1
11216,4.0,5.0,34.0,2.6,-0.24,-0.24,4.0,3.0,1
11217,1.0,1.0,20.0,2.5,-2.58,-2.44,5.0,3.0,1
11218,10.0,10.0,45.0,2.3,2.76,2.92,5.0,2.0,1
11220,9.0,8.0,39.0,3.0,1.05,0.7,4.0,5.0,1
11221,5.0,5.0,41.0,3.5,-0.04,-0.21,3.0,5.0,1
11223,10.0,9.0,46.0,3.5,1.54,1.17,4.0,4.0,1
11224,1.0,1.0,36.0,2.9,-1.63,-1.83,4.0,4.0,1
11226,6.0,3.0,29.0,3.9,0.1,-0.69,4.0,3.0,1
11227,3.0,5.0,27.0,3.0,-0.52,-0.06,3.0,2.0,1
11228,4.0,5.0,30.0,3.1,-0.39,-0.09,3.0,2.0,1
11229,10.0,10.0,37.0,2.4,1.66,1.59,4.0,3.0,1
11231,1.0,1.0,39.0,3.2,-1.41,-1.74,3.0,4.0,0
11235,9.0,9.0,46.0,3.0,0.95,1.2,2.0,5.0,1
11236,2.0,1.0,31.0,2.8,-0.79,-1.51,4.0,3.0,0
11237,4.0,4.0,36.0,3.7,-0.24,-0.42,4.0,3.0,1
11240,3.0,3.0,42.0,2.5,-0.69,-0.79,5.0,4.0,1
11243,6.0,5.0,25.0,3.8,0.19,-0.2,3.0,2.0,1
11245,1.0,1.0,36.0,3.2,-1.23,-1.59,4.0,4.0,1
11248,9.0,8.0,42.0,2.8,1.21,0.83,4.0,4.0,1
11254,1.0,3.0,26.0,3.1,-1.15,-0.74,3.0,3.0,1
11255,5.0,5.0,29.0,3.1,-0.12,-0.23,2.0,2.0,1
11258,8.0,8.0,33.0,3.0,0.81,0.82,4.0,3.0,1
11259,10.0,9.0,34.0,3.4,1.3,1.08,4.0,2.0,1
11262,8.0,5.0,47.0,3.1,0.76,-0.18,4.0,4.0,1
11265,8.0,4.0,29.0,3.5,0.58,-0.29,4.0,3.0,1
11267,2.0,3.0,37.0,2.7,-0.73,-0.58,4.0,3.0,1
11269,3.0,3.0,32.0,3.1,-0.52,-0.65,1.0,5.0,1
11272,2.0,1.0,35.0,3.0,-0.87,-1.54,4.0,3.0,1
11274,1.0,1.0,40.0,3.2,-1.4,-1.42,4.0,4.0,1
11279,4.0,3.0,43.0,3.4,-0.38,-0.55,4.0,4.0,1
11283,3.0,6.0,41.0,2.6,-0.6,0.21,4.0,4.0,1
11288,8.0,9.0,39.0,3.4,0.69,1.02,3.0,3.0,1
11290,7.0,6.0,39.0,3.1,0.36,0.22,3.0,4.0,1
11291,6.0,7.0,31.5,3.2,0.29,0.35,3.0,3.0,1
11292,4.0,5.0,30.5,3.7,-0.33,-0.3,3.0,2.0,1
11298,5.0,6.0,38.0,3.1,-0.08,0.03,2.0,3.0,1
11299,5.0,7.0,41.0,3.7,0.06,0.39,4.0,6.0,1
11300,5.0,7.0,40.0,2.9,-0.11,0.26,2.0,3.0,1
11309,6.0,8.0,38.0,3.0,0.15,0.8,4.0,3.0,1
11312,5.0,4.0,37.0,2.4,-0.05,-0.45,3.0,3.0,1
11314,5.0,10.0,38.0,3.7,-0.07,2.01,4.0,5.0,1
11315,7.0,5.0,36.0,3.6,0.59,-0.12,3.0,4.0,1
11319,9.0,9.0,40.0,3.1,0.94,1.15,3.0,4.0,1
11320,3.0,4.0,44.0,3.4,-0.5,-0.29,4.0,4.0,1
11323,6.0,6.0,34.5,3.6,0.25,0.18,3.0,4.0,1
11328,9.0,9.0,29.0,3.3,0.97,1.18,3.0,3.0,1
11329,4.0,4.0,39.0,2.7,-0.23,-0.34,4.0,5.0,1
11334,9.0,10.0,28.0,2.8,1.16,1.6,4.0,2.0,1
11336,10.0,10.0,30.0,2.4,1.75,1.43,3.0,1.0,1
11340,1.0,3.0,44.0,3.4,-1.44,-0.64,4.0,6.0,1
11343,2.0,4.0,36.0,3.3,-0.84,-0.31,4.0,3.0,1
11346,10.0,8.0,29.0,3.4,1.38,0.71,4.0,1.0,1
11347,1.0,4.0,41.0,3.1,-1.3,-0.24,5.0,6.0,1
11348,2.0,3.0,42.0,3.7,-0.96,-0.73,4.0,6.0,1
11349,9.0,9.0,34.5,3.2,1.01,1.17,4.0,3.0,1
11352,1.0,3.0,35.0,3.0,-1.18,-0.73,4.0,3.0,1
11353,7.0,7.0,34.0,2.8,0.52,0.4,3.0,3.0,1
11355,2.0,2.0,42.0,3.0,-0.82,-1.09,1.0,4.0,1
11356,1.0,1.0,40.0,3.7,-1.62,-1.79,4.0,6.0,0
11357,2.0,1.0,35.0,3.2,-1.1,-1.59,1.0,5.0,1
11358,6.0,1.0,28.0,3.0,0.13,-1.43,4.0,2.0,0
11359,5.0,2.0,37.0,2.3,-0.08,-1.19,2.0,3.0,1
11360,8.0,8.0,41.0,3.5,0.73,0.56,4.0,4.0,1
11362,2.0,4.0,33.0,2.9,-0.85,-0.49,4.0,2.0,0
11363,8.0,7.0,32.0,3.1,0.89,0.4,3.0,4.0,1
11366,2.0,2.0,30.0,3.0,-1.04,-1.08,3.0,3.0,1
11368,3.0,9.0,42.0,3.5,-0.54,1.26,4.0,4.0,1
11369,4.0,3.0,38.0,3.1,-0.37,-0.88,4.0,3.0,1
11372,1.0,2.0,35.0,3.0,-1.41,-1.25,3.0,3.0,1
11376,7.0,7.0,35.0,2.7,0.48,0.32,4.0,3.0,0
11377,5.0,4.0,37.0,3.8,-0.03,-0.26,5.0,4.0,1
11379,6.0,6.0,31.0,3.4,0.05,0.18,3.0,3.0,1
11380,10.0,10.0,38.0,2.8,2.48,2.3,3.0,3.0,1
11381,7.0,8.0,42.0,3.7,0.48,0.63,4.0,6.0,1
11382,7.0,5.0,46.0,3.2,0.48,-0.12,4.0,4.0,1
11383,10.0,10.0,39.0,3.8,1.92,2.06,4.0,5.0,1
11384,1.0,1.0,39.0,3.8,-1.32,-2.0,4.0,4.0,0
11385,6.0,5.0,32.0,3.1,0.12,-0.26,4.0,3.0,1
11386,3.0,3.0,41.0,2.5,-0.51,-0.7,4.0,3.0,1
11387,5.0,6.0,40.0,3.2,0.0,0.07,4.0,4.0,1
11391,8.0,6.0,34.0,3.8,0.63,0.23,3.0,4.0,1
11392,10.0,9.0,40.0,3.4,1.33,1.31,3.0,3.0,1
11400,6.0,5.0,35.0,2.9,0.19,-0.26,4.0,3.0,1
11401,7.0,6.0,34.0,3.4,0.51,0.27,2.0,4.0,1
11402,8.0,8.0,35.0,3.3,0.8,0.78,4.0,3.0,1
11403,8.0,7.0,35.0,3.3,0.58,0.49,2.0,3.0,1
11405,9.0,10.0,31.5,3.2,1.11,1.41,3.0,3.0,1
11406,5.0,4.0,40.0,2.2,-0.16,-0.4,4.0,3.0,1
11407,4.0,7.0,36.0,3.3,-0.39,0.42,3.0,3.0,1
11408,8.0,8.0,33.0,4.0,0.78,0.83,4.0,4.0,1
11409,2.0,2.0,36.0,3.1,-0.76,-0.89,5.0,4.0,1
11410,9.0,8.0,34.0,3.2,0.98,0.74,4.0,4.0,1
11413,5.0,8.0,28.0,3.4,-0.05,0.57,4.0,3.0,1
11414,6.0,6.0,30.0,2.9,0.18,0.06,3.0,3.0,1
11416,4.0,6.0,40.0,3.5,-0.21,0.1,4.0,3.0,1
11417,7.0,8.0,36.0,3.3,0.43,0.55,5.0,3.0,1
11418,2.0,2.0,46.0,3.7,-1.08,-0.99,4.0,5.0,1
11419,7.0,8.0,32.0,2.1,0.48,0.83,4.0,3.0,1
11424,1.0,1.0,36.0,3.0,-1.49,-1.35,4.0,4.0,1
11425,10.0,9.0,36.5,2.9,1.59,1.31,2.0,1.0,1
11427,7.0,8.0,46.0,2.9,0.46,0.63,3.0,4.0,1
11428,4.0,5.0,35.0,2.5,-0.2,-0.08,5.0,3.0,1
11431,3.0,4.0,39.0,3.2,-0.47,-0.36,4.0,4.0,1
11432,8.0,6.0,41.0,3.6,0.77,0.07,4.0,4.0,1
11434,2.0,4.0,30.5,3.5,-0.71,-0.32,4.0,3.0,1
11436,1.0,1.0,23.3,3.1,-1.24,-1.36,5.0,2.0,0
11439,7.0,7.0,37.0,3.2,0.46,0.55,3.0,4.0,1
11440,4.0,3.0,34.5,2.8,-0.24,-0.56,3.0,5.0,1
11441,6.0,8.0,42.0,3.2,0.11,0.73,4.0,5.0,1
11442,9.0,7.0,36.0,3.6,1.05,0.42,2.0,4.0,1
11443,5.0,5.0,31.5,2.8,-0.15,-0.17,4.0,3.0,1
11445,4.0,6.0,33.0,4.0,-0.2,0.1,3.0,4.0,1
11447,9.0,10.0,31.0,3.7,1.04,1.64,3.0,1.0,1
11450,5.0,6.0,37.0,3.1,-0.13,0.03,3.0,5.0,0
11453,6.0,6.0,40.0,3.6,0.23,0.16,3.0,5.0,1
11455,2.0,4.0,35.0,3.9,-0.81,-0.35,3.0,4.0,1
11456,3.0,2.0,36.0,3.8,-0.45,-1.09,3.0,4.0,1
11457,8.0,7.0,42.0,3.1,0.79,0.46,3.0,5.0,1
11459,10.0,10.0,39.0,3.5,1.96,1.85,3.0,3.0,1
11462,1.0,1.0,32.0,3.1,-1.39,-1.71,1.0,3.0,0
11463,8.0,6.0,34.5,3.2,0.75,0.25,3.0,3.0,1
11468,7.0,7.0,31.0,3.2,0.28,0.29,4.0,5.0,1
11469,10.0,10.0,35.0,3.3,1.38,1.99,4.0,4.0,1
11470,4.0,6.0,43.0,3.5,-0.41,0.28,3.0,4.0,1
11474,4.0,1.0,33.0,3.1,-0.32,-1.9,2.0,3.0,0
11475,2.0,3.0,40.0,3.8,-0.78,-0.68,5.0,5.0,1
11476,10.0,10.0,45.0,3.6,2.33,1.85,3.0,3.0,1
11477,4.0,4.0,47.0,3.8,-0.3,-0.41,4.0,6.0,1
11480,7.0,8.0,36.0,3.4,0.55,0.78,3.0,3.0,1
11481,2.0,2.0,39.0,3.1,-0.96,-0.9,4.0,3.0,1
11482,9.0,8.0,36.0,2.9,0.92,0.83,3.0,3.0,1
11485,9.0,10.0,27.5,3.6,0.98,1.57,4.0,2.0,1
11488,3.0,5.0,36.0,2.6,-0.49,-0.23,4.0,3.0,1
11492,1.0,2.0,35.0,2.7,-1.85,-1.25,5.0,4.0,1
11493,10.0,10.0,48.0,3.0,2.0,2.1,4.0,5.0,1
11496,6.0,6.0,34.0,3.1,0.2,0.23,3.0,3.0,1
11497,9.0,9.0,34.0,3.3,0.94,0.93,4.0,4.0,1
11498,3.0,4.0,40.0,3.3,-0.59,-0.5,3.0,3.0,1
11499,8.0,8.0,43.0,3.2,0.85,0.55,4.0,5.0,1
11500,7.0,6.0,41.0,3.2,0.55,0.26,4.0,4.0,1
11501,10.0,10.0,45.0,1.9,1.59,1.73,4.0,3.0,1
11502,7.0,5.0,33.0,3.0,0.54,-0.17,5.0,3.0,1
11503,5.0,5.0,33.0,2.1,-0.12,-0.13,3.0,2.0,1
11511,8.0,7.0,39.0,2.6,0.69,0.28,5.0,3.0,1
11512,8.0,7.0,37.0,3.1,0.65,0.35,4.0,5.0,1
11513,5.0,5.0,35.0,3.5,-0.05,-0.18,4.0,4.0,1
11515,7.0,7.0,40.0,2.6,0.39,0.32,4.0,3.0,1
11519,7.0,8.0,32.5,3.4,0.51,0.6,4.0,3.0,1
11520,8.0,9.0,40.0,3.3,0.8,1.05,4.0,4.0,1
11523,6.0,8.0,39.0,3.9,0.26,0.67,3.0,3.0,1
11526,1.0,1.0,34.5,2.9,-1.73,-1.51,3.0,3.0,1
11527,3.0,4.0,47.0,3.4,-0.75,-0.49,3.0,6.0,1
11528,5.0,3.0,32.0,3.2,-0.06,-0.53,3.0,5.0,1
11530,1.0,2.0,39.0,3.3,-1.25,-1.02,3.0,4.0,1
11531,1.0,2.0,31.5,3.0,-1.46,-0.95,4.0,3.0,0
11532,9.0,9.0,42.0,3.6,1.06,0.99,3.0,4.0,1
11534,10.0,10.0,42.0,3.5,2.37,2.83,4.0,3.0,1
11535,2.0,1.0,29.0,3.6,-1.03,-1.67,3.0,5.0,0
11544,1.0,2.0,38.0,2.9,-1.38,-1.21,4.0,4.0,1
11547,2.0,3.0,31.0,3.0,-1.07,-0.59,4.0,3.0,1
11549,4.0,4.0,30.0,2.9,-0.31,-0.29,4.0,3.0,1
11550,3.0,1.0,37.0,3.2,-0.59,-1.64,3.0,3.0,1
11551,6.0,6.0,42.0,3.7,0.29,0.2,4.0,4.0,1
11553,9.0,9.0,43.0,3.6,1.18,1.1,4.0,3.0,1
11554,4.0,4.0,45.0,3.4,-0.29,-0.47,3.0,4.0,1
11555,8.0,9.0,48.0,3.2,0.87,1.04,4.0,4.0,1
11556,4.0,6.0,42.0,3.0,-0.4,0.07,2.0,4.0,1
11559,9.0,9.0,30.0,3.3,0.95,1.11,3.0,3.0,1
11563,10.0,10.0,37.0,3.9,1.64,1.71,1.0,3.0,1
11568,4.0,5.0,40.0,3.9,-0.19,-0.17,3.0,3.0,1
11569,5.0,3.0,30.0,2.8,-0.07,-0.62,4.0,5.0,0
11573,5.0,4.0,36.0,3.5,-0.13,-0.32,3.0,5.0,1
11574,5.0,3.0,32.0,3.0,-0.07,-0.79,3.0,3.0,0
11576,4.0,6.0,33.0,3.9,-0.35,0.18,3.0,3.0,1
11577,4.0,5.0,42.0,3.3,-0.24,-0.2,4.0,5.0,1
11580,10.0,10.0,33.0,3.7,1.72,1.63,4.0,4.0,1
11581,8.0,9.0,35.0,3.4,0.81,1.24,4.0,4.0,1
11582,4.0,6.0,34.0,3.7,-0.34,0.28,4.0,4.0,1
11586,6.0,5.0,31.0,2.6,0.07,-0.19,3.0,2.0,1
11587,9.0,9.0,44.0,4.0,1.15,1.08,4.0,5.0,1
11588,4.0,2.0,39.0,3.3,-0.28,-0.91,3.0,3.0,1
11589,1.0,1.0,37.0,3.7,-1.35,-1.91,4.0,6.0,1
11593,7.0,6.0,42.0,3.7,0.44,0.01,4.0,4.0,1
11600,1.0,1.0,28.0,3.5,-1.18,-1.42,4.0,3.0,0
11601,2.0,4.0,41.0,2.8,-0.79,-0.38,3.0,4.0,1
11604,9.0,9.0,36.0,4.0,1.01,1.11,3.0,3.0,1
11606,8.0,5.0,36.0,3.0,0.81,-0.09,5.0,3.0,1
11609,9.0,9.0,39.0,3.1,0.87,1.04,4.0,5.0,1
11611,1.0,2.0,27.0,3.4,-1.23,-1.06,4.0,2.0,1
11612,6.0,8.0,30.0,3.2,0.19,0.57,3.0,3.0,1
11615,10.0,9.0,28.0,3.2,1.32,1.15,3.0,2.0,1
11617,3.0,2.0,26.0,3.0,-0.65,-1.23,3.0,5.0,1
11621,9.0,10.0,37.0,2.9,1.14,1.37,5.0,3.0,1
11623,4.0,4.0,30.0,2.7,-0.33,-0.34,4.0,3.0,1
11625,9.0,10.0,40.0,3.2,1.19,1.77,2.0,2.0,1
11635,5.0,3.0,45.0,3.4,-0.18,-0.75,4.0,5.0,1
11637,1.0,1.0,25.5,2.5,-1.76,-1.59,4.0,4.0,0
11638,4.0,5.0,38.0,3.6,-0.32,-0.16,3.0,5.0,1
11640,1.0,1.0,29.0,2.6,-2.18,-1.8,2.0,4.0,1
11641,5.0,5.0,27.0,3.4,-0.1,-0.25,3.0,3.0,1
11642,2.0,2.0,40.0,3.7,-0.8,-1.14,4.0,5.0,1
11643,7.0,10.0,31.0,3.3,0.53,1.76,4.0,4.0,1
11644,2.0,1.0,36.0,3.0,-0.99,-1.4,5.0,4.0,0
11647,2.0,2.0,31.0,3.8,-0.75,-0.87,4.0,5.0,0
11648,1.0,1.0,27.0,3.3,-1.17,-1.43,4.0,2.0,0
11649,5.0,4.0,36.0,2.6,-0.17,-0.54,4.0,3.0,1
11655,6.0,6.0,35.0,3.5,0.19,0.15,4.0,3.0,1
11656,10.0,9.0,35.0,3.2,1.6,0.92,3.0,4.0,1
11659,2.0,4.0,26.0,2.9,-1.03,-0.47,4.0,2.0,1
11660,1.0,1.0,23.5,2.8,-1.63,-1.34,4.0,3.0,0
11661,6.0,6.0,26.0,2.6,0.23,0.15,4.0,1.0,1
11662,7.0,6.0,44.0,3.0,0.31,0.1,3.0,3.0,1
11663,10.0,10.0,25.5,3.1,1.49,1.84,3.0,3.0,1
11666,2.0,3.0,29.0,2.8,-0.78,-0.77,2.0,3.0,1
11668,6.0,5.0,38.5,3.5,0.06,-0.07,4.0,3.0,1
11672,8.0,6.0,37.0,3.4,0.58,-0.03,4.0,2.0,0
11674,2.0,3.0,28.0,3.1,-0.92,-0.8,3.0,3.0,1
11675,3.0,4.0,33.0,3.1,-0.49,-0.34,2.0,2.0,1
11676,1.0,1.0,34.0,3.1,-1.27,-1.48,3.0,3.0,1
11679,9.0,9.0,43.0,3.0,0.89,1.03,3.0,3.0,1
11681,7.0,7.0,35.5,2.9,0.28,0.37,3.0,5.0,1
11683,4.0,4.0,21.5,3.2,-0.27,-0.51,4.0,3.0,1
11684,4.0,4.0,42.0,3.2,-0.28,-0.48,3.0,4.0,1
11685,6.0,5.0,39.0,3.6,0.06,-0.1,4.0,3.0,1
11686,7.0,4.0,34.0,2.4,0.46,-0.3,4.0,3.0,0
11687,9.0,10.0,37.0,3.3,1.11,1.31,4.0,5.0,1
11688,1.0,3.0,33.0,3.1,-1.23,-0.8,4.0,3.0,1
11689,4.0,2.0,23.5,3.2,-0.19,-1.02,3.0,3.0,1
11690,8.0,7.0,35.0,3.1,0.72,0.51,3.0,4.0,1
11691,2.0,1.0,28.0,2.9,-0.98,-1.32,2.0,5.0,1
11695,1.0,1.0,29.5,2.0,-1.13,-1.36,4.0,3.0,0
11699,10.0,10.0,38.0,3.1,2.38,1.26,5.0,6.0,1
11700,2.0,2.0,40.0,2.3,-1.07,-0.98,4.0,3.0,1
11703,6.0,8.0,46.0,3.2,0.23,0.67,3.0,4.0,1
11705,9.0,8.0,41.0,3.0,1.13,0.63,2.0,3.0,1
11710,1.0,1.0,30.5,3.0,-1.99,-1.65,2.0,4.0,0
11713,2.0,3.0,37.0,2.9,-0.8,-0.85,3.0,2.0,1
11714,8.0,7.0,35.0,2.9,0.8,0.5,4.0,3.0,1
11715,6.0,5.0,41.0,3.0,0.22,-0.02,4.0,4.0,1
11716,4.0,6.0,28.5,2.9,-0.28,-0.02,2.0,2.0,0
11718,3.0,2.0,32.5,2.5,-0.47,-1.31,4.0,3.0,1
11722,4.0,6.0,43.0,3.3,-0.34,0.13,4.0,4.0,1
11726,5.0,5.0,36.0,3.3,0.01,-0.13,2.0,3.0,1
11728,4.0,6.0,34.0,2.8,-0.36,0.16,3.0,2.0,1
11729,6.0,6.0,36.0,2.6,0.15,0.14,4.0,3.0,1
11730,7.0,5.0,41.0,3.9,0.35,-0.23,4.0,5.0,1
11732,9.0,10.0,41.0,3.2,1.27,1.34,4.0,5.0,1
11733,1.0,3.0,37.0,2.1,-2.04,-0.61,2.0,5.0,0
11734,3.0,4.0,41.0,3.4,-0.67,-0.3,3.0,4.0,1
11737,1.0,1.0,21.0,2.9,-1.78,-3.14,4.0,4.0,0
11738,5.0,7.0,34.5,3.4,-0.14,0.47,3.0,3.0,1
11742,10.0,10.0,39.0,2.8,1.83,1.37,2.0,3.0,1
11743,10.0,10.0,38.0,3.9,1.73,2.12,2.0,5.0,1
11747,5.0,5.0,36.0,3.1,0.08,0.01,4.0,4.0,1
11750,4.0,1.0,40.0,2.8,-0.39,-1.32,4.0,3.0,1
11751,5.0,6.0,37.0,3.4,0.06,0.06,4.0,4.0,1
11753,3.0,9.0,47.0,3.4,-0.6,0.85,5.0,6.0,1
11754,4.0,5.0,30.0,3.7,-0.42,-0.32,4.0,2.0,1
11757,10.0,10.0,40.0,3.8,1.4,1.9,4.0,3.0,1
11758,9.0,10.0,41.0,4.0,0.9,1.62,3.0,4.0,1
11759,1.0,4.0,20.0,3.0,-1.14,-0.44,3.0,4.0,1
11762,3.0,2.0,41.0,2.8,-0.64,-0.96,3.0,4.0,0
11763,5.0,6.0,38.0,3.1,-0.03,0.03,2.0,3.0,1
11764,6.0,4.0,37.0,2.2,0.12,-0.42,4.0,4.0,1
11765,6.0,7.0,45.0,3.0,0.24,0.34,3.0,3.0,1
11767,8.0,4.0,48.0,3.2,0.81,-0.42,4.0,5.0,1
11771,8.0,9.0,34.0,3.4,0.66,1.15,1.0,4.0,1
11775,7.0,6.0,33.0,2.8,0.45,0.06,3.0,3.0,1
11777,3.0,3.0,33.0,3.5,-0.6,-0.82,3.0,2.0,0
11780,10.0,10.0,42.0,3.6,1.69,2.31,4.0,6.0,1
11781,3.0,3.0,41.0,3.9,-0.78,-0.63,4.0,6.0,1
11782,4.0,3.0,37.0,2.5,-0.29,-0.6,2.0,3.0,1
11784,2.0,4.0,32.0,3.0,-0.84,-0.34,4.0,2.0,0
11785,4.0,5.0,48.0,3.8,-0.26,-0.16,3.0,5.0,1
11787,7.0,6.0,43.0,3.1,0.41,0.25,5.0,4.0,1
11789,1.0,1.0,32.0,3.0,-1.81,-1.47,3.0,4.0,1
11792,3.0,1.0,29.5,3.1,-0.68,-1.44,4.0,3.0,1
11794,8.0,6.0,44.0,3.2,0.84,0.13,4.0,4.0,1
11796,5.0,5.0,32.5,3.4,-0.08,-0.15,3.0,2.0,1
11799,8.0,7.0,34.0,2.9,0.77,0.4,4.0,2.0,1
11805,9.0,7.0,35.0,4.0,1.2,0.31,3.0,4.0,1
11809,3.0,2.0,31.0,3.1,-0.56,-1.0,4.0,3.0,1
11810,3.0,3.0,31.0,2.6,-0.44,-0.66,3.0,2.0,1
11812,5.0,5.0,40.0,3.1,-0.12,-0.1,5.0,3.0,1
11815,7.0,3.0,37.0,2.8,0.38,-0.7,3.0,3.0,1
11817,3.0,2.0,39.0,3.1,-0.47,-1.06,4.0,5.0,1
11820,3.0,4.0,32.0,3.3,-0.64,-0.29,4.0,3.0,1
11823,3.0,3.0,33.0,3.2,-0.65,-0.72,4.0,3.0,1
11824,5.0,6.0,36.0,3.0,0.05,0.12,3.0,3.0,0
11827,10.0,10.0,37.0,3.8,1.8,1.75,3.0,4.0,1
11829,10.0,10.0,48.0,3.7,1.84,2.34,3.0,4.0,1
11830,9.0,9.0,37.0,3.1,1.11,1.19,5.0,3.0,1
11831,7.0,7.0,30.0,3.7,0.36,0.33,3.0,4.0,1
11836,7.0,5.0,37.0,3.0,0.44,-0.06,2.0,3.0,1
11837,10.0,10.0,44.0,2.1,2.11,1.93,5.0,3.0,1
11838,6.0,6.0,38.0,3.2,0.33,0.08,2.0,4.0,1
11840,8.0,9.0,39.0,3.7,0.74,0.92,4.0,4.0,1
11844,10.0,9.0,31.0,2.9,1.49,0.93,4.0,3.0,1
11845,8.0,9.0,40.0,2.9,0.64,1.17,4.0,5.0,1
11846,9.0,7.0,32.0,3.5,0.92,0.54,4.0,3.0,1
11848,6.0,7.0,31.0,3.9,0.12,0.53,3.0,3.0,1
11851,1.0,1.0,21.0,2.5,-1.13,-1.88,3.0,3.0,1
11852,4.0,2.0,33.5,3.2,-0.32,-1.14,1.0,3.0,1
11857,1.0,2.0,25.0,2.5,-1.33,-0.97,3.0,2.0,0
11862,6.0,3.0,31.5,3.0,0.06,-0.61,3.0,5.0,1
11864,2.0,2.0,38.0,2.6,-0.78,-1.15,3.0,3.0,1
11867,5.0,4.0,38.0,3.1,0.01,-0.35,3.0,1.0,1
11868,10.0,10.0,40.0,4.0,1.44,1.72,3.0,2.0,1
11869,2.0,2.0,33.0,3.1,-1.03,-0.89,3.0,3.0,1
11872,2.0,2.0,43.0,2.5,-0.87,-1.01,3.0,4.0,1
11876,3.0,4.0,30.0,3.2,-0.46,-0.42,3.0,3.0,1
11877,5.0,6.0,33.5,3.3,-0.1,0.17,4.0,5.0,1
11880,3.0,4.0,36.5,2.3,-0.5,-0.5,4.0,3.0,1
11881,6.0,5.0,37.0,3.5,0.1,-0.18,4.0,3.0,1
11883,6.0,8.0,36.0,3.1,0.16,0.59,4.0,3.0,1
11887,8.0,7.0,30.5,3.2,0.71,0.45,4.0,5.0,1
11888,5.0,7.0,37.0,3.6,-0.02,0.4,4.0,3.0,1
11890,8.0,7.0,32.5,3.6,0.72,0.29,4.0,2.0,1
11893,8.0,9.0,33.0,3.0,0.69,0.94,4.0,4.0,1
11894,4.0,4.0,40.0,3.0,-0.29,-0.55,3.0,3.0,1
11896,1.0,1.0,30.0,2.9,-1.59,-1.68,5.0,3.0,0
11897,10.0,9.0,34.0,3.6,1.4,1.25,5.0,5.0,1
11904,1.0,1.0,11.0,3.0,-1.4,-1.55,1.0,5.0,0
11907,9.0,9.0,42.0,3.6,1.11,0.99,4.0,4.0,1
11909,7.0,9.0,41.0,3.6,0.42,0.89,5.0,6.0,1
11910,8.0,9.0,42.0,3.7,0.86,1.03,4.0,6.0,1
11911,9.0,9.0,33.0,3.7,1.2,1.02,3.0,2.0,1
11916,2.0,2.0,41.0,3.5,-0.83,-0.94,4.0,4.0,1
11917,3.0,2.0,41.0,3.2,-0.75,-1.03,3.0,5.0,1
11918,8.0,8.0,36.0,3.0,0.63,0.76,4.0,3.0,1
11923,9.0,10.0,31.0,3.7,1.12,1.31,4.0,4.0,1
11924,8.0,5.0,26.0,3.1,0.89,-0.21,3.0,1.0,1
11926,2.0,2.0,36.0,3.3,-0.76,-0.89,3.0,3.0,1
11929,4.0,5.0,37.0,3.1,-0.24,-0.02,4.0,4.0,1
11931,1.0,1.0,29.0,2.4,-1.68,-2.37,4.0,4.0,0
11933,10.0,9.0,37.0,3.0,1.47,0.95,3.0,3.0,1
11934,5.0,2.0,41.0,3.9,0.06,-0.92,2.0,6.0,1
11936,4.0,3.0,34.0,3.3,-0.39,-0.63,3.0,3.0,0
11938,10.0,10.0,42.0,3.6,1.45,1.56,3.0,5.0,1
11940,6.0,6.0,46.0,3.7,0.24,0.1,4.0,6.0,1
11944,5.0,4.0,34.0,2.4,-0.05,-0.35,3.0,4.0,1
11947,5.0,4.0,29.5,2.9,-0.07,-0.45,5.0,5.0,1
11952,8.0,9.0,36.0,3.7,0.89,1.15,5.0,4.0,1
11953,7.0,6.0,39.0,3.6,0.32,0.25,4.0,3.0,1
11958,2.0,1.0,36.0,3.0,-0.76,-1.36,4.0,5.0,1
11963,6.0,7.0,32.0,3.4,0.1,0.48,4.0,3.0,1
11965,9.0,9.0,36.0,3.9,1.12,1.07,4.0,4.0,1
11966,10.0,10.0,32.3,3.3,1.49,1.54,4.0,3.0,1
11970,9.0,9.0,36.0,3.7,1.1,1.17,3.0,4.0,1
11971,7.0,7.0,34.0,3.5,0.42,0.5,4.0,2.0,1
11973,8.0,8.0,39.0,3.1,0.61,0.58,3.0,3.0,1
11974,6.0,6.0,40.0,3.1,0.28,0.09,4.0,3.0,1
11975,10.0,10.0,44.0,3.7,2.12,2.43,3.0,3.0,1
11978,7.0,7.0,38.0,3.3,0.33,0.44,4.0,3.0,1
11980,7.0,6.0,34.0,3.1,0.36,0.01,4.0,2.0,1
11986,1.0,1.0,35.0,3.2,-1.27,-1.4,4.0,3.0,1
11988,4.0,4.0,34.0,3.8,-0.18,-0.3,3.0,4.0,1
11992,7.0,6.0,38.5,3.6,0.56,0.19,5.0,3.0,1
11996,4.0,5.0,39.0,2.5,-0.18,-0.25,3.0,3.0,1
11998,5.0,6.0,36.0,3.4,-0.01,0.04,3.0,5.0,1
12002,3.0,4.0,42.0,3.5,-0.52,-0.38,4.0,5.0,1
12004,5.0,6.0,33.0,3.4,-0.11,0.03,4.0,3.0,1
12007,6.0,7.0,34.0,3.8,0.11,0.31,3.0,4.0,1
12008,1.0,3.0,39.0,3.2,-1.34,-0.77,4.0,3.0,1
12011,4.0,4.0,47.0,3.4,-0.33,-0.42,5.0,6.0,1
12013,8.0,9.0,35.0,3.5,0.9,1.05,4.0,4.0,1
12019,3.0,3.0,45.0,2.9,-0.69,-0.79,4.0,4.0,1
12024,1.0,1.0,29.0,2.4,-1.86,-1.71,4.0,3.0,1
12026,10.0,9.0,25.0,3.6,1.73,0.96,4.0,1.0,1
12027,6.0,8.0,39.0,3.0,0.22,0.74,5.0,4.0,1
12029,1.0,1.0,36.0,3.1,-1.39,-2.16,3.0,5.0,0
12030,1.0,2.0,42.0,3.7,-1.6,-1.19,4.0,5.0,1
12037,1.0,1.0,26.0,4.0,-1.68,-1.72,2.0,4.0,0
12041,4.0,5.0,42.0,2.8,-0.35,-0.04,4.0,3.0,1
12043,7.0,6.0,43.0,3.1,0.55,0.08,4.0,4.0,1
12046,4.0,5.0,37.0,2.5,-0.37,-0.18,4.0,3.0,1
12052,1.0,1.0,36.0,3.7,-1.18,-1.93,2.0,4.0,0
12055,5.0,6.0,32.0,3.0,-0.09,0.06,4.0,2.0,1
12062,4.0,5.0,35.5,2.6,-0.35,-0.13,4.0,3.0,1
12065,7.0,8.0,35.0,3.2,0.46,0.61,3.0,3.0,1
12069,4.0,2.0,41.0,3.2,-0.47,-1.16,4.0,6.0,1
12072,10.0,10.0,43.0,4.0,2.0,1.87,2.0,3.0,1
12074,10.0,10.0,43.0,3.6,1.57,1.48,3.0,4.0,1
12076,7.0,9.0,32.0,3.5,0.36,0.9,4.0,3.0,1
12079,10.0,10.0,33.0,3.4,1.65,1.75,4.0,4.0,1
12080,6.0,8.0,38.0,3.5,0.2,0.7,4.0,5.0,1
12082,3.0,4.0,29.0,3.3,-0.44,-0.31,4.0,3.0,1
12084,7.0,6.0,39.0,2.9,0.49,0.2,5.0,5.0,1
12085,1.0,1.0,33.0,2.5,-1.6,-1.37,3.0,3.0,1
12087,8.0,8.0,44.0,3.1,0.64,0.56,4.0,4.0,1
12089,1.0,1.0,23.0,2.8,-1.65,-1.32,4.0,3.0,1
12093,6.0,6.0,30.5,3.1,0.09,0.21,2.0,2.0,1
12094,4.0,4.0,27.0,2.5,-0.27,-0.36,1.0,2.0,1
12098,3.0,5.0,46.0,3.3,-0.77,-0.12,4.0,6.0,1
12099,4.0,4.0,38.0,3.3,-0.29,-0.44,4.0,4.0,1
12103,9.0,9.0,35.0,3.2,1.26,0.95,4.0,3.0,1
12104,2.0,2.0,32.0,3.2,-1.01,-1.24,4.0,3.0,1
12106,9.0,9.0,37.0,3.0,1.07,0.94,5.0,3.0,1
12107,6.0,9.0,41.0,3.4,0.2,0.95,4.0,3.0,1
12112,8.0,9.0,43.0,3.0,0.6,1.22,4.0,5.0,1
12114,6.0,4.0,39.0,1.9,0.35,-0.53,3.0,1.0,1
12115,2.0,1.0,32.0,2.6,-1.03,-1.35,3.0,4.0,0
12117,5.0,5.0,36.0,3.5,-0.16,-0.05,3.0,3.0,1
12118,7.0,8.0,31.5,2.6,0.5,0.65,3.0,4.0,1
12122,1.0,1.0,36.0,2.9,-1.77,-1.9,4.0,3.0,0
12125,6.0,7.0,38.0,3.6,0.15,0.37,4.0,4.0,1
12128,3.0,5.0,42.0,3.2,-0.68,-0.09,4.0,5.0,1
12129,4.0,4.0,45.0,3.4,-0.45,-0.42,5.0,5.0,1
12132,4.0,6.0,38.0,2.9,-0.36,-0.02,4.0,3.0,1
12134,10.0,9.0,33.0,3.8,1.5,1.09,3.0,4.0,1
12136,4.0,3.0,39.0,3.7,-0.39,-0.67,3.0,4.0,1
12138,5.0,5.0,36.0,2.9,-0.11,-0.01,4.0,4.0,1
12139,10.0,9.0,42.0,3.8,1.56,0.94,4.0,6.0,1
12140,9.0,9.0,38.0,3.5,1.05,0.97,4.0,3.0,1
12141,10.0,9.0,33.0,2.9,1.62,1.01,4.0,2.0,1
12143,5.0,5.0,37.0,3.3,-0.09,-0.04,3.0,4.0,1
12145,6.0,6.0,45.0,3.7,0.27,0.15,4.0,5.0,1
12146,9.0,9.0,46.0,3.3,1.27,1.27,3.0,4.0,1
12152,5.0,3.0,31.3,3.5,-0.12,-0.65,2.0,3.0,1
12153,4.0,4.0,39.0,3.8,-0.27,-0.42,2.0,5.0,1
12154,4.0,3.0,25.0,2.4,-0.25,-0.6,3.0,1.0,0
12158,8.0,8.0,36.0,3.1,0.84,0.84,4.0,3.0,1
12160,10.0,10.0,42.0,3.5,2.5,2.05,4.0,3.0,1
12161,8.0,5.0,26.0,2.6,0.89,-0.14,4.0,1.0,1
12166,9.0,9.0,43.0,2.6,1.11,1.03,3.0,5.0,1
12167,8.0,10.0,37.0,3.8,0.85,1.54,3.0,3.0,1
12171,5.0,7.0,34.5,3.6,0.08,0.37,4.0,4.0,1
12178,7.0,9.0,36.0,3.1,0.46,1.04,5.0,3.0,1
12180,7.0,9.0,36.0,3.2,0.41,0.87,3.0,5.0,1
12181,7.0,9.0,41.0,3.7,0.57,1.15,4.0,4.0,1
12189,10.0,9.0,37.5,3.6,1.5,1.0,4.0,3.0,1
12192,2.0,1.0,40.0,3.0,-0.77,-1.64,3.0,4.0,1
12193,8.0,9.0,29.0,3.2,0.58,1.0,4.0,2.0,1
12194,6.0,4.0,39.0,2.5,0.2,-0.47,4.0,5.0,1
12196,4.0,4.0,41.0,3.7,-0.21,-0.23,2.0,6.0,1
12198,3.0,2.0,35.0,3.8,-0.55,-1.06,3.0,4.0,0
12199,4.0,3.0,39.0,3.2,-0.2,-0.57,5.0,3.0,1
12200,9.0,10.0,29.0,3.4,1.21,1.59,4.0,2.0,1
12201,5.0,7.0,33.0,3.2,0.04,0.37,3.0,3.0,1
12204,2.0,2.0,40.0,2.9,-0.79,-1.23,3.0,3.0,1
12206,5.0,5.0,37.0,2.1,-0.01,-0.16,4.0,2.0,1
12207,9.0,7.0,39.0,3.0,0.9,0.32,4.0,4.0,1
12209,3.0,4.0,36.0,3.4,-0.63,-0.47,4.0,3.0,1
12210,10.0,10.0,48.0,3.1,1.99,2.42,4.0,4.0,1
12212,9.0,7.0,32.0,3.0,1.04,0.42,5.0,2.0,1
12213,9.0,6.0,37.0,2.2,1.0,0.11,4.0,4.0,1
12216,2.0,2.0,30.5,3.7,-0.91,-1.05,2.0,6.0,0
12217,6.0,7.0,36.0,3.4,0.2,0.43,4.0,3.0,1
12219,1.0,2.0,43.0,3.4,-1.33,-1.0,3.0,4.0,1
12220,3.0,4.0,32.0,2.8,-0.58,-0.49,4.0,3.0,1
12221,8.0,7.0,43.0,3.4,0.71,0.51,3.0,4.0,1
12224,6.0,5.0,41.0,2.8,0.25,-0.08,4.0,5.0,1
12225,9.0,10.0,37.0,3.7,1.04,1.79,5.0,5.0,1
12226,1.0,3.0,34.5,2.5,-1.3,-0.73,4.0,3.0,0
12227,8.0,7.0,40.0,3.8,0.75,0.41,3.0,4.0,1
12229,3.0,4.0,37.0,3.9,-0.72,-0.42,3.0,4.0,1
12230,5.0,7.0,32.0,3.6,-0.03,0.38,5.0,5.0,1
12231,6.0,4.0,37.0,3.5,0.26,-0.45,3.0,3.0,1
12234,2.0,1.0,41.0,3.7,-1.0,-2.03,2.0,4.0,1
12239,7.0,7.0,29.0,3.6,0.44,0.44,3.0,3.0,1
12240,9.0,10.0,34.0,3.6,1.28,1.55,4.0,5.0,1
12241,1.0,2.0,34.0,2.7,-1.11,-1.02,4.0,2.0,0
12243,1.0,1.0,25.0,2.8,-2.22,-2.17,4.0,4.0,0
12245,1.0,1.0,27.0,3.2,-2.01,-2.16,3.0,5.0,0
12246,10.0,10.0,39.0,4.0,1.59,1.62,4.0,4.0,1
12247,9.0,10.0,35.0,3.4,1.12,1.39,3.0,5.0,1
12250,10.0,10.0,37.0,3.7,1.4,1.44,4.0,3.0,1
12251,3.0,2.0,34.0,3.2,-0.48,-1.19,3.0,3.0,1
12255,1.0,1.0,29.0,2.8,-1.56,-1.53,2.0,4.0,1
12256,5.0,4.0,39.0,3.3,-0.11,-0.3,4.0,3.0,1
12257,8.0,6.0,37.0,3.5,0.78,0.17,4.0,3.0,1
12258,2.0,3.0,40.0,3.7,-1.06,-0.82,3.0,3.0,1
12259,10.0,10.0,40.0,2.6,1.46,1.65,4.0,3.0,1
12262,4.0,4.0,46.0,3.5,-0.39,-0.44,4.0,5.0,1
12263,3.0,9.0,44.0,3.6,-0.58,0.84,4.0,6.0,1
12264,5.0,3.0,40.0,2.6,-0.17,-0.64,4.0,2.0,1
12265,7.0,7.0,33.5,3.2,0.44,0.49,4.0,2.0,1
12266,3.0,4.0,34.5,3.0,-0.55,-0.48,4.0,5.0,0
12267,7.0,5.0,40.0,3.7,0.39,-0.15,4.0,3.0,1
12274,1.0,2.0,36.0,3.8,-1.23,-1.04,4.0,3.0,0
12278,6.0,3.0,30.0,2.5,0.3,-0.82,5.0,3.0,1
12279,1.0,2.0,27.0,3.5,-1.4,-1.06,4.0,3.0,0
12280,8.0,8.0,35.0,3.5,0.75,0.77,4.0,4.0,1
12284,4.0,5.0,35.0,3.1,-0.37,-0.07,2.0,4.0,0
12287,6.0,4.0,38.0,3.2,0.08,-0.48,4.0,3.0,1
12290,3.0,4.0,40.0,2.8,-0.46,-0.54,3.0,3.0,1
12294,5.0,4.0,34.0,3.3,-0.08,-0.48,2.0,4.0,1
12296,10.0,10.0,37.0,2.6,1.4,1.65,3.0,3.0,1
12297,8.0,7.0,33.5,3.7,0.71,0.48,3.0,3.0,1
12298,3.0,5.0,46.0,3.8,-0.73,-0.15,2.0,6.0,1
12300,10.0,10.0,39.0,3.6,1.9,2.41,4.0,3.0,1
12303,7.0,6.0,44.0,3.5,0.35,0.28,3.0,4.0,1
12306,9.0,9.0,44.0,3.3,1.06,1.22,3.0,4.0,1
12308,10.0,10.0,32.0,3.8,1.62,2.04,3.0,4.0,1
12309,7.0,8.0,38.0,3.7,0.52,0.78,3.0,6.0,1
12310,1.0,1.0,41.0,3.5,-1.86,-2.02,4.0,4.0,1
12316,3.0,4.0,34.0,3.1,-0.66,-0.33,1.0,4.0,1
12317,6.0,5.0,48.0,2.8,0.14,-0.16,4.0,4.0,1
12318,10.0,10.0,37.0,3.4,2.71,2.21,3.0,3.0,1
12319,5.0,7.0,39.0,3.7,0.09,0.38,4.0,4.0,1
12320,10.0,10.0,40.0,3.3,1.33,1.48,4.0,3.0,1
12322,6.0,8.0,32.0,3.4,0.31,0.63,4.0,4.0,1
12330,7.0,10.0,32.5,3.0,0.51,1.56,4.0,4.0,1
12332,2.0,1.0,34.5,3.0,-0.9,-1.44,4.0,5.0,1
12335,8.0,8.0,42.0,3.5,0.83,0.72,3.0,4.0,1
12336,10.0,10.0,44.0,3.2,1.66,1.3,4.0,6.0,1
12337,4.0,4.0,41.0,3.6,-0.36,-0.44,3.0,4.0,1
12338,7.0,4.0,31.0,2.8,0.51,-0.47,4.0,3.0,0
12340,8.0,6.0,38.0,3.3,0.66,0.26,4.0,5.0,1
12341,9.0,10.0,31.0,3.6,1.19,1.35,3.0,4.0,1
12347,6.0,6.0,44.0,3.2,0.3,0.12,4.0,4.0,1
12348,2.0,2.0,41.0,3.2,-1.08,-1.29,3.0,5.0,1
12349,3.0,5.0,39.0,3.4,-0.7,-0.24,5.0,5.0,1
12351,10.0,10.0,48.0,3.7,2.18,2.01,4.0,6.0,1
12353,7.0,5.0,36.0,3.2,0.39,-0.21,3.0,4.0,1
12356,7.0,4.0,28.0,2.0,0.51,-0.53,4.0,4.0,0
12358,10.0,10.0,44.0,3.4,2.24,2.47,4.0,5.0,1
12360,8.0,9.0,46.0,3.1,0.82,1.26,3.0,4.0,1
12361,1.0,1.0,32.0,3.5,-1.59,-1.82,3.0,6.0,1
12362,6.0,7.0,43.0,3.8,0.31,0.55,4.0,4.0,1
12366,6.0,6.0,36.5,3.3,0.26,0.19,5.0,3.0,1
12368,3.0,4.0,30.0,3.8,-0.65,-0.47,2.0,4.0,1
12372,3.0,5.0,38.0,3.3,-0.57,-0.13,1.0,4.0,1
12373,8.0,9.0,36.0,3.0,0.7,1.3,4.0,3.0,1
12375,1.0,1.0,27.0,2.9,-1.95,-2.1,2.0,4.0,1
12380,8.0,7.0,36.0,3.4,0.83,0.34,3.0,3.0,1
12381,6.0,3.0,34.0,3.1,0.15,-0.85,3.0,4.0,1
12384,2.0,2.0,29.0,2.9,-1.03,-1.13,5.0,3.0,0
12386,5.0,6.0,35.0,3.0,-0.07,0.22,4.0,3.0,1
12388,9.0,9.0,39.0,3.3,1.3,0.88,4.0,4.0,1
12389,3.0,3.0,35.0,3.4,-0.52,-0.61,3.0,3.0,1
12391,8.0,8.0,35.0,3.5,0.62,0.68,4.0,4.0,1
12393,2.0,1.0,44.0,2.9,-1.13,-1.83,4.0,4.0,1
12394,6.0,8.0,39.0,3.1,0.11,0.79,4.0,4.0,1
12395,10.0,10.0,39.0,3.9,1.41,1.71,3.0,2.0,1
12399,7.0,7.0,38.0,3.1,0.54,0.38,4.0,3.0,1
12405,5.0,8.0,37.0,3.5,-0.1,0.56,3.0,2.0,1
12407,10.0,4.0,40.5,3.9,1.45,-0.38,3.0,6.0,1
12411,7.0,6.0,29.0,3.5,0.53,0.19,4.0,2.0,1
12412,4.0,4.0,33.5,3.5,-0.35,-0.5,4.0,3.0,1
12414,10.0,10.0,41.0,3.3,1.33,1.55,4.0,4.0,1
12415,6.0,8.0,34.0,3.6,0.11,0.75,4.0,3.0,1
12416,2.0,2.0,40.0,3.6,-0.78,-1.04,4.0,4.0,1
12417,1.0,1.0,33.0,3.4,-1.61,-1.98,2.0,2.0,0
12418,5.0,3.0,36.0,3.4,-0.11,-0.57,4.0,3.0,1
12420,6.0,7.0,41.0,2.8,0.33,0.47,4.0,4.0,1
12421,9.0,10.0,39.0,3.5,1.21,1.5,5.0,4.0,1
12422,5.0,7.0,33.0,3.2,-0.03,0.39,3.0,2.0,1
12423,6.0,7.0,40.0,3.5,0.15,0.42,4.0,3.0,1
12424,1.0,1.0,36.0,3.5,-1.19,-1.38,4.0,3.0,1
12425,7.0,7.0,37.0,3.0,0.39,0.43,3.0,3.0,1
12428,3.0,2.0,36.0,3.2,-0.45,-1.13,4.0,4.0,1
12429,9.0,9.0,41.0,3.6,1.05,0.94,3.0,3.0,1
12432,9.0,10.0,42.0,2.6,1.21,1.39,3.0,5.0,1
12433,9.0,9.0,39.0,3.2,1.28,1.05,4.0,3.0,1
12435,6.0,3.0,33.0,3.3,0.14,-0.67,4.0,4.0,1
12437,1.0,2.0,48.0,3.7,-1.36,-1.18,4.0,5.0,1
12438,10.0,10.0,39.0,3.5,2.85,2.94,3.0,4.0,1
12439,5.0,4.0,43.0,3.9,-0.01,-0.28,4.0,6.0,1
12442,9.0,8.0,48.0,3.4,1.26,0.63,4.0,3.0,1
12444,9.0,9.0,39.0,3.8,0.97,1.15,4.0,5.0,1
12447,5.0,7.0,43.0,3.7,0.0,0.51,2.0,5.0,1
12449,4.0,5.0,32.0,2.8,-0.38,-0.21,4.0,3.0,1
12450,8.0,7.0,36.0,2.8,0.71,0.48,4.0,5.0,1
12451,8.0,6.0,47.0,3.5,0.62,0.24,4.0,5.0,1
12452,1.0,1.0,40.0,2.8,-1.57,-1.45,4.0,5.0,1
12454,1.0,1.0,26.0,3.2,-1.21,-1.89,1.0,5.0,0
12455,6.0,5.0,34.0,3.3,0.22,-0.25,3.0,3.0,1
12457,7.0,5.0,37.0,3.5,0.47,-0.1,3.0,3.0,1
12461,3.0,6.0,35.0,3.1,-0.51,0.17,3.0,3.0,1
12462,9.0,10.0,44.0,3.4,0.97,1.27,4.0,6.0,1
12465,9.0,9.0,36.0,3.3,0.93,0.93,4.0,3.0,1
12467,2.0,3.0,35.0,3.1,-0.88,-0.59,3.0,4.0,1
12468,4.0,6.0,33.0,3.4,-0.21,-0.03,3.0,2.0,1
12469,8.0,9.0,30.0,3.2,0.86,0.97,4.0,3.0,1
12470,6.0,5.0,36.0,3.3,0.06,-0.16,2.0,3.0,1
12472,5.0,6.0,43.0,3.8,-0.08,0.06,4.0,6.0,1
12475,6.0,6.0,39.0,3.2,0.17,0.26,5.0,5.0,1
12478,1.0,1.0,32.0,3.4,-1.78,-1.73,4.0,4.0,1
12482,5.0,5.0,41.0,3.4,0.08,-0.21,3.0,4.0,1
12483,6.0,6.0,43.0,3.0,0.19,0.21,4.0,4.0,1
12484,3.0,2.0,25.0,3.1,-0.58,-1.28,5.0,1.0,1
12486,5.0,8.0,35.0,3.8,-0.06,0.57,3.0,4.0,1
12491,7.0,6.0,40.0,3.2,0.55,0.01,2.0,2.0,0
12492,8.0,5.0,32.0,2.9,0.8,-0.16,5.0,3.0,1
12494,6.0,4.0,32.0,3.3,0.13,-0.3,2.0,3.0,1
12495,5.0,4.0,34.0,2.8,-0.15,-0.36,2.0,2.0,1
12498,1.0,1.0,28.0,3.7,-2.35,-1.95,1.0,4.0,0
12499,9.0,9.0,26.7,2.2,1.24,0.92,3.0,1.0,1
12501,7.0,8.0,36.0,3.0,0.36,0.73,4.0,3.0,1
12504,10.0,10.0,47.0,3.2,1.82,1.73,3.0,4.0,1
12505,9.0,10.0,40.0,3.1,1.0,1.57,3.0,5.0,1
12507,1.0,2.0,33.0,3.0,-1.35,-0.97,3.0,4.0,1
12509,3.0,2.0,41.0,3.1,-0.61,-0.86,3.0,5.0,1
12520,8.0,8.0,43.0,3.5,0.83,0.66,4.0,6.0,1
12522,1.0,3.0,31.5,3.0,-1.6,-0.75,3.0,2.0,0
12524,6.0,9.0,40.0,3.6,0.17,1.24,3.0,1.0,1
12525,7.0,7.0,37.0,2.1,0.36,0.26,3.0,2.0,1
12526,3.0,3.0,30.0,3.5,-0.71,-0.74,3.0,2.0,1
12527,9.0,10.0,35.0,3.2,0.99,1.55,4.0,3.0,1
12529,4.0,4.0,33.0,2.5,-0.37,-0.31,2.0,5.0,1
12530,2.0,2.0,24.0,2.8,-1.08,-1.25,1.0,3.0,1
12531,6.0,5.0,38.0,2.9,0.24,-0.12,3.0,3.0,1
12532,3.0,4.0,31.3,3.0,-0.6,-0.34,4.0,3.0,1
12534,1.0,2.0,24.0,3.1,-1.18,-1.23,1.0,3.0,0
12536,3.0,6.0,43.0,3.1,-0.43,0.04,4.0,3.0,1
12537,3.0,7.0,42.0,3.0,-0.43,0.3,5.0,3.0,1
12541,4.0,6.0,26.7,3.1,-0.22,0.04,4.0,3.0,0
12542,3.0,3.0,33.0,3.4,-0.5,-0.64,4.0,5.0,1
12550,5.0,5.0,30.0,3.4,0.05,-0.06,4.0,3.0,1
12552,8.0,7.0,42.0,3.6,0.56,0.41,1.0,5.0,1
12554,10.0,10.0,48.0,3.7,2.42,2.16,3.0,6.0,1
12558,4.0,2.0,40.0,2.9,-0.18,-1.02,3.0,4.0,1
12561,8.0,7.0,33.0,3.5,0.58,0.45,4.0,5.0,1
12562,8.0,8.0,42.0,3.6,0.7,0.81,2.0,4.0,1
12569,5.0,10.0,45.0,3.1,0.05,1.58,3.0,3.0,1
12573,4.0,4.0,42.5,3.6,-0.37,-0.45,3.0,6.0,1
12574,10.0,10.0,42.0,3.8,1.62,1.76,4.0,3.0,1
12576,7.0,7.0,40.0,3.6,0.61,0.46,3.0,4.0,1
12577,9.0,8.0,40.0,2.6,1.02,0.75,4.0,4.0,1
12579,10.0,10.0,31.0,3.9,1.4,1.35,3.0,3.0,1
12582,5.0,5.0,28.5,3.6,0.0,-0.05,4.0,3.0,1
12583,5.0,3.0,34.0,3.8,-0.06,-0.58,2.0,3.0,1
12585,7.0,6.0,33.0,3.5,0.32,0.23,4.0,3.0,1
12587,3.0,3.0,40.0,3.5,-0.61,-0.87,4.0,4.0,1
12589,4.0,3.0,32.5,3.0,-0.19,-0.82,5.0,3.0,1
12590,6.0,3.0,36.0,2.7,0.15,-0.69,5.0,4.0,1
12591,5.0,4.0,38.0,3.0,0.0,-0.35,5.0,3.0,1
12595,2.0,3.0,41.0,2.7,-0.92,-0.54,4.0,4.0,1
12597,7.0,7.0,40.0,3.4,0.36,0.36,4.0,3.0,0
12598,9.0,9.0,46.0,3.8,1.02,0.88,4.0,6.0,1
12603,10.0,10.0,42.0,2.3,1.66,2.04,3.0,2.0,1
12604,1.0,1.0,45.0,3.7,-1.29,-1.46,4.0,4.0,1
12605,8.0,7.0,39.0,3.0,0.62,0.48,3.0,3.0,1
12606,9.0,10.0,41.0,3.7,1.17,1.42,4.0,3.0,1
12609,10.0,10.0,26.0,2.6,1.33,1.59,1.0,1.0,1
12612,3.0,2.0,34.0,2.5,-0.61,-1.15,3.0,4.0,1
12617,1.0,1.0,36.0,3.3,-1.93,-1.89,1.0,5.0,1
12618,3.0,4.0,36.0,3.1,-0.67,-0.43,4.0,3.0,1
12619,4.0,5.0,41.0,3.7,-0.35,-0.12,4.0,5.0,1
12620,8.0,9.0,41.0,3.4,0.62,0.92,4.0,4.0,1
12622,8.0,8.0,34.0,2.9,0.82,0.68,3.0,2.0,1
12623,10.0,4.0,41.5,3.3,1.83,-0.4,5.0,6.0,1
12624,2.0,4.0,41.0,3.7,-1.14,-0.38,4.0,4.0,1
12627,9.0,9.0,39.0,3.3,1.17,1.01,4.0,3.0,1
12628,2.0,1.0,34.5,3.4,-0.95,-1.37,3.0,3.0,1
12630,3.0,4.0,40.0,3.0,-0.63,-0.53,4.0,3.0,1
12633,9.0,8.0,44.0,3.5,1.27,0.83,4.0,5.0,1
12635,9.0,10.0,44.0,3.5,1.06,1.55,4.0,4.0,1
12636,4.0,5.0,35.0,3.5,-0.41,-0.25,2.0,3.0,1
12637,6.0,7.0,47.0,3.5,0.27,0.27,3.0,6.0,1
12639,6.0,5.0,33.0,3.0,0.09,-0.28,4.0,2.0,1
12641,6.0,7.0,41.0,2.8,0.19,0.28,3.0,3.0,1
12643,7.0,9.0,35.0,2.7,0.34,1.09,3.0,2.0,1
12644,10.0,10.0,44.0,2.9,1.59,1.42,3.0,4.0,1
12646,10.0,10.0,37.0,3.7,1.35,1.34,4.0,4.0,1
12648,10.0,8.0,40.0,3.7,1.45,0.73,4.0,3.0,1
12649,5.0,3.0,33.0,2.9,-0.03,-0.62,4.0,4.0,1
12650,6.0,6.0,39.0,3.2,0.2,0.18,2.0,6.0,1
12652,5.0,7.0,37.0,2.5,-0.01,0.51,4.0,3.0,1
12653,5.0,6.0,35.0,3.4,0.02,0.17,2.0,4.0,1
12654,7.0,5.0,36.0,3.0,0.57,-0.22,4.0,4.0,1
12655,2.0,2.0,40.0,3.2,-1.07,-0.9,3.0,4.0,1
12656,5.0,2.0,29.0,3.5,0.04,-0.92,2.0,4.0,1
12659,8.0,5.0,38.0,3.5,0.62,-0.11,3.0,3.0,1
12661,2.0,1.0,32.0,3.2,-0.75,-1.33,3.0,3.0,1
12662,5.0,4.0,30.0,3.1,-0.1,-0.37,4.0,4.0,0
12667,2.0,2.0,35.0,2.8,-0.72,-1.15,5.0,3.0,0
12669,1.0,1.0,33.0,3.2,-2.0,-2.51,3.0,4.0,1
12670,3.0,8.0,44.0,3.5,-0.52,0.68,3.0,5.0,1
12671,5.0,6.0,39.0,3.2,0.01,0.02,5.0,4.0,1
12672,6.0,7.0,33.0,3.5,0.28,0.32,4.0,3.0,1
12674,4.0,2.0,39.0,3.5,-0.41,-1.26,4.0,3.0,1
12678,2.0,2.0,36.5,2.3,-1.01,-1.22,4.0,3.0,1
12680,9.0,9.0,32.0,3.5,1.04,1.05,3.0,5.0,1
12682,7.0,2.0,29.7,2.5,0.35,-0.93,4.0,5.0,1
12683,5.0,2.0,40.0,3.1,-0.06,-1.27,4.0,4.0,1
12685,2.0,3.0,38.0,3.7,-0.73,-0.78,3.0,3.0,1
12688,10.0,10.0,37.0,2.8,1.35,1.57,4.0,3.0,1
12690,8.0,8.0,35.0,3.5,0.76,0.78,4.0,3.0,1
12694,3.0,2.0,34.0,2.3,-0.54,-1.21,3.0,4.0,0
12695,4.0,4.0,34.0,3.1,-0.32,-0.46,5.0,5.0,1
12696,9.0,9.0,48.0,3.9,0.89,0.99,4.0,5.0,1
12697,5.0,6.0,37.0,3.4,-0.03,0.13,5.0,3.0,1
12699,7.0,6.0,30.0,3.3,0.44,0.13,3.0,2.0,0
12700,9.0,9.0,34.0,3.2,1.12,1.19,4.0,3.0,1
12703,4.0,1.0,39.0,3.8,-0.33,-1.32,4.0,3.0,0
12704,9.0,9.0,42.0,3.2,1.05,1.29,4.0,3.0,1
12706,3.0,2.0,43.0,3.2,-0.57,-0.96,4.0,4.0,1
12709,3.0,3.0,39.0,3.2,-0.6,-0.85,3.0,4.0,1
12710,9.0,8.0,38.0,3.1,0.93,0.64,4.0,3.0,1
12711,3.0,3.0,36.0,3.3,-0.54,-0.63,4.0,3.0,0
12712,6.0,5.0,43.0,3.5,0.19,0.02,4.0,5.0,1
12713,8.0,7.0,35.5,3.3,0.64,0.4,4.0,3.0,1
12716,7.0,6.0,36.0,3.2,0.37,0.15,4.0,4.0,1
12717,6.0,5.0,32.0,2.9,0.17,-0.21,3.0,3.0,1
12718,5.0,7.0,45.0,3.4,-0.03,0.48,5.0,4.0,1
12720,6.0,2.0,24.0,3.0,0.35,-1.22,2.0,1.0,0
12725,1.0,2.0,33.0,3.5,-1.12,-1.1,4.0,3.0,1
12726,8.0,8.0,39.0,3.4,0.87,0.76,3.0,3.0,1
12727,7.0,5.0,42.0,3.0,0.4,-0.13,4.0,3.0,1
12728,2.0,1.0,34.0,3.2,-0.96,-1.42,1.0,3.0,1
12734,6.0,5.0,38.0,3.5,0.19,-0.26,2.0,3.0,1
12735,6.0,6.0,34.0,2.9,0.2,0.05,3.0,4.0,1
12736,1.0,1.0,46.0,2.9,-1.62,-2.01,4.0,4.0,1
12738,9.0,10.0,45.0,3.6,1.04,1.43,4.0,4.0,1
12739,5.0,5.0,41.0,3.6,0.01,-0.1,4.0,5.0,1
12742,8.0,9.0,43.0,2.9,0.81,0.87,1.0,5.0,1
12747,2.0,3.0,32.0,3.1,-0.99,-0.67,3.0,2.0,1
12748,5.0,3.0,27.0,3.4,-0.19,-0.76,3.0,5.0,1
12749,5.0,4.0,38.0,3.1,-0.04,-0.31,4.0,5.0,1
12750,8.0,8.0,30.0,2.3,0.75,0.73,3.0,1.0,1
12751,4.0,3.0,38.0,3.2,-0.2,-0.7,4.0,3.0,1
12759,6.0,5.0,31.0,3.0,0.17,-0.08,3.0,3.0,1
12761,1.0,4.0,38.0,3.2,-1.46,-0.48,3.0,5.0,1
12763,1.0,1.0,27.0,2.5,-2.18,-2.19,3.0,3.0,1
12764,4.0,2.0,38.0,3.3,-0.36,-0.89,3.0,3.0,1
12772,7.0,9.0,41.0,3.6,0.35,1.05,5.0,4.0,1
12774,4.0,6.0,44.0,3.9,-0.23,0.2,4.0,6.0,1
12775,1.0,1.0,37.0,2.0,-1.63,-1.68,4.0,2.0,0
12776,6.0,3.0,44.0,3.4,0.12,-0.62,3.0,4.0,1
12777,9.0,8.0,43.0,3.3,1.07,0.81,4.0,4.0,1
12778,10.0,9.0,38.0,3.1,1.35,1.11,3.0,5.0,1
12779,4.0,4.0,38.0,3.5,-0.41,-0.5,4.0,4.0,1
12780,2.0,3.0,45.0,3.6,-1.07,-0.52,3.0,6.0,1
12782,2.0,3.0,42.0,3.1,-1.08,-0.67,3.0,4.0,1
12785,9.0,10.0,39.0,2.6,1.16,1.47,3.0,4.0,1
12786,1.0,1.0,42.0,3.6,-2.42,-2.02,3.0,5.0,1
12787,5.0,3.0,40.0,3.6,-0.08,-0.62,4.0,5.0,1
12789,6.0,5.0,29.5,3.6,0.17,-0.11,3.0,5.0,1
12790,1.0,1.0,42.0,3.3,-1.57,-2.13,2.0,4.0,1
12791,4.0,4.0,31.0,3.5,-0.29,-0.48,4.0,4.0,0
12793,4.0,3.0,40.0,2.4,-0.31,-0.68,4.0,3.0,1
12795,8.0,8.0,36.0,3.2,0.68,0.76,3.0,3.0,1
12796,1.0,3.0,33.0,3.2,-1.13,-0.8,2.0,3.0,1
12799,9.0,10.0,43.0,2.3,1.08,1.41,3.0,2.0,1
12804,2.0,3.0,34.0,3.1,-0.99,-0.86,3.0,3.0,1
12805,3.0,2.0,39.0,3.7,-0.71,-0.95,3.0,5.0,1
12808,7.0,2.0,33.0,3.4,0.33,-0.9,3.0,3.0,1
12809,1.0,1.0,31.0,2.4,-1.52,-1.57,4.0,2.0,1
12823,6.0,6.0,34.0,3.5,0.17,0.05,4.0,3.0,1
12824,6.0,8.0,36.0,3.4,0.27,0.55,5.0,3.0,1
12825,7.0,5.0,47.0,3.5,0.39,-0.05,4.0,5.0,1
12827,3.0,5.0,35.0,3.6,-0.49,-0.15,4.0,4.0,1
12831,8.0,8.0,42.0,3.5,0.88,0.6,2.0,4.0,1
12832,7.0,8.0,45.0,2.9,0.37,0.84,4.0,3.0,1
12835,5.0,4.0,31.0,3.2,0.04,-0.41,4.0,4.0,1
12836,10.0,10.0,41.0,3.6,2.05,1.69,3.0,3.0,1
12842,10.0,10.0,42.0,3.4,1.94,1.97,5.0,5.0,1
12846,4.0,5.0,42.0,3.1,-0.18,-0.13,3.0,4.0,1
12849,8.0,9.0,40.0,3.0,0.8,0.97,3.0,3.0,1
12852,8.0,9.0,37.0,4.0,0.87,1.1,4.0,6.0,1
12854,3.0,3.0,39.0,3.4,-0.56,-0.64,2.0,4.0,1
12855,5.0,7.0,41.0,3.8,-0.04,0.39,5.0,6.0,1
12857,4.0,2.0,34.0,3.1,-0.24,-1.26,3.0,5.0,1
12858,4.0,7.0,26.7,3.3,-0.41,0.28,4.0,3.0,1
12859,1.0,1.0,32.0,3.6,-1.86,-1.79,3.0,4.0,1
12863,10.0,10.0,38.0,2.4,1.57,1.5,3.0,3.0,1
12865,2.0,2.0,23.0,2.4,-0.98,-1.22,4.0,1.0,0
12866,4.0,4.0,39.0,2.8,-0.42,-0.42,4.0,3.0,1
12867,10.0,10.0,42.0,3.5,1.63,1.48,4.0,4.0,1
12869,1.0,1.0,40.0,3.5,-1.21,-1.77,4.0,4.0,0
12870,5.0,5.0,39.0,2.8,-0.01,-0.16,4.0,3.0,1
12871,4.0,5.0,39.0,3.6,-0.28,-0.05,4.0,4.0,1
12872,2.0,3.0,33.0,3.0,-1.08,-0.8,4.0,6.0,0
12873,10.0,10.0,37.0,3.5,1.95,1.99,4.0,3.0,1
12874,2.0,3.0,36.5,3.5,-0.87,-0.81,3.0,3.0,1
12875,8.0,8.0,37.0,3.2,0.65,0.57,4.0,3.0,1
12878,6.0,8.0,31.5,3.2,0.12,0.61,4.0,4.0,1
12884,6.0,4.0,37.0,2.7,0.21,-0.34,3.0,4.0,0
12885,8.0,8.0,31.0,3.3,0.85,0.66,3.0,3.0,1
12886,4.0,6.0,36.0,2.5,-0.21,0.13,3.0,2.0,0
12887,8.0,7.0,31.0,3.6,0.77,0.43,4.0,4.0,1
12888,5.0,4.0,31.0,3.4,-0.16,-0.36,4.0,5.0,1
12889,7.0,7.0,44.0,3.6,0.46,0.34,2.0,5.0,1
12898,3.0,2.0,30.0,2.7,-0.5,-1.1,4.0,2.0,1
12901,6.0,6.0,38.0,2.9,0.12,0.0,4.0,3.0,0
12909,2.0,2.0,37.0,3.3,-0.71,-0.95,1.0,3.0,1
12910,3.0,5.0,38.0,2.4,-0.66,-0.12,3.0,3.0,1
12912,5.0,7.0,34.0,3.4,0.0,0.49,3.0,6.0,1
12916,4.0,2.0,37.0,3.1,-0.35,-0.89,2.0,5.0,0
12917,5.0,6.0,34.0,3.6,0.03,0.2,4.0,2.0,1
12920,2.0,4.0,27.0,3.2,-0.71,-0.55,3.0,3.0,0
12921,2.0,3.0,30.0,3.4,-1.0,-0.66,4.0,2.0,1
12922,5.0,4.0,40.0,3.7,0.02,-0.42,4.0,6.0,1
12923,6.0,8.0,31.0,3.2,0.24,0.62,5.0,3.0,1
12924,7.0,5.0,46.0,3.5,0.41,-0.16,3.0,5.0,1
12927,7.0,8.0,40.0,3.5,0.46,0.76,4.0,4.0,1
12929,3.0,3.0,36.0,2.9,-0.59,-0.8,3.0,4.0,1
12930,9.0,9.0,32.0,3.4,0.98,1.14,4.0,3.0,1
12932,7.0,6.0,39.0,3.6,0.4,0.2,4.0,6.0,1
12934,7.0,4.0,36.0,3.0,0.39,-0.52,4.0,3.0,1
12936,7.0,7.0,29.5,3.6,0.55,0.37,3.0,5.0,1
12938,10.0,8.0,38.0,3.2,1.45,0.78,4.0,3.0,1
12943,4.0,3.0,38.0,3.0,-0.38,-0.81,4.0,4.0,1
12945,6.0,7.0,41.0,3.3,0.26,0.39,3.0,4.0,1
12946,1.0,1.0,32.0,2.6,-1.22,-1.71,4.0,3.0,0
12948,6.0,5.0,44.0,3.7,0.27,0.02,3.0,5.0,1
12949,2.0,1.0,32.0,3.2,-1.02,-1.61,3.0,5.0,1
12950,9.0,9.0,41.0,3.1,0.87,1.05,4.0,3.0,1
12951,3.0,4.0,47.0,3.3,-0.56,-0.33,3.0,6.0,1
12953,3.0,2.0,39.0,3.4,-0.73,-0.97,3.0,4.0,1
12954,4.0,3.0,38.0,3.6,-0.19,-0.67,4.0,4.0,1
12955,3.0,6.0,35.0,3.0,-0.55,0.03,1.0,5.0,1
12961,4.0,1.0,37.0,3.3,-0.43,-1.42,4.0,6.0,1
12962,2.0,2.0,44.0,3.8,-0.99,-0.86,3.0,5.0,1
12970,1.0,2.0,38.0,2.8,-1.14,-0.94,4.0,3.0,1
12971,3.0,2.0,23.5,3.6,-0.52,-0.95,4.0,1.0,0
12977,3.0,4.0,34.0,3.2,-0.44,-0.32,4.0,3.0,1
12979,3.0,3.0,34.5,3.3,-0.54,-0.63,3.0,4.0,0
12980,10.0,10.0,36.0,3.6,2.1,1.96,4.0,3.0,1
12983,10.0,10.0,48.0,3.4,2.4,2.27,4.0,5.0,1
12986,10.0,10.0,30.5,3.6,1.54,1.73,3.0,3.0,1
12987,4.0,3.0,35.0,3.6,-0.42,-0.87,4.0,3.0,1
12988,1.0,2.0,35.0,3.5,-1.19,-1.05,4.0,3.0,1
12993,5.0,5.0,37.0,3.1,0.0,-0.24,4.0,3.0,1
12994,8.0,7.0,40.5,3.4,0.83,0.41,3.0,5.0,1
13000,2.0,3.0,37.0,3.4,-0.86,-0.85,3.0,4.0,1
13003,5.0,4.0,39.0,3.4,0.01,-0.4,4.0,3.0,1
13004,4.0,2.0,38.0,2.8,-0.27,-0.89,3.0,3.0,1
13005,10.0,9.0,42.0,3.7,1.82,1.22,2.0,2.0,1
13007,1.0,1.0,32.0,2.2,-1.74,-2.05,4.0,3.0,0
13009,9.0,8.0,44.0,3.2,1.18,0.83,4.0,4.0,1
13010,5.0,5.0,39.0,3.1,-0.03,-0.2,4.0,3.0,1
13011,6.0,8.0,34.0,3.6,0.27,0.81,3.0,3.0,1
13014,8.0,8.0,46.0,3.3,0.6,0.75,4.0,5.0,1
13017,10.0,10.0,39.0,2.7,1.42,1.72,4.0,2.0,1
13022,4.0,5.0,37.0,2.9,-0.24,-0.06,4.0,3.0,1
13030,5.0,4.0,34.0,2.9,-0.2,-0.56,4.0,2.0,1
13035,9.0,7.0,47.0,3.3,0.95,0.44,3.0,4.0,1
13036,5.0,5.0,29.0,3.1,0.01,-0.1,3.0,2.0,1
13037,2.0,2.0,42.0,3.1,-0.74,-1.04,1.0,3.0,1
13038,4.0,7.0,32.0,3.7,-0.31,0.47,2.0,4.0,1
13039,10.0,10.0,39.0,3.7,2.18,1.89,3.0,4.0,1
13041,9.0,8.0,44.0,3.2,1.08,0.69,3.0,5.0,1
13046,9.0,9.0,35.0,3.0,1.22,0.95,4.0,3.0,1
13049,3.0,3.0,35.0,2.8,-0.45,-0.89,4.0,2.0,1
13053,9.0,8.0,38.0,3.0,0.92,0.65,4.0,3.0,1
13057,9.0,9.0,38.0,3.4,0.96,1.15,4.0,4.0,1
13060,5.0,3.0,33.0,2.9,-0.06,-0.88,4.0,3.0,1
13061,3.0,4.0,34.5,2.8,-0.51,-0.34,3.0,2.0,1
13063,2.0,3.0,33.5,3.2,-0.89,-0.71,4.0,2.0,1
13064,10.0,10.0,40.0,3.7,1.31,1.37,4.0,4.0,1
13066,4.0,1.0,41.0,2.2,-0.32,-1.57,5.0,3.0,1
13072,1.0,2.0,20.0,3.1,-1.29,-1.18,2.0,4.0,1
13073,2.0,1.0,39.0,2.3,-0.88,-1.63,3.0,5.0,0
13075,3.0,3.0,45.0,3.7,-0.75,-0.68,4.0,5.0,1
13078,9.0,6.0,30.0,3.4,0.87,0.23,3.0,3.0,1
13079,9.0,8.0,31.5,3.2,1.13,0.9,3.0,1.0,1
13080,7.0,6.0,42.0,2.6,0.44,0.08,4.0,4.0,1
13081,7.0,8.0,37.0,3.6,0.55,0.66,3.0,2.0,1
13090,4.0,4.0,39.0,2.9,-0.43,-0.38,3.0,5.0,1
13095,5.0,3.0,33.0,3.5,0.0,-0.58,4.0,3.0,1
13105,8.0,7.0,48.0,3.6,0.67,0.4,4.0,6.0,1
13106,5.0,5.0,38.0,3.1,0.04,-0.25,4.0,3.0,1
13107,1.0,1.0,38.0,2.1,-2.18,-1.46,5.0,3.0,0
13109,5.0,6.0,36.0,3.7,-0.15,0.23,3.0,4.0,1
13111,9.0,10.0,46.0,3.7,1.23,1.43,3.0,4.0,1
13116,1.0,2.0,29.0,2.6,-2.05,-1.12,3.0,5.0,0
13117,10.0,10.0,38.0,3.6,2.02,1.63,3.0,4.0,1
13119,3.0,5.0,42.0,3.7,-0.48,-0.15,4.0,4.0,1
13122,4.0,3.0,37.0,3.2,-0.23,-0.57,4.0,4.0,1
13123,2.0,2.0,41.0,3.4,-0.74,-0.89,1.0,3.0,1
13125,5.0,6.0,35.0,3.2,-0.1,0.0,4.0,3.0,1
13126,6.0,6.0,34.0,3.1,0.17,-0.02,3.0,3.0,1
13128,7.0,5.0,40.0,3.3,0.34,-0.1,4.0,3.0,1
13130,1.0,3.0,37.0,3.0,-1.31,-0.71,4.0,3.0,1
13131,2.0,2.0,39.0,3.4,-0.97,-0.9,3.0,5.0,1
13132,5.0,2.0,34.0,3.0,-0.03,-0.95,2.0,3.0,0
13134,9.0,10.0,36.0,3.0,0.96,1.55,4.0,4.0,1
13135,3.0,4.0,26.0,3.3,-0.66,-0.34,3.0,3.0,1
13136,1.0,1.0,21.0,2.9,-3.35,-2.45,4.0,4.0,0
13141,2.0,1.0,31.0,2.5,-1.09,-1.34,4.0,3.0,0
13143,1.0,1.0,42.0,3.0,-2.25,-2.54,2.0,6.0,1
13149,1.0,2.0,35.0,3.2,-1.19,-0.9,3.0,3.0,1
13152,7.0,7.0,38.0,3.6,0.39,0.46,5.0,3.0,1
13153,2.0,4.0,42.0,3.5,-0.71,-0.47,4.0,3.0,1
13154,2.0,4.0,35.0,2.8,-0.75,-0.38,4.0,3.0,1
13155,4.0,3.0,33.0,3.4,-0.36,-0.77,4.0,3.0,1
13156,3.0,2.0,31.0,2.9,-0.56,-1.1,5.0,4.0,1
13161,9.0,9.0,34.0,3.1,0.84,1.3,3.0,2.0,1
13162,5.0,4.0,37.0,3.9,-0.04,-0.52,4.0,3.0,1
13165,8.0,8.0,35.0,2.4,0.8,0.72,4.0,2.0,1
13167,4.0,4.0,27.5,3.1,-0.41,-0.36,4.0,2.0,1
13169,1.0,1.0,32.0,2.7,-2.22,-2.04,2.0,5.0,1
13171,10.0,10.0,42.0,3.9,1.6,1.91,4.0,6.0,1
13172,7.0,6.0,29.0,4.0,0.36,0.04,2.0,3.0,0
13175,10.0,7.0,42.0,3.1,1.57,0.27,4.0,6.0,1
13176,10.0,9.0,41.0,2.5,1.34,1.03,4.0,3.0,1
13177,1.0,2.0,37.0,3.5,-1.69,-1.26,4.0,5.0,0
13179,10.0,10.0,39.5,3.4,1.58,1.93,3.0,3.0,1
13181,2.0,2.0,35.0,3.6,-0.98,-0.92,3.0,6.0,1
13183,3.0,5.0,37.0,3.3,-0.7,-0.15,3.0,4.0,1
13185,10.0,10.0,45.0,3.5,2.22,1.96,3.0,4.0,1
13186,3.0,4.0,45.0,3.4,-0.48,-0.27,3.0,5.0,1
13188,4.0,3.0,46.0,3.5,-0.19,-0.58,4.0,6.0,1
13192,5.0,5.0,37.0,3.5,0.02,-0.22,4.0,3.0,1
13193,10.0,10.0,47.0,3.9,1.84,1.72,5.0,6.0,1
13195,10.0,9.0,44.0,2.9,1.68,1.01,3.0,3.0,1
13197,4.0,3.0,39.0,3.0,-0.32,-0.76,4.0,5.0,1
13199,4.0,3.0,33.0,3.1,-0.24,-0.82,5.0,4.0,1
13200,1.0,1.0,42.0,3.5,-1.99,-1.74,4.0,5.0,1
13203,8.0,3.0,35.0,3.2,0.87,-0.65,5.0,3.0,1
13204,7.0,3.0,45.0,2.9,0.48,-0.66,4.0,5.0,1
13205,9.0,9.0,37.0,2.9,1.16,1.08,3.0,3.0,1
13206,10.0,10.0,33.5,2.6,1.6,2.06,4.0,2.0,1
13208,8.0,8.0,30.0,3.0,0.65,0.82,3.0,3.0,1
13212,7.0,5.0,42.0,2.7,0.34,-0.04,4.0,5.0,1
13213,5.0,2.0,26.0,2.5,-0.08,-1.02,5.0,2.0,1
13214,5.0,4.0,41.0,3.8,-0.11,-0.46,3.0,4.0,1
13222,2.0,3.0,34.0,3.1,-0.85,-0.63,3.0,2.0,1
13224,8.0,7.0,28.0,2.6,0.66,0.25,3.0,2.0,0
13227,5.0,7.0,43.0,2.1,-0.1,0.28,4.0,3.0,1
13228,3.0,2.0,25.5,2.9,-0.71,-1.11,2.0,4.0,1
13229,1.0,2.0,38.0,3.3,-1.21,-1.25,5.0,6.0,1
13230,9.0,9.0,41.0,2.6,1.22,1.16,1.0,3.0,1
13231,5.0,7.0,39.0,3.3,-0.08,0.36,4.0,3.0,1
13239,9.0,9.0,38.0,3.3,1.17,0.98,4.0,3.0,1
13241,4.0,2.0,30.0,2.6,-0.33,-1.09,1.0,5.0,1
13244,7.0,5.0,35.0,3.4,0.47,-0.04,4.0,3.0,1
13248,1.0,2.0,39.0,3.0,-1.52,-1.2,4.0,3.0,1
13250,1.0,2.0,34.0,2.6,-1.3,-1.28,2.0,4.0,0
13251,4.0,1.0,37.0,3.0,-0.3,-1.69,3.0,4.0,0
13252,2.0,5.0,33.0,3.5,-0.88,-0.11,4.0,4.0,1
13256,5.0,6.0,36.0,3.3,-0.2,0.12,3.0,5.0,1
13259,9.0,8.0,40.0,2.7,1.05,0.86,4.0,3.0,1
13260,3.0,2.0,34.0,3.0,-0.52,-0.9,4.0,3.0,0
13262,10.0,9.0,33.0,3.3,1.31,0.95,3.0,2.0,1
13266,10.0,9.0,34.5,3.4,1.33,1.18,4.0,3.0,1
13267,4.0,3.0,35.0,2.9,-0.24,-0.62,4.0,4.0,1
13268,9.0,8.0,45.0,2.6,1.04,0.89,4.0,1.0,1
13270,9.0,8.0,40.0,3.6,0.97,0.67,4.0,4.0,1
13273,1.0,2.0,30.0,3.6,-1.17,-1.22,2.0,5.0,1
13274,5.0,5.0,38.0,3.5,0.03,-0.24,4.0,4.0,1
13277,1.0,1.0,27.0,2.8,-1.06,-1.86,3.0,1.0,0
13279,8.0,9.0,43.0,3.4,0.56,1.14,4.0,5.0,1
13281,8.0,8.0,33.5,2.4,0.8,0.64,4.0,3.0,1
13282,9.0,10.0,40.0,2.8,1.09,1.4,4.0,4.0,1
13283,5.0,4.0,30.0,3.8,-0.08,-0.34,5.0,4.0,1
13284,2.0,2.0,33.0,3.4,-1.04,-1.13,3.0,3.0,1
13286,9.0,10.0,36.0,3.0,1.15,1.43,4.0,5.0,1
13287,3.0,4.0,40.0,2.5,-0.5,-0.36,3.0,3.0,1
13289,1.0,2.0,36.0,2.5,-1.13,-0.95,2.0,2.0,1
13295,6.0,6.0,41.0,3.7,0.13,0.16,3.0,4.0,1
13296,4.0,5.0,17.0,3.6,-0.26,-0.27,2.0,1.0,0
13300,7.0,9.0,37.0,3.1,0.55,0.98,3.0,3.0,1
13301,10.0,8.0,41.0,2.4,1.61,0.7,3.0,3.0,1
13303,5.0,8.0,34.0,3.9,0.03,0.58,4.0,4.0,0
13305,9.0,9.0,42.0,3.8,1.08,0.94,4.0,6.0,1
13306,2.0,4.0,40.0,2.3,-0.92,-0.49,5.0,3.0,1
13307,8.0,7.0,37.0,3.1,0.79,0.44,4.0,2.0,1
13308,8.0,8.0,41.0,3.0,0.84,0.68,4.0,3.0,1
13309,2.0,2.0,38.0,3.2,-1.05,-1.2,4.0,4.0,1
13310,1.0,1.0,32.0,3.3,-1.29,-1.34,4.0,3.0,1
13311,4.0,6.0,35.0,3.4,-0.23,0.01,5.0,3.0,1
13312,3.0,4.0,39.0,3.4,-0.75,-0.3,4.0,5.0,1
13315,4.0,2.0,33.0,2.6,-0.28,-1.0,4.0,3.0,1
13316,3.0,4.0,44.0,3.5,-0.65,-0.29,4.0,5.0,1
13317,4.0,3.0,29.0,2.8,-0.22,-0.72,3.0,3.0,1
13318,3.0,3.0,28.0,2.1,-0.66,-0.82,3.0,3.0,0
13320,7.0,9.0,41.0,3.8,0.47,0.89,4.0,4.0,1
13322,9.0,9.0,38.0,3.0,1.14,0.89,5.0,3.0,1
13323,9.0,9.0,35.0,3.8,1.12,1.04,4.0,5.0,1
13324,9.0,9.0,44.0,3.7,1.15,0.98,5.0,5.0,1
13328,7.0,7.0,45.0,3.4,0.51,0.31,4.0,6.0,1
13330,3.0,3.0,32.0,3.2,-0.53,-0.68,1.0,5.0,1
13331,6.0,5.0,39.0,2.5,0.16,-0.16,3.0,3.0,1
13332,8.0,9.0,37.0,3.0,0.74,1.3,4.0,3.0,1
13333,4.0,5.0,45.0,3.7,-0.43,-0.09,4.0,6.0,1
13334,9.0,9.0,44.0,2.8,1.05,0.86,4.0,5.0,1
13336,10.0,10.0,37.0,2.4,2.82,1.84,4.0,5.0,1
13340,7.0,9.0,41.0,3.1,0.5,0.89,5.0,3.0,1
13343,6.0,7.0,40.0,3.4,0.12,0.38,3.0,4.0,1
13346,10.0,9.0,46.0,3.9,1.31,1.09,4.0,5.0,1
13347,7.0,7.0,30.5,3.3,0.36,0.43,4.0,2.0,1
13348,4.0,4.0,35.0,3.3,-0.21,-0.43,2.0,5.0,1
13353,9.0,10.0,33.0,3.2,1.2,1.54,3.0,4.0,1
13354,10.0,10.0,35.0,3.5,1.63,1.78,3.0,4.0,1
13355,4.0,9.0,37.0,3.0,-0.37,1.13,2.0,5.0,1
13356,4.0,2.0,38.0,3.1,-0.21,-1.1,2.0,4.0,1
13363,6.0,4.0,30.0,3.5,0.11,-0.38,3.0,3.0,1
13364,7.0,7.0,47.0,3.7,0.56,0.47,4.0,6.0,1
13367,10.0,10.0,46.0,3.8,1.55,1.39,3.0,6.0,1
13369,3.0,3.0,35.0,3.5,-0.43,-0.55,4.0,4.0,1
13372,5.0,6.0,28.0,2.8,-0.11,0.21,4.0,3.0,1
13374,4.0,6.0,45.0,3.7,-0.37,0.2,4.0,5.0,1
13375,4.0,3.0,38.0,3.1,-0.22,-0.62,3.0,4.0,1
13380,5.0,2.0,36.0,3.4,-0.02,-0.97,3.0,3.0,1
13381,10.0,10.0,33.7,3.3,1.72,1.58,4.0,5.0,1
13383,10.0,6.0,43.0,3.0,1.32,0.24,4.0,5.0,1
13385,3.0,3.0,35.0,3.2,-0.66,-0.72,5.0,3.0,1
13386,1.0,2.0,30.0,2.5,-1.72,-1.21,3.0,3.0,0
13388,2.0,2.0,47.0,3.6,-1.07,-1.3,3.0,6.0,0
13390,9.0,10.0,41.0,3.9,1.43,1.76,4.0,6.0,1
13391,1.0,1.0,26.5,3.4,-1.36,-1.33,2.0,3.0,0
13393,9.0,9.0,37.0,2.3,0.86,1.14,2.0,2.0,1
13394,4.0,6.0,41.0,3.6,-0.29,0.12,3.0,4.0,1
13396,7.0,7.0,34.0,3.7,0.43,0.43,3.0,3.0,1
13397,8.0,8.0,42.0,3.6,0.63,0.58,4.0,4.0,1
13404,6.0,8.0,48.0,2.8,0.31,0.63,3.0,3.0,1
13406,1.0,1.0,39.0,3.6,-1.73,-1.75,4.0,5.0,0
13410,4.0,1.0,45.0,2.5,-0.22,-1.72,4.0,4.0,1
13411,7.0,8.0,40.0,3.4,0.36,0.64,3.0,4.0,1
13412,8.0,5.0,47.0,3.0,0.71,-0.14,5.0,5.0,1
13416,1.0,2.0,29.0,2.7,-2.09,-1.19,2.0,3.0,1
13418,6.0,5.0,41.0,2.9,0.21,-0.06,2.0,4.0,1
13419,1.0,2.0,34.0,2.9,-1.3,-0.98,5.0,2.0,1
13420,4.0,2.0,33.0,3.1,-0.36,-1.14,2.0,3.0,1
13421,5.0,6.0,42.0,3.3,-0.1,0.1,3.0,5.0,1
13422,4.0,5.0,33.5,2.4,-0.37,-0.26,4.0,3.0,1
13427,3.0,3.0,39.0,2.6,-0.55,-0.71,3.0,3.0,1
13428,7.0,7.0,41.0,3.5,0.37,0.49,3.0,6.0,1
13429,6.0,7.0,36.0,3.0,0.28,0.45,4.0,3.0,1
13431,3.0,2.0,33.0,2.8,-0.55,-0.9,3.0,3.0,1
13432,8.0,5.0,42.0,3.4,0.64,-0.02,2.0,4.0,1
13434,9.0,8.0,39.0,3.8,1.3,0.72,3.0,4.0,1
13435,9.0,10.0,42.0,3.2,0.96,1.51,3.0,5.0,1
13436,5.0,5.0,34.0,3.1,-0.03,-0.18,4.0,3.0,1
13437,9.0,10.0,34.0,3.6,1.22,1.63,3.0,3.0,1
13438,4.0,5.0,34.0,3.1,-0.33,-0.14,4.0,5.0,1
13440,9.0,9.0,35.0,2.8,1.14,1.01,3.0,4.0,1
13441,4.0,4.0,33.0,2.8,-0.28,-0.39,3.0,4.0,1
13442,1.0,1.0,30.0,3.0,-2.01,-2.2,4.0,4.0,1
13444,6.0,6.0,28.0,3.6,0.14,0.12,3.0,4.0,1
13446,1.0,1.0,35.0,3.3,-1.48,-2.4,4.0,4.0,1
13448,10.0,10.0,33.5,2.3,1.66,1.43,4.0,1.0,1
13450,9.0,9.0,28.0,3.4,1.16,1.02,4.0,3.0,1
13451,3.0,3.0,42.0,2.6,-0.73,-0.85,4.0,4.0,1
13452,3.0,5.0,46.0,3.4,-0.69,-0.12,4.0,4.0,1
13453,5.0,8.0,41.0,3.4,0.04,0.79,4.0,5.0,1
13454,4.0,6.0,46.0,3.8,-0.36,0.19,4.0,5.0,1
13458,4.0,1.0,42.0,3.8,-0.16,-2.09,1.0,4.0,1
13460,3.0,4.0,40.0,3.5,-0.63,-0.31,3.0,4.0,1
13462,7.0,6.0,39.0,3.3,0.42,0.21,3.0,4.0,1
13464,10.0,10.0,38.0,3.7,1.69,1.7,3.0,4.0,1
13465,4.0,6.0,40.0,2.7,-0.38,0.13,4.0,3.0,1
13467,2.0,3.0,42.0,3.7,-1.05,-0.57,3.0,4.0,1
13468,9.0,9.0,46.0,3.9,1.08,1.17,3.0,4.0,1
13469,8.0,9.0,34.0,2.7,0.72,1.03,3.0,2.0,1
13471,5.0,8.0,36.0,3.7,-0.13,0.61,3.0,3.0,1
13472,3.0,4.0,39.0,2.9,-0.54,-0.37,2.0,3.0,1
13473,5.0,4.0,30.0,3.0,-0.1,-0.48,4.0,3.0,0
13475,2.0,1.0,38.0,3.3,-0.95,-1.88,3.0,3.0,0
13476,2.0,1.0,24.7,3.0,-0.82,-1.35,4.0,3.0,0
13477,4.0,3.0,33.0,3.7,-0.33,-0.54,3.0,4.0,1
13479,7.0,8.0,34.0,3.4,0.58,0.75,3.0,4.0,1
13480,7.0,8.0,44.0,3.5,0.61,0.6,4.0,6.0,1
13481,5.0,4.0,35.0,3.0,-0.06,-0.3,4.0,3.0,1
13483,10.0,8.0,41.0,3.5,1.45,0.66,4.0,4.0,1
13484,2.0,4.0,40.0,2.7,-0.75,-0.44,3.0,4.0,1
13488,5.0,7.0,37.0,3.2,-0.06,0.52,4.0,5.0,1
13489,4.0,3.0,42.0,2.7,-0.38,-0.84,3.0,4.0,1
13490,6.0,8.0,28.0,3.3,0.25,0.65,3.0,2.0,1
13491,10.0,10.0,36.0,3.8,2.33,1.88,4.0,3.0,1
13493,6.0,8.0,27.0,3.4,0.14,0.77,4.0,4.0,1
13499,6.0,7.0,31.0,3.2,0.09,0.25,4.0,2.0,1
13505,4.0,4.0,48.0,3.8,-0.32,-0.4,4.0,6.0,1
13506,2.0,3.0,41.0,3.3,-0.81,-0.7,2.0,4.0,1
13508,10.0,10.0,43.0,3.3,1.62,1.37,3.0,4.0,1
13510,7.0,8.0,41.0,3.2,0.46,0.71,5.0,2.0,1
13511,8.0,9.0,38.0,2.8,0.58,1.19,3.0,3.0,1
13512,3.0,4.0,34.0,2.5,-0.46,-0.55,2.0,2.0,1
13516,6.0,7.0,44.0,4.0,0.22,0.42,3.0,6.0,1
13517,7.0,7.0,30.0,2.6,0.39,0.44,4.0,2.0,1
13518,10.0,10.0,33.0,3.6,1.56,1.57,3.0,4.0,1
13519,6.0,5.0,42.0,3.5,0.15,-0.18,4.0,6.0,1
13520,2.0,2.0,32.0,2.8,-0.9,-1.05,3.0,4.0,1
13523,2.0,4.0,40.0,3.3,-0.99,-0.31,4.0,4.0,1
13524,1.0,1.0,36.0,3.4,-2.16,-2.01,4.0,4.0,1
13525,8.0,9.0,45.0,3.5,0.93,0.87,3.0,6.0,1
13527,1.0,1.0,34.0,2.9,-2.61,-2.93,3.0,4.0,1
13529,9.0,10.0,46.0,3.7,1.12,1.53,5.0,5.0,1
13532,9.0,9.0,38.0,3.6,1.2,1.06,5.0,6.0,1
13536,10.0,10.0,39.0,3.3,1.6,1.7,4.0,3.0,1
13538,10.0,10.0,35.0,3.8,1.9,1.88,4.0,4.0,1
13539,7.0,9.0,43.0,3.6,0.47,1.02,4.0,4.0,1
13541,6.0,4.0,37.0,3.3,0.23,-0.29,1.0,3.0,1
13542,4.0,7.0,38.0,3.2,-0.22,0.34,1.0,3.0,1
13546,9.0,8.0,40.0,3.6,1.25,0.62,4.0,6.0,1
13547,7.0,6.0,28.7,3.3,0.43,0.13,4.0,2.0,1
13548,2.0,4.0,38.0,2.8,-0.82,-0.32,3.0,3.0,1
13556,4.0,5.0,35.0,2.4,-0.4,-0.06,3.0,2.0,0
13559,6.0,6.0,37.0,4.0,0.21,0.2,1.0,5.0,1
13560,2.0,1.0,29.0,3.6,-0.99,-1.35,3.0,3.0,1
13564,7.0,9.0,48.0,3.4,0.47,0.87,4.0,5.0,1
13565,6.0,5.0,38.0,3.1,0.16,-0.23,2.0,3.0,1
13566,8.0,8.0,33.0,3.4,0.62,0.58,3.0,3.0,1
13569,8.0,7.0,35.0,3.1,0.83,0.36,4.0,3.0,1
13572,1.0,1.0,30.0,3.8,-1.96,-1.67,3.0,4.0,0
13574,7.0,6.0,36.0,3.7,0.43,0.24,4.0,6.0,1
13575,3.0,3.0,38.0,3.0,-0.45,-0.79,4.0,4.0,1
13576,8.0,9.0,45.0,3.3,0.74,1.01,4.0,3.0,1
13577,8.0,7.0,39.0,3.1,0.81,0.41,2.0,1.0,1
13578,3.0,6.0,48.0,4.0,-0.63,0.03,3.0,5.0,1
13582,1.0,1.0,30.5,3.0,-1.33,-2.4,3.0,3.0,0
13584,3.0,2.0,25.0,2.9,-0.58,-0.97,3.0,4.0,0
13586,8.0,8.0,42.0,3.6,0.82,0.84,3.0,4.0,1
13589,4.0,3.0,36.0,3.2,-0.29,-0.65,4.0,3.0,1
13591,7.0,5.0,44.0,3.8,0.48,-0.12,3.0,4.0,1
13595,3.0,4.0,42.0,3.9,-0.72,-0.24,2.0,6.0,1
13596,10.0,10.0,36.0,3.4,1.45,1.58,4.0,3.0,1
13600,6.0,7.0,45.0,3.9,0.14,0.28,3.0,5.0,1
13601,7.0,8.0,31.0,2.9,0.41,0.59,3.0,3.0,1
13602,8.0,7.0,43.0,3.2,0.61,0.51,3.0,3.0,1
13604,3.0,2.0,36.0,2.9,-0.48,-0.97,3.0,3.0,1
13605,6.0,6.0,33.0,3.1,0.2,0.09,4.0,5.0,1
13606,3.0,3.0,35.0,3.8,-0.61,-0.73,3.0,4.0,1
13609,9.0,10.0,35.0,2.7,1.13,1.47,3.0,2.0,1
13610,8.0,7.0,34.0,3.0,0.8,0.34,4.0,3.0,1
13611,8.0,9.0,42.0,4.0,0.72,0.83,1.0,6.0,1
13612,7.0,5.0,38.0,3.0,0.46,-0.24,3.0,3.0,1
13613,6.0,6.0,40.0,3.6,0.24,0.29,4.0,4.0,1
13614,5.0,3.0,44.0,3.0,-0.03,-0.57,3.0,5.0,1
13618,1.0,2.0,34.0,3.2,-1.26,-1.0,3.0,3.0,1
13619,6.0,4.0,17.0,3.7,0.28,-0.4,3.0,1.0,0
13620,4.0,5.0,37.5,3.0,-0.39,-0.13,4.0,5.0,1
13623,6.0,1.0,44.0,2.9,0.13,-1.49,4.0,5.0,1
13626,6.0,4.0,36.0,3.0,0.12,-0.39,4.0,5.0,1
13627,4.0,3.0,39.0,3.4,-0.3,-0.57,3.0,4.0,1
13628,7.0,5.0,48.0,3.4,0.48,-0.08,5.0,5.0,1
13632,2.0,1.0,37.0,2.9,-0.81,-1.68,4.0,3.0,1
13633,6.0,7.0,48.0,4.0,0.25,0.49,4.0,5.0,1
13634,8.0,8.0,44.0,3.4,0.77,0.7,3.0,6.0,1
13635,8.0,7.0,30.5,3.3,0.57,0.41,3.0,3.0,1
13643,6.0,7.0,33.0,3.1,0.22,0.38,4.0,2.0,1
13647,9.0,10.0,42.0,3.7,1.26,1.61,4.0,5.0,1
13649,1.0,2.0,20.3,2.4,-2.19,-1.21,2.0,4.0,0
13650,8.0,8.0,36.5,3.4,0.87,0.65,3.0,6.0,1
13651,7.0,8.0,39.5,3.4,0.59,0.84,4.0,4.0,1
13653,1.0,3.0,22.0,2.8,-1.33,-0.81,2.0,2.0,1
13654,7.0,10.0,32.5,2.6,0.49,1.5,4.0,3.0,1
13656,10.0,9.0,36.0,2.8,1.57,1.07,3.0,4.0,1
13659,5.0,2.0,38.0,3.1,-0.07,-1.21,4.0,3.0,1
13663,5.0,5.0,37.0,3.2,-0.11,-0.26,5.0,3.0,1
13665,6.0,6.0,35.0,3.6,0.18,0.21,3.0,4.0,1
13667,1.0,1.0,21.0,3.5,-1.59,-1.43,3.0,3.0,1
13668,4.0,4.0,34.0,3.2,-0.38,-0.34,4.0,3.0,1
13670,7.0,7.0,29.5,3.5,0.49,0.26,3.0,3.0,1
13671,4.0,4.0,35.0,3.0,-0.26,-0.34,3.0,5.0,1
13673,2.0,3.0,36.0,3.0,-0.91,-0.59,5.0,3.0,1
13676,8.0,8.0,45.0,3.3,0.86,0.84,4.0,5.0,1
13678,6.0,6.0,38.0,3.2,0.08,0.09,3.0,3.0,1
13683,3.0,3.0,40.0,3.1,-0.46,-0.85,4.0,4.0,0
13685,5.0,6.0,37.0,3.2,0.02,0.23,3.0,3.0,1
13686,7.0,4.0,33.5,2.9,0.47,-0.36,3.0,3.0,1
13688,6.0,7.0,36.0,3.5,0.3,0.51,2.0,4.0,1
13690,6.0,5.0,39.0,3.3,0.22,-0.09,4.0,5.0,1
13693,5.0,1.0,43.0,2.5,0.05,-1.53,4.0,3.0,1
13696,4.0,7.0,36.0,2.6,-0.26,0.47,4.0,3.0,1
13697,6.0,9.0,42.0,3.9,0.32,1.11,4.0,4.0,1
13698,9.0,10.0,28.0,2.9,0.99,1.4,2.0,2.0,1
13700,1.0,1.0,32.0,2.6,-1.15,-1.55,4.0,3.0,1
13701,5.0,7.0,36.0,2.7,-0.05,0.32,3.0,3.0,1
13702,7.0,9.0,48.0,3.7,0.54,1.09,4.0,6.0,1
13703,10.0,10.0,37.0,4.0,2.44,2.53,2.0,3.0,1
13714,2.0,4.0,39.0,3.6,-0.8,-0.4,3.0,4.0,1
13716,10.0,10.0,47.0,3.7,1.94,1.79,5.0,5.0,1
13717,6.0,3.0,38.0,3.2,0.22,-0.73,3.0,3.0,1
13722,3.0,2.0,35.0,3.1,-0.67,-1.29,3.0,4.0,1
13726,6.0,3.0,36.5,3.9,0.19,-0.61,4.0,5.0,1
13731,10.0,9.0,32.0,3.5,1.39,1.28,4.0,3.0,1
13743,6.0,4.0,36.0,3.2,0.18,-0.43,3.0,2.0,1
13744,2.0,1.0,31.0,3.2,-0.83,-1.68,3.0,3.0,1
13747,8.0,7.0,36.5,3.3,0.79,0.29,3.0,2.0,1
13748,3.0,4.0,41.0,3.1,-0.63,-0.33,3.0,6.0,1
13749,2.0,3.0,31.0,3.9,-0.97,-0.85,3.0,3.0,0
13753,4.0,7.0,39.0,3.3,-0.44,0.32,3.0,6.0,1
13755,7.0,6.0,42.0,3.7,0.54,0.13,3.0,4.0,1
13756,4.0,4.0,45.0,3.7,-0.43,-0.31,4.0,6.0,1
13757,2.0,1.0,37.0,3.3,-0.99,-1.45,4.0,6.0,1
13761,4.0,4.0,39.0,3.8,-0.39,-0.49,3.0,4.0,1
13762,3.0,3.0,39.0,3.0,-0.49,-0.72,3.0,4.0,1
13763,6.0,6.0,41.0,3.9,0.24,0.17,3.0,4.0,1
13764,5.0,6.0,36.5,3.1,0.05,-0.01,4.0,3.0,1
13765,2.0,3.0,35.0,2.8,-0.79,-0.64,4.0,3.0,1
13774,8.0,7.0,28.5,3.2,0.66,0.32,4.0,2.0,0
13776,10.0,9.0,41.0,3.8,1.32,1.12,4.0,4.0,1
13777,3.0,2.0,33.0,2.6,-0.66,-1.31,3.0,3.0,1
13781,3.0,5.0,36.0,3.4,-0.47,-0.05,2.0,5.0,1
13783,10.0,10.0,41.0,3.8,1.57,1.85,3.0,3.0,1
13786,7.0,7.0,32.0,3.6,0.52,0.44,4.0,3.0,1
13787,3.0,2.0,36.0,2.2,-0.55,-1.05,3.0,1.0,0
13791,10.0,10.0,47.0,3.6,1.48,1.88,4.0,6.0,1
13793,3.0,6.0,35.0,3.0,-0.45,0.13,3.0,3.0,1
13796,1.0,2.0,29.0,3.4,-1.32,-1.2,2.0,5.0,1
13797,3.0,4.0,37.0,3.1,-0.6,-0.6,1.0,2.0,1
13798,8.0,3.0,32.0,2.5,0.59,-0.64,4.0,3.0,1
13799,8.0,8.0,32.3,2.7,0.71,0.82,4.0,3.0,1
13801,10.0,10.0,41.0,3.6,1.55,1.65,3.0,5.0,1
13802,1.0,2.0,40.0,3.3,-1.94,-1.06,3.0,6.0,1
13803,7.0,9.0,34.0,3.3,0.61,1.13,4.0,4.0,1
13806,7.0,6.0,42.0,4.0,0.37,0.21,2.0,5.0,1
13811,8.0,8.0,37.0,3.5,0.84,0.75,3.0,4.0,1
13814,9.0,8.0,40.0,2.5,0.87,0.68,4.0,3.0,1
13815,7.0,9.0,28.0,3.9,0.6,1.13,2.0,1.0,1
13818,4.0,4.0,43.0,3.4,-0.34,-0.49,4.0,4.0,1
13819,3.0,2.0,36.0,3.4,-0.47,-1.28,3.0,4.0,1
13821,8.0,8.0,37.0,3.5,0.67,0.68,2.0,4.0,1
13823,7.0,7.0,46.0,4.0,0.55,0.39,3.0,5.0,1
13825,2.0,2.0,41.0,3.6,-0.9,-0.86,3.0,6.0,1
13827,3.0,3.0,29.0,2.9,-0.7,-0.83,3.0,5.0,1
13832,8.0,8.0,39.0,3.5,0.76,0.68,2.0,3.0,1
13833,3.0,4.0,45.0,3.8,-0.56,-0.3,3.0,6.0,1
13838,4.0,5.0,38.0,3.4,-0.39,-0.16,1.0,4.0,1
13840,1.0,2.0,39.0,3.1,-1.24,-1.24,3.0,2.0,0
13844,10.0,10.0,36.0,3.0,2.76,1.87,3.0,5.0,1
13845,3.0,2.0,44.0,3.2,-0.71,-1.13,4.0,5.0,1
13846,2.0,3.0,28.0,3.4,-0.92,-0.65,4.0,3.0,1
13850,10.0,10.0,38.0,3.5,1.33,1.68,4.0,3.0,1
13851,4.0,3.0,41.0,3.6,-0.34,-0.61,3.0,6.0,1
13852,1.0,1.0,42.0,3.5,-1.84,-1.76,4.0,5.0,1
13853,7.0,7.0,41.0,3.2,0.46,0.39,4.0,3.0,1
13855,8.0,7.0,41.0,3.8,0.7,0.49,4.0,4.0,1
13857,3.0,2.0,42.0,3.8,-0.56,-1.0,4.0,6.0,1
13858,7.0,4.0,33.0,2.9,0.32,-0.31,3.0,3.0,1
13861,5.0,6.0,41.0,3.1,-0.11,0.21,4.0,4.0,1
13862,1.0,1.0,31.0,3.6,-1.17,-1.8,3.0,2.0,0
13864,7.0,8.0,41.0,3.3,0.55,0.81,3.0,2.0,1
13866,4.0,4.0,40.0,3.2,-0.39,-0.54,4.0,3.0,1
13867,2.0,1.0,39.0,3.3,-0.91,-1.53,4.0,4.0,0
13871,10.0,10.0,33.0,3.7,1.83,1.64,4.0,1.0,1
13875,9.0,8.0,33.0,2.3,0.99,0.76,3.0,3.0,1
13876,10.0,9.0,39.0,2.9,1.62,1.11,3.0,3.0,1
13879,2.0,4.0,37.0,3.4,-0.9,-0.48,4.0,4.0,1
13881,6.0,5.0,38.0,3.0,0.23,-0.09,5.0,5.0,1
13883,5.0,1.0,33.0,3.0,0.01,-2.07,4.0,4.0,1
13884,9.0,8.0,34.0,3.9,0.98,0.66,3.0,4.0,1
13886,4.0,1.0,39.0,2.6,-0.24,-1.52,4.0,3.0,1
13893,2.0,1.0,35.0,2.9,-0.77,-2.01,3.0,4.0,1
13894,5.0,3.0,31.5,2.9,-0.03,-0.77,4.0,3.0,1
13895,2.0,3.0,39.0,2.4,-0.76,-0.62,3.0,3.0,1
13897,8.0,7.0,30.5,2.9,0.77,0.33,4.0,2.0,1
13898,3.0,1.0,38.0,3.0,-0.51,-1.35,3.0,3.0,1
13899,7.0,6.0,30.0,3.9,0.33,0.13,3.0,5.0,1
13900,8.0,9.0,40.0,3.7,0.88,1.15,4.0,4.0,1
13901,3.0,3.0,27.0,2.8,-0.66,-0.7,3.0,3.0,0
13906,8.0,7.0,35.0,3.5,0.7,0.55,3.0,4.0,1
13907,9.0,10.0,38.0,3.4,1.23,1.36,3.0,5.0,1
13908,8.0,6.0,37.0,3.9,0.81,0.25,4.0,4.0,1
13912,2.0,2.0,32.0,3.4,-0.71,-1.14,3.0,3.0,1
13913,8.0,8.0,42.0,3.5,0.79,0.85,3.0,3.0,1
13916,10.0,9.0,43.0,3.6,1.66,1.06,5.0,5.0,1
13917,1.0,3.0,33.0,3.2,-1.23,-0.68,2.0,5.0,1
13918,2.0,4.0,38.0,3.3,-0.95,-0.25,3.0,5.0,1
13919,9.0,9.0,43.0,3.5,1.22,1.16,4.0,5.0,1
13920,4.0,6.0,35.0,3.4,-0.19,0.24,3.0,3.0,1
13921,3.0,6.0,37.0,3.7,-0.5,0.17,4.0,4.0,1
13922,2.0,5.0,37.0,2.8,-0.86,-0.11,3.0,5.0,1
13925,5.0,7.0,33.0,2.4,0.01,0.27,3.0,3.0,1
13926,7.0,6.0,36.0,2.6,0.4,0.05,2.0,3.0,1
13928,8.0,8.0,39.0,3.4,0.87,0.67,3.0,4.0,1
13931,2.0,2.0,30.0,2.9,-0.74,-0.99,4.0,4.0,1
13934,3.0,4.0,36.0,3.3,-0.67,-0.29,4.0,3.0,1
13936,3.0,3.0,35.5,3.1,-0.57,-0.82,4.0,5.0,1
13937,6.0,5.0,42.0,3.5,0.2,-0.11,5.0,6.0,1
13938,4.0,3.0,31.0,2.9,-0.4,-0.64,4.0,3.0,1
13943,9.0,8.0,44.0,3.8,1.03,0.59,4.0,5.0,1
13946,8.0,4.0,43.0,3.4,0.61,-0.34,4.0,5.0,1
13949,9.0,9.0,37.0,3.8,1.31,1.35,4.0,1.0,1
13951,8.0,7.0,41.0,3.5,0.59,0.28,2.0,5.0,1
13955,3.0,3.0,31.0,3.5,-0.59,-0.81,4.0,4.0,1
13956,5.0,6.0,46.0,4.0,-0.19,0.16,4.0,5.0,1
13957,5.0,6.0,38.0,3.3,0.07,0.21,4.0,6.0,1
13961,9.0,10.0,38.0,3.1,1.25,1.32,4.0,4.0,1
13963,10.0,10.0,46.0,3.2,2.61,2.07,2.0,3.0,1
13966,8.0,8.0,35.0,3.7,0.72,0.78,5.0,3.0,1
13968,9.0,10.0,36.0,3.1,0.94,1.38,4.0,4.0,1
13970,8.0,9.0,35.0,3.4,0.75,1.17,2.0,3.0,1
13972,10.0,10.0,38.0,3.5,1.45,1.69,3.0,4.0,1
13974,8.0,7.0,36.0,3.9,0.9,0.54,3.0,4.0,1
13979,1.0,1.0,38.0,3.2,-1.23,-1.5,4.0,4.0,1
13982,7.0,7.0,42.0,3.8,0.45,0.52,3.0,6.0,1
13986,8.0,4.0,36.0,3.0,0.86,-0.36,4.0,5.0,1
13995,1.0,1.0,35.0,3.2,-1.26,-1.33,4.0,3.0,1
13997,4.0,5.0,33.0,2.9,-0.23,-0.03,5.0,3.0,1
14000,6.0,5.0,37.0,2.7,0.14,-0.08,2.0,5.0,1
14001,7.0,5.0,31.0,3.0,0.48,-0.17,3.0,1.0,1
14004,10.0,10.0,40.0,3.9,2.21,2.38,4.0,6.0,1
14005,7.0,6.0,34.0,3.0,0.49,0.11,4.0,3.0,1
14008,6.0,7.0,41.0,3.4,0.33,0.44,4.0,4.0,1
14010,5.0,4.0,41.0,3.6,0.05,-0.3,3.0,5.0,1
14013,6.0,5.0,43.0,2.6,0.2,-0.27,4.0,3.0,1
14015,7.0,6.0,35.0,2.6,0.41,0.18,3.0,2.0,1
14016,7.0,5.0,36.0,3.9,0.57,0.0,5.0,4.0,1
14019,6.0,4.0,37.0,2.7,0.1,-0.36,4.0,3.0,1
14022,2.0,4.0,40.0,3.2,-0.79,-0.44,3.0,4.0,1
14025,10.0,9.0,37.0,3.6,1.49,0.88,4.0,3.0,1
14027,2.0,3.0,27.0,3.5,-0.92,-0.84,4.0,4.0,1
14028,3.0,1.0,43.0,2.9,-0.64,-1.41,5.0,5.0,1
14030,2.0,2.0,35.0,2.8,-0.81,-1.14,1.0,2.0,1
14031,3.0,3.0,32.0,3.2,-0.65,-0.87,4.0,3.0,0
14033,7.0,8.0,43.0,3.3,0.51,0.87,5.0,4.0,1
14034,7.0,7.0,40.0,3.6,0.33,0.5,4.0,5.0,1
14035,6.0,6.0,42.0,3.8,0.11,0.2,3.0,5.0,1
14036,10.0,10.0,46.0,3.8,1.44,1.44,4.0,3.0,1
14037,8.0,8.0,43.0,3.3,0.74,0.7,4.0,3.0,1
14038,3.0,2.0,37.0,3.2,-0.58,-1.01,3.0,3.0,1
14039,7.0,8.0,34.0,3.1,0.48,0.82,4.0,3.0,1
14043,5.0,7.0,43.0,3.9,-0.03,0.29,3.0,6.0,1
14046,4.0,4.0,44.0,3.2,-0.23,-0.31,4.0,4.0,1
14049,7.0,6.0,39.0,3.6,0.44,0.28,2.0,4.0,1
14050,5.0,7.0,29.0,2.8,0.06,0.34,3.0,1.0,1
14054,1.0,1.0,39.0,2.9,-1.57,-1.89,3.0,5.0,1
14062,4.0,3.0,31.0,3.5,-0.37,-0.75,4.0,3.0,1
14064,10.0,10.0,44.0,2.9,1.86,2.58,3.0,5.0,1
14065,4.0,3.0,33.0,3.4,-0.24,-0.87,3.0,3.0,1
14067,8.0,9.0,39.0,3.8,0.61,1.05,4.0,5.0,1
14075,9.0,8.0,47.0,3.6,1.25,0.59,4.0,5.0,1
14080,5.0,2.0,36.0,3.0,-0.16,-1.03,3.0,4.0,1
14082,8.0,7.0,42.0,3.5,0.67,0.32,3.0,4.0,1
14083,1.0,2.0,38.0,3.0,-1.23,-0.93,4.0,3.0,1
14087,9.0,8.0,38.0,3.3,1.04,0.77,1.0,3.0,1
14089,7.0,7.0,38.5,3.5,0.45,0.35,5.0,3.0,1
14090,4.0,2.0,29.5,2.9,-0.33,-1.1,4.0,3.0,1
14091,5.0,4.0,34.0,2.8,-0.16,-0.53,4.0,3.0,1
14093,10.0,10.0,26.5,2.8,1.61,1.73,4.0,1.0,1
14098,6.0,8.0,43.0,2.9,0.17,0.66,3.0,5.0,1
14099,7.0,7.0,42.0,3.1,0.4,0.39,3.0,5.0,1
14100,3.0,3.0,42.0,3.0,-0.76,-0.68,3.0,6.0,1
14102,3.0,7.0,28.0,3.4,-0.56,0.37,3.0,4.0,1
14103,2.0,2.0,34.0,3.2,-0.81,-0.86,3.0,5.0,1
14105,2.0,4.0,35.0,3.0,-0.85,-0.5,2.0,4.0,1
14117,3.0,2.0,40.0,3.5,-0.81,-1.25,3.0,6.0,1
14120,2.0,1.0,30.0,2.8,-1.0,-1.58,4.0,5.0,1
14122,5.0,6.0,38.0,3.3,-0.07,0.22,3.0,3.0,1
14123,9.0,8.0,46.0,3.7,1.05,0.7,4.0,6.0,1
14125,2.0,1.0,36.0,3.2,-1.09,-1.45,4.0,4.0,1
14126,5.0,4.0,33.0,2.7,-0.03,-0.39,4.0,3.0,1
14128,8.0,7.0,34.0,2.6,0.71,0.36,3.0,3.0,1
14132,5.0,5.0,34.0,3.1,0.04,-0.18,3.0,4.0,1
14133,1.0,1.0,31.0,2.7,-1.23,-2.03,1.0,4.0,1
14135,4.0,4.0,36.0,2.8,-0.38,-0.39,4.0,3.0,1
14136,2.0,1.0,37.0,2.8,-0.76,-1.32,3.0,3.0,1
14140,6.0,8.0,44.0,3.4,0.09,0.66,3.0,4.0,1
14144,7.0,7.0,42.0,3.0,0.39,0.44,4.0,5.0,1
14145,3.0,3.0,35.5,2.4,-0.63,-0.76,2.0,3.0,1
14149,7.0,6.0,44.0,3.3,0.52,0.09,4.0,5.0,1
14152,6.0,7.0,35.0,3.0,0.14,0.28,3.0,3.0,1
14153,5.0,5.0,34.0,2.4,-0.05,-0.23,4.0,3.0,1
14155,2.0,1.0,29.0,3.4,-1.04,-1.44,3.0,4.0,1
14157,7.0,6.0,37.0,3.0,0.34,0.13,3.0,3.0,1
14167,8.0,8.0,41.0,3.2,0.66,0.67,5.0,3.0,1
14169,5.0,4.0,44.0,3.3,-0.15,-0.49,4.0,6.0,1
14171,3.0,3.0,37.0,3.7,-0.54,-0.68,3.0,4.0,1
14174,9.0,9.0,30.5,2.7,1.02,1.2,3.0,1.0,1
14175,3.0,6.0,48.0,3.1,-0.43,0.19,4.0,4.0,1
14176,2.0,3.0,38.0,3.7,-1.06,-0.81,3.0,4.0,1
14177,6.0,4.0,31.0,2.7,0.07,-0.31,2.0,3.0,1
14179,2.0,3.0,46.0,4.0,-1.08,-0.59,4.0,5.0,1
14181,6.0,6.0,35.0,3.0,0.14,0.23,4.0,5.0,1
14183,5.0,3.0,37.7,3.3,-0.08,-0.67,4.0,3.0,1
14188,10.0,10.0,46.0,3.0,1.8,2.02,4.0,4.0,1
14189,1.0,1.0,37.0,3.4,-1.43,-1.57,3.0,4.0,1
14190,10.0,10.0,48.0,4.0,2.58,2.69,2.0,6.0,1
14193,4.0,4.0,45.0,2.7,-0.28,-0.3,4.0,3.0,1
14194,8.0,6.0,40.0,3.8,0.57,0.06,4.0,5.0,1
14197,2.0,4.0,31.0,3.4,-1.01,-0.56,3.0,2.0,0
14198,1.0,1.0,29.0,2.5,-1.26,-1.54,4.0,5.0,0
14200,6.0,3.0,44.0,3.5,0.24,-0.52,4.0,6.0,1
14202,10.0,9.0,39.0,3.2,1.62,1.27,3.0,3.0,1
14203,8.0,3.0,37.0,3.7,0.68,-0.7,3.0,3.0,0
14204,10.0,9.0,35.0,3.2,1.44,0.99,2.0,4.0,1
14205,6.0,8.0,40.0,3.0,0.22,0.69,4.0,4.0,1
14206,8.0,9.0,39.0,3.2,0.71,1.08,3.0,5.0,1
14207,4.0,5.0,39.0,3.5,-0.16,-0.17,3.0,4.0,0
14209,7.0,5.0,32.0,3.3,0.3,-0.16,4.0,2.0,1
14211,4.0,2.0,40.0,3.7,-0.35,-1.1,4.0,5.0,1
14213,8.0,9.0,42.0,3.3,0.59,0.94,2.0,5.0,1
14215,10.0,10.0,40.0,2.9,1.51,1.77,4.0,3.0,1
14219,5.0,3.0,29.5,3.0,0.01,-0.81,3.0,3.0,1
14220,1.0,1.0,46.0,3.8,-1.66,-1.71,3.0,5.0,1
14221,5.0,7.0,37.0,2.8,-0.1,0.27,4.0,3.0,1
14222,6.0,4.0,35.0,3.2,0.29,-0.45,5.0,3.0,1
14229,3.0,2.0,33.0,2.9,-0.64,-0.87,3.0,5.0,0
14230,4.0,5.0,33.0,3.2,-0.4,-0.14,3.0,3.0,0
14231,10.0,10.0,40.0,3.4,1.55,1.6,2.0,3.0,1
14234,9.0,9.0,41.0,3.1,1.11,0.98,5.0,3.0,1
14236,5.0,5.0,24.0,3.1,-0.03,-0.1,3.0,3.0,1
14237,3.0,8.0,38.0,3.4,-0.43,0.65,2.0,3.0,1
14239,1.0,2.0,46.0,3.0,-1.21,-1.33,5.0,4.0,1
14240,8.0,6.0,33.0,3.3,0.8,0.23,3.0,4.0,1
14241,5.0,4.0,31.0,2.8,-0.05,-0.51,5.0,5.0,1
14243,10.0,10.0,38.0,3.4,1.33,1.59,3.0,3.0,1
14246,7.0,4.0,36.0,3.2,0.39,-0.35,4.0,3.0,1
14248,9.0,9.0,45.0,2.6,1.19,1.26,4.0,4.0,1
14251,1.0,1.0,38.0,2.9,-1.73,-2.0,5.0,3.0,0
14255,10.0,10.0,44.0,3.2,1.46,1.57,4.0,3.0,1
14257,10.0,10.0,42.0,3.1,1.57,1.87,2.0,3.0,1
14258,8.0,8.0,37.0,2.9,0.59,0.79,4.0,3.0,1
14259,4.0,6.0,31.7,2.1,-0.28,0.18,3.0,3.0,1
14260,8.0,5.0,34.0,3.8,0.78,-0.03,1.0,3.0,1
14261,2.0,2.0,36.0,3.2,-1.05,-1.27,4.0,4.0,1
14262,3.0,3.0,43.0,3.4,-0.58,-0.75,4.0,5.0,0
14264,8.0,8.0,36.0,3.5,0.71,0.69,4.0,4.0,1
14265,3.0,1.0,31.0,3.2,-0.6,-1.39,2.0,3.0,1
14266,8.0,6.0,38.0,3.3,0.86,0.23,3.0,3.0,1
14268,9.0,9.0,28.0,2.5,0.94,1.0,4.0,3.0,1
14276,2.0,1.0,33.0,2.8,-0.96,-1.42,3.0,5.0,1
14279,9.0,9.0,30.0,3.3,1.2,1.26,4.0,3.0,1
14288,2.0,1.0,39.0,3.1,-1.07,-1.52,1.0,6.0,1
14289,9.0,7.0,41.0,2.5,1.15,0.51,3.0,3.0,1
14291,9.0,7.0,41.0,3.1,1.08,0.42,5.0,3.0,1
14295,7.0,7.0,42.0,3.2,0.31,0.36,5.0,5.0,1
14296,9.0,9.0,44.0,3.0,1.09,0.89,2.0,5.0,1
14298,7.0,7.0,24.0,2.7,0.57,0.26,2.0,1.0,1
14303,8.0,8.0,39.5,3.4,0.64,0.56,3.0,3.0,1
14304,6.0,6.0,34.0,2.5,0.12,0.28,3.0,4.0,1
14310,5.0,10.0,30.0,3.2,-0.05,1.33,4.0,3.0,1
14311,9.0,9.0,43.0,2.6,1.14,1.29,4.0,3.0,1
14313,4.0,3.0,40.0,3.2,-0.35,-0.71,4.0,3.0,1
14318,8.0,7.0,38.0,3.9,0.66,0.37,4.0,4.0,1
14320,5.0,5.0,29.0,2.8,-0.12,-0.17,3.0,2.0,1
14322,1.0,1.0,27.0,3.1,-2.22,-2.48,3.0,6.0,0
14324,10.0,10.0,45.0,3.7,1.59,2.0,3.0,4.0,1
14327,10.0,10.0,37.0,4.0,1.88,1.74,3.0,3.0,1
14329,5.0,5.0,39.0,3.6,-0.16,-0.13,1.0,4.0,1
14330,4.0,3.0,34.0,3.0,-0.33,-0.88,3.0,3.0,1
14333,9.0,10.0,35.0,3.3,0.88,1.44,4.0,3.0,1
14334,5.0,6.0,30.5,3.2,-0.12,0.03,2.0,3.0,1
14339,3.0,3.0,33.0,3.3,-0.62,-0.72,4.0,3.0,1
14340,10.0,9.0,48.0,3.8,1.37,1.13,3.0,5.0,1
14344,6.0,4.0,42.0,3.8,0.19,-0.38,5.0,5.0,1
14345,4.0,6.0,38.0,3.7,-0.32,0.05,4.0,5.0,1
14349,5.0,3.0,34.0,3.0,0.04,-0.78,3.0,3.0,1
14354,7.0,7.0,28.0,3.3,0.37,0.49,3.0,3.0,1
14355,3.0,4.0,36.0,3.2,-0.61,-0.48,4.0,5.0,1
14357,10.0,10.0,41.0,3.5,1.9,1.66,4.0,5.0,1
14358,8.0,8.0,34.5,3.8,0.63,0.58,3.0,4.0,1
14361,8.0,8.0,34.0,3.1,0.86,0.68,3.0,3.0,1
14362,1.0,2.0,38.5,3.4,-1.92,-0.89,4.0,3.0,1
14364,1.0,1.0,33.0,3.5,-1.72,-2.1,4.0,4.0,1
14365,5.0,3.0,34.0,3.1,-0.13,-0.74,3.0,3.0,1
14366,5.0,7.0,32.0,2.4,0.05,0.32,2.0,1.0,1
14367,3.0,5.0,38.0,3.4,-0.51,-0.25,4.0,4.0,0
14369,5.0,5.0,37.0,2.7,-0.06,-0.21,3.0,3.0,1
14373,1.0,1.0,40.0,3.4,-1.7,-1.81,3.0,4.0,1
14375,1.0,1.0,36.0,3.4,-1.73,-2.08,2.0,4.0,0
14376,7.0,7.0,31.0,3.6,0.51,0.51,3.0,3.0,0
14378,2.0,2.0,37.0,2.6,-0.94,-0.96,4.0,5.0,1
14380,5.0,4.0,30.0,3.2,0.03,-0.55,4.0,3.0,1
14381,4.0,3.0,32.0,3.6,-0.41,-0.75,3.0,3.0,0
14383,4.0,2.0,44.0,3.2,-0.34,-1.05,3.0,4.0,1
14387,6.0,3.0,30.0,3.0,0.26,-0.67,3.0,2.0,1
14389,3.0,3.0,46.0,3.1,-0.57,-0.69,3.0,5.0,1
14391,1.0,2.0,30.0,3.1,-1.21,-1.05,3.0,3.0,1
14393,2.0,6.0,37.5,3.2,-0.8,0.13,4.0,3.0,1
14395,2.0,2.0,29.0,2.3,-0.93,-1.18,4.0,3.0,0
14396,6.0,10.0,36.0,3.6,0.15,1.47,3.0,3.0,1
14397,8.0,9.0,30.0,3.4,0.71,1.04,1.0,1.0,1
14398,9.0,9.0,40.0,3.6,1.01,1.28,4.0,3.0,1
14399,5.0,3.0,33.0,3.2,-0.16,-0.66,3.0,4.0,1
14400,10.0,10.0,40.0,2.9,2.13,2.55,2.0,5.0,1
14401,10.0,10.0,37.0,3.5,1.36,1.3,4.0,5.0,1
14403,9.0,9.0,31.0,3.0,0.93,1.1,4.0,1.0,1
14404,1.0,1.0,34.0,3.0,-1.97,-1.63,4.0,3.0,0
14408,2.0,1.0,34.5,3.6,-0.91,-1.64,3.0,5.0,1
14411,8.0,8.0,36.0,3.4,0.82,0.55,2.0,3.0,1
14414,3.0,3.0,42.0,3.0,-0.59,-0.62,3.0,3.0,1
14417,7.0,8.0,44.0,4.0,0.42,0.78,3.0,6.0,1
14420,8.0,7.0,36.0,3.5,0.85,0.48,4.0,4.0,1
14425,6.0,6.0,39.0,3.1,0.14,0.1,3.0,4.0,1
14426,9.0,9.0,43.0,3.5,1.07,1.08,2.0,4.0,1
14427,8.0,3.0,43.0,1.9,0.75,-0.65,5.0,3.0,1
14429,3.0,1.0,27.0,3.0,-0.64,-1.33,2.0,2.0,0
14431,4.0,3.0,42.0,3.1,-0.24,-0.83,4.0,3.0,0
14433,10.0,10.0,43.0,3.7,2.19,1.62,4.0,5.0,1
14434,5.0,5.0,27.5,3.1,-0.18,-0.14,3.0,2.0,1
14438,7.0,8.0,31.0,3.3,0.37,0.83,2.0,5.0,1
14446,6.0,7.0,35.0,3.0,0.1,0.21,4.0,2.0,1
14448,10.0,10.0,39.0,3.0,1.81,1.5,4.0,5.0,1
14450,8.0,7.0,37.0,3.9,0.7,0.5,4.0,3.0,1
14453,6.0,5.0,36.0,2.9,0.22,-0.19,4.0,3.0,1
14457,9.0,9.0,41.0,3.1,0.94,1.13,4.0,3.0,1
14460,1.0,2.0,26.0,2.9,-1.31,-1.16,1.0,5.0,0
14461,7.0,7.0,38.0,3.1,0.41,0.5,4.0,5.0,1
14464,9.0,4.0,33.0,2.9,0.95,-0.28,3.0,4.0,0
14465,5.0,6.0,40.0,3.6,0.01,0.17,4.0,3.0,1
14470,10.0,8.0,36.5,2.6,1.47,0.8,4.0,3.0,1
14471,4.0,5.0,38.0,3.5,-0.27,-0.25,4.0,3.0,1
14473,2.0,2.0,38.0,2.6,-0.98,-1.1,3.0,4.0,1
14474,6.0,8.0,30.0,3.8,0.16,0.63,4.0,3.0,1
14475,3.0,2.0,32.0,2.1,-0.55,-1.0,4.0,3.0,0
14477,10.0,9.0,43.0,3.6,1.36,1.25,4.0,4.0,1
14479,10.0,8.0,43.0,3.2,1.47,0.63,4.0,2.0,1
14483,6.0,9.0,42.0,3.4,0.27,1.03,3.0,5.0,1
14484,3.0,6.0,31.0,3.4,-0.53,0.05,2.0,3.0,1
14485,3.0,5.0,41.5,3.4,-0.52,-0.17,5.0,5.0,1
14486,6.0,5.0,39.0,3.2,0.22,-0.07,3.0,3.0,1
14488,6.0,8.0,32.0,3.2,0.16,0.81,4.0,3.0,1
14491,2.0,3.0,33.0,3.2,-0.92,-0.67,4.0,5.0,1
14495,5.0,3.0,35.0,2.8,-0.02,-0.85,4.0,3.0,1
14498,6.0,6.0,30.0,3.2,0.24,0.28,4.0,4.0,1
14499,6.0,7.0,33.0,3.5,0.3,0.39,3.0,3.0,1
14503,10.0,10.0,37.0,3.5,1.71,1.8,2.0,2.0,1
14508,1.0,3.0,17.5,3.6,-1.28,-0.81,2.0,3.0,1
14510,6.0,6.0,43.0,2.9,0.16,0.24,4.0,4.0,1
14511,2.0,2.0,40.0,3.5,-0.99,-0.91,2.0,5.0,1
14513,5.0,6.0,35.0,3.7,-0.07,0.15,5.0,4.0,1
14515,5.0,5.0,35.0,2.8,-0.03,-0.07,4.0,2.0,1
14516,3.0,3.0,47.0,3.3,-0.65,-0.54,3.0,5.0,1
14517,5.0,4.0,25.0,2.8,-0.12,-0.55,1.0,2.0,1
14519,1.0,2.0,29.0,3.1,-1.45,-1.19,3.0,3.0,1
14520,7.0,8.0,40.0,3.3,0.51,0.63,4.0,2.0,1
14522,9.0,7.0,39.0,3.1,1.19,0.3,3.0,3.0,1
14524,10.0,7.0,32.5,2.7,1.34,0.47,4.0,4.0,0
14528,1.0,1.0,22.0,3.2,-2.14,-1.61,2.0,5.0,1
14530,4.0,6.0,41.0,3.4,-0.35,0.04,4.0,4.0,1
14531,4.0,4.0,38.0,3.2,-0.38,-0.39,2.0,4.0,1
14534,10.0,9.0,38.0,3.8,1.38,1.17,2.0,3.0,1
14537,10.0,8.0,32.5,3.2,1.41,0.86,4.0,3.0,1
14539,1.0,3.0,36.0,2.9,-1.26,-0.62,3.0,3.0,1
14541,10.0,10.0,33.0,2.9,1.27,1.38,3.0,2.0,1
14542,7.0,7.0,32.0,3.2,0.44,0.44,3.0,3.0,1
14543,5.0,7.0,42.0,3.9,0.06,0.37,3.0,4.0,1
14544,4.0,4.0,35.0,3.6,-0.23,-0.46,4.0,4.0,1
14545,8.0,7.0,39.0,3.9,0.59,0.46,2.0,3.0,1
14548,7.0,6.0,34.0,2.7,0.39,0.23,3.0,3.0,1
14549,10.0,10.0,43.0,4.0,1.85,1.87,3.0,3.0,1
14550,3.0,6.0,36.0,3.3,-0.49,0.09,3.0,3.0,1
14551,6.0,10.0,38.0,3.2,0.25,2.72,4.0,5.0,1
14552,2.0,2.0,39.0,3.1,-0.8,-1.25,4.0,5.0,1
14554,10.0,10.0,45.0,3.9,1.81,1.62,4.0,6.0,1
14556,9.0,2.0,45.0,3.0,1.16,-1.13,4.0,4.0,1
14557,8.0,9.0,40.0,3.2,0.59,1.29,4.0,3.0,1
14560,4.0,6.0,27.5,3.6,-0.18,0.26,4.0,3.0,1
14561,6.0,5.0,35.0,2.4,0.1,-0.21,5.0,3.0,1
14563,10.0,10.0,47.0,3.3,1.64,1.95,4.0,3.0,1
14564,4.0,7.0,29.0,2.9,-0.29,0.46,3.0,3.0,1
14568,9.0,10.0,34.0,3.4,0.89,1.81,3.0,3.0,1
14569,7.0,4.0,36.0,3.4,0.42,-0.31,4.0,4.0,1
14571,2.0,4.0,38.0,2.8,-0.74,-0.52,3.0,3.0,1
14577,2.0,2.0,38.0,3.7,-0.79,-0.92,4.0,4.0,1
14578,7.0,8.0,44.0,3.4,0.58,0.69,2.0,6.0,1
14579,1.0,3.0,34.0,2.5,-1.1,-0.71,3.0,2.0,1
14581,4.0,6.0,40.0,3.6,-0.28,0.17,4.0,5.0,1
14586,10.0,8.0,31.0,3.6,1.3,0.85,3.0,3.0,1
14588,3.0,4.0,36.0,3.4,-0.6,-0.48,4.0,4.0,1
14589,5.0,4.0,28.0,3.3,-0.08,-0.31,2.0,5.0,1
14591,5.0,4.0,41.0,3.1,0.02,-0.28,3.0,6.0,1
14592,9.0,9.0,33.0,3.1,1.25,1.31,4.0,3.0,1
14596,10.0,10.0,43.0,3.4,1.96,2.06,3.0,5.0,1
14597,3.0,3.0,34.0,3.5,-0.69,-0.71,3.0,4.0,1
14598,8.0,8.0,43.5,3.8,0.7,0.8,5.0,5.0,1
14600,10.0,10.0,36.0,3.6,1.95,2.02,4.0,3.0,1
14601,6.0,8.0,35.0,3.1,0.12,0.59,2.0,3.0,1
14602,1.0,2.0,38.0,3.3,-1.28,-1.29,4.0,4.0,1
14604,3.0,4.0,32.0,3.5,-0.56,-0.3,3.0,3.0,0
14606,4.0,5.0,44.0,3.6,-0.3,0.01,5.0,6.0,1
14608,7.0,6.0,36.0,3.6,0.44,0.14,3.0,4.0,1
14609,3.0,2.0,31.0,2.1,-0.66,-0.99,4.0,4.0,1
14610,2.0,2.0,42.0,3.5,-0.84,-1.04,4.0,6.0,1
14612,2.0,2.0,39.0,2.9,-0.87,-1.08,3.0,5.0,0
14614,9.0,9.0,39.0,2.7,1.24,1.26,1.0,2.0,1
14617,6.0,7.0,37.0,3.6,0.27,0.5,4.0,3.0,1
14618,9.0,9.0,44.0,3.4,1.06,0.88,4.0,4.0,1
14619,2.0,10.0,33.0,3.0,-0.9,2.71,4.0,4.0,1
14621,8.0,8.0,40.0,3.1,0.7,0.83,3.0,3.0,1
14622,4.0,5.0,37.0,3.2,-0.2,-0.09,4.0,4.0,1
14624,8.0,9.0,39.0,3.1,0.58,1.12,4.0,5.0,1
14626,9.0,9.0,41.0,3.2,1.3,1.11,4.0,6.0,1
14627,7.0,6.0,36.0,3.3,0.55,0.23,2.0,1.0,1
14629,3.0,3.0,39.0,3.9,-0.71,-0.83,4.0,4.0,1
14633,5.0,5.0,37.0,2.3,-0.1,-0.23,3.0,3.0,0
14637,10.0,10.0,37.0,3.1,2.44,2.33,3.0,3.0,1
14639,6.0,5.0,45.0,3.1,0.06,-0.16,3.0,5.0,1
14641,5.0,4.0,39.0,3.0,-0.01,-0.27,4.0,4.0,1
14642,4.0,4.0,44.0,3.7,-0.27,-0.41,5.0,6.0,1
14643,1.0,3.0,38.0,3.5,-1.3,-0.72,4.0,4.0,1
14646,4.0,6.0,40.0,2.8,-0.23,0.07,4.0,3.0,1
14647,9.0,10.0,35.0,3.2,1.23,1.36,4.0,3.0,1
14650,6.0,6.0,47.0,3.3,0.23,0.13,4.0,5.0,1
14652,7.0,9.0,42.0,3.1,0.46,1.05,4.0,4.0,1
14654,5.0,4.0,39.0,3.7,-0.18,-0.35,5.0,5.0,1
14655,6.0,5.0,30.5,3.3,0.16,-0.05,2.0,3.0,1
14659,1.0,1.0,31.0,3.6,-1.64,-1.74,3.0,3.0,0
14661,1.0,1.0,29.0,2.5,-2.22,-1.89,3.0,3.0,0
14662,9.0,10.0,37.0,2.8,0.93,1.55,3.0,3.0,1
14665,2.0,1.0,31.5,2.6,-1.19,-1.45,3.0,6.0,1
14666,1.0,1.0,42.0,3.9,-1.3,-1.37,3.0,6.0,1
14668,10.0,9.0,38.0,3.1,1.31,1.09,3.0,4.0,1
14670,4.0,7.0,35.0,4.0,-0.34,0.32,4.0,4.0,1
14671,10.0,10.0,46.0,3.3,1.36,1.34,3.0,4.0,1
14678,2.0,2.0,40.0,3.0,-0.82,-1.0,3.0,5.0,1
14684,8.0,7.0,33.0,3.3,0.82,0.37,3.0,3.0,1
14689,9.0,10.0,43.0,3.8,1.11,1.37,3.0,3.0,1
14693,10.0,9.0,48.0,2.8,1.94,1.22,3.0,4.0,1
14694,8.0,4.0,38.0,3.6,0.84,-0.52,4.0,3.0,1
14698,8.0,10.0,40.0,3.6,0.61,1.93,4.0,5.0,1
14701,5.0,4.0,37.0,3.2,-0.1,-0.43,4.0,5.0,1
14702,4.0,7.0,35.0,2.7,-0.32,0.28,5.0,3.0,1
14703,5.0,2.0,41.0,3.4,-0.05,-1.18,3.0,3.0,1
14705,2.0,2.0,28.0,2.8,-1.05,-1.23,4.0,4.0,1
14706,5.0,4.0,40.0,3.4,0.02,-0.27,2.0,5.0,1
14707,2.0,2.0,30.5,2.6,-1.03,-1.23,4.0,2.0,1
14711,1.0,3.0,30.0,2.8,-1.25,-0.85,3.0,5.0,1
14713,5.0,5.0,36.0,3.0,-0.16,-0.19,4.0,3.0,1
14714,7.0,7.0,48.0,3.5,0.6,0.44,3.0,6.0,1
14718,9.0,8.0,43.0,3.5,1.25,0.63,4.0,6.0,1
14725,6.0,6.0,44.0,3.0,0.1,0.1,5.0,5.0,1
14726,10.0,9.0,39.0,3.4,2.39,0.98,3.0,6.0,1
14727,8.0,8.0,43.0,2.2,0.83,0.62,5.0,6.0,1
14728,8.0,4.0,43.0,3.8,0.7,-0.35,5.0,6.0,1
14729,8.0,5.0,43.0,3.3,0.65,0.0,5.0,4.0,1
14730,9.0,9.0,32.0,3.1,0.85,1.09,4.0,2.0,1
14732,6.0,6.0,33.0,3.6,0.3,0.23,3.0,3.0,1
14733,2.0,1.0,37.0,3.0,-1.03,-1.38,1.0,5.0,1
14734,3.0,3.0,30.0,3.4,-0.59,-0.7,3.0,3.0,1
14735,10.0,10.0,40.0,3.3,1.39,1.36,2.0,3.0,1
14736,2.0,1.0,41.0,3.0,-0.98,-1.43,3.0,4.0,0
14737,3.0,5.0,36.0,3.0,-0.62,-0.25,4.0,2.0,1
14740,3.0,2.0,34.0,3.0,-0.59,-1.12,4.0,3.0,1
14744,8.0,6.0,39.0,3.9,0.61,0.03,4.0,3.0,1
14745,5.0,5.0,41.0,3.4,-0.11,-0.08,4.0,3.0,1
14747,8.0,9.0,41.0,3.5,0.86,0.98,3.0,4.0,1
14749,8.0,5.0,36.0,3.4,0.7,-0.1,5.0,4.0,1
14750,2.0,1.0,30.0,2.7,-0.76,-1.84,3.0,3.0,1
14752,10.0,10.0,44.0,3.8,3.07,2.98,4.0,3.0,1
14753,1.0,1.0,30.0,3.3,-1.37,-1.65,2.0,3.0,0
14754,5.0,4.0,37.0,3.5,0.0,-0.55,3.0,3.0,1
14759,3.0,3.0,34.0,3.2,-0.6,-0.62,4.0,3.0,1
14764,8.0,8.0,37.5,3.3,0.73,0.8,3.0,3.0,1
14765,3.0,5.0,48.0,3.7,-0.75,-0.13,4.0,5.0,1
14767,9.0,10.0,40.0,2.6,1.12,1.73,3.0,4.0,1
14768,2.0,2.0,37.0,3.2,-1.02,-1.11,3.0,3.0,1
14771,1.0,1.0,31.0,2.7,-2.17,-2.85,3.0,5.0,0
14773,9.0,9.0,34.0,3.0,1.12,1.18,3.0,4.0,1
14774,1.0,3.0,33.0,3.0,-1.42,-0.69,3.0,3.0,1
14775,7.0,9.0,35.0,2.3,0.46,0.98,2.0,1.0,1
14776,3.0,5.0,27.5,3.1,-0.52,-0.05,4.0,3.0,1
14777,6.0,5.0,27.5,3.1,0.25,-0.11,4.0,4.0,1
14778,9.0,9.0,38.0,3.0,1.1,0.98,4.0,5.0,1
14780,6.0,6.0,38.0,3.3,0.12,0.16,4.0,3.0,1
14784,7.0,9.0,40.0,3.3,0.55,1.13,2.0,4.0,1
14785,8.0,8.0,36.5,3.3,0.77,0.77,4.0,5.0,1
14786,8.0,9.0,34.0,3.5,0.78,1.24,4.0,5.0,1
14788,8.0,9.0,44.0,3.6,0.75,0.87,4.0,5.0,1
14789,3.0,3.0,40.0,3.3,-0.49,-0.6,4.0,5.0,1
14790,6.0,7.0,35.0,3.5,0.28,0.49,3.0,2.0,0
14792,10.0,10.0,39.0,3.7,1.76,1.7,3.0,3.0,1
14793,8.0,7.0,29.0,3.7,0.79,0.49,4.0,2.0,1
14794,5.0,4.0,43.0,3.4,-0.02,-0.32,5.0,6.0,1
14795,8.0,9.0,31.5,3.6,0.71,1.05,4.0,3.0,1
14796,1.0,1.0,33.0,3.5,-1.43,-1.35,3.0,5.0,1
14803,2.0,2.0,30.0,3.4,-1.09,-1.13,3.0,5.0,1
14806,4.0,3.0,40.0,2.1,-0.41,-0.69,4.0,3.0,1
14808,8.0,8.0,36.0,3.1,0.64,0.75,4.0,6.0,1
14809,1.0,1.0,41.0,3.5,-1.29,-1.88,4.0,3.0,1
14815,10.0,10.0,39.0,3.4,1.85,1.67,3.0,4.0,1
14817,6.0,7.0,40.0,3.5,0.3,0.28,3.0,3.0,1
14820,5.0,6.0,42.0,3.3,0.05,0.12,4.0,3.0,1
14821,7.0,7.0,41.0,3.5,0.35,0.55,4.0,4.0,1
14822,10.0,10.0,34.0,3.0,1.54,1.63,5.0,2.0,1
14823,9.0,9.0,38.0,3.4,1.19,1.24,4.0,1.0,1
14825,9.0,10.0,41.0,3.4,0.99,1.47,5.0,4.0,1
14830,8.0,9.0,41.0,3.5,0.81,0.95,3.0,4.0,1
14831,10.0,9.0,35.0,2.6,1.47,1.2,5.0,2.0,1
14833,5.0,4.0,25.0,3.5,0.0,-0.5,2.0,1.0,1
14835,9.0,10.0,37.0,3.3,1.02,1.33,2.0,4.0,1
14836,3.0,5.0,35.0,2.8,-0.55,-0.24,4.0,3.0,1
14837,3.0,5.0,34.0,3.3,-0.61,-0.19,4.0,2.0,1
14842,8.0,9.0,39.0,3.1,0.74,1.15,3.0,5.0,1
14848,10.0,8.0,42.0,3.8,1.52,0.62,3.0,5.0,1
14851,5.0,5.0,33.0,3.4,-0.11,-0.04,3.0,3.0,1
14854,6.0,3.0,39.0,2.8,0.2,-0.61,4.0,5.0,1
14856,3.0,3.0,34.0,3.6,-0.46,-0.77,3.0,3.0,1
14857,3.0,4.0,39.0,3.2,-0.67,-0.48,4.0,3.0,1
14858,1.0,5.0,22.0,3.8,-1.21,-0.13,2.0,3.0,0
14859,3.0,1.0,32.0,2.6,-0.7,-1.26,3.0,2.0,1
14861,7.0,6.0,33.0,3.0,0.39,0.02,4.0,3.0,1
14862,7.0,9.0,40.0,2.8,0.41,0.91,3.0,3.0,1
14868,5.0,6.0,43.0,3.3,-0.11,0.11,5.0,6.0,1
14869,1.0,1.0,35.0,2.0,-1.71,-2.29,3.0,2.0,0
14870,4.0,5.0,41.0,4.0,-0.2,-0.07,4.0,4.0,1
14872,6.0,7.0,38.0,3.4,0.29,0.4,4.0,4.0,1
14881,10.0,9.0,36.0,3.6,1.37,0.91,3.0,2.0,1
14885,4.0,2.0,44.0,3.0,-0.4,-1.17,3.0,4.0,1
14887,6.0,6.0,43.0,3.4,0.26,0.25,4.0,4.0,1
14889,6.0,5.0,33.0,2.9,0.19,-0.21,2.0,3.0,1
14890,1.0,1.0,31.0,3.6,-2.12,-1.54,2.0,6.0,1
14891,7.0,7.0,31.0,3.3,0.44,0.32,2.0,3.0,1
14893,2.0,2.0,33.0,2.8,-1.1,-1.22,2.0,3.0,0
14894,6.0,5.0,41.0,2.9,0.14,-0.17,2.0,3.0,1
14896,9.0,9.0,35.0,3.1,0.9,1.21,4.0,3.0,1
14897,2.0,1.0,37.0,2.4,-0.99,-2.06,4.0,3.0,0
14899,7.0,8.0,35.0,3.2,0.38,0.59,3.0,5.0,1
14900,8.0,10.0,35.0,3.6,0.8,1.58,4.0,3.0,1
14902,2.0,2.0,32.0,2.8,-0.83,-1.23,4.0,4.0,1
14903,3.0,2.0,36.0,3.1,-0.46,-1.01,4.0,4.0,0
14907,8.0,6.0,34.0,3.1,0.64,0.15,4.0,5.0,1
14908,1.0,1.0,34.0,2.9,-1.29,-2.18,3.0,2.0,1
14912,4.0,3.0,34.5,3.2,-0.24,-0.6,4.0,3.0,1
14913,1.0,1.0,30.0,3.1,-1.4,-1.68,2.0,3.0,0
14915,5.0,8.0,35.0,2.4,-0.07,0.7,3.0,3.0,1
14918,6.0,6.0,31.0,2.7,0.19,0.14,3.0,4.0,1
14921,10.0,10.0,37.0,3.6,1.47,2.04,3.0,3.0,1
14922,9.0,10.0,34.0,2.6,0.98,1.62,4.0,3.0,1
14923,6.0,6.0,37.0,3.5,0.24,0.03,5.0,3.0,1
14926,9.0,10.0,42.0,3.9,1.15,1.35,4.0,6.0,1
14928,4.0,3.0,34.0,3.7,-0.24,-0.57,4.0,4.0,1
14931,2.0,1.0,23.0,3.5,-0.99,-1.81,2.0,5.0,1
14933,8.0,7.0,43.0,3.5,0.74,0.37,4.0,3.0,1
14935,10.0,10.0,48.0,3.3,2.18,1.94,3.0,3.0,1
14937,5.0,7.0,42.0,3.3,-0.15,0.32,4.0,6.0,1
14939,5.0,5.0,38.5,3.7,0.03,0.01,4.0,6.0,1
14941,3.0,2.0,33.0,3.4,-0.56,-1.07,3.0,3.0,1
14942,6.0,5.0,33.0,3.2,0.26,0.01,1.0,4.0,1
14943,5.0,4.0,45.5,3.7,-0.08,-0.34,5.0,6.0,1
14944,1.0,5.0,39.0,2.9,-1.88,-0.15,3.0,3.0,1
14946,10.0,10.0,38.0,2.1,1.68,1.93,3.0,5.0,1
14948,7.0,6.0,39.0,3.8,0.4,0.22,4.0,5.0,1
14949,9.0,8.0,39.0,3.5,1.13,0.58,4.0,4.0,1
14951,2.0,2.0,28.0,3.6,-1.01,-1.15,2.0,2.0,0
14952,5.0,8.0,37.0,3.7,-0.08,0.57,1.0,3.0,1
14954,10.0,10.0,32.5,3.7,1.52,1.67,3.0,3.0,1
14955,2.0,1.0,22.0,2.2,-0.79,-1.51,3.0,1.0,0
14956,4.0,4.0,32.0,2.8,-0.38,-0.3,4.0,4.0,0
14958,9.0,7.0,43.0,3.4,0.97,0.47,3.0,4.0,1
14961,5.0,7.0,32.0,3.5,-0.13,0.49,4.0,3.0,1
14964,5.0,5.0,33.5,3.4,0.0,-0.21,1.0,3.0,1
14966,1.0,1.0,29.5,3.0,-1.19,-1.33,3.0,3.0,1
14970,10.0,10.0,42.0,3.1,1.54,1.43,4.0,4.0,1
14976,8.0,8.0,21.0,3.3,0.79,0.71,1.0,1.0,1
14985,7.0,6.0,35.0,3.5,0.39,0.15,3.0,3.0,1
14987,1.0,1.0,31.0,3.1,-1.25,-1.83,3.0,4.0,0
14988,10.0,8.0,36.0,3.6,1.64,0.85,3.0,3.0,1
14990,7.0,7.0,38.5,3.1,0.31,0.34,4.0,5.0,1
14991,5.0,7.0,33.5,3.0,-0.13,0.49,1.0,3.0,1
14992,7.0,5.0,38.0,2.7,0.47,-0.1,3.0,4.0,1
14993,4.0,6.0,38.0,3.1,-0.21,0.02,4.0,4.0,1
14995,8.0,7.0,44.0,3.7,0.74,0.29,3.0,5.0,1
15001,10.0,8.0,35.0,3.4,1.51,0.84,4.0,3.0,1
15003,1.0,2.0,36.0,2.9,-1.44,-0.94,4.0,4.0,1
15004,10.0,9.0,33.0,3.2,1.55,1.31,3.0,3.0,1
15005,8.0,10.0,38.0,3.6,0.86,1.38,5.0,4.0,1
15006,10.0,5.0,46.0,3.1,1.98,0.0,3.0,6.0,1
15007,8.0,6.0,37.0,3.1,0.57,0.14,3.0,3.0,1
15010,1.0,1.0,27.0,2.4,-2.01,-2.08,4.0,3.0,1
15011,9.0,10.0,36.0,2.7,1.01,1.39,4.0,3.0,1
15012,3.0,4.0,34.5,3.8,-0.67,-0.44,4.0,3.0,1
15013,6.0,5.0,40.0,3.0,0.11,-0.11,3.0,3.0,1
15014,4.0,4.0,34.0,3.6,-0.42,-0.53,3.0,4.0,1
15016,9.0,5.0,45.0,3.5,0.94,-0.08,3.0,5.0,1
15017,6.0,6.0,40.0,2.4,0.1,0.18,3.0,3.0,1
15022,7.0,8.0,30.0,3.9,0.5,0.63,3.0,3.0,1
15024,9.0,10.0,38.0,3.7,1.23,1.4,3.0,3.0,1
15030,4.0,5.0,32.0,3.0,-0.42,-0.12,3.0,3.0,1
15032,4.0,6.0,33.0,3.7,-0.38,0.03,4.0,3.0,1
15033,8.0,8.0,42.0,3.4,0.8,0.57,5.0,4.0,1
15035,10.0,10.0,39.0,2.6,1.59,1.38,5.0,5.0,1
15037,2.0,3.0,41.0,3.8,-0.91,-0.54,3.0,5.0,1
15038,6.0,3.0,26.5,3.0,0.09,-0.76,3.0,5.0,0
15039,9.0,6.0,42.0,3.6,1.05,0.22,3.0,5.0,1
15040,3.0,1.0,38.0,2.7,-0.67,-1.6,4.0,3.0,1
15041,8.0,7.0,29.0,3.2,0.58,0.37,4.0,3.0,1
15042,6.0,9.0,32.0,3.1,0.08,1.03,3.0,3.0,1
15045,10.0,10.0,33.0,2.7,1.37,1.53,5.0,3.0,1
15046,4.0,5.0,32.0,3.2,-0.27,-0.11,3.0,3.0,1
15047,3.0,2.0,30.0,3.1,-0.58,-1.11,3.0,4.0,1
15049,10.0,9.0,45.0,3.6,1.77,0.91,2.0,5.0,1
15054,5.0,6.0,39.0,3.5,-0.04,0.16,3.0,4.0,1
15055,9.0,9.0,39.0,3.5,0.95,1.02,4.0,4.0,1
15059,6.0,5.0,44.0,3.3,0.16,-0.02,4.0,4.0,1
15061,4.0,4.0,25.0,3.3,-0.23,-0.5,3.0,4.0,1
15062,2.0,2.0,39.0,3.0,-1.05,-0.91,4.0,3.0,1
15064,1.0,1.0,36.0,3.5,-1.9,-1.51,2.0,6.0,1
15066,3.0,7.0,34.0,3.1,-0.35,0.45,4.0,1.0,1
15067,4.0,3.0,37.0,3.3,-0.4,-0.71,3.0,3.0,1
15068,3.0,6.0,35.0,3.8,-0.51,0.01,3.0,3.0,1
15069,4.0,6.0,47.0,3.7,-0.22,0.08,4.0,4.0,1
15074,5.0,7.0,37.0,3.8,0.05,0.46,4.0,3.0,1
15077,6.0,4.0,42.0,3.2,0.16,-0.45,3.0,5.0,1
15080,2.0,4.0,35.0,3.1,-0.8,-0.36,5.0,5.0,1
15081,7.0,8.0,39.0,3.2,0.41,0.85,3.0,5.0,1
15083,3.0,3.0,39.0,3.6,-0.58,-0.6,3.0,4.0,1
15085,3.0,5.0,36.0,3.2,-0.51,-0.13,3.0,3.0,1
15089,10.0,9.0,46.0,3.4,1.85,1.03,5.0,5.0,1
15094,9.0,9.0,45.0,3.0,1.19,1.02,4.0,3.0,1
15098,2.0,2.0,34.0,2.1,-0.8,-1.29,4.0,3.0,1
15100,10.0,10.0,36.0,2.3,1.55,2.03,3.0,2.0,1
15102,9.0,9.0,46.0,3.8,1.2,1.08,4.0,4.0,1
15103,5.0,3.0,44.0,3.4,-0.2,-0.55,4.0,5.0,1
15107,2.0,2.0,30.5,3.1,-0.79,-0.95,3.0,4.0,1
15109,2.0,6.0,26.0,2.6,-0.73,0.19,2.0,2.0,1
15111,3.0,3.0,33.0,3.7,-0.59,-0.74,4.0,4.0,1
15113,1.0,1.0,39.5,3.3,-1.62,-1.33,4.0,6.0,1
15116,2.0,2.0,27.5,2.4,-0.79,-1.16,4.0,3.0,0
15117,4.0,5.0,34.0,2.2,-0.09,-0.26,3.0,1.0,1
15119,8.0,9.0,28.0,3.2,0.74,0.92,4.0,2.0,1
15120,10.0,10.0,39.0,2.2,1.72,1.63,4.0,1.0,1
15122,10.0,10.0,39.0,3.4,1.7,1.87,4.0,3.0,1
15123,6.0,7.0,34.0,2.0,0.19,0.46,4.0,5.0,1
15124,10.0,10.0,48.0,3.4,2.08,1.89,4.0,4.0,1
15125,10.0,9.0,41.0,2.7,2.15,1.25,4.0,3.0,1
15127,5.0,5.0,42.0,3.5,-0.13,-0.21,2.0,4.0,1
15128,9.0,9.0,43.0,3.9,1.13,1.28,3.0,4.0,1
15132,4.0,5.0,33.0,2.8,-0.35,-0.17,5.0,2.0,0
15134,1.0,2.0,36.5,3.0,-1.33,-1.06,3.0,3.0,1
15135,2.0,2.0,18.0,2.8,-1.04,-1.18,1.0,3.0,0
15136,8.0,7.0,30.5,3.3,0.85,0.49,4.0,3.0,1
15138,1.0,3.0,34.0,2.9,-1.13,-0.75,4.0,3.0,1
15139,7.0,8.0,35.0,3.6,0.43,0.58,4.0,3.0,1
15143,8.0,7.0,36.0,3.6,0.85,0.39,4.0,3.0,1
15144,9.0,9.0,37.0,3.6,1.27,1.29,3.0,3.0,1
15146,7.0,6.0,40.0,3.4,0.45,0.23,3.0,3.0,1
15149,3.0,2.0,35.0,2.3,-0.64,-1.05,4.0,3.0,1
15150,10.0,10.0,40.0,3.5,2.43,1.76,4.0,5.0,1
15151,8.0,6.0,22.0,2.9,0.81,0.07,1.0,1.0,1
15155,3.0,2.0,41.0,3.1,-0.58,-1.09,5.0,3.0,0
15160,9.0,10.0,37.0,3.1,1.27,1.58,3.0,3.0,1
15161,4.0,1.0,30.0,2.9,-0.2,-1.41,2.0,3.0,0
15164,8.0,10.0,39.0,2.9,0.57,1.34,4.0,3.0,1
15171,9.0,10.0,37.0,3.5,1.3,1.5,3.0,4.0,1
15175,3.0,1.0,36.0,3.1,-0.64,-1.58,4.0,6.0,1
15176,4.0,6.0,47.0,3.6,-0.32,0.23,1.0,5.0,1
15178,1.0,1.0,36.0,2.5,-1.4,-1.83,4.0,4.0,1
15183,6.0,3.0,42.0,3.4,0.18,-0.62,3.0,4.0,1
15187,7.0,9.0,36.0,3.5,0.33,0.92,4.0,4.0,1
15188,1.0,1.0,42.0,2.9,-1.17,-1.4,3.0,5.0,1
15189,2.0,3.0,36.0,3.0,-0.96,-0.61,2.0,2.0,1
15190,1.0,1.0,33.0,3.3,-1.74,-1.42,3.0,3.0,1
15191,8.0,9.0,39.0,3.6,0.62,1.07,4.0,4.0,1
15193,6.0,6.0,43.0,2.9,0.12,0.22,4.0,3.0,1
15196,6.0,6.0,43.0,3.2,0.16,0.24,4.0,4.0,1
15198,10.0,10.0,47.0,3.9,1.94,1.32,4.0,5.0,1
15201,8.0,7.0,43.0,3.4,0.77,0.48,4.0,3.0,1
15202,3.0,3.0,41.0,2.3,-0.47,-0.91,5.0,2.0,1
15203,4.0,1.0,40.0,3.7,-0.39,-1.49,4.0,5.0,1
15208,6.0,4.0,42.0,2.9,0.13,-0.53,4.0,4.0,1
15209,4.0,6.0,37.0,3.0,-0.32,0.06,3.0,3.0,1
15213,6.0,2.0,25.0,2.3,0.16,-1.07,2.0,1.0,1
15218,6.0,6.0,34.0,3.5,0.31,0.28,3.0,4.0,1
15220,5.0,6.0,42.0,4.0,-0.07,0.08,2.0,4.0,1
15225,3.0,5.0,33.5,2.5,-0.43,-0.12,3.0,2.0,1
15226,8.0,9.0,34.0,3.4,0.86,0.98,4.0,3.0,1
15229,2.0,1.0,27.0,2.4,-0.96,-1.69,5.0,3.0,1
15231,8.0,6.0,34.0,3.5,0.66,0.22,3.0,4.0,1
15235,10.0,9.0,44.0,3.6,1.88,1.24,3.0,5.0,1
15236,5.0,4.0,40.0,3.1,0.06,-0.34,3.0,4.0,1
15238,2.0,2.0,33.0,2.8,-0.72,-0.96,4.0,3.0,1
15239,9.0,10.0,37.0,3.4,1.09,1.93,3.0,2.0,1
15241,7.0,9.0,38.0,3.5,0.48,1.24,4.0,5.0,1
15243,10.0,9.0,33.0,3.8,1.52,1.28,3.0,3.0,1
15246,6.0,6.0,46.0,3.3,0.23,0.26,4.0,4.0,1
15247,3.0,2.0,29.3,2.9,-0.59,-0.93,3.0,5.0,1
15250,2.0,2.0,38.5,3.8,-0.95,-0.9,2.0,5.0,1
15251,3.0,2.0,30.0,3.2,-0.43,-0.93,4.0,4.0,1
15255,8.0,7.0,40.0,3.3,0.75,0.46,4.0,3.0,1
15256,6.0,7.0,45.0,3.9,0.2,0.49,3.0,4.0,1
15262,7.0,7.0,44.0,3.8,0.37,0.3,4.0,6.0,1
15263,10.0,9.0,35.0,2.9,1.72,1.11,3.0,5.0,1
15265,1.0,1.0,29.0,3.6,-2.61,-1.86,4.0,5.0,1
15269,10.0,10.0,39.0,3.3,2.47,1.81,4.0,3.0,1
15275,9.0,8.0,31.5,3.0,0.9,0.76,4.0,3.0,1
15276,6.0,8.0,42.0,3.4,0.35,0.78,4.0,6.0,1
15278,4.0,3.0,39.0,2.9,-0.17,-0.63,4.0,4.0,1
15279,10.0,10.0,36.0,3.1,1.49,1.7,4.0,5.0,1
15280,7.0,6.0,44.0,3.6,0.54,0.05,2.0,5.0,1
15282,6.0,3.0,36.0,3.7,0.26,-0.66,4.0,3.0,0
15283,8.0,4.0,31.5,2.7,0.58,-0.46,3.0,3.0,1
15284,10.0,9.0,37.0,3.2,1.38,1.26,4.0,3.0,1
15288,5.0,2.0,35.0,3.5,-0.14,-1.04,2.0,4.0,1
15291,10.0,10.0,41.0,2.5,1.39,1.6,3.0,3.0,1
15294,8.0,8.0,43.0,3.4,0.57,0.58,3.0,3.0,1
15296,9.0,9.0,35.0,3.4,0.96,1.08,5.0,3.0,1
15297,4.0,5.0,42.0,3.3,-0.25,-0.2,5.0,5.0,1
15298,5.0,5.0,43.0,3.1,-0.05,-0.07,3.0,3.0,1
15299,9.0,10.0,39.0,2.7,1.03,2.05,2.0,3.0,1
15301,6.0,2.0,35.0,3.5,0.12,-0.87,4.0,6.0,1
15305,8.0,9.0,41.0,3.6,0.72,1.09,4.0,5.0,1
15307,4.0,5.0,36.0,2.6,-0.23,-0.17,3.0,5.0,1
15308,3.0,3.0,41.0,3.7,-0.61,-0.72,3.0,6.0,1
15314,9.0,9.0,43.0,3.6,0.95,1.1,3.0,4.0,1
15318,2.0,2.0,31.0,2.8,-0.98,-1.17,3.0,3.0,0
15319,1.0,1.0,35.0,3.3,-2.74,-2.42,3.0,3.0,0
15321,8.0,8.0,35.5,2.9,0.65,0.91,4.0,1.0,1
15326,5.0,5.0,35.0,3.1,-0.03,-0.13,4.0,3.0,1
15327,7.0,8.0,40.0,3.8,0.52,0.81,4.0,4.0,1
15330,1.0,1.0,28.0,3.7,-1.55,-1.61,3.0,5.0,0
15333,10.0,10.0,41.0,3.5,1.34,1.52,3.0,4.0,1
15335,7.0,1.0,27.3,3.0,0.37,-1.36,4.0,3.0,0
15341,9.0,10.0,39.0,3.3,1.19,1.66,2.0,4.0,1
15342,7.0,6.0,33.0,3.5,0.43,0.19,3.0,4.0,1
15343,4.0,6.0,42.0,3.2,-0.39,0.11,4.0,5.0,1
15344,1.0,2.0,29.0,3.5,-1.36,-1.26,4.0,3.0,0
15348,2.0,5.0,39.0,3.6,-0.87,-0.22,4.0,4.0,1
15349,4.0,6.0,38.0,3.2,-0.36,0.01,4.0,3.0,1
15350,8.0,8.0,23.5,3.6,0.69,0.81,3.0,1.0,1
15351,8.0,6.0,37.0,3.6,0.69,0.25,4.0,3.0,1
15352,3.0,3.0,29.7,3.7,-0.47,-0.59,2.0,3.0,1
15353,2.0,2.0,34.0,3.2,-0.84,-0.89,3.0,3.0,1
15354,10.0,10.0,41.0,3.6,1.91,1.95,4.0,3.0,1
15355,10.0,10.0,36.0,2.4,1.35,2.14,4.0,4.0,1
15356,5.0,5.0,40.0,3.1,0.0,-0.22,4.0,4.0,1
15358,5.0,6.0,41.0,3.9,-0.15,0.16,2.0,6.0,1
15359,4.0,3.0,33.0,3.9,-0.31,-0.57,3.0,4.0,1
15360,8.0,8.0,33.5,3.4,0.61,0.63,3.0,3.0,1
15365,10.0,10.0,39.0,3.4,2.24,2.06,4.0,3.0,1
15366,5.0,6.0,43.0,3.5,-0.05,0.25,4.0,4.0,1
15367,3.0,3.0,38.0,3.6,-0.71,-0.77,4.0,6.0,1
15368,2.0,2.0,44.0,3.7,-0.76,-0.86,3.0,5.0,1
15369,8.0,6.0,35.0,3.5,0.69,0.2,2.0,5.0,1
15370,4.0,8.0,34.0,3.5,-0.32,0.58,4.0,3.0,1
15373,10.0,10.0,41.0,3.1,2.75,2.08,3.0,3.0,1
15374,9.0,6.0,33.0,2.6,1.19,0.15,4.0,4.0,1
15378,6.0,7.0,42.0,3.5,0.23,0.48,5.0,6.0,1
15380,7.0,7.0,37.0,3.9,0.37,0.51,4.0,4.0,1
15381,1.0,1.0,21.0,2.3,-1.8,-1.98,2.0,3.0,0
15386,5.0,6.0,40.0,2.9,0.04,0.02,4.0,4.0,1
15387,6.0,4.0,38.0,3.1,0.27,-0.39,3.0,5.0,1
15388,6.0,4.0,35.0,3.2,0.21,-0.31,4.0,4.0,1
15389,1.0,10.0,45.0,3.6,-1.26,1.39,5.0,5.0,1
15391,2.0,1.0,25.0,2.0,-0.77,-1.33,2.0,1.0,0
15392,4.0,4.0,27.0,3.9,-0.23,-0.36,3.0,3.0,0
15394,1.0,1.0,26.0,2.9,-1.55,-1.92,4.0,4.0,0
15398,3.0,5.0,39.0,3.4,-0.72,-0.19,4.0,4.0,1
15400,7.0,4.0,42.0,3.2,0.3,-0.48,3.0,5.0,1
15401,4.0,5.0,31.5,3.1,-0.35,-0.12,3.0,3.0,1
15402,6.0,5.0,43.0,3.0,0.2,-0.07,1.0,6.0,1
15407,5.0,4.0,39.0,2.9,-0.17,-0.37,3.0,5.0,0
15408,2.0,2.0,39.0,3.3,-1.09,-0.9,2.0,4.0,1
15411,10.0,10.0,37.0,3.8,1.4,1.86,3.0,4.0,1
15412,9.0,9.0,37.0,3.7,0.98,1.03,4.0,2.0,1
15418,2.0,2.0,17.0,2.5,-1.0,-0.97,3.0,2.0,0
15420,3.0,3.0,40.0,3.4,-0.63,-0.81,5.0,5.0,1
15424,2.0,2.0,24.0,2.6,-0.89,-0.89,4.0,4.0,0
15427,2.0,1.0,28.0,3.3,-0.91,-1.35,4.0,3.0,1
15429,9.0,8.0,35.0,2.7,1.08,0.61,3.0,3.0,1
15431,9.0,9.0,45.0,3.2,1.15,1.01,3.0,3.0,1
15432,7.0,4.0,35.0,3.5,0.34,-0.5,4.0,3.0,1
15433,4.0,4.0,28.0,2.8,-0.34,-0.6,3.0,2.0,1
15434,8.0,8.0,34.0,2.4,0.7,0.81,4.0,4.0,1
15435,3.0,4.0,29.5,3.9,-0.6,-0.5,5.0,3.0,0
15437,2.0,1.0,27.5,2.7,-1.02,-1.63,4.0,3.0,0
15439,2.0,2.0,37.0,3.0,-0.89,-1.19,2.0,3.0,1
15441,10.0,10.0,40.0,3.6,1.52,1.29,4.0,4.0,1
15442,4.0,2.0,30.5,3.4,-0.41,-1.29,4.0,5.0,1
15444,4.0,3.0,34.0,3.5,-0.24,-0.68,4.0,4.0,1
15447,3.0,4.0,28.0,3.1,-0.44,-0.5,3.0,3.0,1
15451,10.0,10.0,36.0,3.5,2.09,2.14,3.0,3.0,1
15459,5.0,5.0,37.0,3.2,-0.05,-0.11,3.0,3.0,1
15460,2.0,2.0,38.0,3.8,-1.0,-0.9,1.0,4.0,1
15461,4.0,6.0,29.0,2.7,-0.4,0.17,1.0,5.0,1
15464,9.0,7.0,31.0,3.0,0.94,0.43,3.0,4.0,1
15465,1.0,1.0,41.0,3.6,-1.23,-1.7,2.0,5.0,1
15469,2.0,4.0,38.0,2.4,-0.79,-0.5,4.0,3.0,1
15470,3.0,2.0,36.0,3.3,-0.44,-0.99,4.0,3.0,1
15472,9.0,9.0,40.0,3.5,0.91,1.04,1.0,5.0,1
15473,3.0,4.0,38.0,3.8,-0.51,-0.29,5.0,3.0,1
15477,8.0,8.0,42.0,2.3,0.83,0.67,3.0,3.0,1
15478,3.0,3.0,33.0,3.7,-0.47,-0.59,4.0,5.0,1
15480,4.0,5.0,36.0,2.9,-0.34,-0.05,2.0,3.0,1
15483,10.0,9.0,42.0,3.7,1.53,1.08,4.0,4.0,1
15485,3.0,5.0,37.0,3.8,-0.67,-0.11,4.0,4.0,1
15486,7.0,7.0,46.0,3.1,0.57,0.32,2.0,4.0,1
15488,5.0,5.0,33.0,3.8,-0.11,-0.21,4.0,4.0,1
15492,9.0,10.0,31.0,3.4,1.01,1.68,4.0,3.0,1
15493,7.0,4.0,33.0,3.3,0.49,-0.34,5.0,5.0,1
15496,9.0,9.0,41.0,3.5,0.9,0.89,3.0,4.0,1
15497,8.0,9.0,37.0,3.5,0.82,0.92,4.0,4.0,1
15501,10.0,10.0,35.0,2.9,1.37,1.68,3.0,3.0,1
15506,6.0,9.0,37.0,2.8,0.24,1.02,5.0,5.0,1
15507,6.0,8.0,36.0,2.8,0.2,0.62,5.0,4.0,1
15509,9.0,7.0,36.0,2.7,0.86,0.44,5.0,2.0,1
15511,3.0,4.0,38.0,3.1,-0.55,-0.38,5.0,4.0,1
15515,4.0,4.0,34.0,2.5,-0.3,-0.38,2.0,2.0,0
15516,7.0,6.0,42.0,3.8,0.61,0.18,4.0,6.0,1
15517,1.0,1.0,43.0,3.0,-1.38,-1.56,5.0,5.0,1
15519,9.0,9.0,31.0,3.0,1.17,0.95,2.0,4.0,1
15520,1.0,1.0,34.0,2.9,-1.37,-1.46,3.0,3.0,0
15521,8.0,10.0,42.0,3.1,0.83,1.45,3.0,5.0,1
15522,7.0,7.0,35.0,3.9,0.38,0.43,3.0,4.0,1
15523,6.0,8.0,43.0,3.3,0.18,0.7,4.0,3.0,1
15527,3.0,3.0,28.0,3.0,-0.65,-0.57,2.0,4.0,1
15531,3.0,6.0,36.5,3.0,-0.44,0.04,4.0,4.0,1
15532,9.0,10.0,39.0,2.9,1.2,2.07,4.0,3.0,1
15535,7.0,8.0,32.0,3.4,0.32,0.67,4.0,3.0,1
15536,9.0,10.0,38.0,3.3,0.91,1.29,4.0,4.0,1
15538,9.0,9.0,36.0,3.3,0.98,1.12,3.0,4.0,1
15539,4.0,5.0,28.0,3.9,-0.37,-0.28,3.0,3.0,1
15541,7.0,8.0,43.0,3.6,0.49,0.54,4.0,5.0,1
15545,6.0,3.0,33.0,3.0,0.17,-0.59,3.0,3.0,1
15547,7.0,3.0,41.0,2.8,0.36,-0.52,4.0,6.0,1
15549,10.0,10.0,39.0,2.1,1.65,2.08,5.0,2.0,1
15551,2.0,1.0,36.0,3.6,-0.94,-1.33,4.0,3.0,1
15552,3.0,2.0,33.0,2.6,-0.56,-1.16,4.0,2.0,0
15553,3.0,5.0,34.0,3.1,-0.69,-0.05,3.0,3.0,1
15557,1.0,2.0,15.0,2.1,-1.22,-0.91,4.0,1.0,0
15558,10.0,9.0,34.0,3.6,1.6,1.04,5.0,4.0,1
15559,10.0,10.0,43.0,2.7,1.92,1.68,3.0,4.0,1
15561,7.0,8.0,44.0,3.6,0.38,0.59,4.0,6.0,1
15562,8.0,8.0,35.0,3.4,0.66,0.6,5.0,5.0,1
15567,10.0,7.0,35.0,2.9,1.44,0.37,2.0,4.0,1
15569,5.0,3.0,41.0,2.6,-0.12,-0.52,4.0,5.0,1
15570,9.0,9.0,40.0,3.4,1.25,1.19,4.0,3.0,1
15572,4.0,3.0,37.0,3.4,-0.17,-0.55,2.0,4.0,1
15573,7.0,7.0,36.0,3.2,0.44,0.38,4.0,4.0,1
15574,8.0,9.0,32.5,3.9,0.62,1.14,3.0,3.0,1
15576,2.0,3.0,39.0,2.9,-1.06,-0.61,4.0,5.0,1
15580,1.0,1.0,25.0,2.6,-1.11,-1.55,5.0,2.0,0
15582,10.0,10.0,28.0,3.6,1.51,1.47,4.0,3.0,1
15586,1.0,1.0,34.0,3.4,-1.98,-2.06,2.0,4.0,0
15588,7.0,7.0,44.0,3.6,0.4,0.54,4.0,5.0,1
15589,2.0,2.0,39.0,3.1,-1.0,-1.21,3.0,5.0,1
15590,7.0,6.0,45.0,3.5,0.34,0.05,3.0,5.0,1
15591,1.0,1.0,34.0,3.2,-1.31,-1.64,1.0,5.0,1
15592,5.0,7.0,46.0,3.3,0.07,0.32,1.0,4.0,1
15593,7.0,7.0,40.0,3.1,0.46,0.43,4.0,3.0,1
15594,7.0,3.0,43.0,3.5,0.52,-0.79,4.0,5.0,1
15595,10.0,10.0,26.7,3.1,1.55,1.49,3.0,1.0,1
15597,7.0,8.0,37.0,3.0,0.4,0.7,4.0,4.0,1
15599,7.0,8.0,39.0,3.4,0.37,0.56,3.0,3.0,1
15601,7.0,3.0,45.0,3.2,0.39,-0.8,4.0,4.0,1
15603,7.0,6.0,43.0,3.9,0.35,0.24,5.0,6.0,1
15608,1.0,2.0,35.0,2.8,-1.16,-1.08,3.0,3.0,0
15609,10.0,10.0,38.0,3.6,1.6,1.37,2.0,3.0,1
15611,4.0,5.0,31.0,3.3,-0.24,-0.21,4.0,3.0,1
15614,10.0,10.0,40.0,3.1,1.34,1.38,3.0,3.0,1
15615,1.0,2.0,41.0,3.1,-1.76,-1.17,3.0,4.0,1
15618,5.0,4.0,31.0,2.7,-0.16,-0.5,4.0,2.0,1
15621,5.0,5.0,46.0,3.6,-0.13,-0.16,4.0,5.0,1
15622,1.0,2.0,29.0,3.0,-1.71,-1.32,2.0,4.0,0
15623,10.0,10.0,47.0,3.8,2.08,1.93,3.0,5.0,1
15625,10.0,10.0,48.0,3.2,1.78,1.6,2.0,3.0,1
15626,4.0,5.0,40.0,3.2,-0.42,-0.18,5.0,5.0,1
15630,7.0,6.0,31.0,3.3,0.47,0.07,3.0,2.0,1
15636,2.0,1.0,25.5,3.4,-0.76,-1.63,1.0,4.0,1
15640,5.0,5.0,46.0,3.5,0.0,-0.04,4.0,6.0,1
15641,8.0,7.0,43.0,3.3,0.68,0.5,4.0,4.0,1
15644,5.0,3.0,38.0,3.0,0.04,-0.53,4.0,6.0,1
15647,8.0,7.0,45.0,3.6,0.9,0.53,2.0,6.0,1
15659,6.0,7.0,39.0,3.1,0.19,0.36,4.0,3.0,1
15661,3.0,4.0,30.0,3.1,-0.6,-0.43,3.0,3.0,1
15666,1.0,1.0,36.0,3.7,-2.3,-2.22,3.0,3.0,1
15669,10.0,10.0,31.0,3.4,1.31,1.58,4.0,3.0,1
15670,5.0,3.0,33.0,3.9,-0.13,-0.69,4.0,4.0,1
15672,8.0,7.0,42.0,3.3,0.74,0.52,4.0,4.0,1
15675,10.0,9.0,40.0,3.3,1.33,1.09,5.0,3.0,1
15677,10.0,8.0,44.0,3.4,1.35,0.61,4.0,4.0,1
15682,4.0,3.0,29.5,2.9,-0.35,-0.68,3.0,4.0,1
15687,3.0,4.0,44.0,3.4,-0.5,-0.34,2.0,4.0,1
15688,1.0,1.0,20.0,3.2,-2.1,-1.48,2.0,3.0,0
15690,9.0,8.0,42.0,3.9,0.88,0.7,4.0,5.0,1
15693,3.0,4.0,46.0,3.2,-0.72,-0.3,4.0,5.0,1
15694,10.0,10.0,35.0,4.0,1.61,1.37,5.0,4.0,1
15698,8.0,8.0,38.0,3.5,0.71,0.65,3.0,3.0,1
15699,6.0,6.0,35.0,3.4,0.2,0.16,4.0,3.0,1
15700,9.0,10.0,38.0,3.8,1.26,1.55,4.0,3.0,1
15701,2.0,1.0,25.0,2.9,-1.11,-1.67,1.0,4.0,1
15709,6.0,3.0,32.0,3.1,0.07,-0.69,4.0,3.0,1
15713,6.0,8.0,30.5,3.1,0.27,0.81,4.0,3.0,1
15718,5.0,3.0,40.0,3.6,-0.01,-0.65,3.0,4.0,1
15719,9.0,9.0,40.0,2.7,1.08,1.19,4.0,3.0,1
15720,4.0,2.0,31.0,3.1,-0.39,-0.91,4.0,3.0,1
15724,2.0,4.0,32.0,3.1,-0.76,-0.41,4.0,3.0,1
15728,4.0,7.0,39.0,2.5,-0.29,0.34,5.0,5.0,1
15730,5.0,6.0,42.0,3.0,0.04,0.03,3.0,3.0,1
15736,5.0,6.0,29.0,2.9,-0.05,0.05,2.0,2.0,1
15738,9.0,10.0,38.0,3.1,1.15,1.3,4.0,4.0,1
15744,1.0,1.0,20.0,3.4,-2.41,-1.8,3.0,4.0,0
15745,7.0,6.0,47.0,4.0,0.31,0.22,4.0,5.0,1
15747,8.0,8.0,38.5,3.0,0.78,0.79,5.0,6.0,1
15750,4.0,5.0,34.0,3.7,-0.23,-0.2,2.0,3.0,1
15752,7.0,4.0,35.0,3.1,0.44,-0.37,5.0,4.0,1
15754,2.0,4.0,25.0,2.6,-0.73,-0.34,3.0,1.0,1
15759,9.0,9.0,34.0,3.7,0.97,1.03,3.0,4.0,1
15762,5.0,5.0,38.0,3.0,-0.03,-0.23,4.0,4.0,1
15766,2.0,5.0,32.0,3.3,-0.78,-0.02,4.0,3.0,1
15768,4.0,4.0,41.0,3.5,-0.32,-0.39,4.0,5.0,1
15769,8.0,6.0,37.0,3.1,0.78,0.19,4.0,4.0,1
15770,6.0,7.0,39.0,3.3,0.14,0.47,4.0,3.0,1
15774,6.0,6.0,38.0,3.4,0.14,0.02,4.0,4.0,1
15776,9.0,8.0,42.0,3.4,0.92,0.58,4.0,3.0,1
15778,4.0,2.0,28.0,3.0,-0.3,-1.0,4.0,4.0,0
15781,5.0,3.0,39.0,3.1,-0.01,-0.55,4.0,5.0,1
15784,2.0,3.0,30.0,2.9,-1.14,-0.82,2.0,4.0,1
15787,9.0,9.0,44.0,3.7,0.94,1.0,4.0,4.0,1
15789,4.0,5.0,42.0,3.3,-0.24,-0.1,5.0,5.0,1
15792,4.0,5.0,43.0,3.4,-0.3,-0.04,2.0,6.0,1
15793,7.0,6.0,39.0,3.3,0.53,0.19,2.0,3.0,1
15798,6.0,3.0,31.5,3.4,0.12,-0.55,3.0,4.0,1
15800,3.0,4.0,28.0,3.6,-0.57,-0.34,3.0,3.0,1
15801,1.0,1.0,30.5,3.3,-1.52,-1.62,3.0,3.0,1
15804,4.0,3.0,43.0,2.8,-0.39,-0.7,3.0,4.0,1
15805,10.0,10.0,40.0,3.2,1.92,1.46,4.0,3.0,1
15807,5.0,7.0,32.5,3.4,-0.03,0.44,3.0,2.0,1
15808,9.0,8.0,41.0,3.2,1.12,0.65,2.0,3.0,1
15809,3.0,2.0,38.5,3.0,-0.73,-0.99,5.0,4.0,1
15815,10.0,10.0,39.0,4.0,1.72,2.19,4.0,4.0,1
15817,6.0,8.0,35.7,3.6,0.1,0.71,2.0,4.0,1
15820,7.0,8.0,31.5,3.2,0.56,0.65,3.0,3.0,1
15821,2.0,3.0,36.0,3.1,-0.74,-0.84,3.0,3.0,0
15822,5.0,7.0,40.0,3.8,-0.05,0.41,4.0,4.0,1
15826,4.0,3.0,37.0,2.6,-0.25,-0.75,4.0,4.0,1
15828,7.0,7.0,36.0,3.7,0.33,0.3,2.0,4.0,1
15830,5.0,6.0,41.0,3.9,-0.04,0.05,4.0,6.0,1
15832,4.0,3.0,39.0,2.9,-0.29,-0.84,4.0,4.0,1
15836,8.0,8.0,35.0,3.4,0.71,0.66,4.0,3.0,1
15838,5.0,3.0,38.0,3.0,-0.05,-0.72,4.0,3.0,1
15840,8.0,6.0,41.0,3.2,0.76,0.04,4.0,4.0,1
15845,1.0,1.0,40.0,2.2,-1.65,-2.15,1.0,5.0,0
15846,6.0,4.0,46.0,2.6,0.1,-0.31,3.0,3.0,1
15847,4.0,6.0,32.0,3.2,-0.36,0.12,3.0,3.0,1
15850,5.0,3.0,38.0,3.6,-0.15,-0.67,3.0,4.0,1
15853,5.0,4.0,33.5,3.2,-0.08,-0.53,3.0,3.0,1
15856,9.0,7.0,16.0,3.3,1.0,0.38,1.0,1.0,1
15858,7.0,7.0,34.0,3.4,0.39,0.35,3.0,4.0,1
15862,7.0,4.0,26.0,3.9,0.31,-0.48,4.0,2.0,1
15865,10.0,10.0,40.0,3.3,1.7,2.21,4.0,3.0,1
15867,4.0,7.0,42.0,3.2,-0.24,0.27,4.0,5.0,1
15868,8.0,7.0,37.0,3.4,0.57,0.51,3.0,3.0,1
15876,4.0,3.0,32.0,3.3,-0.26,-0.74,4.0,3.0,1
15879,5.0,5.0,29.0,3.6,-0.1,-0.17,4.0,3.0,1
15880,5.0,4.0,34.0,3.4,-0.03,-0.3,4.0,5.0,1
15882,7.0,9.0,37.0,3.3,0.6,1.09,4.0,4.0,1
15884,4.0,4.0,29.0,3.5,-0.3,-0.47,4.0,3.0,1
15885,6.0,6.0,42.0,3.5,0.16,0.2,4.0,4.0,1
15886,4.0,5.0,37.0,3.1,-0.25,-0.12,5.0,3.0,1
15887,1.0,1.0,31.0,3.0,-1.8,-1.65,1.0,4.0,1
15889,9.0,10.0,45.0,3.6,1.02,1.39,3.0,5.0,1
15892,8.0,7.0,38.0,3.0,0.81,0.53,1.0,3.0,1
15902,7.0,6.0,34.0,2.7,0.46,0.19,4.0,2.0,1
15903,8.0,8.0,46.0,3.2,0.64,0.7,3.0,4.0,1
15915,3.0,3.0,39.0,3.1,-0.51,-0.6,4.0,3.0,1
15917,1.0,3.0,35.0,2.9,-1.23,-0.89,4.0,2.0,1
15921,3.0,6.0,44.0,3.0,-0.49,0.04,3.0,6.0,1
15923,6.0,5.0,41.0,3.2,0.21,-0.05,4.0,4.0,1
15924,9.0,7.0,34.0,3.3,0.97,0.4,3.0,4.0,1
15927,1.0,1.0,28.0,3.0,-1.77,-1.62,3.0,6.0,1
15929,1.0,1.0,35.0,3.3,-1.29,-1.6,5.0,4.0,1
15930,5.0,6.0,41.0,3.5,-0.16,0.04,3.0,5.0,1
15932,7.0,7.0,45.0,2.9,0.42,0.47,4.0,3.0,1
15937,10.0,10.0,36.0,3.9,1.32,1.36,2.0,4.0,1
15939,10.0,10.0,41.0,3.3,1.37,1.82,3.0,5.0,1
15942,8.0,8.0,40.0,3.6,0.6,0.65,4.0,5.0,1
15944,8.0,7.0,32.0,3.4,0.83,0.52,4.0,4.0,1
15945,6.0,6.0,33.0,3.0,0.17,0.05,4.0,3.0,1
15946,9.0,8.0,34.0,3.1,1.03,0.77,3.0,3.0,1
15947,10.0,5.0,34.0,3.3,2.45,0.0,5.0,6.0,1
15949,4.0,5.0,41.0,3.6,-0.26,-0.06,4.0,5.0,1
15951,3.0,3.0,28.0,3.5,-0.66,-0.8,3.0,3.0,1
15954,6.0,5.0,36.0,2.8,0.31,-0.07,4.0,4.0,1
15958,8.0,7.0,37.0,3.5,0.7,0.37,4.0,4.0,1
15959,1.0,2.0,31.0,2.9,-1.38,-1.16,4.0,5.0,0
15960,8.0,8.0,39.0,3.0,0.57,0.78,4.0,3.0,1
15962,9.0,9.0,43.0,3.5,1.0,0.93,3.0,4.0,1
15964,3.0,2.0,35.0,3.7,-0.54,-1.17,2.0,3.0,1
15966,6.0,6.0,35.0,3.2,0.11,0.2,5.0,4.0,1
15968,2.0,3.0,37.0,3.5,-0.79,-0.78,4.0,3.0,1
15971,9.0,5.0,36.0,3.3,1.06,-0.05,3.0,3.0,1
15972,3.0,3.0,35.0,2.7,-0.6,-0.79,3.0,2.0,1
15975,3.0,1.0,42.0,3.0,-0.69,-1.46,4.0,4.0,1
15977,5.0,2.0,46.0,3.6,-0.15,-1.0,3.0,6.0,1
15979,8.0,8.0,34.5,3.3,0.6,0.69,5.0,3.0,1
15984,3.0,4.0,39.0,3.3,-0.62,-0.31,4.0,4.0,1
15988,1.0,1.0,27.0,2.6,-1.28,-1.36,3.0,3.0,1
15991,8.0,8.0,41.0,3.7,0.88,0.76,2.0,4.0,1
15999,1.0,1.0,47.0,3.5,-1.2,-1.48,4.0,5.0,1
16000,1.0,2.0,40.0,3.3,-1.28,-1.01,2.0,5.0,0
16001,3.0,2.0,35.0,3.1,-0.53,-0.9,4.0,3.0,1
16002,7.0,5.0,38.0,2.9,0.4,-0.01,4.0,4.0,1
16003,5.0,5.0,35.0,3.1,-0.08,-0.22,4.0,3.0,1
16008,5.0,4.0,38.0,3.5,-0.06,-0.37,4.0,3.0,1
16009,4.0,4.0,37.0,3.5,-0.39,-0.39,4.0,4.0,1
16015,7.0,5.0,38.0,3.4,0.37,-0.1,3.0,3.0,1
16016,1.0,1.0,22.0,2.5,-1.64,-2.05,1.0,3.0,0
16017,3.0,4.0,32.0,2.6,-0.63,-0.45,3.0,3.0,1
16020,8.0,4.0,42.0,3.7,0.66,-0.26,4.0,5.0,1
16022,3.0,5.0,27.5,2.4,-0.45,-0.24,3.0,1.0,1
16029,2.0,5.0,29.5,3.1,-0.81,-0.11,4.0,3.0,0
16030,9.0,8.0,39.0,3.6,0.96,0.82,3.0,4.0,1
16033,7.0,8.0,27.0,2.8,0.4,0.84,2.0,1.0,1
16035,5.0,5.0,37.0,3.3,-0.03,-0.22,3.0,5.0,1
16037,10.0,9.0,33.5,3.2,1.41,1.21,4.0,3.0,1
16038,5.0,1.0,36.0,2.3,0.01,-1.53,2.0,4.0,1
16041,6.0,6.0,36.0,3.1,0.11,0.08,4.0,3.0,0
16042,5.0,4.0,36.0,2.7,-0.15,-0.29,3.0,3.0,1
16043,9.0,10.0,43.0,2.9,1.08,1.63,4.0,5.0,1
16045,9.0,9.0,38.0,3.0,1.03,1.15,4.0,4.0,1
16046,8.0,8.0,45.0,3.1,0.8,0.61,3.0,5.0,1
16047,4.0,5.0,37.0,3.0,-0.21,-0.14,3.0,3.0,1
16048,6.0,7.0,38.0,3.9,0.19,0.37,4.0,4.0,1
16050,10.0,10.0,37.0,3.7,2.39,2.02,4.0,2.0,1
16051,10.0,9.0,39.0,2.8,1.34,1.15,3.0,3.0,1
16052,4.0,4.0,35.5,3.4,-0.19,-0.44,4.0,3.0,0
16053,1.0,1.0,38.0,2.9,-1.45,-1.74,4.0,2.0,0
16057,9.0,10.0,41.0,3.8,0.99,1.29,4.0,4.0,1
16058,9.0,9.0,45.0,3.0,1.08,1.26,5.0,3.0,1
16060,5.0,4.0,38.0,2.9,0.04,-0.37,4.0,4.0,1
16061,8.0,6.0,44.0,3.2,0.77,0.21,5.0,4.0,1
16064,3.0,2.0,37.0,3.2,-0.55,-0.9,3.0,6.0,1
16067,8.0,7.0,36.0,3.0,0.63,0.45,4.0,2.0,1
16068,10.0,10.0,39.0,3.1,1.64,2.01,3.0,3.0,1
16069,10.0,10.0,47.0,3.9,1.89,2.29,2.0,3.0,1
16071,9.0,8.0,34.0,2.8,0.93,0.71,2.0,2.0,1
16072,9.0,10.0,41.0,2.9,1.16,1.41,4.0,5.0,1
16073,6.0,5.0,35.0,3.5,0.3,-0.25,2.0,3.0,0
16074,9.0,9.0,36.0,3.5,1.07,1.1,3.0,4.0,1
16077,2.0,1.0,33.5,2.6,-1.03,-1.53,4.0,3.0,1
16079,2.0,4.0,41.0,3.1,-0.86,-0.38,3.0,3.0,1
16082,10.0,10.0,47.0,4.0,1.83,2.14,4.0,4.0,1
16084,1.0,1.0,28.5,3.5,-1.09,-1.48,3.0,2.0,0
16086,3.0,3.0,44.0,2.7,-0.64,-0.81,4.0,4.0,1
16087,6.0,8.0,40.0,3.5,0.27,0.58,2.0,3.0,1
16089,9.0,9.0,39.0,3.3,1.01,1.19,4.0,2.0,1
16090,1.0,4.0,39.0,3.2,-1.29,-0.27,3.0,5.0,1
16091,10.0,10.0,41.5,2.8,1.72,1.6,5.0,4.0,1
16092,6.0,6.0,29.0,3.5,0.2,0.04,3.0,3.0,1
16093,10.0,10.0,36.5,3.1,1.83,1.99,4.0,3.0,1
16094,8.0,8.0,34.0,2.9,0.62,0.74,4.0,3.0,1
16095,9.0,8.0,46.0,3.1,1.04,0.61,4.0,5.0,1
16096,3.0,4.0,42.0,3.5,-0.72,-0.37,4.0,4.0,1
16097,2.0,5.0,44.0,3.2,-0.88,-0.04,4.0,5.0,1
16098,4.0,4.0,42.0,2.4,-0.26,-0.35,3.0,5.0,1
16099,6.0,8.0,43.0,4.0,0.22,0.61,4.0,3.0,1
16100,3.0,1.0,22.7,2.3,-0.36,-1.46,5.0,1.0,0
16101,6.0,7.0,39.0,3.2,0.05,0.26,4.0,3.0,1
16103,8.0,6.0,38.0,3.7,0.57,0.07,3.0,5.0,1
16104,10.0,10.0,34.0,3.7,2.39,2.14,3.0,2.0,1
16105,6.0,6.0,36.0,2.9,0.27,0.09,4.0,3.0,1
16106,2.0,3.0,40.0,3.0,-0.82,-0.73,3.0,3.0,1
16107,5.0,3.0,35.0,3.2,0.02,-0.84,4.0,3.0,0
16108,1.0,1.0,41.0,3.4,-1.14,-2.15,4.0,3.0,1
16110,1.0,1.0,27.0,2.6,-2.11,-1.58,5.0,3.0,1
16116,10.0,10.0,48.0,3.6,1.71,1.55,4.0,4.0,1
16117,1.0,4.0,37.0,3.9,-1.16,-0.31,3.0,3.0,1
16118,9.0,10.0,45.0,3.6,1.03,1.86,2.0,4.0,1
16122,10.0,10.0,31.0,3.2,1.55,1.4,4.0,3.0,1
16123,3.0,5.0,47.0,3.4,-0.48,-0.16,5.0,5.0,1
16130,3.0,4.0,36.0,3.4,-0.45,-0.38,4.0,4.0,1
16131,4.0,5.0,37.0,3.7,-0.24,-0.16,5.0,6.0,1
16132,5.0,5.0,34.0,3.7,-0.07,-0.27,4.0,3.0,1
16135,2.0,1.0,30.0,2.8,-1.14,-1.41,3.0,5.0,0
16136,4.0,5.0,40.0,3.1,-0.26,-0.04,4.0,5.0,1
16137,5.0,5.0,30.0,3.3,0.01,-0.04,4.0,3.0,1
16139,5.0,4.0,36.0,2.3,-0.1,-0.31,2.0,3.0,1
16142,2.0,3.0,34.0,2.7,-0.92,-0.65,4.0,3.0,1
16143,8.0,9.0,40.0,3.5,0.72,1.02,4.0,3.0,1
16144,10.0,10.0,41.5,2.4,1.67,1.72,4.0,3.0,1
16146,10.0,10.0,32.5,3.4,2.11,1.8,3.0,3.0,1
16147,9.0,9.0,36.0,3.0,0.9,1.02,4.0,2.0,1
16150,5.0,9.0,31.0,3.2,-0.04,1.06,2.0,2.0,1
16154,5.0,5.0,39.0,3.2,-0.01,-0.03,3.0,4.0,1
16155,2.0,2.0,31.0,3.7,-0.8,-1.21,4.0,3.0,1
16156,1.0,1.0,23.7,3.0,-1.62,-2.13,3.0,2.0,0
16159,5.0,5.0,41.0,3.1,-0.05,-0.16,4.0,3.0,1
16165,10.0,10.0,38.0,3.5,1.49,1.7,4.0,4.0,1
16166,7.0,6.0,40.0,3.4,0.54,0.24,4.0,3.0,1
16170,7.0,5.0,47.0,3.9,0.62,-0.1,4.0,6.0,1
16171,6.0,4.0,35.0,2.8,0.27,-0.34,2.0,3.0,1
16172,6.0,6.0,42.0,3.9,0.16,0.21,4.0,6.0,1
16173,4.0,4.0,36.0,3.1,-0.24,-0.28,4.0,4.0,1
16174,9.0,10.0,39.0,2.7,1.22,1.7,4.0,4.0,1
16178,2.0,3.0,42.0,2.8,-0.81,-0.55,4.0,4.0,1
16179,3.0,4.0,40.0,3.5,-0.67,-0.26,2.0,4.0,1
16181,1.0,2.0,37.0,3.7,-1.21,-1.25,5.0,4.0,1
16182,9.0,10.0,31.0,3.0,0.98,1.32,4.0,4.0,1
16184,6.0,7.0,48.0,3.6,0.14,0.32,3.0,5.0,1
16185,6.0,7.0,34.0,3.6,0.25,0.34,3.0,4.0,1
16186,6.0,6.0,37.0,3.5,0.13,0.09,3.0,3.0,1
16188,9.0,8.0,41.0,2.9,1.3,0.65,3.0,4.0,1
16189,1.0,2.0,30.0,2.9,-1.16,-0.89,1.0,4.0,1
16194,1.0,2.0,30.0,3.2,-1.51,-1.23,5.0,6.0,1
16195,5.0,8.0,33.0,3.6,0.0,0.6,4.0,3.0,1
16196,6.0,7.0,37.0,3.6,0.31,0.54,4.0,4.0,1
16197,10.0,10.0,48.0,3.8,1.78,1.96,3.0,4.0,1
16198,8.0,6.0,36.0,3.7,0.7,0.2,4.0,3.0,1
16200,3.0,3.0,31.0,3.9,-0.66,-0.57,2.0,4.0,1
16201,3.0,2.0,37.0,2.6,-0.46,-1.2,2.0,2.0,0
16202,10.0,10.0,41.0,3.5,2.15,2.15,3.0,3.0,1
16207,6.0,7.0,40.0,2.5,0.28,0.46,4.0,2.0,1
16209,5.0,3.0,33.0,3.0,-0.17,-0.69,4.0,3.0,1
16210,8.0,7.0,48.0,3.7,0.75,0.51,5.0,5.0,1
16211,3.0,2.0,37.0,3.7,-0.61,-1.12,3.0,3.0,1
16214,2.0,4.0,31.5,2.0,-0.68,-0.42,2.0,1.0,1
16215,9.0,9.0,44.0,3.2,1.03,1.14,5.0,6.0,1
16224,8.0,8.0,33.0,3.0,0.76,0.61,3.0,3.0,1
16226,3.0,3.0,36.0,3.0,-0.54,-0.72,3.0,5.0,1
16230,9.0,7.0,41.0,3.4,1.02,0.45,3.0,4.0,1
16232,1.0,4.0,31.0,3.3,-1.31,-0.48,3.0,5.0,1
16233,1.0,1.0,42.0,3.6,-2.13,-2.25,4.0,5.0,1
16234,10.0,10.0,48.0,3.7,1.77,1.59,4.0,6.0,1
16235,6.0,4.0,44.0,2.4,0.09,-0.26,4.0,5.0,1
16236,5.0,6.0,30.0,3.5,-0.05,0.03,4.0,3.0,1
16239,5.0,3.0,48.0,3.3,-0.02,-0.67,4.0,5.0,1
16241,3.0,4.0,36.0,3.7,-0.52,-0.42,4.0,3.0,1
16242,4.0,4.0,41.0,3.5,-0.2,-0.29,3.0,4.0,1
16244,1.0,1.0,24.0,2.8,-1.84,-2.22,4.0,4.0,0
16247,6.0,4.0,35.0,3.1,0.16,-0.41,4.0,3.0,1
16248,2.0,3.0,42.0,3.1,-0.82,-0.64,4.0,5.0,1
16251,4.0,3.0,30.0,3.2,-0.33,-0.72,5.0,3.0,0
16252,10.0,10.0,43.0,3.3,2.21,2.3,2.0,4.0,1
16254,7.0,8.0,41.0,2.3,0.45,0.74,3.0,5.0,1
16258,3.0,1.0,34.0,3.1,-0.65,-1.85,2.0,3.0,0
16259,4.0,3.0,41.0,3.6,-0.42,-0.57,4.0,5.0,1
16261,8.0,9.0,43.0,3.6,0.86,0.92,5.0,6.0,1
16264,9.0,6.0,42.0,3.2,1.06,0.18,3.0,4.0,1
16265,8.0,8.0,36.7,3.6,0.75,0.61,5.0,5.0,1
16266,9.0,9.0,37.0,3.4,1.09,1.01,4.0,3.0,1
16269,3.0,4.0,40.0,3.9,-0.54,-0.41,4.0,5.0,1
16271,2.0,4.0,32.0,3.1,-0.97,-0.51,4.0,3.0,0
16275,1.0,2.0,38.0,3.4,-1.83,-1.31,3.0,3.0,1
16276,9.0,9.0,37.0,2.7,0.98,1.13,1.0,4.0,1
16277,2.0,2.0,30.7,3.6,-0.97,-0.94,2.0,3.0,1
16279,7.0,8.0,39.0,2.3,0.53,0.7,3.0,5.0,1
16280,3.0,6.0,33.0,2.4,-0.47,0.04,2.0,2.0,1
16287,9.0,9.0,31.5,3.5,1.1,1.07,3.0,3.0,1
16288,1.0,1.0,36.0,2.4,-1.25,-1.65,5.0,3.0,1
16289,4.0,3.0,30.5,3.0,-0.4,-0.7,4.0,3.0,1
16291,3.0,4.0,32.0,2.5,-0.67,-0.42,2.0,3.0,1
16294,2.0,2.0,35.0,2.8,-0.71,-1.11,5.0,3.0,1
16297,6.0,5.0,47.0,3.9,0.22,-0.02,3.0,6.0,1
16298,3.0,2.0,42.0,2.9,-0.58,-0.91,4.0,4.0,1
16299,9.0,9.0,33.0,3.4,1.04,1.21,4.0,2.0,1
16304,9.0,10.0,33.5,3.2,1.12,1.36,3.0,3.0,1
16306,1.0,1.0,34.0,2.6,-1.78,-2.35,2.0,5.0,1
16308,2.0,2.0,41.0,3.1,-1.06,-1.27,5.0,5.0,1
16311,8.0,5.0,30.0,3.8,0.61,-0.21,4.0,3.0,0
16312,6.0,6.0,30.5,3.1,0.22,0.11,3.0,2.0,1
16313,6.0,6.0,38.0,3.6,0.25,0.04,5.0,3.0,1
16314,9.0,10.0,43.0,2.9,1.01,1.66,4.0,3.0,1
16315,5.0,5.0,36.0,2.7,-0.05,-0.17,2.0,3.0,1
16317,8.0,7.0,34.0,3.9,0.57,0.39,2.0,3.0,1
16320,10.0,9.0,36.5,3.8,1.37,1.18,3.0,3.0,1
16321,6.0,5.0,31.0,2.7,0.17,-0.09,5.0,5.0,1
16322,1.0,1.0,28.0,3.1,-2.16,-2.13,2.0,4.0,0
16323,2.0,4.0,30.0,3.6,-0.91,-0.37,3.0,3.0,1
16324,4.0,3.0,34.0,3.5,-0.26,-0.6,4.0,3.0,1
16327,9.0,9.0,39.0,3.2,0.92,1.27,4.0,4.0,1
16329,3.0,2.0,44.0,3.5,-0.69,-1.03,3.0,4.0,1
16330,6.0,5.0,47.0,4.0,0.2,-0.12,2.0,5.0,1
16332,7.0,6.0,22.0,2.9,0.4,0.12,4.0,1.0,1
16333,1.0,2.0,37.0,3.6,-2.79,-1.06,5.0,4.0,0
16334,10.0,5.0,41.0,3.1,1.71,-0.17,4.0,6.0,1
16337,6.0,8.0,43.0,3.7,0.31,0.73,3.0,4.0,1
16338,6.0,4.0,38.0,3.0,0.09,-0.42,4.0,3.0,1
16339,1.0,2.0,35.0,2.8,-1.34,-1.18,4.0,3.0,1
16341,6.0,4.0,39.0,3.3,0.1,-0.44,4.0,5.0,1
16343,4.0,4.0,36.0,3.3,-0.25,-0.51,3.0,5.0,1
16345,3.0,4.0,22.5,2.9,-0.45,-0.39,3.0,3.0,1
16346,10.0,10.0,35.0,2.9,2.05,1.71,5.0,5.0,1
16347,8.0,7.0,37.0,3.3,0.84,0.48,4.0,5.0,1
16348,10.0,10.0,48.0,3.4,2.12,1.83,4.0,6.0,1
16349,4.0,2.0,40.0,2.5,-0.24,-1.0,3.0,3.0,1
16351,9.0,9.0,32.0,2.4,1.1,0.95,4.0,2.0,1
16352,7.0,5.0,40.0,2.7,0.47,-0.06,4.0,5.0,1
16354,9.0,9.0,34.0,3.2,0.97,1.13,2.0,1.0,1
16357,2.0,2.0,35.0,3.9,-0.9,-0.89,1.0,4.0,1
16358,6.0,6.0,29.0,3.1,0.29,0.15,2.0,3.0,1
16359,1.0,3.0,40.0,3.7,-1.26,-0.64,3.0,5.0,1
16360,10.0,10.0,37.0,3.9,1.93,1.61,2.0,5.0,1
16361,4.0,5.0,30.0,2.6,-0.32,-0.25,3.0,4.0,1
16365,8.0,9.0,36.0,2.9,0.8,1.21,3.0,3.0,0
16366,3.0,1.0,22.5,3.1,-0.65,-1.97,3.0,5.0,0
16369,6.0,3.0,33.0,3.1,0.28,-0.67,4.0,3.0,1
16371,6.0,6.0,32.0,2.8,0.19,0.1,3.0,6.0,1
16372,4.0,3.0,41.0,3.0,-0.33,-0.66,5.0,4.0,1
16377,1.0,1.0,40.0,3.1,-2.15,-2.49,4.0,6.0,0
16379,3.0,3.0,40.0,3.4,-0.43,-0.81,5.0,3.0,1
16383,4.0,4.0,39.0,3.3,-0.39,-0.31,4.0,4.0,1
16390,9.0,9.0,46.0,3.1,1.0,1.21,5.0,6.0,1
16391,7.0,7.0,36.0,3.2,0.41,0.32,5.0,5.0,1
16392,2.0,1.0,31.0,3.1,-1.12,-1.34,3.0,4.0,1
16393,10.0,10.0,42.0,3.5,2.42,3.12,4.0,4.0,1
16395,3.0,6.0,35.0,3.2,-0.59,0.18,5.0,3.0,1
16397,5.0,4.0,42.0,3.6,-0.09,-0.46,3.0,4.0,1
16400,8.0,8.0,41.0,3.1,0.86,0.73,3.0,4.0,1
16401,10.0,10.0,42.0,3.8,1.49,1.61,5.0,4.0,1
16402,3.0,3.0,35.0,3.2,-0.46,-0.71,5.0,3.0,0
16403,2.0,2.0,37.0,3.7,-0.87,-1.16,3.0,3.0,0
16404,3.0,5.0,37.0,2.6,-0.59,-0.17,4.0,5.0,1
16405,6.0,8.0,34.0,3.1,0.19,0.58,4.0,2.0,1
16411,10.0,10.0,48.0,3.5,1.48,1.71,3.0,6.0,1
16412,6.0,6.0,31.0,2.9,0.26,0.11,3.0,3.0,1
16413,3.0,5.0,44.0,3.5,-0.52,-0.16,3.0,5.0,1
16415,9.0,7.0,26.5,3.3,0.89,0.33,2.0,3.0,1
16417,3.0,3.0,33.0,3.3,-0.59,-0.83,3.0,4.0,1
16419,2.0,1.0,34.5,2.4,-0.99,-1.63,4.0,2.0,1
16421,7.0,8.0,45.0,2.8,0.56,0.71,4.0,3.0,1
16423,1.0,1.0,20.0,3.1,-1.44,-1.75,2.0,2.0,0
16425,8.0,9.0,35.0,2.8,0.64,1.24,4.0,3.0,1
16427,4.0,3.0,33.0,2.9,-0.32,-0.86,3.0,2.0,1
16429,5.0,4.0,31.0,3.3,-0.16,-0.32,3.0,4.0,1
16432,10.0,9.0,33.0,3.6,2.02,1.27,5.0,3.0,1
16436,6.0,5.0,35.0,3.0,0.18,-0.21,3.0,4.0,1
16437,2.0,1.0,48.0,3.8,-0.89,-1.32,5.0,6.0,1
16438,2.0,2.0,36.0,2.9,-0.81,-1.21,3.0,5.0,0
16440,1.0,1.0,39.0,2.8,-1.96,-2.02,1.0,5.0,1
16441,10.0,10.0,44.0,3.1,1.91,1.46,4.0,3.0,1
16446,8.0,7.0,42.0,3.3,0.62,0.51,3.0,2.0,1
16448,7.0,7.0,31.0,3.2,0.41,0.47,5.0,3.0,1
16449,8.0,9.0,42.0,3.5,0.85,0.92,3.0,4.0,1
16455,1.0,1.0,26.0,3.3,-1.39,-1.5,3.0,3.0,0
16456,7.0,6.0,36.0,3.0,0.58,0.06,4.0,4.0,1
16460,1.0,3.0,25.0,2.9,-1.24,-0.62,4.0,3.0,0
16461,7.0,6.0,41.0,3.8,0.56,0.07,5.0,5.0,1
16467,8.0,7.0,37.0,3.3,0.62,0.27,4.0,5.0,1
16468,10.0,10.0,43.0,3.5,1.77,1.62,4.0,6.0,1
16469,1.0,3.0,32.5,2.3,-1.13,-0.64,4.0,2.0,0
16470,10.0,10.0,42.0,3.7,1.9,1.65,4.0,5.0,1
16471,2.0,2.0,36.5,3.3,-0.79,-0.97,4.0,3.0,1
16473,1.0,1.0,29.0,2.3,-1.16,-1.34,4.0,2.0,0
16474,10.0,10.0,38.0,3.6,1.85,1.47,3.0,4.0,1
16479,9.0,7.0,48.0,3.8,1.21,0.46,4.0,5.0,1
16482,4.0,9.0,40.0,2.7,-0.39,1.14,4.0,5.0,1
16486,9.0,6.0,37.0,3.4,1.05,0.1,4.0,3.0,1
16489,8.0,9.0,47.0,3.2,0.69,0.93,4.0,4.0,1
16490,2.0,3.0,38.0,3.8,-0.81,-0.78,3.0,4.0,1
16492,3.0,1.0,30.0,3.1,-0.69,-1.68,4.0,3.0,1
16494,7.0,6.0,37.0,3.1,0.51,0.05,4.0,3.0,1
16497,2.0,1.0,38.0,3.5,-1.05,-1.5,5.0,3.0,1
16498,10.0,9.0,39.0,2.8,1.42,1.3,5.0,3.0,1
16505,4.0,4.0,41.0,3.5,-0.24,-0.56,3.0,3.0,1
16508,9.0,7.0,42.0,3.3,0.89,0.49,5.0,3.0,1
16509,6.0,3.0,28.5,3.0,0.09,-0.73,4.0,2.0,1
16510,10.0,10.0,40.0,3.6,2.38,2.57,3.0,3.0,1
16511,8.0,7.0,40.0,2.9,0.65,0.51,3.0,4.0,1
16512,10.0,10.0,36.0,3.1,1.61,1.91,4.0,3.0,1
16513,6.0,7.0,43.0,3.7,0.26,0.38,4.0,4.0,1
16517,9.0,8.0,35.0,3.4,1.04,0.7,4.0,2.0,1
16518,2.0,3.0,33.0,3.8,-0.78,-0.55,2.0,4.0,0
16519,7.0,6.0,33.0,2.7,0.47,0.1,3.0,4.0,1
16521,10.0,10.0,38.0,2.5,2.1,1.48,5.0,3.0,1
16525,8.0,9.0,36.0,4.0,0.88,0.98,4.0,4.0,1
16527,1.0,1.0,38.0,3.7,-1.44,-1.68,4.0,6.0,1
16533,1.0,1.0,36.0,2.5,-1.39,-1.33,2.0,3.0,1
16534,6.0,5.0,45.0,3.5,0.21,-0.01,4.0,6.0,1
16535,2.0,4.0,27.0,2.7,-0.73,-0.56,4.0,3.0,0
16537,1.0,1.0,35.0,3.3,-1.78,-1.8,3.0,4.0,1
16538,5.0,6.0,36.0,3.5,-0.1,0.06,4.0,3.0,1
16539,3.0,1.0,45.0,3.0,-0.55,-1.37,4.0,4.0,1
16540,10.0,10.0,37.0,2.6,1.69,1.32,4.0,3.0,1
16541,3.0,3.0,37.0,3.2,-0.64,-0.87,4.0,4.0,1
16546,6.0,3.0,38.0,2.7,0.21,-0.65,3.0,5.0,1
16548,9.0,7.0,36.0,3.4,1.1,0.46,3.0,4.0,1
16550,2.0,2.0,33.0,3.8,-0.93,-1.05,3.0,4.0,0
16553,10.0,9.0,40.0,2.8,2.0,1.07,4.0,5.0,1
16555,1.0,1.0,42.0,3.6,-2.41,-1.8,4.0,6.0,1
16557,3.0,3.0,34.0,2.7,-0.65,-0.82,4.0,4.0,0
16558,7.0,7.0,36.0,3.0,0.48,0.35,3.0,2.0,1
16560,4.0,5.0,41.0,3.3,-0.26,-0.25,4.0,3.0,1
16561,7.0,7.0,33.5,3.7,0.5,0.49,3.0,3.0,1
16563,7.0,8.0,42.0,3.1,0.36,0.66,4.0,3.0,1
16565,8.0,8.0,42.0,3.5,0.65,0.6,3.0,4.0,1
16566,9.0,10.0,34.0,3.2,1.09,1.68,3.0,3.0,1
16567,9.0,10.0,41.0,3.8,1.16,1.33,4.0,4.0,1
16569,7.0,8.0,45.0,3.8,0.31,0.85,4.0,5.0,1
16570,9.0,10.0,41.0,3.7,1.22,1.45,4.0,4.0,1
16571,6.0,8.0,39.0,3.6,0.15,0.61,5.0,4.0,1
16572,6.0,6.0,31.0,3.3,0.22,0.15,5.0,3.0,1
16581,6.0,4.0,45.0,2.9,0.16,-0.37,4.0,5.0,1
16583,8.0,6.0,37.0,3.3,0.88,0.25,4.0,4.0,1
16591,9.0,8.0,42.0,3.6,0.94,0.62,3.0,2.0,1
16595,8.0,3.0,34.0,2.9,0.66,-0.71,4.0,3.0,1
16597,3.0,6.0,38.0,3.3,-0.48,0.17,4.0,3.0,1
16599,9.0,8.0,38.0,3.5,0.99,0.63,5.0,3.0,1
16601,5.0,8.0,37.0,3.1,-0.01,0.59,3.0,3.0,1
16603,9.0,8.0,30.0,3.2,0.96,0.68,4.0,2.0,1
16607,7.0,5.0,35.0,3.4,0.51,-0.13,4.0,3.0,1
16609,4.0,7.0,36.0,3.3,-0.25,0.47,4.0,4.0,1
16610,9.0,9.0,36.0,3.4,1.15,1.15,4.0,4.0,1
16612,9.0,10.0,41.0,3.0,1.34,1.69,2.0,6.0,1
16613,7.0,6.0,48.0,3.3,0.51,0.06,3.0,6.0,1
16620,9.0,10.0,42.0,3.6,1.34,1.36,5.0,6.0,1
16621,1.0,1.0,36.0,2.9,-1.21,-1.38,4.0,5.0,1
16623,2.0,1.0,22.5,1.9,-0.79,-1.38,3.0,2.0,0
16624,3.0,5.0,33.0,3.3,-0.63,-0.23,3.0,3.0,1
16626,10.0,9.0,41.0,3.5,1.66,1.12,4.0,4.0,1
16629,6.0,4.0,47.0,3.2,0.06,-0.3,3.0,3.0,1
16631,4.0,3.0,32.0,3.5,-0.36,-0.74,3.0,2.0,1
16632,8.0,7.0,33.0,3.1,0.61,0.47,4.0,3.0,1
16635,6.0,3.0,42.0,3.2,0.16,-0.52,4.0,6.0,1
16636,6.0,6.0,42.5,3.4,0.19,0.16,5.0,4.0,1
16637,1.0,1.0,39.0,3.4,-1.79,-2.19,3.0,6.0,1
16638,8.0,9.0,42.0,3.0,0.72,1.19,4.0,4.0,1
16642,4.0,5.0,37.0,3.7,-0.42,-0.22,3.0,5.0,1
16643,2.0,4.0,40.0,3.3,-0.81,-0.56,4.0,3.0,1
16648,3.0,3.0,37.0,3.6,-0.56,-0.53,2.0,5.0,1
16652,4.0,6.0,36.0,3.6,-0.18,0.05,3.0,4.0,1
16658,10.0,10.0,33.0,3.6,2.13,2.38,3.0,3.0,1
16662,1.0,1.0,23.0,2.9,-1.44,-1.97,4.0,4.0,1
16664,6.0,7.0,37.0,2.5,0.09,0.48,4.0,5.0,1
16667,1.0,3.0,36.0,2.9,-1.28,-0.77,3.0,3.0,1
16668,5.0,7.0,45.0,3.6,-0.15,0.4,3.0,6.0,1
16669,3.0,3.0,36.0,2.2,-0.47,-0.79,4.0,1.0,1
16671,3.0,2.0,29.5,3.0,-0.6,-0.94,4.0,2.0,0
16672,5.0,4.0,25.0,3.7,0.03,-0.39,4.0,2.0,1
16674,2.0,2.0,35.0,3.1,-0.73,-1.14,1.0,2.0,1
16675,6.0,5.0,37.0,3.4,0.16,-0.25,4.0,4.0,1
16678,7.0,6.0,32.5,2.6,0.41,0.23,3.0,3.0,1
16679,8.0,10.0,45.0,3.3,0.75,1.37,5.0,3.0,1
16681,3.0,5.0,35.5,2.3,-0.44,-0.3,3.0,2.0,0
16682,7.0,8.0,45.0,3.8,0.47,0.71,3.0,5.0,1
16683,8.0,8.0,41.0,3.2,0.63,0.78,3.0,4.0,1
16686,4.0,4.0,37.0,2.9,-0.36,-0.45,4.0,5.0,1
16692,6.0,4.0,30.0,2.0,0.3,-0.35,3.0,4.0,1
16693,6.0,8.0,36.0,3.7,0.24,0.79,2.0,3.0,1
16694,9.0,9.0,35.0,3.4,1.1,1.08,4.0,3.0,1
16697,5.0,4.0,42.0,2.5,0.0,-0.37,5.0,3.0,1
16699,10.0,10.0,47.0,3.3,1.42,1.57,4.0,5.0,1
16700,6.0,5.0,42.0,3.7,0.07,-0.09,3.0,5.0,1
16703,9.0,9.0,39.0,3.7,1.21,1.21,3.0,5.0,1
16705,2.0,4.0,35.5,3.2,-1.08,-0.54,4.0,3.0,1
16706,8.0,7.0,35.5,3.6,0.81,0.43,4.0,3.0,1
16711,3.0,3.0,42.0,2.9,-0.61,-0.81,4.0,4.0,1
16712,2.0,2.0,38.0,3.6,-1.03,-1.07,3.0,4.0,1
16713,5.0,8.0,45.0,3.0,0.02,0.6,4.0,4.0,1
16716,6.0,6.0,39.0,3.7,0.18,0.19,4.0,4.0,1
16719,1.0,1.0,31.0,3.7,-1.31,-1.82,3.0,5.0,1
16723,6.0,6.0,48.0,3.0,0.09,0.24,3.0,4.0,1
16724,10.0,9.0,44.0,3.9,1.32,1.09,3.0,4.0,1
16726,7.0,6.0,39.0,3.0,0.37,0.13,4.0,5.0,1
16728,4.0,4.0,37.0,2.9,-0.34,-0.33,3.0,3.0,0
16729,7.0,7.0,36.0,3.2,0.47,0.42,3.0,3.0,1
16730,6.0,5.0,29.0,3.5,0.1,-0.23,4.0,5.0,1
16732,6.0,8.0,20.0,2.6,0.35,0.85,3.0,1.0,0
16734,2.0,1.0,42.0,3.3,-0.79,-1.43,5.0,3.0,0
16735,5.0,6.0,39.0,3.4,-0.02,0.19,4.0,4.0,1
16736,1.0,1.0,31.0,2.6,-1.49,-1.64,3.0,3.0,0
16737,9.0,7.0,37.0,3.2,0.87,0.35,4.0,3.0,1
16740,1.0,2.0,36.0,2.7,-1.38,-1.25,3.0,3.0,1
16741,4.0,7.0,40.0,3.5,-0.42,0.44,5.0,5.0,1
16742,5.0,6.0,39.0,3.1,-0.16,0.15,5.0,3.0,1
16748,7.0,5.0,29.0,3.6,0.45,-0.04,3.0,4.0,1
16749,4.0,4.0,39.0,3.3,-0.43,-0.49,4.0,5.0,1
16753,7.0,7.0,39.0,3.0,0.49,0.37,5.0,6.0,1
16754,1.0,1.0,37.0,2.5,-1.45,-1.85,1.0,5.0,0
16758,9.0,8.0,25.0,4.0,0.86,0.8,3.0,2.0,1
16762,9.0,9.0,36.0,3.7,1.25,0.95,2.0,3.0,1
16765,3.0,5.0,35.0,3.6,-0.67,-0.05,4.0,4.0,1
16766,2.0,3.0,42.0,3.6,-0.88,-0.68,4.0,5.0,1
16767,7.0,6.0,38.0,3.7,0.55,0.11,4.0,5.0,1
16768,2.0,2.0,33.0,3.5,-1.07,-1.24,2.0,6.0,0
16770,1.0,1.0,41.0,2.3,-1.88,-1.5,5.0,4.0,1
16771,2.0,6.0,29.0,2.3,-0.97,0.12,4.0,1.0,1
16774,7.0,8.0,36.5,3.5,0.45,0.79,3.0,3.0,1
16775,5.0,5.0,35.0,2.8,-0.13,-0.11,4.0,2.0,1
16776,10.0,10.0,27.0,3.1,1.72,2.28,4.0,2.0,1
16778,5.0,4.0,39.0,3.7,-0.08,-0.24,4.0,5.0,1
16779,4.0,3.0,37.0,3.3,-0.34,-0.71,3.0,3.0,1
16783,4.0,8.0,37.0,2.9,-0.24,0.59,4.0,4.0,1
16784,4.0,4.0,38.0,3.4,-0.23,-0.32,5.0,4.0,1
16791,9.0,9.0,42.0,3.1,1.2,1.01,4.0,4.0,1
16802,1.0,1.0,37.0,2.2,-1.87,-2.09,4.0,4.0,1
16806,9.0,10.0,33.0,3.5,1.18,1.52,4.0,3.0,1
16809,4.0,5.0,38.0,2.6,-0.41,-0.01,2.0,4.0,1
16810,7.0,8.0,37.0,4.0,0.48,0.64,3.0,2.0,1
16811,9.0,9.0,41.0,3.8,1.16,1.16,3.0,4.0,1
16812,8.0,5.0,30.0,2.9,0.6,-0.14,3.0,2.0,1
16818,7.0,7.0,41.0,3.2,0.49,0.55,4.0,4.0,1
16820,4.0,8.0,41.0,2.6,-0.27,0.64,3.0,5.0,1
16824,7.0,6.0,33.0,3.2,0.53,0.16,3.0,3.0,1
16826,3.0,1.0,39.0,2.3,-0.52,-1.34,2.0,2.0,0
16827,8.0,4.0,32.0,3.5,0.61,-0.4,3.0,3.0,1
16828,7.0,5.0,37.0,2.9,0.34,-0.11,1.0,3.0,1
16830,10.0,10.0,42.0,3.8,2.05,1.74,4.0,5.0,1
16832,1.0,3.0,40.0,3.2,-1.3,-0.62,3.0,3.0,1
16835,8.0,8.0,45.0,3.2,0.84,0.82,4.0,5.0,1
16836,2.0,5.0,29.0,2.4,-0.87,-0.09,4.0,3.0,1
16840,2.0,3.0,39.0,2.9,-0.95,-0.87,4.0,3.0,0
16846,4.0,3.0,45.0,3.5,-0.21,-0.67,3.0,6.0,1
16849,6.0,9.0,29.0,3.1,0.22,1.17,3.0,3.0,1
16850,1.0,2.0,41.0,1.9,-1.79,-1.28,4.0,3.0,0
16852,6.0,7.0,42.0,3.7,0.29,0.3,2.0,6.0,1
16855,10.0,10.0,33.0,2.9,2.3,1.98,3.0,2.0,1
16857,10.0,10.0,42.0,3.1,2.39,2.06,3.0,5.0,1
16858,7.0,6.0,39.0,3.5,0.53,0.07,3.0,4.0,1
16859,7.0,7.0,34.0,3.0,0.4,0.29,3.0,3.0,0
16861,1.0,1.0,23.0,2.4,-1.75,-1.71,1.0,4.0,0
16862,3.0,5.0,28.0,2.5,-0.52,-0.22,4.0,2.0,1
16864,8.0,8.0,44.0,2.6,0.66,0.76,3.0,4.0,1
16865,7.0,3.0,38.0,2.4,0.43,-0.6,4.0,4.0,1
16868,2.0,4.0,46.0,3.5,-0.97,-0.37,4.0,5.0,1
16870,6.0,7.0,35.0,2.9,0.13,0.25,3.0,2.0,1
16871,7.0,3.0,41.0,3.2,0.32,-0.57,4.0,5.0,1
16872,10.0,9.0,41.0,3.1,1.34,0.92,1.0,2.0,1
16877,4.0,4.0,34.0,3.4,-0.43,-0.4,2.0,4.0,1
16882,7.0,8.0,42.0,3.9,0.39,0.73,3.0,4.0,1
16885,5.0,4.0,36.0,3.5,-0.16,-0.46,3.0,3.0,0
16887,10.0,9.0,41.0,3.3,1.32,1.07,4.0,4.0,1
16888,7.0,9.0,37.0,3.3,0.52,0.9,4.0,5.0,1
16889,10.0,9.0,33.0,3.1,1.52,1.07,3.0,4.0,1
16890,9.0,6.0,41.5,3.7,1.31,0.19,4.0,6.0,1
16891,9.0,9.0,36.0,2.8,1.23,0.89,4.0,2.0,1
16892,6.0,8.0,36.0,2.9,0.17,0.79,4.0,5.0,1
16894,1.0,1.0,21.0,2.1,-1.79,-1.77,4.0,2.0,0
16895,5.0,4.0,45.0,3.2,-0.16,-0.35,5.0,5.0,1
16897,7.0,8.0,41.0,3.4,0.55,0.81,4.0,5.0,1
16900,8.0,7.0,43.0,3.0,0.65,0.45,4.0,5.0,1
16901,10.0,9.0,38.0,3.3,1.32,1.25,3.0,3.0,1
16902,9.0,5.0,34.0,2.5,0.89,-0.22,2.0,3.0,1
16903,5.0,6.0,35.5,3.1,-0.08,0.06,4.0,3.0,1
16905,7.0,6.0,36.0,3.1,0.49,0.13,3.0,4.0,1
16906,6.0,6.0,36.0,3.1,0.12,0.04,3.0,3.0,1
16908,5.0,6.0,35.0,2.3,-0.1,0.06,4.0,2.0,1
16910,2.0,3.0,38.0,3.0,-0.95,-0.66,2.0,3.0,1
16913,3.0,3.0,41.0,3.4,-0.71,-0.7,4.0,4.0,1
16914,5.0,4.0,26.5,2.9,-0.03,-0.51,2.0,3.0,1
16918,6.0,4.0,38.5,3.0,0.2,-0.37,4.0,3.0,1
16920,3.0,3.0,41.0,2.9,-0.72,-0.62,3.0,4.0,1
16923,4.0,4.0,39.0,2.8,-0.19,-0.51,3.0,3.0,1
16924,6.0,5.0,48.0,3.7,0.2,-0.09,4.0,5.0,1
16926,7.0,8.0,28.0,3.4,0.51,0.8,3.0,3.0,1
16927,2.0,2.0,33.0,3.2,-0.82,-1.13,3.0,3.0,0
16929,3.0,4.0,35.0,2.8,-0.52,-0.36,2.0,1.0,0
16930,6.0,6.0,36.0,2.9,0.1,0.04,4.0,3.0,0
16933,10.0,10.0,34.0,3.0,2.42,2.19,4.0,3.0,1
16934,10.0,10.0,42.0,3.4,1.88,1.43,4.0,5.0,1
16937,1.0,1.0,24.0,2.3,-1.28,-2.47,4.0,3.0,0
16938,9.0,6.0,37.0,3.4,1.05,0.14,4.0,3.0,1
16940,4.0,3.0,37.0,3.4,-0.22,-0.72,3.0,4.0,1
16941,6.0,8.0,36.0,3.7,0.13,0.81,4.0,3.0,1
16943,4.0,7.0,41.0,3.2,-0.17,0.38,5.0,4.0,1
16945,6.0,4.0,35.0,3.0,0.31,-0.31,4.0,3.0,1
16947,1.0,3.0,38.0,3.5,-1.4,-0.78,3.0,3.0,1
16950,4.0,2.0,34.0,3.1,-0.4,-0.92,3.0,3.0,1
16951,10.0,10.0,41.0,3.7,2.67,2.47,4.0,4.0,1
16952,8.0,8.0,44.0,3.0,0.85,0.81,4.0,3.0,1
16954,5.0,5.0,38.0,2.7,-0.07,-0.09,4.0,3.0,1
16957,10.0,10.0,35.0,3.2,1.3,1.51,4.0,3.0,1
16958,5.0,5.0,37.0,3.4,-0.11,-0.1,4.0,6.0,1
16959,8.0,9.0,29.0,3.4,0.78,0.94,3.0,1.0,1
16962,9.0,8.0,44.0,3.4,1.09,0.73,5.0,3.0,1
16963,2.0,4.0,39.0,3.3,-0.85,-0.54,3.0,3.0,1
16966,6.0,9.0,35.0,3.8,0.24,1.04,3.0,3.0,1
16968,9.0,10.0,40.0,3.0,1.25,1.53,4.0,4.0,1
16969,9.0,10.0,43.0,3.4,1.37,1.55,4.0,6.0,1
16970,2.0,2.0,33.0,3.0,-0.82,-1.01,5.0,4.0,1
16975,8.0,8.0,36.5,3.2,0.63,0.75,3.0,5.0,1
16976,9.0,9.0,41.0,3.2,1.17,0.99,3.0,3.0,1
16980,2.0,1.0,34.5,2.6,-1.03,-1.37,4.0,3.0,1
16981,6.0,7.0,41.0,3.7,0.16,0.4,3.0,2.0,1
16983,4.0,5.0,36.0,3.1,-0.21,-0.17,3.0,3.0,1
16984,10.0,10.0,38.0,3.1,1.56,1.41,5.0,3.0,1
16987,4.0,5.0,41.0,3.0,-0.39,-0.23,2.0,4.0,1
16990,10.0,3.0,27.3,2.5,1.34,-0.76,2.0,3.0,0
16992,7.0,7.0,32.0,2.5,0.53,0.43,3.0,3.0,1
16993,7.0,7.0,36.0,2.8,0.53,0.42,5.0,3.0,1
16994,7.0,1.0,41.0,3.3,0.47,-1.35,3.0,3.0,1
16996,7.0,7.0,35.0,2.5,0.51,0.52,4.0,3.0,0
16997,8.0,7.0,36.0,3.0,0.61,0.48,3.0,3.0,1
16998,10.0,9.0,31.0,3.2,1.52,1.2,5.0,2.0,1
16999,7.0,5.0,39.0,3.6,0.54,-0.04,4.0,4.0,1
17000,3.0,2.0,27.0,3.3,-0.51,-1.17,2.0,1.0,1
17001,4.0,4.0,44.0,3.9,-0.25,-0.31,4.0,5.0,1
17003,9.0,10.0,39.0,3.5,1.4,1.35,4.0,6.0,1
17004,2.0,3.0,34.0,3.0,-1.09,-0.61,3.0,3.0,1
17005,5.0,4.0,26.0,3.0,-0.08,-0.53,4.0,2.0,1
17006,9.0,6.0,31.0,3.0,1.18,0.2,4.0,3.0,1
17010,6.0,4.0,40.0,3.0,0.12,-0.33,4.0,3.0,1
17011,4.0,5.0,42.0,3.2,-0.37,0.0,3.0,4.0,1
17016,5.0,4.0,42.0,2.9,-0.13,-0.26,4.0,4.0,1
17019,2.0,2.0,35.0,3.0,-0.77,-1.29,3.0,5.0,1
17023,7.0,7.0,32.0,3.9,0.51,0.38,4.0,3.0,1
17025,8.0,9.0,32.0,3.9,0.77,1.1,2.0,3.0,1
17026,5.0,4.0,35.0,3.0,-0.11,-0.27,5.0,5.0,1
17033,1.0,1.0,28.5,2.4,-1.54,-1.69,3.0,5.0,0
17035,3.0,1.0,33.0,2.9,-0.5,-1.38,4.0,3.0,0
17036,3.0,5.0,31.5,2.9,-0.49,-0.23,4.0,2.0,1
17037,1.0,1.0,34.0,3.7,-1.23,-1.45,4.0,4.0,0
17039,5.0,6.0,46.0,3.8,0.07,0.25,4.0,4.0,1
17045,9.0,9.0,39.0,3.5,1.29,1.25,4.0,4.0,1
17057,2.0,4.0,22.0,2.9,-0.88,-0.54,1.0,1.0,0
17058,1.0,2.0,31.0,2.6,-1.26,-1.13,3.0,5.0,0
17060,1.0,2.0,41.0,3.6,-1.37,-1.19,4.0,5.0,1
17061,4.0,2.0,35.0,2.9,-0.41,-1.03,3.0,4.0,1
17062,6.0,4.0,34.0,2.9,0.05,-0.42,3.0,5.0,0
17067,5.0,5.0,39.0,2.8,-0.14,-0.27,2.0,3.0,1
17068,10.0,10.0,45.0,3.2,2.05,2.14,1.0,3.0,1
17072,8.0,7.0,42.0,3.6,0.67,0.48,3.0,6.0,1
17076,5.0,3.0,32.0,3.3,-0.12,-0.63,3.0,2.0,1
17078,7.0,7.0,35.0,3.2,0.51,0.43,4.0,2.0,1
17079,5.0,5.0,40.0,3.4,0.05,-0.08,3.0,4.0,1
17081,3.0,3.0,36.5,3.1,-0.53,-0.7,3.0,5.0,1
17082,7.0,7.0,24.0,3.4,0.55,0.28,4.0,1.0,0
17086,3.0,5.0,38.0,3.1,-0.48,-0.08,3.0,3.0,1
17090,7.0,8.0,39.0,3.3,0.54,0.83,4.0,3.0,1
17093,6.0,9.0,34.0,3.5,0.1,0.88,4.0,3.0,1
17094,8.0,8.0,39.0,3.9,0.73,0.65,3.0,3.0,1
17098,8.0,8.0,40.0,3.3,0.91,0.8,4.0,6.0,1
17100,1.0,1.0,22.5,3.3,-1.45,-1.34,5.0,3.0,0
17103,9.0,9.0,48.0,3.9,1.18,0.98,4.0,5.0,1
17104,1.0,3.0,33.0,3.0,-1.1,-0.9,3.0,2.0,1
17105,10.0,10.0,36.0,4.0,2.12,2.52,4.0,2.0,1
17107,7.0,9.0,44.0,3.0,0.48,0.99,5.0,5.0,1
17108,5.0,2.0,44.0,2.6,-0.05,-1.01,3.0,2.0,0
17109,8.0,8.0,39.0,3.5,0.83,0.59,5.0,6.0,1
17110,4.0,3.0,30.0,3.9,-0.28,-0.8,4.0,4.0,1
17111,1.0,5.0,34.0,3.3,-1.07,-0.3,5.0,2.0,0
17112,1.0,1.0,35.0,3.2,-1.46,-1.68,4.0,4.0,1
17114,10.0,10.0,38.0,3.7,1.34,2.12,3.0,3.0,1
17115,7.0,7.0,33.5,3.4,0.45,0.45,4.0,3.0,1
17117,6.0,5.0,44.0,2.7,0.32,-0.04,4.0,4.0,1
17121,4.0,4.0,40.0,3.1,-0.18,-0.27,3.0,4.0,1
17128,1.0,2.0,27.0,3.3,-1.75,-1.18,4.0,3.0,1
17131,5.0,5.0,38.0,3.4,0.05,-0.03,4.0,4.0,1
17132,1.0,1.0,23.0,2.8,-1.77,-2.05,2.0,3.0,0
17135,9.0,9.0,40.0,2.8,0.92,1.27,4.0,3.0,1
17138,2.0,4.0,34.5,3.1,-0.95,-0.4,3.0,3.0,0
17140,7.0,9.0,38.0,3.1,0.45,0.99,3.0,3.0,1
17141,9.0,7.0,43.0,3.3,1.2,0.34,4.0,4.0,1
17143,10.0,10.0,37.0,3.4,2.28,3.18,5.0,5.0,1
17146,7.0,8.0,33.0,4.0,0.58,0.72,3.0,4.0,1
17152,5.0,4.0,33.0,2.4,-0.17,-0.42,5.0,3.0,1
17153,5.0,4.0,42.0,2.8,-0.1,-0.56,5.0,3.0,1
17156,2.0,1.0,22.5,2.2,-0.91,-1.31,2.0,3.0,0
17157,8.0,8.0,34.0,2.9,0.78,0.77,5.0,5.0,1
17158,9.0,9.0,34.0,3.4,0.89,0.9,4.0,3.0,1
17159,6.0,7.0,38.0,3.0,0.1,0.47,3.0,4.0,1
17161,4.0,2.0,35.0,3.4,-0.42,-0.92,4.0,3.0,1
17162,2.0,2.0,40.0,3.3,-0.85,-1.06,4.0,5.0,0
17165,4.0,4.0,28.0,3.2,-0.41,-0.28,2.0,4.0,1
17167,9.0,10.0,36.0,3.0,1.13,1.36,4.0,5.0,1
17170,9.0,10.0,35.0,3.3,1.1,1.32,2.0,4.0,1
17178,7.0,9.0,39.0,3.1,0.57,0.88,2.0,4.0,1
17180,9.0,9.0,40.0,3.8,0.96,1.24,5.0,3.0,1
17183,5.0,4.0,46.0,3.4,-0.15,-0.36,3.0,6.0,1
17185,7.0,6.0,40.0,2.9,0.6,0.04,4.0,6.0,0
17186,5.0,1.0,39.0,3.6,-0.06,-1.31,5.0,3.0,1
17187,4.0,4.0,40.0,3.7,-0.4,-0.46,5.0,4.0,1
17188,8.0,8.0,40.0,3.6,0.68,0.75,4.0,4.0,1
17190,9.0,10.0,40.0,3.5,1.03,1.39,3.0,4.0,1
17193,9.0,9.0,44.0,3.6,1.04,0.96,4.0,5.0,1
17194,4.0,4.0,41.0,3.3,-0.38,-0.53,3.0,3.0,1
17195,8.0,7.0,44.0,3.3,0.75,0.44,4.0,5.0,1
17196,10.0,10.0,35.0,2.9,1.94,1.76,5.0,3.0,1
17197,10.0,8.0,35.0,3.6,1.37,0.84,3.0,3.0,1
17199,9.0,9.0,38.0,2.6,1.01,1.25,3.0,3.0,1
17201,5.0,6.0,32.0,3.1,-0.13,0.18,3.0,3.0,1
17202,8.0,7.0,42.0,3.2,0.78,0.47,5.0,6.0,1
17204,5.0,6.0,36.0,2.8,-0.17,0.01,3.0,3.0,1
17207,1.0,1.0,23.0,2.8,-2.37,-1.64,1.0,3.0,0
17218,4.0,3.0,40.0,2.9,-0.21,-0.57,3.0,3.0,1
17220,8.0,9.0,34.0,3.3,0.67,1.12,5.0,3.0,1
17221,8.0,8.0,37.0,3.6,0.68,0.7,3.0,4.0,1
17222,8.0,7.0,40.0,3.3,0.62,0.44,5.0,5.0,1
17223,10.0,10.0,43.0,3.2,1.72,1.66,4.0,5.0,1
17224,9.0,9.0,39.0,3.3,0.96,0.91,3.0,5.0,1
17226,3.0,3.0,39.0,3.2,-0.43,-0.57,3.0,4.0,1
17227,10.0,10.0,41.0,2.7,1.52,2.04,4.0,3.0,1
17228,1.0,1.0,32.0,2.9,-1.83,-2.17,1.0,5.0,0
17229,4.0,8.0,35.0,3.7,-0.27,0.54,4.0,2.0,1
17230,5.0,3.0,33.0,3.2,-0.03,-0.73,2.0,3.0,1
17231,5.0,5.0,40.0,3.4,-0.1,-0.11,3.0,3.0,1
17233,2.0,5.0,38.0,2.7,-1.04,-0.03,3.0,5.0,1
17235,2.0,2.0,12.0,2.9,-1.08,-1.13,2.0,3.0,0
17237,6.0,6.0,41.0,3.2,0.2,0.02,5.0,5.0,1
17238,10.0,10.0,42.5,3.2,2.35,2.11,4.0,3.0,1
17244,9.0,9.0,43.0,3.0,1.05,0.9,4.0,4.0,1
17245,8.0,7.0,40.0,4.0,0.86,0.42,2.0,4.0,1
17250,1.0,1.0,47.0,3.3,-1.58,-1.71,5.0,6.0,0
17251,2.0,1.0,44.0,2.7,-1.05,-1.53,4.0,3.0,0
17254,6.0,5.0,34.0,2.7,0.19,-0.1,4.0,3.0,1
17258,3.0,2.0,26.5,3.4,-0.52,-1.25,3.0,3.0,0
17262,10.0,10.0,41.0,4.0,2.08,2.26,3.0,4.0,1
17272,6.0,6.0,34.0,3.0,0.32,0.14,3.0,4.0,1
17273,10.0,10.0,33.0,2.9,1.92,1.94,4.0,3.0,1
17274,7.0,8.0,38.0,3.9,0.43,0.62,4.0,3.0,1
17275,8.0,7.0,36.0,3.3,0.83,0.36,3.0,3.0,1
17277,6.0,7.0,44.0,3.4,0.09,0.45,3.0,4.0,1
17278,2.0,3.0,41.0,3.7,-0.94,-0.83,2.0,6.0,0
17283,2.0,5.0,32.5,2.9,-0.79,-0.21,2.0,1.0,1
17286,1.0,1.0,38.0,2.5,-1.86,-1.38,4.0,3.0,1
17290,5.0,6.0,34.0,2.2,-0.12,0.1,3.0,2.0,1
17294,9.0,8.0,36.5,3.2,1.12,0.71,3.0,3.0,1
17295,9.0,8.0,41.0,3.5,0.91,0.79,5.0,4.0,1
17297,4.0,5.0,38.0,3.5,-0.33,-0.2,1.0,4.0,1
17300,10.0,10.0,37.0,3.5,2.46,2.5,2.0,5.0,1
17301,3.0,3.0,29.5,2.9,-0.51,-0.71,3.0,2.0,1
17303,10.0,8.0,34.0,2.5,1.91,0.77,3.0,1.0,1
17304,4.0,3.0,31.0,3.2,-0.31,-0.76,3.0,2.0,0
17305,3.0,3.0,32.0,2.7,-0.69,-0.88,5.0,3.0,1
17309,3.0,8.0,38.0,3.6,-0.48,0.57,3.0,3.0,1
17311,5.0,5.0,46.0,3.8,-0.07,0.02,3.0,6.0,1
17313,2.0,3.0,39.0,3.3,-1.12,-0.72,3.0,4.0,1
17314,3.0,3.0,31.0,3.6,-0.67,-0.69,4.0,4.0,0
17317,5.0,4.0,34.5,3.3,0.05,-0.4,4.0,3.0,1
17318,5.0,4.0,23.0,2.3,0.02,-0.56,2.0,1.0,0
17319,5.0,7.0,29.0,3.5,-0.08,0.3,4.0,2.0,1
17321,10.0,10.0,32.0,3.1,1.38,1.79,4.0,3.0,1
17324,5.0,4.0,36.0,3.5,-0.07,-0.3,4.0,4.0,1
17328,5.0,6.0,46.0,3.6,-0.07,0.1,4.0,6.0,1
17331,2.0,1.0,35.0,2.9,-1.14,-1.72,3.0,5.0,0
17332,4.0,6.0,35.0,3.1,-0.25,0.2,4.0,4.0,1
17333,2.0,2.0,27.7,2.0,-0.81,-0.97,4.0,3.0,1
17338,3.0,3.0,44.0,3.3,-0.69,-0.79,4.0,4.0,1
17340,3.0,4.0,45.0,3.9,-0.61,-0.37,4.0,5.0,1
17343,8.0,9.0,38.0,3.1,0.81,1.14,4.0,3.0,1
17344,1.0,2.0,46.0,3.8,-1.3,-1.26,4.0,6.0,1
17345,9.0,10.0,47.0,2.8,1.12,1.76,5.0,5.0,1
17347,9.0,10.0,33.0,3.9,1.06,1.39,4.0,3.0,1
17349,7.0,8.0,36.0,3.4,0.43,0.79,2.0,2.0,1
17351,1.0,1.0,34.0,2.9,-2.06,-1.55,3.0,3.0,1
17352,3.0,4.0,37.0,3.3,-0.6,-0.48,3.0,3.0,1
17354,9.0,9.0,41.0,3.2,1.24,1.29,4.0,5.0,1
17357,7.0,7.0,31.0,2.8,0.36,0.23,3.0,2.0,1
17358,3.0,2.0,43.0,3.1,-0.64,-0.9,4.0,4.0,0
17360,5.0,5.0,33.0,3.1,0.05,-0.22,3.0,3.0,1
17364,4.0,2.0,37.0,3.4,-0.22,-0.92,4.0,3.0,1
17365,3.0,4.0,42.0,3.1,-0.56,-0.28,5.0,4.0,1
17369,1.0,2.0,36.0,2.7,-1.29,-1.08,4.0,3.0,1
17370,7.0,8.0,37.0,3.7,0.53,0.56,4.0,4.0,1
17371,3.0,3.0,42.5,3.7,-0.46,-0.77,4.0,4.0,1
17374,3.0,4.0,40.0,3.2,-0.62,-0.55,3.0,3.0,1
17376,10.0,9.0,32.0,3.7,1.5,0.91,3.0,2.0,1
17378,6.0,8.0,40.0,3.7,0.2,0.59,4.0,4.0,1
17380,1.0,1.0,38.0,2.0,-1.79,-1.43,4.0,5.0,1
17381,6.0,3.0,32.0,3.0,0.2,-0.77,4.0,4.0,1
17382,3.0,2.0,35.0,2.6,-0.52,-1.17,3.0,2.0,1
17385,2.0,3.0,40.0,3.1,-1.04,-0.82,4.0,6.0,1
17386,6.0,6.0,37.0,3.3,0.13,0.14,5.0,3.0,1
17390,2.0,2.0,25.0,2.9,-0.9,-1.19,3.0,3.0,1
17393,4.0,6.0,42.0,3.0,-0.36,0.25,4.0,4.0,1
17394,5.0,6.0,31.5,2.4,-0.06,-0.03,4.0,1.0,0
17396,7.0,7.0,41.0,3.8,0.46,0.32,3.0,4.0,1
17399,1.0,3.0,31.0,3.2,-1.35,-0.81,3.0,3.0,1
17401,9.0,10.0,33.0,2.7,1.2,1.67,4.0,3.0,1
17402,8.0,8.0,32.0,3.3,0.72,0.64,3.0,2.0,1
17404,7.0,8.0,45.0,2.9,0.46,0.62,4.0,4.0,1
17405,5.0,7.0,30.0,3.8,-0.01,0.35,1.0,5.0,0
17410,9.0,10.0,42.0,3.4,1.13,1.31,3.0,4.0,1
17411,5.0,4.0,32.5,3.1,0.06,-0.32,4.0,4.0,1
17414,1.0,1.0,21.0,2.8,-1.65,-1.63,3.0,3.0,1
17416,2.0,1.0,34.0,2.9,-0.94,-1.34,4.0,3.0,1
17417,10.0,10.0,41.0,3.8,1.57,1.87,3.0,4.0,1
17418,7.0,8.0,41.0,3.2,0.36,0.69,5.0,4.0,1
17420,9.0,8.0,43.0,2.1,1.24,0.76,4.0,3.0,1
17422,2.0,2.0,39.0,2.7,-0.93,-1.16,3.0,3.0,1
17424,8.0,8.0,35.5,3.9,0.78,0.69,4.0,6.0,1
17425,3.0,1.0,42.0,3.2,-0.73,-1.41,5.0,4.0,1
17426,2.0,3.0,40.0,2.6,-0.9,-0.74,5.0,4.0,1
17429,3.0,2.0,33.0,3.3,-0.69,-1.22,5.0,2.0,0
17430,10.0,9.0,48.0,3.5,1.74,1.26,4.0,5.0,1
17433,9.0,2.0,39.0,3.6,1.35,-1.24,4.0,6.0,1
17435,6.0,5.0,41.0,3.6,0.18,-0.08,4.0,6.0,1
17436,7.0,9.0,36.0,3.6,0.37,0.9,4.0,5.0,1
17437,2.0,2.0,36.0,2.9,-0.9,-1.13,4.0,4.0,1
17438,6.0,5.0,35.0,3.8,0.07,-0.15,4.0,5.0,1
17443,7.0,7.0,39.0,3.5,0.45,0.44,3.0,4.0,1
17444,8.0,8.0,38.0,3.7,0.79,0.57,4.0,4.0,1
17445,5.0,7.0,38.0,3.5,0.08,0.54,4.0,4.0,1
17448,1.0,1.0,24.0,3.1,-1.55,-1.76,4.0,3.0,0
17451,4.0,2.0,34.0,3.3,-0.32,-1.12,4.0,5.0,0
17462,7.0,4.0,37.0,3.0,0.53,-0.5,3.0,3.0,0
17464,7.0,7.0,38.0,3.3,0.33,0.32,3.0,5.0,1
17466,7.0,8.0,47.0,3.1,0.39,0.66,4.0,3.0,1
17468,1.0,3.0,36.0,2.9,-1.39,-0.82,3.0,5.0,0
17471,3.0,2.0,40.0,3.7,-0.73,-0.88,3.0,4.0,1
17473,5.0,6.0,36.0,3.9,-0.13,0.1,3.0,6.0,1
17474,8.0,10.0,38.0,2.1,0.73,1.47,4.0,3.0,1
17475,1.0,2.0,37.0,3.2,-1.15,-0.92,3.0,3.0,1
17477,3.0,2.0,37.0,2.8,-0.67,-1.05,4.0,6.0,1
17482,4.0,4.0,45.0,3.8,-0.3,-0.46,4.0,5.0,1
17484,3.0,2.0,33.0,2.8,-0.44,-1.2,3.0,2.0,1
17489,2.0,2.0,34.0,3.2,-0.97,-1.0,3.0,2.0,0
17490,1.0,1.0,39.0,2.9,-1.2,-2.0,3.0,3.0,1
17491,7.0,7.0,39.0,3.5,0.36,0.52,3.0,3.0,1
17494,2.0,6.0,31.0,3.2,-0.96,0.18,3.0,3.0,1
17495,2.0,2.0,39.0,3.1,-0.98,-1.3,3.0,3.0,1
17496,3.0,2.0,40.0,3.3,-0.65,-1.28,2.0,5.0,1
17497,9.0,9.0,34.0,3.5,1.01,1.0,5.0,3.0,1
17500,9.0,9.0,36.0,3.9,1.22,0.97,3.0,3.0,1
17506,9.0,9.0,44.0,3.8,1.13,1.08,3.0,4.0,1
17507,5.0,3.0,44.0,3.2,-0.03,-0.6,4.0,3.0,1
17508,2.0,3.0,27.0,3.3,-0.78,-0.56,2.0,4.0,1
17511,1.0,2.0,41.0,2.9,-1.71,-1.09,3.0,3.0,1
17512,5.0,5.0,37.0,2.7,-0.12,-0.19,3.0,3.0,0
17513,5.0,7.0,33.0,2.8,0.02,0.46,4.0,2.0,1
17514,3.0,3.0,30.0,2.8,-0.58,-0.73,4.0,2.0,0
17515,1.0,1.0,36.0,3.2,-1.3,-1.56,3.0,3.0,1
17517,10.0,10.0,38.0,3.9,1.55,2.25,3.0,3.0,1
17521,8.0,7.0,40.0,3.3,0.79,0.43,3.0,4.0,1
17522,10.0,10.0,34.0,3.0,1.33,1.37,3.0,2.0,1
17524,5.0,1.0,26.5,3.4,-0.03,-1.44,2.0,3.0,0
17525,6.0,4.0,19.5,2.9,0.11,-0.33,2.0,3.0,1
17526,7.0,4.0,28.0,3.0,0.5,-0.48,4.0,1.0,1
17527,9.0,6.0,31.0,3.4,0.97,0.02,3.0,2.0,1
17533,1.0,1.0,45.0,3.9,-1.8,-1.74,2.0,5.0,1
17535,9.0,8.0,30.7,3.0,1.27,0.77,4.0,3.0,1
17539,4.0,5.0,46.0,3.9,-0.22,-0.06,5.0,6.0,1
17540,9.0,6.0,38.0,2.6,0.93,0.04,4.0,5.0,1
17542,2.0,1.0,29.0,2.8,-0.96,-1.44,2.0,5.0,1
17543,1.0,1.0,38.0,2.8,-1.73,-1.79,5.0,3.0,0
17546,1.0,1.0,26.0,2.6,-1.26,-1.54,3.0,3.0,0
17548,2.0,3.0,31.0,3.0,-0.85,-0.7,3.0,3.0,1
17549,10.0,10.0,41.0,3.3,1.77,1.55,4.0,5.0,1
17550,7.0,8.0,36.0,2.6,0.47,0.57,4.0,3.0,1
17551,7.0,7.0,34.0,3.2,0.51,0.49,4.0,4.0,1
17554,7.0,9.0,34.0,3.1,0.39,1.02,3.0,3.0,1
17555,6.0,4.0,38.0,3.4,0.09,-0.3,4.0,5.0,1
17561,10.0,10.0,34.0,3.1,2.53,2.41,4.0,3.0,1
17562,2.0,2.0,40.0,2.9,-0.76,-1.24,4.0,3.0,0
17568,7.0,5.0,33.0,3.1,0.48,-0.14,3.0,3.0,1
17571,6.0,8.0,28.0,3.2,0.26,0.81,4.0,2.0,1
17572,3.0,1.0,38.5,3.7,-0.57,-1.43,4.0,4.0,1
17575,4.0,5.0,30.0,3.0,-0.42,-0.2,3.0,4.0,1
17576,1.0,2.0,28.0,3.6,-1.16,-1.05,3.0,2.0,0
17582,2.0,1.0,26.0,2.7,-0.94,-1.54,4.0,3.0,0
17585,2.0,3.0,29.0,2.6,-0.61,-0.71,2.0,1.0,1
17591,2.0,2.0,31.5,3.3,-1.04,-1.08,3.0,4.0,1
17594,5.0,4.0,46.0,3.3,0.01,-0.51,2.0,5.0,1
17595,10.0,10.0,43.0,3.9,1.6,1.66,2.0,5.0,1
17596,1.0,1.0,28.0,2.6,-1.27,-1.72,3.0,4.0,0
17597,9.0,9.0,38.0,3.4,1.3,1.07,4.0,6.0,1
17598,5.0,5.0,36.0,3.3,-0.08,-0.09,4.0,5.0,1
17600,2.0,5.0,31.0,3.2,-0.9,-0.27,4.0,2.0,0
17601,2.0,1.0,42.0,2.6,-1.13,-1.69,2.0,5.0,1
17603,9.0,9.0,32.0,3.4,1.03,1.16,3.0,3.0,1
17604,4.0,6.0,47.0,3.6,-0.27,0.14,4.0,5.0,1
17605,2.0,2.0,31.0,3.3,-0.77,-1.07,4.0,4.0,1
17607,9.0,7.0,43.0,2.8,0.94,0.4,3.0,3.0,1
17609,6.0,5.0,42.0,2.5,0.18,-0.08,4.0,4.0,1
17612,10.0,10.0,32.0,3.9,1.83,1.84,3.0,4.0,1
17615,1.0,2.0,29.0,2.5,-1.32,-1.23,3.0,2.0,0
17617,10.0,10.0,35.0,3.2,1.43,1.57,3.0,2.0,1
17620,6.0,7.0,45.0,2.9,0.22,0.41,4.0,5.0,1
17621,1.0,1.0,33.0,3.5,-1.47,-1.74,2.0,5.0,1
17627,10.0,10.0,37.0,2.6,1.53,1.51,4.0,3.0,1
17632,5.0,5.0,44.0,3.0,-0.05,-0.04,3.0,4.0,1
17633,4.0,5.0,23.0,2.3,-0.21,-0.29,4.0,1.0,1
17634,1.0,2.0,37.0,3.1,-1.35,-1.2,5.0,3.0,1
17635,10.0,10.0,31.0,3.3,1.77,1.43,4.0,5.0,1
17636,2.0,2.0,25.5,3.0,-0.91,-1.21,4.0,3.0,1
17639,6.0,6.0,41.0,2.9,0.23,0.06,5.0,5.0,1
17640,6.0,8.0,36.0,3.6,0.1,0.74,4.0,4.0,1
17645,3.0,2.0,39.0,2.4,-0.47,-1.04,3.0,3.0,1
17646,8.0,9.0,37.0,3.2,0.67,1.01,4.0,3.0,1
17649,6.0,7.0,37.0,2.4,0.3,0.29,4.0,3.0,1
17651,6.0,6.0,40.0,4.0,0.3,0.23,4.0,4.0,1
17652,9.0,9.0,31.0,3.1,1.08,0.97,2.0,2.0,1
17653,2.0,2.0,29.0,2.9,-0.82,-0.89,3.0,3.0,0
17656,7.0,7.0,39.0,3.8,0.39,0.42,3.0,4.0,1
17658,10.0,10.0,42.0,3.6,1.94,1.55,4.0,4.0,1
17665,6.0,6.0,34.0,2.8,0.22,0.1,3.0,5.0,1
17668,9.0,8.0,41.0,2.8,1.08,0.68,1.0,3.0,1
17676,10.0,9.0,24.5,2.6,1.3,1.0,3.0,3.0,1
17678,10.0,10.0,45.0,4.0,2.08,2.08,3.0,4.0,1
17681,2.0,4.0,33.0,3.4,-1.0,-0.48,4.0,5.0,1
17683,9.0,10.0,28.0,3.2,1.15,1.64,4.0,1.0,1
17685,6.0,4.0,34.5,3.6,0.05,-0.32,3.0,5.0,1
17687,9.0,6.0,38.0,2.3,0.97,0.2,4.0,5.0,1
17688,3.0,5.0,38.0,2.4,-0.42,-0.22,4.0,3.0,0
17693,4.0,3.0,35.0,3.7,-0.33,-0.57,4.0,4.0,1
17694,6.0,7.0,34.0,3.5,0.18,0.3,3.0,2.0,1
17697,9.0,9.0,29.0,3.6,0.94,1.03,3.0,2.0,1
17698,6.0,4.0,42.0,2.9,0.26,-0.44,5.0,4.0,1
17701,8.0,7.0,42.0,2.7,0.68,0.4,5.0,4.0,1
17702,1.0,2.0,30.0,3.0,-1.42,-1.09,4.0,4.0,1
17706,5.0,4.0,33.0,3.0,0.04,-0.51,3.0,3.0,1
17709,6.0,7.0,45.0,3.0,0.31,0.47,4.0,4.0,1
17711,9.0,9.0,43.0,3.4,1.06,1.22,5.0,4.0,1
17712,1.0,1.0,28.0,3.1,-1.58,-2.18,3.0,4.0,1
17715,1.0,1.0,29.5,3.1,-1.23,-1.45,4.0,2.0,1
17720,8.0,8.0,36.0,3.4,0.82,0.82,4.0,6.0,1
17721,10.0,10.0,40.0,4.0,2.23,2.38,3.0,4.0,1
17728,4.0,4.0,33.0,3.3,-0.27,-0.5,3.0,3.0,1
17735,10.0,10.0,42.0,3.5,1.38,1.63,3.0,4.0,1
17737,3.0,5.0,44.0,3.1,-0.67,-0.17,4.0,4.0,1
17739,3.0,4.0,36.0,3.8,-0.67,-0.28,2.0,4.0,1
17742,5.0,7.0,40.0,3.0,-0.11,0.27,4.0,3.0,1
17745,1.0,1.0,29.5,3.1,-1.28,-1.35,4.0,3.0,1
17746,6.0,5.0,37.0,3.1,0.09,0.01,5.0,4.0,1
17747,1.0,1.0,37.0,3.5,-1.64,-1.91,2.0,3.0,1
17748,5.0,8.0,40.0,3.0,-0.17,0.62,4.0,5.0,1
17751,9.0,7.0,38.0,3.3,1.05,0.55,3.0,4.0,1
17752,10.0,9.0,38.0,2.4,2.16,0.92,4.0,3.0,1
17753,5.0,7.0,36.0,3.1,0.0,0.5,4.0,3.0,1
17754,1.0,1.0,23.0,2.1,-1.52,-1.84,3.0,2.0,0
17757,5.0,7.0,44.0,2.9,-0.09,0.34,4.0,4.0,1
17758,6.0,8.0,36.0,3.1,0.27,0.77,4.0,3.0,1
17759,6.0,10.0,40.0,3.6,0.24,1.54,2.0,1.0,1
17763,7.0,10.0,41.0,3.8,0.48,1.5,4.0,5.0,1
17770,9.0,4.0,30.5,3.7,0.93,-0.52,4.0,3.0,0
17771,1.0,1.0,32.0,2.8,-1.28,-1.77,1.0,3.0,1
17773,10.0,4.0,26.5,3.6,1.54,-0.33,5.0,3.0,1
17775,10.0,8.0,37.0,3.5,1.66,0.72,2.0,3.0,1
17777,10.0,10.0,42.0,3.6,1.63,1.88,4.0,3.0,1
17779,1.0,2.0,37.0,2.9,-1.7,-1.1,3.0,5.0,1
17780,10.0,10.0,33.0,4.0,1.46,1.54,3.0,3.0,1
17781,8.0,4.0,47.0,3.6,0.86,-0.31,4.0,5.0,1
17782,2.0,2.0,37.0,3.7,-1.03,-1.17,3.0,4.0,1
17784,7.0,6.0,42.0,2.9,0.51,0.18,4.0,3.0,1
17788,6.0,7.0,45.0,3.6,0.16,0.44,5.0,6.0,1
17790,2.0,2.0,28.5,2.5,-0.76,-1.1,4.0,3.0,1
17791,5.0,4.0,37.0,2.9,-0.18,-0.51,4.0,5.0,1
17793,6.0,5.0,37.5,3.5,0.29,-0.14,3.0,3.0,1
17795,2.0,1.0,38.0,2.9,-1.03,-1.94,4.0,4.0,0
17796,9.0,8.0,44.0,3.0,0.96,0.61,3.0,3.0,1
17797,3.0,2.0,43.0,2.6,-0.75,-1.17,1.0,5.0,1
17798,10.0,8.0,44.0,2.7,1.34,0.56,5.0,3.0,1
17800,9.0,9.0,42.0,3.1,1.13,1.2,4.0,3.0,1
17801,10.0,10.0,30.0,3.5,1.39,1.46,3.0,3.0,1
17803,8.0,6.0,37.0,3.3,0.6,0.1,3.0,3.0,0
17804,3.0,2.0,37.0,3.6,-0.53,-0.98,4.0,4.0,0
17807,6.0,6.0,40.0,3.6,0.09,0.18,5.0,6.0,1
17808,10.0,10.0,43.0,3.6,1.48,1.79,3.0,3.0,1
17811,10.0,10.0,37.0,2.9,1.24,1.67,4.0,2.0,1
17815,2.0,1.0,25.0,3.3,-1.08,-1.73,3.0,4.0,0
17816,1.0,2.0,32.0,3.1,-1.38,-0.93,2.0,3.0,1
17817,2.0,1.0,42.0,2.9,-1.0,-1.83,4.0,4.0,1
17819,8.0,9.0,48.0,3.0,0.62,1.0,3.0,4.0,1
17820,10.0,10.0,35.0,3.1,1.67,1.65,4.0,2.0,1
17822,4.0,5.0,30.5,3.0,-0.2,-0.04,4.0,3.0,1
17823,10.0,10.0,43.0,3.9,1.36,1.29,2.0,4.0,1
17824,4.0,6.0,36.0,3.5,-0.24,0.02,4.0,3.0,1
17831,9.0,8.0,40.0,3.2,1.0,0.79,2.0,4.0,0
17832,7.0,5.0,34.0,3.3,0.35,-0.17,3.0,3.0,1
17837,4.0,5.0,35.0,2.8,-0.36,-0.15,3.0,2.0,1
17838,1.0,1.0,38.0,3.5,-1.51,-1.61,3.0,4.0,0
17842,8.0,6.0,34.0,2.7,0.73,0.14,3.0,3.0,1
17843,2.0,2.0,40.0,2.9,-0.99,-1.14,4.0,6.0,1
17846,2.0,3.0,39.0,3.7,-0.91,-0.79,4.0,6.0,1
17851,9.0,9.0,42.0,3.6,1.22,1.15,3.0,4.0,1
17857,6.0,4.0,36.0,3.4,0.05,-0.52,3.0,5.0,0
17858,6.0,5.0,35.0,3.4,0.3,-0.17,4.0,3.0,1
17860,4.0,4.0,36.0,2.9,-0.21,-0.54,4.0,3.0,1
17861,8.0,8.0,45.0,3.8,0.65,0.78,3.0,6.0,1
17866,5.0,7.0,39.0,3.7,0.02,0.28,3.0,3.0,1
17868,4.0,3.0,33.0,3.2,-0.17,-0.84,4.0,4.0,0
17869,9.0,8.0,29.0,3.7,1.27,0.66,5.0,1.0,1
17870,3.0,3.0,39.5,3.2,-0.5,-0.85,4.0,5.0,1
17874,7.0,5.0,37.0,3.5,0.29,0.0,4.0,5.0,0
17877,2.0,2.0,28.5,2.4,-0.84,-1.02,3.0,3.0,0
17883,7.0,8.0,47.0,2.9,0.56,0.8,3.0,3.0,1
17885,10.0,10.0,38.5,3.2,1.72,1.51,4.0,4.0,1
17888,2.0,2.0,44.0,3.9,-1.08,-1.03,3.0,6.0,1
17890,5.0,6.0,32.5,3.6,0.06,0.16,3.0,4.0,1
17892,9.0,9.0,42.0,3.5,1.13,1.25,3.0,3.0,1
17893,8.0,7.0,40.0,2.8,0.67,0.52,4.0,6.0,1
17895,3.0,3.0,36.0,3.5,-0.53,-0.81,4.0,4.0,1
17896,9.0,9.0,35.0,3.0,1.05,0.89,3.0,3.0,1
17898,5.0,6.0,36.0,3.2,-0.11,0.04,4.0,5.0,1
17899,3.0,3.0,42.0,3.8,-0.78,-0.51,3.0,6.0,1
17900,10.0,10.0,41.0,3.4,1.93,1.85,4.0,3.0,1
17901,8.0,8.0,26.0,3.5,0.72,0.7,3.0,3.0,1
17902,7.0,7.0,43.0,3.1,0.49,0.42,3.0,4.0,1
17903,5.0,5.0,31.0,2.7,-0.11,-0.18,4.0,4.0,1
17908,9.0,8.0,38.0,2.4,0.88,0.75,4.0,3.0,1
17910,9.0,8.0,29.5,2.7,1.21,0.71,3.0,3.0,1
17913,7.0,7.0,38.0,2.9,0.41,0.51,4.0,4.0,1
17914,7.0,7.0,43.0,3.1,0.47,0.29,3.0,5.0,1
17930,6.0,7.0,33.0,3.5,0.09,0.44,5.0,2.0,1
17933,2.0,2.0,40.0,3.1,-1.03,-1.07,3.0,4.0,1
17934,10.0,10.0,43.0,3.6,2.05,1.95,4.0,3.0,1
17938,5.0,5.0,28.0,3.7,0.0,-0.12,3.0,3.0,1
17940,3.0,6.0,40.0,2.9,-0.43,0.09,3.0,3.0,1
17941,6.0,5.0,42.0,3.6,0.26,-0.2,4.0,3.0,1
17942,5.0,7.0,37.0,3.1,-0.1,0.52,4.0,5.0,0
17946,1.0,6.0,39.0,3.8,-1.21,0.17,2.0,5.0,1
17947,2.0,1.0,44.0,2.6,-0.85,-1.55,5.0,5.0,0
17949,1.0,1.0,30.0,3.4,-2.02,-1.7,2.0,4.0,1
17950,2.0,4.0,42.0,3.8,-0.96,-0.35,4.0,5.0,1
17951,2.0,2.0,29.0,3.6,-0.89,-1.05,3.0,2.0,1
17952,6.0,3.0,45.0,3.2,0.31,-0.67,3.0,4.0,0
17953,8.0,8.0,42.0,3.5,0.92,0.67,5.0,6.0,1
17955,2.0,3.0,35.0,3.6,-0.98,-0.75,3.0,4.0,1
17956,2.0,2.0,44.0,3.0,-0.9,-0.86,4.0,5.0,1
17958,3.0,4.0,30.5,3.3,-0.69,-0.51,5.0,2.0,0
17960,9.0,9.0,36.5,3.9,1.0,0.98,4.0,5.0,1
17961,2.0,3.0,36.0,3.5,-0.8,-0.76,3.0,5.0,1
17974,1.0,1.0,29.0,3.5,-2.36,-2.61,3.0,6.0,1
17975,2.0,3.0,27.0,2.9,-0.96,-0.71,4.0,5.0,1
17977,2.0,2.0,44.0,3.1,-1.03,-1.29,3.0,5.0,1
17979,2.0,2.0,47.0,3.6,-0.93,-1.07,4.0,6.0,1
17981,9.0,9.0,39.0,2.7,1.01,0.9,3.0,3.0,1
17985,4.0,6.0,33.5,3.3,-0.23,0.11,4.0,5.0,1
17987,3.0,3.0,40.0,3.7,-0.7,-0.87,4.0,3.0,1
17988,6.0,3.0,38.5,2.5,0.12,-0.61,3.0,5.0,1
17992,3.0,5.0,33.0,3.4,-0.49,-0.18,2.0,6.0,1
17998,2.0,3.0,28.0,2.7,-1.08,-0.89,5.0,3.0,0
18000,1.0,1.0,35.0,2.5,-1.23,-1.54,3.0,3.0,0
18001,2.0,1.0,26.5,2.9,-0.81,-1.44,2.0,3.0,1
18002,10.0,10.0,38.0,3.3,2.16,1.78,4.0,4.0,1
18005,7.0,7.0,40.0,3.2,0.56,0.37,4.0,3.0,1
18006,4.0,7.0,33.0,3.3,-0.36,0.32,3.0,5.0,1
18007,1.0,1.0,30.0,2.9,-1.71,-2.1,3.0,4.0,0
18008,10.0,10.0,38.0,3.6,1.41,1.94,3.0,3.0,1
18009,8.0,9.0,44.0,3.1,0.77,1.22,4.0,4.0,1
18013,8.0,8.0,39.0,2.9,0.71,0.55,3.0,3.0,1
18015,2.0,3.0,34.5,2.8,-1.07,-0.64,4.0,3.0,1
18016,6.0,4.0,33.0,3.1,0.11,-0.45,3.0,3.0,1
18022,9.0,6.0,33.0,2.9,0.94,0.03,4.0,3.0,1
18023,1.0,2.0,37.0,2.6,-1.5,-1.24,4.0,3.0,0
18024,9.0,8.0,37.0,3.4,0.86,0.72,2.0,2.0,1
18025,7.0,9.0,42.0,3.4,0.48,1.22,4.0,4.0,1
18029,3.0,3.0,40.0,2.6,-0.68,-0.77,3.0,3.0,1
18031,9.0,8.0,36.5,3.2,0.9,0.7,2.0,5.0,1
18038,4.0,3.0,39.0,3.3,-0.37,-0.53,3.0,5.0,1
18039,9.0,10.0,32.0,2.9,1.29,1.53,3.0,1.0,1
18040,3.0,4.0,36.0,3.0,-0.65,-0.36,2.0,2.0,1
18041,6.0,7.0,42.0,3.7,0.29,0.3,3.0,4.0,1
18042,10.0,9.0,48.0,3.5,1.99,1.26,2.0,4.0,1
18046,5.0,6.0,39.0,2.9,-0.16,0.08,4.0,4.0,1
18049,9.0,9.0,36.0,2.7,1.12,0.89,4.0,4.0,1
18051,2.0,4.0,39.0,3.3,-0.79,-0.46,2.0,4.0,1
18054,1.0,2.0,27.7,2.4,-1.7,-0.9,3.0,6.0,0
18055,9.0,10.0,32.0,3.7,1.07,1.79,1.0,3.0,1
18056,9.0,9.0,43.0,2.6,1.3,1.25,3.0,4.0,1
18057,2.0,3.0,26.5,3.3,-0.75,-0.78,4.0,2.0,1
18059,2.0,1.0,35.0,3.5,-0.98,-1.55,3.0,4.0,0
18060,3.0,2.0,33.0,3.0,-0.51,-0.95,4.0,2.0,1
18063,1.0,6.0,39.5,3.5,-1.28,0.07,4.0,6.0,1
18064,5.0,5.0,37.0,3.0,-0.03,-0.17,3.0,3.0,1
18067,8.0,6.0,33.5,2.7,0.63,0.14,3.0,4.0,1
18069,6.0,4.0,36.0,2.4,0.05,-0.33,3.0,2.0,0
18071,7.0,4.0,37.0,2.9,0.34,-0.46,3.0,3.0,1
18073,6.0,4.0,41.0,3.4,0.08,-0.37,4.0,5.0,1
18074,2.0,3.0,40.0,3.3,-0.78,-0.64,4.0,5.0,1
18078,2.0,4.0,43.0,3.4,-0.77,-0.49,5.0,5.0,1
18080,10.0,5.0,36.0,3.3,1.67,-0.16,3.0,4.0,1
18081,3.0,4.0,34.0,3.1,-0.45,-0.31,3.0,3.0,1
18082,10.0,10.0,34.0,3.4,1.7,1.92,4.0,3.0,1
18083,2.0,1.0,35.0,3.6,-1.01,-1.61,3.0,4.0,1
18084,10.0,10.0,41.0,3.3,1.52,1.44,3.0,3.0,1
18089,1.0,1.0,37.0,3.1,-1.46,-1.75,4.0,2.0,0
18091,2.0,5.0,42.0,3.9,-1.03,-0.16,3.0,5.0,1
18094,5.0,3.0,38.0,2.9,-0.18,-0.61,4.0,5.0,1
18095,9.0,10.0,38.0,3.4,1.23,1.4,4.0,3.0,1
18100,6.0,8.0,39.0,3.6,0.16,0.78,3.0,4.0,1
18104,6.0,6.0,41.0,4.0,0.13,0.15,4.0,4.0,1
18105,7.0,5.0,32.0,3.1,0.49,-0.12,3.0,4.0,1
18115,3.0,4.0,40.0,2.6,-0.62,-0.34,2.0,3.0,1
18119,5.0,6.0,35.0,2.8,-0.07,0.08,4.0,3.0,1
18120,6.0,6.0,35.0,3.6,0.16,0.17,4.0,4.0,1
18121,7.0,9.0,41.0,3.1,0.57,0.91,4.0,6.0,1
18126,10.0,9.0,36.0,3.1,1.37,1.14,3.0,2.0,1
18127,4.0,3.0,32.0,3.9,-0.28,-0.55,3.0,4.0,1
18128,3.0,6.0,46.0,3.1,-0.66,0.1,4.0,5.0,1
18129,4.0,5.0,27.5,2.8,-0.22,-0.18,3.0,4.0,1
18131,10.0,10.0,42.0,3.7,2.4,2.86,4.0,4.0,1
18136,5.0,5.0,34.0,3.4,-0.09,-0.18,4.0,2.0,1
18137,1.0,1.0,34.0,2.9,-1.62,-1.66,3.0,4.0,1
18140,4.0,5.0,32.0,3.1,-0.32,-0.11,5.0,5.0,1
18141,6.0,2.0,37.7,3.1,0.1,-0.94,4.0,3.0,0
18148,4.0,5.0,18.5,3.5,-0.17,-0.12,4.0,1.0,1
18149,8.0,7.0,40.0,3.5,0.77,0.28,4.0,5.0,1
18150,2.0,1.0,31.0,3.1,-0.75,-1.26,2.0,2.0,1
18159,10.0,10.0,37.0,3.5,1.88,1.86,4.0,4.0,1
18161,6.0,7.0,33.0,3.7,0.28,0.33,3.0,3.0,1
18162,9.0,7.0,33.0,2.9,0.91,0.54,4.0,3.0,1
18165,6.0,6.0,31.5,2.9,0.07,0.12,4.0,2.0,1
18172,10.0,9.0,39.0,3.4,1.31,0.87,3.0,3.0,1
18173,3.0,5.0,38.0,2.8,-0.44,-0.07,4.0,3.0,1
18175,7.0,6.0,33.0,3.9,0.46,0.07,4.0,3.0,1
18177,9.0,10.0,39.0,3.7,1.05,1.58,4.0,3.0,1
18178,2.0,6.0,27.5,3.1,-0.79,-0.05,4.0,2.0,1
18179,9.0,9.0,37.0,3.5,1.14,0.93,3.0,4.0,1
18183,10.0,9.0,44.0,3.7,1.47,1.05,3.0,6.0,1
18189,5.0,5.0,38.0,3.5,-0.07,-0.24,3.0,5.0,1
18191,7.0,8.0,44.0,3.4,0.59,0.8,3.0,4.0,1
18193,2.0,1.0,36.5,3.6,-0.85,-1.38,3.0,4.0,1
18194,7.0,8.0,42.0,2.8,0.31,0.84,4.0,5.0,1
18195,2.0,3.0,37.0,2.7,-0.85,-0.63,4.0,3.0,1
18198,3.0,3.0,21.7,3.6,-0.69,-0.75,2.0,3.0,1
18199,10.0,10.0,41.0,3.7,1.7,1.51,2.0,3.0,1
18200,8.0,8.0,43.0,3.6,0.6,0.75,3.0,5.0,1
18202,5.0,6.0,39.0,2.8,-0.05,0.24,2.0,3.0,1
18203,3.0,1.0,36.0,2.3,-0.45,-1.43,4.0,4.0,0
18204,9.0,10.0,39.0,3.6,1.26,2.05,4.0,4.0,1
18208,9.0,7.0,41.0,3.3,1.06,0.52,2.0,3.0,1
18212,9.0,9.0,40.0,3.6,1.19,1.15,4.0,3.0,1
18214,4.0,3.0,36.0,3.5,-0.35,-0.72,3.0,4.0,0
18217,1.0,1.0,35.0,3.5,-1.87,-1.34,4.0,4.0,1
18218,6.0,5.0,37.0,2.9,0.28,-0.19,4.0,3.0,1
18221,1.0,1.0,33.0,3.1,-1.72,-2.0,4.0,3.0,0
18222,2.0,2.0,45.0,2.2,-0.81,-0.94,4.0,3.0,1
18223,4.0,3.0,45.0,3.5,-0.38,-0.85,4.0,4.0,1
18224,2.0,1.0,22.7,2.9,-0.74,-1.45,2.0,3.0,0
18225,1.0,1.0,36.0,3.5,-2.86,-1.41,1.0,4.0,0
18227,8.0,9.0,42.0,3.3,0.77,0.88,4.0,4.0,1
18228,10.0,9.0,46.0,3.3,1.42,0.97,4.0,4.0,1
18229,2.0,2.0,39.0,3.8,-0.98,-1.06,4.0,6.0,1
18230,10.0,9.0,41.0,3.3,2.45,1.05,4.0,5.0,1
18232,10.0,8.0,39.0,3.8,1.4,0.82,4.0,3.0,1
18235,7.0,6.0,42.0,3.8,0.41,0.26,4.0,5.0,1
18236,6.0,8.0,37.0,3.6,0.26,0.64,4.0,3.0,1
18237,1.0,2.0,25.0,3.3,-1.45,-1.06,5.0,3.0,1
18241,7.0,5.0,43.0,2.5,0.33,-0.23,4.0,4.0,1
18245,7.0,8.0,36.0,3.9,0.61,0.82,3.0,4.0,1
18246,7.0,7.0,33.0,2.3,0.36,0.34,3.0,3.0,1
18249,2.0,1.0,35.5,3.4,-0.85,-1.37,2.0,5.0,1
18251,2.0,4.0,37.0,3.4,-0.89,-0.48,3.0,5.0,1
18252,1.0,1.0,31.0,2.7,-1.63,-1.57,4.0,4.0,0
18253,4.0,4.0,45.0,3.4,-0.23,-0.38,3.0,4.0,1
18255,2.0,5.0,31.3,3.3,-0.73,-0.21,2.0,3.0,1
18256,6.0,7.0,33.5,3.3,0.15,0.37,4.0,2.0,1
18260,4.0,5.0,42.0,3.3,-0.19,-0.25,5.0,4.0,1
18261,9.0,8.0,36.0,3.5,1.02,0.63,3.0,4.0,1
18264,8.0,7.0,34.0,3.6,0.64,0.41,4.0,5.0,1
18265,8.0,8.0,45.0,2.7,0.8,0.69,3.0,4.0,1
18267,10.0,10.0,32.5,2.6,1.94,1.49,3.0,1.0,1
18270,2.0,2.0,34.0,3.0,-0.86,-1.03,3.0,3.0,1
18271,3.0,7.0,44.0,3.2,-0.57,0.28,4.0,3.0,1
18274,5.0,3.0,42.0,2.6,-0.1,-0.58,4.0,5.0,1
18278,7.0,7.0,38.0,3.3,0.37,0.51,4.0,3.0,1
18282,4.0,3.0,28.0,2.7,-0.35,-0.75,1.0,4.0,1
18285,5.0,6.0,38.0,3.8,0.04,0.24,3.0,4.0,1
18289,7.0,6.0,37.0,4.0,0.47,0.27,4.0,4.0,1
18295,10.0,10.0,46.0,3.4,1.93,1.84,3.0,4.0,1
18299,1.0,4.0,46.0,3.8,-1.24,-0.31,4.0,5.0,1
18301,8.0,8.0,35.0,3.1,0.85,0.81,4.0,3.0,1
18303,6.0,4.0,34.0,3.2,0.24,-0.32,4.0,3.0,1
18304,1.0,4.0,35.5,3.4,-1.15,-0.35,4.0,4.0,1
18305,1.0,1.0,37.0,2.9,-1.2,-1.32,4.0,3.0,1
18306,8.0,7.0,39.0,3.5,0.64,0.46,4.0,4.0,1
18309,9.0,10.0,41.0,2.1,0.92,1.39,3.0,3.0,1
18310,6.0,5.0,47.0,3.5,0.21,-0.2,5.0,5.0,1
18314,5.0,4.0,34.0,2.9,-0.14,-0.37,3.0,4.0,1
18317,7.0,8.0,36.0,3.1,0.39,0.6,3.0,3.0,1
18319,9.0,10.0,41.0,3.6,1.27,1.33,4.0,4.0,1
18320,6.0,6.0,36.0,3.5,0.31,0.14,3.0,4.0,1
18321,1.0,1.0,31.0,3.0,-1.29,-1.6,3.0,2.0,1
18323,7.0,6.0,26.0,3.6,0.32,0.03,3.0,2.0,1
18324,2.0,2.0,37.0,2.5,-0.8,-1.2,4.0,3.0,1
18326,9.0,9.0,37.0,3.0,0.88,0.89,4.0,3.0,1
18330,2.0,2.0,42.0,2.8,-1.1,-1.19,2.0,4.0,0
18331,4.0,3.0,37.0,3.5,-0.33,-0.77,4.0,3.0,1
18332,1.0,3.0,45.0,3.7,-1.36,-0.71,4.0,6.0,1
18333,5.0,3.0,33.0,2.8,-0.06,-0.72,3.0,3.0,0
18334,3.0,4.0,38.0,3.7,-0.53,-0.49,4.0,4.0,1
18335,10.0,10.0,30.0,3.8,1.54,1.52,2.0,3.0,1
18337,10.0,10.0,35.0,3.4,2.08,1.61,4.0,4.0,1
18340,4.0,5.0,35.0,3.8,-0.43,-0.08,5.0,5.0,1
18342,5.0,6.0,45.0,3.6,-0.08,0.21,4.0,5.0,1
18344,2.0,1.0,27.0,2.4,-0.99,-1.97,4.0,2.0,0
18345,1.0,1.0,36.0,3.5,-1.85,-1.48,5.0,3.0,1
18352,5.0,3.0,39.0,3.8,-0.09,-0.66,4.0,5.0,1
18354,6.0,10.0,37.0,3.2,0.12,1.63,1.0,5.0,1
18360,7.0,8.0,36.0,2.6,0.41,0.65,3.0,1.0,1
18361,1.0,2.0,37.0,3.3,-1.83,-1.02,4.0,3.0,1
18362,2.0,1.0,28.5,3.0,-1.16,-1.55,4.0,5.0,1
18363,1.0,1.0,39.0,3.8,-1.58,-2.21,2.0,4.0,1
18367,9.0,8.0,38.0,2.7,0.9,0.74,4.0,3.0,1
18371,10.0,10.0,36.5,3.7,1.61,1.47,3.0,4.0,1
18372,4.0,4.0,31.0,2.8,-0.39,-0.55,3.0,2.0,1
18373,2.0,4.0,43.0,3.5,-0.86,-0.33,4.0,4.0,1
18374,8.0,9.0,28.0,3.1,0.83,0.89,4.0,2.0,0
18378,6.0,5.0,38.0,3.1,0.23,-0.22,4.0,3.0,1
18386,7.0,8.0,35.0,3.2,0.53,0.63,4.0,3.0,1
18388,7.0,8.0,37.0,3.0,0.4,0.83,5.0,3.0,1
18392,4.0,2.0,36.0,3.3,-0.38,-1.08,4.0,3.0,1
18393,1.0,1.0,26.0,3.3,-1.5,-1.73,3.0,3.0,0
18394,10.0,10.0,40.0,3.8,1.85,1.67,4.0,3.0,1
18398,2.0,5.0,28.5,2.8,-1.06,-0.25,3.0,2.0,1
18399,8.0,4.0,30.0,3.0,0.63,-0.51,3.0,3.0,1
18402,4.0,4.0,31.5,3.5,-0.17,-0.47,4.0,3.0,1
18403,5.0,3.0,41.0,3.2,-0.08,-0.61,4.0,6.0,1
18405,4.0,2.0,31.0,2.7,-0.39,-1.07,3.0,5.0,1
18407,6.0,6.0,33.0,3.0,0.09,0.16,2.0,4.0,1
18411,4.0,3.0,41.0,3.8,-0.32,-0.7,4.0,6.0,1
18413,5.0,4.0,33.0,2.7,-0.19,-0.35,3.0,2.0,1
18414,4.0,5.0,40.0,3.1,-0.36,-0.07,3.0,5.0,1
18415,10.0,10.0,38.0,2.1,3.04,3.45,4.0,3.0,1
18417,7.0,4.0,42.0,3.6,0.41,-0.35,5.0,5.0,1
18419,5.0,5.0,39.0,3.3,-0.11,-0.12,4.0,4.0,1
18421,10.0,10.0,44.0,3.8,2.22,2.53,3.0,2.0,1
18424,7.0,6.0,27.0,2.6,0.47,0.2,5.0,2.0,1
18431,1.0,1.0,32.0,2.8,-1.57,-1.46,5.0,4.0,1
18436,5.0,5.0,29.0,3.5,0.0,-0.3,4.0,2.0,1
18437,7.0,7.0,36.0,3.5,0.56,0.33,2.0,4.0,1
18438,4.0,6.0,37.0,3.3,-0.2,0.08,4.0,3.0,1
18439,7.0,4.0,34.0,3.3,0.39,-0.5,4.0,3.0,1
18440,9.0,7.0,33.0,3.3,0.94,0.52,3.0,3.0,1
18441,1.0,4.0,26.0,2.8,-1.26,-0.48,4.0,3.0,1
18444,10.0,10.0,42.0,3.6,1.65,1.91,4.0,4.0,1
18445,2.0,1.0,36.0,3.0,-1.04,-1.42,3.0,3.0,1
18447,7.0,6.0,29.0,3.5,0.36,0.19,4.0,3.0,1
18448,6.0,4.0,32.0,3.7,0.1,-0.34,3.0,5.0,1
18450,5.0,5.0,38.0,3.3,-0.1,-0.16,3.0,5.0,1
18451,1.0,2.0,40.0,3.5,-1.27,-1.05,3.0,5.0,1
18452,7.0,9.0,38.0,3.0,0.45,0.87,4.0,3.0,1
18454,2.0,5.0,28.0,2.8,-0.76,-0.2,4.0,3.0,1
18455,9.0,10.0,34.5,3.4,1.16,1.33,4.0,5.0,1
18459,8.0,7.0,34.5,3.2,0.62,0.53,4.0,3.0,1
18460,9.0,9.0,34.0,2.8,0.91,0.93,4.0,2.0,1
18461,6.0,6.0,36.0,3.2,0.26,0.12,3.0,3.0,1
18462,2.0,3.0,40.0,3.1,-0.88,-0.88,4.0,3.0,1
18465,7.0,3.0,31.0,2.7,0.33,-0.82,2.0,2.0,1
18467,6.0,8.0,39.0,2.7,0.18,0.78,3.0,2.0,1
18471,6.0,9.0,27.0,3.5,0.07,0.98,3.0,5.0,1
18475,6.0,5.0,45.0,2.9,0.09,-0.06,2.0,4.0,1
18476,10.0,7.0,32.0,3.8,1.43,0.43,5.0,3.0,1
18479,10.0,10.0,40.0,3.0,1.47,1.51,5.0,3.0,1
18480,10.0,10.0,40.0,2.8,1.69,1.41,3.0,4.0,1
18481,2.0,4.0,39.0,3.5,-0.71,-0.49,4.0,3.0,1
18483,7.0,8.0,42.0,2.9,0.43,0.61,3.0,3.0,1
18484,9.0,9.0,39.0,4.0,1.16,1.01,3.0,3.0,1
18485,9.0,9.0,45.0,3.1,0.87,1.14,4.0,3.0,1
18493,7.0,7.0,45.0,3.6,0.36,0.51,4.0,5.0,1
18497,5.0,5.0,30.5,3.2,-0.15,-0.14,3.0,3.0,1
18506,6.0,3.0,32.0,3.4,0.22,-0.67,3.0,3.0,1
18510,8.0,8.0,39.0,3.1,0.89,0.82,4.0,4.0,1
18512,7.0,5.0,37.0,3.0,0.55,-0.17,4.0,4.0,1
18514,1.0,1.0,26.0,3.0,-1.38,-1.68,5.0,4.0,0
18516,8.0,8.0,33.0,3.3,0.6,0.8,1.0,3.0,1
18517,6.0,7.0,39.0,3.7,0.29,0.4,3.0,4.0,1
18518,1.0,1.0,40.0,3.6,-1.37,-1.63,3.0,5.0,0
18519,1.0,1.0,26.0,2.6,-1.14,-1.76,3.0,4.0,0
18520,5.0,8.0,48.0,3.3,-0.06,0.59,5.0,5.0,1
18522,2.0,3.0,29.0,2.8,-0.89,-0.87,3.0,3.0,1
18523,1.0,2.0,38.0,3.2,-1.13,-1.03,2.0,3.0,1
18529,2.0,1.0,33.5,2.5,-0.91,-1.93,3.0,3.0,0
18531,7.0,8.0,40.0,2.9,0.42,0.66,3.0,4.0,1
18532,6.0,5.0,45.0,3.2,0.14,-0.08,4.0,4.0,1
18535,10.0,10.0,38.0,3.2,2.25,2.61,3.0,3.0,1
18538,9.0,8.0,33.0,2.5,0.98,0.86,5.0,3.0,1
18540,2.0,4.0,46.0,3.7,-0.85,-0.45,5.0,4.0,1
18544,1.0,1.0,35.0,2.9,-1.4,-1.32,5.0,3.0,1
18546,7.0,8.0,39.0,3.4,0.32,0.67,3.0,5.0,1
18547,6.0,2.0,32.0,3.4,0.2,-1.13,3.0,3.0,1
18548,10.0,10.0,47.0,3.9,2.59,2.57,2.0,5.0,1
18549,7.0,7.0,43.0,2.8,0.48,0.29,2.0,5.0,1
18551,8.0,8.0,28.0,3.1,0.82,0.84,3.0,3.0,1
18552,2.0,1.0,33.0,2.7,-0.8,-2.24,5.0,3.0,0
18554,7.0,9.0,40.0,3.4,0.49,0.97,4.0,5.0,1
18555,5.0,3.0,28.0,3.2,-0.05,-0.57,4.0,3.0,1
18556,8.0,7.0,25.5,2.7,0.73,0.5,2.0,3.0,1
18558,6.0,7.0,29.5,2.2,0.1,0.21,4.0,2.0,1
18560,9.0,9.0,37.0,3.4,1.22,1.29,4.0,3.0,1
18561,8.0,5.0,40.0,3.5,0.61,-0.06,4.0,5.0,1
18563,3.0,3.0,44.0,3.0,-0.49,-0.66,3.0,6.0,1
18564,9.0,9.0,37.5,3.3,1.2,1.01,4.0,3.0,1
18565,9.0,10.0,47.0,3.3,1.08,1.5,4.0,5.0,1
18573,4.0,4.0,29.0,3.7,-0.26,-0.41,2.0,3.0,1
18578,10.0,9.0,38.0,3.2,1.8,1.26,3.0,4.0,1
18580,4.0,5.0,35.0,3.7,-0.25,-0.28,3.0,3.0,1
18581,9.0,9.0,44.0,3.9,1.04,0.9,4.0,3.0,1
18584,1.0,1.0,41.0,2.5,-1.6,-1.79,3.0,5.0,1
18586,3.0,3.0,33.0,3.2,-0.69,-0.69,4.0,3.0,1
18589,9.0,10.0,35.0,3.6,1.07,1.72,4.0,3.0,1
18590,1.0,4.0,37.0,2.2,-1.95,-0.48,3.0,5.0,1
18593,3.0,3.0,37.0,3.5,-0.7,-0.61,4.0,3.0,1
18594,10.0,10.0,37.0,3.4,1.42,1.84,3.0,4.0,1
18597,4.0,7.0,35.0,3.4,-0.26,0.34,3.0,3.0,1
18599,9.0,10.0,42.0,3.5,1.44,1.29,4.0,6.0,1
18600,5.0,4.0,35.5,3.3,0.03,-0.36,3.0,3.0,0
18601,3.0,2.0,43.0,2.8,-0.59,-1.0,4.0,4.0,1
18603,7.0,6.0,36.0,3.7,0.35,0.16,3.0,3.0,1
18604,7.0,7.0,41.0,3.1,0.3,0.33,4.0,5.0,1
18612,5.0,6.0,34.0,3.4,-0.15,0.13,3.0,3.0,1
18613,2.0,4.0,32.0,2.8,-1.09,-0.47,4.0,3.0,1
18615,7.0,6.0,32.0,3.6,0.41,0.17,3.0,3.0,1
18618,9.0,9.0,38.0,3.5,1.26,0.96,4.0,1.0,1
18626,5.0,6.0,33.0,3.0,0.01,0.25,3.0,3.0,0
18628,1.0,1.0,31.0,3.2,-1.45,-1.72,2.0,2.0,0
18630,10.0,10.0,38.0,2.5,1.76,1.41,5.0,3.0,1
18631,6.0,8.0,39.0,3.3,0.17,0.6,4.0,6.0,1
18632,4.0,6.0,35.0,3.4,-0.33,0.07,4.0,1.0,1
18633,1.0,3.0,27.0,2.7,-1.5,-0.81,4.0,4.0,1
18637,1.0,2.0,35.0,3.5,-1.3,-1.19,4.0,5.0,1
18642,1.0,1.0,33.5,2.6,-1.31,-1.38,4.0,3.0,1
18651,5.0,3.0,29.0,3.4,-0.17,-0.79,3.0,2.0,0
18652,5.0,2.0,30.0,2.3,0.01,-0.88,3.0,5.0,1
18654,6.0,7.0,33.0,2.3,0.14,0.38,5.0,2.0,0
18661,2.0,2.0,27.5,2.4,-0.97,-1.16,4.0,5.0,1
18662,7.0,9.0,41.0,2.5,0.33,1.09,4.0,3.0,1
18663,2.0,4.0,42.0,3.0,-1.04,-0.49,4.0,4.0,1
18665,5.0,4.0,39.0,3.7,-0.11,-0.45,3.0,6.0,1
18668,6.0,5.0,45.0,3.4,0.12,0.0,4.0,6.0,1
18669,6.0,8.0,40.0,3.3,0.17,0.58,3.0,4.0,1
18671,5.0,7.0,33.0,3.3,-0.15,0.51,4.0,3.0,1
18672,6.0,6.0,32.0,3.4,0.13,0.2,4.0,4.0,1
18675,4.0,5.0,38.0,3.3,-0.28,-0.06,4.0,4.0,1
18676,2.0,3.0,28.0,3.2,-0.83,-0.78,3.0,3.0,0
18677,5.0,5.0,39.0,3.7,-0.04,-0.02,3.0,4.0,1
18680,1.0,1.0,34.0,2.6,-1.36,-1.44,2.0,6.0,0
18681,9.0,8.0,42.0,3.4,1.29,0.63,3.0,3.0,1
18683,4.0,5.0,38.0,3.4,-0.35,-0.1,5.0,3.0,1
18687,1.0,1.0,41.0,3.1,-1.17,-1.33,3.0,3.0,1
18689,10.0,10.0,42.0,3.8,1.34,1.39,4.0,4.0,1
18691,2.0,2.0,35.0,3.2,-0.74,-1.18,3.0,3.0,1
18695,1.0,1.0,37.0,2.9,-1.51,-1.58,3.0,3.0,0
18696,5.0,6.0,44.0,3.1,0.0,0.13,3.0,2.0,1
18704,8.0,7.0,42.0,3.7,0.71,0.55,4.0,4.0,1
18709,4.0,6.0,40.0,3.6,-0.33,0.03,4.0,4.0,1
18710,2.0,4.0,38.0,3.0,-0.77,-0.54,4.0,3.0,1
18712,2.0,1.0,38.5,3.4,-0.97,-1.55,4.0,5.0,0
18713,8.0,10.0,40.0,3.6,0.81,1.41,4.0,5.0,1
18716,4.0,5.0,42.0,1.9,-0.22,-0.27,4.0,3.0,1
18727,5.0,5.0,37.0,3.3,-0.11,-0.22,4.0,5.0,1
18729,6.0,5.0,31.0,3.1,0.12,-0.12,3.0,3.0,1
18730,7.0,7.0,37.0,2.9,0.55,0.38,4.0,3.0,1
18732,3.0,4.0,33.0,2.8,-0.54,-0.45,4.0,5.0,1
18734,7.0,8.0,28.0,3.6,0.61,0.58,3.0,1.0,1
18736,7.0,8.0,45.0,3.4,0.34,0.79,4.0,5.0,1
18738,1.0,2.0,30.0,3.7,-1.17,-0.91,3.0,3.0,0
18741,7.0,9.0,38.0,3.0,0.47,0.97,3.0,3.0,1
18742,9.0,7.0,39.0,3.6,0.92,0.39,3.0,4.0,1
18745,8.0,8.0,33.5,3.7,0.77,0.83,3.0,4.0,1
18746,1.0,1.0,31.0,2.4,-1.53,-1.5,4.0,3.0,1
18750,5.0,6.0,37.0,3.4,0.01,0.17,3.0,4.0,1
18753,7.0,5.0,26.0,3.4,0.34,-0.11,4.0,3.0,1
18757,5.0,4.0,44.0,3.5,-0.13,-0.42,5.0,5.0,1
18758,4.0,6.0,36.0,3.8,-0.34,0.12,3.0,4.0,1
18759,10.0,10.0,38.0,3.0,1.62,2.19,3.0,3.0,1
18760,7.0,5.0,34.0,3.8,0.43,-0.06,3.0,4.0,1
18761,5.0,9.0,40.0,3.5,0.06,1.19,3.0,4.0,1
18766,4.0,2.0,28.0,3.3,-0.4,-1.3,4.0,3.0,0
18767,6.0,6.0,44.0,3.6,0.21,0.18,4.0,5.0,1
18768,7.0,8.0,42.0,3.1,0.47,0.68,5.0,6.0,1
18773,7.0,7.0,36.0,3.2,0.47,0.3,4.0,4.0,1
18774,5.0,4.0,42.0,2.9,-0.03,-0.43,3.0,3.0,1
18775,9.0,9.0,30.0,3.1,0.97,0.93,3.0,3.0,1
18776,7.0,7.0,45.0,3.6,0.49,0.37,4.0,6.0,1
18777,1.0,2.0,33.0,3.7,-1.14,-0.97,3.0,3.0,0
18778,9.0,9.0,39.5,3.3,1.02,1.15,3.0,5.0,1
18779,3.0,2.0,39.0,3.0,-0.53,-1.3,4.0,3.0,1
18780,3.0,3.0,36.5,2.6,-0.58,-0.81,4.0,3.0,0
18782,9.0,9.0,36.0,3.2,1.08,1.09,2.0,3.0,1
18783,4.0,2.0,38.5,3.0,-0.34,-0.98,4.0,4.0,1
18784,9.0,9.0,44.0,3.4,1.18,0.97,3.0,4.0,1
18787,2.0,1.0,43.0,3.0,-0.92,-1.41,2.0,6.0,1
18788,9.0,10.0,36.0,3.2,1.11,1.69,3.0,3.0,1
18789,9.0,8.0,39.0,2.2,1.18,0.65,3.0,3.0,1
18790,2.0,3.0,31.5,3.4,-0.92,-0.68,2.0,3.0,1
18792,4.0,4.0,33.0,3.1,-0.37,-0.3,5.0,4.0,1
18794,9.0,10.0,44.0,2.9,0.92,1.62,3.0,3.0,1
18799,7.0,8.0,39.0,2.9,0.51,0.72,4.0,3.0,1
18801,1.0,3.0,34.5,2.6,-1.13,-0.78,4.0,2.0,1
18805,8.0,4.0,33.0,3.0,0.78,-0.32,3.0,3.0,1
18806,7.0,7.0,40.0,3.5,0.4,0.52,4.0,6.0,1
18807,10.0,10.0,42.0,3.4,1.39,1.37,5.0,4.0,1
18808,1.0,2.0,37.0,3.5,-1.3,-1.0,4.0,4.0,1
18812,1.0,1.0,37.0,3.3,-1.78,-1.41,3.0,3.0,1
18815,8.0,7.0,33.0,3.5,0.57,0.42,3.0,3.0,1
18816,2.0,3.0,45.0,3.8,-0.86,-0.75,3.0,4.0,0
18817,2.0,2.0,36.0,3.1,-0.87,-1.07,2.0,4.0,1
18818,1.0,2.0,35.0,2.9,-1.28,-1.22,3.0,6.0,0
18819,5.0,6.0,42.0,3.3,-0.08,0.18,4.0,4.0,1
18821,4.0,7.0,29.0,3.1,-0.25,0.36,4.0,3.0,1
18823,5.0,8.0,32.0,2.9,-0.08,0.82,4.0,3.0,1
18824,5.0,2.0,41.0,3.6,-0.12,-0.94,4.0,5.0,1
18825,2.0,3.0,39.0,3.2,-0.76,-0.71,4.0,5.0,0
18828,8.0,9.0,42.0,3.6,0.7,0.91,5.0,6.0,1
18832,10.0,10.0,36.0,3.8,1.61,1.44,4.0,3.0,1
18835,4.0,4.0,28.5,2.2,-0.31,-0.45,3.0,1.0,0
18836,8.0,8.0,41.0,3.1,0.79,0.86,4.0,5.0,1
18837,1.0,1.0,41.0,2.4,-1.65,-1.73,1.0,6.0,0
18838,6.0,6.0,41.0,2.4,0.09,-0.01,4.0,3.0,0
18843,9.0,8.0,39.0,3.6,1.19,0.85,3.0,4.0,1
18847,2.0,1.0,33.0,2.4,-0.99,-1.93,3.0,2.0,0
18850,6.0,2.0,37.0,3.0,0.06,-0.97,2.0,3.0,1
18853,6.0,8.0,35.0,3.9,0.32,0.74,3.0,4.0,1
18854,10.0,10.0,40.0,3.6,1.71,2.66,5.0,3.0,1
18859,6.0,5.0,41.0,3.7,0.12,-0.01,4.0,4.0,1
18864,2.0,2.0,36.0,3.6,-0.92,-0.89,4.0,5.0,1
18865,9.0,9.0,48.0,3.7,1.2,1.16,3.0,4.0,1
18866,10.0,10.0,37.5,3.3,1.66,2.26,3.0,3.0,1
18867,5.0,4.0,39.0,3.3,-0.14,-0.35,2.0,4.0,1
18870,6.0,2.0,33.0,2.9,0.14,-1.2,3.0,2.0,0
18872,6.0,7.0,34.0,3.2,0.23,0.42,5.0,5.0,1
18873,7.0,7.0,40.0,3.5,0.35,0.4,2.0,4.0,1
18885,3.0,3.0,38.0,4.0,-0.63,-0.75,3.0,6.0,0
18887,7.0,6.0,36.0,2.8,0.37,0.11,2.0,3.0,1
18888,8.0,7.0,45.0,3.2,0.78,0.54,5.0,4.0,1
18891,8.0,9.0,42.0,3.5,0.66,1.11,4.0,4.0,1
18896,1.0,1.0,34.0,3.2,-1.6,-1.79,2.0,4.0,0
18897,7.0,6.0,42.0,3.7,0.41,0.1,4.0,5.0,1
18901,8.0,9.0,44.0,2.6,0.63,0.92,3.0,4.0,1
18902,10.0,10.0,37.0,3.0,2.28,2.64,4.0,2.0,1
18906,1.0,2.0,32.0,3.1,-1.96,-1.18,2.0,2.0,0
18907,6.0,7.0,37.0,3.0,0.29,0.46,3.0,3.0,1
18909,8.0,7.0,41.0,3.0,0.82,0.51,3.0,4.0,1
18910,7.0,6.0,36.0,2.9,0.42,0.05,5.0,3.0,1
18911,4.0,9.0,37.0,2.9,-0.33,0.92,3.0,5.0,1
18914,2.0,3.0,40.0,3.1,-0.8,-0.79,4.0,5.0,1
18916,10.0,10.0,35.0,3.6,1.73,2.0,3.0,4.0,1
18917,8.0,8.0,31.0,3.5,0.63,0.58,5.0,3.0,1
18924,3.0,3.0,36.0,3.7,-0.59,-0.76,3.0,4.0,1
18928,1.0,2.0,26.5,3.0,-1.3,-1.28,4.0,4.0,1
18929,8.0,8.0,38.0,2.3,0.84,0.86,4.0,2.0,1
18932,5.0,8.0,34.0,3.2,-0.04,0.79,2.0,3.0,1
18934,10.0,6.0,40.0,2.9,1.36,0.04,4.0,3.0,1
18937,9.0,9.0,31.0,3.3,0.86,1.14,4.0,2.0,1
18939,9.0,7.0,37.0,3.6,1.06,0.48,3.0,5.0,1
18940,9.0,10.0,39.0,3.4,1.12,1.5,4.0,5.0,1
18943,6.0,7.0,43.0,4.0,0.19,0.55,4.0,4.0,1
18950,6.0,7.0,39.0,2.8,0.06,0.35,4.0,3.0,1
18952,8.0,7.0,47.0,2.8,0.82,0.46,3.0,4.0,1
18954,7.0,9.0,33.0,3.3,0.48,1.19,2.0,4.0,1
18956,5.0,3.0,31.0,3.8,-0.03,-0.61,2.0,4.0,1
18957,9.0,8.0,34.0,3.0,0.87,0.56,4.0,2.0,1
18958,6.0,4.0,39.0,3.7,0.27,-0.5,3.0,3.0,1
18960,8.0,8.0,37.0,3.2,0.71,0.55,3.0,5.0,1
18962,6.0,3.0,25.0,3.0,0.35,-0.79,4.0,1.0,1
18963,4.0,6.0,35.0,2.9,-0.4,-0.01,3.0,3.0,1
18965,7.0,5.0,36.0,3.2,0.29,-0.21,4.0,2.0,1
18966,2.0,2.0,23.5,3.1,-1.08,-1.18,4.0,3.0,1
18971,8.0,6.0,35.5,3.4,0.75,0.11,3.0,3.0,1
18973,10.0,10.0,39.0,3.5,1.49,1.41,2.0,4.0,1
18974,8.0,8.0,43.0,2.8,0.73,0.74,3.0,4.0,1
18978,10.0,10.0,43.0,3.5,1.6,1.77,3.0,5.0,1
18980,8.0,9.0,37.0,3.3,0.69,0.96,3.0,4.0,1
18981,10.0,8.0,40.0,3.4,1.88,0.71,4.0,3.0,1
18982,7.0,5.0,35.0,3.3,0.52,-0.02,4.0,4.0,1
18983,5.0,4.0,47.0,3.2,-0.15,-0.44,3.0,6.0,1
18985,3.0,4.0,26.0,2.5,-0.69,-0.44,4.0,3.0,1
18986,3.0,1.0,36.5,3.0,-0.72,-1.5,4.0,4.0,0
18987,10.0,9.0,39.0,3.1,1.39,1.2,2.0,3.0,1
18990,10.0,10.0,42.0,3.5,1.69,1.68,4.0,6.0,1
18994,3.0,3.0,38.0,2.3,-0.49,-0.73,4.0,3.0,1
18996,6.0,3.0,41.0,3.1,0.06,-0.73,4.0,3.0,1
18997,6.0,6.0,33.0,3.5,0.29,0.14,3.0,4.0,1
18998,3.0,2.0,31.0,2.7,-0.68,-0.92,4.0,3.0,0
18999,4.0,6.0,40.0,3.0,-0.29,0.06,5.0,4.0,1
19006,7.0,7.0,35.0,3.4,0.51,0.32,4.0,3.0,1
19007,10.0,9.0,35.0,3.2,1.44,1.28,4.0,3.0,1
19008,6.0,6.0,36.5,3.5,0.07,0.04,3.0,3.0,1
19009,2.0,4.0,33.5,3.3,-1.11,-0.5,5.0,3.0,1
19010,10.0,9.0,34.5,3.4,1.96,0.89,3.0,4.0,1
19011,5.0,3.0,38.0,2.7,0.04,-0.58,4.0,5.0,0
19014,3.0,4.0,40.0,3.4,-0.67,-0.46,3.0,4.0,1
19015,8.0,8.0,35.0,3.7,0.71,0.6,4.0,3.0,1
19016,8.0,9.0,36.0,3.3,0.74,0.93,3.0,4.0,1
19019,7.0,7.0,45.0,3.4,0.62,0.43,4.0,6.0,1
19021,7.0,8.0,36.0,2.9,0.35,0.8,3.0,4.0,1
19022,10.0,9.0,35.0,3.3,1.52,1.24,4.0,3.0,1
19023,5.0,4.0,25.5,2.7,0.02,-0.3,3.0,3.0,0
19030,8.0,7.0,38.0,3.1,0.72,0.36,5.0,6.0,1
19033,6.0,4.0,43.0,3.7,0.35,-0.48,4.0,6.0,1
19035,1.0,3.0,36.0,3.5,-1.81,-0.88,4.0,3.0,1
19039,1.0,1.0,36.0,3.7,-1.15,-1.35,3.0,4.0,1
19041,8.0,7.0,39.0,2.2,0.58,0.41,3.0,3.0,1
19043,10.0,10.0,34.0,3.6,1.92,2.21,4.0,5.0,1
19044,5.0,6.0,38.0,3.6,-0.05,0.1,3.0,4.0,1
19045,10.0,10.0,35.0,2.7,1.49,1.63,4.0,2.0,1
19046,4.0,7.0,39.0,3.4,-0.2,0.3,3.0,3.0,1
19050,3.0,3.0,34.0,3.3,-0.69,-0.64,4.0,3.0,1
19051,8.0,10.0,36.0,3.4,0.61,1.49,4.0,5.0,1
19053,5.0,2.0,38.0,3.4,-0.06,-1.09,3.0,4.0,0
19055,9.0,9.0,36.0,3.2,0.94,0.98,4.0,3.0,1
19059,6.0,7.0,32.0,3.9,0.13,0.54,4.0,5.0,1
19060,4.0,2.0,35.5,3.4,-0.42,-1.01,3.0,3.0,0
19061,7.0,3.0,33.0,4.0,0.37,-0.61,2.0,3.0,1
19062,3.0,4.0,41.5,3.3,-0.69,-0.46,4.0,4.0,1
19064,6.0,7.0,44.0,3.7,0.33,0.47,5.0,6.0,1
19066,9.0,8.0,38.0,2.7,1.17,0.73,4.0,3.0,1
19067,5.0,8.0,40.0,3.6,-0.09,0.61,3.0,4.0,1
19068,4.0,2.0,29.5,3.1,-0.3,-1.21,3.0,3.0,1
19070,3.0,3.0,32.0,2.9,-0.56,-0.68,3.0,5.0,1
19075,2.0,3.0,37.0,3.2,-0.83,-0.77,3.0,3.0,1
19076,3.0,5.0,38.0,2.9,-0.75,-0.15,4.0,5.0,1
19077,7.0,9.0,44.0,3.6,0.48,0.88,4.0,4.0,1
19082,2.0,2.0,36.0,2.5,-1.1,-1.27,3.0,3.0,0
19083,6.0,6.0,36.0,2.5,0.13,0.18,4.0,2.0,1
19084,10.0,10.0,42.0,3.8,2.1,2.11,3.0,4.0,1
19086,2.0,4.0,30.0,2.7,-0.84,-0.39,2.0,3.0,1
19088,4.0,2.0,26.0,3.3,-0.25,-1.03,3.0,3.0,0
19094,10.0,9.0,39.0,3.2,1.31,0.9,5.0,5.0,1
19096,1.0,1.0,41.0,2.9,-1.41,-1.74,3.0,4.0,1
19098,6.0,7.0,38.0,3.6,0.26,0.53,4.0,6.0,1
19100,9.0,7.0,35.0,3.8,1.03,0.45,2.0,4.0,1
19101,5.0,7.0,42.0,3.6,0.02,0.52,5.0,4.0,0
19103,4.0,6.0,35.0,3.6,-0.32,0.07,3.0,5.0,1
19104,6.0,9.0,27.5,2.8,0.25,1.03,4.0,2.0,1
19106,2.0,1.0,38.0,2.5,-0.84,-1.58,5.0,3.0,1
19107,9.0,8.0,34.0,3.3,1.08,0.62,3.0,3.0,1
19108,7.0,6.0,44.0,3.7,0.58,0.25,2.0,6.0,1
19110,3.0,5.0,35.0,3.2,-0.63,-0.19,3.0,4.0,1
19113,3.0,6.0,30.0,3.9,-0.49,0.13,2.0,5.0,1
19122,5.0,8.0,33.0,3.4,-0.05,0.55,4.0,3.0,1
19125,6.0,6.0,29.0,2.7,0.12,-0.02,3.0,3.0,1
19127,3.0,3.0,38.0,3.0,-0.56,-0.79,4.0,4.0,1
19128,9.0,9.0,44.0,3.8,1.14,0.84,5.0,6.0,1
19129,3.0,3.0,29.5,2.9,-0.55,-0.6,4.0,3.0,1
19131,3.0,3.0,39.0,3.2,-0.54,-0.53,2.0,5.0,1
19132,4.0,5.0,29.0,3.0,-0.37,-0.23,5.0,4.0,1
19133,8.0,7.0,39.0,3.4,0.59,0.51,4.0,3.0,1
19134,6.0,5.0,35.0,3.5,0.11,-0.04,5.0,3.0,1
19137,2.0,2.0,35.0,3.0,-0.86,-1.05,4.0,3.0,1
19138,7.0,8.0,35.0,3.8,0.48,0.75,3.0,4.0,1
19142,2.0,2.0,34.0,3.6,-0.85,-1.24,1.0,5.0,1
19147,5.0,3.0,41.0,3.6,-0.06,-0.64,2.0,5.0,1
19148,8.0,8.0,31.0,3.2,0.65,0.65,4.0,3.0,1
19150,7.0,8.0,27.0,3.7,0.45,0.75,3.0,3.0,1
19152,1.0,1.0,27.0,2.2,-1.81,-1.68,5.0,3.0,1
19153,1.0,4.0,42.0,3.4,-1.28,-0.46,4.0,4.0,1
19154,5.0,5.0,41.0,3.0,0.04,-0.07,4.0,4.0,1
19155,2.0,3.0,42.0,3.8,-1.02,-0.71,5.0,6.0,1
19157,1.0,1.0,38.0,2.8,-1.98,-1.33,5.0,3.0,1
19160,5.0,7.0,33.0,3.5,0.05,0.5,4.0,4.0,1
19161,3.0,4.0,34.0,3.1,-0.6,-0.45,3.0,3.0,1
19163,5.0,7.0,46.0,3.5,-0.02,0.3,4.0,5.0,1
19165,1.0,1.0,28.0,2.8,-1.38,-1.97,5.0,3.0,0
19166,2.0,1.0,31.0,3.1,-1.01,-1.66,2.0,3.0,1
19170,6.0,8.0,42.0,3.7,0.35,0.8,4.0,6.0,1
19173,8.0,8.0,42.0,3.2,0.78,0.64,3.0,4.0,1
19174,6.0,4.0,43.0,3.0,0.22,-0.34,3.0,3.0,1
19176,5.0,4.0,31.0,3.5,-0.03,-0.43,4.0,4.0,1
19178,8.0,6.0,47.0,2.5,0.59,0.2,4.0,3.0,1
19179,6.0,6.0,37.5,3.3,0.25,0.21,2.0,5.0,1
19180,1.0,1.0,42.0,3.0,-1.53,-1.7,3.0,4.0,0
19181,9.0,9.0,33.0,3.5,0.92,1.12,3.0,3.0,1
19187,5.0,6.0,33.0,2.6,-0.1,0.15,5.0,2.0,1
19188,8.0,8.0,44.0,3.3,0.67,0.76,3.0,6.0,1
19190,4.0,6.0,30.0,3.7,-0.4,0.08,4.0,2.0,1
19193,2.0,2.0,40.0,3.5,-0.82,-1.17,4.0,5.0,1
19196,2.0,2.0,31.0,3.0,-0.94,-1.1,4.0,3.0,1
19197,7.0,6.0,38.0,3.7,0.35,0.13,2.0,4.0,1
19199,5.0,8.0,38.0,3.7,-0.05,0.66,3.0,3.0,1
19201,9.0,9.0,33.0,3.8,0.98,1.02,3.0,4.0,1
19202,10.0,10.0,44.0,3.8,2.16,2.19,4.0,4.0,1
19204,1.0,1.0,45.0,3.5,-1.5,-1.82,3.0,5.0,1
19205,5.0,4.0,33.0,3.4,-0.13,-0.51,3.0,3.0,1
19206,3.0,3.0,28.5,3.1,-0.6,-0.77,4.0,3.0,1
19207,7.0,7.0,39.0,3.2,0.37,0.31,3.0,5.0,1
19208,10.0,10.0,36.0,3.0,3.25,2.47,4.0,2.0,1
19211,5.0,5.0,40.0,3.6,-0.16,-0.03,2.0,4.0,0
19212,9.0,9.0,36.0,3.0,1.07,1.01,4.0,3.0,1
19214,8.0,6.0,32.0,3.4,0.65,0.09,3.0,3.0,1
19216,7.0,6.0,34.0,2.6,0.54,0.19,3.0,2.0,0
19218,3.0,3.0,39.0,3.6,-0.74,-0.73,4.0,5.0,1
19222,9.0,8.0,34.0,3.6,1.06,0.7,2.0,5.0,1
19223,8.0,8.0,45.0,3.5,0.56,0.69,4.0,5.0,1
19225,2.0,3.0,28.0,3.1,-0.91,-0.75,4.0,4.0,1
19228,8.0,9.0,41.0,3.9,0.8,1.15,3.0,5.0,1
19230,8.0,8.0,36.0,3.2,0.85,0.66,4.0,3.0,1
19231,10.0,5.0,42.0,3.5,1.56,-0.22,4.0,6.0,1
19234,10.0,9.0,37.0,3.7,1.41,1.01,4.0,3.0,1
19235,2.0,3.0,42.0,4.0,-1.08,-0.56,4.0,5.0,1
19237,5.0,3.0,35.0,3.0,-0.05,-0.76,4.0,5.0,1
19244,4.0,4.0,36.0,2.8,-0.35,-0.51,4.0,3.0,1
19245,4.0,4.0,43.0,3.2,-0.22,-0.51,4.0,5.0,1
19248,5.0,4.0,41.0,2.3,0.01,-0.49,5.0,3.0,0
19249,10.0,9.0,40.0,2.8,1.45,1.0,4.0,4.0,1
19251,6.0,4.0,38.0,3.4,0.2,-0.47,4.0,4.0,1
19254,8.0,9.0,36.0,3.0,0.61,1.3,5.0,3.0,1
19255,5.0,5.0,33.0,3.5,-0.05,-0.16,4.0,3.0,0
19259,1.0,1.0,24.0,3.1,-1.75,-1.99,1.0,5.0,0
19261,8.0,9.0,46.0,3.2,0.83,1.19,4.0,5.0,1
19263,4.0,3.0,32.0,3.3,-0.39,-0.86,3.0,3.0,1
19264,9.0,9.0,37.0,3.2,1.15,1.16,3.0,3.0,1
19266,10.0,10.0,48.0,3.5,2.66,2.72,4.0,6.0,1
19269,3.0,1.0,35.0,3.8,-0.7,-1.69,4.0,4.0,1
19270,3.0,3.0,38.0,3.0,-0.68,-0.84,4.0,4.0,1
19272,7.0,4.0,37.0,2.8,0.36,-0.5,5.0,4.0,1
19273,5.0,5.0,29.0,3.1,-0.02,-0.22,2.0,2.0,1
19274,4.0,9.0,29.0,2.6,-0.08,1.2,4.0,1.0,0
19277,7.0,6.0,40.0,3.7,0.55,0.03,4.0,6.0,1
19278,2.0,2.0,32.0,2.9,-0.87,-0.95,4.0,2.0,1
19282,10.0,10.0,36.0,3.7,1.58,1.87,4.0,2.0,1
19283,9.0,7.0,38.0,3.6,1.12,0.43,3.0,4.0,1
19286,10.0,10.0,40.0,3.3,1.46,1.8,5.0,3.0,1
19289,5.0,8.0,37.0,2.8,-0.17,0.86,3.0,3.0,1
19291,2.0,1.0,35.0,2.9,-1.07,-1.54,3.0,5.0,1
19295,8.0,3.0,28.5,3.1,0.7,-0.6,3.0,2.0,1
19296,3.0,2.0,38.0,3.1,-0.63,-1.26,4.0,3.0,1
19298,10.0,10.0,41.0,3.0,2.06,2.08,3.0,3.0,1
19299,4.0,4.0,37.0,2.7,-0.24,-0.39,4.0,3.0,1
19301,7.0,8.0,40.0,3.4,0.47,0.85,4.0,3.0,1
19304,7.0,5.0,40.0,3.0,0.56,-0.07,4.0,3.0,1
19309,10.0,10.0,30.0,3.4,1.56,1.31,4.0,3.0,1
19311,4.0,4.0,34.0,3.5,-0.31,-0.44,3.0,4.0,1
19312,9.0,7.0,40.0,3.3,1.1,0.52,5.0,3.0,1
19314,6.0,7.0,37.0,3.3,0.29,0.53,4.0,3.0,1
19318,7.0,8.0,47.0,2.9,0.35,0.76,4.0,4.0,1
19319,2.0,1.0,40.0,3.6,-0.93,-1.35,3.0,4.0,1
19320,6.0,3.0,42.0,2.8,0.17,-0.79,4.0,3.0,1
19322,8.0,7.0,31.5,2.9,0.82,0.46,4.0,3.0,1
19328,4.0,4.0,42.0,3.2,-0.39,-0.28,3.0,4.0,1
19329,8.0,8.0,38.0,3.5,0.58,0.65,2.0,3.0,1
19332,6.0,5.0,38.0,2.7,0.16,-0.15,4.0,4.0,1
19333,10.0,10.0,40.0,3.6,1.76,2.05,2.0,3.0,1
19337,3.0,3.0,35.0,3.3,-0.52,-0.8,3.0,3.0,1
19342,4.0,4.0,34.0,2.6,-0.36,-0.58,3.0,2.0,1
19347,6.0,6.0,35.0,3.7,0.12,0.19,3.0,4.0,1
19348,10.0,10.0,42.0,3.5,1.81,1.89,4.0,4.0,1
19353,6.0,6.0,36.5,3.1,0.09,0.02,3.0,4.0,1
19355,1.0,1.0,31.0,3.1,-1.31,-1.6,2.0,5.0,0
19356,10.0,8.0,35.0,3.3,1.34,0.65,3.0,4.0,1
19359,2.0,2.0,40.0,3.8,-1.11,-1.17,2.0,5.0,1
19360,5.0,5.0,32.0,3.3,-0.12,-0.18,4.0,3.0,1
19362,3.0,3.0,34.0,3.1,-0.57,-0.76,5.0,3.0,1
19364,5.0,4.0,36.0,3.3,-0.17,-0.41,5.0,5.0,1
19370,9.0,10.0,37.0,3.4,0.94,1.6,4.0,3.0,1
19372,4.0,5.0,27.0,3.4,-0.34,-0.25,4.0,2.0,1
19373,9.0,7.0,34.5,3.5,0.89,0.3,4.0,5.0,1
19375,6.0,6.0,37.0,3.5,0.12,0.2,4.0,3.0,1
19380,7.0,7.0,32.5,3.4,0.5,0.43,4.0,4.0,1
19382,7.0,4.0,38.0,3.6,0.49,-0.4,3.0,4.0,1
19386,2.0,5.0,43.0,3.9,-0.99,-0.22,2.0,2.0,1
19391,6.0,4.0,41.0,3.0,0.2,-0.55,4.0,3.0,1
19402,10.0,8.0,36.0,3.8,1.91,0.82,4.0,5.0,1
19406,8.0,6.0,41.0,3.6,0.59,0.08,4.0,5.0,1
19407,8.0,5.0,36.0,3.7,0.71,-0.01,4.0,4.0,1
19408,5.0,6.0,38.0,3.7,-0.14,0.21,4.0,4.0,1
19409,9.0,9.0,36.0,3.3,0.92,0.92,4.0,2.0,1
19410,3.0,3.0,32.0,2.5,-0.52,-0.81,5.0,2.0,1
19412,6.0,6.0,45.0,3.4,0.09,0.09,4.0,4.0,1
19414,2.0,1.0,42.0,3.6,-0.92,-1.4,4.0,5.0,1
19419,9.0,10.0,40.0,3.5,1.02,1.62,4.0,5.0,1
19423,5.0,7.0,42.0,3.6,-0.2,0.42,3.0,5.0,1
19424,7.0,5.0,33.0,3.4,0.46,-0.06,3.0,5.0,1
19428,1.0,1.0,42.5,3.1,-1.48,-1.47,5.0,4.0,1
19430,5.0,8.0,32.5,3.1,0.0,0.6,4.0,5.0,0
19431,5.0,6.0,42.0,3.3,-0.08,0.21,4.0,6.0,1
19435,7.0,7.0,41.0,2.9,0.32,0.24,4.0,2.0,1
19436,4.0,2.0,26.0,3.1,-0.44,-1.26,2.0,5.0,0
19439,8.0,8.0,44.0,4.0,0.86,0.68,3.0,6.0,1
19441,2.0,2.0,30.0,3.2,-0.78,-1.04,3.0,5.0,1
19449,8.0,7.0,41.0,3.0,0.57,0.53,4.0,5.0,1
19450,4.0,5.0,29.0,2.5,-0.39,-0.23,4.0,2.0,1
19452,1.0,1.0,23.0,2.5,-1.12,-1.6,1.0,1.0,0
19453,2.0,5.0,39.0,3.3,-1.13,-0.2,5.0,6.0,1
19454,1.0,1.0,29.0,2.5,-2.01,-2.23,4.0,3.0,0
19456,5.0,6.0,35.0,3.4,-0.13,0.12,2.0,3.0,1
19457,7.0,7.0,36.0,2.9,0.48,0.53,3.0,3.0,1
19458,3.0,3.0,33.0,3.7,-0.53,-0.55,3.0,4.0,1
19462,6.0,7.0,32.0,3.4,0.22,0.5,4.0,4.0,1
19463,3.0,2.0,30.0,2.2,-0.43,-0.91,1.0,1.0,1
19466,9.0,9.0,48.0,3.2,0.93,1.16,4.0,5.0,1
19467,2.0,3.0,44.0,3.5,-0.78,-0.67,4.0,4.0,1
19470,3.0,6.0,28.0,2.8,-0.42,0.19,3.0,1.0,0
19476,8.0,8.0,45.0,3.1,0.66,0.54,4.0,5.0,1
19477,4.0,5.0,42.0,3.0,-0.42,-0.08,3.0,4.0,1
19482,8.0,9.0,47.0,3.7,0.83,0.94,4.0,6.0,1
19483,4.0,4.0,48.0,3.6,-0.31,-0.27,3.0,6.0,1
19486,3.0,4.0,35.0,3.0,-0.59,-0.4,4.0,4.0,0
19488,7.0,6.0,38.0,3.1,0.32,0.19,2.0,3.0,1
19491,9.0,9.0,40.0,4.0,1.17,0.98,3.0,3.0,1
19492,9.0,9.0,37.0,3.0,1.28,1.0,3.0,3.0,1
19493,8.0,10.0,38.0,3.2,0.71,1.29,4.0,4.0,1
19496,7.0,8.0,42.0,3.3,0.36,0.74,4.0,4.0,1
19499,8.0,6.0,40.0,3.0,0.77,0.23,4.0,6.0,1
19500,3.0,4.0,41.0,2.8,-0.55,-0.35,4.0,4.0,1
19502,5.0,4.0,37.0,2.3,-0.14,-0.46,5.0,4.0,1
19503,8.0,7.0,43.0,3.7,0.63,0.39,3.0,4.0,1
19509,4.0,4.0,30.0,2.6,-0.26,-0.52,4.0,3.0,1
19511,4.0,7.0,38.0,2.8,-0.35,0.46,4.0,3.0,1
19513,7.0,7.0,33.0,3.6,0.49,0.4,4.0,4.0,1
19514,10.0,10.0,37.0,3.9,1.38,1.73,3.0,4.0,1
19515,6.0,6.0,39.0,3.4,0.26,0.21,4.0,3.0,1
19516,9.0,9.0,36.0,3.6,1.18,1.03,4.0,3.0,1
19517,5.0,4.0,29.5,3.2,-0.02,-0.45,1.0,5.0,1
19519,6.0,7.0,48.0,3.6,0.08,0.37,3.0,6.0,1
19520,6.0,6.0,34.0,3.8,0.26,0.2,3.0,4.0,1
19526,3.0,4.0,27.0,3.2,-0.7,-0.48,4.0,3.0,1
19527,5.0,6.0,44.0,3.3,-0.08,0.16,4.0,4.0,1
19528,2.0,6.0,33.0,3.0,-1.02,0.0,3.0,3.0,0
19529,3.0,5.0,26.0,2.6,-0.5,-0.23,3.0,4.0,1
19531,6.0,5.0,44.0,3.3,0.23,-0.05,3.0,5.0,1
19535,9.0,9.0,48.0,3.7,1.03,0.85,4.0,6.0,1
19536,9.0,10.0,45.0,3.8,0.98,1.64,3.0,5.0,1
19537,7.0,7.0,43.0,3.1,0.42,0.35,3.0,4.0,1
19539,8.0,8.0,34.0,3.1,0.69,0.74,4.0,4.0,1
19543,10.0,9.0,44.0,3.7,1.62,1.22,3.0,4.0,1
19544,2.0,1.0,39.0,3.1,-1.09,-1.67,3.0,3.0,1
19545,6.0,7.0,38.0,3.6,0.15,0.36,5.0,3.0,1
19546,4.0,3.0,33.0,3.0,-0.37,-0.65,4.0,2.0,1
19550,4.0,4.0,33.0,2.9,-0.38,-0.46,4.0,3.0,1
19552,2.0,2.0,34.0,3.3,-1.07,-1.06,2.0,6.0,1
19554,8.0,7.0,37.5,3.2,0.6,0.4,4.0,3.0,0
19555,2.0,2.0,39.0,3.7,-0.77,-0.91,4.0,3.0,1
19558,5.0,4.0,39.0,3.3,-0.1,-0.41,4.0,4.0,1
19559,8.0,5.0,43.0,3.7,0.8,-0.05,3.0,5.0,1
19564,7.0,6.0,27.7,3.3,0.33,0.08,3.0,3.0,1
19565,6.0,4.0,41.0,3.0,0.08,-0.55,3.0,3.0,1
19567,8.0,8.0,31.0,3.2,0.75,0.55,4.0,3.0,1
19569,7.0,6.0,32.0,3.0,0.55,0.14,5.0,3.0,1
19570,1.0,1.0,40.0,2.5,-1.3,-1.34,5.0,3.0,0
19572,2.0,2.0,27.0,2.9,-0.77,-1.16,4.0,3.0,1
19575,7.0,8.0,35.0,3.6,0.36,0.86,4.0,3.0,1
19577,3.0,4.0,39.0,2.9,-0.62,-0.53,4.0,4.0,1
19582,5.0,6.0,36.0,3.0,-0.03,0.07,4.0,2.0,0
19583,9.0,9.0,39.0,3.5,1.2,1.14,3.0,3.0,1
19589,7.0,9.0,36.0,2.3,0.5,1.03,4.0,3.0,1
19590,9.0,9.0,34.0,3.5,1.26,1.04,3.0,5.0,1
19594,7.0,4.0,27.0,4.0,0.52,-0.53,2.0,2.0,1
19595,5.0,4.0,38.0,3.4,0.02,-0.29,5.0,3.0,1
19596,4.0,4.0,41.0,3.0,-0.24,-0.28,3.0,5.0,1
19598,4.0,5.0,37.0,3.6,-0.4,-0.21,4.0,4.0,1
19599,1.0,2.0,36.0,3.0,-1.54,-1.11,3.0,5.0,1
19609,7.0,7.0,32.0,3.1,0.55,0.48,3.0,2.0,1
19610,9.0,10.0,37.0,2.5,1.19,1.39,4.0,2.0,1
19612,4.0,6.0,33.0,3.9,-0.3,-0.01,4.0,3.0,1
19613,10.0,10.0,43.0,3.5,2.32,2.13,3.0,4.0,1
19616,2.0,9.0,34.5,1.9,-0.93,1.0,3.0,1.0,1
19617,7.0,7.0,35.0,2.7,0.52,0.35,2.0,2.0,1
19619,8.0,7.0,40.0,2.7,0.61,0.45,3.0,3.0,1
19620,2.0,2.0,26.0,3.5,-1.07,-1.3,2.0,3.0,0
19621,4.0,3.0,37.0,3.2,-0.41,-0.55,3.0,4.0,1
19622,5.0,8.0,44.0,3.7,0.0,0.77,4.0,5.0,1
19624,9.0,8.0,41.0,3.7,0.95,0.87,3.0,4.0,1
19625,10.0,10.0,38.5,3.9,1.62,1.37,3.0,3.0,1
19626,5.0,4.0,21.0,2.9,-0.05,-0.33,4.0,1.0,0
19631,10.0,10.0,47.0,3.9,1.36,1.36,3.0,4.0,1
19632,6.0,4.0,37.0,2.7,0.06,-0.35,4.0,3.0,1
19635,8.0,8.0,38.0,3.9,0.65,0.78,3.0,6.0,1
19637,8.0,9.0,39.5,3.2,0.76,1.17,3.0,3.0,1
19641,9.0,10.0,44.0,4.0,1.29,1.24,4.0,6.0,1
19642,1.0,1.0,28.5,2.1,-1.88,-2.39,3.0,3.0,0
19643,6.0,4.0,38.5,3.5,0.21,-0.44,4.0,4.0,1
19645,10.0,10.0,42.0,2.8,1.88,2.22,3.0,3.0,1
19647,9.0,9.0,41.0,3.6,1.3,1.03,4.0,4.0,1
19648,6.0,5.0,35.0,3.4,0.3,-0.14,2.0,3.0,1
19649,2.0,2.0,28.0,3.1,-0.97,-1.25,3.0,3.0,0
19651,5.0,5.0,39.0,2.6,0.07,-0.17,4.0,4.0,1
19655,4.0,4.0,33.0,3.2,-0.39,-0.55,4.0,3.0,1
19656,2.0,3.0,34.0,2.9,-0.97,-0.86,4.0,3.0,1
19658,8.0,9.0,42.0,3.3,0.71,1.02,3.0,4.0,1
19662,1.0,1.0,42.0,3.5,-1.41,-1.64,3.0,4.0,1
19668,3.0,3.0,31.0,3.9,-0.48,-0.72,3.0,4.0,1
19672,5.0,7.0,39.0,3.1,-0.1,0.48,3.0,3.0,0
19675,10.0,10.0,31.0,3.1,1.84,1.65,4.0,3.0,1
19676,2.0,1.0,36.5,3.2,-0.98,-1.47,4.0,5.0,1
19677,1.0,1.0,34.0,3.1,-1.26,-1.45,3.0,3.0,1
19678,8.0,8.0,39.0,2.5,0.79,0.81,2.0,3.0,1
19680,7.0,9.0,41.0,2.8,0.49,1.29,4.0,3.0,1
19681,9.0,5.0,33.0,3.3,0.87,-0.05,3.0,3.0,1
19683,5.0,5.0,37.5,3.4,-0.1,-0.17,3.0,5.0,1
19685,5.0,6.0,42.0,2.8,-0.15,0.17,3.0,5.0,1
19687,3.0,1.0,32.0,3.0,-0.53,-1.31,5.0,3.0,1
19695,3.0,3.0,34.0,3.4,-0.64,-0.64,4.0,2.0,1
19696,10.0,10.0,45.0,3.6,1.78,1.71,4.0,3.0,1
19697,8.0,9.0,35.0,3.6,0.67,1.14,2.0,2.0,1
19700,10.0,10.0,32.0,3.5,1.91,2.15,4.0,3.0,1
19711,7.0,8.0,32.0,3.6,0.33,0.67,3.0,3.0,1
19715,5.0,4.0,45.0,3.2,-0.06,-0.47,3.0,4.0,1
19717,6.0,8.0,29.0,3.4,0.11,0.62,4.0,2.0,1
19721,8.0,8.0,42.0,3.4,0.72,0.66,4.0,3.0,1
19726,2.0,3.0,29.0,3.2,-0.89,-0.63,3.0,3.0,1
19729,3.0,2.0,43.0,3.1,-0.57,-0.89,4.0,4.0,1
19731,10.0,9.0,34.0,2.7,1.76,1.15,5.0,2.0,1
19732,5.0,4.0,40.0,2.5,-0.12,-0.48,4.0,3.0,1
19735,5.0,5.0,38.0,2.9,-0.01,-0.07,3.0,3.0,1
19738,1.0,1.0,30.0,3.1,-1.74,-1.71,3.0,4.0,0
19739,5.0,5.0,35.0,3.1,-0.05,-0.09,4.0,4.0,1
19741,9.0,9.0,44.0,3.5,1.03,1.09,4.0,6.0,1
19742,2.0,3.0,37.0,3.1,-0.72,-0.79,5.0,3.0,1
19744,2.0,4.0,37.0,3.5,-1.02,-0.5,5.0,3.0,1
19745,1.0,1.0,41.0,3.6,-1.21,-1.63,4.0,6.0,1
19746,3.0,3.0,40.0,3.8,-0.49,-0.51,4.0,6.0,1
19748,3.0,3.0,27.0,2.8,-0.55,-0.76,4.0,3.0,1
19750,7.0,7.0,37.0,3.0,0.46,0.4,2.0,3.0,1
19756,9.0,8.0,40.0,3.8,1.16,0.86,3.0,4.0,1
19757,1.0,2.0,25.0,2.5,-1.13,-1.11,3.0,3.0,1
19759,1.0,1.0,42.0,2.9,-1.33,-1.38,4.0,4.0,0
19765,2.0,1.0,40.0,2.9,-0.89,-1.42,3.0,4.0,1
19766,8.0,9.0,36.0,3.2,0.65,0.89,4.0,3.0,1
19769,3.0,5.0,30.0,2.8,-0.51,-0.23,4.0,5.0,1
19770,5.0,8.0,48.0,3.6,0.01,0.72,4.0,5.0,1
19774,10.0,9.0,38.0,3.8,1.38,1.06,3.0,3.0,1
19775,7.0,7.0,31.5,3.1,0.36,0.4,4.0,3.0,1
19780,4.0,7.0,35.5,2.1,-0.32,0.41,1.0,2.0,1
19781,1.0,1.0,28.0,2.4,-1.46,-1.91,2.0,1.0,0
19782,3.0,2.0,47.0,4.0,-0.78,-1.08,3.0,6.0,1
19783,3.0,6.0,33.0,2.5,-0.58,0.08,3.0,1.0,0
19785,6.0,6.0,45.0,3.1,0.12,0.04,4.0,5.0,1
19790,7.0,5.0,36.0,3.6,0.33,-0.22,4.0,5.0,1
19791,8.0,5.0,28.0,3.0,0.66,-0.07,2.0,3.0,1
19792,6.0,7.0,35.0,3.2,0.26,0.4,3.0,3.0,1
19796,3.0,3.0,28.0,3.7,-0.62,-0.84,2.0,3.0,1
19798,5.0,6.0,39.0,3.4,-0.11,0.22,4.0,4.0,1
19799,5.0,4.0,39.0,3.6,-0.08,-0.44,3.0,6.0,1
19801,6.0,4.0,32.0,3.0,0.1,-0.29,3.0,3.0,1
19804,10.0,10.0,36.0,3.2,1.78,1.38,3.0,3.0,1
19805,7.0,8.0,35.0,3.0,0.46,0.75,4.0,3.0,1
19806,5.0,8.0,41.0,2.7,-0.03,0.67,4.0,4.0,1
19808,7.0,7.0,34.0,2.6,0.39,0.32,4.0,3.0,1
19809,9.0,10.0,45.0,3.7,1.26,1.37,5.0,6.0,1
19816,5.0,4.0,33.0,3.7,-0.2,-0.39,4.0,5.0,1
19817,8.0,9.0,37.0,3.2,0.77,0.97,3.0,4.0,1
19819,1.0,1.0,39.0,2.8,-1.81,-1.62,4.0,4.0,0
19825,1.0,3.0,29.0,3.2,-1.37,-0.6,4.0,3.0,1
19826,4.0,4.0,39.0,3.0,-0.25,-0.4,3.0,5.0,0
19829,9.0,7.0,39.0,3.8,1.08,0.46,4.0,3.0,1
19831,4.0,4.0,42.0,3.4,-0.22,-0.45,4.0,6.0,1
19833,4.0,2.0,34.0,3.9,-0.34,-0.95,3.0,2.0,0
19835,8.0,7.0,41.0,3.0,0.87,0.45,3.0,5.0,1
19844,2.0,1.0,38.0,2.7,-1.07,-1.81,4.0,3.0,1
19845,6.0,8.0,35.0,3.1,0.12,0.62,4.0,5.0,1
19847,4.0,4.0,44.0,3.1,-0.37,-0.44,4.0,4.0,0
19849,7.0,8.0,42.0,3.1,0.59,0.82,4.0,4.0,1
19853,4.0,4.0,41.0,3.6,-0.28,-0.29,3.0,3.0,1
19856,1.0,1.0,26.0,2.1,-1.28,-1.68,3.0,3.0,0
19860,3.0,1.0,42.0,2.8,-0.65,-1.66,3.0,4.0,1
19861,6.0,8.0,37.0,3.2,0.23,0.72,4.0,3.0,1
19868,2.0,2.0,35.0,3.6,-1.04,-1.23,3.0,4.0,1
19869,2.0,2.0,32.5,2.8,-0.73,-1.19,3.0,2.0,1
19874,9.0,9.0,34.0,3.2,0.87,1.26,4.0,5.0,1
19877,10.0,10.0,38.0,3.4,1.35,1.41,4.0,4.0,1
19878,5.0,2.0,40.0,3.1,-0.11,-0.95,3.0,3.0,1
19880,7.0,7.0,28.0,2.3,0.46,0.44,4.0,3.0,1
19883,6.0,6.0,29.0,2.6,0.07,0.02,3.0,3.0,1
19886,10.0,10.0,47.0,2.8,1.66,1.78,3.0,4.0,1
19889,3.0,3.0,33.0,3.8,-0.54,-0.56,3.0,4.0,1
19890,1.0,2.0,37.0,2.6,-1.34,-1.1,3.0,4.0,1
19891,7.0,7.0,38.0,3.7,0.35,0.5,3.0,3.0,1
19893,6.0,7.0,45.0,3.0,0.22,0.36,1.0,4.0,1
19896,1.0,1.0,30.3,2.9,-1.53,-1.82,4.0,4.0,1
19899,10.0,10.0,34.0,3.1,1.73,1.61,3.0,3.0,1
19900,2.0,5.0,33.0,3.2,-0.7,-0.05,5.0,3.0,1
19901,7.0,6.0,39.0,3.2,0.36,0.24,4.0,3.0,1
19903,10.0,9.0,39.0,3.6,1.31,1.15,4.0,4.0,1
19907,4.0,7.0,37.0,3.0,-0.27,0.44,4.0,3.0,1
19908,4.0,4.0,34.0,3.0,-0.29,-0.44,4.0,6.0,1
19910,1.0,1.0,35.0,3.2,-1.15,-1.58,3.0,3.0,1
19911,1.0,2.0,37.0,3.0,-1.21,-1.28,4.0,5.0,1
19913,2.0,1.0,26.0,3.3,-1.04,-1.48,4.0,4.0,0
19916,9.0,5.0,42.0,3.1,1.08,0.01,3.0,5.0,1
19917,4.0,6.0,39.0,3.6,-0.22,-0.02,4.0,3.0,1
19919,6.0,5.0,26.5,3.0,0.08,-0.22,4.0,3.0,1
19920,7.0,6.0,30.0,2.9,0.55,0.1,4.0,3.0,1
19921,3.0,7.0,34.0,2.4,-0.44,0.38,3.0,3.0,1
19922,7.0,6.0,42.0,3.3,0.35,0.17,4.0,5.0,1
19924,7.0,6.0,39.0,3.3,0.32,0.08,3.0,3.0,1
19925,3.0,2.0,36.0,2.8,-0.65,-1.15,4.0,3.0,1
19927,6.0,8.0,34.5,2.7,0.19,0.76,3.0,2.0,1
19929,1.0,3.0,35.0,3.2,-1.19,-0.66,3.0,4.0,1
19930,8.0,9.0,42.0,3.7,0.81,1.09,3.0,3.0,1
19931,6.0,4.0,31.5,3.2,0.05,-0.55,5.0,2.0,1
19932,3.0,3.0,35.0,3.1,-0.65,-0.81,3.0,3.0,1
19934,6.0,7.0,35.5,3.3,0.17,0.54,3.0,3.0,1
19937,7.0,5.0,35.0,3.2,0.38,-0.11,3.0,4.0,1
19940,9.0,8.0,34.0,3.3,1.02,0.84,3.0,3.0,1
19945,1.0,3.0,40.0,3.3,-1.5,-0.56,4.0,5.0,1
19946,8.0,8.0,38.0,2.9,0.86,0.71,5.0,3.0,1
19956,9.0,9.0,37.5,3.4,1.1,1.14,4.0,3.0,1
19962,6.0,7.0,42.0,3.9,0.1,0.29,3.0,4.0,1
19965,3.0,3.0,40.0,3.5,-0.69,-0.82,5.0,5.0,1
19967,7.0,8.0,38.0,3.3,0.58,0.82,3.0,4.0,1
19968,3.0,1.0,36.5,2.1,-0.57,-1.56,3.0,2.0,0
19969,5.0,2.0,38.0,3.1,-0.13,-0.91,3.0,5.0,1
19970,1.0,1.0,37.0,3.0,-1.56,-1.97,2.0,4.0,1
19971,5.0,6.0,38.0,3.0,-0.12,0.13,4.0,3.0,1
19976,9.0,9.0,36.0,3.6,0.96,1.13,4.0,3.0,1
19978,8.0,6.0,44.0,3.8,0.67,0.13,4.0,6.0,1
19979,5.0,5.0,34.0,2.9,-0.03,-0.26,4.0,2.0,1
19980,3.0,3.0,37.0,3.4,-0.55,-0.68,2.0,4.0,1
19981,7.0,5.0,39.0,2.6,0.37,-0.16,4.0,5.0,1
19983,4.0,7.0,34.0,3.2,-0.31,0.34,4.0,5.0,1
19985,1.0,1.0,22.0,2.8,-2.06,-1.75,2.0,3.0,0
19987,1.0,1.0,36.0,2.7,-1.22,-1.44,4.0,3.0,1
19988,7.0,7.0,42.0,3.4,0.52,0.5,4.0,4.0,1
19990,8.0,5.0,41.0,3.3,0.68,0.0,5.0,5.0,1
19991,9.0,9.0,39.0,2.6,0.95,1.2,3.0,4.0,1
19992,2.0,2.0,33.0,3.1,-0.75,-1.05,5.0,3.0,0
19994,10.0,9.0,38.0,4.0,1.43,1.1,3.0,4.0,1
19996,2.0,1.0,36.0,2.2,-1.06,-1.85,1.0,4.0,0
19997,4.0,6.0,29.5,2.4,-0.17,0.15,3.0,1.0,1
20001,9.0,10.0,36.0,3.7,1.04,1.71,2.0,3.0,1
20002,8.0,10.0,31.0,3.7,0.63,1.68,4.0,2.0,1
20004,1.0,3.0,35.0,2.8,-1.55,-0.78,4.0,3.0,1
20008,7.0,9.0,37.0,4.0,0.39,1.07,4.0,4.0,1
20011,8.0,6.0,36.5,3.5,0.78,0.18,2.0,6.0,1
20012,7.0,6.0,33.0,3.1,0.34,0.14,2.0,2.0,1
20017,9.0,10.0,33.0,4.0,1.3,1.47,4.0,4.0,1
20020,4.0,6.0,31.0,3.6,-0.21,0.27,3.0,4.0,1
20022,8.0,9.0,31.0,2.8,0.63,0.87,3.0,2.0,1
20023,4.0,2.0,37.0,3.2,-0.32,-0.9,4.0,3.0,0
20024,8.0,10.0,42.5,3.4,0.71,1.35,3.0,5.0,1
20026,1.0,1.0,24.7,2.1,-1.82,-2.53,5.0,3.0,0
20027,5.0,4.0,38.0,2.9,0.03,-0.56,4.0,3.0,1
20028,6.0,2.0,34.0,2.9,0.05,-1.07,3.0,2.0,0
20030,10.0,10.0,47.0,3.1,2.24,1.86,3.0,4.0,1
20032,2.0,1.0,38.0,2.5,-0.76,-1.37,4.0,4.0,1
20037,5.0,3.0,35.0,3.4,-0.05,-0.73,4.0,3.0,1
20043,2.0,3.0,23.7,2.9,-0.93,-0.63,3.0,5.0,1
20044,2.0,4.0,35.0,3.2,-0.7,-0.4,3.0,3.0,1
20045,1.0,2.0,30.0,3.5,-1.25,-0.95,3.0,4.0,1
20046,4.0,2.0,29.0,3.0,-0.32,-0.89,1.0,5.0,1
20047,6.0,8.0,32.0,3.3,0.22,0.65,2.0,3.0,1
20049,6.0,8.0,42.0,3.3,0.23,0.79,3.0,5.0,1
20052,4.0,5.0,37.0,3.7,-0.25,-0.24,3.0,4.0,1
20059,1.0,1.0,26.0,3.7,-1.27,-1.38,2.0,4.0,0
20060,2.0,3.0,34.0,3.5,-0.79,-0.59,2.0,4.0,1
20061,7.0,8.0,40.5,2.6,0.46,0.64,4.0,3.0,1
20063,3.0,3.0,44.0,3.5,-0.54,-0.63,4.0,4.0,1
20067,7.0,9.0,41.0,3.7,0.55,1.08,1.0,5.0,1
20068,8.0,7.0,37.0,3.1,0.63,0.55,4.0,4.0,1
20069,1.0,2.0,44.0,3.1,-1.56,-1.06,3.0,6.0,1
20073,2.0,2.0,27.5,2.8,-0.85,-1.17,4.0,5.0,1
20075,4.0,6.0,29.0,3.3,-0.22,0.05,4.0,2.0,0
20077,7.0,7.0,36.0,3.9,0.42,0.48,3.0,6.0,1
20079,5.0,4.0,36.0,2.4,0.04,-0.46,5.0,3.0,1
20081,5.0,5.0,37.0,2.4,-0.12,-0.07,3.0,2.0,1
20082,5.0,3.0,39.0,3.5,-0.13,-0.71,3.0,6.0,1
20083,5.0,2.0,40.0,3.0,-0.03,-0.99,3.0,5.0,1
20087,8.0,9.0,35.0,3.7,0.85,0.91,4.0,3.0,1
20088,5.0,5.0,36.0,3.5,-0.04,-0.09,3.0,4.0,1
20090,7.0,8.0,37.0,3.6,0.43,0.6,4.0,4.0,1
20091,9.0,9.0,39.0,2.7,1.26,1.29,5.0,3.0,1
20092,2.0,2.0,34.0,3.5,-1.02,-1.16,1.0,5.0,1
20093,5.0,3.0,35.0,3.2,-0.1,-0.89,3.0,3.0,1
20096,8.0,8.0,41.0,3.7,0.74,0.73,3.0,4.0,1
20097,9.0,9.0,35.0,3.3,0.9,0.97,2.0,2.0,1
20098,4.0,4.0,33.0,3.4,-0.23,-0.47,3.0,3.0,1
20100,1.0,1.0,32.0,2.8,-2.1,-1.48,2.0,5.0,1
20101,9.0,10.0,33.0,3.5,1.02,1.61,3.0,3.0,1
20103,9.0,10.0,39.0,3.1,1.25,1.39,2.0,3.0,1
20106,5.0,1.0,27.0,3.3,-0.03,-1.75,4.0,3.0,0
20111,5.0,4.0,40.0,2.8,-0.13,-0.49,4.0,3.0,1
20117,7.0,6.0,39.0,3.2,0.48,0.1,5.0,5.0,1
20119,2.0,3.0,31.0,3.1,-0.89,-0.8,3.0,3.0,1
20124,7.0,6.0,35.0,3.1,0.39,0.06,4.0,4.0,1
20126,8.0,6.0,40.0,3.8,0.79,0.16,3.0,5.0,1
20129,2.0,4.0,29.0,3.2,-0.89,-0.42,3.0,5.0,1
20131,7.0,9.0,37.0,3.3,0.49,1.08,4.0,4.0,1
20133,9.0,9.0,41.0,3.3,0.92,0.92,4.0,4.0,1
20135,10.0,10.0,44.0,3.8,1.86,2.14,3.0,3.0,1
20136,9.0,10.0,33.0,2.9,1.08,1.5,4.0,3.0,1
20143,10.0,10.0,34.0,3.8,1.42,1.42,3.0,1.0,1
20144,10.0,4.0,32.5,2.6,1.29,-0.37,3.0,5.0,1
20146,3.0,5.0,44.0,3.6,-0.74,-0.05,5.0,5.0,1
20150,6.0,8.0,34.0,3.6,0.13,0.79,4.0,3.0,1
20151,2.0,1.0,42.0,3.5,-0.86,-2.02,4.0,4.0,0
20152,8.0,8.0,40.0,3.6,0.73,0.83,3.0,3.0,1
20157,7.0,2.0,34.0,2.7,0.43,-0.98,3.0,4.0,0
20158,2.0,5.0,45.0,2.6,-1.04,-0.03,3.0,5.0,0
20161,5.0,3.0,37.0,2.6,-0.15,-0.78,4.0,3.0,1
20165,4.0,6.0,44.0,3.4,-0.39,0.03,4.0,5.0,1
20166,7.0,7.0,32.7,2.4,0.47,0.36,3.0,3.0,1
20168,3.0,5.0,31.5,3.3,-0.43,-0.1,4.0,3.0,1
20169,1.0,3.0,36.0,3.5,-1.37,-0.85,2.0,5.0,0
20170,4.0,5.0,34.0,3.9,-0.23,-0.04,2.0,4.0,1
20172,6.0,9.0,35.0,3.1,0.2,0.87,4.0,6.0,1
20173,3.0,3.0,36.0,3.3,-0.46,-0.59,3.0,4.0,1
20174,6.0,8.0,37.0,3.3,0.3,0.55,4.0,3.0,1
20175,1.0,1.0,23.0,3.4,-1.83,-1.89,3.0,5.0,0
20177,1.0,2.0,28.5,3.5,-1.37,-1.07,3.0,5.0,0
20178,3.0,2.0,26.0,2.7,-0.54,-1.08,3.0,5.0,0
20179,10.0,10.0,41.0,3.6,2.37,2.48,3.0,2.0,1
20181,1.0,1.0,38.0,3.2,-1.38,-1.58,3.0,6.0,1
20183,3.0,2.0,33.0,3.9,-0.63,-1.25,2.0,4.0,1
20184,3.0,6.0,41.0,3.3,-0.54,0.14,4.0,4.0,1
20185,6.0,5.0,37.0,3.6,0.31,-0.02,2.0,4.0,1
20190,9.0,8.0,42.0,3.5,1.14,0.66,3.0,4.0,1
20194,8.0,9.0,42.0,3.2,0.75,1.16,4.0,3.0,1
20198,4.0,3.0,40.0,3.2,-0.3,-0.69,5.0,6.0,1
20199,6.0,5.0,34.0,3.9,0.19,-0.03,3.0,4.0,1
20201,4.0,4.0,46.0,3.3,-0.39,-0.32,3.0,5.0,1
20205,9.0,8.0,31.0,3.1,1.18,0.6,3.0,3.0,1
20207,2.0,1.0,27.7,3.2,-1.1,-1.39,3.0,5.0,1
20208,5.0,7.0,27.0,3.2,0.02,0.25,4.0,2.0,1
20210,3.0,1.0,16.5,2.9,-0.6,-1.32,3.0,3.0,0
20211,7.0,7.0,38.0,3.2,0.56,0.4,4.0,3.0,1
20215,7.0,8.0,32.0,3.1,0.37,0.57,5.0,3.0,1
20218,2.0,1.0,28.5,2.4,-0.86,-1.53,5.0,3.0,0
20221,9.0,9.0,40.0,3.0,1.17,1.16,4.0,3.0,1
20225,7.0,10.0,33.0,3.0,0.31,1.57,3.0,3.0,1
20228,5.0,6.0,37.0,3.4,0.03,0.25,3.0,3.0,1
20230,5.0,3.0,37.0,3.8,0.06,-0.58,3.0,4.0,1
20231,10.0,10.0,42.0,3.8,1.8,1.77,3.0,3.0,1
20233,2.0,2.0,36.0,3.1,-1.04,-0.87,3.0,6.0,1
20234,6.0,1.0,38.0,2.6,0.15,-1.62,3.0,3.0,1
20236,2.0,3.0,30.0,2.4,-0.74,-0.79,4.0,3.0,0
20239,8.0,9.0,43.0,3.6,0.69,1.15,3.0,5.0,1
20242,1.0,1.0,27.0,2.5,-1.7,-1.48,3.0,4.0,1
20245,1.0,1.0,42.0,2.5,-1.62,-2.29,4.0,4.0,0
20246,2.0,2.0,36.0,2.6,-1.07,-0.97,4.0,5.0,0
20248,9.0,10.0,41.0,3.5,1.23,1.3,4.0,5.0,1
20249,9.0,9.0,32.0,3.9,0.94,1.31,2.0,2.0,1
20251,2.0,2.0,33.0,2.8,-0.76,-0.92,4.0,2.0,0
20252,5.0,10.0,33.0,3.5,0.05,1.38,4.0,5.0,1
20254,9.0,9.0,42.0,3.3,1.02,1.14,5.0,5.0,1
20255,7.0,9.0,38.0,3.7,0.53,1.03,4.0,3.0,1
20256,10.0,9.0,36.0,4.0,1.88,1.13,4.0,4.0,1
20258,6.0,9.0,38.0,2.8,0.25,1.05,3.0,3.0,1
20259,3.0,1.0,30.0,3.4,-0.51,-1.54,3.0,3.0,0
20260,4.0,3.0,41.0,3.7,-0.22,-0.6,3.0,4.0,1
20261,3.0,5.0,31.0,3.0,-0.54,-0.28,4.0,3.0,1
20263,7.0,9.0,39.0,2.4,0.51,1.15,4.0,4.0,1
20268,5.0,7.0,23.5,2.7,0.02,0.28,3.0,1.0,1
20270,9.0,5.0,41.5,2.9,0.99,-0.02,2.0,6.0,1
20272,10.0,10.0,42.0,2.9,1.82,1.79,2.0,4.0,1
20273,2.0,4.0,35.0,3.6,-0.73,-0.39,3.0,3.0,1
20274,8.0,9.0,32.0,2.8,0.6,1.28,3.0,3.0,1
20275,4.0,4.0,35.0,3.7,-0.46,-0.45,1.0,6.0,1
20278,7.0,5.0,32.0,3.1,0.51,-0.22,2.0,2.0,1
20279,5.0,6.0,33.5,3.2,-0.03,0.22,4.0,3.0,1
20281,3.0,4.0,38.0,3.3,-0.5,-0.52,4.0,4.0,1
20283,9.0,5.0,41.0,2.5,0.9,-0.07,4.0,3.0,1
20286,8.0,6.0,34.0,2.8,0.6,0.1,4.0,3.0,1
20288,4.0,6.0,38.0,3.0,-0.25,0.21,3.0,4.0,1
20289,8.0,7.0,40.0,3.8,0.93,0.43,3.0,6.0,1
20299,2.0,2.0,19.5,3.4,-0.89,-1.17,5.0,3.0,0
20305,4.0,1.0,26.0,2.8,-0.4,-1.42,2.0,3.0,0
20308,4.0,6.0,39.0,4.0,-0.41,0.1,3.0,4.0,1
20310,7.0,7.0,40.0,3.6,0.55,0.4,4.0,3.0,1
20312,6.0,3.0,37.0,3.1,0.19,-0.62,4.0,3.0,1
20313,6.0,6.0,43.0,3.9,0.2,0.23,4.0,5.0,1
20314,6.0,8.0,34.0,3.0,0.19,0.82,3.0,3.0,1
20317,4.0,2.0,39.0,3.1,-0.38,-1.23,5.0,4.0,1
20318,1.0,1.0,42.0,3.7,-1.54,-1.42,2.0,6.0,0
20319,8.0,9.0,43.0,3.5,0.64,1.16,5.0,6.0,1
20320,6.0,6.0,31.0,3.7,0.24,0.08,3.0,3.0,1
20321,10.0,10.0,40.0,3.9,1.59,1.71,4.0,3.0,1
20324,9.0,7.0,41.0,3.1,0.92,0.44,4.0,5.0,1
20325,3.0,4.0,42.0,2.8,-0.54,-0.28,4.0,4.0,1
20326,1.0,1.0,24.5,2.9,-2.1,-2.48,3.0,3.0,0
20328,8.0,8.0,37.0,4.0,0.83,0.76,5.0,4.0,1
20334,2.0,2.0,29.7,3.1,-0.85,-1.23,4.0,4.0,1
20337,3.0,2.0,31.0,2.6,-0.43,-1.24,3.0,3.0,0
20338,2.0,4.0,31.0,2.9,-0.74,-0.46,3.0,2.0,1
20339,4.0,4.0,40.0,3.3,-0.37,-0.52,4.0,4.0,1
20340,10.0,10.0,41.0,2.9,1.85,2.0,4.0,5.0,1
20341,8.0,8.0,33.0,3.1,0.68,0.64,4.0,4.0,1
20343,6.0,6.0,42.0,3.3,0.07,0.22,4.0,5.0,1
20345,5.0,6.0,39.0,3.6,0.0,0.11,3.0,4.0,1
20350,1.0,1.0,27.7,3.0,-1.61,-2.61,3.0,5.0,1
20353,9.0,8.0,40.0,2.4,1.07,0.81,3.0,3.0,1
20354,6.0,8.0,34.0,2.8,0.13,0.68,4.0,2.0,1
20355,6.0,8.0,33.0,3.0,0.24,0.83,3.0,2.0,1
20357,1.0,1.0,34.0,2.8,-1.16,-1.63,5.0,2.0,0
20359,6.0,7.0,33.5,3.5,0.19,0.31,4.0,3.0,1
20363,10.0,9.0,26.0,3.0,1.49,1.05,4.0,1.0,1
20364,10.0,9.0,32.5,3.1,1.46,0.91,3.0,4.0,1
20367,7.0,9.0,35.0,2.2,0.36,1.0,4.0,3.0,1
20369,8.0,10.0,39.5,3.4,0.87,1.41,4.0,4.0,1
20370,6.0,5.0,37.0,3.5,0.26,-0.25,4.0,4.0,1
20371,1.0,4.0,42.0,3.1,-1.39,-0.38,1.0,3.0,1
20375,2.0,4.0,41.0,3.4,-0.75,-0.48,3.0,4.0,1
20377,6.0,4.0,44.0,3.2,0.31,-0.36,4.0,6.0,1
20379,3.0,5.0,39.0,3.4,-0.56,-0.05,4.0,5.0,1
20385,4.0,3.0,37.0,3.3,-0.45,-0.74,3.0,5.0,1
20386,9.0,9.0,47.0,3.6,1.27,1.27,3.0,3.0,1
20388,7.0,3.0,29.0,2.7,0.44,-0.8,2.0,2.0,1
20389,10.0,10.0,39.0,3.9,1.42,1.34,2.0,3.0,1
20390,4.0,5.0,36.0,3.4,-0.4,-0.26,3.0,2.0,1
20392,9.0,10.0,37.0,2.4,1.26,1.57,2.0,3.0,1
20393,6.0,6.0,39.0,2.7,0.07,-0.02,2.0,3.0,1
20394,6.0,7.0,41.0,3.9,0.27,0.54,3.0,6.0,1
20395,9.0,9.0,43.0,3.0,0.9,1.0,3.0,4.0,1
20396,3.0,8.0,32.5,3.6,-0.58,0.8,3.0,3.0,1
20398,1.0,1.0,27.7,2.9,-1.83,-1.74,4.0,5.0,0
20405,2.0,2.0,43.0,3.1,-1.01,-1.28,3.0,4.0,1
20406,5.0,6.0,40.0,2.8,-0.15,0.1,4.0,3.0,1
20407,6.0,8.0,35.0,2.9,0.15,0.79,2.0,3.0,1
20409,4.0,5.0,38.0,3.3,-0.16,-0.07,2.0,4.0,1
20410,6.0,8.0,36.0,3.2,0.27,0.58,4.0,3.0,1
20413,9.0,8.0,34.0,3.9,1.25,0.84,4.0,4.0,1
20414,4.0,5.0,35.3,2.7,-0.42,-0.21,4.0,4.0,1
20415,4.0,3.0,38.0,3.5,-0.22,-0.63,4.0,3.0,1
20416,2.0,2.0,37.0,3.0,-0.91,-0.97,3.0,3.0,1
20420,4.0,3.0,35.0,2.8,-0.24,-0.71,3.0,2.0,1
20421,5.0,6.0,31.0,3.3,0.05,0.13,5.0,5.0,1
20424,2.0,1.0,33.0,3.5,-0.86,-1.37,3.0,4.0,1
20425,5.0,4.0,43.0,3.5,0.05,-0.44,4.0,5.0,1
20426,10.0,10.0,46.0,3.9,1.73,1.58,3.0,5.0,1
20427,5.0,4.0,35.0,3.5,-0.04,-0.36,4.0,3.0,1
20428,9.0,6.0,41.0,2.9,1.29,0.23,3.0,3.0,1
20429,5.0,5.0,31.0,3.4,0.04,-0.13,2.0,3.0,1
20432,1.0,2.0,35.0,3.0,-1.53,-1.15,3.0,3.0,1
20433,8.0,5.0,38.0,3.0,0.73,-0.14,3.0,3.0,1
20434,9.0,10.0,37.0,2.9,1.18,1.35,4.0,2.0,1
20435,4.0,5.0,36.0,3.8,-0.32,-0.07,3.0,4.0,1
20438,9.0,8.0,42.0,3.5,1.27,0.76,4.0,6.0,1
20439,9.0,9.0,48.0,3.5,1.29,0.85,5.0,6.0,1
20441,6.0,6.0,40.0,3.4,0.14,0.05,4.0,4.0,1
20442,10.0,9.0,38.0,3.7,1.68,1.18,4.0,3.0,1
20445,6.0,7.0,47.0,3.5,0.25,0.31,4.0,6.0,1
20449,10.0,10.0,39.0,2.7,1.58,1.49,3.0,3.0,1
20450,3.0,3.0,31.0,3.1,-0.44,-0.82,4.0,3.0,1
20452,9.0,9.0,35.5,2.9,1.19,1.15,3.0,3.0,1
20462,1.0,1.0,41.0,3.4,-2.16,-2.13,3.0,4.0,1
20463,3.0,4.0,42.0,3.0,-0.67,-0.34,5.0,3.0,1
20465,3.0,5.0,37.0,3.1,-0.49,-0.12,4.0,3.0,1
20466,1.0,1.0,37.0,2.7,-1.51,-1.89,4.0,3.0,1
20470,5.0,4.0,39.0,3.8,-0.14,-0.29,3.0,5.0,1
20472,1.0,5.0,33.0,3.2,-1.5,-0.24,3.0,4.0,1
20474,10.0,10.0,32.0,3.3,1.78,1.87,4.0,3.0,1
20475,1.0,2.0,29.0,2.7,-1.03,-1.21,2.0,1.0,0
20476,7.0,5.0,33.0,2.9,0.58,-0.04,3.0,4.0,0
20478,6.0,7.0,33.0,3.4,0.1,0.29,3.0,5.0,1
20479,3.0,3.0,40.0,3.8,-0.54,-0.71,3.0,4.0,1
20481,4.0,1.0,32.0,3.0,-0.41,-1.7,3.0,3.0,0
20482,5.0,6.0,46.0,2.9,-0.12,0.04,3.0,3.0,1
20484,6.0,4.0,41.0,2.7,0.13,-0.48,4.0,3.0,1
20494,2.0,1.0,39.0,3.6,-1.1,-1.33,2.0,6.0,1
20495,5.0,2.0,38.0,3.6,-0.18,-0.88,5.0,5.0,1
20496,2.0,2.0,37.0,3.5,-1.1,-1.2,4.0,4.0,1
20499,10.0,10.0,37.0,3.5,2.33,2.53,3.0,3.0,1
20501,10.0,10.0,38.0,3.6,1.46,1.86,4.0,4.0,1
20502,7.0,7.0,38.0,3.1,0.51,0.39,4.0,3.0,1
20503,9.0,9.0,40.0,3.4,1.02,1.24,3.0,5.0,1
20513,2.0,2.0,38.0,3.0,-0.76,-1.03,3.0,5.0,1
20515,9.0,10.0,32.0,4.0,1.29,1.3,3.0,4.0,1
20516,1.0,1.0,32.0,1.9,-1.9,-1.39,3.0,4.0,0
20517,8.0,8.0,37.5,3.4,0.93,0.82,5.0,6.0,1
20522,7.0,9.0,47.0,3.4,0.59,1.03,4.0,4.0,1
20523,6.0,9.0,32.0,3.0,0.25,1.12,3.0,2.0,1
20525,5.0,3.0,47.0,3.8,-0.13,-0.65,3.0,6.0,1
20526,2.0,3.0,42.0,3.0,-0.79,-0.82,3.0,4.0,1
20528,8.0,10.0,21.0,3.8,0.77,1.78,1.0,1.0,1
20529,3.0,1.0,20.3,2.2,-0.4,-1.91,4.0,1.0,0
20531,10.0,10.0,40.0,3.7,2.07,2.08,4.0,3.0,1
20532,8.0,8.0,37.0,3.9,0.84,0.59,4.0,4.0,1
20533,5.0,5.0,35.0,3.4,-0.09,-0.02,4.0,4.0,1
20536,7.0,4.0,41.0,3.5,0.34,-0.44,3.0,5.0,1
20537,4.0,3.0,33.0,2.3,-0.26,-0.86,4.0,3.0,0
20538,7.0,5.0,35.0,3.0,0.35,-0.12,5.0,5.0,1
20539,3.0,5.0,38.0,4.0,-0.48,-0.21,4.0,4.0,1
20543,6.0,6.0,40.0,3.7,0.23,0.08,3.0,1.0,1
20544,1.0,2.0,39.0,3.1,-1.64,-1.3,4.0,3.0,0
20545,8.0,10.0,42.0,3.4,0.74,1.38,3.0,4.0,1
20546,6.0,5.0,41.0,3.7,0.15,-0.21,4.0,6.0,1
20547,7.0,8.0,40.0,4.0,0.59,0.61,4.0,4.0,1
20549,1.0,1.0,26.0,3.3,-1.35,-1.48,3.0,4.0,0
20553,6.0,7.0,43.0,3.1,0.19,0.55,2.0,4.0,1
20555,3.0,4.0,33.5,2.2,-0.68,-0.38,3.0,3.0,1
20558,1.0,2.0,36.0,2.8,-1.17,-0.98,2.0,3.0,1
20559,1.0,1.0,34.0,2.0,-1.22,-1.49,2.0,4.0,1
20561,4.0,5.0,44.0,3.2,-0.17,-0.05,3.0,4.0,1
20564,8.0,8.0,31.5,3.6,0.83,0.76,2.0,1.0,1
20565,4.0,3.0,28.5,3.6,-0.41,-0.72,3.0,5.0,1
20569,6.0,5.0,41.0,4.0,0.09,-0.2,3.0,6.0,1
20572,1.0,1.0,22.5,3.4,-2.33,-1.52,3.0,3.0,0
20573,5.0,4.0,39.0,2.8,-0.13,-0.27,4.0,5.0,1
20574,6.0,6.0,40.0,3.0,0.25,0.1,4.0,5.0,1
20576,6.0,7.0,27.0,2.3,0.28,0.32,4.0,1.0,1
20579,1.0,1.0,38.0,3.5,-1.93,-1.36,4.0,5.0,0
20580,10.0,9.0,41.0,3.0,1.77,1.0,4.0,5.0,1
20582,7.0,7.0,40.0,3.1,0.35,0.32,3.0,5.0,1
20584,1.0,1.0,27.0,3.3,-1.52,-1.77,2.0,4.0,0
20585,7.0,8.0,37.0,3.5,0.41,0.66,3.0,3.0,1
20586,10.0,10.0,46.0,3.9,2.24,2.87,3.0,6.0,1
20588,10.0,10.0,44.0,3.0,1.96,1.93,3.0,3.0,1
20594,9.0,8.0,46.0,3.6,1.0,0.77,3.0,6.0,1
20596,2.0,5.0,36.0,3.7,-0.75,-0.19,3.0,4.0,1
20597,3.0,3.0,41.0,3.1,-0.68,-0.85,4.0,4.0,1
20599,9.0,8.0,39.0,3.6,0.99,0.74,5.0,4.0,1
20600,1.0,1.0,27.3,3.5,-1.13,-1.46,4.0,2.0,1
20602,6.0,5.0,36.0,2.9,0.28,-0.19,3.0,4.0,1
20603,4.0,3.0,42.0,3.0,-0.42,-0.52,5.0,6.0,1
20604,6.0,7.0,41.0,4.0,0.15,0.36,4.0,6.0,1
20606,10.0,10.0,36.0,2.7,2.01,2.27,3.0,3.0,1
20610,10.0,10.0,38.0,3.9,1.52,1.52,4.0,6.0,1
20616,5.0,5.0,29.0,3.3,-0.07,-0.11,3.0,3.0,1
20617,9.0,10.0,35.0,4.0,1.22,1.29,3.0,4.0,1
20618,4.0,5.0,46.0,3.9,-0.42,-0.06,4.0,6.0,1
20619,10.0,10.0,37.0,3.8,1.49,1.82,3.0,3.0,1
20622,3.0,5.0,38.0,3.3,-0.56,0.0,2.0,4.0,1
20623,8.0,9.0,37.0,3.6,0.8,1.2,4.0,4.0,1
20627,8.0,8.0,32.5,3.5,0.74,0.6,3.0,3.0,1
20630,6.0,5.0,46.0,3.7,0.31,-0.14,5.0,6.0,1
20631,10.0,10.0,41.0,3.1,1.66,1.9,4.0,4.0,1
20635,2.0,2.0,34.0,3.4,-0.96,-1.14,3.0,3.0,1
20640,10.0,10.0,47.0,3.5,1.73,2.18,4.0,4.0,1
20641,4.0,3.0,39.0,2.8,-0.37,-0.67,4.0,4.0,1
20642,3.0,1.0,20.0,3.0,-0.69,-1.77,1.0,3.0,1
20643,7.0,5.0,46.0,3.4,0.41,-0.11,4.0,6.0,1
20649,7.0,1.0,39.0,3.4,0.31,-1.44,4.0,5.0,1
20654,1.0,1.0,21.0,2.2,-1.72,-1.74,2.0,4.0,0
20655,2.0,2.0,32.0,2.7,-0.79,-1.11,4.0,4.0,0
20658,5.0,4.0,40.0,3.3,-0.05,-0.39,4.0,4.0,1
20660,3.0,2.0,39.0,3.4,-0.59,-1.08,4.0,4.0,1
20661,9.0,7.0,39.0,3.2,1.12,0.52,4.0,4.0,1
20662,10.0,9.0,40.0,3.6,1.76,1.16,4.0,5.0,1
20663,7.0,1.0,35.0,2.9,0.51,-1.41,4.0,3.0,1
20665,6.0,7.0,45.0,3.7,0.09,0.28,4.0,5.0,1
20668,10.0,10.0,35.0,3.4,1.89,1.7,4.0,5.0,1
20669,7.0,8.0,30.5,3.6,0.3,0.64,4.0,5.0,1
20670,8.0,10.0,42.0,3.8,0.83,1.57,5.0,5.0,1
20671,5.0,5.0,45.0,3.2,-0.04,-0.16,5.0,4.0,1
20672,4.0,7.0,31.5,3.2,-0.34,0.35,3.0,3.0,1
20676,2.0,3.0,39.0,2.4,-0.84,-0.85,4.0,4.0,1
20678,9.0,9.0,34.0,3.6,0.98,0.94,4.0,5.0,1
20679,4.0,3.0,37.0,3.5,-0.28,-0.62,1.0,3.0,1
20682,4.0,8.0,38.0,3.4,-0.29,0.56,4.0,3.0,1
20683,4.0,6.0,41.0,3.5,-0.26,0.16,4.0,5.0,1
20684,4.0,8.0,43.0,3.5,-0.25,0.55,4.0,5.0,1
20686,6.0,5.0,41.0,2.9,0.2,-0.18,5.0,6.0,1
20688,4.0,2.0,36.0,3.1,-0.43,-1.03,4.0,6.0,1
20689,5.0,6.0,42.0,3.1,-0.14,0.11,4.0,6.0,1
20690,2.0,1.0,43.0,3.4,-1.14,-1.51,3.0,4.0,1
20691,4.0,4.0,40.0,2.9,-0.32,-0.52,4.0,5.0,1
20696,4.0,4.0,32.0,3.2,-0.2,-0.4,4.0,4.0,1
20697,7.0,6.0,31.0,3.2,0.5,0.03,4.0,5.0,1
20703,2.0,1.0,38.0,3.2,-0.84,-1.46,2.0,3.0,1
20704,3.0,2.0,35.5,3.0,-0.57,-1.27,4.0,5.0,1
20705,9.0,10.0,40.0,3.1,1.24,1.31,4.0,5.0,1
20707,6.0,6.0,37.0,3.0,0.26,0.02,4.0,4.0,1
20709,10.0,9.0,36.0,3.4,1.56,1.27,3.0,2.0,1
20711,7.0,8.0,45.0,4.0,0.42,0.59,4.0,5.0,1
20713,5.0,5.0,44.0,3.1,0.05,-0.11,4.0,6.0,1
20719,7.0,7.0,43.0,2.9,0.5,0.44,2.0,4.0,1
20722,6.0,7.0,35.0,4.0,0.09,0.32,2.0,2.0,1
20726,9.0,10.0,35.0,3.2,1.16,1.48,2.0,2.0,1
20729,3.0,3.0,36.0,3.1,-0.61,-0.68,4.0,4.0,1
20730,5.0,6.0,35.0,3.1,0.07,0.29,4.0,4.0,1
20738,7.0,7.0,33.5,3.5,0.5,0.47,4.0,3.0,1
20745,7.0,10.0,45.0,3.8,0.57,1.37,4.0,6.0,1
20746,10.0,10.0,22.0,2.6,1.31,1.37,2.0,2.0,1
20748,8.0,7.0,36.5,3.0,0.62,0.51,2.0,3.0,1
20751,7.0,5.0,38.0,3.3,0.39,-0.15,4.0,4.0,1
20752,8.0,7.0,47.0,4.0,0.65,0.49,2.0,6.0,1
20753,3.0,5.0,44.0,3.1,-0.43,-0.23,3.0,3.0,1
20756,4.0,8.0,37.0,2.9,-0.37,0.54,3.0,2.0,1
20757,3.0,3.0,34.0,2.7,-0.67,-0.73,4.0,3.0,1
20760,7.0,8.0,34.0,3.0,0.39,0.62,3.0,3.0,1
20761,6.0,8.0,37.0,3.4,0.21,0.59,2.0,4.0,1
20763,4.0,3.0,39.0,3.1,-0.38,-0.74,4.0,4.0,1
20770,6.0,6.0,33.0,3.1,0.17,0.17,3.0,5.0,1
20773,8.0,9.0,36.0,3.3,0.83,1.02,3.0,4.0,1
20775,1.0,1.0,29.0,2.7,-1.23,-1.63,4.0,4.0,1
20776,9.0,8.0,45.0,3.6,1.04,0.72,4.0,5.0,1
20777,2.0,1.0,26.0,3.6,-0.79,-1.93,3.0,4.0,1
20785,2.0,2.0,29.5,3.2,-0.96,-0.93,2.0,3.0,1
20787,5.0,5.0,42.0,3.3,-0.2,-0.04,4.0,5.0,1
20789,8.0,7.0,29.5,3.3,0.76,0.4,4.0,3.0,1
20790,3.0,2.0,31.5,3.1,-0.65,-0.93,3.0,3.0,1
20792,9.0,9.0,35.0,3.2,1.21,1.29,4.0,2.0,1
20793,9.0,8.0,42.0,3.0,1.19,0.6,4.0,6.0,1
20796,4.0,5.0,32.0,3.0,-0.37,-0.16,3.0,3.0,1
