epoch,train_loss,val_loss,b,w_x1,w_x2,w_x3,w_x4,w_x5,j_star,S,val_frac_positive,val_frac_moved,val_mean_pi_y0
1,1.3289329689838938,1.0701922637929446,0.8270386962457005,1.3393353132033707,1.074113901254111,0.793160152155831,0.5161113257491156,0.19470259617124347,1,3.580379670847037,0.337,0.579,0.34066804391470745
2,0.9597527398963318,0.7597164459381882,1.0832965768630367,1.173139502171811,0.9384548168099727,0.7057944128465069,0.46053870820696163,0.20526417693287177,2,3.136864057095586,0.275,0.601,0.40044313283913563
3,0.6849276024808341,0.5589276328158214,1.2891638932043916,1.0407126242390674,0.8294491654366826,0.6259440569555944,0.4014424268777395,0.14610019632462823,2,2.7819735864693085,0.194,0.63,0.4393197338125901
4,0.5060743240511367,0.4659329189562117,1.4301295812189547,0.9406093898648344,0.7529106587429482,0.5581140535128499,0.3759328548647226,0.15261785051351956,1,2.5097021958098273,0.153,0.617,0.44631484734771076
5,0.43752657207231826,0.43480710522684574,1.5192464779372117,0.8827415023023849,0.70956409125201,0.5269863836315984,0.35166997607994843,0.15463755415770797,1,2.3652136375067,0.122,0.606,0.424416644095847
6,0.41246673215167207,0.4287757289542482,1.5845766954146918,0.8533941331251732,0.6831748326211989,0.5082898762892925,0.3289642019546616,0.15274373084750184,1,2.277249442070663,0.107,0.579,0.3933872603328108
7,0.39957688567202243,0.41487043052141614,1.627163052221525,0.8447547778656318,0.6753651773942739,0.5008309106077155,0.3265137873836044,0.1519844147803675,0,2.252679407641685,0.099,0.589,0.4058206574736896
8,0.3940653831250762,0.42506817679337483,1.6611083691257582,0.8451521134848682,0.6780595107685975,0.4963788194140466,0.33022116804190116,0.15162390982573412,1,2.2601983692286582,0.094,0.558,0.3618834917747533
9,0.39249596208305504,0.40999239180876057,1.6918844175252654,0.8512732599954833,0.6749599240407781,0.5005972529847517,0.33392783548787996,0.15227278282233345,0,2.2700620266546223,0.092,0.58,0.3908263465451482
10,0.3876742100291122,0.4079861623003781,1.719743811107339,0.8551209906201341,0.6829897139056793,0.5046343276067585,0.33736465071016053,0.1523898739062745,0,2.280322641653691,0.09,0.575,0.3867854840269482
11,0.38553835579523726,0.4059129430896222,1.7457247806039413,0.8652287345726667,0.6875361246994531,0.5076051152459088,0.3407605982312152,0.1513312744240194,0,2.3072766255271113,0.088,0.575,0.3844204598721616
12,0.3844695196763107,0.40396744606184976,1.7701232826900972,0.8755782104993937,0.6927166746988482,0.5120808252326053,0.3427856436719883,0.15053272073786805,0,2.334875227998383,0.088,0.574,0.38335058490019314
13,0.38358292333718746,0.40211238559095697,1.7947723063018919,0.8824399106628805,0.7005098135328498,0.5143420017271049,0.34732189130775676,0.1498563083152541,0,2.3531730951010146,0.086,0.575,0.3829261969462988
14,0.3803574817850499,0.4002157361108396,1.8167176784242252,0.8936814329113024,0.7059074543256867,0.5182776804503525,0.35174334268147084,0.15158807224371917,0,2.3831504877634733,0.085,0.576,0.3829381922824698
15,0.38171025177324597,0.398618239071667,1.83908482695448,0.9008649171580642,0.7168464142850636,0.522198772987919,0.3530079318449981,0.15264732402751777,0,2.4023064457548378,0.084,0.575,0.3804334877526354
16,0.3758758324565099,0.39688081598260383,1.8613652403922443,0.9086011063213437,0.7225426660318386,0.5271690913465442,0.3564553915561832,0.15260876557950637,0,2.4229362835235833,0.083,0.574,0.37797015669384554
17,0.37308289972936376,0.3951250343011218,1.883722474115828,0.916813068349856,0.7262688142494157,0.5317415145694319,0.3608948742377126,0.15243893236701017,0,2.4448348489329494,0.082,0.574,0.37706656246286435
18,0.37536651997757603,0.41005986056568977,1.906431267736439,0.9191428564097311,0.7353571802181094,0.534787625237352,0.3649855562926111,0.15014458755440316,1,2.451190600727031,0.08,0.538,0.3302182057713278
19,0.37590970962727854,0.3924592301502627,1.92863422483595,0.9311337988342859,0.7409205027541182,0.5391662187772112,0.3546569987848324,0.151429380197856,0,2.4830234635580957,0.079,0.569,0.3689498631212211
20,0.37348409130963234,0.39084324175212254,1.9486478196724402,0.9415904214107234,0.744452179679172,0.5433864337026567,0.3584213440971802,0.15370019895332349,0,2.5109077904285955,0.079,0.571,0.3721432133913692
21,0.3656725122982919,0.38927301518919705,1.9702025180266123,0.945002460207695,0.75236968957998,0.5459592980249665,0.3648107199142387,0.15274457325592072,0,2.520006560553853,0.078,0.565,0.3638119031833707
22,0.3702701314125992,0.40419426035071754,1.9900536657407981,0.9479878527004076,0.760398339187105,0.551807533615912,0.3697374516842249,0.15548150218218013,1,2.5346611306236833,0.078,0.536,0.3255630296008497
23,0.3685001089453957,0.38785711113743837,2.0118031145464705,0.9551036213534427,0.7597247693662406,0.5554979679206096,0.3734577018647245,0.1569107643673723,0,2.546942990275847,0.076,0.563,0.36102537016128033
24,0.3627380760488204,0.3864655471657465,2.029386853951006,0.9652520013528695,0.7669786169553098,0.5603450095461219,0.37792172943548,0.1600407327673644,0,2.5740053369409854,0.076,0.564,0.36230678065274624
25,0.3665776490937656,0.38519558101747997,2.0465216738940684,0.9737619783893624,0.7742123372696387,0.5651592503194269,0.3828927470181027,0.16124434696835105,0,2.5966986090382997,0.076,0.565,0.3638413200969927
26,0.3608092922181166,0.3839740271113818,2.065332156966522,0.9798253454597722,0.779888991710075,0.5705121433547392,0.38629416872841127,0.16317723241830764,0,2.6128675878927257,0.076,0.561,0.359520944216865
27,0.360561498119478,0.382851373598633,2.0822767197809373,0.9904946336854649,0.7849432668899956,0.5741830095397608,0.38839489130234617,0.16374396206506395,0,2.64131902316124,0.076,0.565,0.36397067447914727
28,0.3574409082005954,0.38175678385683426,2.1004221305150925,0.9978487426269165,0.7911796402448832,0.5776108957261327,0.38960550020230184,0.1665002562557026,0,2.660929980338444,0.076,0.563,0.36095996133747027
29,0.35886269781522423,0.38065694632521824,2.120163597298294,0.9999101314568014,0.7952334910266821,0.5823954745827963,0.39115393763092193,0.1667052205795558,0,2.6664270172181372,0.074,0.561,0.35740295693553503
30,0.3594419765975953,0.3796048786846145,2.1364294230156915,1.0102789356724131,0.7976196599737888,0.5860551558976771,0.3939780570184448,0.16910272511476507,0,2.6940771617931016,0.074,0.562,0.3586838119765879
31,0.3539697304258668,0.37862466746547707,2.1555183919885326,1.0111525813392532,0.8025210371132226,0.589262610810088,0.39765480330239966,0.1699659665103311,0,2.696406883571342,0.072,0.56,0.3535790682844617
32,0.3548970278443722,0.3776398411724946,2.1723651340230044,1.016750799089922,0.807978625280741,0.5940411701238498,0.39917382705388926,0.17099820267726254,0,2.711335464239792,0.07,0.557,0.3474903360048071
33,0.3534076872444849,0.37667395691757977,2.191362222995024,1.017261703210752,0.8135250694433535,0.5973588007080494,0.40297962847407026,0.17345996815937495,0,2.712697875228672,0.07,0.552,0.3455449570059318
34,0.3550006497642759,0.3757209639389158,2.208175361251684,1.0246784539172256,0.8151192463054855,0.6015435957398958,0.4051292869877239,0.1738493805413731,0,2.7324758771126016,0.07,0.552,0.3457323699730026
35,0.356604078064359,0.37487829713472115,2.2258527793779295,1.0276734874057507,0.8199063158524613,0.6045262941922959,0.40709582029950503,0.17525630955199567,0,2.740462633082002,0.069,0.551,0.34329758229420365
36,0.3496446579693823,0.37393449593763484,2.2403782339493437,1.0412463109628953,0.8200515139616785,0.6077368410405284,0.4087919250503087,0.1780907042457515,0,2.7766568292343874,0.069,0.557,0.34890623285085914
37,0.3506987994734774,0.3731361579247296,2.256029400741464,1.047234846071318,0.8254563944177792,0.6106660344393515,0.41004053729141254,0.17750856511749644,0,2.792626256190181,0.069,0.557,0.34911872564381596
38,0.34908208546765573,0.3722546927255963,2.273487391950817,1.0482877793587433,0.8317210967561949,0.6149652037208486,0.4120425855090302,0.17892083961632013,0,2.7954340782899822,0.067,0.552,0.3420241239668594
39,0.34889977603170597,0.37149500766678434,2.2906077413545987,1.052627613509711,0.8339987175094656,0.6156566457432535,0.41475226589671943,0.17969717110693179,0,2.807006969359229,0.064,0.555,0.34264223746772215
40,0.34876560013518443,0.37074661825330457,2.3039752188629885,1.0627637201457267,0.8387915612373551,0.6185360765982677,0.41568114892326125,0.17903293637175893,0,2.8340365870552713,0.065,0.556,0.3437286684976771
41,0.34735662686467106,0.3700384315667817,2.319252340189522,1.0692503772165398,0.8415429216027328,0.6213099795760783,0.4150849140581378,0.1786849065023362,0,2.851334339244106,0.065,0.557,0.34388336992006346
42,0.3465456774780342,0.36929117175155074,2.3344771939729636,1.0734017490850452,0.8451968852615193,0.6242042083483392,0.41710902104453346,0.1760056089571815,0,2.862404664226787,0.064,0.554,0.3411058384346255
43,0.3493424609052733,0.3685977123219557,2.3493460207688885,1.0804683560940525,0.8475803660776402,0.6261534877215403,0.4177090865387452,0.1774612190920787,0,2.88124894958414,0.064,0.557,0.3427694945886927
44,0.3460418638242336,0.36795797083933646,2.3627949648494955,1.088729230591326,0.851874287609738,0.6281801446021871,0.41825480656944797,0.1795989714105083,0,2.9032779482435362,0.064,0.557,0.34249865982939776
45,0.3438037712971036,0.3672526472834966,2.378558843873886,1.091101994576064,0.8564750354242768,0.6287799088588024,0.42054761346330405,0.17796736967895244,0,2.909605318869504,0.063,0.557,0.34159453525935696
46,0.3422792579480481,0.36830679566791114,2.3939134938319553,1.0941793338907724,0.8592728405832388,0.6317491618020952,0.4220871022164875,0.1771990403794969,0,2.9178115570420595,0.061,0.552,0.3341926247643439
47,0.3464076856828488,0.3696401581011872,2.410724465501312,1.0933359240959781,0.8625452251639784,0.6334444512708383,0.423138829005072,0.1754890330149662,0,2.9155624642559417,0.06,0.545,0.32742438527403783
48,0.34393030212216497,0.3688518129081964,2.425714671561194,1.0945508794763095,0.8674918548370685,0.6374238751551345,0.4259483352166498,0.17422108681849197,0,2.9188023452701586,0.06,0.54,0.32324506971429384
49,0.3423668041827756,0.3682722774563102,2.437555042913228,1.1052586139068237,0.8708065810802945,0.641289169033358,0.4261212170200711,0.1747952070890843,0,2.94735630375153,0.06,0.545,0.32749042239484766
50,0.3432464966650279,0.3675719897144293,2.452211178258178,1.1079079026072132,0.8751955944363559,0.6443800374587756,0.42608711196471255,0.17384427304549255,0,2.954421073619235,0.059,0.542,0.3247474115870613
51,0.34148630805838853,0.3669003917828961,2.467081499368208,1.109681425526925,0.8791269046888768,0.6452054047340828,0.42940767717135153,0.17267712440195193,0,2.9591504680717997,0.059,0.541,0.3237726857975993
52,0.33916807417317846,0.36632593689863036,2.4797958743860318,1.1161684904645879,0.8839691127841628,0.6473245535144895,0.43078863140392476,0.1728505068688479,0,2.976449307905568,0.059,0.541,0.32368278412685114
53,0.3391921574901481,0.36570252489870314,2.4917761449406526,1.1236313549901347,0.8868186007322879,0.6525134820719675,0.43230679750497797,0.1718910126518254,0,2.9963502799736923,0.059,0.541,0.32346169333590863
54,0.3391234319164263,0.36506129410233656,2.5048980397976264,1.1278554256690065,0.8904870914862622,0.6560752916040563,0.4333478057382591,0.17185579176239177,0,3.0076144684506843,0.059,0.54,0.32205245947877853
55,0.3395289354419134,0.36463804164342506,2.5165125472400836,1.1355424098277678,0.893000350462348,0.6576161206800836,0.43425348438977235,0.17202077391545725,0,3.0281130928740474,0.059,0.541,0.3234409380489501
56,0.34284207382596743,0.3621555770048294,2.5266230907478167,1.1476454880814742,0.894199596897571,0.6619887121370692,0.4342778191157746,0.16952689646512661,0,3.0603879682172646,0.059,0.548,0.3289151044418742
57,0.3359024671393736,0.36154492896385954,2.540331085969913,1.150423874556089,0.8973155308182116,0.6639879468545551,0.4344361605575235,0.16922002969077,0,3.0677969988162377,0.059,0.544,0.32448721943884506
58,0.3362873897449839,0.361018999942033,2.5524197256455112,1.156053309992761,0.9002476668612376,0.6676430996826809,0.43359814578999445,0.16968016578548759,0,3.0828088266473626,0.059,0.544,0.3244887259139842
59,0.336807474078898,0.36044418871139516,2.5657207307724414,1.1603495777343018,0.9013856382465834,0.6696150762441846,0.43449332606180513,0.16848640247578728,0,3.094265540624805,0.059,0.543,0.3231490764029998
60,0.33237808451721906,0.35986200411138014,2.5784948737083075,1.1638358682105894,0.9037478725241176,0.6726404861702918,0.4343866837099237,0.16824287043766015,0,3.1035623152282383,0.059,0.542,0.3234594337696931
61,0.33519284856069226,0.35935203339236355,2.5910353869078704,1.1684449889106925,0.9066053094561413,0.6758270670526676,0.4332316408314333,0.16750117001192397,0,3.1158533037618468,0.059,0.542,0.3236094512107024
62,0.333289194978948,0.3588598565813211,2.6033080434253777,1.1728035946709339,0.9097599981914397,0.6778435013315054,0.4333552535210465,0.16740933239248934,0,3.1274762524558235,0.059,0.542,0.3237723417924186
63,0.3342638591241719,0.35839971099441364,2.615367138180845,1.1760183033446219,0.914843189097238,0.6796586085123951,0.4337340821637692,0.1650356066632157,0,3.1360488089189915,0.059,0.542,0.3240204005242076
64,0.34121505768803717,0.3600865400924187,2.6289388089860792,1.1750935547517365,0.9178858320912037,0.6814816866967573,0.434461238273888,0.16180551350333083,0,3.1335828126712975,0.059,0.538,0.3217882209960945
65,0.3332613230793019,0.35964748059093204,2.639563946174371,1.1816029899961982,0.9204079265552814,0.6834683442237931,0.43579167532184965,0.16401035986370624,0,3.1509413066565286,0.059,0.539,0.32324751014182856
66,0.3301447537115096,0.3570315568622583,2.649882629908002,1.1897003140615088,0.9221796937864193,0.6857674858756978,0.4369037431060746,0.16429726972537165,0,3.1725341708306902,0.059,0.542,0.32433767399158747
67,0.3313055660925231,0.3567386140078319,2.6598168416870234,1.197537451761083,0.9238286032237402,0.6871782158590112,0.4382164979079151,0.16406002797357563,0,3.1934332046962215,0.059,0.542,0.3239988345714218
68,0.3332129273466473,0.35636682357116156,2.6712207896818083,1.202571761624519,0.9256775287208497,0.6883067850431163,0.4387862718460714,0.16366645447768025,0,3.2068580309987174,0.059,0.543,0.3256785133599132
69,0.33089073873907954,0.3558385004506327,2.6835915650042734,1.204269480638275,0.9291327758644113,0.6897072805134297,0.4399313649865628,0.1637839559565214,0,3.2113852817020665,0.059,0.542,0.3245169537482713
70,0.33188763082996126,0.3553359775980518,2.695416016716966,1.2073653963988265,0.9304865817473048,0.6917404420666295,0.44107195274438854,0.16550023267980418,0,3.219641057063537,0.059,0.541,0.3248160916276641
71,0.33250311186460957,0.35500767528851096,2.7063716745372064,1.2134719521966097,0.9312916457083623,0.6938149077475709,0.44001317824246805,0.16485492400149387,0,3.235925205857626,0.059,0.542,0.3247379998085541
72,0.3308699032417762,0.3545410535674688,2.719211296195413,1.2140990551458297,0.9330804759526282,0.6948797802709378,0.44010600845014547,0.16284960448835017,0,3.2375974803888794,0.058,0.54,0.3237288761384037
73,0.3304348992585153,0.3543920338226396,2.728162408639734,1.2239856264196836,0.9358166783772079,0.6952164915324675,0.4415183451453417,0.16249631709875018,0,3.2639616704524896,0.058,0.544,0.32635261188375647
74,0.32884781677794184,0.35401097079120064,2.7394044288765773,1.2273883248499995,0.9377919475706974,0.6969395650259719,0.4413384810826743,0.1620118228557122,0,3.273035532933332,0.056,0.545,0.32494974340144617
75,0.3263821169391182,0.35355133942216455,2.749549431136274,1.2314528277918748,0.9398566227091041,0.6991014107448282,0.44462822229735327,0.1631087399285121,0,3.2838742074449994,0.056,0.544,0.3250337199535595
76,0.3267169745975617,0.3530783181768747,2.7612219230891832,1.2328713959242807,0.941731016247783,0.7006758199422074,0.4457385581439898,0.1637161762023262,0,3.287657055798082,0.056,0.542,0.32385568341082205
77,0.3287176286367078,0.35286378646112954,2.7721389276824255,1.237095607216865,0.9442786724932907,0.6996678414798023,0.44517349228121633,0.16405376812982872,0,3.2989216192449735,0.056,0.542,0.3239590889631643
78,0.330292494106138,0.35261986973828974,2.7808455109174135,1.2446994208226476,0.9460017243347941,0.7012562224266026,0.4465756655670961,0.165050214693146,0,3.31919845552706,0.056,0.545,0.3252162001472303
79,0.3249149125620052,0.35223013837357114,2.7910733527680023,1.2483722901906351,0.9481802736682299,0.7025790227536634,0.44943144972615046,0.16498521701193572,0,3.328992773841694,0.056,0.543,0.3237131767174185
80,0.3260968620676823,0.35173215645736905,2.8020665245261025,1.249185672506925,0.9511541066826122,0.7048888684725572,0.4508527978560478,0.16587698688826935,0,3.3311617933518,0.056,0.541,0.32416512585308593
81,0.32750500055389353,0.3514617647029563,2.8111516891368113,1.2552594668905943,0.9526931562885216,0.7067720523101491,0.4515939084283251,0.16654525676623316,0,3.347358578374918,0.056,0.542,0.3239762618322827
82,0.3285269465925723,0.35111270076107126,2.821045811038717,1.2583985174354217,0.9553735785711127,0.7082188239398582,0.4525345409073473,0.1671162891158344,0,3.355729379827791,0.056,0.541,0.3241263982569441
83,0.32933052642882077,0.35084686348340793,2.8313556898489645,1.2619168552446074,0.9569215875141192,0.7085266424229596,0.45216954868492154,0.16735633010780254,0,3.36511161398562,0.055,0.542,0.3242789919788095
84,0.3257328741851382,0.35058240743646774,2.8405082655202176,1.2670214944108964,0.9594300274987048,0.7097260757948773,0.45318770252664287,0.16949168703809117,0,3.3787239850957236,0.054,0.543,0.32418153495552676
85,0.32473559101273913,0.35028008113263076,2.84965454796532,1.2715404985752807,0.9613514162885333,0.7121797069512602,0.45379206067851885,0.1692970359779624,0,3.390774662867415,0.054,0.544,0.32415329035351137
86,0.327590590157678,0.3500478069673295,2.8589767976250737,1.2757306944282654,0.9625460784406469,0.7119599522112122,0.4555614345084677,0.17093941961660467,0,3.401948518475374,0.054,0.544,0.3241924699378191
87,0.32130287505396504,0.3498085099236043,2.8682277324833736,1.2800911282136298,0.9648728359618871,0.713776206014768,0.45502384996521344,0.1710850404306249,0,3.413576341903013,0.054,0.545,0.3241783851313453
88,0.3224259671714164,0.34951510911159067,2.8779816402348746,1.2835942891729921,0.9664139882851265,0.715219015124193,0.45557780805748155,0.1702317375658383,0,3.422918104461312,0.054,0.544,0.32429954683029394
89,0.3253685195871607,0.34905194465876765,2.888073990863587,1.2839522260660845,0.9693887381411305,0.7175717810394101,0.4555611715854616,0.17133694010238837,0,3.423872602842892,0.054,0.543,0.3247304394954837
90,0.32273499672638045,0.3488473232210747,2.896478523725286,1.2892783936167762,0.9717958200491236,0.7194669397651333,0.4558749408953275,0.17219951906822048,0,3.438075716311403,0.054,0.544,0.32457033920182776
91,0.3218047146110022,0.34863232710523306,2.9055021272311157,1.2941986118876763,0.9728086829627457,0.7208410862016776,0.45696496976104956,0.1717598098583338,0,3.4511962983671367,0.054,0.544,0.32451448012288986
92,0.32014571241999307,0.34816664417172216,2.9153306309624125,1.295462287263882,0.9739143273324573,0.7233731510283838,0.45802439182957333,0.1731231782313419,0,3.4545660993703518,0.054,0.543,0.3232246254653506
93,0.3202893210238917,0.3480535964660233,2.9228773865234943,1.3020912800197708,0.9756390300729951,0.725303249576913,0.4591198127127817,0.17320923249325865,0,3.4722434133860554,0.054,0.544,0.32454352911282264
94,0.3209747919050122,0.34793828939039484,2.931324352345632,1.3074592659656428,0.9773683558823577,0.7270004104440857,0.4583309953347999,0.17355385261596293,0,3.4865580425750475,0.054,0.547,0.3243923000041544
95,0.31906643187475286,0.3476703947450566,2.940140241779705,1.3103479520058816,0.9802982091290037,0.7274521785017374,0.4600173609413085,0.17401884547531313,0,3.4942612053490176,0.054,0.546,0.324507040848548
96,0.32180667280338315,0.347531919220875,2.94860112758329,1.3148152042131447,0.9821734588806809,0.7282606780613403,0.45922659831028645,0.17514344996048184,0,3.5061738779017193,0.054,0.548,0.3260758704369336
97,0.32179705296845784,0.3469063319633854,2.9595625630961444,1.3122451781266724,0.9846205999326247,0.7301715344345968,0.4594526465520168,0.17493268332745607,0,3.4993204750044598,0.053,0.543,0.32193588156316627
98,0.3225679001170453,0.3467315340968973,2.9676240038812627,1.3173728933214597,0.9852588684994903,0.7314305351680107,0.4611526656737803,0.17577677462809754,0,3.512994382190559,0.053,0.544,0.32345929496634257
99,0.31799047856178553,0.34676035372572406,2.9749289180654945,1.3244334416869097,0.9872058890010363,0.7313733855677707,0.4624649016761972,0.17649405527590586,0,3.5318225111650925,0.053,0.548,0.3263590817841461
100,0.32056818467861936,0.34640065191452074,2.9835434417823925,1.3261163423919387,0.9899224270925376,0.7323937586699689,0.4650544831590001,0.1768604188374219,0,3.536310246378503,0.053,0.545,0.32331735163482794
101,0.3214608875925795,0.34636062817426244,2.991047817843395,1.3319005642086248,0.9921618224246471,0.7322413836128864,0.46634124207926425,0.1771065312834085,0,3.5517348378896663,0.053,0.548,0.3263518183153778
102,0.31893637147862997,0.3462552548081792,2.998500005130773,1.3376059461200782,0.9928226895052066,0.7340477554602493,0.46738122920899816,0.1761959469368467,0,3.566949189653542,0.053,0.549,0.3261419141947659
103,0.31991426812989077,0.3460622132959125,3.006100690687439,1.3422483675531238,0.993973102258342,0.7362550249451258,0.4686918669043463,0.1759683201632071,0,3.5793289801416637,0.053,0.55,0.3276564270257157
104,0.3192204649243773,0.3458554233933154,3.0140590530337157,1.3464655301224266,0.9948858885250803,0.737054681624685,0.47108484893082375,0.17697512859622577,0,3.5905747469931377,0.053,0.55,0.3276220311052216
105,0.3210568324324189,0.34538659984347786,3.0235594744228576,1.3460621089538902,0.9957143229075325,0.739273016169675,0.47157229022973096,0.17781814592048914,0,3.589498957210374,0.053,0.548,0.32485769668997444
106,0.3190553394100126,0.3450526723707013,3.0324041195349927,1.347242921585192,0.9981841038269655,0.7403750713447751,0.47318704860449134,0.17778646035406334,0,3.5926477908938454,0.053,0.546,0.3235144187770834
107,0.3202159248297384,0.34486101124432933,3.0407336461732872,1.3506946728003122,0.9993560818885949,0.7407692573228807,0.47426488208562634,0.17932783529737048,0,3.6018524608008327,0.053,0.547,0.3251934586385864
108,0.3203267102341127,0.3444579455670345,3.0498774148980954,1.351329012241315,0.9995912173982002,0.742617991301828,0.47580786415370163,0.18081017183469494,0,3.603544032643507,0.053,0.545,0.32394124998482665
109,0.3143276987849704,0.3442972167854246,3.0572872184190083,1.3562708709257392,1.000739863719564,0.7443560554425818,0.47797045783728637,0.18002411914524966,0,3.616722322468638,0.053,0.546,0.32380311198427203
110,0.31857421101787303,0.3439579267123591,3.065714681150824,1.3579048453300067,1.002147538950803,0.7471051952907177,0.478875236747873,0.18023761235540867,0,3.6210795875466846,0.053,0.546,0.324023769402275
111,0.3158095482787798,0.3437864523000437,3.074076425572776,1.3604441554653133,1.0043027251637477,0.7480513079770236,0.4778488842777067,0.18000376373721658,0,3.6278510812408356,0.053,0.545,0.3241436951575355
112,0.31987727172867303,0.34340734352975605,3.0832728250566066,1.3608247903177644,1.003844808842829,0.7505336680414656,0.47835534420268533,0.1811018411834142,0,3.6288661075140385,0.053,0.543,0.322899801819061
113,0.3167359603761602,0.343021876575582,3.092695744672678,1.3597100876752435,1.0049126399322954,0.7527057192479361,0.4804404241565518,0.18041437402949853,0,3.6258935671339825,0.053,0.54,0.32015175797678913
114,0.3164614302250881,0.3427646319930846,3.0998843089865558,1.36434262027931,1.005516058792929,0.7564291612114261,0.48066068322502664,0.18318433146715596,0,3.6382469874114935,0.053,0.54,0.32002345281408967
115,0.3159338939359262,0.34250400568152567,3.10779641223752,1.3672316117140528,1.0063689777578877,0.7590199958717235,0.48196657621379674,0.18411742260605898,0,3.6459509645708077,0.053,0.54,0.3201001766863257
116,0.32018778195936615,0.3423307038927148,3.1155777349871054,1.369736031773843,1.0085596121827345,0.7597347647257157,0.48262187393600886,0.18400553459896557,0,3.652629418063581,0.052,0.541,0.3201951008014459
117,0.31804714569800846,0.34214704006621804,3.1226485583353263,1.374240596817715,1.0093746732116813,0.7618713534306342,0.48346691677130094,0.18614691560067007,0,3.6646415915139063,0.052,0.541,0.32007949451138185
118,0.3157449076698244,0.341963137365669,3.1291674885605154,1.3791267541456913,1.0111353186557765,0.7642979336751936,0.4857166718915572,0.18633279375036688,0,3.6776713443885103,0.052,0.544,0.32317563487529205
119,0.31998444446964835,0.34175701422279686,3.1365710230729436,1.3825284797600264,1.0125242591253925,0.7666916017032229,0.4848205956174445,0.18796961727877198,0,3.6867426126934038,0.052,0.545,0.32316609799457885
120,0.3149619894469736,0.34162151516624956,3.1433139395185763,1.3874435688734186,1.014216544535723,0.7680463886448615,0.48569085565348585,0.19033754901409206,0,3.699849516995783,0.052,0.545,0.3229867875672537
121,0.3175183242150326,0.34130681031358,3.152611667953461,1.3870711612450655,1.0144460712515393,0.7704335617051897,0.48595538049703263,0.1894093784722624,0,3.6988564299868414,0.052,0.543,0.32179786805627236
122,0.31610586011310016,0.3411559086917593,3.1594310143800013,1.3909250128359867,1.0165386525223563,0.7720301559683226,0.4872413139953795,0.18844073730119607,0,3.709133367562631,0.052,0.545,0.32336742034778876
123,0.3184446260367776,0.3408791559124549,3.1674306196564896,1.3917388418429115,1.0175476284525404,0.7733366505809033,0.49006591403145666,0.18956430399417462,0,3.711303578247764,0.052,0.541,0.31872569091374753
124,0.3154123981245552,0.34061656211458935,3.174740944889532,1.3938379565092656,1.0192469063823297,0.7756346145973684,0.49200617679732,0.19005492283452718,0,3.7169012173580414,0.052,0.541,0.31883600414045626
125,0.3162939313712165,0.34071112136999504,3.1795110253651306,1.4030731734416366,1.021219530950567,0.7755929362658601,0.49265888785881173,0.19044437532353148,0,3.741528462511031,0.052,0.545,0.3230930147723779
126,0.31444756657781564,0.3405780968321551,3.185991894648198,1.40744248455084,1.0224721973865767,0.7773277239468246,0.49419920926290084,0.18970453523748113,0,3.75317995880224,0.052,0.545,0.32296614766021187
127,0.3124736094091801,0.34032314275247205,3.194291354167375,1.4080631073035397,1.0232056579688944,0.7789795303328652,0.4948212298538789,0.1897591864703299,0,3.754834952809439,0.052,0.545,0.32327393716265546
128,0.31355295148027185,0.3400574266774271,3.201713310576505,1.40969732663099,1.0242762727499801,0.7821705722670693,0.4953844367736228,0.18868787964466863,0,3.759192871015973,0.052,0.542,0.31851751567693093
129,0.3115616477341709,0.3398397450207391,3.209660984042899,1.4112447757666926,1.0246157075324918,0.783322825169934,0.49601711484826216,0.1884444964897066,0,3.7633194020445138,0.052,0.541,0.3187258446172331
130,0.31359640181715354,0.3396817285249304,3.2164583820907047,1.4146803514086146,1.0258629922177267,0.7847464565085325,0.4968040761489249,0.18973392337532322,0,3.772480937089639,0.052,0.541,0.318695312855355
131,0.31430089503306724,0.3395460709931657,3.2239381958694597,1.4170351071157132,1.0273273700003656,0.7846189824566191,0.4976591556586003,0.19063301168069577,0,3.778760285641902,0.052,0.541,0.31879791567087473
132,0.31265661389721067,0.33925521714158646,3.231630115722692,1.4180343838743739,1.0276925514227295,0.7863461559444934,0.49944290388688073,0.1922946711071134,0,3.781425023664997,0.052,0.54,0.3173844064571264
133,0.3161717039141216,0.33901863868159743,3.2393987062443115,1.4185274422290117,1.0289010657130462,0.7874489681327831,0.4997222132108948,0.19243115979904735,0,3.782739845944031,0.052,0.538,0.31436299510161086
134,0.3170463014720601,0.338831354443675,3.2460433473354273,1.4212381284406779,1.029416480920003,0.7887796153761442,0.5016290905681198,0.19306783310929693,0,3.7899683425084745,0.052,0.539,0.31604538716473224
135,0.3153031827391353,0.3385895603041154,3.25251621352445,1.4239672698347066,1.0298647877737401,0.791452555783432,0.5044100930551834,0.19213547178161297,0,3.7972460528925507,0.052,0.539,0.3160750015304157
136,0.312781386277408,0.3383523289157899,3.259818515746417,1.4257548280516366,1.0301832682419003,0.7930496665387947,0.5055006100438546,0.19418563038252024,0,3.802012874804364,0.052,0.539,0.31622136099851805
137,0.3137990217587243,0.3381523976129617,3.2670271844374907,1.427760640981277,1.031122130401793,0.7946669697855476,0.5056277082174018,0.1948144444824656,0,3.8073617092834056,0.052,0.539,0.3163366046949553
138,0.3118154120269439,0.33796647469470903,3.2736559417062243,1.430444050374312,1.0324082901114287,0.797015993823226,0.5057996168650901,0.19369536749692556,0,3.814517467664832,0.052,0.539,0.3163623655150476
139,0.31445557559905946,0.3378497842402632,3.2794034913493935,1.4342294140956355,1.0354375378165899,0.7990709384258301,0.505123521679841,0.19448290030873516,0,3.824611770921695,0.052,0.539,0.316228885245159
140,0.3133003300603274,0.33750044624894926,3.2874355016221606,1.4325304910290104,1.036521741891833,0.8011811422248559,0.5076345137248822,0.19499233211940778,0,3.8200813094106945,0.052,0.536,0.3117861841214948
141,0.3111628236927815,0.3374274162945064,3.293102710195515,1.437255119507183,1.0385181547451052,0.8022581677995528,0.508804580003977,0.1938289944548194,0,3.832680318685821,0.052,0.537,0.31323219435679955
142,0.31702770319534795,0.3372702467396916,3.2985573456307398,1.440571617880181,1.0402622636642151,0.8045104430455624,0.5106041932438417,0.1935062414039086,0,3.8415243143471494,0.052,0.538,0.31479237942561816
143,0.3156177303159331,0.3371125344390184,3.3063041291069935,1.4403903322444918,1.042493698955064,0.8044396276476189,0.5104703762497314,0.19390429936391348,0,3.8410408859853113,0.052,0.536,0.31182634367916573
144,0.3115999079477956,0.33691567823235524,3.313112591853224,1.4425279911138482,1.0432292320144751,0.8066803771300406,0.5107216721485068,0.1931655513339914,0,3.8467413096369287,0.052,0.536,0.31191101545791183
145,0.30957989319827145,0.336729895638462,3.319873324249084,1.4449488892175124,1.044050596271681,0.8083232496563676,0.5109357184058289,0.19506994621636906,0,3.8531970379133664,0.052,0.536,0.31196647677796496
146,0.3155046229576839,0.3366674623062449,3.3248778202608418,1.4502573505579173,1.0454145629167846,0.8094549799423063,0.5126106104721689,0.19502403768375878,0,3.867352934821113,0.052,0.537,0.3133426671784197
147,0.31750502764185257,0.33642835935232757,3.3321069406723667,1.4496616819942985,1.0471242536994534,0.8116093019251919,0.5119565632744062,0.19488337140113524,0,3.865764485318129,0.052,0.536,0.31202558866925595
148,0.31655706429214636,0.33640262486934946,3.3366521136360494,1.455749088481581,1.0493636345681179,0.813046758982614,0.5111289315818082,0.1960214573880047,0,3.881997569284216,0.052,0.537,0.31329806856543735
149,0.31104169424515216,0.33625126609210143,3.3429668497385423,1.4575733194536482,1.050325421624863,0.8139821681660704,0.5123523115380697,0.19627535542218616,0,3.8868621852097287,0.052,0.537,0.31339280553346355
150,0.31182867681817356,0.33605787441392565,3.3486477227146554,1.4605090018460514,1.0519032735205096,0.8172420387772062,0.512860504513157,0.19596985269471293,0,3.8946906715894705,0.052,0.537,0.3133476877361436
151,0.31182571701156875,0.33589059808209615,3.3550139142860576,1.461771723435156,1.0538180289495342,0.818292874287629,0.5146555200015419,0.19662041797364996,0,3.898057929160416,0.052,0.536,0.3118409879483456
152,0.3128079740457943,0.33586112777496835,3.3621621800532573,1.4648281053450782,1.05361872867886,0.8175573189930055,0.512619964875586,0.19523702467909787,0,3.9062082809202088,0.052,0.536,0.3118785309183717
153,0.31044678939895815,0.335700714060769,3.368204102952947,1.4668833593318091,1.0548791528129968,0.819239574588067,0.5133601939718798,0.19549661967531354,0,3.9116889582181575,0.052,0.536,0.3119332467681712
154,0.3121629805447683,0.3355398671198604,3.3739503724920192,1.4697443392626883,1.0554074628965546,0.8215102126016852,0.5135621401809976,0.1955203134306807,0,3.9193182380338354,0.052,0.536,0.31191156730649117
155,0.3105551177131686,0.3353328169925675,3.380343370961126,1.470544481711465,1.0562761476549363,0.8229974321228818,0.5167471438780638,0.1957885186285675,0,3.921451951230573,0.052,0.536,0.3120973390559966
156,0.30975920030005466,0.33521178391655854,3.386921196576559,1.47132536004174,1.0582768366050423,0.8234911293926873,0.5176502076366335,0.1959547172351239,0,3.9235342934446398,0.051,0.537,0.31227835993797576
157,0.31367456451111625,0.3351132479602005,3.39184860871887,1.4753356197940373,1.0599316673428814,0.8247937693694852,0.5181407111555513,0.19709535787891602,0,3.934228319450766,0.052,0.536,0.3121173110231818
158,0.3100567315379055,0.335030252864149,3.3972994179797245,1.4790102381100778,1.061210984059046,0.8258218521784706,0.5171573900701393,0.19774720265359935,0,3.9440273016268743,0.052,0.536,0.31200857304266394
159,0.30957913655363073,0.3349342190462247,3.4033929964043925,1.4820060280948613,1.0619514087774837,0.8265130087048221,0.5165167400750378,0.19864980679074665,0,3.95201607491963,0.052,0.536,0.31199085579764524
160,0.3119098335864633,0.33487395731515446,3.410402970740173,1.4821059944280792,1.0638688207180826,0.8251861325119656,0.5164516473253452,0.19873017212052865,0,3.9522826518082113,0.052,0.535,0.3106127243897908
161,0.30669338168401816,0.33460269550396293,3.4175630102861065,1.480602993781544,1.0655580914477585,0.8266622696598589,0.516992961506159,0.2007938817662466,0,3.9482746500841173,0.05,0.533,0.30609530880430424
162,0.3119736833684822,0.3344327835147352,3.4233481781624313,1.4826948296439355,1.0669812686739133,0.8288235539752432,0.5158859078195608,0.20077623070347034,0,3.9538528790504945,0.05,0.533,0.30612736434819415
163,0.31057225029039365,0.33438644653480015,3.428663300918493,1.4865611184033194,1.067384733509514,0.8293764973269366,0.5176066172849824,0.20136718102606743,0,3.9641629824088516,0.05,0.535,0.30765291332077277
164,0.3127635387969465,0.33412842158914624,3.435480077319431,1.4866786592759356,1.0678463772950615,0.8310861422234678,0.5188672322268607,0.20093642050655613,0,3.964476424735828,0.05,0.531,0.30462905489154996
165,0.31099212740769916,0.3340450927670501,3.440179395270838,1.4911538465844012,1.0690411410844405,0.8333186698442182,0.5185006879452991,0.20292293382682933,0,3.976410257558403,0.05,0.534,0.30605829946963986
166,0.3124226558595573,0.3340223505304917,3.444281579061435,1.4966713691887714,1.0697388278101432,0.8352189705735045,0.5186912586702043,0.20203367438521216,0,3.991123651170057,0.051,0.536,0.31065784489023696
167,0.31120422365577033,0.3338250013410778,3.450590854748334,1.4972704258181728,1.0704853560713765,0.8364799066663156,0.5191970241439797,0.20396894277477842,0,3.9927211355151275,0.05,0.536,0.3092143588219861
168,0.31046707656231726,0.3336185346643444,3.4571607625910814,1.4979767026068225,1.0711611986103267,0.8370983909341826,0.5175247702464612,0.20611004217153542,0,3.99460454028486,0.05,0.533,0.3044835063629373
169,0.30814085402740776,0.33351948013961963,3.4629792423568855,1.499798016504838,1.0729203475712579,0.8372413924487313,0.5171975156044005,0.20678694414448878,0,3.9994613773462344,0.05,0.533,0.3045463193047967
170,0.30650224032496654,0.3334053835523153,3.468628881717529,1.501255814975455,1.0753485932055862,0.8382233349543671,0.5171022925086628,0.20593244813636974,0,4.003348839934547,0.05,0.533,0.3046242742711994
171,0.30977521267786995,0.33327142194544995,3.4738326035263625,1.5032850885779605,1.076721413924044,0.8397510621354509,0.518068845112432,0.20607869947732588,0,4.008760236207895,0.05,0.533,0.30464466185482
172,0.30655890077538017,0.3333196439639196,3.47820013689862,1.5081825817197985,1.078494092037248,0.8402589026668029,0.5182210799822672,0.20612524324788262,0,4.021820217919463,0.05,0.534,0.3060346797307494
173,0.31145232719982063,0.33307079173159476,3.48411835793974,1.5078079782324998,1.080152233734755,0.8417078583449965,0.5195376510816158,0.20717838108768213,0,4.020821275286666,0.05,0.533,0.3046379585351151
174,0.30796651789292295,0.33293787775980105,3.4899828264832626,1.5090231686095277,1.0822571963400442,0.8425547229918363,0.5183125018565043,0.20741258460095519,0,4.02406178295874,0.05,0.532,0.30474358776649213
175,0.30797456761807207,0.3329785606783654,3.4941574586403945,1.514184285535339,1.0828719044344723,0.8427201881560283,0.5200659517023163,0.20870214370081305,0,4.03782476142757,0.05,0.534,0.30612025551062966
176,0.3074832937473262,0.3330426510293614,3.4980098056600077,1.520833356815323,1.0827377945959258,0.8442008162109861,0.5198512776928553,0.20844852322588156,0,4.0555556181741945,0.05,0.537,0.31062521216175504
177,0.3079107512061482,0.33296415191154993,3.502808495897027,1.5240014743613326,1.0837530905480641,0.8450074186223129,0.5219027809978452,0.20925595436371125,0,4.064003931630221,0.052,0.535,0.31054283946412536
178,0.3083292319220936,0.33272901406410826,3.5091202849950998,1.5223274643451543,1.0868709532590066,0.8459616634176917,0.5210922904972604,0.2096562030084066,0,4.0595399049204115,0.05,0.535,0.3076264106268072
179,0.3091132770182522,0.33263723620173513,3.5142774994525317,1.5255537678039768,1.08642686037613,0.8472438733843947,0.5216486817746753,0.21015684800262643,0,4.0681433808106044,0.049,0.536,0.3075636974538563
180,0.3065374078133688,0.33253236296982674,3.5192738653941107,1.5273720282111338,1.0879571103938448,0.84807354862439,0.5224849041950109,0.21058878450131388,0,4.07299207522969,0.049,0.536,0.3075948718548369
181,0.308309444773618,0.3324250773804569,3.5250321329650203,1.5279536420620359,1.0896731826684023,0.847634163280656,0.5227469570827017,0.21074209221725324,0,4.074543045498762,0.048,0.537,0.30776312265811806
182,0.30598414414209785,0.3321140569845418,3.531680081375374,1.5261740513909174,1.0904568838998001,0.8491949735768943,0.5231058662432312,0.21100942921140745,0,4.0697974703757795,0.047,0.536,0.30488331487918297
183,0.3071955000537782,0.33200836680766366,3.5373314111472216,1.5265894023268365,1.0920570915132668,0.8492983934215941,0.5244509167158842,0.21053638284801696,0,4.070905072871564,0.047,0.535,0.30506075365338764
184,0.30709310837257064,0.33212345700209234,3.5406724716980404,1.533387157133815,1.0935952035490157,0.850428864440868,0.5231708520789397,0.20986191809492474,0,4.089032419023506,0.047,0.537,0.3062512385146669
185,0.3065653118362794,0.3319509408819326,3.5460287660820224,1.5338846375084878,1.0962827806288955,0.8521949294153224,0.5225587866382173,0.20906982810932254,0,4.090359033355967,0.047,0.536,0.3047437247960781
186,0.3072618449187002,0.33181528067293165,3.5519892322936855,1.5351860923540643,1.0965115589597978,0.8531543999109242,0.5218152924222306,0.20692784522713073,0,4.093829579610838,0.047,0.536,0.3048742240445357
187,0.30494969952469264,0.33177506322972233,3.556641018160298,1.5388338816233837,1.0971089945955774,0.8548783967612917,0.5229721966461123,0.20568390208532097,0,4.103557017662356,0.047,0.536,0.30474742166182434
188,0.3084070341769351,0.33161863826025156,3.562779537955496,1.5385577027740445,1.0987414504131885,0.8544128288571003,0.5225896910109971,0.20602817333074921,0,4.102820540730785,0.047,0.535,0.3050027244661073
189,0.3062213236306566,0.331533013114214,3.5691332881904794,1.5389576141330594,1.1000572110437663,0.8533819180318034,0.5232728321337,0.2048707463178565,0,4.103886971021492,0.047,0.534,0.30355368899592244
190,0.30939155794070344,0.3315974358333773,3.5728975170895287,1.5446121209617918,1.1006986660329272,0.8535558862555526,0.523433065283218,0.20663117316656338,0,4.118965655898111,0.047,0.535,0.30323167229137754
191,0.30506161108918955,0.3314294081168532,3.5786007514419644,1.545198422548834,1.101728416396907,0.8543837234616536,0.5242579891491798,0.20644676875350385,0,4.120529126796891,0.047,0.534,0.3033982606911075
192,0.30675242273902165,0.3314297402313052,3.583311948931427,1.547582550420505,1.1042409657084646,0.8543860793624358,0.5256872407186857,0.20610541043139877,0,4.126886801121347,0.047,0.534,0.30336207767832896
193,0.3080504514707424,0.3313407057187646,3.5884813441514107,1.549917634165456,1.1050923095899312,0.8546723397071422,0.5246904478539945,0.20678971100497284,0,4.133113691107883,0.047,0.534,0.3033669264490553
194,0.30801492245716405,0.3312647243453476,3.593995165660532,1.5502990215593582,1.1072472543767617,0.8548474289500455,0.5267783573473932,0.20544855711852197,0,4.134130724158289,0.047,0.533,0.30353132566857943
195,0.30681804257510037,0.3312756473102943,3.5983597691298246,1.5538081139606823,1.1102368606959891,0.8552500342387663,0.5269867992707032,0.2061058983473025,0,4.143488303895153,0.047,0.535,0.3050237380288766
196,0.3060804042234606,0.33123378452935714,3.603345703448932,1.5564580715503935,1.1108808567854374,0.8551534295098139,0.527313121877802,0.20586998827855138,0,4.150554857467716,0.047,0.535,0.30500055184167396
197,0.3084925015935824,0.3310935055449874,3.609126611014007,1.556612075841258,1.111339346472073,0.8553843225933734,0.5278707428320354,0.20580775907479917,0,4.150965535576688,0.047,0.533,0.303570435457419
198,0.30797219612588245,0.3310547875963702,3.6145934429727675,1.5574816292686338,1.1145105667016535,0.854676084956534,0.527651462786644,0.20619684770250127,0,4.153284344716357,0.047,0.532,0.30204956318510257
199,0.3050574156348083,0.33115105836532743,3.6184557224257894,1.5626413207633332,1.1159118769536962,0.8533331894178834,0.5285611112409523,0.2068599835242906,0,4.167043522035555,0.047,0.536,0.3083155465036083
200,0.30455005880738256,0.33100301425471945,3.624465581601594,1.5623069891423014,1.1171921642101064,0.8535281061766856,0.5276315065711715,0.20707527641852977,0,4.166151971046137,0.047,0.534,0.3069326121507739
201,0.3063954790419422,0.33093653518140487,3.629758995653445,1.563696650225923,1.118660635619113,0.8537165074971799,0.5276244495831944,0.2063834155050271,0,4.169857733935795,0.047,0.532,0.303729984422584
202,0.30646507329879585,0.3308925654163522,3.6342508219353733,1.5675588700272063,1.1185439134181543,0.8548857809463284,0.5273097234097687,0.20469517455379013,0,4.180156986739217,0.047,0.535,0.306858023617536
203,0.30796406870195864,0.3309890143613752,3.637613592635521,1.5735797122653588,1.1194266903722456,0.8547514937018335,0.527685697919198,0.20483648260029033,0,4.196212566040956,0.047,0.539,0.3097772198330219
204,0.30465909193666607,0.3308237458696046,3.6435830363460635,1.5726022137696807,1.120633656276971,0.855176129394143,0.5275291909095732,0.20358480739039822,0,4.193605903385815,0.047,0.535,0.3067920306944659
205,0.3066657791197663,0.3309324061512626,3.6470191975828214,1.5781228666845066,1.121794213077128,0.8549213065000302,0.5279217444144011,0.20436966439430998,0,4.208327644492018,0.047,0.539,0.30975231467770387
206,0.30610692220064917,0.3308107365751306,3.6538618633989635,1.5761231834325182,1.1246369192152454,0.8536065976684545,0.5268969445576313,0.20318121905264763,0,4.202995155820049,0.047,0.534,0.30523820111573835
207,0.3040532207585986,0.3307218871879408,3.659359885581996,1.5768866830799984,1.1258486872201086,0.853670346408076,0.5278658742641308,0.20219333189209868,0,4.205031154879996,0.047,0.533,0.30537857330919754
208,0.3050225670144837,0.3307098896584201,3.6637701545604635,1.5804509772193371,1.1259101125750322,0.8535381602551142,0.5274000810557394,0.20289057226540586,0,4.214535939251566,0.047,0.535,0.3069037604346133
209,0.3024149771877448,0.3306870480126495,3.667570843828517,1.584451573159431,1.1266726842644146,0.8550385183683487,0.5269617710680111,0.20260950460518606,0,4.225204195091816,0.047,0.537,0.3083454880358631
210,0.30650127506037805,0.33052196671639494,3.672808099502381,1.584676782148895,1.1279809707285595,0.8565468022412678,0.5273238730411808,0.20271538592817592,0,4.225804752397053,0.047,0.536,0.30687470981290205
211,0.3050470790980776,0.3305686559821245,3.676595673192816,1.5884791313538786,1.1290805723475432,0.8570570229974782,0.5280780704519077,0.20121104837032924,0,4.23594435027701,0.047,0.537,0.3083398619959837
212,0.30537062765864775,0.33042651867696915,3.6825555643595798,1.5876473991853162,1.1305399059505066,0.8568350488319487,0.5294946694723033,0.19973181578287993,0,4.2337263978275095,0.047,0.534,0.30535479440691105
213,0.3083297184718385,0.3303422450509438,3.6871003786225547,1.5885567945691457,1.1322865238710131,0.8575197502966597,0.5288642903545349,0.20069315127805096,0,4.236151452184388,0.047,0.533,0.3054354881440683
214,0.30547337375377165,0.3303643116172588,3.69105241927559,1.5923071951349672,1.1334758753881988,0.8587471195696944,0.5276819279173631,0.199812356588955,0,4.246152520359913,0.047,0.535,0.3052693805665189
215,0.3051291361531017,0.3302759199398658,3.6962818170698934,1.5917251507214916,1.135963432240041,0.8586227598707642,0.5286052506257899,0.19889404451475978,0,4.244600401923978,0.047,0.534,0.30548966438278974
216,0.30452246875571354,0.3302109378743401,3.700709000326193,1.5944453947673514,1.1358926701707208,0.8590854736797349,0.5296584817855043,0.1992998744799649,0,4.25185438604627,0.047,0.534,0.30544516961832424
217,0.30641973827302116,0.33022138471020657,3.7047094461459773,1.5969327646950855,1.139005993185104,0.8606983727111467,0.5285396676773022,0.1982617068604569,0,4.258487372520228,0.047,0.535,0.30535644599679745
218,0.3017970022207541,0.3301366853167208,3.709415305202571,1.5986340564145036,1.1400250453177645,0.8617146382060735,0.5283669691421754,0.19840960510957117,0,4.263024150438676,0.047,0.535,0.30538773567966293
219,0.303043264210319,0.3302043493124847,3.7134227455920934,1.6023500273263747,1.1408395194729315,0.8609197925236839,0.5288507556409738,0.19889270789478172,0,4.2729334062036655,0.047,0.535,0.3052406152347435
220,0.3077090869084903,0.3302731701407093,3.716776309902344,1.6063256550750786,1.1421484974614362,0.8610271603397671,0.5281732578114718,0.20028596483626956,0,4.28353508020021,0.047,0.537,0.30830649393920245
221,0.3042795271177128,0.3301101306171051,3.72203164423487,1.6073097330718096,1.1418184841396457,0.862070560388897,0.5274843984855894,0.2008463478158292,0,4.2861592881914925,0.047,0.537,0.30843382503618616
222,0.3079811110373243,0.32991074868136305,3.7270597587321554,1.6070511109626113,1.1417541570970877,0.8632410084168881,0.528270665557003,0.20101901845889142,0,4.2854696292336305,0.047,0.534,0.30537777114490083
223,0.30708921858748034,0.3298613485269103,3.7306858536500753,1.6108927661290267,1.1416376524045473,0.8643844558959499,0.5288032728449655,0.2025456809268881,0,4.2957140430107374,0.047,0.537,0.3084802792323749
224,0.30730369259334817,0.32975700321355805,3.735845535319535,1.6115565090958486,1.1414644292888851,0.8646317159797853,0.5287197416572742,0.2018618205858639,0,4.2974840242555965,0.047,0.536,0.3086295400765975
225,0.3033271206750984,0.3296395595850704,3.7401650696595183,1.6123577023650901,1.1429968510946302,0.8664160702289916,0.5288852738781709,0.20208090000495305,0,4.29962053964024,0.047,0.535,0.30706948601538536
226,0.30800094343814455,0.32945663399532366,3.7455664851567056,1.6098991691039741,1.1448045717194943,0.866095191090069,0.5315087868144396,0.20186551785532902,0,4.293064450943931,0.046,0.532,0.30417694696852104
227,0.3049903548035595,0.32934601394335095,3.749582564257778,1.6108423483346337,1.1469808525033607,0.8678900785238145,0.5323796618759222,0.20311462813120423,0,4.2955795955590235,0.047,0.531,0.3042240124851001
228,0.3045586109468271,0.32930089122939404,3.7538235054281572,1.6123958256879254,1.1482274528805232,0.8673255078155372,0.5346009166658421,0.20443607464713726,0,4.299722201834467,0.046,0.532,0.3042521591495817
229,0.30355009575616054,0.32916995021592443,3.758087125514982,1.613834394636687,1.148860407939815,0.8693480976396277,0.5350493115564413,0.20508393691523027,0,4.3035583856978326,0.046,0.531,0.30265357342697063
230,0.3031123905527173,0.3293186502705697,3.7613775722455127,1.6190633582120797,1.14955464257736,0.8679567020022698,0.5360229329278859,0.20445431927279603,0,4.317502288565546,0.047,0.533,0.3056436517431031
231,0.306382161295801,0.3293354762383965,3.7647835195985473,1.6230232163527352,1.1501171253765925,0.8693903026794239,0.5354076310303024,0.20370324256393757,0,4.32806191027396,0.047,0.535,0.3087205861059836
232,0.3066891027821363,0.32905374463911763,3.7712379555746334,1.6181943673127854,1.152706086769111,0.8700772487905516,0.5353329300068184,0.20338458268439252,0,4.315184979500761,0.046,0.53,0.302731385863124
233,0.30505222791846826,0.32926589888410485,3.7735779773975713,1.6247301183848852,1.1545590119707692,0.8693383049373319,0.5360280978045429,0.20345669794249088,0,4.332613649026361,0.047,0.533,0.30559870493808433
234,0.30435085004942003,0.3291614597605451,3.7786415800177506,1.6256915156526974,1.1538930363197732,0.8690825144736173,0.5359013742726206,0.20382239438327318,0,4.33517737507386,0.046,0.532,0.3024170227660299
235,0.3064040888536332,0.32903935365900105,3.7835530468612597,1.626441905446263,1.153429020402546,0.8695448501770073,0.5361720953480452,0.2030371275894186,0,4.337178414523368,0.046,0.532,0.30254856564537064
236,0.30600444314474046,0.3289500726789687,3.787938533052498,1.6285022407894334,1.1535435176194486,0.871054066499836,0.5344486521427169,0.2033696185724071,0,4.342672642105156,0.046,0.532,0.3025464193202686
237,0.3045638527811074,0.32901255120913137,3.791152896791386,1.631655099120108,1.1553342187332203,0.8709694332873235,0.5364706910410993,0.20299205279861107,0,4.351080264320288,0.046,0.533,0.30404616073061913
238,0.30424574150872397,0.3288035885283241,3.7966409741382723,1.6301327877020009,1.155568163710045,0.8711333765306365,0.5376079052586872,0.2030163735524821,0,4.347020767205335,0.046,0.531,0.30106194322352337
239,0.3027395506814357,0.3287461374006076,3.800879598326395,1.6318154585084876,1.1569385843542377,0.8725562635388545,0.5380533876723583,0.2015963954988219,0,4.351507889355967,0.046,0.531,0.3010695761916235
240,0.30216427506244825,0.3287171796827149,3.8048357924391736,1.634753416443197,1.157185824875536,0.8730070928868218,0.5376500328743165,0.203012467870119,0,4.359342443848525,0.046,0.532,0.30264937412052983
241,0.30539975732017993,0.3284984201730862,3.8106144084819773,1.6319200790101995,1.1591677804852207,0.8727498242326438,0.5378211401905797,0.20373317346186307,0,4.351786877360532,0.046,0.526,0.2980913298729094
242,0.30162720746545657,0.32845380301512633,3.8145655812537163,1.6335489407892654,1.1614132690869503,0.8732426948358558,0.5387472372877022,0.20502270503244452,0,4.356130508771375,0.046,0.525,0.29644886812501026
243,0.30138435362940946,0.32854597872383184,3.8174006212744374,1.6385948435822582,1.1622681679202547,0.874023593839795,0.5397509307030587,0.20458998307370463,0,4.369586249552689,0.046,0.53,0.29942594161465685
244,0.30392770493714827,0.3283775453203948,3.822390319213747,1.6377118156223818,1.163611137528198,0.8751958880516774,0.5413993266623541,0.2045020349168099,0,4.367231508326351,0.046,0.527,0.299660465036773
245,0.3030480773844479,0.3284709019992147,3.825686427289419,1.6422472217733095,1.1638282134181748,0.8744783614169643,0.5421210855750651,0.20331171014900318,0,4.379325924728826,0.046,0.53,0.2994347234165593
246,0.2984151900279144,0.3282986020005741,3.83113561081033,1.6410934592391426,1.164338877273864,0.874736820016708,0.54395989662268,0.2024529800643686,0,4.376249224637713,0.046,0.527,0.299718665370527
247,0.3063452343040473,0.32833527382905453,3.833843039465303,1.6456387649699258,1.1640052178035967,0.8755410120129079,0.5464921093287843,0.20286669277050987,0,4.388370039919802,0.046,0.53,0.2994752074492549
248,0.30108296579418714,0.32818283386673397,3.8388090828720562,1.6455271555743702,1.164549196763567,0.8763333935902128,0.5468697793388845,0.20311242215732433,0,4.388072414864987,0.046,0.528,0.29965845562426574
249,0.3033444409060814,0.328116246149115,3.842707631212521,1.6478628304157723,1.1647902330629754,0.877209600580453,0.5466234201425706,0.20444873195744342,0,4.394300881108726,0.046,0.529,0.2996187038737845
250,0.3038743767549843,0.3281347550225091,3.8463696483257617,1.6512632363648603,1.1647026196098604,0.8766379495248796,0.5477867476667074,0.20422556814979498,0,4.403368630306294,0.046,0.531,0.3011360899646901
251,0.30247746073673737,0.32800901525302284,3.8509270671577904,1.6518776209856258,1.1645987610409039,0.8774361363088587,0.5479243068076165,0.20453160765692546,0,4.405006989295003,0.046,0.531,0.3012562722934032
252,0.3028355309112073,0.3278907899419036,3.855654375084848,1.650705319637286,1.1670533788214013,0.8774334769877505,0.5496307265260614,0.20512148907412187,0,4.401880852366096,0.046,0.527,0.29820767372760454
253,0.3042765243986586,0.3279063589074358,3.8590032943044643,1.653799882887694,1.1679061767835763,0.8780023585021227,0.5487035336867155,0.2045586056849144,0,4.410133021033851,0.046,0.528,0.2997272904034109
254,0.3020237410265267,0.327680304128155,3.8648418838631304,1.6522344865454484,1.167639648905885,0.8784268161697786,0.548416956416631,0.20371775597186106,0,4.405958630787862,0.046,0.523,0.2935003633518834
255,0.30610023680674237,0.3274021908788497,3.871239902323755,1.6486767916416993,1.1681283914154315,0.877405656743141,0.5505947019478523,0.20451465393635052,0,4.396471444377865,0.046,0.518,0.2874128190536303
256,0.30425456029276604,0.3273817085745916,3.8752327169330543,1.6507411502157041,1.1684297449701189,0.8770184309629292,0.551961407716129,0.20499328151777746,0,4.401976400575211,0.046,0.518,0.2874011478346995
257,0.30490926766427895,0.3273758669694518,3.878357671664442,1.6527529253722193,1.1695804474506368,0.8777372581255027,0.5545915715597379,0.20573131509721568,0,4.407341134325918,0.046,0.519,0.2873505172096914
258,0.3068846982866385,0.32755217340379617,3.8801718439422572,1.659117548560218,1.17071054587477,0.8782325475802857,0.5541238357546078,0.2053280785258788,0,4.424313462827248,0.046,0.526,0.2967840044650015
259,0.299849842328189,0.3274244482067659,3.884588112215245,1.6593058829471474,1.171413070961667,0.8791844773930257,0.55385146178014,0.20509823424071344,0,4.42481568785906,0.046,0.525,0.2952831489888706
260,0.3009580645720138,0.32754484078947277,3.8861789398891124,1.6654281273599625,1.1727151273450283,0.8810727424919534,0.5557683546757097,0.2054997737318426,0,4.4411416729599,0.046,0.529,0.3014168649192354
261,0.30201164499242783,0.32750601724818157,3.8899085484030773,1.6678690992054128,1.1728922135888904,0.8818093492269284,0.5561392580524249,0.2049306864321891,0,4.447650931214434,0.046,0.531,0.3013640053910972
262,0.3020959172290413,0.3274002460036049,3.894744585846538,1.6685543698700833,1.1727133906945097,0.8818608421231579,0.5556814410445972,0.20503942062813127,0,4.449478319653555,0.046,0.529,0.29984495005662026
263,0.3004840896000062,0.3272589386751771,3.8993886582673087,1.6671659105181256,1.1747959737305738,0.882676425260549,0.556012890167068,0.20573855188277423,0,4.445775761381668,0.046,0.526,0.29681532514543635
264,0.30196341189244014,0.32721906762275516,3.9033810271077876,1.668577810507087,1.1757175927321029,0.8823086106255172,0.5569908690996624,0.20660129021032078,0,4.449540828018899,0.046,0.526,0.29684405803882974
265,0.30591798659027397,0.3271665366004938,3.9062990166013525,1.6706886984903395,1.1769746578859732,0.8847282182019699,0.556804075516504,0.20668054820140686,0,4.455169862640905,0.046,0.526,0.29677075313743534
266,0.3012540999269235,0.32693927083684,3.9107701148087504,1.6694295752445225,1.1775583091198636,0.887318406973397,0.5590707142303812,0.20709263027091662,0,4.45181220065206,0.046,0.524,0.29373208995996963
267,0.30402392435309056,0.32685329876944724,3.91503247958665,1.6701219219163626,1.1774561968878532,0.8872857718640699,0.5594672639206855,0.2061951466174266,0,4.453658458443633,0.046,0.52,0.2888928755209184
268,0.2994940606491366,0.3269517372315987,3.9173688313988375,1.6752064237457838,1.1778301841241396,0.8879957465324476,0.5592069032273415,0.20648761494752274,0,4.467217129988756,0.046,0.527,0.29844964441397126
269,0.30057855467474837,0.326981262589189,3.9206569934476834,1.6783704377859954,1.178518694813024,0.8882235779246836,0.5592260129407188,0.20508065263161673,0,4.475654500762654,0.046,0.528,0.2999618126720055
270,0.30186033216244673,0.3269010872738459,3.925607012741335,1.6787650504132363,1.1781619165390997,0.8880164992804926,0.5575888818680041,0.20273954347455952,0,4.4767068011019635,0.046,0.527,0.29847273622025416
271,0.3040662201848614,0.32661475752578306,3.9306206238952512,1.6760465930159187,1.1785877934522395,0.889620792356323,0.5583470799901697,0.20274275216312124,0,4.469457581375783,0.046,0.52,0.2889854939398321
272,0.3012527863018773,0.32638563895954054,3.9350817653045858,1.675253535141644,1.1784962157914216,0.8913553876848446,0.5605674327826954,0.20495418152614445,0,4.467342760377718,0.046,0.52,0.2891946497735259
273,0.30054676449707163,0.32666064539278294,3.9368444279719057,1.6817542567929709,1.1807008061144149,0.8905391350847807,0.5593724196250904,0.2049003063665417,0,4.484678018114589,0.046,0.522,0.2903977188662683
274,0.3013516580554438,0.3267153977132963,3.939358778810156,1.6857370156206868,1.1814453640987346,0.8909495877354897,0.5596569090450988,0.20532778498505855,0,4.495298708321831,0.046,0.529,0.30004149128401064
275,0.3011992006987927,0.32671882484676973,3.943309705751565,1.6862438946312062,1.1845266340948777,0.890329548972904,0.5596707673719121,0.20512317989289003,0,4.496650385683217,0.046,0.527,0.298472250846587
276,0.30471520053102696,0.326811065870227,3.9457598721818825,1.6909012030804278,1.185000053042806,0.8902656211381743,0.5609161152319426,0.20459784425064853,0,4.509069874881141,0.046,0.53,0.3014923534281487
277,0.3009074504904403,0.3266883157566286,3.950166948377717,1.6912043354561288,1.1850056320091749,0.8905216992240098,0.5612786403667945,0.20568956977209393,0,4.50987822788301,0.046,0.529,0.29998230265074544
278,0.3047135534181848,0.326739329238246,3.9532897768604007,1.6941659472181283,1.1860789688092792,0.8901337775106084,0.560508061340936,0.20526943154639887,0,4.517775859248342,0.046,0.53,0.30150597977913624
279,0.30011478545638276,0.3265752534074221,3.95797284471085,1.692994567042066,1.186366801419555,0.8914232086873922,0.5608349059843069,0.20473451668234555,0,4.514652178778843,0.046,0.529,0.3001086693594213
280,0.3051978821690334,0.3267261335038686,3.960153088023189,1.6982558473810232,1.1872350711671893,0.8902354297772851,0.5607428287523706,0.2043381653472705,0,4.5286822596827285,0.046,0.531,0.3014329269559944
281,0.30055482051513244,0.3263892309643365,3.96572868742499,1.6942131052168399,1.1870396667170842,0.8928567832209531,0.5631315322944891,0.20541605458767548,0,4.517901613911573,0.046,0.524,0.29370272488065846
282,0.3033174102523397,0.32613121400111367,3.970423678664106,1.6922682296413756,1.1871789210191326,0.8943884251015018,0.5642396218831366,0.20655666385582183,0,4.512715279043668,0.046,0.522,0.2907230683929604
283,0.3002628601498925,0.3262151898937084,3.9725709818192745,1.6970665580781432,1.1876405555196121,0.896050400161226,0.5651086687944635,0.20658779742591257,0,4.525510821541715,0.046,0.524,0.29371292151523554
284,0.3003608648035359,0.3262961782594812,3.974900603634118,1.701573483975993,1.1887767609952824,0.8963108010019024,0.5656441676164354,0.20709232245561754,0,4.537529290602648,0.046,0.53,0.30003854081129544
285,0.30147737902141786,0.32648253487259976,3.976344816007543,1.7075757577999418,1.1910125384852401,0.8959717340331994,0.5661795168487199,0.2072839445195993,0,4.553535354133178,0.046,0.533,0.3029101208158383
286,0.2975132272265991,0.3262809171237648,3.981572291259679,1.7049639296482169,1.1917780356376888,0.8966596331407215,0.5649599899621468,0.20751746201232601,0,4.546570479061912,0.046,0.529,0.29998996276533485
287,0.2982772286636268,0.32614486643759943,3.985927878320378,1.7044187067525498,1.192285925430165,0.8974549316228779,0.5654875186398108,0.20832614900589547,0,4.545116551340133,0.046,0.529,0.3001762850946684
288,0.300039487749661,0.32614024115348395,3.9885247813924454,1.707977287342926,1.1921580307402682,0.8979615613118428,0.5673791416745653,0.2098013134716091,0,4.554606099581136,0.046,0.529,0.3000076621703327
289,0.30352522809002624,0.32606220267803954,3.991957919623105,1.7082374767736763,1.1932597375157719,0.8993025350264349,0.5677538915751581,0.20925382050962887,0,4.555299938063137,0.046,0.529,0.30009414339214335
290,0.29922058694338577,0.32612638695773233,3.9944262841976195,1.7122022059038233,1.1941971290139912,0.900097340853891,0.5676754658552745,0.20870241678542872,0,4.565872549076862,0.046,0.53,0.299877548902721
291,0.3033109101137361,0.32622107230751884,3.996486268437675,1.7173975114992068,1.1944769157158348,0.8997410871120968,0.5670054432616116,0.21031073773243744,0,4.5797266973312185,0.046,0.533,0.30285227879074345
292,0.299621467447771,0.3260068232580018,4.001523601865191,1.7146041156895302,1.1948727384011133,0.9009935839781034,0.5672421530650036,0.20988664312993324,0,4.572277641838747,0.046,0.53,0.29994103420738233
293,0.2968814493706504,0.32585773217406183,4.006048316402836,1.7140703290825754,1.194193112678969,0.9012365739541801,0.5684271581256696,0.21068982630330138,0,4.570854210886868,0.046,0.529,0.30014603202871987
294,0.3056632612119334,0.3258346212009411,4.009601274867111,1.7149903018570363,1.1947387927603677,0.9007108833816639,0.5681242849356126,0.21026379366117912,0,4.573307471618763,0.046,0.529,0.30019780455885386
295,0.3003577912061861,0.32571642257916744,4.014134226681636,1.7140321136924173,1.194607998942472,0.9001626880713427,0.5696897202396995,0.20985691625746306,0,4.57075230317978,0.046,0.526,0.2954866094613783
296,0.2991770570985921,0.32550471458634467,4.018982026315283,1.7119864469856534,1.1950987280225027,0.9006184136143368,0.5700109675936806,0.20932817727251218,0,4.565297191961743,0.046,0.522,0.2908748680794509
297,0.29713828940201054,0.32557104754240385,4.021492094444905,1.7155497348551056,1.195750591526251,0.9013341584350498,0.5704148147138348,0.20959246427017336,0,4.574799292946948,0.046,0.523,0.2923371504558087
298,0.30014760866777956,0.32549109792401304,4.025314193742784,1.7157371778468062,1.1963996251088311,0.901055732288034,0.5707058937117274,0.20969668707757647,0,4.575299140924817,0.046,0.522,0.29080874966858383
299,0.30331002187811246,0.325288170412386,4.030402515104526,1.714112243016487,1.1956909360281858,0.9006794779520736,0.5706584644421228,0.21030198403785275,0,4.570965981377299,0.044,0.523,0.28946948137183315
300,0.2997755399262255,0.3253715738800241,4.0329695839850555,1.7180490327906661,1.196996739876741,0.9014612749680384,0.5691781615344101,0.21027196850162228,0,4.581464087441776,0.045,0.523,0.29089528773561985
301,0.2973577179535851,0.32545458808363426,4.035303264398865,1.7217671136552557,1.1976093448116667,0.9014936461413229,0.5703786332085737,0.21119037218176215,0,4.591378969747349,0.045,0.526,0.2939870126978013
302,0.3044092660175696,0.3252867964277986,4.039541380613428,1.7215117543933247,1.1964972889095167,0.9013560227024264,0.5699759011343124,0.21322241591373559,0,4.590698011715532,0.045,0.525,0.2925166859392486
303,0.2995025297529408,0.3254036239061961,4.041563388232834,1.7259714921829656,1.1972160026538619,0.9019097722788524,0.5700813168158745,0.21304155393206495,0,4.602590645821242,0.045,0.527,0.29553644154894726
304,0.29875170021839537,0.32536701837303866,4.044524131254027,1.7276981264466293,1.1978562270753284,0.9032285422738813,0.5698150684865105,0.2134503098107304,0,4.6071950038576786,0.045,0.527,0.29550392731662606
305,0.29839691377588035,0.3254322978397614,4.047094530879624,1.7314967595031332,1.1982415461566633,0.9028978248858446,0.569742872631203,0.21333009245581355,0,4.6173246920083555,0.045,0.53,0.29860275541687115
306,0.29625203586402155,0.3253841201602832,4.0506229127006375,1.7330249311001695,1.1985916286419434,0.903595110232312,0.5695168113239438,0.21372380098531002,0,4.621399816267119,0.045,0.53,0.298608330123739
307,0.29896169366439784,0.32540104055360985,4.053501687081594,1.7354399157605052,1.1995682152681086,0.903359399206652,0.5696523342154014,0.21447245510542837,0,4.627839775361347,0.045,0.53,0.29852337289370073
308,0.29673340402405907,0.325212188978135,4.057933240946064,1.733163866832557,1.2003497965570182,0.9049098084727859,0.5708443419450561,0.21450144604637117,0,4.621770311553486,0.045,0.527,0.29554028161670215
309,0.3000137941217729,0.3251862721774648,4.061034411504739,1.7349702445972541,1.2011376948216879,0.9056313014977477,0.5717995612370741,0.21485516753673098,0,4.626587318926011,0.045,0.527,0.29550751079331733
310,0.3010195308132552,0.32519263431266265,4.063769039840995,1.7367335442094374,1.2025845439075622,0.9060534116872114,0.5730653105572961,0.21415188870865992,0,4.631289451225166,0.045,0.529,0.298747227516004
311,0.29800893905207637,0.32518115092841204,4.067398457727104,1.7380111244719705,1.203757328342435,0.9060045637285516,0.5722442390602208,0.21336923079018053,0,4.634696331925254,0.045,0.528,0.2971146803341122
312,0.2997288224286519,0.32516193928883674,4.07023890812292,1.7401688214248676,1.2039095313622628,0.9072473486892513,0.572748799244606,0.21229698544337094,0,4.640450190466313,0.045,0.53,0.29870452092352473
313,0.29743730009901165,0.32508053095710404,4.073384027229213,1.7408175555016472,1.2044739105891047,0.9091337652479881,0.5734495322538087,0.21173638975412673,0,4.6421801480043925,0.045,0.528,0.297103574424167
314,0.2969697796880729,0.324844113606349,4.078376859721762,1.7377506084833896,1.2052062958664582,0.9102775959000093,0.5744955086594609,0.21106865945024866,0,4.634001622622372,0.044,0.526,0.2925660016856761
315,0.3002296811885672,0.3249649195592945,4.080350995746228,1.7417188433959214,1.2062304929986474,0.9095714646110841,0.5754423637349602,0.2118108313473864,0,4.6445835823891235,0.045,0.527,0.295621603313695
316,0.2983161345084422,0.3249596134105394,4.082760064844317,1.744164432702025,1.2074718989880486,0.9108277872208687,0.5748304281406255,0.21333038135941537,0,4.6511051538720665,0.045,0.528,0.29714955653743086
317,0.29847949051225636,0.32495785016795675,4.085575814315101,1.7456117015275943,1.2095237795513134,0.9118770765331502,0.5741548759184537,0.21280478216354973,0,4.654964537406918,0.045,0.528,0.29711782594254066
318,0.30390125843267046,0.32479467338088563,4.089920421322081,1.7433260806704318,1.2106349304563664,0.9113035747757797,0.5758187529976182,0.2133421348115187,0,4.648869548454485,0.044,0.526,0.29250276736221237
319,0.2969598729647734,0.3245974477012239,4.094589200625411,1.741437274777078,1.2110683561117104,0.9117184132056614,0.5754626922800726,0.21333985827434257,0,4.643832732738875,0.044,0.524,0.29114526985894934
320,0.2978960080044815,0.3245776725551311,4.0974302793681,1.7431519087519116,1.211982799811249,0.9128849775149083,0.5755937250579034,0.21316888574482398,0,4.648405090005098,0.044,0.524,0.29110769767082534
321,0.30191796765662215,0.32456976704663965,4.100297711004959,1.7459003715514678,1.2110641136912383,0.9141671053965635,0.5752054069641123,0.21284154452425277,0,4.6557343241372475,0.044,0.525,0.29101712635373966
322,0.2991443737086374,0.32455975741796345,4.103246259321437,1.7474172215011121,1.212032733626704,0.9143579349700293,0.5766642924576777,0.2130658769868644,0,4.659779257336299,0.044,0.525,0.29099995237819054
323,0.2993120758714279,0.32448623323853265,4.106544315250331,1.7483822305594923,1.212483279211524,0.9153124731621768,0.5766416337677138,0.21356195835136352,0,4.662352614825313,0.044,0.525,0.29103494673789343
324,0.2979610209119295,0.32440030458192937,4.109847269678529,1.7488046013389251,1.2131119644983837,0.9163081852821963,0.5786017177622432,0.2131621160591032,0,4.6634789369038,0.044,0.524,0.29110724840861557
325,0.29997533627518647,0.32462686202137436,4.1109026392139985,1.7555621471844824,1.2137230746214194,0.9166509337343297,0.5779726911533402,0.21353643388073382,0,4.68149905915862,0.045,0.528,0.29721495301006345
326,0.2999315398839566,0.32441262888873873,4.114823821613999,1.7535696678091897,1.2150670592218085,0.9189663812846055,0.5786313186615798,0.21417642461478703,0,4.676185780824506,0.045,0.525,0.2925530567751765
327,0.3021749647952841,0.32429271208840504,4.1178336564156375,1.753704817417571,1.2161166510037975,0.9213605425043222,0.5785188323470996,0.21423911042099722,0,4.676546179780189,0.045,0.523,0.2909873868436461
328,0.30092879588924304,0.3241870439481468,4.121484738384802,1.7533769594696018,1.2168133006529347,0.9211716312146739,0.5782762105831281,0.21555625998354921,0,4.675671891918938,0.044,0.524,0.29112366566346326
329,0.2985477423199599,0.3244125560007353,4.122631943336517,1.7591681583667458,1.2180346855215771,0.9208191937939653,0.5789896673413465,0.2157789838663509,0,4.6911150889779885,0.045,0.525,0.292387332178167
330,0.29742563300235125,0.32445028542425225,4.125086528454462,1.7615463585992066,1.2196378267040298,0.9206526049078418,0.5787011196036776,0.2174696331977411,0,4.697456956264551,0.045,0.527,0.29556438935017887
331,0.30329379423009556,0.3244134821243599,4.128234894806222,1.762152856818335,1.2201032099146503,0.9198558468998073,0.5795235246130723,0.21773152815516672,0,4.699074284848893,0.045,0.526,0.29399022486496423
332,0.2990595781739601,0.3243070488945705,4.13143014819213,1.762264880818666,1.2205560643803965,0.9214748576699805,0.5799410671929901,0.21734586123429384,0,4.699373015516443,0.045,0.525,0.292436721314778
333,0.298750005717909,0.324311271464536,4.134179686354082,1.7649990172394943,1.2196562220165827,0.92185334810342,0.5804114832385409,0.21781534225242372,0,4.706664045971984,0.045,0.526,0.29398952372898984
334,0.29903811171401756,0.32427084374962833,4.137645363865395,1.7657922218813502,1.219914830452154,0.9216828104741159,0.5808817975366669,0.21718565494071582,0,4.708779258350267,0.045,0.525,0.29240349050480824
335,0.30101633171848874,0.3243777262239915,4.13931433623906,1.7697376233257158,1.221398197868781,0.9219668167781258,0.5811191377074505,0.21669158439193675,0,4.7193003288685755,0.045,0.529,0.29708036765750107
336,0.29954561453431217,0.3243136300304994,4.14278797940313,1.7699925871022808,1.221962876970924,0.9219316548178246,0.5809309897874223,0.21733767508819563,0,4.719980232272749,0.045,0.529,0.29717287774487317
337,0.2973157698324535,0.3242437192883236,4.14609473184633,1.7701963430174503,1.2227239863002446,0.9225786978148454,0.5822859514366625,0.21674697759795117,0,4.720523581379868,0.045,0.528,0.29726059074475636
338,0.2978520461351045,0.3241112394875583,4.149910645149314,1.7686772171804006,1.2240268092190607,0.922993630904222,0.5821556817718373,0.21690439596220543,0,4.716472579147735,0.044,0.526,0.2925642241404001
339,0.2969266118483844,0.3241090610098114,4.152474261124994,1.7707415065773402,1.2249117968747045,0.9234118348140876,0.5817069640392155,0.21847255396815263,0,4.7219773508729075,0.045,0.525,0.29249543012909945
340,0.29876245420937914,0.32403511784300537,4.155676167631571,1.7709012675983284,1.2264324224875125,0.9236410261131609,0.5826576631178361,0.2195636956543065,0,4.722403380262209,0.045,0.525,0.2925744529446776
341,0.2990129003536715,0.32403793049620966,4.1582594156002,1.7734985720094616,1.226048532104648,0.9245060534189411,0.5829642935661613,0.219620599163785,0,4.7293295253585645,0.045,0.525,0.2924817828773173
342,0.29818307399005145,0.32396345647574043,4.161292894086828,1.7734190942750374,1.228120549716022,0.9252602547950964,0.5836198920184397,0.22026547319466894,0,4.729117584733433,0.045,0.525,0.29256482786117655
343,0.30061843763648505,0.3238760841965384,4.164728796234958,1.7732886076551304,1.2289627519385522,0.9255705399138099,0.5829186888166596,0.22106981919340116,0,4.728769620413681,0.045,0.525,0.292676603789027
344,0.3001610693042427,0.32374192235679294,4.168312445115821,1.7733475506965233,1.2274910335150337,0.9263153708698045,0.5848114928606757,0.2204694146951232,0,4.728926801857395,0.044,0.526,0.2928038138943065
345,0.3003041507458044,0.32352584793312267,4.172654424866525,1.7701144725082,1.2288924397729426,0.9271765266427866,0.5859729403710785,0.21877518208662888,0,4.720305260021867,0.044,0.519,0.28658320410449556
346,0.29863011518965543,0.32355168022080305,4.175111120759476,1.7722620722798088,1.2298098127517976,0.927687371630301,0.5866541694226858,0.21908818548914424,0,4.726032192746157,0.044,0.519,0.28650715699715884
347,0.2989304520082634,0.3236731127035366,4.1763696053316846,1.776870212353329,1.2301292451642634,0.9276880931168681,0.5882908700448851,0.2205563553618063,0,4.7383205662755445,0.045,0.525,0.29279719263597925
348,0.2970937479669689,0.3236020031150185,4.1789711408767785,1.77814641347582,1.2305987735862642,0.9289009626241408,0.5890558009032256,0.2224072572308188,0,4.741723769268853,0.045,0.525,0.292787191928059
349,0.2980061686321775,0.3235977753691595,4.18237373900506,1.7796369297945651,1.2301311769989518,0.9280334339148072,0.5874962226151149,0.22194727972654688,0,4.745698479452174,0.045,0.525,0.29280116118266725
350,0.29994120291441867,0.3234117102516303,4.185670446580536,1.7788327749641482,1.230307731235336,0.9299088282136377,0.5886612247550251,0.22425862645345052,0,4.743554066571062,0.044,0.523,0.2896659761437519
351,0.29830452568068916,0.32349258049849616,4.187264904641801,1.7825226217141166,1.2318193759614033,0.9316388518658273,0.5874408704822615,0.22376414509712467,0,4.753393657904311,0.045,0.525,0.29273722770158106
352,0.2968081327718303,0.3234844044634257,4.190096122409429,1.783673891676636,1.2325513981490206,0.9307275293358893,0.5895136331849412,0.22451031344024347,0,4.7564637111376955,0.045,0.525,0.29274648535454223
353,0.29637225689827407,0.3232529537433415,4.19447950523398,1.780511885652626,1.2339361557476205,0.9320480204987219,0.5898443439122477,0.22498010768435506,0,4.74803169507367,0.044,0.52,0.2865207641154067
354,0.30003442946403586,0.3234402845206732,4.195475760793809,1.7859811738887952,1.2348991188697864,0.9323663403569913,0.5895250933344441,0.2245268321856951,0,4.762616463703454,0.045,0.525,0.2927363364443194
355,0.299579422881351,0.3233568989936103,4.197861710172066,1.7871103613121189,1.235550440450823,0.9344544326179569,0.5909047829013216,0.22618829612957447,0,4.765627630165651,0.045,0.525,0.2927260135836286
356,0.3011072807989499,0.3233850708615391,4.200351503270452,1.7879119480755115,1.2374707653771595,0.9339779701740016,0.5916040830886975,0.22549603947030264,0,4.767765194868031,0.045,0.525,0.29273469256978973
357,0.29966343171965987,0.3232710085919426,4.204170893871122,1.7866695378008317,1.2380569966714325,0.9340109535101189,0.5922528528688858,0.22544661484694478,0,4.764452100802218,0.045,0.522,0.2912999124526714
358,0.2987030758902383,0.32345762397530753,4.205201993984532,1.7919664275978824,1.2387188872829031,0.9333857386059772,0.5920521177880865,0.22540563492272175,0,4.77857714026102,0.045,0.525,0.29260433866554436
359,0.29930980317773986,0.3235305921438797,4.20691251026645,1.7947386514357635,1.2400616838341727,0.9344469536882924,0.5915980236059474,0.2250848755459225,0,4.785969737162036,0.045,0.526,0.2940980902012004
360,0.29596310854617724,0.3235110665573746,4.2095560622355555,1.79614129398221,1.2411434166866664,0.9355900785600422,0.5923903346040948,0.22470303939304737,0,4.789710117285893,0.045,0.526,0.2940754165254956
361,0.2983730137059608,0.32331723133436163,4.213105356724182,1.7945341479942505,1.241704461035506,0.9374767335848423,0.5922171027327248,0.22498935827804434,0,4.785424394651335,0.045,0.525,0.29264662111428574
362,0.29854784774037263,0.32311553663951315,4.218124667899868,1.7915163387232322,1.241507240865128,0.9370712983471154,0.5912553033957919,0.22426933228153015,0,4.777376903261953,0.043,0.522,0.2880841003234415
363,0.29577935840158287,0.3230587259306626,4.220781918302584,1.792529581702927,1.2415644606955425,0.9383204480975508,0.592099476098158,0.22374543855242426,0,4.780078884541139,0.043,0.521,0.28646302795921075
364,0.3014785516360211,0.3229530250246815,4.223745959932347,1.7921070251705569,1.2422589615570054,0.9393222285452368,0.5933836129934018,0.2226281248549784,0,4.778952067121485,0.043,0.52,0.28657635224025246
365,0.297498906821841,0.3228520719614381,4.226812061424828,1.7924407550633816,1.242315758406156,0.9399169550685018,0.59308524307517,0.2241596589190077,0,4.779842013502351,0.043,0.52,0.28664861247534773
366,0.301742762407251,0.3228051659514879,4.229655089682512,1.7930439579686897,1.2422954578849863,0.9405527190615147,0.5936482669262653,0.22281435822628706,0,4.781450554583173,0.043,0.52,0.2866969822335606
367,0.29950629793572875,0.3228343632707649,4.232196468029353,1.7950146943460379,1.2423062011334638,0.9401098960953885,0.5947598651380005,0.2222026151597406,0,4.786705851589434,0.043,0.521,0.28664792199871286
368,0.30188213702353794,0.3228336562539234,4.234809076204767,1.7968079854350136,1.241603599616242,0.9404634409043677,0.594433665080086,0.22110261348245125,0,4.791487961160036,0.042,0.523,0.2866166946216542
369,0.3004449693717275,0.32283159730247096,4.238633783300389,1.797291970664396,1.2412275309089849,0.9382173988650354,0.5931164044352284,0.22040151820446638,0,4.792778588438389,0.042,0.521,0.28505563827323405
370,0.303093870386135,0.3228808560027785,4.240752491377712,1.8000306522190261,1.2405427659752857,0.9379199067608058,0.5937637755150524,0.22068108097611563,0,4.800081739250737,0.042,0.525,0.28987781379798916
371,0.29761814235850265,0.3228793451352857,4.24302387714954,1.8019127686142173,1.2417578433724752,0.9382229085477175,0.5933732994002314,0.2228746646299315,0,4.80510071630458,0.042,0.527,0.29145012287739414
372,0.29981738402322844,0.3225813571966695,4.2468466131647595,1.7982088600666255,1.2426673132236694,0.9406999414571956,0.5935144048177716,0.22254960287257328,0,4.795223626844335,0.042,0.52,0.28523190456596514
373,0.29563593512188646,0.32255165893875587,4.249782693706813,1.7994078694872686,1.2421041933559067,0.9406689308992747,0.5949281640082801,0.22156595594402506,0,4.798420985299383,0.042,0.52,0.28525070234105915
374,0.2986142580100319,0.32264154449268767,4.251072915827198,1.8029931032900932,1.2423623094115455,0.9422719858024162,0.596133775974684,0.22044542495706296,0,4.807981608773582,0.042,0.523,0.2867065096245967
375,0.29870615440405,0.3226977944876787,4.2529604477061715,1.8062109029296958,1.241954830744138,0.9426988486431995,0.5960353541492116,0.22040162976392777,0,4.816562407812522,0.042,0.525,0.288191940292403
376,0.29810588545491723,0.3228569176660572,4.254143577586569,1.8104671939616166,1.242995961513328,0.9419105558799553,0.5965148039653868,0.22085239450736688,0,4.827912517230978,0.043,0.526,0.29120984462211447
377,0.2984941713545408,0.3228028692461571,4.256962500942727,1.8106069706453631,1.2441748993170214,0.9417100105198377,0.5961931686040992,0.2223349753749716,0,4.828285255054301,0.042,0.527,0.2912791772541737
378,0.29921195900338904,0.32277201584092774,4.259749077610448,1.8108892777667254,1.2448044151631568,0.9419367463023918,0.5973465705086236,0.22083648915587387,0,4.829038074044601,0.042,0.527,0.2913427752802807
379,0.29769268295287554,0.32298931216261273,4.260818286196903,1.8163348647065731,1.2438174181828385,0.9417613081988425,0.5985983902698986,0.22080180621461235,0,4.843559639217529,0.044,0.527,0.29265520874545564
380,0.2975380040943397,0.3227128284293602,4.265216966633762,1.8125701391313427,1.2454930619394122,0.942188472548033,0.5979070685687644,0.22067422242635223,0,4.833520371016914,0.042,0.527,0.29139640516273385
381,0.2955503560647625,0.322835457012152,4.266743841782303,1.8158997619279909,1.2468616355623672,0.9420403802197913,0.5978106703119098,0.22136507138399067,0,4.842399365141309,0.042,0.527,0.29120899061063754
382,0.2978739849216947,0.3228943181129118,4.268360774979389,1.8183641452266257,1.2480334328321931,0.9432652733506199,0.5990791698036256,0.22147186179480222,0,4.848971053937668,0.044,0.525,0.2910819852455532
383,0.2974570318208778,0.3231279228112489,4.269799625698032,1.8229247948636258,1.248221726299418,0.9420780685888293,0.5999415744773736,0.2214863238391127,0,4.861132786303002,0.044,0.53,0.2973878879209431
384,0.29494288869523216,0.32300175923530006,4.272998923612687,1.8225761089142036,1.2482180629001267,0.9432234065457362,0.6005286335160973,0.22059591692379588,0,4.860202957104543,0.044,0.53,0.2975126063596631
385,0.2978743230244774,0.3227876283602871,4.276970545187601,1.8201645234430115,1.2491793458126226,0.9425450195031404,0.6007913579236179,0.22093426648392264,0,4.853772062514698,0.042,0.527,0.29122577661876087
386,0.2975523198941532,0.32283940845195325,4.2796092124878005,1.8219787070350923,1.249398946369268,0.9419584949934042,0.6004724138619668,0.22088691862083631,0,4.858609885426913,0.042,0.528,0.2911867685315459
387,0.2981422449674247,0.32265830101981097,4.2828076440906555,1.8209074233686524,1.249695430193087,0.9427914896859632,0.6007100944055971,0.22175427347054416,0,4.855753128983073,0.042,0.527,0.29135492331906376
388,0.29601508995693876,0.32249183369127127,4.286319824935509,1.8200857154865473,1.2491959935201378,0.943824634790518,0.60141896060715,0.22145026110973942,0,4.853561907964126,0.042,0.526,0.28986490947412685
389,0.29609856957044217,0.3223480702037719,4.289545313962586,1.818751380238346,1.249685603840499,0.9439563686978822,0.6030839722975406,0.22229972809193257,0,4.850003680635589,0.042,0.524,0.2884155028934236
390,0.2989602337361207,0.32250545744041026,4.2908615676480615,1.8229144539922064,1.2501246195835687,0.943701992156796,0.6029918664994018,0.2217724932775352,0,4.861105210645884,0.042,0.526,0.2898116073700371
391,0.2939671312555701,0.32238684698646214,4.294368635883491,1.8223817168793288,1.2497269040701513,0.9439094111944668,0.6027780392981802,0.22126002391224586,0,4.8596845783448765,0.042,0.526,0.2899596467971172
392,0.30071191404649095,0.32207305409304965,4.298639631516816,1.818240641833867,1.250355200911573,0.9447914752802213,0.6046342217988462,0.22186158072976805,0,4.848641711556978,0.041,0.521,0.28382522105550234
393,0.2955092784087607,0.3222380376287567,4.299472254636819,1.823241256496754,1.250588015304538,0.9452391970824948,0.6057435027861898,0.22312412671774168,0,4.861976683991344,0.042,0.524,0.28841774765829004
394,0.2984075091029114,0.32235019424583733,4.300899351551962,1.8265527289162797,1.2508419876044181,0.9454442016474329,0.6065161603659772,0.2219883274668614,0,4.870807277110079,0.042,0.526,0.28987546418793114
395,0.2945006427706043,0.3223773745846515,4.302982593736841,1.8280694761409153,1.252012901597766,0.9455944896558706,0.607268246726474,0.2222020448248849,0,4.874851936375774,0.042,0.526,0.2898292717276253
396,0.29313873544844987,0.32234783659469124,4.305511127825068,1.8292621716248145,1.2520425453674815,0.9457444818877928,0.6071008973321997,0.22308325591272365,0,4.878032457666172,0.042,0.526,0.2898284645952739
397,0.2996923807137477,0.3224460930464554,4.306770875009329,1.8320837396929646,1.2526698922988149,0.9467702134125361,0.6078524924848558,0.22309976741192147,0,4.885556639181239,0.042,0.527,0.291331147427148
398,0.29732607055971755,0.3224041240403066,4.309332269812177,1.8329712453496096,1.2524948769427686,0.9476222465724453,0.6076525399699519,0.22242014124059167,0,4.887923320932292,0.042,0.527,0.29135207838240734
399,0.2969725010281642,0.3223078011912809,4.312117931325004,1.8327876875642863,1.2531203993073752,0.9474645852141571,0.6085217395272458,0.2231985618813847,0,4.887433833504764,0.042,0.526,0.28978836140083397
400,0.29915633224464055,0.3221197705079146,4.3161676172474595,1.8313353480350836,1.2519694848340936,0.9461571343366809,0.608873232842806,0.22473412552196306,0,4.883560928093556,0.042,0.526,0.2900233340358212
401,0.29868407786495615,0.32221326029581177,4.317761465715472,1.833777357625647,1.2532078451201798,0.946097756270283,0.6100903467585005,0.2245109590657388,0,4.890072953668392,0.042,0.526,0.2899010908628902
402,0.2958208241062417,0.3221573913428691,4.320567983340505,1.8338209605341331,1.253970186682381,0.9464668485768918,0.6103746875998581,0.22367311198378748,0,4.890189228091022,0.042,0.526,0.28997772749615264
403,0.3004482517702477,0.32218672668636317,4.322824959206083,1.8353304392065501,1.254395152111119,0.9462045994343659,0.6096881591761178,0.22356141935013643,0,4.8942145045508,0.042,0.526,0.28994448602598294
404,0.2960359270850048,0.3219680642138057,4.3262391184506646,1.8324234775735366,1.256495687011664,0.948273365922954,0.6087283676313877,0.22376452090894852,0,4.886462606862764,0.042,0.522,0.2869452260074072
405,0.29434622085861134,0.3221832109854561,4.3273164518691765,1.83712491664729,1.2572217447039424,0.9473653979338559,0.609391952654897,0.22330702306088723,0,4.8989997777261065,0.042,0.526,0.28993723745455247
406,0.29814715696195804,0.32196200717337103,4.331529432201348,1.834451292054398,1.257065501958145,0.9467202113937293,0.6094477836751434,0.2239432290144913,0,4.891870112145061,0.041,0.523,0.2869773892014189
407,0.2969258865387251,0.321904101180225,4.333952913105866,1.8346978204285995,1.2579409542984457,0.9472638362763061,0.6088982292511297,0.2238651487445053,0,4.892527521142932,0.041,0.522,0.285405008290286
408,0.30108872033473455,0.32200237001570553,4.33519778709208,1.837725732248631,1.2582009013240523,0.9482192494721907,0.6083605006314877,0.2238468121083701,0,4.900601952663016,0.042,0.525,0.29013001188681564
409,0.29533436628737253,0.3220874344321778,4.336682206104969,1.8406849624078268,1.2584275359723867,0.9486879836312547,0.609241845093453,0.22336039303243438,0,4.908493233087538,0.042,0.526,0.28997897596683303
410,0.30154697663790864,0.3218330610740368,4.340160222319542,1.8384918088697653,1.2573331741506302,0.9499355092207882,0.6087360050239488,0.22475188879663768,0,4.902644823652707,0.042,0.523,0.2869650925783418
411,0.29860253835241496,0.32192849900244813,4.341790484030116,1.8416835113661527,1.2569974035894542,0.9499621439750502,0.6094614669869278,0.22381390330745346,0,4.911156030309741,0.042,0.526,0.29008139262027244
412,0.2974071011520379,0.321914272143818,4.3440902138419295,1.8433218558790176,1.2570112841708845,0.9504423355746142,0.6091122752925705,0.2248170666149279,0,4.915524949010714,0.042,0.526,0.29004346826728433
413,0.29624258269158443,0.3215807197044861,4.348598835965208,1.8384456804683673,1.257754269677354,0.950551044177967,0.6106680721604181,0.224221046514826,0,4.902521814582313,0.041,0.522,0.28560466747144975
414,0.3003496235597265,0.3221406528543617,4.347300823647087,1.848920422483547,1.2568887749190822,0.951107332827608,0.6107498181544516,0.22434646024192145,0,4.930454459956125,0.042,0.527,0.2897756548052421
415,0.29746207039862094,0.3218982259120282,4.35054427679858,1.8470684917924522,1.2576641841486553,0.9521365964385882,0.6117117364228544,0.22451585349245362,0,4.925515978113206,0.042,0.526,0.28998866060745404
416,0.2960422995840681,0.32188077910780655,4.3530876996314065,1.8480889154621798,1.2577169211076087,0.9522486500925489,0.6109084868745758,0.22457177295208494,0,4.928237107899146,0.042,0.526,0.28999889283324815
417,0.29761929261898445,0.3217740922255379,4.356106768223133,1.847733646733378,1.257237156253435,0.9517763574551784,0.6122899195283482,0.22492036544558922,0,4.927289724622342,0.042,0.526,0.2901206658262614
418,0.29457797588498275,0.321638999720071,4.359264988530724,1.8460745113676642,1.2589796154878645,0.9520620089699693,0.6137113556857136,0.22433747084356184,0,4.922865363647104,0.042,0.525,0.2886751108904639
419,0.29560749440084344,0.3218620739970267,4.360554504885272,1.8512283914013432,1.257665909134001,0.9510965649256313,0.6147789215320644,0.22519871761155905,0,4.936609043736915,0.042,0.527,0.29002725694541465
420,0.294016004323759,0.32164690727634154,4.364364683091848,1.8484419612298677,1.2597528013763988,0.9505233539745797,0.6138043367259893,0.22590282441505163,0,4.929178563279647,0.041,0.526,0.2903093976841442
421,0.29766049708105746,0.3217220985396096,4.365846932383212,1.8511333305507032,1.259828288560043,0.9507414985465484,0.6143896606250084,0.22688698173680769,0,4.936355548135208,0.042,0.526,0.29017670115271926
422,0.29729807432287597,0.32176956561181047,4.367665039579131,1.8528095429236082,1.2608723320502793,0.9511891987073812,0.6152994768504112,0.22650020844391436,0,4.940825447796288,0.042,0.527,0.2901133137767114
423,0.29982824579784917,0.32153903571076675,4.371234747683066,1.8496118538651358,1.2623275560990825,0.9511485727571907,0.6151198580020055,0.22526500229308585,0,4.932298276973696,0.041,0.522,0.2855295825387182
424,0.29802593393987303,0.3216474593057984,4.372493070130763,1.8524631500423308,1.262497090118547,0.9518636773988289,0.6153422931962392,0.22538640210949934,0,4.939901733446216,0.041,0.526,0.2902688651784865
425,0.2968651073258106,0.32164093961350404,4.374469105270999,1.8535542749590284,1.262974919494966,0.9528804743888494,0.6160048027225252,0.2249244911147662,0,4.942811399890743,0.042,0.526,0.2902509173698682
426,0.2974444296397483,0.3217653869418882,4.375973238210098,1.8564965055420366,1.2638214077557028,0.9532988278662695,0.6147990918526588,0.2246181873047473,0,4.950657348112098,0.042,0.527,0.29009649078830807
427,0.2986790215706456,0.32175599198798877,4.378166629534529,1.8573598769535737,1.2643495008452068,0.9537832604560229,0.614395979734446,0.22416021127494926,0,4.952959671876196,0.042,0.527,0.2901014063350756
428,0.29465671255187886,0.3216218602240166,4.381312397728595,1.8560280364755528,1.2652987117720116,0.9536862271312129,0.6140817556643774,0.22305115358906302,0,4.949408097268141,0.04,0.527,0.2902803981979346
429,0.2949528341355406,0.32158532467786427,4.383635414611159,1.8567741826660284,1.2657363802461414,0.954493104678987,0.6141279489832121,0.22286555668580804,0,4.951397820442742,0.04,0.527,0.2902973698436103
430,0.29444982750038196,0.32140919158230713,4.38651779187616,1.8552818375895717,1.2661652204812508,0.955621267287353,0.6160999584360431,0.22220849745430213,0,4.947418233572191,0.04,0.524,0.28720922410992966
431,0.2962513254325951,0.3214770391694712,4.388001401136057,1.857612915409208,1.2669863739670602,0.9560864136340901,0.6171210417370325,0.2232175235203723,0,4.953634441091221,0.04,0.526,0.2887278645271106
432,0.29730105189453077,0.3216461928549387,4.3889195354461235,1.8609633923675417,1.268430123262431,0.9566602108129131,0.6175227149612772,0.22382337515357487,0,4.962569046313445,0.042,0.526,0.2901547171651976
433,0.2944328731470916,0.3217549779437341,4.390475351823547,1.8636674374017765,1.2685912077868358,0.9569197771788889,0.6188557425052712,0.22329979673439213,0,4.969779833071404,0.042,0.527,0.2900253071610881
434,0.30158343591206127,0.32186043794498126,4.392074492543469,1.8659468038805045,1.2683408140344226,0.9577782812726403,0.6191542220494822,0.22030607030875424,0,4.975858143681346,0.041,0.529,0.29156051178977616
435,0.29469211474313256,0.3220229915338997,4.393246756202945,1.8695971775164675,1.2681449332524626,0.9580198573888309,0.6192290871591409,0.2214562333801757,0,4.985592473377246,0.042,0.529,0.293003227154826
436,0.2965461871905154,0.3218066156981617,4.396299078596255,1.8685116331971763,1.2684465620199976,0.9593842732250624,0.6183735088818904,0.22245904600812996,0,4.982697688525803,0.041,0.528,0.2898845860961488
437,0.29862805252172636,0.3217211055501202,4.399235232378841,1.868521065440691,1.2676273187069387,0.9592032390890296,0.6182290427615023,0.2217616967785697,0,4.982722841175176,0.041,0.528,0.28998074335194285
438,0.29688908347437215,0.3218080498926839,4.400961288164494,1.8707348039084915,1.267636897523535,0.9592880411103171,0.6187630178835231,0.22168228135981197,0,4.988626143755977,0.041,0.529,0.2915235498498593
439,0.2981742935675704,0.321685429858042,4.4033101407023585,1.87015776038031,1.2687013553727584,0.9608435768257714,0.6194377041366786,0.22062651277896553,0,4.98708736101416,0.041,0.528,0.2899865034419956
440,0.29777166597069366,0.32154430361399067,4.406286523876591,1.8691010407190534,1.2687754341572561,0.9607267390792041,0.6203358880992466,0.22078269654528543,0,4.984269441917475,0.041,0.527,0.29014513465134445
441,0.2984616686960766,0.3214718836617441,4.408783656037024,1.8692868584024234,1.2689374236639601,0.9605760493968107,0.6201892630684087,0.22180438878316525,0,4.984764955739796,0.041,0.527,0.29020754907891005
442,0.2933924388139215,0.32152376726908827,4.410401491740604,1.8711130021683158,1.2697357237228928,0.9608214679205083,0.6202396080894585,0.22230590983237145,0,4.989634672448842,0.041,0.528,0.2901311805484982
443,0.2962957636626769,0.3217315559299998,4.411422321557374,1.8747513054557212,1.2701018437632356,0.9609279848887528,0.6206147029404994,0.22135089548270906,0,4.99933681454859,0.041,0.529,0.2915574379596435
444,0.2998460939106955,0.3213771520854738,4.415008149411158,1.8703319897450221,1.2714998336277656,0.9616073369027183,0.6209162895174754,0.22158280636185318,0,4.987551972653392,0.041,0.526,0.28866924576169734
445,0.2997497679490093,0.3215092228544568,4.415930698068685,1.873245836053922,1.2724242920589708,0.9624883653934833,0.619894408263405,0.22110549105707916,0,4.995322229477125,0.041,0.528,0.29013380336205613
446,0.2974281245331288,0.32128685492528,4.419267086483344,1.8712456886709625,1.2721973686746102,0.9623197714507352,0.6200644365851883,0.22179369621937284,0,4.989988503122567,0.04,0.527,0.28873367817906165
447,0.29496840137119157,0.32113868313395366,4.422288217869594,1.8699423728850166,1.2728363546337784,0.9623669325542383,0.6200841685447651,0.22068420151920531,0,4.986512994360044,0.039,0.526,0.2889103179193268
448,0.2933316180255275,0.32116746780050615,4.424344886491176,1.8713401455659204,1.2727649011375026,0.962435941411816,0.6211290678198516,0.21999061025228536,0,4.9902403881757875,0.039,0.527,0.2888814559692638
449,0.29387950337193536,0.3210519049034132,4.4270854300524185,1.8706232149191742,1.2731789723345692,0.9622985327081436,0.6224406627469843,0.22007725459974434,0,4.988328573117798,0.039,0.525,0.28738740036072286
450,0.29732751323661566,0.32102298831933507,4.4293886264378015,1.8715817694349077,1.2731152182476444,0.9627220712474011,0.6205070215340828,0.2204752273838715,0,4.990884718493088,0.039,0.526,0.2890189777485426
451,0.29793947201315935,0.3210282753749442,4.4311179397813705,1.8727164309023192,1.2737368754899066,0.9638284427876974,0.6219657629846083,0.21991554596956184,0,4.993910482406185,0.039,0.527,0.28898814368583314
452,0.29471945479209904,0.32115952388795366,4.432377439083443,1.8760279432802942,1.273865421834236,0.9640226179663609,0.6211808729671839,0.22138894528981362,0,5.0027411820807846,0.04,0.527,0.28880545944344055
453,0.2960865936657213,0.32112187341084697,4.4346383393238105,1.8769836611313357,1.2733066416357621,0.9647920764103364,0.6210010026250209,0.2213709193165996,0,5.005289763016895,0.04,0.527,0.28881368927449014
454,0.2914343629543096,0.321110722512151,4.436735874521226,1.8774617615987876,1.2755714200223027,0.9646517119837751,0.6198467240816005,0.22221304084389837,0,5.006564697596767,0.04,0.527,0.2888310717362569
455,0.29657354381063494,0.3211276064126137,4.439093220240883,1.87847547098863,1.2753405652486596,0.9644701115179817,0.6205794830792972,0.22059952783599812,0,5.009267922636346,0.039,0.528,0.2888396230867797
456,0.29930294011976905,0.32113340387970984,4.4411932966181595,1.87889671318688,1.2769257603836888,0.9636102839974403,0.6188669014392068,0.22064740300739405,0,5.010391235165013,0.039,0.527,0.29050337692720296
457,0.2974915756513343,0.32113041873446446,4.44320945134303,1.8797701004493943,1.2774666922190212,0.9636349123478537,0.6184078630523909,0.22066026842673742,0,5.012720267865052,0.039,0.527,0.29050390242480695
458,0.29594810223598284,0.3210970153756452,4.445250117971917,1.8801587397715473,1.2788027565990452,0.9636147254841751,0.619747632302067,0.22152898800072365,0,5.013756639390793,0.039,0.527,0.29053112793416147
459,0.2968796491638158,0.32113520746415464,4.44692652058429,1.881536307154807,1.279646294573541,0.9639965150447419,0.6200453116376277,0.22117920790284523,0,5.017430152412818,0.039,0.527,0.290483880738042
460,0.29364969388467116,0.3213293617131111,4.447675132779724,1.8854500518756854,1.280035332069436,0.9648896398797308,0.6194482340802989,0.2215557988846328,0,5.027866805001827,0.039,0.53,0.2902401576025547
461,0.2950720814902869,0.3216060715218908,4.448528837328046,1.8893801335400833,1.2812005003505162,0.9644680522802156,0.6195399447908824,0.22135330258859637,0,5.038347022773555,0.041,0.529,0.2916313213972755
462,0.29519568374789606,0.32140223380737887,4.451118345677871,1.8880940294054427,1.2816958356061836,0.9650264031511809,0.6211136265265857,0.22235158405646296,0,5.0349174117478475,0.039,0.53,0.29015783630829983
463,0.2963092003224916,0.3213957957039757,4.4530037538057865,1.8889308099714712,1.2823452510894358,0.965573213296716,0.6204178882025341,0.22224714180676247,0,5.03714882659059,0.04,0.529,0.2901542778194106
464,0.2942298413188804,0.3216887183016579,4.453835395270808,1.8937620459942466,1.2821507518542818,0.965198982748914,0.6203101419055931,0.2228834228633682,0,5.0500321226513245,0.041,0.53,0.2931437482811119
465,0.2973619908118031,0.32130640164345264,4.457893246338959,1.8897245080648528,1.2828291614353653,0.9646734918800055,0.6202875191681106,0.22277630971197784,0,5.039265354839608,0.039,0.529,0.29025342793437753
466,0.2946083498237182,0.32146877656009293,4.459362941665064,1.8923453837212332,1.2834765896479445,0.9643320517219734,0.6200880983291633,0.22244362789234684,0,5.046254356589955,0.039,0.531,0.2917549117347957
467,0.29517044315828117,0.3215649360690793,4.460823666415047,1.8944988989551252,1.2838746188699925,0.9648265969427549,0.6199151815827074,0.22253555720596513,0,5.051997063880334,0.039,0.531,0.2916518235487966
468,0.2959938357286364,0.3216708010046226,4.462017611834659,1.8968028717935974,1.2846686802262466,0.9654941663288051,0.6205860119907755,0.22248869104920216,0,5.058140991449593,0.041,0.53,0.2931721804656105
469,0.2929851101733992,0.32162293452580404,4.463915090081306,1.897464957200832,1.2854455107886995,0.966630735736861,0.6216077543844445,0.22302775930348695,0,5.059906552535552,0.041,0.53,0.2931789498380063
470,0.2918273976920849,0.3215534400162107,4.466735317449272,1.897374568554266,1.2854740298324174,0.9656826053966492,0.6212067845221564,0.22352874250202026,0,5.059665516144709,0.039,0.532,0.29327307597052804
471,0.29500481341585577,0.3211648258724141,4.470425946822407,1.8941797803765537,1.2850266125181102,0.9667837921019875,0.6232122003301286,0.22289250101613528,0,5.051146081004143,0.039,0.529,0.2903229791246787
472,0.2963656949756161,0.3210286883216023,4.4730794665218925,1.8935710987373207,1.2848770241426568,0.9676643295525112,0.6223477680650515,0.22222465186589113,0,5.049522929966188,0.039,0.528,0.2904441005112881
473,0.3013505506718979,0.3214545724663805,4.472965771156221,1.8991872586654126,1.2851669538724626,0.966696526270459,0.6222787151969826,0.2223981826122452,0,5.0644993564411,0.039,0.531,0.2917022091417945
474,0.2952560577043305,0.32144615446343683,4.475025480619221,1.8995735481190654,1.2860883769440312,0.966319062673747,0.6231972984552011,0.22136264880904974,0,5.065529461650841,0.039,0.531,0.291735054890597
475,0.29635248893334615,0.3211643571517325,4.478683992325772,1.8972014976763185,1.2854406566866912,0.9656852250625917,0.6238954573347865,0.22113405152931756,0,5.059203993803516,0.039,0.528,0.29037963337288974
476,0.2951590147725988,0.32083517425076236,4.482086365756925,1.893595579161602,1.2866027900783765,0.9666849217230349,0.6246163326827934,0.22125364329688588,0,5.049588211097605,0.039,0.527,0.29071100315499554
477,0.2934547148889677,0.3207364486506477,4.484450432720346,1.893621767646098,1.2865167150447787,0.9676760266913702,0.6243969388402651,0.22181825720050813,0,5.049658047056261,0.039,0.525,0.28750722084412855
478,0.2932795307763327,0.3207504250394662,4.486252832961886,1.8951463018355634,1.2864623340486876,0.9680308314799235,0.6250433590543268,0.22249660712201108,0,5.0537234715615025,0.039,0.527,0.29073308885232074
479,0.299937215058254,0.32133309215212197,4.485867778862289,1.902949354109158,1.286225285909832,0.9660978140625702,0.6254086427541014,0.22079140818265522,0,5.074531610957755,0.039,0.531,0.2918473606540485
480,0.294379377239091,0.3209944584960064,4.489129282545946,1.8999538283440944,1.28681286286685,0.9671125241538675,0.625856752910676,0.22060643047509165,0,5.066543542250918,0.039,0.528,0.29050513951058954
481,0.2955080272744862,0.321063354709272,4.4906484999943626,1.9014960321179977,1.2874984841090749,0.9670053101990862,0.6259692609184808,0.22064904146749018,0,5.070656085647994,0.039,0.528,0.2904453691150115
482,0.2967079025116781,0.32106173820892026,4.492528088212642,1.9029657844000252,1.2867606218552425,0.9684749688954606,0.6257855024268693,0.2204356265155567,0,5.074575425066734,0.039,0.529,0.29040688950151045
483,0.29586532456734416,0.32106093316655,4.4946545691429645,1.9042750134630917,1.2860261240204416,0.9685183274082849,0.6261405608124722,0.22116423493222373,0,5.078066702568244,0.039,0.529,0.29039110011390407
484,0.2948797035752467,0.3211959284877334,4.496042972573293,1.9066790107418705,1.28620085422328,0.9681628309463537,0.6259617428952453,0.22126888486067622,0,5.084477361978322,0.039,0.53,0.29190868613700727
485,0.2982129679624163,0.32100745654705787,4.49874610280528,1.9053401396628502,1.2866783167246307,0.9687384417760947,0.6255465779557982,0.2209012076403764,0,5.080907039100934,0.039,0.529,0.290441523678147
486,0.29410846509349425,0.32085151870742035,4.501297662851092,1.9044435683117207,1.287398646871167,0.9689147731612394,0.6262151425572319,0.22137444949378132,0,5.078516182164589,0.039,0.528,0.2905730253926659
487,0.29330539998341726,0.32092137560967504,4.502663218971943,1.9060950559266505,1.2879893703824747,0.9688785944846166,0.6270568223783647,0.2219255776287473,0,5.082920149137735,0.039,0.529,0.2905017293264204
488,0.2939664526152266,0.3206979800109676,4.505738511313974,1.9042084142760944,1.287544259018672,0.9692747345699637,0.6287752598565782,0.22139509295945384,0,5.0778891047362515,0.039,0.527,0.28905068957550245
489,0.2927074166049725,0.32055260946666314,4.508605149533342,1.9029455681674892,1.2876470363375525,0.968682246252903,0.6299108118580261,0.2219044850890959,0,5.074521515113305,0.039,0.525,0.28758686693542124
490,0.2935747186081979,0.32079465968934406,4.508991111436549,1.907943937597409,1.2881374057220392,0.9699174858155878,0.6275431274294536,0.223110623725402,0,5.087850500259758,0.039,0.528,0.29056946356160007
491,0.2944507882113288,0.3207707455119899,4.510878154495475,1.908146647031192,1.2899358349454944,0.969760028769952,0.627486225096211,0.22322447574964824,0,5.0883910587498455,0.039,0.528,0.2906013181310929
492,0.29577358745340254,0.32103189337484417,4.511756562839328,1.9118762357286052,1.2900526117481914,0.9693536547358748,0.6279178438840974,0.22300457225739123,0,5.098336628609614,0.039,0.53,0.29201747799142486
493,0.2924434232585198,0.3211550910332893,4.513215949149334,1.914250697893099,1.2894931419293296,0.9688582175503836,0.6294773940245898,0.22290263741892624,0,5.104668527714931,0.039,0.53,0.29191091411879777
494,0.29367402963892597,0.3207567439305026,4.516334193644269,1.9105429906383062,1.2905161075666125,0.9702454042509535,0.6304201224028216,0.2228463644951877,0,5.094781308368817,0.039,0.527,0.2889336458538486
495,0.294819948046378,0.3207046632411448,4.518827341362971,1.9107128241879237,1.2903729899389904,0.9696460471969933,0.6306580089845208,0.22238159908907223,0,5.095234197834463,0.039,0.527,0.2890015395120957
496,0.29483181052451324,0.3206257270181732,4.521753319237994,1.9105372862537358,1.2902031555783717,0.9691385030564627,0.6300491452827576,0.22139113980957376,0,5.094766096676628,0.039,0.527,0.28910518821815656
497,0.29537100719176035,0.3206922888729497,4.523139398409783,1.9124549105496127,1.2902282565468766,0.96948408814939,0.6299619852220024,0.22178169966603195,0,5.099879761465634,0.039,0.527,0.28902066678419536
498,0.2921534411512979,0.32061198030608445,4.5250569320064935,1.9125963491551943,1.2903402894765172,0.9709148311205175,0.6304014170151903,0.22161040778562763,0,5.100256931080518,0.039,0.527,0.2890642579737767
499,0.2993774133021812,0.3202961824888755,4.528213662054139,1.9086776717803846,1.290669060922346,0.9723181974530297,0.632086389502513,0.22060509242197598,0,5.089807124747693,0.039,0.521,0.28451096490857036
500,0.29223734097491316,0.3203804263636736,4.529548607271863,1.9114879740476287,1.2899737920096714,0.9732590994581923,0.6316767990294445,0.2210513878618837,0,5.09730126412701,0.039,0.524,0.2876324064465377
501,0.29397483221964626,0.3205191453901357,4.53094875273232,1.914796220412852,1.2891579755482054,0.9735386172031562,0.6313509345983824,0.2205718760740139,0,5.106123254434272,0.039,0.528,0.2890993950670492
502,0.29413431496764514,0.3205981794486955,4.532537937540169,1.9169128057396727,1.2888360433306965,0.9739532504859064,0.6314173937487816,0.22007865621583753,0,5.111767481972461,0.039,0.528,0.2890104396957877
503,0.29352729905380964,0.3205385438940564,4.534312220096591,1.9175518794928956,1.2887589180931953,0.9763304993139391,0.6310819435575962,0.21974597433626902,0,5.113471678647722,0.039,0.528,0.2890154566721427
504,0.2951360275903759,0.3204958341778118,4.53684233291578,1.917711999532221,1.2895700626866433,0.9754908835531476,0.6307009970666219,0.21970487432556432,0,5.1138986654192555,0.039,0.528,0.28907884063966777
505,0.2976811760897797,0.32034355900072586,4.5396419841910465,1.9168204659580974,1.2883378364442788,0.975305311467847,0.6312009315747035,0.21966279180258255,0,5.111521242554926,0.039,0.526,0.28759574521412473
506,0.2963327661960203,0.32008558244905994,4.542890113618367,1.9143261215064864,1.2882912381413003,0.9750510353584454,0.6335230909330788,0.22182895243223347,0,5.104869657350631,0.039,0.523,0.28623078683351705
507,0.29722128784829177,0.3203980137257056,4.542730883570172,1.9207834322953254,1.28647360338379,0.9772121797707645,0.6331523752637431,0.22201243235378584,0,5.1220891527875345,0.039,0.527,0.28743766797282133
508,0.29645287765663203,0.3201908278036213,4.545344287593004,1.9191218695535353,1.2872003894488204,0.9784503546575198,0.6329885362398868,0.2220996937169043,0,5.117658318809427,0.039,0.527,0.2876146982999508
509,0.29617091899096865,0.31998023081487437,4.548439560966675,1.9166832125149598,1.287045030191745,0.9792449336103788,0.6347104523601665,0.2211870225966366,0,5.111155233373226,0.039,0.523,0.28623870184601174
510,0.2942763781023645,0.31990036779837894,4.550768297257234,1.9167750156688872,1.2878524653093677,0.9797929254582423,0.6340129242250719,0.2227664967553717,0,5.111400041783699,0.039,0.521,0.2846575471605853
511,0.2974103724699166,0.3196204973674879,4.554728951252172,1.9138218113971994,1.2873654442659535,0.9790540421043837,0.6344259903361216,0.22348648540669228,0,5.103524830392532,0.039,0.519,0.2816730036648802
512,0.29944818124073813,0.31953906156415524,4.556952434922493,1.9136444948819116,1.2872113250183554,0.9787572713968882,0.6343394669539643,0.22408340012289496,0,5.1030519863517645,0.039,0.519,0.28175138185271026
513,0.29420622573915867,0.3196762984006973,4.558220379934123,1.9161463411412551,1.2877734585847433,0.978776760524588,0.6351083825880053,0.22301572510896878,0,5.10972357637668,0.039,0.519,0.2816265752927485
514,0.29306422033000407,0.3198113206785318,4.559140009066317,1.9197235012859855,1.2873776338585474,0.97942061338236,0.6351013529470234,0.2242223901270295,0,5.119262670095961,0.039,0.52,0.28306561017683146
515,0.2953190492052666,0.3195597186995359,4.562268133720566,1.9169818721428955,1.2884372862253763,0.9796020198885037,0.6354841642020028,0.2253574309016241,0,5.111951659047722,0.039,0.519,0.2816841146231819
516,0.29324653528986366,0.31967427528623465,4.563562956928368,1.9193141138630854,1.2892144034854363,0.9800239685401592,0.6353699797862762,0.22446947868454553,0,5.118170970301561,0.039,0.52,0.28320713993130225
517,0.29574731824450945,0.31965751282767385,4.5659488481423365,1.9201956241751594,1.2889630879128673,0.9793357802768967,0.6338003457618968,0.2250445628053348,0,5.120521664467092,0.039,0.52,0.28322606572556314
518,0.2931641638872382,0.3196577119869828,4.567935421237869,1.921767870735705,1.288464608673095,0.9787216469113487,0.6342517573666345,0.2268894621124591,0,5.12471432196188,0.039,0.52,0.2831892666664201
519,0.29629648355176597,0.3196567586700051,4.570401578991302,1.9229915542890812,1.28615042525072,0.9775011385183635,0.6346740999515892,0.22670635721677734,0,5.127977478104216,0.039,0.521,0.2832038053229801
520,0.29435380243040704,0.3197132853201453,4.571883687280609,1.9248435335701162,1.286549697338463,0.9778018851744329,0.6345626990884888,0.2268883841636094,0,5.13291608952031,0.039,0.521,0.28312620766542546
521,0.2968796168451942,0.319408656591319,4.575179718458889,1.920879196234614,1.2871088278160268,0.9784087376321433,0.6361053242144941,0.22709823034919704,0,5.122344523292304,0.039,0.52,0.28346709323758273
522,0.29312392244154517,0.31929953275964734,4.57789169850034,1.9198587952536337,1.2875515784475398,0.9787928895032991,0.6351492010865244,0.2262953335110538,0,5.11962345400969,0.039,0.519,0.2819676469005081
523,0.29457752428817363,0.31957578440041223,4.57835356964783,1.9251362288975127,1.2871674988187611,0.9786786796226915,0.6345961347801684,0.2256747105128123,0,5.133696610393367,0.039,0.521,0.2832909558595251
524,0.2963756701011412,0.31969496972303274,4.579663950427184,1.927688563631515,1.2870624417709133,0.9786501413004248,0.6354564796411966,0.22468482979301843,0,5.140502836350707,0.039,0.521,0.28316860148575806
525,0.29548394111898635,0.3198472868547615,4.580784607143826,1.9307625986148103,1.2877125328250913,0.9781855768622596,0.6346291530262912,0.2247554545903802,0,5.148700262972827,0.039,0.525,0.2862643819920678
526,0.2943680629072322,0.3196777817947075,4.583563964265126,1.929189754119999,1.2886435433806058,0.9785108244938241,0.634135361403084,0.22556296198418405,0,5.144506010986664,0.039,0.521,0.28317804519729983
527,0.2995708939024338,0.3195648126293196,4.586512593687392,1.9285421015323014,1.2867555146910248,0.9776573738160947,0.6348213785875143,0.22532058940119332,0,5.142778937419471,0.039,0.521,0.28332048118148023
528,0.29212677218828614,0.3194896721420864,4.588853699121386,1.9277914045360416,1.2881668130898225,0.9778645391807336,0.6349561686700709,0.22463873454259356,0,5.140777078762778,0.039,0.521,0.2834262310835992
529,0.29466325415437555,0.31948956143752705,4.590682608633071,1.9289954186677931,1.287678305987481,0.9783099049035902,0.6342825514770086,0.2249043589350533,0,5.143987783114115,0.039,0.521,0.28340568078437095
530,0.29477993822852006,0.3195962888296141,4.591696383450375,1.931453116323638,1.288015613835915,0.9783989734420372,0.6348513052480681,0.22480344269640623,0,5.150541643529701,0.039,0.521,0.2832774422911571
531,0.29577095586247854,0.31963349741193636,4.593422619794336,1.9334204740438483,1.2871643832932647,0.9779943368763813,0.6341031272225315,0.22649381665218293,0,5.155787930783595,0.039,0.523,0.284834382102202
532,0.29617427615258374,0.31951677147932506,4.595726524694174,1.931937750069517,1.2884332786102313,0.9782696281861121,0.634986153899535,0.22520877085623445,0,5.151834000185379,0.039,0.521,0.283361826330946
533,0.29428513205490625,0.31955427683903903,4.597688293209218,1.9335835480591184,1.2880463560978883,0.9780889310812583,0.6337676789197029,0.22535654470303196,0,5.156222794824315,0.039,0.522,0.2833189163866039
534,0.2942159565911685,0.3195329353022107,4.5998038376306445,1.9339682895536214,1.2882889278942773,0.9777049210095047,0.6335822734611717,0.22525135731698784,0,5.1572487721429905,0.039,0.522,0.28335601971621555
535,0.2964755153606677,0.3195839776594115,4.601112243992956,1.9355130815534316,1.2883225227772304,0.9781981106250459,0.6346445330018189,0.22479461348526875,0,5.161368217475817,0.039,0.523,0.28491878655587394
536,0.2968401242178154,0.3196663015881363,4.602384689847969,1.937530230590338,1.2884096218304864,0.9786243959360552,0.6348117278570243,0.2244191069303153,0,5.166747281574234,0.039,0.524,0.28646326840065434
537,0.2949836516759767,0.31962172299622105,4.604231344395406,1.937308662482964,1.2896754854317387,0.9787230378574483,0.6348709053743562,0.2240895238570882,0,5.166156433287904,0.039,0.523,0.28488573856664223
538,0.2951626475535908,0.3195391058481335,4.606654839108834,1.9367001082037445,1.2898899548805232,0.9791366637142961,0.6342710942458887,0.22272314015061473,0,5.164533621876652,0.039,0.523,0.28499272117411145
539,0.2958842697348746,0.3196092162852138,4.607871073474703,1.9385778279595496,1.2906312246069165,0.9801306722602425,0.6347031174299362,0.2224030086250014,0,5.169540874558799,0.039,0.524,0.28653846625459156
540,0.29862789993107136,0.3197560362525469,4.608667817651875,1.9415795411612191,1.2903715340849669,0.9798785379276852,0.635309819663154,0.2226841736062385,0,5.177545443096585,0.039,0.524,0.28637338796070977
541,0.29590206377276856,0.31967516430929516,4.6111115073075,1.9418196950245445,1.288972482391143,0.9795646049705111,0.6353683278134095,0.22388471156234116,0,5.1781858533987855,0.039,0.524,0.28643974178014314
542,0.29475293026744737,0.31981679758938475,4.6121963826146235,1.944828205999176,1.288722840035608,0.9793550954756947,0.6350826704172656,0.22503280719842333,0,5.186208549331136,0.039,0.525,0.28628251799873955
543,0.29410116989150725,0.3194666287336514,4.615697322467524,1.9407960961772242,1.2906284347341024,0.9804085378302867,0.6328821721779234,0.22588194887349147,0,5.175456256472597,0.039,0.523,0.28498808926698554
544,0.29590936262413003,0.31943481919021044,4.617543585295415,1.9413899779691273,1.290371135513971,0.9812860827226015,0.6327739337450197,0.22572791357049027,0,5.177039941251006,0.039,0.523,0.2850032729922987
545,0.29269885440386606,0.3195455225240446,4.618665135125308,1.943983228401938,1.290186594247307,0.9818344135691384,0.6332705005248562,0.2254369950538924,0,5.1839552757385015,0.039,0.524,0.28650873088753687
546,0.29441198307732186,0.3192746941095157,4.621965682244257,1.9414471614723412,1.2888543016494565,0.982827261155008,0.6337219490688774,0.2257643327606758,0,5.17719243059291,0.039,0.521,0.2835084147153853
547,0.2946644456068401,0.3192637179536973,4.623739732411813,1.9424843321509595,1.2880474159628168,0.9831781791594012,0.6339491533772523,0.22631544648681762,0,5.179958219069225,0.039,0.521,0.2834985019817967
548,0.2961629334639496,0.3193333310973442,4.62470056407954,1.9441905389955414,1.2891475730420523,0.9844496553823887,0.633858368923692,0.22537931781781795,0,5.184508103988111,0.039,0.523,0.28503226790990793
549,0.29006770608601296,0.319247751085343,4.626960059127566,1.9435638459620803,1.2895329748179984,0.9848838922970663,0.6339553195661624,0.2249217692017817,0,5.1828369225655475,0.039,0.521,0.2835092716858334
550,0.29462558161733327,0.3190508063024236,4.629770794720169,1.9415514308675101,1.2895541587639718,0.984780529392549,0.6347437849061206,0.2262036157329847,0,5.17747048231336,0.039,0.519,0.28042396229615874
551,0.29174281343618697,0.3190802275402024,4.631234678824149,1.942771098069252,1.2901894367014284,0.985124900860949,0.635480146031205,0.22613856175410654,0,5.1807229281846725,0.039,0.521,0.2836757924426186
552,0.29411948157236245,0.3190782117979154,4.632696465133145,1.943573364058717,1.2909648573144819,0.9858734789046761,0.6362669580932993,0.2261406912692766,0,5.182862304156578,0.039,0.521,0.2836599785388496
553,0.2965990606353322,0.31918084836120286,4.633863583615327,1.9458749410088612,1.2910912785748911,0.985536544082448,0.6365397735333655,0.22569155922648573,0,5.188999842690296,0.039,0.521,0.28355022059852913
554,0.29485085685025464,0.3191164113672274,4.635700458229441,1.9460784974073702,1.2912409638765383,0.9861356393337254,0.6366506538993466,0.22682478294319913,0,5.189542659752987,0.039,0.521,0.28358698100916147
555,0.2945687103680305,0.31924567341488125,4.637193557220365,1.9488405237092539,1.291035414226589,0.9854587242775275,0.6364079774175689,0.22651476160338263,0,5.196908063224677,0.039,0.523,0.28508530296994156
556,0.2949605512085968,0.3190461481135093,4.640436725610767,1.9464678123579802,1.2910429074798435,0.985198163984057,0.6369627724125876,0.2262030908755225,0,5.1905808329546135,0.039,0.521,0.2837031208508348
557,0.2940459030627046,0.3190837087388776,4.641747599627487,1.9478155916592048,1.2929695614904058,0.986141191492428,0.6353510920117971,0.22650912261503034,0,5.1941749110912125,0.039,0.521,0.28364184142788673
558,0.29532360933491536,0.3190250859240701,4.643916153212649,1.947103681638532,1.2944828398705577,0.9855764432884245,0.6359299465934966,0.22594545524212561,0,5.192276484369419,0.039,0.519,0.2804488217152104
559,0.29496077702957496,0.3188202253472506,4.646167701847296,1.9449725328382503,1.295651179562358,0.9875170801080555,0.636572846257059,0.22629937789258756,0,5.186593420902001,0.039,0.517,0.28062972547747417
560,0.29573022106496644,0.31913641689187044,4.646409839100433,1.9498381704232368,1.2966783168500289,0.9862043921812634,0.6364708852032925,0.2249146815817051,0,5.199568454461965,0.039,0.521,0.28362551821338877
561,0.2926839026890733,0.3191272342017687,4.64786390226799,1.9508077829536052,1.2965074514735457,0.9877530919585313,0.6365220066771811,0.22462973576773615,0,5.202154087876281,0.039,0.521,0.28360315052970764
562,0.29559909164805576,0.31896094857200397,4.650480267225347,1.9489726347359013,1.297560480624847,0.9880287651648864,0.6361795250793626,0.2247026596077332,0,5.197260359295737,0.039,0.518,0.28049211213907427
563,0.2964422273308933,0.3192378657179001,4.649895504742674,1.9543390632959543,1.2978833009733213,0.9895823013575413,0.6365730851754202,0.22458773465627652,0,5.211570835455878,0.039,0.522,0.2850503753711609
564,0.2920351335304443,0.31900909641718983,4.652931328686218,1.9514847637222879,1.2983975440673603,0.9899754329313782,0.6373922070863948,0.2246217667948351,0,5.203959369926101,0.039,0.519,0.28039471716850145
565,0.2911321764465609,0.31899775151785426,4.654753402433919,1.9521820858905812,1.2985090528009802,0.9896967698973731,0.6383777762436038,0.2252322197741205,0,5.205818895708217,0.039,0.519,0.28040334630593716
566,0.2935459202504529,0.31911903550104276,4.655880213550764,1.9548125919925443,1.2991046078884876,0.9893353461425541,0.6393587328138761,0.22524612001269143,0,5.2128335786467845,0.039,0.521,0.2835606416268829
567,0.2927633341631218,0.31905101959660187,4.658040570090542,1.9543266910553088,1.299371745863763,0.9903378441426338,0.6392385059144488,0.2240378371325883,0,5.211537842814157,0.039,0.519,0.28035700473306496
568,0.2964095410002477,0.31897519662759155,4.659979538611108,1.9541749184935862,1.2995287991892746,0.9916035686118978,0.638255923132218,0.22361561713908562,0,5.211133115982896,0.039,0.519,0.28041651563506703
569,0.2967523781622541,0.3190052457586062,4.661456880446346,1.9552886177723872,1.3000706749143325,0.9919819545998714,0.6381618866190018,0.2231338466272871,0,5.2141029807263655,0.039,0.519,0.2803852685592191
570,0.29506331703570854,0.3190989993194451,4.662717863453049,1.9573638758742313,1.3003710246020175,0.991898149529193,0.6379166908740321,0.2227736205741709,0,5.219637002331283,0.039,0.521,0.2835679374327147
571,0.295804260753001,0.3191216612942677,4.664131218648774,1.9589480713955938,1.2989642272991584,0.9931570332586238,0.6377372776883068,0.22183014415826108,0,5.223861523721584,0.039,0.522,0.2851539183418881
572,0.29589181519523783,0.31928800854282885,4.664609290025026,1.9628079165479273,1.2985922704217172,0.9941349633011712,0.6362626126129735,0.22174612692440265,0,5.234154444127806,0.039,0.525,0.28656274362437245
573,0.2930267625872486,0.31949551963397615,4.665080186255867,1.9658249573043578,1.3005392538563114,0.9927605485510137,0.6375481832796701,0.2222688747736259,0,5.242199886144954,0.039,0.525,0.28637853614940406
574,0.29539601749722927,0.31930810901816964,4.667732778479847,1.9643737697862433,1.2996218902308452,0.993443101122517,0.6390417813750637,0.22195625340185923,0,5.238330052763316,0.039,0.525,0.28654972456282146
575,0.29360090980320425,0.3192466478482138,4.669644450169484,1.9644661572665427,1.2997530790977436,0.9939814771447179,0.6390959750320666,0.22219130892336197,0,5.238576419377448,0.039,0.525,0.28659652780759204
576,0.29899616931799905,0.3190667242282912,4.672192856615022,1.9620014224852749,1.3005628503556765,0.9951829090242248,0.6387113558806754,0.22167311365734346,0,5.232003793294067,0.039,0.521,0.2835389606950005
577,0.2932982374516898,0.319286728927933,4.672162954200063,1.9666875901612098,1.300525022610129,0.9961483501870648,0.6403223117144506,0.2209500242325184,0,5.244500240429892,0.039,0.525,0.2865179170041662
578,0.29329480788793555,0.3193433209546101,4.674074178614081,1.9679314496283482,1.3004546609495313,0.9947783058180218,0.6395992496593207,0.22099928639031355,0,5.247817199008929,0.039,0.525,0.2865001764621669
579,0.2949546167656422,0.31935271480555394,4.675411791971587,1.9692374438583486,1.2999839254077308,0.9960553791462103,0.6394327378454201,0.2209504080256057,0,5.251299850288929,0.039,0.525,0.28645585980121124
580,0.2915234569145466,0.319282291547794,4.677297053140249,1.9691387982927084,1.2996749533099081,0.9967455550415281,0.6400172486130445,0.22049163413543438,0,5.251036795447223,0.039,0.525,0.28651606098457905
581,0.292770012965651,0.31889274441106047,4.68136753212485,1.9630521972386845,1.3004925189888072,0.997688337472445,0.6405684377819609,0.21950702026235133,0,5.234805859303159,0.039,0.518,0.2820747441201413
582,0.2937873353029277,0.3189394663535245,4.682644964612903,1.9644946805590506,1.3012939669267405,0.9981494230270818,0.6400006015383225,0.21911741781214944,0,5.238652481490802,0.039,0.519,0.2820155357135023
583,0.2932794288350377,0.3187626481639658,4.684972415671387,1.962653662928224,1.3031402287545142,0.9981339241045049,0.6395515904185536,0.22101779580440076,0,5.233743101141931,0.039,0.517,0.2805581033456217
584,0.2938343347912679,0.31866572612485505,4.68705829535302,1.9611962878074944,1.3046660604439992,0.9984546914947421,0.6405755632300568,0.2204168996950126,0,5.229856767486652,0.039,0.517,0.28069466517963493
585,0.29357566734290397,0.3188381853119774,4.687582603174022,1.9651041940246488,1.3046515524478466,0.9984144524766642,0.6397661236118536,0.221251123839946,0,5.240277850732396,0.039,0.517,0.28047101987427675
586,0.29549052996591146,0.3188057974118184,4.689116343411545,1.965148135098226,1.3055497814152113,0.9992201854406987,0.6406142983999802,0.2205952035175673,0,5.240395026928603,0.039,0.517,0.2805029640298572
587,0.29446617611944526,0.31886132168002657,4.69037218539699,1.9664980883216125,1.306641861987752,0.9993819125703224,0.6411122338133556,0.22039631805365753,0,5.243994902190967,0.039,0.517,0.28044815917549687
588,0.2928370216396768,0.31898848000297325,4.691355484150227,1.9692191131823473,1.3067715166219374,0.9988840843899661,0.6411126422708492,0.2206948014040828,0,5.25125096848626,0.039,0.519,0.2819337321021348
589,0.2924309382493979,0.3190717902041874,4.692207619181435,1.9719910883117193,1.3060661794847301,1.0002016766958666,0.6405721976470803,0.220391569324886,0,5.258642902164585,0.039,0.524,0.2867150538113101
590,0.2945898117643899,0.31911037443972123,4.693275691259081,1.9733528750519098,1.3065606678789004,1.0003881586941006,0.6418810087448075,0.22039496319584867,0,5.262274333471759,0.039,0.525,0.2866567743256098
591,0.29419329722915744,0.31881285403957255,4.696818910692064,1.96872436336521,1.3085725631472305,1.0003961752096082,0.641463811496899,0.2206959101004585,0,5.24993163564056,0.039,0.517,0.28047768360268766
592,0.29319767037310895,0.3188679600692177,4.698013611347042,1.9704252797052588,1.308318309202442,1.001203303748527,0.6416864637503735,0.2200358245591519,0,5.254467412547357,0.039,0.519,0.2820302887030765
593,0.29622757026324553,0.3189044135153358,4.699098415531477,1.9715172153033789,1.3091401524548467,1.0016211615498214,0.6427479549883455,0.2199156157349863,0,5.25737924080901,0.039,0.519,0.28198716557824455
594,0.2938827252803268,0.318902634404674,4.700756501529612,1.9719608148709264,1.3095882317377092,1.0012327823498242,0.6432294305942798,0.2198662619561303,0,5.258562172989137,0.039,0.519,0.2820051811807823
595,0.29474424388760645,0.3188773058119664,4.702589437470546,1.9723703840395406,1.3096741502111031,1.0008250158611927,0.6434135996318929,0.2205351802355075,0,5.259654357438775,0.039,0.519,0.28203258254487157
596,0.29455105052304925,0.31885469604063943,4.7039248072227515,1.9731404757869824,1.3088200999446602,1.001984495268693,0.6439055571965664,0.22057228954414104,0,5.261707935431953,0.039,0.519,0.2820246645868147
597,0.2947386839915399,0.318871833825028,4.705303840780433,1.9744505124929013,1.3092457952244243,1.0023661417546823,0.643844290452177,0.22142331418293165,0,5.265201366647736,0.039,0.519,0.28197924383105155
598,0.2950532538506507,0.31881631466521526,4.7071670894771245,1.9740673508383106,1.3102715238081082,1.003094451228039,0.6434260343654582,0.22037949420995664,0,5.264179602235495,0.039,0.518,0.28204635593326927
599,0.29676951688255054,0.31883933623987093,4.708375323114393,1.9750623455975964,1.3105469419951106,1.0037144337929933,0.6440094759659186,0.21989914534145788,0,5.266832921593591,0.039,0.519,0.2820156431193914
600,0.2953657519462263,0.3187202601704467,4.710648782377304,1.9730390911287978,1.3122953626911704,1.0037769664666534,0.6439071554728591,0.2185353398584333,0,5.261437576343461,0.039,0.517,0.2805675487944576
601,0.29431716510758116,0.3187122020350373,4.71238262337435,1.9736293379871324,1.311574342224062,1.0046625444739112,0.6447758160319672,0.2173015306326435,0,5.263011567965687,0.039,0.517,0.2805819149693631
602,0.2974418382658231,0.3185772282488265,4.715630460418013,1.9715583692660363,1.3110205427381354,1.0026250788976447,0.643794593736541,0.21765808202279668,0,5.25748898470943,0.039,0.516,0.2808087938785953
603,0.2914924680443607,0.3186585825344652,4.716485762725654,1.973839607969449,1.3111383940005268,1.002665833546547,0.643813049519213,0.21743184218236344,0,5.263572287918531,0.039,0.517,0.2806935225456828
604,0.2936027233149027,0.31870438215665325,4.718091456549997,1.9746254284376006,1.3113168467528233,1.0022109047876138,0.6443068155046571,0.21577133093398196,0,5.265667809166935,0.039,0.517,0.2806911378204814
605,0.2942922712172213,0.3188066965079661,4.718777245756025,1.977187227040182,1.3113036553377455,1.002744545401488,0.6446446061097871,0.21559217334119787,0,5.272499272107152,0.039,0.518,0.2821768430796404
606,0.29662687933919174,0.3186094525322095,4.721622778949932,1.9747641472940758,1.3117644475215575,1.0026656844777406,0.6431018663551469,0.21715427839578244,0,5.266037726117536,0.039,0.517,0.2807768703081888
607,0.2943186431281804,0.31871538543162103,4.722450283767596,1.9773342270496803,1.31166919186343,1.0025696248564056,0.6443352458685412,0.2167492070286378,0,5.2728912721324805,0.039,0.517,0.2806449736748331
608,0.2914378906028006,0.31882732483809595,4.723332805005885,1.9799909513192337,1.311161372649576,1.002813633642472,0.6449088004158025,0.21640805022079906,0,5.279975870184623,0.039,0.519,0.2821342884013716
609,0.2997322705565086,0.3187730670339124,4.724550597171893,1.9799145427371967,1.3122670229006443,1.003815265658656,0.6443448445290827,0.21688642247680862,0,5.2797721139658575,0.039,0.518,0.2821627664126142
610,0.2996549585197984,0.3186567202218481,4.7266012425389405,1.9788506402557549,1.311292009575083,1.0051965195050137,0.6447351097128814,0.21621839298341228,0,5.276935040682013,0.039,0.518,0.28228657359648057
611,0.29805397912688075,0.318718010156248,4.727146824779638,1.9810929800107884,1.3112652037547536,1.0055524369243178,0.6454454822919448,0.21765122253526156,0,5.282914613362102,0.039,0.518,0.2821642251767904
612,0.29322679492500214,0.3187840619530718,4.7281605785229335,1.9826294231177533,1.3120950012220134,1.0051951076669599,0.6459412133190617,0.21805442166939515,0,5.287011794980676,0.039,0.519,0.2820948797068987
613,0.2914332412511888,0.3188834111092102,4.72893927470126,1.9845305178594477,1.3129600408446993,1.005255756049008,0.6468233447149028,0.21743731359551394,0,5.292081380958527,0.039,0.521,0.2836319877548978
614,0.2928197942440884,0.3189126109982157,4.730463564465918,1.9857257131080635,1.312728379613323,1.0046945409177563,0.6472049243796664,0.21755888093686318,0,5.2952685682881695,0.039,0.523,0.2868960270216998
615,0.2969869029763763,0.3188998906229606,4.732005746738498,1.9863765091422234,1.3120836367693416,1.0047398314723104,0.6478250995211069,0.2175361102851016,0,5.297004024379262,0.039,0.523,0.28690324579460635
616,0.2948271937407653,0.31879958696578936,4.733581838089455,1.9859003819813563,1.3116133810152582,1.0072953556937436,0.6490232577558971,0.21714968511045488,0,5.2957343519502835,0.039,0.521,0.2836801467818226
617,0.2925946891777876,0.3187840616579829,4.735144703375965,1.9866337231043714,1.3109879445927803,1.0081165659365865,0.6487608984431968,0.21659392064948385,0,5.297689928278324,0.039,0.521,0.28368041696514606
618,0.29599715211956745,0.3188968653011042,4.735683393964171,1.989732136711882,1.3104928822903457,1.0078222555891452,0.6499693601321593,0.21714458565210293,0,5.305952364565019,0.039,0.524,0.2867998242491806
619,0.29620092973033896,0.31893997729661405,4.736981009967048,1.9907525374146773,1.3107548225778434,1.0069738476123764,0.6501615034973203,0.2168893339151949,0,5.308673433105806,0.039,0.524,0.28677465874158103
620,0.29512357108504234,0.3189909571288577,4.737482585803618,1.992564153405536,1.310928129591982,1.008120910262873,0.6510389174977368,0.21732917843390276,0,5.313504409081429,0.039,0.524,0.2866720637509349
621,0.29127119855888994,0.31914903202971967,4.7376614728369715,1.9959462792395206,1.3110679819023157,1.008688005151472,0.6514734764205163,0.21778418255244059,0,5.322523411305388,0.039,0.526,0.2864652526434633
622,0.2922929542203129,0.31677367985459287,4.739069955659308,1.9967309633158634,1.3119184638276147,1.0079696996832244,0.6512883840910757,0.21732272119809232,0,5.324615902175636,0.039,0.527,0.2879656227091328
623,0.2931006585178799,0.3169976582056946,4.73965140732421,2.0004050875107846,1.3117105762484622,1.0070072401444388,0.6512241704179537,0.2179583829195938,0,5.334413566695425,0.039,0.527,0.28775649671610964
624,0.29605971475845283,0.3167406885255556,4.743317042191203,1.9968894332732394,1.3117257988261273,1.0052635934128098,0.6510652479068598,0.21695894218145437,0,5.325038488728638,0.039,0.525,0.2880858981885646
625,0.29316593196085605,0.3166538734406109,4.745649007523232,1.9958195575613107,1.3116302945775218,1.0053734664520015,0.6515183622206264,0.21521047562492998,0,5.322185486830162,0.038,0.526,0.28821870296056923
626,0.29354648130132127,0.318913429900711,4.748029625121727,1.9940735763091093,1.3114840985744256,1.0063420005700436,0.6509225510406378,0.21477746695610364,0,5.317529536824291,0.038,0.525,0.2868798080707065
627,0.2979205197101842,0.3187282948918825,4.750749208853209,1.9910465857224986,1.3115607801011986,1.0068898738669292,0.6506919645459905,0.21453987521481285,0,5.309457561926663,0.038,0.522,0.28384838318104777
628,0.29368735788308203,0.318739700126594,4.751605386668271,1.9926051013037034,1.3111091061683062,1.0084266943258042,0.6514792296242954,0.21483772567638723,0,5.313613603476543,0.038,0.522,0.28377505013840826
629,0.2962515497913694,0.31894003524671327,4.751024895779373,1.997993602721409,1.3095280000636433,1.010572849428718,0.6514716508874682,0.21453997405703037,0,5.327982940590424,0.038,0.526,0.28672151240966903
630,0.29334146967250374,0.3165931644103804,4.751900322773599,1.999283204295277,1.3110655285663586,1.0094676473557491,0.6527766377615073,0.21530973422622285,0,5.3314218781207385,0.038,0.527,0.2881726390822071
631,0.298388640692577,0.31872058813283555,4.755247952667889,1.9942213902991024,1.3118348135686568,1.0107427591472893,0.6518578524144056,0.21356171881479952,0,5.317923707464273,0.038,0.522,0.28376614112734455
632,0.29766013013249676,0.31863295419657917,4.757023634957595,1.993158249259246,1.311837249069177,1.0115375198889054,0.6531191973257011,0.21326983458523946,0,5.315088664691323,0.038,0.521,0.2838774125795644
633,0.294215539570997,0.3188207205585715,4.756759161871713,1.9980170714761605,1.3120623702635443,1.0126693006524248,0.6517831439515394,0.21335157582091457,0,5.328045523936428,0.038,0.524,0.2868598638044522
634,0.292981300740623,0.3187065198012882,4.75868384422917,1.9968816220729673,1.3136943453348895,1.0131897436795074,0.6513557268744876,0.2151367684852067,0,5.325017658861246,0.038,0.523,0.2853331535088121
635,0.29059966735705706,0.31857489791989413,4.760843394847065,1.9948888937165432,1.3144618236642251,1.0134336722252126,0.6530015331272503,0.21584259684845128,0,5.319703716577449,0.038,0.521,0.28385664420572143
636,0.2952932847774388,0.31879257088101226,4.760507170589795,1.9993658073919132,1.3153492765245463,1.01391136500155,0.6530668504824706,0.21489577288499287,0,5.3316421530451015,0.038,0.524,0.28685845320688913
637,0.29712414069402043,0.3188997162828388,4.761870700886561,2.0016618363579495,1.314090971467119,1.0114223868442147,0.653245733396145,0.21493200479317448,0,5.337764896954532,0.038,0.525,0.2867713654528615
638,0.2914081126683345,0.31655636823577527,4.762870775275447,2.0033295320229154,1.3148267497714627,1.011086831737966,0.6527660484836016,0.21474108741321465,0,5.342212085394441,0.038,0.526,0.28820582221869306
639,0.29253280148855315,0.31656714668626523,4.7639319025716045,2.0041130624869625,1.3154896847120499,1.012221611253416,0.6529756148068538,0.21417446525908537,0,5.344301499965233,0.038,0.526,0.28817990522276077
640,0.2939613118658085,0.31653871844801085,4.765441476970522,2.004930279153741,1.3139301480830121,1.0134398664336413,0.6538315358913317,0.21394273844074987,0,5.346480744409976,0.038,0.527,0.2881775346723698
641,0.2937383582144992,0.31856848917518055,4.768728144979042,1.9990979943944613,1.3140588192227567,1.0166496667315512,0.6556951260267885,0.2141779009481893,0,5.330927985051897,0.038,0.521,0.2838118597062534
642,0.2945404915074749,0.3187456310358611,4.768658827661392,2.0035173259745167,1.31301459902344,1.0177958941331864,0.6568676777509235,0.2136033275212187,0,5.342712869265378,0.038,0.524,0.2868336412857517
643,0.2943379325962518,0.3187179992672069,4.769993255747045,2.003994217600244,1.313199274980943,1.017558357524665,0.6556895224961803,0.2147864581112496,0,5.343984580267318,0.038,0.525,0.28684206551648245
644,0.29526216693235985,0.3185786574554966,4.772296524897582,2.001825342752534,1.3128297220968197,1.0172189541976624,0.6567757215570634,0.21530680481203,0,5.338200914006758,0.038,0.523,0.28540324896715913
645,0.2921123048330491,0.31870251524423,4.772871727533753,2.0045282910666855,1.3129612616715005,1.0165373632888697,0.6565878228854135,0.21474798230227474,0,5.345408776177828,0.038,0.524,0.2868946010845979
646,0.2933553397349378,0.31864650285528956,4.774140249839011,2.0046882387200635,1.311961145623583,1.0188607160968717,0.6584683900220418,0.21433588521064423,0,5.345835303253502,0.038,0.525,0.28691819821082665
647,0.2961167420784785,0.31877271433775894,4.775110930462618,2.006283495019889,1.3143886357934689,1.01694201825828,0.6576895179050126,0.21335587738949455,0,5.350089320053037,0.038,0.525,0.28683978798484716
648,0.2912885991086158,0.31647428860696025,4.775370153871848,2.009379213763445,1.314808643820696,1.0177311987118431,0.6570745965571094,0.21328956012715117,0,5.358344570035854,0.038,0.527,0.28816441672238124
649,0.29260626959121117,0.31649424118130254,4.776603202565118,2.009962973562063,1.3156730627235436,1.0172798490680213,0.658295959786262,0.2132595451591204,0,5.359901262832168,0.038,0.527,0.2881588319552728
650,0.29542316859542783,0.3164366040478371,4.778166006126085,2.010330757219967,1.3148399474201329,1.0186644235260576,0.6577684062743896,0.2135348795491013,0,5.360882019253245,0.038,0.527,0.28818164465181656
651,0.29296910175171664,0.3186928358021085,4.780884530511327,2.0073722391435034,1.315320390980136,1.0185822175605714,0.6584384709224541,0.21309024053406517,0,5.352992637716009,0.038,0.524,0.2869240912223821
652,0.2940734853159327,0.31861277857485837,4.782930738271261,2.0063532116385185,1.3150085377328689,1.0186614743654534,0.6590103633495653,0.21285882648433246,0,5.35027523103605,0.038,0.522,0.2854058816909093
653,0.2949428104781482,0.3186995951933971,4.783319410367321,2.0086648929509296,1.3154465366063368,1.0195096720107315,0.6579823290213623,0.21221469432631426,0,5.356439714535813,0.038,0.524,0.2869097455592492
654,0.29380083806761287,0.31866579650449706,4.784782334298234,2.008424407861166,1.316628295207706,1.0196785258030898,0.6569701994601894,0.21224706324371934,0,5.355798420963109,0.038,0.523,0.28531910472536515
655,0.29373905551238255,0.3185553838191929,4.786674475540797,2.0067480823213244,1.317896377680116,1.020284787683102,0.6568848781340515,0.21223611367563883,0,5.351328219523531,0.038,0.521,0.2838114644217368
656,0.29508630463841495,0.3186189849819666,4.787745369709179,2.0089613118050744,1.3173130447444297,1.0199695989268223,0.6568534336027242,0.2128452067824335,0,5.357230164813532,0.038,0.523,0.285364104255485
657,0.29475466176091014,0.31858389594049946,4.789181320409205,2.0083848121782952,1.3186713945437625,1.020332771265212,0.6560255985406377,0.2120705293041535,0,5.355692832475454,0.038,0.522,0.2837773707709943
658,0.29666089676816026,0.3185956274466282,4.789732784009687,2.009814822406646,1.3184269320874995,1.0228819236374997,0.6559380965437428,0.21140689277991756,0,5.359506193084389,0.038,0.523,0.28535128458100734
659,0.29666448386428307,0.31868020200286296,4.790553565103621,2.0117078604984355,1.318093626595438,1.0227368678661126,0.656719277198152,0.2105281070464169,0,5.3645542946624944,0.038,0.523,0.285261480867252
660,0.2919346632371355,0.31877185024653454,4.791238298789086,2.0142050583131805,1.317833531544635,1.023132315112385,0.6562754030732114,0.21033007442215373,0,5.371213488835148,0.038,0.526,0.2867679273127579
661,0.29212285949176864,0.31877278208238774,4.792458633302956,2.0146951220164744,1.318486348429329,1.023270444699223,0.6573101734749026,0.21049224271263786,0,5.372520325377265,0.038,0.526,0.2867675834652297
662,0.29404282515986535,0.318760004289121,4.793803134442807,2.015194427880492,1.3189741117852856,1.0229876104624915,0.6576294895519079,0.21140152072016652,0,5.373851807681312,0.038,0.526,0.28677276426184617
663,0.29638904090214396,0.3186646917586842,4.7958562398382645,2.013639608255286,1.3187253988224252,1.0231976338116255,0.6579467217134685,0.2104898230277524,0,5.369705622014096,0.038,0.523,0.285286403549358
664,0.2929935217565481,0.31861411673789963,4.797746735177517,2.013408268740592,1.3201390305978415,1.0224586905959516,0.6561081444072768,0.21185877054422053,0,5.369088716641579,0.038,0.523,0.28534760631794853
665,0.2923068646397915,0.31856149861241767,4.799093329831564,2.012790019453733,1.3204808343973382,1.0236189035034584,0.6568887312715543,0.21112919636838007,0,5.367440051876621,0.038,0.522,0.2837638897114965
666,0.2946268295259348,0.31869695770902845,4.799163842268809,2.016009725289441,1.3208519763839373,1.0236469050678398,0.656831671208256,0.2112533599469017,0,5.376025934105176,0.038,0.523,0.2852209446418721
667,0.29025324551974196,0.3185312570792513,4.8019882458792065,2.0130614011659977,1.3207521840440914,1.023508137251237,0.6577959764466201,0.21095564429204505,0,5.368163736442661,0.038,0.521,0.2838261507489048
668,0.29237461995473457,0.31846470708242564,4.803482842868202,2.011955280351701,1.322964247023938,1.0237610540699509,0.6572085463685181,0.21169038214875208,0,5.365214080937869,0.038,0.521,0.2839200388566863
669,0.29181008895311744,0.31865064714864255,4.803307568176487,2.016314820368448,1.3227259010538948,1.0231301803762836,0.6585711728605527,0.2121738830234568,0,5.376839520982528,0.038,0.523,0.2853079261423831
670,0.29356259656413397,0.3186407088479665,4.80484575112261,2.015898458221555,1.3233275634930575,1.0236023279616928,0.659711403957036,0.2107101973584839,0,5.375729221924146,0.038,0.523,0.28537013284663987
671,0.2911101646207732,0.31870718132795595,4.805670242175312,2.0174442450171197,1.323840974045435,1.022980553297906,0.6612823988275854,0.210957811831593,0,5.379851320045653,0.038,0.524,0.28693705198078306
672,0.29355690775149207,0.3164080626584955,4.8061666006029045,2.0203887563509864,1.3247364566983661,1.0221984927395718,0.6608516043860323,0.21036700231003014,0,5.387703350269297,0.038,0.526,0.2882801984619638
673,0.2933457873880856,0.3187516537515961,4.807989527197651,2.01904716104464,1.3251035354479486,1.0228784450948039,0.6620246047771614,0.21068600349752714,0,5.384125762785707,0.038,0.524,0.28689678615542413
674,0.29313304362382875,0.31634641735780944,4.809199408233287,2.0207313328054837,1.3241562913373128,1.022866484657041,0.6617457433836141,0.21049655673307016,0,5.38861688748129,0.038,0.526,0.28834555615310237
675,0.29343029487099287,0.31862905911260464,4.811763839377484,2.017997587235311,1.3248313224076118,1.0216779802378007,0.6613723920593944,0.21238322527095843,0,5.381326899294162,0.038,0.523,0.28543216536016147
676,0.2955779033722512,0.31868045250425614,4.8121489643354876,2.019668784876584,1.3260856416124327,1.0218732473556897,0.6616685793880153,0.21302296396039946,0,5.385783426337557,0.038,0.524,0.286972471665293
677,0.29222394116431566,0.31864556804347083,4.813763221094346,2.0192972019203417,1.3267888165790254,1.021298875853199,0.6612287123064228,0.21365795317507738,0,5.384792538454245,0.038,0.524,0.2870376441931526
678,0.2917488432327161,0.31855789207686336,4.815304571785222,2.0185448069521326,1.3272385737891683,1.0223308848103436,0.6615907984449133,0.21445102011943662,0,5.382786151872353,0.038,0.521,0.283828338228291
679,0.2930559136403457,0.3184384407503857,4.817784219416541,2.015932085908416,1.328335671017065,1.0221191659553697,0.6614738796283143,0.21377483335931444,0,5.375818895755777,0.038,0.521,0.284047215192944
680,0.2897654031874777,0.31841122913831527,4.81903407216335,2.01592574678045,1.3287750495321542,1.022765244988311,0.6624411358843111,0.2137749358603946,0,5.375801991414534,0.038,0.519,0.2808154619199777
681,0.2912536549467296,0.3185622680188669,4.819000003030176,2.0196889084002483,1.329025814081057,1.0227460916574582,0.6625298907339631,0.21411883437819876,0,5.385837089067329,0.038,0.521,0.28384902011687063
682,0.29713647694948375,0.3185551755187921,4.82000763445945,2.0200575186563188,1.3287545325729755,1.0241100402569845,0.6634332896538617,0.2131424144766608,0,5.386820049750184,0.038,0.521,0.2838514990789202
683,0.2951462547828867,0.31866605886708854,4.819821902245397,2.0239215436405966,1.3290010666314889,1.0239433783505234,0.6628633485656809,0.21492481765850927,0,5.397124116374925,0.038,0.525,0.2869038488002626
684,0.29668192698116774,0.3162741466839031,4.820656835473869,2.0259620142602444,1.3279943234395604,1.0236976566467664,0.6623030447658597,0.2153232167160259,0,5.402565371360652,0.038,0.526,0.28832255991772243
685,0.30022915697119973,0.31634219383332285,4.8221982433068815,2.0271162396503364,1.3269693643815272,1.0214769440030929,0.662256086392652,0.213908447811456,0,5.40564330573423,0.038,0.526,0.28830653817893204
686,0.2930172656462664,0.31630876621960724,4.82384148161491,2.026800985747951,1.3265967694741032,1.0217394008923424,0.6630478643763218,0.2130530209275149,0,5.404802628661202,0.038,0.526,0.288372638242419
687,0.29509094165364647,0.3163729477857631,4.824398319089404,2.0281896779062993,1.3275803297722237,1.0215916007099357,0.6636033711597595,0.21273156807112295,0,5.408505807750132,0.038,0.526,0.28829741800337444
688,0.29214003473968997,0.3186356358621159,4.827273779574305,2.024193882425808,1.328245838375548,1.0223990422858178,0.664249127506711,0.2123777001806976,0,5.397850353135488,0.038,0.524,0.2871025457945871
689,0.2931698189677755,0.3184859315219334,4.829404953965041,2.022129069935549,1.3293050525857573,1.0233040612509574,0.6626430500279685,0.21297373045726628,0,5.392344186494797,0.038,0.521,0.2839849484610292
690,0.2949458140103301,0.3184987470251064,4.83031502793751,2.0236189995703695,1.3291025412910469,1.0248401033755437,0.6607521537046396,0.21229760811362014,0,5.396317332187652,0.038,0.521,0.28391726066144846
691,0.2955893317211959,0.3186284648936691,4.830118681776608,2.026934693415537,1.329640975602576,1.0250614307529995,0.6606592159733256,0.21282694459066165,0,5.405159182441431,0.038,0.523,0.2853614913358425
692,0.2921799071291062,0.31856572844605685,4.831763583919283,2.0266421058926274,1.329996873062147,1.0255001318284003,0.659792254153519,0.21333991195441437,0,5.404378949047007,0.038,0.522,0.2837688061469293
693,0.2923809049572249,0.3185180734150224,4.833245855677789,2.0262442489880415,1.3298496453326634,1.0262665891220626,0.660453350313194,0.21287586697478822,0,5.403317997301444,0.038,0.522,0.2838315773438571
694,0.2899021170222499,0.3185700210112691,4.8340547663782605,2.0282249700790045,1.3299841512682826,1.027705914723118,0.6592443409587284,0.2120363799113873,0,5.408599920210679,0.038,0.522,0.28372970291927974
695,0.29615365570975793,0.31865591449785624,4.834267032920529,2.030595867269976,1.3299198648888717,1.0276313474044099,0.6613529363373872,0.21253874550566795,0,5.414922312719937,0.038,0.525,0.2868841900524329
696,0.29570795530666977,0.3164277191574246,4.833822957663281,2.035466029380852,1.3302951972616457,1.026817603099967,0.6612645312873648,0.21255412296927365,0,5.427909411682272,0.038,0.527,0.28808618018300586
697,0.2931787319368861,0.31644138347541995,4.834980183107214,2.0352623496022946,1.3309739370631568,1.0261071257936323,0.6629286344742017,0.21140260981445763,0,5.427366265606119,0.038,0.527,0.28812797520257766
698,0.2942134784696054,0.31634916735538116,4.8367045688740715,2.0342859251524885,1.3306330745373567,1.0266149809233371,0.6626207530773488,0.21154670566257588,0,5.424762467073303,0.038,0.527,0.2882367602921136
699,0.29464293427868504,0.31861651468986396,4.839535808121315,2.0301588095562066,1.3318584937579472,1.025858393149521,0.6628401870411941,0.2125698064012954,0,5.413756825483218,0.038,0.524,0.28704990128886165
700,0.2949082113160458,0.3163048433113942,4.839066141329667,2.0337663634100402,1.3336926034300174,1.0261862052292052,0.6629801831034267,0.21308693599109996,0,5.42337696909344,0.038,0.526,0.28831820441261985
701,0.2939465677472624,0.31853786793956973,4.841509331340104,2.029802127759975,1.3340172276758877,1.0280479799696114,0.6631239351176995,0.21304350699075422,0,5.4128056740266,0.038,0.522,0.2838142385309602
702,0.29479480547433384,0.31858264463552494,4.8423253485263995,2.031665738538118,1.3333005185128042,1.0286619671241937,0.6626634336906556,0.21273003485325284,0,5.417775302768315,0.038,0.523,0.2853797611740351
703,0.2943116076587189,0.31851721754573603,4.84346872926353,2.0316085953906877,1.3330074919705934,1.0291627952377949,0.6635979835822537,0.21430360035737123,0,5.417622921041834,0.038,0.523,0.2854148020786967
704,0.29095915044392373,0.318521564815338,4.844834358541963,2.031871109839467,1.333163032225277,1.0291151742063311,0.6644224785264218,0.21381378452157465,0,5.4183229595719125,0.038,0.522,0.2837833243469961
705,0.29614026087599316,0.3162185231378075,4.844940826942284,2.035495107352411,1.3332524116304274,1.028538551140431,0.6637837593598144,0.2132746270965174,0,5.427986952939762,0.038,0.526,0.288372356955482
706,0.2975447481996065,0.3162178009049369,4.8459242547043395,2.0358309232058156,1.332725965412582,1.0287275731138772,0.6651776233233988,0.21276254817872342,0,5.428882461882175,0.038,0.526,0.28838104919920654
707,0.29191714546743425,0.31626227984735744,4.84670050800797,2.037132393082203,1.3328999108667878,1.028989280096951,0.6653811024365108,0.21205364611924465,0,5.432353048219208,0.038,0.526,0.2883212083205958
708,0.2924279239018056,0.31628240836133004,4.8476866535073,2.0382092142173693,1.3338872905298025,1.0284350173223862,0.6649430413171628,0.21297795548354312,0,5.4352245712463185,0.038,0.526,0.2882793178874212
709,0.2954340330574969,0.31626168398279014,4.849171111677204,2.037635126839624,1.3337473489081746,1.0279251812242856,0.6659966800267283,0.21235196098836376,0,5.433693671572331,0.038,0.526,0.2883571664981452
710,0.2942402928668532,0.3161732565061496,4.851180122700582,2.035420811089218,1.3341977659973951,1.0286351398921867,0.6671996293625482,0.21194635572337855,0,5.427788829571248,0.038,0.525,0.28854250741265247
711,0.2975600106176549,0.31857437333779703,4.852746983551698,2.034293324076139,1.33392306550474,1.0287515982758,0.6679524349398078,0.21119093341811118,0,5.424782197536371,0.038,0.521,0.2838507648430669
712,0.2964807935553959,0.31829245516674487,4.855571921766597,2.02943318098111,1.3349529808544214,1.0308867151493728,0.6662727395994388,0.21158514102463127,0,5.411821815949627,0.038,0.518,0.28092704221819
713,0.29792426308816367,0.31834288347077544,4.855494400964457,2.0314126503853953,1.3349710375616137,1.0319127072678518,0.6666151017998958,0.21179177860716758,0,5.417100401027721,0.038,0.521,0.2840810965290846
714,0.29465623940911345,0.31846849842626956,4.855146820780385,2.035177448888087,1.3356135298475673,1.0318015160103615,0.6658860436069813,0.21310147953651729,0,5.427139863701566,0.038,0.521,0.2838445267586829
715,0.2907490255864662,0.318484912488431,4.856011839009597,2.0362810127847912,1.3352864877723243,1.0320787890739256,0.6667661512802374,0.21350628461734747,0,5.430082700759443,0.038,0.522,0.2838033557897707
716,0.2949327090100557,0.3183867672311154,4.857629524675314,2.034793234327323,1.335142422441039,1.0332775391347593,0.6687409834470358,0.21352703154549602,0,5.426115291539528,0.038,0.521,0.2839326143335128
717,0.2942081369223276,0.31835529487247016,4.858693353806439,2.03533957902725,1.3350309265226994,1.033755803702554,0.6683133729260183,0.21444058469846702,0,5.427572210739334,0.038,0.521,0.2839284689684012
718,0.29107608011187164,0.31838454120282067,4.859438018276019,2.0363726246585716,1.336369125573363,1.0338459655499193,0.6676559534723248,0.21472110100766273,0,5.430326999089524,0.038,0.521,0.2838792780806888
719,0.2917510226865061,0.31826049364614256,4.861911893893909,2.033858013631482,1.3362225169696893,1.0341006313030054,0.6678453826706173,0.21385277543150025,0,5.423621369683953,0.038,0.52,0.28244283392808023
720,0.2924081331864619,0.3184015101970356,4.861742035664962,2.0376837334726496,1.3354910384023901,1.0342287142069535,0.6692764892392798,0.214211875494516,0,5.433823289260399,0.038,0.521,0.28386765229158833
721,0.2964902994161748,0.3183759310418844,4.862512681278276,2.037853013332262,1.33680335900324,1.0347108267124494,0.6701951157390451,0.2155548180124849,0,5.434274702219366,0.038,0.521,0.2838692304817944
722,0.2934967897458723,0.3184681036302085,4.862885224792505,2.040471085973871,1.3372223963558614,1.0346009194775916,0.6696419560065124,0.21544310468307437,0,5.441256229263655,0.038,0.524,0.28701233597383236
723,0.295785607649155,0.3183461708235735,4.865326025253475,2.0375592387296275,1.3381687609532196,1.033779025607278,0.6686417470671498,0.21513624159031458,0,5.433491303279006,0.038,0.521,0.28395856005311776
724,0.2925628457948441,0.31831640157757873,4.866547560952896,2.037613776950838,1.3383773845818472,1.0339402017723691,0.6695651991880048,0.21588696124703818,0,5.433636738535568,0.038,0.521,0.28398668916619646
725,0.29217020511873965,0.31812805234415154,4.869233137534755,2.0340148573960755,1.339528362660898,1.03372591500489,0.6694652781123146,0.2160380263370062,0,5.424039619722868,0.038,0.517,0.27935055607740183
726,0.2928930307811028,0.31818996839630365,4.869744315532033,2.0362854536727877,1.3400777824804784,1.0343887694735783,0.6676160799346419,0.21680440434129344,0,5.430094543127434,0.038,0.518,0.279226576336062
727,0.29123558146191036,0.31826074013470707,4.870107167911849,2.0383885545358567,1.340461582752181,1.0351913830730395,0.667985589706445,0.21675659367403016,0,5.4357028120956175,0.038,0.521,0.2840214918740872
728,0.29493134168447077,0.31831235461910024,4.870887407847882,2.040697158024949,1.339446880372059,1.034587541519643,0.666949401948668,0.21714366321442513,0,5.44185908806653,0.038,0.521,0.2839140091736729
729,0.29277259061385774,0.31850172852990666,4.870368509011824,2.0455356413435535,1.3397730086339084,1.0341809003803517,0.6666937684458568,0.21725033421493323,0,5.454761710249476,0.038,0.525,0.28690169989617154
730,0.29157726475598544,0.3185053741485473,4.871268332983672,2.046348463666386,1.340268740863914,1.0349347843873822,0.6654698175677558,0.2171749526320225,0,5.456929236443695,0.038,0.525,0.2868727940080902
731,0.2977687552228889,0.31854442330920024,4.872564572983552,2.046816815373163,1.3405785852910017,1.0345725031410968,0.6643885648811306,0.21556895687864852,0,5.4581781743284346,0.038,0.525,0.286879817876691
732,0.2953664146347755,0.31852344276852324,4.874130758760275,2.0461489904414965,1.3414565643840735,1.034782714225949,0.6633327849279814,0.21456661758977172,0,5.45639730784399,0.038,0.524,0.28531820962052
733,0.2959624709675386,0.31849803956229594,4.875296043961874,2.045787916045091,1.3423349122762955,1.0350458627158219,0.6628794487447376,0.21418735930014488,0,5.45543444278691,0.038,0.522,0.28371319038150683
734,0.29636949589672373,0.3184579272491996,4.876563568137416,2.0456477316022648,1.341663239039727,1.0359452968833434,0.6632419094829407,0.21371832060838364,0,5.45506061760604,0.038,0.522,0.2837570523962649
735,0.2929855506397051,0.31832978167271403,4.878611076458272,2.042960323833391,1.3424747561315504,1.0356403495663997,0.6634968583124722,0.21401455472605616,0,5.447894196889043,0.038,0.522,0.2839682946271801
736,0.29343199943340914,0.31828580635113946,4.880005894599045,2.04205236288698,1.3432032691123184,1.0353315553639093,0.6643811784317101,0.2144638450936492,0,5.445472967698613,0.038,0.521,0.2840564866623489
737,0.29576395785895265,0.31815531014098036,4.882330641344545,2.0393336353133016,1.3439877601203898,1.0346645770772454,0.6654271396524194,0.21523448028526682,0,5.438223027502137,0.038,0.516,0.2793622799257206
738,0.2921302599375259,0.31808795814672564,4.883213000423843,2.0396303499476724,1.344131790992661,1.0352853140987182,0.6654403917053356,0.21728213118413414,0,5.439014266527127,0.038,0.516,0.2793654828131513
739,0.2923469553689746,0.31814092997905663,4.884149617823006,2.041107277882421,1.3445526431652262,1.0340655179391038,0.6650785861420028,0.21804520970202385,0,5.442952741019789,0.038,0.518,0.280958707155747
740,0.29196762044081787,0.31825810288126505,4.884153718402091,2.0442004920499994,1.3449660646668804,1.033738099853497,0.6651303652896956,0.2185338707908423,0,5.451201312133332,0.038,0.519,0.2823995831831437
741,0.290653069310814,0.318327056680442,4.884565269633812,2.045922278312301,1.3453181868183375,1.033689492285851,0.6660004719118244,0.2183976017361651,0,5.455792742166135,0.038,0.522,0.28394405585782995
742,0.2934052951159603,0.318112689489062,4.887321618508262,2.0416572243130955,1.3449977662665067,1.034987655763614,0.6672092048168454,0.21753950312203055,0,5.444419264834921,0.038,0.516,0.27935254790512387
743,0.29591110544756355,0.31821162433334116,4.887216156075523,2.0448139669751844,1.3434570949788438,1.0366345292971115,0.6678822097513902,0.21704575414328617,0,5.452837245267158,0.038,0.521,0.2840825582771161
744,0.29196291274862557,0.3181833349155832,4.88825158389452,2.0452129414804414,1.3431368329623232,1.0377374469460217,0.6675247882804849,0.21704819123446373,0,5.453901177281177,0.038,0.521,0.2840853910496825
745,0.29370876017335257,0.3181047505021208,4.88976039102893,2.044494860556046,1.3437442951262526,1.0368860468248176,0.6681004299138232,0.21913094687416318,0,5.451986294816122,0.038,0.518,0.2792531323050948
746,0.2966369403676972,0.3180881747918696,4.890387567232466,2.0445755789136917,1.3439714040091748,1.038141515910106,0.6696524991885817,0.21881126177251517,0,5.452201543769845,0.038,0.518,0.2792592645754631
747,0.2954175447968883,0.3183254766996715,4.88933153412828,2.0513607989719778,1.3422428046752408,1.0390901302731026,0.669436734293585,0.2187380402069878,0,5.470295463925274,0.038,0.524,0.2870427138917798
748,0.29963782532462707,0.3184180320445638,4.8897835261649485,2.0538879664788445,1.3412463651554645,1.0380744630546488,0.6696958500176231,0.21807077957429646,0,5.4770345772769184,0.038,0.526,0.28691290112422124
749,0.292370440233058,0.3182547275297536,4.892187303947303,2.050010995963642,1.342131499388738,1.0389123221000358,0.6702068569055728,0.21791076247223845,0,5.466695989236379,0.038,0.522,0.28391017652191797
750,0.29043539110521027,0.3181416216802944,4.894301576313372,2.048359862650279,1.3418792592561153,1.039089746527726,0.6704606168125906,0.21845048373066117,0,5.46229296706741,0.038,0.52,0.28241276101847623
751,0.2919362202870603,0.3182089565689352,4.895029816387746,2.0499300624122685,1.3419896395841762,1.0380287981840568,0.6718657455971361,0.21881512272381862,0,5.466480166432716,0.038,0.521,0.2839953028225396
752,0.2940314177716897,0.3181549254367946,4.896389017292671,2.0492112974919983,1.3432052749577132,1.0379525585807914,0.6711074390410957,0.21962936650412415,0,5.464563459978662,0.038,0.521,0.2840677936092977
753,0.29437762873229123,0.3181690186732913,4.897022756610351,2.0506194603577064,1.3428459173218552,1.038307482418966,0.6709286449747593,0.2202297925595495,0,5.468318560953883,0.038,0.521,0.28400290176775705
754,0.2980695273441636,0.31812847084321927,4.898705785624811,2.052137652991264,1.3397006338207353,1.037312646561854,0.6690824550484872,0.22200550227872393,0,5.47236707464337,0.038,0.523,0.2856195607223343
755,0.2916461758615305,0.3182560126917081,4.898571435440444,2.055709049241729,1.3399724342708947,1.037170729930253,0.6690179183197127,0.2217548443408339,0,5.481890797977944,0.038,0.526,0.28705465824979054
756,0.28986055872482197,0.31826210994675214,4.89975629073767,2.0552383619632417,1.342495779072866,1.037130441176763,0.6685274293153702,0.22137255157418995,0,5.480635631901978,0.038,0.525,0.2871008108045783
757,0.29339175044681975,0.3180794465203278,4.901880196422101,2.0518787439355863,1.3437825629915396,1.0380928780483905,0.6685865667526146,0.22284505123935522,0,5.471676650494897,0.038,0.522,0.2840555464804735
758,0.29492765889611544,0.31784597238649925,4.904695185314446,2.0479673837690973,1.3437798717271485,1.0380456344693367,0.6682880967053489,0.22267902466663358,0,5.461246356717592,0.037,0.517,0.2794445073480673
759,0.29328406076665,0.3179874570608052,4.904569258959783,2.0508336449352234,1.3443878280755448,1.038176015967105,0.668826462799906,0.22297248146063844,0,5.468889719827263,0.038,0.518,0.27927064644259625
760,0.2954863857805868,0.3181732846544386,4.903923619404812,2.055588035960637,1.3436474539586267,1.038082589477331,0.6695401235962647,0.22304948233446245,0,5.481568095895032,0.038,0.523,0.2855312440296491
761,0.29476600695427496,0.31799396035218996,4.906346417838854,2.052464337824725,1.3432671468203696,1.0389549795119895,0.6684885990817028,0.22300126589965047,0,5.473238234199267,0.038,0.52,0.28085113837722897
762,0.2928008589964489,0.31788236569387684,4.908167732011384,2.0518273117865244,1.3421964446579673,1.0385357096331223,0.6677139052533865,0.22444056599171583,0,5.471539498097399,0.037,0.519,0.2793201607107671
763,0.29367113520087595,0.31806785729764137,4.908107879285002,2.0545743670348906,1.3434413626266248,1.0370173232617679,0.6682816417357331,0.2236972842386344,0,5.478864978759709,0.038,0.522,0.2840700194751187
764,0.2926300142307076,0.318044108790025,4.909364860839728,2.0539912406638194,1.3447421891114155,1.0373129566872181,0.6675759673236159,0.22298354732020154,0,5.477309975103519,0.038,0.521,0.28249232305360655
765,0.29406601265768845,0.3179606013556721,4.910720239328848,2.0528208616945407,1.344778783792158,1.03762010505358,0.668545397185435,0.22333955096944486,0,5.474188964518775,0.038,0.517,0.27931846615578354
766,0.2906455990171637,0.31807762462342953,4.910465643630157,2.0570838743899897,1.3432175255544547,1.0379135805627293,0.669261735427068,0.2247575494580495,0,5.485556998373306,0.038,0.523,0.2856227343109486
767,0.2911718113221305,0.31812921181261955,4.910784722556046,2.0593688909086256,1.3435810688054663,1.0386138007963683,0.6680567954129129,0.22517812761030406,0,5.491650375756335,0.038,0.525,0.2854921094160589
768,0.2938992239261461,0.3178959425599976,4.913466442458655,2.055019074926279,1.3437897603740285,1.039069999931157,0.6684239657715798,0.22612990321206763,0,5.480050866470077,0.038,0.519,0.2792643502294349
769,0.29126724561978123,0.318027191487994,4.913565916406056,2.058332031760181,1.3437673597597324,1.039258558733158,0.6672632447522554,0.2256366380835127,0,5.48888541802715,0.038,0.523,0.2856257976813624
770,0.29433413604934683,0.317745294378805,4.91673505158092,2.052879131514773,1.3445876891322481,1.0395683676095109,0.6678976344114983,0.22541231610454562,0,5.474344350706062,0.036,0.518,0.2794690477474948
771,0.29311272801707644,0.3178765717059424,4.916756581344868,2.056294685033911,1.343957684212907,1.0401320079893728,0.6683599913270415,0.22582872533956969,0,5.483452493423763,0.037,0.52,0.2792733613869408
772,0.29349596962436364,0.3179801251362183,4.916714933165922,2.0589558333993776,1.3440130824310368,1.0408677568414881,0.6683477709606239,0.22567688238368866,0,5.490548889065007,0.038,0.522,0.2840282968142244
773,0.29314797786238633,0.31781437058880063,4.918958815949943,2.056357884913645,1.3443062277371762,1.0409296104289085,0.6696723784927474,0.2264422095868275,0,5.483621026436386,0.037,0.519,0.2793230888271717
774,0.29128128712149126,0.31776206199171714,4.920024475467664,2.056277146742411,1.3443756277346208,1.0413396808387967,0.6706128827441674,0.22759937186252294,0,5.4834057246464285,0.037,0.519,0.27935379053600873
775,0.29150261134942146,0.3177235365848701,4.9215012703256695,2.05582062923627,1.344493413809279,1.041133755295514,0.6713015203942245,0.22757580350015608,0,5.482188344630053,0.037,0.518,0.2794191597990926
776,0.2943484306915006,0.31765361599938197,4.922760074934834,2.0553560489611766,1.344993198683251,1.0410180328128866,0.6701479631851981,0.2288409740712614,0,5.480949463896471,0.036,0.518,0.2794768337033443
777,0.2949468567355481,0.3175930549002794,4.924372076880385,2.0536596346907574,1.3460359351024362,1.0413732053109324,0.6707144458824752,0.22781250317449608,0,5.476425692508687,0.036,0.517,0.2796102784926375
778,0.2976168320877253,0.31767100646164387,4.925630650114734,2.0550289225078475,1.3459444157592775,1.0386718717492662,0.669355358714763,0.22764770350227412,0,5.480077126687593,0.036,0.517,0.27957424173591927
779,0.29565155777046503,0.3176697501855207,4.926304006229367,2.0555096174984935,1.3464648439059652,1.038594408262365,0.6704032657963658,0.22868016524065854,0,5.481358979995982,0.036,0.518,0.2795610652664064
780,0.2953153083919153,0.31762441063509755,4.92710791913664,2.0549845473198953,1.3474467288553653,1.0396997820123435,0.6700287608874146,0.22876283066191086,0,5.479958792853054,0.036,0.517,0.27960336467124064
781,0.29462362177100687,0.3176978152768942,4.927083597723048,2.0568904461286377,1.3480832539720695,1.040118945192821,0.6707864963578393,0.22875732844563512,0,5.485041189676367,0.036,0.518,0.279487558094272
782,0.29247058771145795,0.3177383022868564,4.928545213799918,2.057983925699299,1.3461575154058296,1.0396356497012755,0.6701470353520751,0.22705416592750516,0,5.487957135198131,0.036,0.518,0.2794761553032008
783,0.2933635135290916,0.31776402146895877,4.929174039864606,2.059195636719434,1.3450333753891646,1.040089525832169,0.67196692230718,0.22718740629786754,0,5.491188364585157,0.036,0.518,0.2794272571581033
784,0.293924130285426,0.31777398324214434,4.930514253587465,2.0588229877821527,1.3456500980064954,1.0398857928769356,0.6726204708633938,0.22566162889405247,0,5.49019463408574,0.036,0.518,0.27948144263666574
785,0.2950883956293652,0.31798401957529315,4.929256489800484,2.064449579209934,1.3450869957864666,1.0408938931642153,0.6724501959743127,0.22637407277356952,0,5.505198877893157,0.038,0.522,0.28567394841561755
786,0.29366756014196543,0.31803821930277754,4.929564157503715,2.066126663333206,1.3454380023193608,1.0412215491350054,0.6731707847884739,0.22649344046978775,0,5.5096711022218825,0.038,0.526,0.2872324341577092
787,0.29283912775834575,0.31792089546828733,4.931904834917579,2.0628079209347576,1.3461334984615265,1.0406196707266193,0.6732474108853743,0.22569234157041604,0,5.500821122492687,0.038,0.518,0.27928271967639096
788,0.294582946266336,0.31760522537367286,4.93457751051086,2.0581073213767556,1.3453976664342713,1.0440304069159385,0.6746335880018652,0.22581063516502536,0,5.488286190338015,0.035,0.518,0.27961692644526226
789,0.2942323034153449,0.31775372297078536,4.934172414024151,2.0617025416646007,1.3449715916798035,1.0437690582882162,0.6750412074613394,0.2261746694266997,0,5.497873444438935,0.037,0.518,0.279402139985772
790,0.29818197014516123,0.31768968120296626,4.9355089553401434,2.060627172378422,1.3453091280444789,1.043302569591477,0.6749511677621969,0.22643621859140647,0,5.495005793009125,0.036,0.519,0.279499010667593
791,0.29323800833509905,0.3177560045204397,4.935967800457256,2.0618842921201446,1.346137930451224,1.0426735355726653,0.6756005364681689,0.2264206005524641,0,5.4983581123203855,0.037,0.518,0.27943583825352913
792,0.29747999421521526,0.31796043288365333,4.934663522094536,2.0681305907136873,1.3445115968116386,1.043814750316751,0.6745946221189307,0.22738701828393232,0,5.515014908569833,0.038,0.525,0.2872484571845861
793,0.2920294917720112,0.317936094333301,4.936229162023106,2.066825802785326,1.3456001409656573,1.0434296627465198,0.6759868180988967,0.22652567336534354,0,5.511535474094202,0.038,0.521,0.2840568426039503
794,0.2942952295780085,0.31792343109425636,4.937302312410422,2.066842877805441,1.3465249785848934,1.0433843066400608,0.6760010752167995,0.2269640173004153,0,5.511581007481176,0.038,0.52,0.2824554161339541
795,0.29125006416550525,0.31795576850271084,4.938084875900288,2.0676261762892287,1.3468319437693377,1.0439463170500174,0.675646601044666,0.22574337433694852,0,5.513669803437943,0.038,0.521,0.28405127720377604
796,0.29361228517539445,0.3177968869118444,4.939914875848589,2.065381392234324,1.3468639846480865,1.0444550332373443,0.67563373003017,0.22705619621632053,0,5.507683712624864,0.037,0.518,0.2793282040840118
797,0.2936956501376373,0.31771081186225836,4.941133194039099,2.063938388516514,1.3482221817640445,1.044913352342758,0.6754046658618659,0.22715780702247007,0,5.503835702710703,0.037,0.518,0.2794343538562689
798,0.29277793847865446,0.3177756461377284,4.941175471551905,2.065642769048832,1.3488525988670759,1.045542475193637,0.6749510957469256,0.22726108315207894,0,5.508380717463552,0.037,0.518,0.27933170194819595
799,0.29157260924281064,0.3176817024959972,4.942830713715345,2.0642033283398975,1.3487564138518193,1.045643946514194,0.6760598893726145,0.22747098362744064,0,5.504542208906393,0.037,0.518,0.2794581231203867
800,0.2936363298759231,0.3178489285153341,4.942821459805908,2.067103993657373,1.3496901416127571,1.0454957587061564,0.6760532045717236,0.22637081547431592,0,5.512277316419662,0.038,0.518,0.27928618998115706
