row_id,x1,x2,x3,x4,x5,label
0,0.3047170797544313,-1.0399841062404955,0.7504511958064572,0.940564716391214,-1.9510351886538364,0
1,-1.302179506862318,0.1278404031672853,-0.3162425923435822,-0.0168011575042887,-0.85304392757358,0
3,-0.8592924628832382,0.3687507840824988,-0.9588826008289988,0.8784503013072725,-0.0499259109862528,0
7,1.1289722927208916,-0.113947457654875,-0.840156476962528,-0.8244812156912396,0.6505927878247011,0
8,0.7432541712034423,0.543154268305195,-0.6655097072886943,0.2321613230667197,0.1166858091407282,1
13,0.7933472351999252,-0.3487250722484376,-0.4623517926645671,0.8579758812571538,-0.1913043248816149,0
19,-1.4471124724230873,-1.3226996123544024,-0.9972468276014818,0.3997742267234366,-0.9054790553600608,0
20,-0.3781625540393897,1.2992282977860654,-0.3562639710614259,0.7375155684670865,-0.933617680009877,1
21,-0.20543755786763,-0.9500220549105812,-0.3390330759005625,0.8403081374573955,-1.727320423192349,0
22,0.4344236435458573,0.2377356023322779,-0.5941499556967944,-1.4460578543884546,0.0721295077138695,0
26,-0.3898098031557679,-1.3766861475563088,0.6351509468144043,-0.2222226970987733,-1.470806294502658,0
29,-0.4153572601796853,-0.6120967990598081,-0.1407908864163852,1.0659802307876436,0.1570485674453446,1
31,1.767929913579883,0.1302745214728858,0.9827395110230576,-0.499295598539152,-1.1849437664170246,1
32,-0.965116762232372,-0.7252260645357532,2.1284697324351645,-0.8213866792243861,0.838489203736345,1
34,-0.6547876954293904,0.4460722014820805,-0.45498348034078,-1.2256057637672482,-1.2779375743196193,0
36,1.3060017417068248,0.2193825013638563,-0.4109272308337371,1.1062887100598888,0.4287564384616135,1
38,1.723665720783297,-0.1795192132826006,-0.3831873211359877,1.4614442922422022,-1.107045682043488,1
39,-0.8947270189558264,0.6433267946890444,-0.3946051228595896,-0.0051218667200712,-0.1634428985245125,0
40,0.3375745487989335,1.4074818613137168,0.0905849069017455,0.6439387932768579,-2.0501721010310225,1
42,0.9159025423560132,-1.326392717739564,0.0306314925944174,-0.4841694333335785,-0.3276730943619608,1
44,-0.2238588168804995,0.2424967912712216,0.176573358453711,-1.0843880722333663,0.0904897816278742,0
46,-1.4634420018370031,-0.5907070139634865,0.3156050035903405,1.2058536208882336,-0.7290838377436085,0
49,-1.287422581274031,-1.0967855784546396,1.836913528321314,2.905067169240407,-1.1715666288253417,1
53,1.0127158178198286,0.155429327668466,0.3517564083992034,0.0531553475778673,8.439309141418043e-05,1
55,0.3858465525565008,-0.7630572096947675,-1.112411471983418,1.191142953088865,0.2627492251471385,1
57,-0.4715248074499489,0.2637172043565196,0.0524667983562436,-0.292171185803555,-0.1034882680659608,0
58,-0.2519773782068853,0.1525625121024685,1.471491972993157,-2.5666584409312976,-0.2368502645096842,0
64,0.7823503424176613,-0.1906510575051594,1.1712470934673194,0.7508689887312598,1.8206461576468016,1
65,0.7307746911386448,-1.572040255653241,-0.0669531728982008,-1.172007192594816,-0.5182798423662747,0
67,-1.2165601493811278,-0.6711402773965811,0.3120094715512438,1.1553120361066962,0.6087614722244398,0
71,0.2328780201371683,0.2344008926986959,0.2703432392817259,-0.8633452647393817,-0.1475286802403529,0
73,1.4814555476589732,-0.7435882288125641,-0.8222500172903203,0.2023061918311935,0.8443851904853201,1
76,0.107880444343033,1.309550684860527,-1.602259541058925,-1.2516472141061394,-1.6012779371188537,0
78,-2.310103436632644,0.0543535853903822,-0.4717760336383357,0.4593857717166117,0.7019536262212701,0
80,-0.1796114138314585,0.1967760966569572,0.8205284754174188,-0.3937411722245721,0.5211672557321126,1
82,-1.4821853974428207,-2.3336161198483047,-0.6782644401551767,0.7494338997277404,-0.2848840663825747,0
83,0.1977900819418521,1.0892174967107926,1.3276861322676916,-0.0691379347261395,1.3535858895693973,1
86,-1.0405439391575344,0.4746970884632019,-0.1310866506877266,-1.8309058258475304,0.9282969915684844,0
87,-0.605000712808731,-0.5339002383735546,-1.06975241128969,-0.6542832766875555,0.4278904406949172,0
88,-0.1892443409364055,0.328662002282481,0.3619218539288437,1.320661655528167,-0.3427861508643793,0
89,-1.4768578168457318,1.067222416571983,-0.3314881720972547,1.114592444577377,0.3833771131824704,1
91,0.1601905933170753,1.0762401574663856,-0.8456610327673472,0.3330703726182551,-0.0258628479538564,0
92,0.3139082114575536,-0.8333688059494058,-1.589567493308969,-2.072983435991292,-1.1173841129896078,0
93,-0.458675284939333,-0.2931915866487618,1.9372311624295169,1.105993369907298,-0.9620911163416273,0
94,0.3477084524509569,-0.4070782363503251,-0.2843638380400951,0.185325649415382,0.6191711169753933,1
96,0.2230797426252751,1.4332145066061728,0.0915201781732081,0.5807770953297967,-0.0567831943926915,1
97,-0.1704075811642044,-0.7794823967254196,0.4303013589575532,-0.8515371891857679,0.6655852363134291,0
100,1.3638622298139094,0.895184981971686,-0.7194802332847904,-1.502503456040897,-2.964528837841651,1
104,-0.9701495196514126,-0.8876956557145598,1.3357843363202329,-0.1913439866950602,1.403821392066557,0
106,-0.3617704774441712,-0.9411220959249584,-0.4485642080283543,0.4523339506431387,-1.5657590721805144,0
107,0.6374709026511215,-0.5387713176177432,1.1478126607335637,-2.3942603049004716,-0.7865657751041687,0
110,0.385037937656101,0.5565334427512632,0.2964180008086595,2.0350733027310675,-0.0870941710525099,1
112,-0.0706803816520713,0.3342951284977145,0.0511420585521617,-0.765535277429713,0.9001845640199633,0
113,0.7394126723009475,-0.159648307422017,-0.652916144664712,0.5484279208297995,0.1879735874861044,0
115,-1.4548224852577891,1.3361861000121709,1.2479499850594318,-0.2525173343029647,0.3634543378390731,1
118,-1.2223743125399031,0.2490361223069419,1.8212988508131087,-1.6517591481792673,-1.281069206845832,0
119,-0.4236066064608382,-0.520588412855411,0.8126012877536446,0.241659719820838,-1.7749620596421285,0
120,0.5154104029008109,-0.5775388873556505,1.274447216941239,-0.6275875364369197,-0.6366152831022357,1
121,0.5411316108045314,0.7629264823369366,0.4480993639362036,-1.6855973173848082,0.5380344399282511,1
125,-0.5334523471647244,-0.4116383222162092,1.362642639803341,-1.040586052512433,-2.41278033092949,0
126,1.6109369950118944,2.549327952607003,-0.4052692654493318,-1.9368380406201853,-0.3104839761959437,1
129,-0.1420032144075213,0.6152567669685612,-1.7306716055072182,0.1643907029773022,-0.3904639494628101,0
130,1.8478250129560456,-0.1741727338049578,1.6678876111195198,-1.1037406977820072,0.5872591668027922,1
131,0.3194002637912288,-0.8690472478647824,0.1773961146369404,1.2125188368316004,-0.3237917042866007,0
132,-1.6919626491697632,-0.0175628264774459,-0.9024230947925126,-0.3423409386638824,-0.0815877696851209,0
134,0.7848440366081351,0.2723697552742398,-0.713874824036484,-1.3168302110582415,0.8358078963143372,0
138,0.3140772238697992,-0.2457615000129014,0.95205365313989,-2.2517772906190467,-0.8267050469168946,0
140,1.1129658916602636,-0.2450606511907023,-1.0308137202711538,-0.0569545412135289,1.0491736214413494,0
141,-0.9759588161149048,-0.9105748839214486,0.5585489592742234,-0.2215361157308005,0.6474846907094743,0
144,-0.0961789369233322,1.1280188573493026,-2.280737845371923,-1.4966386899033264,-0.9228864418952676,0
146,0.4478137167227104,0.0582743309354465,0.5487388188641266,-0.1876709909284521,0.278143726454627,1
147,0.1581190849051091,0.7777673890849254,0.8070082819444706,-1.61987199439177,-2.2472685553408556,0
149,0.9308382263505294,1.7975945224343146,0.516297572101451,-0.3717166965856949,-0.8931306215848627,1
154,1.7289953408857035,1.359220600295612,0.2552134168558746,1.3506251209526567,0.0120531806018255,1
156,-0.0511971118165969,-0.0797295638568084,1.79756116664464,0.8942133285134095,0.011445439091466,1
157,0.248787309801083,0.044212378104198,-0.2029139847955477,-1.0824271973882869,-0.1510518776069292,0
159,-0.1226846374951272,0.9957013858999236,1.0592237388963208,1.025836842885239,0.0389132069014598,1
160,-0.8450453279691511,-1.0836988273580606,0.3446049047503575,0.379280034365163,1.2873311116050654,0
164,-0.4812411238654122,1.4377769399164624,-1.1620795127342871,-2.116654448970531,-1.8618451532425115,0
166,0.3959338744308236,1.5614382018035733,-1.127780764891714,-0.3798065117898951,-0.7528919172286209,1
168,1.90506021406447,0.0355764769846248,1.753691026701081,-0.0932986496534917,0.1310578260461443,1
172,-0.9820194198303006,-1.4422991355594112,-0.0584112438586824,0.0839810033144542,-0.6935061645722808,0
173,0.8310318576679744,-1.342175166370907,-0.4069437487725589,-0.5848741349330007,-0.0465872703393393,0
174,0.2788642846472388,-1.0078929496235447,0.7242826774562282,0.0630023683346997,-1.8919462533119105,0
181,2.0602981705240784,-0.2254314492280993,-1.277016444970228,0.0699195809948253,-1.076245200318768,1
186,0.0060166804360714,0.4483240659731595,1.165307535547177,1.6473939976033294,0.3096200819091668,1
187,0.5895468860356021,-1.150864509185567,-0.0878767424156205,0.940289464883589,0.8659686384171532,0
188,0.2116097327950502,0.8863939595679524,0.4907667089938188,1.2003062582593216,0.2893591569571111,1
190,-1.723463407405418,0.4517686009409841,0.4775293372667952,-1.1624287801399305,-0.7121020418789388,0
191,1.370540988614132,-0.4840301315726761,2.242920312402985,-0.0019198531763461,0.4080361768812668,1
192,1.6168743984986076,0.1310271161934195,-1.0023439806908012,-0.1097274516942901,-0.0356107361900909,1
193,-1.3647416522015654,-0.2558320713408233,-0.7421920939974367,0.924357757187434,0.0346118741852556,0
195,-1.041587632621272,1.10467921540253,-0.4123368722047306,-1.416842092596874,0.4438127093831046,1
198,0.8705556094197265,1.47927451067423,1.794370054600359,1.314807871505905,-0.1097341816301836,1
199,0.352720163026343,0.7668228717842437,0.1211779492994619,0.1307641879115443,0.823753131876182,1
203,-1.021045160678322,0.0521733186575334,-0.2738505055462372,-0.3368319676405928,0.6197019654824789,0
205,-0.3644382522644612,-2.180210064489474,0.0360599267977954,-0.0046329722243453,1.0455322747896802,0
207,-0.0013926514433488,0.9861363169607678,-0.5577713459894236,0.8056786392425009,0.6774013686923024,0
208,-0.9547918171308216,0.973894128217401,0.6985663453715051,0.1019258873726574,-0.7623234580276522,0
209,-0.85920601857557,-0.5376625769030224,0.54259446329196,-0.955625167401398,0.4375122486198699,0
213,-0.0602518464012869,-1.0719625522902192,0.4550237203475199,1.4451259569265338,-0.077356179820854,0
216,0.2437524804016479,-0.1512476467463758,0.4325944517261522,0.0619164836799591,0.1103957256122185,0
218,-0.5960888996561666,0.0085056267231535,0.7949322529156275,0.1803639430263982,-0.6560549366409674,0
219,1.2262929556489497,1.579185502981632,0.4945566553228533,0.97366351134409,1.241959996813811,1
220,1.1300993164045137,0.6140991771126236,0.5983470470748828,0.5196605733465026,-1.0973376745470436,1
222,1.4873982896858626,-0.2716743836872922,-1.1522488412767675,-0.2404371970703428,0.1020312972405742,0
226,-0.8942073519794773,-0.2630734244563528,-0.6858526761766428,1.381707593377797,-0.1649377753962186,0
231,0.1106131225786777,0.0013398467544869,1.4729535721895743,-2.4508721285400865,-1.4176841701595695,0
232,-1.18707042637437,-0.3632606475688056,-0.2546081697660301,-1.5073256477730477,-0.9851580323108264,0
233,-0.8608416785235702,2.457424092075892,1.8017419477471464,-0.4117494176846493,-0.3635832903067989,1
235,-1.6002058490434774,-0.7619744583102578,0.1486270953028308,0.3662095977839374,0.4174719587420145,0
239,1.960484600783027,-1.2279998808224974,-0.9265331111571506,1.484918786733851,-1.0582810508376372,0
240,-1.322541133291679,-0.4861941306990469,0.4202267094745857,-0.1023967066110963,-0.6505636204055921,0
241,-0.674212461724509,-0.7123370644127087,-0.8795096286589426,2.2816328772760617,0.2975110711855549,1
242,0.8867590544047386,-0.4890774681189237,-0.1859566771860488,-0.713553981370355,-2.651708334919202,1
244,-0.0444361677043544,1.290563762321174,0.4109825769008753,0.7825588257151592,-0.9008969953045752,1
248,1.2769808321980434,-1.001291432756544,1.6835862095380223,-0.5309765045557148,1.0448728124544275,1
249,0.0679866260510888,-0.4121493784569676,-1.8076968597749328,-0.1715645102163482,-1.559383235305609,0
252,0.9993363324744892,0.0974134129577819,0.7957780097442332,-0.4471576573299467,-0.0495588375515827,0
253,-0.1154988792989347,-0.8360571148457872,0.6620815345817527,0.6502490055783642,0.5935546949055667,0
255,0.0233553161145554,-0.5997494491188647,1.620070309136051,0.3636981503429628,-0.2180291281044221,1
256,1.193618571856377,-2.1706154097954116,-2.0141025948652898,0.7958386552197739,0.060468448117368,0
257,0.2504463002607606,-1.3263961033185487,-0.0232337108503662,2.003509410401342,0.8241996197958629,0
259,0.8454831084818539,-1.5756193271706151,-0.661416892306816,-1.157464632233422,-0.9653511948087636,1
261,-2.4807085099845416,-0.9964186260023896,1.2329019341026966,-2.7779942807285725,-0.3475234121935192,0
263,1.83622583973002,-0.2029419436753702,0.3760443696226113,-1.485055479127436,1.190413563293744,1
264,-0.7605088480713647,-0.5607541640877456,-0.0222477948492107,-1.5628843453398495,0.228770028928938,0
266,-1.877988765965908,-1.074766013817714,0.87654360408152,0.2700954341972865,0.4119715821267538,0
269,2.309844422090078,0.3268434703880229,-0.7322853814020757,0.9159303022795986,-0.1091451515613345,1
270,-0.2528814463178312,0.5622728719144933,-1.29188226823169,0.3526272039171724,1.912954807731752,1
271,0.4661776621973107,-0.3762121037834645,-0.507105280428242,-0.4103399733451093,-0.253962678047781,0
272,-0.377806532758272,0.9163114410745667,-1.7332091032089831,0.862000050412134,-0.3796865251425611,0
274,-1.5147547757935391,0.8291210710660528,0.4048550876357089,-1.6052712471325676,-0.0242973837708154,0
276,1.2260339099106798,-2.867054953782743,-0.317438554837682,-0.1646510275439512,-1.7520985727269711,0
280,1.1825307417526572,-0.3239847754964302,-0.2040695150484347,-0.4916556149654844,-0.5806514027455847,0
282,-0.4188487439250383,2.2297318414095484,-1.5679304164304986,1.2609373235629844,1.3679074507209708,1
283,-0.8521588059655938,2.2292736105559734,0.9954902829453182,0.9711390068229117,0.0280221870258766,1
288,-0.664626000063131,0.3605916776568414,-1.3906854299752562,1.4387054823592311,-0.1440276600546764,0
291,-0.1142098917778368,2.2995890930373193,0.090742563752173,1.7853183942247275,0.3573194227106268,1
292,0.9629605732494478,-0.7246110515177244,-0.8537592225874118,0.4597059550149875,0.9885532424653152,0
293,0.0402565020004628,-1.2863933350836971,-1.360258366289327,-1.4271364021862412,-1.767622112939381,0
294,0.1094853594470875,1.1250439217080253,-0.0134157869248087,-2.2604147573378524,-0.1907604603345487,1
295,-0.1627989966326071,2.0959987502254394,-1.4571379129195563,-0.3906776025991957,1.7058526805445642,0
297,-0.8094863188927663,0.8780585789081998,-1.3730030168855392,0.3283679728315381,0.1787409632863271,1
301,0.4987194410697233,-2.107192347329688,-0.0431335896409074,1.9975141778047627,0.1323465064026725,1
307,-0.959427753141868,0.7492229272008546,-1.6873476944133516,-0.9302646872700508,1.516368646725336,0
311,-0.6283711081194786,-0.7286104852595274,0.7715332597619193,0.8091213109902438,-0.145810458088816,0
312,-0.3920397958707315,0.1399243120391134,-0.8165751074555749,-1.146832082167441,-0.9402212089257168,0
313,-0.6348131639714567,-1.163473799792271,0.1620595590628747,0.7297156737837084,-1.5870983007982418,0
315,-1.2623892988571654,0.0294235755849727,1.0287809197455091,-2.214187371043003,0.3457265798015799,0
319,0.4525384189795919,0.3208496463246071,0.2386007909284437,1.5777682049318862,-1.067593769044886,0
320,-0.0549348662029177,1.1326898205195888,1.2645398093380364,-1.4217636493445729,-0.3123554416558699,0
321,1.3581210958672605,0.5080791051990653,0.1952630314797727,-0.2176846934346567,-0.3838009257077454,1
322,0.2882190630903242,-0.2523741249844833,-0.0425786210444441,0.0785987061150373,-0.6780715284934992,0
323,0.5321293738814383,2.9142446484154196,-1.7769866393260751,0.3240125241899799,-0.7601900886189056,1
324,0.57740257751925,0.0465574733278609,0.7618547740424635,1.1755065765087795,0.1924211177681813,0
325,1.1320522884141782,-2.344297893788678,1.5904522979160232,0.3750621518923401,1.077843355745182,1
326,-1.2198757448415216,-0.8307698816053357,0.1459382941447741,-0.017037889337463,0.2830685880099896,0
329,0.053457912617474,-0.1191688373279204,1.1695381472938835,-0.1786551690138901,-0.6941385611456656,1
331,-1.567177090585447,0.388474200851541,-1.7598157076954657,0.7517964658354561,0.1286215924912658,0
334,-0.0893204027007345,-1.5980523752767135,0.135123451868082,0.450020673421832,-0.227419412643884,0
335,-1.6150508905847878,0.9885318628514624,0.3645250379928023,-0.7260150977009768,-0.2806004468380639,0
336,-1.5006694027818388,-1.0254101277779044,-0.5378113463571395,1.2284208122801512,-0.6395033908874757,0
337,0.6402136593287587,-0.5383162028615798,0.2479475608518748,-0.1413955021438021,0.8730566000927434,0
340,-1.127953023505669,-0.4934013403826786,0.1414194733405441,-2.325371374874287,0.2368261167880274,0
341,1.9029074622741675,-0.4534382983685928,0.2598078568055095,1.0249216931253993,-0.1639535000269965,1
343,0.1265967102776935,-0.5836803568061814,-0.5284261311155256,0.6062911561087082,-1.3383824113238445,0
346,-0.0908709296259628,-0.0308325140841843,-0.2143751097051141,-1.4419787356400129,-0.5165107421608328,0
347,0.9146240539868464,-1.3683342975511177,-0.1895555115392785,-0.819753928770844,0.1113504293981113,0
348,-0.3886331810668181,1.477393664974669,0.5065831541902538,-1.3118031657772111,0.6712280116136986,0
349,-0.774651856262063,-0.5769963713775336,0.3138190201071218,-0.4917474197301347,0.8928558163229553,1
351,0.6287962936103031,1.709943954012071,2.2676442038992546,-1.0307170319323398,0.0704191273272888,1
352,-1.176200316643433,-0.7776059277482671,-0.6300825102556694,-1.0571548741382744,-1.0518872728984137,0
353,-0.1442843785202548,-1.216718418386407,0.8421269591376328,-0.9177535374175142,2.809568970096392,0
361,-1.9209159258951816,0.4770351272264581,-0.0005630971229588,0.0396935265975618,0.960734307594464,0
362,-1.952815530048248,-1.9738338698589637,0.2738038453235195,-0.0071168551285157,0.1701769431919322,0
365,0.6737943936677578,0.8605297079614455,1.5588162477990857,-0.8761099242279576,-0.2264545845441384,1
366,0.7472720511434552,0.0574100714381577,-1.1173276020512748,0.414616285026703,0.5786616338151667,0
369,-2.037728507734718,0.0326952252532707,-1.118305817206544,-0.3845501100179167,0.661378189891708,0
371,-0.69193369617461,-0.1686517534004526,1.0437433977204944,0.393376870254097,-1.3969620577511317,1
374,0.8719343665194511,-0.5618065435255897,-0.6161927399906946,-1.194365480724459,-1.0644727461261725,1
379,-0.5815939342816051,-1.5510194123480547,0.4530187563121716,-0.4499703818646491,-1.0757359586452324,0
381,-1.160911956386739,0.0323701007270305,0.1473223304864705,-0.4698365084987269,0.4354583359574178,0
382,-0.7804334546444512,0.5098207077761179,0.5518587715312919,-2.917159880697066,1.1903057035101177,0
383,-3.047632565352754,-0.6160490255561253,1.025348034257755,-0.3172867252524406,-1.466185982469542,0
386,-1.7191611338760466,-0.4035921185193341,-0.8631856623442771,1.2935099684593705,-1.350099118126421,0
387,1.604229104685014,-0.0332947395169375,-1.1619344063800876,-0.6772741840092779,-0.8016188407684506,1
388,-1.274618402015506,0.0948268597303756,-1.227915550691843,-2.1803662087381888,-0.3796764708481731,0
389,-1.8028561964178824,-0.7521608680675204,-0.909102888603356,-0.8712160720258142,2.0009631015901537,0
390,0.0564115671695707,0.2453710089953321,-1.7763982963422946,-0.6539631336369219,0.2153026299415119,0
393,0.4850938684971126,0.2383883748374252,-0.0886139452531673,-0.4304583334619581,0.796544030519997,1
394,-0.2358342438141813,-0.3066972878259372,0.104690029888126,1.6965866829708507,-1.340356208021204,1
395,0.7698568930553547,-1.893171161238105,0.2172731582286239,1.5750828276087308,0.4886685244673071,0
396,0.1706250785397928,-0.5604494688030756,0.0310472004885542,-0.2520628154033563,-0.7859766079313554,0
397,-0.2898756154748698,0.1983811606264395,-0.7672170685306403,-0.8062818206846841,-1.3602434375921744,0
398,0.3907250260888961,0.5453232619670604,0.2316604442365174,0.9651704927286658,0.0878676370807275,1
400,-0.4519509798535085,-0.6658777111204364,0.4340098234501069,0.2518544152950051,-1.4047915476103274,0
401,1.1226782545637386,-0.0941945753508333,-1.1109310952157203,1.188784114353874,0.625675571596154,0
402,-1.2645419919479142,1.7771828402577243,0.6587973683661927,-0.0101961156250461,1.5902188056217794,0
403,0.1592977838296405,-0.0280830751040319,-0.660300116021989,0.5818504393070786,0.4766029673239799,0
404,0.0146801398897112,-0.789986353867603,0.1299298541660738,-0.0697987857621378,-1.333474318734201,0
406,1.30824660687991,-0.4934682091538757,0.659484214251896,-0.3969138412377916,0.1137481534861434,0
408,0.9226397227878528,0.6600374917903349,1.9164448767354103,-0.7634393173106605,-1.379149251348588,1
409,-0.9943351084951194,0.660442566548437,0.4979229342693786,0.1022566596474157,-1.12295704910713,0
414,-0.3421528907320472,-1.406914165601862,-1.977749062367128,-0.2615619010664018,0.0564966919932326,0
415,-1.286130036708791,-0.0344748650346328,0.053752562990502,-2.156008006059379,-0.9151246594795012,0
418,0.195103973142888,0.6294040061022004,0.1318738131211519,0.8187639503474419,0.0945925329577001,1
422,0.3904549320538822,0.4963430343407315,0.9112380445689467,0.1985786206815168,0.4893839389384091,1
425,0.1931815798131983,2.206525307140402,-0.5237727785412354,0.4222890191253595,1.0684620672442982,1
426,0.0980019140993828,2.337845119172165,-0.3780392917314767,0.324089222320047,-0.798805744892982,1
430,-0.0635086744382687,0.7314924079409346,-0.8467440928840201,-1.0755722861430157,0.2242973071815942,0
433,1.2472114211424503,2.8126492482387233,-1.7092261039101555,-0.7383765808771081,-0.6161750841745238,1
439,-1.856311567114457,-0.180307022849534,0.0140720828735048,-0.2151491657711289,-0.8133904123466764,0
443,0.0138982093325111,0.0112776966186601,-0.0980735685325076,-0.6492629196101362,-1.4855620032310717,0
446,0.4850817670641296,-1.0775613288673254,-1.2869074405363743,1.5828294467733337,-0.9234797799333035,0
447,-1.043944071468642,-0.0390989212165529,-0.0901924133773883,-0.9025065064432916,-0.3049732187131,0
452,-2.377290491729981,-0.7847792471559913,0.13820512935328,-0.1949798861197869,0.4776107297567704,0
453,0.7893665556697054,0.6084517364296791,-0.2142749425544652,-1.8463370111204804,-0.4554812488548173,1
454,0.4163681481389552,-1.0904472525504776,0.6312747301215763,0.9083932972673044,0.1268669762958425,1
456,1.2352473883102724,0.0133555915436728,1.1049404889577257,0.2769586752193653,0.4585591362121688,1
457,0.3630092477145166,0.697488311921,2.2774304485560983,0.971006335959188,-1.580339317845535,1
459,0.9277423995512052,2.57251743696973,-0.7500017362485115,-0.5074005764004252,-0.3061190484599539,1
461,-0.4932218455059107,1.9353811835291097,0.0133758127158625,1.2910290551841357,0.2614204127299683,1
463,0.3663329336500437,-0.2882854581273188,0.4049823189246768,2.234386246197682,-0.270396942095442,1
465,0.5167028186484662,-2.2194742586230527,1.469937230941231,0.1694738711932605,0.999674019871989,0
466,-0.9021111381810512,-1.5525074733000543,0.2607543841411672,-0.0336034399561419,-0.4915408261571657,0
468,1.4794621438521929,-0.1900716729007449,-2.0547613076752937,-0.1885861330060098,0.8117357099965018,1
469,-0.9698003951150737,-0.1763659504893303,-0.6917697430023131,1.5020292518431304,0.7494570154065637,0
470,0.651540620643959,0.6216013131209713,-0.0372492525521269,0.1975562825275035,-1.1851845805323176,1
471,-2.1864419787505676,0.150081130345024,0.3239902562721444,1.2092645684253776,1.5713358160823676,0
472,1.5699984849989468,-0.9980235932938778,-0.3522650349497693,0.4803342958813795,2.5319046777421774,1
478,-1.9608455984695323,0.7059697466988162,-1.659887881419688,0.3087992768481657,-0.8874638247421598,0
479,-1.1598392857669653,-0.4419100170796902,-0.1832975564272598,-0.6442082503864482,0.5887032782151507,0
480,-0.4460693784588337,0.980190871671822,0.2811731656434794,-0.697557206596308,-0.8659398838322859,0
483,1.3567631574639631,-0.7449829387256415,-0.6320858228089109,0.6162353965533128,-2.32709979694531,0
486,-1.5221992751914284,1.0275810705538218,-1.0183155323612585,0.1024723671031567,-0.2426190474002742,0
488,0.0701131587332163,0.5711740662910472,-0.9716187730129598,0.739692508412923,0.819343097059747,0
490,-0.535087153376712,-0.4031626769300488,0.5411308382180404,-0.8275842407346614,-0.4105339880150149,1
492,-1.2594130667061334,-1.3131677181999373,-0.154610758619909,-1.188880153597605,-0.7027549598212041,0
493,-0.7740858849820498,-0.4405078608479934,1.3225043315231224,0.6619475894305167,0.0161294152760038,0
494,-0.4610262805808381,-0.4332326566230212,0.3277464699519495,0.5841690733522902,-0.9076175061006004,0
495,0.0364807556142314,-2.031619568663027,0.211713784170597,0.762149241958686,-0.2800686268808754,0
496,1.8165269961401056,-0.8812384474360504,0.2174404153032612,-0.0358247466659554,-0.1002976674434083,1
497,-0.1143221680047476,0.1071050300094716,0.8479587434636998,1.3777362362747445,-0.0022502445041573,0
499,2.2106408773932396,-0.1220838879713917,-2.1925434908074086,-0.548072933244823,1.2318751342893033,1
502,-0.6014608115590059,1.706767640418973,0.216204676322688,0.804880565862379,0.1237400144113901,1
505,0.6823925098127926,-0.0700128588128004,-0.3714177360820686,1.0823519297917354,-0.5419834002261925,1
506,1.1482564245159883,0.542195285724256,0.2446819254873499,0.1455148053355953,-0.1749680367141781,1
510,-1.6791104276237172,-0.1082333383229732,-0.4336274851541877,-2.085028296679878,0.389037590433763,0
511,-0.3800380621921959,-2.099206342561244,0.8395680907742521,1.435006177988935,1.490124342296572,0
512,0.3589564406514711,0.0460581385771154,1.328156620895797,1.6823835853400984,1.133568702875625,1
516,-0.9911063155873504,0.9679988045538644,-0.0869599756060209,0.3398085744904305,0.4602186394350634,1
517,0.9943504681243184,0.0827182018631888,1.410161995301936,0.3094128397599247,0.6241842724695326,1
519,-0.822702023079101,1.2378836879187305,0.2868911182926047,-1.913779734828926,1.038289928983819,0
520,-0.5437828043527234,1.411316985876712,-0.0878356786036996,0.2047066860205299,1.1789545785916484,0
521,-0.8974929708546623,-0.9928468078339396,-0.1964984203981073,0.8271727996212221,-1.3308772526134909,0
526,0.090156827667573,-0.9862401105165975,-0.0556850526499943,0.0053228604517004,1.1402094789367356,1
527,1.207425028311201,-0.329209398359008,-0.2139531438608116,0.6642923020556356,-0.5851884489270115,0
530,-1.0573867446632792,-1.8978144998997768,1.2865901312872332,-0.8268091053930736,-0.0207063641062337,0
532,-1.008308886274262,-0.7000840296458889,-0.3473828335985318,-1.4288154342262782,-0.4225609827987464,0
534,0.6910625658668772,1.4359781248017758,-0.4643803921954484,0.4851982314777071,-0.2396171554346469,1
535,0.3654873450385047,1.5657795312032543,0.5086595430180988,-1.7734145388096807,0.4539956314469589,1
537,0.1411690188326401,-1.756476720746314,-0.2397710128935917,1.286842262645503,-1.9097629057462808,0
538,-1.279496795913898,-1.0320322451615775,-0.0633198597109599,-0.3657167856462092,1.3991363816960871,0
539,0.9543483290916974,0.4952729460685979,0.1456303143438848,0.3932297769848273,-0.861982355313375,1
544,0.1757004561648499,1.289929698618241,-1.7346114969371953,0.1796466807800535,-0.5853785019730434,1
546,-1.1696100024788274,-1.3019345701635046,1.727418286628101,-0.4623397055212869,-0.0256390603476742,0
547,-0.4027829411062397,-0.9444228784030916,-0.2351506466144354,2.45824360573656,1.392070920974255,0
548,-0.8529378177922723,0.6475741030616857,-0.8315227726663764,-1.7763676388462208,1.0195109176646295,0
552,-0.694465241925353,-1.616959400164946,-0.5335195256828793,0.8891273175270074,-0.542003903525971,0
556,1.504506718589227,-0.6610690958071401,0.5010854326224657,1.0659776297431345,0.3847685442049928,1
560,-0.2596140313457745,0.9698044873917454,0.8742776789190644,-0.9819098459508032,-0.8555264529085758,1
562,-0.6343309935255456,-0.3644284180642414,-0.4205083434368909,-0.5337959396592085,0.0072070603763701,0
564,-1.540734496264082,0.2989181525841508,0.6759788558069234,-1.031202068439585,0.0091732481821291,0
565,-0.1162666453103657,1.8421506585682637,1.924496037012573,-1.6643563933302008,2.4939270057279894,1
568,-0.1678740694263112,1.0960642330571804,0.5803959648586033,0.7318133943208879,-0.6645866722585968,1
569,-1.045262781398474,-0.5677221432527015,-0.6208213856805886,0.7861992686529143,0.9759840502940518,0
572,-1.468639430315292,0.6328683235572881,-0.7834010538966204,3.0595312289968235,-1.086073582612479,1
573,-1.25738247498137,0.5101387156134412,1.5293134789672953,0.0645896569432216,0.5722424201872743,0
574,-1.8435474174587096,-0.6775115456917667,-1.073615729137567,-1.895045849947881,0.1169802340238869,0
577,0.3034669008166697,0.5115137019191913,0.1416566973910257,-0.3971943099170739,-0.3324425343397702,1
579,-1.2103987277827886,0.9788413412371996,0.0786176695317875,-0.8628000195732701,0.8085477496020183,0
581,0.0411800203491774,1.1425892227901149,0.0200372908663116,-1.1991171261452302,0.5438770041121802,0
585,0.8985552801426162,0.8007191216696554,0.2768197293308208,-1.3504214180553855,-0.31163943394972,1
586,-0.746116482942726,0.869675756694491,1.1781848528171843,1.056385586030883,-0.7552194194170205,1
590,-1.169676001024419,0.7548618924740429,-0.2945687546616113,-2.516095195772766,-2.128169541985812,0
591,-1.0181176115186856,0.5312232285925814,0.1137995653402964,0.184366707175664,1.950943482686692,0
592,-1.2690896148598123,-0.0274333541837235,0.3044355228138156,-0.7362731165383355,0.0283267450829409,0
595,0.3179986944140474,-0.7842585089151799,-0.1250444158598842,-0.6100988660571137,2.2996640696148387,1
596,-0.0897307699116185,1.5452321516965593,-0.1956223308076883,0.2592876415349079,-1.3213640716452693,1
602,2.3597719343296117,-0.3532436918276083,-0.4211529826571552,0.118664169723996,0.9872473529834096,1
603,-0.5667130253101499,-0.6309615971321306,1.057189270241366,0.3786393238380355,-2.0447282630048207,0
604,-1.225391799469108,1.5012358638272103,0.4019282830788125,-0.762195931037249,-0.1704096572349821,0
607,0.4868185471492834,0.1391117397615918,-0.0958836025659708,-0.8348511527715018,-0.0719985924397884,0
608,1.259705852880406,-0.1190285066001252,-0.8898039893484101,-0.4922470887653863,0.2008502972759301,0
611,-1.1383267269609427,-0.4416917941729942,-0.474512933619039,-0.6718477397612058,-0.3157894861550056,0
612,1.178450850318331,0.1992380412492392,2.4718090760554694,0.1705081860196493,-0.2900657739372517,1
614,0.8590460581777356,0.2077505976141238,-1.5710977425706176,0.7706987820947633,1.2676235608039048,0
615,-0.8571764037774298,-0.0089338678919706,-1.7253542620077036,-1.2588064596843365,1.0480295776172526,0
616,-0.4664165060074345,-1.1088029749380393,0.2294603644584296,-0.5224124314310232,-0.4708216577755361,0
618,1.2381603014898497,-0.665061720361623,0.937376966919648,-0.7841422934704089,1.8262093469068,1
621,0.0446582809634664,0.7583530326440655,0.1317984270108199,-1.2935048593383758,-0.8129740246401806,0
626,0.6684176852860094,-0.6696814280722031,0.0518320989928467,-0.6236025096293596,-0.5265066965161149,1
630,0.2704853861101991,-0.9089976945137176,0.4184990745503845,-0.1340272208093656,-0.6082397293372869,0
632,-0.0515678394762135,0.546667032616485,0.5547965217253135,0.6766145517765254,-0.6448603066373296,0
637,-1.3679422773818628,-0.9810993674682146,-0.7232356859408393,-0.3573050602668157,-1.3620508308526522,0
640,-0.5736696908584189,1.1634958143064738,-0.3062020789715478,1.104495025205568,0.4289653911271988,0
641,-0.3428446529098367,0.4796905305975303,0.3204495138460378,1.020882821002474,-0.5483455378650185,1
643,0.4663287721704166,-1.3169250736329463,1.2082628254805003,2.2340930807977313,1.0018339695494078,1
644,1.4269847672264693,0.0853713816025881,-1.66150491973851,-1.8441204511675249,0.2550820438677584,0
645,-0.59197880772998,-0.9145762783273512,-0.0627466839686753,0.6155852878612882,-1.4527575467621472,0
650,1.1493768409578178,-0.0447329341878679,-1.4051643606769604,0.966129681004106,-0.370370609661107,1
654,1.081450469628532,-0.3262436816238281,-0.1774774870935874,-0.3771928747890711,-1.9168158717650765,1
655,-1.131986440076961,0.9610934861202164,-2.109950646879972,-0.7663153496157056,-0.3997200562897638,0
656,1.743621867291565,0.768603765496369,-0.5571705270530996,1.304513697115551,-0.7405158205011196,1
660,0.5502537430336992,2.0617991527316084,0.939420421798181,0.9759899498158412,3.0885121948602836,1
661,0.5159584767678441,0.4846435113117023,0.7040150743216541,-1.0089659775882531,-0.4439016364187562,0
663,0.8631507387041388,-0.161721003041247,-0.6699950968782225,1.1352747316531886,0.7738911809098658,1
664,-1.6062568182953822,-0.3131539389082808,0.1655154620167624,0.7788297171210313,0.9101014949397712,0
666,0.0189911866401082,-0.0346792500185898,-1.8855729044434704,-0.3974833349294312,0.0562056530891518,0
668,-0.3481697908366748,0.7641144055017897,1.6875530394866385,0.78212823909474,-1.4682637598688473,1
669,-0.2323672393767711,0.2566343810815294,0.1775911169235922,0.539304552942874,-0.9170489464607608,0
677,0.4261239468194264,-0.0234229592008153,-0.5006181459886532,-1.5492571763442435,-0.5108345590530156,1
678,-1.073702412717801,-1.7266066811237784,-0.7956788416705864,-1.0470917207664543,0.5837865452929482,0
680,0.3989819007023456,0.8249378896141027,-0.7130470816913138,1.0518548605275198,-1.5156919215134717,1
681,-1.2476277991437923,0.7096618656378763,1.6711212285632473,0.4934319881836954,-0.0403423865340124,1
682,-2.1951837465222086,-2.0224470560434793,0.1294095368958689,-0.3580626695711745,-1.105835182152118,0
683,0.0655325808300507,0.1151313675078095,0.9444158685402726,0.1366022830127007,1.2283943683343843,1
684,0.0079940295488133,-0.1153349948073361,1.0643121862471825,-0.9784408800414344,2.8144474532661614,0
685,0.3752574781667358,0.3808292528376731,0.5250959739725976,1.8771364753316424,0.7925074116726066,1
686,-1.6050559790039236,1.4034703847675043,-0.3408965794450173,0.1071550728393234,-1.2792539721752665,0
689,-0.3289198703333771,-0.4213372746456993,0.9785928636649645,-0.5382990953166494,-0.0377550344485305,0
691,-0.8461021361773309,0.2363242820282007,-0.9431599243693896,-0.2277655455813428,0.7722114773525048,0
692,0.1018206131032986,-1.4126410226012216,-1.3150291055377534,-1.3811639314907738,0.4914525899395903,1
695,0.6107421557961942,-2.1375005960805877,-0.2228221757572113,1.1379567694000488,0.0183942155713198,0
696,-0.4989375499619459,0.8893462537723492,0.9747518150865816,1.3100396928669502,0.8743424284463873,1
698,-1.2123682930597257,-0.9553115088198088,-0.2820144819352096,0.2414521596024293,1.4408125980042632,0
700,-0.2435280417248615,1.3221358940784769,0.6358433382659322,-1.190483754688355,0.1615246521538467,1
702,0.5107079492135139,-1.3938351520346255,-0.6256241064013961,1.075722967494192,0.356756290308358,0
703,-0.304477807746527,0.4464610212451874,-0.0600922477551314,0.0125785023518332,0.6568185267201376,0
708,0.1770493475099125,0.3520029539376315,-0.1540333165758665,0.4045451930861567,-0.2663970751925087,0
713,1.6765947982456966,0.7173484576086773,-1.19034348816837,0.4906069024558882,0.8508609038591928,1
716,0.6450166893150603,2.054545094620777,0.0784501307779113,-0.0616653192065408,0.309002356085701,1
718,-0.0495903078819393,1.3473232416135588,1.8009906006887368,0.4481421446267063,-0.3765947230234853,1
723,0.8617584942033671,1.1915936141825665,-0.7013441497638416,0.3482030159448188,-0.2655404746292363,1
728,-1.555839411664935,1.6647760587482714,-0.0903190102551299,-0.6474102057016173,-0.2739917648970031,0
730,1.4295319745684398,0.2566944990430854,0.853232662869076,0.7190930460883368,0.6232910662519707,1
731,0.3479344771827106,-0.2328507161155849,1.91543469157286,-0.9069369850959008,0.0043076423431596,1
732,0.0148858752075954,0.4024407533435215,-0.4294726458945011,0.3147463055895877,-0.1688425852029661,0
737,0.2677741974925111,-1.21271879904259,0.4274810421208385,2.6264849090369,1.350170051262012,0
738,0.7183478868941628,-0.0856072977411476,-1.9387526270035256,-1.3222863959001845,1.2827928561027135,0
741,-0.2321256904953572,-0.1785719678938536,0.5969458973088833,-0.1420396082329401,-0.2782537684571728,1
743,-0.8606830431645255,0.7691475019668077,0.4449420625446217,0.4552984384165761,0.2808543487255222,1
745,1.386992729908838,0.2284606817323211,0.6323761925657985,0.2820878908348797,0.2470067074841741,1
751,-0.4967247027937054,-0.1988316029788718,-1.271855184500885,0.3970316022939801,-1.7867265938449102,0
755,-0.9363212750452936,-0.9064310592771632,0.4599002663077703,-0.0711669888530866,-1.885761610571128,0
760,-0.3191057405529746,-0.7487496239809176,-0.2206560732412827,0.3011131671006936,0.9829162064617618,0
761,-2.6251466840968023,-0.8317611742628097,0.1590962421890057,-0.0988631159622858,0.403376242526725,0
762,0.2675402861265538,-0.3048678629934072,-0.5268531959871771,-0.2455014897355009,1.1487423498227427,0
764,0.9588066560109608,1.2319794032650222,-0.0637542649906482,-0.2107189790767625,-0.3290536720482161,1
765,-0.2558231342425823,0.8542398605768328,0.2310099772555139,0.2352897091698694,-1.125223510379835,0
766,-0.9674900773752344,2.14344682477698,-0.1778257252886896,-0.7747719955783602,1.4310991655892973,0
767,0.2818085486835521,0.5781549168645216,-0.1380470752815336,-0.3186730905768041,-0.1695863724972903,0
768,-1.3827381702986268,-0.0879274094198974,0.2960330770426173,1.850463233843754,0.0859990650052155,0
769,-2.334177042210305,-0.0939854327846214,2.739504133108306,0.8663662349850397,-0.8108889438085887,0
770,0.5911065144305567,-0.7420134248897403,-1.3538075195468575,-0.3483693632340722,0.0915264392388612,0
771,-1.872155502433396,-1.149159290538636,0.0103355631823547,-0.4081731759889541,0.3948112711460907,0
772,-1.2146683273085614,0.7141137485533007,-1.183759097060195,1.64273430193763,-1.7157582843783166,0
776,-0.4886825689629625,1.4066155336506443,0.3237188955790649,1.2357828929941417,-0.7556467164251925,1
785,0.8883575248346502,0.7900755494722314,-1.4217620690471156,-1.4342222074576032,-0.7555407187405284,0
786,-1.056265408290668,0.7552517759761007,0.3513096759879177,1.0991839937853107,0.3964868174109183,0
787,0.208649581873369,1.1997297803441704,0.4697273397350485,0.0681009634377188,1.4804530339306854,1
790,-0.726994372407347,2.383861037981873,-0.0661926326887611,-0.4077307716044333,0.025962113433505,0
791,-2.0028137385258296,-0.7598679253449151,0.983239969445404,-0.6289453549327747,-0.8288751628002715,0
792,1.3095256365144003,1.340254400951829,0.5169904721611418,-0.4551173340386673,-0.2394710651163235,1
796,0.3274110951975399,-0.2556397050477955,-0.357530108554535,-1.3677538987970592,-0.8059177786176916,0
797,-0.6220075239016879,-1.123971762429434,0.4399239666876642,1.19662786898701,-0.90806243232915,0
799,-0.6787881738421783,1.0116604137066467,-0.245720773662199,-0.6496037095948308,-1.253305262345163,0
800,0.2532045102953498,0.8952184022261802,0.2733212565368742,2.238831666414424,1.4297874524704182,1
804,0.1953809159387985,0.3618129446049828,-1.356599850939114,-1.5424846078015602,-0.8873900220024538,0
805,-0.9647384430113424,-0.6438240139725026,0.6347106420900043,-0.1689291563247383,0.1963946050101882,1
806,-1.2243034100422616,-0.4616422029209451,0.5872576617448404,0.5949524581768018,-0.7245738281879079,0
807,0.1616623863795536,2.198847853482332,-0.0175979292556381,-0.6931869461424454,-0.1737623893621602,1
808,0.092177107526833,-0.1511683806905494,-0.0313547006765017,-1.4434467969368396,-0.9626304750859512,0
815,-0.8246225712046127,-2.612195798319334,-0.4809166661741407,-0.3956435541260009,-0.5099771763342562,0
816,1.10767733948376,0.8606175223369632,0.0778567242673041,-0.3706130535398622,1.026189668106864,1
820,0.5649406535468146,0.1709383711282999,-0.7781238418605918,1.8504123223750255,-0.3516793796105163,1
821,0.7757523004499094,-2.4186142826957147,1.276470882780929,1.4687637446545818,0.0298337871266382,0
822,0.5587710347377585,0.5585151816075627,-0.6427835696407243,0.5471223054393403,-0.8086304698725554,1
826,1.0171773476202053,-0.7665204469788703,0.3497718177150592,-0.0713160671259347,-1.0527830631116626,0
827,-0.6091031438233208,1.382872239040734,0.2016575426344805,-1.009150341366842,0.3053282873486918,1
829,-1.8410361672928457,0.0943201563810974,1.9944284946810729,-0.116199284359754,-1.7333010446480788,0
830,-0.3959179644105977,1.4545180409590368,0.3760695963207711,-0.8388561095125178,-0.685242807179024,0
834,1.0615187704137568,0.6070534347705518,0.0736565949921945,-0.7461947535570493,-1.0709069958445192,0
836,1.204507551606156,0.0792150478041394,-1.417008913102986,2.3558211815981513,-0.0289417323147646,1
837,0.3843339593134079,0.3995247560451345,-0.367595466160186,-0.7275736818213943,2.1216749850659404,0
838,1.0032058696177506,0.8219372011086765,0.5762891917182107,-1.0033173903616843,1.2775301917402735,1
839,-0.8431326580117493,0.2832867981506457,-1.6393899054645689,-2.0408588506475196,0.3182912026531147,0
840,-0.8090992671949081,-1.9891675712972732,0.5406095029470755,2.120080771050789,1.3895602585800615,0
841,-0.2573178852656725,0.0088453066969457,0.8877062567839132,1.1221280198349068,-0.3435357188256987,0
843,1.3798323297543882,1.2095207024428862,0.4774105734360883,1.7191090700229286,-0.386445762226417,1
846,1.1624630046819957,0.7046478322206475,-0.96099634192432,1.407758805254198,1.2293249313154138,1
847,0.5995845197903774,0.2043476872089541,0.2261080100443712,-0.0787357922393777,0.6407851342526418,1
848,0.0311348529449775,-0.8485249753526413,-1.048591644827592,-0.7520362536522921,0.2221322425494517,0
850,-0.2677108270474744,-0.433426984781509,0.4823862373324524,-1.8365102023750728,-0.7905344497229193,0
854,-1.2712491599124032,-1.0827068222868157,0.3945994213705404,1.8441164133942691,0.3937249993143975,0
857,1.6923151561178125,-0.7141310922000513,-0.6800691540284102,-0.1303942389195303,0.4138473858122382,1
858,-0.4418557822928694,-1.5738589305358854,-0.8656981808817654,1.2813338564645194,0.0747767891355114,0
859,0.451087283703822,-0.2614212071730376,-0.6594976961732696,1.677569449875411,-0.1881918570510806,1
864,-0.7158574437812334,0.1001429124600764,-1.4956602508753674,0.1164684150514219,-0.9332255506893352,0
865,-0.4424729428500109,1.0450646657711238,0.4720095683780737,0.5684095245748191,-1.7712048383918628,1
868,-2.0386105065724083,1.121784150984588,-0.0811071565493611,-0.484800399502237,-0.5603272328297677,0
870,-0.1996318246776329,-1.1479028751900089,0.0889355408892853,-1.464532368313589,-1.0272305966876594,0
871,-0.7506979365041612,0.8439390708915561,-0.3626109504369171,-0.4478664117764606,1.9546925154112464,0
872,0.3524624971887139,0.338994510474826,-0.3697007452087749,-0.5963716676367777,-2.1864064400171506,1
873,0.9687405319235582,0.4483097057563791,-0.1791659932134133,-0.1372267018362557,0.7361442622610551,1
875,-2.202692641135364,-1.5137616266399756,-0.1323456733574863,-0.4724402120724247,-1.3243822080768883,0
881,1.2700429339269252,-0.5332521826826966,0.2447762837986568,-0.0554760162563348,-1.6976223095181229,1
882,1.4283383062639128,-0.1351536070324158,0.7464182196329605,-0.7520287224615594,-0.1648443815797646,1
883,-0.8668523599233547,1.2359984827633934,0.3114093474506757,0.3670535266808881,1.358184147104979,1
884,1.156341296899023,0.7653425361362853,-1.4217273470374627,-0.6956791195166836,-1.0038881360113527,1
885,0.7275336936257992,0.1706519417500514,-1.3905124336305947,-0.1887442130112275,-1.4941123357187784,0
890,-0.7686428049614663,-0.2468858558272829,-1.3442363970167317,0.40613725470544,0.5898502463152723,0
891,2.469196036692818,-0.6218359906044048,-0.2677945736751827,-0.5757585244382156,0.212113701131224,1
894,0.2979331769684146,-0.7502190702421325,1.7856207486213058,0.8868263287992036,-0.6783498788411441,0
896,0.2156987138859522,-0.0419197112423287,0.4310544925996512,0.2293876614924594,0.0590933330250173,1
901,1.601571377895426,0.7495505389261462,-1.008047870874028,-0.9170825522103064,0.60552520522431,0
902,-0.2623781307101668,-0.1693425070213655,1.272238861772098,-0.7486888733699565,0.0912937721754544,1
905,-1.1873231090622745,-0.2361803022326499,0.1887109634112177,-0.704159937574516,1.431477113927417,0
906,0.9085868016131476,0.2901333270887555,1.7942317793285865,-1.4988952796101422,-0.0077262811056817,0
908,1.0578347681289066,0.2723334011283283,-1.8527978150649456,-0.9667935211660346,0.5647100032131608,1
911,1.6235871779728863,0.3597114989041066,0.4623856588503197,0.791498932084825,-1.256983675369349,1
915,0.3625929996965988,-0.8980177534142035,-2.4383374137796223,-0.4771209020180814,0.7609455258811165,0
920,0.7426049592352919,0.0441388966655931,-0.0540751760379082,0.5573965571936229,-0.1156728424794501,0
922,0.0975932608518138,1.9909868798886388,-0.4226829848523273,-0.6660158139603963,-0.5508169173337938,1
928,1.5195246793091843,-0.6135425592891501,0.8809234631991979,-0.0189825996808617,-0.0423047256725987,1
929,-0.835380288848037,-0.0587826515807671,-0.7650961268974169,0.1700243142545705,-0.2362496326236882,0
931,-0.0838225215019636,-0.8675909372632739,0.0704962290211638,-0.6210117548073745,-0.9449338356200992,0
934,-2.5607373856586215,-0.446125608352883,0.5582185755475376,0.1515169717479784,0.2754726109677837,0
936,1.6141139230244876,0.1009015351470678,-0.6232291834461349,-0.6213944935471182,-0.6491231216382576,0
937,-0.7089590210458417,-1.2831478026036598,-1.5004204022205083,-0.1950043776544191,-0.5929258703203995,0
938,1.1071592854432952,0.2930766532669165,0.2653176800779831,-0.7431204075544506,-0.1210284157799757,1
940,0.7928471185176799,-0.4898522085891503,-1.8125883665686415,0.2683589880185226,0.7253240631466256,0
941,0.5753473318075695,0.42218666143744,-0.3485869659549873,-0.8067462514455923,0.5517282690437805,0
942,0.426447416198275,-0.5608990908438263,1.1094241891920569,-0.8828655145476005,-0.5835233787910404,1
946,-0.1560635008219026,-0.2917737191530786,2.2418378000109858,-2.240704260997945,-0.3883339031326461,0
949,0.2524493145923928,0.7532120648278651,-1.2302601475985768,-1.050663899233149,-1.7485180294835236,0
951,-0.6088509081453577,0.1682058071112558,0.8543846606783719,-0.986979755796072,-0.5463243585126668,0
955,0.7150058109935733,-0.8500241677122955,-1.3059823727876074,-0.0714454030476053,0.0315656672899147,0
957,-1.5567159521360834,-1.3190301836685123,0.0119110162486314,1.981199998686964,0.579269811898811,0
960,0.0252628310983904,0.5426763465603288,-0.0143340045119109,0.9739963377594864,-0.46193518926703,1
963,-2.357487458987316,1.8808763070078496,-0.1472883135345575,0.5806226194469853,-1.3781013415340242,0
964,-0.4710002612492502,-0.6723158663204145,1.4697237645085452,-0.5858136068358828,0.7580799869400913,0
965,-0.6504204526731951,-0.452618939653944,-0.2455501652006859,1.2838451268293003,-1.8898526590301183,0
966,-1.315663555274433,-1.9473051656898168,-1.0875021197614505,-0.8116000511921072,-1.614481254090389,0
974,-1.1875265759871734,0.1803353406639138,-1.3517959260633097,-1.1990103925150115,-1.041123135948791,0
977,-0.348772681201302,0.2260595891020252,1.5927284560195685,-0.1718587989869975,1.1793378097192062,1
979,-0.0902897461068142,0.6146440480818223,1.2551584167047227,0.3081750887250822,-0.4456795560532098,1
980,-2.0822412436298743,0.0705895754173379,0.0257701936949912,0.1829287535389576,2.1062402977033328,0
983,0.1023103338088603,-1.7290711467422513,-0.0513428583449694,0.2812064559229048,0.9727923614357404,0
984,-0.3374764031266163,0.8279382674472072,0.1871419867702157,-1.3150546090375794,-1.4151667734825135,0
987,-0.668270005305298,0.2567837815138569,-1.6710590848384548,0.6996732753528626,-0.9535708146940268,0
988,0.3706081088242867,-0.5216203373581595,-0.2644187127247036,-0.7569098727650648,-0.1612294311808015,0
991,2.0650242577008555,0.0800826246230855,-2.1250101249030164,0.6088905165770311,-0.9040891661490804,0
999,1.0774785427196831,-0.343255761836866,0.7806810899257774,0.0497406654445984,-0.8927322092380086,0
1000,-0.2579520932410638,-0.2994858907916149,-0.6966599125054466,0.4284829286558337,0.2346461877047592,0
1003,-0.4192406566732709,-0.9339404526462636,-0.5104408489072796,-1.1905723361133105,0.8834121740905903,0
1004,-0.7767511536063209,1.093534588216267,-0.4006289197700112,-1.043350183617315,-0.4263015880138014,0
1006,1.1618663608635478,0.820599294997656,1.2520435636986629,-0.0527213760041374,1.0138968341027554,1
1008,0.0055311386292705,-0.8242992082176034,0.3760735316957999,-1.8082375550040173,-2.1270975436158617,0
1011,-0.0178486382923916,-0.2727620476710425,-0.3898055114207521,0.0728682378284907,0.0344074959855275,0
1012,-1.0484276425345258,0.8017959099004475,-0.9763852077662584,-0.2182334445471739,-0.2952804727200515,0
1013,0.3581036126592158,-2.119103940217333,0.8909098149294582,-0.6769903476121641,1.2199632947770542,0
1014,-0.4781649245161544,-0.0488435857340105,1.9137860400684237,-0.2773382087936684,1.2388498846734588,0
1019,-0.252757690534425,1.0757056248263943,2.3118311256428297,-0.9470628270939518,-1.0220872459766968,1
1020,-0.8777560655285767,1.6061991600164909,1.0423553170296844,-0.1355278177936484,0.0365596644008742,1
1021,-0.8165436261967214,0.8900271577431841,-0.3799018241085537,-0.2600765394549993,0.6087897715292568,1
1022,-0.1879949380832211,-0.2349659934978464,0.010575205529075,0.7953554137930766,1.6464930754838332,1
1024,0.1712408246005713,-1.4226286487497493,-0.328069623425598,-0.0828970234815535,-0.5104578670284787,0
1027,-0.3232825985163624,0.4134795440557214,0.4613501119857061,-0.5813184819652049,0.4688696025418848,0
1031,-0.8756287324967398,-0.6472779240873159,0.4949313045232986,-0.62412105506294,-2.117243312120527,0
1033,-0.6986324146624537,-1.8893975878739204,-1.0994618867805035,1.0163232025406992,2.2317861454923915,0
1036,-0.6690451241738223,-0.0798463641057394,-0.0603142531137534,2.996239095398143,-1.0772278744747588,0
1038,0.1064861946026817,0.5113989961743719,0.3276005842711286,0.5702009039120914,1.412607900636232,1
1039,0.9369665419143416,0.0712946134974369,-1.171758351883278,-0.6000052747111194,-0.2196311519174153,0
1042,0.3797521884986969,0.7402230636056872,-0.5494270197753985,-0.4370273076100017,0.5374297701390774,1
1043,-0.713995097234679,-0.7827339115972951,1.1964984781862904,0.8841877387127871,0.6015500023439195,0
1045,0.3871617791163626,0.0489248246801561,-0.2753092123620546,0.3671443768862054,-0.3117479089045521,1
1046,0.8678761000651124,-1.5864566445522004,-0.5415758617942777,2.0448232484766464,-0.6260804635723924,0
1047,-0.238683723063478,-0.8825809333500763,0.3358456728858239,-0.7362648901421949,-0.1856109348070501,0
1050,-0.0970591258741409,1.426326976900034,1.7095346156262687,1.4783291004402292,0.7851923067296196,1
1051,-1.255660206295572,0.4871618178256701,-1.2414023780529977,-1.4874711933807585,0.2391586845772385,0
1053,-0.1049766846846663,-1.5071167856344878,-2.0033691294001956,0.7406427098430741,-0.7531243937909587,0
1056,-1.5258569827326718,0.382871135371471,-0.9948072371447516,0.9082614092673243,0.2984312361750658,0
1057,0.3793443491806136,-0.94488961760226,-0.7655879132883234,0.927250507345886,1.7707977217275628,0
1060,-0.7663886801111608,-0.8095174571305996,0.9882844031026584,1.191550812650145,1.51214355812192,1
1064,0.6946885223972068,-1.526585856687684,-0.6548956413099721,-0.840485162328919,0.0216981710599161,0
1067,-1.0601538975982672,0.7957210808805493,0.8923733745114522,0.3149672871517889,1.1314243705027294,0
1072,-0.501628556371903,0.1376246052072956,1.923627220422718,-0.323922473928551,0.2917110090941066,0
1073,1.9947464184091128,-0.5500155783725553,1.814675348928969,0.0053230066271072,1.7818962258649262,1
1074,0.7502011249463191,0.3071083625824217,-0.0656306818865865,-0.6240414398792106,0.0757915499643527,1
1077,1.14599030831256,-1.2518522121799116,-0.2640759699918621,-0.9306035546895124,-0.2675125219152582,0
1078,1.6044099960353544,-1.4226006487830172,-1.61886529328019,-0.8285541534336024,0.2873106025759928,0
1082,0.7772165364561262,1.2871702425080878,-0.5350294543083745,0.9272264856887904,1.3609015874770531,1
1086,-1.5074811997787745,0.3153420177865781,-1.086535026234292,1.0188112432067429,-0.938544547309233,0
1088,-0.0057675461827832,-1.329891022440581,0.7277861503101892,-0.0529586636630279,1.1617347900146988,0
1093,0.4861553100763835,0.8067798305481017,1.4768086311982076,0.3717676405528632,0.9245753565951862,0
1095,-1.061192189335421,-0.8816276824763011,0.6354093010182902,0.8866900754060961,-0.9856561689666804,1
1099,0.35241937901004,-0.600696627769337,0.5899608453629039,0.7232630598237696,-0.7685457897914107,0
1101,-0.9453826793598152,-0.513451987049109,-1.225330681582599,0.1711138985312706,0.4257145945849076,0
1102,0.4023653484198223,0.0123611319052593,-1.5410729965013945,-0.6199536638928509,-0.4073066723184845,0
1103,-0.4032953129206253,0.0749812179898363,1.4255413723710189,0.8120962126845997,-0.9875177798486946,0
1105,-1.4099534900144448,0.4552027246371418,0.2169618236145243,-0.2276776291858277,-0.0374530849832995,0
1106,-0.719085478888462,0.6101305037971094,-0.0434506345089259,0.1664488439482279,0.3571419244288725,1
1107,-1.154585614426325,-0.894283021882052,-2.2099444596162092,0.564742258490407,-1.2122100237467663,0
1108,0.1325697098956523,0.3709882249395528,0.6023528388925202,-1.2040169138360592,-0.065161618140691,0
1110,0.718621625391053,-0.1580212287468408,0.5605282752728444,-0.6328434548521167,-0.1729331128399288,0
1111,0.1641473600764247,0.2462780914938584,0.4937227144602481,-0.5791949845248994,-1.3432844521102028,1
1112,1.6247850398997947,2.489254169023358,0.4474207112023786,-1.3239920947301105,-0.7731951168428768,1
1113,0.509117569050969,1.341115611681286,-1.2128906345418562,-0.1243328208489012,0.195932064443969,0
1114,0.8645784512858746,-0.3436010944003793,-1.5638146913219246,0.6211975594529023,1.124795965171238,0
1116,0.3874958478144609,0.4903685994018825,1.502115147994613,-1.054842334318573,-0.5520262681594221,1
1121,-1.261123731347135,-0.2161722233219656,0.1014000334052566,0.2294564744446623,0.4695363670158261,0
1122,0.9213301978776852,-0.6921540716928671,-0.6830756072090113,1.4508566797431588,0.7709815891931486,1
1123,-0.3907709421333212,-0.1072111689522367,-0.1027139466748985,0.0315741222813829,0.4726830922386131,1
1126,-1.9959075861197932,1.5193876756455122,-2.771955630625928,0.9379989450534132,-0.0086486260122402,0
1127,-2.3499712152446164,0.4461378272397865,1.1508397491520586,0.3638870038215731,0.584827637059613,0
1128,-0.4116761123390616,-1.861389755221022,0.6918640223370642,1.7497539194462957,1.129580854227459,1
1129,-1.987875829601346,-1.5148944072109338,-0.8459677417973405,-1.5929754512801433,0.0441899195560391,0
1130,0.3934158051805228,-1.4302532832423676,0.7771284592755282,0.601103944020014,-0.5481591248437031,0
1137,-1.7339224032296623,1.5326278923931278,1.371067390768662,0.600745162884758,-0.8960888077757798,1
1139,2.2011031387545934,0.2487222603190195,-0.3970307995787248,-0.6118048834597958,-1.846996177190627,1
1142,0.8671818141120127,-3.131904818744181,0.382845708865145,2.5703219809445987,-1.508373387331847,0
1144,0.1523003725473193,0.7972725611692801,0.0167507090717422,3.179864488823514,0.1513469336567411,1
1145,0.1952820984897043,-1.7104680495732754,-0.5434503273034238,1.1473776817998096,-1.3354568503598725,0
1148,0.7656955258921091,1.1323159425473457,0.5835250918333419,0.6536827088113185,0.5207208987017389,1
1149,0.8684723215011957,-1.8187577691239185,-1.5010594336215146,-0.7360079001897717,-0.1298201716725532,0
1152,2.4112440396396844,0.5664086773974751,-0.595703275413406,1.927369755230228,-0.3474311704861944,1
1153,0.1325193858280577,-0.4871158103976272,1.651991837443339,-0.1049847063058803,0.1494841007395092,1
1154,1.2037821530254462,0.5851394574610765,-0.0543480651340719,1.110390972357463,2.538483229427952,1
1155,0.3174104487994213,0.1167600878725663,0.1706270836190815,1.3104295008315177,-0.5991977350329224,1
1157,1.7690833257701195,0.5359928049252244,-0.9120785101897938,-0.7279804853641153,1.3747486832306544,1
1158,1.1266103486291923,0.028149910224203,-0.4425264655388322,1.1249328357046429,-0.9933271267246864,1
1161,-0.3772356740962733,-0.9615653911218296,-0.1499356004675666,-0.5623683829231909,-1.0110326867032555,0
1163,-0.4131099527967148,0.2725526229714672,-0.2690304842606603,0.43846362477666,0.3416908859581642,0
1176,1.132051367210679,-0.3621911340549811,-0.0509758653052516,-0.0598543976958514,0.7825181806723981,1
1179,-0.2166932540559204,0.5760695035613909,1.6739744952710462,0.4337691222144516,0.4545318718688109,1
1189,-1.82331714352279,0.8433448919249784,-0.8885846247569626,1.0489037151715823,3.208160913916495,0
1198,-2.123874919888356,0.9222479411719372,0.243017561348193,-0.3139424547478518,-0.9661853720724374,0
1201,0.5452422044284568,-1.0034794095040838,-1.421728741448699,-0.1884734103735637,0.4109711090300115,0
1208,2.133160518003324,-0.061883235127395,-1.3443948032833053,-1.3447447463164128,0.7765655517115755,0
1209,-0.0597461789604436,0.876830896064053,-0.5336342491593495,0.8306235475398316,-0.1582991734497254,1
1210,-0.7325040553239491,-0.4009984788023845,-1.1970543554232365,1.9893595585816115,-0.096381813558487,0
1211,0.644514088682196,-0.5368691328707993,-1.0519278219798232,-0.2338805109179351,1.1011925333791983,0
1212,-0.5207317913982836,-0.8705319727294154,0.1554642443691435,0.4990226007177441,1.642848168853183,0
1216,-0.8124011585565369,-2.20284938250963,0.3621249759426975,-1.1012568208112323,-1.0730001540983545,0
1217,-1.3725142171743974,0.777355062737863,0.7114636515675471,1.8120338910787857,-0.6857066210729733,0
1220,-0.3245968958970149,-0.7085114868189184,-0.559935794361552,1.7423138461962333,0.3074107664940235,0
1221,0.1746118475012049,-0.2622468585369467,2.4459786114380284,1.305010488846425,-0.7210621147987927,1
1222,-0.2736150547046242,-0.2142445433709103,0.1458719782825994,-0.7012259926314353,0.4388165233616966,0
1223,1.4520881320393144,-1.3136281090041633,-1.128146737092067,-0.4831585552973069,-0.4367955601078296,0
1225,-1.4517054137653986,0.7817402280478173,0.4910546048087854,1.2859973646782836,-0.2108297133561673,0
1226,-0.1417791462003969,0.1700455285606357,0.8918975755070955,-1.470215622097479,0.7360561337383746,1
1234,1.3261290700366843,-1.8470895859203031,-0.3134258326835941,-1.2015194659187214,1.7111015603628703,1
1235,0.2442782822759085,-0.767795559731436,0.034157943540789,-2.607365529068484,-1.0849613034565766,0
1237,-1.451453324373272,0.2291828347841731,0.0659745031060034,1.7143803203566024,-0.2301361931116376,0
1238,-0.1716005983750702,0.8549597531646885,-1.3263486680493446,-0.2208832065508586,-0.4557250108405105,0
1243,-0.2885527802563999,-0.0083676277188899,-0.6616243924638191,0.9040649493002596,-0.6934133311673524,0
1246,0.0102867273374753,0.8645851955276563,-0.0998453738714365,1.808299094493722,-0.1565385777150951,1
1247,-0.2376836384052799,-0.1710321216177317,-1.31664142865801,-1.036726846758685,-0.5306668897390933,1
1250,-0.2676270648960785,0.7183479613308372,1.0072990673581124,-0.5714495709282644,0.2194399586199314,0
1251,0.9265600692170584,-1.1602871459598532,0.0123454574261398,-1.1143896530507154,-0.9835804969268108,0
1254,0.3734403532155694,-2.028469418831545,0.5368174565978674,3.1018858037448633,-0.1226762211147203,0
1255,-0.1191250337163307,0.7436070000996834,1.645332668197962,0.974967844434135,-2.1556068785835505,0
1256,0.5633988376627469,2.5719301452416747,0.6224410467594651,-1.1546019132717495,0.281829624418614,1
1265,2.564513318292758,-0.1215985903465424,-0.4354056274273896,1.0153318243818528,0.2395836441455219,1
1266,1.4393357712113763,0.1646876198197184,-0.2484232079710333,-1.783724888094555,-1.61973469381174,1
1268,-0.2441869191016688,-0.8438550752043381,0.6222587482702062,-0.8044978195424114,-0.9853780040698809,0
1271,-0.1888688493044764,0.8070971156549623,0.7342234990261364,1.1468517551500457,-0.8406237071641448,1
1272,1.075635401278862,1.8464398509114404,-0.2586929792418571,0.0347060671421224,-0.5234466424801542,1
1273,-0.3464362521850999,1.7114227989324904,-1.004234526130204,-0.942118821850772,1.610900936414377,1
1274,0.6245484258883623,2.120370249042524,-0.4504386378258532,0.1262811372375693,-0.6606769437718044,1
1277,2.0744513948094574,1.4855214886442982,-1.5051279426706532,-0.5367380603433028,0.4214507405553377,1
1279,-0.2532287026174467,1.168003385326591,-1.2670884031299756,-1.0280092978965083,0.72166195980949,0
1283,-1.0141596921402125,1.3603397390464531,-0.142482424386605,1.890730176101206,-0.0953478384960559,0
1284,-0.0359786961914959,0.6408941585421234,-2.672587582219401,0.2049393236535748,-0.0489864880609516,0
1285,1.4860388935151474,0.9646793941636173,-1.1336916855468009,1.2421386186275805,-0.2623145255809951,1
1290,0.8004183579152141,0.315581254197363,-0.3218727101899445,0.3316965787145939,-0.0217084598877026,1
1297,-0.5603007768981497,-0.0683477883619633,-0.0283133356522669,-0.7679554337401511,-0.7691302177438546,1
1299,-1.9727042241938353,-0.040746357817193,0.8679799343482604,0.451229385521833,2.229795115194971,0
1300,1.251109482312179,1.4489340247508535,2.800085935914326,0.7581562617745978,0.163070207932701,1
1302,-0.6519090880198202,-0.6869284998617177,0.4134732931055044,-0.1377114407805671,-1.927521135716747,0
1304,1.065279371699199,0.7528018229417711,1.071902956182658,0.6083961914591229,0.2096793090914896,1
1305,1.0993517422876555,0.9194127917400996,0.3760953675539912,1.2710718708601425,-2.3457882425033967,1
1306,-0.2904631741404498,-0.305790465651731,1.1526828774815705,1.5713949969507697,-1.4501793702102626,1
1308,-1.5584172797168765,0.6498779734925669,0.6794024247266021,1.0540415961636709,-0.4334553297778651,0
1310,0.0055408427917976,-1.085570234915503,-0.2583203572711174,-0.1260755363699093,-0.6576861087924688,0
1311,0.0644689261026724,0.6281492777578134,-0.2362664450310019,-0.4531947339687356,-0.1657649166538721,0
1312,-0.0074363466455893,-1.740319565334422,0.4615539179612786,-0.4510012294467944,1.2615350748110512,0
1316,-1.9490385689179244,-0.4467974061388702,0.1620918085588407,0.4156659699331173,-0.141718095543832,0
1318,0.3831690226561928,1.7182372414513811,0.7863236682915793,1.2145568559539437,-0.61060739629963,0
1319,-0.5241829062550026,-0.2353799928129901,-0.143572646638164,-1.0080249578028904,1.2659336265568182,0
1321,-1.34430712352563,-0.1456610731974348,-0.0580385279057953,0.6236420996116513,-0.6284376011821333,0
1323,0.582746440658099,0.0815302792314893,-0.0323912767814376,1.104183382169693,-0.5901104521574382,0
1324,-0.1402837877405988,-1.0892581201383016,1.418906048695304,0.3924989370016137,-0.7075232960039459,1
1326,0.3389618992411148,-0.3580542792106851,-0.4537577347627461,-1.3360617550554057,0.0776405765271696,0
1328,0.5527285008997627,-0.2406702786357212,-0.5669983359412419,-1.0439156413224373,-0.593156507338082,0
1331,1.3749077114679673,-0.4030738610061444,-0.2155633746625817,1.0716318398890723,-1.810445704358312,0
1333,-0.2647717709047338,-0.4183850696159234,0.8117590984793583,-0.1125699069679908,-0.9109072141999566,0
1334,-0.1721851612951242,0.5147842369624097,-1.1837213277652818,-1.6462336889699805,1.99274280083532,1
1335,-0.6424266797084363,-0.1373529869195227,-0.3977954058255726,0.548087704082142,1.7727899230910438,0
1336,0.5799338417292843,-1.518365147539991,-1.38412342700853,-0.3989647753269165,-0.2682331995332666,0
1337,-1.7219512695466006,0.8193409201744406,-1.0863205578814783,1.4933015621257557,1.820632597205721,0
1338,-0.2482535326321773,0.4389726404181848,-1.2319472220842016,0.6236763264791144,-0.49819242343437,0
1341,-0.0010132325366156,-0.4901961134780198,-0.3437286715378546,0.8013572363555488,1.4998267972288106,0
1343,-1.1463009057286688,-0.4375733069841293,0.249605631014942,-1.9118151597515047,-0.0463537025807657,0
1346,0.9181462252078332,-0.1005088368141984,-0.3310505314720804,-1.3698434652121445,0.5957479067117164,0
1349,0.3299028815939605,-0.3068683125602983,0.6606729130022508,-0.0154707628368021,-0.3692132914688104,0
1350,0.6960047866482002,-0.1439721092211305,-0.7983347787388269,0.5998267754606512,-0.0639856556285652,1
1355,1.0823430544352473,-0.7701280826406874,-0.0948085593899885,-1.2345022797926115,1.5568946000974326,1
1357,-1.1052048408175186,-1.762118012472544,-0.6459651318937749,-1.4546381225299396,-0.6228208365228246,0
1358,0.7444087336977152,-0.3754001639752333,0.3556933821137109,-0.7233346595322319,0.0651690663642313,1
1359,1.920900822086021,-0.3484860780268965,0.3844294376196587,-1.5655272274684384,1.5201061224168706,1
1362,0.3495579486320601,-0.4619930023542609,0.0499759747065955,-1.074693701691767,0.2475569846887941,0
1365,1.172112927476695,-1.9792524766837776,-2.557679737834006,-0.3992910617499062,-1.378564143602109,0
1372,-0.0108637466981959,-1.2949669784744322,1.546433896156051,0.0763068108490464,-0.2891643984106122,0
1375,0.7597569730181432,-0.8758399540230916,-0.4864223731992286,0.0010471860825368,0.1212241836893565,1
1376,-1.706096940217759,-0.2308058654880165,0.7952302186437133,-0.3783380345239026,-0.2247317542133216,0
1377,0.1624060508427265,-0.125960432546999,-1.0305155023876045,-0.0363461236669045,0.994073170005896,0
1379,-0.8501996336058633,0.0922656001431773,-1.2036002148954528,-1.0334955314604064,-1.4601335298517806,0
1380,-1.0667792375574,1.3573375839998063,-0.733118331282596,0.4662251226514788,-0.8363014199559217,0
1381,0.7595337457632192,-1.0260820009313156,0.0392279277617564,0.0528513098689488,2.3278053364265916,0
1385,-0.979394166902769,-1.3486756563739577,-0.2299991960277821,-0.7570295658504664,0.2052310917029779,0
1389,1.199554469825827,1.9554865439637883,0.7593337714584683,1.382520642408226,0.76677429226312,1
1390,1.7098992559273836,1.8508536342912676,0.9511651707789268,0.7063801464245854,-0.2052321719373674,1
1391,-0.0413372809639098,-0.3378373313502621,0.6212516108950558,-0.7203480373593485,-0.1911062097799099,0
1392,-2.3551698851783,1.7230898947725095,-0.2204745825863184,0.4555804373365769,1.4577866947114024,0
1399,1.0824214516169486,-0.3100953085894309,-1.0442220155761586,0.0760944789225162,0.4706495861040717,1
1400,-1.4607253059719505,-0.890608297007585,-0.7191868959629409,-0.2078221887203765,-0.7610339036267858,0
1404,0.124015318605605,1.214721474497781,-0.6003824289163511,0.7673386977205734,0.0418544757824776,1
1409,0.1410953821621393,0.5714492255163438,0.7261290561155536,0.2738839382596821,0.9973845837063676,1
1415,-2.278689003445357,0.5893505016383412,-0.3338848259935533,-0.9123181245536214,0.3365442242759801,0
1416,1.2274512968086555,1.039143831484181,-0.1351130309066286,0.8757409637609486,0.8680678984458442,1
1417,-0.0873712704931668,-0.693080551988208,-0.6352340311223299,0.837853348868137,-0.0421468137126906,0
1419,1.2397069070691236,-1.3089244768534851,-0.0451373805128449,-0.1706941462188697,0.3797428756279606,1
1420,1.239159998420435,-1.329451814662408,0.5697979487057669,1.0315237749937014,-0.1863770639567827,1
1423,-0.1147457060000905,0.1944058769405683,-1.1446002377868172,-0.3601380635770134,-1.4093693875585418,0
1427,2.507724785506933,-0.7707251514982087,-0.5579720085461926,3.2938541083681483,0.4210133024605525,1
1430,-0.4444445237930985,0.6113544202582081,1.2092153926844609,0.1347380435175534,1.801642604346506,0
1433,0.7736918910987685,0.6631123810657311,0.1671532875848412,-1.3672128913019983,1.7907227386811706,0
1436,-0.1902229183230988,0.3381059215063302,-0.4411577469454448,0.2522642640034325,0.2042209256216355,1
1438,-0.5289250591457441,-1.0720517723736782,1.0156622833856628,-0.9690524761897972,-0.6989163374066718,0
1439,1.255407710486642,-0.5705827018536505,-0.1881426851380966,-1.0120290009165358,0.8329512076226846,1
1444,0.6507394276572277,-0.0655465417829623,0.5768853105986501,-0.1829107901877077,-0.7871176352071059,0
1445,0.1141175711386139,-1.2626745120183225,0.5394385206366479,-0.9371492065131336,0.9182325265334488,0
1446,-0.3384557462419147,1.062533516309917,-1.1226231885883151,-0.6777697007288204,0.3809349468485706,1
1451,-0.3060101230968087,1.6743592401868217,-0.7194038196869753,1.3914331792553123,-1.0412392363121137,1
1455,-0.5898869406977998,2.161941781188503,-0.25326160965881,-0.7401741042942273,1.1525825789013922,1
1457,0.543989614322619,-0.3964658820465088,1.539851486530245,-0.6061869476341336,1.0512259737259262,0
1460,0.1638807690760402,-0.5988263454567843,-0.5551717243497534,-0.1185875888248304,-0.0447576412357951,0
1463,-0.0157789203729609,-1.215253464302734,-0.1698170360950734,-0.9370084285957558,-0.2774035847561625,0
1466,0.0645679743873905,2.4940228163819067,-0.3650979760107541,1.97289585478048,-0.1567917906957552,1
1467,1.3360485972587004,1.6966917372324548,-1.0229499281807124,-0.4849980782908685,-1.0329792256985308,1
1471,-1.0342608591401172,0.1474906544329386,-0.3610184347262918,-1.3427539492825105,0.6714848950092839,0
1472,-0.5637251508977961,-0.4063792147370691,-0.4625788472870845,1.235478597464147,-0.0409161617733923,0
1473,0.0790998205458215,-0.440636154386397,0.4628668222549053,1.3493180484506715,0.6478608174865064,1
1475,-0.7258640424932256,-1.064537024755998,-1.872175740870574,-1.346529213134141,-0.2565255573426003,0
1476,-0.0694263668188844,-0.7930537761305755,0.0789252126832259,-0.4338336409083763,1.0905735873738482,1
1477,-0.1616257640248373,0.6963308814017153,0.2032137622946925,-1.402071039244055,-0.0906581757371754,1
1478,-1.2356240993286836,-0.1081208382169212,-0.7451308172306892,0.3819630334848083,-1.3423543374662013,0
1482,0.8097847602782187,-0.9116623761687532,-0.4707239222515068,0.9236541553689124,-1.7502154648460704,1
1485,-1.4463073545301135,0.4925915516448721,-0.3308664018044421,-0.1665983076496178,1.0482643763908095,0
1486,-0.7194355565168952,1.3511843284590006,1.4444752993730932,0.752784437364372,-0.980620810767422,1
1487,-2.1862932456269317,1.078834914259941,0.1113850613310796,-0.7451974708214624,1.1735623437556026,0
1489,1.0891371839133617,0.2111107436211299,1.2474263368236806,1.133602358005998,0.0077383344216193,1
1490,-2.3367413763573883,-1.1057722952153066,0.7633341123844894,-1.550251420285287,-0.32669258858695,0
1492,0.3509129698101024,-0.154246827396094,1.0492683488858106,-0.7991438330284719,0.1201609333790435,1
1493,0.445212710247019,-0.4002328099058566,0.8397099365599667,0.1489585412423495,0.7888457131522739,1
1495,0.6355104445203323,-1.0229651662224015,0.1808634246548314,-2.3737760535354258,-0.5739401636994166,0
1496,0.9610276766199058,-0.1251455887111595,0.1179126696660312,-3.0163812465202113,-0.3922536181361517,0
1502,0.9700585902076034,-1.2136027781391423,0.3009792744381588,0.1582970372179157,0.96045507747167,1
1503,-0.1331318717369312,0.7911309671975586,-0.172220138094098,0.4343925265848003,-1.5029410872472406,1
1506,-0.3170296197898335,-0.6531929062291528,-1.4981453844153232,1.552367006662473,0.42141090704854,1
1507,0.4530611058943021,3.11670424132392,0.3250447411862994,-1.3023214051000322,-0.1959035749929761,1
1509,1.592501633672296,0.2988480444383938,-0.2254720347002382,0.757637829515743,0.471067274849391,1
1514,-2.599534498370238,0.6413037147573276,-0.5581517858957178,0.453080074687763,-0.014135259210628,0
1515,-0.1926876260868277,-0.1022357279621412,-0.02242430826978,1.3444049720902438,-0.0196601870850874,1
1516,1.0855361331812003,0.9399058658456572,0.667045547583653,-1.7866188201296775,1.116632656161607,1
1519,-1.3010944965313112,-0.0137543796092305,-1.0827403138959597,-0.3954437943139856,0.925299563969576,0
1520,0.2541906765576573,-1.4821704988805215,0.8514881269138698,-0.0070997619091425,-0.5421852684093387,1
1522,-0.0813852044822171,-0.4051051717305899,1.179965739457589,-0.5248785081420402,-1.5449798588116046,0
1525,0.0045050655093509,0.3085133646132903,-1.6869662386085398,-0.1893203225678978,-0.3030561853656883,1
1528,-0.3540688093694581,0.8593960904904201,-1.332197713291012,-0.8236959765713334,0.4556899185549212,0
1529,1.225756448723621,-2.201968596139199,1.3744712159904158,-0.1401351284280061,-1.883874961937163,0
1531,-0.5494871775609635,-1.108040546446171,-0.413086387660893,0.0336102869115772,0.2307727949552773,0
1535,-1.2825446297039873,-0.204942266361635,-0.626190369125724,-0.4028859571756349,-0.7498950313803366,0
1537,-1.5193993525582523,0.2440602259817677,0.5033173640541875,0.256548221854165,-0.7874043932993874,0
1542,-0.5637769789954712,1.031413062940705,1.4780317943269636,-0.7007926109189417,-0.7230075427232033,1
1546,-0.292671293351856,-0.1286942385447029,-0.9525115680935066,-0.9698680228109412,1.5067685921185607,0
1550,-0.6886720403226348,0.1862158623581347,-2.031933190043703,-0.0132235758485581,0.3114293738000644,0
1551,-0.2830371808709837,0.5253209680530518,0.223724158326204,-0.5416542593988953,-1.9361893602594904,0
1557,2.150219214422729,-0.219990917713377,0.5969309928230956,-0.3346528576816054,-0.3547636723554835,1
1559,-1.196700117584515,-0.577147177554855,-0.8984404667540822,1.4425303940118088,-0.8694084448546713,0
1560,0.5622998447261367,0.97016147340598,-0.1461229114154082,-1.3768110009404684,-1.3641538587636903,0
1566,2.0693711516288884,2.122197504272245,0.2820719962272996,0.5526011803546168,1.1916714356246376,1
1569,0.995030778384006,0.5766802341299105,0.3954586487991415,-1.497346748720268,0.5906430799968742,1
1570,0.6293979455233839,1.24519265376873,2.118209812430197,-1.6925606735716086,-0.3884768256182133,1
1572,-1.1014142111807836,-1.041121467392606,-1.0242252710980422,-0.3603275874259869,-1.2285902159118465,0
1573,-0.0485714887992705,-0.1654901946308669,-0.78651511399908,0.8737662540561958,-0.0595005282867368,0
1574,1.0626473640318037,-0.195049851204432,-0.0241948882313546,-0.5627824046817108,-0.0070465405354845,0
1578,-0.0041787934126583,-0.4796809767042588,-0.3869625973054321,-0.5972376643263394,1.6503691678190435,1
1582,0.5953868539788023,-0.2618271931357455,-0.162150420975282,-1.6914440977018532,-1.0981023530893264,0
1583,-0.4779589125675662,-0.672325600147821,0.1178360755176312,0.5834681266318139,2.269612569285197,0
1584,-0.0200170300309254,1.1154026630969456,-0.8299727769797747,-1.6749463149753558,-0.3523016467101246,1
1587,-0.7333943346780494,-0.5408976902627972,0.3448317094770465,0.5932193807041102,0.7684837373405985,0
1598,0.1398340950149816,-0.6439142123637804,2.6568094914699993,-1.4093332454653158,-0.584736077234459,1
1601,-1.864102032152144,0.099093008521929,-0.7939894278319191,-0.1863824259605165,-1.6853718648166949,0
1602,0.4048722867190754,-1.696568695575608,0.1482846067915864,-1.2265055930225497,-0.8496410351358846,0
1604,1.4989716624408718,-1.4655056561789015,0.7461003345449032,-0.4933377145999715,-0.9303001426393164,1
1607,-1.6272078065504278,-0.1312734750863862,-1.383846493845586,0.2767020176048846,1.6419301758536975,1
1612,-0.4081087616778623,-0.9537740393650874,1.2769736607501632,0.5439072025914127,0.3285843415236424,0
1613,-0.6336320849451457,0.4256638126367649,-1.085278059661935,0.6340623560790319,1.3788866996062104,0
1614,1.6310455439079523,0.708524054109816,-1.3820215496211217,0.1973301309460215,2.139681744057713,1
1618,1.215004019081943,4.0258240427272645,0.6912820989229157,0.0996722075468364,-1.2978629709921603,1
1619,-0.6374814493171534,-0.213710233947304,-0.5346002402671326,-0.0160778345268481,1.7780160768072877,0
1622,-0.1104540113077139,0.7345109113086175,-0.5157465846241712,-0.8321419019739364,0.7271692496802824,0
1623,-0.4683223733141591,0.5420546505486971,-1.1115156549745906,-1.3523330192363985,0.755269157570397,0
1625,-1.5229587639944702,1.251460709180625,1.3205047074823832,0.8600895142660753,-0.6878075170104481,0
1626,-0.8165238367253593,-0.2100557729981995,-1.2950396768313994,-0.9616939987535968,0.644734291509046,0
1627,0.6493491142241571,-1.0495748265349565,0.6761219353000746,0.4543033057398061,1.5098862545771037,0
1628,0.5691364418675215,1.058581053734378,0.4770775909302112,0.979929109697188,-1.287117156567775,1
1633,1.077267903716688,-0.031538782097767,-1.1340686394233277,-1.3620621765844554,-0.411551694957522,0
1634,-0.6870007339139083,-0.7195469089581323,-0.3263134554712441,-0.1022470928856868,0.4852119476452963,0
1636,0.2322465927238575,-1.6135898119594243,0.4181813615867647,0.5456637227439788,-0.1251280282447381,0
1637,-1.2133966744092013,1.7580546953134628,-1.0698839135812572,0.6607722064159335,0.2000505290639352,1
1639,-0.6310994500441196,0.1635580113952678,-1.29308360801579,-1.0332812273367524,0.0513866704361863,0
1644,-1.2538295424529111,-0.6191360429413364,-0.90373155594632,1.7763192980405802,0.9060104275706083,1
1646,0.4522307491459129,-0.097459125513444,0.2480135107142259,0.0783364599531262,-0.1635774020223173,0
1647,-0.2961455921908937,-0.4262648726777842,0.231937508628588,0.4108155891994561,0.1983591673188339,0
1652,-1.5540788210206211,0.25269648877761,-0.0457620649431391,0.1299662921159966,0.0356297134905665,0
1655,-0.3070720588525084,-0.9929123738972822,-0.3143174292336339,0.7119601713434042,0.4068278548291754,0
1656,0.4032513705988798,-0.2143443867971277,-0.3738026188129753,-0.1798572442932778,0.7244754501652129,0
1657,0.8407274281704181,-1.0062416496712276,0.7623425594314492,-0.6507212307562297,0.4689216518410533,0
1658,-0.1919657424624881,1.5657885492389845,-0.4180746289811456,0.1786118408947832,0.6065931575594277,1
1660,1.1120145981367944,-0.5985507347603333,0.5664078826716058,0.3145950020311442,-1.3969801157751758,1
1663,0.4546210235674894,0.4796183236469392,-2.4341792984085067,2.0154063637827733,0.5285534835483313,0
1666,-1.188379039457672,2.24556942533919,2.237948634987012,1.6326995854665105,1.27547898577451,1
1668,1.1288244629225053,-0.0313391076554353,-1.2251842573311502,-0.5862006765789738,-1.8211455848875095,0
1673,-0.0127560504812496,-0.568812670082858,-0.5261927459918712,0.2933208716855082,-0.9768881363874414,0
1676,-1.9599520832598905,-0.0962098618927768,1.456688850916263,-0.785020405266872,-0.2128388104256702,0
1679,-0.3858781127552457,-0.6717888999774754,0.4986584096210017,-1.1437157779742886,0.7705022138557944,0
1680,-0.4783373884913608,1.159096444094184,-0.3927375782295672,0.6319096665579241,0.1795623737729058,0
1681,0.7439018737144868,0.1099468921476272,-1.6633974123432438,1.008793539242132,-0.0876829224579072,1
1683,-0.3032490294105138,0.936429279466497,-0.1782009428630232,1.0234097774482882,0.4233044842091017,1
1685,0.5311744436838554,0.046360076249706,0.1246040427454218,1.7234107569382986,1.2017300310395511,1
1691,0.3299953539989592,0.7434068412782634,-0.5664418879967954,-1.1161079926843374,0.3858184678719781,1
1694,0.405175140192551,-0.5121598443613099,0.2978244424866034,1.5023554712759948,0.2051446873090275,1
1695,-1.63314793581862,0.2032003381006422,2.043956971212609,-1.2873908131155956,0.0297246618290221,0
1698,0.2757814119258398,2.0540002884718427,0.4582354772858612,0.6867473541616795,-0.413031325014455,1
1700,0.0351505793905089,0.2097189142673235,-0.7535073194282543,-1.448167521302657,-1.126798357759941,0
1703,-1.902901562093312,-1.9857989907109712,0.0032857844490918,0.0961271893923059,0.4042151360189733,0
1705,-0.3242272499251918,-0.0531851517170779,2.4754181395979424,-0.1947602267306868,0.5561568651990907,1
1706,0.646309433386353,0.7314016437182146,0.2894872654112523,0.1938407944105096,0.1003342898371161,1
1709,-0.770866172095378,-0.4835883094231571,2.1813757938785363,0.0962612497689724,1.8233619727003787,1
1712,1.0095421538694018,1.103453204712511,-0.4496420906721386,0.2123665279879456,-1.208474795904233,1
1717,1.2282911569331254,0.5996588742203581,-0.7151409284828807,0.7050339974100025,-2.2437083318816793,0
1719,-0.1747195301061386,0.022407240989087,0.5401309669582237,0.1493310261023828,-0.2843518166045584,1
1721,-1.1027606772673566,1.8047021962559435,-1.3391549747395757,-0.3453646112047366,-0.950189996876012,0
1722,2.187926996869377,-0.5033500288471519,-0.5008411565285328,-0.3707487399399191,0.0956028078939502,1
1728,0.8803069520925639,1.7316565943253943,-0.5838034222561184,-1.8352320764450325,0.4993195683537887,1
1729,-0.331180394052149,-0.1311028559552965,0.556177755731012,-0.4563924298255985,-0.2688519713436714,0
1731,0.1392299216596011,-1.129428000690979,-1.5623034869241608,0.6355359909340106,0.6844984028686446,0
1734,0.7506999816780775,0.0809252332521623,1.5079194172348669,1.1269862522811211,-0.118564152971434,1
1736,0.1528707111200017,0.6958557560267777,1.3966704719481913,-0.0262694296719683,2.280416311923196,1
1738,-0.9472499002293008,-0.297975882809396,-0.1610402807960866,-0.4481208076555436,0.8114153816797184,0
1742,-1.3453952633576904,-0.5717211111771211,1.1774617529353326,0.0909260084784766,-0.7398545102479152,0
1744,-1.4985495273716876,2.289500615345755,0.3872760562645462,-0.3238870247205901,0.9561279147750558,0
1747,-0.868231174014714,0.7904302146842336,1.4897040367414378,-0.5566683589100853,0.5535405049710949,0
1748,0.4321836246602423,0.0080978113488586,-1.5265957333647169,-1.3015973511105925,-0.7809819511515705,0
1749,-2.1390047235719316,1.408030729905615,0.3677032291797136,-0.0299610483991217,-2.1902358192678286,0
1750,-1.8238708550204004,-0.0023413881869583,1.970489965483977,-0.6986441958730818,0.863798014412438,0
1751,-0.4799024076749608,0.0552392592888665,1.2146838488929317,-0.3459516301665442,-0.6901049080521332,0
1755,-1.7267181523204245,0.6179707575539414,-1.1515043113734442,0.3000857758385668,0.1365745174914132,1
1756,-0.0647085949097771,0.4384052033823694,0.1583035370905262,-2.70972974278095,-0.3236252408484902,0
1763,-0.44906162524459,-0.0884318764422779,-1.2533222290216288,-0.1723504722535782,-1.4889275239353628,0
1764,0.747849354193172,0.4199967500699922,-0.2770693070385401,-0.1004237078178478,0.7614664151889905,1
1765,-1.135796086889898,0.2041678674525232,0.6995098064587445,-1.7822740774072416,0.6849380057020193,0
1766,-1.6740624632615668,-0.1175944838515325,-1.1633911040952265,1.4312465792900149,-1.1571210541523476,0
1767,-1.6501898919653826,0.1333521415963156,-0.4137029800208229,-1.504605228663933,0.5258151991548494,0
1771,-1.4167295346641338,-1.1478412281503858,0.9425515511652842,-0.4311592448055278,-1.181755122204622,0
1772,1.5279711787230157,0.4610559781451398,-0.3818011643771781,-1.1457748358995157,2.047406563859938,1
1774,1.4463148979339198,1.4625173326199776,-1.8769159761207344,0.5497802609821923,-0.1212148047236196,1
1775,-1.033323162938506,0.2617460947171974,-1.3495967909863944,-0.4664553546461,-0.7984737327699676,0
1776,-0.4997912641559985,-0.0714784936619909,-1.0155666619054864,1.5731790288732976,0.4932832333941253,0
1777,1.7945630283820548,-0.1600799690780195,-0.5487899622971091,1.758415614493028,-0.5780597398739851,1
1779,1.2693253180378326,0.890044503010141,1.299978352877571,-0.1104219005084101,-0.8626703187070606,1
1782,0.7804109582286599,-1.5472313265890143,-1.2778188460326472,0.5140252049614028,1.0618243520177295,0
1785,0.6903401613691801,-0.0013810802283412,-0.482737444323343,-0.2946358371937122,-0.6902571783903797,1
1786,0.8888437788544289,-1.4181147335800204,-0.9934859348064184,-0.3287728846716947,1.6137508482389995,0
1787,1.0542805490928489,-1.6408408032472257,1.351347088752486,1.349420216983684,-1.174008326022643,0
1788,-2.5214582705964452,-0.0722216223472424,1.122424409299822,1.5912619698002022,-0.8708272643612502,0
1791,-1.6712343852795908,-2.067013828801687,1.037989290020776,-0.1800993009792445,-1.2851820924548754,0
1794,0.3226764365369687,-1.3307324368607656,-0.070534216845166,-1.1685714998568588,-1.1180839823267146,0
1798,0.7367088777799742,-2.716736588395318,-0.4483564600726221,1.425795473577255,0.0072124628336348,0
1801,2.7278307098681713,0.4839410536653293,-0.6349463854615437,-2.5336583304946583,-1.6844641145423411,1
1803,-0.199586921163838,-0.4046668696660347,0.0716210285106837,-0.6276378166392172,-0.5738192032929551,0
1805,-1.071285176723131,0.5251572900302712,-0.7229813466010591,0.3954532632965579,0.6885145981148411,1
1809,-0.186366004695714,0.8540320612351875,3.43592761598452,0.4193207085258797,-0.7351964381623162,1
1811,-0.4631682045249565,1.984955013783783,-0.7354473192398943,-0.1194310678981742,0.6391626658898175,1
1813,0.918081960350382,0.9047291501563997,1.512886674753536,-1.6684359922285426,-0.9071831156010672,1
1814,0.823140969367302,-2.651364479881397,0.4920061737883501,1.0598044249313672,-0.5763752475504399,0
1817,0.3441502161918585,-0.5768829664763014,-0.5895957758414572,-1.7043705377326224,-1.5713662478110932,0
1819,-1.3668907093503484,-0.2642770941335498,1.0757694937071505,-0.4468824016079753,-0.0475169721996966,0
1820,1.455228396392314,0.4579009305079092,-0.760091855816802,0.1589152858357252,-0.8275490114022908,1
1821,0.4204820127359998,0.5153401540727593,-1.3671597004984526,0.1751494173857737,-0.1175732579959197,0
1822,0.5446773971721118,0.8313470510191334,0.477449604124605,-0.3031933533797523,0.9333300208640004,1
1825,0.409256748612862,-0.5570225950680406,-0.0328083097799975,0.5951580064168556,0.952797023115313,0
1826,0.0924924113206071,-0.8140102948787449,-0.45803886237965,0.6369553630869581,-1.0212535834826066,0
1827,-0.1780665966402057,-0.3858840983614748,-0.1033617833189646,-1.0092825292493772,-1.8519443522121115,0
1830,0.0958075111558987,-0.1801346301175656,-1.0826517241227571,0.4226882913088517,0.4708544944135238,0
1833,0.4690358867460891,-0.8772724411405676,-0.374156594389209,1.1327623061066514,0.9230647018766496,1
1834,-1.0580404013792908,-0.1392573121904971,0.2035229827765118,-0.5076045890756089,2.357799723374719,0
1840,0.256758680037918,-0.9604037319968524,-0.3093156020545112,1.8034693279558056,-0.4666885477264853,1
1843,2.093486653770805,-1.4232588243535156,1.2886306816758415,0.1498276985356943,-0.5037010971138146,1
1846,0.4324749054684154,0.1207103541779623,1.9743447766606508,-2.210453013719917,0.4693409662141885,0
1849,-0.4870620378310888,-0.2325331994467262,-0.1591962345883808,1.2973037604805011,3.2334936632485123,1
1850,1.2198708241503822,-0.5653257858897562,0.6297818242852791,0.6733291660574839,-0.9251607224472204,1
1857,0.1597163843955401,-0.0438426310249611,-1.034765940550586,0.764372296342938,-0.0029049335973952,0
1858,-0.686096642740802,0.1998246966515889,-1.6827854554393802,-1.635327131549139,-1.1201860853010783,0
1862,0.0747654158948722,-0.8027143737214145,-1.0203288676440678,-0.240699844102607,0.7340265441721783,0
1864,0.7973649891994805,-1.874015774930339,-1.4154079083229805,-0.5142658312632256,2.170124142930845,0
1865,1.6774193600142666,0.7064877557971356,0.3565423782954499,-1.8622769680124749,0.1567581628806988,1
1866,-0.5492215185599713,-0.8166693336227218,0.1548030899746592,-0.4711100094466988,0.8692995459688505,0
1868,-1.117307862610067,0.1642321393124648,-0.2123382052092645,-0.6605868651768887,-0.4705724860109197,1
1870,1.5898422339029836,0.4152399225616209,-0.3827122326229544,0.1458604308247087,-1.026820136773508,1
1872,-0.3554666674474038,-0.5687198591233552,2.9590905906430995,-0.6626151501740128,-2.0686769538858276,0
1874,0.7415899998425441,-0.1894801309860889,-0.2604462837705354,0.1808702264156532,0.877455822153641,1
1875,0.3972945655950222,-0.6768083017986958,-0.1742070470263107,1.981263454721924,0.251213797296192,1
1876,0.8693254268826153,0.5398849872492323,0.2733577439977027,0.1086989000150689,0.8973906253249794,1
1877,0.7186422353106833,0.2638934780115486,-0.6937625255478881,0.3855588055484719,-0.0670079364680834,1
1878,-0.3082559113450759,2.678775974966068,-1.5390513077078276,0.9585128590574828,-0.8626709442538306,1
1879,0.1311954893433961,2.568587519090185,-0.9623689948240628,-0.7238726548272637,-0.0175137371516003,1
1880,-0.8472169576313617,0.884056350940301,-0.5345294360632951,0.6540096401493369,-1.3291891318000693,1
1883,-1.001633803159574,-0.1962578074965492,-0.2091925201060302,0.7103091519665778,0.4623524606710589,0
1887,-0.782983895318375,-0.8938154934519152,-0.3929688641172687,0.9928388786962944,0.2148761736103992,0
1889,0.5305631231316476,-0.8616205089241941,-0.5643716438256554,-0.8252901762373339,-0.8858612163807086,0
1890,0.4603010312161805,-0.2875362207843132,2.081167744297463,1.2503598245169982,1.3094803404667223,0
1891,0.6713569749481262,-0.4226590705071891,0.5977908845295841,-0.3488326945286579,1.630276050728363,1
1893,1.8382878276687264,-0.1861538074541376,-1.4061489758156511,-0.752209731643056,-1.6508072627235828,0
1896,-0.2647304188936049,-0.6116880361817151,-0.0426333956564333,0.1300507521936395,-0.4190697071457578,1
1904,-0.5752178401327828,-0.3695804268304298,0.4631608711272794,0.6391177730333506,-0.2310315883745984,0
1906,0.2327183090792485,-1.5421821055263716,-1.0277269599837642,-2.0186914067166244,-0.1751169526715006,0
1907,1.609633702309094,-0.1170766610814351,0.6435853794331272,2.352313897312389,0.4040558481200959,1
1912,0.1232332301515456,-0.1823609593027902,1.2712310502568995,0.0054904075363548,-1.2547474783141723,1
1914,0.9225082394980656,-1.966892250878048,-0.242461397323753,-0.4755124983877853,0.955848582613206,0
1918,-0.6626495500597784,-0.7062063074902213,0.4744294398434194,-0.0292878091306374,-0.4073139173042803,0
1920,-0.0423529381571149,0.656883511240392,0.8361981156808681,0.1082176016305325,0.9558335730808832,1
1921,0.7312304018802419,1.1129502296922626,0.9843026554775616,1.5699781961072512,-0.1696931665662496,1
1922,-1.3270580423615084,0.6637187436854202,0.7805531893227763,1.5699953933811397,1.281290356169706,1
1925,0.9350201907325848,-2.723154312875058,0.1899935751578444,1.202489779152562,1.8700485084562144,1
1930,1.6169091987540132,1.6192348033931343,0.7378725906320917,0.7088095153221207,2.251907450196455,1
1932,-0.0393540603101926,0.1317438603375975,-0.2746746642459376,-0.5225109588080608,-0.5471099631476519,1
1933,0.2711662968367763,-0.7745649658228669,0.9532048834912876,0.6532259246028234,1.0994164409698404,0
1934,-1.128924355992999,-1.699476546786444,-0.0041857556317635,2.898800613559521,1.2662087780945706,0
1935,-0.5544463085067131,0.424512134431341,0.7275869074436836,-1.3683882407328614,1.3696258690346048,1
1936,-0.1674241268209407,-0.0906808446078603,0.0237846594338556,1.1445401393078949,-0.755182158201408,0
1938,0.5790939035087382,1.042356065725276,0.620351365202829,2.410334488783408,-0.588239627656815,1
1941,0.2612643875291922,0.35595468025181,-0.2068710730943909,-0.7015885075549914,-0.3350711199625306,0
1942,-1.6831449779482226,0.8419483325326256,-1.2351639721754797,-0.2176470552356996,0.6480450414810331,0
1949,0.9017050813223564,-1.635188138530462,-0.803201323609237,-0.0032015040313106,0.4450065611410121,1
1951,1.6993678975454027,-0.8030651442785116,1.737542432987094,2.0221950569255713,0.5126565323637751,1
1956,-0.1219283166669918,-0.2112432796112795,0.2723017305517504,-0.6495074902363289,1.885691665785589,0
1958,0.4420178997082792,0.7359841048655908,-1.8246146370471912,-1.786847650585777,-0.0760587453014438,0
1960,-0.0107445704086947,-1.3410567379577842,0.3868579343714008,-1.8782850423633208,0.3483100985408796,0
1964,-0.4400796717504989,-1.3213483853261705,-0.8451655271269194,0.0889268704380418,-0.1178060875409223,0
1966,-0.3470931821151845,0.8448800262331382,-0.4496665392179212,-0.1913196000561589,-0.4303179624722195,0
1967,-1.401051744057209,-0.6521023717931075,-0.3819367150838177,0.0738258834063845,0.5589472872248251,0
1968,-0.2345965097110292,-0.2521762639813468,-1.720813158487053,0.5397345172563511,-0.6958978871500408,1
1970,0.3487019980186384,-0.3155200012467209,-0.5640384093793239,0.5635322106974137,0.4975782746941951,1
1973,0.1173657510963127,-1.97718604394959,1.2770810621866373,0.4110226675425804,-1.2033193293704774,0
1975,-1.7927668291001777,-1.0424590110937872,-2.0643640098420826,-0.8974051428696932,1.5080771845440948,0
1978,0.0131936559814404,0.2831422595047091,-0.6250040461994723,0.0769643832519554,0.6079395337394395,1
1980,-1.3243530327621809,0.2502489756589624,1.076175025087915,0.3610471351996854,-0.0970156575472457,0
1983,-0.976809763615125,-1.6459836943336827,0.2623884365307285,-0.5059190414826519,1.8383123796867855,0
1989,-0.0965188030948501,-2.1326830296728474,-0.3836559430526696,1.1692312249747645,-0.4512956709333788,0
1990,-0.1654765534275925,1.0429914373271527,0.7954892582045359,1.021751087651711,-2.772553610053703,1
1991,1.7335230384421108,0.636400435427929,2.46147641402415,-0.7823260307742839,-1.7634506056489103,1
1994,1.2597778569035725,1.0839662438630937,-0.1682297127255255,-2.139788987753183,-0.1482060863928482,0
1995,-0.7579800126770487,-0.129725019010588,-0.6710908927176088,-0.0207398554656019,-1.0392756292315644,1
1996,-1.280717436718379,1.222691482570892,-0.9696576133676534,0.0003316252563535,0.9545148466028356,0
1999,1.6201061394586438,-0.0631798281664315,0.0852487713594362,1.1247441989017355,-0.1828498973092927,1
2005,-0.53925748162082,-0.2920963630214536,-1.5914976359196236,-0.7136258768458952,0.51607607633905,0
2007,-1.6194237434347885,-1.050552996071524,-0.7036518358315914,-0.9743269366169108,0.0936608476448541,1
2012,0.3436022623597101,-0.8005071005956687,-2.210759421982058,0.4200127636721649,-0.897707398975251,0
2013,0.6890624790152835,-0.7561096421277498,-0.9879004536698088,0.1531719072595843,2.357699230026369,1
2016,-1.5515900024975802,-0.219299960250691,1.7923918784038924,0.1314159981957143,-0.5646464662118963,0
2017,-1.7580706600036131,1.380305727730805,-0.0700838010276563,-1.7567338533628292,-0.924265682071542,0
2019,0.0788022404724416,1.06231238527213,-0.3571940780807189,3.0453255920111455,-0.5644887234739576,1
2020,-0.903329991755872,-1.0263005500957576,-0.2109407265543053,-1.7195360908657835,0.2945628438278106,0
2021,-1.905303769564807,0.1616709240572311,-1.3512517440963532,-0.3812934073800927,0.6045403991323594,0
2022,2.3040376838763534,-1.078000520781157,-0.1503174494263918,-0.7237586747755422,-0.8698703225607956,1
2024,-1.0100106611740751,-0.3667051821450773,-0.8018469900399894,0.8000686529467138,-1.6387796565652528,0
2026,0.5298015199475303,-0.08288953635802,0.7946258123139927,-1.1445006174317105,-1.8446572220162265,1
2029,-0.5962104166749215,-0.1964289220061709,2.6181734235804135,0.1821897008835404,0.4502450170375484,1
2030,-0.7054806490303621,1.020073416429868,0.7602724226634243,0.7673525546550849,0.2148912467534632,1
2031,1.034190095766771,1.2716851966347331,0.2830989193492951,-0.1146123590003228,0.8945709901147607,1
2039,0.5277479919994043,0.8707875968519352,-0.587964036746098,-0.0547018152185329,-0.8952797698908733,0
2040,-1.1444038120498916,1.0367954325002064,-0.5540009458836479,-2.41361232850807,1.7653561564936229,0
2042,-1.2281730445505332,-1.6348336996275663,-0.1663862645961283,0.3628097740748948,0.3055254082107725,1
2044,1.9736608941828575,0.0074796464290472,-0.942669352146079,-0.050723134088819,-0.327799800015837,1
2049,-2.3471737283381673,0.0305383045818376,-0.0794963756948541,-1.371501141444149,0.671767216587465,0
2050,-0.7245001919449245,-0.3570326493531597,1.8487819077540433,1.009973649539056,0.5744869391451162,0
2056,-0.3419718973601411,-0.8661864131319914,-0.5887181061529682,-0.4148138213660293,1.29719309069374,0
2057,0.1599112393175145,1.2835986301081357,0.4942201192784956,-0.3092307239504844,-0.3903572032092572,0
2058,0.5616087507496011,0.8204256293327086,0.9967926857008692,-0.261538511375743,0.1752058564044724,1
2061,0.7947170323066438,-0.5281105353885002,-0.4297323349474719,-1.411992577150224,0.483407315973259,1
2063,-0.8416596311035961,1.252252447465621,0.0757748280188575,0.6697540967119173,0.4017519100056866,1
2064,-0.0353345522939484,-0.3482991191485565,0.8315580224838186,1.162336567811155,1.084188347016097,1
2067,-0.5729714655393743,-0.7080352829584932,0.4102348444216199,-0.0825177358156016,-1.3755051534136362,0
2073,1.6822632487266809,0.0435224716857397,-0.1231462892992117,1.5927137337827777,-0.0160476240833481,1
2074,0.4003034064986887,-0.7507982732920492,-1.3705020650543835,-0.6103616315042307,2.186975838944824,1
2076,-1.5670564496823811,-0.5588871228816459,1.954490911961448,1.8978942323926116,-0.4512369282505437,1
2079,-0.5072320781845587,0.4594585159669378,0.3785013252853652,0.0688036256950642,0.7945397181593544,1
2081,-0.3746302950775502,1.3096837866666935,0.1425337022914623,1.029429576063878,0.3016747188097181,1
2082,-0.5356672712320654,0.1337168077465121,0.7294263339321729,1.193401326442581,-0.1323100629344333,0
2084,0.5969332313997334,-0.6356670094972448,-1.1096475940087958,1.02811909597611,-1.1136371556510056,0
2087,-0.6711310717105081,-0.8062605142762874,-0.6319870717991768,-0.9593747292418892,-0.4611095775797121,0
2089,0.7657418774365927,-0.2049474429730497,-0.7241092231036228,0.7167330077054214,0.9563902663419688,0
2090,-0.0187599594236302,-0.8162192266205438,0.2702795672353927,-0.2332682084525668,-0.2410132437854605,0
2092,0.4589807688666407,-0.506477114885152,1.0403262322197848,0.4656647022783544,2.603367776807639,1
2093,0.3101028884946864,0.6976880390140838,0.2904238912960317,-0.0990985918681181,-0.2587915495875664,0
2094,0.2942438446585667,0.5211757518138552,1.154387899644425,0.3088505583037643,-0.4628891754252289,1
2095,-0.3268539965989834,-1.3229369429031808,1.6612138435723098,-0.5411736135208487,0.9674404601379066,0
2098,0.4235057659278442,0.0450107754913477,-1.1572138030168888,-0.185479975904256,0.5875065902392275,0
2100,0.501643299027259,-0.2533390772521648,-0.6406549085024337,-0.2778757071562653,0.667376243833423,0
2102,-0.5461924511472189,0.4944415492128766,0.4992006591385695,-0.8156314336465517,-1.569438894054258,0
2103,-2.0227756213745556,0.0698554901121516,0.2980397148669181,-1.1817815776524143,1.0460323325513623,0
2106,1.1208876630611315,-0.4071766804265925,1.724601106493299,-2.124158667518836,0.134795604145148,1
2108,0.2446226411142813,-1.2954216009991038,-0.1109687813302256,0.5159942376845734,-0.2150937113866431,1
2111,-0.9247342375001072,0.918846488414499,-0.553448513451164,0.1865480558539785,-1.5499248391153742,0
2113,-0.559391659643186,-0.1713546458781325,1.7425403033424056,-1.1690628800144518,0.6709932954470896,1
2114,1.0569317812487935,-0.7214896472442744,-0.3735239487726898,0.1416287738119035,-1.4814849671925294,0
2115,-0.4551032118613566,1.276112040946416,0.5226548108644206,-0.1567512894832428,0.1130723618364833,1
2117,0.6772576303532128,-0.8429598658458911,-1.0202239067705932,-0.3266037965965932,0.0607650976444108,0
2118,-1.7684918655590522,0.4946931335452561,1.2874622638484718,0.5764741398308774,-0.6760528028042351,1
2120,1.091890528894662,-1.132123428929522,0.221618947849312,-0.3634750039613235,-0.0986350439353614,1
2124,-0.580585664298516,-0.1263470111275437,1.0862369048328389,0.934314479734304,-1.4660817622396431,0
2131,1.397010385044599,0.534487954827583,1.928072830217812,0.5026891340572774,0.3022134635799947,1
2132,0.2403888225045991,-1.2854955621336164,0.9559986056401224,-2.445466020015286,-0.5862528572757782,0
2135,-1.966466470894548,0.1007835918100581,0.4389788836018256,0.9631409731750528,-0.0733547945767749,0
2136,-0.3726711627863816,1.986264680489528,0.0065861560995518,0.7195618315979349,-0.5395396433762586,1
2137,0.6899096516358328,-1.455628992404098,-0.4620675457186336,-1.208274239426054,-0.6049733218694675,0
2138,1.250470040231071,-0.6123258893036978,0.7182561254740842,1.5172651820570402,-0.0275773136033188,1
2140,-0.6372689125085526,-0.9592009001760748,-1.0179145456553431,0.9944279697365548,1.129367623128353,0
2143,0.1590656830266815,0.5243681636108437,0.4585716881809614,-0.928074628135782,0.3730630953751281,1
2145,-0.4351480812529309,0.1894639081365248,-0.1222361013075931,-1.1237320656309138,-1.1297200343150513,0
2147,-0.9782314121229712,0.1499032973906105,-1.4645795100501655,-1.312109530858121,-1.1974725976303795,0
2149,0.036201970662628,-1.0938125066902094,-1.3444970242571812,-1.4989723460483098,0.6492478011282274,0
2150,-0.3379078480882433,-1.871120262824403,-0.0630889526836097,-1.2488213317860837,1.6603788189729718,0
2151,-0.5788217215868263,0.6815059858191213,1.0889630273849873,-0.9549284525570412,0.0760471175547078,0
2159,-1.2357408309978233,-0.3815393164501215,-0.9283557908236156,-1.0344118036913794,1.1274027270645783,0
2163,-1.0540901901297357,-0.9144475665885586,-1.0594032769919963,1.0570539399722392,-0.3985292995756941,0
2165,-0.5882173516959495,1.059161731741859,-0.8497008091001859,1.3398797864441758,-0.5874509652091197,0
2167,-0.2333323411755965,-0.5079742372415168,0.790011098611832,0.4229807383568256,-0.7076374310992968,0
2168,-0.4585507594259069,-0.2346180385208977,1.485956554475849,-0.8223046804564419,-0.719760664950654,1
2169,-1.1285841516171509,-1.4820394794361849,0.3070036236254948,0.2029033310732099,1.282761852835352,0
2173,-1.1103440262976154,0.720443979592958,-2.877850151340389,0.6686099494824584,-1.8701546165417549,0
2174,-0.524967347899258,-1.3130246617542505,-0.215611494949396,0.8387936983678286,-1.8573132637270229,0
2175,-0.3594796895156388,-0.5133687688160568,1.5810486838718745,0.4317610078502851,-1.1772171132734226,0
2178,-0.3811444870611752,-0.103253630460919,0.140525646853574,2.218141394712126,0.0088747714169613,0
2180,-0.2037177806029576,0.8880509358132697,-0.8003645610918834,8.903096363832074e-05,0.7087335516559325,0
2184,0.733317864600333,0.2747236484498201,-0.3287026251359748,-0.9862951545724352,1.7753792941033135,0
2185,0.6318625177240305,0.3406161246754489,-0.4128497482022511,0.0378716295899777,0.1647172699700328,1
2187,-1.7472173373247617,-0.3236609949936378,-0.5091898301117628,0.4917481922016692,1.982597035486309,0
2188,-1.944590623903561,2.274185030318401,-0.233075159119026,0.34780868217258,-1.4148321576237166,0
2193,0.8519383324555878,-0.2384674373388884,-1.0080149366036986,-0.6575810012756048,1.942641906426033,0
2197,1.83814851476607,1.874346369880142,-0.0026471312461035,0.2815236050929269,-0.9808580570370188,1
2199,0.5276065148892575,1.6428176678484692,2.0360182121711525,-0.2334836778726623,0.6731736721563578,1
2204,1.113208100588848,0.0265676113575478,-0.8724359774890017,1.9252130777592544,0.8563089769555172,0
2205,-0.4566589813923896,1.423818846944411,-0.5356089152590949,1.4107034031886565,1.4782845893844914,1
2209,-0.148472068406966,-0.0045433567934511,0.2173216274810486,1.1098307622400312,0.2719397533860893,1
2213,0.4077890059579054,-0.5170751865893547,-0.9607441131575511,2.1031395333905007,1.0668120262667529,0
2214,0.3455366249957449,-0.3918232902475412,-0.3107894829721992,1.5424818668441505,0.3065775376645678,0
2215,-3.0828051429488132,2.420938515658837,0.183062356972285,0.3433690057348169,1.0866948134347965,0
2216,0.4654028273115868,0.7469086177168098,-0.4237234673649248,-1.2297953239663866,0.2802327814731966,0
2217,1.43161465227459,-0.6478025583831176,-0.7280239948197764,1.2210192603799377,-0.4572452051410914,1
2218,-0.410559913834402,-0.3731442729462419,-0.0649809809904791,-1.5736380959020388,-0.5393401125416265,0
2219,0.2303680191397219,0.2232379361748293,1.1579930525795872,1.8393922221948047,1.512483446664403,1
2220,0.9146523840739345,-0.1487345907672074,-0.62306906995688,0.0178784325084019,0.585578769772898,1
2221,0.8219377982456677,0.6230857335158502,-0.1211754713760525,0.7868622398422616,1.2608725050835026,0
2222,0.8801603840675414,-0.0320130551633989,-0.8338486925060067,-0.8575674293881075,-0.6812176235921815,1
2225,0.3922803295791006,-0.8485289142699277,-0.2426123798140475,0.4676783773071079,-0.7620901833167675,0
2227,1.664942851172679,-1.3785983876886816,-0.2826048514777008,2.1323045542713843,0.4081300829757099,1
2232,-0.1284125828313069,3.1989419097831964,-0.9151746903733176,1.1652163820753614,-1.5326744568471145,1
2233,-0.2439227576479475,-1.3477897501805605,0.2572759150908748,0.0559702535787567,-0.3076647991835818,0
2234,1.0920570251263066,-0.5670989730027903,0.326851747807324,0.8205549402713387,-1.4832212088961831,1
2235,-0.7484143416743837,0.0538609673158339,0.6301534194283186,1.4212377659215332,-0.2158797987279203,1
2237,-0.0938885058885083,0.5516280620903391,-0.563730553179261,-0.7721580889089049,0.4317241861341032,0
2239,-0.5607161152672309,-0.0486224852532739,-0.5953724284649136,-0.4026481581535347,0.0971104104231631,0
2240,-0.4220404345062681,-0.429217452272037,-1.0101576737113087,-1.1537837405205311,0.0606368975902805,0
2242,0.2998890847405976,0.6370821002889959,2.185025844578322,-0.3015216008772933,-1.0456915008895566,1
2246,-0.8409205668602298,0.1051578845226053,-2.270890892900242,-0.3025176138142291,-0.3641643703344072,0
2248,-0.3001239867962432,-1.3752815465686778,0.0625334128337706,-0.2949501950727061,-0.461023951662115,0
2249,-2.1568948868074505,0.682767512307893,-1.23305104010913,0.0632702548412415,-0.8082684434326929,0
2251,0.3961435843407805,-1.7811390002261778,-0.3175249938665541,-0.2249089318486082,1.223664820351975,0
2253,0.8277869486931466,-1.7048651341375245,-1.6140194329439417,-2.2833443446245267,0.7859849751333333,0
2255,1.443699302947656,1.693828127622051,0.7938084898413628,0.331019724803501,1.3353826977001255,1
2265,0.7021418523041564,-0.3376037506764772,-0.5106215889393767,0.0821843520677564,-0.6582893906261043,0
2269,0.3206147271850177,-0.9035848304901618,-0.3420509841005016,0.5371941459816314,-0.2114375952780984,0
2270,-0.28730538234011,1.9034676086255564,-0.9509891188661246,1.0804184680889826,-1.1546806635049305,0
2272,-0.6151135089253357,0.5262186479523238,-1.0776281570995785,0.096948580923728,-1.4764297979108454,0
2276,-0.8566620549615891,0.5034080558164551,1.0366385845910118,0.4501939723114331,-1.3744939746410303,0
2277,-0.9424685769215646,1.1700709903865816,-0.8046114563319774,0.9756765139022048,-0.4302847218149438,0
2278,0.1414373192191511,-1.3861072770209515,-0.6082675747124983,-0.8753063804397219,0.2255996505581735,0
2280,-1.0295889030070344,1.0784225264225882,-0.1145223865891125,-0.326135109704956,0.4621756227502112,0
2281,-0.0763644994317163,-1.6580517168351965,-1.0614298993894336,1.057708703864615,0.0838843478445826,0
2282,-1.6815678023634413,0.3521120667151661,-0.5592588198697488,-0.874499952508782,-1.144872725633846,0
2283,0.9999294713186874,-1.96549837200535,-0.8375320744394902,0.1201267659112423,1.5783630689034966,0
2284,0.553858196350319,-0.8460246155328025,1.5293534541068148,-1.3551233997049723,0.2653361653551545,0
2291,-0.2429157116251063,-0.6259062289491389,1.413474017195351,0.5794940879355368,-0.9192902417102596,0
2299,1.0248792328266414,-0.0631156913297751,-0.116926041778658,1.591405811722237,-0.0204217798162228,0
2300,0.075685870365969,0.484225907752895,-0.0978062559541536,-0.8203403227430952,0.3779655755235219,1
2302,0.3078658347309799,1.3094263019455128,-0.5244542128290394,0.1886761483595243,-0.0990936490924922,1
2305,1.082841997413703,1.2572789011344083,0.3766229846794934,-0.4864963825977661,0.1091877263053625,1
2306,0.3800688950792062,-0.560141645187876,1.3331162889252155,0.580084167568543,-0.8922229553220049,1
2307,1.882873676465777,0.0973892751701768,-1.0941030428499865,-0.8302541227472741,1.4877835971653446,1
2308,1.8249849162168217,1.0094850534809183,1.3193086485871357,1.216615458798611,0.5569161527640661,1
2309,0.3290417878109257,0.5398631944766077,0.7360154431432946,-0.7415980065263982,0.73195872931211,1
2310,1.4586168472970176,-0.2063724283290309,-0.313247785321797,0.476546309238666,-0.6496575504081362,1
2311,-1.3168186166275062,1.147719040105178,-0.4509512600234329,0.0184485787202093,-0.6101250410080655,0
2313,0.5701526999497136,0.1886357040797652,0.109098044451987,0.2116987594698118,0.7587962314981597,1
2315,0.2035930078839773,0.5664655247862109,-0.4107905124005407,0.0078247942494628,-0.0043247253432248,0
2316,-0.914038092573377,0.4385894255396383,-1.649221838258731,1.7527084424166142,0.792970884978393,0
2317,0.6391223576533764,-1.7366421124332418,-0.7925286732930206,1.389345120805054,4.151241397039601,0
2318,1.1946924650570308,1.036943410250951,0.5249742281141881,-0.8474971957101705,0.9951740832003304,1
2322,-1.2936391226398898,-0.2966317642480006,1.8560598813167035,-0.980762897678293,0.4266378177950657,0
2323,0.1055219340028843,1.0928875578409072,0.2954668413574063,-0.4312954779237501,0.066764121472885,0
2325,-1.0441890268698577,-0.3007256321837533,-0.2250856693542159,-1.1565188004995823,-1.8667962677622671,0
2326,-0.6705926519123361,-0.3564023402511918,-1.441233333364019,0.1769777640854788,1.16285630331634,0
2327,0.8421161461652679,-0.1266856531587185,-1.8404116965211967,0.7157023406590477,0.1463921690645581,1
2330,-1.2460946698818056,0.5206334182545254,-0.4114268886262689,-0.6271178843317118,-0.7582764029230066,0
2332,-1.0331305834580906,-0.7303801267312622,-0.3946749051389369,2.065195238088322,-1.3488363204168117,0
2334,-0.2345413991506094,0.8146285136163173,1.810711662918376,1.407498373948328,-0.1366538841091436,1
2335,-0.0495142117324032,0.0467192447842039,0.1469994084625855,-0.8473481143478149,0.9365937988554388,0
2337,-0.581649344032232,-0.5630977064791987,0.2869951930876189,1.879850024945296,0.5719074656654372,0
2338,1.4484020726356133,0.6452121731035768,1.1250534896876154,1.857127352943106,-0.7318368323022549,1
2339,-0.7971044341315033,0.6688109004773214,-0.0036784540622458,0.2203538328069607,-0.2486668921073606,0
2340,-0.5962587170247173,1.6207646687750252,-1.0998611138199144,0.6863922592415442,0.5242282857304499,1
2341,-1.579013297570244,-0.8307803299935937,-0.6626905609498676,0.5645841133165913,-0.367035105930551,0
2342,-0.0855898066108053,-1.4576473569847277,2.325911716715314,0.071195618739497,0.4990008972969438,0
2345,-2.5680291473060657,-0.3154884819186972,-0.0902899753499751,-1.3592765464060126,1.5132187214493835,0
2346,-0.5944583747973149,-0.237484242464837,-0.5922191639147026,-0.081566120430586,1.308144093506049,1
2347,2.473015803923474,0.7456392037006585,1.0879937669717712,1.716427481477082,0.248871076766457,1
2348,1.57025087361187,0.7924011323904032,0.1439873593115719,0.3503410344514679,-1.8214169633678243,1
2352,0.9701776318087014,-0.7972926829243939,-0.5455581905748454,-0.9886867300638188,-0.6564129182608818,0
2355,-1.1375095200784875,0.5291849914469698,-0.1351107963304786,0.0548098598233018,1.2746411561953968,0
2360,-0.019638962495043,-1.0821792162311863,-0.6526779865872612,-0.2964360067480308,0.2481865944766959,0
2363,-0.0676305392760167,-0.9869218947506514,1.528266367208985,-1.15910158617657,0.4271209168481219,0
2365,-1.2150896588930336,1.2526905970400914,-0.5041368130373036,0.3346072917307212,0.841416382134366,0
2370,1.1993568052817154,-0.6795238298282704,-0.9006709800519722,0.2336263512443136,-0.6860468571594233,1
2372,-1.6930989902853932,0.3918377499304902,0.1599315767258961,0.8928973269834208,0.605810801137119,0
2377,1.0855232687864715,0.226119605145603,-0.842997370727137,0.0725280526359676,2.1055880368415036,1
2380,1.0896648122369366,0.1016512489213085,2.326192136314278,0.3188308843708735,-0.0969185696292652,1
2381,0.5747147271159924,-0.3371462378872101,-1.7952731233518255,-0.240521174271098,-0.256293609069225,0
2383,0.0969961771382324,-0.4110694728868181,-0.0855304019480714,-0.7840644374778307,0.0108165194225347,0
2384,0.0580864065917709,-0.9002499779015097,0.2676992005090977,0.2614526550804537,-0.1662099135810711,1
2385,2.421047036286818,-0.1407023866843086,-0.2792342453730181,-0.4223931092077327,-0.9709392230763996,1
2386,0.6858973598434033,-0.6862469680194502,-0.5679481469977529,-0.5382415595385981,-0.9849435158485113,0
2387,-1.751083332544723,-0.4629398671591936,0.8733353127122913,0.1969798054652439,1.5605752701881253,0
2389,-0.0114644216601376,1.5437867311835498,0.0025153164590909,-0.6482773740771043,0.5876755379628518,0
2390,-0.816259811057028,0.5334715126139251,0.4138409341418349,-0.1894026678064959,0.5658115720868266,0
2391,-1.4877899303083515,0.1629621213249859,-0.4627653846667319,2.862263577284521,0.1558250696402078,0
2392,-0.5963920497834372,-1.3783017360530818,1.3054061967942658,-0.3500327195237778,-0.7913520670754193,0
2393,0.3362992140090596,0.6497188314056536,0.633952933209529,0.0197504230593616,0.1591901368867199,1
2395,-0.8168032658303619,-0.1442917031040343,0.7537808187349968,-1.7865279583848457,-1.7807521953719612,0
2396,0.9182761213923244,1.520122816851328,-1.2652000350194736,0.100459270832895,-0.399545112917015,0
2397,-0.2608301122416238,0.3055310087564156,-1.292870229010749,-1.1072175004924012,-0.3012511729212251,0
2398,-0.1453755978941602,-1.1259551056841717,0.7896476747891843,-0.4175609731110333,-0.4218176060668454,1
2399,0.2826587902299007,-0.1289082760674993,0.8374768129058131,-0.9334225378006664,-1.3973865970634738,1
2401,-0.7577805673149619,-1.4525117170069195,0.9653412923140626,-0.6317946729270923,1.149811603865358,1
2404,0.2346201650896541,-0.019400785699825,0.7435016024295735,1.0668229301875187,0.4589898992740289,1
2406,0.9013585827468928,0.7527213048609925,0.4873890191423488,0.6753186579931079,-2.0835571546060407,1
2408,-0.5635022791448486,0.5721201515813034,0.3170704524688457,0.3660477974991784,-1.0589416882314917,0
2409,-0.056969120818611,-0.180167047929341,0.4953100417074325,0.9892969954334668,0.1504759220086146,1
2410,-1.2761722883885986,0.107578809566768,2.6110762284092623,1.646005326987786,-2.974399562757699,1
2411,0.0633431536948447,0.9321195252553444,-0.1823270125679794,-0.4600909201438836,-0.2669642150834883,1
2417,-0.2331083299784154,0.7306566058121181,-0.3880883351010187,-1.267459241838515,-1.6037721552567,0
2422,1.2801292689716093,-1.1770715056502423,0.4510526820436264,-0.4831465749611137,0.283900593129921,1
2426,-0.2179085183162197,-0.435355963720803,0.2086785243654316,-0.5057152019591512,-0.1455149294772155,0
2427,-0.7905147065262872,0.1080118045343173,0.5841949441760275,-0.2119148599109152,-2.008378436889316,0
2429,1.045407615324468,-0.0573666196472128,-2.2688650753773305,0.1783295872632374,-0.406192368090936,0
2432,-1.298431969096525,0.1339873018579667,-0.5836490018735813,-0.5254196605623322,-1.1035595309759,0
2436,-1.9323059563591691,-1.474428128002068,0.5934570713186816,-0.2848738330374696,1.5005746443549572,0
2437,0.6163363985410102,0.2994655238539981,-1.0218626918254372,0.4914402948644716,-1.2757639547504669,1
2438,1.3052445334100689,0.4221385890182419,-0.8248305767575925,0.8046774281323147,2.2415248891363353,1
2447,-0.4925899572885781,0.8095455155501244,0.1455065526316168,0.0927898626410417,0.5362626134211896,1
2449,1.231928324207872,-0.4251421359837722,0.9495577990448316,-0.6253457927715216,-0.7656636967773063,1
2453,0.335139949282455,-0.2887417499193885,-0.904800083738726,1.0141732622482986,0.0990096227023429,1
2455,0.2115325394155197,-0.5880637541207111,-0.9230010404524238,1.3138865259684347,1.8562165673952848,1
2456,-0.2212256506510785,0.3354747021942949,0.0569912516624999,1.7305068373528552,-2.1131504474535348,0
2458,-0.6560491904004003,0.7907655065646109,1.1986721970633665,-0.0126968026195224,0.1204556184112918,1
2464,-0.3628372006334877,1.426078122212682,0.0127433652040581,0.6484289308140446,0.5577096429636826,1
2471,0.1850360473653055,0.1551481282264308,0.3867995544245269,0.4994825272889986,-0.3439005907792451,1
2472,0.1839692666338304,0.2360081284201745,-2.428890309093365,0.6465257458594902,0.1499421962202512,1
2473,0.5640488652435708,-1.2868435954472626,-0.3157731751623933,-1.0915294565655804,0.7446013762128753,0
2474,-1.405116542068494,-0.9286547819223208,0.5343141282719811,-0.6293745322772478,-0.9283906567890586,0
2475,0.9067194295401828,0.947711756591868,0.7220711925409985,0.8487096739402934,-0.2315792789380564,1
2477,0.5999004339828999,1.18453924551438,0.3982602542700949,1.794315865242568,-0.7055155720327482,1
2478,-1.8379746392092584,0.7146278895895543,-0.7718335526467314,-0.2736922417753635,-1.7697965101211235,0
2479,-0.8992102473458263,-1.5022274165792362,-0.4343032634203035,-0.3945514938829501,0.0899604115482089,0
2481,-0.097826432036098,-0.0226995299372257,0.204552428086255,-0.6918867910135653,-0.1823508575246409,0
2487,-0.6780144585204808,0.2420630813797374,-0.5643312750455635,-0.5670169550815609,1.5230949162350476,0
2488,-1.4090865905334915,0.4853661775455442,1.7313244109212866,0.6855219264728227,-1.331097019039182,0
2493,-0.0929885151073637,-0.6649754874879527,-1.3434000818848495,0.7336897314030355,0.6793541783663201,0
2497,-0.2240145235216122,0.9314409093183696,-1.259032540653224,-1.0709502386249343,-0.0694969547864931,1
2498,2.1333307304321942,-0.672578084039498,0.4952739995854955,0.2601354076013511,-0.5895199002655438,1
2501,-0.6279255530068186,-0.486263715361404,-1.4705104739371213,-0.2670788900983261,0.1459987585641536,0
2504,-1.5972580227056612,1.6041821201461004,-1.1124834482237107,0.7937323297297773,-0.2721839946689551,0
2508,0.4128565179975563,0.8653629593268948,-0.0233731419958927,-2.943887668682481,1.6782701514933709,1
2510,-0.7370094638846911,-0.6821262698445731,0.5297428240598223,2.0303634410031015,0.8205715980149013,0
2514,0.2417112223832046,0.4169012390838391,0.2568620429071238,-1.2015302922969298,-0.2532643255126945,1
2515,0.409842978266268,1.5787117713059995,-0.2719257502386974,0.5508402004481098,0.8781519119238236,1
2517,2.360137249657536,-0.6152831127643412,2.12407758617894,0.7682994886584328,1.3403873330267184,1
2518,-0.3200377545417111,0.8444747029637627,1.4269741636643627,-1.0873586437238725,-0.1633262818154192,1
2522,0.0994025279817669,-0.708562715417269,-0.7943761398538446,-0.089779249671206,0.886150952983273,0
2524,0.5879609464131101,-0.7815878822251963,1.9273977539937557,-1.690612403076006,1.715480239680246,0
2525,0.0899884691088327,0.5524245817469131,1.3345249030919577,0.8576614951660694,-0.7300268877930614,1
2526,0.6000895552626019,1.8674739726346168,-0.8872917121608225,2.1184285111939776,0.385702485968564,1
2528,-0.2629272438556117,-1.0744136491124197,0.7478451949043599,-0.2187662877893872,-0.6357945446144277,0
2530,-0.0506759575662573,-1.1394642231488126,-0.2885046935072605,0.579338270420888,0.5721382598965082,0
2531,-0.2299643324033938,0.6767727947859766,-0.9799554969846216,-0.948987838193326,-0.2512549632936806,0
2535,-0.5776693847451299,1.0255583557177004,-1.675841772589761,-1.1428644727903683,-0.2473085056075546,0
2538,0.0243930698628384,-0.1025067109126839,-1.0024354713204129,-1.2804130129469635,-0.5804113618631425,0
2542,-1.251079240068953,-0.709623754094118,-0.2194902650749907,2.312066551202963,-0.2811591274059594,0
2543,-0.8596558128040213,-0.8984588595774368,1.1400221120432803,0.9973017483090362,-0.4854781863536103,0
2546,-0.2846032874851351,-1.4863249758001211,-1.49038637618406,-1.7226588689059017,1.084337006919445,0
2548,-1.566186770920477,1.2837788980654694,1.401865627633225,-0.9060510002670108,-0.3316522665974505,0
2550,-0.5808793150900222,0.7035187635540419,-0.208899542595916,-0.3274406275617058,-0.9307765450307648,0
2551,-0.6100513691976166,1.4089481065819602,-1.1397772568021078,0.7208230966852296,0.0470552209035244,0
2554,1.16301908083868,-0.2038706416361924,2.011925362936854,1.470924452505308,-0.5052673837115664,1
2556,0.89520582888624,0.0749896319128278,2.4834239000812164,-0.3650204065270893,-1.6072006316992975,1
2557,-1.4146992952093247,1.4740077301223429,-0.0766529198468045,0.159057498054092,-0.5425238799243368,0
2559,0.3394383853174832,-0.4258787336328963,-1.4587306253027874,-1.5457995959993576,3.026651591695066,0
2562,-0.3148160501574753,0.749123171936581,-0.5709713951873373,0.0795862448327303,0.4018474470648119,0
2563,0.390930551844131,0.2541454276902858,-0.6536971737825101,-0.5509745875188153,-1.1336498515206253,1
2564,-1.5613365935022725,-0.1147487416902289,0.8162596145871915,-1.3802823941539468,0.2729732441242571,0
2565,0.7846312133833949,-1.8367337688213456,-0.2705811001362188,1.6462102004583734,0.5519410177573731,0
2570,-0.293295522205411,1.0344293862270395,0.1229246178073208,0.5076334245066914,0.4036291727979042,1
2573,-0.6565002496297772,1.903460299821145,0.4031546011555798,-0.0497580216361049,-1.5006051168212338,0
2575,-0.9571653452491524,-0.8525918433924603,1.2781549273627004,1.6317204361087592,0.1958928349675855,1
2578,0.1147925302365608,-0.2682185870427874,-0.5998410749932962,0.001746313450329,-0.5502217514367896,0
2579,-0.0970302423552207,0.4132328230039233,-0.4053129427903681,-0.1895880626140975,-0.1854544850723047,0
2581,0.1355294632029971,0.6100175759865148,0.7250777831488756,-0.7080591600305712,-0.9143585561792416,0
2584,-0.656843222137597,-3.028022563068214,-1.0118019704119208,1.0572413725125822,-0.5826027668962316,0
2586,-1.2974390314394313,-0.6305723915732202,-0.0291723429987831,-1.196127732156756,-2.004143883513601,0
2589,-3.017790454215605,1.1618290205706736,0.3299901654750888,-1.4842897875365075,0.473131652992755,0
2590,-0.4473048070014699,-0.41897231641773,-0.7684146014890327,0.5369304726522647,-0.7998235715161989,0
2591,-1.0968346860906002,1.1317448106059955,-0.178881409766725,-0.1474863899922079,0.6924641202766653,1
2592,-0.6675867008461763,-0.4681531726468855,0.3057152697228355,-1.5413776024637658,0.2210990467682145,0
2593,-0.7557114591813673,0.8554725924551485,0.5466633268499089,0.41454835697503,-1.606958648554557,0
2596,0.2001557550885257,-0.343632309592346,1.5466471833172766,-0.1847637200103499,0.0587204922445335,0
2599,1.0843533746678506,-0.6097199233466377,-0.2069274949844018,-0.2027735707646646,0.5462772365639759,0
2601,1.0158094421858677,0.6774963459246635,0.134169783481213,0.7133233324049665,-0.8940044652384896,1
2603,-0.427918297909431,0.0397609592762984,-0.7307363846328065,0.0825540386203181,0.0665569904362199,1
2605,-1.1712941449900325,-0.984341766213772,1.1475804646983012,-0.409151649718454,-1.3637638078299683,0
2615,1.3978579785775362,-1.0492605845287863,-0.2929063857154796,1.3999957859067813,0.1681742247813388,1
2617,-1.6377500331815378,-0.7955081772094081,0.8133726894733257,-1.6098511833319389,0.5970490565620198,0
2618,0.5267066944888934,2.014390233201957,1.0454849255123724,0.3640502374977759,1.3591329351529602,1
2620,0.1750184053496038,-2.1351955980867587,-0.2195603349239943,0.0285817695494447,0.5475374448798405,0
2622,-0.8690873594774133,0.8668369771613471,1.3974201521625689,-1.544074765979174,0.5538925587589626,0
2624,0.5234727551470508,0.4133266234854973,-2.6978918779406253,-0.3008316213278416,0.8007198303411068,0
2625,0.1479759912241222,0.1462669194998613,-0.3649936867187107,-1.0589409410746784,-0.0170558238904839,0
2626,0.0520934512351243,0.6152545203329556,0.6964999242954618,0.0858614191632412,1.0949083645848314,1
2627,-0.3749246681357709,-1.4440245698797334,0.4770536694182056,0.1263795543892547,0.4969315156798634,1
2631,0.6620771366958226,1.1007618336578835,-0.4874721148015646,0.0848083728498109,1.2483885759980713,1
2634,1.0099555568163612,0.2899804984934966,-0.7631461827195023,-0.8240230918979533,1.9738110352804104,0
2635,-1.0098854360721945,0.1138596181505239,0.3609487143486793,-0.311323651483306,-1.0022037645773594,1
2637,-0.5238011011476121,0.1069580438672055,0.6679559052949144,-0.3446197060575798,0.9019812951759152,0
2641,1.0326063460518784,1.2492544380914892,2.005462505389322,-1.6249073166985684,-0.8558839203363346,1
2644,-1.5058921436499069,1.4717692554955328,0.7453873088432121,-0.3450271240809377,1.3045925074599731,1
2645,-0.6303676467471555,-1.8381344684552756,1.0073697528936143,-1.278560233115997,-0.1957754656239834,0
2647,-0.7907517820564913,0.2942435572676573,-1.505549970050106,1.5621376984528297,-1.4025648238182238,1
2649,1.1442462581456216,0.2269010159627963,-0.4629097292285929,-0.1335819299740463,1.2197004570559355,1
2650,0.9088708832844662,-1.138770894015411,-0.6806517141396049,0.4747898186843714,0.3533665860270396,0
2651,-1.0503815413987627,0.7491265893066236,-0.890874140186396,1.3038267738563416,0.5294491562496214,1
2652,-1.1319244506457211,-0.5290767014634118,-0.546460614528624,0.1598767213023308,-0.2039768980124904,0
2657,0.6915920176072813,0.0864431383681833,0.9667588321164844,0.3695751403922469,0.8287953801606809,1
2658,-2.0896834109219373,-1.23434557049746,-0.3643516698876273,1.079568784900242,1.88052972606774,0
2659,-0.1642357823868779,-0.61158006388818,-1.954968544257803,0.8635637640731639,-0.5501905751944769,0
2661,0.2321437886435865,0.7713805265504663,-0.225252192516583,0.8379827105522986,0.81595715934866,1
2662,0.5963385005941313,-0.0164733680475056,-1.1749400893061266,-0.0767853754752334,0.176064663715843,1
2667,-2.0458742302582236,-1.193620560929132,-1.808191578326553,0.6319304103895901,-0.6930817837991526,0
2672,2.221992289184527,-1.704443116392662,0.1614794303123818,0.174004989040957,-1.0305574039231489,1
2674,-0.8422334128027206,1.4750560472309444,0.9120263332638504,0.5405117112662879,1.2332154065194592,1
2677,0.5479440333912979,-0.597922072276191,1.502451918262896,0.9394513059793104,-0.8279199876821015,0
2679,-1.0657985840373894,-2.232765338576968,0.2391348623320376,-1.9888999492951855,-0.9930387031447206,0
2682,0.9650920121259146,-0.2522198582582108,-1.852249285920492,-0.7566448990662162,-0.0976892808726917,1
2686,-2.2192218213441612,0.4548209756370096,-0.5816980607695965,0.8981718246566575,0.4081904694201736,0
2691,-0.1883177435865066,-0.5467758337539146,0.5775773184176594,0.0913002226585707,-1.0220268636479688,0
2692,1.4710079134897154,1.0901340044757244,1.5860555320964014,0.2369646640681163,-0.0357330682806904,1
2693,0.703560482618621,-0.5774750209209021,0.1300595547198361,-0.1756778993213652,-1.4610343171899207,0
2698,0.3580800444793122,-0.0257707956255219,0.5450786544814065,0.1873155231311672,-0.3374260522722028,1
2704,-0.1642238039350332,1.2994929467204897,-0.0242564195432191,1.5992411590778703,-0.4562178521132108,1
2707,1.0025107220447482,0.7619372364817996,-0.6998274246980576,-0.4244402673476728,1.0180986474793647,0
2708,0.1447878876042412,0.3380717267272727,-1.6359673537043573,0.6559986551621014,0.2872968440825678,0
2709,-0.0639100226411535,0.3608918630590762,-0.4092177071242496,-0.5919025038834741,-0.2418855316391098,0
2710,-0.4642031783182975,2.1805295610432003,0.9118707288435896,-0.968468923971701,2.0362960022608423,1
2713,1.065131372635445,0.3014859303340381,0.0414250100519429,0.1478705914601392,1.8358889975302184,1
2719,0.1135849824180798,-0.4017795377104419,0.4399715621511794,1.234957559704117,1.6636636969545726,1
2720,-0.7622656752638802,1.1007951763012125,0.549680819551018,0.9745366094600776,-0.0918792726927976,0
2724,-0.6082387490196441,0.4524121180479882,0.1957061275227168,0.9032884854472796,0.8502150521164803,1
2726,-0.7375551452208102,1.140901118408613,0.0136194183149926,-0.9204973478121256,-0.4582278387416802,0
2728,-0.6814223058812449,0.1843937375886219,-0.1740018310855592,-0.4894944112570207,-0.364069592503454,0
2731,-0.0226915299387308,-1.039844100385727,-1.87010097002428,-0.1519842647947952,-1.2633950632669837,0
2735,1.535652580863771,-0.5127130561344487,-0.7119807581846821,0.1002080373160719,-0.1655137289698365,1
2737,0.0371081360280665,0.2489430142606589,1.1987290052766018,0.9777929635460209,-0.7497427406872955,0
2739,-1.712043393749747,-0.0240617936600672,-0.0561381454096752,0.2877354717643198,-0.9627249573939304,0
2741,2.104632598612974,-0.734255656776456,0.342399597950926,1.0638116766255068,1.015720186979243,1
2743,-0.493612984111077,0.4195744214010045,0.6196582273483766,0.6802540043027369,-0.8463558648348002,0
2744,-0.5320481369344054,0.2155011998019685,1.2623113126282814,-0.2384840821184273,-0.0223019000838194,1
2745,-1.0259284371394095,1.8632268318922425,0.1542629471417098,1.077754779556742,0.0298972080676005,1
2746,0.0852670652434121,-1.5003088908520608,-2.150761869692567,1.251905211835959,0.07805821426242,0
2747,0.2064281229866182,-1.2490537522004106,-0.9030641777936236,1.0623020011349846,1.740143770841437,0
2748,-0.6212740137725519,0.6714832883630556,0.190024932681605,-0.1205289400777256,1.8519590201783191,1
2749,-0.453201646022752,1.2407126370174857,0.3814233170420487,-0.0168893223648189,1.3720171730330784,0
2752,0.2605568725045278,0.6778074173271814,-0.2679618077549927,1.4981806301764926,0.778944191772826,1
2753,0.5425265905148402,0.4937052337068637,1.1572813074935635,1.0216877869354897,-0.1127720535462877,1
2755,2.3307106894502656,-2.10203983598983,0.6373547406690422,-0.6962473294452859,1.8821802936730196,1
2757,-0.3286476158895048,-0.7511558687010546,0.270063811582624,0.3912241634067323,-0.9963063912759672,0
2758,-1.6582687630439978,0.3109564521495716,0.5319205511195337,0.7302167619612338,0.5511743815941278,0
2760,-2.1971386312358456,-0.0073912978467148,0.5042324298803218,-0.0758850090057223,0.7035804460577602,0
2762,-0.4867406966658302,-0.2889687029167053,0.5702168440443536,-0.1987963975451896,1.1167105506453896,1
2763,-0.9195062322350612,-1.136363756465487,0.3046290340183425,0.4042884622647964,-0.8649594940834129,0
2764,1.3435954013274256,1.924936809770226,-0.6278542128407156,1.4873006727311908,-2.3821321720007225,1
2765,1.076112266718025,-0.8577627711284175,0.9760726819721396,-0.9612759859566656,-0.0684875346267952,1
2766,-0.8101155965418396,-0.2138806977820808,1.8299240289304448,-0.1079377965934061,2.110301623925836,1
2767,-0.3858125610928363,1.491764703806802,-1.625692606512803,-0.2865090553781911,-0.5361099853253575,0
2770,-1.1295230924319606,0.4576689779503528,0.3725179968702329,-0.2745895930667648,0.3976779650457155,0
2771,0.1020943530746843,0.4974194947565403,-1.3341023084800938,0.6145019805287018,1.0266013295022722,1
2775,-0.617293951412198,1.3381795700463186,0.2047826102994981,0.6308009334244812,1.4165887294944215,0
2776,1.4001785357943723,0.5797854538561881,-0.3026582010098043,-1.4297037875372114,0.206690700479746,1
2780,1.3103688995730578,1.247741871861388,0.7236642147419157,-1.6959225068802954,-1.3359523008771192,1
2781,0.1661691197587684,-0.0342350410835411,-0.4980798274983152,1.905323197454832,0.1058601531711412,1
2783,-0.6060715898941221,-0.9428257182825068,1.5626582864273035,0.8020858742186469,-0.5441519127185926,0
2784,-0.8638763749547805,1.3848905006026038,0.3616877153388594,1.410417968616338,-0.0601493507815565,0
2789,-0.1081000885198898,-0.3333170592115979,-1.4356706282952385,0.1493582276986776,-0.0956189167165922,0
2790,1.182240170076993,2.012979079132458,0.4564503404142326,-0.6966305213662353,0.6467243773470688,1
2792,0.8040963921654486,0.5110255804078663,1.825576142928496,0.6743380738464718,0.4242949245623606,1
2794,-1.0086317825741715,1.6022097613659732,0.3686002129589932,-0.3765238553450964,0.3984798221400208,0
2801,0.255861365690068,-0.6579218009832918,0.7649783711048204,0.4411764090811286,-0.4204702080426906,0
2804,0.3633088796686561,0.4837543777650492,0.3014122081361178,-0.0907619434717691,0.9968170200232238,1
2805,-0.6743018940932767,2.4794034521548225,0.7630703801537592,-1.1274854031700103,0.1852293309364155,1
2806,0.7726835180321313,-0.3493691055197098,-1.4951440475767068,-1.0390639415988954,0.5420929443455513,0
2808,-0.4947321473225333,-1.4708138128443196,0.4844534304549453,-0.8065435550174455,-0.5357521845838709,0
2809,0.3467851365871779,-0.2566275354542164,-0.7046533096343361,-1.9894384247239287,0.3674258458678147,0
2813,1.1897100026496046,0.3089905581748908,-0.3690529853687782,-1.7061597653741696,-2.2703469421937092,0
2818,1.4498118303709555,-2.1515632347735676,-0.4370267588601139,0.0041591387811561,0.4630579604225432,0
2819,-1.727314537702048,-1.7434436603689656,1.3067897496253924,-0.5591193186097794,-1.487406338453232,0
2824,-1.3213941638505806,0.571970019247058,0.3107132017429109,-0.2033085285073219,0.4495171456520836,0
2827,0.0146002335472149,-0.932724973689029,0.7389894470366405,-0.6116048999444152,-0.65274731108104,0
2829,-0.3395961557811601,0.1603636656898048,-1.8096880029090108,-2.831020599340725,-0.9754682383702707,0
2833,-0.3460647047270636,0.9171708852316622,-0.3364626198791729,1.231252879356013,-1.0471463662892824,0
2834,1.433783954505778,0.472040083088418,-0.9685349230520062,0.5089786345523063,-0.6503028983172799,1
2835,0.0334280543474754,-0.4866271371452512,-0.1329121641330784,0.9414307938098668,0.5185116521466865,0
2838,-0.3318544110741597,1.256157493731777,0.9845229729948868,0.0350695135013904,0.6779055608892148,1
2842,0.1819444285099393,-1.0819224486476589,-1.3539942359944126,0.5197244960339101,-1.5339620122686228,0
2847,0.5372760119561523,-0.897176441405749,-0.3289822917520028,0.1071058648721934,-0.6424294892612682,0
2849,0.4544549884990673,-1.0338636826738634,0.4272154004583863,0.2558201900592407,-1.7886553840741175,1
2853,-0.5560474508341664,-1.2617390905476908,-1.4587105963075782,0.5834327494378747,0.3887783869976185,0
2860,-0.8966325848654781,1.939700151027628,0.7922794954511481,-1.7927773389484425,-1.7722625585075578,1
2861,-0.9840238027038184,1.5731854067592723,0.8909217105523625,1.6237121955582872,0.0102092865627547,1
2864,-0.3732704617553693,0.707184023274026,0.8662729119465122,-0.4973567303754355,0.8190300900590537,1
2867,-0.6153109736317417,0.2878210083188878,1.1153655018924509,0.1997693346557936,1.4582389999776564,1
2868,0.8679398580252639,-0.4883294240713444,-0.1400306459537693,0.4084216862385714,-0.4486355528563638,0
2869,1.5312901779165933,-1.1087261342922892,0.3161064504243861,0.7354468136050571,-0.3134469894611023,0
2871,1.1505847769930262,0.3992964729355876,1.0078574304895174,0.7593317312674405,2.179889308281965,1
2875,2.1891860778060868,0.620462359645895,-2.7870678690285327,2.652291687986943,-1.8492464802903776,1
2879,-1.0656467344564875,-0.92725364460376,0.1364919940057255,-0.964971658087667,0.1786619826967884,0
2881,-0.1501570374913139,0.4753228728787888,0.6910374027783259,0.0355021654733045,-0.0606803167092834,0
2882,2.06354149047339,1.200553998907298,0.8335461180651682,0.1312059458801964,-1.0057432358949738,1
2883,1.127386385933994,0.1442941467180213,-0.5771690138231336,-0.2431404535876946,-0.966182566238148,1
2886,0.811493741973321,-0.1284392189010354,1.4089169351214348,-0.7828977195866305,-0.135537126748278,1
2890,0.1345917294523791,-0.6461813609102723,0.1347839778261051,-0.6739036885692954,-0.0785430241741799,0
2891,1.8103293797647415,-0.095614046550426,-1.0480218812736268,-1.366372047984974,0.1271177573644799,0
2893,0.0462972592773389,-0.3383032174399716,1.7183889622788695,0.1714891734295274,1.945471948114594,0
2896,1.34591124873214,-0.5928627292796731,-0.7437589743549698,-0.9041337882702168,0.8297006157301556,1
2898,-1.4622589081012267,1.6595325997585602,0.3188858642454964,-2.0734663566586917,1.5918796358216134,0
2901,0.9949691941604684,0.4642105948193797,-0.3863699597393822,0.0183066729313794,-0.4424705302000037,0
2902,-0.0619978093690395,-0.7618113825596522,-0.5802393195274274,-0.6106781375454329,-0.7258608518557548,0
2904,2.1552875982895463,-1.0277052036965475,-0.1612243897040402,0.0887204137176621,-0.1086421740451498,1
2905,-0.4582098742194886,1.155079972198554,0.4544586229434542,0.8458053237450754,0.5893799496663307,1
2907,-0.6694467765275067,0.8473120418058289,0.7104351789845953,1.9202949052321885,-0.9671585166762892,0
2909,-1.410338186081424,0.7932264815558977,0.2060595151861,0.1521928817719046,1.95022829984733,0
2910,-0.3824833982678233,0.3422654247719816,0.100270699039255,0.1980391602407326,2.221803904642779,1
2911,0.0638070924137487,-0.567279799488263,1.8709027954472213,-0.3076887654389624,-1.6051781472090552,1
2912,-0.7408437064288511,-1.2465874940428558,-1.799965466314451,-0.3630150043681344,-0.0702159652734323,0
2913,1.1805279151289063,0.6294016120620651,0.5838343081286667,-0.8932100051977196,0.884933261964115,1
2915,1.780830548761419,0.3229523990468372,-0.5943572783674849,-0.1619948559878427,-0.4204207150125877,1
2918,1.954899591647628,0.8366012004465857,0.118763796833618,-1.361652219504395,0.2200083057300834,1
2921,-0.6624700986121024,0.2455383847732203,1.0022074144378648,0.3320994781399878,-0.529343696373306,0
2924,-0.619520643687098,-0.2976834855402208,-0.8846194576513401,0.7142792376934625,0.1108235243069115,0
2925,0.9836535952108916,-0.6091682115417223,2.133021769949211,-1.9046487855039445,-1.585134907922294,0
2928,1.7642410769011654,0.3304760796432622,-1.2275490176321833,1.7725229312021364,-1.018149935002941,1
2930,0.5132414912681309,-0.8156862901633702,-0.1740749653746603,-0.7695349798407002,-0.199071587977465,1
2931,-0.1187622248674092,1.844304173204796,-0.2593885144687406,-2.125598324530646,1.3950915373207864,0
2932,0.4492593740260234,-0.1310104345533893,-0.4372153668610949,-0.9469256560568856,1.938048097086492,1
2937,0.3276887049118218,-0.468394663428241,-0.2058293544807764,1.164911805425043,1.4145901678191124,1
2939,-0.7957578149464997,1.2750461182058257,0.0586363021070163,1.0444166388757383,0.7882786808212866,0
2942,0.1545032491277727,-0.5586357890526705,0.0026771275098911,-1.749932647203449,1.3494216968519552,0
2943,0.0159092849662846,-1.0993535064903106,-2.459708848387683,1.0291349410333923,0.558091552723642,0
2945,-0.4171415986152579,0.4209420239051994,1.3970313748793493,-0.1029031713159708,1.4764774059167225,0
2946,0.373152473452412,0.3806909685166615,2.405109467323973,1.6526782162184324,1.678609244388215,1
2947,-0.7976136583668579,2.19218250215629,-0.0822167941199567,-0.2274911797535063,-2.159248413413239,0
2949,0.5515739628767288,2.2798715757495764,-1.0230240314925128,1.5491792447079755,-1.8027124170328268,0
2950,0.208075476474294,-0.631623119941951,-0.4479565352503571,-0.5164964179088289,-0.914716185351329,0
2951,-1.2596883066506923,-0.4424268069314696,0.1160283972868709,1.1636943566260185,0.2953503966210539,0
2952,1.1665402012943862,-1.4781768719571002,-0.4329694057087419,0.7110049191364247,0.3431907557913582,1
2953,-0.8611751146591777,0.934068892165902,-0.5312731819524812,-0.7773635613937209,0.486947760496808,0
2955,1.1000094354874357,0.2445504629881642,0.9585940807773452,0.5160685376747014,-0.6122462069718194,1
2957,0.970588466849702,2.211879640276645,-0.7637211711923855,1.597448306064415,1.5912672056641302,1
2961,-0.0633102528444591,-1.1902210941542422,0.750338603365376,0.1873642410512654,0.2618499545895443,0
2964,-1.4887610454342513,-1.3172151395967535,-0.3117260129551111,1.4623171332871585,-0.7284454121413682,0
2965,-0.5963278530093554,-0.6169110981183182,-0.5317307962886673,-0.0112268440866272,-1.2800501745517556,0
2966,1.0843599563269513,-0.1448210780096468,2.479134574725335,-1.173570998550015,1.5898661718249083,1
2972,-0.1879101345513207,-0.109239341246997,0.0304439236770317,-0.0563611012189203,-0.5588416552113599,1
2974,-1.9091373162826824,0.8290430650218876,-1.456582115007185,-0.9843311035722854,0.3322253290158185,0
2975,-0.6214990354223122,-0.7583535100029103,-0.4848160224983458,0.7296259919185254,-0.9328903964177436,0
2976,-0.0541548642225358,-0.3786562845393365,0.8198907713290137,0.8479217540828429,-1.8352817974361129,1
2977,1.0451094187643148,-0.6107559064588114,0.2362921985966739,-0.9389087403832964,0.3711346027097832,1
2981,-0.4676904265729778,1.7485538771297098,-1.3882133365453373,-0.7318929559461467,0.9525835846349204,1
2983,-0.6123965875835142,-0.458304619834358,0.2846760652983985,-1.3119290612133796,1.3277848811331123,0
2984,1.7002090886758383,-0.2359548498402707,0.3561044924308068,1.185802042849326,1.9555608385676888,0
2986,1.7827667450403646,1.6293751728026329,-0.8159301412587299,-0.1624000199057236,-0.749554136189637,1
2987,-0.1951284441061696,-0.2254323493333833,0.9542579147468584,-0.8884646637338346,-2.6167496049557637,0
2989,-1.211100590259932,-0.92944741765211,-1.1156540011597813,-0.5544937442956455,-0.5972873958950655,0
2992,-1.2260460978856038,-0.0675110409850576,1.7329277582352234,-0.8529088029261331,-0.1274549818377663,0
2997,-0.6178561124619121,1.3725442840972462,1.8407658022347948,-0.6934377061177628,-0.1137432371078152,1
2999,0.4192746634002592,-0.0061926945099369,-1.2168685933937622,-0.9896526464284002,-0.6524169243963687,0
3004,-1.3634544588129167,-0.1056748837732099,0.5156560461068058,-0.2159611015343586,0.6577317221526706,0
3005,-0.0656973886404439,-0.59550931911487,-1.0859783833115408,-0.3918153825333444,0.2045716497003273,0
3006,-1.9593918042559504,-0.7800764107150233,-1.9966920447743983,-0.6170748539780397,1.1973147342872237,0
3007,-1.1861163817288356,0.7031597458613295,2.84882512731232,1.4535381312573497,0.1335133803912118,0
3011,0.6657742660235674,1.027831588432296,0.6773762959754626,-1.0424433200607244,0.0996457668619916,1
3012,-0.9114315628634524,0.0965547462998332,-0.907536697019914,1.2771633373547857,0.7833314690198421,0
3013,1.1529893053423892,1.0517220901954962,-0.2705997115736648,-0.4256097435274256,1.741723828700153,1
3016,-0.8873629718552081,-2.1950797785732843,0.8731764280166031,-0.557418413982939,0.9053680416465748,0
3017,0.389086491234604,0.6071424666276842,-0.4553994808406475,-0.7642481439850484,0.0897608752197206,0
3018,0.9191681833081692,-0.0503820054837419,-0.7019363226322926,-1.1990180913983586,0.204163015323827,1
3021,-1.6009447707270237,-0.0144302557201581,0.8580272441490993,0.7011617181594295,1.2113815723265748,0
3024,-0.143026269782909,-1.617645170850892,0.6490618805588924,1.3979702415840396,-1.2414519625523257,0
3025,-0.6714637605324103,-0.8823693211221685,-0.4539052719383369,0.412423158198868,-0.4430691221011589,0
3026,0.652530172699025,1.065379770075975,1.101759261329277,-1.1181810953696476,1.385928944472723,1
3028,-1.1017798865748192,0.0116904066648687,0.8478518564904252,1.3065584409873443,-0.4855571163623512,0
3029,-0.0386882670802888,-0.1041875534014456,-0.635280249865139,0.7357495297606192,0.3628482466232255,0
3032,1.081783667164124,-1.0461556284851805,1.3249843536541932,0.0231663563098274,-0.5061532507485986,1
3033,-0.5367580998571346,-1.0013677583425795,-1.740914883756743,0.6773998803592036,1.9808864004219644,0
3035,-0.1017205231488366,-0.5806274992663778,-0.2258421106731311,-2.382089422255963,-1.143484345648465,0
3038,-1.3065758665745653,-0.0406315899584816,0.0148070182302624,1.565564820091453,0.2277913001222113,1
3039,0.0166811788807713,0.0734951481434587,0.3998588297626864,0.6264400860615683,-0.7245374340179959,1
3040,-1.057620394625569,1.3705585214046985,-1.6410412944356836,1.6377474592047725,-1.9106786972537,0
3041,-0.584541132831021,0.9718539705834472,0.0003418890782735,-1.3164768037618408,0.4264281541259961,0
3042,0.0670043418004811,-0.2160482884419778,-0.6239222907829078,-0.0346059995306001,-0.5819216119523554,1
3043,2.434532668849158,-0.2400171518167728,-0.3737569538191105,-0.5416361454877889,1.7769508428381933,0
3044,-1.6390668778955666,0.3594324218994177,-0.2392899718764046,-1.4234001046420122,-0.8190763278631161,0
3045,0.3169539939058328,-0.8643932196560877,0.2595639282200429,1.7291532286863516,0.1706006772173354,1
3046,-1.4535124785244955,-0.8467962618468898,-0.2854057387452622,-0.352235118994659,0.1520138451159182,0
3047,0.3124429420780668,1.7305279551188588,-0.0037196650878937,-1.15219444687591,1.153806130248567,1
3049,-2.0557089287774843,0.5634742829724668,0.8922514769745777,1.4410872303793294,-0.7307584429525649,1
3055,1.157913229285114,-2.3655342193942603,0.4102225236084852,0.6034106370730951,-0.2673352013798542,0
3058,-0.1920177593405821,-0.3882322924825359,-0.111217123732669,0.2092767007791268,-0.5240512271183657,0
3061,0.3882273927391748,-0.9612844126119444,-1.1711785562297323,-0.1011059335052548,-0.6797763803957657,0
3065,1.3571960642519787,1.1519034392643055,1.051286865174467,-1.2035116342070005,0.0171406679732017,1
3068,2.5585118331044456,-0.3800407775032198,-1.4277871679797909,0.0252978865661175,-0.8978037450319751,1
3069,0.8645191996739301,-0.8895447793860404,0.2707337101351589,-1.1470590368724591,2.5990281447905534,0
3070,0.5036237200273143,-0.1455057974824674,-0.2929582506312851,-0.5535999832493642,-0.7609134798075177,0
3071,-0.7883967261811863,1.6783288504619516,-0.5526139577212386,-2.129418906638421,-1.1659677208798944,0
3072,0.9277246199991376,-0.2523240565913368,-0.134081600136371,1.169814451419093,-0.7771665891723032,1
3073,0.632417722130904,-0.6678831497875924,0.5758766367523337,-0.3911352507696586,-0.2415491748556903,1
3074,0.8201336575112773,0.7480248076824996,-0.1654279854045847,-0.4716236699947854,1.599147584481654,0
3075,0.5893308114979687,-0.391141808657885,-0.653084363289755,1.0248975069421395,0.1154000860531593,1
3079,-0.5396957852654911,-0.1552207875602106,-0.2145104766501341,-0.3680671447638095,-1.9887720434149363,0
3081,-0.7853960359401979,-1.1359619241090575,0.1943434644817062,-0.7007345804826288,-0.5741590960863729,0
3085,-0.7592317545099526,0.2444706063689071,1.5494199537397777,-1.309482295099386,1.498334107779513,0
3086,-0.5747692185828881,0.3457919212581986,1.5908507211018603,0.3253235923021119,-0.2974910481991882,1
3088,-1.3942316925502165,-1.013521624093676,-1.408928424867946,-0.0564294291963395,-1.5295382188097704,0
3090,0.2483385337657695,1.6868211545616605,-0.1160670792456849,-0.0387193064770641,1.290757461078476,0
3091,0.8782293382164461,0.4254149846118925,-0.5823407284001934,0.4559579062866128,-1.360784095352687,1
3092,-0.623675549392598,1.4314626509552495,1.3019926847411216,0.4374846993353758,-1.9293537213766585,1
3093,-1.20822152798315,-0.6794724286140688,-0.1716990313387171,-1.250411150505963,-0.2463137235822318,0
3094,1.7672952381553555,0.4008358768586728,0.2188266289610364,-1.017555419018488,-1.6389847867125071,1
3099,0.5252772064978907,0.2185712492739927,0.3808145143614692,-0.3239687123812294,0.6937099524626579,1
3102,-0.3317848555999794,0.5114225677258678,-0.7002562451892993,1.1921771715204037,-1.3895630058952957,1
3105,1.0142415707354244,1.4707454654887906,0.1477675624840646,0.2255431187705202,-0.183187017295841,1
3107,0.3391898691276437,-0.0262839575421112,-0.939173032096112,-1.2993666792404774,0.806322426028862,0
3109,-0.9145515927610286,-0.1134414433704939,1.2155876005192052,-1.6146992860287996,-1.563977616739594,0
3110,-0.6277653229124105,-0.026643686793205,-0.4962918978837805,0.6428165751670194,1.0888339444483472,0
3112,-1.027991707602628,-1.350918476971927,-0.1485047949610838,0.2322780312543723,-1.4492623847813766,0
3115,1.8733826408134555,-1.6230604716803392,1.2844812434196993,1.654524037645827,0.7658174962614995,1
3118,-1.443771889398804,0.0308106817491917,-1.1559260442227393,-1.180485822925233,-0.1092879100960828,0
3124,1.028817779177449,-1.3155893009900326,0.654828453157915,-0.9714433167204712,-1.3373185130328529,0
3126,1.469729339193701,-1.1903429983058351,1.5020162454502248,1.8823114896955764,-0.3662300164520345,1
3127,-1.6684916830731764,-1.383498913069118,-0.4618513809337117,2.014141590307422,0.0170800002031787,0
3128,-0.617184116751813,-0.685402258357297,-1.3227223250057911,0.87457602968039,-0.0920687447190845,0
3131,0.1359144023075635,-0.2928183557704459,-1.16960283496855,0.3016327329626777,-0.218633016446795,0
3132,0.9021839279554212,-0.7154106758755986,0.6161077734970362,1.6408484162225372,0.2725559146597197,1
3133,0.7852914527418813,0.5718902461775794,1.8980914845175216,0.3715604216938288,0.69995885173551,0
3134,-0.0362760285159566,-0.7743885356827591,-1.208175685681169,1.266924065636675,-1.00835937134254,0
3135,0.7458644997834322,0.4160166303837616,0.9177853448957316,-0.5147120225832186,-0.7907299144832106,1
3138,-0.911473501456303,0.2645252401082543,-0.6760069617238005,1.991916854002006,0.1246200866423514,0
3140,-0.0014046076823149,-1.377162416608716,-0.3402676709016609,0.6066583748408585,-0.6698828063790009,0
3144,0.459773800444522,0.5222239419083764,-0.91836923690008,-0.3292137193762239,-0.5227691980778195,1
3148,-0.562458313290188,-0.2873374180004686,0.6557549568180899,0.4071120685406081,1.546737407280784,0
3152,1.2463647094761992,0.0073370758311229,2.23417468082605,0.7461652334929074,-0.9005515596236933,1
3154,-1.3857529789405525,-2.5254072805223835,-0.3440136411233042,-0.7558936533922377,-0.8615370126355533,0
3155,-3.103095950365521,-0.8508428759530484,-0.1736418651727023,-0.6341539400960937,0.3873436762533315,0
3158,-1.481628871787679,-1.088004583066293,-0.6667563475834333,0.4505142131307084,0.2189125215556644,0
3159,1.0323708795521318,-0.9218700543634186,-0.9754729712675084,0.5239119687496643,-0.7986669041070357,0
3160,-0.603503915494421,-1.8567648392517488,0.2908460014135874,1.5412904718161682,-1.02928891630038,0
3164,0.0181505279454651,-1.205395992911139,0.0118277191349757,1.26949649320609,0.463067961075939,0
3165,0.1775170944070898,-0.5287657574033869,0.0668676508447744,0.5632542222474821,0.4641663428084097,1
3166,-0.0992187638135439,0.2173763239389156,-1.31656182004208,-0.7343367747777377,0.7075597525459859,1
3167,0.8420329513742077,0.093598590839362,1.4789657343651517,0.508019416461367,-0.2331275178630646,1
3171,0.272986914465286,0.6638012949911665,-0.1241308699140483,1.1814818939252518,0.6317300774434418,1
3172,-1.1869330707008243,1.3892203676562416,1.2255715227151365,0.4654747370529418,0.2807177049874649,1
3174,0.1203758471690429,-1.2429260234082382,-0.4965198100356913,1.0217290731659654,-0.2102078813198733,0
3178,0.4410391033135405,-0.3705169093691844,-0.9607071494755756,1.9719318519694005,-0.954502561261438,1
3182,1.287672835425793,0.6911578081111006,-0.0006334968757647,-0.0640416906510256,-0.2441201184832887,1
3183,-2.1668956700131257,0.7188068057478623,0.244465566385079,0.8255242662086274,-0.1170015514719639,0
3187,-0.1752459622572007,1.302164273045876,-0.0794299576322076,1.8552081718682525,-0.4324229440121058,1
3188,0.4264360402598923,1.0219801943278304,1.1951523047116783,1.311872217428813,-0.2720117408801346,1
3191,-1.1224650248361154,0.6223950317035366,0.2884818116086091,0.6099794463730516,-0.4143711519312114,1
3199,-0.2350939018832825,1.454024403025268,0.7132095634755817,-0.3372654606907917,-1.9429773015284817,1
3202,-1.5731160600611571,-0.4273725318120172,0.6407776171080019,0.3940600890770358,0.0309308673347268,0
3207,0.0192544536765363,-0.9032146515079628,0.8884685559080765,-0.5606268982866358,1.022710415818879,1
3208,-1.6499132417448512,0.548638071833607,-0.6436933060630557,0.7305176393302107,-0.0135591728542283,0
3210,-0.2670786387327974,0.3452395797024737,1.6134945254485191,-0.0092986008918141,-0.2425105865384407,1
3211,0.2736348651160279,-2.0734642156744294,-1.1986457006907194,-0.3753664988784509,-0.7129691507326527,0
3212,-1.6008332892434125,0.857778651167585,0.2597567295573221,0.1402652472825079,-0.6939911511543736,1
3213,0.0793929646636651,0.5144494594410594,-0.2648960539032808,0.4445722392403647,-0.7960604818251151,0
3214,0.0974853129897133,1.1424982829260997,1.2320197035760392,1.3275888049496622,0.2855684154329169,1
3218,1.014303687180924,-1.872814036121272,1.2962156815388617,-0.0250167228185164,-0.0037279979856975,0
3220,0.034555127714109,1.0626691395996983,0.1915009652041246,-0.9318115310981024,0.0564506798489432,0
3223,0.3949362128294486,-0.1608058593356583,-0.4997762731365756,-0.1954372800442377,-1.5558486868222012,0
3224,-1.8046101000371793,1.246502417448497,0.462157819708926,-2.413012127212279,-0.5763845414017408,0
3225,0.8805517333965305,-0.2800143737206313,1.2450049537983614,1.049751799276634,-1.3567112093107137,1
3226,-0.1433240988488318,-0.448089424808704,-1.3892382943521004,-1.4542743248552714,-0.8060215462417276,0
3227,-0.6409254095126383,0.2832297772433627,1.0442134732144202,0.5136449558123697,0.7503722402808238,1
3229,-2.3304759565474984,-1.8733042973073608,0.3826997541336044,-0.2649823485324501,-1.4369843501669224,0
3234,-0.124979161298025,0.8913787722248085,0.2201629742289416,-0.8837001748568056,0.322003223538532,0
3236,-1.7248172378408049,-0.1199848152883064,-0.2746598848076422,1.4478452201802798,-0.1563354289764854,1
3237,0.6079887781716096,-1.761778622872557,-0.3517579646885818,-0.8463598674335794,2.475511123295525,0
3243,-0.4312431615928531,-0.927745202149278,1.3195291740298136,-0.0733347490002293,-0.0635720073551559,0
3244,-1.28162594028312,-0.4576233546962562,0.4286958236309989,-1.2991799937588524,-0.5390876941718167,0
3245,-0.4204464374074576,0.0664408047139979,1.4795596456382638,-0.299953132982984,-0.6905006624125621,1
3246,2.746370632024671,-0.4331853535234298,-0.190658161169196,-0.3578463691910326,-0.2767691011096277,1
3247,0.077754863015961,0.9207964775932744,0.4039877232734057,1.077095563366421,1.0440286746074332,1
3248,0.2085521056158761,0.3763119700637755,1.1087366762686228,-1.1112099280024823,2.4982112022383007,0
3254,2.017871381482644,0.2993077162033172,-1.1292160847034345,0.1172822935737143,1.0214355922682763,0
3257,-0.6906899402746245,0.8592521140760645,0.2330702937267453,-0.0691733294465901,-1.0397681490714896,1
3258,-0.373914932854211,0.7371575583572125,0.5047837624854907,-0.4771988697727153,-2.611402151467802,0
3259,-0.6748476301615814,-0.4826945176106377,-0.9071059377027616,-0.413175783139705,0.8165501281952182,0
3260,-0.0372964529565142,0.9896960479049416,-1.5083720856454044,-0.3050640579549437,-1.9390221108450003,0
3263,0.412382292020488,-0.374767729287583,-0.1887708551265837,-0.0313003317517975,2.0266425601781592,0
3264,1.2336085658348823,0.2599590041503656,0.1097319678061062,0.2993533903698759,0.4942756692830766,1
3265,-0.4131979529755957,-0.8440789473766365,1.0322202605548654,0.0219827305719836,0.9487279358149684,0
3266,1.6461587487764429,0.52061473409956,0.3585484795700703,3.200242980517064,0.2070201282798178,1
3269,-1.4686024515220617,-1.3888859708625358,0.5817804434096219,0.2591320938307945,-0.6925665132793299,0
3281,1.679012447897024,-0.2400640653984051,-0.8657497217890644,-0.9171488778314292,-0.6878459450242931,1
3283,0.6992645059585234,-0.5057987557809394,-0.2913078865466761,-0.6747043162638402,-0.447492699757115,1
3287,1.142211549541648,-0.1256264694506699,-0.3941183097991737,-0.5755150212755739,-0.2684920257891949,0
3288,0.4183473229529084,0.1728106906305754,-0.0398597331102726,-0.7114214179498202,-0.7691734739249758,1
3294,1.024613117720868,-1.3797356790288142,-0.2430710218191338,0.4674210673534321,0.8711909141145365,0
3295,1.753352992609825,1.0690395916289457,0.8964886236738843,2.6335955805393603,0.0963090816072959,1
3298,2.076033433963592,0.1483734784395022,0.2400449660307696,-1.617693484988327,-0.620057390120057,1
3300,-0.0966085534014884,1.4083303552976218,1.0867076220654937,-0.1251994421155985,1.563668674361555,1
3302,-0.0553185660352473,-0.806631113127184,0.2765926018074451,0.1973884463114708,0.0198847098626903,0
3304,2.169721357835259,1.942620128819636,0.6501227637622845,-0.2655850790791903,-0.0703555826046209,1
3305,0.4056022634622747,-0.4202477524611892,1.318810060122396,-2.0357274943285386,-0.2957255539874333,0
3306,0.8010714920673201,-0.8451596472798208,-0.2401488911778331,0.5936434162432024,1.518269107037796,0
3307,-1.2939382821662444,-1.36807448775486,-0.9460301878398408,-1.5375358505081602,-1.4663784554114705,0
3311,0.541107171140971,-0.4214998199625444,0.8390771364644041,-0.956846973622986,0.109003989579594,0
3312,2.883283555780828,-2.5041899196462913,0.2331469963354514,0.271622920878897,-0.2280890424872026,1
3316,-0.7634737077106796,0.6409021702125045,-0.9446713301813024,1.008383235601769,-0.6863973574973848,0
3318,-1.0951560799128308,-0.0279470137988202,-1.1435014072910965,0.6435573650009794,0.826902898872407,1
3321,-0.2500875956445107,0.8998913262140824,1.105668788324186,0.9262058630906704,0.3363540891284143,1
3323,-0.1616676557869471,0.2645772446304975,-0.4510849038292606,1.5355311485939678,0.4621016575185067,1
3324,-0.2494079067952576,1.3863099451817955,1.5651133475640908,0.5125586934746691,-0.7752576597574965,1
3325,-0.5502704310217322,-1.446738712993337,-0.0424168798005132,-1.0500414414445325,-0.3290747691965182,0
3326,0.2606003030551612,-1.9837086420039391,-1.263741268521237,-0.5068480548353258,-0.0525273687231724,0
3335,-0.8988664244629286,-0.2103898838907837,0.001722800481854,1.7679319429815843,0.3047089971575089,0
3337,0.7112469185631435,-2.426634420831104,2.089051583278826,1.5897298447133985,0.21713575185929,1
3340,-0.4252852051382757,1.137183393905966,-0.4253794315918653,1.13862358284633,-1.0241205675886709,1
3342,0.2668306032897393,0.6613148266131155,-0.8978639286931384,0.3887986668812342,1.6082059274456812,0
3345,1.4870295143442231,0.450157318950846,-0.9161124603246138,0.2713569626625843,1.1593477099943326,1
3346,0.992792325454384,-0.9276386131664012,-3.133838815879548,0.3953860848963799,-0.8868696318382332,0
3347,0.6223275059805008,0.9502703883362412,1.1136331111633824,1.7447404859785316,1.2363569180773035,1
3348,1.7495488287840215,1.379060343235331,1.466217574022167,-0.0408681392977726,-1.2893264312323771,1
3350,-2.4449633250399656,-0.410443391000954,-0.0984110833922883,0.4626087683051862,1.072024676601108,0
3353,-1.6198182942218182,-0.9311839508980528,0.6313202887739365,0.3538330241259001,-1.9463315589664536,0
3354,0.6326125565018283,-1.56843644821996,1.35400906860226,0.2085559149049571,-0.4634214487492999,0
3356,-0.2852504325979089,0.2629671427671633,1.6979508797892535,-0.5027641700610439,0.6479551493306358,1
3357,-0.880443583007951,-2.066732117678449,0.2074587403701094,0.370405423469423,-0.110051269442484,0
3358,-1.495984970772236,0.3043010746416213,0.2663136341394458,-0.8887806310925734,-1.35349157147302,0
3361,1.155526291049509,1.619187452322385,-0.2222055251708865,-0.3430086190162806,1.0330944190195597,1
3363,-0.8806291647519228,-0.2698011194726084,0.9769072641522994,-0.0599986214133374,-1.5287379939609136,0
3365,0.5097360236772348,-0.0871448615009878,-1.1830062023209929,-2.3868033068435146,1.52326512950336,0
3367,0.4897669256391285,1.4325369463707245,0.083010928273757,1.9017010443991904,-1.499421886466856,1
3369,1.5875715067580416,0.8844363055512506,-0.9215836236702944,-1.659341600135192,1.495294669189022,1
3370,-1.4995682060120572,1.5848856877275204,0.6696147602293553,-0.0762526538201018,0.442047684335311,1
3371,0.4652909354490995,-0.2024103885870802,1.425687234919314,1.391400860599534,0.155659301820941,1
3372,-0.5999943867003046,1.3059540444042912,-2.022560380138819,0.4438926070113228,0.7395751082089216,0
3373,-0.8283518347780123,0.9737854874376468,-0.0263858613166266,-0.545700121949118,0.963223339663672,1
3374,-1.0856844286977492,0.8691933365638794,-1.982346213819256,0.2857044467311966,0.0438439562134943,0
3376,0.4526942328743526,0.2918612035602047,-0.472166456547042,-0.3018035499756972,0.2482158402208892,0
3378,0.9432302720603776,-0.5811735936743435,-1.0426535822967138,1.6461860091125715,0.6976215224325916,0
3382,-0.0286080352537713,0.8433710346341847,0.0448928326228271,0.013521426126866,-0.5775148740084471,0
3383,1.4225884603978132,-1.531484296577995,0.3013102907138819,-0.1816504617492335,0.7817545975045007,0
3384,-0.020829401155849,0.0086437056158984,-0.2666396223097112,1.3932564041319977,0.00240588506029,1
3385,1.9696512116134723,0.2722470816275358,0.021759840797327,-0.145326959854438,0.5642468996851784,1
3387,0.401994880183913,0.094904746173292,1.568943492349374,0.4225688161824838,2.605986288359328,1
3388,0.0498514085658726,0.9589132924551746,-0.7260492083746808,1.4007892553113035,-0.7042839367744695,1
3390,-0.2715922897977846,1.5415801241416462,0.4672762685051476,-1.2888500298791312,1.09538270124006,0
3393,-0.2871875387724343,0.3247330358220675,-1.4104762739609518,0.5514019908583155,-1.4083867417457268,0
3394,1.2933308258074463,0.5137668280901231,1.913139872135604,0.668783760609298,-0.3047604511209921,1
3396,2.020902000460979,1.274776941714994,-0.2035236302571441,1.7978208976376195,-0.7831280950572727,1
3397,0.2055897899152283,-1.276471051569654,1.84656925630141,-1.647386813080978,-1.4404416962621578,0
3400,0.4703717143269905,0.7402743074915507,0.1104477371452786,1.0033813137060326,-0.2012591362335121,1
3401,0.127546009583492,0.3745748825636097,0.2873610380374446,1.6132716292888492,0.3695562500003322,1
3402,-0.303902134921351,0.5279817014910116,1.0088508402701262,0.7742354415187955,0.7188075711629788,1
3403,-1.4980501435140348,-2.4925126168403273,1.2752645386206238,0.438857446206132,-0.0215774166152699,0
3404,0.6943130277801547,1.9273099356659136,1.4135311658464105,0.9622205728019576,-0.8867256328326435,0
3409,-0.5444608900142378,-0.1368678893666692,1.9574300019179929,0.1721772158925691,0.5328672079740328,1
3411,0.3614378033648224,-0.8283985150905401,-2.7552720384017504,-0.789831331931656,2.3807095273537615,0
3413,0.3970247610441687,0.2376138609364507,-0.010423796578229,-0.5302490124363188,0.939715686803244,0
3415,-0.4273300867229611,1.873621782697747,1.1124478632661785,1.0203887312819784,-0.786463706774815,1
3416,-1.4376892729668895,1.0964942157586206,0.9047672604499444,0.1372489766825522,-0.3705398875834608,0
3419,0.0451080012133966,-0.3866317343640196,1.1262123863476818,0.8858101395753868,1.0881062927508316,0
3420,0.1845197406940627,-0.456354498308363,-0.0090640074277329,-0.425696791570274,1.4665965131829597,0
3423,-1.316569171641841,0.3157353654259481,-0.7623447446784509,-0.5707217323111227,-0.704435479401664,0
3424,-0.5870702033039437,-0.8389144640158145,0.2472141776199715,-0.1555930924857144,0.0480081382081158,1
3428,0.6654691772510047,1.0810576700504966,-1.324669739578269,0.9282779452844234,-0.4264397944342251,1
3430,-0.5123502170389053,1.1650887873273892,0.6266778824519463,0.4043099616641605,0.2290074010447726,0
3432,0.351697767915665,1.2002567810201206,0.8018925201094736,-2.4646951804792008,0.614895616247997,1
3434,-0.9126061921077914,-0.4328869589705256,-1.7998922615309485,-0.5903437345466456,-1.4641590995394322,0
3435,-1.4377408037578108,0.1164788472262094,0.5340489395039607,-0.0317934801752158,-0.4987904973384019,0
3438,0.7991267895980826,-2.0666392628540713,-0.4928566637038863,1.103076666789084,0.5092295383162215,0
3439,1.8484632655514623,1.7043804799670172,0.2995921344506367,-0.2519786188848067,-0.9584387130669896,1
3440,-0.4758085655352473,-0.4082469084893662,-0.5932491923817148,-0.9183377477410464,0.4015765875220449,0
3441,1.6966396781422344,0.9332567682302588,-0.3224200582703233,1.014028847600709,0.3466508668388821,1
3445,-0.2089757973330139,0.1899870800271426,1.138223060052627,1.6525387866290535,1.00286528504553,1
3446,0.2410304989505591,-1.3756406863029984,-2.0262318239847383,0.8781589390245036,1.3420303457444769,0
3448,0.2183731327536423,-0.2291783113956691,2.6575200205103724,-1.4344208990075602,0.5479110814957855,1
3450,-0.3669480977968419,-0.2790850978135079,-1.0799526863011757,0.6323098020916865,0.2813343707819083,0
3451,0.4351686713150501,-0.0695430025330807,-0.1928779598900932,1.1756003382308513,1.0217864701570158,1
3456,2.28953724484655,-0.9433002368286546,-1.409047731094599,1.688304825323471,1.321255599836956,1
3461,0.4953946150345413,0.0921474880345113,0.4583346336408115,-0.1127196042246144,0.401862265717302,1
3463,-0.7978822785584306,0.0265606859810225,-0.7298675829292409,-0.396032538243941,1.2877417828900442,1
3467,-0.3840832036027939,1.5083607682847333,0.6728385125967202,0.1122346818419572,0.6033465843779693,1
3469,-0.1368344726778733,-0.8478400707777279,-1.955825825916536,1.4248456208147904,-0.2078947418116071,1
3473,0.5485411113532397,-2.045986805407087,-0.866760249357017,0.5693647554018482,-1.274830694135968,0
3474,0.3730650838122314,-1.3907045800185749,0.0164439834946941,1.6099903939360567,0.7746001153316247,1
3478,-0.3633567305764357,-1.3006174942757465,-0.499656198084956,0.3296550484679967,-0.0862275871102188,0
3480,1.9280025530595188,1.1130386304942623,-0.3559977805122219,-0.2893187042310804,0.2067355916117359,0
3482,-0.1773004858354833,1.453912503787458,-1.4176090322184984,-1.5992377860316624,0.2207950995479758,0
3485,0.590467204934292,1.2115908787941765,0.920581758271622,-0.1500735619498677,-0.194447251339348,1
3489,-0.4243698643476563,0.6096865427839615,1.026986849421954,0.0240006129654802,0.0589947906532093,0
3495,-2.114619066459786,-1.9468440622656753,1.6475192204974811,-0.585502603099387,0.9656204275522084,0
3500,-0.5252032515953069,1.639946892824547,1.4468630676808638,0.5040935065846489,-1.9261318364495257,0
3502,0.9849850271110658,1.1700243020669414,-0.382178716384534,-1.059425102046773,0.3516814164707847,0
3503,1.7560743221487412,0.0693896346135337,0.4522970861121,-0.2349234458819979,-0.503470205895763,1
3505,0.5578553193877401,-0.8530057327600915,-0.9140293563468316,-0.0426216066072563,-0.0185613202612476,1
3506,-0.5223228267196286,0.2410002964146756,0.9082174308340396,1.187511874153486,1.412261872647156,1
3507,-1.314801663057185,-1.1629985737084254,-0.2896453934416462,0.0802865410073762,-0.2384180038569888,0
3508,-0.5526393301825495,-0.3044182401973722,0.483313822432503,-1.3296224467920323,2.3433571725871025,0
3512,0.1767843873458247,0.7056625547307366,0.441704808317815,1.515529608278433,1.3076327075146146,1
3513,0.2651873563171819,2.2771036124116364,0.936846522707577,-0.3514144951779224,-0.5523475948283516,1
3516,0.3039900072598394,1.2672074844021592,0.6308615141807926,1.3150562714566263,0.5703389962644321,1
3517,0.2351688339918064,1.0932340918565169,2.4859721145920526,-0.2697969386048753,0.794926987725014,1
3518,-0.0052449225101486,0.5060590204930345,0.0421585575765338,-2.157742885710403,-0.2001867177381769,0
3520,0.9058153852833678,0.6810315435642617,0.4205470711980352,1.015900202780414,0.2030983195885806,1
3522,0.9417022421330418,0.4890946992298039,0.9679251293892988,-1.576603338267461,-0.1075669217942875,1
3524,-0.1816202286006431,-0.9935947844455818,0.187027683784429,1.110675831822307,0.4098714892592342,0
3529,-1.024213455210551,-0.2215014863888449,0.4357524435840783,-0.0043495993440132,-1.4120996915840336,0
3531,-0.4506634434233513,0.0672225879844997,0.9629767549865628,0.2786405227081858,1.4230693252907138,0
3532,1.1331909788418906,1.496682496209152,1.3686276518030558,1.5629495167407226,-1.153142810471234,1
3534,0.075203064950419,1.847060233007612,-1.3872916243944506,-0.7692895814228655,-1.810633824962345,0
3535,0.1446162870330821,2.2638402692696515,-0.0443416185332921,0.1010333225242541,0.5502387706232047,1
3536,-0.1162904850072908,0.3660260191440803,0.392211669327814,-0.8455566520935268,-0.0940467115496683,1
3538,0.7501848652146249,-0.594770213571308,-0.6357790519891622,-0.1247978576543986,-1.2750176995541036,0
3539,0.406900771699909,1.0490820361682638,-0.7100436448383542,0.435149189885271,-0.6291310509419934,1
3540,-1.016575501994926,2.0555610437596665,-1.0022331360172425,-1.279319318087845,0.2147153970553127,0
3541,0.2685214784607662,0.6672321411899407,2.001228053509907,-0.7771298151946303,-0.5784368379739004,1
3542,1.608805497306857,0.9391237655057844,0.8000813377617322,-0.589868695507319,1.125888220412252,1
3544,-1.0939677526036804,-0.79979906806347,-0.6278024350706654,-0.4108211560097449,-0.015736686521027,0
3547,-0.0754058280039173,0.4869304410933395,0.1418279184564055,-0.2893322870616215,1.528758169376282,0
3548,0.708065532010135,0.3021173251356195,0.6925198408593666,-0.7053294927074957,2.1747717418166843,1
3551,-0.3808911316793461,0.532607283793853,-0.1578990176965747,-1.1010063385093518,-1.0904336546709064,1
3552,0.6554415164696908,0.6035703236850228,0.2420114143192195,-0.3915165393405067,-0.1904315336310214,1
3555,-1.9012086250262723,0.6026979998756027,0.2483168395555987,-2.119392943833091,-0.1167092688849218,0
3558,0.3536238313910272,0.8797647281273557,-0.6684934818931376,-1.643732810811891,-2.0116722395428694,1
3559,-0.6656850935853221,-0.1555034692598096,-0.5160055636374792,-0.6832820926623819,0.567899527128155,0
3560,0.4628260461459242,0.1995934027601921,0.8164877843441061,-0.6563073527953184,-1.094559235058568,1
3563,-0.9648271219628666,1.124295273688533,0.0276048968387086,-0.6711783070441786,0.5519246267564701,0
3567,-0.5083411145415442,1.6029048928422998,-1.5714372137740087,-1.1613397169127129,0.2446287848798517,0
3568,0.5214360497641698,-2.5871362308958417,-1.7354101591652435,-0.2636036931406142,1.3560436314849675,0
3569,1.8877608852169696,-0.4144974901630259,-0.1706469774204161,-0.8368657572846429,0.6332063998861223,1
3573,0.7305214312887639,0.9668361511758768,0.5196209309353098,-1.0068016328441245,-1.0649266807425115,0
3574,0.0971967522838148,0.0901776598462919,-0.5594338246287064,1.2916370135332556,-0.4007515824920604,1
3576,1.4939890143566776,-1.1147905717021245,-0.4237083483506746,1.5450540380104028,-1.967349886964284,0
3580,-0.6185343041584587,0.6764879581861353,-0.8317542000821122,0.9131555243760412,0.0646279195692552,0
3582,-1.1481548228470906,0.7323098019889315,-0.6419077989107053,-0.2400300992192402,-0.0447202550692595,0
3583,1.643778427811496,0.5845055307914246,0.3850331403203511,1.2966984321111965,-0.6331968637615819,1
3586,0.4314001976800193,0.4878820196528041,-1.059756054288333,-1.0897685321092294,-0.2286603831733125,0
3587,-0.7751207236137811,-0.8804121395262857,1.6956870090748706,-1.533354771877413,2.0230644272780105,0
3589,-1.082416688476782,-0.1563783777784087,-0.8528469125007474,-1.6960795310323826,-0.6612411185582238,0
3591,1.905493019098306,2.358131865333807,0.3251675410557241,0.2283282336866732,0.2948393612153504,1
3593,0.3636187975725264,-0.6928048343248164,-0.5892734974713386,-0.1427532303141715,-0.3721432195338748,0
3596,-1.352174085377868,-1.5189802022429764,-0.5368185250808366,1.384662357992878,0.2209753935802459,0
3598,1.0125442493870442,-1.0499018721909363,0.7531660615815998,0.650756898675428,-1.179680814762932,1
3599,-0.0838186988279017,0.340819988157417,0.163235418717359,-1.7105410768085565,0.1311824545166186,1
3601,0.2912159213168894,0.0970177676228552,0.6043079879670906,-1.125186542215142,0.3968536892965491,0
3602,-0.742215380225654,-0.1433339020555785,1.708013627256206,-1.3982428087660086,-0.2794674684393706,0
3604,1.328402329052052,0.3305024347721445,0.8195660563118106,0.7152573868451347,-2.876240404156761,1
3605,-0.0766688056209485,-1.0780744688813524,-0.8293168941568618,1.4745861073252933,-0.3748055453225921,0
3612,0.1375123061279852,0.6020364999525094,-1.7151660028286206,-0.2604069068744816,0.4004607963510744,0
3613,0.4771621263973358,1.1861298414542012,0.761505332406745,-0.0608460493720411,0.6749737489487547,1
3615,0.9613087693170126,0.7121648607390529,1.2334718558813695,2.32844829795291,0.7029277733569433,1
3617,-1.6841115089840064,1.5138379913297342,1.8504168680581128,0.5680706632702146,0.592135081223133,1
3618,-0.2416448072594988,0.006323989816705,0.697952159148152,0.6335523927703243,0.7207097300033874,0
3619,0.6266685716032836,0.8983899741423699,0.7866486699856475,-1.0243486652601317,0.83226804350788,1
3621,-0.6411581518098584,1.379221252423799,1.640476554408851,-0.0991961200875621,1.1710615226618508,1
3622,1.6506266279033337,-0.0329188579616694,0.1297516117969835,0.7336153696269838,-0.8425379815202844,1
3625,1.6008622962517562,-0.2894104369981684,-1.0469149098378452,1.7683473915902792,0.1365217826184307,1
3626,0.8936008501490137,-0.7623291856193604,0.3885263052461649,-1.0969327848618573,0.0637398397280925,0
3628,0.7824141562603282,0.347666389547727,-1.0741869469626075,0.5478735694650663,-0.8782130721518852,1
3629,0.7219638704134186,-0.1156390734618257,-0.3251231503923271,-0.0910636237274546,2.559528456665708,1
3630,-0.7588015195223506,0.2265586662663787,0.7813687094923709,-0.9624128490889344,-1.5942578374059322,0
3634,1.4817880754412247,-0.3207527559739828,-1.365919824244903,-0.6798792649748162,-1.6109518334172113,0
3636,-0.5315282490933342,0.2273499800577767,-0.9376615093472556,0.8408444008270465,-0.6983402985723312,1
3639,0.5008192220989165,0.7200765660795322,-0.7734657928192906,-0.8097970024973209,-0.0359695536525169,1
3643,0.8518992687651816,-0.3281355278399193,0.2431843308913333,-0.2130964948740818,1.4576815494911497,0
3644,0.1162641373710621,0.0087539483149988,-0.4582419990209142,-0.5159636304721639,0.237722074823827,0
3648,0.4792279697955778,0.1502292814743528,-0.3019419296805684,-2.037686766302725,-0.4582066254948458,0
3650,-0.5683142343850899,-0.6097758813206436,1.037878228902577,0.1662163945381341,-0.246998740542216,0
3653,0.883975575631944,0.451374358902682,0.5548905834302266,-0.731637854843435,1.810353881617559,1
3657,1.0223023486923273,-0.7940687017982925,-0.5193352300975955,-0.6426418664668386,-0.3482030473355627,0
3659,-0.6143999346997633,-0.3266736460849986,-1.6146341779209363,-0.2623860361659186,0.8665217208419668,0
3660,0.2529570482729631,-0.1078640512986255,-1.5648855254517409,-0.3279520873079719,0.1469147639258819,0
3664,-0.3563655062206215,-0.1982845880550821,0.8379883282781686,-1.8958117218861563,-0.973893421641376,0
3665,0.6699280762098667,0.5527761486208744,-1.0585421940333906,0.5597019503036693,1.3268669568197755,1
3666,-0.0490265144655097,-1.0079610220638864,0.8749542563142473,1.7230454309708734,-0.8861403034395645,0
3668,-0.978808636322899,-1.2707225989940136,-1.7277479909857951,1.1904072931656806,-0.8347113190174262,0
3670,0.1380976866453937,-0.7601595143160239,-0.8493371621515893,-0.1049815441759262,-0.1261640480490165,0
3671,0.4293197324265748,1.1016500671651597,0.3439053605694905,-0.810883719117161,-2.1811558147306163,1
3673,1.85817761693821,0.483081552082186,1.909167283314702,0.7151394039899267,1.0857067433050347,1
3675,-1.0011424244708511,0.4168376924207596,-1.0053971661972525,-1.5334919481185303,-1.1220861138975955,0
3676,-0.2343554882632483,-0.9909191077645232,-0.2280899033185099,0.60044430527921,0.5744430468633508,0
3678,0.352889921033353,1.2014360509954205,1.729202119619373,-0.4832279281295279,1.48656325398649,1
3679,-0.2605495207917437,1.019848697260064,0.7085724686727621,-1.9770584192526244,-0.9662271349267902,0
3680,-1.221287916310358,-1.7820470316258878,0.879314983395656,2.068771855120066,-0.2576725046990532,0
3681,0.8541566653663792,1.4846253176907442,0.2083317001827596,-0.0253130649150397,-0.2456879277420922,1
3682,0.5375588822049737,0.8746940500325806,0.4618049060391806,0.4274630758168669,-0.0512029012079549,1
3683,-1.5929545250727766,0.8977163887565969,-1.284625119614848,0.6193856420858215,0.7557366499929544,0
3688,-0.710540801020925,-0.7900677508179633,-0.0256493310605651,-0.3606161267938493,1.3380090522100816,0
3689,-0.1533190587233275,-1.2248217499837284,-0.8275809136886607,0.9650510846140046,-0.1672573442629268,0
3694,-0.9565743494364464,1.2821678819463584,1.13037949237705,-0.9505288107201934,-0.0459781837060154,0
3698,-0.6054463307058101,0.1413805722255962,-0.1393344851797393,0.7800739502478649,-0.3604600901469326,0
3699,0.2270904933788594,-0.6209316181533127,-0.9378428386917326,0.1715327919098485,-0.8967676670185695,0
3700,0.8005802914488231,0.5922325321771237,-0.7651144563438871,0.2137804318731822,-0.7696999003340166,1
3701,-1.604312805801676,-0.5972251674470368,-0.0503168292727103,0.5214087249135335,0.1494799304703389,0
3702,0.9076746150282284,-0.981166171416574,-0.3766983879121598,1.6443667017663253,-1.9310800529508247,0
3703,-0.4519543059259944,-1.0714939477626486,-0.1953984042540789,-0.4344474874361166,0.602155438090083,0
3712,1.3561623838860322,-1.3512775024551371,-0.7534748750839719,-0.1323248451603699,-1.070085096001962,0
3715,0.2427918110951226,0.0255157330533153,1.1256110262097088,-0.5827487610688902,-0.4977358118931173,1
3717,0.5371054964629087,-1.1029604997230638,-1.014165964979683,0.8963614255173831,-0.1661205758294722,0
3719,1.30587282621027,1.1532370381923354,-0.6288188699353919,-0.9868295693832174,0.7607914630609068,1
3722,-0.7014903615096384,-1.599236776782504,0.14285992734841,-0.0405733728375592,0.7619641356837025,0
3723,1.2607172829791122,1.3242943648465293,1.4184654583097516,-0.7570810272890078,-1.4319592779871635,1
3728,-2.061776302443062,-0.5314286860726836,-0.5138831812339866,1.1117366588484558,-0.7828556382801258,0
3729,0.4527706135637918,-1.2922398034417952,0.480248194083588,-2.237700352184668,2.095296177930695,0
3731,-0.3646413957988428,-0.6626171533255922,-0.8164120770682125,-1.1586829519988435,0.8217894239330871,0
3732,1.2011356152362465,-0.2545738232362878,-0.0176366500322754,-1.126330860192578,0.0710206983364249,1
3733,0.2299637621538195,-0.219398609713824,0.3960749777694483,0.3087087820510249,-1.0541393890905797,1
3734,1.193047513728957,-0.2076462598295753,1.6755716019169853,0.420420589419226,1.9709331303718327,1
3735,1.1752691693064463,0.2271896281408618,-0.7231068666196236,-0.7015674747694953,0.5330342849825213,1
3736,0.1431260837909176,-0.5890262359910857,0.8330599476100415,0.0387713303560323,0.8390098153007263,1
3737,-0.9754700667015576,0.9994716680081684,0.5009955693472801,1.1975696644619034,0.9774305007163384,0
3741,0.169607960929963,-0.5755580049495391,0.4725193014668612,0.0793701660174459,-0.6050005508873477,1
3743,-1.4330459872638408,1.7193651133662835,1.036341887367967,0.7519515707043267,-2.2747307170906392,0
3745,0.6194129389547033,-0.7735783670886788,-0.5740426834093202,0.1933266397609616,1.3384857033495736,0
3746,0.8084697372233473,1.075404068932498,0.0633168062152906,1.495078023782975,-1.7411824245013092,1
3753,1.5416708468091938,-0.1183025750162209,-1.0068279759903038,0.1478485549519405,-1.2953476708655824,1
3754,0.5143400502063492,-0.977664059271764,-0.8325237401905758,0.3754920484318922,1.7502336828022196,0
3758,0.0267243358472623,-0.7049459469369983,-0.1837499538705739,0.695517347469211,1.0325621693267832,0
3763,-0.5729464718451013,1.8133418258699916,0.0293826970136918,-0.6756955610195405,-1.4902865899118989,0
3764,1.8655780310359804,-0.5519253764552517,2.0618382385011476,0.3988543514128821,0.1428852003024512,1
3766,-0.213093385083063,0.1493118521419037,-0.2662541494961267,0.1881306671883057,-0.0235774621550541,0
3767,-1.313558178184649,0.3813660378108791,0.7160544516995808,-0.5420656175080836,1.8678960782240703,0
3768,1.335571745664094,0.8439522991711713,0.8318207440280142,0.0300969526098877,1.1413721047344203,1
3775,0.2375267468313508,0.4565920001944272,-0.4224093860749857,-1.5620111153292136,-0.0833005308978366,0
3777,1.8036658074765983,0.3898517395355559,1.0992158208098344,0.4938605738357284,-1.9000353999779176,1
3780,2.927815186233118,1.0095237198595437,0.2244479710470117,0.0320375103118954,-0.0568601470949192,1
3785,0.3389153580775631,0.0856377076561751,-2.1512070041123073,0.7778926289381731,0.4883540951064767,0
3789,-0.7805443703912978,0.089983578816296,0.060630089731278,0.4338835600504557,-1.0475619506479803,0
3791,0.4001307775090361,0.4560386468987366,1.4731893962485594,-0.3159416691618023,0.6095856814126602,0
3793,0.8337195915198831,0.3191169126468108,0.3311124224504418,0.2471777290334877,-0.333077991461158,1
3795,-0.7838033932533778,0.2402401419956218,-0.0443124354220847,-0.7165359788295381,0.149302016651355,1
3798,-0.2099584361023333,-1.0285651484486498,0.7731589272535316,1.3262197622576777,-1.910428686386731,0
3799,-1.5535406174235262,1.0028569747749874,1.569796340625739,-2.1291789717047367,0.8154365012788337,1
3800,1.6378798864487796,-0.8624122658328115,1.5796678268932107,-0.1779942808800059,0.3146370905731198,1
3801,-0.7192333145470888,1.0010285260213891,0.8344521176154668,1.7247093557298234,1.4406073691102246,0
3802,-0.0091500442172353,3.1083786151818966,1.3507926484737005,0.5405160350456568,-0.9971543976536116,1
3804,-0.6133731833684581,-0.1358690108967075,-0.257746402927886,0.8000506705236631,-0.8787977624358302,1
3806,-0.992750124556236,0.8528799795201931,0.0544955771546423,0.4084283126590545,-1.18467980019154,0
3808,2.689606059597463,1.23963247815025,0.2821073430299701,-1.2278674758694206,-0.986056074776258,1
3809,0.7462745056817888,-1.3624921977174909,-1.331113844742068,0.0088312651678779,0.1334166695435745,1
3814,0.4060026916564033,-0.6264510243605412,-0.8086953154054325,-0.3382457837825317,1.090660885332474,0
3815,1.181401302518739,-0.7354468177922702,0.4605510946343112,-0.0064117528777504,-1.0082354924860506,0
3818,-0.0589383878712341,-0.770776273654919,0.385981694087448,-0.6999453350839511,-0.5402607453563752,0
3820,2.134864083025039,1.9718379250836608,-0.5064786217190556,2.3390529955826267,0.9375745293875763,1
3821,-0.6453138029430764,-2.5818397398122745,0.6881551376003264,0.0312958748811455,0.431361585743699,0
3823,-0.3604178573426074,-1.519387088057646,0.091200481778275,-1.1119319414875295,0.9185261996981124,0
3824,-0.7341009002301818,-0.2957040904957569,2.163983565744372,-0.3065742227005878,-0.440574816133076,1
3828,0.2653870668626484,0.5068080189166481,-0.4603043845625302,1.4069555777818088,0.6084338842936083,1
3837,-0.2129698032586617,1.113420653537455,-0.8236887091431336,0.5958794839967012,0.0945569100143128,0
3838,1.9932329695046769,0.3902514636605695,-0.6982262394258594,0.7363695287646863,0.7700219908959701,1
3840,0.2545209989906128,-0.6369928980212063,-1.515602041862481,-0.3521163433883018,1.2829187342068633,0
3842,-1.1050508262144687,-0.9055018988524346,-0.6071809255577043,1.4013590766363295,1.0766907311204446,0
3843,-1.0798775633268254,0.0533911154161995,-0.4026071427527276,-0.1551005393006835,-0.5360428189522269,0
3848,1.5548214679089347,0.1406434920617657,-1.5125731076779303,0.3757126539131766,1.8591325584609415,0
3849,0.4757354996869273,1.1849839904909203,-0.4851653116962198,-0.8712100478333836,-0.0708620091626493,1
3850,-1.9267053549407296,2.2640885613139448,0.1396500464804931,0.8667729543670075,-0.4615085283962066,0
3852,0.0739513036788835,-0.7845842361821985,-0.149632237026231,-0.9500508260423804,0.8091776925589377,0
3853,0.571546927498214,-0.0214024330978972,-0.5683514716950304,2.107317899782017,-1.302063986153336,0
3854,-1.5446130968608422,-0.0820059806280231,-0.2580473265709064,1.0975824547543822,0.6461164549466722,0
3856,-0.6810771326794941,0.1985010998282108,-2.6186794132702413,-0.0326475414203622,1.092982471105988,0
3857,0.6021841188704216,0.2985560436456747,0.6492391555704942,1.1032565448777163,1.4252334072981876,1
3859,0.1526594875158007,-0.6880514951942374,0.9651520033405558,-0.257236425828132,-0.0344221110459839,0
3860,-0.0559885891682433,0.449851718165498,-1.148632011030129,0.5625518619073462,-0.7208883568080272,0
3861,-0.6858037068991557,0.8852400475577491,-0.9950284610955704,0.8834424010104657,0.101366724708905,0
3863,1.4992207445612984,0.2010268962161273,0.6172873224960682,0.3711859306174261,-0.3428677067016797,1
3864,-1.5834363028951444,0.2149220591042084,1.378937830644556,0.5833329633576567,-1.0674231909764418,0
3866,1.7807283731179098,1.1477734005974185,-0.2277992736631599,0.4593598457544628,2.4239185656551037,1
3868,-0.9362131890592592,-1.6747188655948897,-0.2878022919483539,0.0384080843685186,0.3292635844098586,0
3874,0.4392964263093455,-0.0956148491643116,1.722001762345574,-1.302267368971505,-0.1371428358957437,1
3876,1.3348948234548708,0.0016024602480376,-0.4882116645955765,-0.1154403198804132,-0.9869325033136268,1
3877,-0.065962883229794,-0.0044060492449608,1.6892349953192038,0.5932757107274774,2.3626175577868724,1
3878,-2.1595440976439484,-1.2170437000299426,-0.3553453276653664,1.492494464014205,-0.1095772002833472,0
3880,-0.3516088666806516,0.1731528628025136,-0.0929563471680865,-0.2514956246084482,-0.8406610322876337,0
3883,0.0470529478228755,0.4802433341567212,-0.8629510169238006,1.992832044246513,-1.9292847289782251,0
3886,1.8005059834424213,1.0489212805426362,1.8268443208509977,1.7214234891089006,-0.3519064648015927,1
3887,-0.8693294626501766,-2.6777726821641856,-0.4062341248929654,1.765652855835952,-0.8278506574972045,0
3888,-0.2099209948637558,-0.5545702490828831,0.3749951536077154,1.2860846842143108,-1.5392106175145166,0
3889,-1.3477759816305928,1.4866200392743552,0.7330668744518097,-0.2593805613484587,1.7070827619264102,1
3892,-0.958563625220592,0.8239926513336804,-0.9926626572282404,0.0540154411547564,0.6561282493076209,0
3893,-0.8352829312605818,0.7869261855643823,-0.505355746151903,-0.5806975274123481,0.7066509835397154,0
3896,-0.8599180661115711,-1.2438447712985012,0.6394028303859915,0.8057915963088538,-0.7871029985946293,0
3897,0.912640659605978,2.0548929211131277,1.346663270971097,1.1910570951969557,0.3141291221325301,1
3901,0.2320426047432404,-0.7788072407790315,-0.1973395335773042,0.1438373941515634,0.5603661988159344,0
3906,0.2320734116591407,0.6045206306008323,0.9781548498345284,-1.5635539288146632,1.310177597426757,1
3909,1.0051755563671387,-0.3938264187449053,2.1821106519534137,-1.0961672347066005,-1.4718402205374563,0
3910,-0.4211053871239228,-0.7586401780205851,-0.3649316144868989,0.7980906964011155,-0.0339795716046784,0
3912,-0.8429288013477375,-0.2317874871461177,1.40412837960809,-0.0744494973931974,-1.3221682177229857,0
3915,-0.6397149071870721,-1.145073958359024,1.3659878354682442,0.8823137950296952,-0.2849294425833101,0
3919,-1.924461303828756,-1.7661311658852938,-0.2704617403942613,0.4915442590949423,0.5377837069011182,0
3920,1.582399552691461,0.0822638878894989,-0.3726528534605217,-1.3073595861552485,-0.3846276164270356,1
3926,-0.3357051386995137,-1.56630963603484,-1.2350089868939376,0.2299761150234739,0.9057759087219182,1
3927,0.0093419091597064,2.764821861854195,-0.91976243015527,0.444942142065698,1.2912026106494416,1
3930,0.2242314410317344,1.3487728440670128,-0.1093575047678297,-1.856267498765311,2.637367541069991,1
3931,0.1310885471872399,-1.0002086234017995,1.145762288390889,2.035857281244295,-0.2024381744570134,0
3933,-0.1322064378995147,-0.8375569780252101,-0.4520418963632747,1.0728236873301344,-1.975896885124939,0
3935,1.306826284796275,-0.1258520034890985,0.9247938033643068,1.788583018787357,-1.263762243124131,1
3936,0.5766508774815967,0.3614754480885518,0.1031644849742111,0.0146333056653804,0.2316699725304286,1
3937,0.3155721978494848,1.1186152928631783,0.4765146632271799,-0.1778765946763719,-0.8399214574910292,1
3938,-0.4724425178270377,0.2611661028790306,-0.7060707378823271,0.945877088714622,0.4300551406728553,0
3939,1.1435274200570102,-0.6388192209670263,-0.831067664648249,1.1360572262676651,0.1299539566675541,0
3944,1.274992477169323,-1.1672787351545773,-0.459607255470422,0.866447011069771,-1.2319473555095175,0
3946,-0.479012111846559,-0.0429645619541961,0.712684247490375,-0.9864248439608576,-1.2032585887311036,1
3948,1.4303897213876449,-0.0851691877575237,-0.3568261282178774,-0.2697156362748927,-0.5034584190775057,0
3951,1.0115514390786569,0.4372345438651721,1.2911403848681489,-0.6258094313735969,-0.39541649170215,1
3953,0.7175304970758656,-0.7030805759400762,0.6704179527719332,1.368399342050404,1.2004616934835248,1
3955,1.9582814791855765,0.835268079629934,-0.9970912329070128,-1.2390227813082877,-0.2976294200631005,1
3956,0.7094991234582252,0.4447858668440133,2.207082065463674,0.435056287761407,-0.327441216750634,1
3957,-1.1333421031098905,1.1804373778973447,-0.006061229208251,-1.5061397682327318,0.0222606029152695,1
3958,-0.9957381111270068,-0.4256375103498155,0.0061919764426665,-0.9051780483349908,-0.4876241689563564,0
3959,-0.744119834113319,-0.7172891963202355,-1.0080205171315602,-0.4827645646031226,-0.8946984417739533,0
3961,0.4495870246333079,0.7403372722948937,0.4665888170021589,0.0501993454265921,-0.0293258063473986,1
3964,0.4951121791708695,0.427416166147528,1.12371686184175,-0.328696807304412,-2.1455184718620557,0
3965,-0.3272879113805561,-0.2191623024996576,-2.0491920166173037,0.0453716089607378,-1.0758514886645454,0
3966,0.6490851030934534,-0.246079735826514,1.9610948855197337,-0.256178656840482,0.4303912663411953,1
3967,-0.2130715064595033,-1.6232681884604083,-0.2047130051374955,0.753413441171479,0.6019898056649623,0
3971,-0.0978952663379419,-0.9204063082699724,-0.2290954654659654,1.9395613574486996,1.042633726726367,1
3973,2.0038058955091795,1.999403047779649,-1.7532298067972054,1.4670921431418145,-0.2839091404526765,1
3975,0.1770792792618186,1.335362579090148,0.3865179354324531,-0.3597915872811468,0.5414111108379199,1
3977,0.5351664545013418,-0.0273825489104333,-0.7880996460025648,1.488116936569336,-0.6977934544676601,0
3980,-0.9916245447619684,0.881229551720133,0.3327848880766239,-0.0625374421787214,0.1851629397340149,0
3981,-0.5102153033613023,0.4270555432452478,0.3168244859600677,2.6776532229251733,1.070822215083761,1
3985,0.2912471253656829,0.7748377547924228,0.5684701636794856,0.6054010330667036,0.7615002221739411,1
3986,-0.5547227246051216,1.6877797868303248,-0.1111493981724268,-0.2438482029824049,1.347625501313754,1
3989,-0.0406014352224594,-1.5206674074319642,0.2630233215655902,-0.042292872512644,0.3122004566335367,0
3990,-0.0775177777644818,-0.3603393634785457,0.8749100602756985,0.5331344037084068,1.3960472999356883,0
3993,0.3625347427666591,0.3382447744369442,0.1858262032504806,-0.628117160926389,-1.4853557940785214,0
3996,2.5057903148560925,-1.3228556138923926,-0.4132303163942448,-0.3351797695824117,0.8935570213583215,1
3997,-0.9787767576860876,0.7634296075766009,0.5796498317694024,0.8133474349467968,0.7952230468450979,1
3998,1.538319636632596,-0.0492094629373754,0.5301579094915613,-0.7365492855629082,-0.9647950102675676,1
4000,-1.6582006485990783,0.8912069925461823,-0.0580320064151966,-0.5999091184624037,-0.2508175117603908,0
4001,1.036770787041004,0.7312405173250732,-0.1279234580055007,-1.1391074640692798,-1.0685445969116398,0
4002,0.7530301599246617,-1.277742425654394,-0.1181544882443083,2.681072127379903,0.4595608383700958,1
4003,0.7422492039950045,-1.0610352718663285,-1.2273016561724444,0.7958220370380511,-0.2823519888948579,1
4007,-0.0671778006947226,0.2834225145492587,1.126931916660077,-1.232161706298422,-0.839697497429398,0
4010,0.0436754154181733,-0.2626102209464174,1.395075362788366,1.4718525786825123,-0.4433744923903157,1
4014,0.4600626106489263,1.854857689420273,-1.0099357789723815,0.143376646501282,-1.2350962446963178,1
4015,-0.7186225992146529,0.1931113188082097,-0.4926112133627618,-1.3055239031696757,-1.3279176906145855,0
4019,-1.101430049521758,0.730067177405201,-0.8308571426653624,0.6902555612776734,2.969072190474402,1
4021,2.364955607848391,0.4929886847030986,-0.5661528561658385,-0.2034606110429038,0.4307757777089527,1
4023,-0.072897604682131,-0.4990453460587155,1.072174167789942,-1.46142563468471,-2.366433358148267,0
4024,0.2245330147621503,-0.1381797398728962,-1.352847250479958,-1.7105524961850338,1.930633377668805,0
4025,0.4630148479596797,0.0196457230717799,2.1952449089594404,1.022062493065567,1.7692767705402055,1
4029,-0.24096232837912,-0.4909367476378719,-0.7587914430556403,-1.2995970521782207,1.961095788459011,0
4030,-0.5005629432242592,0.3299655735312294,-1.758971956244352,1.3576491329094167,0.1671606504868463,0
4034,1.645025223656449,0.5459630955291201,1.2334481539361506,2.5919470477380866,0.8373742843906191,1
4036,-0.0669368979883914,0.334347420946835,-0.3507410403438494,0.1595363403210748,0.2124474277695408,0
4037,-1.6085419264167171,-0.4415932925810754,-1.23320808685344,-0.4071086073883589,-0.7951637696651995,0
4038,1.0118211762355755,1.0233999370855111,0.5602941543334771,-1.2676492312148346,-0.0981347772135425,1
4041,-0.5241716983237139,0.3789822585700689,-0.2943133743366276,-2.0085948022004048,0.4401064921133193,0
4046,0.6144329606007793,0.4249386857965928,-1.3180294358777604,1.0153062826248176,-1.2426849434224,1
4047,-0.764921905807427,0.2294849155342129,1.5670230080065792,-1.0038763521274905,0.1476844534195521,1
4049,1.3303217188263794,1.7839591788715732,0.5019232997216204,0.1574369103526335,-0.4745844736148692,1
4052,0.3906823750224901,-0.3654318573986666,-1.7540702517567133,0.457128590411999,-2.4484283162896685,1
4055,0.0327169112962423,0.9585748535381328,-0.5988788406423085,0.1405325546727916,0.3164763771801591,0
4056,-1.1008542015399994,-0.2700928477579016,-1.0254625750431887,0.8686680157067189,-0.908055425577215,0
4061,-1.8116835364114072,-0.6915089508917581,-0.9593848415011972,1.6792245927130354,2.264695928598053,0
4064,1.019944247863435,-0.0335569403741552,0.1253138414887706,-2.2322481303512967,0.9477836585238428,0
4066,2.174845957428076,0.803247273047384,0.8630743996890041,1.8188277054526256,0.2240870122288612,1
4070,0.5201095956248266,-0.5539610702342861,-0.0583593604765298,-0.3480480369115423,0.4879728561131691,0
4072,0.3170087616447046,-1.5786830961518248,1.105571343141608,0.5271808107719738,1.6292830356217989,0
4073,-1.1165964397754258,1.1334517288164596,0.93578006356813,-0.1822320472078898,-0.3766433530549067,1
4075,-1.5020519232689415,0.1488954781060945,0.4357051268851052,0.3574992319479522,0.4452886103989797,0
4076,0.9464003174496752,-0.4459221624366704,0.0875506456902121,-0.2935615129657302,1.3025255912501814,0
4080,-0.0381059578488115,1.567228063687904,-0.7568316836883636,0.7990523628666528,0.3164416248792309,0
4083,-0.964039924650828,-0.2385751634232659,0.4699964857392591,-0.3299829844213494,-1.1885263272964757,0
4087,-0.4742086773826163,2.5114240168750044,1.020202041456085,0.167882284825392,1.365984275129685,1
4090,-0.4273547715673385,-1.8436759943961023,-1.029639443148255,0.3171774663719027,0.3361542899606471,0
4093,-1.198926353941103,-0.7890184755006823,0.4212487640448262,-0.3382511036836211,0.5445995487216492,0
4094,-0.3593963470161063,1.5248117581200582,0.0083069927013035,2.4205551310087463,0.60267529711283,1
4096,-1.1890467646171878,-1.804376110336264,-0.0417497075013561,1.378770339149168,0.395708843268606,0
4097,1.7091714974091443,1.3212207831921898,0.0206087067854528,1.1837569213272254,1.5225953858547296,1
4098,-0.0801819710828768,-0.2137755605448221,0.140450487333242,-2.4119078277253156,0.2804319015758431,0
4102,-0.6771418191301696,-0.9983333049937512,0.07860395283669,0.1020570110977941,0.6475720998400183,0
4110,-0.7641485569213184,-1.6786615521872594,2.0044816868750948,-0.4488853805157691,-0.8584541774142377,0
4111,-1.1267750469893425,-0.3879674663939809,-0.6952093666633166,1.438073186760554,-1.2487378160638052,0
4113,0.1367116372945332,-0.0468175868602855,-1.4056461019236404,-1.6680951496718293,-0.7004283812905476,0
4116,-0.3200326885458343,1.4191303675543003,-0.3251272494443485,-0.0162696632697975,-0.1387473475017282,0
4117,0.231218608632325,-0.419848194895952,0.0961349737457491,1.5308140265956272,1.0488517897245615,1
4119,-0.5191355524414507,-0.6975848637562034,1.3938430026729642,0.6858766667536402,1.0579866807295064,0
4126,-2.733519603048116,1.5762440649698903,1.0546777604474915,-0.628053263194818,-0.4507842716830018,0
4134,-0.2664980690301834,0.8206298472079934,-1.0235132521759185,0.2092768175375434,-0.0554257443938841,1
4136,1.0724372172227898,-0.0919724230341885,-0.5718136565692742,1.1605593280564532,-1.031848844224768,0
4139,0.4075518601783045,-0.9609654939539468,0.1926596502442437,-1.1161274229091975,-0.4118579160315733,0
4142,0.2785599881738056,-0.2348651927201122,-0.8640589749334503,-0.2403131193657029,-0.3270855340443945,0
4145,-0.6376738245507104,-2.135824417011362,0.1513065400097354,0.647523954858833,-2.555385109746432,0
4146,0.1882863675908404,0.6042103472318449,0.5472375963384396,-1.1958611200346472,0.7731199730922478,0
4147,0.0093044973853987,0.5910376189165157,-0.125857890847028,0.3810373670554616,1.1092358000407778,1
4148,-0.2040220541024154,0.2841048088967089,1.2497686952567908,-0.1332301648097581,-1.1253961654178486,0
4149,0.6760431241559943,1.434877610609374,1.2887835128175609,0.7149877663288735,-2.3441575840917515,1
4151,2.2422020885964304,-0.3823279632742421,-0.766901313473445,0.8452047123117883,0.9243042668241256,1
4152,0.6499469110237343,-0.7694554668060049,0.5020281277390727,-1.0335577439006578,-0.7972458639802081,0
4153,-0.0948701641042573,-0.819963599901102,1.0527482478786323,-0.5781675319095977,-0.2204562182810991,0
4157,0.1380543802611692,0.9516565657248656,-0.3772980878607757,-0.4592907123262539,-1.1173190039761658,0
4160,-0.8481837840342408,0.6494807999399321,-0.0812630753816278,-0.6272044142101095,-0.3083883695545716,1
4162,-0.6447890991508832,0.543840195833846,1.0598068784522,0.3264262129200396,-0.8724700426594589,0
4163,-0.6610133379972355,0.6205708661328546,0.7200731732094269,0.140952372437404,0.1297909193895708,1
4164,0.0501225357685502,0.2690965577472303,0.7159609751718123,0.6301657072365295,0.0235854338834168,1
4166,-0.7128688863945637,0.8139338679130238,-0.0513427110356269,0.8195952584351628,0.6369588035548069,0
4169,-0.3234333416867257,-0.1101702112685181,0.9644048953605288,-0.9732171948664226,-1.0607169131291252,1
4173,-0.2117500702369409,0.9070786225461024,0.3813735643375491,1.2838205628328871,-0.4655363043255955,1
4174,1.0675342501078458,2.0346758971383183,0.0537425616076267,0.4993066769407682,-0.9305282886984876,1
4175,0.8940565258823384,1.1290581695243005,-0.4944531840666109,0.586159571074838,0.2804727388446049,1
4177,1.1118560895246137,-0.5541944340199974,-0.0017991270465755,-1.768692805220901,0.5835980475312131,1
4182,1.084506292594542,1.4710168911386976,0.2924450000790253,1.2379467016632415,1.6241799523204246,1
4183,-1.122052363884504,-0.6032381417632023,-1.495700709517121,1.0611441247247708,-1.5085322673883428,0
4184,-1.7798423404806971,-1.0973926808951608,-1.7383120105244307,0.2721580298254318,-1.0845426453859683,0
4186,-0.0746387519729987,-0.3568232734698872,-0.3294832270527376,1.1792869787361118,2.146544792323574,1
4188,0.6106911182243943,2.2119092501962143,-1.7131208570803202,-0.5070796670338041,1.5411431773615063,0
4191,0.4968065691905731,-2.514509224068187,-1.3512271818895092,0.8869372813999129,0.0359609203297557,0
4192,-0.3764418253882788,-0.8143560243549126,-1.9965425396350924,0.6934058862266377,-0.2831473696575713,0
4195,0.7907293385893434,-0.6750980312359129,0.6362125515697836,0.4654664273365452,-0.7097087924451952,0
4199,0.2036890210023668,-0.0307327931108739,-0.8277740194808911,-0.3070621097632671,0.0911886939683506,0
4200,-0.196638277551965,-0.7522027276944793,0.4794887932240447,0.1883646918681433,0.3929077717436935,0
4202,-1.8736317482243667,0.5555387020574802,-0.6293500948742695,-1.0773509572934483,0.8852380170924199,0
4203,-0.144768383759158,-1.2635640576318423,1.9349461190095545,-1.6106862643973994,-0.0866783923360997,0
4204,-1.8892767748471897,0.2706582338522271,-0.6411087002104213,0.8192748153293696,-0.0173863863067088,0
4207,-0.3477351627927347,0.4708697298722388,-2.0394598798600456,-0.5649061111480014,0.4009953790083626,0
4209,0.8610039569234726,0.3187021098876424,0.5112404704296791,1.7135547882300832,0.8275063329650659,1
4210,1.7409584463809726,-0.67191436622018,-1.5924138728455486,-0.1402807907109069,-0.2255963616773819,0
4212,-0.171529647238696,0.3585684532063453,1.0790976309119762,1.535745471222662,0.0328072074560843,0
4216,0.8856587131385649,0.5149027751537264,-0.2489959429795637,0.7112661841046735,0.0950470630975883,1
4219,0.7154956353164654,0.5941480464059347,-0.723071506657659,-0.8353039469631652,-1.5905752245984075,1
4224,-0.3653928360832361,0.9585187329102928,-0.8131027528662195,0.140575282795078,0.2453926406340807,0
4225,-0.2496918257234733,0.2680200381594347,-1.344916804563747,-0.6557871985619501,1.434359857468895,1
4228,0.3561234607312087,-0.0235306235372106,-1.2000328302261225,-2.701163913485515,1.281842482035726,0
4229,-0.6164977862575388,-1.867113194971057,0.4379610210029292,0.4187894090690363,0.7678923114813664,0
4230,1.115715701798372,-0.918986369279618,-0.8749817066683421,-0.3187032683974725,0.8216401840551621,0
4244,1.8255748861826455,0.2407202905798002,-0.4791938904156058,-0.6753404364360706,-0.7035015624511176,1
4245,-0.0063697473350586,0.4630868161622686,-1.415156939485918,-0.4489259275676643,0.2128510139473962,0
4247,-0.0608618372840732,0.5105511151899946,0.2313032921818606,-0.8488243865620512,-0.2365619935481944,1
4249,0.0065903622340729,0.2759470986000065,0.5655634451015591,0.3879855843888145,-0.3702363622686849,1
4251,-0.3531888871297118,0.9399838206668304,-0.5759476893411938,1.477514541943261,-0.0072815451385564,0
4252,1.1095580667467424,-0.7577211325275646,-0.7422167279197915,0.0910457033299728,0.4825546663448962,1
4256,-0.774232070040323,0.3533730234192073,-1.4088751352015636,0.7826608771802104,1.049316534862222,0
4258,1.795651198335153,-0.1949735174905049,-1.092675817717898,0.8376242263281327,-0.1268687761520261,1
4259,0.4781317236434184,0.3027517032969452,0.093003464179807,1.0285138034825314,1.065668069030618,0
4261,0.419196918997089,-0.3358669348454299,-0.2274286502972949,0.8119660957518811,0.3972546800337445,1
4262,-0.1166900599366571,1.6864256759352592,0.7381489163330344,-0.415860853744142,-0.3712532659521299,1
4264,1.181388868005845,1.5427490015144636,2.069198129556991,1.7299590353229013,0.3406617817597219,1
4265,-0.2084278752909746,-1.8296016970021376,0.0108678454400446,0.5191360589119515,0.0435529054273544,0
4266,-1.8882209986724168,-0.2866213487470736,0.6453320488566818,-1.0259150349639117,0.1656912452372009,0
4267,0.4316270008792509,1.1179676410257444,1.7126053927940237,-0.3778260626106663,0.1837573817907016,1
4268,0.2150691725575209,0.6493748593883674,0.5374030856413456,1.4250055602997709,-2.331296730220838,1
4270,-0.7105607626899747,1.6779554099237235,0.3752913698278733,-0.79548482749426,-2.0526450047951466,0
4271,0.5906176822183752,0.6961491937436464,-0.2157768511535411,0.6036754821556082,-0.3482705284633147,1
4272,1.0672152751681616,0.99268483577053,-1.6389253714029226,-1.395191843941112,2.0312817230435285,0
4275,-0.4789178528321589,-1.1306591638032404,0.3888461549835758,1.6314801144427198,-0.4032151563396439,0
4276,0.850358892014213,-0.8371355925341191,0.0212713681001226,-1.1619422823001564,0.0108320604792468,1
4277,-0.1164549787155996,0.6081228991620768,1.7780616086895231,-0.3888954209093435,-1.9997291473456924,1
4284,0.1840678207695225,-0.4889554238793454,-1.550553321335531,0.342835852387344,0.3466800844355364,0
4285,-0.2877129582702551,1.0358210686017664,-0.7216033208616328,-1.7713844118646866,-0.6971158458551965,0
4288,0.2816708700295582,-2.1975905928432646,-0.5485161098987617,1.0936568078962312,3.0097701334193614,1
4292,-0.2303209612254904,-1.7534869590840183,1.0249486990649743,0.416719819785072,-1.383132963747198,0
4293,-0.3653790061138967,-0.7920988290577884,0.6769057090796319,-0.3716522260476548,-0.0727733338859614,0
4295,0.1918619209953425,0.974117914847388,0.0557410127575917,1.5567541866680903,2.9178508419178057,1
4297,-0.3534938100632818,0.8753557474700663,1.07645217088882,-1.080970229931021,-0.93081419474519,0
4302,0.4768411126898513,-0.7747027921783913,0.1882287045032262,-1.008002501574517,0.886976348237032,0
4303,0.8618776396898403,-0.1796354459135899,1.6635319868837088,1.522896069369992,0.1496465984459531,1
4304,0.5655111216544726,-0.5884572179411017,-0.2721805272965881,-1.0780077139635724,-0.4783369897209981,0
4310,-0.4292772353122479,0.981060629473438,0.2568876825190573,1.925472864442779,1.1002664092961023,1
4315,-0.6896034260842834,0.9976170770685008,-0.3932845712730577,-0.5904366372401125,0.8958156474952942,0
4316,-2.4528245758881977,0.7348170667287091,-0.7130947942136585,-0.7146073036523718,1.9581369349227224,0
4317,-0.5312127717698095,0.9559146327623916,0.2792447291650234,0.3829910253495731,-0.2505422578270816,1
4320,0.7537790805287139,1.303578203602903,0.1735565456780371,1.9798030556016668,-1.320970655908891,1
4321,0.684807520446975,-1.020221358463,1.0585419084637493,0.6128608557410278,1.8013558167627286,1
4322,0.4997085907082238,-0.4040060180604111,-0.4910702124210273,-0.2501772410127606,-0.510724041225852,0
4324,-0.7812952818006472,0.4382499920738437,1.4608508378280027,0.8918089839532661,1.347068388942004,1
4325,-0.7184678475356595,0.0365077727666686,-0.7656476792661457,0.2394300705805662,0.3294509091072474,0
4326,0.9598380054009068,1.3134918538469562,0.688977163945762,-0.860169862840881,-1.352172714324218,1
4327,0.5200200307053304,1.5005211088612125,-0.0247918770682424,-1.527393562133019,2.084755956708015,1
4328,0.4894045501614445,0.171141516049127,-1.167971151006377,0.0162162228954525,0.686884162195553,1
4329,0.5030207205535471,-0.6798871281524327,-0.0570652829574993,-0.6160067020367657,1.664161582896393,1
4337,-0.8012679345779451,0.3222599553492088,0.8038280951636176,-0.4947992755245531,-0.5510079193866743,0
4339,-0.1288593914405785,0.5210704145812396,0.6607503524304116,-0.1610018915871987,-1.1226694052899522,0
4342,0.9496474848360984,0.1384097544619332,0.2677582375840397,-2.188749095111957,-0.9709212983234546,1
4343,-0.9166943638774402,-0.3186547224035695,0.1143510076537779,0.1552503250409738,0.2857469467912523,0
4348,1.9583735557262432,-0.083093576185996,-1.357834810805601,-0.1219203837550323,-0.282459199113401,1
4352,-0.2856020318712541,-0.2653321165665122,0.1171517748472454,1.086083841919241,0.924231518323214,1
4354,1.7385527334330635,0.2202130541454284,-2.748309347317814,1.6595271734693562,0.0050549312106621,1
4356,-0.5528781038116881,-0.2922470437022372,-0.5152082497318609,0.8528141316548622,0.2710623047976995,0
4358,0.9275346546294124,1.612827013935584,1.0345384209614492,-0.4603714038654817,-2.347977938328866,1
4359,-1.2290964255277457,0.6365220467082366,-0.1017479193365004,-0.4198498589157446,-2.495553501651347,0
4360,-0.0131272642442816,-1.0817785502523014,-0.7243825807659221,0.8501040968971368,-1.02914195408401,1
4361,-0.933689305373192,0.1855803274101198,0.8723620916133091,-0.4027058954067962,1.4672154050229071,0
4370,0.9639765858222498,-1.3475963519596137,0.3065509679388252,-0.0908989973226074,0.8273417964239792,1
4371,-1.374373961863985,-1.5307911227912112,0.7500443858611368,-0.3909221415491874,-0.0908021037682054,0
4372,-0.6597491609091383,0.9128103798272368,0.2992162104100391,0.2406640880570435,-1.1696204681748614,0
4377,-1.6392206767779147,-1.1999346291371316,0.2990570379410009,0.6187149844245802,-0.2833854265160508,0
4378,0.8926060522578717,-0.7965542527560597,-0.3996919467820412,-0.3020779424823712,-0.5383958581782503,0
4379,-1.9341785743912232,-0.0246670665084941,-0.1150071537027316,1.078182763710338,-1.2859444157038942,0
4380,-0.6394073240696911,1.2034912255235453,0.2932888612843521,0.549379686156372,0.4534336233395313,1
4381,0.457871647434554,1.8210499948476817,0.0915406579803173,-1.0113432768427388,0.6387974862278913,1
4382,-0.566551674227108,-0.1099369764182909,0.3701810017557189,-0.8213543152188554,-0.510294747819768,0
4385,1.346770669063999,0.6524748644050148,-0.0072018842348014,-0.1306452614628742,-2.119317414142744,1
4388,-0.3506544822362809,0.44421102913658,-0.1703207209798789,0.6249363905316047,-1.0090873103296991,0
4389,0.1468484584086439,1.552067321407369,-0.224623497344814,1.8430016269667773,0.1636714473289286,1
4392,-0.0392716184597749,0.2672200981968966,-1.5652164674642235,-0.5293418702444488,0.3673531481812377,0
4394,-0.7468083880048326,0.8945926060417757,-1.6301682090820182,-0.0984099437334475,-0.0342368172431163,0
4396,1.0074549626330378,-0.3585516533841505,0.7756816410154472,0.4857737748884289,1.322405077714336,1
4397,-0.0553879160442181,-1.7298993027940788,-0.0676596736192472,0.0884507484627117,0.5181942423984942,0
4398,-1.5326823663406166,-0.3120448148078744,0.8681035715646148,-0.1040854527211331,-0.3057343821320852,0
4399,1.9063263977835,-1.070004186831552,1.2331547099843143,1.02124973587419,-0.2251664616169624,1
4400,-0.0328905530823267,-0.0364587329521637,0.1819477563435369,-0.594541357437788,-0.4281482264286697,0
4403,-0.539229958429416,0.6677901798734956,1.382812003385717,-0.6280687090215913,-0.0474972098617561,1
4404,1.7286917749097015,0.2289761551492464,0.3737498420689271,-0.407253923968328,0.6870508304322401,1
4405,-0.0396426136855843,-1.8321029378798617,-0.3552325339828173,-1.1831787902197832,0.1122409642725449,0
4406,-0.9168390970588788,0.4781284656924798,0.0447634209337962,-1.248009003578865,-0.4925381156136834,0
4408,-0.0097679464950075,0.0914689353219731,-0.7393910551016492,0.2152202285403867,1.715095676540176,1
4409,0.2543652688569327,1.064963249139344,0.0289838565363261,-1.025803190623943,-0.6832366692929935,1
4410,-1.117802175304829,0.2177865835866851,1.223888793650001,0.1610109421508236,-0.3077818186302673,0
4413,-0.7430814416659134,-0.7070922169485016,-0.1951108108470337,0.3022197426936416,-0.0355099434979238,1
4415,-0.4823114551918347,0.1292205506840593,-2.0603352460383695,-0.215174288058314,-1.0995891634130304,0
4418,0.2632896244576094,-0.1367324164624988,0.0522391848663763,-0.0436007350867436,0.3815336312364906,1
4422,-0.5935112620702715,-1.168815021306427,-0.0354326147271854,-1.4819067230978304,0.1254737984145213,0
4423,-0.1273268189974797,-2.4804060345012777,-0.5231099030498442,0.468410010226753,-1.06354588495652,0
4427,0.4293319271863781,0.2258441091983972,-0.522378384637123,-1.10458200558117,0.6284648821942466,0
4430,2.5470791443679888,0.1518444590892435,0.2410564788464594,-0.0220613452381083,-1.1297664770563425,1
4431,1.295073237384764,-0.5724034296639381,0.9196110260373132,1.1595531083185424,0.6033213805492871,1
4432,-0.6919692758983038,-0.3410782555121822,-2.6770761806813215,-0.1164676563665949,0.8027101876999836,0
4435,0.17970531130936,2.128076137201181,-0.4201275549023192,1.527579175855062,0.1180033722734952,1
4436,0.8366555945455971,-1.2197109779090505,0.3484139492093068,-1.0691204379907002,0.2570964007050288,0
4439,-0.0064932881690004,-1.958693533674366,-1.560880356713502,0.7699491493714125,0.1295680408350344,0
4441,-0.3826072286469925,-0.3626993755384807,0.1746458242803744,0.3025810278382157,0.2525728501032434,0
4442,1.2059875089071193,-1.2012785122887206,-1.811683534504736,1.016965054387864,-0.9435250409089916,1
4443,-0.3794758186151776,-0.6120996398827769,-0.6335123220917724,-1.4582640382249243,-0.5695275877347149,0
4447,-0.2264830860230257,-0.1056716754740649,1.628295386951797,0.4027825737911772,2.1442026772186713,0
4451,0.9600772983713738,0.9301154737777166,-0.2171330921525105,1.099121036550878,-0.8959231261972913,1
4457,-0.2869187241827406,1.0570212604673288,-2.2814867670234147,-0.3632602243938508,0.7341159197442665,1
4459,-0.6174452680015198,0.4160986758835331,0.6697886858912635,0.3989389337731508,0.0725923242430963,1
4461,0.6832381559814402,0.6804013501198701,1.7134915557639816,-0.329977464800349,-0.54900735221085,1
4467,-1.516389290490369,0.9907718409092912,-1.60517973482356,-0.2457668085754092,-1.5988328731673391,0
4468,-1.056251661934343,1.2976668586049531,1.0444578738347208,1.1513222997781043,-1.4489882835384054,1
4469,-1.051056158201663,0.3398725688311318,0.7153174901793481,-0.7995136850986247,-0.5789213825439219,0
4470,-1.1313476460586354,1.658245290581541,-0.4749557990535166,0.0312923036127648,0.0836446022226273,0
4471,1.1056204534738094,-0.9524665646324092,1.1682608342261538,-1.278720715621691,1.1657202577777237,1
4473,-1.0484151416241725,-0.7348012441683575,1.3443958210311588,0.4723394912569809,0.8902492470005642,0
4475,-1.4140070565414014,0.9539082973195758,0.4400263116393839,-0.6062620491478531,1.179252734128051,0
4476,0.2438124990666245,0.2633988390950769,0.8838955762448353,0.6687066203052989,0.293674479130845,1
4477,-0.1885850535449969,1.9836641542345292,-0.7338008208640142,0.74597183899408,-0.0838591663723268,1
4478,0.454713627463171,1.233423318370273,-0.3115784269687918,0.6018363421336642,0.2655572805097727,0
4481,0.758483116961044,0.5944601425890348,-0.3752491474131725,1.8297175914563024,-0.7452346497234653,1
4485,1.1458028720454552,-0.6337783362306186,-0.0298094626609303,-0.6353271325314106,0.1629874755467944,0
4486,-0.7782896852701315,-0.4240967305005177,-0.4190005097710624,0.293360944027211,0.0029549672345782,0
4488,0.5691578157793534,-0.2854651879648414,0.204519409699535,0.2200240049452617,1.6015454843855397,1
4489,0.3815837015627794,0.073218953069772,-0.6923708198604551,0.8023851549305044,-0.2702055204125217,0
4490,-1.52548014592645,-0.1950882222613307,0.1914897943682138,-0.8185056976526855,-0.1181803051097344,0
4492,-0.0328353201912081,0.5802112339524622,0.1278362665378552,-1.7260235717651908,-1.0565776549858756,0
4493,-0.5242758796377893,0.9937198181169647,-1.3843211357497145,-0.8557374270410827,0.1648508402782561,0
4495,1.4331239415397288,-0.3453016153756857,-1.1446864844840328,-0.4298803224648433,0.3940625733847306,0
4497,-0.6922636288411202,-0.5480223263456659,-0.7466159816479937,0.1908212718649249,0.2114420810352299,0
4508,0.7123617144181911,-0.2713159011611296,-0.060445796509853,-0.3249547252196993,1.3126890914346314,1
4510,-0.4721340575694767,0.1176696247034193,0.404381419982511,1.2040390578428064,0.2409788995417568,0
4512,0.2625295171480977,0.5193890812447299,0.2697352241364703,-0.1705181032447013,-0.801381804043432,1
4514,-0.9423784922308192,0.0352471038070223,0.4911630852094514,0.0032183755377778,-2.4781378957115345,0
4522,0.1951038552133674,0.8413970263814929,0.1448701718395875,-0.5060081939264898,-0.1415575365599412,0
4527,0.8235683833998559,1.184254807252436,-1.0520300291006222,-0.5118867500884194,0.4515035201263798,0
4531,-0.5164782095508309,1.078949194455462,-0.8837792884193246,-0.4552409430160591,-0.6470297880169557,0
4532,0.5101692578797279,-1.719458199821009,-0.4976718518504046,-1.7227652206626862,-0.3128754752418948,0
4536,0.3640641894630692,-0.598931251033421,0.9919319635212448,-0.997495949245944,-0.625521632378334,0
4537,-0.1360014355271444,0.2954683592718488,-0.3245433183559915,1.2285868990015936,0.295286213601152,0
4538,0.0756579636998682,0.2601361591231718,0.7329059309617004,0.240774893141017,-1.8095168331490816,1
4542,1.8760375258246291,2.1347220698698854,0.3807014874844444,-0.3415248175984945,0.3563462661515362,1
4544,1.2408864786503602,-0.616429513729315,0.0956414665973425,0.9830405206078427,1.2798423103458394,0
4545,0.2085592818547212,0.3842962366132518,-1.0169906275034757,1.023056646923904,1.263523242297267,1
4546,-1.8703530724191204,1.762945820535622,-0.7006594668703151,0.5946308881352735,0.0775617248158877,1
4547,-0.0603758461105761,-0.2065179782768639,-0.9925633320235556,0.5238280106479776,-0.2860446687556838,0
4548,-1.3094223213243914,-1.0350046884490358,-1.2924462636913838,-0.5245905503020182,0.4850993084323594,0
4553,0.7531382351203657,-0.9819850811261792,-2.150330825608929,-0.748063647230787,0.8346599760763175,0
4554,-0.0122168789778472,-0.5349979717561932,0.0554783234910083,0.0223996730167552,0.6218985488643262,0
4556,-0.3647084189823896,0.0085242832701251,0.0120460250555296,-0.5563484813432451,-0.597334592967124,1
4560,0.4368834560502014,1.5862872655147806,-0.9718568708163784,0.189645521663223,0.8558731210790134,1
4563,0.4624921178999815,1.3971904900745638,0.6290102476309841,1.8474122486111448,0.5553074712219529,1
4564,0.5192928558543685,0.6792928806699192,1.4881707557791632,1.2375700661171865,-1.0848782331087696,1
4567,0.0834626027512366,-1.0699519582790673,0.2987672849708315,0.508135391469566,-1.422934257014142,0
4568,-0.7518862965979884,-1.2671702674073555,0.5092147968178518,0.1640065605481807,-0.0497117942355799,1
4569,-0.1282815381413193,0.3228354354325909,0.3428514920114054,-0.4955774938135426,-0.6355968038704153,0
4576,-2.0720172224884648,0.3869783227890991,-0.8724953799557809,0.6312192735702514,-0.2016212982242847,0
4577,-0.2498123285138034,0.0522381830170745,-1.1384933300603812,-0.8254530875976114,-0.2599240487546632,0
4578,-1.14434292477057,0.713817659461643,-0.3073789804880902,-1.4494366016509068,-0.5590289787890287,0
4580,1.1506442013607254,-1.636370344363338,-0.3602324849986745,-0.2666412924479661,0.5750709224246391,1
4581,-0.9335860707017114,-0.5312521641983385,-1.244411875909322,-0.6022657234915083,-0.5649655472520776,0
4588,0.618543543786074,0.3585975259848231,-1.2778363270459614,-1.098325622903696,0.2870716224067816,0
4590,-0.8838418217670303,0.0805134579182048,-0.0873976922955055,1.1606573279112682,0.2421300287003375,0
4591,-0.5991018546405157,0.359592705544174,2.142413239220978,0.7401229212868351,-0.0591670137336954,1
4595,-1.3554150299549546,2.5919226108406765,-1.4065380666233038,0.2975581310579074,0.285876685178171,0
4596,0.5160055841895184,-0.0896842661918475,-0.079249843228107,0.1384117333903265,0.479868481340785,1
4599,0.6210645845728948,-1.35215013370115,1.546854843976632,0.9013774354094372,-0.0810626927646424,1
4603,2.3770027057055767,0.8690691377647088,0.9267649097579256,2.720523127437558,0.3845738721801192,1
4604,0.1197075364493131,-0.6792073493912418,-0.4525518582273461,-2.047103766548211,0.7904233388065749,0
4605,-1.2669209973104003,0.9027359819557546,-0.0430260169605739,0.1280587147643657,-0.042367930144399,0
4606,1.3860744288829665,1.2094423599364288,-0.0288914056546223,-0.8990040764132963,0.9238891053320396,1
4607,-0.9745749714152614,-1.5548612911181614,0.4983498684877274,1.2184899218032264,-0.4050851677938761,0
4610,0.777407068442516,-0.5013018785505434,-0.1662108501799558,0.9990434475067728,-0.8081937873347598,1
4612,-0.7121216280448002,1.0641146159195851,-1.669295581660475,0.2476108541480902,-0.0439135928392051,0
4616,0.4957010678281487,0.1362251244866923,0.085049222196694,0.3606534735552544,0.7717904898807331,0
4620,0.5700021512237344,-0.7433870190376026,-1.8355053521421103,1.840371924427865,0.9270306621375524,0
4625,0.026827854189578,-0.0215828138984311,0.3739925394769893,-0.3119837002583043,-1.6312046947200598,0
4634,-0.3362622421041108,-0.1412684869634926,-0.6472316003921244,-1.0328236977891947,-0.4564604935924198,0
4637,-1.935862753499927,0.2892636378506107,0.2726919553560268,0.2088087895901322,-0.5927443212130082,0
4639,0.4349055295820195,-0.9629437258182532,1.054599605833873,-2.126621314376833,-0.4685398949021931,0
4640,-0.6159218476530665,-0.3323766418321626,0.2610990719632051,0.3962357360013959,0.6397376023146959,0
4644,0.278159143855511,-1.0022374327951271,0.0252862126442372,0.8903294954988252,0.3065631666119812,0
4646,1.9314888529666352,0.3141685133284979,0.1809565897723973,-0.8599593403739552,-0.091461155615322,1
4649,1.0680074772301238,-0.2609215412202451,0.9774280623608238,0.5452267185212277,0.8276728425567058,1
4650,0.0509364865570809,0.8865855612174934,-1.4646816134206393,0.0331457201733783,0.7130148610775204,0
4651,0.2962995262459535,1.0956236560040364,-0.1570988251961455,-0.547455273005058,-1.6390749991623594,0
4652,-0.272966500372898,0.5168749468199618,0.7610085137491102,-1.3991855816560208,1.1753251263266329,0
4653,-0.9744208211297134,-0.1211481412946626,-0.5688163816575398,0.4172498838323871,0.0940747175418448,0
4661,-0.0166030019300833,0.5975409457467562,-1.230151722178926,-0.9945853921309116,-0.6441599353622527,0
4664,1.8089675687653344,0.3174559348719892,-1.9761036835098071,0.0969956874473589,-0.5709836240975095,1
4665,1.3838117488556092,0.964624064215027,-1.5896907764606103,1.3503180635875418,0.9393677687987464,1
4670,-1.066240856065749,0.4818035624035518,1.0351563820764538,2.2130341632969217,1.4418440302656836,1
4673,-1.7299036016391465,-1.695437763689586,0.1546278441086613,0.1676750499340186,-1.8388189334627525,0
4674,0.387973525707626,1.086962703498417,-0.218301668854512,0.0598117861911783,0.5714117166842468,1
4675,0.4390292762940552,-1.6686225021652166,-0.9051211921136186,-0.3958534361886095,-0.8608270507861857,0
4676,1.466968497977134,0.6344759382673829,-1.1097254057965993,-0.2143357577945047,1.1303921370503285,1
4679,-0.362008859015114,0.4994145332514918,0.5434634806613748,-0.9288336742650174,-0.9584433699117578,0
4682,1.873459068380936,-0.6400071964123158,-1.7329627883622294,-1.4019360474791251,0.9319481902725107,0
4685,0.4388806349236961,-1.034750302260612,-0.533204586491409,-0.3738320341598101,2.98134798092135,0
4692,1.9513551686356336,-0.1502888780189869,-1.3319880261917116,2.4576686688304603,0.3936700938523471,1
4696,1.0526297396365671,-0.2072518904145941,0.4530715038259132,1.4126981141600157,-0.9499731890155309,1
4698,-1.3029128736478253,0.9075000949206516,-1.2883581851056725,-1.4427702328617196,1.159703018406576,0
4700,1.3358168816042244,-0.1636221802765639,0.5175341453190251,-1.253769883342659,-1.2110296301510723,1
4703,-0.936297166577534,-1.1962259244266051,-2.2626132437255526,0.1672573135009699,-2.2987631167790927,0
4704,-0.3202406587511074,0.6943969732642945,-0.7220956872040591,-1.0848285129994713,-0.0678469575587031,0
4707,0.2232564188933462,-0.2748034402079335,0.029656040708357,0.6489455708655443,-0.5002338402469328,0
4709,1.4979563635785744,2.6791627111941665,-0.5679422851873126,0.2940028582046941,1.0380075760552372,1
4711,1.450522400130938,0.7702331738237351,-0.0479350359605963,-0.9766308657535234,-0.4933317444243156,0
4712,1.204823205338514,0.6820856548099489,-0.1866666193776735,1.766563194495446,-0.1572212863908117,1
4713,0.9875179607311578,0.2200390472867345,1.9329530374227504,0.7530454870613272,0.0461594812130617,1
4716,1.73829535180845,0.6623794679114026,2.107815578330291,-0.4389903698645157,0.7837206431282451,1
4719,-2.049596627280386,1.1959522260811315,-1.875769263407916,-0.1277508226538815,-0.3241548109876465,0
4720,0.8253503599012926,0.3515432749007078,1.186872921260762,-0.361453291978026,-0.4647467296680671,1
4725,-1.4098843665573089,-0.2510032514224835,-0.8038259082123238,0.1033832058006407,-0.294576022281766,0
4728,0.7229703085694034,0.2408445109933149,0.3131641284057572,1.352383099229667,1.150296107095691,1
4734,-0.0186381335186724,-0.324689849220666,-1.2427738861199726,-0.7271304551819447,-1.5460357987209514,0
4737,0.6472380940295086,-1.4341413293260776,1.4479746071145512,0.5617743804950526,1.7502944726179714,1
4740,-0.2723663432264233,-0.3484495522319408,1.92053206722485,2.258695753087411,0.4244526882825988,1
4748,1.7406691833348251,0.4291252772170844,-0.700153526085253,0.3422895539486438,-0.9248544389096204,1
4750,0.0913922817016879,-0.4317391646291971,-0.604918599741848,0.4711661029025844,-0.63849603455326,0
4751,-1.094617966893748,-0.0324143969042345,-0.0399690891513339,-0.4170349782264291,-0.8912922794396566,0
4754,0.9863634917197626,0.4577039580481548,-0.3432672162101475,0.7194976186060447,0.4849305536184757,0
4757,0.9148623546631616,0.3454685828456818,0.2445477749393445,2.0507846624915773,0.473799169517463,1
4758,1.2004966876433938,0.2729328275610976,-0.3531636880116914,-1.059137321644359,0.2413901279977815,0
4759,-2.663489537956507,0.2724670758911905,0.3153983929948634,-0.2175675798470775,-0.0923663609253804,0
4761,0.1107561077903336,-0.358334784527591,-0.4640333655274405,-0.0056386927413115,1.3458159705353656,0
4765,0.2466457348283833,3.3274722864299457,-0.3014334853105098,1.53729233697513,1.6346306453511346,1
4769,-0.1262584706887215,0.0877487083995922,0.0825451702520961,-0.0770416632214115,-0.3877729154160282,0
4770,-0.1087059684577645,1.363221239101415,-0.5787189499089014,2.255340013186467,-0.6351644527132432,1
4773,0.8014664254145345,0.3226218851554511,-0.1271923221567834,-0.2514440679428791,1.131400925975388,1
4774,0.2403946495362396,-0.8722387724007014,-0.9299023631950918,1.513461312593929,-0.7187616119887626,0
4776,1.8698884728463605,-1.0411645919359875,-0.5532692339012398,0.3725036386178643,-0.2188784490764859,1
4778,-0.5724532763040266,-1.0217100445978335,0.2137131074188738,-1.3124626456240454,1.2842705959639074,0
4781,0.2518475969948884,1.1252343711635084,1.386110434739763,0.2582151704899865,0.3185265748919597,1
4782,-0.5574737989485313,-0.9876247005590106,1.2820745093111063,0.6057437124396905,0.6868290562490282,0
4784,1.5711916167192397,-1.1110476260097948,-0.7511225100561613,2.8985093185978723,0.941037736324874,1
4786,1.518798209900966,-1.8939835811634371,-1.3253815025727678,-0.1195505775668738,2.7876700558590697,0
4788,-0.0993694891552507,-0.2678075205512705,-0.3804336676494567,-0.7483540204397984,-0.977642127035422,0
4789,1.3895077982281645,-0.8865282965153725,-0.2761480587683602,-0.0390781057161667,0.7062803350312943,1
4791,-0.9692277130986684,0.7209047124406752,1.0046108680595498,0.3098978022403243,-0.1175308221851735,0
4792,2.125704035082167,-0.0138453944193564,0.2040775000328025,-0.3365267738775284,0.1510818573797207,1
4793,0.9641179787064542,-0.2753053409111772,-2.108530461263725,0.5135701828168205,-1.0783344411088136,0
4794,0.7418764419591726,-0.0013247317267035,0.943109103311516,-0.9483437679172112,-0.5352212038343268,0
4795,-0.3400360259933508,-1.4822822026170952,1.1114202087153782,-1.6254229161113314,1.0973136179781766,0
4796,0.4243984786736575,-0.1988673323428531,0.3451161486347791,0.317733288330323,-0.4004279115780207,1
4798,-1.9295998999000616,0.5645266515564303,-0.4178292318442006,-0.8534381724935188,-0.0530254735569472,0
4800,-0.4224995524773183,0.969549313934918,-0.4326501646030613,0.3549699525033754,-0.1254044412345299,1
4804,-3.5304091008965424,-0.1006568193158095,-0.9447476084110652,0.7801545266128417,1.047634877105146,0
4805,1.071245760247934,-0.3464468812906376,-1.135144011963411,-0.8145923168666186,0.2876106831813999,1
4806,-1.6458644750411904,1.3935494894640366,-0.3306300317973334,0.5001736724429345,-1.7814261137368408,0
4808,0.0634136823300756,0.4684750539123603,-0.3374418604085266,-0.2035455894739064,-0.0917324188092422,1
4810,-0.1431054779272553,-0.4058958402654971,1.2801304808099998,-0.3157479626012159,0.4642888774466655,1
4815,-0.0138458483628305,-0.1641352779145952,1.2534504145614775,1.3055529326788726,-0.6261657605637475,0
4819,0.9488973047432036,-0.5385761184626445,-1.6275658744690422,0.8079895798716566,-0.5772649950144069,0
4820,1.0626369936268782,-0.0184147208403113,-0.2772194429010776,1.3631908911233672,-1.3026556191371703,1
4821,1.4342211796310893,-0.6393559955459227,0.1623698603160099,0.1718201954255805,-0.4271198235624955,0
4822,-0.7621126900769404,-0.3698221889651394,-1.0145626837927992,1.96196064294803,-0.4811309706872211,0
4823,1.1589472544299428,1.027172958576314,0.3629297389568627,-0.1356790340662809,0.1937818470803806,1
4829,0.447455458220129,-1.5304736620270185,0.5146418238593052,-1.0823423568066892,0.438258019764092,0
4835,-0.7681730945085932,-0.4108284687128243,0.927788693287827,-0.5431848670430475,-0.3950920586590615,0
4838,0.1878216491193513,-0.4399586634389518,0.3464683867756703,1.036973300497806,-0.107611610554189,1
4839,-2.2389372329339685,1.1477327921456577,0.4002646550603094,-0.0330763650090954,-1.980371848235987,0
4840,-0.2983086031670486,-0.875477230056716,-1.216279262964473,-0.1364494307002181,-0.5359668854976357,0
4843,0.5847719911276382,-2.7379279908739647,0.0853492344285431,1.0407366433757963,0.3887059081608008,1
4846,-0.49203480680806,-1.197281141360671,-0.2655307107799339,1.0989927176487315,1.2388958717762868,0
4847,2.2719774851568464,-0.0368055193162738,0.4880565155524879,-0.7117696509545471,-2.506984949377617,1
4848,-0.0396526976484243,-1.1537542537397083,0.6433572032596702,-1.881393320539162,-0.7393328907175372,0
4851,-0.0507215531265994,-0.6449993881573639,-0.5456676795894708,1.3193225723965951,0.4373761431503478,0
4852,-0.5541895470618681,-0.9259960723554512,-0.7581103986134754,-0.163855222034916,0.9131698873072588,0
4854,0.8433587179397891,-1.404517892571559,-1.0840136458084366,-0.2295164986753951,0.355972823031185,0
4860,1.193728770482258,0.2628672732028384,1.8269651576585,-0.8490459226554354,-0.8509804020326048,1
4862,0.4021392786085712,1.211745389324271,-0.0259076650534831,-0.9270928303658144,-0.2626080080940096,0
4863,-0.8385197864740572,0.0691582250164417,-0.2767055603522557,-0.5132605224634809,0.4661473949616908,0
4867,-0.3933800735894766,-0.489793107535516,1.1265048512429316,-0.3215701682136016,0.1108526020731303,1
4868,-0.1986162069689199,0.5073924193431429,1.042944922262596,0.8356354568912998,-0.466668569557096,1
4870,-1.1701514194436051,0.8914841441386541,-0.0547470948179774,-0.433733523586134,1.097806366347927,0
4876,-1.4466218625641745,-0.8802809700080043,0.4180466537995669,-1.0274246748676985,-0.5430481897475731,0
4877,0.0818215160700926,0.2826427391301581,-1.047225948178474,0.1409429165811772,0.3988547528637023,0
4878,-1.273200524032053,0.2148429760558284,-0.7165832297446689,0.1239151806860758,0.7230790030071444,0
4881,-0.087223049382888,0.3577387592458649,-0.8069518751600276,2.00870870454942,-0.1024583094783149,1
4886,-0.5187958244042619,0.2166165494428912,-1.0210784513196292,-0.6040328674416809,0.5339351405586664,0
4887,-0.0238360299923472,-0.4772028439558794,-0.9030693189820552,-1.0132113517723982,-0.1317554814704677,0
4889,-0.0048573766066318,-0.5888606044837659,2.0227548128740014,-1.134107911714913,0.3136122561354609,1
4891,-0.6935338688735108,2.916202577533427,0.5554261336510725,-0.5506619488285118,0.2055403928462197,0
4894,0.0558858827113895,-0.3237643947946431,-0.1943842249614921,-2.1867844148980407,1.5302634529129135,0
4895,1.1774536416288233,-1.6766867924324076,0.8899879148694443,-0.0077146078819304,-0.1990461393156687,0
4900,-0.2756678766306799,0.9573828174792032,0.2330967386912837,-0.2067348866898907,1.372199801115334,1
4902,0.9662917786927924,-0.1092583330323754,1.0231836685269604,-0.1267523161740671,0.4099114250978861,0
4903,0.2635134908112687,0.3377072898879668,1.68473722020784,-1.6244245132406705,-0.0683833558727226,1
4905,-0.0707210885509662,2.437946533897374,0.5282749863748487,-0.2896555657756851,0.5526788404646344,1
4907,0.83569589806094,0.2859054496179301,0.6724751789690911,0.5254368627202523,-1.4804001953296708,1
4912,-0.6909666491187524,0.9854358742941128,2.0424256432884373,-0.1213103302487561,0.0944926997905119,1
4916,0.6547156739355009,-0.2987428925935739,0.2171127153618588,-1.870074261077212,-1.2427332762339351,0
4918,-1.1062649495987384,0.2766551909654643,0.7006892981874261,0.2089741014670074,1.7095572080877297,0
4919,-0.6824617232361911,0.1793699407749472,-1.693174724102902,0.211045520667232,1.4693732133552966,0
4921,1.5796317448086097,0.2304751622795428,0.7867149975116339,-1.7739493594180071,0.5971365267723902,1
4925,0.3852338916401919,0.0916971774123295,0.5000495643384668,-1.8316789397250857,0.2413092743812357,0
4930,2.6963797625551447,1.1497725901185043,1.5592798872946922,1.771425263118786,2.2145715499047167,1
4931,-0.3019278604073522,-0.8782679627400033,1.8334897831382375,-0.9642940179416516,-1.0285960942212329,1
4933,-1.1959253138250674,1.062411814024592,0.0066482015176499,0.5770219209361136,0.4675301792939361,1
4934,-0.2067730897663848,0.9881315252266694,0.4521478851829387,-0.3184002731221483,-1.683909861113983,0
4935,0.5206583924017935,-1.2613033780259002,0.3802831255908531,0.078888558672897,-1.3603691840398002,0
4937,0.5916091341003569,-0.6876557942866617,-1.0745909140082592,0.6746337043314335,0.9364306008908072,0
4938,0.6061980999477652,-0.2071948614624404,-1.9394657039169665,1.4816901708869763,-1.9550974407886343,0
4941,1.7408315925815088,-0.576876608978567,0.4302982517907964,1.0710085412486483,0.7789836199251122,0
4943,-0.3390534611294333,2.5215519817090657,-0.5326566529512831,0.4831410044796403,-1.5008655991366413,1
4944,0.1328183931214123,-0.2871038554312771,0.6756853858444289,0.7017530353646626,1.4169984722933255,1
4947,-0.5904651816510577,-1.0771071086308668,-0.2089731896766496,1.2465664093979574,-0.2877539031492178,0
4950,2.0954870304333277,0.4854571559544602,-0.4133145546843729,-0.0639523318783248,-0.1137648182969427,1
4951,-0.407880213235845,0.3829553434621597,0.4294884966141465,-1.173757496942495,1.0881700477746266,0
4952,-1.836803605074439,-0.2224819529237071,1.149315273056193,0.6073914267983219,-0.3569738259770554,0
4954,-0.8314485284414707,0.6227502650625915,-0.4608576658984512,0.5806095077529472,-1.1580993319396735,0
4955,0.8584800242620702,-1.690946491261784,1.3186316079585183,-0.4753562369802145,1.5311585220681867,0
4956,-0.8405122889667441,1.9247652817184364,-0.957661114027176,-1.793948680004687,0.0431032761192436,1
4958,0.7664168950852729,0.0928339523524696,-0.7097313202063501,0.179354087439254,-0.0563258031155567,1
4959,1.4159925153188726,-0.5148773927524785,-0.5616176254009604,-0.6986386403809086,1.8968484696425043,0
4960,-0.6426864243324357,1.2968382324450054,-1.0313875001615005,0.5066238221933962,0.2625093986304683,1
4961,1.233368458255322,1.088378824590465,0.0818900437432471,-0.5370759294328917,1.6249616391019226,1
4962,-0.6369474516701604,-2.267723774874389,-1.858565456508074,-1.615061349113567,0.5956955451999448,0
4964,-0.7879375191522701,0.5907998224836434,-0.2500892484133701,2.6071616329152643,0.1445402876332783,1
4966,-2.0019624004109335,-0.1501946245235269,0.8155637206624808,-0.5807768951997203,0.1864905443231647,0
4968,-1.3935752632950515,-1.3488933237786027,-0.121991423773336,0.5137348107254257,0.5643786709412704,0
4969,-0.3629328741139831,0.7453783562914271,1.420791527413573,-0.0886674166642315,0.3096639066117773,1
4970,-0.207854130334126,-0.1263063089685113,0.1695643229583275,1.7032642890538652,0.91527637724555,0
4972,1.723404398532815,-2.452637189265702,2.446388292593417,0.4169869482476857,0.9089303641637926,1
4973,-1.739944109395562,-0.2369058367646544,0.8228479168972085,-1.1747477587184636,-2.8883113699675436,0
4974,0.335505352303248,-0.0497826631628168,1.441337087876839,-0.1599184758846155,-0.0867187930824951,1
4983,1.0798355789996796,-2.18198368634686,0.2910187991442926,2.1214872648739473,-0.1828464315175057,0
4987,-0.1481571346678707,2.396940176533779,-1.3170883569796352,1.0828821809657418,0.5681052870899564,0
4988,1.5398117524120762,0.6290667951915221,0.0033630003668177,1.02002762862038,0.2297688243492937,1
4989,0.754956030606311,1.4282194638192287,0.0925199738224828,-0.4243849816516148,-0.6438118642490992,0
4990,0.4505404075967653,-0.8781684089460169,-0.3498049642806596,-0.9675687617023202,0.5083391184188641,1
4993,-1.907824576806627,-1.127223371349994,0.5548867229543852,0.2114123419632287,0.9769329535545208,0
4997,-1.583458314611133,-0.0191418784480852,-1.4603037045020144,0.5079789640323182,-1.1159579480990816,0
4998,0.1630331747680028,0.3191955904215626,0.0758638890934167,-0.6319528629317696,-0.2103682502236217,1
5001,-0.0446875065060343,-1.382748888380824,0.4986332364495265,1.7860874333652892,1.196930889546251,0
5002,-1.1029336587852534,-0.2687281443251039,-0.0306831773647837,-0.0185488585606921,0.3809618571788388,0
5004,-1.1297810190811273,0.6122124354521776,0.1064713094148315,0.8835036197046491,-0.785193416256105,0
5008,1.9629235439710264,1.0647258668844564,1.8858716677604708,-0.6913319246675488,-1.5800840664595126,1
5009,-0.0526215084729578,0.8048586361056724,-1.8547501061169125,-0.9264568493264672,-0.8153950930128742,0
5011,-0.4264248126156457,-1.2647892526907163,-0.1502378277948134,-0.8004892588573568,0.6903750200685745,0
5012,-0.0261870707242645,-0.2267427517824927,1.7681243689946051,0.383288177018637,-0.3681540836319288,0
5013,-0.5837353470860831,-1.18117260593125,-0.0658838854547892,0.3076135423766356,-1.9143759925009312,0
5014,-1.363983526978429,-0.5161027892668636,-1.098180715893553,0.0432574860259387,0.1821520429068852,0
5015,-0.1223073679329976,0.5501743213841611,-0.5849122775679194,-0.0459048604605395,-1.003313584835347,1
5017,0.281011903220121,0.3181185065711509,-0.7211859389436774,0.7636446579327141,0.5230556788392572,0
5019,1.1835599230758214,1.4215460579259485,-1.0893414176762264,0.7868042603802599,0.0845008778751851,1
5020,-2.395940346100065,-0.3323971486522672,-0.443683063193296,1.2108178959747031,-0.8709545089790566,0
5021,0.5630643471922648,-0.1070883349869917,-1.4458090032859618,-0.5521853085580387,1.531631460055703,0
5025,-0.4823897346166528,0.0283142960102294,0.919709216602271,1.4218632908329962,-0.2476394967589437,0
5026,-0.2186169336601038,-0.830048505589191,0.6651586806116184,1.025971992761923,-1.9386849171297535,0
5029,-0.4185928325751819,-0.3963146036672079,-0.3920665271741145,1.081508895329128,-0.0681351295974623,0
5031,1.9429985179902964,1.3298016422512406,1.1848250064980184,-0.500686754217494,-0.5998277840939689,1
5032,-1.8341544533668064,0.9649168878542486,0.0769971503716044,-1.8008878770315262,1.2018476020787738,0
5033,-0.3373509542362334,-0.2140804407034628,-1.5129692970010695,0.4921984406064221,0.5017700257768325,0
5036,0.4841379770942782,0.1818248490375677,-0.692153396386862,-0.2526711037854732,-0.0790748152628356,1
5038,-0.3204218489343268,-1.1420483770836505,-0.8571034444707225,1.9265862780395655,-1.4706741464213928,0
5039,-0.8191940559929812,0.5104017713182099,-0.4700027599054521,0.1555577307679752,1.4295496326852777,0
5040,0.6546278576634222,-0.4686823500573077,-0.1337194794007901,0.5306060097858019,0.6349897661603746,1
5042,0.7425955980216679,0.2917954615803091,-2.080979715777251,-0.825835519686871,-0.4806716102665296,0
5045,0.0292426638596101,0.5565666647330694,0.4614712645145952,0.1886323076196856,-0.5834476277528152,0
5048,-1.069839135161088,0.0438560363009453,1.3973586138984084,0.1304886997340562,-1.1812704556719156,0
5049,-1.0309039031989309,-0.377051149209491,-1.4156065145619654,0.3044570839608582,1.3530988697667792,0
5050,-0.5759042127325396,0.0761339067789647,-0.4289606876712056,-0.6296278512768233,0.1895760679224758,0
5052,0.7073087885423386,1.4919933307486095,-0.6745154547295736,0.8508093873733549,-1.102632618512139,1
5053,0.7092586457278951,1.644187278990438,0.4983815031121146,1.661811616943741,-0.5987319980759855,1
5054,-0.1342310655133788,-0.9156836951737612,0.0347898484554297,0.2696738204380895,0.0260350626323948,0
5057,-0.1460991728905321,-0.666005831914257,2.1912011081614997,-1.2611030335979665,1.209212457940401,0
5058,-0.162568009692809,-0.6575263913405929,0.5875760103912714,-0.4528775512683403,-0.806964686439436,0
5060,-0.3984308978454836,2.6610152443350024,0.7591190613482472,-2.3672928107544697,-1.453682728967563,0
5061,0.2369340007917713,-1.1438662573569285,0.5478332446417096,-0.4537297832648048,-1.1960264038786907,0
5063,-0.3314068037945561,-1.4044426428406136,0.5558642090990629,-0.4863593171762403,-1.51511768073707,0
5064,1.9091402279460612,-0.8844132959221176,-1.4721508867300803,0.2850508198075709,-0.0678474362836647,1
5067,-0.3598974027895524,0.8043502976024579,1.3877620882785533,-0.6775408673369395,2.404483418669109,1
5070,-0.551709296861704,0.4713243817295227,0.4859516866554282,0.2064760319177702,-0.8495035720708591,0
5072,2.218687174646668,0.4726440905685449,0.1366030757728789,0.8424012329796334,-0.4335849993392731,1
5074,0.7576767813017862,0.7244466097898743,0.7500643831285315,0.3394381054196218,-0.8245446394378756,1
5077,0.0998040007048127,1.908135428873693,-0.1641039711728624,0.0312172081468959,-0.9910068910191484,1
5079,-0.7367062802356141,-0.4998728173621409,0.409870569724662,-1.5487983725214718,0.0810360587524374,0
5080,0.8480754359790462,0.9345594910795688,0.5165670497533381,-0.0521822701925824,-0.6237388964770473,1
5083,-1.9503496903927064,0.4786017367482569,-0.4767529865012678,-1.9052124638307364,-0.9746094224524148,0
5086,-0.9902149894158044,1.3660470023821174,-0.2797083221414376,2.2231039147358342,-1.2784224115816676,1
5088,0.5955433074182512,-0.6133532614398701,0.8011063948747925,-0.2658737467215176,0.1780499337136869,0
5089,-2.6451713950087816,-0.3373352744236082,1.2635419883516432,0.6946771871187014,0.8865456143437245,0
5090,0.0533176778614209,1.6762745028910715,0.2884387165687687,-0.6601000822083767,0.8551408751076107,1
5091,0.9225983594884104,0.6295912247674517,-0.4029338874633403,0.2814721720699038,1.3933248609997293,1
5095,-0.4800215106750887,-1.9889010626842436,-1.291535940980027,-1.3434714767356808,0.2753178414105878,0
5096,0.9300190405331484,1.4658056298701507,-1.6348944172679192,0.6202700922525863,-0.6150711922044216,1
5098,-0.4025829707039197,-0.599320810825172,-0.800105086957647,0.6175756580620021,1.560402799168632,1
5099,-0.356807840723054,-0.7223488099829608,-1.4835034051424818,0.2446916683935164,1.2292674810165194,0
5100,1.2793273227198214,1.3784387402568954,0.4154066129950984,0.0901886373299044,1.282252262014753,1
5101,-1.1100612621525996,-0.4408449265353551,1.71084808036728,-1.074605523091488,-0.0344581327977749,1
5102,0.631330605707724,0.082698555324821,1.1494175066197203,1.525678168841895,0.4796643202791693,0
5106,-1.6981581743647174,1.0184736200390496,0.6051937122186815,0.3895892301133444,-0.981265905014612,0
5107,1.9591372732726449,0.1524718824488616,-1.1413755754828778,-1.3023203798044003,0.6774724004639007,0
5108,0.7072497397402788,-0.4630101566466493,0.4626251613302946,0.6676063425376766,0.1399252209969205,1
5109,-0.7013411209443716,0.9613559491672948,0.837631310491192,0.5676800400493592,-0.8337318767779751,1
5110,-1.3310324935042994,0.0765239104057722,0.929571126614457,1.0403728809618988,0.5843818340999428,0
5111,-0.4504541781134544,-0.8042073999941806,-0.0168668299967163,-0.0073839912916922,1.1072952931986813,0
5112,-0.4797143963211251,-0.3966492766243261,2.0549911002727668,1.5512222363868795,-0.8827804411640898,0
5114,0.619756337197627,0.1064733182859247,0.6147273543853687,-0.4018408625602495,0.3742226239402479,0
5115,0.078966838478233,-1.3883300744357658,0.4830102086910667,0.0960553684862852,-0.7139095811963408,0
5116,-0.4248421284294223,-0.4003207447742374,-0.2449184744248296,1.758958120632072,2.090254438982392,0
5121,0.9715998026195624,0.1975996754822871,1.0038419504114928,0.603410135965475,0.203787060835738,1
5123,-0.7152760786981217,-0.8796242873790703,0.1533805969060526,1.4025288527710644,0.547159994378064,1
5129,0.6101283758569072,0.1154733920323583,-0.3732537387735953,1.3622242477345088,-0.1513356695097271,1
5130,-0.5294489169497415,1.1240561679269667,-0.4050926902778047,-0.5794932206226927,-1.127154102233821,0
5133,1.5096211154228414,-0.068146871032007,1.0069564813565095,-0.5474272320871467,0.1076906503855698,1
5134,-0.9329680026204564,-0.8141991072513939,-0.2246664296224891,-1.328534054563621,0.1593599717388659,0
5136,1.486533099255932,1.9039065295348916,0.0424309945831391,-0.3523278533365991,0.4875835398700369,1
5144,0.4912300740290737,-1.4772442743790724,1.081417902930697,0.0683194144559118,-0.2805560715075346,1
5145,2.1316524240899595,1.069907079610106,-1.039841878542856,-0.1093917746560248,2.7363195400043185,1
5146,1.9788167865412296,0.922963130284197,-1.847048136953879,1.3321502719800584,-0.6351851627682736,1
5148,0.622196636107955,-1.3188984233378522,2.372418034079571,-1.02722146721204,-1.0831502260557206,1
5149,0.625133767928624,1.2919411366225704,-0.3237027665822476,-1.071469217421103,-0.9223789086877784,1
5151,0.8243122883270015,-0.4099440198694158,-0.7382047388744234,0.156294068367557,-0.0549900093998796,1
5153,1.1290413332663478,-1.1313149590228213,1.0502430456593097,-1.4090993731116148,-1.5852258742991647,0
5155,0.8626985849222595,-0.8317834518578197,-0.840503533959904,0.7877923215195362,1.4213084399744025,1
5156,-1.031140879910333,1.2939993393891067,-1.9203374682892589,0.3899250939353232,-0.1038072677758833,0
5160,1.3044653810596527,-0.6179569771194752,0.0297953022452968,-1.1062355369241117,-0.1290616256273749,0
5162,0.1024059648661051,-0.2159134196818203,0.0327725812883103,0.2425899212430714,-0.5336807590929972,0
5163,-0.0075309498111991,-0.1494433871668439,-0.7032026676512164,1.8463376620200072,-0.4764585559310958,1
5167,-1.8213728925404575,0.2410498230209322,-0.2428960282665745,1.8364198951812396,-1.1110383142256373,0
5174,0.6841162653903671,-0.245237002079017,-0.3375492453760595,-0.0497107746986476,0.6432339648753832,0
5177,-0.6445158714970135,0.0315472301206984,-0.5573481998317705,0.2992350238920126,0.0613508634883616,0
5181,1.5944865738108958,-0.4393231816740873,1.567017372597567,-0.7543235953336023,-3.385512661750694,1
5182,0.7438108402499215,0.5403989430107602,0.7361842834679144,0.6971048720733348,0.1917500544280904,1
5183,-0.2588151831632793,-0.2206883773302258,-0.4604014016709583,-0.4003907636069522,-1.8110347572590904,0
5186,-0.8181610704751626,-1.261767984799521,1.2990308630495095,0.4214201220404958,-0.4732431211485298,0
5187,-0.5436558959347381,0.1795932340777843,-1.2465543012242044,0.38073940214626,-0.5486448374016687,0
5188,0.5196391819467335,0.4857225114866528,-0.5936116183594963,-2.052711519188836,-0.2468252384428593,0
5189,-1.4494730493891554,0.0786346858933705,-0.2565718668799873,-0.5879948798798813,-1.2955622805094575,0
5190,1.1867891790322294,-0.4536822949281935,2.353350863781843,0.0349296094565089,0.3515893616848057,1
5192,0.8554973996136908,0.4971394185896637,0.0358921992538557,1.712550923475718,1.752766818358935,1
5201,-1.1354176604013404,0.8625802830476876,0.5162577339117376,1.87659374316863,0.3695180202693007,1
5202,-0.4169601487059409,-0.6264353800270451,0.0473660673495297,0.5528751633755955,-0.2447106041901776,0
5205,0.140806303365332,1.1268186627477803,1.197784489490969,-1.1239803472184755,-0.1869781806689046,1
5207,-1.0880599219806246,0.1441368018756278,-1.618388366474624,0.1722121508513046,0.6230025450704657,0
5212,1.0583831365876797,1.0989970427941047,-0.983409039776744,0.6674669655340387,-0.3564938602331199,1
5214,-0.1940281394508811,0.367403567528824,0.2484119233168891,-1.1583533121046916,-0.6067238436196867,0
5215,-1.0452523849590778,-0.2766187714886933,1.3450352960682166,0.5810278016264446,-1.4325890775002703,0
5216,-0.2733676870793202,0.2336248609193042,0.7440884803062111,-0.6507670379180182,-1.2374318237642294,1
5217,-0.0563429037744162,0.5690296710314097,0.2348464866331969,-0.8846774805415694,1.754618803480312,0
5219,0.3146634291605683,-1.1516548233119837,1.0940302266182664,0.7569029729769516,1.014933397539199,1
5223,0.3457929007878231,-0.203619480078031,0.8555565281721951,-1.3671609325214145,-1.709885024244291,0
5224,0.9762635945813302,0.2105668259738844,0.9640038114444976,-0.8523724380144719,1.2847838041077702,1
5225,0.6703588772128999,-0.0311203815156479,0.207347916792077,0.3469278939366937,-0.8567321698297906,0
5226,-0.3850145513848174,0.331122347445175,-0.4251339160822378,-1.469418874521655,0.2948887645389004,0
5228,0.07965581738493,-2.118916682331886,1.1597812166750472,-0.8933182918426733,-1.1308768821444015,0
5230,-0.0007249757923322,0.5424037777063394,0.2792923379321493,-0.92860644102785,0.3171465436782602,0
5233,0.710138532156177,-0.2139468804022329,-1.6905298427304682,0.1866465948467053,0.3418042250996756,0
5236,0.103445104654976,-0.5169803111681415,-0.904942217817096,1.5904657201577244,0.438552984723112,0
5237,0.8305149186102933,0.3990629028223338,0.9757681140494742,-0.8959672822607817,0.0831814444696383,1
5239,-1.195643086701135,-0.9048147336193682,-0.7741194443393375,-2.901082432318823,-0.6756550120598299,0
5241,0.511813290920396,-0.0129316446034546,-2.202519212380457,-0.4907725036179891,0.4337183850243437,0
5242,-0.0285673773008049,0.1919380681703408,0.6854461615682045,0.1547389753548924,0.649675032992064,0
5244,0.1315861787216597,-0.3240409380332983,0.2109860072185894,0.3792999386655057,0.439297447622352,0
5247,-0.4236822114022699,-2.0498641409887517,0.6267091325392532,0.0306383245151687,-0.4796139618800079,0
5248,-0.4105615324419038,0.4065817351786166,-0.8145328971779466,0.3752448095617597,1.1886370189569544,0
5253,0.7606205432518568,-0.7625010829663179,-0.6317187011989623,0.6730158262926322,1.3159205451927378,1
5255,-0.6687234082638018,-0.5064733341147655,0.8275241487147456,-0.2519177220511654,0.3122458387243979,1
5256,0.1218429531747632,0.0017371258906821,0.1073965743863643,1.029900714928761,-0.9705856489390586,1
5258,-0.0048232205493962,-0.4438391334030063,-0.2467100480727224,1.723424213607175,-1.5700806109387178,0
5260,0.255984902630345,0.1178281352782845,-0.1030453928973168,-1.2908237352234886,0.1760924291936394,0
5261,-1.7634088358940716,-0.6719609816298433,0.4892052860226557,1.1896875357084291,2.349416125281837,1
5263,-1.0350792052418814,-0.1405091874623008,0.8503672831454239,0.9197111524363611,0.5918619238457106,0
5265,0.9919595139646692,-0.7419614995316888,0.9249098283594476,0.8131136554844498,0.8511526527737022,1
5272,-0.3379335399185156,1.6485027085389008,-1.6943511182112838,0.7093647068653336,1.2414462967330155,1
5274,0.4026674471809347,0.681681920188094,0.0035004243602775,-0.7428266092445683,-1.2042226660064457,0
5276,1.1540467091711877,0.0789480602624395,1.831459031859799,1.3473867522162726,0.4797857151472102,1
5278,0.622453613832846,-0.2295792478101455,1.0957858156229892,-0.2285512569724135,0.0213385486453248,1
5280,-0.4544911522445667,-2.213901501515942,0.5589704232868418,-0.5561242589404028,0.3190412163413393,0
5281,0.9897189625718716,0.2345983841880882,0.3282988459044961,-0.8679399238070749,0.7068253608579596,1
5284,-1.671969431144851,-0.4770088085044258,1.2772441773530157,-0.6610991321844433,0.4656105876591193,0
5285,0.5732973027154844,0.2442651374419157,-1.2776323551684412,0.342705746112182,-0.4215534637480234,1
5288,-1.359846317763803,-1.2011329665351465,-0.8342397439039501,-1.2273982447914742,-0.6182740847024535,0
5289,1.7382832845010314,-0.0360725659990935,0.7855217009121037,1.0915690169080874,-1.1084364648718117,0
5290,-0.8315124124259453,0.765818727460864,-0.634283005513545,0.6995871716246348,1.6773224210376476,1
5291,-1.4553828874107315,-0.3569341628434746,-0.1982713727109414,-0.5263664510704211,-0.6079740066655511,0
5294,0.8604667031447575,1.4602335856225397,0.290200303983687,0.7530260058338298,1.3687793673814597,1
5295,-0.7792468981385897,-0.2101409993909198,2.770913210532955,0.8563889423025746,0.5107003086963713,1
5296,0.8936908443257267,-1.3356771456393552,-0.6468264285816633,-1.0122978794780464,0.418608319709166,0
5299,1.2350229606028202,-1.5609949889336996,-0.5572080183009285,-1.7490442929426302,-0.6054120256941014,0
5300,0.0718920686329474,0.7670775671525658,-2.118561986472104,0.5505518199245228,-0.9726400090720136,1
5302,-0.1009810011428608,-0.7251785334997313,0.6040324749548991,1.075357831302598,1.0114619908847764,1
5307,-0.3472909043253106,-0.4665289746918543,0.1924523647166821,-0.3881958429258556,0.4872555692069603,0
5308,-0.4809869834013514,0.7907885211840321,1.5183670181085638,0.0775471437950459,2.2183284347698473,1
5309,1.1275293428717,2.1382365117749007,-0.0611989270518397,-1.6614592002832689,-0.7061372242607193,1
5310,-0.6041366901672663,-0.9530254487620436,-2.1959046462989926,1.0246467407122566,-1.8600191617644113,0
5313,-1.628627687756003,1.2416534170506592,-1.2959759103663546,0.0787341432142182,0.5826442968590089,0
5316,-0.505491138155891,-1.8961962578243128,1.1402006107627027,-0.5654478274346068,0.1413870373327949,0
5319,-1.1172606724355594,0.0292634215042116,-0.334125691133685,-1.5180541993858732,-1.3807206006046315,0
5320,0.3365431727677922,-0.6556913355511337,0.5102585746963781,0.1465313064767257,1.0475419663029002,1
5321,-0.8321450839832768,0.2327178275050107,0.638274589873962,-0.626217485903185,1.1272032556361231,1
5322,-1.666277691581314,-0.8329409969796399,-1.703687771136912,-0.7358749733242059,-0.1545840554405244,0
5323,0.8315007190262329,-0.1552903372453899,-0.5953737188875555,-1.5492227961846745,-1.214178645408349,1
5326,0.9516543052590124,1.8459275766278864,-0.249740722101356,-0.8970823250462154,0.8642574146844122,1
5328,-0.9546303234392286,1.2888178459492967,0.4383511487791551,1.3149585925659324,-1.0614761501138743,0
5329,0.3987777443650246,-0.895094751738345,0.2476669784889451,1.4772254502548916,-1.426417731629271,0
5330,-1.3690011617125186,0.9554746765375648,-0.0141227749294507,1.171263226152551,-0.8072847749628326,1
5332,0.2123244819025153,-1.3404170855365174,0.3141998925402421,0.4291450434394984,0.993923574581964,0
5334,1.2152446031855806,-0.7327579655150183,0.6349603346555124,-0.6561688118438619,-0.4920356621232251,1
5336,-0.2314182525053551,0.0355649399592424,0.1538216059150003,-0.9242043345531176,0.7038076493013575,1
5337,-0.2713392059427344,0.5439007373055086,-0.0162282697127601,0.5864539004248975,-0.4113417479801493,1
5342,1.1060104389334366,1.5816587038801533,0.1620318488739844,-0.9699910923437538,-0.8811871596044757,1
5344,-0.0706017916810401,0.7225708222563542,2.3850463982662427,-0.3301478010556531,-0.3469330231045722,1
5345,-0.6948391990740592,-1.00178326919902,-0.3298243212352586,-0.5548408623586052,-1.2502569641322268,0
5347,-1.4195311411824183,1.9316672539366089,-0.6740235729710011,0.200904101192534,1.2791631656965243,1
5349,1.8892565434644544,-0.3831455060827344,0.3236274126559363,-1.0437572273312183,-1.1563438969091695,1
5351,1.5492701666334765,-0.8530379997134243,0.8974352077534063,-3.464363387529948,-0.8023451954199485,1
5358,-0.7106552430052673,1.0793883441063403,1.1339503928646468,-0.4476555191966809,2.065745832203465,1
5361,1.1201384795562868,0.8902153500676769,0.0558949924516098,-0.38047651115645,-0.0743893300025954,1
5362,-1.116001514617138,-0.2116879494792853,-0.2906956482897497,-0.7882184938360826,-1.7411932180918586,0
5364,0.2367147798379491,-0.1224741611083615,-1.1767557617174709,-0.4312052075813831,1.0508041652173317,0
5365,-0.9741890607301554,0.0788510757517199,0.3465959050352916,-0.8222073064247665,1.0082710055912514,1
5369,0.4347641924895456,-0.4027766270922433,-0.4813512008599099,1.4824718871365876,-0.3809959915768428,1
5370,1.70613040240663,0.2567663411488036,-0.1591477314740164,-1.8175617239089583,2.1198557279384262,1
5372,0.9311834148391834,-2.548732397035153,-0.7140951943262096,-0.2994023926691449,0.8521879471107873,0
5373,2.2402515447315063,-0.2447688130823189,0.459944194801719,2.748388294793152,0.0047368078939433,1
5374,0.468199056023288,-1.2373514975055364,1.9591671616419648,-0.7129763448856498,0.268571295180055,1
5376,2.280933975912983,-0.1751428739242754,-0.4494632890112657,-0.8087644274274024,2.686135606372313,1
5378,-1.1070683090262663,1.8594517516870523,0.9033064446414644,0.4562831023212513,1.5351926264139368,0
5380,-0.325283735030227,-0.2053904433374926,-0.3928622153101874,0.2654870953163329,-0.4558024063985086,0
5381,0.4358995641038497,0.4019015666726536,0.2051541335730204,0.2225186697372209,-0.5661584224453049,0
5383,-0.7144891224134624,-2.050672798448862,2.252442979668475,-0.2314293733456797,1.4470578616836998,0
5384,-0.5269896985686852,1.6981164243082505,-1.151697863418251,0.1760315758555533,-1.09228941964754,1
5385,2.6007431886278556,-0.2492614747384792,0.8284525529557684,0.450577426318841,-0.0255156267853152,1
5401,0.9666314574677332,0.6745779360799176,-0.800257597286557,0.5303626435766918,1.0897212100605953,1
5403,-1.0076439388280212,0.5216223418559669,0.823317951775014,2.14975734774323,0.6657266223531276,1
5405,-0.4915584209049377,0.8380981921614563,-2.379454964417904,-0.1191124160864354,0.781048855455472,0
5407,-0.8622935558245262,-2.6720978842487315,-0.3261898941207002,0.2195962557529683,-1.2193367972931106,0
5413,-0.8003177287009094,-0.4132854559386964,0.6777200424378053,-0.4475603605341642,0.4329835282515518,0
5414,0.0133655771568296,-1.056886981001492,1.6211306428061516,0.5940329275619539,0.3306476758996663,1
5416,0.3259122044337316,0.141338824914003,1.1785891533359611,-1.4973522142023494,-0.7992509723702166,1
5417,0.4143479994793322,0.2639366572484811,-1.31543073288451,1.1965298679793046,1.5432221224850806,1
5419,1.3472446280811023,-0.1159386606376503,2.104542354056488,0.7831172145335363,0.2760801299620388,1
5424,1.5302762220608312,-1.4504018803155287,1.0102201778666928,-0.5709813603228443,0.3970953571101878,1
5428,0.2318297058432619,-1.3615261808781902,0.3948228581483177,1.4454480243705408,-1.237577964517987,0
5429,-1.2979533440178432,1.1899210637041624,-1.3156378093961274,0.8406009784750912,0.0553484859464336,0
5430,-0.417821942827561,1.46652482800599,0.9281478084170256,0.27971562829187,-2.152666518543783,1
5432,-0.2532420579492139,-1.4227718360529964,1.46964370832352,0.7257322149982198,0.7629758049383263,1
5433,1.4884180035291823,1.7232088486329806,-0.8917340638495348,-1.390989752741718,0.8424692435217134,1
5435,-0.1554980866478693,-1.3883422476355272,1.2091500288064518,0.2557045082409063,1.117843730156241,0
5438,1.121287544541681,-0.5055368318568499,1.140419044769924,0.8263709354805179,0.8792051103675983,1
5439,0.3329143897965165,-0.4360082332545034,-0.1511520601521055,0.6403859005866983,-2.125614124269261,0
5441,-1.3136416840581864,0.1517250336789603,0.5943646320010014,-2.0444515113960953,-1.300785757612308,1
5443,-1.2029006908557804,-0.1373360429664448,-1.3064929368985967,-0.1620019428215523,-1.0303908723720157,0
5446,0.0829844485772946,-2.9595967582619833,-0.4308684697342842,1.5652597053428896,-0.3249946422365835,0
5447,-1.9175362084576475,0.4493318543795817,0.5240593723448432,-0.7271989785258389,-0.2467491050921933,0
5449,-0.733024372367173,1.4610606937954238,0.8936977332084088,-0.1222793439270967,0.0810641545946218,0
5453,-0.3254016938072328,-1.365259456770943,0.6584720231155342,-0.2283380404307892,1.29884331009439,0
5454,-0.2446530028732674,-0.4065951755241627,-0.904642714847528,0.0390292060292929,0.044678232205685,0
5457,0.9197421761773324,-0.8691872502256709,0.9214711749475304,0.3225892383498528,-0.6078710607145791,1
5459,0.9640561303560572,0.081986193514395,0.2341426086811777,-0.5380629380081609,-0.5098964072336639,0
5460,-1.5371962955034142,0.2511097201227438,0.6824984315967533,-0.0708434856830502,-0.8773241951342412,1
5461,0.0661284755278486,1.3417645678095351,0.8979816542361347,-0.0294743639263088,2.0474304017463822,1
5462,2.6987169898898653,-0.4801426145369254,-0.2458847681703021,0.6933312992416176,-0.91297636713735,1
5463,0.8491342334587156,0.101467693461478,0.3716384894869195,-0.5754378443989939,-0.7877033569462687,0
5465,-2.304227740774793,-0.7511011750200804,-0.256080953635534,-1.0813463525080278,-1.6935219549357183,0
5468,-0.8867234102646949,0.8121874478983028,0.1685602520220776,-1.1283237055365942,-0.7270945353948844,0
5469,-1.241483500490953,-1.2415084098972438,1.551057774751284,-0.1434349687503155,1.7695820883189142,0
5470,-0.8900143784954608,0.4911250132280956,0.2270826603165608,0.8796815729989864,0.2545485048140262,0
5471,0.985083393272472,0.5541976125097952,-1.0912718899150449,0.7327147644273906,-0.1030990307423403,1
5472,-0.7767195791594936,0.6939777767008111,0.9215585478072224,-0.483565164308669,-0.3505649183033525,1
5474,1.4277936638801576,-0.2050739918318307,-0.2010093251235192,-0.2890917105371513,0.9815925737976864,1
5475,-0.958910570303674,-0.1289601673255882,-0.5473719527864093,-0.5615680383416773,0.0351543444783324,0
5476,-0.1133232907820763,1.0516712986540218,-0.0107742001998637,0.5550057449823378,0.1727551465616681,0
5479,1.3376786610107516,0.686045855225755,0.6003276593155121,-0.1509631471611206,-0.2505032693231704,1
5480,-0.7220075800415701,0.0062760414964764,-0.183911446264022,0.1910182531120885,-1.410655101537971,0
5485,0.3879551732821651,-0.5368182878425708,0.4250965289310025,-0.0030139379602648,-0.7058739161898745,1
5486,0.1399501550901769,-0.3866921459447502,0.6171644678785293,0.8731569112322775,0.5015377915520406,1
5487,-1.6349874115407828,-0.9647707537626938,-0.6365768664402761,-0.7963140443307624,-0.54284697499498,0
5494,0.4300069444939423,1.8736840023769148,-1.6605661718552462,-0.4201376384293565,-1.3576102011117257,1
5495,-1.798276367576271,-0.2045256926264239,0.8330937576124076,1.2059695883311012,-0.53187280761424,0
5498,-1.1850213123244968,-0.2058109994386845,0.3021751302230138,0.4430524404013929,0.1158759493678941,0
5502,0.1010095683747413,1.7540132767261527,-0.1316717598024847,-0.7655453538295245,0.2685320820799651,0
5503,0.0743480718813044,-0.1306006231233537,-1.2789888107966088,-0.1560194988093462,-0.5791918722340145,0
5504,-0.2164814989123312,0.7321532231910994,-0.6745143392458585,-0.2212324829995426,0.5412049669414887,0
5505,-0.2694022841224348,2.60918598719949,0.2488665009130547,-1.241897032275837,-0.8393027430764312,1
5509,1.1357811438787415,0.8782770856042484,0.3098611565300032,0.0544332535119909,1.854958670656575,1
5519,-0.787231607117387,-0.157266308649841,-1.140174027108463,0.0185102858932648,0.683408027666782,0
5520,-0.6926000845839942,-3.255610034595563,0.2768810727622422,-0.5015525602929783,-0.7506698347844635,0
5522,-0.2706320048743245,-0.5208659750097704,0.1277085053698936,-0.1453931818021943,-1.7525136913726278,0
5523,1.9141037520590851,0.7143357474106041,-0.4634850415279202,-1.9163832118726292,-0.1804318620688466,1
5528,1.3316868015371432,0.1892175793771006,0.5215099369978939,1.032977571469751,0.8965146536640367,1
5530,1.0205516690741,-0.7007646379207145,-1.6828563380795754,0.6549247874201497,-1.0201385325307133,0
5531,-1.119242660983044,1.2649299344804044,0.9662795511911748,-0.3425007308452967,-3.0454631272807857,0
5536,0.5243018505118624,-1.0552320500108352,2.094745015353822,0.265452314617513,0.1661194061687568,1
5537,-0.0652120523730873,0.4665533219369462,0.5254206114726324,-0.8649739518651002,-0.2135514505302846,0
5541,-0.3128286574279057,-0.0864004474568432,1.1579684910659946,0.5053181939331423,-0.5708056054436963,1
5543,0.2151914879034248,-0.3728181186470098,-0.7434205622581251,-0.010098941733217,0.6580193443638774,1
5546,0.031192456976916,-0.2502346306586392,1.1180233185315536,0.0019858210611569,0.2797846702939051,0
5548,0.3009834582808979,0.1569124622693901,1.4822309626578862,1.3572472122756287,-0.1171011521119708,0
5550,2.6700310384744697,1.4732968955542045,-1.0787404979733752,-0.5187886816093837,-1.913950334403827,1
5557,-1.9234906855585665,0.2879413265314784,-0.8687305635806749,-0.3388576400988218,-1.561532898503499,0
5559,1.1397761089635698,-0.4936900395528034,0.0009131150564178,-2.0685465661757,-0.8970340556405135,0
5560,0.2705202171981383,0.9554674042059296,-0.5992777907759603,2.6693860717567706,0.3138896402015002,1
5566,-1.298053012738161,-0.0673544190368268,-0.2088495203660998,-1.5743858076256896,-0.5089316390068872,0
5573,0.1826001596286622,1.6920806518305336,-0.2082317538172921,2.11769243000882,0.5736074223941534,1
5574,-0.3839462558267528,-1.1791301841294788,-0.8079910330705616,-0.9593616662565648,-0.0887192063811819,0
5576,-0.7690377035905946,-2.2203673450786794,1.6178051404774607,-1.4177166437598636,-1.3419037430658496,0
5577,1.413173392072045,0.387564658819739,0.1207367874600804,0.3402684753920533,0.9539003732611668,1
5580,0.1973305787368691,0.8950076331002342,-0.1289318209415695,0.5481351272544526,0.4033675143178838,1
5581,0.01049535759603,0.1359631566970849,1.3491381119962318,-0.9642505763936298,0.773044812290992,0
5582,-1.1808777586515176,-0.7947802126652233,1.195917314726449,-1.2098313952475117,-0.2415912477440464,0
5585,-0.9110771526510753,-0.0850889815756134,-0.0338202119782683,-1.3646198968979242,0.3537403991339801,0
5587,1.6207805462828389,-0.5233243852670172,0.1788734643226079,-0.4867812231994301,0.6241530995377397,0
5588,-0.481528287803962,-0.4208563145437021,-0.1599776420179093,-0.5019502550100186,1.071814588451308,0
5590,-1.5039479941699163,0.567917243554962,-1.2449522480086157,-0.5087765195334119,-1.3476901458414752,0
5591,-0.3320911752698992,-0.5782112759799829,1.6382717974740262,0.2413664027511343,0.439786020145902,0
5596,-2.3389371806488324,-0.127216600870123,-0.4011049773656635,-1.8260044103730289,0.9896114302111616,0
5599,-0.9733258724932714,0.4104929275231255,-0.5678509846584185,-0.77973159105529,-0.5614912376986894,0
5611,-1.7835299402656404,2.6032209625213896,-0.8627072851042499,1.169812984727281,-0.5322745656338058,0
5616,-1.881798783827629,-0.0503325640594108,0.0886918223976332,-0.1776994495775239,1.9118340405085088,0
5617,0.1627787023584029,-0.1564771012569853,0.4991449688599044,2.112863537667727,0.2527230439425748,1
5618,-2.2234833507559775,0.4320585519745339,-0.8792354263799301,-1.9224751858071525,1.6975612470804886,0
5619,1.4814465003283863,-0.9051775209101216,-0.8986311188991067,0.160167211913082,-0.8851788417931582,1
5620,-0.1350736436556937,-0.713182022634037,-0.40040231411261,-1.4043551953462543,0.8268983274543508,0
5624,-0.3102948425644815,-1.132499186451522,-1.2802621910464476,1.8441499719227583,-0.0387678838362811,0
5625,0.0505849268914247,-0.810518219355687,0.1899702022730572,-1.503794171849136,-0.7737385624780454,0
5627,-0.8900123319978817,-0.4595209809131707,0.9777803770591094,-0.2219978394697551,-0.4105869088319631,0
5633,0.8464211199447693,-1.5521668645160998,-0.1861160265446873,0.2533134572780947,-0.7347755893512617,0
5636,-0.625654659955958,0.051343824235196,-1.2775441638102956,0.4759445972538914,-0.6809668503361826,0
5638,-0.9731877335722324,0.4983850017127485,0.949524027320979,1.1668971989716457,2.1765200188422615,1
5642,-0.4464524748997815,-1.885340667149375,-1.6030337728222812,0.4300325728292825,0.4496889259829192,0
5643,-1.041628580059711,1.557385362131891,-1.1099815971120328,0.2572689595084709,-0.4152394573453046,1
5644,0.106948024217621,0.8985332666128548,0.7573420163106529,0.7078422637714546,0.5801556274167156,1
5650,-0.8212623254558374,-1.1409976430152842,-0.3438633469205026,0.5224321416055442,0.7498803270862308,0
5651,1.8094106484353307,-0.0226244439563819,0.1543587983684132,-0.0248805621359319,0.3202682646731598,1
5652,0.3983674083248072,0.9221177594810548,0.9182082516043631,0.519363272845947,1.5101728216538113,0
5656,0.2872825540392328,-0.0145099183880572,-0.7967463579644916,-0.4937894850733929,-0.4712534187385485,0
5657,-1.4886732610060591,-1.3235672657968491,-0.1994687830736555,-0.8479980913830839,-0.3009181364627247,0
5661,0.7751053490849977,0.4305274335518854,-0.2319443367366389,-0.3476661547958962,0.1747727493061272,1
5662,-1.835400548731546,-0.7577694178475648,-1.2651091130158283,0.0118530676601836,1.088618460662226,0
5663,0.4771587194779645,-0.5114979681066519,-0.7065968437816478,-0.7538663981784076,1.9996171235548672,1
5665,-0.4981620695678684,0.1330580802196618,0.1198788710152166,0.6004522470203683,-1.8691616414728265,0
5666,-1.105228583235357,-0.0996123279446276,-0.647403208316686,-0.3102775858105869,0.1090274213433614,0
5669,-0.1262681899053283,-0.0173190307765853,-0.5346969295724221,1.8435738344886563,0.2864907538028918,1
5672,-1.20327003398183,1.0341380070154669,1.500579911837998,-1.2352820261781197,-1.818631166042216,0
5673,0.1675217870169759,0.4854124187526432,0.1473823771780872,-0.0596290759445008,-1.8518550486073069,1
5674,-0.3750101390841253,-0.2259010309891624,-0.5482402015131969,-1.9187384268936865,0.5847365333247866,0
5677,2.842104436112793,1.5499519578287684,-0.658139936508738,0.1265987865922102,-1.985813329247044,1
5678,0.0272576328269383,1.6736947625658618,2.781304470368258,-0.1212785323645991,0.334882385033006,1
5679,0.6053120288993791,1.979703571523406,-0.9829743379975452,2.6555130487193583,-0.3170718867677524,1
5680,-1.1701539389205355,-0.3152612039224809,-0.8096050056963733,0.4192556916251278,-1.65239413763393,0
5682,-0.6056676727082282,0.3941902562441439,-2.2292269944610985,-0.1139879588525693,0.3867512824095934,0
5683,0.4772325426010965,-1.5740771714323234,-0.3901659109006704,-0.2507605008574842,-0.4290750963243464,0
5687,1.8677394463645325,-0.8143015702481182,0.4018659871179711,0.3354838862849767,-0.0422829545684773,1
5688,-1.731130387540856,0.8286250343133083,0.0116162818684196,1.1038456727027126,0.2317581052028167,0
5690,-0.3625615342725832,1.2922963172519384,0.2473421955067299,-0.2364500317960392,0.4138200935533031,0
5695,0.2837675912658137,-0.0995062610483788,-0.2135238797357612,0.327816657671155,-2.770122618190775,0
5697,-1.5336992092614223,1.7737577394967203,-0.2573501994680813,-2.062704053186245,-0.206510951570002,0
5700,1.0711058488996108,-1.00318743673336,-0.7166439130884359,-0.4230001351337505,-0.0315177943140594,0
5702,-1.302481514404029,-1.6091814348397324,1.6357868749820632,0.5096558684500159,0.2064523314642973,0
5703,0.4490114461762098,0.1602689248820502,0.433188903117613,-0.3725884185571219,1.0551965896374536,1
5704,-0.5248652445893731,-0.903287118324418,-1.6908446398733965,-0.2377247089860885,1.2675025614026645,0
5705,-0.4573501424884468,-1.3785478749837818,0.2848280889699085,-0.6510677962739593,1.548267096227133,0
5706,1.0745977654132517,-1.2708947948745322,-0.1738947352188933,-0.7552713435668612,-1.1605045860811185,1
5707,-0.0559344918098083,0.8182327638123443,-0.0817072878359575,-0.5161512516470967,-2.206236516191091,1
5711,0.6201924069959888,1.1064324181752578,-0.5641448153028094,-1.3724556119010525,0.7626928754138702,1
5714,0.6862979925548902,-0.111126211142194,0.7095692231213884,1.1107855536288451,0.6067328653834715,0
5720,-0.1452439981182665,-1.6066275072025784,-0.6928475149144372,0.1023052320660581,-0.6930760474476451,0
5723,-0.4969581064887017,1.783020770715583,-0.3201326906452978,-0.0628258173253019,-0.4664994821788544,1
5724,1.4645080626293492,-0.2446342998992029,-1.2518353012375592,2.5788151225514846,-1.3750234399997618,1
5731,-0.189849506493799,-0.5455277095673737,-0.0660505450646501,-0.2545580992310591,-0.7076649815087286,0
5732,-0.1406017096673737,0.1552660878953254,-1.0998642895433344,0.4174564104131467,-0.4936801189936769,0
5733,0.19820377452415,-0.6652972400016628,1.0504954033353462,0.9561157105190544,-1.049388772283755,0
5734,0.5249991699014556,1.4462715575458174,-0.9481787121413934,-0.8689543593580927,0.7350594517943068,1
5739,0.5299507735489212,0.5132332210027108,-0.6144312223718779,-0.5850352893508552,-0.2964600581680481,1
5741,-0.3190866037826219,-0.0805100003426253,0.4347597695272807,-0.4651918036583982,1.139353529381504,1
5742,0.5978158792398196,-0.1908986106242179,-0.6662346234964301,1.084926535993883,-0.1620421877413563,1
5743,-1.24275125035401,1.0210645232945812,-0.7263284484132133,0.8685007758332745,-2.514267670212917,0
5744,-0.3686625112407663,1.159968600736047,0.0051307300962505,0.5981352876401154,-0.901930736717271,1
5747,-1.2695853623811382,-0.8865338246578354,-0.0291245825998581,-1.2250086973127972,-0.0391701865870181,0
5748,-0.154029508126428,-1.134228787131098,1.5255868645304431,-1.3245257016421466,1.1173248137655518,0
5750,-0.346967612063353,-1.104548797068591,0.4876358673632559,-0.3557469160338299,0.1507131675248206,0
5751,-0.9144545563384058,-0.8652164320627195,-0.7876808018130168,0.7984331424617431,-0.2268297523657023,0
5752,-1.048260243557517,0.1618194686026173,0.0794795206686903,0.5736027980413265,-0.4818012331266243,0
5753,-0.0775715108400907,0.4216786341233615,-1.0093530248256164,0.8862228620608652,0.0164436282052345,0
5755,-0.2867519125138717,0.3030465638821109,-0.8486211164145038,-0.0229959761050574,1.3155359455935842,0
5757,-1.3635944295890177,-0.0499176863040478,-1.713871905597803,-0.4104222103414228,0.2627693639627235,0
5758,-1.580375080092949,-0.4448095467994355,0.2905194599334413,0.1311380913414336,0.3389582672210746,0
5759,-0.9745966366664116,0.2901077037682979,-0.6000082265405076,0.7140293486548338,-2.310651339674044,0
5760,-0.289609378392128,0.0988770948324605,1.349432050563263,0.0867970387262554,0.188285751680048,1
5764,-1.3511288593291515,-1.4029259345055816,1.5697363493845953,-2.2670019734591467,0.469704709805139,0
5765,0.9069982145016658,0.9874646340897538,0.2772320173086794,1.3199096957537233,1.7833997309211826,1
5767,-0.6258215727793017,0.4609779762875485,-1.8980992533346577,1.4366269794641944,0.5337965643506812,0
5769,-1.7240639127678392,0.2216221578776826,0.6791581038868931,0.5314923801057907,-0.1504052146061456,0
5770,1.1355635935633808,-0.7020119858700076,0.5400890323288279,0.1350176434660388,-0.1330863454496754,0
5772,-0.5359853162439544,1.5682909973398018,-0.5806685184947495,0.9200807810436092,0.9632168660961968,0
5773,0.1658621653392791,0.0767599802362807,-0.7289670157091893,-0.5170714496429423,0.2197835961295965,0
5778,-1.243679447120862,0.3805447793407044,-2.1303902027093113,-1.1774896769240053,0.1988161880203866,0
5779,-1.2416362327671189,1.2991131036370316,0.0462794386336425,1.1320701325616331,0.3579166508530954,0
5780,-0.0119297699423449,-0.9965621549543237,0.9291462482991912,0.4412546590052925,2.0846479025555773,0
5782,1.3218699603595083,-0.1619752982604157,-1.2155210784742203,-1.853838619078186,-1.1395494597190248,0
5785,-0.5059469763754163,0.1667036827422958,0.1354572509850821,-0.6896366275086989,0.5689479384174226,0
5787,0.6788250159673933,-1.2161933871197623,0.1744241712150836,0.5723337246888593,-2.043867312168692,0
5789,-1.4899379195042597,-0.1780351025806041,1.233429756732715,-0.8167750158266772,-0.3598797421117831,0
5790,-0.3878823863744655,0.5700389257224535,-1.5369914283307409,0.626110217557537,-0.6227991789061939,0
5792,0.9894290622144152,-0.7953226974445985,1.3652977661621113,0.3194062551291095,0.169883346328395,1
5794,2.07371857157332,-0.764322814214814,0.0402473478964334,0.1919644729574794,1.231274159613204,1
5799,1.4793717228981438,-0.2631335972034264,0.1031301075805663,1.5608930755988106,-1.3514974149575207,1
5805,-1.3161519694282937,0.2886399471167301,0.5585120787317357,-1.59710146470058,1.4631160223687936,0
5811,0.3711259943826928,2.0360103178734716,0.2257386156202008,0.579265720083831,-0.8807051930677161,1
5815,0.3029698455967558,-1.2549104997078515,0.3907014994680098,-0.1465465513542071,-1.4783611084744996,0
5816,0.3376397868166987,0.2241818196583975,-0.231221157416754,-0.1045655774979814,0.1615110824981361,0
5817,1.1782202031906055,-0.3143268685327361,1.0130319563965289,-0.0374502705851837,1.2957346245180623,1
5818,-0.2351416684604643,-0.6663242164752824,-1.097676504579131,-0.0338154875490854,-0.7931730739628388,0
5819,1.4044883410529638,-0.8712125417599786,-0.6900233694681914,0.5810831090237156,1.1857919520087632,0
5822,-0.0396521099620202,1.4967742890147124,0.7203391783286083,-0.0635896605676297,1.5087578002308168,1
5823,0.369301907928723,0.7555796382906447,0.3745314457720204,0.5411622648785044,0.6126691669014626,1
5827,-0.353322777588454,0.1042773538715404,0.8106616002955944,1.143626765206113,-0.5383172919112993,1
5830,0.6882949141323649,0.2759311920785483,-2.2016072522358923,1.1980488610539377,1.376260389828088,1
5831,0.1637398507943339,0.228577936751324,0.5030603803192918,1.4604428034247463,0.2505541836365928,0
5834,0.1456761931760025,1.1914026971815728,0.8673542931617787,1.4863562532722312,-0.672716445581102,1
5837,-0.2934684438865347,0.0485060430044248,-1.4597630179369998,-0.9277911843240666,-0.4364784520859353,0
5838,1.058285401767418,0.2618702884906011,1.0215661959764897,-0.1224311368557277,0.0009888933750404,1
5839,0.499075917457131,-0.1772108170117499,-0.6247254835993948,-1.4897854233163332,-0.597917174637081,0
5840,0.8361872566323788,1.2606741426952055,-0.7731569015573314,-1.7337374833983017,0.9266108734594748,1
5843,0.1174612994523667,-0.1155183805409858,-0.0929277199134704,0.6690144728379844,0.5450850422541684,1
5846,1.66396469811097,-0.1563989395999518,-2.2560267439506596,-1.5996262123375495,1.1276854212491343,0
5850,-1.125733704213923,-0.5057661930193305,0.6736782374305907,-0.9428109368698162,2.5480037543006997,0
5851,-0.2633126260177301,-1.0159955049659843,-0.186849870925554,-0.950947460073254,-1.1843414858928576,0
5853,-1.0674070700964728,0.7086435839600252,-1.1266187233390663,-0.4780386823042347,-0.0457181146786122,0
5854,-0.1471802068391038,-1.791183150717329,-0.967604546336397,-0.0225086528130581,-0.6106867104366032,0
5855,1.1262578483760128,1.2974857664461676,-1.1203859828040277,0.0597547470800105,1.5827174845015528,1
5856,-0.1342179052163372,-0.4069794753197185,0.8602209602802174,-0.27420179821898,1.270870183159541,0
5857,-0.5947465284025433,-0.4745879341419904,0.7901564670957,0.100543723481979,0.1084060571195642,0
5858,-1.9093314775874923,-0.353413327556478,0.8640374561567171,-0.7837099821340217,0.7006680656398068,0
5862,0.1937990284917796,0.3521668363884773,0.8716093293922589,-0.5383767439822253,-0.8301068710525711,1
5864,-1.692583315718176,0.3354013271830349,-0.7259358533029165,0.2228667236288612,-0.5532358731765745,0
5865,1.0353845870457408,1.0291903943055845,-0.1131010361897579,1.4391119471869638,0.7601086703852606,1
5866,1.3925589635386455,-0.0431372129879667,0.9517987481847486,-0.7682630869859833,-0.8696590344418867,1
5867,2.1798256401645753,-1.0858718883835674,-0.4361056326903938,-1.8980068289154752,-0.8458631214515429,0
5868,-0.9942355641390652,-0.6702907060286708,0.299883779393612,0.5410353822679319,-1.0068095252658025,0
5869,-0.7896665472957463,1.0835102294387722,1.7052930687764922,1.255916858580378,-1.646331119414162,1
5870,1.189407142390016,1.8536888565143368,-1.6959492874086513,1.082700556837103,0.2252166150695458,1
5871,-0.3271377095978294,0.1061828477491951,0.4432605696039191,1.157585052333843,1.106014529454586,1
5876,1.2099372215357789,-0.0325326787558839,-1.4872041554124842,-1.001729924926869,-2.344187087717185,0
5879,-0.3899182143658533,-0.0444724434706554,0.4633787341256838,-0.4210860362295192,-0.5095445347890393,0
5880,-0.0113219704700497,1.5190901151819494,0.7909765131638664,-0.4095288614609081,0.8690129272813477,1
5882,0.2266214208084252,-0.852861267836985,-1.6392625897743716,-0.8220093221674613,0.9246425286945944,0
5883,0.3578256868236919,0.7717612028199144,0.4530955576989636,-0.9188319853984772,0.7765448419411262,1
5885,1.0878829649820752,0.5650939646483766,0.0022578967055989,1.5312364045611304,-1.2943315683170131,1
5886,-0.4601847723683971,-0.6822507989349265,0.3580910464076646,1.1824130651008449,-0.9830219390269316,0
5888,-0.792411484420032,1.0675464745256318,-0.8539212546464721,-1.768929084065334,-1.1219974322274493,0
5890,-0.0272278514801261,-1.207751559630002,0.890781536171622,0.5546609033192447,0.9795792578182032,1
5891,-0.2952398110881211,-0.1913289396418736,-1.499245788977602,-1.0304845988965272,0.9485334348499916,0
5893,-1.1791566190279597,1.4778738705793544,0.5444741727735691,0.9645013606985008,-0.7016467637760313,1
5895,-1.2684812322594436,0.7957905175644467,-0.919310087999963,1.310220144184246,1.047858138386872,0
5897,-1.5145072239932615,0.95889972941726,0.3664390003745237,2.7556600769388497,-0.0959111564986867,1
5899,0.8276594188783944,-0.3327634284194248,0.790188743786225,0.0967159679737465,0.4018710675549277,1
5901,-2.125736051521204,-0.106681627172571,0.1990306590494762,1.0207613428086475,-1.1393104562559886,0
5903,-1.862414276582819,0.2726543210314163,1.16288987802892,-0.3507128405172512,1.3867599712212877,0
5904,0.634221784795587,1.7693571651128563,0.5824648248852188,1.852538702306616,0.3000000286319226,1
5905,-1.3677956340381678,-0.6310003802202749,1.0183634651575122,0.9986896373046634,-0.3106014497117751,0
5907,-0.1104919228656293,2.3803295760667447,-0.9222668894186308,0.6251575772841539,-1.1543825626278084,0
5909,-0.5313201294400655,0.1279992609525732,0.4113808269688882,-1.616876322934765,0.2036492502600738,0
5910,0.3498977841868855,1.140016987305268,-0.9595033893998388,-0.8170218474664793,0.6595479624499588,0
5911,1.4123919752164191,-0.5925025059941333,-1.2352036558529162,-0.3167281324848636,-1.0133230076326558,0
5913,-2.4233086184977957,-1.7581507104687844,1.2926726244807154,-0.7195209810452088,-1.4663827518899015,0
5917,-0.5391754559945072,-1.3914584985488208,-2.8827793629863554,-0.3740786417150669,0.1272857978038916,0
5921,-0.2959578904884265,-0.5810692145823946,1.5297758630635638,-0.0885912930181997,-0.4123111667333289,0
5922,-0.5865124689644753,0.3257476167915652,0.0568681924981319,-0.7899449274696445,0.264020624355621,0
5925,-1.474847641512767,0.1681626039471402,0.0257574500383735,1.0026849877704216,-0.9189294294009274,1
5929,-0.4560374358920444,-1.0397708615336136,0.9744616139484148,-1.2266583460791631,0.1579470002774129,0
5930,1.813197074671605,1.1014350285902976,0.5093647376937733,0.2497421655661188,-0.1277712482561651,1
5931,-0.9013495210163824,-0.2538313729583662,0.5748756443304629,0.3897149478148712,0.7887224933035469,1
5932,1.2196718650445633,-0.1584571728782595,0.1918514853321646,-1.899071363127296,2.2561977750354685,0
5935,0.4519104555156161,0.8239339969889763,-0.6930202827230592,0.41184795661957,1.0068032855870497,1
5937,-0.4108809494332477,-0.2951889893521034,2.0233936825385697,-0.3548505084179703,0.5861461348536832,1
5938,-0.2383805511314087,1.0812620096209595,1.1306700628835438,-0.0226677693352683,-0.4067611829081698,1
5940,-1.8348111270047704,0.2062854959798355,0.3326230077137125,0.3946452400121786,-0.9899384601871196,0
5942,1.5099863821231867,0.1160787005169114,0.4036740100218023,0.7838925725490965,-1.0257020522944749,1
5945,1.1647469863827606,-0.9203076446654892,-0.5294682949528937,-1.3524476485539856,-0.5155880845857873,1
5946,0.5652347921020231,0.2121454595497786,1.7271027062280433,2.0547110355810014,-0.1365044153256686,1
5947,-0.6796844101210254,1.1600358993963054,1.2642236397586115,0.4412481317859137,0.7055610621486665,0
5948,0.5491526948711534,-0.9887566896626692,-1.2185715913640798,-0.0509018988945455,-0.2009154452126475,0
5950,-0.6627904683534325,-0.2321244053293139,-0.5579746497377989,-0.9130491022651758,-0.9398518487633352,0
5953,-0.93851767178087,0.2632437869049264,-1.8350231302025264,1.401022939883155,-0.6233268130365852,0
5955,0.859235386966303,-0.5146511130489596,-1.6662329521125243,-2.283670512244,-1.026253279948533,0
5956,-1.3312165476206856,0.3486134189176889,-0.1449470259607772,0.0173262760487653,-0.9489219084819344,0
5957,0.1520323947403278,-1.4204064808402816,-0.0882999090419478,0.8302471629608877,-0.3654327819887533,0
5958,0.4436438240682888,-1.976864778570544,-2.0570847969129726,0.327258735596416,1.0470190432620197,0
5960,0.4643748471686393,-0.5839027005248212,-1.059264999428852,0.6202628652353935,0.133240655971048,1
5963,0.9447447015343372,0.0184412574777952,-1.065089571254202,1.616595172135364,0.0417923289619078,1
5964,-1.335148828920547,1.5717209138534616,1.3548681631190385,-0.90878100890695,-0.322980118095819,1
5968,0.1296399846359148,-0.8186971393412404,0.1666043560201652,-1.0904272938877675,0.7324747199858609,0
5969,0.7200700827037145,-0.005786910439364,-0.649697121352712,0.3111333126510092,-0.887647162594006,1
5970,0.0345402313364627,-0.1518152825544264,2.629908433664263,-1.2270525159847638,-2.667309956727729,0
5972,-1.0649096590107443,0.9629514830972898,-0.0485294773450556,1.0754528031418928,0.0404814841703961,1
5974,0.619149601908667,0.0270983959085054,-0.2025076821291148,0.0960212838481198,0.7512497341153255,1
5976,-2.367762370508882,1.7009266667958205,-0.1870820493762941,1.5140495087490409,0.7949627498227136,0
5981,-0.11487723791158,0.0954278873178527,-2.2853055362966956,-1.7535399818052029,1.1295555205972423,0
5982,-0.1896081435291982,-0.0024336350735236,-1.3332566296654016,-0.004403667666021,-0.3756709809922344,0
5984,0.7896196190639758,-0.1963977987873307,-0.312116027148399,-0.6360026343977543,1.345631994269975,1
5987,-1.231146494559163,0.8419352030912789,0.2973401200414749,-0.152973673916108,0.1049283885222076,1
5988,0.7071924028813356,2.316116461730498,0.6099464026719514,0.8105824888116355,0.1935268306632058,1
5989,1.9016512958324725,-1.4659934833742077,-1.7374018064681662,0.1530327296525906,0.6601421848569691,0
5990,-2.574615601511946,-0.0034356278524263,-0.1804897586383048,0.7441581885099893,0.4287355413205276,0
5994,1.2882844151786623,0.0265352822869879,-0.7490177845103465,1.9666324759021272,-0.9359278844863136,1
5995,-1.73470507505336,0.992776358936815,-0.7312463906426785,0.4350966841633411,1.8172108361888384,0
5996,-1.374846455204873,-0.0409153736912611,1.483409223031859,0.6818864233980808,-0.1798208734459793,0
5997,2.389379543657604,-0.0953174423353597,0.3968745285285316,1.6493544959101472,0.9808635713866058,1
6000,-1.011427611867196,-0.0473974507912828,-1.3463657307595698,-0.715355921485603,-0.2441913513310854,0
6003,-0.0584271601432544,0.2332972424992021,-0.2651410110069842,-1.2538152446952464,1.030720286390817,1
6011,-0.4782140247713908,0.023446402469612,-1.6100889113347416,0.7310589303796748,-0.1642468860721937,1
6013,0.0300189881679085,0.8652032993368507,1.2714282587409156,0.5229265678434162,0.5976411809793231,1
6020,-1.7763221997413343,1.6791810577968311,-0.3914115785271451,0.8702488839740117,0.1886850214366427,0
6021,0.4024981175535025,-1.1319843934767664,-0.7605589841867102,-0.7378534140418211,0.0253474260407754,0
6023,-0.3508651008987477,-0.0154165258197079,0.7637119213395795,-0.7199264184824369,-0.3458910036660085,1
6024,0.9821208028928136,0.4689627733559996,1.279111813615516,1.4358497175966412,-1.3605411201887156,1
6027,1.1371769173210575,-0.018374313344588,-0.4378788471572448,-2.018210076089549,0.7627633125741856,1
6028,-1.44096749732598,0.8278939044212705,1.7413308689937548,-1.28280376359319,1.1683605849574012,0
6029,0.0254393647471342,-2.094204631841289,-1.2048168549475424,0.1782266426385412,0.4011832456329618,0
6032,-0.0945177370425847,0.2721135737549167,-0.7637687190018663,1.1120949930763728,-1.5304045567680902,1
6033,-0.504310311919071,-0.0362428166923471,0.4696794989365204,0.6575285150021983,1.488986157295877,0
6034,0.0777521138048777,-0.7179858498296258,-0.145036731515832,-0.3193975562100273,0.5199334633694417,0
6037,-1.456046871114051,-0.6532600167504974,0.9213163403295124,1.704637584196864,0.4482121506128902,0
6041,-0.1817749953340442,0.0711717529831406,0.4959354295819878,0.2723341214010468,-0.0189718755671651,1
6043,-0.442704891862611,1.366994994360372,-0.6851291466682655,0.8101745149746348,1.7837582299786434,1
6044,-0.3375064868775109,-0.66739215574352,-0.4292296206787462,-0.0193676346528555,0.3218713384252942,0
6046,0.8305111675805551,0.8464357994936189,1.41248937690785,1.9278637590493328,0.3462720202385652,1
6049,0.6165829639240712,1.1492333130986592,2.1734384583955917,2.6140266406690955,0.7316711165043761,1
6051,-0.1699240599178506,0.2271259514791692,-0.8076875617602703,-1.3237252025914688,-0.2788360075612799,0
6052,1.3030116943355474,-0.7019605602850594,1.612521160020552,-0.5728733812651744,-1.068227156381126,1
6053,0.253637048581073,0.6790719877940862,0.1880879165205087,0.1509533955919789,1.6029602109413394,1
6054,0.0949145474921268,-0.4704067854089067,-1.132969543249645,1.273635689430338,-0.425678023094178,0
6057,-0.0881705925673931,1.3593124126093414,-0.1162771599944442,-0.3670291509426011,1.2778750041065372,0
6060,0.966646236679964,-0.9416195290399084,0.0719576063840629,0.957197952550523,1.116485369737188,1
6065,0.6126612341642417,0.9343204118063412,0.1647283452871229,-1.0500900523095995,0.4657273349202742,1
6066,0.6562036422686036,-0.1815592305620784,-0.2879031284145349,2.4751773853640233,-1.29305116830348,0
6068,0.0002223128640805,0.8994925626872124,-0.1982079539017653,3.1105921390630384,-0.4527375925428119,1
6069,1.3775151656656583,0.543924862372721,0.108473121143375,1.4707610943575975,-1.6000762456567992,1
6070,0.4251784584665846,-0.716379938328155,-0.4359879351051745,-0.4830022920360071,-0.9638242931224076,0
6072,0.4519348219505278,-0.2668364545786087,3.0509236822273977,1.0179887158739134,2.4448007081092404,1
6078,0.8893928645978898,0.2878612268397582,-1.577794948111944,1.0979354877243896,0.9668405395509012,1
6079,1.4950287035678718,-0.5164409008308182,0.3009737769151125,-1.184776675126419,-0.0512448080364974,0
6080,0.3969853375990453,-0.6360557713618591,0.3423399814321993,0.1680000941318329,-0.4498364567002642,0
6082,-0.4768937084095261,0.9572109694752086,-1.311146235532862,0.4306969509927208,-2.1820561918120336,0
6083,0.6158680983806648,-0.1748026407717122,0.3993535091474883,-0.6001625196308872,-0.9492990987223658,1
6084,-0.4345031146896986,0.1920119922352122,0.5765706656608327,0.3038436267798488,-0.9367607985026886,0
6086,-0.1753332361379274,-0.2927886495314505,0.9848712287398383,1.7278476314627838,-2.036003767156134,1
6087,1.2305355759830512,0.0199295234066169,0.2366905438276245,1.3516423300834972,-2.6548088922250805,1
6089,-1.756391735801677,0.4186497953798221,1.0231083463913953,0.3965990052496025,0.5646325899934531,0
6091,-1.539843865151051,0.5770401132618533,-2.4807383741296927,0.3628154653732807,0.4568719508736303,0
6092,-0.7945203764477966,-1.233966138990936,-0.408169722036497,0.6396772687485669,0.345699115390182,0
6093,-1.111533108890007,0.1056810939779551,0.2619567882109054,0.2195700801635389,-0.9865913169195348,0
6094,0.1557027302391293,0.9177450118919416,0.5369617191750631,0.4114799149074398,1.6426825677039048,1
6098,1.2439967164287815,2.143289188570422,-0.010572199431224,-0.4106894594878018,-0.967762008189622,1
6099,-0.5194382246516097,0.7145711327549591,0.8685250884605775,0.6755147446347478,-0.6644676822124849,0
6102,1.5544103617133658,-0.2078604686007774,0.7004464584102765,0.6197110916381202,1.621900780631926,1
6106,1.2051096502696572,-0.0990684882184923,-1.002519786743164,1.5593177156879934,-2.9446407983737357,1
6111,0.6726083691938968,-1.2642926226492786,0.6783487601327756,-1.719105849797076,-1.2135428365081895,0
6112,-1.282623816726555,0.2521320010578026,0.3545251572362755,2.4504789947345413,-0.0912905144575512,0
6113,0.7725397054754485,0.1608700601666776,0.6888980599656469,0.1436634824404681,1.0996168722418445,1
6117,-0.2931860444075193,-0.92102847755456,0.0481128480021195,-1.8112422037918148,0.9229309870292336,0
6118,-0.2906759285385655,-0.477500956003026,-0.1376786643600827,-0.1675167579436892,1.1406818313032916,0
6119,-1.095713222797279,-0.38220619118437,-0.2165566699876724,-1.065159023714911,0.1593134466352709,0
6120,-0.7238732944559386,-1.4042820043507525,0.5262274065669381,1.5472750796642003,0.0484207573407766,0
6122,-2.178640722318831,1.19895395461994,0.9538349160358454,0.6016009906454414,-2.7554069100770024,1
6123,-0.0029483226872044,0.8934279822038034,0.3794993916148364,0.2051513509088016,0.8955126840553808,1
6127,-1.6411240062531611,0.022759236465739,2.84968068493783,-1.5038634123887549,0.1568356076242995,1
6128,0.3778357904622937,0.506465042834075,-0.9666430304059204,0.5155867110692699,-0.5345065583129499,0
6130,-0.580012418041423,-1.6435846389722677,0.7624297376466175,0.799918408278537,-0.3326095649703252,0
6133,-0.0505052242171956,0.1037466426532345,-0.8927357324984792,0.2028177192279567,0.2969916802904202,0
6136,0.7182675355621152,0.8660769117668827,-2.2662126433002143,1.0321346981632022,0.2521969631218891,0
6138,-0.7077976530963542,-1.0401619503196824,1.346568446559882,0.0559048152704501,2.252843091950006,0
6141,0.2837409014432477,0.5530151824456233,-0.5902768401417914,-0.6919138007082076,0.441469140064301,0
6148,-0.5770462583888749,1.900946760415316,1.6524502163826356,-0.9211768129693928,-1.4592481110440385,1
6154,1.2497061661900428,0.7010402681953752,0.3523466131605927,-0.9978122506627974,0.3197095424228484,1
6160,0.7424302052748504,1.3878379403471883,0.8192204299495043,0.4364552710486143,-0.1622111877132452,1
6161,1.8489766318616163,-0.2452556583713633,0.948284317472521,-0.1587352010600468,-1.841703083068959,1
6162,-0.2696427108231888,-0.156283829642226,-0.1433951495762203,-0.6603100820157913,0.6257703518803093,0
6165,-1.015939698469693,-1.361846310617986,-1.0762677731843522,0.3337498164556771,-0.257464124767653,0
6166,-0.63200787293126,-0.847395060319414,-1.086117456754072,-0.8898688046263595,1.0153936718531409,0
6169,2.2778514510464523,-1.1268748166546567,0.4474224070357672,0.3137365205600447,-0.984081271321006,1
6172,-0.1336956078903331,1.017486985312624,1.3890237402016363,-1.2707089219342524,-0.5113223844313154,0
6173,-1.588454491843568,1.838324258818206,0.8707795194891192,-2.0010033999191803,-0.064534762459461,0
6175,-0.6416524415197875,-0.6332480292666243,0.0439267507019003,-0.4571363573996206,-0.0058214541170784,0
6178,0.4337531513945975,1.278800244383269,-1.3553386824047795,-0.8061905400911277,0.2745713366354443,1
6180,0.237838612420403,1.733260621288509,0.8762756143384679,-1.6040143215323632,1.5337594472768743,1
6181,1.505863024410833,0.2630745671988689,-1.6177652478781663,-0.1516189756536368,0.468727987910056,1
6182,0.9965510134041364,-1.7704477912488932,-0.7691045476676663,1.0980164114413735,1.501765070677553,1
6183,0.4305274326631392,1.148512213620272,0.4552812710063199,0.9630847581139548,0.1451222751324603,1
6184,0.4799485432182168,-1.2217785933831198,0.7221372659725718,-1.252352847885232,0.7210160659805871,1
6187,-1.0656082226952288,1.5668289286788983,1.3402080969802712,-0.99661673318429,1.7103090860835093,1
6188,1.2804986435158507,-1.6296028580143846,-1.03023233004708,-1.659259852293388,-0.0865816454037135,0
6189,0.0174121240568985,0.0155398471001344,-2.026727393343913,-1.4272389341356218,0.260154875825153,0
6192,0.9403064281783567,0.6100286049755275,-0.4641123706083696,-0.6986821427588602,-0.2328965247489081,1
6193,-1.2893510827935462,-0.1000074131660751,-0.0828759647099221,-0.4179492564383754,1.000347614467911,0
6194,-1.0704836238451765,-1.7043874172568343,-0.5253193731584994,0.1239976419516917,-0.1067282567464698,0
6195,-0.1511620159446582,-1.126364513015555,-0.982539982545098,-0.4883461809004396,-0.5671973260030546,0
6196,1.0980855654873265,0.2639158534832956,-0.5325634925843347,1.0950130576362411,0.4462785885648339,1
6198,-1.6602306146947008,0.6586442157705474,0.6207398441603127,1.3950417655194778,0.9503941460088128,0
6202,-0.0953377709730015,-1.1851011860610572,-0.1532976137751872,1.3217112210200763,-1.019204919649232,0
6203,-1.4843174378772024,0.3987425232654315,-1.6777981022783872,1.5633549608976416,1.5381603648978048,0
6204,1.0382803277164534,-0.0112319887234301,1.664661667791436,1.3454474726538217,-0.5327188464388023,1
6205,1.438836027009161,-0.9116735015242096,-0.197032932797706,-1.7934639640876766,0.1459237644804913,1
6206,-0.2945084966017974,-0.4521999419175125,-0.1656541556254417,-0.579545248905348,0.0416741422715521,0
6212,0.7755936926674768,-0.8333446735086815,-0.6761820213704531,0.0950357266333959,-0.9311872114942112,1
6213,1.10632992758076,-1.2568301265239807,0.0015239890852201,-0.7485850299949548,0.1561874954713705,0
6216,1.1896370232870916,0.4073915553283678,0.5545664432075987,-1.435768148489164,-1.5841474904176065,1
6217,1.0702015120282002,1.0577714140153047,2.42145523793393,-1.4859530114762045,0.4857994188401247,1
6218,-1.0238209716850253,-0.7406011268317043,-0.5022461674314488,0.3823550409214328,-0.664026073090298,0
6222,-0.7965580293734599,-0.0873570180777389,-2.423801502546067,-1.8024787965978253,0.8037126389916157,0
6224,-0.7833852750993312,1.9066187707246576,0.2351017345721631,0.1957108741821825,0.4664009856210873,1
6229,-0.1078391953189768,0.6808737536917654,-0.5149530947818145,0.7490051045747627,-0.3427854405693337,1
6230,0.1181330267237083,-0.1811285549765768,-0.5768159252954013,2.251075143083408,-0.8397476019251039,0
6231,-2.2861121355448524,-0.8036362590384347,0.1312958885771686,-0.3768531008803232,1.018575658528367,0
6233,-1.5645095814256031,-0.367788183782567,1.4213027867696928,0.3428331414857675,0.0456679306315772,0
6236,-0.8871237688405786,-0.2074683491748694,1.2366177140002623,-0.4816624236407643,-1.3407856674764764,0
6237,-0.4107502487046478,1.3917342787125624,-2.270736260677002,0.1023931790348756,-0.6340035274000658,0
6248,-0.3127783374173304,-1.6242268310409238,-1.822234714460711,1.334174626298203,1.4533573417059495,1
6249,-0.56908251730049,-0.2121446489811007,-1.7823589544627456,0.7620409457167796,-0.0283804835036267,0
6250,-1.5522772485686136,0.2047407577514541,-1.3894357560623771,0.5574966800723845,-1.0828062730509689,0
6253,0.4167981401202303,-0.3576571274890048,0.4279161636397303,-0.4299480073737393,-1.0655539989172016,1
6254,1.2197403402596758,0.5341604877751113,-1.8616195334544845,-0.683665468585005,0.7576409855887405,1
6256,1.5004669982561014,-0.908497429440095,0.2663652877969503,2.0588204217713244,0.4595247364745827,1
6260,0.4023421228016666,0.9577984191847956,-1.4262280038595097,-0.509473990046832,-0.0744290825287476,1
6262,-0.4190399462296813,-0.6668900940585202,0.5286684468694359,-0.3280709719332039,0.880898468553479,0
6264,0.3957035986416611,-0.3266693775564913,0.619064126750466,-0.8756884517596438,0.8718422024518231,0
6265,1.194951485767232,-0.9473427387423587,0.0677001467179759,1.215965004717218,-1.0013625981567575,1
6266,-0.668826611318101,0.6617380063625091,-0.1606891300594142,-1.5752747701719036,-0.320219607425495,0
6270,0.6404903300269773,0.135796348587054,1.2197780781704188,0.2518383151569346,-0.6762764561108433,1
6275,-0.5354584434120038,-1.0014517480805143,-0.1392197005455058,-1.424432397938965,0.4336316272929091,0
6276,-0.2960665271328347,-0.4757125603854815,0.1496186413739321,-0.0766568477866383,-0.1347100349975028,0
6278,-0.5466895735237378,0.23812589406637,2.4461020762965764,-0.0409536270074023,-0.0021796927213664,1
6279,-1.2633861817114265,-0.7132104831401018,-0.1063661116689398,0.5334536351454189,0.6491632026667103,0
6283,0.0606255873314479,-0.365613832542618,0.8660833971143772,0.6450194441340833,-1.53586894730235,1
6284,0.0491504778120342,-0.958236346882068,0.139521605032213,-3.15184614057909,0.1971440746216489,0
6287,0.6663654360120305,1.0259419236757006,-0.0702637069441904,-1.064453766863824,1.2490167343917755,1
6288,0.0021694567335596,0.0932253799244476,-0.9315338035528866,0.1930539383518479,-0.2029125725204044,1
6293,0.9869586244805224,-0.505123658396434,0.5657490603803771,-0.7445892192531699,-0.2464990236867204,1
6294,-0.2386276154951135,0.4766900963244767,-0.8241568116922442,-1.464884784556007,0.4701121806282624,0
6300,-0.749695164058005,-1.018556131618258,-1.0024181920716115,-0.5154948762809228,0.8744775262070155,0
6301,-0.7178352484960169,1.0530802197635976,1.3674678506273976,0.2850964908938784,1.2291308519186923,1
6305,1.272135338147079,-0.5125946490995373,0.2598931017117661,0.5759363168126841,0.4110046261723752,1
6308,-1.484416982652942,1.481441923890553,0.0438494458680295,-0.2996775297763126,0.0522260597447067,1
6309,0.1027635119948465,-0.7318394626587192,1.1879702204550553,0.6447397289052259,0.7841703447973206,0
6310,-0.6800096253014871,-0.7341137290144423,-0.1135507156041711,0.7999578897940776,0.5016958024728274,0
6311,-0.7776846409322652,0.667761066701399,-0.9721209238266372,-0.6616190848320735,0.1577233576337,0
6312,-1.1714732182752468,-0.9635285278168324,1.5521215472324952,1.3662659753556974,2.2897158812832927,1
6313,0.4505729041273986,0.6447643562589721,-0.1549576352620542,-0.3504424983549229,0.8719155144448865,0
6315,-0.3244998555075754,1.6362266473328106,-1.1995809103641266,2.1686965954356427,0.549534350628782,1
6316,-0.4661127658936818,0.0682161214440391,-0.6849644184819287,-0.5469140164585738,0.0732957935264817,0
6317,-0.328920965680554,-0.9329676322655271,-0.2214104880202453,-1.3146147779691062,-1.271814661565109,0
6319,0.5062821339863407,1.1758459412813125,0.4078194169483068,1.6403300265258556,-0.0371854049094672,1
6321,-0.1298746293127105,-0.2791175690205619,-0.3389484590961753,-0.4075139037393977,0.5119742533438816,0
6322,-0.8858309686698803,1.859990286189816,0.5674811638447057,-0.8029655728581377,0.6472161155491511,0
6323,0.9948529693931076,0.3691174923943461,-1.005806340343887,2.2372870018620667,0.6394744155177209,1
6326,-0.2904217803307468,0.8202316556367192,-0.8885971327967058,-0.6484209097799453,-1.254589483474124,0
6327,-0.8228634247626638,0.1291242294801575,0.6394638685059264,-0.8061671530227877,0.6098122805781236,1
6328,0.1052152921853778,-1.3826026750814762,0.1745603675356982,1.1943572273624976,-1.8921351467975909,0
6332,0.5615578295268243,-0.4041499448259403,-1.3799713232809765,1.3212786812378965,0.9734822936710564,1
6336,-0.3305206589480768,-0.4289489121909782,-2.186856492242892,-1.5476736689047896,-1.3399295731224037,0
6337,0.5566391982741611,-0.3205304570523282,-0.5342345145319092,-0.6487457133924884,-0.7789809937992423,0
6341,1.1063744618850997,-0.8178938584166412,-0.528964058859165,-0.6441215770132318,-0.2540102170456513,1
6342,-0.963906243010109,-2.1572183797743083,-1.042712261710434,-0.0489620156370685,-0.1481007453983979,0
6343,0.5521194227676057,0.8421939971568744,-0.4495519974062408,-1.5857393105107,0.4032193105322578,1
6346,-1.1779358234280357,-0.0454189621655687,0.096951246178967,-0.0688017701522759,-0.3614176840779897,0
6347,1.6530104189253758,0.9406611403426588,-0.0971398377660977,0.0930279399147029,1.3763444154095883,0
6348,-0.5845543485109517,-0.9655981955363108,0.2268972473055846,0.413905698467481,0.4885055680532638,0
6350,-0.9218966804693112,-1.9338350464862688,0.1442694478634303,-0.5670839824261295,-1.7270893908433222,0
6351,0.0744513341565896,-0.3862727111762711,1.6759827214733976,0.0888436740989079,0.5860846148970307,0
6353,-1.4886289465782725,-1.2486061896016452,-1.1930758925458764,1.0600997442730051,-1.7313739606179412,0
6355,0.1134681299590526,-1.444208810863745,-1.2113225716252298,-1.6447577725929852,1.2003341995299794,0
6356,1.424255057632078,1.0862765134458998,-0.1431332260490213,-1.4263787222934246,-1.0540113125272748,0
6357,-0.9888732017440668,-0.045693013942196,1.387442731629602,1.383517976572821,-0.488336167912534,1
6358,-2.2365584478859493,-1.16699058757636,1.1886009005703335,0.231628712728101,-0.3556462122823209,0
6359,-0.4253656083495428,-0.7508509731166786,-1.2037733498998382,2.0720634139637366,1.718483243097777,0
6360,-0.8218662759746158,-1.7538716759368522,0.1690183449548869,-0.1474681259543519,0.62814231103336,0
6361,0.8546068960015675,-1.170025631498784,1.2802179861001273,-0.3531620683824602,0.6079098601199859,1
6362,-0.2614655360124208,0.9224901710446696,-2.362294722431048,0.7383334433317807,-0.8319195011895616,1
6363,0.0734642993647791,1.2447029587797351,-0.8031499758497503,-0.960012638564564,-0.3719785089728828,0
6365,-0.8195706078438288,-0.9440023714105572,-0.118596739659843,-0.2450455012229176,-0.2258389747187376,0
6366,-0.7072296227425925,0.3300399344413351,-0.9424797036718312,-0.1221748496179792,-0.3063684284365656,0
6367,-0.033458182865172,1.1852698187351407,-1.3145000039219272,-2.3913257652128537,-0.5941914500838615,0
6369,-0.2854678245273584,0.4208174027614977,-0.4226403965507052,0.8143209444252649,0.1890655306673216,0
6370,-0.0365253772178843,0.0389280951858862,1.46544952756248,0.1673309452444229,-1.0296092037143283,0
6371,0.3361909214248263,0.4890406574963648,-0.144709854652984,-0.0521029642933368,-1.066216117874092,1
6373,1.549943200851714,-1.1443243253487512,-0.0046204186733253,-0.310359367792185,0.4644384118365158,0
6374,0.0962416593665745,-0.3873754438515471,0.0937505222679519,-0.2146512579377039,1.589134601822101,0
6375,-0.793645362637077,0.2574867065571323,0.5096334720212865,0.4384772192666922,-0.2978895283660187,0
6378,0.0883153304443937,1.0546263710270114,-1.386434500198794,0.0758877076119222,1.3479534858457805,1
6379,0.9768558035757228,1.4362940801832396,-0.5900456646054508,0.9171898244188604,-0.4267761378016514,1
6380,0.5951529038741488,1.3108768219820783,-0.7940676205909327,-1.8557635806144948,1.8475653485417256,1
6381,0.4881272188723444,-0.1070795585619252,-0.1620072451504392,-2.096191876935331,0.208731202293716,1
6382,-0.5305652617159707,0.0524748490572892,0.0302928906349562,-3.3777588153289075,0.4899650572548173,0
6387,-0.995061674373762,1.2711526012530427,1.7535900415141208,1.87397219999096,0.3575135254980215,1
6390,0.0830567613996345,-0.2081544237498253,0.5192892810931562,0.0130727004449523,0.4738852612420213,0
6391,0.8110834004954379,-1.460181103683431,0.8688997100233145,-0.4065802533575072,0.5175788540590545,0
6392,1.0222268248278583,1.0290942410209682,0.1291528163275482,0.178475826673812,0.891912232023792,0
6393,-1.5011761604116665,-0.9515790549470062,-0.279256728021919,-1.3327940776341116,-0.2717167640385787,0
6398,-2.131044885940622,0.6856166740212631,-1.290060472396908,0.2494126246346313,-0.0728960051273974,0
6400,-1.4318903886712204,-0.0178560495073862,1.8043912715721608,2.36163054830609,-1.6187188579692824,0
6401,-0.7045382361833248,-0.5226613062439679,2.255053583520935,-0.0683266321845463,1.074664086224138,0
6403,0.2576132600493306,1.0543739597357351,-1.4182425616931185,-0.3252219155794125,0.7788439236332544,0
6404,-1.0911669584869983,-0.0639673913328265,-0.8797661169280175,0.8264343839205704,0.3985165457938994,0
6407,0.6113468865296362,-0.8238959314326909,-1.09421045598335,-0.2643601642390966,-0.0671284846276904,0
6413,-0.5237628098334449,0.013717975958005,1.4339668882029502,0.3589673070130774,2.164244908956421,1
6415,-0.9919673543994914,-0.2331601914679099,-0.72439611023569,1.0296220504770006,-1.925668624816512,0
6419,2.561581364177257,-0.5086928807305496,0.3723819101038867,-0.3458645002676739,-1.9751137550058533,1
6421,-0.7785262855443501,-1.785208033856962,0.8656586631993596,-0.603751521762687,-0.4321021124336613,0
6423,2.5106342022971253,1.9793674165883215,1.443102014502811,-0.7031716935338241,-0.5009472082492787,1
6424,0.4006653991575063,-0.8938536326974625,-0.9893992155103972,1.4585585616241907,-0.0551403602742095,0
6428,-0.4753222447363074,-1.1621618620252094,2.1972361359016217,-0.5418884033874034,0.2949927136260243,0
6431,0.0897450711494196,0.981704817314604,-0.9182981257382492,1.5280824010767269,-0.4226587611088901,1
6433,-2.172049974217483,-0.6757070868755435,-0.6326432726042854,0.2974609850565123,-0.7877957562307373,0
6435,0.387807292776588,-1.7387887328326623,-0.7911702568315877,-3.027832705736764,0.3235662845890334,0
6436,-1.076790997824404,0.1339269370939702,2.5709519217185655,1.5931380062474882,-0.7670063211468412,1
6437,-1.008782218746916,1.2929815391113106,-1.0048014641148848,0.991122767039087,2.735865504591529,0
6442,-1.646423768116458,1.170860623433987,-0.4484013660826023,2.062315018745959,-0.132396871791227,1
6443,0.1357773873954733,-0.4317514306545283,0.2434091690841577,3.4765673550531067,-0.3489689911360931,1
6445,0.3410254461893124,-0.2677552381327063,0.9033098986945628,0.1439101027630991,-1.147876309445916,0
6446,-2.4232797756277664,1.826058723574004,-0.2228496244772909,-0.6129292953685761,-0.5352166533324378,0
6449,0.4451247756450302,1.9712905723405345,-0.3238702952346597,-0.330044290305216,-0.1753151047644617,1
6451,-0.0627064301837415,-0.8987299857243287,0.2524024419103328,0.1698591879182411,0.4748918387535789,1
6452,0.3236759982592827,0.39381632993772,1.3187813251601583,0.5721970357234402,0.4806097419397185,0
6453,-1.7425113998895798,1.0534968765614976,-0.2978550954226637,0.0792110605140921,-1.2729015308389129,0
6454,2.0898735252488163,-2.474215711695459,1.4881124505287724,0.4251605665783322,-1.9052937917301227,1
6457,-2.232553926669766,0.342696144667474,0.4485664752017807,-0.3247163134027872,-0.8272827602010095,0
6460,1.3444025957917438,-0.366212600271336,-0.0830779887651284,0.7718402442922802,1.282627994749329,1
6461,-0.8155235098950259,-1.046199099328574,0.2741618677561958,-1.1235793134937833,-1.9449974933826988,0
6464,-0.7674137418937167,-0.202587879742799,0.3224611620762996,-1.5152465778661566,-0.1308168544728385,0
6467,-0.1051262186713958,-0.5327706829620691,-0.571418946486769,0.1558209903139223,-1.4495709370743604,0
6468,-0.8738440141246482,-1.0120645343059802,-0.2542245727674272,-0.7681613181415141,-0.7024287686632099,0
6469,0.1354634142281664,-0.4456848723365481,0.0048062868819392,-1.1156981152691303,-0.8284222860647452,1
6470,2.040828446909309,-0.6974047509898612,-2.1064284089301735,0.3421282128315832,-0.7079690053223512,1
6474,-0.3798385267228984,-1.0519958534196967,0.8907938946757754,1.210076973017335,-1.2121660006636574,0
6476,-0.0712641251783055,-0.3462847433182078,1.1723528829631025,-0.623299272857027,-0.0687690639963934,0
6477,1.693787470010535,-1.3370832669605248,-0.4586495270738856,1.0251352618255334,0.5280000415250145,0
6479,0.8093778060850211,-0.0223186116700437,0.2858984965866287,0.0542877542641873,0.6990150078055858,1
6481,0.0428274591439404,0.9880187439705632,-1.712345420909139,-0.1694783123909788,-1.4397569945604631,0
6482,-0.2793824869010174,-1.442393178804421,0.1617857185908539,-0.4261698999660618,0.7471225377864708,0
6484,1.434985565629998,-0.0369391229506856,-0.978376677881881,0.2984623878573721,-0.0720951327803301,0
6485,-1.4070118058729415,-1.1010494983076349,1.6373143305999434,0.2785748564737615,1.481794247151444,0
6487,-0.4075452217347134,-0.7926595595160676,1.126869594034611,-0.1772811306764827,-0.1665302154755619,0
6491,-0.5633133491657225,2.5435606010468503,-0.271090719180263,1.068675608795124,-0.8694022817836385,1
6492,1.7017750374495433,-0.378567465395371,0.0529769072024216,-1.8327227716525976,1.1166009797131602,0
6493,1.333219827934769,-1.1872715972875525,1.174804222079019,-1.337287609437287,0.6320671795072249,0
6496,0.7557824798918011,-1.044599540308037,1.631442636919065,0.3890031784725915,0.8304244809091642,1
6497,0.4905288152294237,0.4197584307481986,-1.9977138424801,1.106959380828232,-2.25433545021297,0
6499,0.0161480526958852,0.280926679769639,0.4047600971729573,1.8786422792381705,0.6002750766702324,1
6500,-1.316852842857706,-0.5639797726142536,0.5980040116430776,1.2597459436007497,-0.7221760962922216,0
6501,2.23987761633004,0.1756038048983529,0.4205674025765626,-1.2540734940601406,1.1154765818029488,1
6502,-0.4457841744177235,-0.7458828313747242,-0.3171929192133447,1.382777511645271,0.4657427236995233,0
6508,0.0853874755162077,0.1495001725000934,0.1152407352029493,0.8512147993761583,0.7186060597791426,1
6509,2.222678339488907,-0.5177117838209477,0.279333164451254,0.215236772902594,0.1681863646908236,0
6510,-1.2648542345545668,-1.183475909305473,0.0064664699746476,-1.5758939181122005,-0.3342053550406645,0
6511,-0.6475396004929517,-0.2979774396586193,1.1323269556003437,-1.0783356130757928,0.8697991505599149,0
6512,-0.571287690758806,-0.4467527287209263,0.4655456559886942,-0.2741485001225741,-0.892467767981082,0
6513,-0.3702773043839008,-1.7766336717733762,0.3811845198003289,-3.1018500303731154,0.8880195830034511,0
6514,0.6152619511052647,1.601434794162049,2.1820771137221713,0.9357709596591994,-0.6274050333718487,1
6515,2.1726223853954214,-1.193933259844448,-1.902703632842048,1.8524639418421776,0.6015581832740385,0
6516,-1.8758175566131423,-1.3553592019449745,0.5512850311008659,-0.8699648385306727,-0.7261488959021734,0
6520,0.2758753129723287,-0.036799525275813,-0.258402873649202,-1.572029961137767,1.1719840898608511,1
6523,1.3736983757446717,0.1984626752624151,0.8632832123043578,0.886859654010306,-0.9461098091515892,1
6524,-0.5219137707260653,1.0342860752568597,1.8352175152205237,0.0632864986796283,-0.6271898774516903,0
6526,-0.9454521139458304,-0.3746609779979217,-0.6272972369618022,0.6622381922875238,0.1632144507401056,0
6528,-1.4457841555753526,0.3177960072976615,-0.8132501920044102,0.9093009614707124,1.860504985557505,0
6532,-0.7026283709296304,-0.5640328138582191,-0.7481257015707895,0.6731127837738594,1.3680443838418432,0
6533,-1.1760626301786028,1.1192539187620016,0.6932367381288702,0.1798686241170092,1.5266642441251714,1
6534,-0.1702682273483482,0.4018970740312723,0.1237238119571574,0.0493517072272589,0.4589986477989509,0
6538,0.0937265606540813,-1.5295376439877166,-0.8249611803149862,0.4625155036887168,-1.5829253068032094,0
6541,-1.4175778779272814,0.3931369398820419,0.4760714340557563,-0.602503233985836,-0.8348047785078178,0
6543,1.6021261444629769,1.5948742742082154,0.2362012867840669,-0.3446341050452304,-0.5332812986478044,1
6548,1.9733475092539887,0.2261930695133919,0.542567403303669,0.0309528067812429,0.2658825845989611,1
6549,-0.2291096764956168,-0.9258083596915648,0.3396750837207339,1.0247993658525705,-1.1906423406230775,0
6550,1.5404738236758568,0.6011371911866729,-0.4369081798358277,-0.4547776361186857,1.8641624376481392,1
6552,-0.1746502461994104,0.1092571117709733,1.1100511748216575,1.599591543315416,-0.2514967148148536,1
6554,0.327615325157132,-0.9090588977102656,-1.312129938083906,-1.3216882533545906,0.0045568249456004,0
6559,0.6052323264315527,1.898542574823336,1.5637717926116743,1.2660723566460803,0.7271192703383661,1
6561,0.5379817245076602,0.2270130714851601,0.3557108625041354,-0.0938278704033941,-2.1558183997322375,0
6566,-1.457966866755926,-1.295157309805809,0.9949346556099338,1.5136908062512304,-1.081036655041351,0
6567,0.0681869247593482,-1.574473417171211,-0.9767835663759016,0.259829335874041,-0.518697035290429,0
6568,-1.9161935253779985,1.7188647674063096,-0.0491466381085235,-1.104405548123174,0.1280342076379795,0
6570,-1.318184139611794,-0.6932540536516085,0.8392619618769109,-0.5513851282655449,-0.0816724948745815,0
6571,-0.4703924993816843,-0.4080250251749472,-0.4929350309123808,-1.2586880363503252,0.4591969531624545,1
6572,1.0623031903444875,-0.1764906467641712,0.9494629299601434,-0.4910827752131697,-0.5501158333661602,1
6575,-0.3725405525693729,-1.705198083267657,-0.2587863915599332,0.6359957309604819,0.7994367391658113,0
6579,-0.3323368527468313,0.437873148922222,-0.3100337841011353,-0.3343350698747456,1.56237156786798,0
6580,0.9975483751149884,-1.7546898109250193,-1.0225259884408404,-0.136241606789831,-0.5171127568523178,1
6581,-1.5083271154622575,0.1158049843123112,-1.8781251377930055,0.1267527613840013,0.729976663352469,1
6585,0.5440421202277,-1.6186725566696931,-0.0827790985595708,0.8680143614086105,1.4657370943674517,1
6586,0.7253165061844588,-1.5172667303697007,-1.054444477350593,-0.3459970949000716,1.3988119343501626,0
6587,-0.6070763135215677,1.058599918726458,-0.6231325976056798,0.5326178243018383,-0.940028485152998,1
6589,-1.6263169711664778,-0.0854328083324908,-0.4580681481110187,0.6487237071652568,-0.2351164263125392,0
6590,1.165966210968567,-0.3854161881459332,1.0264819577047986,-0.9525570089464088,-1.5033332461910087,0
6592,0.1417754259444297,0.5275494007167024,-1.685696715862276,0.5699304674287601,-1.2052048365490886,0
6595,0.9657704013030172,0.3793243998702391,-0.9454793068872156,-0.6671944716976937,1.5105833850390626,1
6597,0.0497148674009971,1.6988492331188558,-0.4646584497304182,0.2403000253606036,-1.7082704273586395,1
6598,-1.4307171397998188,1.8151622353009025,0.616780264118091,-0.2126985104916551,0.0783245871520337,0
6601,-0.8406933632494217,0.1621032699428015,0.1018282132517888,0.2408987161575721,0.0480588069464544,1
6603,1.841866909800468,-1.0719246028891884,0.8683896366441906,-0.5551659326955121,0.4023328523234984,1
6605,2.0015801794027412,1.3101254426690878,-0.2202747921198815,-0.3085143332586823,1.6484164160511827,1
6608,0.0109447737669552,-1.1447756099941109,1.0024274260569954,-0.4788722017984357,-0.6509755056985981,1
6609,2.0680100365888623,-1.330702871086758,0.2350473829696667,-0.5909200755236076,-0.7505042949944205,1
6611,-0.3126253416099441,-0.8685444906870606,1.430705961844089,0.7356804037079155,-0.6813425538325805,1
6612,-1.3592050450386828,-1.8879891854268196,1.1373533938096865,0.9091729350309422,1.04657029620141,0
6613,-0.120288248405937,0.8060120260493259,1.0271940632308327,-0.0697953892731541,-0.358148115593612,0
6615,-0.2172949988531095,0.7912410658652969,-1.3743256775535242,-1.1052534823121778,-1.0857452811284627,0
6616,-0.148531914664612,0.3152772011655719,-1.0688757443004615,0.9090058737392254,1.4626494521694002,1
6618,-0.0384027156369164,-0.893220156790138,1.425047596675779,0.2987902355697766,0.7021749726867456,0
6619,-0.6742514634587875,1.679908456242031,-0.1559290154415114,1.0190567679901443,-0.5828278071297605,1
6623,-0.3717907439956959,1.4591339927161215,1.294700769830238,0.9340655133607354,-1.7114711213697025,1
6624,-1.258455237058941,1.120508088019221,0.3178901894590487,-0.7777347234675455,-0.3445588908290005,0
6625,1.1109854320988035,1.52761021378965,-0.0059732873606555,-0.6869180063033875,-0.2754930546469391,1
6627,1.6229445436744527,-1.4535069851478462,-0.2324316805039688,1.1559590046192088,0.0736723154071071,1
6629,0.3673335163619493,-0.4908452588868067,-0.7794881892809884,-0.5378875899243727,-0.9709126137375748,0
6630,0.8506205514933302,-0.9836401150326508,0.1890432995361454,-0.3741989675126869,-0.7061843540614817,0
6632,0.8265878605415744,1.2707548298428364,-0.1676562575188339,-0.2277310287065031,0.1309543543732453,0
6636,-0.0784191075724209,-0.3173164602261435,-0.2476824207108506,0.6224313498578122,-1.0003557243905885,0
6637,0.2726517161289878,-0.1102588644670753,-0.882303514506964,1.674104773207668,0.7478098853091707,0
6639,0.3515148752679292,0.2711973163292275,0.9869680807271372,0.6112781099097158,-0.2660515525759275,1
6642,-0.9099771999321457,-1.0772712878834114,0.1337760479524161,1.3022612745694504,0.1338604948705759,0
6648,0.8493060921909348,-1.549238739344786,-1.7720547279446817,-0.7865365995011847,0.6573621328036797,0
6650,-1.614348927696343,-0.7705185365696876,1.956927560346975,-0.3362931255558103,-0.9567936153534756,0
6652,1.2715768337335962,0.8146883607501112,-0.4451335767764262,-0.1281982549724623,0.60066908316219,1
6653,1.0747034916472022,-1.5186678350997536,0.0704499114319003,-0.0311246384852444,-0.5706339596290583,0
6654,-0.575801186082556,1.0543764099101958,0.5346781135654385,2.106634583500347,-0.5697928095749993,1
6655,0.137134474221502,0.3097002513759764,0.8960840720296066,1.3584127442822826,0.0936116018769293,1
6658,-0.2213218142103284,-0.2978119807061279,1.368293821588256,-1.0629766552935191,-1.2639845378749437,0
6659,1.6292125161872049,0.2333223056483034,0.6797047502176703,-0.311084075317558,-0.1065984260240587,1
6661,0.6623956639950512,-1.048442278629491,-0.1447440103024925,-0.4483946582656969,0.7534341225603148,0
6663,-0.5182870036312062,0.2517343886211,0.5528101988448634,-0.0013077774307039,-1.3149598648965986,0
6666,-1.2115912485345524,0.6050139392516197,0.1298931221120807,-0.3146892972836912,0.4578319849614315,0
6668,1.400431616611723,1.5901587035315008,-0.5393148864108894,-0.6819277125511909,-0.4144449622177151,1
6671,-0.892078395238444,-0.0450572583205503,-1.5163906397599851,-1.4823885456354269,0.0387693766067176,0
6673,1.183886079548419,-0.18295745020822,-0.1722395954780553,0.3729834039630011,-1.5599949840012008,0
6678,0.9912221880494576,-1.1222418326765982,2.3194483877696035,-0.9284104099424422,-0.3143308503627167,1
6681,-0.0345846083035865,-0.7590907756728349,-1.0129686158622515,0.6228867196642872,-0.2752366630276747,1
6682,1.4677072531302522,-0.2105894989218028,1.4146201601956725,-1.3801342060809685,-1.7386196718373588,1
6684,0.6356671058768927,-0.0188472948058922,-1.0602011493986716,0.790543879481739,1.1749134723991954,0
6685,-0.1088321170731904,1.003199918007952,-1.0018048910119774,0.5772088997676719,0.1617502112027484,1
6687,-0.8696943863285376,-1.1568783951357542,-0.4494196055627247,-0.3817124302875526,-0.8041738102065689,0
6688,1.2511133018190026,-0.7657765718507682,-0.9322290413448804,-1.1857202394120994,-1.281983056749377,0
6691,0.1429597555357044,1.0153213416858464,0.1062109645022532,0.3130518090143498,1.3596025785247132,1
6692,0.2666809753896557,0.4942590342593519,-1.4177143502803906,3.7191514806707,-1.5908423015301123,1
6693,-0.5393293516144726,-0.5695672828022663,2.1080155188991494,-0.6005993732770544,0.4418794378824984,0
6695,0.62669252196931,1.9067548977580904,-1.2621749615700713,-0.152815196526788,-0.1114693975709889,1
6700,0.0934495943866091,-2.1925814643386885,0.0357714806546565,0.4804520197799127,0.900983980792572,1
6703,-0.6464871219713128,0.3699862336071908,-0.8143101958053717,0.2877983031025108,-0.7718769921897619,0
6704,-1.9019763921186892,0.9559568716241073,-0.6958944918246353,-0.24863020709866,-0.6911420983083457,0
6705,0.5444777702483956,0.3331689114586238,0.542093483002689,-0.5495430355684529,-0.0497283492729564,1
6706,0.417032296732069,1.5452039725323667,0.3065312717388657,-1.0033496551933312,0.2678939005795263,0
6711,-0.0944585387695899,0.2684401314183643,0.2769158970835078,-2.3131501439964897,0.888652607194921,1
6713,0.4989103925272523,0.8746637074596071,-0.6470763584311255,0.2715624167258087,-1.0533999194178278,1
6716,-0.9613874102561364,0.5754437187770781,-1.0458771277499732,-0.5339013102523176,0.9561500807241776,0
6717,0.4891741143156732,0.0314211602963618,-0.0299038501609691,0.0905531730797471,-0.7915417048611971,0
6720,1.586006967043655,-1.1147218506459458,-1.2889769338889,0.1481540505719123,-0.922518168884214,1
6721,-1.0957041804473793,1.2200957510777497,-1.00906259510908,-0.0110671332019801,-1.6314257294979615,0
6724,-1.3277178911753982,-1.0604172016282292,-0.14361258179779,-1.2217581248342777,-1.236029419561531,0
6725,-0.4205870717278744,0.9919890295413408,0.9731509811406688,0.321080173954571,0.1802809896696239,0
6726,2.0874784284157815,-0.5393509724646938,0.2410741349830978,-0.5889879558737513,-1.2874213363278968,1
6727,1.184881064793476,-0.3052054327824676,0.6948219697199349,-0.2461289898221929,1.246637164531694,1
6728,-0.9972366680214746,1.1639127128378917,0.894205369657445,-1.79463751485493,-0.516857925706897,0
6731,1.80644507709121,1.0268793331768156,0.0095514260535994,-0.8991941087758154,0.6676106136324863,1
6732,1.6654428485460302,1.0035383197894865,0.207731052550136,-0.4890135855835756,0.3451722938679508,1
6733,1.154576598907667,0.2323089057207486,-0.1034327759481971,-0.6872446400353684,2.58942660660388,1
6737,-1.300020465269197,0.1454896468335524,0.1416943425959169,-0.9843674997339046,0.4212091157900746,0
6741,-0.1671158033503294,-0.438086974054609,-0.3051239028812684,0.5841449036482398,-0.3093752810067598,0
6745,1.3654183407376688,-1.7151792937848362,-0.4639480213805227,-0.0264506299142305,1.1671773015444824,0
6749,-0.978176803424628,-1.425137650988379,0.390524394505417,0.9280164099142276,-0.0560944120405567,0
6750,-0.4636908555050241,-1.9309075208054112,0.1240293617516831,-0.6892667368924812,-0.6317669102577659,0
6756,-0.1914366125600989,1.7778058111147943,0.7227780524617469,0.7065642983388586,0.9200448228429112,1
6760,0.1562056945640322,1.023402767025942,0.2613058276417852,-0.4273530067346021,-0.2781199784979977,0
6761,0.6389205338864677,4.087923070821299,1.1668738348254042,0.2464073144916448,0.4837915583895675,1
6763,0.4816617558317295,0.6153371413761288,-0.145805254771309,0.3098580188370829,0.960889685306482,1
6765,-0.1983592106780443,0.3594500895546028,-0.3244783737476858,-0.4102309858272735,-0.8793021850031161,1
6766,0.1002739289070417,-0.5170863335693948,1.2736645775398243,-0.1075022439989897,-0.0445307075273374,1
6771,0.4212327050194073,-0.2422398353315581,0.6112446806084272,0.4149422486126251,-0.5407208492693202,1
6772,-0.9536776497173628,0.9556526349607004,-0.8133885392814707,0.5007849747974745,0.0310928596551715,1
6774,1.6214806481279949,-1.6742672624739403,-1.1122058211075023,-0.4644503169525389,1.4193233692404956,0
6776,0.9018323710362688,0.975653798152263,0.2680088522903542,-0.4250203387637601,-0.0953996704059262,1
6780,0.098050306015926,-0.0449280611973468,-0.4954777553786544,1.3230168640908428,-2.3729677882573736,0
6781,0.0939773064274175,0.1079817237974044,2.0948532489534495,-0.0144354783471169,0.445628903700473,1
6782,0.125012513442097,0.0944282238661503,1.7629589668216803,-1.1116535385492778,-0.6672047949160059,1
6787,-1.066284610014638,0.2705212989294757,-0.4997494397982864,-0.8264097118122482,1.4303958575581566,0
6789,-1.3501682185637771,0.4136489258189696,-1.383734202049422,-0.2960338542910876,-1.4836275163255708,0
6791,-0.7457893330731347,-0.8313706178556588,0.7859301330977354,-1.413501951366109,-0.3318540703729195,0
6794,0.3956064622187181,0.5985492431624022,-0.0948549590510232,-1.4376930721273014,0.2511665859934525,0
6795,-0.0182342771111151,-0.8590725853305915,-1.0890519313599338,-0.0465371753790343,-1.3577996917369404,1
6796,-0.1434079966945483,-0.2640398002767215,-0.1191497340709849,0.4026559042091364,0.6219545452154498,0
6797,-0.7114969946040056,0.8697915135420266,-0.2193707180724101,1.75330138549055,-0.5854209122904813,1
6798,-1.6113300399863977,0.8336420677883326,0.4256209137805793,1.2016614990549126,0.3096438081906756,0
6799,2.3400089084654048,-0.188888008504289,1.046301865705618,-0.5254573854862161,0.4917765263340029,1
6801,-0.5751076398774299,-0.377885233806479,-0.2834097747702,0.977473999961478,0.2025792129680405,0
6803,2.1388688847059933,-0.620107577686253,-0.2756792276752468,0.2321792838256991,-1.6059465016871095,1
6804,-1.7217989005736545,-0.4816132019383169,-0.4470031124973047,0.1342262153074535,-0.9779943323043194,0
6805,0.4339804324336612,-2.156716916043929,-0.0702913999880029,0.3601763071768177,0.3284442405218287,0
6810,-0.3631449908286577,0.2312421604128512,0.2333680239557779,-0.0757996120537694,0.1053320896769907,0
6814,-0.9576270690748248,-2.158432732356189,1.5167993360401737,-0.0103246242190214,-0.5194906923144303,0
6815,0.0473394034653178,-0.3690791745269606,2.959457718093084,-0.5307075321793215,0.3273254123084641,1
6817,-2.1744646468998057,-0.0744954363692267,0.0328067109319058,0.741723203612461,1.7954873629768249,0
6820,0.3781356321799411,0.7025750118764507,0.3135413242314296,0.4859302517258676,1.3006539859447266,1
6822,-0.6309687366465533,0.0936639389336315,-0.5687093177351814,-0.3780009298484399,0.3548069318421663,0
6825,-0.963923590058505,-1.0316319706191186,0.2586577418065335,1.1731279644780943,0.5031217865091798,0
6828,-1.5063012089098051,-2.0592376505028547,-1.8490836665711423,-0.0447217994610614,-0.3079419962508205,0
6831,0.1298574030862604,-1.4875413356710223,0.1288512905548135,-0.3363108425389449,0.923678942498893,0
6835,0.512156851743375,-0.4943051988480837,0.1863715661099574,1.6000462018621546,-0.6265347337326806,0
6836,1.316892582989337,-0.5904967981259379,1.8020688082671856,-0.855485948976514,-0.3938557026175791,1
6837,1.508255774867143,1.5522327508664944,0.8184266601018806,-1.0818495018564669,0.0824092379713843,1
6838,0.0012486525569804,-0.8558130926686129,0.6968371654522438,-0.7766930970632456,-1.2905893874745975,0
6841,0.6586352504440592,-0.6755952036075326,1.544333810390488,-0.668787735193276,-1.008580944996969,0
6843,-0.1328288898570896,-1.0295493422971715,-1.1744610760292395,1.1065365127561422,1.602775579143522,0
6845,-1.3747952773390484,1.0822370053450034,0.0673850421889243,0.5694970556657254,-2.2378903374078223,0
6847,-0.1125802665157413,1.6449214829902106,-1.1508590123142952,0.2714771684381024,0.5850997645137889,0
6849,-1.436294897317518,1.0998474531673024,-0.9100506506190228,-1.4103155855060503,-0.5956818560191317,0
6852,-1.2327821283521527,-1.6475038291177622,0.1154292596439381,2.162179278269843,-1.2609878448747835,0
6855,0.6761184177150142,1.6633406336495236,-0.522733291850397,0.1273865511139109,-0.0884521558973705,1
6860,-0.8018765658300158,0.8093003091991557,-0.0787027372728928,-1.7246659294256954,0.1766994666555136,1
6861,0.4141914638273636,1.6179878745404674,0.9281390644916256,-0.8986908889497579,1.4258264613130538,1
6863,1.2747237980134876,-0.1366146081775442,0.5796718921693692,0.2244040089055027,-0.709434883801593,1
6869,-1.285487480734646,-0.4301069140782397,0.07247556752925,1.418602829452932,0.6920439475081593,0
6874,-1.3430016503344246,1.3775719096898855,-0.0506335391202572,0.2833194390115534,2.2315060943912,0
6876,-1.1729375879144055,0.7322774553179215,0.0103291163825685,-1.2516318085058786,-1.190362996907412,0
6878,-0.6233250979726,0.2743402715875807,-1.2515761891901285,0.1362838540355168,-0.3268495243344786,0
6881,-0.011756937592456,1.3718249499584527,-1.815688494594678,0.771558038287678,-0.5081941648838711,0
6884,-0.4172045612618887,0.9573123264462968,-0.0460584750320874,-0.4328848505909766,-0.6060871098173184,0
6888,-0.3973999461731339,-0.5434565838518332,-1.099587802101255,0.0973832802569319,0.9340154367253002,0
6889,-0.4936953962996522,-0.3285075141587586,-0.6980727272421018,-0.9943505924283238,-0.2361437378448574,0
6893,-0.7860197211232185,-0.1455872113050386,-0.2081044238403961,-1.4118090402313928,0.4590382667670918,0
6895,-0.3902007329309809,0.8387579930541158,0.3897079711697689,-0.0178258853578825,-0.8747206949648333,0
6898,-0.2763976497172138,-0.6848001077437467,-0.0253590070313692,0.5380325776638044,0.3266942749100966,0
6900,-1.5456143361879546,1.0637485748437845,0.0221900217966014,-1.2006794971981296,-0.41663839555413,0
6906,-0.389111715578984,-1.4192190127852016,1.412613622999452,0.219429215290936,0.7089596206050398,0
6907,-1.3211326119767428,-1.3174814631539753,0.4141212076406187,1.0275649085364025,-1.1292382472145062,0
6909,-2.105775658252976,1.320398525195832,-0.1705490728576534,1.2943874171083836,0.6986973646912629,0
6910,0.8523003210324692,2.020296279168744,-0.7816145952474789,0.1354434058194051,-0.990708176361029,1
6911,-0.1022092744939654,0.7200946458000866,1.1273362877247886,-0.3822596259131791,-1.2047863626172994,1
6913,0.834202324830207,-0.3372186672279212,1.0089737425179777,0.0143487414660249,-0.2841554340299909,1
6915,-1.645263427026601,-0.4193753462529883,0.2797800366474661,0.4150694345485867,-0.0288701714661867,0
6917,1.03784525581623,0.7919000957144205,-0.1848652446783069,-0.3270565588278282,-0.3348380949258205,1
6919,1.3916670522732657,0.529484966419522,0.912123116902793,-0.5920777676410975,-1.2854092463305462,1
6921,0.5956928505794573,0.529966461224456,-0.16196006370584,0.3200085517658667,-0.5406892222044034,1
6922,2.426661251801681,0.3008374771132397,-0.590322104009801,0.8753666259329187,1.240186097694855,1
6924,-1.6291300772802086,-0.4182469113340573,-0.2079374373503359,0.3248599190481407,0.6117822754117709,0
6927,0.2673182948869502,1.0539887918519086,1.0744990285793043,-1.0280960290543202,-0.5180633270166585,0
6932,-0.690805049922266,0.3636317567628002,0.1142414129267607,0.6372790224822711,1.193330921295176,1
6934,-2.240987322753276,0.1017483986160097,0.580608481022411,0.5785542232603268,-1.0370512533817633,0
6935,-0.0087136793725511,0.2215461313953466,0.0521076778287352,-1.0948045000474982,0.0773075250806564,1
6937,-0.5344546236344808,0.6265419815640361,1.022128168319359,1.7539889077572322,0.8138551799426986,1
6939,1.955058325333688,-1.0230335112514377,-2.342592604425289,0.813166194426149,-0.6730670683542538,1
6946,-0.4647372436833225,2.742977553073927,0.7496752044237853,-0.4561441372485651,1.1835819268440433,1
6948,-1.67366194613648,0.3707398058959156,-0.1920822640945104,0.8774317497104674,-0.8899022128871268,0
6949,-1.097943545465622,0.7761790293619415,-0.2953384424908299,0.855733805352121,0.0334613803410516,0
6952,-1.53518957361299,-0.0233045543321359,0.0794594055533381,0.7468537052963969,0.2101629458907013,0
6953,1.3735186548805167,1.1664003644490402,-0.1966741140864094,1.0943928817301192,-0.3127807859057277,1
6956,2.727767892863392,1.662705719712721,0.6991720859351274,0.2413248603623252,1.1287612239686462,1
6959,0.4565677206605929,0.7315199186974262,1.085419614359834,-1.1024265632359114,0.4399089228084279,1
6960,-0.0007108743418741,0.7375816098203105,-0.6514204188993276,-0.3362948144271666,-1.553499861108687,0
6962,0.1603155682431401,1.4080434109284783,-0.8450126277557082,0.4900640167477069,-0.5615651013913756,0
6964,-0.7549698852319958,-0.9107372361165283,0.2091277774731296,0.0052133469735179,-0.0682441816046516,0
6965,0.2539876722339386,-1.0095776755539407,-0.8989022084155407,0.9862505792851158,-0.1459305011439799,1
6966,0.5964412955098586,1.224041597949601,0.8457430664435226,-1.3697878485519748,-0.1164988022198766,1
6968,0.0693272290465158,-1.4258990187428282,0.7936357029271537,-0.117605718356779,-1.9796514475229972,0
6969,-0.5666110775205849,-0.2863259552332663,-0.1298737040743677,1.4196211687327562,0.5784603620133554,0
6971,1.729893314412446,1.7842225174699824,-0.442350034671113,0.9345513481518548,0.4256286989235893,1
6973,-0.6848327898876354,0.2187513324192646,1.2806212043999554,0.0127434583064557,-0.5388825134025421,1
6974,-2.068466929997242,0.4583735496660603,0.0285615128875238,-0.5496869137597638,1.166091764539671,0
6984,-0.6633336674367282,-0.8002648237067083,-1.4010865789974365,0.6720666861847095,-0.672818207542845,0
6985,-0.7971501426032249,-0.9631690423484875,0.3043837419909422,0.021674509146998,0.0262582699098641,0
6987,-1.6884847801342355,2.0287840197222775,0.574787686533363,0.1802060856949442,0.338035893715528,0
6988,2.0523301561070446,1.136866436643735,0.3487640135927941,-0.70830851562031,-0.5505412837906661,1
6989,-1.803256377518378,-0.3682824035253081,0.6618383704752678,0.6336288982725099,0.6161459956972797,0
6990,-0.5153640820084743,0.5510435823823195,0.8241840397884143,-2.22695373915663,0.3044224652514507,1
6991,2.081050763143624,-0.291464526699027,-2.5218196408689475,-0.8126588519743125,-1.8145392911364588,1
6998,0.2606620598733246,-0.3642272024434558,0.051296526279779,-0.7360537381273615,-0.7533019466691219,1
6999,1.7102391998162585,0.8845423766653827,-0.5614523645280017,-1.4961634136070765,-1.701086167291591,0
7002,0.3114892983919865,2.076972667751993,-0.98933511843111,-1.115594229570695,-0.8645353151032883,1
7007,-0.9815897207558788,1.5221132710652538,-0.0565798190277669,-0.2902062050988268,0.5551669460532002,1
7008,-0.4480507247390829,-0.753003815789836,-0.6570939103874727,-0.659762603916201,-1.1273670712647363,0
7010,0.3093127729193315,-0.323793642210084,-1.2258306613213117,0.341447097424669,1.8653805465694553,0
7012,-2.405327852769715,-0.7217351961389874,0.1322607760062905,1.0826244194567818,-0.1534996566336755,0
7014,-1.516410660754228,-1.807198082017861,0.6034085264205965,0.1352209250344044,-0.7817945401483878,0
7015,0.2718417085056509,-1.2303248769928818,0.7949232092074997,-0.3823098802989862,-1.0814590702112945,0
7020,0.7893900878979194,0.6447728690667461,-2.176820141332528,-0.2574533412232972,1.0147407760676097,0
7023,0.661009083363782,-0.6798557833644203,-0.4758054864484122,1.1480919392975797,-1.3283964828831103,0
7025,-1.2752454673681095,0.834097304950626,2.75467557987904,-0.2356876241008189,-1.2029038931308162,1
7027,-1.2782872210902028,1.2588328526749286,-0.976143640017298,0.779809628174838,-0.1049387680600142,0
7028,0.1253644599351728,0.5222210799848434,-0.0534533132913828,-0.6478043678861966,-0.8120262567308079,1
7029,0.5089798800291158,-1.9017385265327504,1.678164381283341,0.1318217278130731,-0.3373949101888255,0
7031,-0.0784558311111883,0.1874689672050717,1.4831398464138708,-0.8042083876844339,-0.1288837503993908,0
7034,0.8851067978114843,-0.1234654537624301,0.4458134511265785,0.9023339294850374,-0.1039078542181389,1
7036,1.453085933304462,0.9827664728683247,-1.829839257035478,0.1537104681119591,-0.8172437602800985,1
7039,0.6282704364686399,-0.7437509259153502,-1.070802277258022,0.535964270427559,-0.8861529832914645,0
7040,-0.3079732669429201,2.906510069938508,2.128948641100596,0.7926901370504009,-0.6622669514770377,1
7042,0.0877115228353938,-1.388966098906358,-1.3583902344493248,-1.1760064750858763,0.5460581563942406,0
7044,-0.8720298290079795,-0.7994311163583493,1.012751471162713,-0.5529474530457534,-0.4359140572995681,0
7045,-0.2500905403298752,-0.1894204637883516,0.6849357602204122,-1.2100043972597048,-0.1881159931743049,0
7048,-1.321079312481669,-1.747909816412025,2.0547313530083935,-0.0518919800220935,-0.4567978954684348,0
7051,-0.5331206920323547,-0.8092244393985357,-0.6965314288062566,0.5888300709865931,-1.3316196707659167,0
7053,0.7637748618725383,-0.675936414548395,-2.0759771157675355,3.15433394861123,1.1177967442564694,0
7055,1.349042649955008,0.6151867726135783,0.8824978606554319,-1.238772230363362,-0.257469608575922,1
7056,1.7038147826196066,0.8043442517467834,-1.4620208488761948,-0.5311027350228276,1.5409567313601042,1
7057,0.455217150398683,0.1818893176009463,0.2119609980384805,-0.0835613931482854,-0.5242429033716477,1
7058,-0.8335887780360174,1.0103245724177512,0.2375453930233548,0.7070530999820835,0.5466889786946403,0
7061,0.2259982320841291,-0.1291549206081707,1.6243125419187334,0.376448591917038,0.3955942130216398,1
7064,-0.2099762172450732,0.2439068054247759,-0.3800019893603005,1.064393550615181,-0.0112739528924222,1
7071,1.0967193013068632,0.2734096546271006,-0.1250715132668099,-1.6848861731077398,0.9203871220431892,1
7072,-0.7616244905462519,0.1536922303222766,-0.1571602559631149,-1.5837999944633745,-0.2306855580867853,0
7075,-1.666075216957476,0.0761957090754796,-1.4594352633378065,-1.206254422680017,0.6686156306080209,0
7076,0.0245693931861358,-1.8848423546084505,-0.558797689332024,0.2619485418918083,-0.6192906226800858,0
7077,-0.3431517544786357,0.2440724535239661,0.0447032312441917,-0.9922562929498568,0.0223022919432961,1
7078,-0.287344475683543,1.7241183849758055,-0.1030827825014954,0.1349726769673304,0.2597862527484236,1
7080,0.7424154006604582,0.7592792989687467,0.7177353983652786,-0.6903224188931882,-1.2579738347145055,0
7082,1.6766745274685535,-0.4436544302961796,-1.1481532776731964,0.2529919219978793,1.2918605074542266,1
7083,-0.8438001281172401,-1.7047937898052858,0.0377044487350442,0.7714368991309327,-2.964566384816968,0
7084,0.9773682878571948,-1.3667971325945092,0.7248297618479643,-1.9967010158202827,-1.474851869409402,0
7086,-1.0353676289264606,-0.3022163861268886,-0.3498076689059971,0.2834821745661336,-0.7428552490976797,0
7088,0.6058420819820637,-0.0072294337452807,-0.211666390888874,-2.0637603973292102,0.0833934635158591,0
7090,0.0331302780338107,1.3899512202694282,-1.4493970403350278,-0.4703085991660848,-1.3213068791307137,0
7091,1.0253190489211343,1.2390365926043918,1.9225835705521892,0.5214246170628167,0.789269217889976,1
7092,0.4360837573676673,0.5731057724539809,0.0490765558717137,0.61882794357346,2.139993050827792,1
7093,0.2186793944754372,0.0240067773987891,0.1980746963571863,-0.1490918790122348,0.2464221545326775,1
7094,-0.1829979222043559,1.1439827552857995,1.044059970788782,2.1659349390540004,-0.0235399901578968,1
7096,0.4607087129048174,1.9957692858503804,1.3629460631718362,1.2485667905842046,0.8420610010646401,1
7097,-0.5957814121255338,-0.7498427797898839,-0.7420296755611172,-1.1384547820148283,0.9466085823357876,0
7101,-1.017891316971555,-1.4350834552497842,0.5287754617581336,-0.9004966010482696,-1.8631748076228205,0
7105,-0.4360395182328437,-1.9007645986267945,0.3466491878592322,0.1148939016385629,-1.4977068411102,0
7107,0.4032514644460526,-0.1359237315147897,0.814562139517512,0.2741103440346393,1.428500499804823,0
7110,-0.0547429819843181,-1.452290329775858,2.1991238053449407,-0.0425165907853687,1.6455904669324242,1
7111,-0.333207492714508,0.0340055880822965,0.9442641632988408,-1.102214601791354,-0.10255021836669,1
7113,1.5601332405589254,-0.6749913099880899,-0.5793160003287822,-0.4715799907308896,0.718520585314237,0
7115,0.8169719737921174,-0.4816812313465858,-0.1938667122931357,-2.539733171096944,-0.4574276729451512,1
7118,-1.71294142172579,-0.7967274713375441,0.8224198952736091,0.0017440570753952,-0.1864017838065392,0
7119,-1.290835734281498,-0.1273499268244391,-0.6436118208408672,-0.9224957582565227,-1.0073616254856477,0
7123,0.8484130296949599,0.8185098286786511,1.0867090714801309,-0.3963778059851582,0.7031707064701076,0
7124,0.5066382825412106,-0.3712092125640576,0.1172027908852036,-0.1321862481647569,1.3948862787334335,1
7125,0.8102163756896525,-0.3358654507096486,-0.4054427870947975,0.9576152586862192,1.3399693227028135,1
7128,1.9163760918349384,-1.8617756901874911,0.2159584695965792,-0.6605660416165414,0.0001693163775245,0
7129,-1.2058799833791798,-0.3708785171891615,0.0247771751053867,0.2383200605366179,0.8956446182132107,0
7130,-2.3238395267844325,-0.1258694030759923,-0.174691939128682,-0.064278317070469,0.0322755849533334,0
7132,-0.9372015513733638,0.6927219830149257,-0.0544557462028049,0.0149579600593993,-0.2463448488175991,0
7139,0.5243073802516235,-1.121171539818927,1.552339764638785,1.9473863759960417,-1.5021790432104791,1
7141,-0.7883024305697173,0.3050437343451042,-0.5894618684646402,-0.3605352821613813,-1.5155741888293852,0
7143,0.702204403315143,-0.9850782835302282,-0.5757571684659698,-0.4574384576473008,-0.3896531409022785,0
7148,-0.9229883493783066,0.176505730460746,1.0346130217275102,0.0989104248357344,0.4838364880528896,1
7149,-0.7994130038522403,-0.7236701394797966,0.9060569663279536,-0.7120622337148926,-2.5862031088558277,0
7150,-0.306332574273596,0.314196039027041,1.0585106011813064,1.6457756087496425,0.0846999416792923,1
7155,-0.3135474654787633,1.1857181018530027,-1.6345722694022016,-0.6130030194101572,0.5459161249528968,0
7156,1.9028106771572897,0.0142739150976978,-1.0339175479848346,1.8800788497290917,-0.1261416796227041,1
7158,1.191231772937431,1.7681229263845537,-0.7884618274139973,-1.825023390155487,-0.2929543226313125,1
7160,-0.0797922682608288,2.109694026292603,1.1002328390392544,-2.053187253257946,0.6667307879073114,1
7161,-1.1487348517386076,-0.6815615353619671,0.5103904052615297,1.3984357105243324,1.3492656081934262,0
7164,0.2365356939214955,-0.1053930392327137,-0.15266556408363,1.5259470580225225,2.192803090152836,1
7165,1.252902571660937,0.2774085575280851,-1.637266794738393,0.6271556970171868,0.6713903526211947,1
7166,0.7713329294051153,-1.1409809425323216,0.8500639658055714,1.5615861927429908,-0.9826222991161744,0
7167,0.6846572976787832,-0.8117766397843702,-0.1042696749212022,-0.948691202361331,-0.3507123116517638,0
7168,-0.3429586582787294,0.4122749457351973,0.8903583309026862,1.2161776145585783,-0.6519660322563389,1
7170,0.5591057512716737,-0.1557546162194451,0.1543692001145571,1.224508526487922,-0.4276766927947394,1
7172,-0.7099316580098062,-1.5866825332607466,0.686018714448087,0.7480857541010061,0.1173986506876105,0
7176,1.3943607600052987,1.7323386519275694,1.7039834938059766,-0.9559666706795412,-0.020175311692889,1
7177,-0.3138400775539207,0.5919731303509556,-0.0826963867666065,-0.2256274879929878,1.4545792886223865,1
7179,1.5521373422988027,-1.285616023496463,0.3244623565264023,-0.1023794635345196,-0.3008787436676403,0
7182,-2.8632766476701437,0.6114695614875086,0.7797605847603627,-0.1610634120580718,-0.2396385521612997,0
7183,-0.3728900934483269,-1.7114652695867176,-1.8172882574197329,0.8036317114609134,1.064700702925701,0
7184,0.596829514957481,0.3792536808594204,0.7827195653313729,0.7161102323653554,-0.7851547652580402,0
7187,-2.989578011424894,0.8209351007539684,0.9629339358538904,-1.7840044939017137,-0.1244017155388521,0
7188,1.5301814051454,-1.0780438798588288,0.1010516043613916,0.507962283902583,-1.4276315688509178,1
7189,-0.563841847050409,-1.690836367956179,-0.164531747114198,-0.7909933726510312,0.2076857045862231,0
7190,0.634825212667178,1.3886288002115532,2.3322807627847513,0.207699850660601,-0.3165701535257132,1
7194,0.8014988955026504,0.3892995862588766,-1.4840428021795111,0.8783234526312093,-1.2798845949072164,1
7195,1.1453781147231823,-0.6461883645293277,-1.5180472998136585,2.1207479040656207,-1.5463285009509224,1
7198,-0.6246286704939146,2.0737253325203056,0.6083481134868849,0.941726743077806,0.9765729625632564,1
7200,0.0242315976110086,0.586929348856534,0.0162429333635793,-0.1823113469648214,0.0273579898934264,0
7201,-0.2869792496103841,1.5493192818057706,0.2702408262592115,-0.4864626616505871,-1.8080261431884697,0
7203,-1.6824452319268726,0.6188318467947811,-1.5820366585769232,0.6933198202659886,-0.4750752402511681,0
7204,0.0869072118956555,-0.02490662160229,-0.1481268329796724,0.2095239519008453,0.0818842309199529,0
7206,-1.0235910604713228,1.1501277296265526,-1.4843484592555871,-0.8436586927634225,-1.629132816035183,0
7207,0.4196437421739483,-0.4238734929106715,0.6859273082492615,-0.9755907853757636,0.5314754975299784,1
7208,0.5798366218536198,0.2117977883192868,0.0308734988557178,0.1371991832666416,-0.9106925114980596,0
7209,-1.0752695362612872,0.543872601264414,-0.3686910197173081,0.4533919623624512,1.5509884600090031,0
7211,-0.0283869056164129,2.078547004150036,0.420849514971113,0.780824389474645,-0.0368604184540225,1
7212,1.011831229528796,-0.2052729464135848,-0.644223698729313,0.905344820693756,-0.0572885464807175,1
7213,0.2452646965253566,0.9818827308230824,0.138983493296643,-0.1492487497351865,-0.5353963044999637,1
7215,1.0136995777295208,-0.0698191254424103,1.3763845846243552,-0.2487567692076993,0.3707616346399729,1
7216,-0.1837740658295578,2.0931399812771065,-0.3506367306839494,-0.2601985738484698,0.1147409894672223,0
7220,0.5619368357210239,-0.9604763823940732,0.373390296271696,0.2756994075799737,-0.3256211097827334,0
7221,-2.065274297458198,2.1606246856870017,-1.054191395860005,0.2727468402328118,-0.7298060520533185,0
7225,0.2608443851412924,0.051236648446064,-0.9636160126179222,1.7214588964326365,-2.57513249077656,1
7226,-1.1220076235275476,-0.636774836623719,-0.9497045760473029,1.2195535595848137,-1.6583436943555845,0
7230,-0.2938004221206848,0.0382478783340724,0.8438039431844434,-2.450656002766061,-0.1017673548898329,0
7232,-0.4590172842805163,-0.6644099638900682,1.2298818462402767,-2.0855767600052513,1.7868799801694446,0
7233,1.4733705421009686,-0.5648653374056279,1.0269237750029143,0.1300898358255966,1.6529113448346369,1
7234,0.9506537075482572,2.193144574626354,-1.5621467099652533,0.19134535465019,-1.724103493162283,1
7237,-0.0820385739447131,0.2398500225171616,-0.6192200259510887,-0.1306817693387231,0.5250486664400338,1
7241,-1.3553632963411402,-1.0747551176356496,0.1156736123935357,0.3457195700782525,2.0825539212369795,0
7243,-0.3052771393308613,0.4865383259858322,-0.3949430814157905,-1.4104571969314856,-0.2678094162394556,0
7244,0.4566389956531159,-1.4023280038379202,0.5818299961604526,1.18051964102,1.4799308198211276,1
7245,0.3376639936432341,-1.804650645291609,0.6476200021253997,0.9671713267863056,-0.6965341718858925,0
7246,-0.0726829483885989,0.4835994510448655,1.787260452824479,-0.2558496872058859,0.8912558924449844,1
7247,0.3162976237247731,0.1994275303538646,1.3304694776464394,-0.831422286969875,0.2304064002956271,1
7248,0.0271852783087033,-1.5069199576042709,1.232583335459925,0.8290171765016697,0.0338794045681714,0
7249,-0.261378994355492,0.0002219095423826,0.7073715755009473,0.0528951308677979,-0.6675003431336348,0
7250,-0.5170795735981162,-0.0121243722563202,-0.9325931528828654,0.333323732102234,-0.7930162656870993,0
7251,-0.9543380894621898,3.1931320378016963,1.9398514095724797,0.1439450410199166,0.8510162673097027,1
7252,1.0209480375208757,-0.0754438111868131,0.2827557530232623,-0.2621704370825809,1.2556704097349487,1
7253,1.269433027079119,1.561918878692175,0.2659985697587513,2.16780496808781,-0.0763511097576736,1
7254,2.046930483094217,-0.4632997126972102,-1.297440310569144,2.0278080270210506,0.6603771224893696,1
7256,-0.1502006644493977,-1.9405799778619113,1.6937592132657262,-0.4197114697563236,1.2384094868990556,0
7263,-0.8840722072800374,1.4696747224948017,-0.3767660854872189,1.1637173215203156,0.6072976612097366,1
7267,0.711901547932619,0.010704826194995,0.4643008970512133,-1.8309991921565576,-0.8949351599129518,1
7268,0.7401011656508809,2.6214363477134826,0.3672752994984995,-0.6928046976549085,0.1354102247512292,1
7269,-0.893424285860777,1.2498233976328597,0.0480798048228324,1.05320803426037,-0.1534549724408659,0
7272,0.8794636484206944,-1.3530517757399212,-0.7524099181998664,-1.3852590632590096,0.548601883351622,0
7275,-0.1322756724222191,-0.9315841956019764,-0.66885653941027,0.6926163908889328,-1.43606992285352,0
7279,-1.6722352416148991,-0.0244360796822767,-0.1500521230610005,1.4645379897484432,1.5051533841796465,0
7281,1.097674626123744,1.1994103543953505,0.7164507808288902,-0.7415878656132543,-0.420543922502407,1
7283,-0.2784756698751841,-0.2729114773333333,1.960033466275064,-0.4754870126305875,0.5077884732255902,0
7287,0.5277350996377672,-2.416511538746703,1.2655047723801816,-0.5564164004642931,-0.0856574819530536,0
7288,-0.0979536094752339,-0.974856802539492,-1.0516303357620664,0.5213445129702937,0.5683354833506628,0
7290,-0.0375433134677038,0.3650818881566264,-0.0588650409816173,-0.5924940637370354,0.4669693987202058,1
7291,1.265324501481836,-0.7702968644036874,-0.2980075276990606,2.743142601279412,0.2908676630835595,0
7292,-1.2668069170871836,-0.4775825775205952,-0.7569207908605199,0.3803932187949782,0.3077271743823421,0
7295,-0.5844321380740177,0.840200991637328,0.4914673277496332,0.645507549344076,0.8967490550762951,1
7297,0.1107975260480259,1.1760113035358766,-1.291603133880825,-1.0043085707552757,-0.5692102412204537,0
7298,-0.0747497116610091,0.0463559669533049,-0.7400272658414223,-0.990872487282896,-0.6552901381615949,1
7301,-0.2207396997130866,0.0996215786856798,1.921557074617084,-0.0700545694683389,-1.3318650576054856,1
7303,0.2299067263660017,-0.310258460637008,1.1880591356033177,-2.0246384584135004,0.1118612278830547,0
7304,-0.5407933236109528,1.49214623343645,0.2428828995945539,-0.8646547115272375,1.138234719102886,0
7306,0.9101123986138872,2.203411345394438,-1.779552946396214,0.4463042336647928,2.202456126998669,1
7307,-0.5729296867092878,-0.6349990317224975,0.2359462454443013,0.8288350125761271,0.65759804058411,1
7309,-1.4533955196225623,-0.5761398246545762,1.492505528412098,-1.1883620474459569,1.5219181659143337,1
7310,1.3068188994639611,0.2252311550771542,-2.5490942482228025,-1.1840593121671354,-0.6335362533847688,0
7312,-0.0246214955486157,-0.7985573422971792,2.687749780293086,-0.91762389329972,1.929934665532375,0
7315,-0.1780879891886048,-0.1977648939622696,0.0761995225953834,-1.4093221141759749,-1.02757871528769,0
7318,0.9727401918429672,1.1441912463552542,-1.0875219060502794,0.2052973001820609,-0.7703767016350556,1
7320,-1.2544771139834048,1.6967930932968105,0.155826527421216,-1.442193576035006,0.1819709134283335,0
7323,-0.4139969842517069,0.2173533938733192,1.62193322712009,1.835665320858607,-0.0679271247780785,1
7326,0.2627656942219099,0.5372355784255417,1.896982236034648,-0.8704958051834639,-0.9254524679108664,1
7327,0.2473655471056102,1.452723539502085,-1.46237797554516,0.3313723609370958,-0.2013385877733566,0
7329,0.8002242939145273,1.3865235312807536,0.100160509074706,-0.4079527117995444,-0.1451520742744714,1
7331,0.4244940369302096,-1.8663618845659335,0.1081507879641566,-0.0682960525434601,-1.9670674892776667,0
7333,-1.0457260450529462,-0.9656936365684828,0.9824128235630344,0.8358155446092013,2.1945014263522276,0
7336,-0.153831094761675,0.4326300026451908,1.1169418272806644,-0.4337456078850981,0.1062725601890341,1
7340,0.4448835278185975,-0.3277426673451403,0.6123166915810221,-0.7864775896991474,0.2809914674907605,0
7343,0.2799411308272618,1.261443886073777,0.4835492639650347,-1.227850869798219,0.2025408837350732,1
7344,0.5843774344236005,1.2621890224289114,-0.1541916103550655,-0.1444675195023722,1.0788965598876248,0
7346,-0.167211890719294,0.8831169744224983,-1.7646071116849862,-1.0815606171165282,-1.246740530166338,0
7349,-0.647597706911164,1.0080613207294218,0.8459466761719828,-0.9788134180296996,-0.7901268641358454,1
7354,1.0243353009241472,-1.7642589329784073,0.2272864005545124,0.3894037132661064,0.4168287158822186,0
7358,0.529159113915139,0.2266248298035405,-0.6736865634932798,-1.5363501953617678,-0.018643503469567,0
7360,-0.0734244407542138,0.6950095918921888,0.4231889359114825,2.0944231272463436,0.1414359588241585,1
7365,1.61780819374063,1.5504732935887655,-1.794903768795505,1.673722200093276,0.0916973240272149,1
7369,0.4861032836265714,0.0118536960390624,-0.7134717201765752,-0.5033525449847177,1.8323704847435731,0
7372,-0.1006027903221753,0.6277560570553942,0.923694072189042,-1.4862395459357385,1.0331298014423311,0
7373,-0.2546291889244872,0.8252108039220228,0.4938724649915877,1.8540822598415427,0.0062540746053065,1
7375,0.7993282067303403,-0.2234973349605484,-1.7632252815297518,1.488271550034755,-3.3758193429136205,0
7376,-0.0817587895896628,0.2339587026234782,-2.3060480075654164,0.4412537538373687,-0.6697879270153456,0
7377,-0.2485187316874871,1.3430106148465737,0.1427201214811713,-0.3505632813920787,-0.1704595907450856,1
7378,1.7761034608078474,0.4046132212159071,-0.8837627502825991,-0.488317219167126,-1.1900714839878257,0
7380,-0.3925780378720899,0.5614100519489477,-0.2423987677212445,1.4452703258219342,-0.910646001395708,1
7383,-0.1833924801489032,-0.7058755405108723,1.1070667483878684,0.0823863403733131,-0.4889561023168686,0
7384,-1.3099038823623144,0.2241090891734395,2.0588989334384515,-0.7029164973989354,-0.5855517944236049,0
7385,-1.0607146054929013,1.184179359702454,0.927005566703081,-0.4462710422721863,-0.599044183916615,0
7386,-0.9438531223449588,-0.2893116461188475,1.0198790281123855,0.0415250459495623,1.2876473031527012,0
7389,1.0223114571791216,0.4484707094933593,0.2549020079280944,1.7437393792760607,0.3753418905871756,1
7390,-1.9044260185298925,-0.1490700626648539,1.9253179539879923,-0.3094368054735733,1.864096026699627,0
7391,1.023644090450503,-0.4084758222151373,-1.0804963268821994,0.3398937369215224,1.2705000213309554,1
7393,0.5622358084801367,-0.688997976423969,1.1580362723251274,-0.5404917236468846,-0.6315722424167979,0
7394,-1.6151655188735192,0.3910500067843521,0.4921009514015368,0.9397443593992006,0.6552013290501952,0
7395,0.4012697329644958,0.5958511598026877,0.6968311999357579,0.907656823563879,-1.5275722022810794,0
7400,0.0747026212240435,-0.895487989493239,-1.5500422006571912,0.9981289361887136,1.043778750851264,1
7402,-1.8973521856451496,0.1843996962861569,1.30423917771734,-0.6161385625977845,-0.5586953998452515,0
7403,-1.0058276191328872,0.0442520406076851,-0.0332303237058095,-1.0191305569995923,0.9125745349174196,1
7409,0.1025859437517769,0.0786400260682169,1.2790073187279298,0.8517549313757087,-0.739960474991417,1
7410,0.5045529426796213,-0.746891465807848,-2.612979871554942,1.7259510620377336,-0.3749297534230226,0
7414,0.7668313472496889,-0.8535794116265557,0.8221910981043282,0.5158299147304337,0.2737444829944189,1
7416,-0.4475050862843393,-1.237225759877272,-0.5043236244292237,-0.4640543596795687,-0.8012353980548942,0
7417,0.7776498999572563,0.9741931203327394,-1.9591994274552968,-0.514775909869017,-0.4431047026873243,0
7419,1.571727700859878,-0.3109569536442527,-0.4280817013801334,-0.0226373345434959,1.2922507162902683,0
7422,0.7067319254706388,-0.1775407334507545,-1.4371580895433045,0.0949793426629558,-1.5182878104006092,0
7426,-2.354909187959118,1.4750670083246924,0.800387995849513,-2.544369466027831,0.3826560494606292,0
7427,-1.986503349512893,-0.6110850062701285,0.6788680627485494,-0.1360260958550614,1.256612797568279,0
7431,1.5579860977104667,-0.1418870357488933,0.514404423008002,-1.4205925855750932,1.398354476572684,0
7432,-0.121598044939838,-1.0182943500515698,-1.0190239866515836,1.6899758694702105,-0.5861770729695606,0
7434,0.2347610393061424,0.6471387151307634,-0.2727465464362232,2.0721794930005473,-0.4884401478855429,1
7435,1.3523937716415633,-0.5990123736143501,-1.427767294515647,-1.667088650245755,0.3039507498999989,0
7436,1.1619589916409847,-1.151021405206181,-0.8774944675492429,0.3861282109247327,-0.002541995003439,0
7439,-0.3023415456278305,0.3664303389917282,-0.0782403640996662,-1.9605342856222916,-0.6403538151118243,1
7445,0.0263535176044155,-0.8984524255275947,-1.2228850241462492,0.8670290008288998,0.39154559978802,0
7447,-0.310194854401096,0.5250954351258919,-0.1259456343001664,-0.4887309781259798,-1.4026621297346962,1
7449,-0.2355683474620469,-0.347718769102422,-1.1082684821595137,-0.5426508080101833,0.3411634608709495,0
7451,-0.4134011523003839,-1.4226599845183332,1.3342235360036605,0.0848513357555245,-0.7284537337486449,0
7453,1.043260955942589,-0.2458507370003569,1.2674903541379468,-1.833828154051541,0.2253946995782705,1
7455,1.56229887274847,-0.1749737152830093,0.8642832473631037,0.6285133389776545,0.888809106876808,1
7457,2.294279574594431,-0.391806439751279,-0.367649765458831,0.4507100992477945,-0.5408705362914867,1
7458,0.1404531765123953,-0.4489091303264969,0.4023861113120968,-0.0618871854953591,1.9519927956145249,1
7461,-0.1091780140381563,0.6215463882556745,-0.9980581390619242,-0.1092261665207882,-0.3134247688319015,0
7462,-1.1513124273232531,-1.0450042727588351,0.1282469278143697,0.110525353836139,-0.7639772246466161,0
7464,-1.692689616897721,0.3227658245809766,0.5960787577695421,-0.1378833694171319,-0.5388534584650352,0
7469,-0.938683873229864,-2.581609445553327,-0.1676409525407344,0.8032549548609039,-0.2523903870166128,0
7471,0.634909306423201,-0.0813413383332306,0.236788981031618,-0.9401691351951992,-0.6858448037188661,1
7474,1.952967599748431,-0.2037196299484283,0.2014158167540637,-0.624591008755058,-0.2955301711460432,1
7475,0.1616624026688203,-1.0425396513646314,1.6939647130333415,0.8381467579440671,0.5168285393995763,1
7479,-0.0567298925551168,0.60528098066921,1.1768041214255074,-0.5656075822022671,-0.827915700768788,0
7480,2.4687056719474993,0.5944687810754945,-0.2785984594975768,1.2398957536023911,-0.3082569454182164,1
7481,0.3254853841921576,-0.568233265598333,-0.0169705042603235,-0.2740701312520291,-0.7518809181361928,0
7482,0.2428624908951364,-0.6385951814293537,0.5759870413452302,-0.3045442619807242,-1.720099508616713,1
7483,0.6208480909071092,0.6375974960089296,2.253552005885196,0.0177218363563678,0.1833216586772424,1
7484,0.4785899914979593,1.019702145935061,0.9571993398895754,0.3187853828722687,-0.0329753026187661,1
7485,0.8426618209608933,-0.0745993069116791,-1.2891680504250584,-1.5012248547005052,-0.2932647928039456,0
7488,-0.8433710744413829,-0.2311609703135816,0.1414797880320067,-0.5011935221151809,1.4544988840793185,0
7491,-0.2619353523016073,0.0939611473415361,-0.069358407434187,0.0722199527674066,-0.3971836300926006,0
7493,-1.2878015599098034,-1.6927067236488986,0.5034609057360552,1.2742432024908137,0.557704082790055,0
7501,-0.184673479350228,-0.6006533922317264,0.1252216972747683,0.6875466012068657,-1.3494781033496248,0
7502,0.6427790814895014,0.9335510731884812,0.572176861951548,-0.129944810447311,0.5306305255379801,1
7503,1.299280990156092,-0.0581941922326917,0.0236101847464456,2.1325449031656167,0.3072437848365373,1
7504,-1.007293971169389,0.8729712496846948,0.4019419013719998,-0.655417026446161,-1.1039521941434154,0
7507,1.3261790864212204,2.3677818358483993,0.004842955814168,0.0455449819398224,-2.44336525439281,1
7508,0.9044623635601842,0.4496439533705403,0.2831358288860128,-1.2462132358636109,1.97988796281914,1
7509,1.5205429390335607,0.2943536514999156,0.9919947561905094,0.0511099569583805,0.8210770557798365,1
7512,0.0411033736343143,-0.5421050385119961,0.0045653780702812,0.5443993651855247,1.639486121755516,1
7513,-0.020452175585235,1.8133439002663552,0.4062748242109769,0.6895033113749636,1.0530851019348697,1
7515,0.1328512086345023,1.144096365660758,0.3930668835292592,-1.386160505491837,2.0916567580639165,1
7516,0.8349338518661719,-0.550492605513347,-1.137299192919773,0.9492694475501682,-1.0190663130808542,0
7519,0.8399593687415166,-0.9876760491894904,0.8393923282152678,-1.4866593495780485,1.5677399140235018,1
7520,-0.5215164401138744,0.599088860221722,0.6784615001465273,-1.2695343173570126,0.8351331642598651,0
7527,0.0478563976990254,1.371292602793466,0.9185332376937052,1.6762095206754468,0.3719433061118648,1
7528,-2.0327933479913662,1.3046294787531767,0.6354757019824986,1.4663435370563422,-1.533989998149211,0
7533,0.0095092678488924,-0.8513464605518729,-1.6351332892186174,1.0642660290205803,0.0805063385401059,0
7539,1.1627032295532145,0.5275957230510953,-0.0756701783074085,-1.2401883873865986,1.908633522232747,1
7540,-0.437041059432885,-0.3823901385206911,0.0374567844155985,0.0546213535941108,0.5747070145813314,0
7543,-0.8903696639460954,-0.6344716096592123,0.9048511195410772,-0.228477259607651,2.597411841432606,0
7547,-0.619753911497243,-0.2353373151356834,0.3373293495857716,0.5422932632892441,-0.4090682556312134,0
7549,-3.272966546904802,1.2073359151298535,-0.0990766655161836,-1.152395836925317,-0.9601295066196636,0
7551,0.314409763306656,0.5652693293574893,-0.563127356952415,-0.1220988574504972,0.0201427848725075,1
7553,1.013161073115595,-0.5893528817867505,1.5335085844466625,-1.3764204480655182,2.3644648274757833,1
7554,-0.9752353352129544,0.88764809876355,1.4442537908376254,0.4592899421577536,-2.0503515241559738,1
7555,-0.9479439312255205,0.3568135769333382,0.6356208617362945,-0.1787916105873525,0.0743353470200467,1
7558,-0.6672442819811868,0.0549775795974101,-0.3708948872200183,2.3255429590788324,-0.6627996734468465,1
7561,0.0061274077202285,-1.1968016109975028,0.3516202158298404,1.213332105179698,1.330645221285307,0
7562,-0.2601742765672633,0.8938879021478812,-0.6810001734941195,-0.3433636931455613,0.398524746731374,0
7566,0.2158310569803223,-1.2517720934236445,0.0916890172018844,-1.3887703261837834,-1.05262844602764,0
7568,-0.0083152393531818,-1.8993786083087356,0.9444258257855622,-1.0813352850086797,2.234189045279947,0
7571,0.6487959108387116,-0.3408940973303305,0.986227538220152,0.1155741914088493,0.6202624986271726,1
7572,0.2914755820972467,0.7603782407367021,-0.8076522097816712,-1.5719144929691675,0.9889678071505388,1
7573,1.3449943390612946,-0.1158979253628559,0.8111008168394519,-1.6293105786856412,-0.6215397255720813,1
7574,0.0819546409580182,-1.73526720763605,-1.5294881941306515,0.1579517464074901,-0.6056815786376138,0
7576,-0.5827103538599155,-0.5014753634698689,-0.2039732731678231,0.819761208419715,-0.0944620691174426,1
7577,-1.9263278946397528,-1.1938568569113148,0.931813972478092,-0.6856050209847506,-0.0884867047452634,0
7578,1.9248910419544665,0.6318158189181722,-2.148325272498505,1.4449078526326142,0.14964671981164,1
7581,-0.6760257472648636,0.3391673628099658,0.4543654836643228,-0.6787027547160935,0.4530638311920961,0
7591,-0.1145523160505423,-1.5512118172432197,-1.185044964247514,0.9579903682453254,1.3853401972482386,0
7593,-2.810792141051728,-2.423911792319986,0.1368175642259703,0.2661810436380408,-0.4773277834664935,0
7597,2.257085224825523,0.059487180294985,-1.157167566896646,-0.5211385094370398,0.5730020511866413,0
7598,1.4401052456172616,-1.0488626999243966,0.2552782345586765,-0.7928617734766792,-0.1466542755563548,1
7601,-0.2111937882698538,-0.1320086506489027,-1.16065084944086,-0.3821427901787028,1.119915516171741,0
7603,0.230805658488846,1.526927712881154,1.1928030798003848,0.2089295464149073,-0.9115217398475944,1
7606,-2.0045727701448266,-0.0653894893102365,-0.894064893437138,0.4457318843630002,0.6913306709917493,0
7607,-0.4704770845671754,-0.5220517613453051,0.203807006193074,-1.2732045260145066,0.3332177481573726,0
7609,-0.2981580659761964,1.3763400623456294,0.8459675069240863,-0.4796842766120064,-0.4805532796328435,1
7611,0.8091079212385806,-0.6692514572056414,0.9741480424308058,2.199586918232011,0.6040091670156484,1
7612,-0.0840860603267211,1.1571351514321546,-1.108845395940412,1.5210730092884617,-0.7530667216073403,1
7613,2.168094037272958,-0.7171206582986868,0.6617018463312122,-1.5595745319854637,-0.2132515108292906,1
7615,-0.8516086798468714,1.1396630926022433,1.0174990287815768,1.270295087126253,-0.7864631940570649,0
7616,1.349600722767052,-0.7949846057170054,-0.7546879031104419,-0.6987274449738976,-0.6623108683043378,1
7619,-0.1655420400073646,-0.7152344043595039,0.7828778003722918,1.7947099964313322,-0.0279946622833211,1
7620,-1.5983187443585103,-0.7028960793799832,0.5592161472169606,-0.4427130482766581,-0.8586946112362667,0
7622,-0.4495216797833082,-1.0428611542941548,1.0184035877791442,-1.3327802029757725,0.1727311143332796,0
7624,-0.4612338404654737,3.2906968136218167,0.5078037322214294,0.6950165379300794,0.6533496757101898,1
7625,0.0788202390914241,1.0494377529982246,-1.8703040480488975,0.2769748156562435,0.4282175192361824,1
7628,-0.2076269718426746,0.93049367452071,0.3894942499858439,1.8898516351685073,-1.2138995185367534,1
7630,-0.393558062586779,1.0819083521121302,-0.8307614054138976,1.183053008472213,1.369153195085557,0
7631,-0.5647858919114798,0.4895617157479527,0.2677149134303731,0.5167069969459599,1.284436864243387,0
7633,-1.101504024667292,-0.0181594606489356,1.1168088725865437,-0.0070539152168333,-2.505590171102192,0
7634,-1.046799873776024,0.5810881397690314,-0.5391137290820165,0.7838437598577355,-1.2072096571908637,0
7640,0.1351061307385728,0.2440855659828648,-1.163569924723602,0.394807503759483,0.3478233980067629,0
7642,0.9808068223002596,0.7687016233033599,0.9603873461116794,0.973465053478754,-0.6435467664458439,1
7644,-1.7855401250816585,-1.0508062403223908,-0.5254686710603095,1.512305516935309,-0.4374742499297773,0
7648,0.3375860123209312,-0.3656181983958958,1.0268066591088167,-0.6467772016330439,0.1768221168004154,1
7649,-0.3589642155501342,0.4128995136827867,-0.2511461792920866,0.2623103872021218,1.7532386824888369,0
7651,-0.6662629924560961,-1.2037491175796746,0.921963111767542,-0.0938193565199006,1.063517992541502,0
7654,0.7285074025227499,0.4060918892726456,0.8176015459243355,0.7642895421482333,0.04106910743907,1
7657,1.0753263094295618,1.4169714868302488,-0.4790934939934391,-3.0911750799855553,1.1528011018445394,0
7658,0.0450949098696511,0.0489534783953797,0.9637137927095312,-0.3640177739357283,-0.6302757256539152,0
7661,-0.2286902681198716,-0.9680251109813668,0.6269399508790463,-0.2806165144369671,-0.094282281449532,0
7665,0.3195233121573138,0.4318049721150482,-1.725149817005912,1.150524134535555,-1.1862641387832769,1
7666,0.3886090982925568,-1.1809671900160463,-0.4590621725978295,-1.278801716399097,-0.5287406183585536,0
7669,1.786816300711365,2.4743628391913437,-0.6875357359574492,-0.5862227990956298,0.5438938956122737,1
7674,0.4751965138855756,0.4630361816599284,-0.0950236373868843,0.9417646339536664,0.4909733899508025,1
7681,-2.055511690627862,0.7636980516416375,0.8740416492432933,0.3572098059635694,0.1872247485429162,0
7683,-0.0004123882400428,-0.0020488713138951,-0.5192492686122411,0.540907449547678,-1.2153923636820976,0
7684,-0.1440054129843295,0.4319010016840547,-0.3325300659450968,0.0047869783288133,0.2155141574496014,0
7686,0.5690073142464599,-0.9888381064769284,-2.4132404918120067,1.657028783667903,1.2098434796892652,0
7688,-0.3480109546392659,-1.078056160833228,0.5032861480745563,-0.2587428722262789,1.7227002636522848,0
7689,0.0857799827607054,-2.547895660006977,-1.8121265086328495,2.095638266057983,-0.3590369907979159,0
7690,0.2400081467305067,0.0097291527916409,1.416319531713021,-1.906910392065332,1.329252087140757,1
7691,1.2603717922886162,0.0061592280622321,0.413286130977672,-0.3705967973500259,-1.6852508282721004,1
7692,0.5802863304783322,0.2465795579735035,0.2673593926062754,0.4822937789173555,-0.6043331008118875,1
7695,-0.6126456453043193,0.3738798132489033,0.3158022484422657,-0.0117977618316957,-0.7140021389643413,1
7699,-1.2955807758106592,-1.6580237786897318,0.4425579327878386,1.1678532922640452,-1.6606491348332173,0
7702,0.1448649047002146,-0.7167796313070348,-0.476219156584348,1.446075257271749,0.9717435702440642,1
7703,-0.2586762382587251,0.4298754296966671,-1.6364236193673531,0.2696268996073019,-0.0624093202034352,0
7704,-0.3741657237078719,0.032809999887435,-0.1288417724107072,-1.313639323156132,1.6797731173948764,1
7705,0.9508175301203192,-0.387795742904025,-1.7605675929986966,-2.4562795680377203,2.0047038339048258,0
7706,-0.1736612769227833,0.7629823905737959,-0.948728963137456,-0.307371422523353,-0.2563328172908594,1
7709,-0.4764646981061056,0.0361144936835475,-1.8673636992460512,0.334813647003054,-0.9093575311312392,0
7710,-0.308234854977112,0.4758815510529721,0.5176835176946453,-1.4537476972317729,0.8019501300135771,0
7713,-0.4245991807682679,0.5442469731862208,-0.5522453356172289,0.0137699080516422,-0.092208550850082,0
7714,-1.9983427477727975,-0.8095056863635294,2.270859449724435,-0.0866916430438617,0.1602274479431018,0
7718,0.8817104397989709,0.7767468715704894,-0.6622629114543308,-1.736443121863501,0.5939134966400113,1
7721,0.6471585753802782,1.172307254235824,-1.950596361628405,-0.2565455678066971,-0.0174928890331452,0
7723,-1.3744476538740678,0.4813422671228304,-0.2672038034284523,-0.7702468262031344,0.5276492294395427,0
7724,0.3326280405272804,-2.3073215587266755,0.5175674679137542,1.181232988795302,-0.1231817714260479,0
7725,-0.2349148065748521,1.8938747891939764,-0.7098188640617148,-0.165660618437628,0.3309799583403555,0
7727,-0.0747178049808812,-0.8639401384470742,-0.7310042461488293,0.9502170838481896,-1.5933222361433454,0
7730,-0.8273068663046149,-0.5023183631869328,-0.7641993343636917,0.0339641337709743,0.8880052549890308,0
7731,0.3606121337222119,1.2992619867419029,-0.4985289905278188,0.324714855432649,0.3641145893782477,1
7732,1.1516517147535377,-0.7304451462627687,0.788832289208243,-0.8573099986548491,-0.5699202685722423,0
7733,-0.3586561987343363,0.4531734810192654,-1.0870076408050775,-0.9476538564389788,-0.6450635385904653,0
7736,0.0211400940530435,-0.9086740636842554,1.5170987471282686,-0.3099377909567976,-0.6446686271472819,0
7737,0.1815411177274202,-0.906207363161059,0.9663468114361986,0.7653524558276451,0.1306245259958447,0
7738,0.591552971104144,-0.4996706259150051,-1.50271960409965,-0.3256077040146802,-0.5015150438137406,1
7739,-2.036535830578685,-1.0578525732700472,-1.2303749384775882,-1.0537952981808685,1.3333095911657804,0
7746,-1.986143681567045,0.1156328942774108,-0.3506969365397494,-0.9382855649436498,-0.3078275602515103,0
7748,0.8196940864269009,1.584738194077696,-0.015134326784536,-0.6216131222906651,-1.4368413021111095,1
7752,0.4494194634168342,1.104412790622376,1.2201857384367063,-0.6222998117410786,-0.8634552096857683,1
7753,1.0535759956657134,0.4542137161956711,0.5887331075604854,-0.6611837000386143,0.6380565425397492,1
7756,1.8886756152278137,-0.0694504939628116,-0.3549675629419061,-1.1436742377971132,1.0886541381221144,1
7757,1.0110845063231662,0.8185001785344097,-0.0610331490825586,0.7512579397250793,-0.8238221223865665,0
7758,0.2176145769854622,-0.0543237801010588,0.2670470690061715,-1.8131606509175704,1.8696883335772552,1
7760,-2.195727117624432,-0.2921644047030576,-0.4877589371359853,1.156741720036867,1.668477238974696,0
7764,-1.4341488797920463,0.1543326924573587,-0.2347536362082709,-0.2487750057100826,1.5289240066603091,0
7769,0.2882366857983631,-1.2010445204636435,0.7505956281138543,-0.4993740441922947,-0.3227508872274001,0
7772,-0.9088362232085638,0.1527032972762051,-0.0676557414026083,-2.540422912310924,1.1079205286932547,0
7774,2.163723858461015,0.7497652183428546,0.9406029339138456,-0.2845444441555818,1.1259767520038988,1
7775,-1.3702286173257705,-0.2454870843503195,0.739812557465597,-0.626807173679099,0.910712300229399,0
7778,-0.1630231790363434,-2.1249096555814733,0.7889723920599844,-0.931823635839504,0.6796331224624778,0
7779,-0.7580274466770972,2.042113138993279,-0.2785568261671659,1.9211610816228928,-0.1727101983549474,1
7782,0.9663785405756936,0.3918947122622839,0.6502050619467634,1.133563093546996,-0.3100818655226764,1
7790,-0.1757051978724264,-1.114750261384891,1.5945196899396883,-0.1528006385503844,0.3740341817194857,0
7791,0.8617912530898139,2.024937471398385,0.9098829674348138,-0.2478309790210258,-1.0727366842614467,1
7792,0.3380946366346218,1.0622966130390592,0.1419317567382764,0.0652160942358445,0.2134845970704048,1
7794,1.1568861062177684,-0.5038985978496107,0.4417893242777616,0.0427563680776401,-2.028532674622411,1
7795,-0.1871866644638513,-1.0309008729892375,0.1339895272877466,0.6827505672296468,-0.2176183151905612,0
7796,-0.9000346435818887,0.2339662667062665,2.4437054461391456,-2.172293204983374,0.2328050835560434,1
7797,-0.5437844505006968,-0.4260820934872431,-0.1046901460209522,-0.3440566277929562,0.6018038882736526,1
7798,-0.2417902261761303,-2.1618753549541836,1.2796693294619217,1.1292785057494807,-0.6067576825134171,0
7799,0.0497719349967619,1.2175890772837368,1.033163846530798,1.35736919467846,0.3744775050884498,1
7800,0.7695335660246497,1.4087682918165256,-0.3432857233398056,0.4406216810167001,-2.146590133076616,1
7805,-0.287498023207297,-0.3400029708850879,1.4439216959071983,1.92748634883214,0.2376301807467587,0
7808,-0.665705447935257,0.258682873746283,1.02777696938212,-0.6635553216637243,-0.4616597531882794,0
7809,-0.1195810748102273,-0.8055367600498159,0.4178098616828473,0.4486939688306152,-2.721575936347919,1
7810,0.6394235908172924,0.1272065132046298,0.2587686125637639,1.179594930222633,-1.7862950901309824,1
7812,0.3966388236594056,0.0789940837813233,-0.2327238299104087,-0.4278704188379273,-0.4854801707553294,1
7813,0.2287233787701202,-1.5508926054018186,1.4631154471752723,-0.7376392048484065,0.5576788543044419,0
7814,0.0803630209044362,-1.153639416400271,1.29266484720105,1.081463166115787,-1.5706625975756416,0
7816,-1.3132211270620804,-1.043523097001528,-1.3130542415903177,-0.1223937624589144,-0.892276121678307,0
7817,1.1139663554430927,0.1802702733178826,0.7943132383862512,-1.6882675750342893,-0.6282236641905039,1
7820,-1.2353459615754911,-0.2132081724276444,1.130375173987268,-0.1991398960657245,-0.1563113474722338,0
7821,-0.74424861653258,-1.7416729368155364,0.4368945744832925,-0.254350147491116,0.4460309732143207,0
7824,0.6090859832236866,-2.7977233803284016,0.8755328636226373,-0.2086155940696374,-1.1419100801797717,0
7825,-0.3678455708154725,-0.7410730435994188,-1.2251055090154126,-1.9386042595373496,0.7304789451846814,0
7826,-0.5594802920267219,-0.3914750979732823,0.8447777514452072,0.0558643562835586,-1.559417290931163,1
7831,0.7981396524729194,0.5260615877848472,-1.7674462112685954,0.257682352927515,-0.6565872994316975,0
7832,-0.5458798516440707,0.4575027562091048,1.6979189236264578,-0.2320510947985108,1.9728806108593424,1
7833,-1.0969987544531368,1.2317427051599734,0.4306920520341561,0.2085566518607832,1.383162374614606,1
7835,1.585353938543573,1.1412609465474457,-0.4780633256596792,0.5454186672085317,0.1265995843670179,1
7837,0.066766098604137,-0.5932714847265527,-0.8924203577952188,-1.55939818152205,-0.3627217065558226,0
7839,-0.107474727456461,-0.2694491834156873,-0.0548097826584404,1.7713096941976851,0.6440184898868745,1
7840,-0.2984822051725593,0.8938629533695922,0.8578078833155077,0.2597173026713474,-0.3285698054788922,1
7842,0.6240178868320864,1.6871825137981735,0.3742012309440136,-0.1051463556619256,-0.0187635888068979,1
7843,1.1379647136626534,0.3877025976104987,0.1937360467295385,0.264570378170348,-1.428617498269617,1
7844,0.390476410209188,-0.8752191175101132,0.3944174092141547,-0.7351896342653649,0.5911695706290363,0
7845,-0.1530725420542013,-1.145361036351618,-0.290680946507939,2.2058885400044215,-2.2730551663790117,0
7846,0.1663416919176311,-1.0105655097591568,1.376876474132143,0.8163092492932822,0.1859099949392689,0
7848,-0.4640611464882662,0.0103446057666663,-1.8921013202389827,1.0296643433246326,1.9468716815842544,0
7854,-1.1807997395876164,1.6844720456406934,-0.4319559879654731,-1.1674476207171054,-0.0477244527580564,0
7860,0.6182358508484805,-0.2876353417826177,-1.5449255541180635,0.9228982374160388,-0.0362252662106899,0
7861,-0.310298954441233,0.2812907813053334,-1.4441664302642707,0.4307231020371234,-0.5958106210299591,0
7862,-0.1561051557740263,1.13929373386781,0.6421946463154204,-0.1763816102105861,-0.1010836593854104,1
7866,1.9657489212499253,-0.5688692956213871,1.3529909069402293,-1.0220165687875065,0.1382675160679839,0
7867,1.0859204123648605,-0.4674658462688306,0.0997363125687801,0.7444362820115282,-0.9019931468054806,1
7871,-0.6790554811242887,-1.179807264287407,1.2560813309491756,0.5281278705764487,-0.361802936424025,0
7874,0.5891399177339761,1.000117197302251,-0.1027344450254578,0.209458398899218,-0.9675566847627908,0
7876,-0.3693823418993514,-1.9678182334202232,1.6058743841448675,-2.0854458755999223,0.4218804829305562,0
7877,0.0377097063090391,-0.265682304026452,-0.0081926584732939,-0.6629830505226667,0.6528153823025257,1
7878,-1.313567931420918,0.327814641288836,-0.6777634650778745,-0.4269279939621941,-0.3999068234744877,0
7879,-0.1653555635786336,0.5021533527354637,-0.0357954802662642,0.932979466374632,1.0448966584097747,0
7882,-0.2604425976271671,0.530607261896298,-0.6241142884179569,2.711220838938044,0.7888353326499277,1
7883,0.0465380776835669,-1.410201458886568,0.2519186897856862,-1.1856495131772742,0.7599173660578951,0
7884,-2.502196349727548,1.3837247684324343,-0.4241449855851474,-1.6917209682474683,-0.0163903395950076,0
7885,0.0168229499581331,-0.0643177206947322,1.3797267793602526,0.3808790575380989,0.7960884812072442,1
7888,-1.5603625636743064,-0.1137968423016651,-0.9600870884041472,-2.049632932086847,-1.025029219364485,0
7893,0.708661683086706,1.265868548057874,0.395770678423926,-1.7107001904490493,0.1603191685895595,1
7900,-0.794685426658342,-0.6404208870560304,1.4080099051488792,0.7668722190518679,-0.3064887219139186,0
7901,-0.8305510873517248,0.9489149141953394,0.8764602309910005,0.6391973105789193,-0.1778284658828195,0
7902,-1.0945911994597182,-0.0148359424511306,1.407599872219275,-0.909038874900572,0.0474534272126075,0
7903,1.635792079452645,-0.304232918779925,-0.1274820442480037,-1.3504025061124625,0.6232006370492372,1
7905,-1.385815335113362,0.5592841526019504,-0.0723843550576877,-0.913989377788138,-0.3212672972377012,0
7907,-1.7741942735131664,-1.9531560125288492,-0.9093327837467112,-1.5757531772518172,0.2715668321809295,0
7908,-0.549939534302848,0.4253290449996296,0.4406960113421799,0.690027457653151,-0.9306209328161829,0
7911,1.3077344408478304,-1.2314487107715224,0.0151846049017807,0.4388635516798224,-0.6145518436267603,1
7913,-0.0311493503251829,-0.3979133262837188,-0.344381909522063,-0.541404072335322,-0.0272801797814252,0
7915,0.9474659478735772,0.7463097873563196,-0.8048541107073603,0.6816680567462818,-1.0247872996496392,1
7916,-0.307129104734385,-0.5302797827752344,-0.2775909137531422,0.646179944756533,-0.4018741005335785,1
7918,0.9926619986187069,1.0559165300699738,-1.3246284805533712,-1.2745440392419776,0.9990842030920424,1
7920,0.7649284335124742,-0.9291678214194218,0.9355323874310796,0.2851324746660971,-1.286540736361053,0
7921,-0.3194736871107351,0.4946670842275554,0.0395621879694609,0.3789733001889072,-0.5874160655196002,0
7923,-0.9511482436785268,1.2712246205542104,0.8274407237215108,-0.9095651836705638,0.5994714700370251,0
7926,-1.3066671966612855,-1.0032798246641348,-2.1365108486857305,0.9096898196254022,0.6885760585578816,0
7928,-1.5611914602207078,0.9485438866778098,-0.0960576478592205,-0.3981049084569683,0.2274180553550095,0
7933,-0.2407508677376422,0.541302577445402,0.2272192310818286,1.918767817140558,1.436327788515242,1
7934,-0.1379716409923023,1.525050602717732,-0.003842722578579,-0.5457778100437252,-0.2853365699978591,1
7936,0.2345468988209991,1.0421382628785718,0.9140320534214256,0.4298398439507784,-1.5292741587651546,1
7937,-0.8610025575597761,-0.1974427484155471,0.9628331054592588,-0.5568542737599216,-1.219755765156648,0
7940,-2.035856174391278,0.9550655389306442,-1.3729041780549387,-0.9388562302391604,1.000153478294978,0
7941,0.5693114992815232,0.0873231178319958,-1.7081908331295412,-0.6056807947387823,-0.2161568489276341,0
7943,1.214413322446803,-0.5895695916576945,-2.6236942049379124,-1.2495333197070038,-2.3719223308860378,0
7944,-0.3838295821053429,-0.1782837469323233,-1.5926711999320855,-0.8541149363674199,-1.4263567650017452,0
7945,-0.1270029920628397,-0.8534856415875758,1.0099395382196148,0.1696845662851329,1.6047873154239014,1
7946,-0.454765018853294,2.144366286296901,0.0025199505829038,-0.5284649020357585,2.40873584966496,1
7947,-1.828506061299892,-0.552678619752828,-1.6650489644295745,-1.8382753731776031,-2.0671359297250813,0
7948,0.6167571470739648,-1.3290523957756977,-0.2547756241996875,0.8919161401439232,0.4633451646264511,0
7949,0.4139199116763087,1.2138213587016002,1.6094299464346855,-1.251735213376949,0.4832027342094587,1
7951,1.430253910095009,-1.1553034756585407,-2.385454943660475,-0.00610043212699,-1.256765594108734,0
7952,-0.1395764959089219,0.660755708845063,-0.0998155861038254,-0.4312449760490883,-0.156560902130738,0
7954,-1.5430901138883517,0.5425103651578039,-0.1018714496799812,0.0965542642962094,0.958943450004248,0
7958,-0.5774779795949948,-1.4376541897387096,-1.0217672345193074,0.1373012516370734,-0.488912247301293,0
7959,-0.4103263281180478,-1.3786397951752116,-0.2135167062914982,-1.5040641467392897,1.4590296678406776,0
7960,1.7433277570310528,-0.4731656970932923,-1.1224401216075237,0.8546024273636127,0.5923637837943824,1
7961,1.8747451871285,2.141077707210243,-2.0268075691015826,1.158659460822628,-0.2225079480556387,1
7964,-0.3808358636875507,-0.1904102910232428,-1.5410603721698652,-1.5381756081426714,0.912034489025421,0
7965,-1.7200388022215196,2.5196628287134426,-0.0941259852909721,-1.0293442525916898,0.4202182408622065,1
7968,-0.2410601666027653,-2.457622371318385,-1.0968133397297972,-1.252499948033362,-2.0387662544082588,0
7969,0.6492174506713223,-0.1305061987281927,-0.6196701629034994,0.6710163338780758,-1.6442712976953375,1
7971,-0.5818585478015926,-0.5588641391393204,0.2272692570347007,1.3728981846967792,0.4265430694796197,1
7974,0.1361302509872142,0.6571438038325121,1.3072860557874673,0.6632652978581994,0.531940446405756,0
7976,-0.8156172289220969,1.9293496036723548,0.1936781179789612,0.1280051950840512,-0.4826054320399318,1
7978,-0.5767678599566204,-0.5480876059250919,-0.2908908901428965,0.1021396631671839,1.5536310314147947,0
7980,0.1821372091371444,0.1179603870853918,1.8214167906965155,1.55758504430475,-0.2584398992394615,1
7982,0.5180084888703427,0.811206846656989,-0.9941571949455644,-0.7090591374176107,0.5202328991301616,1
7983,-0.7789219756409937,-1.5264079945620113,-1.0825822697918115,1.054361172687918,-0.3740809743033635,0
7984,0.2258506833326475,-1.0325261827033747,0.379403352430314,-0.2695921080735027,0.446198021217759,0
7988,-1.333131690575161,-1.3214650192132888,-0.6622114464270136,-0.192330150645537,-2.1969145293843835,0
7993,0.0875963803125243,1.336107375987632,-0.2354416022610062,-0.1279350863760464,0.004378883468581,1
7994,-0.1297967485266704,-0.3105439148639314,-0.7148584473743324,-0.9941216954839311,0.1107610887666555,0
7995,1.1983405983459114,0.81420154682775,0.3880846746494701,1.2491689289131704,0.0192473752669547,1
7996,-0.988812982500989,-0.3494462024154883,-0.0606607091381765,-0.5124225992444014,0.610067227635928,0
7998,-0.1027517355733385,1.776209826503836,1.4762569291374277,0.9323504899918632,-0.959738780511366,1
7999,-1.0175077734313902,-1.0960538807019091,1.5266173712671045,-0.9104420481227812,-0.3855701020696429,0
8003,-1.1462296668849066,-0.8238494539835937,-1.7821978123494204,-2.0571265647904364,-0.4759471488390975,0
8004,0.450024028794516,-0.1147986867256649,1.1602848888460708,-0.3927994347876887,-2.120139124845883,1
8006,0.7026918801592807,0.5804799802897374,-0.2507419002150367,-0.0513316516332357,-0.497186313432767,0
8007,-0.2982989424613051,0.6267738757753086,-0.7498880843559028,-0.6518982532133624,-1.579549079149765,1
8009,-0.7967978624757898,0.8381127900535131,-0.3959441994868705,-1.6238721313506317,0.9040048218973964,1
8011,-0.1107679545380031,0.2014862117622281,0.3273725343678055,-1.4150401862258166,-2.221081008948797,0
8014,-0.7270282586546826,-1.0655144447570732,-0.1113269171988074,0.6344855362152582,1.8264809116722136,0
8015,2.030442442160806,-1.8436691562933705,0.9897633496810084,-1.0367057471211936,-0.9868439360626766,0
8016,-0.5920247043639495,-0.6557055760166429,-1.1221140375505176,-2.377702001995062,1.3947968979316727,0
8023,-2.175248793771156,0.8841648343810513,0.8316408739886212,0.0431193216865245,-0.7882204047860851,0
8025,0.072562182929945,1.2872729343294762,0.7012467859521261,-0.7230576307588196,-1.690892799484851,0
8026,-0.8212261246804671,1.3812356118503253,0.2943629182125784,0.5973382550482694,-0.6291844566104704,0
8027,0.4847632523433153,-1.5201634095729948,0.9352026594610058,-1.1554267395505575,-1.9744139889378356,0
8030,-2.166222417910022,-1.1516098547317226,1.6868958444469744,0.0823844283759311,0.086880476580574,0
8032,0.5515717609891698,0.6266217731128757,-0.070373443300137,-1.2036600760639866,-1.419797555576949,1
8033,1.3147667031275168,-0.0329244587069128,0.477069567578305,0.2107570816438469,0.2614908222401265,1
8034,0.3449467682106067,0.6974020910153964,-0.7675545118963389,1.18240777193834,-0.7377331228252315,1
8039,-1.7823544743624464,0.5627170607896943,-2.453761426460696,0.6098769289764896,0.9848261872307592,0
8041,0.7450187324655966,1.390476757071868,0.6894006151147961,-0.5028008113010338,0.7399496541533435,1
8042,1.2976314508869762,1.166237559211635,1.0268714730520958,-1.5918598069515266,0.3982146596349752,0
8043,0.6456455574589793,1.0386596247044322,0.515623939087716,1.55195137145102,-1.827844679956248,1
8052,-0.3687837526707657,-0.0495104914252513,1.5424717689509866,0.9991439456863036,1.5901713532174533,0
8055,-1.371342356638789,-0.0510977005039456,0.2033749653607813,-0.1133845740628533,-0.039234558476317,0
8056,1.4926847062456547,-0.8271389053525058,-1.268756971214829,-0.5864912925547303,0.7442469174031638,0
8057,0.8416771216053999,0.6060076871379179,0.9118115061016264,0.2560392825624788,-0.5180139111292547,1
8063,2.3640420953978336,-0.4413903964896962,1.5654676347522565,-0.3985790864613098,-0.7036129382756707,1
8065,-0.5987471939207892,-0.7239527681771045,-1.2957774455076094,-0.3648039038701695,-0.5166070669447904,0
8066,-0.4266308221380224,-1.6386070449339234,0.0981497781967503,-0.7916287582101664,-1.635035412772298,0
8068,-0.8883536931768857,-1.7266515945581824,1.1371279818857094,1.2978614952770322,1.4189145863349408,0
8069,-0.5898476132772275,1.2971095651806244,0.4069978791508782,-0.8221555087507157,-0.628518841902264,1
8070,-0.1719807171061967,0.1024516705108154,0.362904638817921,-0.0017864069392241,-0.3485206561946237,0
8071,1.3520907157841409,-0.1137825592970031,-0.1710280556816021,-0.2172708949259741,-0.1132004076142037,1
8073,0.3425245472723622,1.0127239797213556,0.3667806701634696,1.8908666487003507,0.2396458496024926,0
8077,-0.6207686447161417,0.1739847247829847,-0.0780524401985871,1.1769759608988757,-0.5333464441143211,0
8080,0.211555677017998,-0.1167212013380074,0.1296524042555068,-1.5072682217558744,0.1014220310566721,0
8085,-0.5311536981912791,-0.5114902607769556,0.7938888112793115,1.7102211213061451,0.9396191183575784,0
8087,1.1198845409581688,0.039634857676379,-0.625499824210459,-0.717998484614335,-0.0317662038788805,1
8091,0.5907027122326198,1.128029406800185,-0.6835306992473493,-0.6677288145034763,-0.3686678973309188,0
8093,1.401010586259251,0.4310593786904083,0.5254835614437822,-0.5939545713113566,-2.6229669575508923,1
8094,0.5857046714718307,0.7964761236296682,0.2424443224701408,0.9097691325020746,-0.5482631394154426,1
8099,-0.4457156046711014,0.6489788263525217,0.914929662896762,-0.783710467246459,-0.1212192267397679,1
8102,-0.5974881600325,-0.8697296283956459,-1.5866079494273542,1.1895495542813517,-0.33060508401924,0
8103,-1.70477047624622,1.234325218570998,0.0942669520938995,0.9677693040418872,-0.2615416812229912,0
8105,0.945469200848874,0.5647639944991857,-1.109972149885172,-1.250859025445488,1.199017584941471,0
8108,-0.8264313135166275,-0.0906608739258626,2.110670228156586,-0.7574287182751482,1.5307807252211616,0
8110,1.3100715205915971,-0.3326422328689092,-0.0538597785434472,-0.3286813598004687,2.026401281136915,1
8116,0.4292045777377179,0.0492927411761099,-0.3634629231802648,-0.7622178167777732,1.52644049155256,1
8118,0.930444758747663,0.8555731894317921,2.429894351128287,-1.6928739867102678,0.2308513293444712,1
8124,0.7461295775448288,1.9220931223863575,-0.0243582183203232,-2.4376291975827153,-0.3172189756773001,1
8128,0.1763248519218016,-0.3900853491297457,0.0207630865892139,-0.9089759633364576,-1.6317234928353113,0
8129,-0.8807782417492265,-1.8954893094837113,-1.352642159069885,-1.6227515680230675,1.2238188343067036,0
8131,-0.2905762907779728,0.1801507522533149,2.112228237870728,0.4130472237801915,0.6682199158137953,1
8133,-0.9633389171771312,-1.129152086913498,-0.5123164570968579,0.881935216925987,0.8344661551643054,0
8136,1.2329918534942148,0.1457133306375506,2.0633831791044894,0.1899869842661015,1.0329203181821704,1
8137,-0.1000741268608512,-1.1401507897892291,-0.4252192976886403,1.4740509760561196,-0.2642020471920045,0
8139,0.0059348955473454,0.5404556805644442,0.9718751151806324,0.1085481582764207,-0.8779120875925679,0
8140,-0.4094426055188094,0.4120229527957835,0.393812176131045,-1.7921885436163298,-0.4366210117061129,1
8141,-0.7370070773996814,0.8822917815669341,-0.6982409334580076,-0.461146630477901,-0.4960914648594234,0
8142,0.7913316937621135,0.9688443316713802,0.4935735507454746,1.106409433322065,1.235415168331753,0
8143,-1.8103086402801432,0.5919113502461253,-0.3697986813984094,-1.25674840537146,-0.3197344816003558,0
8149,0.2356209900895396,0.8676012969135798,-0.8117275915073688,-0.651969224662913,-0.1873865023176544,0
8150,-0.9113052995038255,0.9837825730548916,-0.8886612101722269,-0.5258994656288732,-0.7632679383094406,0
8153,1.0135198119943476,0.0327430089611583,-0.7003024443894417,0.3762716366113566,0.0469326260632559,1
8156,-0.2730288488412087,1.156539107940828,-1.414699382479076,-0.0294998843447783,-0.5507781070515219,0
8157,1.7004824335631743,0.883847503679663,0.2386922772107079,0.9688426979362672,-1.3194399217915642,1
8161,-0.6539669127756931,0.3246567303394227,-1.6959330481110084,-0.7975074660199643,0.6062423234468346,0
8165,-0.3646862020741389,-1.2543466769052842,-1.3086590089160388,0.5683834023097231,0.7086529058563745,0
8166,-0.559500143078072,1.4089964025159745,-2.25081311698174,-1.25847227335501,-0.8247206146455875,0
8169,0.638292943045469,-0.4901045751565481,0.259228136457029,0.5803122115913638,-0.5551458044555047,0
8170,0.8657545056913577,0.2640415650265519,1.164658093806166,-0.9767418274770898,-1.7414776178913025,1
8174,0.3383423222977875,-0.0864295752862076,0.4319060631778755,-0.209996255046549,0.1893790397394975,1
8175,-0.3417143742682711,-0.4994333806802427,-0.9160591819501096,-0.271191445258141,-0.3367946879447178,0
8182,-1.4850476983812015,-0.2665920322426628,-0.0315570551748616,0.1148204019984713,-0.4494004244304474,0
8184,0.0576103810307145,-0.2470252508666701,-0.2301703603487054,-1.0284688133648068,1.9915585637229845,0
8186,1.0528220182168624,-0.5138505940313939,0.3887935124278366,0.4355977464910979,0.9652992000433286,1
8187,0.4926255461951351,0.7431750919944172,1.0190654824141945,-0.3302464873491289,2.151387276629751,0
8192,0.4145833944680513,1.1350385858723868,0.2525494051585683,0.6497242768203396,-0.5217643615139542,1
8193,0.7655639631757842,-0.5174019492774009,-1.1245409638293271,-0.2062622753143677,-0.2757805443074556,0
8194,0.9277504406030528,-1.4532006912541282,1.0936332830793811,-0.6229746527125736,-2.464895176617994,1
8196,-0.7785346482415294,-1.192860053305593,0.2587562766374114,-0.0905934916602867,0.6137719479603807,0
8197,-1.7701982545911457,-0.533983093006983,2.0287980654764555,0.6410343550908885,-0.2961072819458105,0
8199,0.2788009282067328,0.3722835086545605,0.4827784825058153,1.8433698438224124,-0.9714878808953156,1
8200,0.039858331890119,0.7211939679970016,0.7104194890107353,-0.6478149017173339,-0.6083241803361242,0
8201,-0.4592221197935086,1.703457246959592,-0.9784711506653692,-0.3243096586769112,0.7754519905586829,0
8204,0.6378411704310865,-1.4489824225832242,-0.8325850897284897,-0.6163571505230788,0.1803857688236713,0
8205,-0.1691172544997765,-0.1732553336038469,2.817733105735587,-0.5128965448360137,1.3908659724704773,1
8209,-0.7779698093276982,-1.144727239163501,-0.5735918709807759,2.3379565201001613,-0.2375727242271587,0
8212,0.6758684249273876,-0.8969221718842321,-1.322920506196553,-1.1458237423254576,-0.8733583956200646,0
8213,0.2256023388998072,-1.2196382159038053,0.2504012682848207,-0.3151866041310969,-0.5625179930026418,0
8214,0.885037701588868,-0.9590305028113104,1.4357044430606525,0.8308430817891543,-0.9901016909246771,0
8216,-1.2953783293296377,-0.4049746468464457,0.8677956035278059,-0.1706897880312056,-0.1956205894039157,0
8217,0.0401693886678749,-1.9950840248611277,0.8242252837699291,1.3396582011303868,0.7893612497953192,0
8219,-0.0788229565280731,0.9046859753730672,0.8496379685153383,0.1426104511064944,-0.931655095854605,1
8221,-0.4378340624202466,1.3989516721303028,-2.4340955176972208,2.330785910904796,-0.8059051922873657,0
8223,2.0369950802218115,0.7315956799266995,-0.1173617062163335,-0.5530133350588471,-0.578853604627783,1
8227,-1.2173086526014123,0.6605217166278383,-1.7523763951533058,-2.6631602250591393,-0.8751273896269791,0
8228,1.373063420606057,1.522285144866956,-1.594939372992935,-1.518487419453532,0.7609350620140105,1
8233,0.7667782019551481,1.688965164987287,2.2733302461528915,0.1445108013774567,-0.2818012241436579,1
8235,-0.9421365457748092,-2.3321963910582126,-0.6692365472485401,1.457479311244605,1.410476104861086,0
8237,0.039397923476953,1.689493570967813,0.123946410588886,-0.2934780385916897,1.1598388162263864,0
8239,-0.7663201536953137,-0.2072233160043696,0.1129564054202786,-0.6754706147847821,0.2285221758679581,0
8240,0.385364704380065,0.2034555968970666,0.1114144045317189,-0.1176006870755906,-0.0979329089004265,0
8242,0.3958439027092611,-0.1146898000967119,1.2426241791868529,0.8946831679506625,0.0929400934289324,1
8248,2.5632109331814266,-0.8614649890863235,-1.1750743138667257,-0.061182574589874,-0.8924792194245622,1
8251,1.0492990965543774,0.1549170337752158,0.1233307364708004,0.5274594259178006,-0.1638228537442337,1
8253,0.0246303665983598,-1.3471715928650307,1.0882705619517044,-0.2450861914415376,-0.7686900257257662,0
8254,0.7123494234042735,0.3707716967939661,-1.2787478053202066,0.6706302840157958,1.874316873329909,0
8255,0.3236179740205326,-0.2561837380703868,-1.6692555162196392,2.0512182840741366,-0.5169602123411305,0
8257,-0.098525734288337,0.0004127961890907,0.9765579760089804,0.5928341298304928,0.2706246375943625,0
8259,-0.2496744069859396,0.1341496138749958,-0.5701880946171869,2.727291751785459,1.3589742301011871,1
8260,1.0929099662467048,-0.5296773264211094,-0.9571927857006728,-0.2119521817060992,0.1141596465209161,1
8261,-1.4483900341789022,0.4799768114419882,1.0821496116439993,-2.235677394823106,-0.9003681169859244,0
8264,0.6454572210154275,-0.0499098789945503,1.0790071154301522,-0.4630374638866379,1.5550198324264182,1
8265,0.6815888376565866,0.244013000956933,0.2805073929321572,-0.4649864519991208,-0.5293384888012551,1
8267,0.5870273155131468,1.2678222217088204,-0.3346531656592356,-0.8077680883413757,-1.4692964274716729,1
8270,-0.2392648738738705,-0.1078122122516591,-0.1213085952564135,-0.3661469862406452,0.1275260946604734,0
8271,0.6248744641160435,0.0635566269934679,-0.2805201920490517,0.1259987317851836,-0.959856420938019,0
8272,0.8033402813282473,-0.4131590887699479,-1.1549687553949717,0.4617449837631193,0.5113828077840882,1
8273,-0.8599320222270807,0.6235689615902746,0.6338996647561188,1.9748807119288037,-0.2350251167825989,0
8274,-0.0543765738304118,-0.6067968791868137,0.4936753385214793,-0.0046043759802993,0.9879290160182038,1
8275,-0.4339503851422407,0.4718558264561103,-0.2378447422753388,-1.842480056831647,0.6280406851543116,0
8276,-1.7480498214149671,-0.159484268711311,-0.1438674394179198,-0.008369413937142,0.047310772864949,0
8277,0.0374676070894294,0.3630726684434586,-0.1087308827037995,2.6156974313232513,-0.342392730813493,1
8278,-1.2226091432900077,-1.4100130399454864,0.6582568447088322,-1.5916352172912165,-1.2097475421319992,0
8279,-1.3537590527128205,0.4571421167330955,1.3307073830230192,-0.9439464793064092,0.422041439962705,0
8282,0.2075116252638274,-1.1441244979848455,-0.7791148349457758,2.3163848298034995,-1.259377263556203,0
8284,-0.2409395963308178,0.3094521456143801,-1.8246573178009489,1.0316052314556614,-2.238636780754583,0
8286,-1.66157269839843,-0.3170270686402632,-0.8007542502246652,-0.6356973012987416,0.6512162823560507,0
8291,0.1374916574818796,-0.159368811705609,1.2011873167354628,-1.5465276207726366,-0.6667699510754892,1
8293,-0.5415185155754789,0.7082306663715112,1.579293649495259,-0.293285642962492,-0.7989742874302258,0
8297,-1.8132748498187583,-1.1996822151405508,-1.3266131122964773,-0.416366907730855,0.855122527801678,0
8298,0.6264853758093719,-0.6222314190083846,-0.5358589411693214,2.0107763256300384,0.5947849795938235,1
8301,-0.7752190810724175,0.0483120699312238,-0.6063548676668619,-1.1006413331195173,-1.1412927748267137,0
8305,-0.7835545051474441,-0.8930258115902485,1.1412242428672572,1.605878962592609,-0.920373095253947,0
8308,0.5449751398365366,-0.4510049170334223,-1.2638625879111838,-0.7259979682372405,0.202965702723323,0
8309,0.0462331149344649,0.6444325720234314,0.4365835835265622,-1.171603439830843,-2.9543093443139172,1
8311,-0.3460190627214338,-0.9205766213284736,0.6972979194337795,-0.9104007954599151,2.0598492360906064,0
8312,-0.5019941188193032,0.7981807503908129,-0.4891456567134384,1.3376215029763423,1.2995091431147543,0
8314,0.0700659781778382,-0.7482225193912982,0.15099479060798,-0.7874726593891846,0.3728056360060451,1
8316,-0.8834564736073127,0.7781210276006282,0.897165049023008,-2.533624757460836,-0.5867456348700648,0
8320,0.2902564015314171,-0.4841502550138439,-1.7124623506344332,-0.0461326865516316,-0.6301762440550163,0
8322,0.1087668826258423,-1.1638870319645171,-0.7584851728673657,0.792473490155935,1.109644448330965,1
8323,0.276914765368477,-0.2850369353775493,-0.6214144082469291,0.5392243197932854,-0.3163686741099549,1
8324,0.9201274901939308,0.9726841793137688,0.4100772097109833,-0.4976207824209104,-0.4203849086681557,1
8326,0.5562468200767726,-0.8404456631967907,2.054191964221782,-0.4960490425150123,0.8303390379842944,0
8329,-0.7140539270802799,-0.6094280587914853,-0.638084578188293,1.020514903327627,-1.7662676133055253,0
8330,0.7377618973545221,0.3423007734575031,-0.0726353834788927,-0.4480484272971961,0.4864820062741165,0
8331,-0.4400217849062839,-0.4490710116756548,0.0637535863385704,1.7197555604679409,-1.512871438356493,0
8332,0.5007041864563103,-0.1430424763893465,-0.2205958042845306,-1.526971304351278,-1.7557838865717672,1
8333,0.3399319493655519,-1.2693422481789796,1.0163707426796165,-1.015858794339917,0.5509769363917285,0
8336,-0.3005371996563508,-2.6142961038060513,-0.3907721790147265,-1.6935002992834491,-1.2315397523959917,0
8342,-0.6750968753724186,0.5421914330469536,-0.933647945445384,1.042243282723168,-0.2435348608574812,0
8345,0.0082822353498227,0.5421799550458856,1.1281527820407298,1.0843355489637236,2.38903300905819,1
8347,1.8392362943081488,1.7109374291048285,-0.7848925254458115,1.036327083487831,0.4567305065054967,1
8349,0.5712255874811162,-0.7698689468885315,0.7436194959657598,-1.7476575553174598,-0.386585858937164,0
8353,-1.2770566427015737,-1.040656509891774,1.0465295015318663,0.6503849701239879,2.4574787225042525,0
8354,-0.6419620286344709,1.3298356697572091,0.493556368774379,-0.5563874353511516,-0.1466752012722995,0
8355,-0.5611382600429787,0.2587235394133808,0.9867015750832544,-0.3685713625146048,0.8483843250990185,0
8356,1.271230414091041,1.4939169281183504,-1.1729447251678038,-0.0491513034557981,0.709432811354166,1
8359,-1.6888149489153543,1.4661191988722266,0.6257984329000911,0.1569516246099774,1.0574332694206208,0
8361,0.1992661294129472,-0.8422858414127353,-0.2188287814689792,-0.2481206579942607,-1.1391237086146513,0
8362,0.3583012245349505,1.5731779905986245,-1.4212884746995178,0.4902448812132715,-0.4204381684523606,1
8363,-0.5359112350084094,0.0747637154933182,0.0899201805020244,0.1846786492721898,-1.1308657112716012,0
8365,0.6304591863301631,-0.1641825170186037,1.018875490087842,-0.8013335793298854,0.9353462632078448,0
8366,-1.0550056821312364,0.4022133769779727,0.2842578063080259,-0.1554225041124572,-1.0320853505763692,0
8367,-0.3686981222234661,0.9228663638807594,1.487773667675133,1.9541600802691457,0.5267953035287593,1
8369,-0.2753041884553861,-0.159790854475545,0.3863990900838583,-0.7514383488679753,-0.6264384526912022,0
8376,2.4198895328203127,1.0750796922445345,0.6792359480928275,-0.1954549096707789,-0.4909069364096871,1
8383,-1.2562231240103163,-0.8590776538136711,-1.3724746283054787,-1.4398203048996314,1.5253102086501678,0
8384,-0.9859289560700996,-1.1265293864843162,-0.0558687699024424,-0.7459758674045964,2.261903950283184,0
8387,-1.5419163893918053,0.1062728083662043,0.7622327320902645,1.197730463433457,-2.4202903411919543,1
8388,-0.7309003241564139,-1.370776948068112,-0.65231501726487,1.3885526318915424,-0.7272186985092184,1
8389,-0.4750407723027123,-0.8290726146485523,1.6259325449265527,-2.2997650978092623,-0.5563665895018849,0
8391,-0.0787318444371981,-0.7509213705057409,-1.7342638107476578,-0.1682600274743236,-0.7618317401206292,0
8392,0.8086485460698408,0.5161113481842691,1.944276793706229,0.1099762383854867,0.5892511084706717,1
8395,-0.0801827428340002,0.2704273511198412,0.9604225734832854,-1.0939754993701476,0.0013927942359759,0
8396,-2.911400805116317,0.740235280529253,-0.7826131079312882,-0.7560587592145674,-0.1218991717259695,0
8397,0.6191043248855012,2.3918347767282753,-1.5530350721161617,-0.8495110578793728,0.2286854826077667,1
8399,0.5448840953129758,-0.9571292939405392,1.9374215347779995,-1.6996594850885065,-0.7077641473473759,0
8400,-1.4203840517427646,0.8002984518764891,0.5396105766543603,-1.2181879045984108,0.9971138297961786,0
8401,-0.6985421631639094,0.3873186907382236,0.62212846065379,-0.2448707426793084,0.9098533346452894,1
8402,-0.1441084636286426,0.3387356484538644,-0.2741249463508796,-1.8682224918953616,-0.123534621439115,0
8405,-0.6893452474447985,1.1533766323362873,1.167364821265777,1.1392732473896567,-0.5938756035944879,1
8407,0.4717591326037877,0.064902291407239,0.1827151368084855,-1.34786787515729,0.0329501327417294,0
8408,1.1438486319900425,0.8151846389316676,-0.4141219317225597,-0.1090416919929457,-1.4683348977413109,1
8411,-0.2074711995396939,-0.3512807291949176,0.3795281836500985,0.5387654956766357,0.208911710634022,0
8412,0.1206395810364077,-0.6066249158292674,-0.5467017645754427,-0.1718245681052224,-0.9611009110399688,0
8413,-1.07804852458397,-0.0897329149704383,0.9894458515349598,-2.0729107950611687,-0.3914385061985574,0
8421,-1.2046189534043237,0.2050263536419288,0.105750897335621,1.0914226768488018,1.5469902371338882,0
8422,-1.2073748063495915,0.0235217266830006,-0.2053568630143785,-1.536729177280745,-0.5281681139948318,0
8423,1.5666174410379958,-0.6327026183565501,-0.7989857470169122,-0.0520527130912205,0.9116909381432988,0
8424,-0.3046767534202024,0.1276865100284709,-2.2845992264931634,0.5723260921973659,0.2211315919935069,0
8429,-1.1130591885078571,0.2170214755456633,0.5406615916610473,1.4617309221352,-1.0086566641581407,0
8430,0.5384467425677792,-0.3478843322008979,0.1918574170137254,-1.073497788236143,-0.0133825656639255,0
8434,-0.2006457763725423,-2.1935319881920985,-1.367500863586055,-0.7041187766393714,0.8650119777368038,0
8436,-0.7459264716141912,-0.120723289246343,0.4684628030471376,-0.2063889767326375,0.4518335632183666,0
8437,0.9247060870943672,1.1205624473747082,0.1723093948631779,-1.1371600334310683,-1.2450150867898853,1
8439,-0.0839947972602425,0.9618906282881065,-0.8285637247846042,1.0420349838416292,0.9679145594643596,0
8441,-0.4319111638496717,-0.1307397981199487,-0.1017982977241077,-0.3194902706447007,-0.2139697707591903,0
8442,-1.192492894726893,-0.5681382085552104,-1.5972590415127106,0.4144324881172773,0.0800587678162721,0
8446,-1.0773315831320291,-0.0828347702007781,0.8934374052376791,-0.7170795174749651,0.1279797553081229,0
8447,1.8637581569954231,-1.8060436164346416,1.0858726624962594,0.3807726764768173,1.266531230669503,1
8449,0.0292480408830879,0.3035869847551267,0.7894359820167121,1.5829269241565724,-0.4355454072732161,1
8450,1.1447683435247793,0.2673026571945855,-1.3074171724432506,-0.1504034362830811,0.1158800351417319,1
8451,-0.8366973255366139,-1.0405657651946467,-1.0741581284344004,-0.5435490373616612,-0.8646299666653275,0
8452,1.230407843095737,-2.4511118645829,0.1112714042002021,0.5283143973490184,-0.9628250010112824,0
8453,-0.2319137489313412,-0.3421022869892069,-0.0773779938020012,0.6629343241454198,0.5733812265194146,1
8454,-0.5999777568016651,-1.5044520981798415,0.165068598422471,-0.6566735857925858,-0.5277553853187028,0
8455,0.2234464164050155,-0.4350716985900594,0.3067159761903571,2.512856475437541,0.685844226978538,0
8456,1.3448979019233402,0.5108931136809152,0.077117755169601,0.5260645843753294,0.4773081432287001,1
8458,-1.1261951461713224,0.686426734598896,1.338654107823554,-0.2206598509692283,1.211346225847412,0
8460,-1.6440409331373098,-0.7330964883320408,2.139393867410469,-1.4933655919196782,-1.176537403800494,0
8464,0.5516951362052123,0.1424173740187687,0.7978971709946633,-0.6344289512075438,0.0269797962223697,1
8465,0.6757659785354321,-0.9295479653863514,0.6100343063471468,0.5642561565378406,-0.1348672872006364,0
8468,-0.4594469666610395,-0.4221980126395001,0.7888788558185116,-0.9212707465181852,1.1132808280802269,0
8469,-1.5196499483820394,0.2956941967141521,0.7724405136719962,0.747898322689001,0.1840776932783323,1
8473,-0.2325991318264786,2.7073571210453062,-0.0167267556450652,0.0598762292377074,-0.6856378174216669,1
8475,-0.7170770012196205,0.5895090725995736,0.305508172858126,0.4342021014210661,-0.8637756367954379,1
8476,-1.0387329825429426,0.5391382837040679,0.872841023476643,-0.6183060664264798,0.6090351910057298,1
8479,-0.7607736227487714,1.2646743934902076,0.9400658679570252,0.8668071221099443,-0.6595052325210463,0
8482,0.596023298930338,-0.6814007861420345,-0.3517121898447221,0.3951890744050857,1.0323539737685223,1
8484,1.9731906193680189,-0.9653918285887672,-1.1414422299415667,0.3414020719335142,0.0531808997100349,1
8485,-0.7184329824235042,-1.2166881340904896,-0.5138926793479621,0.5212373699718811,-0.3332009752283149,0
8486,1.1711623346677509,-0.1360222436807197,0.6015049770993482,0.2784738407738095,-0.4036673165518919,1
8488,0.6308277018250105,-0.8151796014258696,-0.956095749150337,0.0785742423103561,-1.537648618307769,0
8489,1.007835791041919,-0.2238314234208479,-1.1695403652919116,-1.189325793631622,0.31313445352388,0
8490,0.2860744684149804,-0.7684344750983072,-0.1138731314821158,-1.129205880432147,-0.2584149068501799,1
8493,1.065836553919968,0.0444994107601082,-0.0964832848025484,-0.3523689393143441,1.059667948163264,1
8494,0.2156573283124898,0.0624601244042957,-1.1032781061601329,0.6010765288480848,-0.1499843028676828,0
8496,-0.5287516786600364,-1.1168896950411804,-0.7275212159940725,-1.0984505402056786,0.8249129629600993,0
8497,0.3774155296221176,0.3080785593742587,-1.9269768852534124,1.948843523348149,-0.4085282780382007,0
8501,0.2353284713054649,-0.5474975190955917,-0.5513727754296682,-0.3666228112172324,1.788954068582839,1
8505,-0.6264013174028769,0.5592796205601653,-0.0161578204186109,1.087834624504742,-0.7349805412542144,1
8508,-3.4977161144220017,-0.0478223549044136,1.1743897414258528,-0.5145487233612221,0.5269967138206004,0
8509,1.1773755161609056,-0.276174487760477,-0.6525703069149507,0.9354131377280024,0.4953711828484324,1
8513,0.6127849602947139,-0.1627754837478313,0.2316048913499395,0.267522859552221,2.023278721889006,1
8515,-0.3827641814695774,-1.0121351127549068,-0.8814644681640555,0.8041001645600068,0.0262711539527037,1
8517,-1.0912611746783367,-1.4414606355476265,-0.8995940971023569,-0.7227220070076581,-1.0345462535403644,0
8518,0.7644161561979161,1.839948787721203,0.825581627417271,-0.5653991301827653,0.2101873018511281,1
8519,-0.0664129738302871,-0.6088201836669745,1.3247170227719045,2.0072130920983553,-1.4700093132436998,1
8521,0.2812492966107701,0.4124574206646657,0.8533668947742253,1.0111410321126602,0.511134496392577,1
8523,-0.5338456530209931,-0.3315273151612687,-0.5038888133603912,-0.7261472251627857,0.4635847237359528,0
8524,0.4742285832335123,0.6199369615555453,0.5571998636877804,-0.416681587739015,-0.4183259476975023,1
8529,-0.4091929487082444,0.5527520211545167,-0.4226430207713977,0.5769945178401591,-1.3737313056868268,0
8530,0.5493296145391866,-2.099237300842337,0.9253254835836012,-0.034019223319908,0.4412324495404006,0
8533,5.0072352319089966,0.6051590488236271,1.3308599814699331,-0.249586868836392,0.3990041083210461,1
8534,0.905342999245486,-1.0727572956937972,-0.6725805140395953,0.9725035261682042,-0.2180519273791896,0
8536,0.0457035039711822,0.6716163349667212,2.518934850549602,-0.0413851446707229,-1.2799602071802063,1
8537,-0.0284624351997075,0.702930971978824,1.0301804399610046,0.9331189165719368,0.5727748414477064,1
8540,-1.5656053485992358,-0.3173067789779141,0.2662278537689567,-1.2637836921135384,0.4887572153513796,0
8542,-0.2495711327362147,-0.2292577225202592,-0.2646519557840208,-1.8040123388150169,0.8056547191785275,0
8547,-1.3181795025578418,1.3586743514154374,1.0595827066881252,-0.4205087584667191,-1.2524858796322489,1
8549,0.6501184507924733,-0.2093648674610194,-0.87282390815672,-1.5005984973544158,0.3229177977071977,0
8551,-0.221070797643034,1.2364629323395384,0.4926700551248867,-0.0583679579363596,0.0766032727866039,0
8552,-1.1888961763130168,-2.233442755561445,-0.5314868020894689,-0.1940118436376194,0.5312676461555859,0
8555,0.2405078759300687,0.6598864551896596,0.416411542835978,0.4775887527460165,0.2688034822280878,1
8557,-0.6725856897659785,-0.0781526107795798,1.3878025839302064,-0.1260976992562275,-0.8338823290287616,0
8560,-0.2536355191648337,-0.5176010460065542,1.664581599475052,0.3023523817690923,-1.7402138801862843,0
8561,0.0714939843251151,-0.0399537106400401,1.1944748686605793,-0.1560124546333821,-0.1847401101095969,0
8562,1.8629975479817016,-1.0688174166820734,0.7976842492060181,0.0638904460035207,-0.5008575568769875,1
8563,-0.6481145850590398,1.35835200747208,0.4653061980132231,0.6011150120690152,0.8897732746824871,1
8564,0.3419040523093288,-1.0609890786978335,-1.5717165483439663,1.539643205670846,0.2080147805912107,0
8565,0.0792634947743329,1.8045789867751916,-1.0643588102293071,-2.5234861496608363,-1.8115564270167632,0
8566,-0.53089479772306,0.1171736790382563,1.391643307453129,0.8432168643839899,-2.561767673115006,1
8568,-0.237051151912518,-1.1123669955562097,-1.2878647222365809,-0.1662374424833081,-1.3881935388092603,0
8569,1.6479135709035135,0.096949913884834,2.0927152537732607,-0.4356146495698608,-0.5905194014478363,1
8571,1.3644189617927025,0.8175862477827326,-0.5490502006109856,1.1398766968405665,0.6976005710745069,1
8576,-0.7301365776873704,-0.1035148278347341,-0.431181063801782,0.1314495598349482,-0.0684658315359924,1
8578,-0.7901447782895089,-0.0411088996914169,-0.1248790295832125,1.772366713660068,-0.1031700109507069,0
8579,1.382797427492673,0.1114517052512586,0.0458314963694318,-0.3543974040507058,-0.261092317179643,1
8580,0.8897152052510982,-0.7306024098703626,0.9597375663334023,1.4408733879198794,-0.5918245438120832,1
8582,-0.1207697027841684,2.090677567496112,-0.0100628817305658,-0.1832892672928344,-1.147935405189233,1
8583,-0.9718554510439666,-0.6841482053085942,0.3613375632672485,-1.4240596114742554,-0.6658786128695493,0
8584,-1.8609872919171604,1.4019042597388385,0.106407967796583,0.3104117264879746,-1.0899866382928671,0
8585,1.161293170072348,1.5030611795415982,0.0669226211991201,-0.4791203353234968,0.5522452039339528,1
8587,0.91190740993941,-0.4538012428829659,-2.509929478330239,-0.4629839062659087,-0.5539033326785618,0
8590,-0.78341199045162,-0.6847885310211742,1.522503812109686,0.1243244782978788,-0.2653612425341788,0
8593,0.6596471638611792,-0.0038757744960794,-0.5704054194756515,0.3883585189183941,1.7819658169654682,0
8594,0.1414169842613096,-0.4620002692429925,-0.1576652385601614,-0.2666923388320952,0.548759380707895,0
8601,1.090734751976517,1.9299240148934784,1.6805818231829484,1.3946934067634205,0.0262014170743782,1
8604,1.3684432341131776,1.1630886328819037,-0.6794220439599963,-0.5089706421828554,-0.4283780342433787,1
8605,-0.9663582098524252,1.7651195801164306,0.0422697062123481,0.4595081467930158,-1.331029629190342,1
8607,0.940859969941571,-0.4656898349750325,1.4178407565600284,1.1488012965685712,0.4896319413516264,1
8609,-0.0301210395012546,-0.8656234791024713,-1.51536054913647,-1.7217058874619229,0.2993424515035849,0
8611,-0.2600720069608994,0.4185667823512483,-1.9581719548242469,-2.2418220747343125,-0.2353276409648462,0
8621,-0.5372303350062132,-0.118418045456958,-2.0705889328642897,-1.5184353915777915,0.5099797612510667,0
8622,-1.6354814695540818,-0.1900350318304435,-0.8307957844085133,-0.8943279365307579,0.0853073591960548,0
8623,0.0285602635838376,0.5462788967899187,-1.102005239631169,-0.8844568024971173,1.1232305114266792,0
8625,1.151402109012928,-0.455287677919263,-1.2489203989777375,-1.0624964462398052,-0.2635880173274351,0
8627,-0.5743138463920019,-0.2262684409612512,0.6628315135186287,-0.0339006943467922,-0.5423436729674332,0
8630,-3.0452532856329655,1.0277155602818069,-1.271769087790736,-0.7180787945213387,-1.4001825221560686,0
8631,-0.736414476885226,-0.3403254143409659,0.8893511858553261,1.2890647035740026,1.9411046892249664,0
8632,0.1022376748546594,-0.2190635425439266,0.7795678674920737,-0.8541438262890055,-0.9658501225158396,0
8634,0.7981975725048257,-1.5704861491492756,-0.665068226808882,-0.7157768783171415,-0.2027430619053354,0
8635,-0.0335626154271821,0.8695863625813494,0.0987593392596867,-0.7413690051191173,2.187713715835825,1
8636,-0.265569109777461,-0.9068208441135036,-1.885151695937078,0.090409768179024,0.6907673816222664,0
8638,-0.2650501931646131,-1.1261095457269272,0.9569012805123704,0.9378651896031036,-1.147790961087343,0
8639,0.2934539954803226,0.2032739248081442,-0.0679200698608176,-0.5156561826189413,-0.1484223919265234,1
8643,-1.262684363513484,0.5337845506277841,0.3725716475908772,-0.0432525706292384,-2.4176942398938293,0
8644,0.9637845023409024,0.2266868973562321,0.4035782846232157,-3.3907229792330336,-0.5315170628834801,0
8646,0.2213497371414939,1.1353894270465317,-0.9444173293820498,-0.7652653935255828,0.9223619257279142,1
8648,0.7753588064221542,-0.5759849389041328,-1.0013668007413803,0.3386644919182092,1.1875444050002044,0
8649,0.2909095572565962,-0.9510286923113018,-1.4367029515150125,-0.3780899698395721,0.3158556443348461,0
8654,-1.7778066616369212,-0.9452744424831344,-0.3851619289669171,1.869045862192964,0.3883308743144851,0
8656,-0.4054378088089249,0.6960659570076994,-0.5253983534944816,0.872286601252049,1.062770742770584,1
8657,0.6134898693550348,-0.2242068776716095,-1.3984687147127473,-0.223974090772012,-0.6685726430617556,0
8661,1.4859775376671112,-0.439006020891278,1.3995526877574411,-0.6237925575320061,-0.3614458729424385,1
8662,0.0089209034895865,0.9204304532409558,-0.3302121813890089,1.6507213526480895,1.3264504519166131,1
8664,-0.8238197149326718,1.2562637520650588,-1.3858138352875893,-0.6621944682494882,0.4381441286844423,0
8665,0.6016121192257936,-0.6260990446303257,-0.3321249516041189,0.9526362614277591,1.0067956240399334,1
8667,0.1513561711945277,-0.9249962558537776,1.7865198755779177,-2.103403765253736,0.8782264446250025,0
8669,-0.0858196595255805,-1.7937627465742194,1.7125011701051038,0.6501975398513251,0.0345929238352787,0
8671,0.4626902138005096,-1.0098851091608243,1.0886827463198698,0.2949579230778685,-0.8979579469796893,0
8672,0.4903238770860498,0.3406932673842073,-0.0880447099040557,0.3843108069502067,0.6261906350272614,0
8674,0.62993233254036,-0.3267275601797639,0.0556527317083503,1.6656597527740529,0.749292247743517,1
8675,0.1518118968480565,1.140378377398925,-0.5430902432755893,0.3289057845928617,1.8756216859883157,1
8676,0.6535493530848897,1.6208503610345522,-0.0837595452518324,-0.4762032102731909,1.1602177166317786,1
8677,-1.8283168086292807,0.1801902059223461,1.030876351615068,0.5625119367134083,-2.102500250387586,1
8679,0.7302399885507165,0.4368951030890644,-0.1286105970568069,0.5376002456536942,-0.6474672658141163,0
8682,-0.2072596986927214,0.8009016188146594,-0.2545726157514996,1.2562029655742597,-2.7389512173447277,0
8687,-1.46909068916353,1.0536491018879677,1.7944228424522837,-1.7190908429723442,0.0166533140879796,1
8688,0.4993416327330517,0.8730585208722409,-2.1645315501595688,0.3376170907455796,-0.2187424897642609,1
8689,-0.2832761675206598,2.069053825103241,-0.2155598356846314,0.4498556689143684,-0.1203315687673761,1
8690,0.2412275197981646,0.5526372586484782,0.893339564506488,-0.7769711668736674,0.1526263712928624,0
8691,0.1879623784485104,-1.6480406749812408,-0.9536626133061482,0.8909235344661489,-0.4616300853186831,0
8698,-0.8150830867319969,-1.4652992271190557,-1.1465947160655936,0.3876163316704484,0.6874182392292582,0
8699,-0.5066393705041589,-0.4000716159254706,0.6139764826205346,0.1654876869189473,1.186072084378177,0
8700,-0.1576599132170613,-0.8314381255035007,1.0864110744585531,-0.311294732503981,-0.7887514549000564,0
8701,0.8928152313959673,1.449247572471963,0.1832459785627683,-1.0042843011829223,1.5347824015836349,1
8702,0.3767204772702683,0.2197371480519399,-0.4039720253936243,1.1298266769243068,-1.1084657088099332,1
8703,-1.2037273926759806,1.894507241395813,-0.8624236041473625,0.9596828035414788,1.3784363034213816,1
8704,0.2101636965285,-0.8810178174153906,0.6297778171423506,1.391774846163122,0.3424841088915732,0
8707,-2.158199720612858,0.1044551734850713,1.8148601125372392,0.4577231685615395,0.0156236797326296,0
8708,-0.372449805555669,0.5771177803054319,0.2084422245671667,0.7073119733126652,-1.0963351212435286,1
8709,0.1213357902094152,-0.461195683628927,0.3715947487809386,-1.94557356521892,-0.3927310457241977,0
8710,0.5424507958796537,0.703724887439033,-0.0304894570475892,-2.1604077783795628,0.6413403921085913,0
8711,1.5841409185584607,-0.8387837244337984,-0.4258733967408033,0.8065405304152894,0.833247486582475,0
8712,1.0970349475310694,1.014633838387064,-1.5322114953182049,-0.479382290279373,0.6264381574697647,1
8713,-0.0861670564297341,0.3658916935007262,-0.1304230317512349,-0.4358461975424959,-0.2418729432693233,0
8714,-1.1218261068080055,-0.7234620401553712,-0.0669364178313348,-0.048749789643354,0.5675609385894581,0
8715,-0.2851687864314291,1.6757711474021832,1.229925121680048,-0.5023637371235664,0.1978116010565506,1
8716,1.2128419353846538,-0.6407046467102837,-0.7477389526918103,1.2993508215819145,0.6913791398896082,0
8719,-1.551722416204144,0.2309433376115998,-0.9367664159395408,1.5524401403063417,-0.5526287666428061,0
8723,1.0384256257077749,0.5896791256815368,0.2018727599023897,-3.4513704104539777,-0.9673550260904816,1
8724,0.6785959000954286,-0.9872290224510842,0.5138638547844343,0.8847350935336388,-0.1126138950548316,1
8728,0.0004769129001766,-0.7437613464503898,-0.8302737348060498,-0.4098329332896095,-1.1384069660402183,0
8731,-0.4462649152559665,-0.1815678053451349,1.145067073040525,0.6937822680889849,-0.0032797295334197,1
8732,1.9006909149644031,-0.0347825549528505,1.413777235844887,1.2212629008920068,1.1506418910949203,1
8737,-0.2405924800635836,-1.103523616832013,0.2301580906357569,2.346972220436445,1.338052815272327,0
8739,0.1187611338940264,-0.8665823335233089,0.0912518984578987,0.4142694228556399,-0.7941170840594253,0
8741,-0.4474997076538074,-0.9463455292595124,-1.2940216574671963,1.180365836362744,0.803564421177623,0
8744,1.2805496781344743,-2.0971049262373813,0.3256963069406599,-1.1783185164023169,1.4038937363327568,0
8746,-2.371196109711587,0.1465098257465913,0.6132690412606315,-1.4140540863079694,0.6019836105545124,0
8747,0.0996509185513445,1.3812682666914764,-0.413100161464921,0.1776476338354071,0.341268765538727,1
8749,0.0858694521053241,0.0802273135681592,0.7211898864112098,-0.4108371949693412,0.0433171014624514,1
8750,0.865086779178054,0.0554751149264368,-1.8437833433207829,0.0515605762864217,0.0639355115242469,1
8752,0.2892552583335471,1.3915352079865986,1.5362514411239303,-0.7435436934617929,-0.8199635619415935,1
8756,2.4491110436283896,0.1070720893500154,-1.5641729440878775,0.6428445045057071,1.1293293636887305,1
8759,-0.7883703611215526,-0.9207978910721706,0.0773820542615497,0.4149791366455628,0.0715171522831398,0
8760,0.3468457584191336,1.5850543041137222,-0.2183892157094131,0.8071377115236237,0.5179652676032016,1
8765,-1.2025304393206329,1.1768849653326814,1.101865014437768,-0.9225004079888748,-1.7524232234071555,1
8766,1.272327719937201,-1.046796309599883,-0.4911085371115406,0.0961205350228589,-1.072607395036718,0
8769,1.0738485817999803,1.8424313482035723,-1.90057676495896,-3.1584532538625996,0.6390833713716546,1
8770,-0.5993230728350452,-1.4300076689507697,0.1075310484519365,-0.4493014355085518,-1.2761902219281918,0
8771,-0.0827938446417568,0.5665022414340495,0.1749295056316609,0.1825080364247542,0.4434256567284813,0
8772,-1.691383166459807,-0.0512969960311521,0.239958932294125,-0.3779401568959644,-0.8294315002601637,0
8773,-0.7461794110242006,-0.2933888769251947,0.9143830150392528,1.5272219604028427,1.3234507913466966,0
8779,-1.0361885945847642,0.1493083750303321,1.135765010971849,0.2738899673193046,-0.0673227023101442,1
8780,0.3416286031979534,-1.4349819549008604,0.9520070654864656,-1.1976318618100672,1.551862970585025,0
8781,0.7707532075678443,0.5565620419411996,0.600098024389404,-0.0018917863431601,-0.7863853294413621,1
8782,-0.9417770360359662,1.751391931933888,0.1033039579464871,-1.1149289705417469,0.5167113419909131,1
8785,-1.2724731732869454,1.1255968620086343,-1.0299001697529868,-1.8969361158849152,1.3090153587208766,0
8786,-1.7444394745408465,-0.389739497246247,-1.0956145694616075,-0.7238000437207194,2.224070554386433,0
8789,1.129753014507578,-0.5403357035514069,2.032215455456568,0.3387231121199782,-0.1252178647401013,1
8790,-0.2421922077233621,-0.0068450827701476,-0.62866043063694,0.6667154809318225,-0.0119150833929233,0
8791,1.9436112161162509,-0.4333221885576528,-0.1206462615703123,-0.4343107746092712,1.869042404234462,1
8792,-1.4457300915906366,0.093640837497481,0.3129832476482413,-1.128022757373287,2.6431869129599233,0
8800,-5.5403874740192625e-05,-1.906082358211488,-0.5058015341110098,-0.6674144925273359,-0.0236865577687629,0
8806,1.540353160991102,-0.1497267855505653,-0.8076821471417072,0.9692541316705992,-2.0024154608383804,1
8807,1.0431494741733378,-1.4328380903803988,0.6571596180354928,-0.476089211500396,0.3209094344630085,0
8809,0.1791650451684813,0.0446157143186553,0.1690799407110103,-1.004671977919872,0.1792276095354811,0
8810,-0.3928306661762462,1.3224617406276384,0.7979877925110801,-1.3237350996983606,-0.2831332809081259,1
8811,0.5279859386733571,-0.9815277211703352,-1.0792727180775814,-0.4619802965288616,0.3444410567032246,0
8813,-1.1090972402305863,1.6109768175621952,1.3594112538341865,0.7115077592350149,-1.736333519549086,1
8814,0.7022412442249508,-0.8191327339283975,0.4536220788318436,-1.4546470062993906,0.2699822750845939,0
8817,0.0689146921804614,1.0264704617958136,0.1347080534111552,0.5115655782188262,-0.0588195729787797,1
8818,0.9620956426448276,0.616605824867281,-1.0195768202719462,0.4478017433303931,-1.5426332665851812,0
8820,1.417474613335854,0.0340797360255371,0.1889172840651463,1.3298167061223296,1.896800822675069,1
8821,-0.0177093284887388,-0.5120855233878288,-0.4625140932175915,0.4507220379869367,-0.2033876251733115,1
8822,-1.749250649034065,1.1230487491267584,0.8153888011228855,1.1466431349519848,1.3441255080870116,0
8824,-0.0593239088080122,0.9219372615970802,-0.5386076575480674,-0.7121492350613614,-0.4309674595662091,0
8827,0.3349107771293693,0.3703971845765597,1.5974146767769877,-1.0242722775340176,-0.4210704317373636,0
8831,0.1373832660685098,0.7865114536944525,0.5626787463038723,0.3491558425284065,0.0161198945144621,1
8835,-0.9022957133482028,1.2149006841857912,0.4029883007039316,-0.5444637976441629,-0.8861266660843973,1
8841,0.6328816788073608,1.1184963315179048,-0.5777639628387128,1.509578011529264,1.1151672077521968,1
8845,-0.1183699780813331,-1.130399561418202,-1.7447243269123542,0.9799585530241646,-1.0004175798223751,0
8848,-0.1396976508397563,-1.0999936133922683,-0.7976824557673364,-0.1522930279438267,1.397880278786818,0
8849,-1.5105775444861214,0.0297254427782697,-1.2514331062923163,-0.5563431820560117,0.929851543699871,0
8850,-0.8483346931168532,-0.2633705424704088,0.1410221804114961,0.7011778979844726,-0.5478924477647706,1
8852,2.0275075834719543,-0.2775998737270582,-0.0160155394120688,-0.4320275197569487,-0.5859475131295573,1
8855,-1.564502108011372,0.6391596875240458,1.2652975197891354,0.1660871269704157,0.857827898479031,0
8856,0.4448467655319443,-0.7708814294253392,1.0094673584351268,0.9455710840914576,-0.9904838749284082,0
8858,0.8886855476847241,-0.8493039146909165,0.5655990720744482,-1.1599715195217306,-0.1787537591851356,1
8861,-0.2507293368256809,0.2399582732009062,-1.0851029410396134,-0.8229801105303226,-1.5994590260327033,0
8863,-1.2947850544466946,-0.1773652657925801,-1.2031901674644352,1.842822172478588,0.8310830561194733,1
8864,-1.0525857880338352,0.369473689400791,-1.482562376736322,-0.1364833487572669,-0.1755629199616714,0
8866,1.562123879234761,-0.6575909852468277,0.1021467065991498,2.2590923898328836,-1.1940551926571663,1
8868,-0.4156408270839836,0.5435175087950274,0.4139567034477547,-0.0911088719313377,0.3235001160021541,1
8873,0.3354365394263184,0.8994174358743605,0.9563148683183704,1.349258539321463,-0.3471676910997111,1
8874,0.94228071858205,2.247618787532236,-0.0263125404792113,-1.3196631486312185,-0.5949545143434671,1
8875,0.4683367726260925,-1.6617086674688986,-0.762084643040196,-0.3297828482290589,0.1098580416089374,0
8876,1.7965100148361144,0.6878138083631787,-1.1138628608603487,3.8676072956687935,-0.0165202932061939,1
8877,-1.6804221950774916,-1.038381099684388,-1.0324614125991085,-1.3479812077180584,0.5129626909759913,0
8879,-1.0927426307735986,-0.842323115200418,0.5495495642105976,-0.2095412424948533,-0.6251067526678348,0
8885,-0.0049782294614973,0.0537705181067637,0.6433007928308939,-1.09717231343076,-0.2989851423729172,0
8886,-0.5957667308481909,-2.2519117869763456,1.162478041161096,-1.46993232918996,-1.6032188045380968,0
8890,-0.1990119793800784,0.0038090764692007,0.2970187217732157,-0.3729816787801572,0.547150312247813,1
8891,0.490508831530273,-1.1147808289105985,-0.4897720050034769,-0.4540869840431356,-0.2555226310193627,0
8892,0.2698763700734072,0.1804740933226168,-0.7197557913994853,1.3402747251391214,0.0050561678223811,0
8893,1.4636190632790531,1.4401866904152671,-1.0592031654319989,-0.4903386588841139,-0.4172653448675715,1
8894,0.3133105400019607,0.726409002036936,0.1469263433893,-0.5509048691074369,1.651603684788313,1
8898,1.1496531249973858,0.4419881847431335,0.4386846548098586,-0.3620769128845786,-0.357114342020278,1
8900,0.0805321217177188,0.0646913210609794,-1.0586153318767777,1.6956873437527622,1.107115972110021,0
8901,1.2197048432845825,-1.4526539336188191,0.3515529194539847,-0.9382546479402882,0.771629420451259,1
8903,0.3078004233422103,-0.2422293118936345,0.2531600285099212,-1.0239712946644883,-0.0065360280116981,0
8904,1.3951030728856466,0.3323359352495885,0.3949075302657225,0.4029101741081661,-0.511929694323445,1
8909,-0.5461397618766966,0.3894054196184067,-1.2987329653685944,0.6646664651793641,-0.1361298059717798,0
8915,-0.3062270548964556,-0.2975140384861895,-0.2912688384742331,1.4345842099163042,0.2829228881626434,1
8917,1.240444249018422,1.0388593330121156,0.937366959966484,1.134474425243082,0.8150592161787742,1
8918,-0.6938423460293401,-1.1435849353672236,-0.8302534336702149,0.7306948423228609,-2.223396924050133,0
8921,-0.331482435688426,-0.3278695434169926,1.4502326526756446,0.048892344191559,-0.4482169551254577,0
8922,-0.9951048898889594,0.1985132131654681,-0.5597486597360878,-0.3683328059886172,-0.8515292587063267,0
8923,0.1968993161588959,-1.3033255804097232,0.4114663560552903,-0.5464723733522265,0.7166382120920611,0
8924,0.4852630575405258,0.1040066430362027,0.8461428986389118,1.556949853158528,1.2684946365143766,1
8927,-0.514240644665414,-1.8950292306571148,-2.391686608408217,0.4846658213657319,0.3154263339411083,0
8933,0.4636636686530296,0.93423077869993,0.1067135091027629,-0.8995423842824851,1.160579349601491,1
8936,0.5584625565026707,0.9591781183509124,-0.365314231117365,-1.1733183042023958,-0.1568764419040014,1
8938,-0.7980318853486111,-0.0913595893618214,0.4793537828049001,2.094386364465041,-0.9773082171717686,0
8939,-0.7098340100124056,-0.4233268807430764,-0.745569318039499,-0.8882364553569972,0.0459174036521769,0
8940,0.983644693279766,0.1193507705206075,-0.8597142681959352,-0.1962197180418781,-1.038590733021105,1
8941,0.9830279994086044,1.4711529125957723,-1.5951375686572813,0.2290263711128414,-0.7782053568287376,1
8943,-0.4700107557815097,0.1163085219283401,-0.8705974237963099,-0.1836568539839203,-1.8373196984372713,0
8945,-0.5337194881932669,-0.0615633135784992,0.614153392743769,1.7120937393128732,0.4282499289611503,1
8951,0.8616446299299296,-0.1433261109239827,0.1895945675163879,-0.2169846410966162,-0.5495029823184064,1
8954,-0.2176226179961709,0.6193403793262321,-0.4336322420986704,1.3381967381261122,1.2762034115793246,1
8955,0.8892888065207929,-1.9349553300988216,1.433712110323066,-0.2371769438529462,1.6784112787070573,0
8957,-2.3976290699307565,2.9528157065832477,-1.668611585743728,-1.6548333689920167,0.5719941965727477,0
8963,0.1877460534307165,-0.7583266840014001,-1.2086579563357975,-1.2047201964452714,0.821312035684668,0
8964,2.643027343910602,-0.8053077183296894,0.2157412543826517,0.3104258597783192,-0.5299883319452396,1
8966,-0.97025377816975,-0.139333543470502,0.8690169963660982,-0.1042217007193164,0.7377937130447197,1
8967,0.2265756903926611,1.3528442512441832,0.5306508724728171,1.530550558907798,-0.8575923418088987,1
8968,-0.2034560041867039,-0.0015346010165543,-0.8538804153440019,-1.0071019033238426,0.3821095022456858,0
8969,0.6652488073173689,0.1126357407147512,1.05902182790589,-1.103316655701717,-0.3910608491440481,1
8970,-1.179855892566417,0.139385965491869,0.4878675265372809,1.3418414855501566,-1.177256989447733,0
8972,0.6244773977463031,-0.7254774802954079,0.4780535003283376,-0.2161545253659079,1.800902963716907,0
8975,-0.6874850435153266,1.7323761795847838,-0.2951180048547737,3.08060622602116,0.1518341432170828,0
8978,-1.262742719290198,1.33265141230663,-0.0459570086785681,1.541356250226996,0.5070462034494077,1
8979,1.191550575557912,-0.2246133209956729,-1.5173064960919058,0.5637129112669319,0.976851909592442,0
8980,-0.5569321207971152,-0.2033052981477031,-2.2143516094274727,-0.1552972172042303,-1.2504522227858887,0
8981,0.5172234147524414,0.3349227018262777,0.015200352545447,1.3226493628125346,0.2409647736122107,1
8983,0.422754011512557,1.2186822112029905,-1.0264740131142511,-1.3423861568437976,-1.044128122492561,1
8984,1.817055805671372,-0.6093070862855956,-1.2004582058124893,0.3663554550504458,-2.7238107960305515,0
8988,-1.5493695001348895,-1.1330570702416285,0.1926771083960996,-0.5138394069705864,-0.3420956773844945,0
8990,0.8037602517972026,-0.8474427239265175,0.1371808064431392,-0.390490442347562,2.0144161085065133,1
8991,0.4106533062263964,-0.2131814200196446,1.7849202231969976,-0.3525037187627485,0.5516087693166868,1
8992,0.7024127310887629,0.347379213342932,-0.106406381642424,0.8375214633299789,-0.6299479333229298,1
8993,1.1136957296039944,-0.2814142157465651,1.3377951709907052,1.0462851313790715,0.5493170817096793,1
8994,-0.0902002743924857,1.102673814287784,0.5710945443096523,-3.2165316205272596,-0.8177124038141745,0
8996,-2.084344333499291,0.1976458271640517,1.2158036089969082,0.1115879062423045,0.2034485724318823,1
9001,0.2865534881754475,-0.2251211678326081,-0.535977651358982,0.1331805558279239,0.0830474173309549,0
9004,-0.1080196993241187,-1.8373304147630016,0.7995471570295457,0.3972066968327342,0.1499141646725386,0
9006,-1.1817175118527372,2.151652718484764,1.5020925773534393,0.2771643942640526,-0.0336573873815279,1
9007,1.826530954960528,1.623765008088808,-0.7399174041342415,0.2476764454673839,-0.1824045366214557,1
9009,1.4381805281733735,-0.8068896485884687,0.9669195512185872,-1.0750115149495556,0.2368451085694073,0
9010,1.0433498169769737,0.5690295342194372,-0.3163720292119162,0.284795945855519,1.6522891245716202,1
9012,2.0732259579447945,1.0940302816240297,1.0961539717819044,-1.728702369947083,-1.3209238073658072,1
9015,0.4569610692425669,0.3821723158822253,-0.1739374823142481,2.351292184825707,0.2100990623222962,1
9016,1.014791069005187,0.3230677729887385,1.270566508340485,-0.3308770269360865,-1.063418252865059,1
9018,-1.5942748534788682,-0.4797857564323982,-0.7046569583094938,0.4959602736244043,-0.484217016030843,0
9028,0.6016784156104551,-1.3739839910852722,-0.380975035709768,-0.1141540744548362,-1.0333593390143014,0
9029,-1.667740934889721,-1.1747696374533678,-1.8097295670320273,0.6116314125249954,0.3974734588299288,0
9031,1.1871221148684867,0.137604570874012,0.3180144292505019,-1.041973710113271,-1.5162383952328655,1
9032,-1.57006892996908,2.083033309033371,-0.8275731109409495,0.0651734758550726,0.4596129600825531,1
9033,-0.0208231387636758,-0.1542505178660356,-0.1765489471886689,0.4799461486776019,-1.0398030384544474,1
9035,-0.2727024450447639,0.6974074437715432,0.3848854735249767,0.260096027525766,-0.9440872421803694,1
9037,-0.1238793546154207,-0.7022509026280527,0.8695348644717775,1.8915843377022323,0.262005030097435,1
9038,-0.683033878135991,0.4674912110979626,0.2794251874466043,2.2165042088781663,0.7421695308962054,1
9040,1.0083003967703632,0.4406233757545328,-0.2543774288627443,0.1342186736139234,-0.1159513683185119,0
9041,0.3413862177803942,0.0794423884369005,-0.3145817572843182,-0.1816074657488812,-0.0035992361331876,1
9043,-0.5081096952438866,-0.5081403103422154,0.3746366225684826,1.4306234816675052,0.2798750153559545,1
9044,-0.7758762611738077,-0.3518131671247829,0.8490472948691347,0.4042798295995127,0.9594718142301646,1
9045,0.3934570732381086,0.7708319313822046,2.01299590464056,-1.3523200650147682,2.407143648468038,1
9046,0.9364909815054608,2.6249721390741407,-0.9832519126348052,0.3824514997131646,0.1593765537609778,1
9048,-0.5158295233287535,0.4532494564497276,-0.51781090771564,-0.1255317477273072,-1.4411094153885549,0
9051,0.4239210589454877,-0.4654527186658067,-0.6296858187432678,-0.3314857206834854,-0.0591640104781791,0
9056,-1.4102372210546947,0.3374371865704184,-0.9216903944878287,-0.8478515133372502,-0.7621411123361918,0
9057,0.4708387633453058,-2.2576347815681257,0.1687004506035159,0.0454537891462684,-0.970162476323272,0
9058,0.1822110090841793,-1.2132516968190004,-0.043764988230504,-1.2509890168064033,2.050335316996412,0
9064,-0.0088611148744482,0.8304366662684202,0.903794147040368,1.4143387052392034,0.4211714224390616,0
9068,-0.883550456299417,0.0998791856839585,0.8064692168337475,-2.033371630187066,1.772211317922314,0
9069,1.0525370199500244,0.8105147078631496,1.2020811565664022,-2.0415382420191603,-0.2185720034050084,1
9070,1.2583693278390582,-0.0070293871379865,0.7426766091289995,1.4481748289854113,0.7036233522948259,1
9071,-0.2577092896972203,0.575706363045422,-1.6710002376982378,0.4903512669848378,0.7496356972857672,0
9072,0.1509498958173376,1.1615297456893872,0.2786280089151263,0.146953534595705,1.8323293134752057,0
9074,0.3426955818863185,-0.8042926634850811,-0.562113550596145,0.1314424959114662,-0.8836195810928805,1
9076,-1.033519448891428,-0.8578219271952122,-0.0499728031614063,0.822339022578442,-0.0919971658039227,0
9078,-0.4513634407224829,-0.2982868251779191,0.8547443499525212,0.0838560178133926,-0.3528720112778041,1
9081,-1.2064864316328097,0.1211724869724229,1.6257438988124782,-0.8952241222803788,-0.206786485706163,0
9082,0.1687954563412109,1.199020763117164,-0.4188175444067503,0.5949024839234762,1.501761622664947,1
9083,-1.3710249123934304,-1.2003832728075148,0.0169414315524961,1.0910110469312435,0.4434695160800676,0
9084,1.1803544469508755,-1.591563295810986,0.456449931589708,-2.7362198585153616,1.4375307317813215,1
9089,-0.4024446463595363,0.8704890735818691,1.6002176371753618,-0.2069136090603938,1.4224557584489363,1
9091,1.447766681615292,-0.2491728216138717,0.7301295570579511,0.0257312576262353,-0.2551922619872339,1
9093,0.2467506758564455,2.06531348306457,1.594569624646052,0.0848355254510692,0.1195539210904985,1
9094,0.7018042038249266,0.3073572574673595,0.7035434502312115,0.3357482572320451,0.1540449977042534,1
9095,-0.5920785394716755,0.4094348158190968,-2.214992208716086,0.3118597249090277,-2.020023807346762,1
9104,-1.4835491178262437,0.1859627660340254,0.969244187225506,0.3944723211564089,-1.4309858036982464,0
9105,-0.1367828953944687,0.6805638662416467,-0.136390736532391,0.325531778060634,-0.4372602661578131,1
9108,-1.365663180886246,-0.6557292606366588,0.6197511205708484,-0.0783616235312333,-0.5839071659392904,0
9109,-0.1735053646622693,-2.0562932685794024,0.57181518743103,-2.2476344870058185,-0.7072389616198794,0
9112,0.3758576703710533,1.271542490268973,-2.4901790741159577,-0.1696612655831146,1.4885944205390107,1
9114,0.199936770814551,-0.6555502909388466,0.4428194949450644,-1.0378541148945677,-1.170194248051564,1
9115,0.8021339902839015,1.0958135934676996,-0.7426214784111974,-1.165330158897136,-0.8778454584154152,0
9116,0.1976497949337581,-1.1642013919832157,1.283834070996152,-0.464900231897303,0.3662916239437387,0
9124,-0.4436508277136059,0.3687555584814641,0.2385487372902859,0.1282546567362934,0.7604265793567134,1
9127,0.1616883492495851,-1.5648976062947773,0.0268836407358004,-0.2175769709579339,1.0381780977072057,0
9128,-0.633541359554342,1.1898225060437562,0.3867988518700714,-0.0334914110605289,1.2736614784065678,0
9130,-1.3010291722980298,1.3068727767724948,0.5718600587562013,-0.8581685799216043,3.135047299398569,1
9134,0.3187678702518112,2.145468240762551,0.6444931124180482,0.8598614647227417,-0.3051714714824834,1
9136,-1.6776945401915793,1.2669787702198902,-0.1407871493466633,-0.3300365633952766,-1.1047796197633168,1
9139,-0.8411604896516655,0.8991168494954389,-1.1800052846317155,0.0424361068186011,-1.2049256700420214,0
9142,-0.5473418442113085,0.6951375424385737,0.2311874353975551,0.3368799373886459,-0.8546280990864455,1
9143,-0.3847075668532318,-0.0936330997475354,0.3374978297284269,-0.8074115180566029,-1.2919766024064785,0
9145,-0.3771338886596038,1.217030567857355,-0.21026417707796,0.5455110944703851,-0.4252371796738381,1
9147,-0.9747939730976144,-2.332061207504871,0.0108183326587547,0.5071705307276753,-1.5157309662263077,0
9149,0.7345444689192646,0.2096902974350062,1.5686937891865305,-0.8916983284629447,-0.0879534755346765,1
9150,-1.5690705878222746,0.8113950302828031,1.1140234141375804,0.8727735566881824,-0.1246810564872488,0
9159,0.8027481741803055,0.1409722339737793,0.293698944195785,-0.1329520021632411,0.832580316232309,1
9162,0.4478735081180064,-2.088887559582725,-0.2838667262305276,-0.0792438228015112,-1.2315902740856184,0
9163,-0.9696892573939806,1.33735436371095,-3.580829759245863,0.2714686678425128,1.163571009250976,0
9166,-1.1219869479975029,0.4165328769143021,-0.998980078446335,-1.242049136161302,-1.0737113386196282,0
9172,-2.24038059475547,-0.5015772072771741,-0.8116402064666142,-0.92514112385806,-0.4409461934385875,0
9174,0.195553036379705,0.5414141841817348,0.4465129187676119,-0.2212241215473773,-0.597070547823157,1
9177,-0.989532004861132,-1.236680978210255,0.6155901036889908,1.1739982512271685,-1.183725916557688,0
9185,0.1196988918368108,0.3549311911297169,-0.2159543102966411,-0.596628743936522,-0.9737621782240378,0
9189,1.0655062418595282,-0.5047254927169816,-0.2328735725996548,-0.2254364560079371,-0.8672479081053535,0
9193,-0.1672394839076921,0.4320327641409178,0.3061604046409682,-1.6926184541114506,0.1660977172098376,1
9194,0.0254257724601354,-1.8982790508538496,-0.808040119208567,0.4916310079998391,1.384802623031646,0
9195,-1.640516700306908,0.9793032858066264,-1.880372979151028,1.3975178181865833,-0.2386664477648523,0
9197,-3.8100189314397994,-0.8107132840961544,0.1910967351265857,1.0664700596361527,0.3314973046762313,0
9200,0.6308089960015937,0.3020479688933157,0.5829256001796157,0.078988160574913,0.2057866247957507,1
9201,-0.2959005356001787,1.0767943358449517,0.606368285048048,0.1728497923813884,-0.1345696154683858,0
9203,-0.6655386438385337,-0.9723489701925758,-1.290387659076379,-0.9139924318951596,0.2786307584915635,0
9204,-0.4918406884965567,-0.5372131971926356,-0.6262695107609163,0.2369958700770887,0.3902974464412496,0
9207,0.0884739383841443,0.5192603920013104,-0.5453368228799925,-0.9468521399061706,0.0580214799125594,0
9209,-0.2164745554630112,1.4778781394731153,1.309840941920543,0.841618942737327,1.2106813572918786,1
9217,-0.525963001769867,-0.9718919747402552,-0.4058374033096385,0.1925812991049289,0.8955062908542979,1
9219,1.8379921268509496,-0.6527755604705101,0.3949944785982504,2.1893899571223865,1.041954865335437,1
9221,-1.535727588320875,0.6406172120376982,-1.538028872234434,0.6513857776256282,-0.3092490460025449,0
9222,-0.9554731880899217,1.405685254717408,-1.449095611278325,-0.6661362616313773,-0.572652339499168,0
9226,-0.9895115829689936,0.4271469319640171,0.3654213219169683,-0.7171353306004709,-0.4277059750582309,0
9227,0.5124858379891765,1.090738223369763,-0.1422531023780003,0.930655232662565,1.1670612815592762,1
9230,-0.5867476768092653,-1.032960829713382,0.5662661382680847,-1.0648785045560514,-0.6694310323773827,0
9235,-1.6991445050535667,-1.6662345141516912,-0.4281097728007266,-1.5388476043857473,1.240319218855075,0
9236,-0.1991898684203436,0.6153415940539022,-0.4922714528090055,0.8248015610551657,-1.965088114828773,0
9237,-0.0488905284309615,0.5007199310239132,0.585002530990566,-0.3176798245287308,-1.7109983301357017,0
9239,-0.5189119954096034,-0.5788167611946403,0.6451709023601148,-0.8208740145688531,0.5117054187736063,0
9240,1.1013428147471844,-0.0882956058431351,0.987827379780553,-0.0688430314628878,-0.6874548508666996,1
9241,-1.664576914054792,0.2751103550115908,0.2960845919722099,0.9813171201818732,0.8849571622043527,0
9242,2.06736545554295,-0.5810310643625541,0.3559079753101992,-0.6876110346221642,0.930064759218554,1
9243,-0.9269064886179148,0.9137077679060698,-0.7365378008626188,0.766512165868086,1.2064654024682453,0
9244,-1.5540979290419132,-1.3471935099711267,0.2349081054964042,0.1284550512220388,-0.2921644205815581,0
9252,-1.5304807249029229,1.1828534265552817,0.3560774034313827,0.0928765323423367,-0.8739542209157141,0
9254,-0.7568083286861699,-0.4923024830911041,0.8148187569655598,0.2016244751985724,-1.6069153489667067,0
9255,0.7234614351884263,0.5432554868056706,0.1870968967427862,1.6456155086447164,0.0238329062079362,1
9256,0.4307427569209416,0.4694157549198429,0.8774153776890192,-0.2228650609681102,-0.644840893931892,1
9257,0.9730711907679372,0.9213401397923277,1.2748343264981277,0.4155687686156694,-1.648756018464733,0
9264,1.8621675862230385,-0.4402937391395377,0.201351284571755,0.7852524646095427,-0.2114962676416981,1
9266,1.7284676908714562,-0.575158764741417,0.1306490147456697,-1.3258111352269202,1.3421441668438845,1
9269,-0.7632476666613972,1.465023727356484,-0.0421632239634477,-1.522061784055358,-0.2041345655893074,0
9270,-0.8315363123343085,0.3595411125977958,-0.3864179996208544,-1.569295824192653,-0.0824888190152798,0
9273,-0.1826476885875692,-1.4161507398872617,-0.6608301690382683,-0.4514645651100274,-1.57897858695335,0
9277,1.0046838619916576,-0.5429939926706782,0.1841291182147494,0.4442991764588209,-1.2098435467525095,1
9278,0.5227621338065966,0.8153798989062311,0.9661434613995872,-1.1087500330662374,-1.0388647707314913,1
9279,-0.0543491077871407,-0.1112455098599402,0.0193138484850978,-0.3566103604715395,0.1858302662506176,0
9280,-2.5540745564698812,0.6580807566602848,1.471885859701595,-0.5530508502408826,0.2023559946964076,0
9282,-1.0607653925479177,-0.4114932443027371,0.8935891322657048,0.4971149760238292,0.7060418260200622,1
9287,0.7893432031148904,0.5337188242811225,-0.2715526851082933,1.6062709936684345,-2.1047016470341875,1
9289,-0.2544422835252076,1.1503684158116438,-1.4937066094260494,-0.2404679897231368,-0.5308185057679685,0
9293,-1.4589176645728394,-0.6332314593238143,0.615752274742278,1.361237548641986,1.0806859703101814,0
9295,1.509391097671204,-1.092038804452706,1.179937055010157,-0.6206549708434769,-0.6837312526886467,0
9298,-0.7033041448772223,-1.6152039982298716,1.948790048020392,1.31893028241395,-1.9785082200650377,1
9301,0.7217499068821187,1.996457353506262,0.9552071047926805,1.804654920289095,-1.1470664767105794,1
9302,0.7453579778633125,1.5108993104620696,-0.7720024889397039,-3.486161784621611,-1.2673360787595442,1
9305,-1.1488708499308735,0.2173160001043493,-1.4295295523609397,-1.7527249446884965,1.0365419327369203,0
9306,2.0074056648025307,-0.3283650359771548,1.8332973072872072,-0.6482002729485672,-0.2344840263667674,1
9307,1.6677355290961748,-0.9126639877519844,0.916679112539365,-0.3482775262571038,-0.7207054393732727,1
9309,-0.6929431960285575,0.3117760548504498,0.8834509055279905,-0.2745449029666794,0.9635897758723286,1
9310,0.2750995982392405,-0.0933800673553867,0.912362739057897,-0.5079151933060392,-1.2515321868273388,0
9311,-0.0530893257693022,0.035278748405782,-0.2223222526678572,1.189894803929863,0.5004924315011438,1
9312,-0.1150637153455199,-0.0055093994816907,0.0806295190445706,0.5260526896047709,0.0525343682549062,1
9313,-0.1544624591150056,-1.33420392413046,-0.7097958345071785,0.2770016123181745,0.1880043087812893,0
9315,0.4303478787332312,-0.0667205782855671,-0.6263269018810954,-0.4454399024327302,0.4927235832150046,0
9320,-0.8436817832704473,0.5070968572733124,0.4398897979562238,0.907045513861772,0.1297525632157816,1
9321,-1.3112047982657644,-0.3488889225641789,0.8569195843635076,-1.7354797247761051,-0.0848282621920233,0
9323,-0.588322693073446,1.074705721571409,0.3926606578078269,-0.221012213802847,0.4516171172102576,1
9329,-0.1107067508824981,0.5200304721685732,-0.0458847100033146,-0.1403546505409941,-1.0204697684274842,1
9330,2.2431471535261993,-0.2011112319661993,-1.3745174357135457,-1.075046781106067,-0.3441026962787509,0
9333,-0.2239628366872894,-0.4246599915420309,-0.5284468654836973,0.279262991322152,-0.657190105922082,0
9339,0.3203171000126487,0.5389127373419449,-0.5531560544938244,1.1354934155625878,-1.6553481749129382,1
9340,-0.7808564958889452,0.038367582513031,-0.6971181703217973,-0.3096999082935002,-0.9816597996602828,0
9342,1.1038675544586372,1.095573450841355,-0.4781099552272598,0.5082869585781999,-0.0183345243771443,0
9343,1.2840485651860467,0.1915662886977936,-0.201554183406159,1.5998774088585623,-0.9238011526510604,1
9349,-0.2322663053952444,-1.2126528391737987,0.9258836065976932,-0.0758398568357292,-1.1461242097516686,0
9350,-0.8227923570416392,-0.8699646113396255,0.9236594798815524,0.4571762550537929,-0.1325656888168026,0
9352,-0.329310294134832,1.682497899771367,-1.2191918172673486,0.8070305974395393,-0.7593934503681175,0
9353,2.2132985478520495,0.6973465929480572,-1.7037927873137644,-0.9314658699053692,0.6851522933261267,0
9354,0.6577918967055707,0.583125009803264,0.1565844412540037,-0.3189223222129736,1.086747262059412,1
9355,-0.8641566528615715,0.0534334149068911,-0.6201418920537802,-0.6999193608032209,-0.4589998890805163,0
9356,-0.7352630091555942,0.5497134345152506,-1.4761019585831765,0.4310174309837583,-0.6342664582696279,1
9357,0.0303884582936362,-0.1668444886119416,-0.4992214789361692,1.2131234784184606,-0.3708822926085023,1
9359,1.278798245054577,0.492550720857685,0.138855456512355,-0.5670274204635793,1.7318219318063537,1
9363,-0.2631149708477308,0.7415965296382129,0.7001797118770196,-0.986679630427945,-0.8485133208157749,1
9367,0.6604896054121098,-0.710976318957416,0.4016931498424236,2.3346421647480877,0.791549998422333,1
9370,0.191614691095027,-1.7011928169878705,-0.8004021639769917,-2.44732950100801,2.23412423887765,0
9372,-0.9807743934785866,2.0001814765396215,-1.2308860135350062,1.2981271331538695,-0.0738195724046092,1
9377,-0.9096537691076336,-0.2085141983924033,1.0650869213661331,-2.346053355274089,-0.9228789510218468,0
9380,0.0264240810274092,-0.1808068933151632,-0.9714807375973598,0.7346372409321068,-0.1497097047416846,0
9383,-0.0371346517419191,-0.8021916109972269,-1.1750038466624948,0.2218263347171948,1.889010052790131,0
9384,0.9101368402738812,1.2798701343125372,-1.2984367504567358,-0.1914629856072514,-0.1980038996020678,1
9385,1.4284245212425115,0.9168265447100192,-0.1641369170308678,-2.288362543943994,-1.1588073108615269,1
9389,-0.8650765571685549,-0.6953277590638676,-1.261376430024235,0.1094984908230763,0.8665579878823991,1
9390,-0.4192252638706486,-2.2037034367400525,-0.1183729333481619,0.2739865752394281,0.2063672500082756,0
9393,2.0769083373226183,-0.077902269642135,2.0007589032305555,0.0819128147586002,-0.6669267235086798,1
9397,-0.4545623814200877,0.4212660932677516,1.5596192588032636,-0.0616452307374898,-0.470733884403982,1
9400,0.542718526132554,-0.6488352502049427,-1.0633949259441449,0.3438756594804376,1.3105669864942855,0
9403,0.0026573304701787,0.2245664943585246,0.5469479498418552,-0.8926488881218047,-0.4382731495074313,1
9413,0.9346862513547662,-1.0258995610901824,-0.6705670807608464,0.7464803100926451,-0.8865508877008246,0
9414,-0.3243405263838134,-1.7104509640460892,-1.3066232435404237,1.2593807969471804,0.1671928564799867,0
9415,-0.6290093367414795,-0.4885009417174976,1.7152999144754542,-0.6568149150443576,0.4733661855367106,0
9416,0.871459938892431,1.444970742040076,-0.8510630149940412,-1.399442778246024,-1.103673935811889,1
9418,-0.4690963613892592,-0.8317063305363062,-0.3314310917279642,-0.5811233280421243,-0.7018967007621457,1
9420,-0.9223957743758054,0.7012401457936184,-0.7254277362918822,-0.4528473340895632,0.0421759925621287,0
9421,-0.2863420985553825,-0.4292174935583797,-2.3429413909182446,-0.1728628043630144,1.613454640145967,0
9422,0.6296440487902795,-0.3755012779714959,0.4701799700402148,0.627361051879955,-0.8420609268188106,0
9423,1.2571747444183392,0.1630745024661557,-0.3123297145309617,1.5904370220159056,-2.0683307355266187,1
9428,0.3745366532453411,-1.025243395157467,0.6283751306423822,-0.0283143715778282,-0.3529892043229205,0
9429,-0.7852379593614686,0.5793322414658302,0.5120008253882463,-0.9555660434436982,-1.1061124296227842,1
9430,1.8916236642186195,0.8606277591261848,0.0867236130547458,0.6062451721318418,-0.4677331903404283,1
9431,-0.1723973173248861,0.0214680934485954,0.964302792856275,-1.4133263249074646,-1.0202581296386457,0
9433,-0.631805384318871,-1.4345345619181455,1.2603509547716054,-0.1493430828967616,1.283449177304676,0
9435,1.7960092009777582,-0.0198242920856848,-0.1827429955633252,0.5893408868979855,-0.938023292306317,1
9436,0.785108069506208,0.8583389223399744,0.0119119480442512,0.250052187163428,1.9296451554147445,1
9438,0.5126477664495521,-1.0093601380531545,0.0463943234323743,0.6737522889342638,1.9097104481480904,0
9439,0.63833424843134,-1.469968607674139,-1.3137877792514268,1.726344847897593,-0.6342540731994095,0
9440,-1.5164654070741603,-1.0047692648227504,0.7941304099390819,0.11283975038148,0.6473345508357713,0
9443,0.760722394853626,1.4925605637735757,-1.6117972445844784,1.4236898743074349,0.185333287483466,1
9444,-0.6210043295909301,0.6808127232543623,1.3553849520893224,-1.6790686378065214,-0.4309318976321709,1
9447,1.0736965191439267,-1.1559944301102796,0.6071581292217786,1.5327674609867823,2.530617098050882,0
9448,0.4789323312126761,0.983860955410354,-0.9926246722570704,-1.123399544094887,0.9873316711510062,0
9453,2.138064336846942,0.89705340524233,-0.1970441431897105,0.7988207897809577,-0.0477380123037314,1
9454,1.4663715107316713,0.821253056485881,-0.8665166661666394,0.238361705783309,0.4186256728257717,1
9455,0.4681085137293323,0.3187494259135136,0.5647447364134708,0.4190253764406078,-0.7211878088715995,1
9457,-0.9601281790079896,-1.7346287993753933,1.9668441870519544,-0.8175030535499123,1.1003774292019486,0
9459,-0.7674272942174793,-0.1765163079887777,-0.0372519562764411,1.1018208105545233,-0.4111131690003428,0
9464,-0.9594133354194164,-1.7047629095422585,1.7574565033056166,-1.0408360631376363,1.5238328263834635,0
9469,2.0379242558690076,-0.9648243087893472,-0.0364279337817598,-2.4135691830991215,-0.5198740743889915,1
9470,-0.4139353064891712,0.3318464088853583,-0.3179471663458237,-1.5185833022367303,-0.66390765962594,0
9472,0.4399550857307434,-0.1769602345197497,-1.2299645959892849,-0.3329651739073929,0.2909857762401464,0
9473,1.7367814531443395,-0.7722439939829213,-0.0852472116106328,0.9090827575277318,1.2605237898099595,1
9476,-0.1778609534347262,1.1989957484946532,0.1763420411101597,0.1858103328564564,-0.99403582920739,1
9479,-0.7532941828983429,-2.748047193765437,0.903974893178058,0.8410371178708381,1.4096915241099603,0
9480,0.3532394859267474,-0.4483006003347083,1.0234030605639834,-0.7014620832297244,-1.3265253045244,0
9481,-0.1472270953969859,0.4110483242057039,-0.8119604030719736,-1.0475071966053335,-0.4168435989800574,0
9483,-1.4487511798723816,0.5868928458882624,-0.4623498856242435,-0.0092202229716282,1.686804027726229,0
9488,0.5438745155086053,0.2399829670453601,-1.3816618778345404,-0.4089962929612579,-1.3380689589410206,0
9491,0.6926128875745365,0.7412913610365335,2.1980868311756105,-1.128736336345394,0.2347219106261573,1
9493,-1.0530774019533695,-1.797597143589715,-0.4916006231335709,-0.6734331904734585,0.6027289331801995,0
9497,0.7874888166991288,-2.225058064341276,0.6710127531958527,-1.1659437416608476,-0.5904472131018519,1
9498,1.4065599028341744,-0.6269327954864498,1.6137672930355949,-0.3052667369031908,-0.0846141805626237,1
9500,-1.5021838006238029,1.3131631454676502,1.6994382834124997,0.12957788215797,-1.7736913054162358,0
9506,-0.096376088119524,-1.330242007416869,1.8210900039673932,-0.0474515696528594,1.637104941268111,1
9507,-0.6222643799813937,0.8306232309459382,-0.5626229256717209,1.81904208015185,1.120771630072167,1
9518,-0.7037299804595115,-0.7475364099803965,0.1690304615920911,-0.1812822272427598,1.1055681772891046,0
9519,0.8493719739878455,-1.5452897806555448,-1.4189604075922475,0.614277486423496,-0.5154331251180804,0
9522,2.086863330597774,0.0170013153755869,-0.5737551546925683,0.101433770143788,0.5298785162935219,1
9524,0.0038911957957951,0.4729548525222533,-0.330457893507036,0.4699752519402727,0.4565571475082742,1
9527,1.7568597512186506,0.4316917980092792,-0.8127049532317697,-0.9238976387701424,0.9850950961282672,1
9529,-1.340327455849294,-2.1676385908801143,-0.6223769859602839,0.3045794230513214,0.9605536296066256,0
9530,0.4249430822581458,-1.3048276386988271,-0.2837059420638675,1.4293752585926185,-0.5121060767883923,0
9531,0.7688702388482974,0.6453474560001191,0.7598169321572716,0.4311948515255323,0.756734035489992,1
9532,-1.4815524081203144,1.5153305110850783,-1.806578553249588,0.3118062932663227,-0.0484531095622193,0
9536,-0.3092105980831235,-0.1309588467151281,-0.2744224305299652,-0.0994085942716307,-0.689027566794095,0
9537,1.2875716127469687,-1.0004221577291936,0.7444553679031425,0.6776212860068762,-0.9478382631164846,0
9540,-1.322816029995118,0.8696593152905162,-0.5925292961130876,-0.7992675215563934,1.7725096437735877,0
9542,-0.0162078530129186,-1.273827770090552,0.8213337322718037,0.5211909545291604,-2.1233617191474377,0
9543,-0.0634158237424671,0.2988555526568677,0.2405279594628366,-0.1847341903263685,0.7449814484381493,0
9545,-1.022501266127669,-1.123801832148524,-0.1000126308112129,-0.8577334779038973,-0.158800183724193,0
9546,1.3300953104929851,-0.2070644668699076,0.1381682727354145,-0.2287092436124269,1.3065067726052195,1
9547,1.6577919690990244,-0.4695301747750797,0.7277988456845448,2.0911475167958473,-1.160635187304184,1
9550,-1.7687791235038977,-3.148311503784207,-0.0419891965436402,-0.7682876986130704,1.338487306263508,0
9553,-0.3919922744995794,0.2841413247576368,-1.5741853303918514,-0.2516932164703568,-0.4813335429356098,0
9555,-0.513202628019228,1.3142002835840871,0.110317825113314,0.0793793714699493,-1.2808955665096473,1
9564,-0.0053101892118416,0.7577765304111064,-1.4114239701716316,-0.4994099273055348,0.5602078202281067,0
9566,0.4683975846593405,0.9489411070621244,0.3985205117045768,1.3612353033989977,0.419677595715046,1
9568,-0.7760682331755733,-0.9000844661013719,-0.5557308770494304,2.0707534993469747,1.8214794310848523,0
9570,-0.4396843129412028,-0.5696820227043415,0.2147588461971233,0.7749488111667479,-0.7277964433800825,0
9572,0.4535104353823417,1.4675852998504224,0.652692936835465,0.8537085210762435,-0.5290110610536617,1
9580,-0.2615944993628559,0.3021088772734968,0.3550329326525996,-0.7076670350074414,-1.3640605954831522,0
9581,1.9282269931450584,0.0338586425037296,0.4241894924339954,-0.8574351283529502,1.366197291175277,1
9582,1.04007966591932,0.0604760070188006,0.2101128225883936,0.2849836605288426,0.0981840514740104,1
9583,0.5579055592012424,0.3765860247930579,-0.1759026717253338,-1.1685785724310769,-0.0253389677105342,1
9584,0.7502594985004599,0.6721582177804423,1.3124141768067872,1.4182339318300936,0.701624394786542,1
9587,-0.7301672106840974,0.2746743674470903,-2.796511441941683,-0.5387888742403725,0.0681452598927337,0
9590,-0.5623774638672867,1.0095897978251291,1.3284998893163535,-0.1855293927704763,-0.0241853409361506,1
9592,-0.2210618138612774,-1.0698822036524605,-0.1175895746448236,-0.5124803472604779,-0.7063690522274643,0
9594,-1.90995053361604,-1.0438015473617837,0.1151272397550703,0.2419782182906697,-0.5859897531704912,0
9598,-1.276564016862299,-0.6488421990963104,0.3094837400570634,-0.8804421971846859,-0.0187527751971259,0
9601,-1.0928721953651022,1.09938822250096,-1.6790586179023936,-0.0186848798081003,-0.0641194197176106,0
9602,-0.0469254840968002,0.6648668169614755,-0.370738442632069,0.6530012644426949,1.985877551704268,1
9604,-1.994069071817555,0.3244972763468268,-0.4214253779872852,0.8027359624182429,-0.5184551436517091,0
9607,-0.149960851532238,-0.7345723429342548,1.5763656864358015,1.1551690765791778,-0.9468084008704982,0
9608,0.8167078582916586,-0.4800891092219245,-1.2293112357587452,-0.7178544870924313,-1.2559655119670226,1
9610,-0.5020973529076319,1.7526424507803633,0.0103065912939448,-0.5043372046289107,0.8534418133290073,0
9614,0.1787344311366274,0.797714079289219,-0.0963029662040723,-0.9334256828947928,-0.1545851016943895,0
9616,0.0204578123869159,1.6998694486231225,-0.409703788824716,-0.2743969328820499,-0.6427883604938198,1
9617,0.0378728861834517,0.311761415242638,-0.6870751846137111,1.4503605108197164,-0.7473276036746068,1
9618,0.4983967984431944,0.0265453469954967,1.2437224171481982,-0.8039311236931916,0.5725328763768891,1
9622,-0.7736227518725144,-0.927586768604408,-0.9102911333549544,-0.9328426175486352,0.2348614255688575,1
9626,1.579971162584752,-3.065036444779388,1.427769285347148,-0.8412565342354877,0.3801791741474608,1
9632,0.4114697534475262,-0.4922885020505513,1.324080429504549,0.7311852196893425,-0.6926204509853464,1
9634,-1.158932564690039,-1.0538536062319843,-0.1086652913527758,0.4765329787377568,-1.5931450123147564,0
9637,-0.2776633008899532,-0.6550362714596644,-0.0493912897637051,0.7159101036206668,-0.0252277152162686,0
9639,-1.781485249600219,-0.3316451932926325,0.9706724340919108,1.1666478607780042,0.7629487786676639,0
9640,-0.1506676419506616,1.4649019536040142,-0.7224953999246588,-0.341022398644916,-1.420933656543927,1
9641,-0.3453366286961678,-0.8617211386593013,1.5378708237574,1.3410005829879863,0.063279672266948,0
9643,0.4381569411583113,-0.3920710515869328,0.7395025220591547,-0.4708271050397928,-1.141612055464194,1
9647,-0.5519607400453862,-1.3344971365719684,0.7527806704486529,0.6428477349322103,0.9872338472520408,0
9648,-1.0783707626725167,0.1220121342640341,-0.6922662661008911,0.0464489131177936,2.906662220771007,0
9649,0.9036461244925396,-0.7556375747695695,-0.252628468701814,-0.3620816058962684,0.1239081862122278,0
9653,-0.7485970793312977,-0.9012127343389882,0.5640945202170824,1.3192757080071469,0.1962908109348681,1
9654,0.7395686192622518,-0.4255898001905288,2.1730846910208736,0.2385867039998174,2.0332007299834873,1
9655,-0.9652025410267888,-0.0450106992104686,1.0714954053065244,0.142014189867155,0.5177368762941952,0
9658,2.1524031700638235,0.5098980824461267,-0.846241373918018,0.4450354234370191,-0.1341477277339926,1
9659,0.3876263833942214,0.8807333643922226,0.193513444509745,0.1205479665699581,1.4865017318473557,1
9660,0.5396673482225681,0.194838424366892,0.0422140193177297,-0.565898432552524,-1.2455364178654478,1
9664,-0.7382787467151595,-0.8767007058811146,-0.3829604031049221,-1.9474828933043544,-0.3676003122349242,0
9666,-1.6344206832902508,0.7002558376310792,0.7243051189460233,-0.7424376161781805,1.6779481697703225,1
9667,0.4558297612486983,0.3112730600346041,0.6830645664965893,-1.0329948968028224,-0.3534366070164205,1
9672,-0.3239237019459824,-0.0020445298029402,0.234094606296115,0.5867088724616502,-0.3991459643325872,0
9675,-0.5288855175435343,0.7648792577934114,0.1792062038399597,1.160012292248876,-0.6188503753079173,0
9676,1.1031871762956056,1.402072438351583,1.4446102830727563,1.4274078295623107,0.1908675579285119,1
9677,0.5849457897371251,-0.4195780550812235,-2.222930589554694,0.2558746018629494,-0.1609953945691983,0
9679,-1.2841678770909355,-1.144125478703589,-2.1777568145839243,0.7636458311884199,-0.5268661757530396,0
9681,-1.0698001775916943,0.4650338947735755,-0.5940769874991076,0.582284406056818,-0.4974635836722243,0
9685,1.101237013365653,-1.836787746247678,-0.6501792857401786,-1.0057608348418454,0.5621012341767073,0
9686,-0.1427153804829218,-0.3465798669282606,-0.1800804608096653,0.7848246689245527,1.1216022738659832,1
9688,2.3485884089331903,-1.836738557306588,-0.5342325597818879,-1.0358428368146468,0.2887192314145831,1
9690,0.1943417024595543,0.6186119010106601,1.7528224054668464,0.4494338846152571,0.2176957221868481,1
9692,0.6039747416711229,0.9806628682581128,-0.5204011467070342,0.6691317852457547,-0.8976447340256881,1
9693,-1.2804874063043086,0.0708571182096725,-0.2185394289001658,1.4905337028916903,2.128450735489074,0
9694,-0.6085499672782991,-1.8115277927868572,-1.3671738021049809,-0.835698197052406,0.2073054232044326,0
9695,-0.2611918927556022,-1.2585104274034966,1.786138023264239,0.6628588455659328,1.759019375539234,1
9696,-1.8010922147698547,1.2726778052766772,-0.1490279072727087,-0.3918372345334848,0.0243296536921136,0
9701,0.2850759799919029,-1.9371702890158775,-0.705425311704304,0.1604529400031485,1.2098241026356091,0
9706,-1.6958554621930089,-1.3161751115984406,-1.2783678382905626,0.974266909094585,-1.7363703442227856,0
9711,0.4829145412495926,0.0693959367044267,0.9449845981276234,-1.267852757499942,-0.1291686341141575,1
9713,0.2852828033333999,-1.2587134738537713,1.0903670627506024,-1.0732222162147196,0.6837983966563406,1
9715,-0.4566704309720826,-0.7142618958354358,-0.1807544444979395,-0.5200866749768567,0.7862079482826076,0
9716,-0.5595621618409949,0.4755319226685277,-0.1155299138541042,-0.622740674325348,-0.7135911135126458,0
9717,0.2329878283010971,1.3707310413802838,-0.7308383110856798,0.0475387781003999,0.4838384960018841,1
9719,-1.3047000727787106,-0.1617957753167937,-0.9636110356751592,-1.4354420884939656,0.3799822787915266,0
9726,0.3149007646231829,0.8236484600013854,-1.7962938014153906,-0.5740137447535384,-0.930984466730604,1
9728,-1.440201480786142,-0.5251350685927921,0.060271775104396,0.3954666261795146,0.3307026114056294,0
9729,1.7531410578315467,0.9104038856941448,0.6569336033271285,0.9682905593855288,1.3527849569849988,1
9732,-1.264958625954475,-0.8775922401166206,-1.909973227242544,0.5680388015681598,1.922152941115204,0
9733,0.1788038269202728,0.2676948983508678,-0.5315935458511262,-0.216564884770479,1.2746563205650143,0
9734,0.090751078808842,0.6393010967073706,1.3008140731416638,1.1004483704253103,0.032332306265961,1
9737,0.2868822654947228,-1.2109117968652496,0.899709010068879,1.9082902800062505,-0.8686839259718465,1
9738,-0.7250222556816054,0.0256228000782715,-0.1257564636738377,1.2030781072614116,0.2835902814611377,0
9739,-0.2915992835638065,-0.5896932553681619,-1.5275757103680785,1.369506169470912,0.6276448324440519,0
9744,2.03313600430576,0.6943080979470269,-0.244973184253191,-0.6326244011077953,0.3468586519818065,1
9749,-1.2424000656771716,1.916927505254441,0.8567199150450955,-0.278029213735784,-0.4188686622453199,1
9750,-0.6382700671642547,0.3193649999687971,-0.787855998753074,-0.1173380644519956,-1.0865995766859018,0
9752,0.3132938366310094,-1.2550624870232872,0.901953466040636,0.173295898040623,-0.4486471640100722,0
9758,1.197232135751626,-0.8583276694227314,1.1190879974775234,-1.2006942403390928,-0.5171405799706078,1
9759,-0.1188064651773395,-0.2731748630200027,-0.6921712169596335,0.1267392566206011,0.7764544361148441,0
9760,-1.4537543608172472,0.1262191218980161,0.9649156349568496,-0.412735598129974,-0.5468767618445933,0
9761,-0.8508222197256994,2.0003541728667056,1.4931943049177403,-0.2948824864000554,1.1802812658184965,1
9762,-0.5260999557316194,-0.1556090668927746,-1.0599524489014915,-1.843114593407403,-0.5801777908464929,0
9764,-0.6579431569561883,1.591101814616434,0.6291461228846872,1.4228426424573164,1.7769655671528723,1
9766,-2.1140731428623813,0.4027729672861455,-0.8565712906578228,-0.3404065013652019,-0.6596937042596343,0
9769,0.8173470316923309,1.0333895226189052,2.5050843354624535,0.8008664540458547,0.2865084064081306,1
9774,1.3648695574021743,-1.163020824605047,1.615456151897259,-0.2423336035513639,1.2175227240667368,1
9780,-0.8533687772461419,0.4591609700736789,0.1703412914260234,-0.2185980547262237,0.5437352593665615,0
9781,-1.8125505961572792,-0.5406579143610426,-0.8786885399046017,-0.7748526223208015,-0.1539805175504207,0
9783,-0.5834429205062707,-0.3297096105833723,-0.6349500643138384,2.5424861651906556,-1.654198410464924,1
9786,-0.2349724537312668,2.504506101035116,1.0600924368101634,-1.453433599680258,0.0881368524433264,1
9790,-0.7013021610646626,1.1323003521082389,1.0637358594152595,-0.0011158784839983,-0.2580662750513093,0
9791,1.7625392210021793,1.6069191348137035,-1.5149617824764987,1.1942935903000504,1.723788912763866,1
9796,-0.2593414052978033,-0.5981426821585172,-0.1284105425752375,-0.8936624144333787,-0.0283621246835179,0
9799,-2.7295878961335984,0.8181265731067786,-0.5433642555219362,-1.170254975951409,-1.723145208650252,0
9800,-0.5556729676199322,1.58997862030677,0.9691099560397884,1.6343675337409589,-0.1138277984524256,1
9801,0.1067846434801413,-1.5792794115453417,-1.5794621278568046,-0.1465504394586889,-1.37618292761446,0
9809,-0.5747842411009989,0.3430773685491466,-0.3750058899804491,1.1225048064569485,-1.4055883794851929,1
9810,0.8626987504666281,1.2080274859419105,0.3650880656872948,0.9127244849467596,-0.64919161192348,1
9812,-0.0674071929196657,0.2822986100206237,0.6346945204478128,-0.1000262980952693,-0.476867333449933,0
9814,-0.3441976278988182,-0.6168389887561244,-0.0884494392530904,0.4817520118316019,0.5284109817989334,0
9818,0.7422553676278082,-1.185840459985119,-0.3546800811883143,0.2935017246252028,-0.0733034207467332,0
9819,-0.6242844498430523,-0.993722018450618,-0.7600820128014847,-1.077439833337144,-0.1264880997415003,0
9824,-0.0330335758536592,0.1120170577645,0.844243057526126,0.8770505646361646,-0.3660741341800754,1
9825,1.045960153214225,-0.4488710732483594,1.0162449610615396,-1.2338123991794248,-0.3067398033829831,1
9826,0.2225990932851073,0.3607930241838082,-0.8436055005602615,-1.6487601380789545,0.4603078135483193,0
9828,-1.8001311674616358,-1.0828010297615929,0.875818974966154,-0.72542492721088,0.6285092483190989,0
9829,-1.2925022277906948,-0.8691966984659193,-0.8947117931859744,0.4767636096309887,-0.2119090327673154,0
9831,-0.8539653375067668,1.258579710328769,-0.1010384055368608,0.2680083500904685,0.3829187115832641,1
9833,1.1499726064843088,1.1921709774231364,0.158293528756591,-1.4658262318637754,-0.1644627600631264,1
9837,0.4312588972431917,1.177569722514364,0.2963685358721631,2.2082098195383972,-0.1803939280363445,1
9838,-1.7177223972891296,-0.8488948921075259,-0.6693026893684436,0.5585799283878374,0.8318315678830477,0
9839,0.1361041248560714,0.2925953088894419,1.915075401783481,-0.8310884250616041,-0.0728737257412087,1
9842,-0.4382811666275144,-1.275896096463832,0.6071863838634167,-0.4642352671778948,0.1367503122145924,0
9852,-0.1488961342840363,1.7766634972671878,0.4821071325857927,-1.097720692474526,0.054910919104841,1
9854,0.6119376010392558,-1.841393616578484,0.6000840826033983,0.4432675303706246,1.465298840252251,1
9855,1.7240414958412822,1.8925338022954,-0.2777894350359803,0.540815680511332,-0.480381432362009,1
9856,0.9784290754230038,-2.161447728287285,-1.275402300066712,-0.4338724132016557,-0.0602124116229754,0
9859,-0.5695525479302068,-0.161741792551571,0.4246110164496987,-0.7706244766818058,-0.6774670736283376,0
9865,-0.5888821495614203,-0.6623719079759113,1.0906184358887092,-0.3434877115249097,0.9637257464805492,0
9868,0.3465038641883506,0.5551819574367003,0.6589081353291437,-0.1228581544995309,-1.6321036808276024,0
9870,0.0662321724675575,-0.1083864531876976,-1.212729017531468,0.5282708367976874,-0.4942667031643037,0
9874,-2.686478340923987,0.857109367736165,0.8762287255270126,2.326837705166531,-0.2497896757927129,0
9875,-0.519987784053882,0.1203462456366104,0.5598185643802995,-0.0902305068869241,-1.1830499815766844,0
9877,0.8320434988637799,0.5593834771832472,-0.1149763228716862,0.6899875376634151,-1.05228476038378,1
9878,0.1993978486470167,0.2429953915659083,-1.027537069239019,-0.1044451757342435,-0.4127635886053417,1
9881,-0.5577347937927865,0.5328106117694147,-0.9753400561100882,-0.7416899942197938,-0.5081122636230888,0
9883,-0.4440296679180427,1.81118752498866,-0.844788907049562,-0.2244745156071055,-0.3232243878398473,0
9884,0.1862940466548787,-0.2395723598696814,-0.1029344306670063,-0.6784725329933324,-0.4384925130747793,1
9887,-0.0233694260794541,0.8321850811234004,-0.9875535520419711,-0.0508792589007994,-0.7716616344420026,0
9888,0.9866732298806272,0.0789570933150664,-0.0230889974360645,-1.2409079205783953,0.7501957249704587,1
9891,-0.8820348965089182,0.9326844076218944,-1.5412484384519622,0.6663369092431418,0.9448057132312124,0
9894,0.2874227378023043,0.5723931011289216,0.9485963042229788,-0.953735043148215,0.7017038219442097,1
9896,-0.1183821869257376,-0.855458930202359,-0.4375180227923819,-1.031424086061632,0.5074969630860487,0
9897,-1.0348099926327836,1.2043256043074635,0.6919165357269985,0.2271554125119098,-2.0361469168245963,1
9898,-1.3225534487418806,-0.0801515439839436,-0.0256757236760679,0.9398085383225852,-2.9125445005455024,0
9899,-0.7591708334554881,0.83708378122379,-0.3372220950361273,-0.4673180101667554,-1.6122362088780555,0
9900,1.0585238590164971,-0.4849680453154377,1.0936964971437428,1.4657560030764931,1.317131740281512,1
9905,0.6839784313921192,1.2556343827470473,1.3798232182194554,1.279273839871058,0.0165825943421997,1
9908,0.5898549914328465,-1.8893558656496816,-0.0911294203299491,-0.4224102188115219,0.6378422573409775,0
9909,-0.8230095109558814,-0.7929900614708391,0.5011946684137759,1.1747651243325008,0.002623563647233,0
9910,2.3230495023626467,-0.3432692740885812,0.6797360257620172,0.3412522804585161,-0.3427546918385135,0
9911,1.311393848154054,-0.890323605112762,-2.075837592653073,-0.1261263027256272,-0.2568713147874434,0
9912,1.0628378078593048,-1.2497527964137338,0.5237061832911382,0.4026511374505656,0.3227992211704717,1
9915,0.1796038418473832,-0.2739381576943303,0.8539751795498399,0.8695750778311454,-2.378780890763222,1
9916,-1.4331501771430912,-2.404749776491524,-0.2738140968859109,-0.3360035483264608,0.1509760034466875,0
9917,0.8425197107222183,-0.0427427718451273,-0.6028875760520219,-0.0043153046244917,-0.493893345267143,0
9919,-1.614767049586983,-0.9359595623326216,0.3988586377203888,0.8589523426921902,0.2862791629757621,0
9923,-1.2935507224330902,0.0677219561762784,1.8867205652508436,-0.6618981959936565,-0.4880184969775809,0
9924,0.5816995408619641,-0.8998316015207564,0.7172562773889843,-1.796650047075146,-2.4256458423093927,0
9927,-1.503463478315323,-0.7131289315364158,-2.412107228181528,0.1851738077128352,0.3968980860981343,0
9930,0.6540184389323956,1.6315493835696415,0.1289644493759723,-0.6747531614725396,-0.0380759160025968,1
9932,1.3445437582793982,-0.1213918050136855,0.0253589781501755,2.359782450958542,-0.7392879038562677,1
9935,0.1790574906926576,-0.2913520801241226,1.9469640701422488,-0.4233849835180693,0.916684715499518,1
9944,1.0117067906554496,0.385257057975872,-0.1118024191596309,0.5919062239706326,0.0382894083157165,0
9949,0.2809447464350998,-0.1089887425194456,-1.0255043787566271,-2.780746233630448,0.4626085901257227,0
9954,2.63166768146794,0.811476570536227,-0.9187739286678264,-0.4108016718347682,-0.7098086600947164,1
9955,0.8577045873396045,1.1535512155576928,1.7162874384536495,-0.332370445951579,0.4680086097043012,1
9956,1.2804182387486458,1.5498335960071612,-1.2305266130755326,0.6201191329824757,-1.193035665338086,1
9957,-0.601766847417003,-1.3067904157668777,-0.6209434142263559,-1.4497021678471758,-1.1819504083710326,0
9960,0.390614965750771,-0.672414043272799,-0.2956917751476651,1.4656241950179412,0.1235450861094239,0
9962,-0.4123749514270318,-0.6945079314661396,1.0380382743219712,0.5791371523415473,-2.2923006678233353,1
9964,-1.3240497489713654,1.7072481404835576,-1.627279929163178,-1.4456245482506964,-0.4328293271320238,0
9966,0.2887606696459625,1.7835722223889623,-1.4339930768028777,1.1166861402017758,0.80798644331373,1
9969,-0.4993560736531553,-0.723978248315589,0.9527613105103858,-0.3332101996305761,-0.7985031653419572,0
9971,0.844713261726172,-1.42840173842348,1.241284110493912,-0.91319430656678,-1.6366436944627911,0
9972,-0.7883157822509862,-0.3495250543078735,-0.7349851741485518,-0.9651627811586948,1.0105744597153437,0
9973,-0.8706334083729601,-2.257790178819919,-0.3504416608110801,2.045390036567148,-1.0640378019127186,0
9979,1.3189994085502008,-0.5387640942600078,-1.5025386231659943,-0.2586511734824509,0.7525417119980153,1
9980,1.014671255892262,0.1138119983664387,-0.6338434124861047,-0.0440858482151072,-0.6551600081712865,0
9982,1.1068333231220615,-0.9639777679771367,-0.8662130276326259,0.3309396970687232,-0.7118437974869426,0
9983,-0.7168299045813835,1.5492358338552097,-1.0720421584664008,-0.7324990985575707,0.4388917276241662,0
9985,0.4368231032916142,2.1623634721582663,-0.4097406909660068,-0.9194112972308638,0.4977209150618762,1
9987,-0.6150198176883717,-1.825310223800698,-0.3600070205736342,-0.5129854578932171,-2.6375310856523897,0
9989,1.897156939334272,0.4001900204390528,-0.3541470107819064,-0.3410921851750492,0.4333385480429759,1
9990,0.0900001609930956,0.4355291811545405,0.4499447034885341,-0.738182714704024,-0.8228644913691234,0
9992,-0.4867687899486783,1.402718957547593,1.23203188367924,0.4155595572963239,1.7704024045917215,1
9994,-0.371792551406981,-1.5169474251402997,-0.3806867627114516,1.0276036100757069,-2.5740703826595337,0
9995,1.4030516621223792,0.574056897631656,-0.2344178940408183,0.2876545047974056,0.961105059664983,1
9996,0.0333988885359438,0.9486477074206422,0.8508236522841439,0.1751604702902455,-1.110712315210411,1
9998,0.6555071438245703,-1.270420328973782,0.1121143376477473,-0.3398041832951,-0.180413211219663,0
10000,0.7696800506512211,-1.8439053180757707,-0.2396576766733987,-1.0906361368524866,2.8636530081230047,0
10008,0.0803380181355006,1.7097187294234526,0.7466089029153714,0.2776974778625625,-1.1818961800008805,1
10010,0.2218841618157734,-1.3451885901880278,-0.467678662576772,0.612538072856861,0.7463063683441424,0
10012,0.5945680638941084,-0.4500707784142633,-0.6400397240731458,0.2228906852652914,0.7193817185084529,0
10017,-0.1619302418587428,0.2226279284341267,0.2812837135068311,-1.6483959886428123,0.1666979269739995,0
10018,-0.3620543840108157,-1.0137951465180306,-0.3727116997850225,1.1561363413101466,0.8086234860244456,0
10019,0.0972070994306473,-0.8970981811847177,-1.359628568079155,-0.9418156781476348,0.0122095513991919,0
10020,0.0332837173368194,-0.6513608535030657,0.8778003129460692,0.384490106564287,-2.65127840172118,0
10022,-0.0652547917569626,-0.0443505904440161,0.184080679597366,-0.5791066858680506,1.0924845778635033,0
10026,-0.840085439851138,0.2234780483015889,0.5122042384210769,-0.9325186303411556,0.3638596959158446,0
10028,0.1810854026740634,-0.8421493857166502,0.0609718977722131,1.2272255103975005,-0.0278002995258601,1
10031,-0.2597268988755703,0.7470834725817758,-1.036693442130595,0.1269509683381323,0.601111112474366,1
10032,-0.5420562398909117,-1.3735332490014294,-1.695359341858512,0.1553146755654557,1.6940265437974062,0
10038,-2.715971008936289,-1.360457373543297,2.056991679892026,0.3281472275075472,1.4636872630647566,0
10039,-1.0291967914936326,-0.0550350400533014,-0.1688963110867902,-0.5472923722492531,0.2102341172078017,0
10040,-1.114766261417148,1.2094848154857163,0.4672558664973077,-0.1741035292399436,0.1332776653326813,0
10041,-0.3023541331622474,-1.7235340919019413,-0.9906765908705302,-0.1800729031664006,-0.3528064207663334,0
10044,1.686806031953513,-0.2119100820713267,-0.8329948999734649,2.1572063989153243,-0.3718914008349636,1
10045,-0.7941092890854844,-0.4073076981889765,-0.4571138171195553,1.2705511560380571,-1.673732739714028,0
10046,0.5945123629703348,-0.0109576214101258,-0.5566942490994766,-0.3359181968917863,-0.2506803519982443,0
10048,1.0092688194272896,0.4885615887898901,-0.4438174189558981,0.8214642482306366,0.2992868213745344,1
10052,0.9017842047881088,-0.9080111044646928,0.6425777006278076,1.0387683844773723,1.0242231683798355,1
10054,0.5384022270151514,0.6751502718066696,0.5615552961632795,0.1493834845852554,1.0058103863672918,1
10057,0.4349571985984544,1.088287156503808,-1.2512337253003811,-0.0612905316847124,0.7887244364163589,1
10058,-0.1888858953353817,0.7160064162802143,1.0783473816471452,0.3944004389142464,-0.4956772736367223,1
10062,0.7029519173855014,0.347622584007746,-2.156073935380736,1.197944798040986,0.2496901322126896,1
10063,-0.569226001271603,-0.4697992157685653,-2.084656387547494,0.2177960080753799,0.6512039036399468,0
10068,0.6928017582719487,-1.3989009767853766,-0.0453667969716918,-0.4180836044670704,0.1941290409265702,0
10071,-0.6256025480721121,0.5611043446604479,-0.8097457915802514,0.2655771437437517,-0.6473188572640002,0
10073,-0.2075293993333781,-1.0325759481235122,1.306006024393468,-0.1006104586240244,0.3616414441428771,0
10074,-0.4988219569084565,0.4428741224377611,1.1451604514677702,0.1666241870472489,0.3605646297310151,0
10076,0.2393686755392012,0.8647532423096118,-0.431749661508009,0.5305507703456351,2.2974369107739863,0
10079,0.87583207283217,-0.2790481322366947,-0.3872725495363106,0.5169525670344051,-1.5337007707287764,0
10080,1.6693679082082915,0.5373172508618734,1.0514152942434776,-0.257878047688042,0.4963872643319044,1
10081,0.9328052563460376,-0.0907091783000838,-0.8732034182437295,-0.943124907737402,-0.4228171081464612,0
10082,0.2269834108066458,-0.1628272481953941,-0.4894140920665379,0.6780244752552578,-0.4610638609729502,0
10089,0.794167224213821,0.2788184652339598,-0.6378448770996514,-0.6077812765513816,2.031070945853824,1
10092,0.4871770737068268,1.5413349538581198,0.4666585684496019,-0.8407233173586931,1.2549468525320382,1
10096,0.0087153365945266,0.6157424349776088,1.2800819932020115,-2.157781255621874,-1.398372020913712,1
10097,0.0406161538551123,1.1192961502818304,-0.4806556834091623,0.6689628485443888,1.9778690756597717,0
10098,0.0103476601876119,-0.2281591751994072,0.4718571429086962,0.1800263228476175,0.2552492677535874,0
10100,-0.8171355944084819,-1.1978576171729969,-0.3261517178047442,0.0259293316154664,-1.099703099396888,0
10101,-0.2663222253840829,0.1617295537852713,-1.5693205713805989,-0.7594468323434619,1.8046495867789072,0
10102,-0.7086289546474477,0.7084267185786476,-0.5075025696386168,0.2001078832447948,-0.7973037853189472,0
10103,-1.9017540205651635,-0.4409890585899337,0.4418303920728713,0.6782763737561216,0.1430307274725085,1
10106,-0.8005858577793072,0.4275679924264065,0.3025380688073915,-1.0295004754976993,0.4922420653815043,1
10113,-1.1602973946950947,-0.7230373953924949,-0.3029019062846843,0.3209994115351384,1.3884233521955076,1
10116,-0.9113965034158962,-0.0718854850134356,0.9824985767531428,-0.8659850947498721,0.8678823732504236,1
10121,1.5632174735840785,0.2931061198349051,-0.6868274021118236,-1.500572749977828,-0.3501940815580434,1
10122,0.1856276920691839,1.1584311145055184,-1.0936113516696917,-0.8246209570080489,-0.4970383994931448,0
10123,-0.7751852816154944,-0.5145532453540471,-0.9451719619580812,0.4171397067800564,-0.4829386974567333,0
10124,0.0108071848685369,0.3043042287393138,-1.3794055403787957,0.5936263405870146,0.2094536170333622,0
10129,-1.1905652334621433,0.8627802673856108,-0.4517123101428008,2.7157979317139467,-0.5903490009132318,0
10130,-0.074030480226039,0.1583030847795475,-0.2425149330731635,-0.9971681521222152,2.204102260045832,1
10131,-0.6106644105329312,-0.6464936650191085,-0.1093992442626076,0.1932489092849125,-0.6848613638860898,0
10133,-0.5850347771296356,-0.0220482819590078,0.9299212335630636,-0.2438802901854504,-0.3171000816595695,0
10135,3.318855545990336,0.1942334325630408,0.3327549753731444,-0.7605050672566314,-1.048400014412045,1
10136,2.0561422710448274,-0.8053702858442999,-1.9998803336814703,0.2455580793698632,-0.4297647306037558,0
10142,-1.4397905667999746,0.9395212635537968,0.6570995373626132,-0.7143032131705362,-0.778723764870829,0
10146,0.0831729336643713,0.4663718102246344,0.8248614129154906,0.5486872688677047,-0.7046916427577242,1
10147,0.9181170063860598,-0.8090442244116479,1.2632556298997812,1.3299708162861252,-0.0101015145632619,1
10148,-0.6480286957771786,-0.6960471895266999,-1.0939952938696875,-0.9226222825868898,-0.1804555671398251,0
10149,-0.55942299250844,-1.6099069096704035,-0.4835705725970743,0.0928900231811095,-0.339112181561985,0
10151,0.1808205716344727,0.4973685164527445,0.2405843383455453,0.0986095735501957,0.763295723165494,0
10152,0.977881467851872,1.3832961172754874,-0.8319141655987736,0.2494310707232235,-1.6053787465269087,1
10160,-0.2432431736947486,1.6580288461171544,-0.3274225116161799,-0.6244381625691323,-0.401947478130397,0
10161,1.0712335995322726,0.187784395637664,0.4584542092305576,0.2359962095560599,-2.192898396222023,0
10162,-1.0688104694681984,-0.2787681031764756,0.3147473245437913,-0.9843057598309986,-1.0151410640653658,0
10165,1.6106666875143196,0.720674868969245,-1.2831239444966125,-1.9079714007219015,0.4996793150706228,1
10167,0.6307771759473684,-1.1803045462127508,1.2981052223257403,-1.011657467845605,-0.0704169066314554,1
10168,-0.6933089317057484,-2.740110722188789,-0.4205873755575361,0.7922724066493315,-1.0345374439354875,0
10173,0.7562462114118705,-0.1443957003357245,0.0294751600005938,-0.4312227651151132,0.4775056459109901,0
10177,0.9355119348116504,2.1654907190931563,0.5748261574277337,-0.6907947788627051,0.7433894901198868,1
10179,-0.4136802637948095,-0.4766037208096129,1.3617962549932183,0.5664508627877602,-0.1523532626259774,1
10181,0.7097521996874183,0.3080601537490004,2.1467335606625646,-0.7053205076562178,0.6757175703486441,1
10183,-0.3392141058661843,-1.1127827501968877,0.3647876947456845,-2.8088871200475087,-0.5811196603160029,0
10185,-0.3783137485367479,0.7659602131495162,-0.975140270673474,1.4269325964590969,0.2569099923056012,1
10186,0.4627083782615041,1.077224771686763,0.8904752907084028,0.803229074310436,-0.6577342003898191,1
10195,0.416590844877991,-0.0428618816249754,-0.4935377617979124,0.6633377005745282,1.4578282158388003,0
10196,-0.4947718898867614,-1.083993813001282,0.9451247674213678,0.0154290390883368,-0.1833764721554945,1
10197,1.0177528504422817,-0.262546042632024,0.3970614543208405,0.1602651810189277,3.2445003933962475,1
10201,1.2464016967879086,1.144364813703005,-0.2460115493478691,-0.7367348705734786,-0.1346912544998762,0
10203,-0.3617196714813873,1.706863593512147,-0.7695716955531401,-1.607400075874547,0.2020242664210281,0
10204,0.3795799296569597,-0.4210754496045178,-0.6813587410159364,0.1603391869624955,-1.3499035803460435,0
10205,0.4217670657503792,-0.3477137977234248,1.3870058328385966,0.3184140027506048,-0.1534699009602786,1
10208,-0.4459208250833189,-1.0470366207333,-1.2979223571646905,-0.3117532579396062,1.1382862665391238,0
10212,0.9010035751722631,-1.226230812064581,-0.4186346053594189,-0.8897827680296033,1.2945717966713015,0
10219,-0.4077355417123434,-1.2773743204323669,0.2103914499381364,0.0836875770273874,1.4140375185154257,0
10221,-0.0801011335810217,0.0850274961557979,-0.9318205858852332,-0.1529854101826163,-0.2905415482734698,0
10222,0.2854678254216802,1.0452634612923457,0.8948080025896524,0.4400204899421841,-1.7947122640425788,1
10223,-0.5060400987827232,-1.893224490941653,1.0109565748474871,-0.1916114428324904,-0.2183479754472677,1
10225,0.1310060143542402,-0.205702290271235,1.1916111867377246,1.1813380414641423,0.0229483975536276,1
10226,-0.8486530367234911,0.2560445820911267,-0.6660945358992156,1.356188114295492,1.500022479071501,0
10228,-0.3728370967116243,0.1629096276084076,0.4575781999733672,1.218347970685134,-0.0909396280222537,0
10229,-0.3692541691750121,-1.357147214608347,0.2783985847761165,-0.5215211756593863,-0.2770531647710608,0
10240,-0.619880459563903,1.7911922388251362,-1.1681117501835314,-0.3543296049764843,-0.5556873537598468,1
10243,-0.4958784650889695,0.9780242739089144,0.2162981294875737,1.5564207762393805,0.437905440671456,1
10246,-0.6426636816663966,-0.443923405017491,0.7553327688316059,-0.0276088253761699,1.0641280655928622,0
10248,0.3969716533350172,-0.9685454806477484,0.1724974896476963,0.5102522103858791,0.4183966871035575,0
10249,0.9514532913721924,-1.0479152926319053,-0.1816246190522462,-2.2534651294691437,1.1545311987937508,0
10250,0.0965900021137291,-0.111782979887093,-0.1280567032384021,0.4802450401094866,1.0406748185832269,1
10251,-0.2911831026016498,0.4095039039395997,0.3978613407887618,-2.1984691976870607,-0.7080082617548857,0
10252,0.4354964211128919,1.2338511224046005,1.3590729266772663,-1.2246691908505225,0.9994144331242584,1
10253,1.0331558544203134,0.4127319671015408,-2.019840308506778,-0.5371295589778669,0.1083130851693102,0
10258,0.8310968054160647,0.1102335594457942,-0.5623023512956606,-0.741125694534429,0.2692731813348139,0
10263,0.4676428994241001,-0.2483686435164688,0.3826797165966518,0.1698360725079034,-1.073751306605258,0
10264,1.0612798905947742,0.0960920618287739,0.8622019481622997,-1.1653823557033236,-0.7639143363929289,1
10265,-0.3923627968094684,0.2429062026218398,-0.1035700222079209,1.3643497957551485,1.0346187660889905,1
10271,-0.1169172522623851,0.860540834756883,0.1453908476633958,0.3568022215171708,-0.4352153741275942,0
10274,-0.0393985418982904,-0.1642313581492744,-0.8707989884113733,-2.035087077651893,-1.6701609846830308,0
10275,1.785246308566795,0.037810142597695,-1.4362133509996866,-0.6021186517059951,0.0101376920989825,1
10276,0.4488451441442259,-0.2332250813030404,2.0212134152921175,2.068359218343567,0.382982488562674,1
10278,-1.2070205010915604,-0.5842630580975755,0.5734568073441602,-1.6651938088654936,-0.8935129868178928,0
10285,-0.0648866929778132,0.4952249470048844,0.7522719302442342,-1.0510979350642171,-0.1099987154546096,1
10288,-0.3284566005431258,-0.9107091668901725,-0.2484349557229249,0.2147328499598344,-0.3473858630298595,0
10297,0.9681260821220824,-0.1698837798577309,0.4723163508806683,1.8726538621412572,-1.3845710724929696,0
10299,-0.9416412097997028,-1.3116469990467408,-0.9422625207700746,-0.6557502832797037,-2.1634550489128284,0
10301,1.0139366742429397,1.6676916211179889,0.964870395367575,0.3424025913247134,1.3139802974480508,1
10302,0.6328987520264548,1.1106945793842693,0.1186743661950405,-1.0603151759034215,1.1637524836357325,1
10303,2.6096271882019417,-0.3404147671459194,0.0225807409169395,0.1119995644773134,-1.469026596732074,1
10305,-0.116212831722929,-0.7657212445075287,0.4349251767135622,0.3285172121000602,-0.8802557785367795,0
10306,0.4147359620704685,-0.6234386931106066,0.6530890081010402,-0.0431699524389582,0.3941994034421178,0
10307,0.1760202986676128,-0.0563223465906552,0.3270657190432027,0.8421173158052832,0.1204985134100587,1
10308,0.1042639946365557,-0.3538749362958613,-1.818685152923131,0.0337479966972622,-1.2663284462866384,0
10309,-0.5659481359668764,-0.8660172043704706,-0.7175711853433931,-0.6551825078887691,0.4855330307440651,0
10318,1.2236064777811704,-1.0852787888356292,0.548668971399354,0.020183940305499,-2.4446873129983544,1
10319,0.4631955583936358,1.2920094917366078,1.5707443467947908,-0.0353483768717888,0.8295532685789356,1
10321,0.088212646074213,-0.4177346885456176,0.2124647798330957,-1.066392841761924,1.5235303301719814,1
10328,-0.8700080081705638,0.3581124690113472,-0.7257541792545885,-0.7946842115381062,0.3516369434745213,0
10329,-1.4814974920078092,-0.3220114032646439,-1.537038673078626,-1.355021864038198,1.1707057151411835,0
10335,-0.8641955160862201,1.7628409235538514,0.4619686779971718,-1.15201347886041,-1.8158765190785355,1
10337,0.0047565628144985,-1.6814789407296111,-0.6988798535895642,0.7945687772254154,0.5860506513819459,0
10340,0.0634775967884735,1.5422668464210092,0.5429091004365368,0.4075951198933437,0.3712831663809742,1
10341,2.083979536329032,-0.0441323819774033,0.1639080241154436,0.104801182106955,-1.96598933690976,1
10347,-0.0482122777452803,0.4087678991036313,0.8958511265725563,-1.729257511721042,0.1287238717512445,0
10349,-1.1294035148152457,-1.5877056450008706,0.1196737344026778,0.5267137590426877,-0.3420157084248457,0
10351,0.9206782520709578,1.3975493299904649,-0.1903049703885619,0.8671350812178503,1.4144346308362223,1
10354,1.2301787219498992,-0.99025961177299,-0.4729379406648225,1.006356802763826,0.6048266994521769,1
10360,-0.0156002329335908,-0.6950983359855111,0.4096633775978062,-0.2757097607394564,1.6631884934825345,0
10363,-0.0945618645847447,-0.1227568686174666,0.5624335829327516,-0.6600782601080311,-1.965744192948182,0
10364,-1.0989221331269972,-0.2859235795889334,-0.0489520235703574,0.5587483847851581,-0.1452391104181252,0
10367,0.0140177324285479,0.3498687796083437,1.596503700327345,-1.811335608098228,1.7096861665376126,1
10368,-2.559131706881443,-0.8260277373635173,-0.5591401078964198,-1.6332817657563865,-0.1648612845928069,0
10370,0.6449211769382879,-0.3249307001232422,0.1190758179128203,-0.6357096614071952,-1.2254853153931986,1
10371,0.4279140570912403,-1.4988869063684698,-0.1874485030995483,-2.2980107835984773,0.0709790367506893,0
10372,-0.7269774303687718,0.5681989204350799,-0.2224714796121285,-0.1275850061210544,0.052188409585953,0
10373,-0.6114553672785532,-0.5665548956772501,-0.5661183778560063,-0.1251690188725501,-0.5569528509295522,0
10375,-1.014699753773329,-0.0254958473897554,0.7670980799468328,0.641020404680168,-0.7481988146975717,1
10378,-0.2692169050072579,-1.68314603416784,0.351217378227136,1.0471988833862227,0.4750927801161385,0
10382,-0.6984242699122661,0.0737518741500369,0.2074279831459249,0.2561737757023761,-1.0557373534602097,1
10384,1.4485023067287075,2.131603948112456,1.6527941266485846,-0.1342958100632349,-0.5339451269108927,1
10385,-1.1354255159219164,0.2662273615616916,0.0243459455067748,-0.0430151981255787,-0.829080808039791,0
10388,0.6988011884631257,-0.0494395475653444,-1.0617346208466132,-0.6689215452588284,0.1652247622480227,0
10392,0.329959226297421,0.251304936124035,-0.3048429640585319,1.7546826954659678,-0.6231143950882339,0
10395,1.5214785708467178,0.3255304172151836,-0.4277948569428588,-0.3624315056562175,0.2873552138324717,1
10396,0.1295847543037348,-0.3802207210848386,1.583954377372958,-0.2461835506873957,1.437282999369575,1
10397,0.0999243759800605,0.0378980480782066,0.5180444221843263,0.5050609444434088,-0.1445585345841188,1
10398,0.5646844501257602,0.6875552398663924,1.6532353442013972,0.0713200918282083,-0.7808352474929683,1
10399,-0.6776309590610009,2.36792171543864,-1.879772771688713,-1.189927800920442,0.0259659534614198,0
10400,-0.6151350517582599,0.818860289601416,0.7314111756593584,-0.5346509496106533,1.5037423676053143,0
10403,0.0593067367571616,0.188029715637289,0.312736312281794,-0.8058704657809892,0.7662391721827613,1
10404,0.2550034926262201,-1.1460834888551914,-0.4656537949201528,-1.413153535642155,0.2138427668902239,0
10407,0.6844626076719375,-0.2767679165447512,0.6381110050209989,0.3098771266817697,-2.048842674148222,1
10410,-0.4981228011067802,-1.0684388065169708,-0.7600101123432496,-0.1553447701330037,-0.7490860739575425,0
10411,-0.3079877758311949,0.3481191951681248,-0.4808185808341719,-0.8597221156396521,-0.6968089714907754,0
10414,-1.0778765871417968,0.3881728136515335,1.442437129361527,-0.3130155128315237,0.2921389834326885,0
10418,-2.35961585485195,1.1826726615275138,0.8541834728856925,0.3848870191390584,-1.7998207346565798,0
10419,0.5976761021673466,1.0335549874979024,2.156396481308848,-0.2814497229781376,0.1590501530933925,1
10420,-2.152667523568198,0.9683544240117145,0.9442046098471116,0.4038470129109865,1.1876264453118504,0
10424,2.0665645105043584,-0.1264555456168486,0.9373673167954856,-0.6304944572184992,-0.3072388527465428,1
10426,0.3986974440914,-0.0363017712816144,-0.1794208590618228,-1.3273749087409978,0.500391029644267,1
10430,1.5666642277805407,-0.1663684661768776,-1.5486754291019094,-0.6845199161816258,1.8079917994123835,0
10437,-0.1110556397830077,0.8044813938960694,1.6125982992496608,-0.4603607021546422,-0.265807077229293,1
10439,0.7255701554179826,1.4738503234055702,-0.2839508249106168,1.6630692947849015,-0.1079346303570216,1
10441,-0.4036735445387408,-0.5093988922094178,-0.8727747387458679,1.0315940283153997,-0.2227270582370542,0
10447,1.7406959686371384,-0.3185507341510817,-1.5456116709757477,0.2202853915664969,-1.589853094705079,0
10449,-0.3961427926443706,0.7581475352676534,-0.7667687412356051,0.0644686172274395,0.5414922457980256,0
10451,-0.1491928134658974,1.3537456392488656,0.9713485939375328,-0.2755695911413561,-0.0713165356133533,1
10452,0.4594282878096948,0.4801279171500702,1.378140792785401,1.1314593499630727,-1.3822904769476865,1
10453,-1.5950502742376182,-0.5436728952292709,-1.8525083289384088,1.3124376290528812,-1.495892066537684,0
10454,-0.2991728900295211,-0.8711745580583602,-1.587088798124451,1.180754308377488,-0.5767351022968878,0
10455,1.907047717649508,1.4054045878712556,-0.0031684704843579,-2.0952172641975677,-0.3402005841947694,1
10456,2.285899976414174,0.4281953704178857,-0.1673039763321435,-0.6114552420220555,0.8871930607273474,1
10458,-1.586867167417441,-0.9823023079278116,-0.6165846876836756,-0.037269651005573,1.4990093275886098,0
10459,2.0526054076397577,0.391676643449686,0.5502030302193905,-1.5112152056011283,-0.4227778370920854,1
10462,-0.8372995204580426,1.0709624027459634,-0.7483757085371804,2.0126538494883097,0.9496158803677832,1
10464,-0.423992933913417,-0.1026941375860765,-0.7583368075312543,-1.1244521556236866,0.2354311662094557,0
10465,0.8882098205477346,1.857700346031934,0.0766948550928845,0.6025008406374331,-1.8511809835319293,1
10472,-2.7356188584402212,-0.8098810782739784,-1.6607308391542197,1.1991764716364968,-0.4335572542651655,0
10474,-0.2655013098526906,0.8531136147220719,-0.6554072040606584,-0.4019960082772369,-1.5367772157488022,0
10475,1.6763873868855674,-0.9936459939015374,1.4108209567056331,0.537301703252858,0.1992710344209375,1
10477,-0.5432630452464607,-1.4313984282914962,1.9834174359506656,-0.6034722412287774,0.4618404553070526,1
10480,-1.482702223967706,-0.1064899706244021,-1.1032947756985982,0.3009913959582058,0.0330349359235909,0
10481,-0.9439899278307516,0.024245966569762,0.0657495088813399,-0.609267116069022,-0.4165695563883171,0
10482,-0.6480316042799962,-2.2804821152423753,0.9269161203575224,1.194836149400697,-1.7502156127889077,0
10483,1.20804085145785,0.4014833315520733,-1.1021595297427174,-0.2092221548891457,-0.7055823689521401,1
10484,0.9233229780941292,-0.9175849849668282,2.122921851769146,1.158549021421981,-1.224946938919392,1
10490,-0.988011566101151,-1.4380666448409165,1.2255321209365808,-0.3792022091651815,0.319098240036938,0
10491,0.6382347326279451,-1.7498201872387298,1.1405934751257316,-0.5613636163662619,1.898867367873289,1
10492,-0.7962546926218728,1.565722107569466,1.746720252437445,-0.4894964350723907,-0.1903052947959917,0
10497,-0.792900478711353,-0.0687598268296033,1.3792414049681627,1.7378352925576577,-1.282397745912756,1
10498,1.2452742424817556,1.399122519362083,0.3246534695688573,1.3579502847092044,-0.4149774036625981,1
10501,0.973848027928725,2.9111017727669393,0.4108290269893166,1.6952254243597469,0.1838052720759156,1
10504,-0.4860394464174578,-1.149186484760195,1.0559475806987009,-0.8921296694243065,-0.0308534953260578,0
10508,2.110303173569065,0.439408965321041,-0.2060129665523473,1.0181915416582907,0.3679444717196357,1
10510,-1.8948926442059668,0.9500569491607052,0.6284580498504534,0.842097024923946,0.0461822660760256,0
10512,-0.0467523423344173,0.2318406814691828,0.4332983295603339,-0.2385628209627643,0.822417967128503,0
10513,1.6580120524905428,0.9796955045052144,-1.723269567503796,0.1097992396309256,0.1552185537166829,1
10514,1.242254780719653,-0.5490877436785265,-1.0404254458711633,0.8356046816677322,-0.0192279768534654,0
10517,-1.1297600124176386,1.0322153005343175,-0.0416820850279,-1.989134050398713,-1.585369069699904,1
10518,1.0375467783775505,-0.0432335848731098,-0.0199176137743786,-0.0026949428087797,0.4873731901462765,0
10520,0.4744731034911947,0.5552512337136236,1.099659152473755,1.7121408475013573,-1.1598876707054728,1
10521,-0.6140043839933403,0.6682638567362033,0.001187746667825,1.4433899149930731,-0.1935808986967871,0
10524,0.3051843804528291,-0.1228970648103266,0.3563137745685731,0.1571715963739971,2.354378200117697,0
10525,0.2592488353743264,0.1125065250329331,0.4209148165557324,-0.0262428922065997,-1.5839728125457846,0
10528,-1.0181126199985076,-1.5718191805153623,0.3191346203822803,0.4087722914570895,0.4580578534992816,0
10530,0.5419269021807298,0.9067755597596568,-0.8978017455193491,-1.2462345875328005,0.8849876475288697,0
10531,-0.529013526739338,-0.9851601592300668,-1.8501332520240223,1.4073952354369237,0.2756640918398377,0
10532,0.5454901326207244,0.4374182492640803,0.2125363065083421,-0.0232176206619188,-0.070287221602487,1
10536,-0.2849482482428457,-0.8299287691486696,-0.1534955736362975,-1.9603755233483624,1.0993394278170008,0
10540,-0.2123621508601991,-1.463660178216715,-0.1967690541522725,-0.4100359892790604,-0.446604253863869,0
10542,2.1997360360870544,0.2963296100117664,1.473034913359646,0.9764452284600914,0.1904386692816944,1
10543,-1.217076945444277,0.8952512560388763,0.239733611729655,1.787353505817221,0.7402078660729283,0
10544,1.0558202538897306,-0.5783074565285793,0.2445895056639238,-1.9236021045116376,0.5545039209835515,1
10553,2.09981668227673,0.2490424743845605,-0.0868181937738925,0.2491052268769419,-0.1316350861555155,1
10554,-1.2887613962209783,0.2986772367437031,-1.451600620187331,0.1030959446314673,-1.5931957092430027,0
10556,0.1468716563958944,-0.6270631619340498,-0.1310131515974361,-0.6563102182387863,0.9448191662992732,1
10560,0.7995059664317792,0.8248750822622705,-0.2161658693569794,-1.6895084538292828,2.5084514436567296,1
10564,0.3870571798014499,0.3300646679899533,1.5586150420092597,0.5983350455163285,-0.6578964196151953,1
10568,-1.4234092409803376,-1.181976879078119,-0.2391215667434102,0.72178960809105,-0.7252534858940779,0
10572,-1.074974505290898,0.3764873553213823,0.7011776188771882,0.4068981341786681,-0.8836679795522323,0
10575,-1.396962774247117,0.0934715903391085,0.1302498980655111,-0.2506923014573363,1.4238107076886586,0
10576,-0.0373322330845944,-1.5500278605080842,1.5164762197955537,-1.1484569940547371,0.5475581318511424,0
10580,-0.2673885243135405,-0.3422663448947839,1.1001107708089328,0.7643424157455361,0.9692844625369746,0
10581,-1.1708582334664697,0.0775519894414491,0.3922902922463933,1.916700756933656,0.1653825745620763,1
10582,-0.1150525974481796,1.1352559801381772,-0.2096267503026414,0.5186886416568679,0.4890500145036176,1
10584,0.7215098933892203,0.5703490990672365,-0.7427815345139754,-0.839793574280862,0.4886146969340173,0
10585,1.7520894562051588,1.020776020439936,1.2006369248522226,-0.304471875763148,0.4154579667571434,1
10587,-0.4450955685052242,-0.3384820169524215,-0.0294765689449444,-2.066283003928247,-0.9323498775054938,0
10588,1.5708737468850111,-0.0088498839456705,0.5613895636927303,0.4161550907283592,-0.1082752873439195,1
10589,-0.8829346478622455,-0.549878473809949,1.9584080260256655,-0.5332711806791188,1.7216712787122763,0
10590,-0.4153128554956261,-0.3191835454334705,0.076431614564926,-0.1760948158317177,-0.938548946656272,1
10594,-1.854968727190876,-0.3006025385082664,-0.2981119662197539,-1.8883955831454995,0.1658936503672264,0
10595,-0.3717275870680842,-1.998912805741856,-0.7662535632782598,1.3863858239444944,0.9087305424744704,0
10599,0.7461198660817001,-0.124732028207408,0.9168108640744524,-0.2344865791644833,-1.0570812572904311,0
10602,0.7502903234155383,-0.3025124650177566,-0.6998263530853988,-0.5107309771743267,-0.0913304560604676,1
10604,-0.7288121740983593,-1.2730401560601647,-1.0285146756985877,1.8721652408837792,0.5438600175915962,0
10605,-0.3388822399102263,-0.6565620721178704,1.2353041859281255,-0.8356723392573737,-1.7032107861183423,0
10606,0.4751973253037011,-0.92673431027741,-1.283479280971702,-1.0924147455116522,0.415011795835931,0
10609,-0.6300052875643131,2.6663095850208736,0.2762223579061465,-0.1762921413760503,-1.3347021489832076,1
10615,-0.1967711339428073,-1.588034875446127,1.7744132816355558,0.2662959139318504,0.2712295017428384,1
10616,-0.0480257446334441,0.9080482198882172,0.0482124068157873,-0.3109372665193002,-0.2470057853974497,1
10617,1.2513106693327742,0.2023882856084894,-0.0351259665556511,-0.4354515887218646,-0.3205253753094259,1
10619,-0.189890933437972,-1.4820271408301036,0.6641408493279548,-1.5950578487548095,0.166834082765882,0
10620,0.0520912235560678,0.7680283286927517,-0.8957144886613957,-0.9451557614578632,0.5345870803379797,0
10621,-0.170806103541317,-2.0171110358379276,-0.0062045394116711,1.8077477483638889,0.5486189266580116,0
10622,-1.18559328300066,0.4696794417430725,0.9827960657153711,-1.7250261294203597,-0.287447675074626,0
10623,1.2995404816953326,-1.5242098890463305,-0.2799423464032697,-0.2151706044567903,-0.4155369065733496,0
10624,1.375850513818102,1.2222843373433696,-0.3024621084070634,-1.0171169583737447,1.27295927280718,1
10625,0.7749181351063663,-0.016806607567493,0.6549052679593875,0.6475278755680655,-0.8745483306895904,1
10627,0.171400619883301,-1.126155312889804,0.4293990719124522,0.222529448192996,-0.1018404095687708,0
10628,0.4691940907152198,0.5923492798370363,-0.237907722197195,0.0354042844959013,-0.6786650347920505,0
10630,0.3715190335465424,-0.5439677975630034,-0.4477852656730563,0.9370003215150156,-1.487316194941439,0
10635,1.536465622149302,-0.5197268830034659,-0.0181554231743378,0.1035019744989929,-0.1740856443945991,1
10638,-0.3395507824960299,0.915692564466736,0.6497505032524006,0.5164439244969585,-1.5143062420938989,0
10640,1.0815844877366538,-0.9387736007782158,-0.6576795505634353,1.6739750147531869,0.3657765070694435,1
10644,-1.2487218852843585,0.5074881864670914,-0.1415274013694009,0.8774312017195829,-0.6967719777769242,0
10646,-1.5401246595565723,-1.3769376350239422,-1.0651097508963658,0.7741469887247642,2.107865515848297,0
10648,0.882669876010862,-0.4990624457081819,0.4011884059682934,0.2750854499234987,0.1003389675568635,1
10649,-0.3954555021517405,0.1209609264388347,-0.0958948655748281,-0.7818428336184551,0.8845183607642999,0
10650,1.5746739534791407,0.1701107100071826,-0.0459968786301389,0.7587627181500263,0.1852890815480855,1
10651,1.140346635626321,0.106344802255392,0.5861642969690517,1.7334786554287542,1.2676924057688308,1
10653,1.5297853055580244,-0.7514312380356306,-0.0273163501453666,0.0030415776780257,-0.0921928799127038,1
10655,-0.6385015323191318,-1.269091739365669,-0.0321984221321244,-0.5199247736215237,-0.2096810493454912,0
10658,-0.4929985025213459,-0.4067924180360721,-0.6751629209225567,0.3330297631808173,1.8312561050679008,0
10660,0.0029358664687471,0.8549629756018599,2.0103011082672535,-0.9802153082340568,1.0997880391223802,0
10661,0.261017978677608,-0.3888234692535179,-1.0459863273096224,-0.5838985338779228,0.5732789821652162,0
10663,0.4165037320541443,1.921096573173474,-0.7178504233006001,-0.0956205550304933,-1.5754770594969076,1
10664,0.4384989717449033,-0.690002762330898,1.5760525934597287,0.3603197898066453,-0.2832380163859718,1
10665,-0.2762834873507013,0.364725840517127,0.6910968250999829,-1.168836289082707,-0.1486029592474931,0
10667,0.3643951941306301,-0.497801338257381,0.8062885690991716,-0.3831183232737436,-1.812356243905951,1
10668,-3.43381393519938,-1.21641135489541,-0.5441817778959661,0.1716983692665356,0.5973023284267752,0
10669,-0.2580520802808653,-1.4101010549161548,-0.3805118166082606,-0.2182626199226002,1.7375550342714317,0
10670,0.5568426345991586,-1.6564638110424297,-0.3150385184112622,0.6964898686129172,0.0209987988199719,0
10672,1.0133297781231343,-1.813995700013669,-1.5542776454224123,-0.734828190417615,0.3022375121778853,0
10674,-0.2730657869813841,-0.7058105464827993,1.0890277036725295,0.6597492606987704,0.6237943704146467,0
10675,-0.778022304782369,-0.5125972388742973,0.4764104485403452,-0.5875011169378458,-0.9265136312665252,0
10677,-1.0471136337467468,0.472637895101329,-0.6009987908067438,0.8456412057401044,0.5091443780004749,1
10678,-0.3471373056097004,-0.7498913885274316,-0.8492855310948914,2.589666886517709,-2.2913774814573205,0
10679,-1.7602759857746093,1.1024804686585572,0.8866235860716762,0.3603418555864819,-1.9919224026329132,0
10680,0.5388217644898892,-0.9796605118334494,-0.0988237619518575,0.4068745901854618,0.5065871217540084,0
10681,-0.6506894669758614,1.2849288511608017,0.8129002561789295,-0.960151755498666,-0.4797690019609236,1
10682,-0.7586637957939627,-0.0626302372381168,0.6291759962188506,-1.8507009505909304,-1.9841729215590216,0
10683,-0.832065951495169,1.3526951701313332,0.2375588121752813,1.577173449642151,-0.1557508732507898,0
10685,-0.8410817757246354,-0.8498625145780585,0.0217480562584523,-0.0421477062341563,0.3200232945649422,0
10686,-1.622697895254784,-1.1350149883278902,0.9259364752264356,-0.2590653513803649,0.8469347849021993,0
10687,-0.1412079059946269,0.1871719260139283,0.5286897986413099,-0.5564815930927068,-0.6671180699265645,0
10692,-1.098012857063154,0.951774301199314,0.4291332263409099,-1.9760518211071232,2.8797272640470353,0
10693,0.0116534422403835,1.701664592130477,0.1741977905341497,-1.0407393400140397,0.1940429129452851,1
10694,-1.4675616162980791,-0.1259259630016874,-1.0880294993906308,-0.2044168962128941,0.2480055767299432,0
10695,0.2955168570769728,-1.4598178302280738,-0.644807855476837,-1.975256905737559,0.62085557207943,0
10700,-2.2108393218261964,0.0324805014115134,-1.0459760547731207,-0.3590608031703081,-0.8102375314024528,0
10702,-0.9949262574872548,-0.2524978467639925,-0.0374872639804217,-1.6906125429419223,-1.1177017243597926,0
10710,-0.360025419898472,0.0077686273843192,-1.1561977248019493,1.501883831871424,-0.2500473725367003,0
10713,1.927196458764312,1.4145781216710902,-2.150383158935198,-1.0105417661915652,-1.384933780059015,1
10715,-1.679270226383574,2.503085372193362,1.5043426682662548,2.4816758698492785,0.6063895740561334,1
10717,1.1522203872279186,-0.0065941177452148,0.5545986278644771,-0.3326560056580533,-0.4124002616733395,1
10719,0.2852890868983735,0.6680986781063193,-0.1844573395842115,1.068183645328265,1.4902510693222295,1
10722,0.1536102318472874,-1.320694372815156,0.1459106336951959,0.6567077271864569,1.4825953385179402,0
10723,1.313850857449262,0.3631077717628718,-0.223364351461142,-0.1655376793017358,0.4075170565249579,1
10724,-0.0466243557507901,-0.090734888766762,-0.9345310729077908,0.6706698252444255,0.2977524415826481,0
10725,-0.7562895038598393,1.48901748445103,0.208535538696632,-1.424089752137009,0.9448937053968096,1
10726,-0.6726569910667006,-0.4097956245698402,-0.1869232490047859,0.8632153029142817,-0.057734401593728,0
10728,-0.2043518144548146,0.7458881333865092,-0.803163991952889,-0.7353428249366305,0.1097222835782569,0
10729,-2.12632092192001,1.0075764367314093,0.1301374485852653,0.0930578004425833,-0.5393184044997201,0
10732,-0.3530671728219862,-1.892513611029652,2.3065494941403335,0.9334184394994772,0.5172533207266827,0
10735,-1.2708021463886876,-0.1897528796312019,-0.0540247611762667,-1.3906771949650911,0.4488393256694553,0
10736,-0.1070789425119352,-0.9385458358269538,-0.4823353015532037,0.5352590993532244,0.9778706809715438,0
10742,-0.0868692384178853,-0.4923965225914421,1.77433198067012,1.285006041499966,-0.7626280708677123,0
10750,0.9373292837015498,0.7139215855936475,-0.3099577341970815,-0.7466134311244466,-1.1112764360961032,1
10751,-1.6442767111134826,-0.6542614332431048,-0.1776899686041748,1.2601580918391937,0.8242718027094419,0
10754,-0.1448883730387067,-1.3287428809438258,-0.3550656965958645,-0.9965906338791322,-1.0066577184900236,0
10755,-0.7329229340398355,-1.9615376205113593,0.979350174154531,0.2190018674166011,1.1608770804662447,0
10756,0.8019554722285139,0.4988532205902724,0.7942247559066897,0.1508126985950927,1.3050657153357952,1
10757,-0.5097557633188813,-0.0201365947745773,-0.2791895196078134,2.0170525614504,-0.6318421023820686,0
10759,-0.6644563851121598,0.5030672500067622,-0.3364642537787309,-0.9651792139497046,0.8977754296295897,0
10761,-0.1074320847574637,-1.6769196588649968,2.7260577781706714,0.1507509375359096,0.9731610843624884,0
10768,0.5486001536548316,-0.6031332230490194,0.7858967992908762,-0.2597312418410177,0.1485362983545386,1
10771,0.7175420224976745,-2.2083651678953538,0.8138415194285795,-0.1912911196714865,-0.3744886494128442,0
10773,0.798412418603624,-0.4026660613714458,-0.7905844754783213,0.046501918474897,0.4886001914278537,1
10774,0.6501413487309606,0.3378934538470157,1.208958101859333,0.0491729714996341,-0.236103127612515,1
10775,0.8734491866848283,-0.7085244876186336,-0.4041751678972856,-1.5930855012884966,1.8138846579657928,0
10776,2.0853965465350828,-0.1750221375070353,0.7634646798830561,0.6995560252808791,0.189399793220427,1
10777,1.2154811830227654,-1.2648260931825006,-0.1848446633928521,-2.0868611389266767,-1.0110334906770675,0
10781,1.2293506237125995,-1.0260030914493832,0.0801683720214553,-0.9945847488928002,0.0129480982985708,1
10782,-0.5210013835221271,-0.9825207053048832,-1.6036212824583735,-0.5407654876202782,0.4750498927363167,0
10783,0.6743666713833926,-0.7185982831193327,-0.7162263414781038,-0.1743276318137181,0.001377441670927,0
10787,-0.7288776019463695,-1.3947636008548228,0.9327787942354054,0.6090778973061292,-0.0491936074579546,0
10788,0.381693503561109,0.3059035640794404,-0.7334888527468546,1.798918323295285,-0.7686348690802561,1
10789,-1.6680008149651462,0.1613050443525389,0.5642589367191001,-0.3018886164149901,1.2446880111809149,0
10791,1.213433159061177,0.8347925741493177,-1.567660366987878,-0.1687248820347993,-1.242892466238739,1
10792,1.4585937557848092,-0.9734888482451728,0.202088871627023,-0.6978369904732978,-1.9785587870166683,1
10793,-1.2553203737528975,-0.2494057916733769,0.568569595761981,0.5309901263355717,-1.3307335961316715,0
10794,0.3133006624075781,0.9497893980933344,0.5127020199839046,-0.3617142114249899,0.0480811509911357,1
10798,0.2287152588116832,-0.3643272627512536,1.38599691301297,-0.2423110787154366,-1.0292931080071015,1
10801,0.5501387319666005,0.7468851343883225,-0.5867690424066236,-1.2809465908323652,-0.5873692430259043,0
10804,-0.1026688417797618,1.4987465430272748,0.9926483736223624,-0.3600048812019189,0.4697539848411934,1
10805,1.2270882497055493,0.3474278368215454,0.1207253720725987,-2.090298592270297,1.2457594905649194,1
10807,1.160634315572307,0.3416569110860863,1.7355128757793374,-0.4031434726227362,-0.2320717335373045,1
10810,-0.0747338881925077,0.942884826312804,-1.1640660277753094,1.2298928709759072,-0.715682838472889,0
10813,0.4431823973681361,0.8166077668581645,-0.1680655488183204,-0.0801296352147003,1.485542976799824,1
10817,0.3297300701192145,-0.2479062729367396,0.3860034981767319,1.2106765622520257,1.6092294378365213,1
10819,0.0377867076245991,0.2139379710317644,1.12666933991247,-2.073341981550695,-0.0107597568116386,0
10822,1.1935784809372312,0.4641240118427313,1.6265899337296288,1.0890492410395476,0.1895372420896211,1
10825,0.6671423518778608,0.1689061710187131,0.1529522073012175,-0.8647167719244965,1.0488674498469517,1
10827,-0.4984145126614426,0.272891185445312,-0.9434339865076812,-1.1654162866596414,-0.0535923810041967,0
10830,2.7714356939562226,-0.1005848985105773,-0.7261360153388945,-0.7291828641095581,0.93471236783868,0
10831,-0.8769595967280468,1.2996295093152634,-1.636801683628976,0.1923271430393812,0.6633532702715518,0
10833,-0.6441351046336631,-0.4030427985451546,1.4835162059714568,0.4661984310039747,0.6819308398810489,0
10834,-0.1790950537971642,0.8168075137594076,-1.552012338562245,-0.4089083568905338,-0.2173843980719401,1
10836,-2.086278911098006,1.4882486239329684,-0.6497195614193039,1.3159774486145717,-0.41754138765529,0
10837,0.369522949434532,-1.076812109435623,-1.2161339149707089,0.5811298676088562,-2.664054537311322,0
10838,-1.2151743672912187,0.7666850414161349,-0.4143741116858982,-0.8821996974665731,1.522797731744178,0
10842,-0.4823618893776754,-1.11332025355264,-0.8766376683883731,-2.2575861044702923,-0.4292546410937763,0
10844,0.9171410180386688,-0.0865915102148222,0.1849999478323477,2.1141802628434547,-0.2542058347988428,1
10847,0.0017106268444243,1.218230122108138,-0.2743629198918241,0.5796698301493961,-1.0767429348171582,1
10848,-1.5182665047389667,-0.5988040273346248,-0.3136797571553842,0.5480318339078621,-1.097451929659185,0
10849,1.5069607784943906,-0.9655976647577664,-0.0881307588581056,0.011630205152752,0.2992519416314292,1
10850,0.4507870463651752,2.26208273103159,-0.6026348299386012,0.3127377851106451,-0.0835498327437154,1
10851,0.9829161682165104,0.448873514470963,0.219762569187748,-1.4938169152305143,-0.4531260547676828,1
10855,0.3198330841728592,-0.5218399686697337,0.093971659088933,-1.2098818869278534,0.4902276428604271,1
10856,-1.683788108195,-1.2688887076760027,-0.7099307641712943,1.5099040750485768,-1.1018691663327127,0
10859,-1.440126178916638,-0.1363367301275974,-0.6961867536485695,-2.160213495142144,-0.174245898940405,0
10860,0.0044574573171149,0.3813287055912753,1.017507727835644,-0.2807477679154775,-1.501271044054855,0
10862,-0.2364054921063702,-0.0081886018773402,1.91044597524374,-0.0843743474860911,-0.263583406437385,0
10864,1.181229088205748,1.167091635075595,-1.1159843478626772,-0.158159627189983,0.1315297990799449,0
10865,-0.7249295104137091,1.3086858719611416,0.7620290804325777,0.360858601674737,0.0685136443853588,1
10868,-0.1588760697929447,-2.094332334632357,-2.461124030956005,0.5243881739916734,-0.8533031789138125,0
10876,0.9720141396125208,-0.252696431856895,-0.3904475628789163,0.8715229961482297,1.151547184712632,1
10878,1.6329400575014972,1.528054110313229,0.707512175230873,-0.90167217336871,0.1126609970931457,1
10880,-0.8149883441315093,-0.1248675346841186,-0.8674998969878466,1.669233950514163,0.2378329971353232,1
10881,0.2934420274141618,0.0492587528860932,0.3762985920991297,0.4104684904948694,-0.685197172483122,0
10882,-1.6878138232255493,-1.3274193000072418,-1.6107030836217278,0.1949120100437333,-0.8164781475070998,0
10884,-1.144203915799459,-0.4902686887874227,-0.9453651654162284,1.884916539228098,0.7487955828193449,0
10890,0.1365906573834774,-0.3629802198492082,-1.0354217784152602,0.5572963043266528,-0.651325688670557,1
10891,0.3746223265620366,-1.4601865763492086,0.1368103569268801,0.6238597524131497,0.3517725744237818,0
10892,0.8925409640929802,0.6454939782577054,0.2992164550783288,0.846011193004826,-0.3737577333386782,0
10893,0.5212783629086029,0.021780329419136,1.8506147117184688,0.2734951595314878,-1.2854601679548243,0
10895,-1.037832931118324,0.1327651948971695,-0.9039627550539076,-0.8384519862052147,-0.5060628307076832,0
10896,0.6243109641748374,-1.4839368538526674,-0.7544839708547121,2.398737319971406,1.9538039845740631,1
10897,1.209798713395228,0.0437904671263178,0.751994322003794,-0.3847149127192029,-2.7047548681439983,1
10898,-0.570212726066982,-0.4739799510610802,0.0282282467256001,0.4829729465416523,1.6509270567859955,1
10899,0.0317799848877986,-1.0035211660897645,-0.1959276168627735,0.6441057588635584,-0.1122169905277174,0
10901,-0.7852118115327202,-0.3525502058247694,0.0159060062137242,-0.0419192450278512,-0.9676790570352942,0
10902,0.3288810746640522,-0.9175552201805668,1.6506462489242406,-0.4013959098596715,0.6078942513111387,0
10903,0.7331448508951408,-0.354873321043282,-0.9670825301846968,0.7296605153429779,-1.4225973678191446,1
10905,-0.7954949911072309,2.181144339245849,1.018391077866141,-0.8243144776931571,-0.3126488044336857,1
10906,0.5968158982621374,-0.9758051796532312,-0.5587242547328182,-0.2981180390958013,-0.8813825383446244,0
10907,1.0964047781579451,-0.7143597049315414,-0.1164358229379295,0.1166795095499481,1.5861448512270269,0
10908,-0.0862983934098788,2.1369548166377936,-0.362693494034144,-0.2207867633756294,0.9369673171306064,1
10910,-0.0180975123405831,-0.0406789810259803,-1.0315200079600817,0.1641807146771904,0.080012098497911,0
10911,0.3747315131471392,0.0698377043910831,-0.667266934407043,2.4461619042021683,0.216958086186625,1
10913,-0.4480693521784415,-0.5719652506216915,0.2675141789955825,-0.2462155137221779,-1.4271552762215938,0
10914,-0.3027258684824314,-0.3859991024888022,0.8807373428851709,-1.4469251311016225,-0.5128976668110197,0
10917,0.1978823236268405,-1.2969960823046716,0.6965148853241776,0.0477231333145154,0.1282276935917832,0
10920,-0.3335658060972797,0.3153833105171062,-1.3168463132899055,-0.2022511030400989,1.0962780854656842,0
10921,-0.917070840449761,-0.2748071913755096,1.0529280220603778,0.7467015047653103,0.4523877258458661,0
10923,-0.9942888301890382,-1.3839116788550805,-0.6166358311351051,-0.6293760812210955,-0.7113888097670068,0
10928,-0.0728837423223261,-1.7786373453750888,-1.7131895801750467,1.5726647157677118,1.319638853871118,0
10932,-1.2172300718256768,1.3615860700986886,-0.9376206460311378,1.4765198822349388,-1.5515031222938886,0
10934,-0.8230999451345652,-0.6125675298877831,-1.5727727330741736,-1.7919848535947176,-0.8338587983238168,0
10936,-0.7989768542927262,-0.5790679980578368,-0.3168115504073573,0.8170485974509102,-0.6767798169523324,0
10939,-0.3061015909025673,-0.2645217818989873,-0.3091422381249246,-0.1939292582971202,-1.3765014292856708,0
10941,2.8644028246466022,-1.5000569799847534,-0.0389518867682651,0.6671386322562701,-1.6301688817284856,1
10945,0.4361981744676489,-1.059007456747406,0.3634705546501394,0.4268145008317675,-1.0236724378532376,0
10946,0.5966961750388141,0.2356867829577817,0.2623244479200604,1.6662368765975082,0.1223589101434866,1
10947,-0.923412192576948,0.1303038425961573,0.0132725267512899,-1.1087357322233182,-2.0239734426812506,0
10948,-0.0651497972855996,0.9431143637310616,0.9525324696853882,0.2825162772992921,1.5700451646282374,1
10949,0.174504436588624,-0.1971999037526472,0.2040747789801053,-0.7330299197433363,-1.2672796585173216,0
10950,-0.9787191673074208,-0.4793664493787138,0.8661694487879381,-1.4470607827192887,-0.9740733100723978,1
10958,0.7354483333380192,2.78825184053095,0.0600822578594055,1.1910593447119353,-0.2616439624581925,1
10962,0.0297741072891885,2.2230993485351553,-0.7838153981842765,-0.6903765529270471,0.8275933075068992,1
10963,0.1146126823532838,1.896128144375353,-0.2409381354186699,0.0687912505905928,0.3168524128848475,1
10965,-1.3007023742432604,-0.5390105088754992,1.0200779087766982,-0.9458917213210264,0.6898124841696627,1
10967,2.3554094512710435,-0.4188527296179916,-0.6657303669529443,-2.160255489869734,0.2918032387276852,1
10970,0.2103043844900239,-0.9641691968873136,-0.2204145121149493,-0.4121491868646409,-0.3622562757078117,0
10971,-1.799317947992625,-3.16710864314183,0.8390461088933242,1.1254946980164986,-2.5616884289239796,0
10972,0.4181871328896189,0.2172388673102234,-1.3240625433150877,0.8978586077958688,1.1381939620998778,1
10974,0.3854382708598973,1.5189604717480572,-0.2511022504842369,-0.6323202913942065,-1.6539443669087222,0
10976,-1.324739663251206,1.33080978520575,-2.06309627662126,0.1437971183587321,-0.110820173495369,0
10978,0.2211552663019908,-2.4916977703912124,-0.5556795391762864,-0.632757289233409,1.2103631543490865,0
10979,0.1779721571696101,0.3168972154101966,1.0173692179045144,1.6306750761426014,1.4588219367999502,1
10982,-0.2736177301112877,0.4465266851905249,-0.182293629882138,-2.3467956868160993,-1.2340394281862046,0
10983,0.3418151788807418,1.504280992466368,-0.2325886466367955,-0.488931862952096,1.0522568100956735,1
10988,-0.4952591998068513,-0.236873557627338,0.3335066825800786,0.487806323789044,0.3771232772801487,0
10990,-0.4610594875786095,0.5617245579865665,-0.7727641308923403,1.0699571652087585,-0.9883193953176692,0
10994,-0.3055957988462859,-0.4653607026436511,-0.9313150457457732,-0.8940710551263545,0.8932432273657788,0
10998,0.0019145196790065,-0.8158580999798323,-0.4047664358111115,-0.3242269668109214,0.733183776091841,0
10999,-0.8751201219115735,-0.8094397144260922,-0.373605092591134,0.5639561334882836,0.7273172600551361,0
11000,0.2618771319145868,0.7148376201547083,1.162236938638048,0.1575077662371657,-0.8016333576576609,1
11002,-0.0849307902573535,-0.3830101285306985,0.2253909225347266,-0.1248139843327572,-0.6304815310058278,0
11004,-1.5898344116531131,0.6275077786916736,1.1383172481404218,-0.5861025501325359,0.3511095013773697,1
11006,-0.3170790760565743,0.6484720409602244,0.9007143085409961,-2.3363179073599603,-2.904060290461307,1
11009,-1.4213836801250317,-1.5680597310451156,-0.7249087844308005,-1.0902477424822934,-0.1460399556992147,0
11010,0.1685991859736086,-0.789051555103142,0.6295653796533058,-0.664153176526435,-0.153556743087568,0
11013,2.0729886782129654,-0.1181682268940847,0.4505704131246417,-0.2031149837474541,-0.0652184545096714,1
11018,-0.4394103459357227,-0.4818220510044158,-1.3359796614414845,-0.9078750140434664,1.4664184262608777,0
11020,0.5793161502748605,1.5803249806330264,0.4020141424949737,-0.0018331858134594,-2.354393003007393,1
11021,0.4168016478805491,0.5976394405607093,1.147551104208715,-0.7945684095751315,-0.0335786655256032,1
11025,0.3613715779599107,1.7403053134854247,0.737874952440479,-0.7656302226595095,-2.5125706703025537,1
11028,1.1209503057997374,0.8307830645149513,0.6151302003383775,-0.1198771393604977,-1.479785916291801,1
11031,0.9255409518376508,-2.009347317938729,-0.009849246119019,-0.910386709839128,0.1551880907140452,1
11034,-0.0531841085157246,0.8387413349268146,0.7837825953052995,0.772039971136297,1.2728477410007633,1
11035,-1.316813499832459,-0.9632281653906876,0.0475542312197441,1.2303608489807387,1.2280639032540723,0
11036,-0.0460134693310278,0.9981722828411956,-0.4215803564044029,-0.8264188076451432,-1.328999210988026,0
11037,-0.1372523346612079,-0.346600586775746,1.0034116895610738,0.5628049208664946,0.0542304678143008,1
11039,-0.1384683927919061,-1.311863658062396,1.367067683821879,1.698177281154446,1.204511653314953,0
11040,0.4239891767605304,0.2862014207941962,-0.0245874045088404,0.1634380936860003,0.6287122239089249,0
11042,-1.3574557176635575,0.1980331259334825,0.3024966806046033,-1.57081185013565,-0.6425719905512489,0
11044,0.7376185823967417,-0.433891688889896,0.7775303134451184,1.355131384110735,0.8462222819683162,1
11048,-0.0732054013372226,-0.0595944106436044,-0.5982402058400076,1.096939550501043,2.1674245160167,0
11050,0.3662450447439758,-0.91232223538834,1.7838079134159075,-0.2953924467610569,0.2494087456709855,0
11054,0.2850755695850322,1.1129814573984813,0.8134274824093872,1.1126964433301183,1.2300322662575431,1
11056,0.1508931174899716,0.8805346747229948,-0.2288532765992613,-0.971079938517235,0.7904818851020895,0
11057,-1.1168809104602335,0.3038857549970196,0.0431483124128025,-1.342453574842523,1.7772951627912814,1
11063,0.0700638926640315,-1.2559742473248945,0.5977421177346991,-0.6798267622380462,-0.7133725934426456,0
11064,-0.3064668095282799,0.8089655980628515,-0.6245599749397764,0.0917811700913213,0.402847114108229,1
11067,0.7843019155953124,-0.4077289207624661,-0.1852638027750075,2.57156811944433,-0.6359296981461565,1
11070,0.8979395742393331,-0.1942026758651111,0.3894528070132091,1.0261802497518318,-1.4089044169371137,0
11071,-1.2084544802277246,0.581753942326771,0.8229840999534334,0.1355047931292254,0.919955830975614,0
11074,0.3205288722471058,-0.1687241641636377,0.2147613214972822,-2.021318970191764,-0.9070257750570428,0
11076,-0.4485944502759207,0.2798560399941681,-0.0623656620963558,0.7626174208449308,-0.2568715806246498,0
11079,1.975838383396804,-0.0912473934229326,1.103972967198019,0.7751157964301485,-0.4915396054135687,1
11081,-1.1854738180151096,-0.1427336330815135,-1.1861120326303645,-0.4613172086797824,-0.4364708833416619,0
11083,0.8960265153017518,0.6081913338074124,0.941047363861052,0.4365467653583718,0.4651270740579576,0
11084,0.1273234696758799,-0.4391030294575855,0.886671097317808,-0.2646033458163561,0.1177351056181423,1
11087,-1.0877540389798668,0.5381726181253557,-1.1154373883041109,1.2024440831759975,-1.0662268989249728,0
11089,-0.9893490261630332,-0.4278429467269822,0.1257216602544431,-0.0773970121417663,-1.0288730776819557,0
11090,1.2861648864460555,1.3079247194084092,1.884950540528148,-1.660478640357728,-0.8086287892986667,1
11091,0.2508476805841803,0.0048364047970006,-0.4495572051353942,-0.8561933130943917,-0.997724678960544,0
11092,2.0261519280797424,-1.4269893704205383,-1.55751026747582,-1.188189492545653,0.1922071168857701,0
11093,-0.2730341997847655,0.4136289266072342,-0.7066757850604004,0.088075694259615,0.0847616305759462,0
11095,0.7707569070489346,0.3848588019471725,0.735926610991839,0.853071988111288,0.4245759524385915,1
11097,0.4253004154635471,0.6923022559773127,-1.7239089276447015,-0.6137772840067285,0.7510078138604369,0
11098,-0.1436755345542998,0.0552493754041205,0.9126424648048524,-0.1081259837939797,0.384302227276359,0
11104,0.790140297174954,-1.3967123044061127,1.3069761805369131,-0.45065351863001,1.3645324914125436,1
11106,1.885098910188601,0.2723808225089138,-0.385279967336,0.4419142258058296,1.14883210394953,1
11107,1.1120109965892573,-1.0860999482637972,1.0803076994699703,0.689337771973413,-0.3454691678216306,1
11108,-0.8244357657138278,1.4300868687304005,1.528835694201829,1.5697715017269385,-1.3079208208263988,1
11109,-0.2096162490132206,0.0569598297292132,1.502478588827632,0.8075877668201531,-0.2238417232294341,1
11116,0.3408878463458748,-0.0447011701369977,-0.2081509113414012,-0.6726488462742288,0.1383676584582391,1
11117,-1.1675589692223822,0.4996939321691779,1.1595871065105738,-0.3798694567145103,0.4335762227067822,0
11120,-0.0223725741391996,0.4999008361417412,-0.8413745190377081,-1.7626354777968172,0.1419238995755515,0
11121,-0.7493951756468394,1.9795201755651235,-0.7522980466550232,0.811422946410371,-0.6647458438016333,0
11124,-0.3330616480631838,-1.401872218627614,-1.371994074277938,-1.9451938286996864,-0.4044838433257016,0
11125,0.0612294476486326,-0.3714772871102915,-1.790639763668586,-1.9569578783665165,0.0101154879515657,0
11126,0.7890280349763741,0.2477879997901978,1.867906301457652,-0.0381180014091391,0.3154319272393507,1
11128,0.3575644048902544,1.5822685712693374,0.4574868896287197,0.3267542521771571,1.5022005294704834,1
11130,0.2512418069274512,1.3256076342611405,-0.9378081496273636,-0.2828152608435016,-0.221650333193827,1
11131,-0.215088171474389,-1.0478555781001888,0.0375045844266627,1.5700086137263063,-0.5008910391753524,0
11133,0.4176305566513115,-0.0705052725682444,-1.4057614907258396,-1.799054073192593,-2.13795186799206,0
11135,-0.8349735827811585,2.202601811362576,-0.7980669543536006,-1.3522301427638748,-0.8949477747426591,0
11136,0.0747577121284153,-0.5734686128548594,0.2859263566306655,-0.7302938816215541,-0.5879731064065497,1
11139,-0.6890629988189229,0.68445703020212,1.070079515521164,0.6930208567448592,0.3205203343690817,1
11140,-0.6626105143563445,0.0212662145822763,1.140701962487641,0.661555743411683,0.8846474075845674,0
11143,-0.864568482838196,1.4458356186637915,0.1307084180280886,0.1380132644694313,-0.4509083612957151,1
11145,-0.3366665762416692,-1.7047962834277133,-0.1780886472530683,-1.4069632797837368,0.2378399379910755,0
11146,1.5858992088900286,-0.6413423513819618,0.7909253524986144,-0.6399093571401754,-0.0204228668973682,1
11147,-0.8779599333728128,0.6193234228136374,1.346474633054084,0.1924456797138609,0.5355386808325489,1
11150,0.180890107711168,1.0933523691025242,1.5255355680427654,-0.9693336324265672,0.9320279385735484,0
11154,-0.0514351498667155,0.8466114458084257,0.4888861564949068,0.9356807530729156,0.5612531958872884,1
11157,-0.8862358306694338,-1.4653805063883565,0.9411957335704172,0.4049153595423857,0.4931740125288499,0
11158,1.6812718282083954,-1.6072268477654348,1.803069016950534,-0.5621679789148174,0.8249311307053913,1
11159,-0.0131609270618546,-0.3456662464345698,-1.5089176151393349,-0.6724179180809056,0.4670195691476948,0
11160,0.3550356261288954,0.9520227071531644,-0.6916200101296766,0.7467871317492729,0.0661565231238223,1
11163,-1.2863516847423329,1.033584477573456,-0.9091816052567172,-0.629641655918166,-0.0790736174452718,0
11165,0.0144241652878346,-0.0610918758339073,-0.0176780352730951,-0.4820273590128222,0.956361009743425,0
11166,-1.7631601255791662,-1.4426340676001912,1.358226781760148,0.2670771644549319,-2.024666693197934,0
11167,0.3194134369391415,-1.5895341099302605,1.3003947258912096,0.9200678784763257,2.097253414062165,0
11169,-1.831556479081536,-0.0053476917825011,-1.0144420575330262,-0.5129697442953574,1.382987404055926,1
11171,-1.5725752197192389,-1.233863792279677,0.1267176577170397,-1.1198078263743036,0.6897540007295295,1
11173,-0.8802476302358615,-0.5243806203034944,-0.1882205997963408,0.3209796729188882,0.3082818739432784,0
11177,0.102062522686315,-0.1670519492216869,-0.0472448441338319,-0.5644564568345468,-1.1134866001980146,0
11178,-0.8991553677300981,-0.1424965860931004,0.803308037672862,0.3265267236341954,0.1690360612011986,0
11179,2.1203567343241128,1.6828571666245489,-0.9125341065075632,0.7044183371290732,-1.1872737496789445,1
11185,1.188678645930326,-1.2089637162764213,-2.4751819111604036,-0.6534576856807959,0.6101413745386323,0
11188,-0.9932187998520364,0.3728620497367861,0.8351244117609281,0.4217284680146002,-0.2323883356045438,0
11190,-1.2213147902356345,-1.236435419719922,-0.3931231856974124,0.9196265052399512,-0.5976782649662539,0
11191,0.0938795194497646,-0.5020765745003286,0.785682062690695,-0.6349085678277632,-0.7207803071439085,0
11193,-1.671047028914449,-0.2704687669652695,-0.8208418978808248,-1.0106021757593504,-0.7741226285833095,0
11195,-1.064095726696617,1.055258556639428,-0.0881091834779417,-0.1746376569866554,0.5210803482702776,0
11202,1.5087100539753278,0.8261719087276637,0.4167818932428667,-1.0725033811814486,0.2206333338208307,1
11204,0.2969552506160379,0.1615910907312862,0.2518764651347032,0.7695939777888281,0.5115568327416677,0
11205,1.4847770443737716,1.1794385467342292,0.0584649621281844,0.1582171487873605,0.224569953803028,1
11207,-0.4281299871449676,-0.124232224949362,-0.143389383679593,-0.1718729748551894,2.394685020185538,1
11210,-0.5320559016067984,-1.7866145166305736,-2.445228175365594,-0.3220721150993041,-1.5359949082398971,0
11216,-1.1016495770093595,-0.3839550668676517,-1.9196485042017204,-0.2965947101769403,-1.1869994133999329,0
11217,-1.3868549378287087,-1.5554375188903802,-0.4730866194971563,0.2538798910618605,0.4780355401493534,0
11220,0.3577430102585839,0.3883373124601956,-0.0223124685432102,-0.9760068949065036,0.2766733585531977,0
11222,-0.9798014924227758,1.066026250584499,-0.6127198821166313,-0.3197458235001064,0.2061674566206439,1
11224,1.893304577985984,1.099410141897332,-1.613505166363289,1.1670321499952292,-3.4210220016115005,1
11231,0.3373382319287661,0.458769754387319,0.9507197991528124,-0.3157874000631167,-0.5061330636871421,1
11232,-0.4540440078289368,0.2924257748280846,-0.4690899033901131,-0.7222058689903554,-1.0358216208500086,0
11234,0.4916810258328148,1.967780733182051,1.2495381033666004,-1.061028082917453,-0.2991519563697902,1
11236,-0.6495142465246571,0.9557889235831905,0.3968678639168731,-0.8680831434953445,-1.283940582344116,0
11237,-0.0727508656242869,-0.1225605969799493,-1.286238606794347,-0.3082684473102111,-0.4845993548655827,0
11239,0.1978174877197105,0.8048121818974096,-1.3235315985277143,0.1518126676467456,-0.3724140079357466,0
11244,-1.5377413686667074,-2.604312685162955,1.2536639870602642,-0.5685409779610576,-1.703373340705421,0
11246,0.9289704132547236,-1.2109260213869248,-2.350510767327889,0.1476133435307467,-0.2579550308606707,0
11248,0.2568012019909327,0.200462823334696,-0.4742042988575517,0.1684964648853653,0.5085444127193045,1
11250,-2.6264054353700437,1.251390179310237,-0.6343101216512395,1.8006609319492657,-1.038543255019854,0
11252,1.23659351495014,-0.94387134927626,1.6403190705067108,-1.2306272888868204,-0.6044091510225416,1
11255,-0.8306647445180438,0.04243124778473,-1.0637399105462064,0.2906473883474247,0.6327497914715964,0
11256,-1.2226147680882735,-0.6300343300190808,-0.5104576095422144,-0.2193053024278038,-0.1646276679705225,0
11258,1.20953738265959,0.2048706087329901,-0.0543422427922162,-1.4036181757759936,-0.4130985448013591,0
11259,-1.4939680787259793,1.140118332253322,-0.2637495576423936,-0.0864263542785498,-0.617452442640042,0
11260,-1.4102920454505563,0.7125343790189266,0.5020169403654593,0.9335894113694828,-1.7522238550172744,1
11261,1.3187764694562678,-0.1256179872640561,0.7773499726447831,-2.6355710576238223,0.4102087260307405,0
11262,-0.0735115381550751,-0.2206666774940145,-0.0982812496477633,-0.5961047651643187,-1.4122819506228137,0
11266,-0.6492722770320117,-0.3701650125506638,0.6704066776268017,0.0030303311187476,0.0423320931707498,0
11268,0.1317685119439506,0.1133071100152742,-2.6238848186864745,1.3748046218122671,1.2087427356020604,0
11269,-1.306075700152466,-0.7558080808280465,1.3536143238570777,0.6644697172529611,0.3888262200940834,0
11273,0.097053338226797,-1.3228006078288546,0.4215473639037592,0.979351493696866,-0.0810841384523036,1
11278,0.0265622592571891,0.5993948382401431,0.4251581899799077,-0.5009588564907144,-1.7800839592937934,1
11279,-1.5070032656078298,-0.7572373502321142,-1.4101346103859302,-0.0754565370896201,-0.7625237518863254,0
11280,-1.2927927224962297,-1.4226738821761045,-1.5919442675346571,-0.056423399918571,-0.7338905373805105,0
11284,1.303236672844798,0.4749536570590332,0.2634894244436245,-0.7007182790075698,-0.3410412448497369,0
11285,-0.980819397205032,0.9432465060343396,-0.7445429272127003,1.7620222215482124,0.4383450472648035,1
11287,-0.6559194302651453,-1.2412056727971832,0.0098923990543346,-0.1669733454618861,-1.3136030156225722,0
11290,-1.7898487624551425,0.190878703701138,-0.5009863771666614,-0.039772731788,0.0450374494200734,0
11291,-0.2941391101983004,-1.0872877511828536,-1.0191752501914062,2.1256118643957347,-1.381572452027772,1
11292,1.2266432143457882,-1.0350357499207434,0.0953835864319063,1.968178921738888,0.7948345734947875,1
11293,-1.438114983445292,-0.3370266985564352,-0.0258682273595997,1.030569997646218,0.0472599209492885,0
11297,-1.5594705764320915,-0.8736330413667158,-0.4307418292047453,2.1299433290611,0.3864543145231486,0
11300,-0.3091283569285852,1.0559921127362075,-0.3889104426257895,-1.9234411899789057,0.4824949672640696,0
11304,0.1431009900759573,0.4348682465444446,-1.716065910803657,0.9208732986157928,0.7113498985488044,1
11307,-0.7802885695522332,-1.033059806602878,-0.3573508156104309,0.6476872494297932,0.1413605523847488,0
11310,1.2198725923017002,-0.6004573761703499,-0.5325310903505416,-0.7350086593401824,0.1758899248260186,0
11311,-0.1595130417433304,-0.7018011812648643,-0.9226245507446053,-0.0413382810501317,-0.6504042153523837,0
11312,1.7245119902183943,-0.5253827094815982,0.334179072766761,-0.0909640102593013,-0.2890953050541638,1
11313,0.8993156388928014,0.5801896140805933,0.5609624700473025,0.5498998189190597,-1.6143750210636625,0
11314,0.4406800254750248,-0.2474103696741483,-0.5129018623060284,3.4603255905051307,-1.4736398467762732,1
11315,-0.0905607629360807,-0.1712771455356146,-0.0818756379129349,-1.0140054763447657,0.2250209433117304,0
11317,1.5841332471979157,0.5781411944553874,0.1730016912300172,0.4245520073942901,0.0402166958511602,1
11318,0.5521618324736807,-0.6058878009018582,2.210686323223086,0.1878805244841038,2.826330745044271,1
11323,1.1146890482129328,1.1713021997455408,0.3365049794606557,0.2470241481251099,-1.3187034099297694,1
11324,0.4650848063524656,0.7857199719809648,0.1654464539568436,0.2018752063674397,-1.0317417157359048,0
11325,1.168449022785681,-1.3592096427840976,-0.0165918301087939,0.4575320856701678,1.1410017003910202,0
11327,-0.3528314354273106,-0.2883806239333491,0.76042066636872,-0.4674246944751075,-1.2774373382012698,0
11328,0.0825623700820976,-2.2723594474098108,0.3583440019683058,0.6379637018432753,-0.2660163157533056,0
11330,-0.3230951328781777,1.146300899286662,0.6254160285802386,-0.717548470687691,0.2241842390393314,1
11334,0.862522612215617,-0.587844436462236,1.085335312181878,-0.3633518463407256,-0.977477730369384,0
11335,-1.831502038958436,-0.123658645896862,-1.6886253796425317,1.4365636368562185,-1.570914309320686,0
11337,0.1630923301712906,-0.0176809241414942,-0.6502804314930692,0.5496646887272614,1.3972889099540111,1
11338,2.69497408217151,-0.9411204414404292,-0.1364935561996354,-1.9070765065829736,0.6798350478891652,0
11343,0.053619287455233,-0.8312828540523355,-0.5018079059902797,-1.1692752196050564,-1.8583341828888096,0
11344,1.0387204772970058,0.5715803497390114,-1.3513119467647143,2.524727929780966,-1.1268138599803557,1
11347,0.3521508164040682,-0.0268788741246005,0.499209311577027,-0.9715314655814538,-2.3741727119374167,0
11349,1.520310913912778,0.3638643185653913,2.2047079117864903,0.8915877896404184,-0.6681503400777663,1
11352,-0.0051949293425074,-1.6920986760713368,0.7906173649249296,-0.0095516030056359,-0.0743570597988977,0
11355,-0.7805789142149251,-0.1725933945285241,-0.6863167461648321,0.3248592570842952,-0.8053809872287314,0
11356,-0.6221829657129715,-0.3808859854729379,-0.7761645994999086,-0.342198429261534,0.5838333717200679,0
11357,-0.8839025016949134,-1.2037601332589922,-0.1782254262100396,-1.1391923075842647,1.3366089123578246,0
11359,-0.6300120866009398,0.7824867171927482,1.8315441041637408,1.8559325931429969,1.2733071416428206,1
11360,-1.2400023832265354,-0.8764386441482291,1.3874630236322434,1.525553517744894,0.7957152495964175,1
11361,0.8057984463522138,-0.4290623723169549,1.7161373881311095,-0.7310430944122369,-1.6105344409372817,0
11363,0.4543270022342243,-0.4466184702096269,1.6013622362036493,0.4572935849262235,1.0738376606440845,1
11364,-1.0843774564668485,-1.694065318159197,-0.3622891542162287,0.6117235369031503,0.0712817910056769,0
11365,1.150766906495463,0.5464248372640013,-1.0494276535813531,0.4646439041069246,0.1719408949220447,1
11366,1.2708240960383463,-0.9260304298046244,-0.6632453770273885,0.3969061987732873,1.4137864893455343,0
11367,-0.199340691370584,0.596531343696608,0.0352224410185443,-0.0424420958281943,1.1518865145465322,1
11368,0.1098615393584429,-0.4425593666749035,-0.5016863047265091,-0.3070863629819407,-0.6920422954987826,0
11369,-0.2379193149054001,0.0588445711107832,0.2867452378118391,-0.9852115860466224,-0.4205655313685574,0
11370,-0.3716533947552212,-0.763341969986268,-0.5794100440854844,0.9007318425214944,1.3639864224576488,0
11372,-0.3963772762042935,-0.5420282984291779,2.4516020859195726,-1.2935791393547005,0.9011226999709964,0
11373,1.4897141087045558,-0.2538196160211494,0.4399241527124385,-1.6768223001528868,0.0248752393345425,1
11375,0.7082494712325954,-0.8105711055341674,-2.44487564343316,0.3730540891336132,0.0055375687886655,0
11377,-1.845032125792193,-0.8856264402365767,-1.102632246177247,-0.0457992312985518,-1.6330238011702487,0
11380,1.1729864512402897,-0.8821640812191194,1.6005994102173444,-0.764770392641639,-1.358563961702442,0
11382,-1.3377708531486054,-0.5626075878719655,-2.0334351327657414,1.0874694536025424,0.4198717735446376,0
11383,-1.265854677217792,-2.315521670063731,-0.9037694342481264,0.6501784788449142,1.0767187471565436,0
11384,-0.2356016842787911,-0.5014481872480893,-0.5785759989017507,0.3043506695232492,0.8815186646625872,0
11387,0.8861352166328608,1.7370251846384024,-0.5600062849959032,2.070365163900416,0.244561986650694,1
11391,-0.1788996092503394,-1.0867177660972345,0.0461549152894325,-0.3913767776278937,-0.224944542842085,0
11392,0.5831252459503988,0.635362787623228,1.4199754374543951,-0.5922814731684519,0.6823523810215764,1
11393,0.6335019190102824,0.0877681328093115,1.685437354246318,-0.6382775390964593,0.1509340707881303,1
11395,1.5797343100382777,0.2150121958560063,0.0403577477234976,0.0664100248107671,-1.0049286712296766,1
11396,-0.3805750594523287,-0.1514356065259885,0.098196965974399,1.3786407316714255,0.929133852946947,1
11397,-0.587629838852363,-0.0234747784903763,1.4007757468111537,-1.723980599187397,-0.2274859482766196,0
11399,-0.8217638294834518,1.9913599512053968,-2.293225960023028,0.3274490144602063,-0.0711752536317811,1
11400,-1.028760115940872,-0.25128760168756,-1.620725829595277,1.5698218846322334,0.025619960925881,0
11402,0.5674303873097636,-0.0336305258758236,0.9996834818645164,4.185392376147101,-1.1311742825049227,1
11405,0.5922737285889053,1.1513229516648025,-0.5999437394476744,0.5405724795931146,-0.3569153960223445,1
11408,-0.093570278332657,0.1473698865720678,-1.4458906517663643,1.1220728954721506,-0.4302915440392314,0
11413,0.3680368669915031,0.2264520571316769,0.5389461906213191,-0.2278707538120652,0.5500774792063207,1
11415,-0.4858013837016818,0.7606321802595968,0.8461699302664386,0.3385517570466819,-1.0132327102166894,0
11418,-0.3429369044237933,0.087847940135948,-0.0048499266627652,-0.4333206412634315,-1.3434890755388906,0
11422,-1.4027646188017813,-0.3984258625921583,0.2634794087677202,0.3767922478472071,-0.1406597800726446,0
11423,-1.1983229484741909,-0.4113324294234261,0.3452448581935191,0.620678926791895,-0.2729809302423436,0
11425,0.0184415481930688,-1.107558955443708,-0.6312403447070666,-0.1896929389903701,-1.5240244341296596,0
11427,0.3495194914727467,0.6953755140774007,-0.785284871883032,-0.2844078018330473,-0.010795486788125,0
11431,-1.206792549641608,0.1623071897214336,0.2365302213598293,0.8304209598635467,-1.4591815384101388,0
11437,0.4982929434843697,1.8403957152877195,0.0260248860239077,0.155514824278307,-0.0428794563119719,1
11438,-0.9727117907904738,0.5893259960304628,-0.1691810737041368,-1.4355891019180045,1.1073164807347364,0
11439,-0.574487448016063,0.3305934487966379,0.3661150561933705,0.2101941606086909,-1.004334604069898,1
11442,0.8268949016908166,0.7168648941506619,-0.1371681247346364,-1.088978130396528,-0.2612012745893647,1
11446,1.693151911781619,0.8318270632812379,0.8896226271010507,-0.9553317384495486,-0.984128098081998,1
11450,-0.8272889343982527,-1.2309744659591526,1.5424909014630857,-0.969532808910642,-1.8870488895895812,0
11455,0.9225214126450726,-0.8727208054633682,-2.191212304061635,0.1503791805982178,-0.7051472810039355,0
11456,-0.4857864726849384,-0.995993020104674,-0.5052633190184702,-0.5252249864586956,-0.1156974285940171,0
11457,-0.6727608953626416,-0.7171198987592359,0.5300178522865476,-0.002551224966225,0.00447178727178,1
11458,-0.0493881672717577,-0.8950447469617241,1.4368069781314492,2.0323156667683744,1.2385075183484349,1
11460,-1.3713288511061543,-0.3623128499234831,-0.821555571104915,-2.390992658529237,1.151445779298955,0
11461,0.4166936217950918,-1.3356246293793088,0.8679271924869907,0.1268910140435369,1.1592504566502857,0
11464,-1.0490538330834498,1.2093893952619374,-0.8562808371802846,2.2311495051145913,-0.2924218575493617,0
11466,0.0176469307441878,-0.426983160112202,0.3064903120339047,-0.5428361177582295,-0.0049862683085947,0
11467,1.7658123444029756,-0.5730788784826691,-0.3033820704395397,-1.1548298201110088,-0.3383423996756386,1
11469,0.6139813814589361,-1.2391082057036844,1.3705392826312237,-0.4878760007275394,-1.0076996898899382,0
11472,-0.9197513633505424,-0.9357959657603588,1.1277299214817833,0.3672586084350995,-0.6961116789791948,1
11473,-0.559929936262654,-0.8136499567392217,0.8810399583442104,0.9223176752430814,0.5273408722675411,0
11476,0.2230149613343027,-0.485086364416312,-1.823400254514285,0.7977437048551236,0.5222153857325661,0
11478,-0.6979403305023205,1.2996402265844402,-0.8471113719854952,-2.985050701544979,0.0873149763830212,0
11480,-1.3661796213090098,-0.0214154486838119,-0.6258046451733827,1.006750381300652,-0.7945047438551804,0
11483,1.961026687918827,0.9791020366816946,0.6540287280509017,-0.1826468119368676,0.739697718611668,1
11485,0.6188346036430776,-1.009372445769796,0.1789221280124806,0.3750233431704957,-0.1338480906057116,0
11491,-1.0578718538731622,-0.2987484892360449,0.430844338895213,-1.2181277125230872,-0.9108804361630758,0
11494,1.39286540975436,0.5600741101284674,0.7169223985982338,-1.2990345108545165,-0.6925599139564609,0
11495,-1.2972856935859325,1.0305018933682897,0.3766217559379213,0.106310288324184,1.54353785639895,0
11496,0.5381711280118071,1.13811255379409,0.7563399184155309,0.8538555842141751,-1.0426517037912515,1
11497,0.9742351754729064,0.4731423827517969,-0.4088991082771897,0.6844779616113904,1.2858438743053189,1
11498,-0.0981784966643592,-0.7495656486838931,-0.7034228744733872,-1.3952399325562117,-0.1686102218964507,0
11499,0.5902144376518743,1.733714582200835,-0.8057802375934286,0.3592426436000868,0.0226489930298792,1
11501,0.28286017782211,0.4618588267921807,0.7434400749644587,-0.4482346930810052,-0.407107011308998,1
11502,-0.6158523802387673,0.1688905664875001,-1.1506031437867987,-0.664007837950819,0.506057241083853,0
11503,-0.3529336999351693,-1.750580036448289,-0.3792184636345675,0.5454909841556633,0.116006710010462,0
11504,-1.6897663451151403,1.0322985319162716,-0.2464808804723041,0.3390526726534963,1.0447192198348048,0
11505,-0.1237894197129364,-1.9090640419961016,1.7555240661379332,-2.2076712796905817,-0.3325548373736443,0
11508,-0.912830209485778,1.3844456400731278,0.9376357795393672,-0.0896128713123805,0.641339283613417,1
11510,-1.5522175351965006,-1.6032205626033766,0.1484500984392725,-2.0354799637002787,-0.4033768774197223,0
11511,-3.4303161053613493,0.4378658433631164,0.504883409081898,-0.2124382700639074,1.181642139019968,0
11514,-2.8391628678610155,0.5328101712168577,-0.0610362159820146,-0.5401603459482648,-0.8365269067489939,0
11515,0.1108479026873872,0.4679658522805539,-0.38213401812544,0.5593105321606961,-1.1522974575226794,1
11516,-0.6523390877043609,0.6862751433906721,-0.4044625288703316,1.7168044208230004,0.2769418095138324,0
11521,0.4093520574258811,-0.007231229138994,-1.1985693639784207,-1.0280430845594295,-2.1091399391231205,0
11523,-0.1356748990383362,-1.7362993557646431,0.2541631676884687,-0.1086057349545744,-0.1705750607198128,0
11527,-0.8326561208387628,-0.8354730431216942,0.4616750381855786,-2.786612503374295,0.7327898614482384,0
11529,0.3651585923183216,1.6139684876441769,1.568900983020855,-0.2152418879864839,-0.5312963751131644,1
11530,-0.7816199382720409,0.644474681956917,1.079903536681572,0.0682758246515674,-0.0012179761429424,0
11531,2.11306531579333,0.6799923421181768,-2.052900853764739,-0.0342742002953902,0.2014690411719808,0
11532,-0.2694389120918806,1.2617550010989058,-0.3297783555168877,-0.9846708925942737,-0.710177039127226,1
11533,0.674499023942638,-1.3548934741829728,-0.4929626791412606,0.8471948739556852,-1.360351354010711,0
11534,-1.037270601314653,-1.6950952817996765,-0.8955529897503044,-0.5224537654967075,-0.2372613967779379,0
11536,-0.6730099931648463,-0.4491938485288265,0.1541730106200939,-0.5144722879310553,-0.0265886898544584,0
11538,0.1258793638016056,0.4811876336160041,0.3305003265159562,-0.5542972247879678,-0.959155882117055,1
11539,0.248280266288485,-0.1101200949201437,0.8392889157163763,-2.3805686607010843,-0.1735344646205181,0
11543,-0.5107568770846267,-1.9464294852055808,1.4273884612234091,0.2540473641853994,0.2094237015622974,0
11549,1.254515387922812,-0.7817760593008851,-0.6304871599441041,-1.581183874001657,-1.1301904742993538,0
11551,-0.3940197610550806,-0.666339570349063,0.5816093994114584,1.006427983363988,0.8215977618515046,0
11552,-0.3171005608706842,-0.4205169999136284,-1.7242805210763965,-1.2297701084726775,0.3607097726297295,0
11555,-0.7840207505970331,1.086261398224424,-0.5620705198791994,-0.1598570949163549,0.1762129672869238,1
11556,0.3100268073841399,0.2689109993598396,-0.1366636110212414,1.6448206157080425,0.0752781673431944,1
11557,-0.251277574620686,1.79755479635074,-0.7777267692106818,1.7948521285299837,-1.9953983566656357,0
11558,-0.4017173925540387,-1.669719132334048,-1.3621241031548947,0.4528527187723655,0.2855222191962605,0
11560,0.9588609165750775,-0.4826858767469261,0.2922178234555246,0.7977042517285968,-0.4012483220181383,1
11561,1.278777937491745,-0.3795060450884829,0.5388080604158598,0.7551657759152349,0.9123116709709266,1
11562,1.74421121346967,-0.8221816472580035,-1.1328333049852195,-0.3213953146873615,3.043630542676305,1
11564,0.6411721520300334,0.6828899726036113,1.1966901812995347,2.002864408903629,-0.1335417041808292,1
11566,1.7261813973562248,-0.708984923577244,0.3586195021688753,-0.8406627644988907,0.4048726032922235,1
11567,2.67259344211181,-0.1367973123665955,2.452480285115203,-0.8369519718490916,-0.4602865695088625,1
11568,-0.3426232914162157,0.1748572049718058,-0.1541224804776419,0.7639669332207791,-2.747700285417222,1
11569,-0.9798523711030522,1.8944709958258985,-1.4076116080477972,-0.3566261054513704,0.6124990105185468,0
11573,-2.2419167514076364,0.4597407311055263,-0.4438866247771558,2.248116094229136,0.2664807832866545,0
11575,0.1913500961813728,-0.5236427265532801,1.038622838415348,-0.7142060829037725,-0.8173426817939533,0
11576,-0.0440534480124615,-0.3261277211799742,0.0167208764778674,-0.6679399753656736,1.1199829796974197,1
11578,0.857806674265168,1.340692156477154,-0.2038903548654096,1.3035101869146617,0.3073596829092974,1
11579,-2.582983043591385,-0.0992155314656634,-0.8401468836927155,-0.6121269704648359,1.0520350942115315,0
11581,0.6965878862727948,-0.8263248589019113,-0.3805719582975258,-1.1195617180379165,-0.5535055742272065,0
11582,2.177776877756953,-0.7364534944881657,-0.4734354167872086,-0.8240730839846628,-0.1832555526515422,1
11586,-1.0386110373551347,1.866280995965692,-0.4462337156050771,-1.2288088205833405,-0.4511229502585033,1
11589,-1.3732054561441862,2.550899737540014,0.2423979399041567,0.2550255723641175,1.21768091956176,0
11590,-2.581549959245936,2.238730049531146,-0.858898137926609,-0.8833442173462291,-0.5428715148276118,0
11594,-0.4900010900556248,-0.6385231244280305,-0.2317666414965761,0.5379915287598703,0.6822745146614683,0
11597,0.3383795160406813,-0.9336633840738234,-0.5988731564508847,-1.6047827494949627,0.1407452709000729,0
11599,-1.2818701195739994,-0.3009806863416429,-1.1001728066995973,0.7251659192031079,-0.6682853493596392,0
11600,0.5188031362353551,-0.3583518099719248,-1.7038902156724522,-0.0699598966564344,-1.184424734654766,0
11604,0.6380191249335275,-0.2329986172722944,-0.8660229232630235,0.573906121627098,1.5572648582252495,0
11607,-0.156457862337834,-0.4487296371414415,-0.2698664230543361,-0.0189798086280096,-0.0219366044014648,0
11609,0.9725803422556856,1.8616079874267104,0.7360041948965927,-0.1462796994846912,-2.55851749983598,1
11610,0.240899531253879,1.7307608024045789,0.8946366013047494,-0.5075329131210691,0.0598648634756242,1
11615,0.49819843686628,-0.6181157038734009,-0.4336433352642292,1.1200712225265157,-0.0622890782488729,1
11616,-0.3219561099998662,-1.0486517761781788,-0.8360781439353422,-1.2163147104219918,0.8845012110314373,0
11621,0.0886573021824496,0.7092317739861159,0.2893495718913255,0.4344474577897874,0.945945071667633,1
11623,0.6951393807115374,2.8424905296423173,0.2193980220364802,-0.0955049776964575,0.3461094992389016,1
11625,0.0045412139905379,-0.6275791504764482,-1.0664681550902844,0.622659544520559,-0.3175413398564588,0
11628,0.1442191489207487,-0.87628277555108,-0.1903951401578728,-0.3975581198712593,-0.0054752648390402,1
11630,0.0795145892224642,-1.2771034145538074,0.181370373790883,-1.110766230072864,-0.0255242254530283,0
11631,0.4654230742390676,-0.9259017492940642,1.032843131635385,1.7882588623273064,-0.6500449482835391,1
11633,0.9004635695570131,-0.2451316222260409,0.4519677556175484,-0.8231642081186157,0.9515917683498348,1
11634,-1.1215993936722977,0.870817161371255,0.0761940380040053,-2.3544373832421184,0.0630391974228528,1
11637,0.1242665663439318,1.7724050685695083,0.8628943419207261,0.5475083828247854,1.0577982766539016,1
11645,1.7033657576301184,0.7024950285253644,-1.858678120504556,-0.8689045244416046,1.108259289646235,1
11649,0.3382691588809108,0.9698312924582432,-0.4261014890068248,0.956967812065258,0.8940895460819456,1
11650,-0.7707870576540021,-0.5957793293849004,-1.34613765054334,0.7439455695316678,0.0037442377514279,0
11652,-0.3371213491306851,-0.7743430125369115,1.5255434759438962,1.7497619418578367,0.4231517695667985,0
11653,-0.5788246062800945,1.7211697345186443,-0.6983775205874507,-1.3840671945838998,-1.9871190867305144,0
11656,1.5607037542235136,-2.80622934316639,-1.2154886102712676,0.0553254896988923,-1.3294425011462314,0
11658,-0.3549892056348612,-1.0334797173296493,-0.1347064968310845,-1.2318548829133482,1.9169616630267308,0
11660,1.368484529379722,0.4364786097478652,-1.2694011750622944,-0.5805005424857622,3.5891024814820542,1
11661,-0.5511776283374279,-0.2573527033291931,-0.471885448150763,-0.9396149474708758,0.7039502809917939,0
11664,0.4767637197701256,-0.4905931108760151,1.083362267829888,0.8589423199285287,1.2560626622635451,1
11665,-0.9472807107178126,-1.3547948241879373,-1.8584909168964812,2.6751871909271556,0.9061329490683948,0
11666,1.244958816632615,-1.4337548353419896,0.6354903657033474,-1.7216449321772125,0.4551227810110658,0
11667,0.0204701614600936,-0.2982850430730767,-0.5420790507882318,1.175785608552024,-0.5229374797412035,0
11668,1.3533642359534053,-0.0473577639613458,0.3736636926108252,0.5502771571159762,0.4596685124881246,1
11670,1.486062000523677,-0.8131107738304659,0.004646132873955,0.0793372520778244,1.592076724020484,1
11671,-1.046712550968909,-0.9032701194993648,0.5055189367833007,0.3447024431724655,0.5220641981181359,0
11672,0.3222619532587657,-0.118500830980547,0.5603022426567141,0.2053559434555951,-0.2490959504878267,1
11674,0.6888843827464121,-0.263826721057338,-0.1031666088526145,-0.1772578360626011,0.5032342384443919,1
11675,1.4801672901078342,1.8035490476951013,1.04761838533181,0.0785291443579763,0.799396981638203,1
11678,-1.1379729000679517,0.8219335359894188,1.287855606479107,1.2675316647754302,0.4707539941622642,1
11681,0.6468139862367529,0.3526710178550314,-0.1377625173610046,1.2026237016768004,-0.8004416651429315,1
11682,-0.2411989274205278,-0.5499791617847674,0.6527764322875707,-0.4254836329231534,0.4001625824227622,0
11683,0.816332382970212,-0.506870754250755,-1.5983388498473343,-0.2252258778078591,-0.7956209044974292,0
11684,-0.6423928326576899,-2.471166198972234,-1.6204101237540864,0.7999787282646555,-0.9374212751499508,0
11687,-1.8731719019443904,-0.1089445216795651,0.4303014548386151,0.1539780051986063,-0.8778380797360987,0
11688,0.1516659838933846,0.6598340598096136,1.393543849935493,-0.2259640578169954,2.456952178392927,1
11694,0.1114645357586774,1.5580853030020971,-0.9894224329610636,0.0945205546507058,0.7039187080486304,1
11696,0.7579925098484448,0.8234589786115935,-2.7558007667622784,0.0803817839047776,-0.4356980511140914,0
11697,1.5031602989801447,0.6986616469927281,0.8747413405226759,0.5196293422694717,0.1047829883416786,1
11699,-0.362754277218043,0.6794561461898398,-1.571734201863784,0.2696965476086774,-0.1511207813470843,0
11700,-0.0453405731107295,-1.7675384382749777,0.0328838976749161,0.1296877602758574,-1.781607410711804,1
11703,-0.0424217433620668,1.235937758586926,-0.1216481070263921,2.061441299064241,1.929962046849682,1
11705,-0.7214936966559808,-0.427507378259189,-1.0004901731199924,1.4879946477347394,0.5015422733638804,0
11708,-1.794364762781224,-1.1009496307664115,1.72444633481467,-0.3727774697630878,-1.0384619980193752,0
11710,-1.236253572023852,-0.3692228922736757,0.2924349592646089,-0.4375740761950897,-2.0656431734961016,0
11711,0.511324204099532,-0.6313524843066445,-1.063967101212155,-0.8934550616793532,1.5511652345315758,0
11712,1.2990299222575568,-1.0911545918461711,-1.7317911503767314,0.8983637004787693,2.0582062840265576,0
11718,-0.2698588190944404,-1.55080976831701,1.2259611704677356,0.3246164724884401,0.2011627252573256,0
11721,1.2483784769365345,2.7854869212477755,0.1942316323782059,-2.4148256439383653,0.071851268556501,1
11722,-0.3796444862322557,0.1727424723947233,1.783047910684881,-0.541843917254184,-0.8315896247560578,0
11725,-0.4762886455705808,-2.7221668418887144,0.3250351382997758,0.0074428625756713,-0.7081459690571708,0
11726,-1.8094413395059312,1.3944938794089008,-0.5683540494070092,1.0975791909507733,-0.1257893296362052,0
11727,1.459325799753984,0.5844432321258934,0.1114968712828914,-0.8396965807647407,1.299042032161697,1
11731,0.7930975553520878,-0.7284535555038816,1.248774185111161,-0.0602549938121297,1.906523815365189,1
11735,-0.0694051412144297,0.9774562657886002,-0.9221551482940772,0.3026083983334637,-0.4797966215650001,1
11737,-0.3370376175103169,-0.809789668706457,-2.2029087760693176,1.1007862690026236,-1.7530032344883946,0
11738,-0.0483480169844137,-1.7251989128534613,1.801005327503351,1.3345545952356217,0.300136691243737,1
11739,1.047700700965394,-0.1322034618754977,-0.8247421430685685,-1.6764492607575716,0.7919990015680332,1
11740,-1.0093861287346808,2.526544084892046,-1.1123616836858068,1.0120717978402434,1.2760019003611398,0
11742,-1.1381846379956395,0.4917446898739925,-1.0475160760102031,-0.0615440394261649,-0.4549398031179196,0
11751,-1.3964838997679525,-0.8557729374885016,1.354490856301017,-1.088132262899087,-0.1434302138673757,0
11752,2.2063942726574126,0.2492538844608307,-0.5107917524568119,-1.9876678574260076,0.1669208575163772,1
11754,0.6712661110342181,-1.3183334365542527,0.0889665512879892,0.9634801591150048,-1.5196179898618496,0
11755,1.6872257558748098,0.1409202715020067,0.5764508825824991,-0.3438288114212116,0.0463202980391985,1
11756,-0.8944483382894016,1.5470755850989637,1.7930534873620134,2.1466652257252767,-1.7657354931248748,1
11757,0.3295421753734827,0.4321177149492653,-0.7055559520512332,0.372815078790656,-1.436607431979364,0
11761,-0.43106581369267,0.1133332081100638,0.5031953239276601,1.153820363090941,-2.1500157254299292,0
11763,-0.4324332974492164,0.9920480741545016,0.6314251622781417,-0.5004519216012142,0.2130379829237938,0
11769,0.6008819228511555,-0.6883003533832462,0.5882841928120941,-0.0039350522053223,-0.4049723419595131,1
11770,-0.3569874131123211,-0.5524243731925054,-0.2809266094942135,-0.0081108610021575,0.6650129794298625,0
11772,-0.7079531646889649,-0.675623656964349,1.2641769851411226,-1.1012107831517428,0.3717845700806702,0
11773,-0.4628999219087756,-0.2526889386810738,0.0497062349963709,-1.193649022466687,-0.1234848528838539,0
11778,-0.848662752344743,0.0405445327774882,-1.0011470041898556,1.4479450264049216,-0.9107950613008798,0
11779,0.3652731125732755,-0.4941973872626605,-0.9248988236233232,1.0773130862731417,-0.5211747206405947,0
11782,-1.4266461225401104,-2.4545805920055725,-0.3083875688894595,-0.7862048429530077,-0.7707045280907926,0
11783,0.3343617754879572,1.7202701942355556,-0.9016541941683446,0.0920318834393939,-0.5677783956492618,0
11787,0.1610600249170389,0.7913408442125061,1.182962132081888,0.2150105012425159,0.229377536563485,1
11789,0.3557021125922245,1.2450033927423425,-1.3845093803510988,-0.7192660582371003,-0.8894528505131984,1
11791,0.0154985447402578,-0.4347476797861824,0.1561246353743973,-0.7677339009409045,-1.5230327897664786,1
11792,-0.5722443127344163,1.3813204780264356,-1.4849820754074423,1.0971251405602125,0.5599487111879765,0
11796,1.2255094505139985,-1.3060363709312508,0.2553493202003112,-1.487284915675036,0.2930183918971036,1
11800,0.6572188332410029,-0.380705876896984,-0.9855175396599132,-0.4052557134199359,1.9679045905132209,1
11803,-1.3507597053706073,-0.1097298201286479,-1.3438021769975947,-0.5813188650667566,0.069407672335412,0
11804,0.2715402394236971,1.338770973717477,0.0013965929709556,0.1071739499013316,-0.239815961269396,1
11806,1.3957748807132386,0.318508504828279,-1.2256627842120311,0.408339712830007,1.310094650888719,1
11808,0.2037125983953407,0.3902884880218662,0.0922939617617987,-1.75379243362914,0.4115209413523738,1
11809,0.2521600022532735,-0.3800330965020635,-2.5495435412772474,0.6220755254782695,-0.8603535111411033,0
11810,-1.1267559545251262,-1.221869692935827,-1.959025225413064,0.4617101407612567,2.356021429157112,0
11812,0.7823124783657901,-1.208159860963712,0.0995583266031856,1.1348162073487558,0.7011637936216675,1
11817,0.1470304269930566,0.4753892232933202,0.2835482070798969,-0.8600054918212757,1.5682626922837384,1
11818,1.2457396049393945,0.4287087792335164,0.1503668981368986,0.7503307764408959,1.2601537134842926,1
11821,0.6988538788773516,0.5729590423892698,1.23007879640727,0.9429836584998834,-0.5788289918992809,1
11822,0.0264785085081388,-0.5047740583916449,0.1612281012740056,-1.868855304193688,1.928252908612136,0
11825,2.1383071262832125,0.0766926405549495,0.0824199345790151,-1.371476518077964,0.5247370761975758,0
11826,-0.5880716604367395,1.4716736831930368,0.4643878026006782,0.1250061816065236,-1.3228032018394589,1
11827,-0.0981910627857942,-0.2138158350820403,0.1229668981677666,-1.9700389139962529,-0.9095668019425158,0
11828,-0.4958785949738798,0.5002056581161902,-1.9304021070614643,1.3817192142426384,1.2419671910960246,0
11830,0.418095555929592,0.1172057484041196,-1.0845242949838634,-0.4371782417187644,0.3572958674352348,0
11833,0.5410451565266665,-0.3098067707016347,2.767569237535924,-0.6181991965794837,-0.2673352509671769,1
11835,2.6681717393911613,0.5163263666035115,0.2257036157883099,0.8058251120400052,-1.3032124969030492,1
11836,-0.4564365470346681,-1.0429994600142234,0.1669120663675887,-1.378124688124989,0.673768208831294,0
11840,0.6411818063300351,0.9471720773808208,0.2212380867671653,-0.8528836157122487,-1.2300586434534655,0
11841,0.5509559698482921,0.7154375063296436,-1.116766380161289,-1.2506750265754647,-0.0190329895072601,0
11843,-0.3495412233702631,-0.3085535947633461,0.8482627064161699,0.9575616108502736,0.9837266248705192,0
11847,-1.1453928369922814,0.4939591893269804,0.3570717911825637,-1.266232157797606,-0.1761093698097881,0
11848,0.53849800815918,0.2747972188910711,0.7318769760505186,-0.6721797072234386,-1.4184228857329224,1
11849,-0.9133172219358802,0.8643549171187712,1.0356610039358418,-0.1675325203291628,1.5126028716490365,1
11856,1.0768256569724086,-0.2468186906353866,0.1131706971223436,0.4351871973407555,-0.636507150143211,1
11858,2.009234897859796,1.192604974295859,2.0809408031996464,-1.2277760716779325,0.2495402072180609,1
11859,0.3548405814071101,-0.1167624283375611,-0.3277449147048231,-2.9595330283825927,1.692493098108373,0
11862,-1.2398095847460264,1.0389316261448716,-0.2713148804326745,-1.0247822028569566,-0.7417512589450479,0
11863,-0.0938999683000313,-1.2833704189854005,-0.0311399102021222,1.253061003990518,-0.1186908316204587,0
11867,-0.1301479391928496,-0.198041004409372,-0.6401340441146184,0.6571915113894138,-0.7516781859602534,0
11868,-0.0431458967654954,-1.2144007623749835,0.1000857265865386,0.2013194817598855,-0.9613287324941046,0
11871,0.0604662207519082,0.2691756745379804,-1.1819122812165823,0.5930161357427968,2.162791205389259,1
11874,1.0245064333017448,-0.6601071415173927,1.4575449363170596,0.3666255193037742,1.4232640879968288,1
11875,1.0815617875402304,0.3143949087728475,-0.2447227801168655,2.364107371620591,-1.7798751676999662,1
11876,-0.1734625633633556,-1.4054083337172458,0.1169922332953073,0.3567140367392671,-0.6429288950517712,0
11877,-0.5677179888028286,-1.3206101498786416,0.4519122650963177,-0.4663305894051975,0.4224130107766024,0
11883,-0.3914943185462369,1.6914999606031884,0.3444735430031141,0.2223431152450168,1.5094427291946124,1
11884,-0.5025071482467078,-0.2497748029387087,0.9374302852521404,1.774355132193227,0.0445332621645593,1
11885,0.3865843059605531,-1.5884275838033175,1.2822129310425496,-1.0831602369523532,-0.5394341381429145,0
11887,1.4962823015445383,1.4158015157859245,0.3820207058799704,0.1567204373144869,0.7976489115437075,1
11888,1.3256636986849146,0.1170605788532252,0.1514173565384989,0.203548871205952,1.009604648168382,1
11891,-0.7509520071903099,-0.5224116838098845,0.6099434266538607,1.247432609311404,0.5518209665742888,1
11894,0.7751119495995501,-1.323789051987593,0.5117772596201392,0.5317076041392266,-0.155561570042317,0
11897,-0.9816366491623418,1.08500403657562,1.0371284894328845,-0.7744941544144474,0.3958299556263688,1
11899,0.127606957327565,2.889126681249852,2.580811467778161,0.3219190883969384,-0.6636931279617126,1
11902,-0.270951675085279,0.3850982630232761,1.7112863483244842,0.4111452546884939,-0.0957468672655382,1
11903,0.4028333809349746,1.422870526583806,-0.3598196816794432,-0.4479268203106457,-0.4740370811100999,1
11904,0.8152713668511551,-0.7792524783971282,0.6406633541648316,-1.4711030125026976,-0.2596976434951032,1
11907,0.0992823802270736,-0.0824886953585396,0.0975934270072894,1.2099851534525723,-0.8544032309433519,1
11908,0.508192545481068,-0.0388007175552762,0.4032954685293824,-0.2044541204750929,-0.3609797005255836,1
11912,-1.1881879263824349,2.0098291074861487,-0.3316973366099439,-0.3082076541651363,-0.0349520736103815,0
11914,-0.76940354517067,-1.4919017047321326,-0.5535378647227029,1.115259797448227,-0.6719258971017847,0
11915,-0.1823066269480386,1.4438483401483857,-0.6873940565484972,3.057109796562791,0.8919598409083537,1
11917,1.6072753138481193,-0.3755118400901018,-0.4666880413706303,-0.6624096763835309,-1.9323723880575376,1
11923,-0.6642745738117393,0.1037697964522825,-1.308492467164664,-0.8534955400156853,-0.8891780038281186,0
11925,-0.7925333065101553,-0.5791143874438458,0.2644779782328495,-0.8210669665322166,-0.0800816553638131,0
11928,1.5466528204753618,-1.9130307940621631,0.3915351450125145,-0.0913434333226795,-0.297076804220345,1
11930,0.3650788343318309,-0.5438892479530243,0.0378954328973458,-0.2719572512676707,0.1068170432712958,0
11932,-0.5670117972515081,-0.7478457993330555,0.2533454458267454,-0.0837668049889648,0.6802405082802594,0
11938,0.4236356207981959,-0.1095276612871573,-0.0013222662260298,-0.818488671068143,0.4531924465810518,1
11941,0.3169999288376027,-0.1227323869951476,-0.1197789531265048,-0.9050618841305742,-0.3805928909093417,0
11942,-0.0079292380165169,-0.1840843609511748,0.6971163892998489,-1.0939847192756278,-1.396842924019152,0
11945,-0.2870453841028326,-1.423733437156847,-1.3731807148656052,0.0031851040326479,0.9250069600245188,0
11947,1.330852045958948,0.2853454692894264,1.9393777873424909,-0.2330967131946188,1.3237023316969545,1
11952,-0.5630429009390392,-1.3682514895729794,0.9990929142121242,-0.4591853872603372,-0.775990710481351,0
11955,-1.5236452833286351,-0.3345224120717662,-0.6753521720655506,-0.0776998783758627,0.0490303637873902,0
11957,0.1353560718192106,-1.3920729127688698,1.4264631643175187,0.8347515750217673,-1.0214863293286116,1
11961,-1.7178841229235369,0.3028522646190332,-1.4422063018486664,0.410523579159373,1.832407800686572,0
11968,-0.6463652964548686,0.0997252282680735,-0.4637646127977622,1.3360806693789928,0.8810086215322415,0
11969,0.8640677049099492,-0.2518848817820832,0.9138192441660572,1.02312687738624,1.595851726676441,1
11970,-0.5411368247670388,0.0116106356718376,-0.750833532252918,2.639283823226388,-0.2018669366928621,0
11971,1.275807411824352,0.1565993368562911,0.879426644934055,-0.0144861056541589,0.9231639783083808,1
11973,0.0092537561498715,-0.986592373165712,0.3792359658367037,-0.6168006133982933,-0.2357694744949191,0
11986,-0.425724783667582,0.1496419744401703,-1.1236330717514602,-0.9736256055393492,-0.4678908977743699,0
11988,0.6602240877106674,-0.1980805266383118,0.439960860623823,-1.0825108880076502,-1.545627953662373,0
11989,1.3773506469481982,-1.3300730598854018,1.4836258847953727,-0.3710039666509758,-0.8270634367806118,0
11990,-0.5164022294433999,1.6021749010667543,-0.698503577234258,-0.3820952874742045,0.9752449509844214,1
11992,-1.922205059942276,0.7702326313826303,-0.6546700117606469,0.5956166247656415,1.9635270205282735,0
11994,-0.0895032632080249,-0.963053918731262,0.4299992389021683,-1.304313596312764,-0.4372751537558291,0
11996,-0.1376506251082223,-0.7326408315819601,-0.6306881360522232,0.1580931315514472,-1.0582198158423468,0
11997,-0.0442904605915297,0.0331876493754417,0.1561260648588112,-0.5302823797378998,0.6050853875325444,1
11998,0.9616063779284998,0.6473234781589324,0.2098235129550665,-1.4264219065550754,1.6755818656241808,1
11999,0.0586090446270409,0.3118299401632836,-0.705019798537281,-0.2147866367913979,1.179384102626633,0
12002,0.3287418086071865,-1.1861201085182738,1.624193268667344,-0.2909950066337696,-0.0629438696665663,0
12005,-0.7960601038197832,1.4422205576031948,-0.4739396604775929,-0.7859739331172488,-0.2177068746790182,0
12015,-0.7543230339834893,-0.1040626476662043,0.8500740861742473,2.428189146990249,-1.2042451130060228,0
12023,0.8385824328868746,-0.5335684984282011,-0.0011768490177326,0.1144930688838676,0.9737997022867916,1
12031,-0.1054012598012131,-0.2220503903938255,-1.1194141221859926,-0.0355688286059393,-1.6084751931545922,0
12032,-0.1331805537004634,0.0603067611699549,0.7452304544712477,-1.1762962170541336,0.3398775874298462,1
12034,-0.9221265668323084,2.1427550653774663,0.6560293610460456,-0.6016052957443051,0.3666276194897103,1
12035,0.7109790723194478,1.5411227594766723,-0.3893203633277956,-0.5960206708465422,-0.4977512083586751,0
12036,-0.5713911239796796,-0.6050083110354495,0.187389545215589,-0.4210493696661841,-0.0620825056009096,0
12039,1.417156020384352,-1.201831229904443,1.077048938765247,2.2375257160436317,0.3920854255918557,1
12040,-0.6368911934969723,-0.7771023896138773,-0.1620222203720799,0.6760622118708461,-1.4935837011959627,0
12041,-0.3097820764745326,0.1316147638455138,1.554160940733576,1.8617024907186768,-0.1316033384791983,1
12042,-1.1083642663818234,0.1401440079378698,0.1759589764639979,1.186126044281449,-0.4436889742477143,1
12044,-1.2554601840287347,0.6103594945522121,0.2640101724954078,-0.8035381516158223,0.8199361192920752,0
12052,-0.26405747023426,-1.5728828162564603,-0.2517878124716863,-0.5606317994109465,-0.1090091880041114,0
12057,-2.527471370775822,1.2395201057010294,-0.6583160751028564,-0.5731300155034097,-0.5453715101472314,0
12062,0.2220003598993513,-0.4610332599750018,-1.575523328323491,-1.206798864222523,-1.051965693787886,0
12063,-2.648227809862519,0.4315859299350995,0.5054312643551463,-1.0718012950311262,1.3045320452975324,0
12064,-0.106399757615183,0.8474896828223879,0.775899028183163,-0.134160553482309,-2.029314923745602,0
12065,0.1990410401233859,0.5264089990461712,-0.6525606334672486,0.1608202558776984,-0.0286738285272233,0
12068,0.6035128373245666,0.1869272626966174,0.5481988511818968,0.6540941207168828,1.0970649825273986,1
12069,-1.064759491875224,0.1465760257153176,-1.5790422437849143,-0.3067204404520084,0.6706533160539191,0
12071,2.2201929855051556,-2.2364237102673874,0.7144399607689936,-0.989342161165094,-0.054033288153364,0
12073,-0.2065848416689891,-2.3137595296648157,2.5977087951687823,1.9196571251619223,2.179267569633072,0
12074,1.5331043168199596,-0.5909030763189399,-0.0441441907812342,0.2914413260405261,0.3744545425106647,1
12075,-1.0955072224931923,-1.1458090065287256,-1.3370792084086245,-0.4265295457961945,-0.3199487445634755,0
12078,-0.7744148060193964,-0.7401835811689957,0.3695764375114562,-0.6468941376397552,-0.1055132191497468,0
12079,-0.2698910803961948,-1.1742281031957869,-0.577503050847488,-0.5614997992916048,-0.3816816120105342,0
12084,0.2362221531158868,-0.1749559047314823,-1.1828682198295748,-1.700469976416644,-0.5119602989610255,0
12088,1.4646979520026486,-0.8986719478417652,0.6663223050153297,-0.3111825350817339,0.5894942567367978,1
12098,-0.3152546684894333,1.340696589514049,1.851350420824012,-0.0507914074508864,-1.1752621912195251,1
12100,-0.826779801146267,-0.339556389865946,-0.4727486339031537,0.0566802353736687,0.7896559849489568,0
12101,1.2755485730681044,0.7905358084106788,-0.94277732634032,-0.1090381410551757,0.1046709822537114,0
12102,0.3072068688998199,0.4892756674035241,0.0777949416533591,-0.0864282613918201,0.9107355037628064,1
12103,-0.1327908609540541,0.9569400600707034,0.8134477327645111,1.4527390652967551,0.2177507658758734,1
12108,0.0121849952136202,-0.4046965247681876,1.93221886978172,0.1655478175193726,-0.5686852380059861,0
12109,-1.0568448014581135,1.7131942876430744,-1.401902642104942,-0.7947536645319607,-0.7941682128892796,0
12110,-0.0347022795118608,0.3550519051835334,0.06844097879766,-0.3646472982504538,-1.3971799559053184,1
12114,1.6490996088336125,-0.3881700640269676,1.5480419335540525,-2.3246074732182405,-0.5035782496194304,1
12119,-1.2273950439659618,-0.3784440744610827,0.981310698448416,2.176119249817495,-0.0579650654328761,0
12120,0.4895918765394261,-0.1001924790464631,0.2189466208059909,-0.9250043634410796,1.445017617367811,1
12126,0.0977596430395067,1.0051537233353247,-1.0314835647464278,-1.2401543809109614,-1.2202931072713403,1
12127,1.0218813326123344,0.3982342662736892,1.4744740463433827,-0.5189959214981639,-1.2227072741218454,0
12132,0.8235380505375618,-0.6801032854156907,-1.0030444600280854,-0.5418692123005872,1.4703966020097556,1
12134,0.8413933286078792,-0.8065746635621424,-0.9498059899530626,-0.1539605555304879,0.1081708425697962,0
12137,-0.3382454456114074,-0.635549962497175,0.1828042438584377,0.1455866162431301,0.0968398391520796,0
12138,-0.2026046919212509,-0.0426378525334278,1.6568573913743452,0.2743286812593299,0.5834138197068875,0
12142,-0.1343974333830445,-2.741163399459901,0.2597076606998511,1.0035262784835872,1.692233120929283,0
12148,2.010309836578167,-1.451436007999979,-0.3544959312890548,-0.2878787710585052,1.1667093893538232,1
12152,-1.8021147225820604,0.640966466189292,-0.1459716165664368,-0.184351622996375,0.6276600342356526,0
12153,-0.0297143003618569,0.3925388197742321,-0.3596815231649595,1.5047783896861722,-0.2329921551543537,1
12154,-0.7612293156040775,0.3469684929097227,-0.8349382894211045,0.2348275380083802,1.647088728677741,0
12157,-0.3872745838332124,0.037397864750948,1.0999051986457211,0.1310495512511681,0.6377736721992618,1
12158,-0.7401479297878969,0.003552127902022,-0.6213820779512365,-1.685569829102523,-0.8844680919237613,0
12163,-0.439710598555467,1.0058986618480934,-0.2615743236798507,-0.427843169057242,0.1412092293859007,0
12164,1.306993827221815,-0.1545398598453691,-0.8855383390502742,0.5458169580976997,-0.331756591922682,0
12165,0.554839033091261,-2.0487084491595087,0.0368203665134439,-0.2486187459871225,-0.95958904698903,0
12169,0.0611467649224336,0.1411753737572417,-2.107323036260204,-0.5183566729779312,-0.7785763430840348,0
12171,-0.0861798409727636,-1.9763838373647136,-0.7202724628908669,-0.4629305441684156,1.4570669809678798,0
12172,-0.1489104107195131,-0.8904890500558367,-0.133480572303131,1.4406331937981287,-2.0545511954990316,0
12173,0.7725789456339586,0.3793167614457893,-0.1166632586626289,-0.3105955500117308,1.4371101496079086,1
12174,0.718395992757968,-1.0376389946367237,0.0223406184097928,1.245228363169509,0.537884468466035,1
12176,0.3012815201702074,-0.0182355379812925,-0.6443757451705996,0.9752250341269412,1.4975893554409314,1
12177,1.0413260219275604,2.255668034024457,0.1310569410286797,-0.6208834463631706,0.2572888632004616,1
12178,0.8040788408063508,-0.2627672405583989,-0.0434310723190577,0.2138313961130956,0.4935742591072562,0
12181,-0.0572449402748562,0.0669458712434561,0.4913540900095516,1.1899948194285916,-0.0166467366662898,1
12184,0.0513889530223999,-1.7997719450324037,0.7313877065360134,0.7949023214514764,-0.0373352954631069,0
12185,-1.8393727844196957,0.9019573134085777,-1.0220171386299042,-0.3612983912500431,-0.5741592572408771,0
12188,0.3644259111958198,0.6153357821622029,-0.0322175268933618,-0.6226273173874521,-1.369437750203434,1
12189,-0.5302968902471972,-1.6563329272408491,0.300800564985173,-1.6061571645381116,-0.355455480903746,0
12190,0.728963596909596,-0.2420828441769011,-0.0590941897825789,0.4434770687519858,0.5133064021424882,0
12191,1.0379069747607756,0.5633363457237968,0.3578179334484132,-1.9614503023412069,0.2416597055566487,1
12193,0.5645710650293643,0.4430256786390962,0.79010444412384,-1.1343230081980242,-0.7931005825330241,0
12194,-1.293794501053068,0.2586516181471099,-0.1872878750673904,-0.1945737870690439,-0.6806566522898726,0
12197,-0.0229612685116196,-0.6268709468733397,0.6055503506770241,0.5757127694643651,0.2829853013158243,1
12200,-0.4299852469313134,-0.3071953270468063,0.931133482656522,0.536894534222385,-0.4280090103925768,0
12202,1.1323743233249453,0.8286686112779417,0.1266958988718141,-1.327117818076073,0.9551560443083156,1
12204,0.8867960864947303,1.4542053078305208,-0.073976830194206,-1.779024212587507,0.2805372548493159,1
12205,-0.6961346170767957,0.3605837027196759,0.2954882583144601,-1.8816004430262765,-0.390378994691993,0
12207,0.2340363170828363,-0.5390513942593698,0.4340549304092258,-0.2281291645237647,0.4861755734908348,0
12213,1.4839013121753335,-0.733175246328351,-0.141026957594957,-0.693643003064339,-0.2550151801155632,0
12216,-1.238759451284981,-0.4937166914312762,0.0125370095402858,-0.7330471381751766,-1.6806085575416598,0
12218,-2.379889289317619,0.6434573153273643,-0.0608737957517137,-2.5132131670848614,1.0181747413021225,0
12220,-1.9341406035996656,-0.3004836227891033,-0.9807633894193888,-0.1629619536216798,-1.698212031568504,0
12221,-1.1171455335290714,1.5395035437608753,1.1615180375069782,0.971622328146779,1.4707206878567594,0
12222,-1.869564164220445,-0.0566242253109892,0.2439357607566204,-0.3874122827158475,-1.860841443416186,0
12224,0.6338192095644557,-0.914402946886862,0.2386630356614032,0.2492403199079842,-0.2315179493725452,0
12233,0.1431680636664051,-0.429630361664423,0.0130947898045332,-0.8249558755568701,-1.6781000093447112,0
12234,-0.147995790535834,2.3334133081962887,0.8883701731988108,-0.4796887638684993,0.3509092920939793,0
12235,2.514168918573391,0.1989145488949994,-0.8901434164877572,0.0685113919745328,0.6418937693753528,1
12237,0.4038080895873361,0.3387102472791865,-0.8485605286065695,1.9933047674803712,-1.0874782645401613,0
12238,-0.981229832370717,-0.2288414291693886,1.3263871413332824,1.3697333971977947,0.64019847950041,0
12239,0.8933526041349175,-1.3025006204171723,-1.69979692805039,-0.3719902876114002,0.8856372266615713,0
12242,-0.9479580305587444,0.8749250151052158,-0.0095274721246063,1.676362363705375,-0.4289554496506595,0
12245,-1.6159705798985011,-0.6226271268764401,-1.2022580774696765,1.9216301158888285,0.0460524216425409,0
12248,2.0445594257484263,0.409728470577264,0.1966996200227102,0.7834482112745191,0.3924919780894034,1
12250,1.468501685319349,-0.2590041752206843,-0.9251780549190384,-1.4611030185624487,-0.768158947323895,0
12252,1.9490653858122216,-0.4268038073309907,-1.134047809965865,-0.3956119545714671,-1.858757688395152,1
12255,0.0353681836525024,0.6119905719023991,3.205694770157014,-0.5791810588942962,-0.5099141378755923,1
12257,-2.1591124347024055,0.0646162878612216,-0.0141028593045785,1.0191190172400246,-0.5173211194577426,0
12262,-1.6812047191523345,-0.0070868720598455,0.5825143222881072,0.750470071632546,0.0111241754255384,0
12267,1.356719016665926,-0.4923347350481165,-0.8911683905061344,-0.7759577740247074,-0.7924908128254567,0
12269,0.0411832292674645,1.6217711698041568,0.4668720594320553,0.3658939142299849,2.0095585263125204,1
12270,0.4344384451464543,-0.2147654112624992,-0.8692126741354603,1.452891756557882,-1.0083717836143753,0
12271,-1.1395459891443216,-1.1350726180795356,-0.7524571744920387,0.0434275245139031,-0.2620938344407798,0
12272,0.5253755101923019,-1.090035073538749,-0.8717820888397302,0.153542018516277,-0.9641772456605212,0
12274,1.2169541893424116,0.3022052864529239,0.0003426383198243,1.3480159839291028,0.9750116921596392,1
12275,-0.729919532086195,0.8345485640263106,1.772952307923962,1.776655357961809,0.9767331727278876,1
12279,1.2543640292654643,-0.9758453752148591,0.6525825993284059,1.8151788538126703,-1.049922888829625,0
12281,2.498053555193202,0.0564800283676564,-0.567647764867261,1.427670050137579,0.1400657344135766,1
12282,-0.3762212956521564,-0.5423555299339343,2.102207387963135,-0.9938888285783262,1.1258288176955558,0
12285,0.2155306802706525,0.8335334244241905,0.1815535456032786,1.4053817693937154,-0.2697607395019732,1
12287,0.9617149819687478,-0.8123379351259804,-1.3331118687430754,0.8099659025314505,0.6453920390954924,0
12288,-1.0371840449874543,0.7074332764270836,-1.130601624414765,-0.7235296677498091,-1.1044164486422323,0
12289,-0.4584003312440752,0.5640582972874817,0.2698605186109664,-0.8137258790603178,0.1894506319038547,0
12290,0.382097615435061,0.9554508009953036,0.3592724169964478,0.7376985049207,0.064804452026432,1
12291,-0.8148647276363732,0.1618171552314094,1.2156087758487892,1.267828127095625,-2.581458651843308,0
12292,0.6289311312558996,-0.4942212960033048,0.4006130551730145,-1.3659039771414645,-0.4301525511036891,0
12294,-0.5150368078828874,-0.8783081234177663,1.3859218143229526,-1.7163184630403414,0.1931941756392197,0
12295,0.502873843379526,-2.31020093798659,-1.0902929301547604,-1.3652560854495723,0.8331711457367219,0
12296,-0.6424712940946206,-0.2603685294025447,-1.6135529436886331,-0.8098782332869261,-0.7901095760404434,0
12299,-0.4857998052537068,-1.2197602369806828,0.5648444224620368,-0.8155015598491452,0.264313413386451,0
12300,-1.0380144920533776,0.974035296974398,-0.7594280619311752,-0.2109515992770851,-0.2751845136256112,0
12303,1.1314046784763814,-0.2140936076684695,1.9316501594049111,0.1042487016189871,-0.404802973804687,1
12306,0.8403853030291932,0.2524369851744786,-1.6540794536157168,-1.3370989460984104,-0.04700475344585,0
12307,1.882350506695363,-0.5383846440152499,0.6054741788707934,-0.64397689400939,1.699941643885404,1
12308,0.0414795879822811,-1.2126454209103483,-0.8155478380627712,-0.8962854668353697,0.1163396369039607,0
12318,0.5693665919565886,1.4203954163260408,0.2084737267916642,1.245865253757929,-1.0007070287205149,1
12321,0.5665093452352151,0.6250728955189121,-1.1056319121678686,0.4601094200103538,0.1716474183327394,0
12322,0.6312655165291265,1.209576188868559,0.8136848693575882,-0.8683721013796127,-0.1360216232175084,1
12328,-1.538184162164598,-1.0707683170996385,-0.0913181519232076,0.3578620352411328,-0.046158232980544,0
12331,-0.5575978564891251,-0.0309006905306218,-0.8234892958495852,-0.8836486880926555,-0.0761794397671412,0
12332,0.3625592165204694,1.05762116627706,-0.5790650408410927,-0.5957913028424985,1.2851160150058183,0
12333,1.5938992569530683,-0.0841538301282609,0.4656986501795275,1.6695757523996966,2.6488276894185465,1
12334,0.418860113892369,0.7533164790981576,0.1328818959787822,-1.4801393151103102,0.3465164716423131,0
12339,-0.0221642205250264,0.1435566288542734,0.1448274282500893,1.33306175907242,-0.7210432965388736,1
12340,-0.2067123652065377,0.0979363557580048,-0.903489714049434,-0.4467157388702271,0.7664231068126267,0
12342,0.7705373807301575,0.5600276500159551,0.0954324285253791,2.751858582440611,-0.7183444408873637,1
12343,-0.3869992086928319,0.0726583480687565,0.645028660767224,2.0117901329470165,-0.0016483293956052,1
12345,0.98864040177554,-0.2931100992683865,-0.5406815026017779,-0.3431777366764347,0.2989593572717886,1
12346,1.1176912867742923,2.096701147131026,0.1749876444759542,1.86328619458297,0.6262131039160818,1
12349,-0.4211592828295789,-1.6395791717583723,-1.7039385762954844,0.8168162904553489,-0.5451354198270014,0
12350,0.2696176657814291,-0.707559106366318,-0.148230299208135,-0.3250507112870837,-0.6868201164923696,0
12353,-1.4429538687024743,0.747862431499325,1.1548993880628953,-1.1319230605335484,-0.3671614811549584,0
12356,0.2455569983053165,-0.2686133194150184,0.8722934068470473,-0.3475234727542282,-0.1657837011621881,0
12362,1.5287913683201757,-0.4876414641661692,1.5287479905626118,-0.6534624866849851,-0.8777793391802293,1
12364,0.2274642417333088,1.6450182305057237,0.2916594382714056,1.179055930072821,0.6096008570702708,1
12366,0.4710747521734351,-0.6260019385359625,1.0893458339340605,-1.6180038286026133,-0.2441204925739476,0
12368,1.6246521062374997,0.8412447440794041,0.9433372659645948,-1.1811650636926867,0.0537578621877948,1
12370,-0.8081311010592159,-1.834116371497072,-0.0632440827357347,0.6824290546988737,-0.9147861352701478,0
12371,-0.0429310872880307,-0.7905179187889827,-0.5424518949964331,-0.9974777053897425,1.290006374481151,0
12376,0.5799550934068749,1.8484246137815297,0.8317618407839933,-0.1299620375567223,-0.9355822960662532,1
12379,0.4901722164156137,-0.4332583651664093,-0.7325109036769748,-0.1410595698107033,-0.1084423013197753,1
12382,1.1051827885985064,-1.6895485120655525,-0.830522911392781,0.7137912411400615,-0.1503888978600075,0
12387,-0.3594561691993852,-0.632843152229588,1.6935620219506882,0.0399401429321074,0.6547478486785513,0
12388,-1.8093237579740056,-1.288131780744756,0.5857023180951485,-0.2409287049590025,-0.3863216562611458,0
12389,-0.9504338086207094,0.9742734408123948,0.6544048472654471,-0.0652051247583479,0.2458269127603841,0
12393,1.011670784354139,-1.5434604883032572,0.2581949646599266,-1.539022338289766,0.0366327112078869,0
12394,2.0359140294881373,-2.35113579873695,-0.07553449556745,-0.4548097075994716,-1.007294993063698,0
12397,2.02074121643663,-0.9408056755450132,-0.4729818170903109,-0.5270640668352593,0.8546263975792991,0
12399,0.7935743379470185,0.3979909945541895,-0.3293828493864486,-0.3109407103738903,0.4812645340327319,1
12404,-1.519721349613822,-2.395399557782344,1.9769225388988656,-0.5062988164082656,-0.304000561829972,0
12405,0.0690366187679609,0.6959937235380299,0.7758996616512486,1.029118122107654,0.5748830527192902,1
12406,-0.2679737862890312,1.2646074789198736,-0.1785628530174292,1.0316328142012958,-1.5398297078141796,1
12410,-0.7122087163922738,-1.13895864625894,0.6638917140276649,0.2528339623568706,1.0300811190328998,0
12411,-0.8867695922117101,-0.0924353500329887,-1.288308075416022,-0.4944325726986021,-1.445364824761847,0
12412,-0.2843640695956507,1.3078424431660471,-0.8581581856205776,-0.8707333360494451,-0.1669718529613229,1
12414,1.690668124493659,-0.1938788939881161,0.3959899283502217,-0.079545060863449,0.7455354990311359,1
12415,-0.2943816157770488,-0.0736850838653591,1.6381599872396162,1.1440708120126548,-0.691749636857451,1
12418,1.9009221525610716,0.2528722222525955,-0.8342146425416451,-1.1131125509697266,-0.3752486600986346,1
12421,1.7395494336956543,-0.3400995730664191,-1.8965297156742116,0.6063730473142318,1.0620680883862312,1
12422,-0.0804007437101715,0.5497618014119721,-0.8281863975798219,-0.4643066960609379,-1.8088907241381609,1
12424,0.5944809303420923,-2.133346752613989,-0.7634522855234156,-0.5884359696848653,0.405248841880845,0
12425,-0.0096546184633105,-1.6560275983728163,-0.3387701008416101,-0.7774316791854925,0.4635045063580106,0
12427,-0.1930088799106984,0.8417875683882987,-0.4422042760920316,-0.3954612196723611,0.3570323584873263,1
12428,-0.94635166721683,0.6307121922872653,-0.3779346172736031,-0.902806222373281,-1.8391480290344129,0
12430,-0.211816500912063,-1.5530379077084966,-1.26990252096158,1.0851117193033826,-0.1351489540452024,0
12433,-1.4001298819279544,-0.912264935356092,-0.3908045267347503,-0.8484691516302818,-0.2676665342545066,0
12436,1.0734481161633695,-1.0981453832026944,-0.8077764884482149,0.8248318125421962,-0.5003030583162638,0
12437,0.3185287641908767,-0.2300110948543336,-0.0077141329374771,-0.4541561207451935,1.076531511647575,1
12439,0.9116036480254116,0.4146599494371984,0.7958632523986418,1.146657309924234,-1.4942077781545011,1
12442,-1.3904308294034358,2.3087784310137383,0.4373487481893444,0.4738729592959585,0.6257626659239266,1
12443,-1.5038021010864235,-0.6822668900503891,-1.1145849873365152,0.5512098802484087,-1.002126328104233,0
12444,-0.3123028496673862,-0.7653263344363417,1.3289285774171855,-0.7091152083573617,-1.2011860750317649,0
12445,0.3803518212030681,-0.1635872224999223,1.3027962973948874,0.2063548788915837,0.1729627267903458,1
12448,1.1983014457897585,-0.2509348845012369,1.6546332913538473,0.3722423844004948,-1.7288498544999094,0
12452,1.8630296819890595,-0.4333657973810709,1.0112906664977266,-0.280807870154132,-0.8491116690909762,1
12456,-0.222006307819156,0.4689334465064007,0.5554698766645332,0.5495890180570875,0.049211166113093,0
12457,1.2185448667095458,-0.6901400234040177,-1.2178139763667166,0.2774756659918257,-0.3876016090605075,0
12458,1.841022277591311,-0.5411596967846775,0.9583174754853424,0.3980449822682407,-1.4744464262910626,1
12461,0.1840002086064713,-1.0496205251270547,-0.1929937844620174,-1.0155431365803589,0.7849524704280482,0
12462,-1.895904260598724,0.6631486489827887,-0.7958994294337982,0.0425641648066386,0.3918566081511148,0
12463,0.0671181574035455,1.9877573777178617,-0.4917504207977727,-1.4425864236503283,2.0988387896962615,1
12465,-1.1533866472108911,-0.1761538963260343,-1.4975701109470905,0.0253012542587743,-0.0467400299293263,0
12466,-0.09751242585087,-2.331201352287193,0.7063850627808462,-0.2912867570066891,2.568360557564626,1
12467,-0.5290995709130155,-0.6938304592740872,0.1042597223330113,-1.2903578416017103,1.169737436931358,0
12473,1.4795311574119003,-0.4441629023852244,-0.1603589643120131,-1.7782787758400314,0.1439287018560393,0
12475,-0.1079136767136913,0.5481667513145709,-1.3125169470736402,-0.986984785326426,0.4533597855881882,1
12482,-0.1287351862439199,0.3591032358457357,0.4836525601445587,0.8606806635321659,1.2711196794334136,1
12483,0.6325711891381214,-1.2274592126530337,0.5864382104562362,1.0817501833136776,0.4534923866215115,0
12490,0.4384636443037825,-0.0277367852138378,0.6931319014206658,-0.4097148303585951,-1.7228149955594578,1
12492,-1.3812376199825196,0.883034375045771,-1.26973468645305,-0.3811223283966209,-0.0356350768073607,0
12494,0.400753484889312,1.8786570928369413,-0.491930448104341,0.6604871508861999,-0.8238163560556768,1
12500,-2.004763103770995,1.1899516513766577,0.2736388281969429,-0.5735586883622932,0.7341501987964134,0
12501,-1.0504652588672003,-1.0038684588704911,1.0589769111141083,0.0670248400113536,1.567689400849462,0
12503,0.4596130817012527,0.0191779347618137,-1.941607730501373,0.8641717863189087,-2.3738081483003612,0
12508,1.210933750778566,-0.5834115718786986,-0.2893457415968778,1.455982045434414,-0.5396000568099834,1
12514,1.0210007196330118,0.0812186224267209,1.936389901589511,1.0195060251921704,-1.1982424828650764,1
12515,-0.4849035939044405,0.6733348807709002,-1.526946432508416,-0.1164553883562202,-0.9326488186268108,0
12522,-1.3247388603031296,0.1678828573796286,0.2770559404753368,-1.5488463155869303,-0.7821823224323355,0
12523,1.7220656657399689,-0.3540664127996923,0.2103250500660426,1.7908311734921178,0.0941794202265328,1
12525,-0.0080567057758602,-1.0088464209207912,1.0823173103704369,-2.8548234555716343,1.5782925764723208,1
12528,1.6871160914514447,-0.8148354483277008,-1.153876786953308,0.2997823868987749,-0.0854166317207563,0
12529,-1.198521503891793,-0.5190180584048313,0.7047677835481646,-1.3202387039458765,-1.1375588667192682,0
12535,0.0712727081870982,-0.2165846998133422,-1.3765516563406268,1.441092516585165,0.4327890235328697,0
12536,0.8700151466411989,0.6604925604200447,-0.43343119360324,-1.49905876920706,0.750766417288208,0
12537,0.6864153814393305,0.2896719419897766,2.1524373915182786,-0.5662630727272828,-0.3146595027036413,1
12538,0.2066733327856643,-0.4972242408455266,-0.2347614451560038,1.032544114130317,-0.6474865416420259,1
12539,-0.5793513911321557,0.5775699671413574,-1.3197649828850893,-0.0819199010551283,-0.1343518126744207,0
12543,0.4404836383080236,1.8637518002428344,1.1118205601645603,-2.0472792070610355,1.5215845641793873,0
12545,0.7056389233075352,-0.8322080758342718,0.0282524649944076,1.401848658429549,-1.2194801151419283,1
12550,-1.2002788241060485,2.3094315869036377,0.659025230271342,-0.5846102003265344,-0.1315022264052178,1
12551,-1.2882376876418022,-1.4745433519060964,-0.3854253230208178,1.30853105827183,-1.4068682536334778,0
12556,0.6039525558069786,-0.714611819672268,0.6443529184100466,1.3012088631258074,0.7897001140255273,1
12557,-2.456954778830591,-0.1525723287788936,-1.0577134353047086,0.6712492084047754,0.0702459267957954,0
12559,-0.9715977132510296,-1.0001132605894505,-0.563295122230142,0.5847633772951984,1.039110979410546,0
12561,0.7625310700832937,1.915617677633563,0.988018105211032,1.2028674877849506,2.0391063644623704,1
12562,-0.6980760765167503,0.7014491993148583,1.4562759220222192,0.9391979494313366,-0.5990668006032412,0
12567,0.9575747482362232,-1.344451100679883,0.9954175724067962,0.4931760673342807,-0.4479683363079894,1
12570,0.0139404315729431,0.1926857678961464,-0.2222227346104767,-0.3277028908724109,-1.0494850780494052,1
12572,0.1904852932335313,0.5563583335132307,1.1141006599507972,0.0919428834457155,1.0189106218329775,1
12579,1.3668078172793972,-0.5515125187326523,-0.3463757238013055,1.1621480723627524,0.8559877513798535,1
12580,-1.0120504242872843,0.7188897874416412,-0.5459871947631549,0.5579558499071662,0.1833150989383218,0
12581,-0.0486994445838499,-0.4944110828297013,-1.548072033849094,-0.5080722936775205,0.8175496056667495,1
12582,0.5792870765707018,-0.7095868587066902,1.230048249993548,0.4920855496195575,0.7485131962645013,0
12588,-0.3188603544618871,0.1623369148492158,-0.5385902172449057,0.9966109233214344,0.6561389064372928,1
12589,0.2851369336900426,0.0715018488705014,0.6805289361113108,-0.0662306048817758,-1.367973191881674,0
12591,-1.174148360135666,-0.399463638594253,0.9405688259556952,0.3989981485008301,1.8618468748420745,0
12592,0.8930314026708103,-0.2606380215218944,0.8214537882656912,-0.0488746279381583,-1.4973100691149674,1
12594,-0.5891126333370574,-0.7157468904130431,2.4830492311304644,-1.9111017190384612,0.1117568463477342,0
12597,-2.729224294974758,0.6582825179202989,1.1653316447481583,0.666803696465199,0.5397399442896825,0
12600,-1.2837067131566613,0.7498778501686997,-1.2014230414959526,0.2907197888895628,0.6361134525242562,0
12601,1.524098621490635,2.408474832467635,1.4197353089965463,-0.6052676044496149,-0.1964832716109362,1
12602,0.4027705274814402,0.0386430451921087,0.2538707753799264,1.3461083190805472,0.2282018364396169,1
12603,1.0125926962513336,-1.0336331589852208,0.5777363257873255,-1.5784156565322995,1.2128545077632364,0
12604,-0.0928963394863667,-1.288406584553368,-0.1875395371207511,0.5655989997916584,-1.148899101003223,0
12607,-1.121998261340753,0.5186208055226754,0.5816481413748151,-0.6092615177061549,-0.4590235587521706,1
12609,-0.4281267813393765,0.5050967619603135,0.2465462618231996,-0.2690083553301964,-1.1611202828752376,1
12610,-0.2808055514936279,-0.77539260728266,-0.163130326154398,0.6746902524788725,-0.4876063572276292,1
12615,-1.0269467191828634,-0.6026199014459696,-1.0816482726285028,0.8906591835778017,-1.0151103709470617,0
12617,0.0022984938558673,-1.2167501613387033,-2.4413443531789647,1.0600708998593784,-0.6183076480282739,0
12619,-1.615296297790177,-0.871340489695935,-0.9500308114543136,-0.0335326212293152,1.116997177983678,0
12620,-0.7256251794452963,-0.09958170171837,0.2388027997275847,-0.794172748147271,0.3853440450527393,0
12621,1.1004828677108505,0.3935464046570441,-0.0502268000074441,-0.8409561933541718,-0.1186686212269436,1
12622,-0.7528525822442199,-0.5866561921366318,-0.1221028230985789,-0.2081587349106414,1.0331008637121424,0
12623,-0.5879388329227501,0.3886489058898342,-0.4645784435783351,-0.9109845332078051,0.606635668771644,0
12627,-1.3459120130037552,0.99293510248452,1.1156429010713371,-0.7422746610674978,1.2246314085249117,1
12628,0.1027275034532096,1.468252054474592,0.5964904236456083,0.6321661738338548,0.2450099879085487,1
12631,-1.3114647683255876,0.9075095833696208,-0.3952092810441288,0.6543168119645839,-0.6036157287830141,0
12632,-0.3975116139865636,0.5932859977474622,-2.071134333174925,0.9872839184918883,1.469837370893767,1
12633,1.450365512479511,-0.7009433262039739,0.3017350351739594,-0.4462454257067177,-1.486176992130661,0
12636,1.4733995717904715,-0.0841085050905116,0.982885457992272,-0.5160286976055136,0.4362622838633855,0
12639,-0.9794082108996268,-2.400342111648774,-0.8035730163269371,0.2005328661072182,0.671163909683091,0
12640,-1.179759443796038,-1.7666828117141489,-0.9077910600715356,-0.51917505568777,2.0876189046619555,0
12641,0.1098321158680893,0.6486358688872313,1.1001397375719637,-0.4495428614873138,0.1004598986446582,1
12646,0.1830297885058668,-0.6874838027164879,-0.1275993828535058,0.6842122601623039,-0.8322591262645785,0
12647,-0.2620593094684997,0.0052942294138551,-0.2707944351581915,0.7508476631819263,0.459439140038301,1
12648,-0.1046227453581027,-1.7060028529937912,1.1818315715047805,-0.9237460723437206,1.7760537723754533,0
12649,-0.8448400706349553,0.2541411478008972,0.6359266301213882,-0.1966109663837321,0.3119520310434536,0
12651,1.1322274874759897,0.3904231208671345,0.183414716041193,-1.4346467452780156,1.1553465196925794,1
12656,-0.5706978108207674,0.1580527477083967,0.7183036277071093,1.4873049598140462,-0.2847951037726027,0
12657,-0.3675259778262568,-2.8209885242252755,1.464511109931351,-1.3580252658020846,0.4804251135113966,0
12658,0.2925712206691351,0.9903543178783186,-0.8795809739556409,0.5741431928696851,1.6284888519770668,1
12661,-1.5599713552233585,1.5347238035607496,1.670889755344571,-0.4461509635781898,0.7520042198839101,0
12662,0.9675349128616332,-0.7078310198607916,0.9145205223607008,-0.6352343828069157,2.5920496302724265,1
12665,1.029251316329392,-1.26568610818815,-1.783648696033335,-0.5321484433282611,0.0501767835095529,0
12667,1.243491486912442,0.4795328812092858,-1.657737568388992,-0.8751817436815053,1.2539619354759637,1
12669,-1.0583366960658736,1.9617212417039116,-0.0816544569389903,-0.8599193337686216,-1.7831092659721457,0
12670,-0.2704567809631158,-0.1262478608861347,-0.3187891461525685,0.0050435169323242,1.3856100045014876,0
12673,0.4781886708008606,0.223988233609328,0.5677571545069696,-2.1068680412622296,1.472195042793761,1
12679,1.0926167203871031,0.0442144392702297,0.1686040462216681,-1.1239355898838024,0.1180767982457357,1
12683,0.4521095806102785,-1.635982555427089,0.6161113145386204,-0.1725478663690067,0.8853119282405111,0
12689,-0.6582625627034827,-2.030185562453229,1.1661956520369372,-0.3426504131257882,-0.2618066485458332,0
12691,-0.0768163766873264,-0.8653825771286596,-1.359235245792705,-1.641384145026911,0.10100236414729,0
12694,0.6295592364549433,-1.4885113288609255,1.0290020480510318,0.6771624376896227,-0.4028224330943121,0
12696,-2.2214167690938984,0.3301018545356787,0.9108319812503002,0.5700655936176814,0.4792497569590435,0
12697,1.0234868282021945,-0.1002346104555729,-1.5716564978968353,0.1294324860409728,1.3013967339744814,1
12700,0.8692659655183788,0.2379209180311667,0.2492685687746707,0.0700148859497025,0.5345984511418593,0
12701,-0.3592740997614772,-0.130535226098202,-0.9009989767500384,-0.2699108346355456,-2.004550719306936,0
12702,0.0285328112348853,0.6160076616866705,-0.0669961754207641,0.9212069594472856,1.335374088129853,1
12704,-0.5244608803350423,0.3779373731952402,-0.3114371618496637,-0.7336949017992849,0.3591576797006039,0
12705,-0.9731684666865512,0.7558745580854536,0.2815619550734231,-0.1114791689340023,-0.0415912636518545,0
12706,-1.0731689135484326,-1.01316301127232,1.7328377414701726,-0.1509055329560283,-1.423974873440621,0
12707,0.9185223059941444,-1.0243354905438244,0.5766106694183243,1.4741851925346745,-0.2171011788504757,1
12708,1.1577496414530082,0.7338375015301091,1.573283741750524,0.5818451576357255,-0.5286556176054744,1
12710,-1.0960276671258793,1.2229203885325532,-0.7734009606442968,-0.8333622058737972,-1.38359629743296,0
12713,-0.4150631645041242,0.4967732127071968,1.8085077030124372,-1.0496617166668665,-0.340635934632087,1
12718,-0.0179207554186957,1.7695161538004045,0.6167416632851448,1.71671496038607,-0.7093516193301508,1
12720,0.0947720144083078,0.4178172448424356,-1.3825450805757808,-0.4112222571917177,-0.330843838457737,0
12721,-0.013595944929112,-0.6520073886962491,-0.8493088547830631,-1.597994284475805,0.432080311974829,0
12723,1.8637875718851888,2.219701855734458,0.0300465746158107,0.3934217699442267,-0.0127960706723787,1
12725,0.7737187693872805,0.1493625667050182,-1.6967095283420142,0.5565799545443906,1.8248457760503969,1
12729,3.51539306096433,-0.4365567173643912,-0.2685227160986081,-0.4020706005977728,0.0159306057350054,1
12731,1.0948748140357791,-0.4406941802831322,0.3756946985300328,-0.9290059949375016,0.0938000403109009,1
12735,-1.776556319017159,-1.734302398456134,-0.7931925245487937,-0.2484386122624797,-0.7599447476167868,0
12737,-0.6097497277363285,-0.2582643290180053,0.8986915460794782,0.4345421306176902,-2.005194813907768,0
12741,0.1490105425867878,-1.3777803370983537,-0.5662960067121248,0.2607724781334983,0.7350505330611431,1
12742,-0.0374180350997806,-0.9042686136145084,-0.3372026397624296,-0.6680610199142533,-0.0976502607093736,0
12747,0.5108395616710206,-1.097729882533104,-0.5196606883818159,0.8201467757094126,-0.2806932518807537,1
12748,-0.2228927382508763,-1.061113532796089,0.1968652253626573,-1.079156067680894,0.3657743080764351,0
12750,0.8568239192573482,-0.7234993017156606,-0.9862177477291956,-0.3646983489473182,1.0986758596955413,0
12751,1.0424899321109558,-0.4966656257021857,-0.2839417287930735,0.4203163887989915,2.4281731308229637,0
12752,-0.237590432687366,1.3825327330852932,0.2494711279973217,0.8532659383884267,1.0135694834195896,1
12755,0.1540275527895985,0.9329079815722704,-0.5650285482671127,-0.1829850883077372,0.6466648649534875,0
12756,-0.3211587300701996,-0.1903582005801655,1.114342041326979,0.023696499375691,-0.7202609716753762,0
12757,0.096348872175895,0.433338905522113,2.504532259311549,1.5190810636431793,3.1923598786903176,1
12758,-1.0653423641777426,1.3912261075663244,1.552913764837993,0.0304859749570588,-0.3924156955562207,1
12762,-1.2545669068571024,1.8400380655979327,-0.9607823644651432,-0.016198330481566,2.552122968866454,1
12765,-1.218935478481524,0.1557472370215993,1.3983342095543412,0.650763745897236,1.4213884248894129,1
12766,-0.5863444202168479,0.6281432928100085,1.1509080463084806,0.9411715867994505,0.8899083107538094,1
12770,0.1945418377371696,-0.1019225460836611,0.1634659323414236,0.6845623862438753,-1.0265900387074494,0
12771,-0.4863598540544547,0.6460661614989265,0.2397765582533886,1.1061119901099774,0.7534008465992296,1
12774,0.3278840027128514,-2.076421401168772,0.0655404940340362,-0.0086768004935403,1.0497286390763534,0
12775,0.959946506145112,-0.510343817823066,-1.8999485663268387,-1.5960088329022737,1.40871758236791,0
12779,-0.8240245018694613,0.8208563066444745,-0.2412786111880832,0.0018485065772954,-0.8101343789466264,1
12781,1.04608801196336,-1.630951217352551,0.6794879294630389,0.4957991301344411,0.1866708619015133,0
12782,-0.8776008755333379,-0.8558175507024367,-3.0985150891782713,-0.6564193980761208,-1.9706978694106316,0
12785,-1.7240096793964443,-1.266029357896032,-0.1543574962409626,-0.0406908337354706,-0.0728003374139472,0
12786,-1.1637615495605795,0.1061520228882783,-0.695379049815568,0.1287008050473238,-0.2359736122048055,0
12788,-0.7641385120142209,-0.4472584506784863,1.1715236299533025,0.469150656084468,-1.2799483601755353,1
12789,0.4920993185733198,1.2687440163384445,0.2164010947474814,-0.7750093093908748,0.8481801741951249,1
12790,0.1849887705580046,-0.2496754160218035,0.8931098820143822,-0.0039055054675642,0.0806863181826114,1
12791,0.8601988217737493,-0.500971666253842,-1.156333505736329,0.3252507367203968,1.556826634265622,0
12794,0.6974174632765643,-1.66788479452818,0.6460016081424045,-1.2474419996287327,0.2180830619777735,0
12795,-0.7476746573288583,0.4024950368272493,-0.6697295977499471,-1.046371744812479,0.3149083447054394,0
12800,-0.2930852330128201,-0.1384867258711851,-0.3648351951032983,-1.5218924760884407,0.2836687218664895,0
12803,0.4826311074744964,0.3978530860524107,-2.038308686230057,0.6621448794939696,0.385609539661673,1
12806,0.2520378603082542,-1.690671148018603,-0.8499571731173435,-1.350769730753384,0.4938673667413012,0
12808,-1.3279059279450376,1.316580213690567,-0.6795449775226168,1.15420423100682,-0.3059090163929817,0
12814,1.0474345931439315,0.4918325868159157,0.7379004641700672,0.851713654867155,0.4876000156224237,1
12815,1.384757284882134,-1.2695794876236095,-0.487414162245924,-0.6286301585036485,-0.5514668127388024,0
12818,0.5858547281711308,-0.7871112391076343,-0.7039100159287142,0.8418579243150728,0.7637819683460775,0
12819,0.9787312685319212,0.5208836706672131,-1.0400932349437906,1.5366842676066157,1.3428794222673477,1
12821,0.5744792732782573,-1.4919871782339282,-0.5953770588166668,1.7118243371654147,0.4163437984479716,0
12822,0.3831570334834152,-0.2945310720281308,-1.561364368683724,0.4142832499151267,0.4989057630523107,1
12825,0.1393110210911524,0.0299624766611648,-1.978856023987797,0.6114656006537176,-2.3378262680738606,0
12828,0.7222417803944265,-0.5437791034562092,-0.1637176025079302,-0.5429902529030086,-1.194229616774991,1
12831,-0.859951793627678,0.351367171326184,-0.8863260538380737,0.235241536183481,-0.3462162013110057,0
12832,0.9166370236926894,0.9452618456214888,-0.3063953458148552,-1.829450158309849,1.010368613157631,1
12837,0.1626668048514554,0.4187609520642543,-0.136273078335957,1.2835545206163197,-0.0018958878265447,0
12839,-0.4441036944419844,1.0380956500800784,-1.2494085352986888,-1.7517904880276711,-0.2191187834165917,1
12840,0.301451910246667,0.8675560042730495,0.1448455832606274,-2.25067698987793,-0.9709903011482052,0
12841,-1.2596727904784033,-1.885193911474116,-0.1701564057590861,0.5109090339046256,0.9712117744946048,0
12842,0.4964134417266295,-0.5580768660231601,1.0823601187027732,-0.2103787359439816,0.0604610424433009,1
12843,-0.6622665039529518,-0.2450409345120539,-0.4211850184306834,-1.3815099936839894,0.6370332881509322,0
12846,-0.57483536441971,1.4493983722201156,-1.7017065737826296,-0.1362666071137276,-2.6141233855314367,1
12850,-1.4341056030130992,0.7067166006573563,1.2005599525736412,1.0706878046761186,0.5554029360525172,0
12853,1.50847809139039,-1.239615548549015,0.3731281842291433,1.3160686819532463,-0.5108927462859769,0
12854,-0.4452157112295771,1.381736311889907,-0.355888703010177,1.4332294533231966,-1.4814832801501538,1
12856,-0.4935749960852917,-1.5638362217001842,-1.7801242283669405,-1.253900615529356,1.0368387588129229,0
12857,-1.8601337906118476,1.3727680445170156,0.9145437969272928,1.3174090256601845,0.3447213113336643,0
12860,0.6120314902295331,1.1095991756880417,-0.8811682322095068,-0.4244148437092643,0.8482037968746482,0
12865,-0.1830747168028788,0.2671497535856794,0.3380882280024522,-0.6186731707051646,1.1232841804355749,0
12869,1.887266848278276,1.630228561278839,-0.2038496061511431,-0.1967198728883866,0.3211729816849984,1
12875,0.3995872779154827,0.9037058183554306,0.8112369670747572,0.9739987169406672,-0.2260124250356565,1
12877,-1.9577137416040928,0.702360694297442,-1.667429960726751,0.718286264166313,-0.04033241993587,0
12879,-0.3840921272329703,-0.4367382173406438,-1.3938253650423211,-1.137566066209274,0.0969366152900535,0
12883,1.7005723032625386,-0.40858784310033,-0.9021678538103088,-1.2703131407565522,1.7264313116156684,0
12886,-0.5361262487253315,0.5204132646001522,0.2497430578460367,0.1977733515833605,0.952514214263201,0
12892,-0.2115693715936384,0.0610020973747052,-1.216791046677269,0.7608796315452944,-0.3745331220010501,0
12894,-1.194968379382625,-0.1890816892682754,-1.3705207307288698,0.3718365458613706,-0.9105211290101572,0
12895,0.7981416736437342,-1.789709108522062,-0.6320762980727435,1.1767321328803044,1.5330814694258232,0
12897,0.003456194272986,-1.052894765158466,-0.6776772980768129,0.4406066281925952,0.8931119243051469,0
12900,1.5870081127044913,1.8746569473761423,0.9597810497023735,0.4294950645802446,1.3800955751319866,1
12901,0.157785188656159,-0.1937572050034152,-0.5836153053421332,-0.7822364494246937,0.928022050711606,0
12902,-1.501860720625633,-0.5942896434918367,-0.3537035648346829,-1.4073904211462478,-0.3914039128832157,0
12903,0.0937475407665899,1.0272649811748007,-0.5060244204410799,0.1006901400120276,-1.494235738315347,0
12904,-1.216488546226319,-1.903604273006022,0.9788830136895944,-0.3278614481866047,0.2209587479815044,0
12908,2.6012976053926513,0.0041905714225734,1.9146965797048805,-0.9369298500684116,1.4602941229535034,1
12909,-0.5610745897734293,-0.7696277688409033,-0.9395675573131892,-0.3239391163778551,0.9758987534924648,0
12910,-0.4816993645140127,1.069656667252726,-0.7173620921183227,-0.0820638952937021,-0.5307554727189614,1
12913,-1.6753371779915538,0.1782721376301518,-0.8706045862626555,0.026641805674737,-0.1685521175100468,0
12914,-2.2548880746036852,0.6379837049086596,-0.9878111993333628,-0.5487006098730672,0.0506894823298698,0
12915,0.3757053055574306,0.4473827904971843,0.7908658679006858,-2.4676324680661046,0.4827715435531269,0
12916,0.0109702812243904,-0.5533889985008972,0.262590818980866,0.9205497404232568,-0.8765434221795224,1
12918,0.2844231728910237,0.1483211305978589,0.1136145924142956,0.5525626877581077,0.926937839417249,0
12920,-0.0636920680264533,-0.4558018350150137,0.3800177422335479,0.5701130390728747,-0.4700687299202268,1
12924,0.8466935574219995,0.1562020625061879,-0.1288951603833715,0.2134655097276223,0.931072865261274,1
12928,-0.4924179796062766,0.3584524776755652,0.3293226880716894,0.4443511567818921,0.3287828622237791,0
12929,0.0210150600855456,-1.221796343523598,0.352023612970567,-1.1368546229332923,-0.3647935287368959,1
12930,1.392148839812119,-1.5643577240900086,-0.1242965279061272,0.8682322015079668,0.6387210517258252,0
12933,-1.759901191051377,-0.6379527479504717,0.4129551985679968,1.4238186519054503,0.0252913118912659,0
12943,-0.5771636414474561,-0.4138450090975968,1.99463352891335,1.491713993647834,-0.3777731650899629,1
12944,-0.7788411594641136,-1.593163990863307,2.1565734137820254,1.024293691040505,1.2464323846000165,1
12950,0.4603930016986509,-0.4446107587735685,-0.2777936116146535,-0.8887787135182033,-0.1356102966567571,0
12951,0.0060693243486495,-0.9238441642037972,0.4289480595620425,-2.465471636772727,1.0820015100437284,0
12952,-1.4174820141268687,1.0404298382960206,0.6204863826673401,1.0125962316331625,-1.1261805444169375,0
12954,0.4757632801737106,0.491363550328646,0.6837544608186548,0.0198493575540222,1.1458776979451546,1
12955,-0.0769645533482458,-1.6913104567669457,1.2453793804192246,0.4680185890063294,-0.1489675584774842,0
12956,0.1140638094488183,1.5070316840105318,0.100063023752087,1.5190560371297197,0.4716682948174378,1
12958,0.3665786517373258,1.5350562968541197,-1.7728628711926246,0.3975544531573674,0.5540461582250029,0
12959,0.3560880462534493,-1.703944467611222,-0.7592608874136267,-2.0858283875760306,-1.3176658274993232,0
12960,0.8437028655084307,-0.3299863929718606,0.81924530870126,0.7645439659971998,-1.1236276585034448,1
12961,0.1692746146471246,-1.586262014967178,0.2747155323267637,0.4237298072467803,-0.2274227398751576,0
12962,-1.6820996368949743,-1.487700882141805,2.542625071541358,0.6213940218861251,-0.278839022497352,0
12964,0.7958823059433806,-0.2354237648812902,1.198656085874492,0.1120933254496035,0.793488949345792,0
12965,1.039562132429468,-1.2989325762914103,0.1456980342931103,1.1482929691522403,-0.8067072508263722,0
12966,-0.547927013086525,1.2014156601983483,1.5279026088201637,-3.521570933081866,1.198676969640902,1
12967,-2.3248517161278475,-0.0631247149102084,-1.3857752074728666,-0.5475557248515039,0.104964961096042,0
12969,-0.2564650981214842,1.7004331075612062,0.8424432180972371,-1.6823237223824166,-0.0783325415138859,1
12971,-0.2217523158738204,-0.3947062059587319,0.3841571866827321,-0.0529706390334117,0.9377597312077462,1
12973,-0.6687476692626172,0.7588901317840575,0.8514867785056484,-0.0818765146247392,0.1452561313897498,0
12975,-0.533201238484363,0.2288345343470808,0.4172369910269146,-1.1365644379220512,-0.1314689728533069,1
12977,0.6759785216758466,1.7603696053998767,-2.005397378765293,-2.1532499171729236,-1.2145231857655474,0
12978,-0.4412019016748925,-0.2622746820848886,0.1271605273322356,0.0724917533480014,-0.1386560464420848,0
12980,-1.9497613506733265,0.1856149380920644,0.6468273767257943,0.0362121391805235,-2.1258010290729836,0
12981,-1.6868081765802558,-0.5080400885382438,0.4157449040736107,-0.3545241659724395,0.213374962920066,0
12984,-0.3471419654310603,-0.2440526952674613,0.7514676108372974,-0.8967128944208961,0.0304787896154509,0
12986,0.2888539612972743,1.5303430277601209,1.2993337275508583,-0.0222450585226148,0.345901113539029,1
12987,-0.735501080235313,-0.9297369061604398,-0.3642615616792427,0.270756931695696,0.7219250309894937,0
12991,-0.0308688060752735,1.3764157740913308,-2.073075713296833,-0.1111923023859964,-0.2493316052809671,0
12995,-1.1291231343729171,-1.9412080182099825,0.8497906602717873,0.7651140504960983,-0.0999670663739505,0
13000,0.8045920555902504,1.6945208524232858,2.21677911977917,-1.0835646754975687,0.5908378642948585,1
13001,-0.5625496672071917,1.2245208004736143,0.3930403844109625,-0.2922633634728969,-0.9103914577668664,0
13002,-0.3695656994985084,-0.6743335709459656,-0.0243227869503827,0.0271915285992857,-0.5545405828591613,0
13003,-0.6441094822203828,0.627428357299004,0.7004980447944156,-0.8127677975281495,-0.0545374889253068,0
13004,-0.8642243809691029,2.607889380594245,-0.9406214444315936,0.2533001060240256,0.4450824343542696,0
13008,0.5380626239995097,-0.9300545803038498,0.5712078446546788,0.6305629911720344,0.7931570843772893,0
13009,-0.5714690925781558,0.6821056078018858,1.539958754025818,-0.2912768925841265,-0.1642601723379047,0
13013,1.0059397559898111,0.9309451337702188,0.025268527010077,-0.624820467959637,0.0258238688881557,1
13016,-0.5756091554964766,-0.3745472546799658,1.3655391984805814,0.5949978512578628,0.5748595263004759,0
13017,-1.8082459289091488,0.9148168707789728,-0.2804698430196372,0.233483218014479,-0.7054414343243666,0
13021,0.5003111348117466,-1.0602710421935435,0.2089330458568039,-1.0847351727205128,1.016987058042625,0
13022,0.2885816802073248,1.129697377044547,1.1752909738362676,0.4411546093405857,-0.6763328576382718,1
13023,-2.2425444688152667,0.5428250768471907,-0.1680826277937893,0.8003459872911838,0.6982770188949876,1
13025,-0.647262333112727,-0.330473929172238,0.0183556268675367,-0.3191170287857561,-0.555774432937199,0
13031,-0.5215941146798472,-0.5182727271122004,-0.5364175411284682,1.5006544859576965,0.5389645661971634,1
13032,0.5283738563186248,0.32656208146301,-0.4566623069781848,-0.3231786783643614,-0.9645787399820648,0
13035,-1.7271459278014891,0.1898893462396516,0.1904385786474277,-0.6842537337606198,-0.0359042834324952,0
13036,0.1712338012568431,-1.1551452823764166,-0.7894371578339167,-0.134091180651478,-0.1032947400699147,0
13038,-0.4869621904296117,0.683721718470196,1.0300526673459562,-1.4686947828247536,-0.6091563433068996,0
13040,0.3197280266212497,-0.6745342367234806,-0.5452093569826791,1.3013461647534712,0.8523746716111498,0
13046,0.7931183740137343,-1.51412579900181,0.1523561718725917,-1.9872953175255492,-0.3257837276435488,0
13047,2.400813820339363,0.1663615926491217,-0.5768543646302624,0.4148585465927097,-0.1472795827556771,1
13048,-1.2247871509351207,-1.9445808357818732,-0.1124033583397478,-0.2945235707363681,-0.3537971928526238,0
13049,0.7438985291429006,1.2921135592344744,0.6447627831729481,-0.4156005574246016,0.054219592516317,1
13054,0.891914702905945,0.2681508450047992,0.376521686482935,-0.0961934394638621,2.091902716313116,1
13055,-0.7862412935770378,-0.5583494152228018,0.1177309042184591,0.3955905884894966,0.2249134235093454,0
13056,-0.0499386383517226,0.5264205994861666,0.6016164378504717,-0.0386084120571472,1.8367411980347603,0
13057,0.4416319525356707,-0.275544773644337,1.2434524807577758,-2.029273165711615,-1.1252151714397416,1
13058,-0.2039376989193118,-1.1779280086900232,0.8033114898211828,0.7692592011639311,1.6311057884363391,0
13059,-0.5776189966522952,0.5674982329071666,1.279737816353076,0.1625384079146604,0.9858842956746314,1
13060,-0.1000540726169264,1.3147138718694062,-0.761022240385704,-1.5515258314549192,-0.3788834449683806,1
13061,-0.0878619785533997,0.4375559696355044,0.4510219751608589,-0.7094142798159258,-0.9985318591935572,1
13062,1.6264351863094368,-0.1377152419696847,-0.475725493125904,0.3189139483110634,-0.969794472121498,1
13069,-0.496943077133994,0.1162644085636939,-1.8600789814735703,0.7347982925334315,0.9541489967768508,0
13071,0.8664133743786998,0.331063411015387,-1.3891971388749715,0.0641371671654397,0.4894487696017466,1
13072,-0.7726960566855626,-0.845827153123826,-0.0714396862882715,0.5736315206035276,-0.5667233685499248,0
13073,0.2404312472670493,-1.260548869856111,0.2704842371583707,-1.8214127858172608,0.3098167536914542,1
13075,-1.1810746885102046,-0.3620455557958959,-0.1485749422164791,-0.7825446391819517,-1.2202375254598987,0
13076,-2.8563144440952786,1.673575537460858,1.7047102784753407,-0.844956542870268,-1.4404442001966475,0
13077,1.4549909470356412,-2.1197183507227284,1.027875822379889,0.6367688056740839,-0.3496058239577456,0
13079,2.042894241445151,-0.7084757371501661,-0.4292791142971808,0.8133863582119084,1.2403055714291418,1
13080,-1.318742413204454,1.4408478277395005,-0.0062951972661096,-0.0878950594335546,-0.1674339411878337,0
13081,-0.0167204623481939,-1.559326307459602,0.4065692968870406,0.2042155753930628,-0.3673140814430886,0
13083,-0.7773142156308596,0.7588464930260382,-1.0750590435337153,1.0515007993063878,-0.3437049728789464,0
13084,0.8757539481876409,1.4378417945157904,-0.0593310387816155,0.8720965738078089,0.6303354347065121,1
13085,0.1828025736173769,0.6027118024045272,-0.2798714497912848,1.6418931216525754,0.0842790902963038,0
13089,0.0030096889001754,-0.527872683134751,-0.5206413737136445,1.1056387120298414,-0.3488283696708061,0
13090,1.395669594538675,-0.6354639755689749,0.0459849409043228,0.3093889542800575,1.1819394813371404,1
13096,-0.1064278292276592,-1.914081377923686,-0.5368693570167838,-0.2667802567491189,0.6859753283356632,0
13097,-1.3361043390557177,-1.6230778710510276,0.262040914047475,-0.546827869926721,-0.5626152120624537,0
13099,0.6875994554358379,0.4471571654633626,2.107227029199336,-0.4375028128239384,-0.0929141236526205,1
13103,-0.5870334904175664,-0.1813637103889655,1.2655317382900246,-0.0492930981160153,0.824995454099243,0
13109,-1.0350539750501369,0.0203526297385731,0.6827696977056219,0.1926722131938208,0.4343543062311081,0
13111,-0.6133051886295942,0.6540111619480313,0.4613479207757972,1.5008702698874887,-0.501415986982527,1
13113,0.1256356282474175,0.4653056128257607,1.3733803411177885,-0.4254990972336555,-0.7109244521500344,1
13115,-1.2276240714547906,2.7090708424500214,0.176464481023418,-0.5151367560050114,-1.3296813112422878,1
13118,-1.3466611010817655,-0.1484715562097903,0.5173425257598756,0.1082660315289026,-1.8693017066007995,0
13119,0.0574850928365441,-1.0005752208836691,0.022133227507383,0.964521908094682,-2.4933238357510787,0
13120,1.5071153187695725,-1.04603883262436,0.9959077392439178,0.841034484615926,-0.3011787218567736,1
13122,1.80077609981132,0.8830212637941568,-0.8446066892316327,0.5885551278013407,0.5278777335335728,1
13123,1.7225360910278522,-0.488949869762363,-0.232268872268043,0.4332873928173568,0.0181613687941496,1
13124,-1.3902631395305491,1.0148384991672512,1.5981817539368082,0.1533258670004673,-1.272652329191348,0
13130,0.7358893430024924,0.3692269193452832,1.3467299352007882,1.843740859536714,-0.3003999475641888,1
13131,-0.352490813633896,-1.3565734479453977,0.5180795319638611,-2.058250620485851,-0.970324026011382,0
13136,-0.1817436120080515,0.0028685935021058,-0.3641713047838175,0.8779038880562642,-0.8134584855803368,0
13137,-1.066852471191602,-1.2963951368141122,-0.3240188727689398,-0.4718724443938858,-0.618810378809879,0
13138,0.0837495926949457,-1.165852925530655,0.7422767189559724,-1.097034281843256,-1.172685330071262,0
13142,1.3069138644219729,0.915991415650324,0.5483848401193082,-0.0523886928945907,1.157382856162517,1
13144,0.4039271576653642,0.2221935249724264,0.4432580765360991,-0.3670522230423358,0.2110248630099523,0
13146,0.1226477657231575,-1.3013488746080135,1.389873457976197,0.2488375594202532,-0.5908957734029112,0
13147,-0.8843973572939886,0.261002524878943,-0.9378814999674236,-0.5687017551407606,-0.5913798046897076,0
13151,1.1412454938813903,-2.4258511269482175,-1.1356471585542736,1.090011245938612,1.164833471515096,0
13156,-0.3922937096365763,0.994278059263992,-0.994319784723961,0.2246769676854043,-0.732085283600388,1
13157,1.2011375964840798,0.7146768401641082,-0.0447880379990304,-0.0152883312028574,1.6844003788517388,1
13160,0.1803820506818526,0.0704613370330015,-1.2743820067100993,0.0326235624283946,-0.2651828954007817,0
13167,-0.6249956142153104,-0.4122899490238498,-0.9557375021714656,0.2187877511641211,0.8200887987911447,0
13169,-0.6187904168036119,1.9923222704874952,-0.3383155905723851,-0.0108868398440848,-0.914854135226242,1
13170,2.5828497402835384,0.4659030499280117,-0.0215021588075256,0.9203647047808464,0.354977628176592,1
13172,0.3210558955496427,-0.2117368733816712,0.6857946416773096,0.0997230572781233,-0.8412362171635114,0
13178,-0.4234283079391724,-0.7996987262898176,0.4132990611826828,0.2793570090636475,1.9384416676709428,0
13179,-0.5365259007177726,0.5235903713731316,-1.886828768722078,-1.418236529888381,1.3315106397361545,0
13180,1.1050809160578574,0.4438927228059745,1.1265477852480943,-1.0756751514507803,1.6526569970978122,1
13182,0.966383876582391,-0.5336306803378293,2.090030572985868,-0.9116610575857456,-0.0366275327224931,1
13183,0.6415356954325598,-0.0955701868683617,3.1084859446223505,-1.2581209367593138,1.617930343240879,1
13184,-2.2623373141412517,-2.8910572434792523,0.0529298206324206,0.7370565667767757,1.490080674820463,0
13186,-1.235429711043926,-0.6647810645676229,0.8561546526914949,1.0527797280752995,1.3457848052130317,0
13189,1.1527662659162283,-1.0430707106675303,0.2598304481285889,0.0215185097511377,-1.899384117145649,0
13195,-0.1579524908578539,0.0544612071580868,0.2670832908864384,-1.628369255795537,2.6288144789430863,0
13201,-1.1450391191846063,1.432691515311692,-0.3708139105855289,0.8413402899467268,1.4610115621203534,1
13205,-1.669163880825075,-0.4932530215186773,-0.6132402186496974,1.473306636526426,0.8453892990067146,0
13207,1.5671056712202869,0.8400158505467064,0.3982976429715889,-0.5687304693120557,-0.4558111737008039,1
13208,-0.8601206819645951,0.6498709474771057,0.1036731868208277,0.6938004032771409,0.4185950248800005,1
13212,-0.8062192983166963,-0.3579961117336783,-0.8497044807980835,-1.0794722824571334,2.679643080070413,0
13213,1.6681067982821642,1.1556738776887332,0.4489873257134448,-0.5420443602485316,-1.1082053638820513,1
13215,0.2423928079554492,-1.6906421918537688,-0.1723894275918323,0.3875605453820923,0.274889786318914,0
13217,0.779148906407009,-0.4757394335849391,-1.2419634074765025,0.9943650408833448,1.362753219402547,0
13219,-1.5699747266938249,0.9606641998848836,0.242188544608303,1.5488450828355576,0.0423268315158128,1
13224,-0.4014509119839485,0.9421784815448444,-0.2046341142817967,0.5801589544066174,-1.326144138394966,0
13227,-1.578069629991789,0.0805256145881175,0.9407063830906268,1.2662559576058408,-1.0565679864047055,1
13236,-0.2981663715031631,0.016212064901916,0.4107603041658391,0.009628312164747,0.2753772044792525,0
13239,-0.6853973770865042,2.1461287237010658,0.507865917359489,0.1594384749526907,-1.8519335739728475,1
13240,-0.67114791302951,0.8360376325539461,-1.4833028533042774,0.4026778602089988,-1.3821307152439428,1
13242,0.6387648552754887,0.199859790931328,0.4648192216059643,0.2258350649744275,-0.0909077987510816,1
13244,0.4847300207840377,1.2491504763381314,0.3403675288999773,-0.7319114482797061,-0.3046240056505956,1
13245,-1.7422915321692412,1.3744201881834863,0.8954395734172974,-0.8364193032045063,0.7642609080031846,1
13246,0.6745774992203892,0.0772358555974991,0.4761527011783217,0.5700373643391022,0.3845595152524382,0
13248,-1.1199459747999747,0.0343832627119089,-0.6535334009323095,0.5504269870562045,0.4265078220522904,0
13249,0.1346979516531082,-0.5914196734471732,-0.4729767849223637,-0.7606382212215629,-1.7215696172483603,0
13250,1.2291460367312494,0.6686578836941681,1.2902843612516786,-0.348816538309405,0.4900405641525867,1
13255,0.1347334700011025,0.165149604650911,-0.2237332115395419,0.1592673756832678,-2.9257652270014245,0
13258,-0.3676137858543756,0.5822785806937449,-0.6916471251850459,0.1192794128695834,-1.694639758898166,0
13261,0.6025151621646466,0.0713969126210973,0.5420806579452444,0.0645899155460105,0.4216098487884619,1
13264,-0.3361026616521572,0.3977978909923016,0.3922339552571673,1.2929749133141653,-0.7699781150114337,0
13265,0.926038797773985,-1.6584013490493463,-0.9669162030632518,-0.2632416226509946,-1.1003244777405627,0
13266,0.5471119555821907,-0.6510040253158917,1.0030681375616777,0.8685871145910697,-0.6751663988139155,1
13270,-0.7712209623424577,-0.1900523754466346,0.7360894680781999,-0.4478392309444032,-1.16163840414215,0
13273,-0.8067189259238078,0.6463925717650629,-1.365967652330852,-2.294994417570559,-0.1698685799863593,0
13274,-0.88690329226427,-1.2459286988256146,0.5706392499767293,0.214776479043099,1.6402160643673038,1
13275,0.4169960237248605,0.552759795502604,-0.8732505007703727,-2.1401845305982303,1.9779182465479173,0
13277,1.0623144842973866,0.5804156040136008,-0.2289477426135341,0.2808675685255228,-0.353088493488618,1
13278,0.8371366958064752,-0.7958777069002064,-0.7024910137013759,-0.1607591811058811,0.6150908914586749,0
13279,0.0532661821034847,-0.3272041535968438,1.0562908430517366,0.5885445441907737,-0.4593476901746867,1
13280,-1.0423964045704304,-0.1756494574760325,-0.6235400215523087,-0.7721704853597875,0.7495817271188807,0
13281,1.127282781764858,-0.0593572122072726,-0.0057128255378998,-0.739846231042054,-1.063292613313151,1
13283,-0.1974089764664838,-0.5696037825989614,1.3592517986839898,1.630215007673517,0.3895976127761039,1
13284,0.1436805040778165,-0.5033809711129991,-0.0184033021513431,-1.204916310203161,0.9887374063816576,0
13287,-0.7940423510954524,-1.12532226130553,-0.3761295524798367,-1.1142293759940245,-1.120744766065191,0
13288,-0.4790429793598528,1.8837216563378087,2.3351297429712687,1.1776420721567078,0.6443016241136151,1
13289,-1.937778793187504,2.6762200727333156,0.3920462628633655,-1.099430284483503,2.686326084741162,1
13292,-1.04406578845683,-0.9046830370792052,-0.3081672360143757,1.2622311207684935,0.470750368678307,0
13294,0.0082807430360978,0.7782799179294181,-0.2164792085952558,0.5674399578651849,-1.5312764531491063,1
13295,-0.9494611181040666,0.2635895002633436,0.0163403641764991,0.737693293551367,1.175630074704408,1
13298,-1.6865327601908044,-0.9496559075051264,0.2167651909597779,-0.217675301966131,0.6209577702628354,0
13299,1.955750381085258,-1.244559072984173,2.3141906053926,1.8811751257017353,-1.7258422071400974,1
13301,0.1415256166908397,0.3740053546950619,-0.1338699166738394,0.3966443838608069,1.9128191305044124,0
13304,-0.0135505112618268,0.2598991648031096,0.7614009567943252,-0.6181524493264308,1.1023286901099911,0
13306,-1.5656301857773385,0.5526207821538208,0.7754028807603313,-0.0547778252748444,1.500548113525672,0
13308,-1.1329958742135804,0.8523082180954601,0.3407941454675703,-0.1326214060845872,-1.2346610989472884,0
13309,-0.1602404108854256,0.3336943427331908,-0.5317961547195773,-0.4976320599225637,0.0103798314806733,0
13310,0.673786511530626,0.4239428783834514,1.1760778343285632,-0.0897161170960829,1.0129134616737605,0
13312,-1.20102748413495,-0.7702737930330898,-0.6321218360029377,0.4099079231030915,-1.2605481442781474,0
13314,0.491151558041248,1.167799365854118,-1.490582897959555,-1.4555908955237051,-0.0205811886381405,1
13315,0.0843163152203641,-1.0240299343477293,0.5602137107303158,-1.3043652557480752,-0.2680318695390742,0
13317,1.5379895682100286,1.807831674186424,1.0661069788886417,0.6151836085236075,-0.7492106062089681,1
13318,-0.5641204686846295,0.948787177567423,-1.780919835050062,1.3235697590362792,-0.6062060449547152,0
13321,0.7515194089337207,-0.7792765703788401,-0.7597195343251136,1.1896819297793848,0.7415297339121465,0
13323,1.2144005109129976,-1.0013192227736216,-0.2580967768139563,0.5569337166624229,-0.5726723281787095,0
13326,-0.8455291028734929,1.0079910473150366,0.6964041107826788,-0.6533155957614406,-0.1682870954158155,0
13328,-1.516007080838317,-0.1170717447906902,-1.9874821461717953,-0.7767758764534112,-0.6328902618232636,0
13329,0.015165532350737,-0.1973499231285303,0.2360088191556543,-0.7800623650793879,-0.3784296747598757,0
13332,1.3820257180119466,0.8312801026659925,-0.949019942511554,1.3768668049644182,0.194613855273407,1
13333,-1.1296613899172077,1.167580087986846,1.6435639579056045,-0.2557467670197106,0.3659844367037729,1
13335,-0.5182188918084649,0.9653325278291708,-0.6981749811014498,0.3471911872334937,-0.9164067517388158,0
13336,0.6778974759592685,0.0374788474030591,0.6039903274082512,0.3949699543008027,-1.4052359737464737,1
13339,1.430250412549401,1.2328889546908677,-0.2227175140159601,-0.3204671373181209,0.5215413469178868,1
13340,-0.0582834571845804,0.0806395959420061,-0.141717439615494,0.6104579724246727,0.4508997555943092,0
13341,1.5214202241273365,-0.6368678766227623,-0.6460754607430766,-0.0926933530060693,-0.2022242440654732,1
13343,2.531257834522885,1.02649034952842,0.6248644740854874,1.1156694848463082,-0.2942853700255983,1
13347,-0.3400931402472477,2.1244795121660287,-0.2480968688880564,-0.0051160888556384,0.1695766532190308,1
13348,0.4273152682294778,-0.6552172731088589,0.7580243340993158,0.4087784985181261,-1.7224509357249285,0
13349,-2.544189911862537,-0.5369107488783178,-1.2108455546515102,0.3093162745385143,-0.3743535685153935,0
13350,0.4701208357621552,0.4832074984995179,-1.0057499485127055,-0.3642671385140602,-0.5532835442475278,0
13361,-0.9920113099788758,1.1128651054125234,0.3829071814968158,-1.290573200596248,1.0794947603316378,0
13363,-0.5294049591798812,1.0663672253775769,-1.192463253484713,-0.1333813509394142,-0.1339614905184064,0
13364,2.730626273665227,-1.4495534558697831,-1.408214634547517,-0.5590726253024944,-0.6321222788507368,0
13365,0.0428594278103702,-0.4636986481029357,0.8546869320794744,0.095737941706825,-0.957602383169347,0
13366,-0.229675591268581,-0.2619146761203156,1.152280114033011,0.8741676219810071,0.7228403398494547,1
13367,-0.7175966527455575,0.3226847663274651,-1.1417261032669892,0.6624410684616013,1.2262291329993984,0
13369,-0.5885643084509586,0.1787349477281583,0.62687637791264,0.225322711928501,0.9008489250625138,1
13370,0.7088023900468674,-0.4970932487211159,0.044040653861337,0.5701798184403515,-0.7710622779343022,1
13372,0.5989651428511819,1.2726439447039704,-1.143315931725831,0.3727388276188182,1.3526985001241103,1
13373,-0.2368096944892929,-0.0509122377321554,1.4118090700590462,-0.3919431405291285,-0.5417493643783002,1
13375,-1.0744625251208215,0.6069029239070965,-0.376044668597364,-0.1400851456990183,-0.1913211514651185,0
13376,1.001100586811768,1.8910726301150056,-0.8503722601363473,1.1359824027896568,-0.0805138518573859,1
13377,0.8617249436053616,0.4040115176140791,-0.5096441347707175,-0.5247822633223856,-0.1069791468459273,1
13381,-3.0326806914944,-0.7860725992921181,-1.4253819788204891,1.5335886860230383,0.6301921192708803,0
13382,-0.1009887926046061,-0.4062790781263667,1.1983550584790066,-0.784777140020693,-1.1770086083247548,0
13384,-1.2970193798648535,-0.1471063323057763,-0.8868925276836039,-0.0415033834387665,1.1707662451069358,1
13388,-0.1313518980245713,0.7190929775828463,1.2875820730731191,1.0837181402890563,-0.6566772212762382,1
13389,0.4846643197524409,1.176470764566056,-0.243740439410816,0.4195129306524983,-0.5403769288314155,1
13392,0.6986556149757911,-1.204775891800587,0.5027488648863828,-0.9679850294390484,0.0791894048178302,1
13394,-0.0861432568619685,-1.9445540738087712,-1.0250475520162052,0.9563544083898916,1.3575233805944158,0
13395,0.1401415240051389,1.0776698012351982,0.1005386238208604,-0.6889697080580054,2.268277692603293,1
13396,-1.344713921535475,0.4906942983217134,-0.5833111992602966,-0.1408664885625148,1.6564122959057153,0
13397,0.1123884922140519,-0.2561571995954167,-0.4786544021916594,0.6295140004260584,-0.8793439597597736,1
13401,-0.7869537200646891,1.484795318868448,0.2440281684752883,0.1314731238768967,1.0680428810784923,1
13404,-0.4306882624830297,-1.4687314193768213,0.0581745209297316,0.731396888818705,-0.2090851156307162,0
13405,-0.1703809528017875,-0.1254824183388576,-0.0427544698677275,0.2066842033184626,0.8574582349395228,1
13406,0.7956863506518699,2.091664985768696,1.8029650597038176,-0.8021922637464813,-0.169927068631133,1
13408,0.0689381463161937,-1.7130174279696215,2.475117729329104,-0.4837510550472738,1.4948734972680404,1
13418,0.4091248886569056,1.4684190456753066,0.332860100989806,0.8402484247417996,1.624240355908391,1
13420,-1.498964311301537,0.2729140291168165,-0.8972720923686879,0.3003854620911942,0.7812259047748883,0
13422,-0.8819819516709932,-0.5251161015068083,-0.817795293235297,-1.733234463606538,-1.0339333008217622,0
13423,-0.0057836835408185,-0.3852832108540833,1.0732590473392365,-0.6185721395661865,-0.0120241700871546,1
13424,-0.5440112002470716,0.9339519495424904,-1.4330969622185787,0.4776905349307241,0.4049139160597637,0
13425,-0.8212885077808895,-0.0993165662284071,0.3869584863214539,-0.6917849091732776,-0.7126659929000483,0
13426,-1.2297284155025725,2.0223473311894,-0.4669289223678012,-1.226010781944143,-1.768105722058193,0
13427,-0.8027768191104122,0.26691966698718,-0.2554597631820414,0.3506221019531978,0.7152850820103956,0
13428,-0.1509165975569459,-0.1275517913514012,1.565718634077284,0.7366424924930411,0.384503670348668,1
13429,-0.3430850076540774,0.6754303353230445,0.3523166088380394,0.3146503739523715,0.7172219559541367,1
13430,0.326073740045966,-1.519245860859141,0.0546736357583737,-1.1150617627400703,0.6332958381228593,0
13436,-0.629370751121835,0.4506391392559471,0.3322475045641878,1.0454237619676576,0.7341736002558139,1
13437,-0.3075375724825082,-1.265082987426971,0.892342517369854,1.221922616008174,2.463156776013101,0
13439,-1.268858238445538,0.5880672543496098,0.9575260798782512,2.25816404507233,3.0873696143776233,1
13440,0.2488052621368167,-0.5827966383802272,-0.3910371847464445,-0.6923449620172313,2.34370129792743,0
13442,1.0549978738830847,0.7931466805604331,-1.0933557914854115,1.107533752471635,0.9149963304493488,1
13444,1.0812884459888743,-0.8606277771492874,-0.0905500248387504,-0.7365121884623297,0.1564922965909999,1
13446,-0.2978285545045268,-0.3193050840653369,0.1058033489708226,0.5591997572399867,-0.4135698596178241,0
13451,-0.7574152553168227,2.3789576479160424,0.7476199105550225,0.2027679052394728,0.323525797650132,1
13453,-0.047785867108431,-0.985146656407113,-0.0363607591443437,0.8642532988795059,1.2759951598819534,0
13456,-1.512871810824244,0.0525849179524497,0.1091137794539616,1.009995255776162,-1.058601386078792,0
13457,0.1228319081643297,0.3349547068996155,-1.5479841100390428,0.2191188254091081,0.2563020716858455,0
13458,-0.1279628992272175,-1.281343227418029,-0.076122158300258,-1.956207989887433,0.3252055059107649,1
13459,0.7416357007737486,-0.2189633100191841,1.2794266255754785,-0.6971421101837904,-0.7280088931013831,0
13463,-0.7073790646081681,-1.1719631467464016,0.0871214919905937,0.0907329048963241,1.1422326135923446,0
13465,-0.2207895503574479,0.049631634378517,1.4621820201168645,1.5137983248995226,-0.6244366057935941,1
13467,1.0755810819265317,-0.1169059783635658,-1.0713447577895516,-0.1840483954749144,1.877974283234969,0
13472,0.1221648012224378,1.2753602343426684,-0.9110067459843154,0.338133743287539,0.5780334768922085,1
13473,0.3166640289653945,-0.287940961053465,-1.458895365223768,1.118297598312232,-1.4108976843165633,1
13475,0.2915210005879854,0.8362105303963391,-1.561209112441183,0.2521817557926335,0.9023094435851846,0
13476,-1.3339418709703412,0.14477866256183,0.0514495523456121,0.3567436107476281,-0.2725106775168947,0
13477,-1.4565720653926528,-0.3972445579779909,-0.5556631217155441,-0.0678386871679785,1.2051203347475374,0
13480,-1.421081051213967,-0.8600375047222147,0.1095670431663817,-1.6541413994971736,1.8234209805765456,0
13484,-0.1890996587239685,-1.9723821247683304,-1.8027277522361975,0.1294542623463155,-1.542552132954373,0
13488,1.3595402016795135,-0.626521227720446,-1.0542484746616734,-1.0157409559603954,0.8556662297484438,0
13490,-0.2107064547492249,-1.095779714143271,-1.6968362432642716,0.8134084343957996,0.6518488325448905,0
13491,0.0538176494033016,0.3653312969290487,-1.7011044002636235,0.5219481197706486,0.4136096942965259,0
13492,0.4423419096326296,0.4388038141813296,0.9942363006356152,-0.1160004751664905,0.0629590919012906,1
13493,-1.334855721456641,0.6856826572199133,-0.6686676915784061,-0.596711624134186,-0.4089771668234259,0
13495,0.6664077446431259,-2.48014814112266,1.854317871559523,-0.4619872923962277,-0.934972632941978,0
13496,0.0815442381238205,-0.6749208950013266,-0.0706544577979155,-0.7490308058998092,1.1268799295388108,0
13499,-0.985302592500502,1.4755962744472224,-0.754119956310325,-0.1301907014222134,-0.6495083447823474,0
13500,-1.2353274124384457,0.6844287775527983,-0.094600697787835,2.3432367622062236,1.0474537455054538,0
13503,-0.2000928329688346,-0.6055810286493225,2.0197141105031218,0.5308283913234222,-1.6643560827980797,0
13507,0.1743272548969803,-0.9763933103314612,1.245890384127191,0.7125220225382277,-0.3596712074929807,1
13510,0.066243635308599,0.760408536748708,0.1719711927445159,0.7633162012860001,-0.6194222479414473,1
13511,-0.2149537442609262,0.3412029067364241,0.388580227140687,-0.6328863567250609,-2.4496821088590464,0
13512,-2.881085645737538,-0.0467771883284067,0.1830505823431097,-0.207040476826278,0.0351462335651865,0
13514,1.770344213589052,0.9711270285400264,-0.3102394032673156,-2.534971827758002,1.3906071851233837,1
13516,-0.177590868820143,-1.337154940916624,-0.2499108909601645,-0.0308491082353446,-1.18968997565115,0
13517,0.6751837436246829,-0.6816421017095439,-0.3592202087247004,1.446904648115906,-0.6544568186140838,1
13518,-2.261684287881637,-0.2515437066324511,0.1089675234485114,-0.2414271897678976,0.8603308316079443,0
13522,-0.9640896235796788,1.1201073191885556,-1.360483417012199,1.581937094834733,-2.183686555072161,0
13526,-0.5284363303803344,0.2422049723440902,-0.1395014144205348,-0.4947737202608192,1.3097701120537912,0
13529,1.0345939586901307,0.9530841039083338,-0.5015169975714094,0.1300947888052557,-2.246838900645491,1
13530,1.6178940793276182,1.1568196159358997,0.9039578708614722,-0.897670493341718,-0.3635554932031357,1
13532,-0.9116924919591586,-1.38482691129742,-0.0688007217184907,-1.1373556285223123,-1.6918372532143102,0
13534,-0.2257455662781398,0.1400354743957911,-0.1699410474186523,1.7300460750831987,1.329202154023616,0
13535,0.1162398368205928,-0.8193915707448716,-0.5604052968248402,-1.2913807379742557,-0.7974961413391105,0
13536,0.6679699176110132,-0.5936411106084619,-0.1749475453495077,1.1814417901875494,0.553021778881936,1
13537,0.068818971624368,-0.1142027888109046,-0.1980584905431441,0.9311408839314038,0.2979021367814718,0
13541,-0.6479357477788907,-1.5698914462320472,0.6932303969554567,-0.3322476315030244,2.578228487387766,0
13544,3.1157028566802,-0.466813863971024,1.8054267468970453,0.2956416360299942,-0.3871462311018293,1
13545,-0.0073137476114393,0.9028315855202704,-0.3682545622584348,-1.9599299407191075,0.8397423635738008,0
13546,0.2274805717557029,-0.5190315236157712,-1.2609526179157915,0.4068046307275608,1.2909605324965157,0
13548,-0.0958359726897497,-0.4677142154861171,0.0825013944330071,-0.404522371205896,-0.2573966839594448,0
13550,1.575913650828583,1.0977235690049771,0.6974062278409887,-0.4755077697539657,0.9824022964787938,0
13551,1.9051970563721017,1.16197804171245,0.3354921055342344,0.1082633018159103,-0.5482096973725771,1
13552,0.1994615030813182,0.6405646235952727,0.1403851176566129,0.0229539182201678,0.0366580764392739,1
13553,1.9363337455540743,0.2792362717668847,0.3165264656000717,-2.294669800312905,1.069717959951184,1
13555,1.8653257641522696,-1.2977077524220673,-1.2369247868562545,-1.366034185166121,-0.081279802078322,0
13564,0.7124693358122307,2.0865533388092525,1.4339807659725885,1.2707865176270805,0.8032743646809707,1
13567,-1.1373039786692354,0.0832722092182112,1.1334529010625,0.0180524407980868,-0.9853805336941674,0
13569,1.624500524961641,-0.4203708610924374,-1.0664542277687454,-0.1765744132097275,1.3706891377802932,1
13570,0.8093746980222342,1.2002683116837745,0.0213958156701155,0.2565448811317481,-0.0994338628471535,1
13571,-0.7467456467594233,0.1511663666441853,-0.1059955030154726,-0.3656595823260486,0.7236083657634552,0
13572,0.2466495372134376,1.469911493654542,-0.7477645733195601,-0.2879815632895576,-1.6517995021124028,0
13578,1.167477838397362,3.1417809744840413,-0.8080323770371366,-0.4534079190307866,-0.685408069195328,1
13580,1.181037312043433,1.2563834059990264,-1.1809921905249223,1.0481240346252008,-0.251280883363944,1
13581,1.7785079987592274,-0.7477709511766245,-1.0599235036716144,0.0816316829351932,0.7235175433424024,1
13582,-1.713178401620223,-0.3297049133548725,-1.0211319888343475,0.999084748528024,-0.4904397129456211,0
13583,1.201453780645582,-0.6413173000798053,0.3789109643410683,-1.305925177404091,-0.0342451226401157,1
13586,0.0187122260376126,-1.7352290876859224,-0.5707982545586641,1.8896343385427723,-0.0401654491449414,0
13589,-0.2805625754780974,-0.486475190861153,0.2641476765199996,-0.2107813453411033,0.2208528801521613,0
13592,-0.758750986694714,-0.4955234428713466,0.8091083564546288,-0.0808377238189476,-0.8848718085136763,0
13597,0.1174019706386515,-0.6215333488642427,1.0897110096063585,0.410230911269633,-0.6982863989511866,0
13599,-0.1047913867130759,0.3121583706679683,0.6072953572035443,0.6721564535855565,-0.0544042103945766,1
13600,-2.117985770268229,-0.2884044524239831,-0.5371061035432119,-0.0395245155473451,-0.6898973073878509,0
13606,-1.1787941337610588,1.7269747285763986,0.1852621324609926,1.2350075625561632,-0.1152957707467817,1
13608,1.0880218643116495,0.0470807616676309,1.1190476685156547,-0.0545170202686738,1.187882050195816,1
13609,1.014761845073063,-0.0607321124981331,0.2596603842984733,0.4136283641861726,1.176769839856981,1
13611,0.5773057767133953,-0.6435057831596034,0.1740837024081833,-0.1039753350831893,0.0630981674141183,1
13614,-2.3922104361320167,-0.2926387459916211,0.3806395289316224,1.3838771524666102,-0.0176089395763951,0
13616,-0.9882746695146468,0.4164090570364845,-0.7799292388745198,0.1128946942163367,0.4094853512827635,0
13617,-0.2020682680268226,-1.213513574060631,-0.3473785561464972,1.1240825029266843,-1.5021309556050868,1
13619,-0.6660055518687871,0.2953299224660477,-1.091868475998492,-0.6205297889188601,2.0674679399887026,0
13620,0.6468995940330712,0.379799497537284,0.363666814674917,1.4586418729833,-0.1265436205801561,1
13625,-0.1866844955042982,-1.378637103035696,-1.0375478384612258,0.6593001981040478,0.6274721951933682,0
13626,-1.3723911431997051,1.1366880822179215,-0.3816314175557853,-1.2820838637906316,-0.5491686096736401,0
13628,1.0630426328555964,0.7861817077542327,-1.9033146530321736,-1.4448976343187443,1.097882348368899,1
13629,-0.4661211264135177,-0.1385899181951515,0.6325771536189574,1.2904386342492615,0.4700451309762943,1
13632,-0.054214352578021,0.5069916117442611,-0.445551047658652,-1.0362043400535206,0.1888547428813306,0
13636,1.130215856028053,1.6146366644777677,1.0426621798991051,0.3325705428970061,0.2173652568708101,1
13637,0.6166393648786926,-2.020869697653652,-0.1546738515605672,-1.8273696439441152,-0.7349108992572383,0
13638,-1.475887817643758,0.3888817925122456,0.6011079756777128,1.216098575257402,-0.967389210769698,0
13641,0.8832466591869957,-0.0171445161745387,0.886242316937217,-0.0133552881710128,-0.927331454849279,1
13643,-1.182786183836103,-0.2444007254356354,-0.6074799336992367,0.0177353728017194,0.1508877641846187,0
13646,0.106404590507688,0.4170691348222456,1.2275806101599351,-1.2205313895550711,1.212863616468135,1
13647,0.5779354983521844,1.6676356500475582,1.4051944695662684,0.1096657351180151,-0.7483212512101169,1
13650,-1.083942923963484,0.7795476288689807,0.0249044285259324,2.238481650904387,0.2922563260047706,0
13653,0.2937461015060542,0.0045311896064561,0.661277423157759,-0.0501485270286132,0.8722596620520212,1
13654,-0.0478278484873642,-0.1949803641518823,0.0873039598268474,0.7598673428220839,-0.3696096523447015,0
13657,-0.1628339242509263,-0.7378645052074531,0.4691403640618062,-0.3880456039268879,-0.6048202321041711,0
13660,-1.705935805511812,-0.5162538782654704,1.4975143731821112,-0.8014148680545049,-1.0460194321024057,0
13662,-1.542488871790766,-0.9348558701104328,-0.1847803026849232,-0.403869061856517,2.498132277907581,0
13664,-1.620796494671639,-0.550212653438526,0.5733999079506632,2.6084285632762874,1.7404566223576243,0
13666,-1.402498784945998,0.3761821107333782,0.4423392889092714,0.4107998876502186,-1.043402352855815,0
13670,0.5327737217472472,0.8796767190972475,0.7062484426312314,-0.8173061631346641,-2.4730441615937986,1
13674,-0.2815737931527262,-0.2773842873900812,-0.0574940049955749,-1.5604554670458537,0.4139098834612079,0
13675,-0.3672492026647442,0.0206181015394375,-0.5780133616066513,0.3808312364191058,1.3293688477780004,1
13676,0.2086646237435487,-1.6368048736202232,0.0043167789166333,0.2097895597909235,-0.0546926986343258,0
13678,-0.6503034800467734,-1.0311125226028348,-0.2317675133987326,-2.0329295824600986,-0.0085875467208607,0
13683,1.05859876876189,0.2109632545296033,0.583802468008436,-0.4004134529243275,0.0204180251936518,0
13685,-0.7044896643698936,0.2102550574169631,-1.2504495298539111,-3.0234522742705257,1.712422724183828,0
13690,1.1693051642019283,-1.2334626784048568,0.35211040640543,0.788223777029965,-1.0261723713063953,1
13691,-1.173381541328518,-0.992044507009964,-1.4617908689059147,1.0474489751978056,0.9543021658261782,0
13692,-0.3237543503570525,-0.0638233894297373,-0.6812514690162962,2.3142623454934776,-0.4356346819589414,0
13693,-0.5290208414089924,-0.1280499605904981,-1.314827851968318,0.2675672837895222,1.4260200060443853,0
13694,-0.1741606922059745,0.8011581096110462,-1.9603942737436244,-0.9527323079567076,0.0968088374771486,0
13695,-1.8480388624950237,0.3282212725443564,-0.3080696481521006,0.2962649292235637,-0.2325587595246061,0
13697,-0.9813601747830796,-0.4369195836350612,-0.3448061928218635,0.7161155235141448,0.2295314806300355,0
13698,-0.6612616431170888,-1.7141994880364004,3.057078032816817,0.0377957513276958,0.9137005685227358,1
13703,0.8329288916197907,0.8185200994120685,-0.7038479098368825,1.8927148272128047,0.4289796494385915,1
13706,-0.6426803730038448,0.5311171828068174,-0.6816437242151047,1.0251153329207787,0.4922069865696173,0
13708,0.6290543831997089,0.92636849752807,-0.7517184112472393,-1.978133177194981,-1.6922307664752223,0
13710,-2.3452816247889183,2.5798547034866903,0.3913343381969345,0.2894346211319305,-0.1484131563903199,0
13713,-0.1002584555908237,0.7218460956688908,-1.1434622927964873,1.8012277240994317,2.8923284008779273,1
13720,1.6418901738144789,0.8036781915550166,0.954725511748202,0.8751665408300257,-0.221143605563148,1
13721,-1.148352301075451,0.7980121804149065,-1.5296421443635102,-0.3927583406706596,-0.6395931679752522,0
13722,0.573046288230161,0.2328024408281766,-0.6416408916490052,-0.4214947146434428,1.95827732193011,0
13725,-0.8952450469899047,0.1950208809694888,-1.647371008974272,0.3749373646703782,-2.132070353747374,0
13726,-0.989413391475904,0.8553812002454478,0.4651783726418019,-0.0171738337521748,-0.4504932228950871,0
13728,-1.231491824980257,-0.8119429173183981,-0.2643165212145487,-0.2935113601926591,-1.0558915574672674,0
13730,-0.2699972919214328,0.938744959349656,0.260500051931493,0.0705628432976599,0.6007691691916107,0
13735,0.5601588625430721,2.845401456851383,1.098613834713911,-0.0212663022374879,0.1669574358484097,1
13736,-0.8127397806161533,1.6798806305387215,-0.2258021515951906,-0.0734979295345971,-0.8782450685793871,1
13738,-2.2847183960848696,1.4006855964884084,-1.34141763786574,0.769178221102728,-3.108269052401953,0
13740,0.7343079971572587,-1.5596145424835577,0.9989114651523998,1.7086655014236427,1.2150627295503589,0
13742,-0.7918906096645348,-0.0743848361628995,-0.8182174334785158,-1.0067329734642405,0.4063695420698104,0
13743,-0.0734224073577813,0.4554382566284733,-0.571697441301791,0.6696732038382516,-1.127531463098292,0
13745,-0.1017012632810085,-0.1974630251121227,-0.5800236427679398,1.105172377342939,0.4119283549061155,0
13746,-1.6735268105958958,1.088295858288457,-0.8705577298109812,-0.6559355044392816,0.4022895706187128,0
13747,-0.5982421900562329,2.242825308771833,-0.2385173878066986,0.6331565252767467,-1.5444914808044452,1
13748,-0.6162818445756514,-0.130911569411369,0.9968191396249309,-1.0762137677242165,1.199427828427711,0
13749,0.1273252398900863,0.3274462571864457,-0.7453394063180189,-0.9651742664107648,-2.177376113478448,0
13750,0.2996850928010944,0.6272552258837532,-0.3618884282908171,-1.58350425862891,-0.5561183092340449,1
13753,0.2169958142392268,-0.2932210162981558,-0.3515005862433844,2.4131402212249173,-0.3328882078737121,1
13757,-0.846837086681735,0.1344050724206867,-1.0192627370958414,-0.1294963068215934,1.3956189033786626,0
13759,-1.355009526179222,-0.811982478145275,-0.4396895315993136,1.518139588917272,-1.4040380071565988,0
13760,-1.6941751747770102,0.2719125486474247,-0.7117909481141111,-0.991424516602398,0.6497158912129377,0
13761,0.0911870350418518,1.0053345134681515,0.734527714049786,-1.208200836700265,-1.6792550374701185,0
13763,-0.944311384335836,-0.0837930176370541,0.8086827992501336,-0.0841751356321448,0.056012107828565,0
13764,0.2434477343521783,-0.7239475797377564,-0.8834712011510105,-0.1832755950386232,-0.4145376652307734,0
13767,0.5701184741550042,-1.1524974439272584,-0.2858419989098224,1.1918045040902163,0.1336554018552582,1
13769,0.647538312613536,-0.1348313873970181,-0.9887130474392164,0.4218012108783457,-1.4663181264432117,0
13770,0.9865777348984232,-1.3166912383663636,-0.8854473348571373,-0.9689077722301568,0.6209002011128437,0
13771,-1.11961884120009,0.5094103144657713,-0.6736985721234534,-0.1170407916077645,-0.5367061006097296,0
13778,1.4489056184847926,-0.4760268286104587,0.0321725236635483,-0.0746950166078072,0.5147297056353124,1
13780,0.6007522062790552,1.0973402396104208,-0.3013177178326862,-0.0124331827397711,0.949842858235476,1
13783,-0.440125158898561,-0.1016551819671271,1.756027101302973,1.3421868643087709,0.5645519709351221,1
13787,0.7938090088007337,-0.0149265485764273,-0.7468191179086838,-1.335697793828794,-0.7093332909960864,1
13789,-2.082603257080567,0.3630479336915842,0.1552426977020336,-1.000413532543827,-0.0592294003131431,0
13790,-2.7576070083303184,0.0082668636067892,-0.153012577133022,1.3294140933606675,0.2538853442163062,0
13793,-0.8873842415152188,-1.5049929580689692,-0.439814507859139,1.6592282975060155,-0.544755191054557,0
13794,0.1284115078098117,0.5471581918077691,-0.3609791557101178,-0.3687312769259689,1.2858989531105154,0
13795,0.1864226171708099,1.129237527212272,2.387809559426261,-0.8699011982688063,-0.1555966263221999,1
13796,-0.1670224984911801,-0.4955698415327232,-0.4315185739131397,1.4029008610282676,0.0992470973255884,0
13799,-0.5206588128316098,-0.5096569624173759,0.2252539604764664,0.3278340547996715,-0.6364078339574684,1
13800,-0.1131539957528851,-1.114492400255424,1.16453819184185,0.6949986503470841,-0.3472729702406941,0
13801,-0.1922145602663949,-0.6631305731406444,-0.9292756022010388,-1.0808242209770318,-0.9258710480600983,0
13803,0.7645272790739368,0.0840675371081558,-0.5207990779928225,0.4458588449541399,1.3486176923352036,1
13806,0.3900657837618752,-0.6388066136624093,0.0338019166586619,-0.0733663714724132,-1.501167441119645,0
13813,-0.3943643395540206,-0.2441258594860057,0.329111715529132,-1.12407422893612,0.3329455379563302,0
13815,-0.0736178441263956,-0.1819476488699063,0.1218919680029491,-0.9077390389032814,-2.157733029217801,0
13817,-0.1198587557174019,1.051546366108406,0.312841275844457,-1.4205790617389773,-0.6254099135371619,0
13821,-0.0298679045870193,-1.0899869462816436,0.3453150893132838,1.513030805477105,0.3333296938679543,1
13822,-0.8499456431638506,0.995694144936474,-0.6110620912184311,0.4734535780226652,-0.7764397057172151,1
13824,-2.8191263513598255,-1.5707088610094635,1.7416391096660977,-0.9594710800891656,-0.4032905672866542,0
13825,-0.0153231364688359,-1.648198175870823,1.0437562283077262,-0.1205483222370567,-0.6349395394599717,1
13826,0.9440112214139222,-1.330779056595405,0.0383955168467349,-1.0148972952598545,-1.2556156516080594,0
13833,0.8310567409972608,-0.9406933555155608,0.3209688922983922,-0.497398885380152,1.328600834485891,0
13837,-0.1360450531093237,0.9181275704362928,-0.3376859784852394,-0.775522475798711,-2.2655112143480305,0
13839,-1.1903771946729125,0.1334865497152773,0.1605422414804712,-0.9999467118829596,0.912864173760666,0
13841,-1.215083280432434,-0.1938848401297866,-0.3619965601060131,-0.8458330885164276,-0.799210490297645,0
13843,-0.2988268917208286,-1.202670820843326,0.944188654049589,-0.380436079390018,1.781659252033104,1
13845,-2.1715648097444977,-0.1017239183075919,0.5716179901532275,-1.004131912486358,2.592277117186734,0
13846,-0.146462362778349,0.5617126785737231,1.1722527018287143,0.6041956609247374,-0.1066412779565837,1
13847,0.4007510592745892,-0.1932050402233247,-0.0943171141406873,-1.1473102880909354,-0.2601745002809899,0
13849,-0.928298478531416,-0.9202378597688892,-0.0147070533939019,-0.2450296452341459,1.0965643845569926,0
13852,1.2042584040069202,-0.9996214674222774,-0.7598135088180639,0.2640035374022499,-0.4878553729199139,1
13864,-0.922771176179218,0.5092188376565765,-1.5180972582547143,1.2304495816764789,2.5204058662279376,0
13865,-0.4831398332132198,1.2045192621577308,-1.3970105395420684,0.4000890135220236,0.3550397206418998,1
13866,3.0751333866752164,-0.3721898313353304,0.4622169027768888,-0.1845233795562076,-0.3714772371494709,1
13868,-0.3994110654773254,1.9215058778983487,-0.1158933847565547,0.8866316057445888,-0.0761623435185987,1
13871,0.0170167352744343,0.0488902977577241,0.0554939077506055,0.5633082125234825,-0.4377332652683605,1
13873,-0.5910747545873051,-0.9778245067787408,-1.094847791949901,-0.0435931206209337,1.370292213238075,0
13874,0.3924428583560007,-0.9522099731258532,1.5483311709459595,-0.5013290584870248,1.587103042042758,1
13880,1.2499747541244872,2.282407341763897,-0.7404423079251753,0.6476223033371679,-0.4803126450558763,0
13882,0.2325735266917515,1.2150573579905937,1.878235203775961,0.0154564468093401,-0.492231032216978,1
13887,-0.5133951786427212,1.3733914112040404,-0.0809072420308908,0.1357438334421156,-1.5619808401908073,0
13889,0.1703312504334523,0.8567633877597884,-0.3399672686424244,-1.462166329156271,0.7108871809765501,0
13892,1.6909078760532124,0.9175900743912416,-0.1842270237353574,-0.7361589632812156,0.6449154336063068,1
13895,-0.0795100174042583,-0.1484495819114729,-1.149581430599069,1.297603563624112,-1.1921452587342962,0
13898,1.3552887824860584,-1.4991331193854722,1.0975871925433134,0.4910965505220314,1.8900067113036896,1
13899,0.4283679717818403,0.1521869128090011,0.6837866273913504,-1.2399469031200914,-0.8156494453547749,1
13900,0.0693524684678594,-0.5236884100506282,-0.6115270789602436,2.037910031192692,1.7939693254323013,1
13901,-2.5414756806724026,0.0400875443254648,-1.1917592950168456,1.1506217157778933,0.2225602180352837,0
13902,1.465124566967182,-0.861386439572004,-0.9500721028644712,-0.2189911970860797,-0.5972033485518481,0
13905,-0.3064849868266118,0.1342976893926592,0.8305774367711571,0.9475823857010046,-0.5142727776910748,0
13906,0.0710886694844283,-0.0181917965333091,0.3783626241660611,0.1931664917229218,-0.7301259348183001,0
13908,-0.2819555197122268,-0.5134479033026675,-0.4944976253804399,0.7576403873534518,0.4623500105459897,0
13910,1.3420822432426605,-0.3948962567525407,-0.4613569692700051,0.3341295462989067,-0.2846684394813959,1
13912,-0.835256945978796,-0.7869830344326089,0.7234568575795569,-1.343929342293746,-1.004349768502082,0
13913,0.5196258252246196,-2.1699371035506174,-1.472579257406198,-0.0519751453985977,0.4080705179954919,0
13915,-0.8142649581647317,-0.1884471633773825,-1.9643666985881096,0.929644402091251,-1.279368977009103,0
13916,-0.5386298617887243,-0.2930071995209398,-1.376442129900021,-0.8329560192176165,0.372417852043522,0
13917,-0.4980144366313423,0.8717500104515903,0.7416665716607722,-0.8488584608399681,-0.4536458393224902,1
13918,-0.4531481616221411,-0.4039424277734968,1.474787784454548,0.1916428712892655,-1.6592628635808904,0
13924,-0.4430344426535907,-0.0033281157445989,2.584751893872803,0.0658438059076719,1.4006745825156468,1
13925,0.6496661925419334,0.7374879271046136,-0.1984145623946221,-1.6289604898592134,1.0876564775841746,0
13927,0.3267181569279417,-1.8287721557962808,-0.0534914070396077,-0.3039711581261309,-2.626383157709395,0
13928,-0.7480519151216369,2.596095338416671,-2.360002123713234,-1.1541853871533037,-2.4331161789090214,0
13929,-1.58293152884585,-1.8383610915666695,-1.1844746266476165,1.7159720634950797,0.905953310676926,0
13931,-1.583541429178492,-1.8861071936696865,0.6597814146540142,0.3316576627785609,-1.2872587857782836,0
13934,-0.2176994781538618,0.8089691378164708,0.3208961432583355,-0.6168044353951512,-1.6826812137205045,0
13935,1.4688518764364022,1.42104507047679,-1.4072685279403652,0.6644660541124092,0.2552469979332623,1
13936,0.684190631955021,1.5179478238429918,1.425244433320267,0.506357009897442,-0.2437671822915537,1
13937,-0.2994314525495469,-0.2187623204316074,2.7299347616727,0.0452088563157535,0.7797544283331085,1
13940,0.4799737231237811,-0.9555986108702068,1.1142032382506406,1.1658202128732362,0.8934629806105945,1
13941,0.7330962100771067,-1.477910152978016,0.8559738757822563,-1.2491501910279854,-0.6216260847119885,0
13943,1.2053108763102052,0.1768916719285794,0.7881145369367151,-0.1042187444257138,-0.1104593351478041,1
13946,-0.7399508574214081,0.4334507981634088,0.1498131699361105,0.887585711518063,-0.0661000648800057,1
13948,-0.4616664330244112,-0.270611111547305,-0.4081103322936821,0.5646451142665413,0.1016214457678882,0
13949,-0.5902146003954418,0.7225437911842156,0.2816828937500682,1.3269326039144844,0.3163823073296403,1
13950,-0.1281329248129223,-0.2035141881239585,0.1451520071204774,0.3670036811654005,-0.0020522261696319,0
13954,-0.2105067585927163,0.0220247569676758,-0.5627072946861797,-0.1917574155250792,-0.6773934165095541,0
13955,-1.0729975312782598,-1.9556497918275408,-0.6953496545611714,-0.6264690309449913,-0.0588154649553097,0
13956,-0.5392589754375584,1.0324973226246774,0.2267521778117277,0.7420438231007214,0.9830413271714148,1
13958,1.3465057127884004,0.0257909237537142,1.1445145010167754,0.0998838788687961,0.139749972104842,1
13959,0.6660260257116909,-0.3145746561521782,0.5526659165197231,-1.5185185003336783,0.4835514630685214,1
13960,-1.2718051016081389,0.5543341803140464,-3.120675157339498,-1.814622293128648,0.0528653176449616,0
13963,-0.1101142464036961,0.2232270707838233,1.04189144493077,0.345650471202011,1.33674429086197,1
13967,0.9771580028029412,-0.7657527111711517,-2.2957682767662275,0.5445260755163217,-0.3090240281301316,0
13969,0.464868180370819,1.4245937233807806,-1.0156393194613391,2.1119631473570983,0.1621108401968255,1
13970,0.3727307789792028,1.1745031185205126,0.4181188938533756,-1.3248802388134358,-3.2165240268376976,1
13973,-2.5894080159534516,0.2701182797864351,1.1846960044327497,0.5156619230250259,-0.0265156262589012,0
13975,0.0020738851204154,0.7613329887863783,0.8392074569931784,-0.0634236532055608,-0.8267996251220441,1
13978,1.0543006362839862,0.2818633348795527,-2.617015274094214,0.2348511860784399,1.2764276017924427,0
13982,0.5840832647899732,1.6813190731985868,-0.5491317533327104,0.6279149167368371,-1.474903634898079,1
13986,-0.0708346525625048,-1.5290063599166126,-1.7309647587002577,-0.2345710805127005,0.3071267494358231,0
13988,-0.3173519921833528,-1.1383828508253673,-0.0179118304570883,-0.1901258079597018,-0.3455680731994246,0
13991,0.7999966473618041,0.1540379276719497,-0.044252854824769,-0.2989588668707165,0.4197635584427374,0
13992,1.0284399767512793,-0.5016353977591423,0.7511231680913592,-0.8085464836861264,-0.4371403365257962,1
13994,0.723155853972493,2.0848879314898388,0.7329528013598694,-1.9732240340098235,-0.2479311258649965,1
13995,-0.0352401274930586,-1.584622442520806,0.8300595598323361,1.78858493222282,-0.8666048671745504,0
14000,-1.8104186823465016,0.6570845551695464,0.3244299295378675,-0.6320873355790151,-1.1557158625566168,0
14001,0.3384051011983418,-0.4681009929434541,0.7909997243341403,-0.5759493457543977,-0.4251958547179541,0
14003,1.911308111085064,0.1522238318639095,-0.8718076942422329,-0.8289470642084419,0.4104328715144384,0
14006,0.2953458494414914,3.890842249501571,-0.1968556742132788,0.1791574164017936,1.7373750082783237,1
14008,-0.4069588123491956,-0.7203937931567651,-0.4745609852049357,-0.035210524598694,0.7225993571155986,0
14010,-2.502881213333336,0.7740884617268395,-0.0600327864802884,1.4973159757741965,0.4636559054556833,0
14012,-0.4405320274815418,-0.3218605893126419,-1.6043307516573029,2.0378019831941354,-0.1954794512619896,0
14018,1.1203561513133926,-0.779260333236239,-0.5709666478062142,0.0955741783834893,1.119390045426106,0
14019,0.8353154861832259,-1.9701689959292537,0.8376815241055473,-0.0143897456032669,0.6365445902765346,0
14020,-0.215605315518652,0.499337421971104,0.046557399193187,-0.5442493210285587,-0.7585865397530456,0
14026,-1.6585299902744572,-0.0936167403089281,-0.0875715230407156,-2.752660060841271,1.0131224123053344,0
14027,-0.5250513199273599,-0.0516425955015079,-0.5708031190733298,-0.2075135975535706,1.2762640589451204,0
14028,0.0843229128000892,2.121515612148744,0.6290819674956024,0.7013996500452068,-0.204213595062732,1
14030,-0.1400140681410908,0.2199934379954821,0.0872221830374177,0.0394962993778736,1.0018216610406996,0
14032,-0.5581105678393425,1.1254109593498474,-0.2693313487781719,1.5691582571105,0.0260196787541853,0
14033,0.5283217054214392,0.9937094509529804,1.2235966696400773,0.6270884546239066,2.621665510166823,1
14036,0.4666655457124929,-0.7288693202648485,-0.6344024624231787,0.7107488118305263,-0.856406657824183,0
14038,-1.9931009625563736,1.6495111273318614,-0.072290402983192,-1.0410029503726623,0.5611275907680447,0
14039,1.7122785579278623,-0.171064541281615,1.6330025503348424,-0.3362138855884481,-1.1766067432521825,1
14040,1.809941831752705,-0.7212446540297881,-0.5654340910212075,1.0390784876351231,0.0354923616430327,1
14041,-0.1103384117722726,-0.2545146324393439,-0.666118495703537,0.180902357764265,0.4874081968934741,0
14042,-0.2232551841845801,0.5665822166480847,0.4122389397464459,0.3873518039955725,-0.2841103643003311,0
14043,-0.371451653493015,0.3705411166260755,-1.199605423509238,2.8996393196152095,-2.515042289648002,0
14049,-0.0730798488987473,-0.5153646922997223,-0.2684953127045674,-2.189619288740947,1.4899591157997838,0
14050,-0.6415681820097752,0.4355488632262984,-2.0802838852604024,-0.8871725511822561,0.2498801772632024,0
14052,-0.2072819485609616,0.2973434944861839,1.2303438787291487,-0.3611363272368021,0.0153806832974722,1
14057,0.1922939308792883,1.541880838637576,-0.5931669000436119,0.1157586279723997,-0.8624823702618475,1
14058,-1.497215839815326,0.2788328871129408,0.2330186617015791,-2.123636957833225,0.7292510508155775,0
14064,0.8948177814461855,0.671331277591914,0.093455553595315,-0.398502680580476,-1.522940268259197,1
14065,-0.8005180854227354,-0.9648041995028792,2.5926276452495856,1.994853895764575,-1.2588198726273894,0
14068,-1.31112016727113,-0.2994985799124487,-0.3013624087444964,-0.5227310858535323,-0.7045130301934863,0
14069,0.0665700907692017,1.3212576401492315,-2.099972077060281,-1.24282410694039,0.2613613758177693,0
14073,0.2399258899343717,-1.15123818135253,-0.2066994731788257,-0.0635046684859184,0.4518453267226929,0
14075,0.9358109519061154,0.968767410758658,0.7533235469750091,-0.3660859313295744,-0.2058866231318792,1
14078,1.1767579672666657,-0.4527007484386483,0.3898480763142801,0.7354621745143217,1.2544774154824727,1
14081,1.0298293635956657,1.1325871898572724,0.2455277725467348,0.2446680696560023,0.2132882277416377,1
14083,-0.6174989771377355,-1.7490988768061122,-0.8567414421850533,-0.763883696928526,-2.083015948668916,0
14084,1.172386735099727,-0.5087494705952215,-0.3230138693468437,-0.8609909054528458,0.5655371886391402,0
14085,1.38077697167835,0.5226897782864548,0.3480107249577153,-1.974446200997252,-0.1013742074457992,0
14086,0.6472414904739674,1.1991828629428845,0.6065295889188436,2.087862593889266,-0.7283980786421513,1
14087,-0.7283672496168536,0.3833490891874098,1.277706730465344,1.4388521302111854,-2.0353657654048978,0
14089,-3.035282984740514,2.0562580783685855,0.6120718987347328,-0.8817677086188391,-0.3238684810281466,0
14094,-0.1566379023074388,-0.1258659708919763,-0.2386943234260646,-0.4514859463748052,-0.3192539846012206,1
14098,0.9201745385336084,0.2142016693543089,-1.4919287226095637,-1.2875674021625276,-1.5279046663738094,0
14100,-0.6750738711678451,0.5902407827565341,-0.3747329855225073,1.0238051238629604,-0.6133293009429147,0
14101,-0.0498643238151811,-0.2714958893626037,0.2118499697190113,0.4603751896264122,-0.0449899420294853,1
14102,2.624614928906243,1.4597154882880528,-0.604437406471109,1.288099116904428,1.1797122181296684,1
14105,-0.420617986813813,-0.0255785230967922,-1.388717041524164,-0.941898061837392,-2.8439007059584847,0
14106,0.360329469369178,0.8901941283597833,0.2561895367816427,0.1784164526369493,-0.1169152757537792,1
14107,1.4734823394707073,-0.185001795103078,0.8565426481784774,0.7544923383877997,-1.418157588724097,1
14108,0.6135462987840896,-1.157918912728204,-0.6045678143170841,-0.2236041236797147,1.2096081957861662,0
14111,0.2041246541565964,1.2821403787509835,-0.3735450199881511,0.3288794173266687,-0.1353967660908494,1
14112,0.4649528423965896,-1.0123711123549706,-0.0576867470134043,0.9101528843020328,-0.7960421265241615,1
14113,-0.2080543401698041,-0.1035501430351628,-1.5183116353777846,0.6861194567220091,-0.6051434572547935,0
14114,-0.0819016615182603,0.57880154432334,0.6800836586997657,-1.2238886674080391,0.3792258286812147,0
14115,0.9493707440453696,-0.6912870729101444,0.7597817390202729,0.3788469521147374,0.4597405322023926,1
14117,-1.4743079439690898,-0.1803550216335076,-0.1239420623307599,0.2297661549020448,-0.3995493944941609,0
14118,1.7234003595548957,-0.9097490682983774,-1.9550840999575971,-1.4812703006940484,-0.7508705506289758,0
14121,-1.8961409451362743,0.6802452096902321,0.814184661655248,-0.8867112286478883,0.2950237311245034,0
14126,-0.9521818535027192,0.0605565624804517,-0.0705143177491007,-2.609602571362883,-1.4216065080775089,0
14127,1.0797059625553749,-0.7278984453553887,0.5819190812728867,1.2628755906023783,-2.0735309597351455,0
14128,1.6090329193825794,-0.1731928162351501,0.3858223946882358,1.936989517662887,0.9633016115312804,1
14131,1.8626106451580504,-0.2679460686047772,-0.9522122288884618,1.146523442803466,1.1232020263774658,1
14132,-0.0741830806723798,1.3274989936762245,1.002930484717237,0.3798387778641183,-1.6402203373410131,1
14134,-1.2449200418076485,1.1940028303877783,-0.050377239987896,-0.842106515829168,-0.2901579991089196,1
14135,0.1990492323812725,1.4422878842628208,0.7101900883882221,1.1812080463576369,-0.0631736468952074,1
14136,-0.2122083932740127,1.8569003514297957,-0.1377524849721024,-0.5477310234969411,-0.6498323629429319,1
14140,-0.1081945255617571,1.672475363178702,-0.2973556885641277,-0.5834263409732586,0.9120823539107114,1
14141,1.2185914212121025,-0.6351971783285338,-0.5617645416020982,0.8653362421078292,0.3000295752365577,0
14142,0.322571463572281,0.2366748528061887,-0.0506279860885064,1.002592915127582,1.3885527885880389,1
14143,-1.029777825117275,0.887122389969797,-0.0439117035560237,-1.285947324882321,-0.9243093616072144,0
14147,0.6575953975443047,0.30203425322715,0.1281450437823439,0.413276634705121,-0.2410709079017471,0
14149,0.2611148054986634,0.9792369731508704,-0.2810544207814892,-1.4945749985608103,0.1579461433217416,1
14151,-0.4371373491205947,-0.2857554195236916,0.1730349737289134,0.2808087138292644,-0.513682407020658,0
14152,0.1990471852490857,0.3818416415470805,0.5574132071473965,0.481870488955283,1.302684750931189,1
14155,-0.2795488561332455,-0.5379614241306991,-1.4914067768249584,0.3871337273540449,-1.1334834078272649,0
14156,-1.665792695303017,2.063335583494045,0.5046658228046129,-0.4258744591944389,-1.4125585654698782,1
14159,-0.307967275105367,0.4653167422240718,0.4152342967221683,0.6237759052353518,-0.3049657809989144,1
14160,0.6553728815223495,-2.143310784714677,0.6037594048941997,-0.0398032775334915,0.961696846639441,1
14162,0.415439685208654,-0.0861845538507214,1.014846098011147,0.1511972837320511,1.5703311575325,1
14163,-0.7200461732070006,-1.034916827710848,-0.6535640802843249,0.6333299925829005,0.6747734742601564,0
14165,-1.4265340199770151,1.003163995775532,-1.7482176468398958,0.5399451740485018,-2.1685760522819155,0
14166,-0.1203811966207174,-0.3532255124701693,-0.7824598847463707,1.4395165701827046,-0.083333683546202,0
14169,-0.1889953506463685,1.6647345428949625,1.2876142678694675,0.0245074312697511,-1.366705547300893,1
14170,0.321969402691196,-0.5289811156876442,-0.9650913991147834,0.6386686685237585,-1.280699702774151,0
14171,0.1038660392770413,0.4465425723037197,0.6589415308236923,-1.2826254571638995,1.671900151842654,0
14175,0.8823715049030973,0.038348297120661,0.6461277901525143,-1.342639560245025,-1.6437933336154915,1
14176,0.5505693589855302,0.3206071536430473,-0.9443119715598012,-1.174979238193095,-0.1936274638202838,0
14177,-0.0737356924631594,-1.2479919839230176,-0.0979185182346052,-1.4787799504630956,-0.6649604735599408,0
14180,0.5734713901299996,2.0223885004554356,0.5565748275618828,-0.6202427438575944,1.122669749211676,1
14182,1.979517829046168,0.9583634957474668,0.687854308285528,-1.9900074073903908,-0.9883233275918838,1
14188,-1.6139556797046182,-0.6502925750103606,0.136798901597404,-0.9313583352152818,0.3171282331063406,0
14190,-0.1748205735437224,-0.1484188709759495,0.0390422781319221,0.3858050310339497,-0.94389615708688,0
14191,1.0836373683439326,1.2476925769487026,2.42158565340129,-1.7656770976995515,-0.0148788764899507,1
14193,-0.5244465958196571,-0.2324604698396664,0.3376715777614465,0.3312436950475671,1.4593641156585275,1
14195,0.392939743236977,-0.5401794083588293,-0.9317243466441468,-0.4858602012429815,0.2080580212200682,0
14196,0.1480328885095463,-1.4547785795892314,-1.2779556024616956,0.1304280657897754,0.5792449823023607,0
14198,0.5936240492261627,-0.2466087039121182,-1.5678699043379205,1.5060050502578854,0.0056691802085934,1
14203,1.3521076488570103,-1.572637945698076,-0.1594339092607662,-0.9461499625202234,1.4108443535437794,0
14204,-1.548707456028348,2.330513673678952,-0.3612668573569523,-0.564300811670108,0.772607889981203,0
14205,-0.0342551626291941,-0.8500659486517066,-0.7640579440722879,-0.4971526831419883,-0.6930309761598282,0
14207,-0.6938723192788706,-0.9210611630574672,-0.5093153863891682,1.4245916387896371,-0.575944168794962,0
14208,-0.5308302399659228,0.2184623327270208,-0.1306209988542558,-1.0874200571656196,-1.1813262653588517,0
14210,0.6469938269624895,0.8015438890261701,0.582122571061404,-0.4661888336242572,-0.3554910889431044,1
14213,-0.0244876700738211,0.481273163555751,0.7098021724293538,0.5159226990384777,0.1338029183131072,1
14216,2.123013935548092,-0.8241650207398249,1.046685588022391,1.4952076623987147,-0.1606299276153316,1
14217,-0.1673714903685644,1.7653341840465306,-0.3072878185464976,-0.5575603661994113,-2.698790010874675,1
14220,0.1129838774181042,0.2142673598165254,0.3485272607688905,-0.875760064133629,-0.4534586348724034,0
14226,1.811746876105904,-1.3608127868845246,-0.1496872934027715,1.1909545165249509,0.2855829107744558,0
14228,0.8838995879517424,0.5600964514442106,0.5625692714153697,0.1301939939374188,0.0812861381058063,1
14229,0.1080716904354665,0.3049164048301783,0.130208862845489,-0.9315406111741528,-2.2582083176002534,1
14230,2.088026762035964,-0.6484143577222993,-0.1756418367527086,1.1134848073647927,0.3368973688940485,1
14235,0.4699074612772904,1.1994832020875583,-0.0006920069077595,-0.5413868120930396,0.4940320784712015,1
14237,0.5128870333294662,-1.6376005152700417,0.3438636486390188,1.7935458465668943,0.560412126009888,0
14238,0.0382981749349034,-1.216136700881672,-0.3430761274764956,0.3089277623552166,0.0933298139322449,0
14242,-0.1496488650586054,-0.2260679448871833,-0.2375290830807732,2.2595957081170495,-0.4767124608160457,1
14243,2.0708272655040805,0.8634894520567875,-1.1051656606379046,-0.9616357929694485,0.1920225526466537,1
14246,2.6302890377076285,0.7783578714078977,-0.6523141491246983,1.243784993711101,-0.0768194524764521,1
14247,1.5247299004984358,-0.67605810992567,-1.5849423949058294,0.102127034789716,1.4678806930071937,1
14250,-0.2784043782070604,0.4487713670449504,1.853999323087827,-0.5198091960986466,-0.636961352263121,1
14251,-1.3249969440538498,0.8555589515263757,0.5714712260137371,0.4474617314882909,0.3446668678151786,1
14253,-0.1288789760222598,-0.7753848710378696,-0.6293800136334392,-1.1998632230968516,-0.9584480534037164,0
14254,-1.6085929937897072,0.3580776998389838,-0.862234568685379,1.611200058936642,0.9469729529976284,0
14255,0.0696737455218072,0.5701061681007504,0.85850833445195,-0.4949458364082209,-0.2034570296635677,1
14258,-0.6790065810885964,-1.7379770973274515,-0.4496797636751418,-0.6972220276993749,-0.9884567838967072,0
14259,-0.6027254290952483,-0.5886701097279828,-0.471946386450308,0.3810829552999635,0.5578398596379731,0
14260,0.2995313492258942,-2.54091682738894,-1.0173200880815108,-1.0037462888925397,1.1966960149067345,0
14263,-1.0983914526009606,0.1858972475184085,0.0629965595757312,-0.0315322631807372,1.2682729020094663,1
14264,0.5581089495400553,0.8354575060096069,0.1614315690247552,0.3091902286289043,0.9277049417720344,1
14265,-1.1431837973218868,-0.6540968714921285,0.0731674700298949,0.0415238617210557,-1.4212181911255684,0
14266,0.7620387559944032,1.4394580456370716,1.3636547391676437,-0.6932647468701688,0.8499278673815083,1
14268,-0.5192951440924094,1.4983165011728423,-0.1009273364572947,-3.0006942199664275,0.4399624501153347,0
14271,0.3349848244373249,0.5293253617527774,-0.1776840588587,0.6195478383689418,4.0283468866991266,0
14272,-1.489834692590046,-2.239380210234806,1.1233838329314574,-1.1825742289298986,0.3695462158009585,0
14273,0.6071425989370585,-0.0346686774171893,0.2778451550152095,1.7093053996644745,-0.6121930552867231,1
14274,1.2767790608683542,-1.3099465703313389,0.350943906124685,0.4867961758506295,-0.0763132642980305,1
14276,-1.0232223664901208,-0.6130220660834621,-1.281199554420591,1.8677070615229507,-0.3080320511848619,0
14278,-0.4970611374627003,-0.2109936785813893,-0.3038109096905523,-1.3459524174759596,0.8602017876743727,0
14279,-1.1138669493702784,0.8094389521738179,-1.3303815058040396,0.1732369623194509,-1.024363726960761,0
14281,-0.0054527825753776,-0.9633174520826824,-1.7893701541599552,0.6203338867469272,-0.2533951988636765,0
14282,0.0090527502305155,-0.3981876010858382,-0.7178960633374041,0.6766542913090037,1.704936361468984,1
14283,-1.1998445376630584,-1.8740112764906551,-0.2349626346262213,-0.7177592240378567,1.183677456920562,0
14288,-0.1344607350965417,-0.4530411240196526,-1.1892214079005272,-0.2663426557585235,1.8656436584534943,0
14290,1.8092836107185917,-1.8309152633900323,-1.714218268485166,0.7488874426760178,-2.0492760832375816,1
14291,0.7710125601898983,0.8611796269467829,-0.8015555538087684,0.0415422492959805,-0.0504907048817576,1
14292,-0.8051873398940257,-0.6152254194104996,-0.1569432024368723,-0.4670039605350581,0.5756628828657724,0
14293,-0.1503395264125427,0.4513159383496563,-0.3877892028737383,0.6401259537343669,0.8838826988225256,1
14294,-1.979831574639096,0.37814281492158,-0.6946223404537134,-0.4387898063344584,0.3129976548400381,0
14296,1.0986905504856277,1.0645043512223442,0.0133091865497114,-0.5584058686725784,-0.7714030021291564,1
14298,-0.9158919316098684,2.2015785977386897,-2.796857720018001,-1.496403363111254,-0.4495435954476257,0
14300,0.400606435648103,-0.8218900756688506,0.9725632939796744,0.1430077993431331,1.0711145267163733,1
14302,0.1251287257477692,0.2089950484990738,0.5651234599330849,-1.775030532316601,-1.430374949165462,1
14307,-2.412209749056192,-0.4396830878117848,1.531707867458548,0.0936028540707687,-0.1049185717827675,0
14308,2.900896599523806,1.1897637595701192,0.7716185485832365,-0.0636473455080829,0.2719988164127102,1
14309,2.137914572139468,2.2323432058379944,-0.5373957944116047,-1.6238767647416363,0.0494051714234059,1
14310,0.7636934367057636,1.806240216864218,-0.105005162526507,-0.3486786471180834,1.112015809057784,0
14312,0.5355193418739965,-0.5403458900949103,-0.2352843476299891,2.797778754385849,-1.4436508807354205,0
14313,-1.8785024017362852,-1.241264953261778,0.3040826299980013,1.1369376580642352,-0.1150668963492706,0
14314,-0.5639797172832555,-0.7345363577517106,-1.733006351799731,1.599382992414402,-0.2025123393746014,0
14315,0.2225427076441032,0.8528978357921765,1.3868248267539942,-0.2258672485439556,-0.9121520349793004,1
14316,-0.0216042031875013,-0.1316863834510801,-0.557794865298423,-1.262259646196523,0.3890847511522186,1
14318,0.149220309261501,1.0455567755279118,0.5525236810560489,1.411968887909414,-1.0247889448708485,1
14319,-0.1826004914205372,-0.2030822477206384,1.1391927560453547,-0.2314333982366173,0.2337317764865383,0
14330,-0.290879503946021,-0.947010731547488,-1.1208168394630365,-1.0867063733452895,-0.6614662651988662,0
14331,0.1903553721181769,-0.3506372441725588,0.259728130037481,0.2211843292945486,-2.3367868959628546,0
14332,0.1546551877602016,-0.7500208525436683,-1.6425847534334923,0.2264633211188957,0.0636726180457001,0
14333,0.1471917182121105,0.6934584694829539,-0.6814829658796773,-0.9924727285795848,-0.0409233162547678,0
14334,-0.4621935222887782,2.6985005823194785,-0.159460396362277,-0.0316826506321675,-0.9152458432475152,1
14336,-0.3246177841632722,-0.4833159718533008,0.154877275972789,-0.1935787999465855,0.8661849123097725,0
14341,-0.2671600587868275,0.4464588833499368,1.547461826389765,-1.0691012932484512,0.3506666446816592,1
14342,-1.802321414980632,-0.5021146018088837,-0.1521452812300816,0.2281898476704044,0.5871201092591611,0
14343,1.2202494807759705,-1.4902303388229938,0.780280171155563,1.7146071499397872,-0.4629791467741213,1
14345,2.376873960144194,-0.3254282703011806,2.3122030793316237,-0.3555833684516715,0.7566630021163743,1
14346,-1.0459956550615102,-0.8834455651551119,-0.3254217178307816,0.8313609323614504,0.2077092682837415,0
14348,0.1278176606462515,0.1172460701756545,-0.758969842528113,0.1683669742292899,1.4326899706754677,0
14350,-1.0580179271350232,0.1807995570362432,-0.344163983572029,-0.7787705701607774,0.2066163790463729,1
14351,-0.2222698207692486,0.7435701685012245,-0.4887048448691819,-1.183351928269151,-0.2073541357178433,0
14352,0.2500552791942777,0.610396030339621,-0.1863066716622125,0.8430364735871998,-1.3413119805173437,1
14355,-1.4397122898970596,1.8700958177117035,1.7518332201106417,0.1914422535196313,-0.6869079879325569,0
14357,-0.3560051965081411,-0.1653943087599897,0.4085850434488219,-0.8546597605653643,-1.3627384781784344,0
14360,2.267764167076355,-0.2580526841602088,1.5535500942188998,-0.3048025435573645,-0.3417341244490929,1
14363,0.4973815438892456,1.4076137804628723,0.2098530504893516,1.29664608161217,-0.0125521813580761,1
14364,-0.935105051854068,2.0815942996111954,-0.1155566916625264,0.9467868779016833,-0.6207580704971309,1
14366,-0.3710425946562351,1.5740391131222968,-1.8113013928976955,-1.4580699990723651,0.8800459722225776,0
14369,0.536173788118931,-1.908604632008355,-0.0370151214054679,-1.0552518354076332,0.1965872145685585,0
14372,0.9194336598882458,-0.4991037513585464,0.735060430705123,0.6239249975229445,-0.680685028062607,1
14373,-1.4974726928773263,1.2682596249101974,-0.4199404320679172,-0.6461017883500307,-0.300323706802997,0
14375,0.0997552354693692,1.5755684659360043,-0.019804375895563,-1.5058861928813831,-0.8865785559473157,1
14376,-0.7273001079781888,0.112780846286999,1.5220849059326318,0.1886391349937808,-0.2285633367051407,0
14377,-0.3032114352370983,0.5454453551228877,0.4154840969591897,0.7977009857729626,-0.7036889395086294,0
14380,2.545752151240527,1.3903370483277413,1.0666104194591155,0.765560997630513,-1.2533349353544725,1
14381,0.1850210144545822,-0.438896316271308,-0.0513006948441157,0.0859702452199688,-1.7148281568515993,0
14382,-0.2838675746877528,0.1270602796528179,0.925376628530286,-0.7836354970181453,-0.7903419765954824,0
14386,-0.1060122779124787,1.4249288953064805,-0.3679175407374599,0.305937555354859,0.5380546769912874,1
14387,1.4089473879307284,0.6677833035975085,-0.2434805243596155,-1.9634054837020356,0.7035441734313701,0
14392,0.3772212012371659,-0.4118125181558246,1.204691621649575,2.4289783917394474,-1.067198123144801,1
14395,0.0721892925107354,0.2083196212791369,-0.4658639917445111,0.8383466495496489,-0.4520309097485266,1
14401,-0.9410865342154368,1.7591901294163137,-0.2602856043778806,0.079022388152532,-0.1168897185274276,1
14403,-0.9110976831695572,0.6778238291000322,0.2660388485248658,-0.7771869021277121,-1.2434019200987665,0
14406,-2.5768387043881655,-0.9915545002154088,-0.8695151850682269,-0.6726875139695708,-1.5200805414551852,0
14409,0.7580463056427478,-1.319885120095732,-0.1515900932304542,1.239772515320479,-1.7359036145034268,1
14410,-0.0067636006784342,-1.5225137934506912,-0.4295292884541383,-0.8049981145481802,0.3742720110991101,0
14413,-0.0654609845045616,-2.362949971442989,-0.0687601628647846,-0.4188613994093249,-0.1658884864293387,0
14418,-0.1462618008197147,-1.054678521012001,-0.3155868801079534,-0.7283840537621665,-0.2895672400007191,0
14421,-1.3243379665140025,-0.0004765980267896,-0.5742654583427579,-1.7248903416924075,-0.3045651123069527,0
14423,0.4538995701691873,0.0764420023955701,0.0893920894278569,0.2784803217146019,-0.2599052422457944,1
14425,1.646880823122446,-0.3190223002755263,0.7683247975196901,-0.6978058943258382,0.8892538563112463,1
14427,-1.1757578426324755,-0.1402660276614884,0.0190371807992853,-0.4089318089809967,0.7051392340170336,0
14428,0.0775143734562519,-0.0024186089203702,1.5241082203405143,0.1046488169384169,-1.3552569153323295,1
14430,1.6902897226620175,-0.6724017437404168,0.2975852366240012,0.4390009416875742,-1.743539943058687,1
14438,0.4905450002734772,-0.6153347233042594,-0.2385216266875962,-1.08268659667724,-2.204012097162041,0
14439,-0.2363836928368915,1.7246087334224507,-0.5686777842729104,-1.5566876368448637,0.5647266917224949,0
14441,-0.0354545536200559,-1.9678689148858743,-0.5245819814373465,-0.8297554405869342,-1.5081552086191232,0
14442,-0.8472953293015333,0.6712065248980834,0.0140233367122429,-1.8557398052814,-1.1108935121520438,0
14444,-0.571369911687442,-0.6752950128127212,-0.2015495879123058,-2.083503201448665,0.2921121032368617,0
14445,-1.256478576021938,1.2095285467206056,-1.711975460083663,0.3696035372805227,-1.9912272185723627,0
14446,-0.6456381703109236,0.3955176487257296,0.9173765241053562,0.8670119702975119,0.687282845433353,1
14447,0.7982311979109847,0.8827570737754092,-0.5660199642765463,-0.3882707826602122,0.6696126326465569,1
14457,-1.031491567914361,-0.4675809063755384,1.0537221639502012,1.8064262821945325,-0.4631267849267956,0
14459,0.8758948264063725,-0.6460277550171204,1.400979903066063,0.6329894262003184,-1.0228418282618454,1
14460,1.1051552743414552,0.5289556732389198,0.3984189590711143,0.029985380086713,-0.5236602195126087,1
14461,0.6172915785286769,2.2015826768983504,1.908207868124771,-0.1843920529380274,-2.1039079982303104,1
14465,0.5902051740964223,-1.0486669559155837,0.7345139367076177,-0.6474109308976396,-0.6262082052531615,0
14466,0.803513984595233,-0.5516028645641531,0.9587983972717052,0.7419209146630547,-0.111271066431504,1
14467,-0.4535005117061492,1.2762255079498597,0.8299834777806518,1.6424888291313473,-1.7427745002879254,1
14471,-0.6761665553103012,-1.5683960831178396,0.9006056176982791,-0.4707085995527635,0.4742339439749363,0
14473,0.4951143172232077,-0.5719067322118688,-0.622950689286039,-0.385554992471702,0.3718999809676064,0
14474,0.8999595060266828,2.3333331854751593,1.9289002143272809,-0.133624648851432,-0.7188190177349402,1
14477,1.191217003559004,-0.4597464534988859,-0.7835538429025009,-0.8723570578540438,0.2652477927396956,0
14480,-0.0479538670622864,-0.0361675435605161,0.9023341920648608,1.2678459522515784,-0.5030369280347159,1
14483,2.129655414443486,-0.8968596591518245,-0.9719850215040318,1.4639848416801675,0.8474491123177004,1
14489,0.1505578378598476,0.2347024708403223,-1.2267861186817055,0.7151667130556837,0.6326740763119393,0
14491,-0.7933795172528436,1.497557930420145,-0.6874553692077184,-0.8939008297754961,0.0239811997617883,0
14494,0.7161036457956158,0.4563652271388523,1.109944540570271,-0.0514657673755099,0.3029654382025754,0
14495,-0.6811719265663665,1.9260395473744596,-0.4501118512804746,-0.212973900026176,0.2095951400398249,1
14496,0.6671570892211207,0.6568769675106125,-2.7091653293728144,1.767019675896674,1.6098369001485555,1
14497,1.252378055590165,0.1465329980677419,1.2476992819124757,0.2620732544709278,0.2496007998608683,1
14498,0.6981836496177597,0.5434176554028677,1.0240126747298703,-2.1517182716278636,-0.0887615845945936,1
14501,-1.3403907125280337,-1.0559927155287747,0.1581872449871169,1.0055287247895033,1.0019401384385445,0
14503,0.8019891614772189,-0.6076913773821202,-0.3095272791547752,0.1454913678208982,0.4137917832486059,1
14504,-0.6487046866079532,-0.8590573745153226,-1.0858626704308665,1.488925731242533,1.2195705213091244,0
14505,-1.0923880265124442,-0.8957989856054868,-1.0606029319537242,-1.484997927055646,1.951054653641464,0
14506,-0.7343478299332412,0.759559004602913,-0.3386086814565027,-0.2195105366162979,-0.2889510650967777,0
14509,-0.1088836727932055,0.5166341122452341,0.7253784727983814,-2.1259791990180226,0.1829954971976815,1
14511,1.439009085292429,0.0719813261182806,-0.9498826191996016,-0.2163841932903781,1.7711223675788257,1
14512,1.1719293420195878,-0.5180121207318795,1.534879316981424,0.6372550674297773,-2.542332714182814,1
14514,-1.3088839476855996,1.1325709857573845,0.8521092603365884,-0.0261207519806862,0.8688677224555654,0
14517,-0.0932388059381857,0.3073448439785976,0.0466568068401885,1.0797240389302885,0.312657283766864,1
14518,-0.6506642955768527,-1.0268131183757911,-0.7693850153510834,-0.8132634132074332,0.6785996702770587,0
14520,1.0400021553710783,-1.4853454998482494,1.5679310912439994,1.4409840034605517,1.017726164485543,1
14521,1.2654195216660464,-0.3783200656105437,-0.7976487685284872,0.0849100839161322,0.301053453726322,0
14522,-0.6251872155140663,0.5892682535205699,1.409557503163465,0.8953994010751577,0.0472270446999862,1
14523,-2.4404393951283745,-1.5359271953889655,-0.0940204117692755,0.6421021412435467,-1.4221169760415904,0
14525,0.7725478466712413,-0.6544510538775986,1.646313158505493,0.1770632410140422,0.3692476402347366,1
14526,0.832654774723142,-0.3644070346596263,0.4698991005312386,-0.6455597791421038,-0.8006029089932452,1
14532,1.787084762635035,0.8270527477486982,1.865575994718473,0.6129259865624699,-0.2780717127640857,1
14535,1.3821122779275818,-0.6590238044350469,-1.1808252943784912,-0.4708468470059765,1.637927674774052,0
14540,-1.745074989685057,0.0719660778833152,0.9309488070813622,-0.1502285135776484,0.6148104710354753,0
14543,-0.16358998075664,-0.2226883330637215,0.9351856477094832,0.98651586191023,0.5985289163419708,0
14545,0.1361415136995994,-0.704053399926812,-0.5315493227488474,1.2070267874720142,-1.2596422818871582,0
14549,0.88280472385284,-0.3799220978210645,-1.3356096040191117,1.1316831074871545,1.8524524595138887,1
14552,-0.4581299790104932,1.549789219715456,-1.173807755003117,0.724612886463164,0.5985326468939043,0
14553,-0.5517287640131275,-0.8429866141374357,0.5939443569259183,-0.0280112603572097,-0.5033956743225532,0
14554,0.4716200540032406,1.6260221602433176,1.239662121531548,0.1285020219637062,-3.380243387088339,1
14557,-0.3377378970078858,-1.3702567023902703,0.6226892280075299,0.2315362459431465,2.068667207365104,0
14558,-1.6336771973871034,0.9700919339585112,-1.7534401477965151,-0.9958096170149656,-2.1456964185555853,0
14559,0.0690292427405399,0.2726823989310175,-0.3221971296997104,-2.185016756845824,-0.5325244864434263,0
14561,-1.0871040296164642,-0.0808867504146412,1.815556057607872,0.505081323690526,-1.5093623016770763,0
14562,1.3559262721028087,-0.4141279626195428,-0.2337482000911609,-1.2888690726888654,0.1483299095525296,1
14564,-0.1940168361170968,0.6972122575352246,0.3829009649294839,0.662130182725217,-1.1880275753178466,1
14572,-1.5682521683230326,-0.1824405580718033,1.5736946819845448,0.0376657647890618,-0.361519366480949,0
14574,0.9920307597112236,-0.3924726015033546,-0.5265002978778852,-0.9739975627556716,0.5423433241736908,1
14575,0.9570312027055968,-0.6677319554359561,0.6428143719848272,1.0992733683591185,0.3660439005355593,1
14577,0.131581567337545,-0.4447901357290262,0.4917839050514129,-0.9030910417172552,1.2574704143718172,1
14580,-0.9277042387497132,0.3371075842216376,0.3819233179963742,1.3652390786581674,-0.256250206470065,0
14581,-0.888432255099052,-0.5831076511596873,1.2032832643754845,1.641061247473387,-0.5963830036915752,1
14582,-0.1499085096841433,1.3829842565856558,0.7353573415790671,-0.5885116245702897,-1.18696958252929,1
14584,-0.758990786736899,-0.5138586820132082,0.8481019371159054,0.505573787420929,1.008022690029697,1
14585,-0.8404588598138023,-1.7056319217383793,0.1567713565706492,-0.0404828692442449,-0.5175132543473808,0
14588,1.8196354923321136,0.9260947958944518,-0.2112006872378262,-0.6430161692574894,0.1029465747001885,1
14589,0.8169023572804015,0.2709858154988494,-1.420504911646549,1.4055522613199314,0.4517286358083109,0
14590,-0.535571576390779,0.3233008589429493,1.1847879139587878,0.35604334928,0.4119768898876125,1
14592,0.9581122874110936,0.1614943299640166,-0.8470579956200595,1.7801474898251066,-1.1613031792896151,0
14595,0.8461218808491648,-1.5861817739394335,0.5250746893771803,-0.0628090139072418,-1.2753071009911658,0
14596,-0.8268295352486159,-0.216004649642898,-2.2133725584369905,0.2213300938328864,0.0849587887917781,0
14597,-0.2541875442825824,0.0360910126748432,-0.225928851898939,-1.1239631782037245,-0.6405649864627718,0
14598,-0.7770290765920655,0.6298092569752117,-1.0654892326101626,-0.5525922922498037,0.0265668194664723,0
14599,-1.5241208632489252,-0.4557280574959994,0.0229309963476615,0.1543601155817726,0.3379641677449333,0
14601,-1.1279901955014688,2.203666338618003,-0.8014521092346807,-1.3372610351859862,-0.7047967082518816,0
14603,1.013017157776737,-1.0494435275979712,1.1594844709898082,0.0346781127190103,-0.798558708205368,1
14604,-1.71600762082649,0.5222917067206472,1.4763310092215662,0.340041659547642,0.3965795049415608,0
14605,0.2636098081967747,0.9223141583214496,1.2265148877633454,-2.8844947214056753,-0.3199231491066176,1
14606,-0.6183667733431734,0.1887271821096319,-0.3964269790930881,0.4452296971630866,0.3339103300784554,0
14607,-1.9160661164147144,-2.1765707775003897,0.7563104194333912,-0.8310828109569816,1.7186872791901162,0
14610,-0.0483058310760523,-0.6287414171668817,0.1370310359203151,0.362893847137903,0.0019371966408188,0
14611,1.228174543564577,-1.085728054330375,0.9086041842070688,-1.2194106454974314,0.6529729844487273,1
14612,-2.0549950751094412,-0.2990491978486269,0.9537365999962962,-0.4145044333118668,-0.1040784754912643,0
14614,-0.1243394654845691,0.2432712608377433,-1.221464567156712,0.7626546640151454,-0.0696464903979333,0
14615,-1.552015749323017,-0.5578684624973993,0.6204834248150057,0.0828840669382223,0.6575088333854084,0
14619,-2.182167483492262,0.5345525800111468,0.4495482774329348,-2.1423533257890575,0.4663112877674781,0
14622,-1.6198953173991808,0.5198253960302972,-0.8687840107306665,-0.9770353056691392,-1.5762959121183284,0
14625,0.9766010010507536,-1.6018698714204742,0.1632689206961586,-0.6169279027550716,0.99257213559903,0
14627,0.9608431644982146,-0.8796341209223547,0.9718476595780284,0.0961298141230224,0.7123775212378949,1
14628,-0.7586133856010453,-0.3796176871676011,0.6498874160260795,0.7297145960321898,-2.107424545639015,0
14629,0.578681844424877,-0.8449096066598321,0.2344969667300129,-1.6541933917539826,0.883160273543992,0
14630,0.6756388257962844,-0.8253528553258902,0.4017682271734908,-0.036847365925158,0.6048574761970397,0
14631,-1.3838701563556508,-1.2125089305406778,-0.7318236531480307,-0.0512959469271536,1.631764908373111,0
14632,0.1723370150735396,0.9453804370988256,-0.8763831185725147,-0.5723811225050053,-0.6759084157433308,1
14634,-0.5066794210848506,-0.7742569537754799,-0.3355002069516817,1.824984114233421,0.8805869507480197,1
14635,1.897713892625441,-1.3023899453292258,0.3900780453520363,-0.3724420455300006,-0.3125801835313747,1
14637,-0.9111594140015176,-0.955318090263428,0.0501131082154226,-0.3663272246911236,0.0045187913216098,0
14644,-0.3878331656087389,0.7555491952000655,-0.4769760305692344,0.4773203105653895,-2.414216528802493,0
14648,-2.109643197462209,-0.4264156690822384,1.5229031180613637,-0.1423494867038974,-2.4554544311423454,0
14649,-0.9599120598361224,0.2803266746535195,1.435608446027946,-0.2876610272397861,1.0953993903849797,0
14651,-0.719437018525869,-1.6171333535129837,0.4177663189016987,-0.5763281274635002,0.5223067322624543,0
14652,0.2927549860190652,0.3521519286979064,-0.164247473129918,-1.275530185609032,0.4727834467587808,0
14654,-0.0500167579532182,0.8027577780430302,0.8908586865839546,1.5688775732437412,0.3854333176877962,1
14655,-1.1995067994241515,0.2398095617763374,-2.0991382838085504,-0.3463263844364599,-0.424543754158999,0
14658,-1.0286460655341652,-1.933101474974352,-0.6326716095593896,1.278852528087389,1.416930096382627,0
14659,0.5673927963992018,1.0056012466963546,0.8100080805458922,0.1734480272398159,-2.436051857124718,1
14660,2.2656179101532943,-0.207232536470397,-0.2122967520481214,1.4607562460627437,0.1597554182882187,1
14665,0.7295175082559595,0.1842560831850015,0.4667236601818044,1.2060287390223443,-0.3875723321778796,1
14666,1.4561592982332388,-1.424717885790252,0.728478421214686,-0.6507877190330836,0.224612906641418,0
14667,0.3288158479843525,-0.3507568609900043,-0.6412727516628162,-0.8495339890030371,0.2869578228164581,0
14668,0.6342951274563311,1.820604887524616,-0.255846853284627,-1.5353699169794868,0.4724558986649076,1
14670,-0.8618592124327304,0.5311170381857696,-0.769230315976706,0.7433801799613624,0.9380360979796568,0
14671,-0.5715992672007275,0.8835815207131825,1.207983576218613,0.5657451982923115,0.5452690230507311,1
14672,-0.5623057005971446,2.0307029116642425,-0.9818191669457568,-0.4426571777552811,0.9385543350775584,0
14674,-0.3597167661608761,1.2790111745361925,-0.499171112779776,-1.0657371845064247,-0.7793517614417849,1
14676,-0.7935126334855298,-0.5216687788893842,1.1506412874277594,-1.5777859433104904,-0.0551288009432296,0
14677,1.1290282701825327,-2.026016444326375,-0.6282943575396629,-1.5134684853567293,-1.2888208239043504,0
14678,0.2165322881338796,0.6492159275985206,-0.4098871649235346,-1.4993519853513917,-0.8657445822405165,0
14679,0.3969324046766102,-0.0356291553915584,-1.1802735077647508,-0.487921923975251,0.779837595986556,0
14681,0.1320315918034886,-1.0981109774978903,-0.4403353758470494,1.047004629859598,2.4696065343188462,1
14682,-1.7133221501486495,-0.8779713077149813,1.1302733346945972,-1.2555419991126522,-0.1278132240448876,0
14686,0.7737685598481495,-1.301181758063178,0.9748302714201122,0.2352670673291241,0.4549094214868776,0
14689,1.168290473489205,1.671203335356177,-0.435157541856808,0.1758299071258826,-0.4271568359598631,1
14690,-0.9668739673221026,0.0341155121058643,-0.0271478177036375,0.0111429192024485,-0.3783029371828213,0
14692,-1.2757156441276494,0.154730202337468,0.4544498170533881,0.7833409136118203,0.8965118265152605,0
14693,1.2043836178872245,0.1359445531729231,-0.9973131701021024,-0.3579686600052167,1.4433527465954106,1
14696,0.5492083845848109,-0.5760093706149201,0.13659685037614,-0.1292869342422595,1.100757984239053,0
14697,0.3904057278489168,0.5837724145888697,-0.0332969525016499,-2.4945390497504403,1.312383237839396,0
14700,0.4197218317358755,2.3174532223197626,-0.8910817044723868,-1.7246614304784549,-1.191228633512734,1
14701,0.0841147766978881,1.1988900500953437,0.1745298261024367,-0.4932466470619989,1.497114458497678,1
14702,-0.1156995245896108,-1.373766553084916,0.9987317185486128,0.6450978986376945,0.2375934849237997,0
14705,-0.0526689402470817,-0.7643267197011886,-0.2070357948905547,-1.1525669903916385,-0.0396878722597079,0
14706,-0.0281897999545153,0.0725781300380171,0.559433553616703,1.8091968056918988,-1.658754562098194,1
14709,-0.2550237669069553,0.905500226212593,0.3525942082168408,-0.1883112965707938,-1.2579194451984477,1
14710,0.0171678516404649,-1.0716364875276825,-1.0870347189610297,-0.3480319864573613,-0.0760640160218108,1
14711,-1.194409875551982,-0.1652425556326777,-0.2377306735610403,-0.5998298229120297,-0.2566861067914837,0
14712,0.644630485442087,-0.3876701590305516,0.5814538129882838,-0.0797140884176715,1.0184727314490227,0
14719,0.0882476551813293,-1.219769189832905,1.3254350054373454,1.0954927156230605,-0.3826090952762035,1
14721,0.4802461188720492,-1.0073181851056876,0.00556279808871,-1.7063286874499717,0.0152537991090241,0
14724,0.2837931562858454,1.819338195786848,1.9826844315097636,-1.359422018879722,-0.6148600588919249,1
14726,-0.0038482254763731,1.1293029239736398,-1.0462069080131486,-1.1290578375313185,-0.2406855338814104,0
14728,0.1769715286333579,0.6605973982036102,0.999399160281706,-0.2745976420364827,-0.707467261815137,1
14729,-0.8981249446935489,1.16679451984978,-0.4362774809532246,-0.7636806729426047,0.1671746273555397,0
14730,1.6143240213214711,-0.9243297817924364,0.5912604503594123,-0.454973659115837,0.111090874766673,1
14733,1.1838351236898443,0.4100741294058536,-0.1511064926150795,0.8712331573784958,-0.5678283585589943,1
14736,0.7654806221106313,0.1799570775946086,0.3744850767318054,0.8821369064159097,0.5028893333000347,1
14740,-0.7225952658683747,0.4017135834125367,-0.1261777261919866,0.3470174790725824,-0.262320197381793,1
14742,-0.3888274623754155,0.1134562364489245,0.5269531347953842,-0.6267395134758703,0.1999111908971002,1
14744,1.049057178585123,0.3624407454064572,1.7611600144958637,0.8898628432633795,-1.4254723151730475,1
14745,0.7275964635236685,0.3384292790997938,0.6221844307205903,-1.499972657907359,-1.4636934056638171,1
14750,0.203248908298179,0.3734675522400085,-0.5150335209378938,-1.3036302772664037,-0.6665675741009791,0
14755,1.040147416723517,-0.9965968817669498,1.2299675084738289,0.4074377415084664,0.5301858384176732,1
14760,-0.686972355205884,-0.0133353508748252,-0.1991784219988137,-1.1344841646397348,0.3425754413603031,0
14761,0.5692700329349792,-0.3806841905778969,1.0024886468153935,0.532887244290821,0.3865549893412884,1
14764,0.0208738212625087,-0.3017756664228855,0.8167314727391856,1.200166030979174,-0.2960999594179256,1
14769,-0.7204228161472389,-1.2338698763144924,-1.2419933078869227,1.304562389071083,0.249306380197992,0
14770,-1.7923168679551509,-0.7020752351573959,1.582604572604796,0.3015060166751332,-1.3969742249909616,0
14771,-0.6497140542325462,-0.1095243141178354,0.9494631910164284,-0.0985150473156887,1.3772711100269088,1
14772,0.2625241898542603,-2.2915543563789997,0.534847628493628,-0.1824146571964801,-0.5055809850621975,0
14775,0.2058798659254828,-0.3378259983991247,1.2666216789546558,-0.338213533949436,0.180651321303678,1
14780,-0.0040083494626781,-0.2598160308253477,0.3424987783031273,-1.3741649221727523,-0.1977093850587984,1
14782,-1.1846402116392185,0.6746154408173831,-0.3996973002308832,-0.6498941952613925,-1.6759595665919105,0
14786,1.308996666652959,-0.0101162276319501,0.5392095476701355,-2.187192060285362,-0.397543055589015,1
14789,2.600812539293674,-0.2178518314587791,-0.5509306091805476,-0.5638298074549278,-1.4687733854852585,1
14792,-0.797562724202397,-1.145866332192059,-1.0512263627574985,2.7009443119934993,1.005222201880486,0
14794,-1.1064235743410544,0.5338357196079178,-0.1605574808847124,0.1368063907151196,-0.9661407014976732,0
14795,-0.7620716671141383,-0.4729567190146896,-0.7780519209746227,-0.0590631091622503,-0.683855491762364,0
14797,0.8393451818559974,-0.1095951165739938,0.4165262589619779,-0.071292258010563,-2.2266566075676746,1
14800,-1.245746359161196,-0.2473261778381868,-0.1547768809965258,-1.615512157600498,0.720173776993091,0
14801,0.2251072731574491,-0.1963993663485974,0.2434457585149274,0.6533375406036862,1.93401374910836,1
14803,-0.2068878712297153,-0.1184938632342906,0.3791857527033132,0.4550630271019815,1.3803853526803431,0
14807,0.4965623190293007,-2.257023344607884,0.1611206459561626,0.0795181575531508,-0.853791413080265,0
14809,-0.1693790044467306,0.7014056633792345,0.2683878748565917,3.0014074117479193,1.023283757769654,1
14814,0.015394913654731,1.259453561393406,1.0378879814892268,-0.1258109452337432,1.7458012339250872,1
14818,-0.3591412950158217,-0.2298776524833932,0.3137830702224187,0.3440710478826966,-0.5076054867402068,0
14820,0.9089038413470588,0.3467436091062528,0.662934404846685,1.1085143294718387,0.7520131118172121,1
14823,-0.7032614132442268,-0.131744379178604,-0.1346093712968688,0.5463796223551928,-0.678337194097464,0
14824,-0.6418113672850871,0.8724340016878659,1.8986011533884843,0.085483159086874,0.4434453616300405,1
14825,-0.1467352140424452,-0.064214515295638,-0.21177061068479,-0.3497568588407119,0.5550483451427396,1
14827,-0.8024094892173139,-1.0167064900533165,0.2823268913329564,-0.066884006884847,-0.1390322453546107,0
14828,0.8333387183966497,-0.0517177995724267,-0.654745375239659,0.170751699184478,-0.6521815609429731,0
14831,0.4145880749086398,-0.1573274263109031,-0.8917725222388997,0.7179417342328026,0.2825455078583292,1
14834,-1.140520387110353,1.078619747918137,2.23590674501605,-0.1962359444495587,0.510781938438098,1
14835,1.0147579914743676,-0.4358211081522654,0.9505612441368688,-0.1910515808686814,0.9578419335959976,1
14838,0.0776543125861372,-1.0702148894678858,-0.274019502245283,-0.6397230991176679,1.3175317934903998,0
14839,0.5052180082403332,-0.0617569666773158,0.74483791918924,-0.7727646039573872,-1.13542255774196,1
14842,0.2433730601158693,-1.0064730080663231,0.7280976945731941,0.3945744611504774,0.7396007890720552,0
14847,-1.70241601960697,-0.2060577381664746,-1.6763646059669306,0.0080011715190701,0.2175365511252431,0
14850,-0.1916867613746717,-0.3163112056269522,1.2054896929416197,0.1556742605319179,0.9151765580466452,1
14851,-2.5604053037694072,-0.3342196257494079,1.475760599685569,-1.0788959819598836,-0.279198609000106,0
14852,0.8390685574889315,-0.5047194018452121,0.7824399806105751,-0.6041289003030337,-0.0373729542165912,1
14853,0.6710186922853857,-1.0917031758623854,-0.8140995390907425,0.914243565075116,-0.7878593120501741,0
14854,0.1264029348670832,0.973850929728091,0.0921370518454748,0.2728192018402173,1.549518279855325,1
14860,0.6302964030767575,-0.7065257309201995,0.4521607154121226,0.1512348563341496,1.3965008458351416,0
14861,0.8212578075702474,0.0677549925140659,1.74858777324967,0.5573056130575843,0.6011929678805756,1
14862,1.5031407296854136,0.856790156456524,0.2159484434398328,-0.0779279943477811,-2.0190708089625815,1
14863,-1.8457067210927696,-0.1174007245654746,-0.5552528689140527,0.0188226033064622,1.0170602342223178,0
14865,0.0431990203483642,1.5390027353711135,0.6148257827718124,0.68878541424666,0.2191381690017491,1
14866,-1.2387814371386423,2.2406634400859256,-0.3179570354288006,0.7759434620730674,-2.2379321806925225,1
14868,1.2198563768930366,2.0998166894524406,1.6488412785543485,1.2646078260697582,1.708862032560425,1
14872,-1.400574469818454,-0.6716322312866367,-0.927673060095869,-0.0884391259618208,0.2521022672460671,0
14875,-1.3321550765148713,1.5803547269450997,0.7843668113210988,-0.3852232249052703,-0.7635965204920623,0
14880,-0.3801244026631249,0.340975655978988,0.5661857462459936,0.2170367938127517,-0.348928833754156,1
14881,-0.0309926806772205,-0.5468590542325518,1.0339215031957127,-0.1316560807716084,-0.9349596368009766,1
14885,-2.2589724863176737,0.6938710352024897,-1.9773142044529597,1.8159215484232123,-0.1942122814399169,0
14887,-0.3473104524658824,0.0757077212328121,-0.1653010812744924,-0.830490308136398,-1.1169814951447834,0
14890,0.4434557216766115,-0.4740239218217688,0.7201654603620595,1.6152976765118034,-0.0901583945559795,1
14895,0.7471434003995144,0.7680300047553719,1.0543400116774468,0.2055473805312558,0.0236376100495647,1
14896,-0.8592296848967138,0.7881850683556713,0.2770951418578237,-0.6882105942784656,-0.3149377183741502,0
14899,-0.220231344887935,1.1266588571899756,-0.3519814910471876,2.419327158823406,-1.5357978951431126,1
14904,-1.1725634899798731,-1.5305136737761629,0.6028634274868843,-1.4474649113498288,0.8157425678202648,0
14905,-0.5963250193103714,-1.2152046469981477,0.5132580573501377,-1.0229702754590393,0.4721185634513408,0
14906,0.1826322192210388,-1.9014352076667584,1.4161360139662222,1.293682540826459,0.951572391930439,1
14907,0.9728774187355737,-0.7287036324757864,1.15915459470146,0.757993704029023,-2.0921205623626267,0
14908,-0.965440519641181,-0.7579811788152101,1.477784015149758,-0.965813948833352,-0.5866291177650639,1
14911,0.2149511095810707,-1.4709192584222035,0.0973691200047197,-0.586782453956802,-0.6301123743978732,0
14917,0.8549492138349446,-0.3652208141641593,1.344303810472383,-0.9734506515818664,0.6937617839917773,1
14919,0.4005797688046432,0.2254313908031158,0.3288669137867154,-0.2248982304531528,-0.5591301154967374,1
14920,-1.6438890343209889,0.5829837511427074,0.5076857168328857,1.910047097842389,-0.0414447477616853,0
14922,0.0272269883618562,0.743559955608982,2.221756960028139,0.3309743867531129,-1.4447253798475703,1
14924,2.697993252781374,-1.2122495180476294,-0.6619399825666159,0.7813411557748086,-0.2318001787148008,1
14927,0.1269725283038595,-0.8205732436862302,-1.8042019378547445,-1.7620868479270044,0.155104107980485,0
14930,1.3207144715516534,0.8675788607771484,-0.7244734879057069,-0.1961530720229619,1.212990531083324,1
14931,0.4057612618644323,-0.2262035541834831,-0.7444180501693718,-0.1123545875664787,-0.4135374740002612,0
14932,0.3090420586365467,-0.3138703766075887,-0.96743820403943,1.0974919780391754,0.5434304774257664,1
14935,-0.5964497815414027,0.8494442723099546,-0.7171004815133719,0.4573485813195777,0.9572669387277578,1
14936,-0.1071156679075331,0.5098390139759476,-0.8569564112436479,0.7411845006726114,0.6450640204708677,0
14937,1.4549996516230084,1.1719336031112275,0.2644486244190397,2.7603514857231057,0.8837695236311351,1
14941,-0.0693509206394338,-0.3072264269893156,-1.829226465227154,-0.8782752647248026,1.4779727216183598,0
14942,1.3074395874373517,0.7906154123364609,-0.8161427451981574,-0.3331172603542406,-0.402448148183935,1
14948,1.7665020760457188,1.1125943544443382,-0.9874173427234576,0.0410305933835086,0.7547803128673548,1
14951,0.2397335443353078,0.707627002685122,-0.0339661922108927,0.0880364604160215,-1.641746894237526,1
14952,0.3913191446465476,-0.1949389523350563,0.3173220460246317,-2.150842767850777,2.533289376474253,1
14953,0.073516577332439,0.4617284337111617,0.3872853583169604,-0.316012447966236,0.4216874494628966,1
14954,1.187181095718545,0.1783084885902213,0.8582937239987144,0.769037447921401,0.7064002451157041,1
14955,1.8508848063651804,0.352639943479677,-0.0768369736322942,-0.042550503891057,0.4085964639837872,1
14956,-1.3522000422541174,1.3994468742069628,-0.2438465186684161,-0.0920015476704702,-1.3032093301258612,0
14959,-0.0184348158243997,0.5807567179683559,-0.3702500853002431,0.3155268834306597,0.2648586554888565,1
14960,-1.0997380183476535,1.2045233745515804,-0.2895290387471934,-0.3288522164305112,0.45200640111109,0
14962,-1.010418259658513,0.3332829534347206,-0.9560063196712248,-1.0934089679222456,-2.4978693990494727,0
14964,0.8410342481510488,0.5192530760011479,-0.4795847018411749,0.9751325446961264,-0.2704655216655128,1
14966,1.646847132153361,1.132281495828501,1.4780964975573627,0.9019566962460556,-0.4138717159142547,1
14969,-1.2230368896317036,-0.8088574762505597,0.2761858774060352,0.6186693095532848,0.09532836324744,0
14970,-1.0129467569529125,2.785098586682215,-0.521735066817042,0.4549516561504986,-0.584173761310691,0
14976,1.246028630012998,1.0981491300354629,-1.080770333227261,-0.6988356357055308,-1.642626181642486,0
14977,1.973021181937385,-0.9202137450696856,-1.2065345937841756,-0.1042301756838588,0.1173539181604892,1
14983,-0.8731935784472865,0.7848986827442009,-0.1255589665563803,-0.9041861730906282,1.5206433326394502,0
14984,-0.117842134505692,0.2344882157437919,0.140919274956435,-1.5565502618975926,-0.295652553772206,0
14986,-1.634352165476437,-0.1046601621634163,0.0192703928776217,1.7694382419543684,1.2064222810608989,1
14991,0.0697889318122247,0.3994290135184158,1.1420599170006815,-0.6854328825406667,-0.257663201290645,0
14993,1.0487221311044372,-1.5902374385227696,1.3881490463215922,-0.0651383387634047,-0.453459381708231,1
14994,1.396754053656582,1.130822168897884,-1.3686421739356258,0.7210395858870043,0.6807130677841656,1
14996,0.1226449046447879,-0.5353675785041984,-0.6357052645358853,-2.188045079356717,1.0654944563630695,1
14997,1.1606467982173347,0.0720637011753772,0.3706244478253048,-0.7336627775496762,1.074881430752824,1
15000,0.8792496669510736,-1.10295676879916,-0.4092381738582716,0.2991256864233629,1.108468896162485,1
15002,-0.3117197650216654,-0.6425407444545408,0.7348812769190669,0.9308403739410072,-0.4003457414372174,1
15003,0.1738203086389721,-0.3845125316604569,-0.9372936958013156,-1.0906767660934742,1.748301778478209,0
15004,-0.7439118526998262,0.6351325792225618,0.390149630023322,-1.191192227294352,0.4240290415901942,0
15007,2.1295978743742054,0.3575155700019493,-0.72486119709464,0.6396600862991578,-2.1181498956253675,1
15009,-2.6115206232756645,-0.618815672911942,0.1211517822286682,1.1137861068383816,2.464338525140977,0
15010,-0.819001495200562,0.5057219797698325,-0.3359450445725214,-0.2991580935433506,0.088860636784804,0
15012,-1.074018004973632,-0.368860360943682,1.0597914642102746,-0.2481858030643961,0.520415079330851,0
15013,-0.2094288135711992,0.2610233379868944,-0.6963710125610398,0.811368999731618,-1.3178259254741314,0
15015,-1.218390740200901,-0.3162106702635153,0.2385807981061411,0.0558989118198009,-1.0815080829623431,0
15016,-0.8431242256150286,-0.1314816398681293,0.7466006211252686,2.1002029142617253,-1.090401223720307,1
15019,0.15821460821167,1.2569768830329264,1.3298927462872685,-0.209142485032786,-0.5205271725707326,1
15021,0.3950242564657377,1.7587923444284663,-0.7476873686817481,0.2377070967340942,0.4327487613619753,0
15022,-0.2236000874955962,-0.947568066162946,0.2812467800485159,-0.4296751119766582,0.0277702164323009,1
15024,0.4749789497816776,0.3213122406496716,0.8713374288483705,0.1565728307721052,1.997548352412509,1
15026,0.4782934807125436,2.2593353096775415,-1.2257874008556806,1.5881972237605817,1.5865961576297616,1
15030,0.2072130671086202,0.8890233187355772,-0.739513944420145,-0.3637931240158726,0.5835036758180623,1
15031,-0.5723163806522205,0.3505252462412545,-1.0578097071716377,1.2293132107972078,0.7715600432878957,0
15032,-0.7462873534341447,1.1083365082459748,0.4392589655233959,-0.9370725462542449,0.7031235236995822,0
15033,0.7291675912107475,-1.5690644721199791,-2.4151692893794605,-0.3899486945942492,-0.7233721047233622,0
15034,0.649396292378485,-0.6521699407253211,-0.588220198003861,1.8270039499928636,1.2742677739395505,0
15036,-1.8704894967934564,-1.323274771324848,-0.0901581683080006,-0.4498591018068328,-0.3219847217834274,0
15037,0.3789470547935571,1.7973123058767313,-0.5682156517690511,-0.5664584135818793,-0.1116602035993483,1
15039,1.759125494256721,-0.1596148481623167,-0.4445737350768444,-0.934057281972636,0.1262397188781074,1
15043,-0.7990819308715953,0.3131687097018971,-1.901478537801588,1.2679191581779654,-1.1979695929335563,0
15046,2.5646813004595828,2.0394142883931528,-1.1286016530372052,0.9868420092587412,-0.555600532801745,1
15047,0.2092031758120313,-1.5376450403495945,-0.0212938891297437,2.8554856145549317,-0.7100766153622796,0
15053,-0.252133839292368,-0.8135623197093961,1.313251120618651,-1.6381724461967078,0.4591587318973723,0
15054,0.5506801001197836,-0.2967914562547169,2.0422878746144577,0.5275279836277216,-0.6214958212402256,1
15055,0.7107827786792346,-0.3756222095354954,-0.3090916023389293,1.2228250551857578,0.6383935341698557,1
15056,1.170361723279565,-2.3874453461790637,0.4549892327543922,1.6201492455646636,-1.018494145350327,0
15057,0.2756257371995618,-0.1188597490342844,0.825994482578671,-0.4376737556493176,0.9031484361667068,0
15059,-0.2662001244369569,0.1552450582269639,0.501545908003274,-2.1812575814182797,1.076040221629096,1
15060,0.2831764171208936,0.6597676605636325,0.7324269289045201,-1.180526795181856,0.2007596701912972,1
15061,0.1200425186300807,-1.1323460619214532,1.563512571746279,1.9843907675353465,-0.2761659288152955,0
15062,0.6205089686748702,0.0488723659321565,-0.2546355304999021,-0.3424758179341943,-1.1586469261889183,0
15063,0.4649351779269542,-0.5379765377389893,0.6974349573674841,-0.353457859507167,-1.0861761621043131,1
15065,-1.285310648181274,1.3758789145050845,1.1990560129749104,0.9569957224917568,0.8358795370089137,1
15067,-0.4922592866769653,-0.8080958528559368,-1.0826695701688298,-0.614089444232779,-0.1864833079063809,0
15068,0.2502030522021633,1.287283785684714,2.2221791987849047,1.5905177376668354,-1.1767239885652727,1
15069,-0.6719057638550707,-0.8675265000099558,1.1880881743851306,0.8846890063769313,-0.3861485475059706,0
15070,0.0003980548657392,0.3375996932710966,0.6705773183653503,1.3645038472300572,0.3313031307004165,1
15072,1.318718322523077,1.4043457701554884,-0.0710951808865922,2.204067917957204,0.3286098335282266,1
15073,0.5460822225607169,1.562573260076,2.1474071528810255,1.301817631431968,0.4530943807847896,1
15077,1.3221581318233462,0.9937359626292096,0.3643795251252043,1.4558146024852188,-0.659913135493792,1
15078,0.7883657021984052,-0.144479743906303,1.5319246585432846,0.2736438149380215,-0.8408069047550943,1
15082,1.5231739491392644,-0.8256959535242694,0.7669328468038918,0.0471838471901452,-0.2402579119242093,0
15086,-0.4939664887252399,-0.3333085670243921,-0.2831751061735219,0.5107332041188358,0.5478132872764753,1
15087,-1.0155214472763487,-0.0248873072341119,-0.5744544866971597,-0.8967585002346222,-0.4315082319425629,0
15089,0.9654799124579349,0.8138494723456511,-0.8272300343101521,-0.783535317424623,-1.392343300594797,1
15091,0.7273941345595559,0.6246032777380958,0.5463330841237316,0.345910814030047,1.175562792880821,1
15092,-0.9485518930025209,-0.577601562887665,-0.9078808586935292,-0.3797380997972825,1.489800377709667,0
15094,1.4058452966836503,1.412248416308422,-1.103443497916297,-0.0596020505522116,1.278932310040637,1
15101,0.4002574966097403,0.130965192104607,-2.1298794315814455,-0.2714795392561846,-1.739205989338765,0
15107,0.5175477932983938,1.037814648011414,1.130285881877492,0.9452931750239596,0.9665711033715796,1
15110,-0.7729722094491084,-1.1749593645994971,0.5357603117602376,-0.8632775487759083,-0.2795933259939035,0
15120,-0.350485219246692,-0.6849303416381176,1.0434886705975823,0.7816383889011624,-0.2876479176598965,0
15122,-1.653540584303456,-0.3987003763108172,1.0553262580127971,0.5802225469905723,-0.599454596111897,0
15123,2.594262315425485,-1.072036579433257,0.549794782998915,-0.5288073484683962,1.213755629030274,1
15126,1.3642708726014043,-0.966914062829418,-0.9113171158501836,-1.4146952540265083,-0.2003282678507488,0
15127,-0.6613463390137405,-0.2903957922286576,-1.469383303191287,-0.6859832702894968,0.4552434358666372,0
15132,-0.8526054137764254,-1.2103824054372765,1.0311894599797229,0.7235393316187235,1.1716212889990494,1
15135,-0.9515840328205256,-0.917064012209578,-1.4192278628236803,-0.5710511487635402,-0.5453113273618632,0
15137,0.8935622273365532,1.082784015486787,0.757650549651621,-0.4515614775800277,1.4644473241607072,1
15138,-0.8978658952088202,1.0667667022850635,1.0365527645996997,0.4994692032253667,-1.798055441934845,1
15139,0.2020946867971245,0.8325014866904588,0.0482022690066943,-0.0821880437192552,-0.3739819027000927,1
15141,-2.689466882666766,-0.5254466064802668,0.7136068824358657,1.0055637585900636,-1.1126144635135224,0
15144,1.0907925575710435,-0.2240816677741493,0.3065083810374241,-0.9227393663007912,-1.1925381284726055,1
15146,1.1514593311293695,-1.1312001616668874,-0.273473119280274,-1.0441961821840802,0.1648769319717894,0
15147,-0.4021871102043637,-0.3247490025688498,-0.2370528727011598,-0.2892780969848163,2.5108476066609615,0
15150,-1.1562165517928895,0.362957857510258,0.195055055913439,-0.3113091699598647,0.6240741639401279,0
15153,0.8241670862449483,-0.1636157319835218,-0.5857856812890472,-1.4622827984724107,-0.3085823367520239,0
15158,-0.0759367962952726,0.950409631610156,-0.6414327297829318,-0.1304600794321446,-1.1532963667304192,1
15160,0.6539184247302283,0.2940736413976061,1.2149056782426937,-0.7170835888763538,-0.0548367220015186,1
15162,2.3832862340374685,-0.3273195457322416,-1.7406436031194168,-1.1507264921703129,-0.209074319365972,1
15166,0.7279961509589788,-0.6095479817587754,1.2269804394584247,-0.3899054539032106,2.423092180814316,1
15167,1.1979224747516568,-0.0523769904438301,0.0683606862893854,1.3707342326070433,0.3258503693236744,0
15168,0.5998692383166114,2.114118981755168,0.2063967454572689,-2.101086592610344,0.1725944519669043,1
15171,0.120880720649032,0.4962785286050356,0.0017484735690006,-1.4809701903356949,0.1307420905101591,0
15173,-1.2635819263903476,0.5524813196948661,-0.1468140147041769,0.3180110639517989,0.1959226334793825,0
15174,1.0018217076959302,0.5753195267932665,0.4041856326447359,-1.902837380366889,-0.4378485673288685,1
15176,-0.9108920871292228,-0.2631086970247427,0.0233808166023875,1.421716004345827,0.8781027017585432,0
15177,-0.6200351925119351,-0.6136262800351903,0.0699491883507383,2.2705944057723784,-0.0321387851263684,0
15180,-2.910646656473813,-0.4503573473710401,-0.0769718228119272,-0.0323857199282161,0.509752078529813,0
15182,0.2627703125994331,0.7051681147106522,-0.3591526270010307,-0.2348758451112262,-0.294699859362151,1
15186,-0.025259154093937,-0.2271970170621643,0.641016061126243,1.5081245509926815,0.7181077081259483,0
15190,-0.7416218119578225,-0.025336811898226,-0.1281899617308627,-1.6358282927388677,0.6611989807956542,0
15194,-0.6845256535119645,0.1134289060069914,-1.0038816789611398,0.6620072932648227,1.0777357025659635,0
15196,1.8236789141300167,-0.8640584456328968,-1.037874268241937,-1.0973009612876792,1.0746390181636245,0
15201,1.597757202967623,-0.444435779300728,-1.0560929019256216,1.960089999386416,0.6149924600565644,1
15204,0.425122035701713,-0.0645250170936137,-1.613144922456881,0.0417223440105538,-0.4256198501284398,0
15205,0.2649233473676702,-0.8538508996892881,-1.0151236414760012,0.0949583820735035,-0.3953224392716184,0
15208,0.8025703319268835,0.311341881365788,-0.3466844806105379,1.303370678453362,0.6289817650024024,1
15213,1.529108331877227,0.2054403196777225,-0.3252949650278754,-0.4709452996285251,1.2206634301303023,1
15214,-3.888142121160593,2.2738826091387505,0.0808304454610897,-2.5438898835409423,2.4605594254050103,0
15215,-2.403697840408333,-2.256910004779475,-0.896305452894635,-0.1576945987700168,1.2014114088717014,0
15216,-0.3448422693741549,-0.8055314152403203,-0.3081362600330064,-0.3135515349412059,1.4390521738784938,0
15217,1.0551443746384164,-0.6038724672799645,-0.3445008234596067,-1.8593046421095916,0.6318262439711718,1
15219,0.0540606717786767,1.5664003188267182,-0.173587949940854,-0.0902951400506397,2.6395329738079023,1
15221,0.6116682569429522,0.7171598884281939,0.0893979931313487,0.458589466118789,0.8750632857237732,1
15222,-1.4818966034875596,0.0700997454992457,1.6588088315714489,-0.2828546096614678,-1.3758982697610842,0
15224,-0.5500503483783095,1.4459953431456567,0.0847576809751896,1.013226615344833,0.8961800787267216,1
15225,-1.181164769266819,0.4777326678776644,-0.2683212402786797,0.6565657205434834,-0.0604121228214165,0
15227,1.4011051397821277,0.4023250037297441,-0.5112939621654264,-0.0627342770951673,1.0513750136299564,1
15234,0.115308100386696,-0.3026945439553828,-0.9985957145740748,0.5327123238285628,1.173543612938262,0
15237,-0.7555644968754363,-1.037875397249737,0.5964911520272985,-0.7974537600760897,1.390097558343253,0
15239,-2.289372961693107,-0.527794396224218,-1.317052338923432,0.9099561598388644,1.260588076271673,0
15242,-0.5191351246714031,2.90904756890277,1.0741913734651043,-2.014957160481804,-0.4871026707309595,1
15244,-2.874188986743526,-0.348853017541078,0.8141684338680183,-0.3774738111108668,1.4349683578831174,0
15245,0.4054845865341587,-0.9000703843659729,0.230609484064167,1.758424233566716,0.2588809259788048,0
15248,1.2101574863794455,0.6370910083234934,0.2757614191219538,-0.6186976197931345,-0.1649858430113778,1
15250,1.4829043012334164,0.9286131025316402,-0.5336626118302978,1.566844264719324,0.3247891867630254,1
15251,0.7260343020721165,-0.3307817243936854,0.5348852418023415,-0.4971845699486072,-2.0998657306257353,1
15252,1.8430915523754083,-0.839246936502441,-0.5314555829876213,-0.5955322797133378,1.848696692840147,1
15253,0.516394239415591,0.6669870049811168,1.0005271464967027,0.790356056228471,0.2557452233671037,1
15254,0.22301423591201,1.5329033352864152,-1.1770893986396411,-0.8494421099458659,0.6833200028227998,1
15255,0.3644639339185024,-0.3127890630760281,2.4110392191319376,-1.153555430489235,0.0797726181309728,0
15257,-0.3572690783542865,0.4156655847169021,-0.5833160521306701,0.7343912673807892,1.099379180655442,0
15258,-0.1692452859838407,0.7075238639329978,-0.1098676086321192,0.047711690681237,0.4543315512196759,1
15260,-1.401131965202401,0.4601010392029406,-0.3530215578572788,-0.6318084005066242,1.8025910331109696,0
15262,-1.2915216882929146,-0.6811013323807226,0.4176036447696907,-0.1336761580865474,-1.3100933210377748,0
15264,-0.4973303016728206,-1.1512951275811718,0.0700946878170454,0.6625463181712912,0.5962898569792133,1
15267,0.4475185488253216,0.2810627992385463,-1.484428980744418,0.6014717761443225,-0.5396941398098871,1
15269,-0.4815110241215131,1.719827483836256,0.0101399183880857,-1.1623413614852909,2.0848023381331373,1
15271,-1.5992480126433557,-2.291023320925628,1.220460579212149,0.2993019467457307,-0.2010403163199718,0
15272,-0.141068922075523,0.3065594147642655,0.6347938455624785,-0.7777788625888029,0.1929233162977835,1
15273,0.5263353462921759,-0.501300764369535,-2.2254815845554847,-0.769918511278554,-1.3034335519053548,0
15275,0.8790816843208754,-0.8051188973070862,-0.4507008964664256,-0.1761338753294184,1.390942193396696,0
15276,-2.0520288272497744,-1.419910265778999,2.431033847279958,1.1777670155602469,-1.4903745876304229,0
15280,-0.5193289842517238,-1.463934110288255,1.4238511598092929,0.7499513484077535,1.0068621731493914,0
15284,0.5816935675193325,-0.0283770534924375,0.0902737013692069,-0.7356237497298163,-1.194901259611622,0
15285,-0.9898271751329324,-0.9602523685611158,-0.1940999592507032,0.7829935830145095,0.6846719246066671,0
15286,-1.5183791122855834,0.860299185164939,0.1416700434932122,0.7004674891816582,0.5145387135721806,0
15290,0.7994163495808128,0.8019915740305581,0.8857710093800741,0.2428113707126597,-0.2511749626538214,1
15292,0.7476292238363066,0.001590532167391,0.6348029824195898,-0.267655649624515,-0.14886413046087,1
15293,0.366677500522463,-0.7843832661180918,0.7182103064796248,-0.2417107946338655,-0.1774564396143207,0
15294,0.0881697078313716,0.8311808789502528,-2.205838458917435,-1.2674763305498564,1.026586515649012,0
15297,1.2094403245496097,1.4145185828290785,-0.0490386915544324,1.1002971783833324,0.3542929359850081,1
15298,-0.0668241998484865,0.1896178749501799,-1.394382013641528,-0.2710538733901743,-0.525699739952582,1
15299,1.0020227257281842,0.2492208664705018,-0.2368835829532783,1.1132595492230957,-1.5115813191954075,1
15301,-1.266913955656265,-0.4261111907298658,0.4577787443684388,-0.0339546567719732,-0.0689352582570896,0
15302,-0.8233205676911287,1.153767221924873,0.4966548371312078,-0.8050963031422628,0.1223312299266113,1
15304,0.562371352245062,0.8552266732762239,0.4880421062286043,0.9127598616628316,-0.0685637979875798,1
15307,-0.1067532300632265,-1.0299515545441773,1.0167751820191686,-0.8234541292670133,1.26149946496764,0
15308,0.5729076833083964,-0.5219375439785551,0.5944588138417092,-0.4643037156190309,-0.7644337939310017,0
15314,0.2635965693315124,1.6526125866958286,-0.0896390661600965,0.4840592285498455,0.0766502650416867,0
15318,-0.9933922419319646,0.1648440251864073,-0.413583067698857,0.1950483933838777,-1.2513838693416215,0
15322,-1.6269160022526068,-0.8276915439589282,1.482156527354822,0.8729446647851984,1.1843425107419585,0
15323,0.4864524113302533,0.2511908546376953,0.954744517128809,0.9148198040867483,0.3021069837331905,0
15326,-0.403420506548262,-0.0737026347953197,0.2419921998969132,1.8023356645268007,0.0084386765102025,0
15328,2.070910532658766,-0.5046163944404775,-1.5351178319556216,-0.5996936657097593,-0.4901173024442733,0
15329,-1.2658695283423207,-0.1888238173619615,1.613255986814394,-1.2706500088382335,-1.3856418444769902,0
15335,-0.0899328065007412,0.620747839760409,0.3813822856028264,0.7794723932478993,-0.8400027276070414,1
15336,-1.3295336078106874,-0.477732721701714,-0.6494476761607931,-0.9414841426328168,-0.208393925558178,0
15338,-0.9796949867278528,0.5155853235855765,-0.282515348165938,0.1111331602368784,-0.2049052167189342,0
15342,-0.6665164494169461,0.3134933893851538,-0.2853742837796102,0.532004441552434,0.6186925469021028,1
15343,0.104593658889664,1.043671503611641,0.6860978160874959,-0.2953727400969372,0.2092461513471393,1
15345,0.4377747269464532,0.4308468746621937,-0.2045080956865664,0.5790924856356092,-1.1888087112699448,1
15347,-0.095760618840164,0.1802609345643941,1.905405373665959,-0.4182456724226979,-0.6759577224307626,1
15348,0.9092205318577904,-0.527377755977222,-0.9692702715177492,0.8658856456126133,1.354524387861016,1
15350,1.447380614044966,-1.2347402937750922,-1.3415554194951491,-1.613579845731625,-0.5188434322854315,0
15354,0.8782695138037905,-0.251634241711426,0.3053662981141719,0.2029393490369462,0.1048833487609909,1
15357,0.5947724049881263,-1.1497175928771797,0.5702871912537737,1.2889734827860575,-0.6423314135329347,1
15358,-0.4236894859537245,-0.4514846474373994,-0.4506052805527529,1.3653851636861487,0.1494558882320886,0
15359,-0.926103207256722,-0.7781325036278407,-2.0068314537903365,-0.7260176550627391,-1.2129120585622577,0
15361,0.3325994043981456,0.2471991819009843,-2.50507228527554,-0.4728486514729469,1.2788572690631872,0
15362,2.1358941824138453,0.8087845476519254,0.0587834568886087,-0.832686359455634,1.2502291220590216,1
15363,-0.1542752061319698,-0.248237286639002,1.148855035656596,-3.0827025895261695,-0.0704868166074255,0
15364,-1.4746230742823718,0.5529782637683397,1.617843912528915,0.4937165995745239,1.970159395971738,0
15365,0.208776357777265,1.4434593898625545,-1.5901940798220018,0.2102530484980547,-1.32412089587639,0
15366,0.3832375347466564,-0.3197976385802177,-0.1976922791988246,-0.2136307499007564,1.0493010969709184,0
15367,0.1930789572493389,0.1879942344520546,0.0165990388831493,0.7180987345344089,-0.2194780689886253,1
15368,-1.1050001193068353,0.9606862292725592,-0.4403203518962814,0.2795082781149667,0.7631380873650088,0
15369,-1.069736400684321,-0.8170088525905109,-1.430927565151567,-0.3486026731351049,1.0579416463740563,0
15370,-0.0247571048564293,1.4132659567577677,0.3259963742677174,-0.569668870754399,-0.6815060236592536,1
15371,1.5822694883873654,0.781173420675963,-0.1803734448181427,0.1353873054332824,-0.4446423736248372,0
15372,-2.5250221651034424,0.0870024505436364,-1.2446714644389074,-0.3614683977004387,-1.260264170971633,0
15374,-1.47310567811157,-1.6649234482207669,-1.2823049684545642,1.0255940647630983,2.188732070900521,0
15375,-0.6723118197777121,-1.0236178063583683,1.3868062357975597,-0.418544312299566,-0.0790466876740202,1
15381,2.285336121738219,0.1125762845999668,-0.8288598684229463,-1.631272219825222,-0.1188967957577516,0
15384,-0.3718720903909185,-0.8101116747658166,-1.85366001054506,0.4073713609361728,-1.319174634156526,0
15385,-1.4228886925901472,0.8201177600010248,1.401089945281383,2.5870756286629346,-1.5574150426744096,1
15388,0.2638984651157241,0.3337339214375459,1.3807195144152848,-0.0137948394916597,-0.8947419401204135,1
15391,1.3313709446573454,-1.2907642114231728,1.014818401928054,1.586421737307347,-0.3577597023285279,1
15392,0.2527842364610405,-0.8511863308774799,1.1263369017347042,-1.3088534756204615,0.9773449350966212,0
15396,-0.5841473141465844,-1.755466808383696,-1.048643092145962,-0.9489947397329164,0.3894561997299961,0
15397,-0.9861028302657228,-1.2772650494645932,-0.4096373369019763,1.8721635088524533,-1.6868364233715138,0
15398,0.6733089659061208,0.3283301394907918,2.065700896537533,0.2709252344264504,0.0219346487379719,1
15400,0.8392897286107296,-0.210661737932338,-0.2690414724632248,-0.0357937321388092,-0.0639079217286834,0
15401,0.6244277701961025,0.2800557939485579,1.4471774655467011,-0.974950984225866,-0.0481599259830844,1
15402,-0.985818172262736,-0.4859326141244293,-0.5256872476355924,0.772777821451204,-0.6469491259740409,0
15403,1.3916020375078595,1.4478383160213864,0.7110997288564803,-1.1450494722064322,1.4331618334194944,1
15405,0.7956834116102046,2.9694848338198496,0.2988634968114041,-0.1335573399643368,2.004736162118626,1
15408,0.7155991676671578,-0.951718407724774,1.7749969228298383,-1.0790736523196294,-0.970546235161266,1
15409,-0.2829503973753378,-0.5700861751051968,0.4346426857061146,-0.3157184308039032,-0.8690729160414129,0
15410,-1.1206492109845143,1.1880886096135648,0.527896421576193,-1.301136862026991,0.6383635220716456,0
15411,-0.3200811683314095,-1.5778756192924344,-1.2405891162130178,1.0162872857414271,1.3507773251766864,0
15412,0.7036639098613111,-0.732737591661826,0.5146065714278126,0.4919630107213935,-2.500445919210195,0
15413,0.582860206087664,0.1926935757728927,2.3449341438236435,1.9889433846451536,-0.0784531082327305,0
15416,0.4406138659455453,-0.3134146540878794,-1.0532064168121331,-0.9297012691367824,1.7629683683789543,0
15417,-0.1267813548648604,1.1012137481213298,-1.765204201445772,1.1826903072058983,0.7783892401841325,1
15421,-0.7836614657082328,-1.755839437240054,0.3737531615790573,0.6477438537900301,-0.1939913650134288,0
15424,0.049398879919576,0.993161951612478,-0.9343662816306948,-0.9547101973657202,0.4960384380127381,0
15425,-0.6785165515081228,0.8216859925177459,0.2506607486998809,2.0703812752341655,-0.9879578812601166,0
15426,0.9318784397738968,-0.4952392020697311,0.2929859638204332,0.7283245506445573,0.3958603044497526,1
15432,-1.260883085006989,0.4266680149497879,-0.4816524070728085,1.0803216769037098,1.306521971119177,0
15436,0.2276883765115494,-1.8800533094386875,-0.4095179271267162,0.5588598493939517,0.6446027137331797,0
15440,0.053344883000741,0.0964606745107465,1.1738879158891211,-1.0679877008727388,-0.6100533333148944,1
15442,-0.1654559840096934,1.392999204147472,0.9114355518825644,-1.0872167913852522,0.6635395849857123,1
15443,1.0772810155462065,0.0075496369829298,0.7387736769964851,1.3439956886174644,-0.0555771439618452,1
15444,0.3868864091297038,-0.4339428723294241,0.5811566078183542,-0.8963761550156488,0.714387775310797,1
15448,1.192169837589288,-0.0193405738595483,0.3354758734694011,-0.628881706978051,-0.2275833621415452,1
15451,0.8783620956600153,-0.0645824455385656,0.9649002755193564,-2.5337434026334087,0.3911447025891454,0
15459,0.0505273898716643,-1.4946031078420972,0.4893941476256436,0.61661842150717,0.7779680255663978,0
15460,0.1713529840788959,1.086478524787759,0.5010712811454928,-0.3973929934271076,-0.0467980714116904,1
15462,1.8760304175272051,1.0558844570487025,-0.9518431870373518,-0.5534903945486728,0.5821715831771519,1
15464,1.199552468408653,0.1709087320313694,0.8445966383969341,-0.326155087870588,-0.7198085978767025,1
15467,-0.6431354894120639,-0.2027312888961454,-0.9789787840994832,-1.397333838366282,0.445387880503866,0
15474,-0.8594676006392623,-1.6259624853327674,-0.9614957502943732,1.0188955588371569,-0.4174904796489312,0
15475,0.4998934478104618,-0.6245096448015305,-0.1120844988857896,1.2459231922409402,1.3467173397680892,1
15478,-1.2927833104836268,-0.1360301859892282,0.9741084581438488,0.3147572249996178,0.3345387111642782,1
15479,-0.8130704232457523,-0.2173650076126468,-1.02467264784719,1.0128438711160748,0.423028509284484,0
15482,0.7729331387585702,0.4174343561073742,-1.3955591751124676,1.0704443478336063,-0.7955730000719018,0
15483,-0.0855185350551865,-0.7738175064865301,-0.262220901509847,0.2397484124718412,1.358786857403304,1
15487,-1.1547824431756106,0.5178873751140951,-0.3520936872138845,0.6013173889588386,0.9023195992322008,0
15490,0.5756181660228089,-2.3155004296905037,-0.2832155340210472,-0.1468824154615285,1.212059124022777,0
15491,-0.0823553106068648,1.425400933903214,1.8215118736515945,0.5873038022476144,0.1939784896595152,1
15495,-0.2108261468694013,0.4823077508440702,0.3086704841444169,0.5115850377485368,-2.1842511059208487,1
15496,-0.8111556095050785,-0.4625745156252423,-1.4355192841502658,-0.8778630294802883,0.7622132598609411,0
15498,1.4003619707802129,-0.5179952397198956,1.3490275634036908,0.93629357924525,0.7016172937920468,1
15499,0.029863792933537,-0.6312867072421019,0.0466155009558414,-1.4743464850754844,1.0832113458740165,0
15502,0.0735215827074822,-0.5933062638092889,0.0032578655229601,-0.7669343115553137,1.2219171040607406,1
15503,2.0192788263953654,1.0536570501083935,-1.358013134776229,0.4538358309348097,-0.5742500724854209,0
15504,-0.574809117256899,0.7162440976854423,0.1139901550414788,0.1203232395698971,0.0521060869973071,0
15512,-2.6163979008185154,-0.440371150188497,1.4364266557158774,-0.5635067380589163,0.5011492888004361,0
15513,0.2311503350957592,-0.6316429332426751,0.450098502227419,-0.4591315495977924,-0.4934046315845286,0
15515,-0.3818067811934865,-0.4473217996791339,2.5644702734184204,0.7218124886502489,-1.6530360806854756,1
15516,0.2501774504299279,0.2897031290560714,3.5086593244277053,0.3380459749684432,2.1062999518387753,1
15517,-0.4025491542674954,-0.7772330212006159,-1.15659428428918,0.8827005198921036,-0.9159619602377664,0
15520,-0.9398796318759391,-0.2613352956462223,2.423109291247927,1.7925222767450233,0.2814802757540301,0
15521,-1.9024225979525389,0.5231420426090538,-0.2638506077205739,-0.4131219018690883,-0.0057333972307433,0
15525,1.1704847667534857,1.3626054863256734,-1.4285068295069756,1.3174450473073966,-0.0595068477440078,1
15526,-0.7549987763723494,-1.0736093744742812,0.2589997739636883,-0.5572368051127704,0.0773311844664083,0
15531,-1.8107955840950476,-1.3350847670009107,-1.524681119412842,-0.2101944585268474,0.2368673170194322,0
15537,0.5939900041739268,1.7196169485189852,0.3484096048325689,-1.4966036215652236,-0.6777651860057636,1
15539,2.6254149485892504,0.0699859808984507,-0.255766613909577,-0.0723987182881314,-0.3887336268309859,1
15540,-0.7155958653060632,-1.1249018170744018,-0.4796931469312908,0.7689311028871906,-0.2567623274882272,0
15542,-0.6373925711923133,-0.9213121573323374,0.818547014029857,1.0418060522879875,0.1531891663072571,1
15546,-0.2913118645769611,-1.3398057908446008,-0.7363552470642108,-0.9101822698097152,1.051676980453501,0
15548,-0.2005460887654307,-1.6736801559177308,0.4809528557289325,-0.1664854773711608,0.8197552041459376,0
15549,0.7418813085649463,-0.5551539978419482,1.0148034429908843,-1.1838322092422595,2.635326619871544,1
15551,-0.7741942147223203,-1.0222043562890342,-0.0050194271688732,0.7920280343158074,0.4836871834907165,1
15557,-0.4218262220484692,0.5134263213332259,0.5444717161250735,0.6151417093579639,0.5070380857516178,1
15563,0.4877701286569399,0.059184100458621,1.2046487915467687,-0.6383005076419298,-0.2740822367737174,1
15565,1.3066207122034974,0.214237733956832,0.6523623342411764,1.3046842552807667,-0.2145653815542942,1
15566,-0.2094079520129202,-1.0848165840984147,0.8519412312813651,-1.5587681726023206,0.1950110776847715,0
15568,-0.0343856508960645,0.7128882605739095,-1.3679637072034792,0.7235080609384099,0.817639921061962,0
15569,-0.3952749929362891,0.1306882741215878,1.1676922625791626,1.5261640831765864,-0.5161200061070422,0
15572,1.415357375054915,-1.3704989610730804,0.5223405709480463,1.571271769878542,-0.3173353854010994,1
15573,-0.5718518112833287,-0.3690699043195151,0.0020061133802926,1.0808174752115984,0.0058564367010068,0
15578,0.0049623326005655,-1.5092566406190555,-0.4913617474390323,-0.7686371798049193,-1.186106599364846,0
15579,-0.7345922519393262,2.7364396086608713,-1.0451956996300185,-0.5285956852837205,2.765631680984674,0
15581,0.2845141240975459,0.5112267749100046,-1.7292071903437385,-0.4962078984128844,-1.737709488626939,0
15582,-0.9399456147134132,0.4816045393090956,-0.4709239637025372,-0.2799537666112456,-2.763261835368429,0
15587,-1.1570953698288462,-0.5634615443599418,-1.0983575707836064,0.0918874273182768,0.7366249466892333,1
15588,-0.4888740035983708,1.0882527300170428,-0.7770416059443935,-1.9306596796864115,1.361940866334029,0
15589,-2.045147059691331,-0.56050217840866,0.783274172185139,1.2389591969232605,-0.162560111236802,0
15590,-0.5735129911884629,2.0997862166494574,0.9191355596402718,1.0758775213398446,0.4742951460921146,1
15591,0.6039179235178217,0.2572358451461496,-0.1320296854759229,-1.8539726820145164,-1.340232908567904,0
15592,0.6766935245025993,1.2010279317392785,0.1794067428674781,-1.102752696288951,0.2004290062216349,1
15597,0.2528373791097715,1.2622127186788603,-0.5356046748073989,0.0737930803116804,2.3143903757827826,1
15599,-1.153717883657292,0.800324764589175,-2.7366386703216703,-0.4477175879930041,-0.3773426989744294,0
15601,-0.9215675134779724,0.3978105333230847,0.1443057897652891,0.1952300594810332,-0.4747238415228652,0
15602,0.0027548978510913,0.2060208266786193,0.7967965081699462,0.7267723545837137,1.2799261311102943,1
15603,-0.739150250645611,0.1804034732572902,-0.1580477101135519,0.8528055519316672,-1.5671734483055275,0
15604,1.0922495665087466,0.3159198090714202,1.199464506088343,0.0462604534356918,-0.181921534067499,1
15605,-0.6615754801250199,-0.4076404010591891,-2.0300245267680257,-0.1643244910619828,-0.5305805018594915,0
15607,0.0435482766192088,0.8183327388296369,0.8918127378659895,-0.8954928070663724,-1.5115872457920716,0
15608,1.0864641181581036,0.4093796446552544,-0.9734433085123644,-0.8390358604269457,0.0256741976110894,0
15609,0.8549893758792783,-0.3396369112767335,-1.4959768428471598,-1.911155401735557,-0.8221699337917446,0
15610,-0.8395872382073023,-1.1229009317999492,1.408342556872432,-1.571711754481029,-0.7458414480592321,0
15614,-0.7403984676527713,0.0289032531741654,0.040809039921934,-1.3865607926161276,-0.2522326378228133,0
15615,-0.8427653024788744,-0.2314497730184672,-0.1636548504973661,-0.0524241143793517,-0.6048090320902969,0
15618,-0.3083555358272886,0.9572756228834508,1.3825883205128728,1.2978860975851043,1.5404764274852658,1
15619,-1.148304861427108,1.1996816652542914,0.0868852002454365,0.1004226756953988,-0.719978096258836,0
15621,1.335108579663431,0.0097155504831089,-0.9242223056640636,-0.0178253549100532,1.7126697305912488,1
15622,-0.1306928868590957,0.8073848092181134,-0.7213964458992417,0.4944701316712142,0.2059525778930303,1
15625,1.1987203516220468,-0.27416606949505,0.8863439942262299,-1.4795905971828305,0.4155425927625741,1
15626,0.9799004896910516,0.3934643909180101,-0.4505940737859827,-0.2901338397499587,0.3337985431918349,1
15627,0.0515921371894166,1.0868519049120764,-0.946706319080377,0.9568853378858438,0.2899102690853478,1
15628,0.1936349509804943,-0.1862258121015425,1.0567365795674932,-0.8913019799178798,-1.154998008572494,0
15629,0.0203256526479987,-0.694357196729419,0.2881000008537759,1.8929068605090251,0.0724662153933229,1
15630,0.1938338801827002,1.5762183619950974,0.3785674007033227,1.0538503448280847,-0.2767568589627091,1
15631,-0.0626817216852298,-0.6756064594087178,0.4483051880459888,0.4741281778863296,0.7064748720746241,0
15633,-1.3338483822941074,-0.9905352976333808,0.2378027169174483,-0.8647560982423415,-0.5035897133305978,0
15635,0.9794276105453632,0.2663314369876017,-0.2081176171159442,0.7612561550360681,0.0567043847935694,1
15636,-0.1614027857336276,-1.809699956085368,0.4592099692326162,1.394995583348517,-1.3963764408246246,0
15638,1.993400244709622,0.2190660612412348,-0.6659471845804599,0.1582656208167897,-1.124119181357799,1
15640,0.1276550572650628,-0.3551995277483848,0.8744955589634293,0.4131030625928937,1.6544503672431563,0
15643,-1.584818523772496,0.4846200732502747,-0.3723627101404144,0.3287788496847866,0.1680577254955213,0
15645,0.5534801569335656,0.105591866756241,-1.8980680580238036,-0.1403551440855787,1.3392765576470158,0
15647,-0.4884435731206922,0.1685206942973255,-1.0202236358027712,0.2140164416468727,-2.4039729961219147,1
15648,-0.4339804790182606,-0.7671096042686261,-0.731443256558871,-3.4430790423394626,-0.6926090195724682,0
15650,0.3785262501983829,0.2606461111877075,0.5387849423193035,-0.6805530414938973,-0.8667726451725459,0
15651,-0.8403959214042142,0.6633053462280836,-0.8548197312358627,-0.3059404722108912,-0.439698824694729,0
15652,0.1640809405615189,0.6114565062970183,0.6114849060346055,-1.801153783714865,0.3329336329409864,1
15653,-0.0594564586455914,0.1602986823832208,-0.3503351071351751,-0.8135472243173831,0.95363451791163,1
15654,-0.2172169580983222,1.2066353396682428,-0.0458427292341933,-0.0199698859051211,-0.7065049214906376,0
15655,-0.0288293585804328,0.9117070980227878,-0.1396996833312879,0.1981672663679791,1.6179870695822638,1
15657,-0.8022295760635533,-0.4534691838494334,0.8455934992838282,-1.2580577471490166,-1.994615123620767,0
15658,-2.120127690656914,0.2814190711057656,0.8386370513938857,-1.075904620779426,1.0604181474019605,0
15660,-1.8564384961244504,-1.642025654938465,-1.4839847790912304,0.5611678578377881,0.6192175619443476,0
15661,0.8324986797506485,-0.0934421134998812,-0.433678673718089,0.4405691477826375,-0.2103229848003334,0
15669,-1.7542585454992126,-0.2260512706151309,0.9020828839882185,-2.293558221395706,-2.050957431888631,0
15673,-0.5090308276822374,-0.1196261322247626,0.3418136376814723,2.389446239982484,0.7478547849480586,0
15675,-0.3707662563206619,-0.7049535680768423,-1.5649895664541456,0.4048200379818829,-1.9203594135468016,0
15677,-0.2271708277120756,0.6553577842958535,0.2109120416932141,0.5750754726896486,1.4677816905080654,0
15678,-0.8133699198527208,0.0467136324040541,-2.060081835485288,1.260424395639966,-0.4478909737370813,0
15679,-0.0518326406240456,-0.4313325705279529,-0.7862764713230141,0.6471783835425908,0.4605426001445913,0
15680,-0.6604616736364598,1.6266298716597989,0.7479441377092116,1.504548452859757,-1.9733625847966771,1
15683,0.5337983336208094,0.1033220497060184,0.7618198340056972,0.4620881990060979,-1.9104543706206347,1
15684,1.8653357749346973,1.700567055814192,-0.505738888435411,-1.7114199236822851,-1.133972501383454,1
15686,-0.1470605976540265,0.9236844455890406,-0.0833709439009964,1.665962682840197,2.2167547303822044,1
15687,0.2144474140913315,-0.3395810459206945,-0.0870955148806147,1.0380490874943558,0.8509824445970162,0
15688,-1.926976206607185,0.5346053384701538,-0.4098720839057191,0.2554157974620993,-0.0236491862337894,0
15691,0.5388493962496194,-0.7224147318955495,0.8511295633719929,-1.0249445176969163,0.2067041903583627,1
15693,-0.0395769396646401,-1.1201460795013642,0.620886337160848,1.1112596698533344,-0.073998089909498,0
15694,0.0695658743250635,-0.2925848523792382,-0.106183150637728,-0.5254485632233217,-0.0068470069198862,1
15697,-0.0178507685258336,-1.1495112326070545,0.4733067789401929,1.2856127333980425,1.3740543014333657,0
15700,1.8686436305202805,-0.8926544589748691,0.0564834395198085,-1.3460788008950846,0.2104448659500743,1
15703,-1.036595643426674,-1.516757395215742,-0.332042252094224,-0.3608454013277475,0.4545605242621548,0
15704,-1.0276885406842178,0.7861777513441536,-2.533575301340313,0.0817816754886184,-0.724171751285982,0
15705,0.0922713050830746,1.2044368757183346,0.9041385889321092,0.3336853886842914,1.3284791790938837,1
15708,-0.6120108990681064,-1.7551635831419343,3.189743447000559,-1.0819456469128494,0.6389131112106425,1
15709,-1.0592479364099388,-0.4235319433465187,-0.6993143393504356,-0.9961376600563164,0.8672281760174755,0
15710,2.2712851353580064,0.00581251005776,-1.7757801459546112,-1.045244898715071,-0.8355136632081734,0
15713,0.037106233840331,-0.5559781063461652,2.268398412780661,0.3930438478726374,0.5793654387052223,1
15714,-0.1693843989397796,-1.4753793271277604,-1.3494850725361358,-0.1742097469778086,-0.2072489293715731,0
15716,-0.4415656754123044,-0.3758971831541589,0.7212707797802079,-0.224488683109497,0.9529989790702004,1
15717,-0.0862386286299571,-0.3855315257021866,-1.4377800342440556,1.0390550856128573,-1.086429229404548,0
15719,-0.840471359699279,2.2184097039745945,0.4588325700346886,0.7225337300988874,-1.352636158622026,1
15720,-1.0180561509162636,0.2117207954541153,-0.3796031556270756,-1.0046808076126978,0.2790891056365512,0
15721,-1.7082582560828778,0.3034732301320128,-0.9005378304991297,0.7086077089718926,0.1011598186743971,0
15733,-1.4240685310898429,0.4357492343063361,-0.0162342251572225,0.3310723249488989,-0.005927086620817,1
15734,-0.8828177605514327,0.3762308810478962,0.1231712812601666,-0.5215844020232041,2.5560050126024323,0
15735,-1.1883419518917857,0.50025207139173,0.587600851302915,-0.29332813330442,0.2432372782817905,0
15737,1.3674267355297736,0.8713147410426433,0.0720174454160411,-0.748033270363151,-0.3211682280281732,1
15739,-0.7072846111040987,1.823852986398489,-0.3282367313213305,0.1886485773056878,-0.2293217154995392,1
15741,1.5014321249012088,0.3804493275864355,-0.6176889014009701,0.8383437293643328,1.1480817259338112,1
15742,-0.7142705299102239,-0.2938824240189843,0.008002294263187,-0.7702135375208617,-0.4951754277227709,0
15743,-0.4942279987133299,-0.1473441088479001,3.059720473617222,-0.9029272939659811,-1.4714594421510392,1
15744,0.9785380381956206,0.1832876933703307,-0.3072071937574691,0.8657779994226298,-1.2237497704415046,0
15745,0.3147374164680416,-0.1881610131554876,0.034501013882824,0.0500850485362356,2.383826053486183,1
15748,-1.289369378135822,-0.8511694142180198,-0.5196967258440889,0.6206014134441667,-0.9816951827772806,0
15751,1.8685097904057852,0.7050193656401571,1.1588787993910816,-0.958890356270499,-0.0050519587158718,1
15754,-0.7358861529701323,-1.5751558483824937,1.651214922005492,-0.1343522490658658,-0.2124348666683378,0
15758,-0.1776031896135473,-0.2597805567553748,-1.630962583348736,-0.4271628473161136,0.1983048784680624,0
15759,-0.4361128521298399,0.9726504596842416,-1.0122441920384142,0.2714883808094502,-0.5312335392911597,0
15761,-0.1167675024758063,-1.09075485222505,0.8851175364154797,-2.140015263996396,-0.4128409107457045,0
15763,-1.0638742963396992,-1.7010235957232651,-0.490098992550588,-0.806060769930633,-1.4660397323537062,0
15765,0.184907502903134,1.0141470560819636,-1.619459804369917,-0.7867474996829883,0.8998796621537857,0
15767,-0.1428033895592005,-0.3595450628728801,-1.3989943816989814,-0.4888632812258,0.5193293797996112,0
15769,-1.1879233621944578,0.8456274789474141,-1.1209890635123725,-0.7147720838222609,-0.0121939457697639,0
15771,-0.4964843326376968,-0.1966340185922084,1.4374691929291956,2.3237921167860573,0.4800797989520475,0
15772,-0.3478693515603793,-0.926102978898586,-0.7614045052848708,-0.2605560165326766,1.1083886556359208,0
15773,-1.0523216588704092,0.3334310398508688,-0.5480633674172338,0.9350176248381488,-0.4027525913597086,0
15775,0.3170180142732544,0.5748606183676878,-0.4070115711782031,-0.1454141441258167,-1.0922862542416396,0
15776,-1.0399960969167372,-0.2711161458282636,-0.3748112470351681,-0.180712667310863,0.7353671956279783,0
15777,1.8182957421587471,-1.027611059713932,0.3415840837713281,-0.6274403198242122,-1.6955866507806387,1
15780,-0.8309575465246102,0.2773223311187919,1.29476878870229,-0.5261427598739917,0.9077069269773534,0
15781,0.3560429669545176,-0.2947293312605336,0.7077496824367625,-0.8059618524601824,1.0169340746518014,1
15787,-0.9077528096694844,0.6476552727140743,-0.9255923467646036,0.2053286184075691,0.4457993782814038,0
15789,-0.305888498187049,1.069989840443411,1.8902557129614697,-0.2642035932391918,1.4592004341840712,1
15790,0.992764815850184,1.254055125614706,0.7883916102906228,0.0253363431648297,-1.1745706826495683,1
15792,-1.1027897028476494,0.2643375954260237,0.8706035368841182,0.2273523157069142,-1.475812900562109,0
15793,-0.3733892090326253,-1.0358094687522204,-0.1289163551959353,0.7747191116293712,0.1115683539988163,1
15796,2.1484677510994725,-0.6989702397931399,1.2635899573249163,0.965010776441856,-1.1534542155226335,1
15797,-1.5111302128111797,0.9975145661245394,-0.3329097235792966,0.0193790291027542,0.1699158883928699,0
15800,-0.5583123996210527,1.2893665293330616,-0.036923798020099,0.4326402452362259,-0.3518662517897998,1
15801,-0.9610134207849652,0.944355637837612,-0.0461084558481722,-0.3293576202047173,0.9951136225761074,0
15805,-0.3526804017236588,0.2045574418004078,-0.4590791114009389,0.0206229742405082,-0.5533523547401478,0
15806,0.3208540694100227,-1.316778473957187,-0.0806346284908492,-1.1558125413879796,-0.4148899530170806,0
15810,-0.916002243458644,-0.7592796074911446,0.3852890459856491,1.9621132620411437,0.215587872084309,0
15811,0.3385220472667417,1.8732527780099495,-0.0436274120443431,-0.9648576188429868,0.3514906142329288,1
15815,-0.1260702416634749,0.146699565240099,0.3686676030285377,0.6569266604364983,-2.036896253541012,1
15817,-0.7130789844431575,1.6169255842405783,-0.8619463328579459,0.5450825724414126,1.0618488399149124,1
15820,0.5717064346330917,0.4935755125345597,-1.2785730652049974,-0.8659387194142433,-0.5865706212961492,1
15824,0.3397579472441738,0.0283587672028349,0.1840090915954638,1.6222331068469693,0.5497215792343154,1
15825,-1.795475253041076,0.3122213152852151,1.1663706600224288,-2.3168478632154907,-1.163125256152637,0
15828,0.772241621491234,1.6655485702983523,0.18473649283275,-1.252133119880205,-0.7716172466288846,1
15830,-0.2927287600443719,0.0741473019896518,-0.2722874768434917,-0.8743891596773095,-0.7523740413457225,0
15831,-0.0739141058334384,0.2095441866377014,-0.972329250886286,0.3213678821880827,1.8152654142560192,1
15832,0.2067247986523997,0.2730294303904702,-1.3714748959714784,0.7369441552520893,-0.5792844245043057,0
15834,-1.2703220538963989,0.0992244477557051,-0.289242477694919,-0.0803009716886379,-2.0202420391637204,0
15836,-0.8685170918106785,0.0304861716981939,-0.7096298752305431,-1.4290580668732304,0.3106917402573416,1
15837,-0.6897169016781817,-1.5988613192544157,0.2923005838354504,2.872268210170847,1.0172189826024192,0
15839,-1.0183174682489966,0.301555677725891,-0.6303255971486428,-0.3394539135505504,0.4102296169000137,0
15841,-1.5215286597367628,-1.4641830320959286,0.9214695052872768,0.0992087918715252,-0.2180892071652028,0
15843,-0.6159616726861818,1.3410220058335522,-0.554742125226533,0.7504104795295634,0.2565394594336079,1
15845,1.4888119735954324,-0.2977575331744503,-1.8116221657965677,0.6838864399396279,0.8294604826282507,0
15848,0.7279604615575905,-1.1885525564223478,0.3288654506717384,-0.5409939231385467,0.2701438350676093,0
15854,1.560193991575323,-1.935096430490865,0.3305535146854015,0.7437925880607508,-0.6169152313932444,0
15855,-0.0590658021985004,1.2979294670812318,-0.23986490728291,1.2635646355017205,-0.0872307148752006,0
15863,1.9183047828002535,0.5803845684955045,-2.5608352412597584,-0.6411998388132653,0.4464091242874721,1
15865,0.9159157144598272,-1.402565147795501,0.702568920793337,0.5841639986663548,1.8260431704809916,0
15866,0.4146417317969609,-0.2340200894884247,-0.0292028248621228,2.138162440053838,0.0628792363817389,1
15872,1.4637302526675116,-0.943517263423077,0.0362791941675338,-0.3968358452981449,0.9318488283228448,1
15874,-1.465633144756593,0.6710741580903543,0.1483726213678353,0.5536456376863603,1.4154678117046395,0
15875,0.3365355415503856,0.8295334259287466,1.0216927056722844,-0.147460154075484,-0.5997648169222888,0
15876,1.9784414246834172,0.3860017640385904,0.2871504988548516,-0.9832010606508276,0.2471836037993428,1
15879,2.2363888137747123,-1.1022283138862836,-1.2100616087818057,-0.239231108970082,-1.2683028057316297,0
15881,1.3227081247413488,-1.870737636384807,-1.3506096944541184,0.055869858899537,-1.1973358007426511,0
15882,-0.167460093965068,1.4405963321117097,-0.3775308024270707,0.4577544236632888,0.5293329915643193,0
15883,-0.793286608616909,-1.055073047690691,0.994880239378272,0.0490573770400287,0.2089556258754827,0
15888,1.209393652001428,-1.6334652524861408,-0.3281220403834944,-0.2918783784417477,-0.9869110742212592,0
15893,-0.8263866874170347,-0.9105075779480956,0.4742686245090767,-0.673022475067408,-0.9426708220886434,0
15894,1.3184256755676902,1.529269368882429,-0.9293417347285216,1.0572539237319416,-1.6395283081826837,1
15895,-0.952066138734372,-1.2152376828209424,-0.5017259838729581,-0.0018193105078505,-1.2572272921664862,0
15896,-0.437352071502423,-0.9480770522080046,0.2320211782110146,0.1162371440169371,1.3872178943291331,0
15897,-1.7507936693004993,1.1302191460562996,1.1346086899591974,-0.5414432954047977,-0.3720549905348562,0
15900,-0.8924578638991505,1.1078494577516904,-0.3756143583216982,-0.8579765447118077,1.9585671149541184,1
15904,-0.5218599873514088,0.2493438960672743,-1.2578110475534932,1.44987728881522,-0.0240556629092285,0
15908,-0.4417658188967153,0.5013370740575542,-1.6661929315490387,-0.7574872023868804,1.0761573585530415,0
15909,-0.8827379361427902,-0.8277948855771432,0.3569869451043552,-0.6611743332852463,0.5420586205584328,0
15911,-0.4384671399848973,-0.995829199970631,-0.4964694467249752,0.0052262453013619,0.0043440240807869,0
15912,0.9032753447165388,-0.7844717018628996,-0.0213346221822495,1.3669809857489652,0.323838928464897,1
15913,0.9435825027103468,-0.0571330714309821,0.8032557363645708,-0.1845842254874219,-1.410208352290894,1
15916,-0.8564722886921194,0.4710844597555554,-0.195544113352393,2.692056963164985,-1.0320266831477476,0
15917,1.5646981063397047,-0.4074543137085891,-0.2339223363250054,-0.8417781367087251,0.1185889804817979,0
15919,1.302611830001518,0.2442827738072893,-0.1757588057209699,2.6079038365582674,-2.327691973228068,1
15920,0.2753939145776162,-0.8863758025414685,0.0361767307211715,-0.7924884136086495,-0.6807700001504112,0
15925,1.428872049005217,0.2425028052474468,1.240031518537976,-1.2279639725604792,-1.2405920298793889,1
15926,-1.029934037061189,-2.780227078411992,-0.5230020092048011,-1.8732760745947072,0.0752026704342471,0
15928,1.8471599937570449,0.1327243789998156,0.4322998578397272,0.5837326440887096,1.9268165646785431,1
15929,-1.4091589966168845,-0.5690798350647723,-1.379653843579781,-0.6293772455335596,-0.3870772810912076,0
15931,1.7744273063739462,0.3595821946270399,-1.3329975178574964,-0.7936544034837342,-0.8696344289370092,0
15932,1.4154048267763792,-0.5043790953421103,-1.0300022223156644,-1.1432553889564814,-0.57505278853137,1
15938,1.7030741312967574,-0.5120629659164128,-1.707607112575091,-1.2462480085062568,0.9852281769010308,0
15940,-0.2927432645118965,1.2654183179830285,-0.7654102427645642,1.2807941253885753,0.5630663160807822,1
15941,1.3655987360765605,0.7656686865695514,0.3518783907775052,0.6963204163095902,0.0936497790088099,1
15942,-0.7050983814023666,0.6616295342936411,-0.0717990749586598,1.2630406968479715,1.227619280492675,0
15943,0.5838255149605573,0.9916931626996568,0.4931463285590418,0.5022235105451764,-0.6329984724326491,1
15945,2.081380582802126,0.1357979772973179,0.7434433964443052,0.0318366781251158,0.3415840090871224,1
15946,-0.8430034310601888,-0.5692550221128788,-0.4722343684651822,-1.3805392164638688,0.141608620986465,0
15948,-0.0334537409416292,-0.2618419482675734,0.4417483381485684,0.4317683845917386,-0.286845363089419,1
15949,-0.7022175525618103,0.6544395638069134,-1.5233068023198135,0.6429591020445891,-0.2388542978050994,0
15952,-0.5480140697450574,0.0112160783707177,0.4086520740154061,-0.7844318565496137,-0.4147817404180586,0
15953,0.3646658656933385,-0.1136998554205823,-0.1431680805312262,0.6910224845011335,-0.889427512461266,1
15955,-0.4923784042519507,0.3663594342233213,-0.1138977535025494,-0.051751654390834,-0.1078205030965852,0
15960,0.9003772211150655,-0.5039341473212325,-0.4926373480493888,0.1960830639914209,0.0763187430566156,0
15963,0.7762244146255958,1.5673923939105654,0.792931296756082,0.7483854688504479,1.1661134866131335,1
15965,-1.0114336991220538,1.1535507251096233,0.8500445247344013,-1.4023275868360672,0.1016210389263912,0
15966,1.0408383631966354,-0.1267104809034932,-0.0149092583632372,0.966719824135566,-0.2647141888655183,1
15968,2.007865387130706,0.1176383644759209,1.0502168904550917,-1.1928893178266404,1.2392005761200708,1
15969,-0.2944029759444072,1.3768591979805858,-0.201392425882385,-1.0839990696589836,1.0866791703590062,1
15971,0.2059401179191945,0.2338222024757497,-0.1425604759507916,0.3799077312864714,0.7209456104440891,1
15973,-0.4297896164292126,0.5510008710992098,2.095664625896735,1.1812281408823917,1.20249789288167,1
15975,-1.7100554594421231,-0.2265899490863825,0.6613334708951023,-0.2652765881562955,0.1177074288643092,0
15982,0.0330063362209531,0.6033042229082333,1.903775886204807,-0.8935653639630365,-0.0643243412003637,1
15983,0.2553542138291179,-1.149885279777476,-0.748880143891887,-1.7954373364838596,0.5539729634301616,0
15985,0.3840226441429313,-0.2545274313914912,0.5393526112749525,1.154795159208187,-0.7591944659261056,1
15986,-0.4333892954198858,1.2793456010118214,1.3905839345101598,-0.965133637867844,-0.8390414643836536,1
15987,-0.8496621002717616,0.2378161641283011,-1.391330656106376,0.033555664799827,-0.0400909516543935,0
15988,-0.6142575734360228,0.0899650339278331,0.0883310562576146,-0.357130691347825,1.6811151908512256,0
15989,-0.4075592131733112,0.0420845610851034,-0.6022086312646581,0.9700532650897826,-1.1340453913706954,0
15991,0.537377545183051,-0.8459162821361158,-2.074832827364618,-1.9881486949664149,0.1626828993820865,0
15992,0.4678570564435671,0.1755761707707211,-0.4252746038187148,0.3164126875478239,-1.8477677682916984,0
15994,-0.8939020278305239,0.6313921791137941,-0.4178398628321751,0.1809290374309914,0.0987919965560106,0
15996,0.27267581854899,-1.4902239504620416,0.3421125800125193,-0.0806708911194811,-0.2272613427533635,0
15997,-1.302345931519171,0.8758334810962686,0.9211192890360528,-1.7114010143202991,-0.599959419384146,1
16001,-0.3744398287565451,-0.6590148928771701,2.439615106966113,1.534433508955616,-0.6033761150396826,1
16002,-1.2046189391762103,-0.1984451462735254,0.0708313858598928,0.254883842242282,-1.5387535447427585,0
16003,-0.7393857450285245,1.2153263707776605,0.612162548032499,-0.6986571082716404,0.9673712174319996,1
16004,0.977520184270858,2.223729774110065,-0.2160423505784851,-0.673856219689803,-0.148875811579063,1
16008,-0.6055261562232989,-0.5645946737044067,-0.7346427820635902,-0.7299108553169796,-0.7800885230348467,0
16017,-0.7238996336435028,-1.2551899822945618,2.7335462842998224,0.628476125099915,0.1385241642588117,0
16021,-1.072965306811538,0.2164178457387583,-0.1110328076295879,-1.7577481803595123,0.8049689523609033,0
16023,0.0316842819839344,1.2753098558112084,-0.2858388035586375,1.345757810534375,0.2837102119692183,1
16025,-2.581367426820332,-0.1301398406151191,1.2534353870906352,-1.4305345183262208,0.568474706829433,0
16030,-0.682351563982725,0.2571012046291813,0.8446516892503231,0.6260742067964322,-1.9014345843629328,1
16031,0.3863361003391389,-1.3883343549822305,1.0481542879373893,1.0699223794509465,-1.3692854700202948,1
16033,-0.1548819488603035,0.1037847783946979,-0.8334726040962993,-1.0274582291660967,0.6035652627573407,0
16034,0.5197854867788488,-0.357752944485087,-1.0527853005793828,1.5523254540145384,1.7106355564393765,1
16036,-1.0243612217565137,0.7055201589248817,-0.5104985151070065,0.8289870968421318,1.1443999149570765,0
16037,0.5198500464505448,-0.8348699180781658,0.6178899916404327,0.5614792462111343,-0.7014480290369101,1
16042,-0.3498311877317857,-0.9766468695738342,-0.3105160196114812,-0.2082171263417171,-0.2713602593966133,1
16043,-0.4951776178714782,-0.8229161427992897,0.9068822651090572,1.4130390282326089,-0.8621506532708272,0
16045,0.6188653963992969,-1.1562656821338042,-0.6969278165619484,-0.5159502363860676,1.021583641152817,0
16048,-1.4045494230275954,-1.5677135091916454,1.6476508855816303,-0.3533073135357716,-0.1522202773751237,0
16051,0.0164145241188579,0.9622241610961584,-1.6953166238474944,1.9247310248922125,0.2777399453720811,0
16052,2.342082076983665,0.3413055523274587,0.1004277141917109,0.7162708399580042,-1.1596317940266772,1
16055,1.2886030573404208,-1.227210985341366,1.533930260363462,0.8423214771804601,1.8634174028453725,1
16056,0.1655960042111409,0.0853229232824237,-0.6529837237852029,-0.6161949233232662,0.0240975183563645,0
16057,0.6722143152136684,0.8394923498145505,-0.9221044572751458,-0.0132640000821434,0.3135187975633342,0
16060,-2.0385177896991333,-0.9649589617109796,0.232269201302574,-0.3942733108605014,-0.3849059412619466,0
16062,-1.880807700732616,0.3917660584070269,-1.4746139646337726,0.0947176834365844,1.1612712065890676,0
16072,-0.990012460228515,0.0005295038297106,-1.5708035143183108,-0.356682845054634,-0.9930570755366416,0
16073,-0.7815613543698504,0.5767531707558333,0.6659984428470891,-0.5684948830066822,0.2804956898073564,0
16077,0.1663153124121116,-0.056348993813401,0.5638856352740446,0.4810171082390242,-0.9809295856871164,1
16078,0.9836494546908414,-1.4451561601184395,0.5007619636282495,0.3081870230026249,-0.7387244641236881,1
16082,-0.2276621324479605,-0.649219603491801,0.7372476904370439,-0.3522551779920417,0.3517079900681052,0
16086,0.6783836181958471,1.5236927321471283,-0.4338474660106674,-0.6145797779557753,0.8000889222103263,1
16088,-0.3941772244030073,-0.0807092960121604,0.6618584372491788,0.837969623546871,-0.9160521983257168,1
16090,-0.1401032996685494,0.4442720278143364,-1.0685598631730866,-1.135012053388286,-0.2589969332055573,1
16097,-0.5348298060821485,0.5114917638102662,-0.7408704376995787,0.8077826781466643,1.187425342483087,0
16099,0.2788771015188471,1.5366584030170805,-0.8957512997547862,-0.9241521559628414,-0.128885515202639,1
16100,-1.4007917818643063,0.1087882401762445,0.7303386932622505,0.1707136853791073,-0.7254825248842087,0
16102,-0.5794852287026365,1.6003073203015297,0.0777129976117191,0.127364086070619,0.1148211859069975,1
16106,0.1041180102594586,-0.1291241403371336,0.1574275462131208,-0.7222559333850793,0.7849942285951101,0
16107,0.8485478371203545,0.1637380768246813,-1.322411990473902,1.0415003373899931,-1.756784059306003,0
16108,-1.2620078020650036,0.7593105417263436,-1.125919358744548,-0.7364912211513562,0.1333857935628969,0
16109,0.9211455993270196,0.5807964040842114,1.321313150646403,-0.4500046203586453,-0.8664618061926969,1
16110,-1.2821102062421186,0.1117954803943321,0.2742794562721387,2.4483602543732697,0.6130377450193519,0
16111,-1.7135412272610566,1.149963336968571,-0.8449529987356795,-1.3126154413083166,1.0348196209924836,0
16112,0.8409499888153926,1.0898315570867174,-0.6242153449074199,2.223362594216453,0.9161552585392224,1
16114,-3.214553195964132,0.7647941861313009,-0.6201883391514555,-0.2354502522381724,-0.0981494455885378,0
16115,-0.8629495093333754,0.5175396856059176,-0.8413280741763666,-1.602550289237115,0.0651490955490733,0
16117,1.3912683247771884,1.1745188288105324,0.4393864486071043,-0.7053567086597554,-0.5459788878940156,1
16120,-1.1037661146751137,-0.9884195995680616,1.0571577634203069,-0.9207433490619894,-0.6892531570257964,0
16125,-0.0570025056917267,-1.429559891904202,-1.9120431634251207,-0.2651832145201228,1.696637816705684,0
16128,-0.6106295766059074,-0.9175690801820588,-0.8936895099400806,-1.7369669349531671,2.275091171942515,0
16130,1.4220446015988386,0.3309825169385184,-1.072278710310823,-0.2444992488660608,1.1863973142879731,1
16131,1.050261445844178,-0.6684562279922205,-1.4701898523258397,-0.6422601263176482,0.678997059052851,0
16135,-0.5602871537383388,-0.6481600638081146,-1.322962568154576,-0.0159026976762349,-1.3479823049918491,0
16136,-0.0993537152715799,0.3198506434513252,0.282719284117961,-0.495765661435214,-1.549055963250893,0
16140,1.654485554064134,1.147331752087781,-0.2049690624140395,-0.4163934713809733,-0.731767887905476,1
16142,1.367590336626079,-1.3402873072685295,-1.4285820103419191,-0.7257004814302286,1.365435466223185,0
16143,-0.941076009679192,-0.3082912549155046,0.2806703634223003,0.5254280056924043,-0.1103378324274555,0
16145,-0.3709431205829214,1.239891872337543,0.9723020742596492,-0.086308213501338,0.8038565944945251,1
16146,2.116160098203273,-1.2468720680924366,-0.6649859615696223,-0.2713523583630877,0.3760879783392832,1
16148,0.1500767769169978,-0.6138874162948702,-1.4434683356957545,0.981440540292678,0.4658180567665633,0
16152,-1.0682235638359336,0.7836667727013723,1.0703293904127549,-0.654060118249805,0.5191540850539982,0
16153,0.779729167106869,-1.0678280813893388,0.4513639728798166,0.0122112944534494,0.3507238658230093,1
16154,-0.1212474527261224,-2.130802575497192,0.1671986023268508,-0.1659207511350822,-0.332749419594933,0
16158,0.944231089115434,0.7464852752434309,1.1418028166287095,-0.9264284942304628,-0.3456247160762117,1
16159,-0.4755522911867873,-1.957034006095328,-0.5972363908120358,0.170203547716946,1.047877583045025,0
16160,0.519222639591818,-0.6288975226309579,0.9570095169472832,0.3070060672659098,-1.6315829466502434,1
16161,0.2098452050401835,0.8155342765584448,0.564400854484956,-1.14363021518614,-0.9103323383073456,1
16165,0.6018337324020943,0.4957570157381268,2.4705517953515113,1.8790291289722831,0.622994868421612,1
16166,0.2565000963385875,1.533671890472719,1.6061377722771737,0.1670051355083914,0.1181276346815648,1
16167,-0.9015386593333088,0.3719123280829365,0.2795158139665957,1.0424142008943136,1.869911868320627,1
16169,0.6407593564855969,0.7597481475448863,-0.924146912384483,-0.92996710440249,-0.4607850332281752,0
16170,0.7669697362299575,0.0487899787376781,1.5801742532472864,-0.971917262699486,-0.9585649882449292,1
16172,-1.245124463254749,-0.5796003862728931,0.7303416506287824,-0.2598289065405645,-0.8118878894798002,0
16175,-0.9598309311656582,1.3241058178591651,0.0390181786484975,0.2619659544860895,0.2202488611185286,1
16176,0.4128853405919447,-1.7483757418008077,-1.1513207317617349,1.8422909840309591,-0.0467227029348561,0
16177,0.4126336798229422,0.7970923879179787,-0.3749785722383698,-1.069382901266004,-1.3662721106783742,0
16179,1.4736161468129594,-0.9347035432653924,-1.7117525842142487,0.059490612337344,1.514250147867254,0
16180,-1.330314258566076,-1.3027852221979743,-2.367804027547867,0.2582884103567933,-1.000137932000264,0
16183,-0.0498785346123947,0.2957108607019979,-0.6795922306174967,-0.9364877213082088,0.4509728812054214,0
16185,0.366103442479627,-0.2076315495638855,0.524513677225524,-0.7141801565879196,-1.839237948770286,1
16189,-1.0039582911254696,0.9609383761295436,-0.3545257305343199,-0.3616771450432174,-1.6697934796099858,0
16190,-1.6498796931716098,0.8359805608408997,-1.2363980372037178,1.768757104249209,1.994169293620246,1
16195,-1.0954164923544891,1.947978720012543,0.8572132789718898,-1.4600658233535595,0.5652531603928217,1
16198,-0.4248648267369198,0.1060486542521845,0.7049993229790825,1.097213165104882,-0.995377073758417,0
16199,2.4249731610132867,-1.1782883235474997,0.8911951121249696,0.7513762608918745,-1.401516240286068,1
16203,1.395868683951713,1.2483466373874448,0.3711758259007556,0.5220706473842529,-0.4108719880523052,1
16204,-0.372511776394463,-2.0316490766697815,0.2094883962843524,0.47117356107385,-0.616584017547214,0
16206,1.5512353751107189,-0.6881135379441553,1.450882756592513,0.6619260916811636,-0.2933034786682051,1
16207,-1.0999517295814538,0.0101111226664594,0.7791087118353203,0.0768990550097278,0.0885771061174493,0
16209,0.8401803580879047,1.6694623082044695,-0.377345322986048,-0.0425472365628965,-1.4718358959072515,1
16216,0.4724248522473919,0.0032380929301002,-0.4046023950145884,0.6631307365969957,0.3174500169042979,0
16220,-1.0878789535582558,0.8625022855970716,-0.777427259144518,-1.945861021726767,0.9686623028372512,0
16221,0.1926811047780545,-1.3356205347942802,0.6931354371703354,-0.3290954255268175,1.8533245394312547,0
16223,0.2615415682837319,1.133389114219162,-0.0177018933170674,-0.1797190057277227,-0.7246988536985978,1
16224,-0.4175533055916491,-1.081698320709069,1.255677466745335,0.7411522189372619,-1.25549211494835,0
16228,1.6056474034508497,0.2026600054924689,-1.350622483249393,0.7070795981415465,-1.321875710620485,1
16231,0.160747775582303,0.7987172798146867,-0.3800296709522352,-0.8362178476443696,1.1647005239938473,1
16232,-0.7021474136497663,-1.4137482740865153,-1.3262565419316754,0.369816482625773,-0.667352096536268,0
16236,-0.9069164355787068,-1.9350426486486343,0.4101019291450052,-0.2450071332405322,0.9196676886529824,0
16238,-0.0596141658109068,0.9027928208352842,-0.5534843549296649,-2.0980336070953367,-0.6770310635477861,0
16239,-0.9482088516380934,-0.6070358651281212,-1.4448967623533828,0.7743102753674479,0.6082381684227295,0
16242,0.7325691704290762,0.8825036159736459,-1.403629339712606,-0.2629354136253465,-0.8708308829249455,1
16243,0.9051101506299536,-0.0771407395109837,0.8903694163727007,1.63179162422824,1.7262087448877257,1
16247,1.4615998540082942,0.9294521974421568,-1.2695688187477432,-2.191653669928642,-1.0300313886684689,0
16249,0.9536993715277832,0.7575451265687285,-2.1582003376068153,0.0881811640293172,-0.2145812200043803,0
16251,-1.8455306224867296,1.7276638082025126,0.9394621674528528,-0.8987797223037965,-1.0987036565064965,0
16252,0.2021421706634095,0.1292564661121525,0.6198238074393037,0.4915485445595991,0.5864925036799873,1
16256,1.291156840470394,-0.7523942318224264,0.4242561439783976,0.785383207579523,0.7331180444673399,1
16260,1.6256119659167565,0.0339383118461276,0.740939497458223,-1.0575878089704671,0.3631760306187017,1
16261,-0.5069324439192595,-0.5053196448142369,1.5414643418173242,-0.6584686881005116,-0.5134072379107679,0
16264,0.5802563242121538,-2.731204335836854,-1.1938060963277188,-0.704963687111715,0.3060348856540576,0
16265,-1.575025133337657,2.2738233378670207,1.2627194615535855,1.3015917968839146,1.4372679903085437,1
16266,0.5449030394680066,-1.1282288021379874,0.4585443462114085,-0.4923190216348252,-0.2318982287622996,1
16267,0.8554052041465448,-0.5632345944486686,-0.6156478526750744,0.9610047785708588,-0.8188532803333204,1
16268,-0.3093639429545916,-0.0841207236058446,0.5808323980701356,0.731385071160711,-0.6644193189769211,1
16271,0.2669125437315284,-2.780136679357671,-0.0689451748716524,0.7998828754649873,-0.7220745312007723,0
16272,0.4626282518951025,1.020974014421123,0.0934108345511542,0.1239491067870226,-1.3566585130663846,1
16273,-0.0931235798331988,0.4977106321983635,-0.4369555717016837,-0.3860345304847734,0.5190820149854734,0
16274,0.3557790251943576,0.4661369644301147,-1.5697267053302233,0.4228088028913111,-1.6018280035255188,0
16275,-0.2689913621358515,1.9390570137690584,0.5668759792327823,0.3266241625546542,-0.8367912748629883,1
16281,-1.2297085811309998,-0.7875462424128692,1.006659412483606,1.5445746088914734,-0.9077142653535072,0
16282,2.4407701565276474,-1.4354237694428265,-1.185162532346483,-1.8873931551625684,-1.806731059707131,0
16286,0.6184859859947521,-2.099957749484812,-1.5374996428546488,1.3001682828496954,-0.6899333364257785,0
16288,-0.6925375681956604,-1.313097527285101,-0.2889734521257103,-1.0180670449548754,-0.6928554462001539,0
16293,-0.7173713307959525,1.6524079691349862,-0.5747647327157163,-1.2482717328003408,0.8111583196165337,0
16295,0.1280040747811147,-0.573413547270148,0.3535110627403965,0.5804738833742791,-2.0542799056079635,1
16296,-1.1824121415160558,1.4205618819855466,0.2652371238230916,0.5207075169276184,2.148012272617418,1
16307,-0.4828459845370085,-0.4979259414906916,1.871162100501976,0.0193323205143493,0.3471406369737533,0
16309,0.906911531580594,-0.1109226090206895,0.350834928513014,-0.8135309133232654,0.0990715142302331,0
16315,-0.2765367449455309,-1.0768719206798405,-0.2290675391375433,-0.8626917176695537,-1.5759280121909445,0
16316,0.7543503824061982,-1.1481416672963285,0.4539435972061114,2.285793455003471,-0.9396218187038584,0
16317,0.4661907730051949,-0.4063122214277512,0.2491400167682298,-1.7714889054995482,0.4088343897147035,0
16319,0.8804518433866059,-0.1237399133228717,1.2644057998718157,0.0643454640373784,0.1357605666648196,1
16320,-1.732060389201427,0.5848230767853141,1.5167547838979674,-0.9906183964995522,-0.4415491848830037,0
16321,-1.4166785710635388,0.464495390112107,-0.1627105015964654,0.8109655296610284,-0.077144005771485,0
16322,-0.0967605718130819,-0.0617541838624708,0.1693113923925442,0.0227416183027629,0.4250475891271046,1
16323,1.4278151661058938,0.9749002748754196,1.7559574619026566,-1.1692661369210795,-0.7563213822445942,1
16326,2.28179213144606,-0.4582897253795549,-1.0117432820671357,0.163955134170113,0.3258635577782447,1
16328,0.4746936570624511,0.075026177367966,0.2424499180473936,0.6564232238658402,-0.6026510028188188,1
16330,1.424082530463253,-0.4948428909163189,-0.0925626137835588,-1.5214866988311182,-0.9624603966834604,1
16337,0.1439334520204114,2.5901817960803086,-0.7387312718192344,-1.4539670479384028,0.2262160363785242,1
16340,0.7129854658743301,0.139943876640382,0.6790522974918566,0.8700464625743783,-2.244860036126626,1
16347,-1.4341975041334474,-0.5098224558222139,-0.173618431273261,-0.0829713368838766,0.7822145209483152,0
16349,3.5970565728094765,0.1524300666222562,0.8799553015837497,-1.1485293412056794,0.7345493634811554,1
16352,1.0528967801067224,0.5984728547405705,-0.9838712002431192,-2.0389034091404956,-0.3108871128698222,0
16356,-0.128499675506251,0.6332332869975673,0.2525005449456312,0.5619821801286604,0.8815105998268942,1
16357,1.3213255073247665,1.107198783759151,1.5052690253714942,-0.2019534203494305,-1.1559091907593633,1
16358,-0.1080847391096049,2.9253664091516605,-0.0433746711466969,-1.8128322878016256,2.7154500622337685,1
16361,1.202448910153798,-0.364244299690566,-2.221950557613291,0.9172804317746852,-2.7047561105848135,0
16362,-0.4339985268319489,0.8508604260414744,0.8191377469750065,-1.5928670018321818,0.9674678376451198,0
16365,-0.1621532193227464,-2.2239985506983384,0.2147587890349335,-3.0373936032310787,1.6812242932760717,0
16368,-0.8804449056092227,-1.226693934026743,1.0942957033539389,0.5407364025343216,-0.95164398008471,0
16372,-1.4142737918465291,-0.4461853286111901,-0.0073284258315662,-0.3226157042174778,-0.7464651112367473,0
16375,0.5084201098658211,-0.1211938351341443,0.1210993195911863,0.2369656535376122,-0.2159822300882683,0
16376,-0.0999372340797441,1.0344378398462883,-0.9698666682143722,1.7446947510278488,0.5847778089719641,1
16381,0.9413678233542292,1.810432300976918,0.4851618212703418,0.1324252202697383,0.3764742271365229,1
16384,-0.5849257790581514,-0.5998734533223653,-0.8122953841081537,-1.1758262152519987,-2.1669894389458726,0
16385,0.8419394194297091,0.2163500540168925,2.118462908848315,-1.4574694563208626,1.9703353435037927,1
16387,0.2744700986794953,-0.361666668710127,1.1393401581679312,0.1249374417582824,-1.575204831009468,1
16388,1.2935750500723466,-1.037542676911882,-1.0618509917110597,-0.2156786879552147,0.3372753996404825,0
16390,1.1183826833947847,0.5196988213808519,-0.5492964783376658,-0.7177901006544414,0.1916976766709872,1
16392,-0.8156470842487599,-1.058365196466713,0.7456140306813612,-0.9910230802751286,-1.8762097477610895,0
16393,-0.3470551400327032,0.2753600104713392,-0.1686868045528344,-1.1953701922541031,1.103215410723006,0
16397,-0.9168698896003944,-1.887739585459962,0.3771149361778325,-0.0195855630831602,0.5718933204695963,0
16401,0.7979465367951596,0.9243915766479198,1.1518790028995722,-1.0255632852779293,1.0384794273710236,1
16402,-1.8945897716611328,-0.0553931495511413,0.8628654407422199,-1.0291681667356816,-1.3384586953332307,1
16403,-0.0535041082703818,1.6517588255496771,1.703564814675003,1.1743429171372817,-0.997643195094216,1
16405,-0.7344166361124287,-0.2868872175092856,0.7474629226285112,-0.3614284744816219,-0.5177608998709832,0
16407,0.3255280594498592,-0.3107290547556463,-0.9639048920287197,-1.4149946509500224,0.865242086338835,1
16408,-0.4424301015120272,2.5888275741876816,-0.8814677039064551,-0.7541009590242814,0.3361199565415368,0
16410,0.2249196032495205,0.9349687467218089,0.4846325942772356,2.79101341068057,-0.3725658824848082,1
16414,1.6745497804637677,0.2107820722818849,-1.156719815367952,-0.1239033447221783,0.3576212229234753,1
16416,-1.6847486564442742,-0.5814052101945945,-0.0355636226134659,1.072740828328335,-1.3253789140777783,0
16417,-0.919434783352454,-1.1371815519019028,-1.6400086838900156,-2.6470738139361973,0.4430827169923182,0
16420,0.190063828736711,-0.6301946326873282,0.2366165460308203,0.5752309605528195,0.432875017549286,0
16421,0.9535811897903336,0.8512133977870955,1.032103600229211,-0.5382561499813314,0.7799853997502172,1
16425,-0.600238030140989,1.0394058836935471,-0.4956115287274326,0.3134090010225083,-1.6924737140291166,1
16427,-0.0354582053914283,-0.671515571550209,0.7376892302557084,-0.2462918930338639,0.1679194549433352,0
16429,0.8645118557994742,0.4154064642671869,0.1740109736774891,1.1044207445731649,0.163037374800516,1
16432,0.0412927722338466,-1.176601473999323,-2.0933344942011014,-0.1024852756929372,0.0086195874072318,0
16433,0.865029531222772,1.932905698531028,-1.3582208763466546,0.3416422512303775,2.378539272966976,1
16435,0.620219674646821,0.7398844257599966,0.4235303688514927,0.5456386037233143,-1.1981946486560742,1
16436,0.9820898465371736,1.5639154055045337,1.1092901263104096,0.4992038596892303,1.8871107517956536,1
16438,-1.1317177859505394,-0.8641612765517019,-0.9833456776999658,-2.1493174946538827,-0.7164654383957235,0
16440,-0.8488896776918848,1.8946740634678496,-0.019157318938264,1.7535898269938246,-0.7170498902063858,1
16441,1.0517557548867429,0.2441278949405419,-0.8104315203173925,0.2569432819454555,-0.2061188305364285,1
16442,-0.304986441422402,-1.660748460711707,1.9699570617151103,0.5430016440643803,-1.1134157801810984,1
16444,-0.6253797613134898,0.4814691866849526,-0.0164245953175391,1.249719553869405,0.3082162739904031,1
16445,2.4438786902256213,-0.1399767966298585,-0.7926667238286274,-0.7249911060079964,-0.7203011925831201,1
16446,-0.8132718085105889,1.5197847653372254,-0.2560667722432344,0.3033676151307068,-1.2733689488903015,0
16448,0.8340017292119241,0.811730475099789,-0.8680892985366622,0.369931360278847,1.9660513638877783,1
16450,0.5507582350846437,0.2417386458687124,-0.6972414864646441,2.0000818537526737,1.5287267237928082,0
16451,0.4898841578257395,1.2750870250616746,-0.0124634011388468,-1.180977884024702,0.933022706260379,1
16452,-1.2270802849967546,2.1106581542853036,-1.08402939901853,1.4582987439066863,1.9243365896251463,1
16455,0.7037547901624553,-0.2044507164635836,-0.8216788376201942,-0.9884282021114944,-1.701540915390271,1
16456,0.9390898859858566,-0.4383490403211224,1.7357694615795805,0.6183108165794647,-0.0107525212441606,1
16459,0.2245349966785955,-0.4892509487111731,-0.999041874032584,-0.7056758773363415,-0.6427107515900222,0
16461,-0.1168035532974453,-0.1424198220544384,0.6201082487241951,-0.5894494286178521,0.7689624454764822,0
16462,0.3766565782964359,0.190277126741365,-0.544410343808571,-1.6355645273380808,-0.4256011680288849,0
16463,0.7722978194418032,-1.7450120599460066,-1.5556499230695486,-0.2711996501218261,-0.8277453260241956,0
16464,3.225646583493974,0.2520734188969754,-0.3926968860259783,1.146567292960648,-0.0564464379086771,1
16466,-0.9483728641746731,-0.9607519742388688,0.8329150827218547,-0.6696247233215047,0.3753283443679743,0
16471,-1.3822139233674455,0.8159715325696109,0.1837445132145634,1.419565025343383,0.1810776801624742,0
16477,-0.4256063652844903,0.3858545167415849,0.9970667905032704,0.6664044106795657,0.669413498494537,0
16479,0.605332208874726,-0.5857628704734269,-1.086933221131844,-1.279985514269338,0.8949681020557746,0
16480,0.1708654461113879,0.5128186419106832,-0.2179530503600996,0.0395009649969163,-0.0431480896494081,0
16483,-0.0847999081630451,-0.0954854854202042,0.2283593298417812,1.1515125534965756,0.2918919274059378,0
16487,1.776014071254501,-0.9370912569681996,0.7593597375509905,0.1205814387916746,0.3679720200867116,1
16488,0.4639065280050866,-1.2530534661105672,-0.7910220887078211,-0.2436401083239318,1.223222693877857,0
16489,-0.3037220561334787,0.468159532784474,0.0559466581384016,0.0678970816226842,0.1520488560768048,0
16492,1.606665596255456,-0.2616368741158814,0.004177237774737,0.5012158578108884,1.4008701867006772,1
16493,-1.3104479136227762,0.1934139703008678,0.6402458968113424,-0.3338723350714849,0.4335256651613673,0
16498,-1.2396880979678615,-0.3033724777139225,0.1443144761209774,0.3449084179055403,-0.0007818037073131,0
16499,-0.3694661484451161,-0.1016181474629865,1.1366156062668482,0.6384206009180208,0.6820277025420489,0
16504,0.2429943921766917,-1.7215325435185247,2.0998484133318747,-0.921703563041872,0.5622060566690037,1
16507,-0.6815936706073491,0.1392659748604609,1.0752120772026903,1.3311375296913417,-0.1551318165018575,0
16509,0.1489588395135285,0.0624590576192473,-0.6071247046082097,0.3108049757946717,-0.3579938593009189,0
16513,1.150176007890709,-1.0038962838593803,0.0377545930993375,0.123710864957427,-0.1534758429214043,0
16514,1.0764768514855991,-0.0806333868739237,-1.0551463493724604,0.3892715169788723,1.777763613748747,1
16517,-1.3900941399932052,-0.2355575070023722,-0.5251942281396103,-0.3885840278427701,0.5277820756702454,0
16518,0.0880006189335843,-0.23834015611308,-1.1918930576107858,-0.4072396009864413,-1.622825574934379,0
16522,-1.3530328985107032,-0.1010798388545812,-3.003552114500782,0.3133458039170355,-0.4247347419194263,0
16523,-0.2266407365829156,1.2080897992821982,-0.7500593542502395,-0.7068920047156964,-1.4887625082017597,0
16528,0.572935843735117,-0.7755556609904881,-1.102157496349982,-0.3037389840562427,-1.4454308868776111,0
16530,0.6291816157542209,-0.2625001104207141,0.7901867140681996,-0.3228376895054056,-0.4680131609168338,0
16534,-1.131845798712179,0.5815546721693337,0.5763976534504003,-0.9477661333350004,0.0394355501289962,0
16536,0.4812144342859734,-0.1577544834279083,0.2412967942212009,0.0475487861522398,-0.7856056864325832,0
16537,0.0636167600492703,-0.6348462775164274,-1.029580116379871,0.782587105350632,-0.8451741620413068,0
16538,-0.1480706598911023,-0.8885144672136815,1.4460302583901383,0.4896509822079544,-0.9945186677775668,0
16549,1.242943971458049,0.0244724072766518,0.3036863777131822,-0.4199740148225673,-1.800186721912389,0
16551,-0.8467187398598972,-0.5842078070248955,-1.9113921022280291,0.3440509722040155,1.293441084920409,0
16556,0.4215391498210277,1.012557169559169,0.4997981639495041,0.3286952175190658,0.56814306752846,1
16557,-0.5674607994295562,0.9331915779166304,-0.077504105652557,-0.1909044482051777,-1.2474851073089257,0
16558,0.4414598662034942,0.3365983790239502,0.7434168277929449,-1.3851561565425323,0.7185319443450952,1
16559,-0.1782877587160765,-0.8965370439972739,-0.4625230791443113,-0.8166799211395852,0.3290769485523946,0
16562,-0.0312132259118566,-0.2948534809266223,0.5588856073166053,0.0954122484579683,-1.349496713695473,0
16564,-0.7280118649449117,-1.224377521981529,1.1256695132676813,0.1894741444601425,0.5638177602035102,0
16565,0.9410232171541004,-2.0639925647430686,0.045294542706933,1.1008357191839535,-1.252281219721052,0
16568,-1.791400970867049,-0.2050026344146617,-1.288712690424942,1.6052960636805345,0.0545486192097278,0
16571,-3.487774262203235,-0.7209977806629815,-1.2249870170785664,0.7312515262534077,-0.1848995270896194,0
16573,-0.268000640082536,-0.1724185824510406,-2.5200360955654446,-1.0528867819628307,-2.2061748802005865,0
16576,1.9794735442798064,-0.7746117255909993,-0.6446529452977795,-0.8346729498031613,1.1479821732998936,1
16579,0.1479436059913533,-0.8140025515805432,0.3464034681474182,-0.3080934485722901,-0.0054940995583227,0
16582,-0.6293928637700588,0.0093654863628401,1.323310109372147,2.3373846168653523,1.7401726641014277,1
16583,-0.9824166604020156,0.3043326061369645,0.8829822912216329,0.4372550816149673,-0.2609001017431996,1
16586,0.50371118559299,1.0188167083074178,0.0008945354684131,0.7171688419592998,0.3858297871335392,1
16588,0.0470635734191468,0.3142665554975049,0.0862553515707619,-0.6410171526989159,1.1769449048487737,1
16593,0.2346660768326206,1.051533193958106,0.5870450060250273,0.709082333846816,0.8806800128166978,1
16594,1.449319679313106,-0.4786060218659939,-1.0128557720931937,-0.9603738601586984,0.6056963513858719,0
16597,-0.7458855343346839,-1.3617592236652678,0.164590064512766,0.9119745691867074,-0.473640032509708,0
16599,0.5800370106999353,1.710048315069767,-0.5749734435426151,-0.2162189345351937,1.1247833810264651,1
16600,-0.3412992925379695,0.5019497534065975,-0.5051810461696251,0.3937261949711412,0.5963646764777238,0
16602,-0.6249789619558835,-0.7484338202734786,0.428069465274137,-0.8755926859146788,0.0910517993041592,0
16604,-0.5613924604861985,1.0990589837604678,-0.0193552567692072,0.0693682734433588,0.6085725056475604,0
16611,0.4681177013439307,0.1157619045092809,-0.8129011036449715,-0.4390032195366377,0.9299368603866762,1
16612,0.079242834409677,-0.0016098311117671,1.0194100692079442,0.776503257173189,-0.3843390157612558,0
16613,0.612320167880444,-0.2541867769128109,0.0955739188255547,-1.717535417904447,-0.5685000870712869,0
16614,0.1547268491008572,-1.1215815469227697,-0.329421345116164,-1.6088408800276688,0.7023619452303064,0
16616,0.4477010635196662,0.7006630261001459,0.1385519186858489,1.3661085713637138,1.479064354632584,1
16618,-1.9103999845656217,0.5181147390625768,-0.7149892692923806,-0.0011195207738081,-1.1410621503836906,0
16620,1.7943931902487258,0.8881245986900427,1.0998336288257973,-1.0431338078349457,0.348615448221358,1
16623,-0.2494276679031416,1.27644998719946,-0.1561418598437986,-0.4211443936703486,-1.899792734363218,0
16625,-0.4356357197087172,-0.8521650491268478,0.0181872056153223,-0.0190644652096388,-1.2260983315136382,0
16626,0.374244012711115,-1.264278284516419,0.6524998741055049,-0.5262542363937042,-1.1375613413477697,0
16629,-0.0148218847743284,2.089835254270707,0.1966839814116814,1.1130002135467127,0.8276316611833004,1
16632,2.685515991944644,-0.4292718801205623,1.2749668559611749,0.8984409756152021,-0.4155389942299455,1
16634,-0.15766886424741,-1.9535702680621287,0.7696137495913246,0.9149477452820546,-0.4800224414518326,0
16637,-2.2648629038691945,-0.6336661184103913,1.1199411575351983,-2.512287500293441,-0.240793513556828,0
16639,-0.0512331359574875,-0.4890895526901415,0.3616873057477359,1.269855312299753,1.3801923679530264,1
16641,0.2463128561039513,0.61072957718001,1.441929961873217,-0.1159276866807753,-1.4800108725388108,1
16644,-0.6217563285941584,-1.5391626044245077,1.120146865161122,0.1378875525757664,1.5986939727162153,0
16647,-0.8540222046554535,0.4350088137525769,-1.487291352992456,-1.8722390573003216,0.7018068811375083,0
16648,1.2480241412249755,0.0041907561947322,-0.0885317486642259,0.3498378313048121,1.155305678757241,1
16651,-0.1849183991758055,1.1503785308787244,0.2740650504627668,0.2577330147276732,0.3347191756600597,1
16652,0.4089363184987703,1.1696107668240243,-1.6089064264841506,-0.1147199523703226,-2.023173240356043,0
16653,0.4007875089175274,-0.6409757226166655,0.1428675434402585,-0.7720301182275247,-0.8184308100670893,1
16654,-0.4346326183593426,0.0818966922311619,0.686449107615001,-0.7370408836962591,0.1381988175046587,0
16655,0.4051751868839356,-0.4900669065037724,0.3793668215935956,-1.2965618636111689,-0.903534296646429,1
16656,1.0595315522142137,-2.2341642000523767,-0.3396919367035085,0.0694764875625777,0.244085566677151,0
16657,0.2820741027689762,-0.2217268357778657,-0.3799419195984322,-0.8481991757883446,1.5467756548315683,1
16663,-0.1402495959534235,0.0462526520191191,0.4247752543679209,0.6068088319906657,0.6543184226743395,0
16665,-0.7736854676315731,1.0247778065638935,-0.0986025060825603,0.9945953541312784,0.5569222200501667,1
16672,0.6146969008228353,0.2137007272008057,-0.6411929963364181,-1.94185688149319,-0.7794845801785131,0
16674,0.2874974835566741,0.877841992075772,-0.2203158574139649,1.644463197231249,-0.4518946059911731,1
16676,-0.4971633287563728,-0.2653745497129506,0.4165706564424127,0.7724117405818124,0.0308110047039574,0
16677,0.949461049301448,0.8166628083927193,-0.923770613001492,-0.9753215973604148,-0.4444337193258682,1
16678,-2.147759063567486,0.0817280868518604,-0.2246097547105129,1.6313730791010728,1.1007445163620202,0
16680,-0.5565698841817797,0.1663735792533841,-0.264450252582775,1.2960006059100564,0.3608429980664846,0
16685,1.9075674350167715,-2.0340970546141275,-0.2283852540073156,-1.6316405861224352,-2.1307448047035957,0
16687,-1.4496698242580954,-0.3895513148731835,-0.7830778503411887,0.429176755738176,1.0874235517658557,0
16689,-0.8230223953185603,-0.6576864477700615,1.0252752517505674,0.821361508498302,1.3922901338461666,0
16691,0.6605850718013635,-0.2542868497116246,1.860831438185398,-0.0016203181965431,-0.1817253545545255,1
16694,-1.4174373829245102,0.5299955685773233,0.4351677725338611,-0.4232046113604754,-0.1557235675420092,0
16696,0.8166696080258925,0.8653953077304711,-1.3967847032918483,0.3406478595367978,0.3312766566936591,0
16697,1.119714455921633,-0.2638421896153198,-1.1536733605452874,-0.9484698112600108,0.3632208346543419,0
16704,1.1948045640013911,-0.3708533279132923,1.0285484548218136,-0.6741005893059299,0.6266985715770848,0
16714,-0.4853962344766785,-0.6923265931300473,-1.3333398555314808,1.4553602483576424,0.0734691701036125,1
16716,2.7250056185740767,1.2538441758469894,-1.1191018056976725,-1.156278425681867,-0.0969462468880403,1
16719,-0.2215696476540096,0.8143788211742227,0.9849271596585186,0.2043849081062873,2.3136003171977606,1
16720,-0.6958526267127045,-0.463166673062209,-0.4155256341825151,1.129044996095997,0.3633934317800725,0
16722,-0.0163853657977873,-1.574369457865754,0.1575077438274131,1.8820724612813289,-0.8329486626889082,0
16723,0.9318111394263784,-0.2059378418911129,-0.0195803774184315,0.6203712240833463,-1.2563846623595314,0
16731,-0.1879066104594817,-0.1105645534676,-0.6388061541422447,-2.034034437575015,-0.9226148366077348,0
16732,-0.6359958931320271,-1.6398786715399774,0.0796363210068484,0.2668496397081596,0.9097483521620836,0
16735,1.6043980743044006,0.5579818893588061,-0.7813585979019922,-1.1224864012674278,-0.0255073095402318,1
16737,-0.856292531970562,0.633899696063879,0.3484293429396704,0.4621202071550342,-0.2587198431720156,0
16741,0.4826468342582702,-0.95652014879267,-0.2934755623145203,1.1525266388499014,-0.5844769258895238,0
16742,0.1352020082086409,0.4088717627474513,-0.2193432863193591,-0.9128859530614069,0.2515181755549057,0
16743,2.3050884230167625,-0.4660339127280323,-0.535521130921993,0.7415472917369638,2.3833538692387477,1
16745,-0.2972918607625506,-1.1582479315000414,-0.3668237237236498,-0.2884955105383626,0.9515232589587376,0
16747,1.1326094305087993,0.8088699910130571,1.921859848773072,0.2667372433690457,1.7730545926724572,1
16751,-1.442471168801911,0.1587878119296364,-0.3055937473159891,2.4889355971183504,-1.0762658396288518,0
16752,0.4938923553727605,1.26486056206949,-0.560061869189412,0.038756247506474,-0.5066184862677717,1
16754,0.9553263279195467,-0.3814584026442348,-1.7226105990532516,-0.144219733746879,-1.204375165953253,0
16755,0.996478801935892,1.0438969438050296,-1.1390995678591154,0.5490561103435622,-0.6418631475673406,0
16756,-0.2848632833066439,1.9972526949960296,-0.370668455377829,1.470307926312776,1.7733459908496774,1
16757,-0.3086870355779718,0.2923658596725363,-0.4615229016119431,0.0286492588568627,0.6722702500176267,0
16759,0.1598532765161187,1.3087688618572846,-0.1650820937301442,0.4289136559260958,-0.9231194618405612,1
16760,0.8774366197443427,-0.3714387325683026,-0.2040730816981174,0.0790799611586875,-0.5255722647763033,0
16764,0.3777873598149806,-1.330682412813205,-0.7309630451447922,0.9521157287124276,-0.1794720525807226,0
16765,-0.8194087934931605,-0.5947765198119406,-1.2143092217177842,0.329329106962778,-0.421845739881748,0
16767,-0.0691442029568855,0.6510708833114535,-0.6682485104318964,-0.5291253205289993,0.1412970865238097,0
16772,-0.9709102156415894,0.852769434007678,1.2128212975524073,-0.1739152760723763,0.5453977074605594,1
16773,0.1278056504345977,0.5941454240762454,1.1825975220421068,-1.1427404114904574,-1.0560739031046849,0
16776,1.1084158838577138,-2.5894581680206463,1.1339930152521742,-0.5671560069836085,0.8514807007808834,0
16777,-1.0212558908357,-2.5069823179337276,-0.858585430797224,-0.1319015442645307,0.3870453212670616,0
16778,-1.4135662742183064,0.3772080704763497,0.0274566182135748,-0.6171770772188119,0.1168203326277874,0
16782,-0.0988616191394309,1.2975321508614848,-1.698487381284426,0.6948948062144295,-1.441691681552673,0
16789,-1.0229271057346698,0.2299157887988146,2.052751501008742,-0.154453196629305,-0.9323368176024384,1
16790,0.993699391135734,0.1217225486249417,-1.630453696996049,0.2097903224972403,1.1414284372759758,0
16791,-2.0997246469892987,0.7187796701206127,-1.2509777017619732,-0.2032862568132956,-0.473607274088089,0
16792,1.111735358255213,0.9983290881768668,-1.3537221947735725,-1.990395151563839,-1.5141799675528094,1
16793,0.4255656853544431,-2.2821678315666656,-0.6439816015356377,0.9304330171648706,0.5988104902625749,0
16794,-1.6966695561152514,0.19815198731882,-0.9575738028526408,-0.6458124661349423,-0.572130211561973,0
16795,-0.4545845258342307,-0.0861978651559514,-0.7370053484924852,-0.6971781896220551,0.8925749426912054,0
16797,0.5601619025857456,0.806856200818965,0.422052002578018,-1.0821194429387309,-0.5657608919136998,1
16799,-0.0760926188551473,-0.3901546335010269,1.8949141907183569,1.9665548348487631,0.0374240355456409,1
16803,-0.657426758268482,-1.2094863371415732,-0.0904979393559662,-0.950486392628801,-0.392730585741601,0
16804,0.5554761523192915,-0.3292909577744903,-0.3283462511992043,-0.0203805893940056,-1.3983910730438964,1
16807,-0.1567901717615293,1.2128494816080335,-1.785594810751667,-0.8083571966232584,-0.3797871583477356,0
16808,0.0453398293258484,-0.2980234076512977,0.2091872003273777,1.3693313647512997,-1.1510242762610203,1
16809,1.5236779743478976,-0.2177608516210019,0.1936167547118398,0.0242113154356596,0.2789433754744728,1
16812,1.1407118444171394,0.254528623255141,-0.6982442260203059,-1.2250041192438443,-0.2326447880883711,1
16814,0.2479956343080471,-0.647372903833758,0.1464457544940659,0.6294526918846557,-0.9264384867983108,0
16815,-0.2574344603166783,-0.147155709689879,-0.401648999767608,-1.2330654442818816,0.6612996035799426,0
16816,-2.105936549359487,-0.6593110567463781,-0.7265877707573128,-0.5591309093318189,1.459849663787659,0
16819,-0.0213364218632266,0.8678920501189589,-0.3382900031754835,-0.7987913074083247,1.949923170883476,0
16822,0.4956495577369226,2.713034959199166,-0.9347156671843174,0.3160702285954875,0.0160254002826728,1
16823,-1.1320189032302144,0.7810088588939629,-0.4435365429499454,-0.6878715593707867,1.3675119944192786,0
16825,0.7860696374432204,-0.1752073462458754,-0.3681223396163373,0.8576215563479944,2.778358606955418,1
16832,0.5509537385526992,1.8172634566528296,0.0804891619378526,-0.3371138712721788,-0.5551582068042431,1
16835,-0.8722868278619151,-1.334874873672643,-1.7221603561285013,-0.7743585465745925,-2.9044789202557757,0
16836,0.1864926489454328,0.2349415335956426,-1.08934650457957,0.8625931917885974,-0.1675680934684455,0
16837,-0.1533652431507816,0.8674011937985879,1.131186144051043,-1.0179209760758716,-1.43863149901199,0
16838,-0.3798623232861858,1.549925766961335,-0.7737172923438015,0.968241959029272,-0.9739867994859468,0
16840,-0.483089748357818,-1.066372812981304,0.2298754112809002,-1.017214389758034,0.0954478378881416,0
16842,-0.8671727147988083,-0.8716401454324195,-0.0650927552811879,1.090887511538854,-0.6973937801069416,0
16843,-0.3089734914603947,1.200435299783652,-1.3703696373675909,1.5209900260256963,0.6220996411016471,1
16845,2.039769335778817,-0.0419654158107635,-0.0094994659721415,2.210098241964195,-1.088564978156026,1
16846,-0.0186182332118547,0.4260589325517556,-1.5429641200297917,-1.1619762440180972,-0.5710340175307668,0
16849,0.7695048959777813,0.3245463709396511,-0.0961419787790137,0.2516185878349384,-2.3270846300609165,1
16852,-0.8335832042250013,-1.1520487669791435,-0.1269357033709781,-1.2527603557176212,-1.2546801832113574,0
16857,-0.1264790457026829,0.2289748033783058,-0.4787077288458088,-0.2740075737509473,0.94855845900381,0
16858,-0.4309212177036118,-1.150905040129193,-2.1802159907001015,-0.7615806207796302,-1.0987360236798174,0
16863,0.2613467175766769,0.6828874684576014,-1.0324432244850543,-2.0408927447714156,-0.1370996645029826,0
16865,-0.6926072461943428,1.1632695035342933,-0.6713829184629231,0.3587766149317031,0.8395659855686307,0
16866,-0.2077085963944035,0.8418116796741845,0.6681431358306509,0.1834738923612223,-0.3746857073059595,1
16867,1.4314222302173447,0.9072798346008112,0.7386663772939758,0.0576209208499314,-0.5393021322513073,1
16871,-1.1274708437167993,1.7420353000383035,-1.348535426559705,-1.3119991088039449,-2.282412754038047,0
16875,1.4103783793239435,0.9226535618798556,-1.2197954887218765,0.352032031814788,-0.901808408751808,1
16879,0.9651176938660494,0.9806893097020152,2.28186347547123,0.4214920056113701,0.1241494192875617,1
16880,0.4682047483069729,-0.4108012396743061,-0.085541743974432,-0.8316362174527037,1.3593357225787903,1
16881,-1.0055223813941938,-0.81758305592919,-0.2122544633389465,-1.1026367274177755,-0.6508310563619744,0
16886,0.2033050866427709,0.4699132888190283,-1.8602444023074591,0.0071350429240655,0.42801764152679,0
16890,0.6645162296878282,-0.356409020907634,0.6595590181746593,1.3234172898454557,-0.9425677469499016,1
16892,-0.1680122278453071,-1.266162204472067,-0.1696037966396175,-1.1457183321465374,-1.642837788482189,0
16894,1.6654351690947289,1.124000742133703,-0.4281203701130656,-0.6199985070319722,0.1135948086915807,1
16898,0.2763171676561166,1.6128972040810876,0.4802128173982353,0.7246072624984841,1.6537232694007702,1
16900,0.1472801538276608,1.3132016527293195,-0.3508483889466682,0.5268274453412233,0.9592650243751312,1
16901,0.7581084715055914,0.3825717311792077,0.044472134479906,0.7878091687305542,0.590207472157548,1
16902,0.1822920258303983,0.7480577507487998,-1.4271731266321803,0.4933158612400615,-1.63896951990652,0
16903,-0.8184320752336515,0.3936451177204488,0.0099055616079356,-1.63235692441842,-1.831245896399515,0
16904,-0.2910695206606543,-1.771298011802463,-1.332929931999392,-0.5589100746261852,0.89872207368005,0
16905,-1.1499410325840804,-2.14339108786927,1.351546182110611,0.8583924058354145,0.3645115049188089,0
16906,-0.0334538264871881,2.0927570093097465,0.3222922291832428,0.0859415452256677,-0.176993276603574,1
16907,0.4361606313443308,-0.7303968585715502,1.1143865781649864,1.3036946610697944,1.274338170054868,0
16909,0.9154452633857012,-1.7429770562563356,-1.2840507187121328,-0.9310489193136616,0.3462792531409382,0
16911,-0.2660234840524194,1.4615123745044187,-2.0443861703965656,0.4571817974102787,2.0995949690821902,1
16915,2.2329880209921553,-1.2759982751014574,0.946343162357801,-0.2355828647023501,-1.0368888357429384,1
16916,-0.7027435390770223,1.4587822684477605,0.289266433372937,-0.1257533063850696,-1.573364049168848,0
16920,0.083253472730632,-0.0357806744296064,0.1971632918463764,1.5860378659402508,-0.9839113611532466,0
16921,0.6715901128977801,0.8421611251831925,-0.1638689881371967,1.2293427694729526,0.9393613021870189,1
16922,0.8368275525699066,-1.2713118969795492,-0.5352566891942365,-0.6672723952775739,0.7239680581359211,0
16925,0.2251990905143817,-0.411134017305769,-0.9424399053407236,0.0086010080048055,1.555348826251327,1
16928,-0.6217394032775894,0.8683113717874397,-0.1169874495834007,-0.028852871850708,-0.0922755683427659,0
16929,-0.3940255066308194,-0.7958902467859282,-1.6660136914800925,0.3837681342166687,0.3016938066779893,0
16931,1.102276487035542,-0.399980528884389,1.108720465673682,-0.0732582237488571,-0.6603172001146593,1
16938,-0.9600635368255424,-0.0652427736558999,0.9698423606861744,-1.2165906496070935,-0.0424483595656654,0
16940,1.3870746810496657,0.5189782008889875,-0.0142261927901584,-0.4283340882888747,-0.1498620615229494,1
16942,-1.7084275543496947,0.779658549608803,0.1102041913222186,0.6709094852849927,-0.0292833384726473,0
16943,0.9534985424548584,-0.7141601961868591,0.4220743766649938,0.323771434434456,0.407679597933041,0
16944,0.7888567548295896,0.9257613961195104,-1.1290466937598678,0.8020304543221402,0.188898650836477,1
16945,-0.1896658982173626,0.2873316590875428,0.242954047382175,0.1007997224482137,-1.7583349551372027,0
16948,-0.4492834157300774,0.6343474890000189,-0.0131971101123997,0.3543952884000297,1.47307498734162,1
16949,0.0676198089302047,-1.3332533265214035,-0.4797475841638937,-1.3774315843602538,-0.5895291440579763,0
16951,-0.2706898094634034,1.6266648490483504,-0.3128108961947696,-0.9724732700264882,-0.5008269234282002,0
16952,-1.2441923220828746,0.8497605979527411,0.5505043176190186,-0.3004627299771817,0.767849973438878,1
16953,0.5979358311869676,-0.2762755114015943,0.2436355584930554,-0.2382629585660131,-0.6604260283509293,1
16959,1.277036865311508,-0.1005976491575332,2.616611501021782,0.4091020597224251,-0.2202084753298062,1
16961,0.1603734033351101,-0.7081112182807641,0.8364375011254549,0.2535999263396783,-0.6133443840282764,0
16966,0.0683274412079416,0.3102600537078421,0.3263963129863405,0.7295994297463879,2.0226764734155287,1
16970,0.0080860056846714,-0.64915060105356,-0.0507817657153805,-0.9767833550631662,-0.6957683871390951,0
16972,-0.881811358108344,0.1438676651526214,1.1383777102603818,0.8049241156351608,0.5875745644756568,0
16976,-1.5411191286172423,-0.7303660678224038,0.3191342914659525,0.3939382449659042,0.0977674980137952,0
16978,-1.7051964979216778,-1.368684967669669,0.8752225920007415,-0.5935117812122018,2.409486130712118,0
16983,-0.3292612837916144,0.4070065619809566,-1.218562851611841,-0.7662603623665407,0.1527036825982442,0
16986,0.7068004874384781,-0.0644231749332236,2.958014158190335,-0.529980960127101,-1.5367625468217991,1
16987,-0.1987462977750114,2.2762393527223055,0.3638537911791292,-0.0692788797793445,-0.5204789785415863,1
16989,0.01403103145759,-0.3056244230027688,-1.4473475834156806,0.2190867163943782,-0.2714393541102292,1
16991,-1.7981954545532166,0.3131128401507927,-1.6950759052342834,-0.3685214065659733,0.6417570972683531,0
16992,2.069469135095207,-0.9925747016066628,-0.830583421217297,-1.683921182781414,-0.7234906784894849,1
16994,0.0490063843974518,0.1287032229356387,0.7865089865257433,0.8069424519523956,-1.0215814953990463,0
16998,1.562923057443456,-1.5098988003487006,-1.1865267769221894,-1.449691729801621,0.9017525850275238,1
16999,-0.2811305889695946,0.0584618612886346,0.6030947852480786,-0.0115124097229147,-0.6432434674444844,1
17000,-1.0978888093460573,-0.2358492399137829,0.8006755488111997,-1.690145207253475,-0.4880204044307988,0
17003,-1.225486210760814,-0.9918274517369684,-0.7452669788046217,0.9793253967706554,-1.9813718025026597,0
17010,-0.7569494519686838,-1.1994640656553204,-0.4937808946255274,0.7597790572100054,0.2464032984106618,0
17011,-0.4248292604217613,1.1023279986429044,0.3186528825340463,-0.8794343457000471,-2.09909832921594,0
17016,-0.5322835985265858,0.194195333479278,0.2381997430353359,-0.0643418378608354,-1.140018109283531,1
17017,-0.0096240007029635,0.1447225963195721,0.3211850158818312,0.2642747860918253,0.1856009138088341,1
17020,2.0863619830853133,0.8121473303295934,0.0990915708334234,0.0653016347367811,0.6074590773230586,1
17023,0.2845391433583857,-0.8883759882140745,-0.8754252255241359,0.701756549175039,0.3866897872026972,0
17024,-1.3203777792303264,1.1611005081233403,1.2493582088753488,-0.2774883230717943,-1.7304403994901194,0
17025,-1.422457064073461,-0.5828812041331187,1.174479776885109,0.1349516570235423,-1.2366119348904985,0
17027,-1.7717051609032397,-0.8488492771635084,0.2958761329242306,0.4216068723215085,1.853165287400333,0
17030,0.1369809286142533,0.5693895902903743,-0.9375615243947536,-0.0210036146653023,2.059166003835177,1
17031,1.0990153535701706,0.4997960010520884,-0.5410783817176568,0.6266918899720711,-1.64249105555547,0
17034,0.0734546787580316,-0.4864762145433601,0.4198702146319131,-0.203770663347213,0.5456971417567922,1
17035,0.4098313006187584,-0.4017047569965776,-0.5049817600413713,0.2662705161356002,0.4203419903742932,1
17036,-0.494821398371171,-1.0088039690648667,0.2535155111284576,0.3534453307645282,0.1158569061414938,0
17039,0.8020710822624674,0.0047136982888642,-0.7122784057687717,1.107224877466734,-0.4038196441473347,0
17040,0.3386510809570928,0.7348925394941261,-0.189258074663703,-0.2531570039295253,-0.7837967410357264,0
17042,0.2612712620561932,1.1376790469786775,0.7742270327062197,-1.9471639741435516,0.0363722736194804,1
17044,1.167059931028579,-0.1711034222258919,0.4123707783896936,-0.6391245322029169,0.9941142504441326,1
17045,-0.0528176545387568,0.127032723639625,0.9318355606236982,0.4576402693645476,-0.1729150407087383,0
17050,-0.9981089345942512,0.9315107813202416,-1.472974859535649,0.0717248544584192,0.7257184078538546,0
17056,-1.7951400870886838,-1.0565662115029657,-1.0145580401446423,1.880502993286646,1.0597270172347744,0
17057,1.3589536133390925,-0.7484585145251553,-1.5338642256341184,1.0166275895684629,-2.2673697119763885,0
17060,0.3810001957878236,0.6275134436445757,0.977970183288659,-0.1482463451471738,0.0796132831648736,1
17061,-0.8826235253360412,1.0225381037349055,-0.8465917541354306,0.5896279192522473,1.0138717326040387,0
17062,0.9970178174407068,-1.361705964701042,-1.5441380637778597,-0.919010158058446,-1.058155024524445,0
17063,2.1118043769426653,0.3700920542170093,-1.2655244547613065,-0.9953620210142176,1.5650879082597713,0
17064,1.2946057079712905,-1.324309376724632,0.7750116490140883,-0.3148569918438413,-0.2037261268387367,0
17065,-1.3548894521725288,-0.394011728221097,-1.0356663601556708,1.265393543847295,-0.9686129120439188,0
17067,0.4325684985014604,-1.2259546009714042,-0.5102860063409665,0.2583979597274472,-1.2684401403233228,0
17068,1.3201314577133467,0.1324235691128251,0.0157067141916386,-1.5789535548343383,-0.5930044176489303,1
17070,-0.4323349346074577,-0.0539744560332172,1.9003367134775555,0.3052298673976571,-0.9053967694692978,1
17071,-0.7619602427007949,-0.5034877322605734,0.47768892436452,0.2943691827977206,0.3725800314838144,0
17074,1.3552872686510733,0.937299639651044,-0.4521938912139636,-0.0792329564280249,-0.6348795832097622,1
17075,-0.8150496380761223,-1.5393349469173598,-1.0753695325751165,-2.619577254199326,0.0570681070511304,0
17077,0.986290614041362,-1.322600852779516,2.041098332699254,1.4839258700334288,-1.093273705921911,1
17079,0.5986999369324219,2.724317547274929,0.1459937003447982,-1.8457976648499128,-1.0190791546660662,1
17080,-0.4875227606032737,-0.339845298624119,-0.3766166216940215,0.2719176741511923,1.4442645632170916,0
17083,-1.431543887645317,-0.0018334715900509,-0.5834656549355688,-0.954890467067032,-0.2155748896312529,0
17085,0.6177850906548283,-1.3173833875237817,0.7683267348591665,-1.6163175230266016,-0.374029930019978,0
17086,1.0219246472799608,1.7297854841070266,-2.3358055063347343,-1.271978978011771,-0.0669616476409527,1
17088,-0.086462722941106,-0.0177529608535139,1.6036139897789348,-0.2307348468402689,1.2462101857108876,1
17090,-0.744467372895041,0.1226722323616319,1.6349093969968729,-0.3641672541451504,-1.04711675685683,0
17091,0.8381843884001657,0.183305641835314,1.1595603545734037,0.9717094388405172,0.5631033326272153,1
17093,-0.0695156189986508,-0.8096971044384149,0.0275518610675462,-0.4035962553117856,-0.9263010281233416,0
17097,1.629073105807097,0.1463134285663039,0.8530768628496962,-0.0174508891698395,-0.6321805996559182,0
17099,0.146592661569682,1.0427757338922874,0.2616580479014005,0.063910354694305,-1.795130086626968,0
17101,-0.030985206717229,0.5023665573659384,0.5664999566268405,0.3380056808340826,0.969277685556388,1
17103,0.4358808745908317,0.7350183024019192,-0.7570961397852803,-0.6448125743402519,-1.6361132817288204,0
17105,0.9192712917674984,-0.3839435266256932,-0.9037273183591256,1.4812930572267151,0.6932927590223726,1
17106,-1.2994096417018968,0.7132815985634772,-0.5249609625848173,1.0251012367046233,-0.4157195636745939,0
17109,0.5482752855627827,0.6984642567038805,-0.795323598245429,0.5455777997045504,-1.8266872733972903,1
17115,0.1427660572858579,0.4960096183039724,-0.3049604889374287,-0.1952595855576869,0.4673363304629817,1
17116,1.4037430325640623,1.2885365691723525,-3.1609372366200796,-1.6782325609121076,2.0758285974572144,0
17117,-0.5328480233368208,-0.3840911913200752,-0.5817131675164984,-1.305752828181283,-0.7733879798793951,0
17118,-0.5430234086944793,-0.5016444930951216,-0.9793102561406184,0.9168201798286468,-0.0921998796096552,1
17121,-0.3827391529499545,-0.9726325709749376,1.860225865877215,1.1533796507400362,-1.861522435611807,1
17122,0.4584234523198163,0.7065580038713174,-0.2234912083204846,-1.2851112670613332,-0.1858078750170229,0
17123,0.1934086113394244,-0.7025073387012827,0.72036914422141,-1.6071035445105872,0.1763929577276707,0
17124,1.940273444733569,0.5981801191806418,1.4458652763902275,-0.1360513500405831,0.2079578900595898,1
17125,-0.4328007933233265,-0.3991731154672645,0.507630360863476,-0.9377420659104876,0.8332285376085409,0
17126,0.4878865748468297,-1.2151335508546348,0.9694115933103876,2.106916991909496,0.8887854020514184,1
17127,-1.938648671696695,2.37565584064705,-2.2145984270169787,-1.7171784621398267,-1.7566257181794485,0
17129,-0.3109120844388612,0.4634048861547362,1.4548935531349427,-0.0451950450661909,0.432000883795925,0
17131,-0.6050281176862741,-0.4840310048214586,-0.2377023686098218,-0.0106581172691814,-0.2352299827854648,0
17132,-1.2817619363005246,-0.2660396715047205,0.2641963754378481,1.495088901461744,-0.5936752251489439,0
17134,0.4215333501337854,0.6425315495393153,-0.4404403216918872,0.4724605657156209,-1.7666865534193703,1
17137,0.2292123153874195,-1.585152055750484,0.817496558829688,1.8424270563714904,-0.9320703053184428,0
17142,-0.4851596668944714,1.3097303736406236,-1.6981441351797684,-0.3202588023171285,1.1058430834687658,0
17143,0.9942994323778158,-0.5022221986289137,0.3115719685540805,0.3025183494618287,2.173960653977837,1
17145,-0.621291477067613,0.7378295106921071,-0.7978601986292595,0.1871196093603014,0.6704780794419191,0
17146,-1.7326874165481974,-0.8141337999486675,1.911779090638294,0.2205453470284155,-1.1386187246696728,0
17147,0.143507994200289,-1.8731414856167217,0.1656400770396028,0.3940323213862488,-0.0879828878613554,0
17150,0.1657139587061889,-1.3626521748737168,0.5551224386777475,0.9279568384184,-0.8841813666071223,0
17153,-0.0075746927264889,1.0021935672374245,-0.2833633812099592,-0.0917541208756968,0.1972065482266992,1
17154,0.3218050426211825,-0.9239869734218452,1.8872918602388613,0.6723567793430336,0.0017095475390676,1
17155,0.0230857790890045,-0.0759027431070274,1.461932137073077,0.9581973086326764,0.6348249796437402,1
17156,2.4780998256312867,0.5920310499965247,-0.8998392754518735,0.7403081676830641,0.5331528936153862,1
17157,1.3873863005635216,0.7454379927344567,0.1379575549048234,0.9639042403742588,-1.680246933989154,1
17160,0.2254612790893962,0.3343325402640655,-1.2883465742504276,-0.3412829876990286,-0.1884146886576877,0
17161,0.1166514263291843,0.9481705914757408,-0.9572160088393388,-0.4078724633654283,1.3105002295044192,1
17164,-0.5030782979590892,1.2370355257511594,0.8618794483174675,-0.0151357784472248,-0.2433332833480533,1
17166,2.406386231826411,0.1015624148121226,-0.753447659790537,0.8759179058520784,1.0764211545456557,1
17168,0.1296970223444979,-0.8451708688957704,1.098787736929325,0.419370886008896,-0.7739314853132229,1
17172,-2.350864756556456,0.3116614933991691,-1.3082193600194332,0.9678772512937492,2.3037567450960275,0
17173,-0.8940131012896804,0.3517876176732515,0.2990258993792369,-1.534816533867563,-2.423453392269988,0
17175,-0.8938975965456619,-0.6847493811558659,-1.8790409722252557,-0.8850310880846319,0.4609618418136854,0
17176,-0.226430795943527,-0.4080417026419051,0.833853721715805,-1.1267594989325964,0.4284287808569811,1
17180,0.1932288662190572,2.163973948622855,-0.6550337785493993,0.5115781664542169,0.8189067308576108,1
17181,-1.15960130340246,-0.6184377605946197,1.249566688646678,0.6551125683752995,0.0704005607502784,0
17188,0.1875787047320428,0.3799849043648183,0.0630856018656675,-1.3568656196096789,-2.0638988440765766,0
17190,-0.1020391257569821,-0.101027374886524,-0.0706772311306205,-0.7083631282385161,1.3330332868583472,0
17194,-0.0217918434066045,-1.578996425728071,0.3277877811693566,-0.4593490467743142,0.9519447678696924,0
17195,-0.7279741815108784,1.2505594164468192,-1.3890988716691044,1.4118294144889023,-1.3724983297719702,1
17196,-0.7876969728267735,0.679123496736925,2.1413526351202146,0.0845227347679417,-1.4038182928304623,1
17197,-2.3377365931306184,0.9522073054936452,1.6477537746899116,1.0928813890732467,0.168369186843423,1
17200,-0.0212072514282416,0.310496294508584,-0.5619161917707624,0.3531831455465519,1.072794827472524,0
17203,-0.9367367286087108,-0.010984231307719,0.9281626079970102,-1.227461238135297,0.7324482650204988,0
17204,0.9006405863914566,-0.2656358139325821,1.2810431465820578,-0.1731388221541878,-0.1031949604465878,0
17205,0.7153546363688082,1.233964249522281,-2.8267080370883653,-2.0827721969149993,-1.287843472975999,0
17207,-0.258693015437705,0.5029421591103633,-0.3114409893092191,1.092026425832978,1.3491156027674518,1
17208,1.5673742172274785,0.4868587843652837,0.1113383305296338,1.034812155891831,1.7003067331229451,1
17209,-0.2604437408771921,1.457087585175757,-0.5487333791990656,-0.784824778233354,0.3728211746118701,1
17210,-0.7355790805095134,-1.8963245785746357,-0.189473037326111,2.420940773165117,-1.8554943725490816,0
17212,-0.2786701424155144,0.6077627722423189,2.2133703607329456,0.2345299384189947,-0.6072462230866241,1
17213,0.3923335362241227,-0.6398866244293197,-0.4585088529692289,-0.6804372092156414,0.9543069324054269,0
17218,0.6647507901543346,-0.1087571008543499,-0.0375262516764085,0.388663646933985,0.2721444235319948,1
17221,-0.4809551299547894,-0.3613719606323382,1.0838551557628051,-1.3743874491497707,0.2615706281698525,0
17223,-1.6055058197033878,-0.5142924236579733,1.735986246246206,0.593087236612582,2.0248234501882783,0
17225,0.0445635124428107,-1.4469256429747532,-0.5301977215165589,0.1750041871690379,0.7812134463177313,0
17227,-2.1654578909704743,0.3173757203122223,-0.3816956826734848,0.5830942887979751,-1.5899706568231042,0
17229,-0.1643837765541999,1.1265919695408926,0.038675112123234,-0.577029492686815,-0.258462736460941,0
17230,0.7561832747463901,0.5509523168551831,0.7165021860242109,1.7460965570159803,0.0477081949678653,1
17231,0.7069974371241279,-2.143527419540452,0.1805149464114597,-1.350004629615537,-0.6305238381364588,0
17234,-0.0915383737598468,2.2603293634179367,0.4552720047822967,0.7468631091671717,-0.316421968093502,1
17236,1.959291384740764,-1.488992196561527,-0.4745433653050719,-0.0451199554156011,-0.3602996754944869,0
17238,-0.2847620366502822,-0.690057559053811,-0.6593475340413874,1.6097701864867735,-0.9832594996594513,0
17239,-0.3958411641132231,-1.809888915716105,0.4831492840302002,0.8835156755975494,-1.7522194665556252,0
17240,-0.7233555334373105,-0.7944532048635473,-0.3563737298434467,0.5521082633601087,-0.0266231686438488,0
17241,-0.0005047179857849,-1.4253342596436636,-0.0423995656808685,0.9534102183251868,0.1052940954126697,0
17245,-0.0542714576478353,0.6392136299381814,0.7132742435172144,-2.3612342072983754,0.7811370936210463,0
17247,0.0701282074941147,0.3862941552609367,-2.150662610245522,0.6703978321617906,0.7104378300269629,1
17248,-1.3048070892899004,-0.7403037061774387,1.1343676489732586,-0.9793891507214504,1.4891527939975184,0
17249,-0.9313000900115656,0.9726955253929704,-0.9635281771444074,0.8284605807878582,0.2280155972855831,0
17252,-0.630324625177676,-0.8845454704351168,0.0002957030267887,0.0171862266218603,-2.5251496052347164,0
17254,0.4586267070836419,-0.7737244273681162,-0.3168144767361746,0.0067893309385497,0.8036333144662094,0
17258,-0.8440112667470533,1.361433327650711,-0.7579616775396723,0.1284301256740243,0.4186785080027803,0
17261,-0.6313503441261227,-0.2119831111393306,-0.8602257648718149,0.1146337721198315,-0.8898587130645521,0
17264,-0.3052014479510863,-2.1712202553154216,0.5630547177383013,0.4165253963455918,0.5325737628286749,0
17267,-0.632594026293573,0.8412200705510288,-0.0748064748696555,0.5592230128072226,-1.0151830650447238,1
17268,0.6091937022613358,0.3937547902558561,-0.4516242203747067,-0.0475580841567772,-2.1267563674553416,1
17270,1.2420970690149045,0.0409895273935473,0.3621314631281048,-1.8147654800305817,-1.1225440267263709,1
17271,-0.4651500421005551,-1.0599200506868225,1.0051332516677134,-0.6238736438851615,-1.2080573573077,0
17277,0.4527241987475607,0.2191540447391529,-0.2994149613418542,2.4042045887758117,-0.0367585341544509,1
17281,1.3460653240971403,-1.9001250615574568,0.8355856122827289,0.0813742274708758,0.1362557427537398,1
17282,-0.5049566811998243,-0.4204888998836448,-0.2445765802671182,0.1369733520374947,-2.196262427649914,1
17286,0.0427223367889296,-0.9277144603623868,-0.383226617629653,0.2182620328092177,-2.4270651846303553,0
17290,1.8468846991529129,-1.7649516562004102,-0.1750779709579348,-0.9124968267932496,0.7507160883891797,0
17294,0.7635691059105366,-1.26899136257777,-0.004114804460871,1.4993508848141197,-2.436878923564985,0
17295,-0.2876416952564858,-0.6576026704131246,-0.4733787458337489,-1.4260155389827005,2.0745502887278566,0
17296,0.1625629630796789,-2.052997473983293,0.3672875712163528,1.125382652271637,-0.0772608102183894,0
17299,-1.6127196612206591,-1.824834253244604,-1.7288059890131473,-0.4375921522690132,0.244153166854575,0
17302,-0.6008474100526299,-1.0292993335329623,-1.0846006876938017,-0.2610339052647364,-0.5161134988369661,0
17303,-1.2855590133012045,0.7128487002193928,-0.3504116259858069,0.4367601961963653,-1.3001779097498258,0
17304,1.0097535187351825,0.8302687334232794,1.1556943632805765,-0.1204165904008895,-0.2368799527683124,1
17306,1.3520480820981633,0.7712216267164568,0.3082629837912606,-0.4262865642531707,1.706952312302735,1
17307,-1.0333026801642635,0.0181070725460296,0.4817263656023952,0.4298038152197577,-0.7914783949285303,0
17309,1.859388166250325,1.3570821704963112,-0.6528932833896601,-0.1581924976355209,1.157054118312526,0
17310,0.6732812007157719,0.1396819938065178,-0.9693346990646968,-0.8667798701613636,0.1052235648740181,1
17311,1.7022240383117877,1.1984383387065658,0.6616956603722933,0.780544467835187,-2.2554088379352777,1
17312,0.3458664006534459,0.3367131533572412,-1.4366627723744192,2.2666070783881476,0.5013816688355497,1
17313,0.6029091835831006,-0.7175637868694688,0.3035744146401866,0.1911799879203649,1.9619914013589064,1
17314,1.001616518364546,0.2369073496225101,-1.4767424002725775,-1.21764152618838,-2.536989611550198,0
17317,-0.4287546563484351,-1.2465836752934498,-1.2727961929156275,-0.5001102686215944,-0.666771211289404,0
17318,-0.3318398415868621,1.3696870107830583,1.074562873317929,0.4202634943233896,0.7037101104381952,1
17319,-0.9938305005603671,0.6436006091823135,-0.9788639327051076,0.6167762127333449,1.855085387379749,0
17322,-2.191212479055899,-1.0674900226653885,-0.6033417009913636,-0.949029825495338,0.3251813732687201,0
17323,1.2159093282071114,1.3989353767668284,1.4692617174524858,-0.5165417294257212,-0.148765813698657,1
17325,1.2915461455551167,-1.1653540806999512,0.3387358499397074,0.0048769876661263,-0.2563438017642047,1
17326,1.991553321526761,0.6281061703488622,1.1079877159289493,-1.1020423597710087,1.111602940412683,1
17330,0.3439202432231706,-1.8098148713462925,-0.2487248377999397,0.3837038037194833,-1.5042447868150417,0
17332,0.8710716788478815,-0.2408505437487516,1.8228043927795137,0.5439623307688751,0.4659969429967969,1
17333,0.4987290253967719,1.3079559443328406,-3.1000758404935618,0.6958759795575008,-0.8145116119256418,1
17342,-0.2547003296515648,0.3090494054355966,-0.2099126310863154,0.2997487682547456,-1.5174799918618889,0
17345,-1.8299910721751207,-0.7136069541668967,-0.3530339953337087,1.0500197988586912,-0.3140360320027267,0
17346,-1.329569194805093,-0.4958567968758263,0.5081832469714271,-0.148183950428686,0.6214080532522281,0
17348,1.231055151795307,1.1189382142808295,-0.8226565570711594,-1.7017819426941456,0.4749994622206419,1
17349,1.1703578220649096,0.4797150452336637,-2.1067303022860653,2.0340887523851716,-0.5389355236943913,0
17353,1.1083599531337305,2.138754214409796,0.6207001699107181,-0.7313192959592689,-0.2184661013522005,1
17354,1.3041260156759462,-0.6976788624359739,0.2054763618204063,-0.4826873612071704,-0.315293608880329,1
17356,1.1102265537532892,0.208014403474509,1.2535276849775567,0.7425345115837881,0.7969351316065095,1
17358,-1.1835448125873886,1.2524726962327914,0.4219304354778646,-0.4935357041155407,-0.9632698079461444,0
17359,-1.3791340486586852,-1.210603027471328,-0.6214811933731044,-2.839734756233017,0.9030704346023808,0
17361,-0.0438796509242664,1.452652609712815,-0.9061300941341628,0.8294498979744793,-1.0799330339162851,0
17362,-1.167205016052147,-1.477450463185278,-1.9309462070967065,0.2514908155479942,-1.0341530214938095,0
17363,0.3228830833052772,1.6332420262532878,-0.4610250852454271,0.3647390076718251,1.030608703372894,1
17365,1.810434242497433,-0.3662392157515675,1.2224173766334727,-0.620531606907672,0.9328494714638736,1
17367,0.092641082425595,-0.7943994562792273,-0.0475117075386021,0.3428671807727839,-0.3270017355101614,0
17368,-0.8691748919419505,-0.749972918701706,0.990699573475345,0.0080322806653866,1.3965838497581415,0
17369,-0.2425735694774183,-0.149375561863889,0.5364786589064817,0.5533861989943868,1.3373657807359725,0
17370,-2.163370676779013,0.4755379732883115,-1.0651738747041026,-0.1244538847758154,-1.1117729673457737,0
17371,0.2126325655165609,-1.0686550934652794,-1.9035619993369155,-1.1601913482399386,1.1370171415100283,0
17372,0.6658923399125355,1.2649460891983648,-1.96385293901159,1.776198882171062,2.380094522877803,1
17375,0.4996141667212124,1.0271839069384794,1.1669771535923383,0.3348492291932866,-0.0528694336351589,1
17377,-0.1141100082179544,-1.1963394161127077,1.0749840258413503,0.5185362275591746,-0.2742359901595723,0
17379,-1.375805591440458,0.1191077294334404,1.1831022525956685,0.9600035007490262,1.2166947729411903,1
17382,-1.3248952488467296,-0.6911833479997102,0.8833386445311665,-1.4245707085205206,0.0103591778781921,0
17383,0.1499907639474409,0.726165803120929,-1.2741142574561992,-2.252493354885178,-0.5703128933863795,0
17384,0.5611341572954857,1.3897047907936972,-0.6688860358682109,-0.8390595661361832,0.2455130836743783,1
17387,0.9341696283409404,-0.1114808384112286,-0.2114600096062302,-0.9309074609685992,0.3512912567075152,1
17398,1.2300853145408788,-0.6445016776624649,-0.0954413280540182,0.1070189029834876,-0.3928839067931096,0
17399,-1.571003791251102,1.5144730891396128,-0.784299893984771,-0.7652578011165064,-2.243992181289781,0
17401,1.001082706455272,1.3819519533548317,0.373566971864178,-0.3506237204595046,1.2037316180850806,1
17402,1.2293537987736054,-1.7322929331982777,0.3499103388817185,0.9785744363326504,0.722235118369713,1
17403,-0.2698990139254874,-0.4789680271181675,1.3781086139036405,0.2456801163174815,-0.1827976021299765,1
17405,0.3707222648952645,-0.1995281950832663,0.5789674187421723,-0.9018467001991484,0.1784979540319823,1
17406,-1.6244558542606606,-0.2477143434324388,-0.5200243190066691,-0.0285334098674862,-0.4149307718572397,0
17409,-0.3741079693520626,-0.2212433681456783,-0.2195761606912244,-1.1181153274277018,0.7879426078854564,0
17411,-1.5012451359637309,-2.294501660560744,-0.7044052499928304,-0.0995259368370373,-0.2467745314014132,0
17416,0.1726347121692144,1.0863513574681198,0.2113386156549582,0.803166015447809,-1.205149714315208,0
17417,0.5524173774588649,-0.20017146882068,0.8568005717779796,0.4828045059462503,0.5243759015324964,1
17418,0.7024437160904725,1.0280131616567163,-2.062583896369657,-0.7762246592627086,-0.0177577654145678,1
17420,0.722583693814314,0.0542324314718932,-1.7263919544297626,-0.7225192665995538,-1.6297390075009843,0
17421,0.5638101483775084,0.1016187514996611,0.2115508421692326,0.5036819524948101,-0.4651853767693119,1
17423,-1.2017044864448725,0.5915296953224465,-1.2759135850590089,0.7849428369730642,-1.3969465625165414,0
17425,-2.116958235227351,-0.1777911816854691,2.0740500720247854,0.0814520535562669,-0.3484492130973675,0
17427,-0.8111871275496118,0.4740656742764684,0.7446049378137185,0.103821659147635,-0.3091243173929733,0
17429,-0.2135226787707967,1.0509987190566477,-0.8539232129199715,1.0384828829914758,-0.2095801714920147,1
17430,0.6394714498303629,0.7717410701260886,0.0478939525165077,0.2745491873955684,-0.5755832395477051,1
17431,1.1986903820287962,2.6944775883360292,-1.45813295367787,0.0682373510838232,-0.2886748645501137,1
17434,0.2623736634863391,0.1576667109550271,0.968498629364987,-0.4897664410113376,1.8910225626991404,0
17435,1.1362117559116658,-0.3268816385724314,0.0767573977754584,0.1582446468623803,-0.3693756537430532,1
17439,0.559937893586146,2.5051540836584594,-1.6432243070237804,0.9175977773859312,-1.2194638911640476,1
17440,-1.3773255022314583,-0.390407713444849,0.5324977003339296,0.5693348408792869,-0.1157163783350221,0
17441,-1.068017008298515,-0.1414049471040972,-1.8130484349374671,0.8428724578883869,-0.3910748784950566,0
17443,0.4406985358051451,-0.3621814718953904,-0.4363617988802908,-0.3147325707856655,-0.0018211615336111,0
17446,0.0463696395885928,-0.1597752027828635,-0.559937236688262,-0.7855831782335907,0.0274644872851726,0
17448,-1.3206083031471367,-1.0467930423665726,-0.4288378281457719,-0.1126971118888244,0.9774017214479884,0
17449,0.9925845665448788,-1.7378365661433952,-1.7948187878874295,1.0718130814987936,-0.1770914480466069,0
17451,-2.156556055920576,0.5192769296285068,-0.1253314851512965,-0.8394309084418576,-1.5668356592759567,0
17453,2.118654459183463,-0.1113146623027126,0.7534692356442328,-0.5286134379069405,0.5835080672415385,1
17454,-0.9023049369153971,0.6555394545398946,2.4901155311945025,-1.0876931110349233,-2.326815853051799,0
17455,-0.610435734376828,0.2970027843246674,0.0898740288157165,-0.4220064704404401,1.0743573416785424,0
17457,0.1701074674891775,1.864992504124262,0.4283895958906634,0.2784298576903892,0.115503481683347,1
17461,-0.6524736366901818,-0.4361345389821301,0.4140325767086932,-0.0044784884584062,0.7247719124271392,0
17462,1.0138273009355037,2.05745292948102,0.7165521516486252,0.035754706919286,-0.4114120637926665,1
17463,-0.7030399896962495,-0.4131774974319342,0.2149298409018721,1.1656561130056868,0.3667176448901912,1
17468,1.3256039414756025,-0.7035100872753364,0.9722083673715392,-0.8928760198699565,-2.6189959006804724,0
17470,0.348842317525232,1.8552192682357325,0.9692163380266502,0.5516866277855594,-0.8740415472271691,1
17475,1.2395256325142845,-0.3332134101078595,-0.4929564313580485,0.0852497214816222,0.3482888415021859,1
17476,1.0944698029689894,-1.2940530661866392,0.9208793235310632,0.9871540195896148,0.7351702057273457,1
17477,-0.0632081157271376,-0.4846200939288417,0.5000716842388445,0.2345820937312625,-1.4801080541729026,0
17478,0.913023979560884,-0.6748438279662841,-0.6398962006684361,1.0743836277234216,0.173935544775062,0
17483,0.0471838163428766,-0.5414363212089716,-0.4240215604889341,-0.0054818685709683,-1.6862701591829077,0
17485,0.5531096152424422,0.8826381050084218,-0.1087079868551622,1.098906696279475,2.3207849554775004,1
17486,0.5752289815717135,-0.304162277046114,1.1841742149297243,-1.9359799029334137,2.3440547856791834,1
17487,0.1017035130277126,0.2856714553735819,-1.5595636674178617,0.9161500417361196,0.124035246123854,0
17490,-2.6526154948190377,1.704940304543687,-0.5595013161703251,0.5133910810954002,-0.0561093211929743,0
17491,0.581291406290807,2.330840664517955,-2.139300752862243,0.2583966162465322,0.2853866258062058,1
17492,-0.3782067144557211,-0.7412741942048863,0.9554394043325948,-0.0351100179354085,-0.0004775452335651,0
17493,-0.3012397843175453,-0.1589406069457491,0.6105669516203309,0.5683514509426618,-0.7769798583339143,0
17494,-0.3031034075151028,1.0184318379507746,1.68221412812851,1.6832929098446947,1.6056747315039088,0
17496,-0.205478176903081,0.9254162016403672,0.7960488855851469,-0.1029791428295333,-0.2267155147323484,1
17499,-1.4647165337504,-1.1137162643785503,0.3193959090204271,0.4645438440992519,-0.5868462707494723,0
17500,-0.9900444698032692,-1.4042300450009035,-1.3560126097985843,-0.386316533974073,-1.5727194352549083,0
17503,0.1673200923653015,-0.3395431196296776,0.5316942100040652,2.3248495712348087,-0.9592649511194824,1
17506,0.0312852171601355,-1.2788645649473804,-1.5318637923427625,-0.1084196494068004,-0.7626822334093193,0
17509,-0.305597898098599,1.2137687419347272,-0.2370061323135706,0.0188847687730397,-1.003364706273982,1
17515,1.1334647149305273,0.5043343148221245,-0.2740386107327395,0.93569655265438,-1.3643962687659232,1
17517,1.0830397367520015,1.3726727946224146,0.4877978305590967,1.1486127035044928,0.4497266597387445,1
17520,-2.057652465141532,1.7186006855382878,-0.8053291388742372,1.507986781266674,-1.0379032260012524,0
17522,2.1637504399855394,1.8107666828519948,1.2739044843725582,2.337698302139216,-0.6129262090838339,1
17529,-0.2402060579333008,0.0072716094854026,1.315367045835042,-0.048727857004327,-0.443692021485446,0
17531,-1.1940513435230609,-0.7900967191806645,-0.5762799472332792,-1.8645737821827864,1.0374423249112843,0
17532,-0.8360256606746875,0.1309802571359763,-0.6051304850951138,0.3445641690600722,2.0213269808698304,0
17533,-0.3803340489068669,-0.5137780481745987,-1.3447961580734955,-0.3105496658642617,-2.03092618388383,0
17535,-0.2752508844124862,1.186127013112098,-0.4917334244986098,-0.850025379634247,-0.0705935911415003,1
17538,2.347714367227395,0.4418014832855908,-2.1346168414638753,-1.2071063564422029,-0.1771886375681992,0
17539,-0.3845602392397733,0.1198081569284556,0.1379237346533066,-1.2808606343331812,0.6420887950593955,1
17540,-0.9846165589884756,0.1697966681051294,1.9423625804539584,-1.0656765420093195,0.1584680653858332,1
17541,-0.4281434354874436,-1.0778829828352054,0.1283741767908285,-0.8228936875232192,0.8398494197047485,0
17542,0.680467930058154,1.79121579750292,0.8243467428360861,0.6964102863400657,-2.0959954428182037,1
17546,0.8192482360678154,0.005321512620884,-1.0314505242795151,0.9419778865533336,1.5156220037123025,0
17547,-0.5703258016374156,0.5699544214626832,0.3000981139865656,-0.3797717445445767,1.1874454859697918,0
17549,-0.5638385600223162,-1.1848655172346727,-0.3208839107915552,0.1721050982951908,-0.9317512573958048,0
17550,-1.113938191925114,-1.0434608094296522,-0.1609761189495922,-0.5390623443228582,-1.6838434950380652,0
17553,-1.0270334188497947,0.8737523986252371,-0.452770806056156,-0.9054315985053828,-0.8936607059274909,0
17554,1.6488309134869907,-1.1764883223819118,-0.2374744761912221,-0.1778914733342451,0.6535955761505161,1
17561,2.001322902243708,-0.1924294199770398,2.7504024266347136,-1.1364093864873768,0.5880751777538773,1
17562,-0.698730041905953,1.639424195625491,-0.0886455205452471,-1.0312111805934938,1.2398160674806955,1
17563,-0.4384243567514545,-1.2991837683982557,-0.3212439355392926,1.0091013763650711,-0.1491737832062868,0
17566,-0.8221022941249927,-0.3951644902079114,-0.7651693324676537,-3.0040565931038974,-0.232261398416352,0
17567,-0.0799526383265737,1.0643918687097782,-0.4598182523575611,-0.6210517834992251,0.5305978234538038,0
17568,0.8879253373707263,-1.1770448648680492,-1.9953721417096195,2.2213794643757274,1.552456526083688,1
17571,0.8833844777450932,-0.4193955695247586,0.4034631230532867,-0.0216524914356191,-0.4029796743811941,1
17573,-0.4852511093095253,-0.3865339231260749,-0.8991550756372366,-0.3128391373671699,-1.2482553846072175,0
17578,0.0555180650211431,-0.6946605216671151,0.0340158802274045,0.8515670564447005,-0.2345630198466109,0
17583,0.5553971141686562,-0.5284861921881019,0.3942132815597654,0.0695334835494773,-1.019681429394771,1
17584,1.0766875265512483,-1.705896394580917,-0.9545073160414148,0.5843110267467464,2.813079462148044,0
17586,-0.0163658494889296,1.3589613890828138,0.8111905138189077,-0.4049364396856582,0.6560271193518844,1
17588,1.2811442257941708,0.6852987195585759,-1.818243228727049,0.1631170426308651,1.40656963948667,1
17590,1.6377370791203498,0.8035708781621393,1.1737591641392078,0.1297849190214335,0.5329121737507717,1
17594,-0.3370023458009528,1.341131426416877,0.3313678476727265,0.3796165278721687,-0.2279867220600775,1
17595,-0.3185078323812392,0.1139709188435821,0.7756498282869934,0.3423450271122044,0.6076408649507219,0
17596,-1.8029008860258444,-1.004726499871326,-0.6139087578933062,0.4345062650900207,0.364265752034253,0
17600,0.3647497016222125,-0.5380700374716896,-0.2139076884133827,-1.0822872677556958,-0.8128520382875069,0
17601,-1.4345236282682654,-1.569947261853863,-0.9404796787061058,0.4225746459665764,0.2364630481723464,0
17607,0.497329796293695,-0.3030126897274392,-1.666917848296006,0.0528931160957557,-1.8560856127366523,0
17609,0.1249006624310213,1.706621414366504,-0.3382059626545274,1.0105605880864563,-0.1588840171288762,1
17610,0.337428468568941,-0.8338781994903849,0.2418512898676149,0.307419105340611,0.1170761441712214,1
17611,-1.742325255167229,1.0196988968496408,0.3006621296655514,0.4336129074392752,1.5052455225420838,1
17612,-0.0816769049413588,0.6729105265480918,0.7644602625977472,-0.2819587804994435,0.0004393317696371,1
17613,-0.7951370504502323,-2.454502421638128,-0.755681973391754,-1.3845427723690291,-1.505852790481919,0
17614,-0.7113171263053132,2.3600746491113003,-1.1693960669594712,0.5065439389304712,-1.8845452318123297,1
17615,0.2905998616217375,0.6704702504396165,-1.119851150798982,-0.6557315715846896,-0.9391021700764256,1
17616,0.4922305008716134,0.2815517233337132,0.7918631298099017,-0.163875506119926,-1.540046104928925,0
17619,-0.5622933592691132,-0.5340932851590647,-0.3798131348717827,0.4327258954098988,-0.170178411402218,1
17620,0.2695462734653111,0.068868891955177,-0.6120070763377907,-1.6215958770080727,1.3632023809373794,0
17622,0.6522554837500977,1.5659325070644043,1.5142216661721035,0.0338149567234635,0.7345472184347324,1
17625,-0.0680128671642723,-0.8825812233564965,-1.2335668879560568,-0.178125582204843,-0.2161396614035345,0
17630,0.0694884228305376,-0.2334356899166359,-0.728788635042356,-0.2551934678975904,0.3454893387274579,0
17631,0.2874895256765192,1.3904764327704335,-0.6295853350664392,0.2293999464729695,-1.200121160433189,1
17633,-0.3956317367189164,0.9685267511853504,-1.4909295789297812,0.4322497146956909,2.5355502262836582,0
17638,-2.2405818364697803,-0.5069146614940155,-0.8614965365210028,-0.0822691793735228,-1.17198316863315,0
17643,0.3209358916455838,1.1303217352434256,0.2115540946150088,0.0624933521319154,0.4049117649177846,1
17645,-0.9127884750250042,-0.7830025448334794,0.7457019170996868,0.3842633224436358,1.1961507229442632,0
17648,0.2725269963620083,0.9679335095560728,-0.7934588883323663,0.0507550115261048,-1.2060866973079385,0
17650,0.1859341428650899,0.2280734892311005,-0.6470667029436267,-0.9974920321056836,1.5275895422225778,0
17653,-1.0922290796448957,-0.9673712404760898,0.3293417425255455,0.5293169155966123,-0.4840544044377778,0
17654,-0.5466643387110611,-1.207934130004368,-0.0686756411724435,0.6853880424014861,-0.6760673796651137,0
17655,1.0480317565331534,-1.0495501783512928,-0.7940530223128277,-0.1575738057302812,0.1548755983558991,1
17658,-0.5401328889814949,-0.8000409935577812,0.4372620887698278,-0.1309723356784741,0.9521839936096824,0
17660,-0.8190840657418822,-0.0742982921652717,0.107567377182968,-0.0968781440981149,-0.782887447318283,0
17661,1.4325999950016683,0.2433652392701134,-2.2033021521377867,0.2040871762963135,0.5069660949349805,1
17662,-2.0027029971838592,-0.7115968751058583,0.9245841702398284,0.160574863932196,0.1621812819237157,0
17665,-0.0967896358692156,0.3583434162676783,2.0474148989814163,0.0554746952083478,-1.4589555367952292,0
17667,-0.1708388197426547,0.9804264478288288,-0.9037465759759477,0.5834195655867684,0.2324361351496199,1
17670,-0.675175014972308,0.9484483600852672,0.2313808335470525,-0.0141840499553062,-0.4814329254638351,0
17677,-0.6876241004423034,0.6928762871957925,-0.8836108402998375,0.0447463246437456,-0.4202103850837013,0
17678,1.9402886337364311,1.0706095311152604,-0.7559093415691691,1.287605174950214,0.3791352145666578,1
17683,1.1777492230639055,-1.1152491546976102,1.2170413728096203,-0.3271887713394551,-0.6085043655635496,1
17687,-1.576799685223525,1.7394319052304383,1.2196246960493786,-0.3118266798913031,-0.9843555847585672,0
17688,0.8417108658259818,-0.7081522472750235,-1.083334480526139,-0.3613683941996794,1.1957619420430248,1
17689,1.4613713839366684,1.860417126175956,-0.2515502074030699,-0.1665603651457225,-0.1604785328073934,1
17691,0.2182324652269747,0.60319764974407,2.1186133370137417,0.2995110296914255,-0.27872608540804,1
17700,-1.5466632105353066,-1.0326223719893708,-1.8085465852637956,2.669718395112366,-1.4367452995304522,0
17702,-0.7796225229789298,1.84424060329426,1.9696464775938145,-1.074613095694029,-1.727186484117311,1
17704,-0.6579062618308053,-0.4933806089520461,-0.1818037252601077,0.0892313375302721,1.6414618252352342,0
17708,-0.5075645265040281,1.1012951155728687,-0.8229354779720779,-0.8780735595255375,-0.1463176328274234,0
17709,-0.3022515273127662,-1.7599679565361914,-0.5167253860984998,0.5591733172308138,-0.3858445907529938,0
17710,-0.0392783410032445,-1.0255266711935538,0.2808666579258234,0.4891256225391105,1.4034166059562865,1
17711,-0.3238524983431971,-0.2609548757653378,0.6331974107439771,-0.1545210588173419,0.629288071764544,1
17712,0.730109088449042,-1.070009384033859,-1.1174372184670447,-0.5813840811231911,-1.7231319167314183,0
17713,1.856009270398166,-1.275055160650047,1.1539860821333454,-1.030493599967822,1.0775626179241544,0
17717,1.2598594153352676,1.9461067497297848,-0.5370341736349293,-0.4119881593684982,-0.6188269105978257,1
17718,1.450367605471464,-1.373809748585413,0.3437143885327475,-1.4850120433632972,1.472661578172535,1
17719,0.7289615687239676,-0.6313169972158835,1.8011236439192753,-0.7980645137616671,0.1223512518109501,0
17722,-2.2239720005911288,1.9613479718096272,-2.4732662857801566,1.131517237763593,0.4944454075174642,0
17727,-0.771053058532947,-0.2913465249307513,-0.3589003448135763,-1.0260380612741713,-0.5471880596196482,0
17728,-0.6806417469258242,1.3341247857047374,0.1687425960419942,-0.4991252924660475,1.874092747035237,0
17729,1.8194367392114572,1.7272798718467606,-0.4431323866826411,1.03805259550343,2.148489065540679,1
17731,0.0692301140400772,-0.5589116320353241,-0.0951226683443523,1.185402788755359,-2.8280392582358163,0
17733,-0.2932712483108951,0.4573277985381114,-1.1283333456277271,-1.9002529678663296,-1.2223523413673694,0
17736,-0.293428591355138,-0.3671646320358746,0.4810839389334283,1.6452432416526273,0.0022939942123937,0
17739,-0.0397394203050532,-1.356968215114084,-1.0814462477927884,-0.7510740564778208,-1.2263431566353156,0
17740,-0.1083583511989727,0.0214365300596784,-0.5267060078078809,-1.248441670192797,-0.831579499264339,0
17742,0.7789314999213496,-1.309152727653013,-0.4591110151721208,-1.6583086388764143,0.8205922998164735,1
17743,2.222958833979783,0.9018314787114676,-0.1485631937081641,0.1565141209634412,0.5695045678677082,1
17747,1.7645631202089316,-0.4717956108863246,0.4522891391129039,-0.2605831203985039,-0.9495844026734108,1
17748,-0.0259364811318955,0.607171814163279,-0.8360840868921078,1.1155520280034803,-0.393043293355666,1
17749,-0.4453320693593957,0.7482279730343755,0.2676041725452485,-0.733559135532387,-1.308388282945361,0
17751,-1.2326387623711568,-1.0067723896244865,-0.4312886367248956,1.6640781297061469,0.2322370992958146,0
17752,1.087710360361562,2.028186716930674,0.951657948191738,0.9083258339675984,0.1327905607005329,1
17753,1.4487196959059283,0.3645570561218323,1.1387748946704868,-0.321201687888746,0.6950428486077533,1
17754,0.4287376054912921,-0.3211963046886714,-1.4067619029353886,0.3236105967126034,0.4541897530793201,0
17755,-0.999373081071258,0.149125796254116,0.2988842537921038,1.1119275709578995,0.3116148529328665,1
17756,0.7041179188593516,-0.1453703666823764,-0.3086951882973511,-0.1346516128505498,-0.4491772126502695,1
17759,0.1542632175731069,-0.6110859626639563,-0.3574149459517715,0.0879165197890688,-0.3092741232116149,0
17764,-0.2008660250686053,-1.5673631730131852,-2.137604926097487,-0.07263456480899,-0.0383642192800383,0
17766,-2.5119028845143734,-0.5486629792906736,-0.9995546372413022,0.4862404280638037,-1.2855153427249753,0
17768,0.6991890785390439,-1.1343561829591342,0.3104263588175846,0.277425871988448,0.2496995874757147,1
17770,-0.984399729243356,0.4784270046748599,-0.705816260535704,1.4428009502304384,2.037849903195813,0
17775,0.3415324164789577,-1.082995776108678,-0.3004570102585934,-1.4420252837937366,-0.3380503211864994,0
17777,-1.1496718421472607,1.4348079592868943,-0.0951953407444075,-1.4749869530145918,0.9551339187944632,0
17778,1.5409908914701984,1.4916763276423577,0.5007205589665195,1.1909904844933974,0.5222033117841065,1
17780,-0.2326616815540899,-1.0816044886344318,0.7269271682746937,1.9026496811727371,0.8031331412345055,0
17782,-2.0816721169313017,3.0083611177762233,0.2970724718654709,-0.372704486133644,-0.6636557766821922,0
17783,0.554328131073978,-1.1477564181087978,-0.618130251571744,0.4347055881291222,-0.8741970149926616,1
17784,-1.1696820294999437,-0.5241248884083141,-0.2785975510739014,-0.2396998694607171,-0.2674762122791182,0
17788,0.8541465646978367,0.673197090025918,0.1275912464305899,1.396640710370806,1.718945787397829,1
17789,1.2835473382247289,0.7670449834634605,0.1165167560496185,0.0485859238014125,0.7495218143665272,1
17791,-0.2157787039433984,-0.3924823916510401,1.0719844287143867,1.1621432986713742,0.5749189472406891,1
17793,0.9379642026800836,-1.615918079170817,0.9620295793359022,-0.2128130348577523,-1.3695587921993564,0
17796,0.5480586217835005,-0.829501400187937,-0.4267488769355405,0.4110900817362118,1.1612031319917184,0
17797,-0.1069662764532558,0.6756046230182131,-1.5562941366040748,-0.5460974908451773,0.7253224360160374,0
17798,-2.395217545810279,1.089125848871815,0.3858247403463465,0.0864011127246991,-2.038305803318506,0
17799,0.9463418983671252,1.960970877438698,-0.2481584269433698,-0.4881230068347417,-0.2913138018905,1
17800,0.7499006770583283,1.0134762027832829,0.5752329930326676,-0.2594064733583202,1.096211008569051,1
17801,-1.1407156209077194,1.181126161231695,1.319016111454684,-0.3925990990054763,1.7588333733389243,0
17802,1.0016254594393843,0.0031293869733238,-0.3408609778140448,0.7816194764655788,-0.6384057476548127,1
17804,1.308885790361501,-0.3846203529848532,-1.865258031494232,1.8938162359780968,2.738870366586549,0
17806,-0.0022018160251108,-0.1888682998160551,0.0073457650411856,-1.2009727492978992,0.9717459516452596,1
17807,0.1096212228661694,0.7195408888087682,0.5042185559049949,-2.263177065261288,0.4590715116580927,0
17808,0.8324451155707243,-0.8457338182034058,0.007881887251929,-0.3343164977072392,0.4035323935120176,0
17809,-0.1413168382831292,-1.7309169894141143,-0.9737974418114724,0.6263753333441607,0.4495303668535184,0
17812,-0.5578939122497325,-1.426162901410793,-0.1476121913575574,0.6847055959506169,-0.0217081105091651,0
17820,0.7117380035864671,-0.1370183765942809,-0.3575096227135109,1.004976936078968,0.6441550138710954,1
17821,-0.0391237718280104,-0.9231648243385752,-1.5831015346653978,0.1873383047940218,0.611352169780613,0
17824,-0.4097877848465507,-1.730277562037647,0.6232188133569909,0.0537880408579901,-0.7800336316558343,1
17825,-0.518573796630713,1.4972717253904633,0.952645575243925,1.13241883643807,1.0568499119679846,0
17826,0.2618632933817721,-1.0339984599363845,0.1072796436662807,0.6562999508341861,-0.1139430105765678,1
17832,-0.8543643760379854,-0.455387853145881,0.9005608848156514,-0.6811756178182788,0.4242449736526016,0
17834,-0.2724305961648005,0.718857951904531,-1.262879591144995,-0.6548238847940309,-0.0124853643122293,1
17837,0.406105498587911,-0.2704230310877895,0.8940061033687423,2.4320960735614583,-0.7926466147304871,1
17840,0.0325024562171223,1.3398589807001522,-1.1641671825416562,0.4719227701357731,1.020010840146215,0
17843,-1.0549315089859534,-0.1972425846509778,-2.715061414356836,0.0243282323679581,0.1598155068477457,0
17845,1.3785772689311462,1.4289658425032346,0.0550466049566342,1.5422788511992755,1.4492097514240418,1
17847,2.0116499110826407,0.6438654040211698,-1.19139846580013,0.4096146402489766,0.0564432379568815,1
17848,0.4440474476565775,-0.1636400299166573,-1.2561328994258874,1.0648370964420837,1.8019743298621664,0
17850,-0.0665514543870524,-0.8065763416958636,-0.5782728984442659,-0.0418859847871721,0.0347883444134387,0
17853,-0.1403151021064886,-0.5191692238800567,0.2560033393703446,1.5102324495029005,0.4645484521460555,1
17855,0.4280089118869628,0.6660419063764088,1.173918998499082,-0.6827583396604991,-0.1418352512658487,1
17857,0.9488564821698884,-0.9096510631473028,-0.3635301071149344,-1.5671292396813832,-0.4584546354722921,0
17861,-0.7452053375496085,-1.1195118325606814,-0.3169145986726556,1.5241056902667882,-0.6996433378902752,0
17862,-0.3281665601148331,0.5688872328865737,1.8035197733984345,0.1867634134415364,0.4571455834561739,1
17865,0.047318114132724,-1.8462130303610391,0.205083644895068,-1.2946703266268398,0.5559841478713795,0
17869,-0.4015499341498,-1.9821876133937268,0.2835188536869925,-0.0810053323044401,0.0502170630905082,0
17871,-1.0290179945161528,1.8930481639748151,-0.9653021498914854,0.3103390872320114,0.5102049157373622,0
17876,1.7496995366067465,0.3306055465389983,0.7165471274387926,-1.5771562621921054,-0.1375762144242995,1
17879,0.0628620875944637,0.5051263501791494,0.7829593678181315,0.7155022133487446,-0.3273273991646799,1
17880,0.2156950959688336,-1.2631282896587142,0.2611708847006553,-1.9971808331005545,-1.5081151472914034,0
17882,1.135945400440351,1.4578443782781605,-2.2337627521225656,1.9240125823734455,0.917316971135378,1
17884,0.3702892356114381,0.5680777221090509,0.7562441018435866,-1.9258244089104832,-0.2728647999332832,1
17885,0.0177909517355871,-0.3670648232456271,1.1419183686331449,1.632795161740816,0.1572784483469228,1
17888,2.1004956482281787,0.1156831495234471,1.4120522530604092,-0.6955912520273246,-1.103951402228368,1
17891,0.2951821774883784,-1.5463821914633729,1.5276257861214328,0.0894647585748322,1.5873918966747762,1
17895,0.2650702817513416,1.1676012288203388,-1.1849224828869196,0.2826640952355182,0.4995081282834126,1
17896,-0.5278059553839684,0.4315940580612378,0.8964647753748051,0.1829501047395568,0.5532021644166484,0
17897,-0.2609119683059006,0.8121998157545224,-1.7135774609759629,0.7701152620540209,1.231879331404787,1
17900,0.0291096467581478,1.5965036603592226,0.1139787448785714,-1.9071408112171304,0.6152332518239595,0
17903,-0.3108049063923217,0.0330663320651008,-0.958463614302979,0.3362620649534352,-0.5798061206756263,0
17904,0.8073573138133907,1.3506815983269411,0.186415949082675,-0.9507652432635754,-0.7546553039726677,1
17906,1.0705245542035604,-0.0085688510521305,0.6116669360950318,-0.0039921313020917,0.3135166885598696,1
17907,-0.6512975525281256,0.3910908366189416,1.3667543108100333,0.3666660338019495,0.4194883780224211,0
17913,0.3013939784120191,-0.1330138368509491,0.5465590581658526,-0.0876060836780778,0.1692129227985134,0
17915,-1.6997373829104605,0.3644851173848614,-0.3142187939345631,-1.1770105534309834,-0.384618877091116,0
17916,-1.060475081093435,0.183366657688579,0.9864492406480626,1.327376165124026,-0.1545930183439173,1
17919,-0.8951618501689216,1.8228047168404395,-0.80600155408576,1.2512794015776627,-0.2578708222079109,1
17920,1.2306494807980335,0.681391953312084,1.318166393096702,-0.4762431357761736,0.2666708736097958,1
17921,0.1198190243136224,2.539730446598701,0.8986758035910177,-0.1438912686746424,2.0332805179292244,1
17922,2.1162129802446357,-0.6429551454743766,0.2794386893796783,-0.3812534082521895,-1.5735718424364251,1
17926,-2.2002644701743095,0.1766573744699228,0.5724265717678749,1.320553201157477,0.2759960498704235,0
17927,-1.1285904881591298,-0.6923865459350194,-0.1845478558829326,-0.7041653326460139,-1.1743537561892756,0
17928,-0.6080725039167112,0.967378795398565,0.3718458207791317,0.8518922687656523,-0.7894757879787583,0
17931,-0.3739788076134517,-0.9779741384000712,-0.6320114580550191,-1.6098699026313297,-0.4483008411365539,0
17933,0.9030304499938469,0.6723868966550465,-1.9116016365930977,-0.277517970402112,1.3983305010799971,1
17934,0.7359979244382598,-0.348169536993446,0.4263711102771709,0.7961463001903959,1.7624722246794595,1
17945,-0.798314512390729,0.4655519025192186,1.1061184376520208,-0.4580066940033583,1.279819302308332,1
17946,1.083090770906265,0.3189164610889264,-0.0722368750528017,-0.222811386427332,-0.8138730397841356,1
17950,-1.034872974093821,0.4017833147451694,1.2527141811355569,0.287121807059532,-0.3619458400738732,0
17951,-0.4091083119590317,0.1124721626922615,0.5477587964295138,0.8694578263423076,-1.0406347675478012,1
17954,-0.3260671530095789,-0.9551411360252128,-0.4968166246726531,0.8967671275361967,0.5663883256911985,0
17956,-0.069430643442207,-1.074155747551176,1.6234877013489792,0.2996288568348909,-0.5226348977150576,1
17957,-0.7956359325117301,-0.3846281264241092,1.1710174402990232,1.5089013136469276,-0.6338850182129372,0
17958,-0.4378387533238508,-1.6718525639826656,-1.61082433117809,0.1336896888964341,-0.3143961178120049,0
17959,-0.3593985378191698,-0.4955004940838026,0.3209570985541046,0.1298279469228208,1.041005068665459,0
17962,1.4361516757715729,0.8442488213144256,-0.6862457932637718,1.5580620606100803,0.5444304428710093,1
17963,-0.19993231549702,0.0951779826021212,-1.9322713645314984,-1.3338152994225898,0.7756219734539342,0
17964,0.2212914351992002,1.4656657415240524,0.398042597957676,-1.1956452157322215,-1.0315963311437573,1
17966,1.2627146279241392,0.4054370998190338,-0.4193071414744624,-1.3861695982567075,0.6312259290892125,0
17967,-0.0942846227721842,0.7927518267186434,-0.6038324495430377,1.633835955629013,1.6382351558850563,1
17968,-0.8720928002203099,0.3290807108283598,-1.5699615242282243,-0.8202424463168617,-0.8735718623456276,0
17969,-0.6036746212889033,-0.2723541895404482,-0.7775191656325109,0.1534790386355244,-1.5304055595394566,0
17974,-1.4856291932930517,0.4802139226880584,0.0212000002685795,-0.5466180756874569,-0.7170474324555534,0
17976,0.007460169562175,-0.8021253513157468,0.9947335356297335,1.2215188871870135,0.2185266668792622,1
17978,1.3985224087296442,-0.3627631668031734,-0.9558728670553068,-1.8148038243454951,0.0082104610845662,0
17983,-1.804253654308243,1.5636043162865525,-1.736936369562557,0.5819270750195882,-0.954375082817491,0
17985,0.3583147979175649,-1.7076641595610722,0.619352381768448,-0.3132655020528658,-1.549216914763866,0
17987,-0.0326518896325809,0.588862789042688,-0.2755324168946212,1.022851921350142,1.1469879591587988,1
17989,-0.8982295083144809,-0.2915296171403462,-0.8173076652105531,1.4691596451767632,0.4238214859513464,0
17990,-1.0017636934375511,-0.4374889155840198,-0.9441187587948976,-0.3997837913011553,0.566506749107129,0
17993,0.5004165754748245,0.8611477577854016,-0.5280250487031117,-0.2203717702959423,2.007791625417989,1
17994,-1.047885097661981,0.6682395264837382,1.0111754684194143,0.4742302197672328,0.8945744256616603,1
17997,0.0987686142594128,0.1327414782573389,2.01169823784809,-0.1938612435097419,-0.5509315013014011,1
17998,0.0319882225457098,1.6516106546718292,0.8580130588280878,0.6527402704075195,-0.2331436248938555,1
18000,-1.5574005941106726,1.137143638227745,-2.0258850372549135,1.610403206738658,-0.2558116918586648,0
18001,0.3685520403998518,1.061953242953363,-0.6025325341661104,0.5989174215758826,-1.02356749673752,0
18002,-0.6408925052253983,0.437645461457103,0.4165600315706618,0.3611481464954414,1.477377793809991,1
18004,-0.5050480189067221,0.2102443405635777,-1.4524503679614411,0.1082682533096958,0.0701263980894797,0
18008,-1.3342209617152847,-0.5395342125460451,0.2257623049305802,0.0654115659182463,-1.5629415850229786,0
18010,-0.9425069186129464,-1.57772037998935,1.3255635220582809,0.348150336203812,1.8281354711847628,0
18014,-1.573913056537536,-0.6326968338916934,-0.3766049902547382,0.1870304209263406,0.7678005274048093,0
18015,-0.968838004404246,-0.5220361133101883,-1.6445296493364578,0.5648858218425051,-0.3962633528066874,0
18018,-0.6170650723666512,-0.8426633274542185,-0.4330755834880437,0.3877946143371692,0.1889902335872596,1
18019,0.1688958115066363,-1.4020366752474855,0.702641159435652,0.9908772457277976,-0.2451935789859996,1
18022,1.56880014925636,1.149434902733638,0.37980338792272,-2.0892961217415924,-2.4570098695022686,1
18024,-0.5738234154230477,-0.4107532572783566,-1.683813720287566,0.4396829787388124,-0.6549349310030038,0
18025,0.8486505559155886,-0.2254451959911921,-0.2963326547029969,-2.114253348275591,0.2882046126668741,1
18026,0.5107850014200881,1.258828976279492,-0.8448890436364236,0.2649994803290055,0.399756699692418,1
18027,-1.276308714711364,-0.6261325576853001,-1.186749270465765,-1.1030768774893802,-0.3958614592501835,0
18028,-0.6923010323700476,-0.0171285563540811,0.6265451987621253,0.5922124637228809,0.786595631710293,0
18029,-0.2656351302294548,-0.515050700898312,-1.2310491529559209,0.6996057869174959,0.976392677530736,0
18030,1.2529820415237685,0.3142768568885931,-0.4667425095043188,-1.0864087021023776,-1.3404627520814394,0
18032,0.0572643943289353,0.3618545577957066,0.5982690692010134,-0.6753696741874516,-0.0418796459702189,0
18034,-0.2766886587881143,1.0112783374257062,2.2801093541565383,0.3663817264853393,-0.7811559593655371,1
18038,-1.467497542857273,0.1322657168246107,1.086240943444461,-0.6417709962949554,1.0594022885671208,0
18039,0.027493491078169,0.0966154851267183,0.9841400382568584,-0.6828785012625067,-1.2928588579287252,0
18040,-0.2656012622040491,0.3280837517650669,0.3498986938646564,0.315729729986275,-0.7442442505384702,1
18041,0.4753233885547949,-0.1050557682539188,1.5267382485957566,0.8893492868970346,0.5191893626273734,1
18042,-0.1812941232270599,-0.3559632676458462,-0.2265238441832617,0.2751965947800819,0.9785288198708552,0
18048,-0.0478093088034678,-0.2459958367970045,1.530746029964435,-0.0536451768407443,-0.0574808060838029,1
18051,0.5327557626665805,-1.0713941182071651,-1.6932286301089323,0.0579905499701413,0.6041573462401437,0
18053,-0.927149703413178,0.9670409711803316,0.2896190583247964,2.0316933821006495,1.5471433840256228,1
18054,-0.3970058230940257,-1.221082197514508,-0.4990786901702814,-2.3145891792744573,0.0353877452680778,0
18055,0.9822995242552176,0.0244485198815162,0.4789224858291558,0.7721526230809321,1.4939682997474706,1
18059,0.2949438739714106,0.5423667996254923,0.9632055041766316,-1.435451522661506,0.5222598201210316,1
18064,0.2868514003547851,-0.4670721163582624,-0.1749070269309769,-0.4806547466424742,0.2894934168037589,0
18065,-2.108236078568558,0.0959448197917986,-0.1752573833140672,0.9000815233867493,-1.419648414460981,0
18067,-0.7827159884383078,0.0387036585723525,-0.9647803511789452,-1.327536425968019,0.540751132659071,0
18068,-0.8712185458358828,0.6671238267185491,-0.0631172699653725,0.9775333228185632,-1.0839689929510048,0
18072,1.661609276982942,-0.4730563625368676,0.0845560154358607,-0.1206743719703844,-0.5361347149095662,1
18074,1.343083787418152,-0.7054261250828471,-0.80434479250407,-0.4390820275306029,1.409701662223031,0
18078,0.4178778739184959,-0.8061892542768428,-0.5449366894864492,-0.84780347539145,-0.8208301144330375,0
18083,0.6054155367600033,0.4534077615291685,-0.0044629746137985,1.1758401422915223,-0.3558870223027203,1
18086,-1.646239798926151,0.21707352475581,-0.523872012296749,1.231934456232761,-0.5200451497864077,0
18090,-0.2848459651977614,0.3742579309518254,1.4398679248343258,0.0275548439191649,0.0066944229265983,1
18091,-0.7841219964074994,0.0015416392493152,-0.4981326925110446,0.564480606929635,0.4562733452940387,0
18092,1.4135094387925773,0.2823908157632057,0.5397741768794033,-1.3705680954487598,0.3382799158130842,1
18097,0.8687030968052205,0.806984819871492,-0.540096691624546,-0.1551732651816884,-0.4566000375346498,1
18098,1.3997082220422354,-1.4742985169804763,0.3564674022919863,1.3719417819049278,-1.212250160013489,0
18100,-0.9457048111235492,-0.3742406141745981,-0.6412799574116986,-1.5376269096613169,1.447270855467138,0
18105,0.0903651175873974,-1.2629200678174848,-1.055017310341557,-1.1096063482269292,-1.465369228973158,0
18106,-0.6864151384029763,1.737397169609111,0.1402983083923086,-0.6633949787836981,-0.2686156539115911,0
18107,-1.5585523480289631,-1.4986216751341783,-0.8558492548845007,-1.2704084755254188,0.8567480114054482,0
18110,-0.3392769078669954,-1.5586242010906315,-1.458874785952265,1.2898853741115377,0.8531918818231816,0
18112,2.0560228193092915,1.2401624517586003,-1.0796427795817805,1.3116887236495969,0.2290257485332061,1
18119,1.3286733366344234,-0.1162118300570964,-1.350379772413683,-0.0791999782426913,-0.087560988499884,1
18123,0.5435352389713072,0.268068897757357,-0.0582492873632842,-0.5306124990458583,0.0128173905711755,1
18125,-1.94343921612422,-1.58912706348776,0.7153095106552155,0.1029155981196019,0.6282466123448567,0
18126,-0.6222140588400957,-0.5665483012588355,-0.7369833597241462,-2.67756789174189,-1.119949588463626,0
18127,-1.0673183440640577,-0.9267926190876896,-0.9729507472232716,-0.918966978820616,-0.2363855466522536,0
18129,1.1071949403111652,-1.1112363629374844,0.4124643442909791,-0.7923903606731352,1.2651180954597192,1
18130,-0.8497866390996521,-0.9212182039237238,-0.1860692547408525,1.4964900300185535,0.4883145055069502,1
18131,-0.6682050364130078,0.1730741412191435,-0.5794670888895125,1.4793151392893318,0.7743305988904663,1
18134,0.8397264606113327,-1.526104264237413,0.3218942978192645,-0.2074210520527237,-0.4492498625937288,0
18135,1.4511303563419042,-0.7302555754272266,1.358354935526857,2.1719361455160024,-1.2622250217598523,1
18139,-0.4283695160910642,-1.307411970149538,0.0664734256642874,-1.264603141741799,0.3236286088109372,0
18141,0.0498079639870797,-0.5970395304189439,-0.2575434979891881,-0.5115187045476064,-0.3612437582236554,0
18142,-0.4613339454855567,-0.374040012936253,-0.0490117474142097,0.5505141419345547,0.9131747270935834,0
18144,-0.3405740454539934,0.216517841485879,0.1487798776890904,-0.0443762692829426,-0.9047920246182998,0
18145,0.9817726035383754,-0.7991931423147498,0.9551582788731332,0.5339834794389073,1.4109095453453986,0
18147,-0.4029419286832222,-1.3815730899953524,0.788803924665227,1.6275261730673731,-0.8015948844835389,0
18150,1.44155488348802,0.0529817405387482,0.7677042400508731,-1.1491592651020088,0.7156413197722284,1
18151,0.7644688483896958,-0.7958154767869169,0.5992208320130931,0.2391551262817007,0.4574483008692597,1
18155,-1.8475484474831363,0.7382890111112161,-0.7819457084092751,0.2790684751718995,-0.0036339728898261,0
18157,-0.046179137739922,-1.6791461294222765,-0.0121979958253834,0.0344013156325009,0.7073784253571246,0
18160,-1.9906002505471985,-0.5796167708541806,-0.3837491733539956,2.119566118949698,-0.5524755999871765,0
18161,0.0309747606063449,0.2951971016375933,-0.3748729898136277,0.2602069008842058,-0.729233820328006,0
18165,-1.5301573285239538,-0.3498314081416154,0.2712760710214006,1.3605224990661946,-0.5033200633012345,0
18166,-1.4498841255115866,-0.8261353619551589,2.349627331189168,0.268852829157806,1.17602204125289,0
18168,-1.35276726174259,0.6790842200426904,-1.2028482021535505,-0.34785307536062,-0.1041477468227403,0
18169,0.5595136018947452,-0.3391160527122396,0.4787515884113422,-0.3609788536794316,0.3406117061751821,0
18173,-0.6545878620135964,0.4328976479526326,-0.9454120909899124,-0.4180565381422308,-0.5613156924612147,0
18174,0.4737994627415056,1.324126084492969,-0.5194250921741475,-0.4221496978638796,1.2541171039304522,0
18178,1.4637371444951937,-0.8349510453197654,-0.0726056547724383,-0.0128043651673057,-0.8342019137753895,0
18180,0.4323511741786026,-0.5275358039466732,-0.9492940911194342,2.612867390935616,-0.0937579277270729,0
18183,-2.3095963969336353,0.3605582559529393,-0.4353434599747798,-1.3177017683272754,0.5095440201783291,0
18186,0.0051935415841175,1.390195399988816,0.3445905717775057,1.4433879012092463,-0.7527641522569333,1
18192,0.3313602823631459,-0.2058769628537853,1.858474528456375,0.7303366019859339,0.6914484538685775,1
18193,0.1611399327079392,-0.4564829593482825,1.6809454686394052,-0.3844808983741625,0.0598282926523313,0
18198,0.8473274781533592,-1.453541584028739,0.8897061347856213,-0.4536961603353854,-1.0369893624764115,0
18200,1.4170495115512087,0.3475698822222647,-1.9745825059225517,0.7613109893395401,0.2392432141620977,1
18201,-0.1230205396421308,1.239226644982573,-0.7413892024838141,-0.5312403999177447,-0.1823518918008702,1
18202,0.4068731048866397,-0.6161383887737661,-1.0020524319821964,-0.2106926677308179,-0.51219951607292,0
18203,1.6396368200616798,-2.0676981866079704,0.8700243855444233,-2.0597857322668776,-0.0967707595110105,0
18204,-1.1008204288079992,-1.570789418754889,1.3018346716079732,0.7073724019548117,0.0405525029072736,0
18205,0.1088191535985547,-0.7861424325435935,-0.4826597640444192,-0.7114290568467586,-0.5472559015826799,0
18206,-0.2340430761173744,1.3088022532600476,0.5712857768528873,0.2890088722873022,-1.0145510326549316,1
18207,0.4252906960369076,-2.511893924811452,-0.7148744334825701,-1.2558112109034472,-0.394228765535164,0
18208,-0.3096852265177155,-0.4566526332942529,-0.0410803100119034,0.1270003551483668,1.3162398099617871,1
18210,1.8033793249854153,0.8234116963338921,1.3501259979196574,0.4288856752688891,0.0604499711939214,1
18212,-1.3595128572288384,1.0542860029550962,0.5951147852741949,0.1849375479850545,0.7729541884779144,0
18213,-1.837200960739168,0.3350363428273989,-1.5345059784286772,0.3029615258840063,-1.255738601878131,0
18219,-2.034004900901798,-0.3324102419069258,0.3901811233400912,0.4238146845420171,-0.8736781807946139,0
18220,-1.1574850446550489,0.4948316627463214,0.4130073507124257,-1.154820298294784,-1.3609994686915527,0
18225,0.3345834377015035,-0.8751097991000786,-0.7667016975912989,0.1045015596534159,0.6999915838575406,0
18226,0.2215590073528397,0.9204664211440816,-0.3371355709351881,1.224787188813898,0.6869096129883453,1
18227,-1.222400282760237,0.4992619234091316,-0.1107044974618323,-0.9349135310147472,0.4353436979249176,0
18231,-0.2991595822082753,-1.092094246706098,0.0342608176035139,0.324194554333799,0.207519207901654,0
18234,0.2262092226554601,-0.4267210389867197,1.0444186152645274,0.2141316617743356,0.6442308026318323,1
18236,-0.8213144950849892,1.1162437141140489,0.4178481896578218,0.0111378259344609,-1.5970607450631735,0
18238,-2.486519828570336,0.8785737972327867,-1.233115464234677,-0.7493637516400384,0.46976425953612,0
18239,0.820613848864977,-0.0381877460034715,0.3088543505364328,0.8972695780066362,-2.671700087318206,1
18240,0.8224292516592858,-2.21810770775276,-0.3817818722164724,0.3581224216730945,-1.0349222030112806,0
18243,-1.4956382395398284,1.115924231592451,0.307993257941806,0.4538794012662798,0.7394198307961477,0
18244,0.4413582231535413,0.2994938505277186,-0.886046223387393,-1.0901201241156933,-1.0827330298371989,0
18249,0.9037396782920868,0.3934942452041952,0.8735346201611773,0.5864990045727216,1.5917258135168333,0
18251,1.1906713326426772,-0.836646691242343,0.900350331591279,-1.4636181946159348,0.3357164952590378,0
18252,-0.8101155906211392,-1.3371851341110743,-0.0581494993499511,-1.2153338500630226,0.7705423503765323,0
18253,-0.3604184079848558,0.093360500513507,-0.0540326644317471,0.563904237993021,-0.6951790428585446,1
18255,-0.505119525451856,0.8464011311325015,-1.105833172488797,0.5991698394086352,0.5509516925087873,1
18256,-0.0724245219033414,-0.111061145962758,-0.5357741839111576,0.7231665506657577,-0.3881570668295802,1
18257,1.1126549443098874,1.144316682382056,-1.4552447438440008,-1.3228774659103804,-0.186086374507316,0
18258,-0.940675576809882,-0.6890768286910712,-0.8170414654835619,1.926450408765695,1.1450555877207491,0
18259,-0.8424366955925711,-1.9291305266042285,-0.5703504410587995,-1.282326034783297,0.7084394947785161,0
18262,0.8283000293008301,-1.239190150996342,-0.1835164785697427,-0.8790404141587985,1.3733405157791956,0
18264,-0.5487607285909811,0.422322518882678,-1.0016824616500055,1.086182247105465,0.8819474016243135,0
18268,0.7185971581593064,-1.5121256689121931,-0.3707376683457385,0.5951789053014591,-0.6184530134384769,0
18270,-1.1088544987727194,-0.8048747890130858,-1.6233079226311784,-1.02912128409145,-0.0710387048115358,0
18272,-1.8992411428079377,-1.005934532756449,1.2863553463804442,-0.8541015342771812,-0.7913466088700467,0
18273,0.2802469828008349,0.5704074950527196,-1.2131414120466983,0.6660792067526016,0.4178424858239157,1
18274,-0.6537274335980464,-1.9493495087189536,0.7170801489481761,0.2712952680355716,0.1013091985853193,0
18275,-1.4690516874876445,2.1872961118288976,-1.0982617958825582,-0.6339861193100195,0.886611149414937,0
18276,0.0119426497442719,0.1143137242306901,-1.283696445182871,-1.360362920569926,0.3079269987577498,0
18279,-1.66634209753334,0.5025752287109143,-0.4112707013107572,-1.0761686673017414,0.5774196640764298,0
18293,-0.2271944824089855,-0.7012111566899436,-1.1005884708140334,-0.4953957690659155,0.8399547227098546,0
18297,0.7928469761611161,0.6182767341565539,-1.8441667641573931,-1.0575882723486532,0.7978476434777229,0
18298,-1.3392583302154848,-1.0451614250866337,0.3140977367140017,0.9416172906643212,0.8159827925527451,0
18300,1.3368594785168593,-0.1451284463395349,-1.0072485199519072,0.3279295937553877,-0.2006618609109341,1
18308,0.8267147969502763,-1.4652352378513247,-1.692268720940948,0.7750753723782563,1.040470553718245,0
18310,0.5420489895305853,-0.2767701260123145,-0.4313859266405068,1.0413901855781833,-0.6882545870329795,1
18315,-0.8660670865067377,0.4735262398640765,1.1110453401266815,-0.7935225848107923,1.3367531654778146,0
18317,0.3720289193504787,-0.6777957687595637,0.3424080746198834,0.1505553943910327,-1.0893206662579695,0
18322,0.2372205191050403,-0.9631189236790264,0.8595103287382073,-0.4432171397448268,-1.2798248895552091,1
18324,0.3394060012978578,-0.5864424899419199,1.0768396142909429,-0.0248114777433588,-1.2080244478796087,1
18325,0.5808467276011768,-0.3870354301007737,0.6655289975444848,0.3199394873548051,-1.0608594045782809,1
18327,0.2920868381019715,-0.3371608506673498,-1.282729087639954,-1.1698576089856327,-1.7450228925309572,0
18329,-0.7183033225192089,-0.5294964273169104,-1.0143113655288165,-0.159302778194411,-1.815967404833544,0
18332,1.204089967072714,-1.6760721324267271,0.7739278646287665,1.378345076600776,-1.665517097642258,0
18335,-0.0669685935829347,-0.0316945277307234,0.1890671269205223,0.4510761363113094,-0.7748630395958869,1
18336,0.9510008004965216,-0.0805932442080649,0.734588598809036,-0.9025559762604012,-0.1360331900730429,1
18341,0.8076980413344506,2.0658569820648847,-1.2114821516285206,-0.1387428775652658,0.2669903941295115,1
18345,-1.9856325657216387,1.4837757514854195,-0.6108928080534144,-1.4467834531815027,0.3200106103811049,1
18346,0.2097374663833011,0.624971627549315,0.7611746400944625,-0.0983282267145082,1.7665641129573633,1
18351,-0.1208849661149586,-1.714879060922878,0.0521678594532028,-0.0079416051581365,-0.6657333847281124,0
18355,-0.801335586494244,-0.909959852434495,0.2894710532686045,1.2871238408503258,1.104291230254148,0
18356,1.5682689406297927,0.2133399122371738,0.958872915021824,1.190606770895814,2.0647029591184523,1
18357,0.4691672242614795,-0.3159677730516192,1.2248546252691486,-1.2526908150697726,1.1544334451058176,1
18359,0.6062087396359063,0.1176344192568364,0.295201779451982,3.161109249394572,-0.9111753191274048,1
18360,-1.1892819011394016,-0.8632909943419541,2.2088626409032326,0.8003496621334445,-0.4789913324450508,0
18365,1.5968854364497276,0.3680869647399281,0.2161899077984945,0.0972613416665487,-0.2272075280302745,1
18366,0.1070140518752421,-0.3144353355369463,0.3144842729039692,-0.9945657300598963,0.749904236698498,0
18370,0.0550312623974875,-0.4814290737617297,0.3972510848019887,0.6819407956978559,0.8087763506851582,1
18371,0.7894599364041199,2.186810780693664,-1.1635795586845843,-0.0859603837548267,0.0319166761675617,1
18373,-1.7515958343097964,-1.0783977926814834,-0.5293358376315246,-0.2071239413741517,0.3247591633502797,0
18374,-0.2300430945770389,-0.637563596179618,0.3856955310274367,0.2857405942760367,-0.9004019821181258,1
18376,0.3538020472981583,-1.3411608307967398,1.980890405050937,-1.3350160397449369,-1.0461669852613436,0
18378,0.132269761213332,-0.4235778380983926,-0.2333977170836274,0.2965132706016473,-0.1135557895990781,0
18382,-0.0091898834404596,1.612373155489206,0.4213714189074795,0.0384506001832681,1.4257930697157095,1
18383,-1.3008941336717472,1.3572013928849131,-0.3591512088296087,0.2974726206816823,0.6961795285330663,0
18388,-0.296312503856241,1.8025167506237825,0.5814447007193072,-0.6819723853787374,0.6704326415560261,1
18389,1.02846864896406,-1.2013557597614537,1.0682860549555984,0.9340910189854874,0.4061334814858831,1
18391,-0.4227282832851597,-0.3458789601002105,0.3372712896944161,-0.1659495404082325,2.5310970235815056,0
18395,0.6139149117614608,-1.537338388300412,1.5695675651172354,-1.1128695841225684,-0.9802946059377612,0
18396,1.7876220696700134,-0.0540109254233616,1.152528810965716,0.735199902745909,0.4680055431801435,1
18399,-1.4992602325425846,0.2774414014359375,1.3298236882972725,-3.347152641938332,0.1840022377319,0
18401,1.9761979143034496,2.0836273170629447,-1.111582548996916,-1.227720535754499,0.8381358984550608,1
18402,0.8614671224497299,-0.3882527505676646,-1.0571172523048795,1.5018402405853135,-0.270363998307272,1
18406,0.8053705370440748,-0.6292681114051267,-0.8067685081719833,-0.0844373567045612,-0.5568073853731981,0
18409,1.4500150755717744,-0.4232446184330798,-0.614632163427533,-0.220975613390682,-1.8304061986074172,1
18410,1.2878645611953694,0.8271635049832159,-1.2368720681028065,-1.2176153043438702,1.6627093104454391,1
18411,0.8469374221998158,1.8563852144992896,-0.7492698966526699,1.8269441268723323,-0.9143378962798986,1
18413,0.6821891921492763,-0.7625765818569131,0.051951293445624,-0.2816674033471064,-0.2939333528411925,0
18414,0.8555193053029657,-0.649118085352177,-0.1354572805406983,-0.4372533227021624,1.644676877570156,1
18416,-0.4429019003298956,-0.4420643572957278,0.0752610784822226,1.0922606588941697,-0.311551365779584,1
18417,-1.3032810898046308,-1.482113889953078,2.908438896872377,-0.8178761539545747,1.9036079605865237,0
18421,0.459384838168078,-1.167652195601237,0.1479907576359939,-0.7230804045439485,-1.5661955676514236,0
18424,1.1185682668209616,-2.889510247559621,-0.5850179804613976,0.9236790114591976,0.1930400747039796,0
18427,0.0604943773170055,-0.0216266903751245,-1.2215235240023476,0.5721011905198787,-0.1215477507747322,0
18431,0.9938624326919346,0.4883618601053656,-0.6023254446040182,-0.7788968265046231,0.7733326523415203,0
18433,0.2270222733240325,-0.5630225731034337,-1.0532489024351592,-0.01840799505885,-0.269480082733757,0
18436,1.5667828842084546,1.814216833207846,-0.9366176971528244,-0.7893404056016865,0.8184416746131175,1
18437,0.5723948043571825,-0.8097072392959744,-0.8950761332889755,0.2850464276581811,-0.1358847210832411,0
18438,0.5774346916596582,0.5737651205124417,0.9141304431798096,-2.0435990553047643,1.8642067249342744,1
18439,0.5183925855243537,-0.4328434547946713,-0.1060264811233022,0.6488181513227116,0.235024409053288,1
18440,0.2490819105380713,-0.0923091300722119,1.6684003832792706,0.3399959970727395,1.1381094715576223,1
18441,2.1827039226284013,0.963004209746469,0.3009496564233024,-1.8400860182829073,-0.4094503210172245,1
18443,-0.4575840049828494,-0.4027139867535355,-0.5859248849243612,0.0774159597160282,-2.042687395934011,0
18444,0.6616766364528707,1.4332183024128096,-1.840387182402058,1.0630378146309956,0.6551751934329813,1
18445,0.3649771434321833,0.0481795964757138,0.2253482712112937,0.8664655005074228,0.2187439684292558,1
18446,2.6917815286689573,-0.6339758903762782,1.6453506378358371,-0.1279601431219276,-0.3953400291655959,1
18449,1.1076619254683948,0.0457196984563775,0.790008756013327,0.1529998462330602,-1.0979009671621336,1
18450,0.3554273146456944,0.613650631174021,-1.7482775260056274,-0.595254063615159,-0.813759621544661,1
18451,-1.2546891901043506,0.1449519098346544,0.2750838082992663,1.3133138271294733,0.806829358847757,0
18452,-0.3051415979204634,-0.3031168569687495,1.772516800290584,0.5064781002643658,1.149463498164246,1
18453,-1.4121706498790572,-1.58442884356181,-0.4141290360606535,0.9774133365037488,1.5917109790097823,0
18455,-0.1097567326708379,-1.2769355867470171,2.534089048443416,-1.0606135944044752,-0.4570333897594002,0
18456,0.3663586958400138,0.2420557392681481,0.6168324561475523,-1.0126099386783505,-1.35593044341293,0
18461,0.6428331559219392,-0.7486641385024329,0.7319007428063954,-0.4095795127955309,-1.291668681660295,1
18465,0.0956048986674739,0.48122287824261,-1.4807251834113937,0.2588926147524215,-0.1632971708634963,1
18466,-0.2673021544780856,-0.1354651204262504,0.9737747417501914,8.855046647565578e-05,-1.14032588551244,1
18469,-2.051960951034739,0.2401342731013441,-0.4606182743684923,0.3226215981982323,0.2605853554548272,0
18470,0.7043929445008631,-1.0728724118907955,0.0155770976063685,2.0796419186516313,0.2382238591463342,1
18471,1.4862958039651466,0.6953297732336203,-0.8941921951145534,2.40204638532817,1.3847047229389573,1
18474,-0.7786529290185723,0.6693043544816911,-0.1237762708154462,0.1802310242475804,0.6066051282971114,0
18475,0.1739725277611223,-1.3558692711616065,0.8544088216360625,1.0356967202683378,2.1069658007665195,1
18476,-0.6243902976122914,1.2825340748132692,1.2785887792821982,1.066907024751413,0.1592247319406949,0
18477,-0.9166246834934496,-0.2911813081341748,-1.1195000533224049,-1.5083906791334716,0.7533118923215278,0
18479,-0.9852825917833398,-0.5998118094848436,0.4135891330223762,0.9073481652273152,0.4377696730814317,0
18481,-1.7637914575377207,-0.8579024918584649,-0.7356989504588013,1.3319843120899515,-0.1178162667105008,0
18482,-0.841049356630632,-0.1944533803808664,0.2036397610121287,-0.4405276177066677,-0.5829227580943476,0
18484,0.3277515726843548,-0.3926413483762168,0.5640907002092723,1.5684508545165243,-1.1208755118054703,0
18486,-0.6692206050443577,0.4595184662990307,-1.130028344905171,-1.1303850968442328,0.654597466042464,0
18488,-1.459267144696454,-0.8025197496646157,0.2261847988629637,-1.167353833916705,-0.7621622055543935,0
18490,0.6798463029453383,0.7032027231967181,-0.3875994775781091,0.0106275799937666,2.6976464006146563,1
18492,0.4967887645702772,-1.0768649864667403,0.7701543749638363,0.7637221128032811,0.0726147219844972,0
18493,-0.6267130392653446,0.2867051085991232,-0.2795796593568572,-0.046757864789724,0.0206168075846982,0
18498,-0.035758334153564,0.5341327663854709,-0.4867122831343481,-0.3055747587289368,0.7428519481633393,0
18501,3.07486904410265,-0.174502254264503,-1.0026767806940025,-0.5500917090202843,-0.0719295329171493,1
18502,1.3667054737947095,0.1160771143534178,-1.2425866361000062,1.7595034570300798,-0.6143876113880513,1
18503,-0.8118017708568306,0.4689109416533404,0.995875219397394,0.9659715426629292,-1.747634467003969,1
18505,-0.2163679004862701,1.1555941227619595,0.0325824434605128,1.401934150828793,-1.1231253294128958,0
18507,-0.4377903504960667,-0.9037721490714954,-0.4178145941748483,0.8223659716863401,0.4139695977320008,1
18508,1.2754465521118756,0.5723760814679343,0.3960099137625172,1.7077215196499915,0.5064252839044028,1
18509,-0.952786946674474,-1.202374841449712,1.8828131328233193,-0.0615010163368059,0.0866394875645534,0
18510,-0.5604656720141943,-1.5395146663569252,1.99632155168518,-1.213985431985963,-0.9607577403714408,0
18513,-0.3400882511153432,1.0018026936050723,-1.3988087632134871,1.072904671334236,-0.0181993365918096,0
18514,-0.4392505119261209,1.7980997846013058,0.8436960078805968,-1.6587867765300504,1.0087166523197526,0
18519,0.4199269617745573,-0.0718181633706947,-0.18619872929916,-0.9468498835861944,-0.9145292985652752,0
18520,-0.2759185990839441,-0.0262532466518779,-0.8359559319324439,0.1850296493614023,0.1819556150384133,0
18522,-1.3488257150445695,-1.741423601111319,1.066778758557489,0.914664776723634,-0.8703217472367059,0
18523,0.6461293317318061,-0.6376109807573547,-1.0128377432724185,-0.2468636338031995,-0.2567075877298865,0
18524,0.9908802323462514,-2.3695264804720857,-0.2843929419273671,2.259707684934208,-2.2363965570997024,0
18527,-0.6406145614379091,-0.8932357907033486,-1.3138965340688424,-0.2553720518664415,-0.707017694094295,0
18528,0.3364654107715594,0.6779393131103805,1.0308552162155844,0.8226044368421457,1.0942149036597215,1
18529,0.6841576501303918,-1.1268104433350523,0.279479602661488,-0.7248399253084662,-0.1422077320953967,0
18530,-0.0475639387961306,-2.4889870344779808,-1.0411955578777867,-0.5004278529909301,-2.7944128591443467,0
18533,-1.3196106698231842,-2.1110548835497447,-2.062519927036571,0.7012286860326351,-0.5297675705381745,0
18534,-0.2729246969238826,0.1591142732190802,1.4202289033295354,0.6608853173090419,0.2015659169156386,1
18535,0.4144964232115354,2.239449946370887,-0.9915442443254175,1.3910823620827069,0.0225326987668361,1
18536,-0.0785075365198536,0.62624898675528,-1.8411252835425571,-1.0678404924595284,0.3922026190239713,0
18537,0.458221515573705,0.5713657571976167,0.7131666033518245,2.0079609472975934,-0.6441779578147477,1
18538,0.3900261079516347,0.7482179528746442,0.3737808094225547,-0.1084950110569141,-0.7774271119595899,1
18539,-0.2076520125898145,1.2973898559206865,2.19359054996724,-1.7415094068757655,0.0188903156714022,1
18545,-1.145844072573991,-0.8673727481253437,2.0902980644452884,0.2431644586683856,0.4568544260281623,1
18547,-0.0209093231744033,0.8227487368836744,0.0106047857973116,0.4086341995176365,0.8970736262030077,1
18548,1.4301364059476205,-0.9457751645567244,0.3939595596241916,0.4397150247984272,0.2403922799778194,0
18551,-1.40918006133274,-0.8190411903909441,1.575417122908917,-0.2070565450078917,0.0459673494501464,0
18553,1.2880606201041949,1.8990007037993104,-0.6815248943940659,-1.5987375141184474,-0.4846209340121963,1
18554,-1.6849972555532893,-0.3818809269809779,-0.9193594797329684,1.110692960913756,-2.107365809282865,0
18555,-1.342920183526906,0.8429802047693697,-0.6317024202352894,1.4949662695471828,0.0143421312742179,0
18556,0.2050003628797513,0.2971494672259586,0.3827645781069203,-0.2218365658530723,-0.1759997128543045,0
18559,0.2451894295526654,-0.0803520237408232,-0.195756491678929,-0.711734115935277,0.8555699105325607,1
18560,0.1721508968527319,1.7785589826210428,-0.0326840658600159,0.2569186304308025,-0.4659442765741743,1
18564,1.0633395212335588,0.9264496912067556,0.4253567681078813,1.4712232087971673,-0.2369826184136108,1
18567,-2.398764926954634,-1.2420579538899537,-0.2789867178021188,-0.2872446689407488,-2.103507615657907,0
18570,-2.022744036092762,-0.2078947494794659,0.4175473557238281,-0.566043995263378,0.2512713811795808,1
18572,-1.353151678546396,-0.91780371985132,0.805374206470402,0.7217864705597593,-0.4747967977098094,0
18573,-0.2955644583222893,-1.3370893052509782,-1.2727139336401616,0.4125563612153137,-0.4333179494154787,0
18575,-0.5341640559801809,-0.9626421791651866,-1.2652425578074014,1.1995914829995815,-0.632739859523182,1
18580,-0.4161127697638919,-0.2709837775771179,-1.5298719693967209,0.2632738226387636,1.9246319336320612,0
18582,0.2048381812009139,0.7985338929722368,0.6954490259358225,1.132826473649245,0.861186723381161,1
18583,-0.6377945208438099,0.1568544269849628,-0.4477395580149018,0.9355932877628554,0.519226683376446,1
18584,0.5599262850025597,0.364503476715686,-1.5193742711150224,0.5588103092238718,-1.2654031877153962,0
18585,-1.0078150533993857,1.126359696419988,-0.3862694856552862,-1.371249302319061,-0.620426338642556,0
18588,0.5111068579144292,1.0665706882211097,-1.126055588342696,-1.8078319023954872,0.0968014725867231,1
18589,2.441780031066982,-0.0519494846263916,-1.2722175291483229,0.5576743259282299,0.3294233666147942,1
18593,-0.6802885441582747,0.421417423256382,-1.2304253444655568,-1.8151980028080197,2.3515163041477556,0
18594,-0.2972755606198308,0.8219421752683481,-0.2728965773904716,0.2407376157312665,0.0571100524420942,0
18602,1.7963922913996957,-1.2807444989553811,-0.9731099126511265,-0.7156771092959976,0.546856653212334,1
18603,-0.3761506919204653,-1.254336611091645,0.5034524123943637,0.2325879161988202,-0.7967299795829668,0
18618,-0.2789602190527798,-0.830647276906702,-0.8743321430536367,-0.4418764443250211,-1.2874377671081307,0
18619,-1.1388196467580092,0.6117759240932708,0.0747728327018404,0.2391709345897767,0.6484069215889199,0
18621,-0.9623983485603224,-2.1324179489763786,-0.498200596906993,0.4896176665644827,0.811027063971433,0
18626,-0.6561531478822853,1.6776322934284122,0.3477262884308662,1.6408986242175678,-1.0534879478857435,1
18627,-0.7635175156066175,0.7122088335712488,-2.7183927238897403,1.815919560251924,1.2026335457135144,0
18628,-0.7619579679374828,1.154683751380639,-0.0088668651039989,-0.2996416105528183,-1.0359708041660096,0
18635,0.0850014001682121,-0.0334926551278564,-1.0939302876805568,-0.0264302865458943,-1.1569571034521795,0
18636,-1.34149203867148,-0.7867121658358984,-0.2953907039749354,-0.2291149188612103,-0.1410095049334059,0
18638,-2.3067922933639955,-0.0603444086755431,-0.6082537953534272,-0.1549197191408724,0.1499658397249279,0
18642,-0.3932809854960708,0.4969934216470796,-0.0179579417878688,-0.0519689558910684,-0.2755585596229476,0
18643,-0.2346218952562911,-1.132691622849007,0.5607950478340197,-0.6871737684933639,0.8981481327856318,0
18650,-0.4077037085578406,-1.059645658087507,1.2349951072224383,-0.8136619477610824,-0.7073806793641145,0
18652,-1.7038964445271976,0.3779270470712461,-0.5786762700495917,-1.216235252288263,1.6938045162207185,0
18658,1.118107633229062,0.4724373621838673,-0.3575477415827982,1.2358311902485546,-0.6532363691935014,1
18659,-0.1422539219995471,-0.2707975719048571,-0.4319396819825062,-0.350062710614699,0.9158160038937544,1
18665,-0.9783428755869636,-1.381993509483224,-1.1663832546610038,-1.2927748959224106,1.6655587093987356,0
18668,1.4028954335960395,0.0802855607321515,-0.2814594778918575,-1.483352715317834,0.730317945508201,1
18670,-1.0206905920851543,-0.7002818497740712,-0.6863125206539699,0.5819922474932281,0.820562935534464,0
18672,0.0109199473815387,0.0673439007914404,0.8365921579206553,-0.2023443443960579,-1.6797705848101971,0
18676,-0.7158563823152244,-0.3650540092477236,0.0171613224328006,-1.5178959776283478,-1.507571104335926,0
18679,0.4745300966578014,0.3518419369873055,-1.7349496235195303,-1.7130270425798035,-0.6215902668724351,0
18684,0.6079061517732248,0.979161614534504,-0.4914211179460063,0.7257679281943583,0.1146403143757129,1
18688,0.8173379166314884,1.9492756884734148,1.4281732216845948,0.9370888907608416,1.5629232530942363,1
18689,-0.1239586804142989,-0.5530449985095222,0.9803482689056148,-0.1091813817530951,0.921833312838104,0
18691,-1.4097106937809574,-0.9897076808872892,-0.8008020682165516,-0.4078092810878184,0.0879197668959351,0
18692,1.960227423805289,0.7944083831433985,-0.5894426651230008,0.022045690443154,-0.5378851621338009,1
18693,0.8848880237169493,0.5624604724012562,-0.5424336333956328,0.385311785075498,0.4538453425247922,1
18694,0.0544787374673709,0.3915945102349933,0.5777314663790172,2.130114565493858,1.198137260750706,0
18695,-0.9616783664564926,0.2511566547052932,2.1282977530715037,0.364664015738173,1.8447489693468664,1
18700,-0.230593243985227,-1.2021230419253712,-0.0447986704112825,1.9367135808673703,0.380031394732404,0
18701,0.6572824477428342,-2.473687201133919,0.917040517522458,0.093747290597357,0.0233045544625305,0
18703,-0.3695935851251356,1.1120703313277267,-0.5583140862418302,0.7964259866873564,-1.0711776162746205,0
18704,-1.3546736837327849,-0.4291812489680217,0.924989895845403,-1.4699392146275685,1.7745629084190488,0
18708,1.2038361314127892,-1.124286408284701,-0.7282465439116413,0.8968073933866623,-1.6616989401046534,0
18709,-0.5518356732020473,-0.9281466913368808,-0.4582319004880838,-0.6864335380601809,-1.7411892698141511,0
18710,0.6073580974374162,0.3464725138037798,0.8948859044408101,-0.4084783579840315,-0.0939380917966702,0
18712,0.0952766265226808,-0.0678493281931571,0.096455374202909,-0.5466932151251082,0.3406628204204598,1
18718,-1.9021426275933129,-0.5556278016829311,-0.3156976854961136,2.1929779040130404,0.0457277106259125,0
18720,0.1613295568028359,-1.780621222738947,-0.1004441689659776,-0.1615089264008145,1.636511088981466,1
18721,0.4466946261848918,-0.3912324331740988,1.3981137661788754,-0.1179779416685598,-0.1275035935693297,1
18723,0.0684997064333058,0.9125213913707998,1.5415565616972142,-1.2314945015310494,-0.1628996753207384,1
18724,-0.2434925796933047,0.1064338871747331,-0.5796214269480097,-1.027809924088817,-0.1083182113435123,0
18725,1.0171479481200283,-0.202256996487771,0.4156003253135406,1.5310902297924078,0.1662513108883717,0
18726,0.9903277025192528,1.0832851236963754,1.241519135789324,2.0815928050681705,-0.1274061023752155,1
18727,0.9132492361987656,0.2174102659129201,0.4985958823760331,0.4113645208060895,1.1938779527520411,1
18728,-0.5073302020348486,0.3929552054479838,-1.2710448471163325,-0.7975044870644753,-0.5769022434616695,0
18730,3.0119264528451595,0.1891453199520935,-1.398758760237814,-1.2653653981754769,0.6974524544790602,1
18734,-1.6113226548590378,-0.8638531613315052,-0.8890191981930515,0.2488277322992876,-1.2932770695108526,0
18736,0.0555056340625302,-1.3458192092262684,1.9000589163322463,1.6196856383009397,-2.5968646451034743,0
18746,-1.6502006610091424,-1.4043071901605273,-0.6897129721982299,0.3397384274004388,1.1423164173771758,0
18748,0.9995035991196464,-0.2963319481776523,-0.3597261780536175,-0.3883709344188472,-0.3260169142455573,0
18751,1.3808447954804597,-0.7376184999200506,1.718107266738517,0.3208236188508404,-1.416941800480604,1
18753,-0.0648301543081712,1.975188489416188,-0.2131129333240806,-0.4214162985738509,1.182447515792506,1
18755,-0.502130428367597,0.96946138569941,-1.552475293479376,0.7330321143463551,-0.6572757420097579,0
18759,1.1588246572493492,0.6978762748927752,-0.070281769947509,0.1624650877546492,1.1577419990450737,1
18763,2.1820937934367297,-1.1572730582048911,-0.7322122061663282,0.7201092264721456,-1.037636075401113,1
18764,-0.19059351461018,0.661597347155038,0.5859930068130895,-0.0207612711367933,-0.1627581929927101,1
18766,1.0674241700303826,0.6952920422519685,-0.4006110442494579,-0.6039196429244506,1.726716328408084,1
18769,-0.7110179602475831,0.0682740415505998,-0.1255381807465816,1.5340652792318208,2.5211858398258435,0
18770,0.2769911197194987,0.7488046368717332,1.9122891332303424,0.4789231752753615,-0.850353401628712,1
18775,0.2121328725509942,1.0544867156645947,1.581725483485099,-0.9035398886643602,1.0741288659800712,1
18781,-0.0493053009251234,-0.0562996700343938,0.2587081821409693,-0.032237449133191,0.1233579369949501,0
18788,-0.5281249422699507,-0.2338884134250234,-1.9316315939952893,1.2748799034939202,-1.4024419907343744,0
18789,0.4545104042210244,-0.5561053111367984,-0.2777287390069667,0.5863947105838413,1.2360761736167591,1
18791,1.5064552674157985,-0.6677959914970326,-0.8372067221857843,0.5518923089297961,-1.18916929541663,1
18792,0.4750035415375115,-0.0528637815259131,-0.1650923093412317,0.7078950064779365,-0.487129663554854,1
18794,-1.065563725678052,-0.1650460870262322,1.825543433359727,0.2535528137523858,-0.9197425788548864,0
18798,-0.0399330471275915,-0.1848450409306178,0.6953590391538633,-0.9159311682441968,0.6369463838134976,1
18801,-1.5547339992448532,-0.3309512679821729,0.4021894680923443,-1.458507070312839,1.0710038498885084,0
18802,-0.4117300953307633,-0.1824863372549287,-0.0342311621336321,-1.4422060563963948,-0.542881356635356,0
18803,0.3908475767726257,-0.1011515249293598,-0.5176445432862152,-0.3535957413842727,0.5321024938863579,1
18804,1.3856113681558364,-0.1984244621940839,-0.9056491157688074,2.4379251963335062,0.9997809681731537,1
18805,-0.1379897146217347,-0.6187108003394133,1.70225267258491,-0.8664012354180912,-0.0015234728598126,0
18808,-0.0729571694552292,-0.2145524016130241,-2.1156585755336614,0.4411651063546444,0.2459157596516364,0
18809,1.017405947078199,1.044528311742748,0.6005186448050965,0.6129437978234816,-1.0526755636408558,1
18816,-1.2647727514093283,-0.3924436032671907,-3.3909600520119376,0.9809048725014043,-0.8269704148988151,0
18817,0.3147508455888768,1.7249264342180342,-0.5233180008660823,0.387794125780225,-0.9180433867485676,1
18818,0.8281770766187879,0.3450197682385139,-1.2575541522593257,1.3560442857063846,-0.1098718267789833,1
18819,-0.1707156824521038,0.6871574658540438,1.0281759008205271,-1.0350805941257104,0.9282408084059776,1
18821,-0.8345475465025997,-1.6827675415968728,0.8355966252911338,0.1659677673846415,0.2356522000833243,1
18822,-0.4637321671794002,-0.1958818460117536,-0.1920783525336814,0.3382019834110982,-1.5338822204671183,0
18823,0.094170810550711,0.4542052572094502,0.4927983216370351,2.0033989787335864,0.2658169590864058,0
18827,1.1654587647233077,0.1120930604146295,-1.3262714293936797,-0.2773425243873252,0.2687398394953459,1
18829,1.006894464251079,-0.9043919701258176,-1.0264335312103172,0.0671058847896513,0.7632464667034398,1
18830,0.2299972228089963,-2.615045445352088,-0.1355450537120718,-0.7374917605630115,1.1988216898829809,0
18832,-0.2035500444669504,0.0987532288536374,1.741050471864272,1.004073196942325,0.9321927430700626,1
18835,0.3544995273267861,-0.6295955266414808,-1.0306523045054798,-0.2364314622159393,0.0769338987654531,0
18842,0.4780008603828197,-0.4960400980835765,-1.4653719725856702,0.5062702196902206,0.5798322189898872,1
18844,-0.03192723777111,-0.5980584860477068,0.2661909082232825,0.2847512479377292,-0.1641401801722599,1
18848,0.1920394869715067,-0.5337270947222598,-0.0500455340053404,-0.9029856974830792,-0.4387309818116816,1
18849,0.3152646455010903,0.3853345914754186,0.2187470722038988,-0.6111560432584684,2.216537759059348,1
18851,1.8356567797267431,0.4574436972427255,0.7948721106482745,-0.3727441787286464,-0.4100124073176087,1
18852,-1.0769964537640262,2.001005049370835,-0.4488846538140481,-1.3495057676912183,1.1765688462944612,0
18853,-0.666056081808021,0.7053663034867808,0.6741643648187103,1.0370645916217822,-1.3948969085778011,1
18854,0.3759713341479478,-1.0860338454497658,0.0589440957856088,0.8580391540367884,-1.7132162309742711,1
18856,-0.2480542171709328,-0.0538743239606613,0.2298905211568866,-2.7928133300452185,-1.068148128852942,0
18857,1.458734871937871,-1.2309306806666025,-1.0548686301790973,-0.360183226395332,0.7807177720265929,0
18861,-1.1816146427337488,1.5340201295619234,-1.3397668874847504,-1.2643104109919423,-0.2079397222434112,0
18862,0.1853148020189568,0.8889109780937063,-0.089048857747695,-1.061156491049869,1.0726109753022048,1
18863,-0.1733434680350192,0.6419121125456837,0.9551184505294144,-0.5563560279034839,-0.2481360405565519,1
18865,-0.4018213842469819,1.486107060891477,-1.8266872383564152,1.819141715175242,1.844656953211061,0
18867,0.780869565516614,-0.0734482453723989,-1.31258838096407,-0.2625468294867529,2.5521772930019404,1
18868,0.2395448058636883,1.452264926948807,0.3905190011776042,1.7541477544306163,-0.0479140476297707,1
18869,1.2318779087057377,0.9920319927992092,0.1062812832698976,0.1103815559936848,-1.4488155181326576,1
18870,-0.3586062896182,2.513588103878071,1.8189274401105813,-0.0620286966128415,-0.8273485724210755,1
18873,0.4705070118705493,0.1039561747558126,-1.3149051954870774,0.3319219249791343,0.1432051631674792,0
18877,-0.7235478950208356,0.2841777739684934,-0.1324219401707485,-0.4373952946469446,0.5386926243135184,0
18879,-0.2513313212514422,-0.2084065807655,-0.4703630533852991,-0.6352520425843705,-0.1844964750745754,0
18882,-0.3618448219194731,0.0296042566125169,-0.2553881161384811,0.4208211127316859,0.1840268666485458,1
18883,-0.7280623998423921,0.5602099946189045,-0.942185842044538,-1.1618759292276786,0.0799958548267186,0
18884,0.2893460808399837,0.7704391430194487,1.7643386379219737,-1.9194887402565133,-0.6723939047329599,0
18887,0.9516010277281096,-0.6632080605655484,1.5781583551982563,-0.6751459707815715,-1.1307825573808226,0
18890,-0.2538021859081415,1.3784210639439831,1.1429945257180008,0.6501143317931768,-0.5020605804325703,1
18891,1.340120552497525,-0.4891744112600203,-1.166112409167047,-0.6989901331860449,0.6971254663402456,1
18892,-0.364738449665749,0.0988492844969242,-1.08321933824368,0.7214003178358329,-0.8406889019934671,0
18893,-0.9854246014145944,-0.3137231489796776,-1.405510968521623,-1.024432070377026,-0.9723129457821968,0
18894,0.1292117207719449,-0.8134161272234858,0.1981582968698465,-0.2622311368802005,-0.5733885076960686,1
18896,-0.5337793913323787,-0.3312153660055723,-0.1563577783095773,0.0016826147960875,-0.6153787726137669,0
18897,-2.4870487173562723,-0.8389304264094354,0.7220599529632703,0.4484629324332083,0.4789692959371981,0
18898,-0.3627880181875698,0.3659463497077265,-0.5861067767457081,-0.4890390041003697,-0.7047245654390943,1
18902,2.495371826455173,-0.2907548183369612,-0.8912490903241599,-1.5574732923929864,1.228551772824528,1
18905,0.9053504069410218,0.3357287770342377,-0.178718735484518,0.2215799350395763,-3.088816267235764,0
18907,-1.8902931004842192,-0.5087103489088499,0.2884023796517765,-0.4079386848282375,-1.3910818658569866,0
18910,0.6841971644242213,0.6568332188290195,-0.8838122553378216,-1.0072814589471777,-0.7539271054112966,0
18911,-0.5328188284180454,1.1239270739175624,-2.092417795547578,1.1622957358896149,-0.3545931797414444,1
18912,0.936005487048974,0.2454359613789638,0.5004579098738352,0.8148056711939285,-0.2587352879245462,1
18915,1.3843686165245148,0.1207243971239343,2.3818989357173,-0.1390210342661798,-0.7230027864854313,1
18917,-1.2601438195215384,-2.3545493241190107,0.2791096606358734,2.149911831139766,0.5351404022080543,0
18921,0.6839340490673632,-0.189280840684283,-0.7944161003396139,-0.4085065674012327,-0.2996827332700474,1
18922,1.8768067116426157,-0.6404132335635282,1.7802383159615605,-0.0630571955125243,-0.5106219924375843,1
18924,2.09169986528595,1.264091503597118,-0.0292501523513685,-0.5263609738909224,-1.5318013923579965,1
18927,0.0344494116389418,0.1150099255830832,-0.1939462677579704,-1.403390150710311,1.0897900612432123,0
18928,-0.7147537988589522,-2.457487732197514,-0.2470047636759319,0.2307619166005455,0.8034127181558067,0
18929,0.059967746828456,-0.0685596222022041,0.0051784158973526,-0.8522794958513826,-0.4896903504389376,0
18930,0.7307769698501991,-0.6533379894216663,-0.0035926317284599,-0.5696046779631788,-0.7748105986541874,0
18931,-0.3276880564907973,-0.3117379238157945,-0.2810021513004966,0.1364647524179719,-2.047500354609072,0
18932,-0.5592289035146828,0.4132777297659942,1.2534786543994634,-1.3414539082281072,-1.23744726192009,1
18933,0.074590865106774,0.8719067261248205,-0.905747856026328,-1.957745664947537,0.0916610468497557,0
18935,-0.005701492028846,-0.4868469885763818,-0.0523369913246275,2.769041448310775,-1.2003035023285933,1
18936,0.599981564240146,1.170912907356792,1.0393658782312465,-1.1605817941164047,-0.0484466444167458,1
18937,-1.594479435041958,0.6336229851027583,-0.6165065873762081,0.1766456787488952,1.2170461020807093,0
18938,0.0867399888039038,0.0693261251519159,-0.3723939066623321,1.106853579203375,-0.6995030225907797,1
18939,0.2819269912543646,0.4337116801738478,0.6158608705118792,0.1770204574421016,-1.1318911444828967,1
18941,-0.7592989686505469,1.928682262513548,-1.6612409606946608,0.347537095080857,0.4463184489203292,0
18942,0.4640192685775864,0.2867389233923005,-0.0263292104817497,1.5852891082941991,-1.144719233488928,0
18943,-0.4304739897353372,0.0138363738681647,-0.2438619898544227,-1.0334135599858154,0.5077928358802202,0
18945,-1.105436253019351,-0.4200257240182053,-0.3911087309295403,1.0427425657146243,0.1019522756557862,1
18947,1.4625896646900045,0.4849479280774427,-0.3968669890173595,0.2503405493083457,-1.4741834755506742,1
18948,-0.6925343811912691,-0.3360200668490784,-1.1234045980365637,0.6568379333602938,-1.19781946901477,0
18949,1.1646417473616348,0.5140345033088295,-0.6752106109557703,-0.5330894001737325,-0.0313527169318356,1
18950,0.8750592764175534,-0.09006786345098,0.9762241074649444,-0.0342355476091832,0.6198095658391153,1
18952,-0.5304578958350264,-1.8526661647321363,-0.9705846444622322,-0.2590244444967347,0.460709796602208,0
18954,0.96092952859288,-0.4044722640589653,1.7770229409396026,1.2893601587092605,0.0734631526670728,1
18959,0.2687660603335139,-1.5264752160168438,0.5665947477037764,-0.2997154312791911,-2.0229895021551507,0
18963,-0.8088149045495402,-2.128044481642264,0.9112781885622772,0.9662012987437294,0.8549364564770332,1
18964,1.2461527555796013,1.1615134420081703,1.2139020192204444,0.4002922747476534,0.4009739292246261,1
18967,0.3183614305221147,-0.1528624199935765,-1.1951044302975118,1.1063780825881646,0.340123910171986,1
18969,1.6356716859461848,-0.5718269225233068,-1.2457973740798844,0.0359554607779188,-0.1944840904014077,1
18978,0.6037824404684617,2.2861906599516835,0.8068593168527333,0.967422746933197,-1.8190302852551024,1
18983,-1.5011432151811672,0.9395918529372426,1.0457831864481917,-0.3047476347701723,-0.6275924768513613,0
18985,0.8681418155580997,-1.0153405769046435,0.5275207203549789,0.3361623226174192,-1.2792195562906994,1
18987,-0.4207958612579576,1.0813978996730396,0.7394963618824948,-1.306624473474338,-0.8616279996174324,0
18988,1.141822701891498,0.5703596000784288,-2.8836218781358216,1.425791985794342,0.0150251688724721,1
18989,-0.0372397590063023,-0.8850330190124001,1.2629929499921646,0.5201605524065586,-0.1353611290974173,0
18991,0.80005109489039,1.5485827773594028,-0.0735440385286393,-1.1573554394377157,-0.3569395749966285,1
18993,0.0030578386999174,-1.0401502533204,-0.1257125022101265,0.5024184988546859,-1.506143185311639,0
18994,-0.5462759817204158,-0.191101434520569,0.1853224030010242,-1.5504997692983464,0.409540121519193,0
18996,0.1877860144275053,0.0682019612228844,-0.5582490132099343,0.0982231722686808,2.8604835478249933,0
18998,1.2944489468100204,2.336865412001755,0.2856977447897561,1.058960260670034,1.522074298006237,1
19000,-0.6735572718554521,1.363993337421468,-0.4333551884317297,0.2777590328293542,0.8327284965453805,1
19001,0.5727953573417176,-0.5665074456566342,-1.281493385728579,-0.8254792920641751,0.7232146856666087,0
19003,0.916168053042212,-1.1058611082800296,0.1239657122477178,1.2729599850085316,-0.0361440923032476,1
19004,1.583252533810595,-1.068069000186629,-1.327957087627752,-2.302027121785569,0.7553301970939059,0
19006,-1.8564947269150704,0.3988559525505855,-0.0166550763027813,0.2331548679045664,0.5357950932839268,0
19008,0.1495589098978152,-1.0129153905538564,1.2792757883522283,1.6921652417709292,-1.5063305259389843,1
19011,3.2374084794561613,-2.5199173569376363,-0.5463460582825891,0.2307731034019398,1.280979427613976,0
19012,-1.0171106127832066,-1.8461957326014085,-1.0281522383333557,1.8332097275369648,-2.042965348654852,0
19013,1.044022270731345,0.2851085519058578,0.3996886677903947,1.1991849004141883,-0.7465675536433433,1
19015,-2.451068403408118,-0.980945193412887,0.4868256068607481,0.146076341130274,1.0508520530525125,0
19017,-0.5471156951280566,1.1666965807968286,1.0370858035470845,0.4917439464883678,-0.4405588207085524,1
19020,-2.167939930791464,-0.2338867793196367,-0.5680345935750627,1.3095180779539874,1.8693825783462328,0
19021,-1.524420588457092,0.78174784257081,-0.6695583468210242,-0.4788658575820946,-0.496564655018718,0
19022,1.295751199278447,-0.1189514582593626,0.4184793534541612,-1.6748897099928826,-1.14952552957519,1
19023,-0.5583918198853602,-0.0022059289369903,0.6683384797804547,-0.5890792339363399,1.3981521806528243,0
19024,-0.2780101296754788,-0.6942405444822249,0.8584824013022941,0.7049283493162508,-1.8006692959598447,0
19025,1.5823489089443408,-0.5487200108156006,-0.2221479171787923,-0.8852940387836673,-0.4365158044569901,0
19026,-1.7235068900861985,0.2869788453707716,-0.6441916531748013,-0.3225473556270112,0.9733018004579144,0
19028,1.25361459557488,1.5079220416100203,-1.4968462684474797,-0.7510745347447395,1.121514460824715,1
19031,0.269873533246399,1.648558663872388,1.2917104219996116,0.70361509027268,0.2617519503888414,0
19034,-1.2874998250452565,-1.3417548222158298,-0.7736942404285692,0.5491542723620937,0.4367217851330416,0
19035,-1.6311776990812883,0.2937847125100875,0.1583435214287785,-0.05875133056525,0.5886026587262551,0
19037,-0.0637234182261218,0.6720169102685538,-0.1885149903549038,0.6961669669029054,0.1293414909994916,0
19038,0.7762654437212863,0.6711173607209212,-0.0840198364754563,0.8967463836896343,0.7120817869982534,1
19039,2.3186823760270725,-1.8363977715067876,0.6660745055401501,1.042976779620158,2.2273686244218034,1
19040,-0.5148651110906891,0.1111142127413359,-0.4606034899166558,1.777454901078504,-0.7696733597788723,1
19041,-0.4898709837226222,-1.455003385835116,-2.795019707514375,0.0068079340755504,-0.1022100566465565,0
19043,-0.1165646121204478,0.0034121238887461,1.494332718315224,0.4125043410036538,1.0361663827091585,1
19044,-0.2059125531476371,-1.1371500732893711,1.0719160747930017,0.7307755289338229,-0.4749644784352072,0
19047,1.1030946140774167,-0.1858759783464138,1.0539789357149183,-0.5905936504341891,-0.1323320677301438,1
19051,-0.2989600417277385,-0.3593644895626575,0.7650837781666956,0.0286422263182391,-1.0860274106101089,0
19052,1.5522071785307725,-0.5517690700629193,0.2839810832416116,0.44856722804592,-2.203012016198167,1
19053,-0.3264431176154962,-0.5894432935296381,-1.187569631494712,-0.1210069273503597,0.1157306618805631,0
19061,0.0372214700864452,-1.3380197408943224,-1.2609758986009874,-0.7030552417951339,1.1765272973266048,0
19062,1.4651353590554448,-1.295283088902847,0.9932342375836408,-1.5246204394549931,0.6657559656424878,0
19063,-0.3934714398063003,-2.0871957327805823,-0.9587246188841736,-0.5371947535067529,0.4953705194961285,0
19064,0.0094397391567715,-0.0664134137222044,-0.2298570818054554,1.0443589114366845,-0.9496066298807112,0
19065,0.5788053462723527,2.445755724856976,0.5907737688615271,0.55503234598848,-0.6117049285270384,1
19066,2.086818161003273,-0.7499528120503934,-0.0390975253267704,-2.139454043124964,-0.6131413858035029,1
19068,1.031483847499325,-1.5503314759637226,0.8737208322656342,-0.3416488947877427,-0.4532636140206876,0
19069,-1.0493770713589623,0.4790095902238121,0.1595622854524586,0.8700343931848957,-1.518473146617097,0
19071,-1.260382971413794,0.1859640668451062,-2.514059795427371,0.6922574706948648,-0.6572144388517988,0
19077,-0.4301993982494409,-0.6569238765732487,1.1771676910790898,1.066922904048075,-0.9374257776642976,1
19078,0.1982706546899596,-1.0909079058179612,0.4330925044681454,-0.4825998031273553,-0.989936065308765,0
19079,-1.4263033970609793,1.245212455542316,-0.4671254965656177,3.1698919238147796,1.4228981715253814,1
19081,-0.0553731131837329,1.487497202937182,-1.0494211598307932,0.4697856643448578,0.0382330869954928,1
19083,0.3705530171867062,-0.7439508695731055,-0.3088935197855961,-1.0399105860999105,-0.2987774078799998,1
19085,-0.0189602506888007,0.1758833178642191,-2.4447909441243207,-0.0999999873074264,-0.698190469703898,0
19086,-0.2619659125114965,0.763408925815931,-0.4971724851288909,-0.772326547944045,0.3123676247209341,0
19090,-0.865587741785913,0.1653501519845216,-0.3517454354257203,-1.0477290247685225,0.3337530000622996,0
19092,0.7255275001134618,0.814976094625178,-0.486204384627479,0.1763206966373031,-0.4044782006895474,1
19094,-0.5442465457594335,0.2709763640708506,-0.4231309732130116,-1.5297334072673503,-0.2546788511744902,0
19095,0.6298710664231629,0.6618768986185288,-0.6198374496369591,0.9825334808564992,1.272375239359699,1
19098,-0.6710103181355296,-0.6168119803657166,-1.5382662607836366,0.8782804215491875,1.0591482187452754,0
19100,0.6470065156677074,0.0256916533148956,0.2675049895510417,0.044546355418528,1.1710073492500923,1
19103,-0.7189887950544479,2.927978588485153,-0.3375354365706711,-0.0234980201900699,-1.0172237458285582,1
19104,-0.1182989194594964,0.9737564379817504,0.1024061639063868,2.0045864514293914,-0.7719337065218184,1
19111,0.3462561855649586,1.1552401136846946,1.1174435683187711,0.3935102391306884,-0.5554328600768036,0
19113,-0.0168592037087154,-0.5936483974995935,-0.4713198123898545,0.917886845702523,0.9110334628663778,0
19114,-0.1690669344123633,1.2632129310548843,0.74368760576665,0.5953006303615961,-0.0708450317231309,0
19116,-0.5799447435076082,1.106915326409161,-1.211215821462977,-0.0249413271122768,1.1514314385523854,1
19117,-0.7946409730673419,0.3289248034879845,0.4693290428484945,1.294207318310881,-0.4848144013205879,1
19118,0.8471238799865005,-0.6931753064804049,-0.351969951196318,0.0103628484235701,-0.1169765076407767,0
19122,0.4783875217856631,-1.569343482312321,0.3353409012080485,-2.4962187780574614,-0.2593381724406931,0
19123,-1.5577131380331222,-0.7276667559983799,-0.1137549917183915,-0.1070096469262632,-0.1902794428266304,0
19124,2.25208134811862,0.7315505462702815,-1.6714340887705257,-1.3828549954080966,1.347880101622266,1
19132,-1.1333567014035586,1.1011459833290156,1.3102029182344723,0.3962154905206457,-1.277222994710841,0
19133,-1.4792910289052918,0.4719449174781691,0.4698888715005651,0.7071816592373656,-2.1852439240087507,0
19134,-0.8659273571857661,-0.5732120901676014,1.0738087262836742,0.0220520844797972,1.1370140174151135,0
19135,-0.9859389913289408,-1.8480897408976569,0.8445876895408956,-0.2194826919025491,0.052669799766096,0
19142,-1.467307766405576,2.3296862139600765,-0.5550299178619069,-0.5544781697456104,-0.5619761868004743,0
19144,0.5182904414040865,-1.20854744226461,1.2937587362585825,0.0132825565884276,0.5437268701181847,1
19148,0.6659720667138924,-0.3692610985843642,-1.1590490076863895,-1.5293384370986225,-1.6538934555149525,0
19150,0.8470828074096041,0.8098631676390657,-0.4269699099686359,1.287986860504181,1.0460175612192018,1
19151,-0.3015197234534192,-0.0374143290408497,-0.3401438429235115,0.5542825515062901,-2.2884527389644806,1
19152,0.9573963361822434,-1.4215504641440115,-0.6378619310164069,2.110576900870236,-0.3094388790349102,0
19156,-0.9363287214152528,0.0713862509564452,0.9226087288494136,0.1340606162233573,-0.9616353245048744,1
19164,-0.1482767195022443,1.5951432820646478,1.00556588301784,0.2329504573785616,-1.05804502008885,1
19168,-0.0539974498968541,0.5048961478259406,-1.323131259578037,-0.2349257388467659,-0.0181255001239896,0
19171,0.953677720043734,-0.4094631232771762,-0.7678992797034542,0.3437158613179645,0.8333669301285226,0
19172,-1.0057699331927403,-1.7812851560472065,0.1638346589795107,1.6056484054440483,-0.0594886471958142,0
19174,0.112529051318914,-1.1821594081364375,0.8125718449204684,-0.4214815452753174,-0.1782662277871302,0
19176,-1.1215476569801657,-0.8881905546152223,0.0408317476893736,-1.6367156394822642,-0.7425608273114086,0
19177,-2.347196078169018,-1.6333875601652903,-0.44322345098625,0.2882750764780317,0.0707732236979017,0
19181,1.549636567361689,0.7485646611554853,-1.7571757834162496,-0.4670460617080004,0.7726780636183296,1
19183,0.7063233413251708,2.1687489666389723,-0.9415969559718824,-1.2319333697305792,1.719366286881831,1
19184,1.008181347912526,-0.2892748221872929,0.0566393449827571,0.8455107432254861,0.8470728773916562,1
19185,0.9143198118367888,-0.8187462447406604,-0.2655597644492562,1.9465407622633195,0.6527660736750945,1
19188,-0.8411497701853721,0.2648480584634377,0.8932266582865237,-0.3099704855636091,-2.375330237558374,0
19190,1.2403726670597728,-0.896827746971911,-0.2373482318060139,1.02386978691056,-1.7679204105099575,0
19192,0.6715881805612566,1.522242991242966,0.3705473174189288,0.642692001465389,0.6696656683620816,1
19195,0.027796445449983,0.3870298110505272,0.1958796598629697,-0.3493621479712658,0.8880509011152973,1
19196,-2.587620303541477,0.5889878264146375,-1.0192548016132394,1.150513351547647,-1.832372551336635,0
19197,-0.5312449350611465,0.4015213478523327,-0.1380785752465857,-0.7117529427609848,1.0977550850222193,1
19198,-1.317002319339649,0.0999175939317061,-0.6279337675839484,0.766283148213098,-0.5776170570185926,0
19202,0.179900929056704,-0.7145873483317495,2.373373271994259,2.2441931157632893,1.7343007017405774,1
19203,2.0991828146970253,-0.8812619864252115,-1.2692922509099789,2.837047395577965,-0.1609141291827078,0
19205,0.9056119470506296,-0.8731539219049664,-1.1851767190843556,-0.9397973230350152,0.3361980917833105,1
19206,-0.6175468783399105,0.8794048831753573,-0.032087798905048,0.6140701371293069,-0.9442564619129454,1
19212,-0.457963627465991,-0.205881235646022,0.5664944078504224,1.7719246570964462,1.9308902562047887,0
19218,1.481183639717446,-0.3048920960159355,-0.0705181482366254,-0.7505548217631424,-0.3151598545010234,1
19219,-0.0208765090273299,0.7374273611431389,-1.712002366392276,0.3786229642669906,1.5226978544359149,0
19221,-1.879768397339843,0.4599066944388814,-1.3104786759925433,-1.7403402334184586,0.0960898920600751,0
19225,1.0931869406939183,0.9850179141167916,0.1747018929789749,0.2018154446253385,0.3622598675150672,1
19226,0.8194410321294505,-0.1615492288691352,0.1479745512904134,0.1190997108239572,-1.427447800688001,0
19231,1.1196786607098237,0.3559901736611228,0.2378590212166625,0.4967946617163856,2.1129514917748744,1
19232,1.2420741079216402,0.0011278062386728,0.2331637479941381,-1.5618319109387278,0.1477811331322931,1
19234,1.0271502636384098,0.0894336040187974,0.0918713216735189,-0.0201479101870115,0.3192085281163564,1
19236,1.223642061132914,-0.9921658238868778,-1.5964860695947876,-1.3326381083567755,0.2678146003291878,0
19238,0.0956621330565595,-2.086988742705166,-0.8272918600924176,-2.0854536289952312,-0.4877113665640146,0
19240,-0.3540451135558066,0.7746496423583329,0.7821532115895911,0.4117462858587014,2.742019243915943,1
19241,-0.7485843017514392,1.2651571362345415,1.1672198808230647,-1.453818790615801,0.5481688125042301,1
19243,0.7926356534700432,-1.5698378620252105,-0.4735595319665734,1.2355809312465669,-1.1682987543450687,0
19244,0.4971966163760267,-0.7260498743830812,-2.2602427376648646,-0.7313356433473216,-0.6678234479633021,0
19248,0.4104764625778768,-0.2526410656391819,1.1272491425521969,0.1007170637035637,-2.1986696548659235,0
19249,-0.6466807280245865,2.793512653385922,0.0472284140503734,-0.082359640974178,1.0253187988270536,1
19250,1.4618747452976115,-0.9495841383393934,0.0187367945533801,-0.0014179287675921,-1.4654389170728492,1
19252,0.3464718532714157,0.0313559771567978,0.7686549828315831,-0.2355349238064593,-1.576151391755585,1
19253,-1.2472256469347265,0.2554189636412133,1.2970166797924938,-0.4407820469353311,0.9219205042167002,0
19254,0.4615296246996794,1.188377982623046,-1.1335891198243124,-1.168136065955622,1.8022788399721712,0
19259,0.4100149950413785,-0.6729144742520906,0.1239984142869777,0.4820399055365014,1.407024595762492,1
19260,0.0896377912185004,-0.6074074295068566,-0.1495579501791825,0.466623515127661,-0.9301781788375016,0
19261,-0.7363584301473494,0.1252262665690854,-2.058273399567388,-0.1393492909597027,-0.4570089452911013,0
19266,-0.6715359470531975,0.9938628451404894,0.3275014111013833,0.5645642257260344,0.6735832137631702,1
19267,0.831590833269709,-0.4082483089014692,-1.1104353836566538,-0.7184863779779042,-0.4390740330023495,0
19268,-2.275247189615914,0.4582751932946723,0.8580660639670529,0.0884940341442359,-0.6869728162312674,0
19270,0.7977549690739908,1.3604376781724683,-0.0531692027184637,-0.102407009236302,0.1390802722589336,1
19271,-2.186092921160953,-0.6652390604695849,1.3883568826328685,0.0841440295011173,-0.1920688444124533,0
19272,0.0375151710049426,-0.7360278478365417,-1.2696467494162127,0.9007667706960312,-0.9722123930512484,0
19277,-0.3978120887013828,1.1756335071336168,1.0063011783885525,-0.2037201153093335,1.1942448307304767,1
19278,0.8339691269475198,0.0412084049770523,-2.6603376191365387,-1.5057807192944794,-0.4914230217460731,0
19282,-1.5569071883841892,0.569767750819123,-0.2461794160635,1.9046370350364183,0.6772754125206053,1
19283,0.0456298573959583,0.396870200985411,0.0674863683332938,-1.610403835744253,-0.1110757129732155,0
19286,-0.079716105541186,0.4880248916824415,0.1172444134700021,-0.8167158547528262,-1.196973387753138,1
19289,0.3823254606085777,-0.722745672678642,0.3437679963694066,0.3283009481178707,-0.1147542976900099,0
19290,-0.4947560096480303,-1.1717522231537734,0.1624616694290101,0.1972458741256959,-1.510247139179056,0
19291,1.9032516798423853,-1.4761562003344095,-0.7171421650570252,0.2060845331838219,0.339415415316171,1
19293,-1.1241717492634742,0.0224182114059215,-0.2059027287325633,0.3319541020293747,-0.3222271428420928,0
19295,-0.4448274178553639,-1.5344996611145325,0.3295012792791437,0.3991254734547219,0.5099850316687214,0
19296,-0.441883235407777,-1.210784495570031,-0.8605968286701924,0.1773006019156431,1.0592867522752627,0
19297,-1.6280183294609625,1.569420486384172,-2.1574770704318973,1.7911943071999497,-1.084794100061622,0
19300,-0.4836758701296883,-1.3380279098166867,0.9077531808216184,1.072242410377532,0.6724224711158566,1
19311,0.9320708074417956,-0.3993847852491637,0.7635861162194049,0.9563132068231008,-0.7743591981054931,1
19320,0.299336900453526,1.5091211688184316,0.2447536195011498,0.4777271628625661,-0.9476565156114006,1
19327,1.2099888078174252,-1.3817940433069449,0.3070991585112606,-1.020974740776344,0.3994512510415705,0
19330,2.0759989689148823,-0.6187447701534398,-0.41058919707402,-0.7441831555623991,0.1595662895479121,1
19337,1.642357682449967,0.6861471369997485,1.1477628346608482,0.1085262922238339,-0.8788122905672568,1
19338,-1.2382118646093732,-0.3891846741493199,-1.7360772477895183,-0.3472015293653016,-0.3226961111439068,0
19343,-0.3536856272255367,0.1625281099091032,-1.5000575277532513,-0.3250273259562453,0.2868904881001011,1
19347,0.4354769333189796,0.7035858863455817,-1.5150455563686744,0.5432744309943766,-1.052151999375282,1
19357,-2.1795091098216237,0.420200648590719,1.163290646541132,-0.2129488986565688,0.552401249020619,0
19358,1.8978446972103828,1.39498688951301,0.4897945306188926,0.3401113780169891,-0.0356550775110648,1
19364,0.5596609771354235,-0.5599560196923805,-1.6374206725363276,0.9630381779392894,-0.929539276756766,0
19368,1.1870585507518123,0.7081253762279636,-0.1516542735402132,0.5129811361046909,0.8790554076803824,1
19370,3.3452210617507907,0.2629329569025313,-1.7199976507439103,-0.10039342137678,0.0755290270140615,1
19371,-0.0828674817946954,1.3031499231123262,-0.4845241120634228,0.450884788588356,0.3984804684275427,0
19373,0.5053541679661628,-0.9990071767728972,-1.077723933604228,-0.3540871012295165,1.1151852483801343,0
19374,0.4249623847448489,1.045448782543374,1.1239646230885183,0.7477397542131744,-0.0357455694272547,1
19376,1.7777228520134656,0.5307454319852318,0.4717130120893485,-0.4167963571533112,0.2835742868469966,1
19377,0.1992995194826238,0.4117623111050065,-1.1476430703431328,2.4137912614832695,0.017265366374961,1
19378,-1.0028060997959662,-0.703959832233486,-1.1068288064444494,-0.2540366103187694,-0.321809524977608,0
19383,-0.1241321434106572,0.8363236999323077,-0.1117460831185068,0.8745406178735164,-0.7425001058404457,1
19386,1.0974217158554818,0.9431088053967231,-1.6958228293189568,0.2504660569494366,2.509089765393128,1
19390,-0.7076543419752389,1.3275716440091494,0.4586802194089195,0.229811594691228,1.6573705717391547,0
19393,0.908379829705836,-1.0643673355803729,0.8355491933945083,-0.2963084306196184,0.2790064875087095,1
19394,-1.29526602237152,-2.0572521466673783,-0.3054143119001616,-1.00602981116936,-0.197528486484468,0
19396,1.3356106831551366,0.1003960720497965,-1.2616817208790088,1.0165854655612256,0.2833409646135134,1
19399,0.8205313973914602,1.3923598577002068,0.179799319001763,-1.5781686479979553,0.1228852670460136,1
19400,0.4196961904250068,-1.0395872857930355,1.551903132165659,0.5575211552724744,-0.9933098650340796,0
19401,0.577328052418913,0.5577455857766418,-0.6263953604525359,-1.2844770080271517,-0.2907633220192329,0
19402,-0.6428725491875897,0.2699982662115925,-0.2827340857107532,0.5070469310422914,0.2399120049047014,1
19405,1.0434029947855916,-0.8194867301820398,-1.478432565795751,1.505393846462038,-0.4868243594519398,0
19408,0.1928008232175583,0.1278426501479032,-0.3128986429311254,0.4678763774273306,1.4909351956587185,0
19412,-1.1269289087814154,0.2845498225752614,-1.339184498006789,-1.5318964634284744,0.7135145583969401,0
19414,0.7341199933799732,-0.4212045009411953,0.6110941508740187,-0.277408747925723,0.0975482613901695,1
19416,1.1232945692030094,0.6688300221941558,1.7425792475285409,0.2950839549431656,-0.5613870140261107,1
19418,0.540163376572206,-0.4319112367905098,1.0578177110403928,0.4887399742553564,1.894634063396203,1
19424,0.307974764205321,-0.6823006945461418,1.061236632831141,0.4286603585132361,0.1376836599831052,0
19425,1.3836477963615363,0.0443730092845343,-1.4872582720999554,0.0340762380981856,-0.3060260859680238,0
19426,-0.0553840809293916,0.4687634481498021,0.6708278456791554,-1.1127897594152911,-0.009150904708782,1
19429,0.1711021388931713,-0.6445632306865644,-0.0511701821791368,0.6978369761941331,0.9066726983306196,1
19430,1.248523267982063,-1.5826095585865785,-0.9123747803453208,-0.6077017011170915,-0.788668522911073,0
19431,0.3893894378638664,0.7588762581159036,-1.8938198264549329,-1.1294596503063632,-0.204984117864524,0
19433,-0.558463681787252,0.6821895321911897,-0.5156811390722288,-0.3103674155639219,0.5213887905377047,1
19435,-0.4018736877432182,-0.9651136487828764,0.7936514120635361,-0.4915921536108025,-0.2472535433426729,0
19436,-2.0327355758727323,-1.2239154161771062,1.1055152551955034,0.1384705957994882,1.0974514806080349,0
19438,-0.5029348701941084,-0.2955615844414753,-0.8142889499319307,0.5080966476183882,-0.9447945739142568,0
19439,1.6450199467400868,-1.671603960510272,-0.0455120814519104,-0.6225873488424559,0.2185227385264856,0
19440,-0.7990938047087368,0.1828446785959191,0.3662945590316212,0.5110349880410523,1.728078486929711,0
19445,0.1688846458727267,1.1833542360166909,0.6093640337233727,-0.8719802635001465,-0.0536344360055212,0
19446,0.9927493594996882,-0.0733854255697129,-1.6317074568109475,-0.7073949359559083,-3.2607045718689096,0
19447,0.2855092401536782,1.2947601471855388,1.4588809458324823,-0.0823244463871022,-0.9034375439995878,1
19448,-0.2331777134495491,0.1296805069113903,1.2275738444549698,0.3500761852934079,-1.6922376993136434,0
19450,-0.1344872638740461,-0.0778107887435112,-0.0069499210804665,0.8114592615107572,-0.6871877519739269,0
19451,0.6644108956359503,-0.2773187537233514,0.1185931935024416,-1.4102645734365309,1.0644832081308817,0
19453,-1.7893285729980657,0.1723662283638096,1.3675048745735945,-0.0585314039400687,-0.8323514427533159,1
19459,-1.0852893547394746,-1.2745812830956302,-0.5177555848164261,1.6263021472105232,1.150653589865006,0
19461,0.0585256722018992,-0.8989940474947871,-0.535391081587754,-0.8645112545807455,-0.635430090577694,0
19462,-3.29658474366791,0.0771914672083104,0.628489887115973,-0.8012132692579478,1.1213324300461058,0
19463,-0.867652244391607,-1.2195246548186645,1.0522568582562548,-0.5265664680955042,0.2350340095607119,0
19465,0.1862727824502484,0.116948680712589,0.5171448731360251,-1.9842488072472588,1.5000980556602892,1
19468,-1.817901020157017,1.1045620515906038,-0.3766597256088949,1.0135934534980622,0.72695654185311,1
19469,-0.7395499293730314,1.165707476220331,-0.2342096255963358,-0.6715325515102686,-0.9920144725963298,0
19470,-0.8009485179329684,0.3703883933521311,-0.7366643447611108,0.4283446041894689,-0.5125071776028545,0
19471,0.9506968038732568,-0.3847178537443874,-0.1874767031917769,-0.1378651229788782,0.1834661813416921,0
19479,1.07027578181964,-1.0265656263218923,0.2733835862300613,0.6935441026921377,-0.0888618713531157,0
19481,0.8117790916264144,-0.5606405555519421,-0.9900507122161526,0.4200842198094492,-1.7429744667396605,1
19482,0.2019413997354573,-1.6981071001623476,-1.17273497223972,-0.3901410638940153,0.6970883334513543,0
19483,-2.050910932750051,0.7256418882689514,1.1797620054710796,0.2380603800492974,-0.1815620496264315,0
19491,-1.533655596718826,1.0286412753237824,-1.6588837765683742,-0.8230587754654226,-1.7493737155551512,0
19492,-0.1409523467185373,1.1367576739036194,-1.22379773841821,-0.5325194370956584,0.8010154977772828,1
19497,-0.9699521146893948,-0.4359212733044389,-0.1205723134639257,1.267613149520609,-1.408871155787718,0
19499,-1.404786569863642,-1.8178029083759413,-0.3929577280790566,0.3015110552538552,-0.9923444497653092,0
19502,0.1593075611324209,-1.2062040834223648,0.7691395390172197,-1.1302703805202925,1.6892338334024244,1
19503,0.9255234584929928,-0.6904729210241755,-1.0760261385515326,0.13194446114132,-1.4081081808015166,0
19504,-0.1831229613190238,-0.030714410898196,0.3656556483726935,0.9712084433644058,0.8366688620034927,0
19506,0.1329409209335784,-1.225012250238406,0.1070498971999606,-2.2656715154562894,-1.2236831653986535,0
19509,1.5142277328223286,-1.0174988197047878,0.7663081226793814,-0.515491831590999,-0.203978923993557,1
19510,-1.1636279252385222,0.372073449688893,0.566171460974399,-1.691930589726523,-0.8412671391967897,0
19518,-0.3723987389239124,0.8820173478223404,0.7235532547481397,-0.94074258413098,-1.41756532634716,0
19519,-0.1321265084796411,-0.4710091392794228,-0.4058943634523384,-0.2772046261057196,-0.2328336117084219,0
19520,0.967286778282478,0.8969142834491602,-0.4397180848910592,-0.38800861976982,0.7955793578806496,1
19526,-0.5293021167058276,-0.6181097458150471,0.4958095301903643,-1.1442827673153817,0.0669508356397743,0
19527,1.7122456451111452,-1.2359655533459044,-0.8625366241976425,0.1266924765840902,0.9164431477976542,1
19528,0.189504492814069,0.958449844079136,0.9442950759186062,-1.1336542957961426,-0.1416951160107737,1
19530,-0.7031278992982979,1.490394787698078,0.6433638328306797,-0.2967715891404404,-1.3725783867534642,0
19541,0.1779132639042582,0.0342984445800878,0.4721070521550858,0.2651090961938345,0.3972982886428085,0
19547,-1.6273266293178876,-0.6363088214847763,0.2338792214920385,-1.07244047246404,1.3303775214086813,0
19551,0.0826868978282822,-0.4575041576356511,0.9792991014746372,-0.020393013629201,-0.7707509481832283,0
19552,0.0064658915341854,-0.3090565469857206,-0.7773377059365929,-0.1682868341439162,-1.3479570498000566,0
19555,-0.8448324582814677,0.2191345129902189,-2.43671676795399,0.0206726186915452,0.5823427569260139,0
19556,-0.8029571738468138,0.968203653554674,1.403576881110532,0.5588494912721552,0.3701791624309973,1
19559,-0.2542658412772334,-0.353399656575642,0.3804365600462517,-0.8943773133780678,1.1612583179086662,1
19563,0.749606823830894,-1.3634432415292284,-1.8337372651483888,0.2124214561919001,0.2111742526274671,0
19565,-1.3719687145454358,-1.8682477413356553,0.0781209498578807,0.1907681353630078,1.70916112550164,0
19567,0.923291124020715,0.7766276061209142,1.06458783216217,-1.305675867363545,0.5578273128652078,1
19568,0.0094628646520853,2.3683870964585982,0.7195428165244541,0.0078573315914554,1.0286637325582435,1
19570,0.7040619005523874,-0.6193324606266629,0.1814398118300485,0.5114070612032156,-0.5626991845543756,1
19572,-1.2548472896365142,0.0561065026689155,-1.1115502374565345,1.299804338717268,-0.3221339575809916,0
19575,-0.0114464024749658,0.2528586102571405,0.9173482444622468,0.4331997037214123,0.1105238469765633,0
19577,1.1475692983606798,1.809378751576371,-0.5777636040472421,0.3215527346540843,0.8153515341676593,1
19581,0.3505062913954062,-1.0801225538137085,0.0798629712350682,-0.5290445501656825,0.9353180247440124,0
19582,0.2571239643519852,1.4870069438598212,1.4397935374207156,-0.3938806354364927,1.439917009957433,1
19583,-0.6127931392738324,1.338076435925,-1.1708732656944647,1.491114906936872,-0.7022567791300568,0
19584,-0.3350599724826459,-0.1694880697186749,-0.592904274402162,1.365305815812513,-1.703217050913923,0
19586,-0.3195633940213211,0.9092675165434784,-0.3782056567212603,0.2875696660599914,-0.1015277908609952,0
19587,2.008154875413985,0.1307545977263389,-0.8570718400901047,0.2406952761068287,0.6983645627081854,1
19588,-0.5396583165230706,1.29013130865142,-1.6185730195027863,-0.4260633225745374,0.0207793126808723,0
19590,0.6658186669183728,0.1306300338531199,-0.4988559645547097,0.2351628094142801,1.2663011049760735,1
19595,-0.2849755403342941,0.9709296313234094,0.4249986444721091,-0.975686405740364,-0.6020458154483992,1
19597,-1.0053118474270195,1.143529833820517,1.400020765344117,-1.873736185298669,0.755534575902634,0
19598,1.220446533600052,-0.767607860709669,-1.625012639486897,1.6420284812748889,-0.1870106500929295,1
19603,-0.8532352574207545,-1.4056599606577036,-0.0074118711223085,-0.840866992679112,-0.8135196312620033,0
19606,0.0502157081164788,1.1408798455827769,-0.2959142327416584,0.4757878263626793,0.1127966387512341,0
19607,1.75295364064616,-0.6114684067156292,-0.8106364849701778,0.055000733226905,-1.922483458322896,0
19608,0.0772468503180662,-2.4437419783426075,-0.8700545315197842,-0.0023243880940347,-1.6455984569523487,0
19613,1.0962630773978093,-1.1519009962790212,1.2161481091630555,-0.2584941648242771,0.7830878964595579,1
19615,0.1069622126399746,1.1755238828108945,-0.1782202387619699,-2.078220061940217,-0.4731380633756135,1
19618,-0.1573637732728442,0.3981856065057855,0.1908793046060322,0.982463502359054,-0.5103837755511796,0
19620,1.2714692236768603,1.2836888831553703,-1.0062797911751804,1.7160476177129385,0.7247140088260726,1
19622,-2.3209518946252885,-1.16395590594951,0.1574324159898174,-0.2136449887358308,1.4963853674405614,0
19623,-1.0684781612008465,0.3071469971700648,1.047312791891334,-1.3165098025800983,0.6112918240522129,0
19625,-0.3805732343635175,1.401204871897442,-0.0313527443802901,0.2431468172114302,1.9512794930373345,1
19627,-0.8972699791536853,-0.2863170131200329,0.9489403996827755,-0.5586469885654264,0.1676388508115211,0
19629,-1.3610925230137727,0.5262362315572382,0.6814494705332561,0.6457310863510265,0.6882168242852165,0
19631,-0.1587334983130274,-0.1243122407468759,-1.2082787651867024,-0.4770328441650693,1.2835361050816685,0
19632,-0.6374511487061688,1.8955670615774949,-0.1638680955483793,1.349162686522427,0.0103472905044673,1
19633,-2.3136538223488494,-0.7263805209383676,-0.7220006763227907,-0.6897530656842549,-1.2552475292922434,0
19634,-0.98707661949155,0.6098498031051486,2.627020815429865,0.2042188878712353,-0.3494465415740727,1
19635,-2.4716548863035093,1.979582688813124,1.0655498678056152,-0.4568260037521606,0.3103704442352461,0
19638,-0.3599214939284836,0.7939942604204687,0.7191624318466897,-0.6740793910692283,-0.8745487503545238,0
19641,0.4730321954790917,-0.3932161007041256,0.2820125453042146,0.1007796425433465,1.6411119172565172,1
19642,0.0352225666920128,0.4034871746840283,-0.6306493784631692,-0.6174133495995064,0.4608311416306379,1
19644,1.4439294722535143,-1.649557239600497,1.7923250021931658,0.0766631576227695,0.514119013188591,0
19647,1.1682804827390405,0.7320734300827357,-0.2358309949652791,0.8888075316628999,0.5000655451025207,1
19648,-1.4849671216606226,0.6569408367924071,-0.8551315754053317,0.1581199986238927,0.9405748921465352,0
19649,0.048822471527946,-0.0652030805843256,1.4215672441262657,0.1769942145803434,-0.2577296541096473,0
19651,0.4489944885107561,0.6891538563594459,-0.4228802953342857,1.6596787731479965,-0.8385117125459187,1
19654,-1.5186415456459148,-0.2841154290315011,0.2100517635233697,-0.529629608717384,1.240579532361377,0
19657,-0.5844490563043582,-0.6975981944164108,0.5056241392488652,-2.063945031202239,0.5189460094430676,0
19661,-1.8811141524038577,1.4514549052648646,0.1403760374789077,-1.0273643119294735,0.978753058506046,0
19662,-0.9022126750321624,1.294465179956357,-0.3810894897620612,1.07679288258586,0.742032692629553,0
19667,-1.7380418849796626,-0.9175320511911036,1.4656759759206257,0.2980769861229884,0.9948229761059812,0
19668,-1.3359358308541422,-0.2061777883037403,0.5973545219675367,-1.0077251859927607,-0.2238419900682413,0
19670,-1.1167861495774103,1.8789206826384337,-1.2870013104018394,1.2956200846463268,-1.9255951638775777,0
19671,-0.273078696937093,0.3770843015628451,-0.7301922514698419,-1.50388069896337,-0.8253733283567029,0
19672,-0.2508087725219559,0.1658815391805191,-0.1223864369603066,0.1238889057316169,0.3322526139598658,0
19676,0.2526348806193268,1.425319684498872,-0.4874521272207758,0.3323272563113301,0.0962703480666109,1
19678,0.4040812586197789,-0.6202180763624306,0.0276873570459996,0.0234891743093818,-0.5342681212237236,1
19680,-0.192940713684684,-1.0739532200111894,0.530339451363851,0.3233159978910439,0.5860669173346243,0
19682,-0.3362675279441243,-0.5293897703715882,0.0353387986765656,-1.509084681842745,0.8563656943139867,0
19685,-0.60764351551502,2.419915827881388,-1.1006737445567176,1.1891743876415,-1.716010563232349,1
19687,-1.1313749004248346,1.2949345648012651,-0.1547080317283393,1.47174633791504,1.1689532039023438,1
19691,-1.634819344796942,1.0656099651793065,1.565520959479899,-0.6886414889433639,-0.6132623056748365,0
19693,0.8037130708960171,0.2155163451022859,1.0119701566456003,0.6306855935989943,1.4086467743613542,1
19694,1.107464021134002,-1.0501059944071514,-0.2880906591064237,1.3367737418933852,0.4641047965402618,1
19696,-0.1536650085753543,1.5388623516910704,1.2162537914932392,-0.5248399585830242,0.8159253567909774,1
19698,1.2115649896314682,-0.0271024573091957,0.163176682323588,-0.2875947014944329,1.2672055712996653,1
19699,-1.4967140935886278,0.846788334626163,1.979375958667549,-0.802066959575006,-0.9662811179094988,1
19700,0.3884392884947789,0.6520451135376725,-1.2811552318292334,-0.3562120530638263,1.5195107501661091,1
19702,-0.752132315313782,-0.0493793208628695,2.3451207479862357,0.4249546613785218,1.459833632632065,1
19705,-0.9093448006419004,-0.0495027474284,-0.8258114390135918,0.9105036495194868,-1.8508460717234227,0
19708,-0.2538350938289491,-1.7344955062000105,1.7625632873955803,-0.2686972238722735,-1.9175963374028504,0
19710,1.177283204474317,-0.771656784995846,-0.3585791783287107,-0.2169542689561756,-1.2414479840151529,0
19714,-0.4184539506626894,0.5513709281549928,0.2201289892551028,-1.7327868660229682,-0.8612450448696378,0
19715,1.197364202560216,0.0313049896069134,-0.1670179851140413,-1.3923712702499087,0.6242665559315929,0
19718,-1.483284318395321,-1.0298622070550227,-0.8637654930461695,0.9938245800692276,-2.0518705404756443,0
19721,0.0692585122611983,0.5638827223576511,-0.0280387627311155,0.678604957588435,-1.3072472116803349,0
19722,0.645992421975224,-0.2630957664511992,-0.3069854922808735,-1.456455509812121,-1.649355571072881,0
19727,0.5939917081959536,-0.1592273342888557,0.347982668851014,0.5199457403855677,-0.1505997144576014,1
19729,-2.001475344675541,-1.2119862713456238,1.4649586674090451,-0.4497222327638112,0.1228416587076397,0
19730,0.3330856756468349,0.3786797844613638,-0.5839144118499747,-0.4256809858538769,2.0783807895428144,0
19731,-1.395641909358601,-0.763908683722427,-1.233735183133319,-0.2700238457721117,-0.9978866871939372,0
19735,0.9313818365485256,0.4657716473120731,-0.209653214644514,3.0843174792195645,-0.6629791409295467,1
19737,-0.0614941406653113,0.2555547149403861,-0.0544756152846574,-0.5738317508878,0.6240780019740375,0
19738,0.011979616525875,0.8309587593710276,0.1006525930436894,-1.5597303750367,0.4463612530386934,0
19739,0.9359585212956268,0.3577677879519116,-1.619979154302268,0.2556365224197887,-0.4997201471035835,0
19740,0.0313734461072995,0.4685525496362154,-0.2693955438359732,0.6072904561490987,0.4566523812638057,1
19741,0.3307727925554658,-0.38136361873138,0.9752291435884296,1.45092262766948,-0.0307412173349609,1
19742,-0.4954447671648142,-0.4156597678533031,0.7834100142267756,0.0923487357064695,-0.244875469461103,0
19743,-0.7450404842017527,0.3863136182550613,0.6083483552607504,-0.0786270226078031,0.2689119785618701,0
19744,0.4920814716241476,0.9161673112037326,-0.8822116324027982,-0.7194964392201012,-0.4081047260880791,0
19745,0.0231775524342396,-0.47019211088028,-0.2874830465299662,0.7129948189131489,-1.453956841914312,0
19747,-0.8447091428611655,-0.5003512481564192,-2.581113842502157,0.0441267676800522,-0.6858090252130423,0
19750,0.182043633019083,0.7492823913416611,0.5235516700493538,0.6706804386618334,-0.8154307649483147,1
19752,0.609703579126177,0.6132426564181003,-0.0500261841750799,1.312900676209505,-0.1588091618773254,1
19755,0.2211687710416418,0.7192966350799761,-0.1660611525727313,1.53165669485615,0.2097054999220663,0
19756,-0.375457917047594,-0.5776149600666921,-0.8798413336506744,0.9985287933392262,-0.2241555649598169,0
19760,1.2264117617871082,1.0091072454864314,-0.1021206955938326,-0.97855601003412,0.2169654853918718,0
19765,-1.231433850080606,-0.8539050991069607,-0.1643075133556274,-0.2633918106535095,0.8055475780067826,0
19766,0.7387801460334255,-2.0511920469195677,-1.0614727054551254,-0.1699133748620301,-0.5874496926413812,0
19767,0.3490454659019167,0.3960682885798449,-2.2587208511341923,-0.3233011154667751,-0.8618078057822899,0
19772,-0.8105516771991127,0.1361891697209089,-0.0154657630972602,-1.3678188411437844,-0.568245162008026,0
19774,0.2718257479649124,-0.2573906101162148,1.4382676982797975,-0.4459605991638109,-0.3031577756143516,1
19778,-1.4960613798318492,0.2334398929865087,0.6513889657406853,-0.910597963783168,1.7118937734768858,0
19779,-0.316671596366568,1.0737737960478202,-0.9827753994421948,0.8263081117788621,1.3748049115414334,0
19786,-0.3058828728945064,0.1363616913920242,0.9226202353654336,-0.723803029883565,-1.5863046489277186,0
19787,-0.4909379242604612,-0.3255214023877424,-0.1317422721741744,2.2626252535978972,-0.7268611967533624,1
19788,-0.1655382274755826,-0.8625750669574723,0.2355954432210033,0.5223784158028817,0.7470022775859723,0
19789,0.2520304760000026,0.094374525230147,-2.4248885522118173,0.7160483120524036,1.3755517338282663,0
19790,-0.7825874459091169,-0.8664018612395178,-1.0947208345084756,0.6190358242667446,-1.128972137945478,0
19791,-0.1252106445105514,-1.486503220536495,0.4154777529501472,-0.4341176892496875,0.2133549046946696,0
19792,-0.8554356735305717,-0.7127707686345998,-0.5730119226360159,-0.850360150848431,-0.8999219203891367,0
19794,1.477698924461516,-0.7082084432337932,0.2098682703527054,0.2107415185733566,-0.6412442054144406,1
19795,-1.3012419885983595,2.4497128994112076,0.3432804657638195,0.0305981603102022,0.326319596526569,1
19799,0.8166750454587309,0.4289260229691748,-0.445299445055747,-0.2010859404686302,0.6464840831428299,1
19803,0.3459829794585762,-1.436437104311913,1.1475598747196505,1.1936210754322412,-0.4823015030538769,0
19805,1.6123059369339503,0.115193839981152,1.2230306214685318,-0.2037245039373103,-0.7217995138509948,1
19807,-2.1597751407128265,-0.3856284658241863,0.1037762364224191,-0.0229712662555741,-0.3108535459059587,0
19808,0.0669281601081193,-0.6722733186216167,0.4694611954460966,-0.4742261870865326,0.7903641674598243,1
19809,-1.4162958464834678,0.0557346860612944,0.4589123513659111,1.2159532486723792,-0.567013024544557,0
19810,1.136470028701213,0.4018955624408791,1.6920939116307947,-1.5068202560271915,0.1985645093400018,1
19814,0.396531989139787,-0.957654341271956,-0.6031241139688797,-0.707378988817284,-0.2884017603486971,0
19821,-0.5336591856017638,1.1029986549116624,0.8261937537765286,-0.5010737523334144,-0.0788869574389811,0
19822,0.2821036098827828,0.7177800998698478,-0.3769861361123062,0.2895896306116359,1.4281985748784194,1
19823,-0.1467957487291686,0.1388249369767234,0.6092910716819233,-0.5710592828632411,-0.8844712156823785,0
19824,0.3941445153998717,0.581896834652987,-0.0815951753719311,-0.6365794852915445,-0.4655828327902685,0
19825,0.2603877654750636,-1.176560881777189,1.0467837266662183,1.5650182121931075,-1.5007792668140634,0
19829,0.6757470422229513,-1.3574932312634884,-0.9894339870797064,-1.173262138568208,0.4664305976073452,0
19831,-0.3371918692063911,0.1931561239283075,0.7593932270003427,-0.5093799366574318,-0.9990819189814684,0
19833,0.2020782139124801,-0.5731948732712043,0.8073066162190702,-0.7854518431399782,0.6648713622746238,1
19834,-0.4520939865783595,-1.192322630392656,0.7111283020418536,1.5779596806258973,-0.4003898771823186,0
19835,0.993709185175684,-1.9829746846329783,-1.369788509418031,-0.9887662284167028,-0.1777956304164445,0
19836,0.4626066886319461,-1.240795671373356,-0.9561665540007116,0.7880672615762777,-0.8760069243567354,0
19838,0.1842878299183534,0.0931128586139329,1.0970122091675565,-2.2152167328568564,-0.3728241970810096,1
19842,0.5253800999253829,-0.3916798790701258,1.3135866244504262,0.0819025009946646,0.1234613707442711,1
19856,-0.8494013221850405,1.6039759105123537,-0.1781321506714471,0.0845483800387209,1.1015217755781015,0
19861,1.8207569863443525,1.5727774537378971,0.7582280318647587,0.4275183881959015,-0.8578931357926354,1
19862,-1.3416344101802355,-0.4469348615144247,1.531227058678301,1.7862034553531922,-1.6091226518151789,1
19863,1.349540319508912,1.8270590970919312,1.248579694508315,-0.4531948858184291,0.8212284040023482,1
19864,-1.5418563434771373,-1.401960095085173,2.501290563007224,-0.4539562149950807,-1.137947319101425,0
19866,0.5030700756313001,0.6842869342674063,0.5185791979517538,-0.9363841976587756,-0.2174225407795399,1
19873,-1.4176888380214492,0.1678384971328492,-1.131849794047687,0.6033914588120571,0.6886594455281455,0
19874,2.171988885795067,1.4383278857225898,0.3068415627990608,-0.2213006409479296,0.917060911808786,1
19878,-1.297034408678398,-0.2256554741866176,-0.1838538265111815,0.9825534758507528,1.3360707753706178,0
19886,0.9544378198558466,-0.708552478790203,1.487421935501327,0.763378525906705,-0.3379330493057566,1
19887,-0.2331279320459207,0.1134628408996769,-0.4286061479003291,-1.7414816773526085,-0.982437428622806,0
19888,-0.9857194083881544,-0.1994391148956377,-1.2202500440913713,0.8274717675212813,0.1264556006182916,0
19891,-0.0417204275241116,-0.3820029437718377,0.1969477792953146,-0.0829930411192592,-0.7626548084835497,0
19892,-0.435891909942687,0.2122135706254128,-1.2189023633273262,0.2930815472085649,-3.2145897301528112,0
19900,0.7264284854541083,-1.18665589048524,-1.1476898699085578,-1.3060006026626156,0.7849302442676328,0
19902,-0.3491187202143568,0.433717662489291,-0.0731694790550401,-1.559672573467415,1.368093118624865,0
19903,0.3161137180524019,-0.1908161550643382,-0.7572911051303373,-0.7081296716418344,-1.4461026049869552,0
19904,-1.1236045351880075,-0.9377505055370454,-0.555303950186254,1.3221056109397964,0.5964724862034309,0
19907,0.0820371057070522,-0.93168041401743,-2.020438456701169,0.4417981805328007,-0.2096605135833065,0
19909,-0.1373224072690849,0.9242425566932114,0.0905090311149559,-0.3822811905377566,1.2457546371268222,0
19911,-0.2387279364379375,0.0596537227862111,-0.2639979725345927,0.5036019623691221,-0.4676756497481452,1
19912,-1.89818481905231,0.7467876703666912,-0.0829345561512809,0.6971532444564831,0.6255233470845201,1
19914,1.247909750833623,0.5112654344231665,0.1481113917132634,-1.214451873025746,-0.7055675813913668,1
19918,-1.5634357079199612,0.6291337323454028,-0.4420813741415645,-0.5824105443263338,-1.9180706658171165,0
19919,0.3209209642791701,2.393521026511732,-0.5716994097507161,-0.0482627072537563,1.57902099271973,1
19921,-1.7883885077096486,-0.3708385060028951,-1.9970759566812455,1.3100545108898485,0.0418837873250126,0
19922,0.6192523204157301,-0.3465116396608962,-0.592541177474618,-0.0839002685487323,1.948008752372769,1
19924,0.6153269129756196,0.3256640370959475,-1.976177719096176,0.4477565928279916,0.7194028377649476,1
19926,0.967753433359603,1.7220249559583811,1.266100720740467,0.2742040338298742,-0.0738316937088602,1
19939,-0.0500012190267768,1.4108931775967857,-0.839133691754772,1.1853674173238586,-1.0000356278993183,0
19941,0.1339307002724807,1.1259369864683406,0.3893777733744645,-0.8607061902256281,1.445854755725466,1
19944,0.787352583243783,0.7644655044958233,-0.6605494726400319,-0.1154097686921297,-2.2482016654976804,1
19946,-1.2101765667947992,1.502562954023088,-1.5196270200611477,-0.2653368345256074,-2.279838768667647,1
19947,-0.7566457187719642,0.2411304191364262,0.3144069060397477,-0.2412101187245611,-0.5034585524663501,0
19948,2.360224319696417,-0.0827378275489705,2.8342285444728144,1.5332025738515096,-0.6692909037524243,1
19950,-2.48229215461684,-1.1328746924857156,-0.2394188315502858,-0.5158635344234102,-0.7193511250739829,0
19953,0.7424219371072573,-1.6218381447785426,-0.8949450033756249,-0.6512086538112462,-1.0804537264041651,0
19961,-0.547944581312219,-0.9244604511457776,-0.2170916924715464,-0.8620946834256377,-1.409415183240796,0
19962,0.1803596432228203,-0.8048818178229132,-0.5256109609650369,0.0143883201999576,-2.070458124763283,0
19963,-1.532205893609,0.1310539482572243,-1.1637277833640736,0.0482262378362979,-0.7340837432316539,0
19964,0.279187225995796,-1.6008642424650494,-0.8298371581420929,1.6039273970643315,0.3685857329866922,1
19966,-0.6517352407644362,1.308844314072984,-0.2277217480860412,-1.3924733743050175,-0.681820064221962,0
19970,-0.7812951508937224,-0.3002624560114553,1.1801470484755558,-1.7556934526710184,-0.201590840611354,1
19971,1.4610123533246615,0.3761904309427321,-1.2602178702858648,0.1484326669588398,-0.0798310053629832,0
19972,1.213517933475886,0.6902246882486034,0.2346057427114705,0.5134857334483129,-0.008175695635546,1
19973,-0.8172018230057543,0.6696821658828362,-0.7265376972943833,0.3065512934651891,0.6451732169684855,0
19975,-0.2387821301479758,-0.3313577682382173,-0.7298348682253738,-0.1312448509639701,1.2303864765998187,0
19977,-0.0322489888646356,-0.3992145020572409,-0.0133502965436208,0.4234607373598078,0.2868828889513927,0
19980,-0.181039619216294,0.6885361494467888,0.0124424544814289,0.4588743835255341,0.0281043907616704,0
19981,1.623591029860994,-0.5199883128442813,2.2457019132923546,-0.6399624607195397,0.6966111260550405,1
19985,-0.8242890249182534,-0.5063225978314603,-1.1186868384882005,0.7565439112239658,-1.347122039334796,0
19986,-0.3346794973934492,0.5087138100738134,0.5853458753394777,-1.1593138594519936,0.7642200087955064,0
19988,2.475697038295386,-1.7235780086540715,0.4090156915125437,0.7252715282782751,0.2955219472909628,1
19989,1.0111700317175722,0.9584638486277252,0.3580320026778788,-0.1000876949419831,-2.0579587905969903,1
19991,2.3183129489947727,0.9620159855708952,0.3656771223829473,-1.2363549069568904,1.6055933325154177,1
19994,-0.1594878672884509,0.7647187573759615,-0.1428408471205652,-0.9045974655085582,-0.0470166457250833,1
19996,0.0506833129692671,0.4158529202826117,0.1746829792143385,0.4909431932157394,0.6117671767138678,0
19997,0.6328065128569875,1.162717402089884,-1.6060248322574702,0.7858476122852894,-0.2185797346238116,1
19998,-0.4753840448435147,-1.9336156797216384,-1.585887611610329,-0.502372623743675,-0.8309297131094763,0
